frame,gazeStartPos,
0,"[4.365086,1.703154,3.982995]",
1,"[4.366543,1.702985,3.982994]",
2,"[4.36798,1.703116,3.982995]",
3,"[4.36897,1.703245,3.982995]",
4,"[4.369857,1.703397,3.982995]",
5,"[4.370779,1.703657,3.982996]",
6,"[4.370911,1.703771,3.982996]",
7,"[4.370962,1.704041,3.982996]",
8,"[4.371028,1.704161,3.982997]",
9,"[4.371058,1.704263,3.982997]",
10,"[4.370994,1.704427,3.982997]",
11,"[4.370894,1.704478,3.982997]",
12,"[4.370924,1.704929,3.982998]",
13,"[4.37095,1.705501,3.983]",
14,"[4.37106,1.70847,3.983006]",
15,"[4.371202,1.710171,3.983009]",
16,"[4.371592,1.711559,3.983012]",
17,"[4.371941,1.712054,3.983013]",
18,"[4.372722,1.712839,3.983015]",
19,"[4.372995,1.712936,3.983015]",
20,"[4.373142,1.712826,3.983015]",
21,"[4.373301,1.712667,3.983015]",
22,"[4.373111,1.712613,3.983014]",
23,"[4.372354,1.712681,3.983015]",
24,"[4.371858,1.712662,3.983015]",
25,"[4.365801,1.753587,3.9831]",
26,"[4.36459,1.763577,3.983121]",
27,"[4.36209,1.776154,3.983147]",
28,"[4.360796,1.781297,3.983158]",
29,"[4.359969,1.785353,3.983167]",
30,"[4.35858,1.791876,3.98318]",
31,"[4.357935,1.794835,3.983186]",
32,"[4.357266,1.79974,3.983197]",
33,"[4.357188,1.80071,3.983199]",
34,"[4.357171,1.802796,3.983203]",
35,"[4.357003,1.80329,3.983204]",
36,"[4.356888,1.803694,3.983205]",
37,"[4.356619,1.803792,3.983205]",
38,"[4.356507,1.803829,3.983205]",
39,"[4.355879,1.803589,3.983205]",
40,"[4.355213,1.803425,3.983205]",
41,"[4.353935,1.802874,3.983203]",
42,"[4.353338,1.802482,3.983203]",
43,"[4.352442,1.801747,3.983201]",
44,"[4.352099,1.801422,3.9832]",
45,"[4.356351,1.76318,3.98312]",
46,"[4.359333,1.734877,3.983061]",
47,"[4.359783,1.726484,3.983043]",
48,"[4.359409,1.716237,3.983022]",
49,"[4.358833,1.712305,3.983014]",
50,"[4.355744,1.703949,3.982996]",
51,"[4.354097,1.700184,3.982988]",
52,"[4.352734,1.697386,3.982982]",
53,"[4.350063,1.692621,3.982973]",
54,"[4.34788,1.6896,3.982966]",
55,"[4.346038,1.685784,3.982958]",
56,"[4.345868,1.683908,3.982954]",
57,"[4.345776,1.680624,3.982947]",
58,"[4.345907,1.679026,3.982944]",
59,"[4.346638,1.675352,3.982936]",
60,"[4.347476,1.67274,3.982931]",
61,"[4.348594,1.669988,3.982925]",
62,"[4.352829,1.66703,3.982919]",
63,"[4.355647,1.665549,3.982916]",
64,"[4.362327,1.663455,3.982911]",
65,"[4.366731,1.664311,3.982913]",
66,"[4.377092,1.669948,3.982925]",
67,"[4.382061,1.673835,3.982933]",
68,"[4.398419,1.721449,3.983033]",
69,"[4.404731,1.74168,3.983075]",
70,"[4.4053,1.752224,3.983097]",
71,"[4.406963,1.764197,3.983122]",
72,"[4.408109,1.768741,3.983132]",
73,"[4.409396,1.774439,3.983144]",
74,"[4.40982,1.776673,3.983149]",
75,"[4.409494,1.778112,3.983151]",
76,"[4.409112,1.778574,3.983153]",
77,"[4.408134,1.779101,3.983154]",
78,"[4.40597,1.78027,3.983156]",
79,"[4.404796,1.780915,3.983157]",
80,"[4.402812,1.782371,3.98316]",
81,"[4.401896,1.783346,3.983162]",
82,"[4.400365,1.78593,3.983168]",
83,"[4.399785,1.787211,3.983171]",
84,"[4.399005,1.789739,3.983176]",
85,"[4.39876,1.790475,3.983177]",
86,"[4.398655,1.791356,3.983179]",
87,"[4.398866,1.793059,3.983183]",
88,"[4.399092,1.79367,3.983184]",
89,"[4.418054,1.795555,3.983188]",
90,"[4.426079,1.795752,3.983189]",
91,"[4.436154,1.79483,3.983186]",
92,"[4.439386,1.793902,3.983185]",
93,"[4.442118,1.792964,3.983183]",
94,"[4.443719,1.790912,3.983178]",
95,"[4.443767,1.789523,3.983176]",
96,"[4.442832,1.787122,3.983171]",
97,"[4.441991,1.786407,3.983169]",
98,"[4.439381,1.786133,3.983168]",
99,"[4.43775,1.78638,3.983169]",
100,"[4.434391,1.786716,3.98317]",
101,"[4.432467,1.786893,3.98317]",
102,"[4.431796,1.786951,3.98317]",
103,"[4.43045,1.786951,3.98317]",
104,"[4.429798,1.786913,3.98317]",
105,"[4.429076,1.786847,3.98317]",
106,"[4.429059,1.786892,3.98317]",
107,"[4.432694,1.787004,3.98317]",
108,"[4.432871,1.787279,3.983171]",
109,"[4.433339,1.788006,3.983172]",
110,"[4.41701,1.787841,3.983172]",
111,"[4.407395,1.787472,3.983171]",
112,"[4.396111,1.787901,3.983172]",
113,"[4.393063,1.788811,3.983174]",
114,"[4.390357,1.790904,3.983178]",
115,"[4.390161,1.792347,3.983181]",
116,"[4.398116,1.799986,3.983197]",
117,"[4.406411,1.805853,3.98321]",
118,"[4.414877,1.811365,3.983221]",
119,"[4.561753,1.840267,3.983282]",
120,"[4.582055,1.842425,3.983286]",
121,"[4.607642,1.843001,3.983287]",
122,"[4.615644,1.841326,3.983284]",
123,"[4.626114,1.837912,3.983277]",
124,"[4.628504,1.836319,3.983274]",
125,"[4.630678,1.834789,3.98327]",
126,"[4.636662,1.834536,3.98327]",
127,"[4.64153,1.835079,3.983271]",
128,"[4.642337,1.840237,3.983282]",
129,"[4.643101,1.844536,3.983291]",
130,"[4.644883,1.851074,3.983304]",
131,"[4.645974,1.853781,3.98331]",
132,"[4.647252,1.857402,3.983318]",
133,"[4.647715,1.858475,3.98332]",
134,"[4.649444,1.860407,3.983324]",
135,"[4.65397,1.860362,3.983324]",
136,"[4.658256,1.860343,3.983324]",
137,"[4.658161,1.860605,3.983324]",
138,"[4.658187,1.860748,3.983325]",
139,"[4.65795,1.860987,3.983325]",
140,"[4.657554,1.861141,3.983325]",
141,"[4.656334,1.860984,3.983325]",
142,"[4.655512,1.860836,3.983325]",
143,"[4.654273,1.860714,3.983325]",
144,"[4.65383,1.860702,3.983325]",
145,"[4.653831,1.860702,3.983325]",
146,"[4.653845,1.860777,3.983325]",
147,"[4.694337,1.865518,3.983335]",
148,"[4.723219,1.86966,3.983343]",
149,"[4.731507,1.871137,3.983346]",
150,"[4.743196,1.873083,3.983351]",
151,"[4.747692,1.873713,3.983352]",
152,"[4.751269,1.874174,3.983353]",
153,"[4.75732,1.874532,3.983354]",
154,"[4.760421,1.874365,3.983353]",
155,"[4.766467,1.873499,3.983351]",
156,"[4.769536,1.872927,3.98335]",
157,"[4.776811,1.872555,3.983349]",
158,"[4.781164,1.872281,3.983349]",
159,"[4.785235,1.871863,3.983348]",
160,"[4.790455,1.871078,3.983346]",
161,"[4.79255,1.870587,3.983345]",
162,"[4.795353,1.869282,3.983342]",
163,"[4.797997,1.868099,3.98334]",
164,"[4.802927,1.866268,3.983336]",
165,"[4.804731,1.865449,3.983335]",
166,"[4.809315,1.863142,3.98333]",
167,"[4.812586,1.861372,3.983326]",
168,"[4.816375,1.859175,3.983321]",
169,"[4.856392,1.85506,3.983313]",
170,"[4.869828,1.854348,3.983311]",
171,"[4.890147,1.854417,3.983311]",
172,"[4.896136,1.854861,3.983312]",
173,"[4.906337,1.856195,3.983315]",
174,"[4.910646,1.857451,3.983318]",
175,"[4.914067,1.860894,3.983325]",
176,"[4.915776,1.863267,3.98333]",
177,"[4.914413,1.864915,3.983333]",
178,"[4.908461,1.868683,3.983341]",
179,"[4.903618,1.87029,3.983345]",
180,"[4.7808,1.814694,3.983228]",
181,"[4.75428,1.801602,3.983201]",
182,"[4.705311,1.769222,3.983133]",
183,"[4.692521,1.759369,3.983112]",
184,"[4.675125,1.744337,3.983081]",
185,"[4.669796,1.739314,3.98307]",
186,"[4.665125,1.734981,3.983061]",
187,"[4.661779,1.730786,3.983052]",
188,"[4.660305,1.729269,3.983049]",
189,"[4.658534,1.727733,3.983046]",
190,"[4.657627,1.726513,3.983043]",
191,"[4.638611,1.69318,3.982974]",
192,"[4.629253,1.676025,3.982938]",
193,"[4.623523,1.665035,3.982915]",
194,"[4.609776,1.621144,3.982823]",
195,"[4.603699,1.608639,3.982797]",
196,"[4.596487,1.594819,3.982768]",
197,"[4.593402,1.590884,3.982759]",
198,"[4.589389,1.587112,3.982752]",
199,"[4.588086,1.586536,3.98275]",
200,"[4.586215,1.586832,3.982751]",
201,"[4.585516,1.587325,3.982752]",
202,"[4.620745,1.640383,3.982863]",
203,"[4.658547,1.699474,3.982987]",
204,"[4.670247,1.717807,3.983025]",
205,"[4.684462,1.736448,3.983064]",
206,"[4.689744,1.741724,3.983075]",
207,"[4.697718,1.749135,3.983091]",
208,"[4.69982,1.751782,3.983096]",
209,"[4.702109,1.75462,3.983102]",
210,"[4.706307,1.759623,3.983113]",
211,"[4.70827,1.761734,3.983117]",
212,"[4.71047,1.76449,3.983123]",
213,"[4.711903,1.766487,3.983127]",
214,"[4.715171,1.771785,3.983138]",
215,"[4.721923,1.794029,3.983185]",
216,"[4.72856,1.815696,3.98323]",
217,"[4.73107,1.824458,3.983249]",
218,"[4.732833,1.831641,3.983264]",
219,"[4.733826,1.83933,3.98328]",
220,"[4.733797,1.841556,3.983284]",
221,"[4.733538,1.846015,3.983294]",
222,"[4.733102,1.84708,3.983296]",
223,"[4.732292,1.848536,3.983299]",
224,"[4.731865,1.849036,3.9833]",
225,"[4.731189,1.848969,3.9833]",
226,"[4.730807,1.849003,3.9833]",
227,"[4.724372,1.847463,3.983297]",
228,"[4.712118,1.844007,3.983289]",
229,"[4.706588,1.842168,3.983286]",
230,"[4.69655,1.839472,3.98328]",
231,"[4.692048,1.838658,3.983278]",
232,"[4.685393,1.836952,3.983275]",
233,"[4.682635,1.836438,3.983274]",
234,"[4.678636,1.835735,3.983272]",
235,"[4.676887,1.835546,3.983272]",
236,"[4.675412,1.835456,3.983272]",
237,"[4.67282,1.83548,3.983272]",
238,"[4.671711,1.835528,3.983272]",
239,"[4.670177,1.836069,3.983273]",
240,"[4.670295,1.836849,3.983274]",
241,"[4.670629,1.838446,3.983278]",
242,"[4.670797,1.839391,3.98328]",
243,"[4.671454,1.84272,3.983287]",
244,"[4.671936,1.844969,3.983292]",
245,"[4.747701,1.866477,3.983337]",
246,"[4.790525,1.881598,3.983368]",
247,"[4.803364,1.886969,3.98338]",
248,"[4.819127,1.894868,3.983396]",
249,"[4.825155,1.898384,3.983403]",
250,"[4.830286,1.900889,3.983409]",
251,"[4.832908,1.902476,3.983412]",
252,"[4.835309,1.903948,3.983415]",
253,"[4.839593,1.906596,3.983421]",
254,"[4.841656,1.907982,3.983423]",
255,"[4.84421,1.909858,3.983428]",
256,"[4.844831,1.910167,3.983428]",
257,"[4.845634,1.910035,3.983428]",
258,"[4.845827,1.909998,3.983428]",
259,"[4.846165,1.910158,3.983428]",
260,"[4.845922,1.910038,3.983428]",
261,"[4.845623,1.910004,3.983428]",
262,"[4.844759,1.90959,3.983427]",
263,"[4.844261,1.909551,3.983427]",
264,"[4.843229,1.909527,3.983427]",
265,"[4.842866,1.908922,3.983426]",
266,"[4.842006,1.907936,3.983423]",
267,"[4.841463,1.907479,3.983423]",
268,"[4.782583,1.893057,3.983392]",
269,"[4.759686,1.887879,3.983382]",
270,"[4.740969,1.878524,3.983362]",
271,"[4.722649,1.869491,3.983343]",
272,"[4.714346,1.865548,3.983335]",
273,"[4.703806,1.860646,3.983325]",
274,"[4.700013,1.858799,3.98332]",
275,"[4.695732,1.85532,3.983313]",
276,"[4.693878,1.853774,3.98331]",
277,"[4.692223,1.852405,3.983307]",
278,"[4.687654,1.849917,3.983302]",
279,"[4.684741,1.84863,3.983299]",
280,"[4.677371,1.844045,3.98329]",
281,"[4.673515,1.841372,3.983284]",
282,"[4.666397,1.835708,3.983272]",
283,"[4.663998,1.83406,3.983269]",
284,"[4.660422,1.83135,3.983263]",
285,"[4.659075,1.830122,3.98326]",
286,"[4.657989,1.829066,3.983258]",
287,"[4.657182,1.827613,3.983255]",
288,"[4.656845,1.826925,3.983254]",
289,"[4.656302,1.825748,3.983251]",
290,"[4.656098,1.825367,3.983251]",
291,"[4.655471,1.824654,3.983249]",
292,"[4.655043,1.824326,3.983248]",
293,"[4.6545,1.823947,3.983248]",
294,"[4.654411,1.823905,3.983248]",
295,"[4.65433,1.823929,3.983248]",
296,"[4.654188,1.824002,3.983248]",
297,"[4.654123,1.824039,3.983248]",
298,"[4.651237,1.823933,3.983248]",
299,"[4.64887,1.823769,3.983247]",
300,"[4.644033,1.82262,3.983245]",
301,"[4.642264,1.822194,3.983244]",
302,"[4.640295,1.821742,3.983243]",
303,"[4.636765,1.820891,3.983241]",
304,"[4.635094,1.820471,3.98324]",
305,"[4.632715,1.819795,3.983239]",
306,"[4.631772,1.819516,3.983238]",
307,"[4.630373,1.819203,3.983238]",
308,"[4.629888,1.819456,3.983238]",
309,"[4.62907,1.819957,3.983239]",
310,"[4.672884,1.826899,3.983254]",
311,"[4.692355,1.829719,3.98326]",
312,"[4.712347,1.833298,3.983267]",
313,"[4.718494,1.834263,3.983269]",
314,"[4.724446,1.835185,3.983271]",
315,"[4.726866,1.83537,3.983271]",
316,"[4.730427,1.835109,3.983271]",
317,"[4.732016,1.834743,3.98327]",
318,"[4.734419,1.834166,3.983269]",
319,"[4.735367,1.833956,3.983268]",
320,"[4.736182,1.833733,3.983268]",
321,"[4.738023,1.833553,3.983268]",
322,"[4.739031,1.833657,3.983268]",
323,"[4.740685,1.833928,3.983268]",
324,"[4.741454,1.834127,3.983269]",
325,"[4.742637,1.834622,3.98327]",
326,"[4.743099,1.834825,3.98327]",
327,"[4.743536,1.83515,3.983271]",
328,"[4.744193,1.835698,3.983272]",
329,"[4.744478,1.835907,3.983273]",
330,"[4.744921,1.836245,3.983273]",
331,"[4.745165,1.836441,3.983274]",
332,"[4.745645,1.836818,3.983274]",
333,"[4.780108,1.854048,3.983311]",
334,"[4.80804,1.867603,3.983339]",
335,"[4.815456,1.871152,3.983346]",
336,"[4.821025,1.873719,3.983352]",
337,"[4.829067,1.877026,3.983359]",
338,"[4.832237,1.878271,3.983361]",
339,"[4.837027,1.880164,3.983365]",
340,"[4.837965,1.881206,3.983367]",
341,"[4.839621,1.883087,3.983371]",
342,"[4.840374,1.883951,3.983373]",
343,"[4.841728,1.88544,3.983376]",
344,"[4.84238,1.88616,3.983378]",
345,"[4.843516,1.886845,3.983379]",
346,"[4.845507,1.888122,3.983382]",
347,"[4.846528,1.888972,3.983384]",
348,"[4.848095,1.89032,3.983387]",
349,"[4.848715,1.890902,3.983388]",
350,"[4.760555,1.893852,3.983394]",
351,"[4.746459,1.894293,3.983395]",
352,"[4.737195,1.89287,3.983392]",
353,"[4.725012,1.890345,3.983387]",
354,"[4.720234,1.888789,3.983383]",
355,"[4.711212,1.885622,3.983377]",
356,"[4.706711,1.883882,3.983373]",
357,"[4.700104,1.88021,3.983365]",
358,"[4.697335,1.878494,3.983362]",
359,"[4.693043,1.875676,3.983356]",
360,"[4.656867,1.860043,3.983323]",
361,"[4.640937,1.853008,3.983308]",
362,"[4.603745,1.838482,3.983278]",
363,"[4.594114,1.834537,3.98327]",
364,"[4.580083,1.830058,3.98326]",
365,"[4.575074,1.828609,3.983257]",
366,"[4.567687,1.826409,3.983253]",
367,"[4.564862,1.825498,3.983251]",
368,"[4.562488,1.82469,3.983249]",
369,"[4.5594,1.823311,3.983246]",
370,"[4.558394,1.82271,3.983245]",
371,"[4.556481,1.821475,3.983242]",
372,"[4.556019,1.821013,3.983241]",
373,"[4.55516,1.820314,3.98324]",
374,"[4.554757,1.820162,3.98324]",
375,"[4.554228,1.820134,3.98324]",
376,"[4.557245,1.82007,3.983239]",
377,"[4.559628,1.819983,3.983239]",
378,"[4.581091,1.821887,3.983243]",
379,"[4.587841,1.822619,3.983245]",
380,"[4.597033,1.82363,3.983247]",
381,"[4.600618,1.82402,3.983248]",
382,"[4.605988,1.824864,3.983249]",
383,"[4.608218,1.825206,3.98325]",
384,"[4.611451,1.826141,3.983252]",
385,"[4.612771,1.826669,3.983253]",
386,"[4.613918,1.827216,3.983254]",
387,"[4.615968,1.828052,3.983256]",
388,"[4.616763,1.828406,3.983257]",
389,"[4.635432,1.838357,3.983278]",
390,"[4.646623,1.844309,3.98329]",
391,"[4.659467,1.851206,3.983305]",
392,"[4.664206,1.853848,3.98331]",
393,"[4.670782,1.857265,3.983317]",
394,"[4.673496,1.858484,3.98332]",
395,"[4.675981,1.859842,3.983323]",
396,"[4.679346,1.861598,3.983326]",
397,"[4.680789,1.862104,3.983327]",
398,"[4.686428,1.863699,3.983331]",
399,"[4.689881,1.864618,3.983333]",
400,"[4.742245,1.875783,3.983356]",
401,"[4.752927,1.878099,3.983361]",
402,"[4.764347,1.880929,3.983367]",
403,"[4.777622,1.884505,3.983374]",
404,"[4.782296,1.885827,3.983377]",
405,"[4.787815,1.887356,3.98338]",
406,"[4.789563,1.887871,3.983382]",
407,"[4.792276,1.888664,3.983383]",
408,"[4.793046,1.888916,3.983384]",
409,"[4.794245,1.889254,3.983384]",
410,"[4.794746,1.889337,3.983385]",
411,"[4.795197,1.88939,3.983385]",
412,"[4.780421,1.887817,3.983381]",
413,"[4.775706,1.887259,3.98338]",
414,"[4.727956,1.882245,3.98337]",
415,"[4.716393,1.880914,3.983367]",
416,"[4.703346,1.878797,3.983362]",
417,"[4.699222,1.87789,3.983361]",
418,"[4.69184,1.877153,3.983359]",
419,"[4.688595,1.877094,3.983359]",
420,"[4.6859,1.877005,3.983359]",
421,"[4.682125,1.876845,3.983358]",
422,"[4.680554,1.876768,3.983358]",
423,"[4.677679,1.876543,3.983358]",
424,"[4.676366,1.876426,3.983357]",
425,"[4.674975,1.876253,3.983357]",
426,"[4.674343,1.876155,3.983357]",
427,"[4.673384,1.876024,3.983357]",
428,"[4.656806,1.857783,3.983318]",
429,"[4.647763,1.847397,3.983297]",
430,"[4.63673,1.836074,3.983273]",
431,"[4.632427,1.832097,3.983265]",
432,"[4.626974,1.827253,3.983254]",
433,"[4.624877,1.825453,3.983251]",
434,"[4.622007,1.822894,3.983245]",
435,"[4.620799,1.821849,3.983243]",
436,"[4.61977,1.820979,3.983241]",
437,"[4.618321,1.819728,3.983239]",
438,"[4.617649,1.819182,3.983238]",
439,"[4.616548,1.818455,3.983236]",
440,"[4.616069,1.818141,3.983235]",
441,"[4.615592,1.817783,3.983235]",
442,"[4.615563,1.817714,3.983234]",
443,"[4.620276,1.817891,3.983235]",
444,"[4.624217,1.818023,3.983235]",
445,"[4.651192,1.819297,3.983238]",
446,"[4.676259,1.820069,3.983239]",
447,"[4.683883,1.820612,3.983241]",
448,"[4.693382,1.821378,3.983242]",
449,"[4.69685,1.821559,3.983243]",
450,"[4.701085,1.821682,3.983243]",
451,"[4.702998,1.821696,3.983243]",
452,"[4.704685,1.821797,3.983243]",
453,"[4.70765,1.821682,3.983243]",
454,"[4.709091,1.821547,3.983243]",
455,"[4.711367,1.821847,3.983243]",
456,"[4.7125,1.821996,3.983243]",
457,"[4.714461,1.821787,3.983243]",
458,"[4.715364,1.821662,3.983243]",
459,"[4.705527,1.816051,3.983231]",
460,"[4.69825,1.812355,3.983223]",
461,"[4.692842,1.809588,3.983217]",
462,"[4.681714,1.802782,3.983203]",
463,"[4.678131,1.800472,3.983198]",
464,"[4.672081,1.79575,3.983188]",
465,"[4.669432,1.793764,3.983184]",
466,"[4.666226,1.791186,3.983179]",
467,"[4.665183,1.790256,3.983177]",
468,"[4.664334,1.789446,3.983175]",
469,"[4.66328,1.788313,3.983173]",
470,"[4.664804,1.787643,3.983171]",
471,"[4.667737,1.786294,3.983169]",
472,"[4.714109,1.780205,3.983156]",
473,"[4.746737,1.775088,3.983145]",
474,"[4.754238,1.773668,3.983142]",
475,"[4.765646,1.771542,3.983138]",
476,"[4.770205,1.770696,3.983136]",
477,"[4.773102,1.770436,3.983135]",
478,"[4.778577,1.770567,3.983136]",
479,"[4.781754,1.770921,3.983136]",
480,"[4.798685,1.771162,3.983137]",
481,"[4.809744,1.771347,3.983137]",
482,"[4.873693,1.77878,3.983153]",
483,"[4.887833,1.780579,3.983157]",
484,"[4.907328,1.783112,3.983162]",
485,"[4.914486,1.783292,3.983162]",
486,"[4.9189,1.78284,3.983161]",
487,"[4.92651,1.78231,3.98316]",
488,"[4.929897,1.781946,3.98316]",
489,"[4.932178,1.781405,3.983158]",
490,"[4.932388,1.7812,3.983158]",
491,"[4.932942,1.780491,3.983156]",
492,"[4.933307,1.779962,3.983155]",
493,"[4.932636,1.779165,3.983154]",
494,"[4.931789,1.778954,3.983153]",
495,"[4.930644,1.778826,3.983153]",
496,"[4.929197,1.778609,3.983153]",
497,"[4.928075,1.77874,3.983153]",
498,"[4.926638,1.779082,3.983154]",
499,"[4.926156,1.779332,3.983154]",
500,"[4.924131,1.779844,3.983155]",
501,"[4.923198,1.779978,3.983155]",
502,"[4.922574,1.780041,3.983155]",
503,"[4.921185,1.779637,3.983155]",
504,"[4.920441,1.779265,3.983154]",
505,"[4.919269,1.778606,3.983153]",
506,"[4.918761,1.778264,3.983152]",
507,"[4.917488,1.777503,3.98315]",
508,"[4.916911,1.777158,3.98315]",
509,"[4.916103,1.77644,3.983148]",
510,"[4.915887,1.776173,3.983148]",
511,"[4.928695,1.776236,3.983148]",
512,"[4.944895,1.776652,3.983149]",
513,"[4.950434,1.77681,3.983149]",
514,"[4.958898,1.776642,3.983149]",
515,"[4.962072,1.776358,3.983148]",
516,"[4.965606,1.775898,3.983147]",
517,"[4.96658,1.775667,3.983146]",
518,"[4.967499,1.775344,3.983146]",
519,"[4.969036,1.775241,3.983145]",
520,"[4.970472,1.775128,3.983145]",
521,"[4.973044,1.77486,3.983145]",
522,"[5.017549,1.77338,3.983142]",
523,"[5.055003,1.774036,3.983143]",
524,"[5.065947,1.775104,3.983145]",
525,"[5.080303,1.776322,3.983148]",
526,"[5.085537,1.776867,3.983149]",
527,"[5.08981,1.77733,3.98315]",
528,"[5.09589,1.777338,3.98315]",
529,"[5.098295,1.776936,3.983149]",
530,"[5.102878,1.776127,3.983147]",
531,"[5.10496,1.775751,3.983147]",
532,"[5.123369,1.778392,3.983152]",
533,"[5.15521,1.780615,3.983157]",
534,"[5.17468,1.781577,3.983159]",
535,"[5.197212,1.780969,3.983158]",
536,"[5.213357,1.779885,3.983155]",
537,"[5.219873,1.779185,3.983154]",
538,"[5.225549,1.778313,3.983152]",
539,"[5.234407,1.776698,3.983149]",
540,"[5.237918,1.775645,3.983146]",
541,"[5.244756,1.773199,3.983141]",
542,"[5.24855,1.771515,3.983138]",
543,"[5.255548,1.767742,3.98313]",
544,"[5.259808,1.764736,3.983124]",
545,"[5.264685,1.761133,3.983116]",
546,"[5.276653,1.751484,3.983096]",
547,"[5.31428,1.740279,3.983072]",
548,"[5.355044,1.726272,3.983043]",
549,"[5.370036,1.720218,3.98303]",
550,"[5.38324,1.715401,3.98302]",
551,"[5.39052,1.711671,3.983012]",
552,"[5.396829,1.709501,3.983008]",
553,"[5.398913,1.708741,3.983006]",
554,"[5.40146,1.706394,3.983001]",
555,"[5.406657,1.691779,3.982971]",
556,"[5.409773,1.671148,3.982928]",
557,"[5.375005,1.360178,3.982276]",
558,"[5.59567,0.6484392,4.450675]",
559,"[5.595697,0.5020766,4.46708]",
560,"[5.180831,0.6196145,3.99644]",
561,"[5.167753,0.5211193,3.99644]",
562,"[5.123057,0.3690604,4.010999]",
563,"[5.111468,0.3221404,4.004529]",
564,"[5.088072,0.295128,3.979204]",
565,"[5.073029,0.2950933,3.972459]",
566,"[5.0525,0.2950688,3.967707]",
567,"[5.046177,0.2950813,3.970141]",
568,"[5.029819,0.2951342,3.98039]",
569,"[5.02082,0.2951673,3.986812]",
570,"[5.003324,0.3142267,3.995567]",
571,"[4.981449,0.3221404,4.007514]",
572,"[4.965256,0.3221404,4.015988]",
573,"[4.937684,0.3221403,4.017502]",
574,"[4.93094,0.3221404,4.024007]",
575,"[4.930078,0.3221403,4.0365]",
576,"[4.930617,0.3221404,4.038277]",
577,"[4.957733,0.3221404,4.025883]",
578,"[5.388473,0.1,3.924919]",
579,"[5.447129,0.1,3.873672]",
580,"[5.261484,0.8115385,3.243653]",
581,"[5.272925,0.8414125,3.189362]",
582,"[5.537668,0.7307377,3.031821]",
583,"[5.530807,0.7658651,2.986949]",
584,"[5.665014,0.6622185,2.912564]",
585,"[5.662671,0.6622184,2.890057]",
586,"[5.606642,0.7081865,2.852787]",
587,"[5.606642,0.6998603,2.836913]",
588,"[5.606642,0.6938343,2.815103]",
589,"[5.606642,0.6845528,2.799562]",
590,"[5.606642,0.6725503,2.801389]",
591,"[5.595105,0.6622185,2.781483]",
592,"[5.588748,0.6622185,2.760251]",
593,"[5.65259,0.6622185,2.5623]",
594,"[5.559263,0.7775559,2.533729]",
595,"[5.540078,0.8282329,2.436703]",
596,"[5.541638,0.8303013,2.400648]",
597,"[5.544531,0.8331701,2.377834]",
598,"[5.550621,0.8293595,2.345246]",
599,"[5.716722,0.6622186,2.251223]",
600,"[5.704719,0.6622186,2.257635]",
601,"[5.698144,0.6622186,2.257412]",
602,"[5.552298,0.8023446,2.347982]",
603,"[5.547732,0.7995377,2.367682]",
604,"[5.546758,0.7953506,2.376687]",
605,"[5.54514,0.7847315,2.393144]",
606,"[5.544739,0.7796434,2.398228]",
607,"[5.544519,0.7772437,2.400861]",
608,"[5.549345,0.8247353,2.348088]",
609,"[5.596,0.808027,2.276923]",
610,"[5.596,0.8168216,2.256713]",
611,"[5.758049,0.6622186,2.136843]",
612,"[5.75693,0.6622186,2.125919]",
613,"[5.755033,0.6622185,2.112263]",
614,"[5.744542,0.6745909,2.111386]",
615,"[5.745292,0.6736479,2.111412]",
616,"[5.732431,0.6837685,2.110963]",
617,"[5.733867,0.6820171,2.111013]",
618,"[5.724154,0.6866478,2.110674]",
619,"[5.713794,0.6943099,2.110312]",
620,"[5.654128,0.7755837,2.108229]",
621,"[5.623592,0.8183283,2.107162]",
622,"[5.601462,0.8502542,2.10639]",
623,"[5.580773,0.880136,2.105667]",
624,"[5.57602,0.8863293,2.104226]",
625,"[5.574983,0.8841795,2.102102]",
626,"[5.574507,0.8807974,2.097191]",
627,"[5.574626,0.8684199,2.093771]",
628,"[5.574619,0.8626558,2.093984]",
629,"[5.57468,0.8568009,2.09223]",
630,"[5.574738,0.8472493,2.090583]",
631,"[5.574735,0.8446755,2.090672]",
632,"[5.574855,0.8443964,2.101586]",
633,"[5.582558,0.8403128,2.105729]",
634,"[5.596746,0.832067,2.106225]",
635,"[5.603329,0.8266096,2.106455]",
636,"[5.606445,0.822758,2.106564]",
637,"[5.607178,0.8177129,2.106589]",
638,"[5.601853,0.8176112,2.106403]",
639,"[5.617976,0.8422624,2.106966]",
640,"[5.624875,0.847583,2.107207]",
641,"[5.63296,0.8564399,2.107489]",
642,"[5.63607,0.860055,2.107598]",
643,"[5.642406,0.86386,2.107819]",
644,"[5.645708,0.864282,2.107934]",
645,"[5.665988,0.8546974,2.108643]",
646,"[5.675604,0.8497127,2.108979]",
647,"[5.691979,0.8400652,2.10955]",
648,"[5.894373,0.8431551,2.116618]",
649,"[5.950001,0.856688,2.127077]",
650,"[5.57932,1.350545,2.416673]",
651,"[5.57932,1.370297,2.427923]",
652,"[5.57932,1.395404,2.439951]",
653,"[5.57932,1.404091,2.441288]",
654,"[5.57932,1.413103,2.443042]",
655,"[5.57932,1.424623,2.447687]",
656,"[5.57932,1.428271,2.450837]",
657,"[5.57932,1.442062,2.482816]",
658,"[5.837746,1.406198,2.596489]",
659,"[5.583216,1.499965,2.670178]",
660,"[5.577966,1.506735,2.68872]",
661,"[5.576453,1.511073,2.706814]",
662,"[5.577589,1.507817,2.72651]",
663,"[5.577324,1.508575,2.737955]",
664,"[5.575673,1.51331,2.749165]",
665,"[5.575505,1.513793,2.749146]",
666,"[5.571712,1.524672,2.745361]",
667,"[5.563926,1.547002,2.739478]",
668,"[5.552585,1.579527,2.738891]",
669,"[5.54436,1.603118,2.738617]",
670,"[5.542986,1.675586,2.732426]",
671,"[5.788711,1.698017,2.733027]",
672,"[5.95,1.705282,2.727758]",
673,"[5.95,1.738535,2.721504]",
674,"[5.95,1.753399,2.716811]",
675,"[5.95,1.779282,2.706547]",
676,"[5.95,1.804322,2.701228]",
677,"[5.557818,1.835363,2.699518]",
678,"[5.557908,1.851905,2.696958]",
679,"[5.558135,1.856655,2.690454]",
680,"[5.608872,1.86706,2.674548]",
681,"[5.608872,1.872681,2.665725]",
682,"[5.608872,1.864732,2.625225]",
683,"[5.608872,1.865343,2.612071]",
684,"[5.608872,1.875806,2.592125]",
685,"[5.608872,1.874473,2.586807]",
686,"[5.608872,1.872575,2.572709]",
687,"[5.608872,1.870317,2.567088]",
688,"[5.666046,1.867097,2.555206]",
689,"[5.55919,1.867109,2.535809]",
690,"[5.582416,1.950526,2.350211]",
691,"[5.580919,1.964948,2.315923]",
692,"[5.580295,1.969918,2.301642]",
693,"[5.579281,1.974486,2.278409]",
694,"[5.578771,1.974298,2.266737]",
695,"[5.578414,1.971898,2.258565]",
696,"[5.57761,1.967649,2.240141]",
697,"[5.577507,1.964746,2.23778]",
698,"[5.577242,1.955579,2.231712]",
699,"[5.577074,1.949528,2.227854]",
700,"[5.576452,1.928082,2.213624]",
701,"[5.576063,1.918446,2.204715]",
702,"[5.574568,1.885795,2.170474]",
703,"[5.95,1.771468,1.897941]",
704,"[5.95,1.74753,1.864935]",
705,"[5.95,1.72178,1.822024]",
706,"[5.95,1.710429,1.801987]",
707,"[5.95,1.696924,1.789872]",
708,"[5.95,1.690596,1.789231]",
709,"[5.95,1.660616,1.780763]",
710,"[5.868342,1.642768,1.814179]",
711,"[5.695789,1.642768,1.896161]",
712,"[5.719314,1.319967,1.711879]",
713,"[5.752793,1.264227,1.669335]",
714,"[5.603165,1.264227,1.743684]",
715,"[5.591632,1.233203,1.747813]",
716,"[5.624534,1.141101,1.716896]",
717,"[5.624534,1.114823,1.71484]",
718,"[5.624534,0.9997712,1.753464]",
719,"[5.624534,0.9547088,1.769853]",
720,"[5.624534,0.92058,1.798827]",
721,"[5.624534,0.8653035,1.824304]",
722,"[5.624534,0.8562222,1.834321]",
723,"[5.624534,0.8421215,1.849097]",
724,"[5.624534,0.8382815,1.855085]",
725,"[5.624534,0.8437691,1.863699]",
726,"[5.624534,0.8441057,1.866758]",
727,"[5.624534,0.8421043,1.87074]",
728,"[5.624534,0.8258812,1.871067]",
729,"[5.624534,0.812248,1.870949]",
730,"[5.624534,0.7889389,1.869787]",
731,"[5.624534,0.7797642,1.869047]",
732,"[5.624534,0.7779636,1.86912]",
733,"[5.624534,0.7774258,1.869806]",
734,"[5.624534,0.7746207,1.872897]",
735,"[5.624534,0.7860054,1.945926]",
736,"[5.768088,0.6682868,2.112208]",
737,"[5.778008,0.6622186,2.154947]",
738,"[5.779016,0.6622185,2.18088]",
739,"[5.694336,0.7491131,2.227928]",
740,"[5.596,0.8496574,2.256182]",
741,"[5.596,0.8483484,2.271573]",
742,"[5.596,0.8485991,2.27815]",
743,"[5.596,0.8493229,2.288194]",
744,"[5.774163,0.6622186,2.269185]",
745,"[5.775538,0.6622186,2.273246]",
746,"[5.776851,0.6622186,2.282265]",
747,"[5.777298,0.6622185,2.283198]",
748,"[5.777306,0.6622186,2.284922]",
749,"[5.776816,0.6622186,2.285987]",
750,"[5.777545,0.6622185,2.285643]",
751,"[5.777595,0.6622186,2.285702]",
752,"[5.772959,0.6622186,2.28841]",
753,"[5.539432,0.8421019,2.412312]",
754,"[5.541239,0.8191855,2.437918]",
755,"[5.546987,0.7926324,2.466811]",
756,"[5.548444,0.7879844,2.476511]",
757,"[5.549553,0.7964979,2.493685]",
758,"[5.554121,0.8024867,2.50171]",
759,"[5.613522,0.7419789,2.522355]",
760,"[5.560684,0.8079656,2.522532]",
761,"[5.559474,0.8110737,2.5277]",
762,"[5.559251,0.8132439,2.534078]",
763,"[5.559066,0.8135366,2.539366]",
764,"[5.559413,0.8085662,2.548141]",
765,"[5.678063,0.6622185,2.561324]",
766,"[5.67502,0.6622185,2.569942]",
767,"[5.674369,0.6622185,2.574346]",
768,"[5.673716,0.6622185,2.58022]",
769,"[5.673229,0.6622185,2.582235]",
770,"[5.674506,0.6622185,2.581724]",
771,"[5.675133,0.6622185,2.581997]",
772,"[5.675964,0.6622185,2.57994]",
773,"[5.678406,0.6622185,2.576364]",
774,"[5.680048,0.6622184,2.574818]",
775,"[5.683733,0.6622186,2.571309]",
776,"[5.685596,0.6622185,2.57039]",
777,"[5.690701,0.6622185,2.569657]",
778,"[5.694341,0.6622185,2.570647]",
779,"[5.698223,0.6622185,2.571825]",
780,"[5.70518,0.6622185,2.574642]",
781,"[5.708325,0.6622185,2.576363]",
782,"[5.712808,0.6622185,2.580042]",
783,"[5.715631,0.6622185,2.582124]",
784,"[5.722014,0.6622185,2.586138]",
785,"[5.725643,0.6622185,2.58664]",
786,"[5.730556,0.6622185,2.587393]",
787,"[5.746189,0.6622185,2.588542]",
788,"[5.764433,0.6622185,2.589907]",
789,"[5.826389,0.6622185,2.593451]",
790,"[5.95,0.7577267,2.594974]",
791,"[5.769183,1.264227,2.600384]",
792,"[5.828597,1.264227,2.605211]",
793,"[5.796537,1.315031,2.605338]",
794,"[5.791695,1.329707,2.605889]",
795,"[5.793313,1.337013,2.605241]",
796,"[5.793629,1.355902,2.604452]",
797,"[5.793748,1.357297,2.604414]",
798,"[5.793837,1.361646,2.604366]",
799,"[5.793871,1.364456,2.604341]",
800,"[5.792947,1.36768,2.604539]",
801,"[5.791672,1.372834,2.60481]",
802,"[5.789714,1.376659,2.605249]",
803,"[5.789136,1.376527,2.605387]",
804,"[5.788611,1.376993,2.605508]",
805,"[5.787156,1.381236,2.605826]",
806,"[5.786495,1.385746,2.605972]",
807,"[5.787709,1.388214,2.606003]",
808,"[5.787981,1.388426,2.605966]",
809,"[5.791838,1.391209,2.605413]",
810,"[5.799148,1.393342,2.60396]",
811,"[5.807693,1.395797,2.602255]",
812,"[5.95,1.387668,2.569173]",
813,"[5.726187,1.484484,2.557307]",
814,"[5.558977,1.560693,2.546384]",
815,"[5.558874,1.562548,2.544858]",
816,"[5.558989,1.56787,2.541593]",
817,"[5.559007,1.568811,2.54106]",
818,"[5.559044,1.571507,2.540002]",
819,"[5.559067,1.574277,2.53935]",
820,"[5.55905,1.574119,2.539848]",
821,"[5.558992,1.577541,2.541486]",
822,"[5.558921,1.582397,2.543513]",
823,"[5.644935,1.579127,2.554469]",
824,"[5.608012,1.605551,2.560863]",
825,"[5.625465,1.698017,2.619803]",
826,"[5.722898,1.698017,2.638024]",
827,"[5.95,1.696637,2.680278]",
828,"[5.95,1.705519,2.686964]",
829,"[5.95,1.720641,2.696105]",
830,"[5.95,1.747605,2.709156]",
831,"[5.95,1.767686,2.715949]",
832,"[5.558752,1.836995,2.672788]",
833,"[5.608872,1.865875,2.688957]",
834,"[5.608872,1.924253,2.706023]",
835,"[5.862098,2.122895,2.800718]",
836,"[5.862098,2.149425,2.80954]",
837,"[5.862098,2.18784,2.826688]",
838,"[5.761537,2.17712,2.81172]",
839,"[5.750124,2.186153,2.81172]",
840,"[5.770626,2.184585,2.81172]",
841,"[5.862098,2.184238,2.819921]",
842,"[5.862098,2.173421,2.813335]",
843,"[5.862098,2.154034,2.796318]",
844,"[5.608872,2.098697,2.738966]",
845,"[5.608872,2.079763,2.718457]",
846,"[5.608872,2.061273,2.694634]",
847,"[5.608872,2.048918,2.679324]",
848,"[5.608872,2.029582,2.653486]",
849,"[5.608872,2.020415,2.639301]",
850,"[5.58794,1.962913,2.476747]",
851,"[5.587135,1.956788,2.458308]",
852,"[5.581162,1.92346,2.321503]",
853,"[5.579516,1.916936,2.28381]",
854,"[5.578915,1.915158,2.270022]",
855,"[5.577998,1.910649,2.249027]",
856,"[5.577553,1.907247,2.238834]",
857,"[5.577347,1.902862,2.234114]",
858,"[5.57733,1.90017,2.233724]",
859,"[5.57706,1.89082,2.227537]",
860,"[5.577004,1.887622,2.226274]",
861,"[5.576859,1.883204,2.222942]",
862,"[5.576778,1.881766,2.221097]",
863,"[5.576626,1.879718,2.217613]",
864,"[5.57646,1.878185,2.213801]",
865,"[5.576248,1.878258,2.208939]",
866,"[5.571072,1.877299,2.090389]",
867,"[5.676061,1.870297,2.000395]",
868,"[5.734022,1.864122,1.918945]",
869,"[5.710867,1.864122,1.911973]",
870,"[5.703364,1.864122,1.91293]",
871,"[5.677833,1.864122,1.916745]",
872,"[5.677258,1.864122,1.91719]",
873,"[5.674242,1.864122,1.918739]",
874,"[5.673767,1.864122,1.92355]",
875,"[5.719749,1.864122,1.923325]",
876,"[5.735495,1.864122,1.922075]",
877,"[5.571484,1.890747,2.099828]",
878,"[5.577337,1.905693,2.233888]",
879,"[5.57811,1.907109,2.251596]",
880,"[5.578925,1.91029,2.270266]",
881,"[5.579199,1.912084,2.276547]",
882,"[5.579726,1.914107,2.288598]",
883,"[5.579969,1.914765,2.294174]",
884,"[5.580334,1.915105,2.302533]",
885,"[5.580512,1.915006,2.306616]",
886,"[5.580672,1.914821,2.310282]",
887,"[5.580927,1.91483,2.31611]",
888,"[5.581041,1.914783,2.318726]",
889,"[5.581201,1.915486,2.322388]",
890,"[5.581287,1.915947,2.324367]",
891,"[5.581432,1.917036,2.327681]",
892,"[5.581501,1.917552,2.329255]",
893,"[5.5816,1.919103,2.331536]",
894,"[5.581639,1.919801,2.332416]",
895,"[5.581678,1.926428,2.33332]",
896,"[5.581694,1.93201,2.333671]",
897,"[5.58145,1.931863,2.328083]",
898,"[5.58037,1.915578,2.30336]",
899,"[5.579289,1.889414,2.278614]",
900,"[5.772113,1.568197,1.975754]",
901,"[5.750011,1.533181,1.95715]",
902,"[5.624534,1.152461,1.688099]",
903,"[5.416007,0.8804212,1.563032]",
904,"[5.351231,0.8528787,1.563032]",
905,"[5.133937,0.6613482,1.513215]",
906,"[4.998759,0.7874001,1.63754]",
907,"[4.833453,0.6732435,1.603266]",
908,"[4.766521,0.627233,1.582291]",
909,"[4.671236,0.5773456,1.550844]",
910,"[4.655458,0.5773456,1.547235]",
911,"[4.638227,0.5773456,1.544997]",
912,"[4.639513,0.5773456,1.545255]",
913,"[4.639629,0.5773456,1.545681]",
914,"[4.702658,0.5773456,1.55686]",
915,"[4.780918,0.6216122,1.586802]",
916,"[4.817575,0.6430485,1.59829]",
917,"[4.824879,0.6485379,1.600579]",
918,"[4.831943,0.6653014,1.602793]",
919,"[4.833619,0.6781934,1.603318]",
920,"[4.774784,0.7874001,1.570845]",
921,"[4.760962,0.7874001,1.549575]",
922,"[4.75843,0.5773456,1.350151]",
923,"[4.740703,0.5773456,1.32058]",
924,"[4.736133,0.5773456,1.311846]",
925,"[4.734218,0.5773456,1.300151]",
926,"[4.730279,0.5773456,1.293345]",
927,"[4.734658,0.5773456,1.292941]",
928,"[4.736436,0.5773456,1.290377]",
929,"[4.735997,0.5773456,1.283908]",
930,"[4.748878,0.5773456,1.243018]",
931,"[4.740625,0.8414512,1.464183]",
932,"[4.740625,0.8857826,1.48111]",
933,"[4.740777,0.9307013,1.518633]",
934,"[4.74241,0.9394779,1.518633]",
935,"[4.746173,0.9409168,1.518633]",
936,"[4.755037,0.9413846,1.518633]",
937,"[4.759264,0.940909,1.518633]",
938,"[4.762959,0.9406676,1.518633]",
939,"[4.775836,0.93536,1.518633]",
940,"[4.78083,0.9333018,1.518633]",
941,"[4.78867,0.9321886,1.518633]",
942,"[4.791899,0.9327701,1.518633]",
943,"[4.831306,1.047399,1.518633]",
944,"[4.840732,1.07849,1.518633]",
945,"[4.856291,1.140033,1.518633]",
946,"[4.858859,1.151589,1.518633]",
947,"[4.861269,1.161305,1.518633]",
948,"[4.8641,1.174296,1.518633]",
949,"[4.866136,1.179325,1.518633]",
950,"[4.86929,1.185896,1.518633]",
951,"[4.871162,1.189822,1.518633]",
952,"[4.87469,1.19641,1.518633]",
953,"[4.877287,1.200722,1.518633]",
954,"[4.883537,1.208914,1.518633]",
955,"[4.94849,1.202267,1.518633]",
956,"[4.971761,1.19994,1.518633]",
957,"[5.361975,0.9005975,1.151469]",
958,"[5.386203,0.9005975,1.15485]",
959,"[5.420851,0.9005975,1.160414]",
960,"[5.427872,0.9005975,1.167322]",
961,"[5.43811,0.9005975,1.176149]",
962,"[5.442175,0.9005975,1.178965]",
963,"[5.452487,0.9005975,1.184399]",
964,"[5.458383,0.9005975,1.186804]",
965,"[5.464749,0.9005975,1.189118]",
966,"[5.471786,0.9005975,1.192931]",
967,"[5.473913,0.9005975,1.195485]",
968,"[5.441263,0.9005975,1.233104]",
969,"[5.434338,0.9005975,1.243658]",
970,"[5.424487,0.9005975,1.252497]",
971,"[5.42206,0.9005975,1.254647]",
972,"[5.41446,0.9005975,1.256224]",
973,"[5.355331,0.9005975,1.231388]",
974,"[5.323274,0.9005975,1.215192]",
975,"[4.918535,1.168404,1.518633]",
976,"[4.899079,1.170795,1.518633]",
977,"[4.870436,1.170096,1.518633]",
978,"[4.859988,1.16841,1.518633]",
979,"[4.847633,1.165882,1.518633]",
980,"[4.846287,1.164515,1.518633]",
981,"[4.84538,1.163368,1.518633]",
982,"[4.846232,1.16138,1.518633]",
983,"[4.852614,1.158184,1.518633]",
984,"[4.879579,1.151774,1.518633]",
985,"[4.942371,1.131407,1.518633]",
986,"[5.456604,0.8552324,1.563032]",
987,"[5.481728,0.8395187,1.563032]",
988,"[5.645901,0.6726176,1.464698]",
989,"[5.680912,0.943896,1.981407]",
990,"[5.785273,0.9299297,2.112808]",
991,"[5.950001,0.8331338,2.190914]",
992,"[5.950001,0.8463407,2.233053]",
993,"[5.950001,0.8501606,2.263248]",
994,"[5.950001,0.8468817,2.263904]",
995,"[5.950001,0.8304144,2.237364]",
996,"[5.950001,0.826669,2.235356]",
997,"[5.950001,0.8031865,2.200052]",
998,"[5.950001,0.7888588,2.188884]",
999,"[5.950001,0.7845004,2.190679]",
1000,"[5.659882,0.9756895,2.340791]",
1001,"[5.637113,0.9787127,2.377241]",
1002,"[5.602956,0.9818805,2.420816]",
1003,"[5.595209,0.9817569,2.423344]",
1004,"[5.582332,0.9819029,2.431921]",
1005,"[5.576263,0.9814873,2.429938]",
1006,"[5.565517,0.9802113,2.423149]",
1007,"[5.560888,0.9795136,2.419299]",
1008,"[5.555539,0.9784043,2.412251]",
1009,"[5.548244,0.9773291,2.406394]",
1010,"[5.543323,0.976293,2.399775]",
1011,"[5.537331,0.9746073,2.388079]",
1012,"[5.536144,0.9734539,2.38304]",
1013,"[5.537765,0.9686788,2.372879]",
1014,"[5.53848,0.9670284,2.368204]",
1015,"[5.539876,0.9639564,2.359025]",
1016,"[5.540728,0.961836,2.353521]",
1017,"[5.54128,0.9604101,2.349972]",
1018,"[5.541953,0.9598626,2.345168]",
1019,"[5.542166,0.9603209,2.343382]",
1020,"[5.542659,0.9616439,2.339156]",
1021,"[5.542774,0.9624458,2.337966]",
1022,"[5.544117,0.9608232,2.329846]",
1023,"[5.81811,0.6622186,2.286856]",
1024,"[5.813082,0.6622185,2.281005]",
1025,"[5.802567,0.6622186,2.265539]",
1026,"[5.596,0.8879949,2.298523]",
1027,"[5.596,0.8847451,2.296692]",
1028,"[5.538203,0.9450729,2.379281]",
1029,"[5.531339,0.9492514,2.428906]",
1030,"[5.701361,0.746501,2.525422]",
1031,"[5.764503,0.6622185,2.594896]",
1032,"[5.758913,0.6622185,2.617059]",
1033,"[5.753349,0.6622185,2.625066]",
1034,"[5.643072,0.7800756,2.623237]",
1035,"[5.641302,0.7800756,2.624331]",
1036,"[5.637746,0.7800756,2.62378]",
1037,"[5.636125,0.7800756,2.621674]",
1038,"[5.559424,0.8828919,2.529103]",
1039,"[5.53625,0.9154599,2.496479]",
1040,"[5.792638,0.6622186,2.261846]",
1041,"[5.596,0.8860521,2.275501]",
1042,"[5.79958,0.6622186,2.202886]",
1043,"[5.798092,0.6622185,2.172741]",
1044,"[5.794394,0.6622186,2.159582]",
1045,"[5.786701,0.6622186,2.147546]",
1046,"[5.780701,0.6622185,2.140563]",
1047,"[5.776053,0.6622186,2.137406]",
1048,"[5.774754,0.6622186,2.136436]",
1049,"[5.77311,0.6622186,2.134924]",
1050,"[5.77448,0.6622186,2.134208]",
1051,"[5.775504,0.6622186,2.133307]",
1052,"[5.777805,0.6622186,2.133498]",
1053,"[5.778502,0.6622186,2.133416]",
1054,"[5.778959,0.6622186,2.133291]",
1055,"[5.779734,0.6622185,2.132906]",
1056,"[5.779893,0.6622186,2.132727]",
1057,"[5.779389,0.6622186,2.132779]",
1058,"[5.778624,0.6622185,2.133301]",
1059,"[5.776756,0.6622186,2.13493]",
1060,"[5.776601,0.6622185,2.135974]",
1061,"[5.778804,0.6622185,2.138165]",
1062,"[5.78158,0.6622186,2.139335]",
1063,"[5.792559,0.6622186,2.14265]",
1064,"[5.801066,0.6622185,2.145243]",
1065,"[5.815346,0.6622185,2.151907]",
1066,"[5.819552,0.6622185,2.156113]",
1067,"[5.822706,0.6622185,2.161425]",
1068,"[5.81949,0.6622186,2.173253]",
1069,"[5.814321,0.6622186,2.179309]",
1070,"[5.808491,0.6622185,2.188426]",
1071,"[5.8081,0.6622185,2.192266]",
1072,"[5.808366,0.6622186,2.193429]",
1073,"[5.809336,0.6622186,2.19338]",
1074,"[5.810801,0.6622186,2.193241]",
1075,"[5.81444,0.6622186,2.191477]",
1076,"[5.815549,0.6622186,2.190782]",
1077,"[5.811177,0.6622186,2.18872]",
1078,"[5.80548,0.6622186,2.187415]",
1079,"[5.788513,0.6622186,2.183914]",
1080,"[5.776996,0.6622186,2.181065]",
1081,"[5.755006,0.6622186,2.176759]",
1082,"[5.746181,0.6622185,2.175161]",
1083,"[5.745283,0.6622185,2.174231]",
1084,"[5.746314,0.6622186,2.172339]",
1085,"[5.751712,0.6622185,2.17275]",
1086,"[5.760378,0.6622185,2.174597]",
1087,"[5.763468,0.6622186,2.176096]",
1088,"[5.766492,0.6622185,2.179253]",
1089,"[5.767101,0.6622185,2.181396]",
1090,"[5.769364,0.6622186,2.185528]",
1091,"[5.771825,0.6622186,2.187556]",
1092,"[5.773946,0.6622186,2.189616]",
1093,"[5.778043,0.6622186,2.192625]",
1094,"[5.780701,0.6622186,2.194038]",
1095,"[5.785601,0.6622186,2.19463]",
1096,"[5.78774,0.6622186,2.19475]",
1097,"[5.794539,0.6622186,2.194599]",
1098,"[5.796425,0.6622186,2.19409]",
1099,"[5.800601,0.6622186,2.19188]",
1100,"[5.802542,0.6622186,2.190333]",
1101,"[5.804195,0.6622185,2.188932]",
1102,"[5.806267,0.6622186,2.186977]",
1103,"[5.807289,0.6622186,2.186213]",
1104,"[5.809201,0.6622186,2.18523]",
1105,"[5.810202,0.6622186,2.184855]",
1106,"[5.817217,0.6622186,2.184243]",
1107,"[5.822787,0.6622186,2.184008]",
1108,"[5.832387,0.6622186,2.183608]",
1109,"[5.83639,0.6622186,2.183417]",
1110,"[5.840051,0.6622185,2.183191]",
1111,"[5.846582,0.6622186,2.182788]",
1112,"[5.849531,0.6622186,2.182643]",
1113,"[5.853562,0.6622186,2.182375]",
1114,"[5.854974,0.6622186,2.182193]",
1115,"[5.858035,0.6622185,2.182266]",
1116,"[5.859147,0.6622185,2.182083]",
1117,"[5.860877,0.6622186,2.181728]",
1118,"[5.861683,0.6622186,2.181563]",
1119,"[5.862469,0.6622185,2.181376]",
1120,"[5.863689,0.6622186,2.180269]",
1121,"[5.864148,0.6622186,2.179695]",
1122,"[5.864989,0.6622186,2.178014]",
1123,"[5.865467,0.6622185,2.176792]",
1124,"[5.866003,0.6622185,2.1756]",
1125,"[5.867019,0.6622185,2.174217]",
1126,"[5.867645,0.6622185,2.173374]",
1127,"[5.869292,0.6622185,2.17088]",
1128,"[5.870227,0.6622186,2.169497]",
1129,"[5.872188,0.6622185,2.166709]",
1130,"[5.873393,0.6622186,2.164631]",
1131,"[5.874624,0.6622186,2.162645]",
1132,"[5.876344,0.6622185,2.159772]",
1133,"[5.876578,0.6622185,2.158977]",
1134,"[5.876763,0.6622186,2.157761]",
1135,"[5.87666,0.6622185,2.157756]",
1136,"[5.876484,0.6622186,2.15761]",
1137,"[5.876412,0.6622185,2.157443]",
1138,"[5.876014,0.6622185,2.156609]",
1139,"[5.875642,0.6622186,2.155926]",
1140,"[5.874417,0.6622186,2.154575]",
1141,"[5.873671,0.6622185,2.154682]",
1142,"[5.872214,0.6622185,2.154669]",
1143,"[5.87095,0.6622186,2.154467]",
1144,"[5.86973,0.6622185,2.15415]",
1145,"[5.868519,0.6622186,2.153543]",
1146,"[5.867921,0.6622186,2.15308]",
1147,"[5.866912,0.6622186,2.152006]",
1148,"[5.866295,0.6622186,2.151253]",
1149,"[5.865257,0.6622186,2.149886]",
1150,"[5.864567,0.6622186,2.148882]",
1151,"[5.863641,0.6622185,2.147592]",
1152,"[5.862955,0.6622186,2.143271]",
1153,"[5.862553,0.6622186,2.139826]",
1154,"[5.862691,0.6622186,2.12983]",
1155,"[5.823085,0.7089399,2.114129]",
1156,"[5.749728,0.7933512,2.111567]",
1157,"[5.721596,0.8258216,2.110584]",
1158,"[5.700522,0.8494229,2.109849]",
1159,"[5.68868,0.862053,2.109435]",
1160,"[5.676961,0.8739833,2.109026]",
1161,"[5.661794,0.8877413,2.108496]",
1162,"[5.657772,0.8907305,2.108356]",
1163,"[5.653093,0.8929601,2.108192]",
1164,"[5.651894,0.8926601,2.10815]",
1165,"[5.649444,0.8913893,2.108065]",
1166,"[5.653957,0.8847499,2.108222]",
1167,"[5.658154,0.8770939,2.108369]",
1168,"[5.658607,0.8750569,2.108385]",
1169,"[5.452086,1.099706,2.20672]",
1170,"[5.446613,1.094221,2.22284]",
1171,"[5.44514,1.091667,2.227119]",
1172,"[5.444087,1.086625,2.231866]",
1173,"[5.44389,1.08393,2.234386]",
1174,"[5.4437,1.078816,2.238841]",
1175,"[5.44401,1.075915,2.240809]",
1176,"[5.444736,1.072431,2.241887]",
1177,"[5.446619,1.064391,2.24287]",
1178,"[5.781186,0.6622186,2.148168]",
1179,"[5.772797,0.6622186,2.146504]",
1180,"[5.768045,0.6622186,2.148487]",
1181,"[5.760521,0.6622185,2.150781]",
1182,"[5.757516,0.6622185,2.151302]",
1183,"[5.754846,0.6622186,2.151184]",
1184,"[5.7535,0.6622185,2.150703]",
1185,"[5.752678,0.6622186,2.151407]",
1186,"[5.749767,0.6622185,2.153024]",
1187,"[5.747309,0.6622186,2.154091]",
1188,"[5.743051,0.6622185,2.157571]",
1189,"[5.740944,0.6622186,2.160184]",
1190,"[5.737864,0.6622186,2.167892]",
1191,"[5.736822,0.6622186,2.171381]",
1192,"[5.735294,0.6622185,2.176995]",
1193,"[5.735344,0.6622186,2.179649]",
1194,"[5.735253,0.6622186,2.182128]",
1195,"[5.736014,0.6622186,2.186032]",
1196,"[5.736124,0.6622186,2.187905]",
1197,"[5.735778,0.6622186,2.191258]",
1198,"[5.735385,0.6622186,2.192908]",
1199,"[5.735957,0.6622186,2.194926]",
1200,"[5.736746,0.6622186,2.19577]",
1201,"[5.738024,0.6622186,2.197466]",
1202,"[5.7386,0.6622186,2.19845]",
1203,"[5.739083,0.6622185,2.199527]",
1204,"[5.739824,0.6622186,2.201802]",
1205,"[5.7401,0.6622185,2.203072]",
1206,"[5.737992,0.6622185,2.207331]",
1207,"[5.437151,0.9875227,2.267492]",
1208,"[5.346283,0.8858345,2.320619]",
1209,"[5.325753,0.8624106,2.332823]",
1210,"[5.452403,0.1,2.391094]",
1211,"[5.22244,0.1,2.426819]",
1212,"[5.168664,0.1,2.434052]",
1213,"[5.114441,0.1,2.440148]",
1214,"[5.095232,0.1,2.442035]",
1215,"[5.08204,0.1,2.44352]",
1216,"[5.081233,0.1,2.44287]",
1217,"[5.074475,0.1,2.442335]",
1218,"[5.07245,0.1,2.439533]",
1219,"[5.06853,0.1,2.436939]",
1220,"[5.065734,0.1,2.431981]",
1221,"[5.06351,0.1,2.429366]",
1222,"[5.06417,0.1,2.420797]",
1223,"[5.070027,0.1,2.41503]",
1224,"[5.078594,0.1,2.405583]",
1225,"[5.082423,0.1,2.401312]",
1226,"[5.092987,0.1,2.39237]",
1227,"[5.099318,0.1,2.387794]",
1228,"[5.109067,0.1,2.381869]",
1229,"[5.127404,0.1,2.370456]",
1230,"[5.136461,0.1,2.364472]",
1231,"[5.275177,0.8208459,2.271508]",
1232,"[5.288864,0.8322456,2.266409]",
1233,"[5.441466,0.9914596,2.230124]",
1234,"[5.447991,0.9952239,2.227934]",
1235,"[5.457497,1.00437,2.225216]",
1236,"[5.468078,1.015272,2.222323]",
1237,"[5.473003,1.018145,2.221179]",
1238,"[5.486996,1.015076,2.218077]",
1239,"[5.495097,1.012343,2.216418]",
1240,"[5.511088,1.005562,2.215104]",
1241,"[5.516935,1.00221,2.215194]",
1242,"[5.529384,0.9969082,2.215567]",
1243,"[5.535964,0.9944165,2.215603]",
1244,"[5.541373,0.991121,2.215636]",
1245,"[5.551998,0.9843965,2.216993]",
1246,"[5.557525,0.9820258,2.217968]",
1247,"[5.566432,0.9773,2.219563]",
1248,"[5.569149,0.9748338,2.220582]",
1249,"[5.572618,0.9718501,2.222827]",
1250,"[5.572605,0.9721015,2.224105]",
1251,"[5.572691,0.9726269,2.225342]",
1252,"[5.573805,0.9710853,2.227052]",
1253,"[5.575295,0.9690277,2.227078]",
1254,"[5.58114,0.9625879,2.226552]",
1255,"[5.583452,0.9595293,2.22641]",
1256,"[5.588282,0.9538102,2.226005]",
1257,"[5.590689,0.9511747,2.225788]",
1258,"[5.595837,0.9455064,2.225104]",
1259,"[5.598601,0.9427411,2.224868]",
1260,"[5.601521,0.939603,2.224642]",
1261,"[5.606813,0.9326506,2.224951]",
1262,"[5.609346,0.9286734,2.225445]",
1263,"[5.613983,0.920303,2.226834]",
1264,"[5.615902,0.916214,2.227711]",
1265,"[5.620121,0.9086709,2.229091]",
1266,"[5.621578,0.9058459,2.229016]",
1267,"[5.624847,0.9005378,2.228892]",
1268,"[5.626058,0.8982189,2.228539]",
1269,"[5.627264,0.8959907,2.228272]",
1270,"[5.62889,0.8924298,2.227619]",
1271,"[5.629424,0.8910588,2.22743]",
1272,"[5.629994,0.8882143,2.227186]",
1273,"[5.629819,0.8867808,2.227282]",
1274,"[5.821334,0.6622186,2.197679]",
1275,"[5.819772,0.6622185,2.198203]",
1276,"[5.81803,0.6622186,2.199059]",
1277,"[5.8156,0.6622186,2.199605]",
1278,"[5.813627,0.6622186,2.200391]",
1279,"[5.81045,0.6622185,2.201747]",
1280,"[5.80883,0.6622186,2.2017]",
1281,"[5.80535,0.6622186,2.200877]",
1282,"[5.803592,0.6622186,2.200075]",
1283,"[5.800506,0.6622186,2.198182]",
1284,"[5.79933,0.6622186,2.197394]",
1285,"[5.798259,0.6622185,2.196556]",
1286,"[5.796711,0.6622186,2.193708]",
1287,"[5.796329,0.6622186,2.19148]",
1288,"[5.795785,0.6622186,2.186795]",
1289,"[5.795512,0.6622185,2.184478]",
1290,"[5.795077,0.6622186,2.181134]",
1291,"[5.79488,0.6622186,2.179683]",
1292,"[5.795195,0.6622185,2.175983]",
1293,"[5.795542,0.6622185,2.17509]",
1294,"[5.796281,0.6622185,2.173969]",
1295,"[5.803209,0.6622185,2.169756]",
1296,"[5.815221,0.6622185,2.165154]",
1297,"[5.89228,0.6622186,2.147456]",
1298,"[5.950001,0.7142615,2.154804]",
1299,"[5.57596,1.359887,2.270208]",
1300,"[5.57596,1.382709,2.275104]",
1301,"[5.57596,1.398754,2.279367]",
1302,"[5.57596,1.444943,2.315193]",
1303,"[5.577215,1.452796,2.323375]",
1304,"[5.76655,1.372874,2.33242]",
1305,"[5.95,1.278478,2.3364]",
1306,"[5.89186,1.264227,2.350031]",
1307,"[5.838827,1.264227,2.35718]",
1308,"[5.741685,1.264227,2.373507]",
1309,"[5.689735,1.264227,2.385789]",
1310,"[5.652112,0.9857321,2.445219]",
1311,"[5.560274,0.6891918,2.480624]",
1312,"[5.565019,0.622529,2.489212]",
1313,"[5.560121,0.2906363,2.524271]",
1314,"[5.539419,0.1721724,2.538164]",
1315,"[5.359221,0.1,2.544602]",
1316,"[5.182558,0.1,2.5377]",
1317,"[5.046703,0.1,2.540947]",
1318,"[4.888763,0.1,2.53319]",
1319,"[4.821121,0.1,2.530773]",
1320,"[4.758969,0.1,2.523671]",
1321,"[4.742317,0.1,2.52417]",
1322,"[4.724825,0.1,2.524873]",
1323,"[4.731292,0.1,2.52474]",
1324,"[4.75814,0.1,2.519109]",
1325,"[4.774456,0.1,2.515476]",
1326,"[4.785982,0.1,2.513049]",
1327,"[4.82049,0.1,2.514423]",
1328,"[4.833313,0.1,2.516004]",
1329,"[4.853392,0.1,2.520679]",
1330,"[4.813239,0.1,2.545835]",
1331,"[4.77452,0.1,2.564478]",
1332,"[4.760188,0.1,2.570329]",
1333,"[4.745257,0.1,2.576351]",
1334,"[4.738957,0.1,2.579237]",
1335,"[4.73028,0.1,2.579078]",
1336,"[4.726384,0.1,2.578205]",
1337,"[4.722127,0.1,2.578208]",
1338,"[4.714074,0.1,2.580848]",
1339,"[4.709716,0.1,2.582603]",
1340,"[4.701479,0.1,2.587906]",
1341,"[4.699055,0.1,2.592817]",
1342,"[4.6955,0.1,2.597356]",
1343,"[4.686148,0.1,2.610026]",
1344,"[4.680411,0.1,2.617626]",
1345,"[4.669601,0.1,2.627931]",
1346,"[4.666227,0.1176116,2.630349]",
1347,"[4.667241,0.1505557,2.634396]",
1348,"[4.668036,0.1439322,2.637572]",
1349,"[4.668544,0.1517157,2.639599]",
1350,"[4.667364,0.1622977,2.639188]",
1351,"[4.663967,0.1622977,2.63963]",
1352,"[4.657775,0.1622977,2.637138]",
1353,"[4.655393,0.1622977,2.63668]",
1354,"[4.648772,0.1622977,2.633989]",
1355,"[4.647849,0.1622977,2.629332]",
1356,"[4.646105,0.1622977,2.623079]",
1357,"[4.645497,0.1622977,2.621423]",
1358,"[4.648183,0.1622977,2.619599]",
1359,"[4.649178,0.1622977,2.618339]",
1360,"[4.649847,0.1622977,2.616404]",
1361,"[4.650019,0.1622978,2.613949]",
1362,"[4.650046,0.1622977,2.613769]",
1363,"[4.647807,0.1622977,2.614105]",
1364,"[4.646134,0.1622977,2.614497]",
1365,"[4.645046,0.1622977,2.616686]",
1366,"[4.644906,0.1622977,2.618039]",
1367,"[4.644021,0.1622977,2.619546]",
1368,"[4.643394,0.1622977,2.619978]",
1369,"[4.642349,0.1622977,2.620046]",
1370,"[4.641259,0.1622977,2.61753]",
1371,"[4.640803,0.1622977,2.616211]",
1372,"[4.638392,0.1622977,2.615539]",
1373,"[4.638248,0.1622977,2.615309]",
1374,"[4.638421,0.1622977,2.61611]",
1375,"[4.638349,0.1622977,2.616492]",
1376,"[4.637858,0.1622977,2.616379]",
1377,"[4.636359,0.1622977,2.615842]",
1378,"[4.634892,0.1622977,2.615492]",
1379,"[4.631144,0.1622977,2.613939]",
1380,"[4.629218,0.1622977,2.613238]",
1381,"[4.625669,0.1622977,2.612203]",
1382,"[4.623676,0.1622977,2.612061]",
1383,"[4.620097,0.1622977,2.613324]",
1384,"[4.617585,0.1622977,2.613974]",
1385,"[4.615992,0.1622977,2.615856]",
1386,"[4.612576,0.1622977,2.6184]",
1387,"[4.610612,0.1622977,2.619257]",
1388,"[4.607548,0.1622977,2.619596]",
1389,"[4.606347,0.1622977,2.619198]",
1390,"[4.603863,0.1622977,2.617277]",
1391,"[4.605976,0.1622977,2.610772]",
1392,"[4.607473,0.1622977,2.605442]",
1393,"[4.610281,0.1622978,2.596386]",
1394,"[4.611714,0.1622977,2.593048]",
1395,"[4.618132,0.1622977,2.589095]",
1396,"[4.621954,0.1622977,2.587934]",
1397,"[4.629705,0.1622977,2.586196]",
1398,"[4.63411,0.1622977,2.585401]",
1399,"[4.640917,0.1622977,2.584238]",
1400,"[4.644252,0.1622977,2.583905]",
1401,"[4.647756,0.1622977,2.583731]",
1402,"[4.651911,0.1622977,2.582807]",
1403,"[4.653261,0.1622977,2.581998]",
1404,"[4.653914,0.1420976,2.581208]",
1405,"[4.653805,0.1370464,2.580773]",
1406,"[4.653477,0.1317162,2.579462]",
1407,"[4.653127,0.1374133,2.578066]",
1408,"[4.6527,0.1473172,2.576363]",
1409,"[4.650717,0.1622977,2.572562]",
1410,"[4.648781,0.1622977,2.570772]",
1411,"[4.645121,0.1622977,2.567062]",
1412,"[4.643249,0.1622977,2.564971]",
1413,"[4.640373,0.1622977,2.561927]",
1414,"[4.639494,0.1622977,2.561198]",
1415,"[4.638296,0.1622977,2.560755]",
1416,"[4.636909,0.1622977,2.565679]",
1417,"[4.635799,0.1622977,2.569454]",
1418,"[4.635774,0.1622977,2.579123]",
1419,"[4.636654,0.1622977,2.584314]",
1420,"[4.640743,0.1622977,2.595347]",
1421,"[4.643459,0.1622977,2.600497]",
1422,"[4.652409,0.1622977,2.612339]",
1423,"[4.657463,0.1622977,2.618383]",
1424,"[4.673093,0.1,2.638018]",
1425,"[4.686978,0.1,2.648629]",
1426,"[4.704347,0.1,2.660362]",
1427,"[4.743499,0.1,2.683272]",
1428,"[4.770314,0.1,2.697558]",
1429,"[4.854506,0.1,2.73812]",
1430,"[5.017194,0.1,2.767277]",
1431,"[5.471712,0.1,2.81337]",
1432,"[5.530134,0.1591594,2.804048]",
1433,"[5.576019,0.6878207,2.715732]",
1434,"[5.630986,0.7800756,2.682487]",
1435,"[5.95,0.7737031,2.610888]",
1436,"[5.576238,1.264227,2.503734]",
1437,"[5.57932,1.311629,2.475183]",
1438,"[5.95,1.28639,2.309228]",
1439,"[5.688281,1.423498,2.33242]",
1440,"[5.57596,1.511369,2.31577]",
1441,"[5.57596,1.53078,2.296271]",
1442,"[5.57596,1.53641,2.288008]",
1443,"[5.57596,1.532246,2.277699]",
1444,"[5.57596,1.527879,2.275259]",
1445,"[5.57596,1.511796,2.286029]",
1446,"[5.57596,1.511619,2.286277]",
1447,"[5.57596,1.49755,2.302651]",
1448,"[5.57596,1.480096,2.319221]",
1449,"[5.578315,1.473089,2.326899]",
1450,"[5.579619,1.475128,2.328824]",
1451,"[5.578825,1.480708,2.327907]",
1452,"[5.592618,1.488365,2.332421]",
1453,"[5.592165,1.495836,2.332421]",
1454,"[5.581911,1.513017,2.331465]",
1455,"[5.583326,1.512788,2.332421]",
1456,"[5.590714,1.510149,2.332421]",
1457,"[5.596946,1.507648,2.332421]",
1458,"[5.601772,1.501716,2.332421]",
1459,"[5.586991,1.507354,2.332421]",
1460,"[5.594139,1.501722,2.332421]",
1461,"[5.582292,1.503504,2.331905]",
1462,"[5.579512,1.503197,2.328699]",
1463,"[5.57596,1.494564,2.275471]",
1464,"[5.594989,1.483024,2.245573]",
1465,"[5.59332,1.483949,2.215657]",
1466,"[5.59332,1.483813,2.210058]",
1467,"[5.59332,1.483399,2.202896]",
1468,"[5.59332,1.480795,2.190486]",
1469,"[5.59332,1.477581,2.182057]",
1470,"[5.59332,1.4706,2.1554]",
1471,"[5.59332,1.467655,2.138633]",
1472,"[5.622778,1.409758,1.82656]",
1473,"[5.673328,1.379221,1.766508]",
1474,"[5.733965,1.342551,1.694474]",
1475,"[5.740686,1.32859,1.666295]",
1476,"[5.720404,1.333485,1.665586]",
1477,"[5.716941,1.328627,1.665465]",
1478,"[5.72574,1.320061,1.665773]",
1479,"[5.730337,1.31216,1.665933]",
1480,"[5.740524,1.303479,1.666289]",
1481,"[5.731495,1.305468,1.697409]",
1482,"[5.70787,1.317675,1.725474]",
1483,"[5.688091,1.327638,1.74897]",
1484,"[5.67355,1.334058,1.766245]",
1485,"[5.647136,1.350267,1.797623]",
1486,"[5.613369,1.374159,1.837738]",
1487,"[5.615245,1.376953,1.843707]",
1488,"[5.624782,1.384582,1.851734]",
1489,"[5.633374,1.39849,1.858966]",
1490,"[5.612555,1.494135,1.921645]",
1491,"[5.72696,1.547324,1.937745]",
1492,"[5.752146,1.592409,1.958947]",
1493,"[5.57726,1.967706,2.232122]",
1494,"[5.577421,1.97529,2.235814]",
1495,"[5.580664,2.046015,2.310081]",
1496,"[5.581482,2.063766,2.328823]",
1497,"[5.582645,2.087668,2.355474]",
1498,"[5.582633,2.084748,2.3552]",
1499,"[5.582664,2.083749,2.355895]",
1500,"[5.582798,2.075527,2.358972]",
1501,"[5.582857,2.071815,2.360324]",
1502,"[5.582778,2.059244,2.358511]",
1503,"[5.582455,2.042305,2.351112]",
1504,"[5.582326,2.032979,2.34817]",
1505,"[5.581976,2.021171,2.340136]",
1506,"[5.581464,2.002881,2.328408]",
1507,"[5.581301,1.996803,2.32468]",
1508,"[5.580989,1.989795,2.317533]",
1509,"[5.580793,1.985083,2.313041]",
1510,"[5.580724,1.981463,2.31147]",
1511,"[5.580733,1.9754,2.311684]",
1512,"[5.58079,1.972713,2.312965]",
1513,"[5.582596,1.958134,2.354334]",
1514,"[5.583457,1.95345,2.374055]",
1515,"[5.584893,1.949604,2.406945]",
1516,"[5.586428,1.946112,2.44211]",
1517,"[5.587104,1.944469,2.457604]",
1518,"[5.588398,1.93872,2.487213]",
1519,"[5.589059,1.935182,2.502364]",
1520,"[5.715676,1.916351,2.56454]",
1521,"[5.608872,1.913246,2.577155]",
1522,"[5.763804,1.898582,2.81172]",
1523,"[5.685608,1.899294,2.81172]",
1524,"[5.624799,1.899809,2.81172]",
1525,"[5.616,1.897781,2.821715]",
1526,"[5.616,1.896382,2.831168]",
1527,"[5.616,1.89501,2.835131]",
1528,"[5.616,1.893802,2.831312]",
1529,"[5.616,1.892569,2.829162]",
1530,"[5.616,1.891487,2.825401]",
1531,"[5.623901,1.888969,2.81172]",
1532,"[5.658183,1.886382,2.81172]",
1533,"[5.608872,1.89601,2.626231]",
1534,"[5.608872,1.896981,2.599577]",
1535,"[5.608872,1.899828,2.570935]",
1536,"[5.559124,1.902464,2.537714]",
1537,"[5.559526,1.902016,2.526177]",
1538,"[5.589301,1.900341,2.507917]",
1539,"[5.588969,1.900133,2.500309]",
1540,"[5.588463,1.899397,2.48871]",
1541,"[5.588352,1.899218,2.486167]",
1542,"[5.588252,1.899009,2.483875]",
1543,"[5.588137,1.898886,2.481248]",
1544,"[5.588119,1.899004,2.480842]",
1545,"[5.588106,1.898758,2.480529]",
1546,"[5.588092,1.89871,2.48022]",
1547,"[5.588041,1.899291,2.479047]",
1548,"[5.586909,1.903633,2.453136]",
1549,"[5.586305,1.90534,2.439292]",
1550,"[5.585539,1.907537,2.421752]",
1551,"[5.585244,1.908458,2.414994]",
1552,"[5.58491,1.909,2.407334]",
1553,"[5.584756,1.908583,2.403823]",
1554,"[5.584149,1.903953,2.389919]",
1555,"[5.58356,1.892606,2.376405]",
1556,"[5.95,1.76974,2.171101]",
1557,"[5.95,1.714522,2.112685]",
1558,"[5.574421,1.664201,2.099648]",
1559,"[5.683918,1.519779,1.901513]",
1560,"[5.632786,1.355288,1.662527]",
1561,"[5.852952,0.9005975,1.007465]",
1562,"[5.702878,0.9005975,1.033252]",
1563,"[5.385867,0.9005975,1.102291]",
1564,"[5.291712,0.8699197,1.087096]",
1565,"[5.027075,1.132533,1.518633]",
1566,"[4.913963,1.080454,1.518633]",
1567,"[4.863717,1.058641,1.518633]",
1568,"[4.76,1.010378,1.518633]",
1569,"[4.70381,0.6752424,1.176453]",
1570,"[4.624475,0.8371699,1.395]",
1571,"[4.58632,0.8371699,1.414704]",
1572,"[4.589765,0.8371699,1.435742]",
1573,"[4.620065,0.8146163,1.443686]",
1574,"[4.627022,0.7729831,1.421486]",
1575,"[4.688359,0.5773456,1.252997]",
1576,"[4.69592,0.5773456,1.25913]",
1577,"[4.698609,0.5773456,1.270166]",
1578,"[4.699564,0.5773456,1.276099]",
1579,"[4.693835,0.5773456,1.292988]",
1580,"[4.686943,0.5773456,1.303133]",
1581,"[4.678791,0.5773456,1.315803]",
1582,"[4.678049,0.5773456,1.319673]",
1583,"[4.683917,0.5773456,1.320507]",
1584,"[4.685877,0.5773456,1.321298]",
1585,"[4.698577,0.5773456,1.317871]",
1586,"[4.715376,0.5773456,1.310204]",
1587,"[4.721742,0.5773456,1.306009]",
1588,"[4.731656,0.5773456,1.300212]",
1589,"[4.736156,0.5773456,1.297793]",
1590,"[4.750218,0.8571894,1.518633]",
1591,"[4.75321,0.8596537,1.518633]",
1592,"[4.765036,0.8704471,1.518633]",
1593,"[4.768754,0.8760553,1.518633]",
1594,"[4.771468,0.881024,1.518633]",
1595,"[4.782588,0.9678275,1.518633]",
1596,"[4.783665,0.9847172,1.518633]",
1597,"[4.783668,1.009117,1.518633]",
1598,"[4.784965,1.021296,1.518633]",
1599,"[4.78729,1.038208,1.518633]",
1600,"[4.788586,1.045517,1.518633]",
1601,"[4.789473,1.052504,1.518633]",
1602,"[4.793834,1.063212,1.518633]",
1603,"[4.79527,1.068739,1.518633]",
1604,"[4.796991,1.078819,1.518633]",
1605,"[4.797796,1.083836,1.518633]",
1606,"[4.799037,1.097969,1.518633]",
1607,"[4.799433,1.108666,1.518633]",
1608,"[4.790599,1.189007,1.518633]",
1609,"[4.787786,1.212003,1.518633]",
1610,"[4.781814,1.3182,1.394393]",
1611,"[4.77835,1.3182,1.343278]",
1612,"[4.775469,1.3182,1.322728]",
1613,"[4.772152,1.3182,1.29704]",
1614,"[4.771251,1.3182,1.286747]",
1615,"[4.770089,1.3182,1.269824]",
1616,"[4.769846,1.3182,1.263574]",
1617,"[4.770241,1.3182,1.246847]",
1618,"[4.77123,1.3182,1.247445]",
1619,"[4.773311,1.3182,1.24279]",
1620,"[4.773674,1.3182,1.245745]",
1621,"[4.773577,1.3182,1.245852]",
1622,"[4.774179,1.3182,1.248033]",
1623,"[4.781398,1.3182,1.24913]",
1624,"[4.79276,1.3182,1.25105]",
1625,"[4.797857,1.3182,1.251896]",
1626,"[4.807086,1.3182,1.25476]",
1627,"[4.811572,1.3182,1.257501]",
1628,"[4.816356,1.3182,1.264066]",
1629,"[4.817118,1.3182,1.283994]",
1630,"[4.817363,1.3182,1.294618]",
1631,"[4.816842,1.3182,1.317176]",
1632,"[4.817266,1.3182,1.32279]",
1633,"[4.82806,1.3182,1.332989]",
1634,"[4.834105,1.3182,1.337378]",
1635,"[4.855436,1.3182,1.363202]",
1636,"[4.870147,1.190089,1.518633]",
1637,"[4.874111,1.170616,1.518633]",
1638,"[4.879479,1.100731,1.518633]",
1639,"[4.881942,1.068231,1.518633]",
1640,"[4.881689,1.029227,1.518633]",
1641,"[4.882979,1.020681,1.518633]",
1642,"[4.885366,1.00508,1.518633]",
1643,"[4.886473,0.9972674,1.518633]",
1644,"[4.883391,0.9969207,1.518633]",
1645,"[4.878267,1.004067,1.518633]",
1646,"[4.876217,1.006373,1.518633]",
1647,"[4.871474,1.011693,1.518633]",
1648,"[4.867564,1.015283,1.518633]",
1649,"[4.861767,1.024088,1.518633]",
1650,"[4.859688,1.02822,1.518633]",
1651,"[4.862034,1.095564,1.567053]",
1652,"[4.860995,1.092351,1.563917]",
1653,"[4.866654,1.161964,1.616511]",
1654,"[4.870085,1.189187,1.636064]",
1655,"[4.871815,1.189882,1.635438]",
1656,"[4.875744,1.190999,1.633512]",
1657,"[4.878681,1.192045,1.632112]",
1658,"[4.884154,1.194357,1.629975]",
1659,"[4.892523,1.195908,1.626825]",
1660,"[4.974567,1.216755,1.623006]",
1661,"[5.022012,1.230243,1.621118]",
1662,"[5.035883,1.235455,1.621177]",
1663,"[5.055983,1.243509,1.624397]",
1664,"[5.064906,1.246879,1.626727]",
1665,"[5.076901,1.252381,1.631464]",
1666,"[5.081846,1.254353,1.633515]",
1667,"[5.089734,1.25739,1.636817]",
1668,"[5.091229,1.258275,1.637631]",
1669,"[5.096322,1.259758,1.639465]",
1670,"[5.099829,1.26026,1.640429]",
1671,"[5.103665,1.260628,1.641411]",
1672,"[5.119177,1.26626,1.643634]",
1673,"[5.125074,1.267717,1.644448]",
1674,"[5.142056,1.275021,1.645647]",
1675,"[5.148742,1.277113,1.64602]",
1676,"[5.158013,1.277946,1.645448]",
1677,"[5.162079,1.27744,1.644742]",
1678,"[5.164344,1.275398,1.642994]",
1679,"[5.170254,1.270103,1.638409]",
1680,"[5.173324,1.265917,1.634789]",
1681,"[5.180437,1.256867,1.627349]",
1682,"[5.183423,1.251704,1.624146]",
1683,"[5.189867,1.24128,1.617784]",
1684,"[5.193038,1.237024,1.615863]",
1685,"[5.198459,1.227853,1.610238]",
1686,"[5.201602,1.223226,1.607458]",
1687,"[5.204571,1.217832,1.60347]",
1688,"[5.208876,1.209564,1.596459]",
1689,"[5.21047,1.206047,1.593014]",
1690,"[5.212344,1.197475,1.584569]",
1691,"[5.213325,1.193388,1.580824]",
1692,"[5.215789,1.185776,1.574178]",
1693,"[5.21752,1.182186,1.572451]",
1694,"[5.21934,1.178574,1.570886]",
1695,"[5.229365,1.169726,1.57179]",
1696,"[5.235647,1.165037,1.573159]",
1697,"[5.245616,1.155547,1.574697]",
1698,"[5.249599,1.150903,1.57557]",
1699,"[5.256198,1.141642,1.573782]",
1700,"[5.25957,1.136672,1.572212]",
1701,"[5.266452,1.126971,1.568668]",
1702,"[5.269962,1.122663,1.56711]",
1703,"[5.273464,1.118561,1.56513]",
1704,"[5.28113,1.110732,1.560758]",
1705,"[5.284283,1.106882,1.55759]",
1706,"[5.290356,1.099326,1.551213]",
1707,"[5.293193,1.096037,1.548343]",
1708,"[5.297978,1.090182,1.543045]",
1709,"[5.300166,1.087668,1.540535]",
1710,"[5.302543,1.081704,1.534925]",
1711,"[5.303585,1.078931,1.531994]",
1712,"[5.304854,1.075884,1.528772]",
1713,"[5.307139,1.070278,1.522537]",
1714,"[5.308105,1.067698,1.519579]",
1715,"[5.310097,1.062641,1.51346]",
1716,"[5.311013,1.060023,1.510912]",
1717,"[5.312835,1.056494,1.505815]",
1718,"[5.31386,1.055239,1.50319]",
1719,"[5.314938,1.054425,1.500218]",
1720,"[5.317764,1.052087,1.495098]",
1721,"[5.319295,1.050569,1.492846]",
1722,"[5.322237,1.045846,1.489257]",
1723,"[5.324001,1.043081,1.488071]",
1724,"[5.327074,1.038407,1.486094]",
1725,"[5.385542,0.9005975,1.372125]",
1726,"[5.386146,0.9005975,1.377092]",
1727,"[5.386437,0.9005975,1.37951]",
1728,"[5.386346,0.9005975,1.381624]",
1729,"[5.386905,0.9005975,1.387962]",
1730,"[5.386936,0.9005975,1.392146]",
1731,"[5.38705,0.9005975,1.400692]",
1732,"[5.386534,0.9005975,1.405623]",
1733,"[5.38361,0.9005975,1.415405]",
1734,"[5.381752,0.9005975,1.419461]",
1735,"[5.375732,0.9005975,1.42338]",
1736,"[5.372845,0.9005975,1.424241]",
1737,"[5.368288,0.9005975,1.423553]",
1738,"[5.354787,0.9005975,1.415687]",
1739,"[5.346873,0.9005975,1.410203]",
1740,"[5.323214,0.9005975,1.400164]",
1741,"[5.307046,0.9005975,1.398076]",
1742,"[5.291712,0.8278602,1.335949]",
1743,"[5.203965,0.5773456,1.132486]",
1744,"[5.156992,0.5773456,1.132312]",
1745,"[4.89573,1.053959,1.518632]",
1746,"[4.876109,1.052395,1.518632]",
1747,"[4.839078,1.041746,1.518632]",
1748,"[4.826855,1.035673,1.518632]",
1749,"[4.812394,1.025045,1.518632]",
1750,"[4.809447,1.020376,1.518632]",
1751,"[4.805953,1.008606,1.518632]",
1752,"[4.804973,1.002949,1.518632]",
1753,"[4.809072,0.999005,1.518632]",
1754,"[4.809755,0.9975492,1.518632]",
1755,"[4.812641,0.9954559,1.518632]",
1756,"[4.816966,0.9934077,1.518632]",
1757,"[4.818745,0.9929112,1.518632]",
1758,"[4.823916,0.9941274,1.518632]",
1759,"[4.825263,0.9943635,1.518632]",
1760,"[4.830977,0.9953223,1.518632]",
1761,"[4.833086,0.9965028,1.518632]",
1762,"[4.834487,0.9980555,1.518632]",
1763,"[4.83936,1.005262,1.518632]",
1764,"[4.841997,1.011241,1.518632]",
1765,"[4.847672,1.025292,1.518632]",
1766,"[4.849178,1.031443,1.518632]",
1767,"[4.847103,1.051553,1.518632]",
1768,"[4.843094,1.068643,1.518632]",
1769,"[4.757619,1.275681,1.518632]",
1770,"[4.743857,1.293898,1.518632]",
1771,"[4.622499,1.091375,1.237856]",
1772,"[4.512165,1.352474,1.39298]",
1773,"[3.824924,0.9769998,0.6014112]",
1774,"[3.633561,0.9596221,0.5062017]",
1775,"[3.56167,0.9619835,0.4951105]",
1776,"[3.430288,0.9619835,0.4824044]",
1777,"[3.427966,0.9619835,0.5002605]",
1778,"[3.484443,0.9619835,0.5658057]",
1779,"[3.499062,0.9619835,0.5870596]",
1780,"[3.549273,0.9619835,0.6156463]",
1781,"[3.627409,0.9412464,0.6302845]",
1782,"[3.639313,0.9232056,0.615253]",
1783,"[3.674365,0.8743445,0.5674235]",
1784,"[3.68093,0.862994,0.557741]",
1785,"[3.688959,0.8392763,0.5350523]",
1786,"[3.34606,0.5379524,0.05000011]",
1787,"[3.586313,0.7355561,0.3740151]",
1788,"[3.594256,0.728191,0.3651384]",
1789,"[3.379988,0.533175,0.05000035]",
1790,"[3.382692,0.5357963,0.05000011]",
1791,"[3.384723,0.5367697,0.05000011]",
1792,"[3.379066,0.5406206,0.05000011]",
1793,"[3.380903,0.5409918,0.05000011]",
1794,"[3.380652,0.5419916,0.05000011]",
1795,"[3.389666,0.5415986,0.05000011]",
1796,"[3.390615,0.5432326,0.05000011]",
1797,"[3.389854,0.5454767,0.05000035]",
1798,"[3.38761,0.5467217,0.05000035]",
1799,"[3.689717,0.8546368,0.5343872]",
1800,"[3.669755,0.8798214,0.5739411]",
1801,"[3.628538,0.9186805,0.631647]",
1802,"[3.468212,0.9545146,0.6932298]",
1803,"[3.243372,0.8557283,0.5345896]",
1804,"[3.13976,0.8557283,0.5376983]",
1805,"[3.12516,0.8557283,0.5395025]",
1806,"[3.113328,0.8557283,0.5503308]",
1807,"[3.118127,0.8557283,0.5605299]",
1808,"[3.157932,0.8557283,0.5973771]",
1809,"[3.16268,0.8452715,0.6029561]",
1810,"[3.190819,0.8028883,0.6029561]",
1811,"[3.196883,0.7722251,0.6029561]",
1812,"[3.198269,0.7472484,0.6029561]",
1813,"[3.184264,0.6460796,0.6029561]",
1814,"[3.173144,0.5917017,0.6029561]",
1815,"[3.144018,0.4334236,0.6029561]",
1816,"[3.134553,0.3899694,0.6029561]",
1817,"[3.127749,0.3243131,0.6029561]",
1818,"[3.133725,0.3114498,0.6029561]",
1819,"[3.13763,0.2959687,0.6029561]",
1820,"[3.147448,0.2741764,0.6029561]",
1821,"[3.152995,0.2664257,0.6029561]",
1822,"[3.1593,0.2573544,0.6029561]",
1823,"[3.160218,0.246066,0.6029561]",
1824,"[3.155019,0.2041484,0.6029561]",
1825,"[3.119324,0.1,0.7056888]",
1826,"[3.171273,0.1,0.8836015]",
1827,"[3.198247,0.1,0.9602724]",
1828,"[3.212009,0.1,1.012124]",
1829,"[3.240515,0.1,1.109331]",
1830,"[3.240149,0.1,1.123605]",
1831,"[3.220005,0.1,1.135735]",
1832,"[3.203031,0.1,1.135391]",
1833,"[3.191449,0.1500264,1.131584]",
1834,"[3.196016,0.1768363,1.138774]",
1835,"[3.189971,0.2013278,1.129259]",
1836,"[3.176994,0.1844151,1.108827]",
1837,"[3.157422,0.1527413,1.078015]",
1838,"[3.489525,0.1,0.8119041]",
1839,"[3.560529,0.1,0.7754581]",
1840,"[4.058209,0.6482265,1.025966]",
1841,"[4.095353,0.678108,1.025966]",
1842,"[4.138494,0.7145985,1.025966]",
1843,"[4.141106,0.7200104,1.025966]",
1844,"[4.141865,0.7317353,1.025966]",
1845,"[4.136521,0.7417353,1.025966]",
1846,"[4.12497,0.7541538,1.025966]",
1847,"[4.029184,0.7567828,1.025966]",
1848,"[2.996099,0.1,0.7052912]",
1849,"[2.921378,0.6298554,1.33554]",
1850,"[2.775165,0.5806856,1.363334]",
1851,"[2.658549,0.7843194,1.799915]",
1852,"[2.688235,0.8436443,1.886274]",
1853,"[2.705286,0.8832921,1.960075]",
1854,"[2.050001,0.5872049,2.151261]",
1855,"[2.050001,0.5900731,2.169809]",
1856,"[2.050001,0.6011181,2.242913]",
1857,"[2.050001,0.5892422,2.242028]",
1858,"[2.214192,0.6002312,2.123526]",
1859,"[2.231047,0.6002312,2.107417]",
1860,"[2.666345,0.8057917,1.98826]",
1861,"[2.70589,0.7934049,1.930523]",
1862,"[2.698018,0.7732268,1.907253]",
1863,"[2.692243,0.7451869,1.889083]",
1864,"[2.69341,0.7331755,1.891284]",
1865,"[2.599391,0.662334,2.038589]",
1866,"[3.005,0.8750635,2.367475]",
1867,"[3.005,0.8562728,2.490453]",
1868,"[3.005,0.8368874,2.56258]",
1869,"[2.690275,0.5806857,2.829453]",
1870,"[2.742003,0.5806857,2.936746]",
1871,"[2.79177,0.6002312,2.964729]",
1872,"[2.827805,0.6002312,2.995949]",
1873,"[2.838096,0.6002312,2.987785]",
1874,"[2.849714,0.585635,2.956801]",
1875,"[2.856137,0.5806857,2.937989]",
1876,"[2.874522,0.5806857,2.864839]",
1877,"[2.880096,0.5806857,2.831107]",
1878,"[2.887039,0.5806857,2.767662]",
1879,"[2.8928,0.5806857,2.712685]",
1880,"[3.005,0.6835933,2.607955]",
1881,"[3.005,0.6885975,2.576078]",
1882,"[3.005,0.691142,2.567503]",
1883,"[3.005,0.7118778,2.584796]",
1884,"[3.005,0.7188415,2.595735]",
1885,"[2.840475,0.5806857,2.721875]",
1886,"[2.837028,0.5806857,2.729342]",
1887,"[2.834153,0.5806857,2.736822]",
1888,"[2.831638,0.5806857,2.742725]",
1889,"[2.831741,0.5806857,2.741957]",
1890,"[2.834752,0.5806857,2.728751]",
1891,"[3.005,0.733768,2.613276]",
1892,"[3.005,0.7453176,2.542104]",
1893,"[3.005,0.750565,2.518768]",
1894,"[3.005,0.8638871,2.378346]",
1895,"[2.985113,0.8988907,2.328815]",
1896,"[2.967466,0.8988907,2.32067]",
1897,"[2.944472,0.8988907,2.310727]",
1898,"[2.938727,0.8988907,2.308075]",
1899,"[2.935895,0.8988907,2.309436]",
1900,"[2.935242,0.8988907,2.309855]",
1901,"[2.934536,0.8988907,2.310088]",
1902,"[2.934341,0.8988907,2.310001]",
1903,"[2.934172,0.8988907,2.310101]",
1904,"[2.933339,0.8988907,2.310056]",
1905,"[2.931565,0.8988907,2.309884]",
1906,"[2.918879,0.8988907,2.305332]",
1907,"[2.900505,0.8988907,2.293687]",
1908,"[2.854031,0.8988907,2.229325]",
1909,"[2.461193,0.6298806,2.24813]",
1910,"[2.443557,0.6298806,2.178205]",
1911,"[2.669903,0.5942996,1.213959]",
1912,"[2.695977,0.5942996,1.142619]",
1913,"[3.076261,0.8926547,1.24696]",
1914,"[3.095712,0.8887271,1.209258]",
1915,"[3.097747,0.8742745,1.205313]",
1916,"[3.090114,0.8588967,1.220108]",
1917,"[3.085379,0.8449465,1.229287]",
1918,"[2.98503,0.7546079,1.207219]",
1919,"[2.782938,0.5806856,1.191177]",
1920,"[2.772998,0.5806856,1.22538]",
1921,"[2.767315,0.5806856,1.242125]",
1922,"[2.754138,0.5806856,1.27648]",
1923,"[2.749069,0.5844557,1.306527]",
1924,"[2.749069,0.5890957,1.325558]",
1925,"[2.749069,0.5881459,1.326356]",
1926,"[2.750096,0.5806856,1.309502]",
1927,"[2.793216,0.5806856,1.271027]",
1928,"[2.827891,0.5806856,1.245367]",
1929,"[2.874203,0.5806856,1.198424]",
1930,"[2.891868,0.5806856,1.175423]",
1931,"[3.081574,0.7555777,1.236662]",
1932,"[3.102033,0.7596919,1.197006]",
1933,"[3.164056,0.7671909,1.076786]",
1934,"[3.200014,0.765426,1.007089]",
1935,"[3.561497,0.8402849,0.7083158]",
1936,"[3.601538,0.8368302,0.6589735]",
1937,"[3.56297,0.4586707,0.05000034]",
1938,"[3.813537,0.9030536,0.5923469]",
1939,"[3.860359,0.9365657,0.6296177]",
1940,"[3.852088,0.9123913,0.6230336]",
1941,"[3.853135,0.9058979,0.6238673]",
1942,"[3.648361,0.3900458,0.05000021]",
1943,"[3.650697,0.6507722,0.4508636]",
1944,"[3.622123,0.7674403,0.6399957]",
1945,"[3.602292,0.7701109,0.6540581]",
1946,"[3.587509,0.7701109,0.660939]",
1947,"[3.551821,0.7701108,0.6736826]",
1948,"[3.551288,0.7991302,0.707572]",
1949,"[3.55474,0.8248958,0.7115797]",
1950,"[3.56127,0.8352891,0.7070062]",
1951,"[3.573535,0.8497782,0.69682]",
1952,"[3.579439,0.8547092,0.6912695]",
1953,"[3.581555,0.8588431,0.6900296]",
1954,"[3.588347,0.8669208,0.6844069]",
1955,"[3.59152,0.8707255,0.6817895]",
1956,"[3.599683,0.8771801,0.6722916]",
1957,"[3.604401,0.8811597,0.6661282]",
1958,"[3.605762,0.8864136,0.6646606]",
1959,"[3.606307,0.8887826,0.6638811]",
1960,"[3.601255,0.8978882,0.6710131]",
1961,"[3.598863,0.9040637,0.6743842]",
1962,"[3.59433,0.9100256,0.680792]",
1963,"[3.591482,0.9201881,0.684797]",
1964,"[3.59213,0.9236179,0.6838661]",
1965,"[3.525708,0.4466574,0.05000046]",
1966,"[3.559056,0.4597342,0.05000046]",
1967,"[3.619658,0.4754962,0.05000045]",
1968,"[3.811825,0.9466541,0.5909838]",
1969,"[3.836965,0.9596022,0.610996]",
1970,"[3.843781,0.9623625,0.616421]",
1971,"[3.847399,0.9638011,0.6193011]",
1972,"[3.84872,0.9634957,0.6203529]",
1973,"[3.504467,0.4626131,0.05000034]",
1974,"[3.542873,0.9619835,0.598927]",
1975,"[3.507188,0.9619835,0.5988317]",
1976,"[3.470993,0.9619835,0.6006442]",
1977,"[3.459382,0.9619835,0.6016012]",
1978,"[3.453978,0.9619835,0.6012544]",
1979,"[3.447286,0.9619835,0.5992665]",
1980,"[3.444794,0.9619834,0.5973917]",
1981,"[3.442703,0.9619835,0.5847042]",
1982,"[3.443659,0.9619835,0.5759577]",
1983,"[3.451697,0.9619835,0.5677093]",
1984,"[3.456855,0.9619835,0.5642868]",
1985,"[3.464054,0.9619835,0.5624529]",
1986,"[3.465928,0.9619835,0.5629091]",
1987,"[3.467345,0.9619836,0.5634525]",
1988,"[3.468839,0.9619835,0.5647663]",
1989,"[3.468657,0.9619835,0.5656056]",
1990,"[3.466237,0.9619835,0.567258]",
1991,"[3.464055,0.9619835,0.5680399]",
1992,"[3.459929,0.9619835,0.5741609]",
1993,"[3.459773,0.9619834,0.5799074]",
1994,"[3.467381,0.9619835,0.5957394]",
1995,"[3.474617,0.9619834,0.6040062]",
1996,"[3.484385,0.9619834,0.6128342]",
1997,"[3.517118,0.9619835,0.6331993]",
1998,"[3.610353,0.7701109,0.6816213]",
1999,"[3.652625,0.4204234,0.5795857]",
2000,"[3.66248,0.3245997,0.548085]",
2001,"[3.694327,0.232202,0.5313653]",
2002,"[3.696161,0.148758,0.4956295]",
2003,"[3.713426,0.1422262,0.4993388]",
2004,"[3.736552,0.1,0.4823347]",
2005,"[3.777495,0.1,0.4820586]",
2006,"[3.827706,0.1,0.4832871]",
2007,"[3.938592,0.1,0.5123498]",
2008,"[4.015594,0.2129298,0.5911082]",
2009,"[4.035598,0.2129298,0.5964091]",
2010,"[4.052925,0.2129298,0.6007774]",
2011,"[4.055492,0.2129298,0.6019592]",
2012,"[4.058887,0.2129298,0.6033189]",
2013,"[4.064857,0.2129298,0.6051866]",
2014,"[4.067451,0.2129298,0.6055882]",
2015,"[4.067616,0.2129298,0.6049222]",
2016,"[4.066794,0.2129298,0.6031097]",
2017,"[4.064237,0.2129298,0.5994515]",
2018,"[4.058808,0.2129298,0.5970714]",
2019,"[4.042233,0.2129298,0.588919]",
2020,"[4.029359,0.2129298,0.5824303]",
2021,"[4.014596,0.2129298,0.5753971]",
2022,"[3.714741,0.1,0.336124]",
2023,"[3.649607,0.7253739,0.5726793]",
2024,"[3.614363,0.9288556,0.6510577]",
2025,"[3.592391,0.9540424,0.6507587]",
2026,"[3.556624,0.9619835,0.6356266]",
2027,"[3.543158,0.9619835,0.6285098]",
2028,"[3.541014,0.9619835,0.6268098]",
2029,"[3.539918,0.9619835,0.6252948]",
2030,"[3.544239,0.9619835,0.6213712]",
2031,"[3.594585,0.9619835,0.5947329]",
2032,"[3.630606,0.9619835,0.5793452]",
2033,"[4.057034,0.9980045,0.6039253]",
2034,"[4.07554,0.9980045,0.6021351]",
2035,"[4.286536,0.9980045,0.62734]",
2036,"[4.316416,0.9980045,0.6336141]",
2037,"[4.395208,0.8385447,0.4854363]",
2038,"[4.417011,0.8385456,0.4921418]",
2039,"[4.419548,0.8385458,0.4952072]",
2040,"[4.410548,0.8385456,0.5024633]",
2041,"[4.337953,0.9980045,0.6556261]",
2042,"[4.3258,0.9980045,0.6580861]",
2043,"[4.307078,0.9980045,0.6601046]",
2044,"[4.28103,0.9980045,0.6611225]",
2045,"[4.271062,0.9980045,0.6610484]",
2046,"[4.265365,0.9980045,0.6605885]",
2047,"[4.258297,0.9980045,0.6588975]",
2048,"[4.253304,0.9980045,0.6589801]",
2049,"[4.246629,0.9980045,0.6588911]",
2050,"[4.244367,0.9980045,0.6586311]",
2051,"[4.241199,0.9980045,0.6583692]",
2052,"[4.239901,0.9980045,0.6583461]",
2053,"[4.23852,0.9980045,0.6585218]",
2054,"[4.236547,0.9980045,0.6586467]",
2055,"[4.235282,0.9980045,0.6588646]",
2056,"[4.232866,0.9980045,0.6590273]",
2057,"[4.231535,0.9980045,0.658976]",
2058,"[4.229243,0.9980045,0.6594945]",
2059,"[4.22825,0.9980045,0.6600225]",
2060,"[4.226498,0.9980045,0.6608911]",
2061,"[4.22563,0.9980045,0.661116]",
2062,"[4.224703,0.9980045,0.6611581]",
2063,"[4.222823,0.9980045,0.6608652]",
2064,"[4.221523,0.9980045,0.6604892]",
2065,"[4.217275,0.9980045,0.6601448]",
2066,"[4.212381,0.9980045,0.6593277]",
2067,"[4.188244,0.9980045,0.6556059]",
2068,"[4.090131,0.9980045,0.6391872]",
2069,"[3.693069,0.9140157,0.5123454]",
2070,"[3.68122,0.9486355,0.5431755]",
2071,"[3.655167,0.9619835,0.5539564]",
2072,"[3.342204,0.9619834,0.538969]",
2073,"[3.291494,0.9462742,0.5260012]",
2074,"[3.17187,0.8557283,0.450165]",
2075,"[3.163244,0.8557283,0.4610155]",
2076,"[3.162532,0.8557283,0.4832355]",
2077,"[3.169832,0.8557283,0.492325]",
2078,"[3.196006,0.8557283,0.5039219]",
2079,"[3.221284,0.8557283,0.518435]",
2080,"[3.254953,0.8557283,0.5317615]",
2081,"[3.324332,0.8895778,0.5738192]",
2082,"[3.372451,0.9348336,0.6164559]",
2083,"[3.401886,0.9521209,0.6329932]",
2084,"[3.405898,0.9532962,0.6348751]",
2085,"[3.421325,0.9591227,0.6393929]",
2086,"[3.427716,0.9614907,0.6413583]",
2087,"[3.430964,0.9619834,0.6422158]",
2088,"[3.433814,0.9619834,0.6444532]",
2089,"[3.434411,0.9619834,0.6464671]",
2090,"[3.313636,0.7925865,0.6029561]",
2091,"[3.292245,0.7645908,0.6029561]",
2092,"[3.255556,0.7099093,0.6029561]",
2093,"[3.249764,0.6963137,0.6029561]",
2094,"[3.242146,0.6767772,0.6029561]",
2095,"[3.239671,0.6696518,0.6029561]",
2096,"[3.237062,0.6627079,0.6029561]",
2097,"[3.235246,0.6535547,0.6029561]",
2098,"[3.235956,0.6505216,0.6029561]",
2099,"[3.241133,0.6451605,0.6029561]",
2100,"[3.244949,0.6431258,0.6029561]",
2101,"[3.251416,0.6410753,0.6029561]",
2102,"[3.254677,0.6403654,0.6029561]",
2103,"[3.258722,0.6400438,0.6029561]",
2104,"[3.264767,0.6383776,0.6029561]",
2105,"[3.267253,0.6375964,0.6029561]",
2106,"[3.271199,0.6369243,0.6029561]",
2107,"[3.272796,0.636824,0.6029561]",
2108,"[3.275267,0.6360272,0.6029561]",
2109,"[3.276349,0.6354837,0.6029561]",
2110,"[3.281639,0.6378595,0.6029561]",
2111,"[3.289411,0.6423197,0.6029561]",
2112,"[3.311881,0.6566876,0.6029561]",
2113,"[3.579993,0.8806925,0.6988375]",
2114,"[3.611159,0.8317693,0.6457776]",
2115,"[3.982487,0.9980045,0.6941902]",
2116,"[4.015886,0.9980045,0.6881222]",
2117,"[4.401728,0.8385451,0.4946952]",
2118,"[4.435052,0.8385464,0.4954902]",
2119,"[4.465795,0.8385478,0.5037389]",
2120,"[4.473466,0.8295541,0.5010538]",
2121,"[4.479166,0.8295541,0.5084513]",
2122,"[4.478224,0.8295541,0.5235007]",
2123,"[4.472238,0.8295541,0.5283173]",
2124,"[4.351774,0.9980045,0.6837325]",
2125,"[4.317959,0.9980045,0.6851471]",
2126,"[4.276435,0.9980045,0.6850924]",
2127,"[4.263291,0.9980045,0.6848148]",
2128,"[4.249452,0.9980045,0.6826749]",
2129,"[4.245131,0.9980045,0.6810711]",
2130,"[4.24186,0.9980045,0.6797737]",
2131,"[4.238106,0.9980045,0.6761643]",
2132,"[4.236745,0.9980045,0.6746588]",
2133,"[4.23215,0.9980045,0.6720624]",
2134,"[4.230634,0.9980045,0.6711187]",
2135,"[4.226395,0.9980045,0.6699226]",
2136,"[4.223497,0.9980045,0.6701034]",
2137,"[4.221315,0.9980045,0.6705074]",
2138,"[4.219054,0.9980045,0.6715331]",
2139,"[4.218142,0.9980045,0.6727168]",
2140,"[4.216103,0.9980045,0.6750829]",
2141,"[4.215034,0.9980045,0.6762227]",
2142,"[4.213902,0.9980045,0.6786708]",
2143,"[4.21361,0.9980045,0.6801882]",
2144,"[4.212726,0.9980045,0.6811235]",
2145,"[4.212361,0.9980045,0.6813629]",
2146,"[4.212109,0.9980045,0.6816446]",
2147,"[4.209431,0.9980045,0.6819844]",
2148,"[4.208247,0.9980045,0.6816349]",
2149,"[4.20619,0.9980045,0.6819847]",
2150,"[4.203967,0.9980045,0.6826792]",
2151,"[4.192232,0.9980045,0.7025486]",
2152,"[4.185695,0.9980045,0.7154745]",
2153,"[4.120273,0.7600897,0.7611221]",
2154,"[4.106476,0.7600897,0.7940088]",
2155,"[4.097553,0.7600897,0.8116595]",
2156,"[4.086543,0.7411258,0.8235314]",
2157,"[4.081298,0.7043542,0.815285]",
2158,"[4.067659,0.2129298,0.5875597]",
2159,"[4.057163,0.2129298,0.6007553]",
2160,"[3.995453,0.2129298,0.6398313]",
2161,"[3.964189,0.2129298,0.6570906]",
2162,"[3.622171,0.1539836,0.6969628]",
2163,"[3.347509,0.1,0.7285082]",
2164,"[3.284627,0.1,0.7465402]",
2165,"[3.20033,0.1,0.774146]",
2166,"[3.167912,0.1,0.7921674]",
2167,"[3.15772,0.1,0.8125058]",
2168,"[3.160008,0.1,0.8167959]",
2169,"[3.168105,0.1,0.8266252]",
2170,"[3.173706,0.1,0.8311184]",
2171,"[3.17769,0.1,0.8381134]",
2172,"[3.202445,0.1,0.8478004]",
2173,"[3.226099,0.1,0.8503655]",
2174,"[3.25414,0.1,0.8599445]",
2175,"[3.269567,0.1,0.8598204]",
2176,"[3.28985,0.1,0.8667428]",
2177,"[3.301931,0.1,0.8695449]",
2178,"[3.326196,0.1,0.8787512]",
2179,"[3.337417,0.1,0.8856479]",
2180,"[3.349094,0.1,0.8901839]",
2181,"[3.366869,0.1,0.9086915]",
2182,"[3.452749,0.1,0.9034203]",
2183,"[3.519382,0.1,0.8948113]",
2184,"[3.532493,0.1,0.8976063]",
2185,"[3.563864,0.1,0.8997379]",
2186,"[3.574482,0.1,0.904847]",
2187,"[3.590432,0.1,0.902404]",
2188,"[3.596656,0.1,0.9034615]",
2189,"[3.602196,0.1,0.9010819]",
2190,"[3.619535,0.1,0.8785204]",
2191,"[3.639901,0.1,0.8465545]",
2192,"[3.657809,0.1,0.8259678]",
2193,"[3.666068,0.1,0.8102368]",
2194,"[3.67434,0.1,0.8021945]",
2195,"[3.677655,0.1,0.8009205]",
2196,"[3.68052,0.1,0.8035764]",
2197,"[3.685161,0.1,0.8087968]",
2198,"[3.687438,0.1,0.8056437]",
2199,"[3.688833,0.1,0.8033795]",
2200,"[3.686536,0.1,0.8031952]",
2201,"[3.672838,0.1,0.824756]",
2202,"[3.668696,0.1,0.8425952]",
2203,"[3.668693,0.1,0.8687562]",
2204,"[3.668208,0.1,0.8761916]",
2205,"[3.666599,0.1,0.8767111]",
2206,"[3.666146,0.1,0.8782147]",
2207,"[3.667266,0.1,0.8794373]",
2208,"[3.670292,0.1,0.8802421]",
2209,"[3.671569,0.1,0.88037]",
2210,"[3.671811,0.1,0.8787718]",
2211,"[3.670357,0.0999999,0.875644]",
2212,"[3.670635,0.1,0.8738087]",
2213,"[3.670342,0.1000001,0.8695158]",
2214,"[3.669998,0.1000001,0.8644754]",
2215,"[3.662495,0.1,0.8433409]",
2216,"[3.656409,0.1,0.8369318]",
2217,"[3.650606,0.1,0.828755]",
2218,"[3.64888,0.1,0.8241984]",
2219,"[3.647064,0.1,0.8152667]",
2220,"[3.645655,0.1,0.8100492]",
2221,"[3.6445,0.0999999,0.8053435]",
2222,"[3.641841,0.1,0.795838]",
2223,"[3.640971,0.1,0.7922744]",
2224,"[3.639456,0.1,0.7862939]",
2225,"[3.638453,0.1,0.7825503]",
2226,"[3.634788,0.1000001,0.7752867]",
2227,"[3.632578,0.1018794,0.7740589]",
2228,"[3.626171,0.1,0.7718992]",
2229,"[3.619356,0.1,0.7730724]",
2230,"[3.611952,0.1,0.7749673]",
2231,"[3.453381,0.1,0.8569216]",
2232,"[3.408315,0.1,0.8855117]",
2233,"[3.186568,0.3329571,1.141252]",
2234,"[3.173089,0.3329571,1.151186]",
2235,"[3.290138,0.5501339,1.250013]",
2236,"[3.290206,0.5617403,1.257466]",
2237,"[3.290246,0.5681916,1.26192]",
2238,"[3.290284,0.5740896,1.266119]",
2239,"[3.290284,0.5745708,1.266105]",
2240,"[3.290263,0.5670033,1.263802]",
2241,"[3.290243,0.5594504,1.261558]",
2242,"[3.290192,0.5450137,1.255889]",
2243,"[3.290121,0.5504178,1.248106]",
2244,"[3.29004,0.5558431,1.239109]",
2245,"[3.290025,0.5572912,1.237421]",
2246,"[3.290014,0.5585505,1.236247]",
2247,"[3.290001,0.561966,1.234863]",
2248,"[3.289999,0.5633234,1.234671]",
2249,"[3.289951,0.554436,1.229328]",
2250,"[3.289936,0.5543608,1.227669]",
2251,"[3.289808,0.5330375,1.213477]",
2252,"[3.289743,0.5224669,1.20629]",
2253,"[3.13104,0.3329571,1.104903]",
2254,"[3.132008,0.3329571,1.102284]",
2255,"[3.133395,0.3329571,1.101501]",
2256,"[3.152889,0.3329571,1.103311]",
2257,"[3.15551,0.3329571,1.103525]",
2258,"[3.159529,0.3329571,1.106767]",
2259,"[3.161666,0.3329571,1.108678]",
2260,"[3.162685,0.3329571,1.109236]",
2261,"[3.161957,0.3329571,1.106662]",
2262,"[3.160801,0.3329571,1.103733]",
2263,"[3.153051,0.3329571,1.095139]",
2264,"[3.144315,0.3329571,1.0878]",
2265,"[3.11395,0.3329571,1.071673]",
2266,"[3.289681,0.5515009,1.199464]",
2267,"[3.289855,0.5823452,1.218677]",
2268,"[3.289882,0.5903047,1.221687]",
2269,"[3.289898,0.5985254,1.223486]",
2270,"[3.288556,0.6002311,1.22373]",
2271,"[3.285312,0.6002311,1.223164]",
2272,"[3.282184,0.6002311,1.222342]",
2273,"[3.281409,0.6002311,1.222099]",
2274,"[3.285897,0.6002311,1.224247]",
2275,"[3.289625,0.6002311,1.225497]",
2276,"[3.287396,0.6002311,1.224116]",
2277,"[3.287067,0.6002311,1.222764]",
2278,"[3.284896,0.6002311,1.217872]",
2279,"[3.283962,0.6002311,1.216416]",
2280,"[3.283566,0.6002311,1.215826]",
2281,"[3.289882,0.5933989,1.221688]",
2282,"[3.289897,0.5880488,1.223345]",
2283,"[3.289931,0.5755849,1.227075]",
2284,"[3.289945,0.5702649,1.228599]",
2285,"[3.289971,0.5659076,1.231557]",
2286,"[3.289982,0.5664196,1.232713]",
2287,"[3.290029,0.5617217,1.237894]",
2288,"[3.29006,0.5560418,1.241337]",
2289,"[3.290102,0.5509977,1.245987]",
2290,"[3.290212,0.5404657,1.25813]",
2291,"[3.29026,0.5365376,1.263428]",
2292,"[3.290355,0.5294974,1.273964]",
2293,"[3.290404,0.5253741,1.279366]",
2294,"[3.00041,0.3329571,1.18629]",
2295,"[3.007148,0.3329571,1.191551]",
2296,"[3.010093,0.3329571,1.194566]",
2297,"[3.017689,0.3329571,1.200383]",
2298,"[3.021716,0.3329571,1.201674]",
2299,"[3.024502,0.3329571,1.201935]",
2300,"[3.025266,0.3329571,1.200476]",
2301,"[3.025226,0.3329571,1.199062]",
2302,"[3.026778,0.3329571,1.195661]",
2303,"[3.028593,0.3329571,1.18965]",
2304,"[3.029396,0.3329571,1.187677]",
2305,"[3.030694,0.3329571,1.185207]",
2306,"[3.032465,0.3329571,1.181186]",
2307,"[3.03345,0.3329571,1.179142]",
2308,"[3.03705,0.3329571,1.175891]",
2309,"[3.037896,0.3329571,1.174881]",
2310,"[3.038571,0.3329571,1.173692]",
2311,"[3.03857,0.3329571,1.173391]",
2312,"[3.038416,0.3329571,1.172758]",
2313,"[3.037908,0.3329571,1.172397]",
2314,"[3.037689,0.3329571,1.172144]",
2315,"[3.039033,0.3329571,1.171399]",
2316,"[3.040832,0.3329571,1.171213]",
2317,"[3.043633,0.3329571,1.170519]",
2318,"[3.045052,0.3329571,1.16967]",
2319,"[3.048029,0.3329571,1.166826]",
2320,"[3.04951,0.3329571,1.16504]",
2321,"[3.051358,0.3329571,1.163521]",
2322,"[3.055524,0.3329571,1.160458]",
2323,"[3.057112,0.3329571,1.159479]",
2324,"[3.062364,0.3329571,1.158506]",
2325,"[3.065452,0.3329571,1.158364]",
2326,"[3.070267,0.3329571,1.157424]",
2327,"[3.071631,0.3329571,1.156756]",
2328,"[3.071491,0.3329571,1.155422]",
2329,"[3.07134,0.3329571,1.154775]",
2330,"[3.070296,0.3329571,1.153809]",
2331,"[3.066692,0.3329571,1.150996]",
2332,"[3.063731,0.3329571,1.149484]",
2333,"[3.058402,0.3329571,1.147561]",
2334,"[3.054645,0.3329571,1.146514]",
2335,"[3.046089,0.3329571,1.14506]",
2336,"[3.044,0.3329571,1.145616]",
2337,"[3.041312,0.3329571,1.146316]",
2338,"[3.037119,0.3329571,1.148964]",
2339,"[3.035724,0.3329571,1.150776]",
2340,"[3.034275,0.3329571,1.153781]",
2341,"[3.033454,0.3329571,1.155221]",
2342,"[3.034633,0.3329571,1.16029]",
2343,"[3.036863,0.3329571,1.162337]",
2344,"[3.04403,0.3329571,1.166856]",
2345,"[3.047392,0.3329571,1.168354]",
2346,"[3.049912,0.3329571,1.169341]",
2347,"[3.056696,0.3329571,1.170703]",
2348,"[3.073618,0.3422858,1.177182]",
2349,"[3.187619,0.4171782,1.223014]",
2350,"[3.229106,0.4449488,1.239877]",
2351,"[3.23035,0.4456845,1.239887]",
2352,"[3.229599,0.4465694,1.240329]",
2353,"[3.228538,0.447934,1.240473]",
2354,"[3.227273,0.4498655,1.240361]",
2355,"[3.227463,0.4509915,1.239151]",
2356,"[3.228054,0.4537466,1.238582]",
2357,"[3.228609,0.4552938,1.238937]",
2358,"[3.231566,0.4578331,1.240727]",
2359,"[3.233317,0.4598285,1.241869]",
2360,"[3.238217,0.4640268,1.244739]",
2361,"[3.241384,0.4654564,1.246121]",
2362,"[3.221665,0.450068,1.237338]",
2363,"[3.228559,0.451007,1.239597]",
2364,"[2.735475,0.1,1.024192]",
2365,"[2.761947,0.1,1.029164]",
2366,"[2.776777,0.1,1.031185]",
2367,"[2.811807,0.1,1.036498]",
2368,"[2.840348,0.1,1.042876]",
2369,"[2.885958,0.09999996,1.053102]",
2370,"[2.921926,0.1,1.063423]",
2371,"[2.988013,0.1,1.079204]",
2372,"[3.014411,0.1,1.083181]",
2373,"[3.053103,0.1,1.087051]",
2374,"[3.476649,0.4317635,1.260251]",
2375,"[3.497077,0.4293363,1.256237]",
2376,"[3.521148,0.4281245,1.249831]",
2377,"[3.531305,0.427345,1.246962]",
2378,"[3.545507,0.4256686,1.243544]",
2379,"[3.552651,0.425068,1.24164]",
2380,"[3.558611,0.4245631,1.240543]",
2381,"[3.572443,0.4226255,1.237627]",
2382,"[3.578202,0.4212685,1.236506]",
2383,"[3.583177,0.4186337,1.235938]",
2384,"[3.584402,0.4165594,1.236698]",
2385,"[3.585496,0.4139205,1.239122]",
2386,"[3.585658,0.4128562,1.240809]",
2387,"[3.585189,0.4107883,1.244231]",
2388,"[3.584479,0.4093758,1.246262]",
2389,"[3.583797,0.4082959,1.247901]",
2390,"[3.581792,0.4066613,1.250656]",
2391,"[3.580215,0.4068775,1.251379]",
2392,"[3.577088,0.4071494,1.253048]",
2393,"[3.568407,0.4222497,1.2449]",
2394,"[3.56198,0.4340863,1.238054]",
2395,"[3.559919,0.437616,1.235714]",
2396,"[3.554425,0.4414164,1.232839]",
2397,"[3.551745,0.4422264,1.230587]",
2398,"[3.547165,0.4401527,1.226855]",
2399,"[3.514088,0.4030257,1.198056]",
2400,"[3.503006,0.3954329,1.190656]",
2401,"[3.47924,0.3785965,1.175485]",
2402,"[3.428342,0.3897048,1.18607]",
2403,"[3.364516,0.4367468,1.212653]",
2404,"[3.343782,0.4349385,1.210916]",
2405,"[3.278153,0.399628,1.185101]",
2406,"[3.258224,0.3852363,1.175331]",
2407,"[3.242456,0.3750286,1.16852]",
2408,"[3.22672,0.364011,1.164195]",
2409,"[3.224781,0.3637421,1.165388]",
2410,"[3.225445,0.3654877,1.168172]",
2411,"[3.208636,0.3515626,1.159366]",
2412,"[3.193755,0.3406011,1.152587]",
2413,"[3.188,0.336147,1.1497]",
2414,"[3.1831,0.3323205,1.147236]",
2415,"[3.176615,0.326582,1.144052]",
2416,"[3.184634,0.3329571,1.149215]",
2417,"[3.187526,0.3329571,1.149653]",
2418,"[3.193951,0.3329571,1.151133]",
2419,"[3.201213,0.3312539,1.150294]",
2420,"[3.201492,0.3284402,1.147395]",
2421,"[3.194346,0.3166016,1.136146]",
2422,"[3.191043,0.31159,1.130945]",
2423,"[3.188381,0.307737,1.126755]",
2424,"[3.182444,0.2996633,1.117408]",
2425,"[3.180101,0.2969624,1.11372]",
2426,"[3.173176,0.2900326,1.102818]",
2427,"[3.169852,0.2872691,1.097584]",
2428,"[3.154607,0.2792024,1.073584]",
2429,"[3.137074,0.2708909,1.045982]",
2430,"[3.080047,0.2310193,0.9562027]",
2431,"[3.042078,0.1978264,0.8964278]",
2432,"[3.035157,0.1515656,0.6029561]",
2433,"[3.137649,0.2302692,0.6029561]",
2434,"[3.166366,0.2509398,0.6029561]",
2435,"[3.200762,0.2700821,0.6029561]",
2436,"[3.211714,0.2746761,0.6029561]",
2437,"[3.215969,0.2754835,0.6029561]",
2438,"[3.214758,0.2732604,0.6029561]",
2439,"[3.214802,0.2729518,0.6029561]",
2440,"[3.214398,0.2742027,0.6029561]",
2441,"[3.214254,0.2755234,0.6029561]",
2442,"[3.222425,0.2886922,0.6029561]",
2443,"[3.224146,0.2994303,0.6029561]",
2444,"[3.235448,0.343196,0.6029561]",
2445,"[3.24179,0.3559466,0.6029561]",
2446,"[3.264807,0.3935726,0.6029561]",
2447,"[3.27923,0.4141271,0.6029561]",
2448,"[3.294102,0.4354067,0.6029561]",
2449,"[3.490387,0.726578,0.7422731]",
2450,"[3.498253,0.7494837,0.738425]",
2451,"[3.496145,0.770111,0.720621]",
2452,"[3.486482,0.770111,0.6995838]",
2453,"[3.478745,0.770111,0.6838871]",
2454,"[3.47924,0.770111,0.6850508]",
2455,"[3.480459,0.770111,0.6904514]",
2456,"[3.481985,0.770111,0.7026759]",
2457,"[3.482141,0.770111,0.7080663]",
2458,"[3.485451,0.770111,0.7230051]",
2459,"[3.48557,0.770111,0.7256039]",
2460,"[3.484263,0.7700198,0.7338138]",
2461,"[3.482188,0.767327,0.7369372]",
2462,"[3.474575,0.770111,0.7289606]",
2463,"[3.472856,0.770111,0.7294714]",
2464,"[3.462477,0.770111,0.7134219]",
2465,"[3.435222,0.770111,0.6707233]",
2466,"[3.40126,0.7970739,0.6169321]",
2467,"[3.41855,0.8932726,0.6491853]",
2468,"[3.426378,0.9267377,0.6602806]",
2469,"[3.41406,0.9619834,0.6247601]",
2470,"[3.406501,0.9619834,0.6066371]",
2471,"[3.390102,0.9619834,0.5669195]",
2472,"[3.392982,0.9619834,0.5714518]",
2473,"[3.404977,0.9619835,0.6003956]",
2474,"[3.416032,0.9615122,0.6287008]",
2475,"[3.419229,0.9582339,0.6389809]",
2476,"[3.424373,0.9387324,0.6589738]",
2477,"[3.419274,0.9216913,0.6539032]",
2478,"[3.39655,0.857559,0.626506]",
2479,"[3.382725,0.8223801,0.6073183]",
2480,"[3.331301,0.7218029,0.5298314]",
2481,"[3.331301,0.6960227,0.5108125]",
2482,"[3.412229,0.7997412,0.6266431]",
2483,"[3.438576,0.8094814,0.6507299]",
2484,"[3.448827,0.8119214,0.659793]",
2485,"[3.439037,0.770111,0.6366177]",
2486,"[3.449356,0.770111,0.6506598]",
2487,"[3.451341,0.770111,0.6578147]",
2488,"[3.450486,0.7701111,0.6566571]",
2489,"[3.448648,0.770111,0.6528028]",
2490,"[3.442186,0.770111,0.6422157]",
2491,"[3.441049,0.770111,0.6408732]",
2492,"[3.454483,0.8006718,0.6619233]",
2493,"[3.458527,0.8224115,0.6702349]",
2494,"[3.467281,0.8593158,0.6829365]",
2495,"[3.470499,0.8695797,0.6869884]",
2496,"[3.474162,0.8806086,0.6915058]",
2497,"[3.476059,0.887395,0.6940016]",
2498,"[3.478103,0.8948935,0.696718]",
2499,"[3.476313,0.8944405,0.6952301]",
2500,"[3.473567,0.8904294,0.6924648]",
2501,"[3.467007,0.8825019,0.6860987]",
2502,"[3.462909,0.8775848,0.6821277]",
2503,"[3.452126,0.8621753,0.6713175]",
2504,"[3.447101,0.8555564,0.6663611]",
2505,"[3.442878,0.8492951,0.662095]",
2506,"[3.437009,0.8395896,0.6560187]",
2507,"[3.43699,0.8305195,0.6542091]",
2508,"[3.439507,0.770111,0.6447946]",
2509,"[3.459849,0.770111,0.6664927]",
2510,"[3.486313,0.770111,0.687104]",
2511,"[3.496814,0.770111,0.694491]",
2512,"[3.517204,0.7701109,0.7024137]",
2513,"[3.527412,0.7701109,0.7034327]",
2514,"[3.535262,0.7701109,0.7028918]",
2515,"[3.549705,0.7701109,0.7009129]",
2516,"[3.556245,0.7701109,0.6990992]",
2517,"[3.556576,0.7701109,0.6713164]",
2518,"[3.568821,0.8034247,0.6878071]",
2519,"[3.56907,0.8212591,0.6931594]",
2520,"[3.567353,0.8344819,0.6994203]",
2521,"[3.567361,0.8345992,0.6994475]",
2522,"[3.623201,1.017411,0.8429787]",
2523,"[3.643721,1.096237,0.9023642]",
2524,"[3.516338,0.7701109,0.6323186]",
2525,"[3.514926,0.7701109,0.6328649]",
2526,"[3.509924,0.7701109,0.635527]",
2527,"[3.506397,0.7701109,0.6361077]",
2528,"[3.500594,0.7701109,0.6363099]",
2529,"[3.49966,0.7701109,0.6366236]",
2530,"[3.499485,0.7701109,0.6373156]",
2531,"[3.503896,0.7701109,0.6403946]",
2532,"[3.507356,0.7701109,0.642002]",
2533,"[3.512372,0.7701109,0.6454153]",
2534,"[3.515027,0.7701109,0.647655]",
2535,"[3.518342,0.7701109,0.649951]",
2536,"[3.51925,0.7701109,0.6506543]",
2537,"[3.519484,0.7701109,0.6516973]",
2538,"[3.519099,0.7701109,0.6517788]",
2539,"[3.513086,0.7701109,0.6460423]",
2540,"[3.507252,0.770111,0.6417251]",
2541,"[3.501511,0.770111,0.6379959]",
2542,"[3.4841,0.770111,0.6266131]",
2543,"[3.455221,0.770111,0.5996233]",
2544,"[3.428662,0.770111,0.5771568]",
2545,"[3.421439,0.770111,0.5729133]",
2546,"[3.414336,0.7701111,0.5704415]",
2547,"[3.412316,0.7701111,0.5707439]",
2548,"[3.410278,0.7701111,0.5720168]",
2549,"[3.409449,0.7701111,0.575713]",
2550,"[3.408928,0.7701111,0.5767374]",
2551,"[3.408405,0.7701111,0.577336]",
2552,"[3.408345,0.7701111,0.5773453]",
2553,"[3.40821,0.7701111,0.576574]",
2554,"[3.408072,0.7701111,0.5752885]",
2555,"[3.408235,0.7701111,0.5710329]",
2556,"[3.409387,0.7701111,0.5679997]",
2557,"[3.41066,0.7701111,0.5658699]",
2558,"[3.413024,0.7701111,0.5640376]",
2559,"[3.414547,0.7701111,0.564533]",
2560,"[3.41681,0.7701112,0.5657265]",
2561,"[3.417362,0.7701111,0.5661306]",
2562,"[3.418482,0.7701112,0.5661439]",
2563,"[3.420662,0.7701112,0.5548456]",
2564,"[3.421673,0.7701112,0.5463369]",
2565,"[3.422965,0.7701112,0.5322089]",
2566,"[3.423616,0.7701111,0.5261106]",
2567,"[3.424523,0.7701111,0.5137697]",
2568,"[3.425532,0.7701111,0.508683]",
2569,"[3.426532,0.7701111,0.4985204]",
2570,"[3.426981,0.7701111,0.4946783]",
2571,"[3.427164,0.7701111,0.487596]",
2572,"[3.427712,0.7701111,0.4846082]",
2573,"[3.428035,0.7701111,0.481067]",
2574,"[3.428596,0.7701111,0.4771331]",
2575,"[3.428819,0.7701111,0.4760187]",
2576,"[3.429282,0.7701111,0.4745777]",
2577,"[3.429546,0.7701111,0.4740431]",
2578,"[3.430679,0.7701112,0.4736239]",
2579,"[3.431593,0.7701111,0.4737278]",
2580,"[3.434655,0.7701112,0.4746357]",
2581,"[3.437691,0.7701111,0.4759363]",
2582,"[3.440824,0.7701111,0.4772345]",
2583,"[3.446836,0.7701111,0.4799252]",
2584,"[3.449909,0.7701111,0.4815297]",
2585,"[3.46131,0.7701111,0.5212463]",
2586,"[3.465044,0.7701111,0.5326606]",
2587,"[3.478667,0.7701111,0.6359113]",
2588,"[3.481265,0.7701111,0.6540002]",
2589,"[3.483132,0.7701111,0.6663886]",
2590,"[3.485055,0.770111,0.6838539]",
2591,"[3.48525,0.7701111,0.6908673]",
2592,"[3.485198,0.770111,0.6989564]",
2593,"[3.485281,0.770111,0.6998457]",
2594,"[3.526806,0.9241036,0.7941437]",
2595,"[3.558532,1.042191,0.8656797]",
2596,"[3.558364,1.041059,0.8654995]",
2597,"[3.557844,1.039193,0.8645962]",
2598,"[3.556896,1.035528,0.8625962]",
2599,"[3.554234,1.025145,0.8566642]",
2600,"[3.553044,1.020089,0.8538364]",
2601,"[3.550558,1.009548,0.8479118]",
2602,"[3.549625,1.005494,0.845624]",
2603,"[3.547211,0.9974013,0.8403777]",
2604,"[3.545967,0.9938048,0.8376827]",
2605,"[3.543682,0.9873306,0.8325331]",
2606,"[3.542588,0.9842941,0.8298832]",
2607,"[3.541433,0.98079,0.8270153]",
2608,"[3.539401,0.9748572,0.8220186]",
2609,"[3.538269,0.9713702,0.8192927]",
2610,"[3.536067,0.963821,0.8136817]",
2611,"[3.535,0.9605912,0.8113508]",
2612,"[3.533111,0.9533418,0.807183]",
2613,"[3.532311,0.9502363,0.8053994]",
2614,"[3.530624,0.9446881,0.8017249]",
2615,"[3.529312,0.9425328,0.8000795]",
2616,"[3.52802,0.9401544,0.7983179]",
2617,"[3.52492,0.9363146,0.7953908]",
2618,"[3.523536,0.9344919,0.7940561]",
2619,"[3.521217,0.9305804,0.7917388]",
2620,"[3.520437,0.9290174,0.7911147]",
2621,"[3.519408,0.9268591,0.7908273]",
2622,"[3.519011,0.9258395,0.7909407]",
2623,"[3.518618,0.9247808,0.7911674]",
2624,"[3.518049,0.9229494,0.7915444]",
2625,"[3.517868,0.9223571,0.7915586]",
2626,"[3.47649,0.770111,0.7018991]",
2627,"[3.476363,0.770111,0.701422]",
2628,"[3.476312,0.770111,0.7007868]",
2629,"[3.475842,0.770111,0.6993456]",
2630,"[3.475307,0.770111,0.6983494]",
2631,"[3.474329,0.770111,0.6964781]",
2632,"[3.473721,0.770111,0.6954508]",
2633,"[3.471604,0.770111,0.6942759]",
2634,"[3.470578,0.770111,0.6936979]",
2635,"[3.468753,0.770111,0.6931502]",
2636,"[3.467849,0.770111,0.6931767]",
2637,"[3.46604,0.770111,0.6935152]",
2638,"[3.46495,0.770111,0.693953]",
2639,"[3.462806,0.770111,0.6952575]",
2640,"[3.46182,0.770111,0.6961869]",
2641,"[3.460938,0.770111,0.6972561]",
2642,"[3.459533,0.770111,0.7005602]",
2643,"[3.459045,0.770111,0.7027252]",
2644,"[3.467106,0.7487183,0.7444666]",
2645,"[3.465593,0.7306579,0.7466029]",
2646,"[3.463599,0.7021452,0.7498999]",
2647,"[3.464697,0.6877586,0.7511605]",
2648,"[3.46541,0.6728069,0.7517365]",
2649,"[3.467243,0.65696,0.7519822]",
2650,"[3.435179,0.5227112,0.6906799]",
2651,"[3.441496,0.522711,0.6986363]",
2652,"[3.442303,0.5227112,0.6999435]",
2653,"[3.443063,0.522711,0.7014371]",
2654,"[3.443091,0.522711,0.7017068]",
2655,"[3.44285,0.5227112,0.7017404]",
2656,"[3.442353,0.522711,0.7011783]",
2657,"[3.441837,0.5227112,0.7005663]",
2658,"[3.440589,0.5227112,0.6988556]",
2659,"[3.439322,0.522711,0.6969831]",
2660,"[3.436707,0.5227112,0.6916071]",
2661,"[3.435181,0.522711,0.6877384]",
2662,"[3.432667,0.5227112,0.6807928]",
2663,"[3.431591,0.522711,0.6777005]",
2664,"[3.430129,0.522711,0.6737583]",
2665,"[3.429453,0.5227112,0.6728313]",
2666,"[3.42871,0.522711,0.6720583]",
2667,"[3.425585,0.522711,0.6703255]",
2668,"[3.423109,0.5227112,0.6693543]",
2669,"[3.409301,0.5227112,0.6637278]",
2670,"[3.396356,0.522711,0.6508268]",
2671,"[3.380052,0.522711,0.6369016]",
2672,"[3.374838,0.522711,0.6328593]",
2673,"[3.369575,0.522711,0.6285379]",
2674,"[3.368425,0.522711,0.6273915]",
2675,"[3.367748,0.522711,0.6265244]",
2676,"[3.367496,0.522711,0.6249943]",
2677,"[3.367826,0.5227109,0.6243043]",
2678,"[3.37055,0.5227109,0.6231595]",
2679,"[3.373438,0.5227109,0.6225082]",
2680,"[3.392352,0.522711,0.6198081]",
2681,"[3.403808,0.522711,0.6179081]",
2682,"[3.41967,0.522711,0.6152325]",
2683,"[3.425025,0.522711,0.6141682]",
2684,"[3.429952,0.5227109,0.6135761]",
2685,"[3.437687,0.5227109,0.612865]",
2686,"[3.440717,0.522711,0.6128154]",
2687,"[3.445491,0.5227109,0.61304]",
2688,"[3.44787,0.522711,0.6138569]",
2689,"[3.450343,0.522711,0.6158835]",
2690,"[3.451415,0.522711,0.6171587]",
2691,"[3.453121,0.522711,0.6197186]",
2692,"[3.453754,0.5227109,0.623487]",
2693,"[3.453924,0.522711,0.62534]",
2694,"[3.451097,0.522711,0.625073]",
2695,"[3.448785,0.522711,0.625042]",
2696,"[3.44581,0.5227109,0.6268513]",
2697,"[3.437646,0.522711,0.624118]",
2698,"[3.43248,0.522711,0.6217308]",
2699,"[3.42256,0.522711,0.6160346]",
2700,"[3.418437,0.522711,0.6138101]",
2701,"[3.581529,0.896724,0.8544675]",
2702,"[3.583191,0.900646,0.85704]",
2703,"[3.596598,0.9160166,0.8731229]",
2704,"[3.60752,0.9267825,0.8863885]",
2705,"[3.614622,0.9307883,0.8947734]",
2706,"[3.624463,0.9391797,0.9058955]",
2707,"[3.633321,0.9465002,0.9156115]",
2708,"[3.640069,0.9484642,0.9213405]",
2709,"[3.639005,0.9450586,0.9183661]",
2710,"[3.640127,0.9438549,0.9147574]",
2711,"[3.651957,0.9539064,0.9248909]",
2712,"[3.664593,0.9517116,0.9295866]",
2713,"[3.668108,0.9441059,0.9273596]",
2714,"[3.671453,0.9260066,0.9212126]",
2715,"[3.713819,0.8679943,0.9247952]",
2716,"[3.720071,0.8459053,0.9216174]",
2717,"[3.72678,0.8015915,0.9174578]",
2718,"[3.727384,0.7836853,0.9144855]",
2719,"[3.726546,0.7481772,0.9078519]",
2720,"[3.725847,0.7322128,0.9047316]",
2721,"[3.72426,0.7026812,0.8982801]",
2722,"[3.722928,0.6938484,0.8929267]",
2723,"[3.720907,0.6777065,0.8885634]",
2724,"[3.615883,0.2949018,0.6480368]",
2725,"[3.61687,0.2949017,0.6459632]",
2726,"[3.618536,0.2949017,0.6429964]",
2727,"[3.605129,0.2949018,0.6435136]",
2728,"[3.577946,0.2949017,0.6434862]",
2729,"[3.575272,0.3217901,0.6607798]",
2730,"[3.568236,0.3424405,0.673947]",
2731,"[3.565219,0.3508133,0.6794982]",
2732,"[3.561986,0.3589073,0.6852766]",
2733,"[3.556916,0.370238,0.6940714]",
2734,"[3.554831,0.3742323,0.6975584]",
2735,"[3.552546,0.3849085,0.70261]",
2736,"[3.551325,0.3938835,0.7059468]",
2737,"[3.554593,0.3954577,0.7020101]",
2738,"[3.556288,0.3968016,0.7000714]",
2739,"[3.561698,0.4048772,0.6946223]",
2740,"[3.564472,0.4097973,0.6919814]",
2741,"[3.566921,0.4121414,0.6892587]",
2742,"[3.570485,0.4169932,0.6855772]",
2743,"[3.572586,0.4214415,0.6837181]",
2744,"[3.575058,0.4308792,0.6823492]",
2745,"[3.567725,0.4589208,0.6973452]",
2746,"[3.558505,0.4827582,0.71357]",
2747,"[3.549736,0.5012056,0.7249568]",
2748,"[3.542697,0.5121313,0.734098]",
2749,"[3.536082,0.521075,0.742687]",
2750,"[3.533256,0.5172198,0.7463565]",
2751,"[3.528951,0.5104812,0.751947]",
2752,"[3.527411,0.5074484,0.753947]",
2753,"[3.526497,0.5048115,0.7551335]",
2754,"[3.554466,0.5480329,0.802529]",
2755,"[3.638365,0.6737339,0.9471679]",
2756,"[3.658672,0.7038198,0.9829909]",
2757,"[3.66234,0.7083541,0.9906268]",
2758,"[3.662235,0.7066622,0.9929156]",
2759,"[3.662217,0.7063761,0.9935893]",
2760,"[3.664284,0.7095624,0.998895]",
2761,"[3.665427,0.7116319,1.00205]",
2762,"[3.667685,0.715895,1.008268]",
2763,"[3.668906,0.7180388,1.011227]",
2764,"[3.672011,0.7230914,1.01723]",
2765,"[3.673802,0.7258316,1.020225]",
2766,"[3.676053,0.7291824,1.023975]",
2767,"[3.683647,0.7406344,1.036256]",
2768,"[3.68975,0.7498534,1.046198]",
2769,"[3.701168,0.7667806,1.064615]",
2770,"[3.706211,0.774008,1.072632]",
2771,"[3.713871,0.7844801,1.084588]",
2772,"[3.715823,0.7865524,1.087163]",
2773,"[3.716274,0.7861492,1.087144]",
2774,"[3.715209,0.7691688,1.079448]",
2775,"[3.713358,0.7590051,1.073395]",
2776,"[3.450351,0.294902,0.6129799]",
2777,"[3.455619,0.294902,0.6173766]",
2778,"[3.462756,0.2949019,0.6224832]",
2779,"[3.467278,0.2949019,0.6255726]",
2780,"[3.470443,0.2949019,0.6273428]",
2781,"[3.472142,0.2949019,0.6282538]",
2782,"[3.47412,0.294902,0.6293354]",
2783,"[3.476862,0.2949019,0.6310234]",
2784,"[3.478125,0.2949019,0.6319388]",
2785,"[3.478198,0.294902,0.6323482]",
2786,"[3.477356,0.294902,0.6323869]",
2787,"[3.476045,0.2949019,0.6327332]",
2788,"[3.475553,0.294902,0.6329761]",
2789,"[3.474925,0.294902,0.6315513]",
2790,"[3.474697,0.294902,0.629755]",
2791,"[3.472708,0.294902,0.6226939]",
2792,"[3.469457,0.2949019,0.6103998]",
2793,"[3.468252,0.2949019,0.6055685]",
2794,"[3.46656,0.2949019,0.5975958]",
2795,"[3.465597,0.2949019,0.5935898]",
2796,"[3.464186,0.2949019,0.5876949]",
2797,"[3.463545,0.2949019,0.5853661]",
2798,"[3.463038,0.2949019,0.5835149]",
2799,"[3.462397,0.2949019,0.5812228]",
2800,"[3.462186,0.2949019,0.580636]",
2801,"[3.459552,0.2949019,0.5752603]",
2802,"[3.457897,0.2949019,0.5721016]",
2803,"[3.455439,0.2949019,0.5673175]",
2804,"[3.454519,0.2949019,0.5654079]",
2805,"[3.452539,0.2949019,0.5605843]",
2806,"[3.451619,0.2949019,0.558263]",
2807,"[3.450742,0.2949019,0.5560144]",
2808,"[3.448801,0.2949019,0.5509875]",
2809,"[3.447903,0.2949019,0.5486298]",
2810,"[3.447074,0.2949019,0.5468684]",
2811,"[3.4467,0.2949019,0.546249]",
2812,"[3.44628,0.2949019,0.5457762]",
2813,"[3.446109,0.2949019,0.5453312]",
2814,"[3.445489,0.2949019,0.5444159]",
2815,"[3.445199,0.2949019,0.5438858]",
2816,"[3.444925,0.2949019,0.5433465]",
2817,"[3.444428,0.2949019,0.5422976]",
2818,"[3.44422,0.2949019,0.5418981]",
2819,"[3.444241,0.2949019,0.5418804]",
2820,"[3.69121,0.6791937,0.9820509]",
2821,"[3.694461,0.6837127,0.9880093]",
2822,"[3.696033,0.6860214,0.9910097]",
2823,"[3.691493,0.6789704,0.9833059]",
2824,"[3.687952,0.6728513,0.9759536]",
2825,"[3.687837,0.6702783,0.973134]",
2826,"[3.690599,0.6703506,0.9735969]",
2827,"[3.694075,0.6740552,0.9780452]",
2828,"[3.70167,0.6840805,0.9899052]",
2829,"[3.703917,0.6874589,0.9938525]",
2830,"[3.706767,0.6974676,1.003542]",
2831,"[3.70835,0.7037749,1.009236]",
2832,"[3.711104,0.7123588,1.017667]",
2833,"[3.688058,0.6822886,0.9808528]",
2834,"[3.646374,0.6189306,0.906782]",
2835,"[3.319023,0.1,0.305801]",
2836,"[3.31909,0.1,0.30608]",
2837,"[3.318879,0.1,0.3071244]",
2838,"[3.331301,0.1207814,0.3319043]",
2839,"[3.331301,0.1230031,0.3384409]",
2840,"[3.331301,0.1237315,0.3436573]",
2841,"[3.331301,0.1249719,0.3493604]",
2842,"[3.331301,0.1201028,0.3506854]",
2843,"[3.331301,0.1182072,0.3517007]",
2844,"[3.441382,0.294902,0.556903]",
2845,"[3.443669,0.2949019,0.5587777]",
2846,"[3.448702,0.2949019,0.562654]",
2847,"[3.452342,0.2949019,0.5632184]",
2848,"[3.455885,0.2949019,0.5638518]",
2849,"[3.474204,0.3163843,0.587862]",
2850,"[3.477093,0.3163843,0.5879716]",
2851,"[3.481506,0.3163843,0.5874057]",
2852,"[3.48306,0.3163843,0.5868031]",
2853,"[3.485497,0.3163843,0.5851302]",
2854,"[3.486232,0.3163843,0.5841893]",
2855,"[3.485934,0.3163843,0.5805372]",
2856,"[3.485552,0.3163843,0.5785404]",
2857,"[3.484642,0.3163843,0.5766374]",
2858,"[3.483361,0.3163843,0.5735802]",
2859,"[3.482828,0.3163843,0.5723798]",
2860,"[3.482127,0.3163843,0.5718593]",
2861,"[3.482069,0.3163843,0.5721071]",
2862,"[3.480615,0.3163843,0.5732864]",
2863,"[3.479071,0.3163843,0.5736808]",
2864,"[3.475176,0.3163843,0.5740588]",
2865,"[3.473701,0.3163843,0.5740096]",
2866,"[3.472633,0.3163843,0.5737688]",
2867,"[3.471334,0.3163843,0.5731024]",
2868,"[3.470985,0.3163843,0.5728177]",
2869,"[3.471478,0.3163843,0.5724982]",
2870,"[3.472167,0.3163843,0.5722504]",
2871,"[3.474299,0.3163843,0.5720367]",
2872,"[3.475672,0.3163843,0.5720887]",
2873,"[3.476843,0.3163843,0.5722183]",
2874,"[3.478662,0.3163843,0.5725403]",
2875,"[3.479151,0.3163843,0.5727391]",
2876,"[3.480163,0.3163843,0.5728396]",
2877,"[3.48071,0.3163843,0.5726586]",
2878,"[3.481846,0.3163843,0.5730203]",
2879,"[3.48288,0.3163843,0.5738016]",
2880,"[3.485419,0.3163843,0.5759662]",
2881,"[3.589249,0.5140363,0.805171]",
2882,"[3.549533,0.4371471,0.7167185]",
2883,"[3.549702,0.435701,0.7162167]",
2884,"[3.549465,0.4351174,0.7164092]",
2885,"[3.548145,0.4340252,0.7179111]",
2886,"[3.547305,0.4334241,0.7188837]",
2887,"[3.545309,0.4327136,0.721337]",
2888,"[3.544644,0.4325907,0.7221773]",
2889,"[3.543558,0.4327282,0.7236139]",
2890,"[3.542029,0.4331782,0.725687]",
2891,"[3.541235,0.4349046,0.7270555]",
2892,"[3.539799,0.4382846,0.7295792]",
2893,"[3.53904,0.4400368,0.730908]",
2894,"[3.538147,0.4415129,0.7323547]",
2895,"[3.537724,0.4422573,0.7330503]",
2896,"[3.53703,0.443158,0.734126]",
2897,"[3.536757,0.4433278,0.7345138]",
2898,"[3.536781,0.4434729,0.7345113]",
2899,"[3.536828,0.4436764,0.7344899]",
2900,"[3.536928,0.4436977,0.7343648]",
2901,"[3.537161,0.4437139,0.7340651]",
2902,"[3.537448,0.4436091,0.7336714]",
2903,"[3.538093,0.4433749,0.7327889]",
2904,"[3.538331,0.4432904,0.7324635]",
2905,"[3.538799,0.4434192,0.7318803]",
2906,"[3.539027,0.4436193,0.7316236]",
2907,"[3.539235,0.443866,0.7314016]",
2908,"[3.539562,0.4442313,0.7310491]",
2909,"[3.539686,0.4443495,0.7309099]",
2910,"[3.539821,0.4441952,0.7307048]",
2911,"[3.539882,0.4441291,0.7306128]",
2912,"[3.540037,0.4439236,0.7303707]",
2913,"[3.540166,0.443758,0.7301714]",
2914,"[3.540398,0.443531,0.7298255]",
2915,"[3.540552,0.4433739,0.7295951]",
2916,"[3.540726,0.4432697,0.7293494]",
2917,"[3.54111,0.4430367,0.7288051]",
2918,"[3.541327,0.4428348,0.7284836]",
2919,"[3.541616,0.4423038,0.7280043]",
2920,"[3.541643,0.4419503,0.7279005]",
2921,"[3.541566,0.44098,0.727811]",
2922,"[3.541461,0.4403605,0.7278264]",
2923,"[3.541205,0.4399526,0.7280793]",
2924,"[3.540678,0.4392585,0.7286289]",
2925,"[3.540329,0.438738,0.7289802]",
2926,"[3.539699,0.4374347,0.7295443]",
2927,"[3.539385,0.4368313,0.7298332]",
2928,"[3.538634,0.435822,0.730612]",
2929,"[3.5381,0.4351749,0.7311795]",
2930,"[3.536914,0.4345095,0.7325892]",
2931,"[3.536142,0.4341211,0.7335157]",
2932,"[3.535323,0.4336882,0.7344946]",
2933,"[3.533869,0.432539,0.7361586]",
2934,"[3.533254,0.4317664,0.7368057]",
2935,"[3.532138,0.4307325,0.7380537]",
2936,"[3.531796,0.4306884,0.7384891]",
2937,"[3.531332,0.4305287,0.7390612]",
2938,"[3.531604,0.4312949,0.7388569]",
2939,"[3.531862,0.4318174,0.7386233]",
2940,"[3.532884,0.4320581,0.7373441]",
2941,"[3.533347,0.4318732,0.7367066]",
2942,"[3.534215,0.4306465,0.7353396]",
2943,"[3.534694,0.4296815,0.73453]",
2944,"[3.535343,0.4289802,0.7335497]",
2945,"[3.535534,0.4286326,0.7332338]",
2946,"[3.536001,0.4285275,0.7326072]",
2947,"[3.536239,0.4285405,0.7323006]",
2948,"[3.536451,0.4288182,0.7320798]",
2949,"[3.536731,0.4295158,0.7318518]",
2950,"[3.53681,0.4298599,0.7318165]",
2951,"[3.536994,0.4301125,0.7316272]",
2952,"[3.537069,0.4300975,0.7315265]",
2953,"[3.537116,0.4303123,0.7315081]",
2954,"[3.537103,0.4304809,0.7315575]",
2955,"[3.53703,0.4307166,0.7316987]",
2956,"[3.536992,0.4307672,0.7317579]",
2957,"[3.536945,0.4308019,0.7318247]",
2958,"[3.536823,0.4308709,0.7319975]",
2959,"[3.536681,0.4310199,0.73221]",
2960,"[3.536537,0.4313281,0.7324573]",
2961,"[3.536457,0.43137,0.7325696]",
2962,"[3.536266,0.4316003,0.7328625]",
2963,"[3.536184,0.4316771,0.732984]",
2964,"[3.53608,0.4317898,0.7331412]",
2965,"[3.53575,0.4323435,0.7336785]",
2966,"[3.535517,0.4328105,0.734071]",
2967,"[3.53489,0.4339586,0.73511]",
2968,"[3.5345,0.4346039,0.7357419]",
2969,"[3.53397,0.43545,0.7365956]",
2970,"[3.533801,0.4357585,0.7368752]",
2971,"[3.533608,0.4360004,0.7371736]",
2972,"[3.533582,0.4359873,0.7372037]",
2973,"[3.533579,0.4359495,0.7372014]",
2974,"[3.533631,0.4359316,0.73713]",
2975,"[3.533686,0.4359837,0.7370683]",
2976,"[3.534151,0.4365228,0.7365705]",
2977,"[3.534569,0.4369605,0.7361131]",
2978,"[3.53545,0.4377327,0.7351199]",
2979,"[3.535856,0.4381677,0.7346767]",
2980,"[3.536328,0.438042,0.7340401]",
2981,"[3.53651,0.4379732,0.7337892]",
2982,"[3.536656,0.437911,0.7335882]",
2983,"[3.536573,0.437834,0.7336803]",
2984,"[3.536531,0.4378315,0.7337347]",
2985,"[3.536472,0.4378655,0.7338185]",
2986,"[3.536451,0.4378941,0.7338509]",
2987,"[3.536504,0.4378076,0.7337653]",
2988,"[3.536586,0.4376681,0.733632]",
2989,"[3.536709,0.4375264,0.7334441]",
2990,"[3.537017,0.4370859,0.7329587]",
2991,"[3.537066,0.4369947,0.7328768]",
2992,"[3.537203,0.4368322,0.7326677]",
2993,"[3.53728,0.4367657,0.7325542]",
2994,"[3.537375,0.4366483,0.7324079]",
2995,"[3.537409,0.4366008,0.7323541]",
2996,"[3.537423,0.4365212,0.7323211]",
2997,"[3.537408,0.4364998,0.7323356]",
2998,"[3.537378,0.4364951,0.7323738]",
2999,"[3.536514,0.4371355,0.7336211]",
3000,"[3.536109,0.4374781,0.7342131]",
3001,"[3.535754,0.4377227,0.7347219]",
3002,"[3.535753,0.4377015,0.7347201]",
3003,"[3.535693,0.4375365,0.7347652]",
3004,"[3.535633,0.4374754,0.7348319]",
3005,"[3.53557,0.4374626,0.734911]",
3006,"[3.535352,0.4375817,0.7352167]",
3007,"[3.535175,0.437703,0.7354703]",
3008,"[3.534772,0.4379959,0.7360508]",
3009,"[3.534549,0.4381285,0.7363663]",
3010,"[3.53411,0.4382825,0.7369663]",
3011,"[3.53401,0.4382754,0.7370952]",
3012,"[3.533806,0.4381528,0.737336]",
3013,"[3.533708,0.4379439,0.7374222]",
3014,"[3.5337,0.437737,0.7373918]",
3015,"[3.533712,0.4373817,0.7373074]",
3016,"[3.53375,0.4370698,0.737198]",
3017,"[3.533904,0.4358098,0.7367513]",
3018,"[3.556291,0.4762385,0.7845571]",
3019,"[3.655568,0.6610042,1.000489]",
3020,"[3.675614,0.6981959,1.04406]",
3021,"[3.679979,0.7050247,1.052861]",
3022,"[3.680403,0.7051123,1.05344]",
3023,"[3.680663,0.705347,1.053839]",
3024,"[3.681016,0.7054919,1.05432]",
3025,"[3.681164,0.7053097,1.054425]",
3026,"[3.681163,0.70481,1.054154]",
3027,"[3.681005,0.7042378,1.053611]",
3028,"[3.680667,0.7033805,1.052686]",
3029,"[3.679894,0.7014483,1.050562]",
3030,"[3.679119,0.6997156,1.048593]",
3031,"[3.676446,0.6940498,1.042086]",
3032,"[3.674079,0.6892073,1.036421]",
3033,"[3.665993,0.6731694,1.017287]",
3034,"[3.660192,0.6616132,1.003389]",
3035,"[3.650347,0.6414528,0.9790023]",
3036,"[3.646621,0.6340276,0.9698466]",
3037,"[3.640928,0.6222233,0.9540715]",
3038,"[3.63826,0.6164198,0.9459215]",
3039,"[3.484561,0.3163843,0.5934097]",
3040,"[3.484908,0.3163843,0.5930599]",
3041,"[3.484868,0.3163843,0.592828]",
3042,"[3.484787,0.3163843,0.5925179]",
3043,"[3.484699,0.3163843,0.592414]",
3044,"[3.484394,0.3163843,0.5918958]",
3045,"[3.484149,0.3163843,0.59128]",
3046,"[3.483988,0.3163843,0.590603]",
3047,"[3.484161,0.3163843,0.5908412]",
3048,"[3.484453,0.3163843,0.5912331]",
3049,"[3.485169,0.3163843,0.5916226]",
3050,"[3.485421,0.3163843,0.5915043]",
3051,"[3.48586,0.3163843,0.5916342]",
3052,"[3.486285,0.3163843,0.5922058]",
3053,"[3.486526,0.3163843,0.5941945]",
3054,"[3.485439,0.3163843,0.5950089]",
3055,"[3.483282,0.3163843,0.5982802]",
3056,"[3.482771,0.3163843,0.5995253]",
3057,"[3.482045,0.3163843,0.6008399]",
3058,"[3.480947,0.3163843,0.6026429]",
3059,"[3.479561,0.3163843,0.6040647]",
3060,"[3.465966,0.2949018,0.581818]",
3061,"[3.464829,0.2949019,0.5827919]",
3062,"[3.463907,0.2949019,0.583993]",
3063,"[3.463906,0.2949019,0.5845323]",
3064,"[3.467301,0.2949019,0.5838127]",
3065,"[3.481946,0.3163843,0.6075673]",
3066,"[3.485764,0.3163843,0.6073253]",
3067,"[3.492598,0.3163843,0.606015]",
3068,"[3.495648,0.3163843,0.6046868]",
3069,"[3.501428,0.3163843,0.6012475]",
3070,"[3.504158,0.3163843,0.5991698]",
3071,"[3.510008,0.3163843,0.595678]",
3072,"[3.511393,0.3163843,0.5935875]",
3073,"[3.512688,0.3163843,0.5913764]",
3074,"[3.513414,0.3163843,0.5877615]",
3075,"[3.513601,0.3163843,0.5862328]",
3076,"[3.513893,0.3163843,0.5834476]",
3077,"[3.513668,0.3163843,0.5824076]",
3078,"[3.513185,0.3163843,0.5809665]",
3079,"[3.512983,0.3163843,0.5805653]",
3080,"[3.512572,0.3163843,0.5797309]",
3081,"[3.512141,0.3163843,0.5791953]",
3082,"[3.511745,0.3163843,0.5786818]",
3083,"[3.510321,0.3163843,0.5777472]",
3084,"[3.509698,0.3163843,0.5773478]",
3085,"[3.508442,0.3163843,0.5767422]",
3086,"[3.507778,0.3163843,0.5766929]",
3087,"[3.506535,0.3163843,0.576649]",
3088,"[3.505843,0.3163843,0.5765775]",
3089,"[3.507048,0.3205644,0.5814278]",
3090,"[3.515617,0.3413182,0.6059601]",
3091,"[3.516422,0.3443685,0.6094695]",
3092,"[3.515772,0.3451803,0.6102762]",
3093,"[3.515338,0.3453261,0.6103513]",
3094,"[3.514777,0.3454779,0.6104713]",
3095,"[3.489878,0.2949017,0.5499148]",
3096,"[3.489278,0.2949018,0.5499728]",
3097,"[3.513116,0.3462528,0.6115425]",
3098,"[3.513086,0.3463395,0.6117635]",
3099,"[3.513041,0.3464999,0.6120435]",
3100,"[3.513007,0.3466042,0.6121427]",
3101,"[3.512885,0.3468615,0.6123494]",
3102,"[3.488279,0.2949018,0.5503889]",
3103,"[3.487775,0.2949018,0.5506516]",
3104,"[3.487401,0.2949017,0.5508736]",
3105,"[3.485965,0.2949018,0.5514619]",
3106,"[3.484819,0.2949018,0.5516984]",
3107,"[3.483607,0.2949019,0.5520205]",
3108,"[3.482098,0.2949019,0.5530797]",
3109,"[3.48197,0.2949018,0.5539269]",
3110,"[3.482119,0.2949019,0.5549833]",
3111,"[3.482146,0.2949019,0.5549796]",
3112,"[3.482002,0.2949019,0.5544322]",
3113,"[3.481919,0.2949019,0.5541809]",
3114,"[3.481917,0.2949018,0.553832]",
3115,"[3.481992,0.2949018,0.5537888]",
3116,"[3.482186,0.2949019,0.5537977]",
3117,"[3.482517,0.2949019,0.5544286]",
3118,"[3.482132,0.2949018,0.5549302]",
3119,"[3.587252,0.5174462,0.8193638]",
3120,"[3.602117,0.5491811,0.8574297]",
3121,"[3.629186,0.6068985,0.9269579]",
3122,"[3.642313,0.6349139,0.9604851]",
3123,"[3.651625,0.6551764,0.9845968]",
3124,"[3.64903,0.6500244,0.9784728]",
3125,"[3.646417,0.6447893,0.9721574]",
3126,"[3.64059,0.6323097,0.957238]",
3127,"[3.638247,0.6269143,0.9507703]",
3128,"[3.634818,0.6182497,0.9407114]",
3129,"[3.632784,0.6134079,0.9351356]",
3130,"[3.627204,0.6007109,0.92039]",
3131,"[3.624372,0.5939611,0.9124911]",
3132,"[3.621714,0.5873888,0.9048131]",
3133,"[3.618434,0.5774302,0.8930714]",
3134,"[3.617627,0.5741624,0.8889281]",
3135,"[3.61622,0.568047,0.8807608]",
3136,"[3.551198,0.4272881,0.7126314]",
3137,"[3.553436,0.4265047,0.7095724]",
3138,"[3.554835,0.4259287,0.7076429]",
3139,"[3.55672,0.4254295,0.7050984]",
3140,"[3.557692,0.4250516,0.7037619]",
3141,"[3.557624,0.4252656,0.7038926]",
3142,"[3.559212,0.423598,0.7015044]",
3143,"[3.559796,0.4219828,0.7004312]",
3144,"[3.560733,0.4193218,0.6986948]",
3145,"[3.56119,0.4181669,0.6978765]",
3146,"[3.561563,0.417164,0.6971962]",
3147,"[3.561193,0.4173779,0.6977183]",
3148,"[3.560067,0.4181381,0.6993291]",
3149,"[3.558999,0.4193636,0.7009553]",
3150,"[3.558073,0.4208725,0.7024517]",
3151,"[3.55633,0.4256042,0.7056382]",
3152,"[3.554829,0.4287272,0.7081968]",
3153,"[3.554148,0.4397036,0.7112235]",
3154,"[3.555062,0.4490451,0.7118608]",
3155,"[3.555292,0.4597711,0.7136547]",
3156,"[3.559792,0.4419312,0.7043295]",
3157,"[3.570059,0.4125539,0.6852642]",
3158,"[3.636015,0.2949016,0.6691188]",
3159,"[3.656026,0.2949017,0.6836665]",
3160,"[3.67442,0.2832671,0.6792283]",
3161,"[3.68376,0.2626866,0.6724535]",
3162,"[3.681776,0.1539836,0.5965492]",
3163,"[3.691852,0.1539834,0.5978451]",
3164,"[3.710078,0.1539836,0.5953962]",
3165,"[3.718458,0.1539836,0.5820974]",
3166,"[3.724254,0.1539836,0.5603387]",
3167,"[3.727771,0.1481994,0.5247428]",
3168,"[3.720153,0.1409388,0.5032462]",
3169,"[3.699804,0.1,0.1075264]",
3170,"[3.704396,0.1102927,0.05000033]",
3171,"[3.736357,0.1985127,0.05000032]",
3172,"[3.757107,0.2380326,0.05000044]",
3173,"[3.789084,0.3091993,0.05000056]",
3174,"[3.845665,0.6698229,0.4404985]",
3175,"[3.861885,0.7144392,0.4404985]",
3176,"[3.897405,0.9439409,0.6591061]",
3177,"[3.909266,0.9858577,0.6685475]",
3178,"[3.944495,1.148171,0.799293]",
3179,"[3.948274,0.9980045,0.5345361]",
3180,"[4.032995,1.309224,0.8049923]",
3181,"[4.171132,1.135034,0.3340316]",
3182,"[4.259225,1.191213,0.3340316]",
3183,"[4.301842,1.219698,0.3340316]",
3184,"[4.353352,1.243302,0.3340316]",
3185,"[4.258606,1.483902,0.8727137]",
3186,"[4.561073,1.262668,0.3340316]",
3187,"[4.725774,1.264559,0.3340316]",
3188,"[4.844517,1.271304,0.3340316]",
3189,"[5.302335,1.280136,0.4388268]",
3190,"[5.56599,1.36201,0.6811645]",
3191,"[5.734144,1.403433,0.8357227]",
3192,"[5.950001,1.401564,0.9032046]",
3193,"[5.950001,1.442714,1.054901]",
3194,"[5.95,1.462123,1.251759]",
3195,"[5.95,1.495578,1.433606]",
3196,"[5.659352,1.599141,1.783111]",
3197,"[5.759475,1.593474,1.965116]",
3198,"[5.694505,1.573365,2.525182]",
3199,"[5.556499,1.578192,2.594219]",
3200,"[5.531377,1.543042,2.970618]",
3201,"[5.95,1.406773,3.764369]",
3202,"[5.947161,1.375589,4.032158]",
3203,"[5.486408,1.48755,3.982543]",
3204,"[5.333694,1.537173,3.982647]",
3205,"[5.312331,1.562611,3.9827]",
3206,"[5.834413,1.494401,4.188728]",
3207,"[5.870897,1.487294,4.172231]",
3208,"[5.872187,1.483768,4.177109]",
3209,"[5.857162,1.477299,4.193995]",
3210,"[5.537612,1.520331,3.977176]",
3211,"[5.443854,1.524139,3.98262]",
3212,"[4.780128,1.59297,3.982764]",
3213,"[4.650484,1.628872,3.982839]",
3214,"[4.50774,1.648508,3.98288]",
3215,"[4.455246,1.652118,3.982888]",
3216,"[4.36305,1.649529,3.982882]",
3217,"[4.364035,1.649805,3.982883]",
3218,"[4.362727,1.651545,3.982887]",
3219,"[4.501288,1.673983,3.982934]",
3220,"[4.529788,1.67948,3.982945]",
3221,"[4.544428,1.685664,3.982958]",
3222,"[4.564559,1.690506,3.982968]",
3223,"[4.576087,1.697967,3.982984]",
3224,"[4.508634,1.731914,3.983055]",
3225,"[4.471802,1.749352,3.983091]",
3226,"[4.428922,1.767323,3.983129]",
3227,"[4.414569,1.773374,3.983142]",
3228,"[4.413127,1.772903,3.983141]",
3229,"[4.41156,1.772564,3.98314]",
3230,"[4.411543,1.770988,3.983137]",
3231,"[4.413682,1.769393,3.983133]",
3232,"[4.422242,1.765716,3.983126]",
3233,"[4.43914,1.753977,3.983101]",
3234,"[4.443967,1.74842,3.983089]",
3235,"[4.455831,1.740121,3.983072]",
3236,"[4.458638,1.738147,3.983068]",
3237,"[4.467509,1.73354,3.983058]",
3238,"[4.469983,1.733101,3.983057]",
3239,"[4.475772,1.73495,3.983061]",
3240,"[4.478398,1.736854,3.983065]",
3241,"[4.482694,1.742035,3.983076]",
3242,"[4.486957,1.745129,3.983083]",
3243,"[4.490332,1.748361,3.983089]",
3244,"[4.497233,1.751718,3.983096]",
3245,"[4.499399,1.753156,3.983099]",
3246,"[4.501204,1.755597,3.983104]",
3247,"[4.501569,1.755133,3.983104]",
3248,"[4.504543,1.735232,3.983062]",
3249,"[4.502996,1.717312,3.983024]",
3250,"[4.498499,1.698607,3.982985]",
3251,"[4.492793,1.686567,3.98296]",
3252,"[4.491639,1.686266,3.982959]",
3253,"[4.491522,1.702485,3.982993]",
3254,"[4.492015,1.718338,3.983026]",
3255,"[4.508701,1.755293,3.983104]",
3256,"[4.519122,1.76607,3.983126]",
3257,"[4.52834,1.77223,3.983139]",
3258,"[4.543278,1.774578,3.983144]",
3259,"[4.459115,1.819457,3.25812]",
3260,"[4.472687,1.815063,3.269979]",
3261,"[4.475831,1.813196,3.27641]",
3262,"[4.481484,1.811016,3.289598]",
3263,"[4.483612,1.810522,3.294785]",
3264,"[4.487173,1.809937,3.30498]",
3265,"[4.48836,1.809794,3.309867]",
3266,"[4.489313,1.809843,3.314128]",
3267,"[4.489561,1.810032,3.323036]",
3268,"[4.489367,1.810384,3.327778]",
3269,"[4.489392,1.810804,3.337561]",
3270,"[4.490027,1.810466,3.343752]",
3271,"[4.491545,1.809195,3.355141]",
3272,"[4.492678,1.807998,3.361195]",
3273,"[4.495851,1.804568,3.374959]",
3274,"[4.500228,1.800424,3.38284]",
3275,"[4.50562,1.796195,3.39191]",
3276,"[4.51996,1.790024,3.40857]",
3277,"[4.527427,1.788375,3.416827]",
3278,"[4.610246,1.740708,3.983073]",
3279,"[4.615895,1.742329,3.983077]",
3280,"[4.62119,1.747273,3.983087]",
3281,"[4.619831,1.753963,3.983101]",
3282,"[4.618591,1.759512,3.983113]",
3283,"[4.617258,1.764256,3.983123]",
3284,"[4.616959,1.764194,3.983122]",
3285,"[4.613753,1.758417,3.98311]",
3286,"[4.605873,1.744766,3.983082]",
3287,"[4.593066,1.728145,3.983047]",
3288,"[4.587888,1.723893,3.983038]",
3289,"[4.580897,1.720773,3.983032]",
3290,"[4.578326,1.721073,3.983032]",
3291,"[4.576344,1.721033,3.983032]",
3292,"[4.5752,1.720534,3.983031]",
3293,"[4.574403,1.71957,3.983029]",
3294,"[4.55557,1.651831,3.982887]",
3295,"[4.546477,1.615839,3.982812]",
3296,"[4.537467,1.576517,3.982729]",
3297,"[4.533752,1.559786,3.982694]",
3298,"[4.530348,1.537469,3.982647]",
3299,"[4.528087,1.526634,3.982625]",
3300,"[4.526112,1.519776,3.98261]",
3301,"[4.522343,1.512048,3.982594]",
3302,"[4.520708,1.511117,3.982592]",
3303,"[4.517271,1.513662,3.982598]",
3304,"[4.515195,1.517937,3.982607]",
3305,"[4.511857,1.526437,3.982625]",
3306,"[4.510824,1.530889,3.982634]",
3307,"[4.51005,1.53394,3.98264]",
3308,"[4.509873,1.536978,3.982646]",
3309,"[4.510172,1.537788,3.982648]",
3310,"[4.510516,1.538529,3.98265]",
3311,"[4.510564,1.538565,3.98265]",
3312,"[4.510504,1.538713,3.98265]",
3313,"[4.510406,1.538939,3.982651]",
3314,"[4.509491,1.54049,3.982654]",
3315,"[4.508602,1.541664,3.982656]",
3316,"[4.502609,1.544886,3.982663]",
3317,"[4.493733,1.549015,3.982672]",
3318,"[4.489983,1.550751,3.982675]",
3319,"[4.45331,1.61713,3.804168]",
3320,"[4.444992,1.626153,3.809097]",
3321,"[4.435146,1.637546,3.819911]",
3322,"[4.432181,1.640451,3.825699]",
3323,"[4.429743,1.643026,3.831605]",
3324,"[4.428471,1.645921,3.844361]",
3325,"[4.428215,1.648047,3.850067]",
3326,"[4.43162,1.649267,3.863979]",
3327,"[4.43567,1.649982,3.870947]",
3328,"[4.454705,1.654819,3.884434]",
3329,"[4.465625,1.658068,3.891006]",
3330,"[4.498872,1.675388,3.902986]",
3331,"[4.510682,1.680819,3.908692]",
3332,"[4.52172,1.673307,3.982932]",
3333,"[4.538557,1.679925,3.982946]",
3334,"[4.543358,1.68091,3.982948]",
3335,"[4.548373,1.678433,3.982943]",
3336,"[4.550982,1.676855,3.982939]",
3337,"[4.553337,1.672059,3.982929]",
3338,"[4.553461,1.669437,3.982924]",
3339,"[4.554154,1.662594,3.98291]",
3340,"[4.554875,1.658923,3.982902]",
3341,"[4.555199,1.657527,3.982899]",
3342,"[4.555616,1.656706,3.982897]",
3343,"[4.555787,1.656782,3.982898]",
3344,"[4.556098,1.658063,3.9829]",
3345,"[4.556299,1.659503,3.982903]",
3346,"[4.556603,1.661863,3.982908]",
3347,"[4.556583,1.665143,3.982915]",
3348,"[4.556295,1.667694,3.98292]",
3349,"[4.556216,1.671311,3.982928]",
3350,"[4.55648,1.672665,3.982931]",
3351,"[4.557352,1.674732,3.982935]",
3352,"[4.55789,1.675141,3.982936]",
3353,"[4.558274,1.675178,3.982936]",
3354,"[4.558949,1.674971,3.982935]",
3355,"[4.56151,1.673511,3.982933]",
3356,"[4.56284,1.67278,3.982931]",
3357,"[4.565776,1.671721,3.982929]",
3358,"[4.567046,1.671206,3.982928]",
3359,"[4.568109,1.6711,3.982927]",
3360,"[4.569521,1.671092,3.982927]",
3361,"[4.569822,1.671048,3.982927]",
3362,"[4.568316,1.670091,3.982925]",
3363,"[4.566925,1.669727,3.982924]",
3364,"[4.562751,1.670677,3.982927]",
3365,"[4.560557,1.671886,3.982929]",
3366,"[4.555803,1.67492,3.982935]",
3367,"[4.553622,1.676086,3.982938]",
3368,"[4.551463,1.677022,3.98294]",
3369,"[4.547166,1.678633,3.982943]",
3370,"[4.54445,1.679423,3.982945]",
3371,"[4.538038,1.67961,3.982945]",
3372,"[4.534856,1.679163,3.982944]",
3373,"[4.528763,1.677186,3.98294]",
3374,"[4.526584,1.676632,3.982939]",
3375,"[4.52298,1.676994,3.98294]",
3376,"[4.518917,1.676557,3.982939]",
3377,"[4.516435,1.676925,3.98294]",
3378,"[4.514025,1.676887,3.982939]",
3379,"[4.513812,1.676533,3.982939]",
3380,"[4.513475,1.675828,3.982937]",
3381,"[4.513236,1.675182,3.982936]",
3382,"[4.512959,1.674505,3.982934]",
3383,"[4.510792,1.673955,3.982934]",
3384,"[4.508773,1.674148,3.982934]",
3385,"[4.505256,1.674783,3.982935]",
3386,"[4.503417,1.675254,3.982936]",
3387,"[4.500104,1.676112,3.982938]",
3388,"[4.498423,1.676457,3.982939]",
3389,"[4.491253,1.685886,3.982958]",
3390,"[4.488236,1.689286,3.982965]",
3391,"[4.485663,1.692154,3.982971]",
3392,"[4.481482,1.696122,3.98298]",
3393,"[4.479512,1.698234,3.982984]",
3394,"[4.477057,1.701197,3.982991]",
3395,"[4.476209,1.702778,3.982994]",
3396,"[4.47583,1.705313,3.982999]",
3397,"[4.47608,1.706139,3.983001]",
3398,"[4.474474,1.707393,3.983003]",
3399,"[4.473555,1.707659,3.983004]",
3400,"[4.472507,1.707778,3.983004]",
3401,"[4.470468,1.707262,3.983003]",
3402,"[4.469366,1.706564,3.983002]",
3403,"[4.461094,1.70172,3.982991]",
3404,"[4.455317,1.698446,3.982985]",
3405,"[4.445633,1.693075,3.982973]",
3406,"[4.442094,1.690951,3.982969]",
3407,"[4.436875,1.687835,3.982962]",
3408,"[4.434859,1.686658,3.98296]",
3409,"[4.433208,1.685825,3.982958]",
3410,"[4.430452,1.684829,3.982956]",
3411,"[4.429042,1.684568,3.982956]",
3412,"[4.426631,1.684415,3.982955]",
3413,"[4.425408,1.684688,3.982956]",
3414,"[4.425396,1.700783,3.98299]",
3415,"[4.426174,1.710855,3.983011]",
3416,"[4.42662,1.717358,3.983024]",
3417,"[4.42752,1.725456,3.983041]",
3418,"[4.427806,1.728258,3.983047]",
3419,"[4.428452,1.730742,3.983052]",
3420,"[4.42866,1.731587,3.983054]",
3421,"[4.428915,1.732908,3.983057]",
3422,"[4.429007,1.733494,3.983058]",
3423,"[4.429122,1.734454,3.98306]",
3424,"[4.429155,1.734885,3.983061]",
3425,"[4.429173,1.735236,3.983062]",
3426,"[4.42905,1.735844,3.983063]",
3427,"[4.428904,1.736029,3.983063]",
3428,"[4.428922,1.736607,3.983065]",
3429,"[4.428898,1.736834,3.983065]",
3430,"[4.429002,1.737467,3.983066]",
3431,"[4.429056,1.737877,3.983067]",
3432,"[4.428976,1.738286,3.983068]",
3433,"[4.422362,1.728688,3.983048]",
3434,"[4.420182,1.72587,3.983042]",
3435,"[4.417159,1.72141,3.983033]",
3436,"[4.416006,1.719456,3.983029]",
3437,"[4.414378,1.714986,3.983019]",
3438,"[4.413512,1.713392,3.983016]",
3439,"[4.412273,1.712096,3.983013]",
3440,"[4.411638,1.711952,3.983013]",
3441,"[4.410945,1.712046,3.983013]",
3442,"[4.408891,1.713244,3.983016]",
3443,"[4.410751,1.743209,3.983078]",
3444,"[4.412891,1.770169,3.983135]",
3445,"[4.414129,1.780047,3.983155]",
3446,"[4.414804,1.789738,3.983176]",
3447,"[4.414774,1.792277,3.983181]",
3448,"[4.415792,1.793431,3.983184]",
3449,"[4.416362,1.794229,3.983185]",
3450,"[4.41695,1.795202,3.983187]",
3451,"[4.419344,1.796227,3.98319]",
3452,"[4.4206,1.796512,3.98319]",
3453,"[4.422901,1.795955,3.983189]",
3454,"[4.423869,1.795781,3.983189]",
3455,"[4.426389,1.795033,3.983187]",
3456,"[4.427938,1.793866,3.983185]",
3457,"[4.429303,1.792745,3.983182]",
3458,"[4.431697,1.790563,3.983178]",
3459,"[4.432665,1.789586,3.983176]",
3460,"[4.432993,1.787976,3.983172]",
3461,"[4.43171,1.787597,3.983171]",
3462,"[4.430528,1.787187,3.983171]",
3463,"[4.429307,1.787084,3.98317]",
3464,"[4.428143,1.786957,3.98317]",
3465,"[4.425998,1.787032,3.98317]",
3466,"[4.424922,1.787022,3.98317]",
3467,"[4.425028,1.786596,3.983169]",
3468,"[4.423975,1.78597,3.983168]",
3469,"[4.421846,1.78352,3.983163]",
3470,"[4.420697,1.781579,3.983159]",
3471,"[4.41144,1.731463,3.983054]",
3472,"[4.407756,1.711787,3.983013]",
3473,"[4.404821,1.700422,3.982989]",
3474,"[4.400742,1.687662,3.982962]",
3475,"[4.399141,1.68387,3.982954]",
3476,"[4.396764,1.678764,3.982944]",
3477,"[4.395948,1.677072,3.98294]",
3478,"[4.394389,1.675485,3.982937]",
3479,"[4.393675,1.674747,3.982935]",
3480,"[4.39251,1.674481,3.982934]",
3481,"[4.392518,1.674469,3.982934]",
3482,"[4.39256,1.674479,3.982934]",
3483,"[4.393739,1.675655,3.982937]",
3484,"[4.39592,1.677341,3.98294]",
3485,"[4.45503,1.710776,3.983011]",
3486,"[4.661937,1.843298,3.983288]",
3487,"[4.672355,1.848829,3.9833]",
3488,"[4.678682,1.856611,3.983316]",
3489,"[4.687949,1.86685,3.983337]",
3490,"[4.69177,1.870662,3.983346]",
3491,"[4.694913,1.87382,3.983352]",
3492,"[4.695865,1.874744,3.983354]",
3493,"[4.695464,1.874517,3.983353]",
3494,"[4.688671,1.873109,3.983351]",
3495,"[4.682257,1.871682,3.983347]",
3496,"[4.480029,1.848011,3.983298]",
3497,"[4.469819,1.846819,3.983295]",
3498,"[4.457853,1.84514,3.983292]",
3499,"[4.443952,1.842896,3.983287]",
3500,"[4.439351,1.841429,3.983284]",
3501,"[4.432235,1.839268,3.98328]",
3502,"[4.429682,1.83853,3.983278]",
3503,"[4.42667,1.837662,3.983276]",
3504,"[4.425031,1.837208,3.983275]",
3505,"[4.423116,1.836605,3.983274]",
3506,"[4.422712,1.836513,3.983274]",
3507,"[4.42231,1.836438,3.983274]",
3508,"[4.421308,1.836216,3.983273]",
3509,"[4.420848,1.836097,3.983273]",
3510,"[4.415052,1.820184,3.98324]",
3511,"[4.413161,1.803803,3.983205]",
3512,"[4.411438,1.78948,3.983175]",
3513,"[4.411149,1.78527,3.983166]",
3514,"[4.41182,1.77886,3.983153]",
3515,"[4.412389,1.776258,3.983148]",
3516,"[4.412875,1.774127,3.983143]",
3517,"[4.413563,1.770375,3.983135]",
3518,"[4.413934,1.768779,3.983132]",
3519,"[4.41397,1.766088,3.983126]",
3520,"[4.413924,1.764993,3.983124]",
3521,"[4.414495,1.764834,3.983124]",
3522,"[4.414985,1.765664,3.983125]",
3523,"[4.415318,1.766236,3.983127]",
3524,"[4.415414,1.781219,3.983158]",
3525,"[4.415229,1.7855,3.983167]",
3526,"[4.414674,1.790602,3.983178]",
3527,"[4.41434,1.792516,3.983182]",
3528,"[4.41429,1.796326,3.98319]",
3529,"[4.414157,1.797617,3.983192]",
3530,"[4.413775,1.799726,3.983197]",
3531,"[4.413504,1.800787,3.983199]",
3532,"[4.413167,1.801767,3.983201]",
3533,"[4.412246,1.803391,3.983204]",
3534,"[4.411726,1.804095,3.983206]",
3535,"[4.408001,1.808615,3.983215]",
3536,"[4.406286,1.810925,3.98322]",
3537,"[4.403584,1.814174,3.983227]",
3538,"[4.402498,1.815212,3.983229]",
3539,"[4.401045,1.815488,3.98323]",
3540,"[4.400364,1.814789,3.983228]",
3541,"[4.399255,1.812919,3.983224]",
3542,"[4.396099,1.807289,3.983213]",
3543,"[4.394693,1.806206,3.98321]",
3544,"[4.39186,1.805593,3.983209]",
3545,"[4.390642,1.805401,3.983209]",
3546,"[4.388956,1.805139,3.983208]",
3547,"[4.388268,1.805072,3.983208]",
3548,"[4.387673,1.805105,3.983208]",
3549,"[4.388014,1.806837,3.983212]",
3550,"[4.388505,1.807873,3.983214]",
3551,"[4.390454,1.809926,3.983218]",
3552,"[4.391761,1.810873,3.98322]",
3553,"[4.39475,1.811747,3.983222]",
3554,"[4.396181,1.812178,3.983223]",
3555,"[4.398259,1.813353,3.983225]",
3556,"[4.399266,1.813938,3.983227]",
3557,"[4.399788,1.814244,3.983227]",
3558,"[4.399859,1.814106,3.983227]",
3559,"[4.399883,1.814123,3.983227]",
3560,"[4.399602,1.814578,3.983228]",
3561,"[4.399096,1.815335,3.983229]",
3562,"[4.398145,1.816016,3.983231]",
3563,"[4.397596,1.816167,3.983231]",
3564,"[4.396973,1.816303,3.983232]",
3565,"[4.395925,1.816732,3.983232]",
3566,"[4.395228,1.817051,3.983233]",
3567,"[4.394463,1.816676,3.983232]",
3568,"[4.394139,1.816435,3.983232]",
3569,"[4.394041,1.816333,3.983232]",
3570,"[4.394225,1.816487,3.983232]",
3571,"[4.394556,1.81671,3.983232]",
3572,"[4.394676,1.816894,3.983233]",
3573,"[4.394942,1.817188,3.983233]",
3574,"[4.395528,1.817286,3.983234]",
3575,"[4.395978,1.817224,3.983233]",
3576,"[4.396514,1.817323,3.983234]",
3577,"[4.396574,1.817205,3.983233]",
3578,"[4.396776,1.816946,3.983233]",
3579,"[4.396898,1.816957,3.983233]",
3580,"[4.397003,1.817131,3.983233]",
3581,"[4.397189,1.817302,3.983234]",
3582,"[4.397338,1.817299,3.983234]",
3583,"[4.397565,1.817445,3.983234]",
3584,"[4.397702,1.817615,3.983234]",
3585,"[4.397685,1.817725,3.983234]",
3586,"[4.397669,1.817761,3.983235]",
3587,"[4.397686,1.817857,3.983235]",
3588,"[4.397667,1.817874,3.983235]",
3589,"[4.397692,1.817902,3.983235]",
3590,"[4.397697,1.817901,3.983235]",
3591,"[4.397664,1.817855,3.983235]",
3592,"[4.397633,1.817798,3.983235]",
3593,"[4.397664,1.817869,3.983235]",
3594,"[4.397732,1.817792,3.983235]",
3595,"[4.397855,1.817688,3.983234]",
3596,"[4.397954,1.817417,3.983234]",
3597,"[4.397972,1.817277,3.983233]",
3598,"[4.39796,1.817156,3.983233]",
3599,"[4.397921,1.817122,3.983233]",
3600,"[4.397892,1.817216,3.983233]",
3601,"[4.397707,1.817128,3.983233]",
3602,"[4.3976,1.817011,3.983233]",
3603,"[4.39729,1.816604,3.983232]",
3604,"[4.397073,1.816373,3.983232]",
3605,"[4.396826,1.815926,3.983231]",
3606,"[4.396621,1.815674,3.98323]",
3607,"[4.396353,1.815488,3.98323]",
3608,"[4.395283,1.815147,3.983229]",
3609,"[4.394445,1.815026,3.983229]",
3610,"[4.392615,1.81525,3.983229]",
3611,"[4.392549,1.815724,3.98323]",
3612,"[4.39218,1.817087,3.983233]",
3613,"[4.392133,1.817668,3.983234]",
3614,"[4.392031,1.818461,3.983236]",
3615,"[4.391739,1.82063,3.983241]",
3616,"[4.391696,1.820944,3.983241]",
3617,"[4.391538,1.821931,3.983243]",
3618,"[4.391459,1.822293,3.983244]",
3619,"[4.391256,1.823286,3.983246]",
3620,"[4.391327,1.82344,3.983247]",
3621,"[4.391417,1.823722,3.983247]",
3622,"[4.391523,1.823938,3.983248]",
3623,"[4.39164,1.82394,3.983248]",
3624,"[4.391959,1.823791,3.983247]",
3625,"[4.392235,1.823238,3.983246]",
3626,"[4.393073,1.822089,3.983244]",
3627,"[4.393653,1.821329,3.983242]",
3628,"[4.395144,1.819283,3.983238]",
3629,"[4.396184,1.817741,3.983235]",
3630,"[4.398131,1.814566,3.983228]",
3631,"[4.399015,1.813207,3.983225]",
3632,"[4.3999,1.811784,3.983222]",
3633,"[4.401764,1.808536,3.983215]",
3634,"[4.402808,1.806566,3.983211]",
3635,"[4.40376,1.80259,3.983203]",
3636,"[4.404217,1.801148,3.9832]",
3637,"[4.405063,1.799766,3.983197]",
3638,"[4.405698,1.799606,3.983196]",
3639,"[4.410652,1.799988,3.983197]",
3640,"[4.418545,1.802004,3.983202]",
3641,"[4.541298,1.839182,3.983279]",
3642,"[4.586057,1.854857,3.983312]",
3643,"[4.604847,1.861631,3.983326]",
3644,"[4.724356,1.896979,3.983401]",
3645,"[4.743004,1.903047,3.983413]",
3646,"[4.760813,1.909083,3.983426]",
3647,"[4.765137,1.910638,3.983429]",
3648,"[4.770021,1.912412,3.983433]",
3649,"[4.770136,1.911372,3.983431]",
3650,"[4.768379,1.910216,3.983428]",
3651,"[4.769195,1.909478,3.983427]",
3652,"[4.768363,1.908469,3.983425]",
3653,"[4.74127,1.903254,3.983414]",
3654,"[4.737175,1.902534,3.983412]",
3655,"[4.733206,1.901776,3.983411]",
3656,"[4.726964,1.899028,3.983405]",
3657,"[4.724317,1.89766,3.983402]",
3658,"[4.716794,1.894602,3.983396]",
3659,"[4.713754,1.894064,3.983394]",
3660,"[4.702208,1.891851,3.98339]",
3661,"[4.695899,1.891232,3.983388]",
3662,"[4.688636,1.89073,3.983387]",
3663,"[4.686245,1.890746,3.983387]",
3664,"[4.671146,1.889449,3.983385]",
3665,"[4.665784,1.889267,3.983384]",
3666,"[4.661921,1.888012,3.983382]",
3667,"[4.65631,1.88655,3.983379]",
3668,"[4.654225,1.886232,3.983378]",
3669,"[4.651148,1.886119,3.983378]",
3670,"[4.650969,1.885192,3.983376]",
3671,"[4.652154,1.883222,3.983372]",
3672,"[4.653557,1.882402,3.98337]",
3673,"[4.662573,1.882092,3.983369]",
3674,"[4.680434,1.881967,3.983369]",
3675,"[4.69244,1.882485,3.98337]",
3676,"[4.709621,1.883391,3.983372]",
3677,"[4.717117,1.883453,3.983372]",
3678,"[4.728166,1.881851,3.983369]",
3679,"[4.732763,1.880446,3.983366]",
3680,"[4.741245,1.877019,3.983359]",
3681,"[4.742851,1.874968,3.983354]",
3682,"[4.744336,1.87285,3.98335]",
3683,"[4.744998,1.870101,3.983344]",
3684,"[4.745112,1.869174,3.983342]",
3685,"[4.745037,1.868121,3.98334]",
3686,"[4.744901,1.867551,3.983339]",
3687,"[4.744689,1.867023,3.983338]",
3688,"[4.744542,1.866608,3.983337]",
3689,"[4.744508,1.866597,3.983337]",
3690,"[4.744846,1.866325,3.983336]",
3691,"[4.74554,1.865827,3.983335]",
3692,"[4.775082,1.860404,3.983324]",
3693,"[4.785814,1.857785,3.983318]",
3694,"[4.804151,1.856046,3.983315]",
3695,"[4.812311,1.856194,3.983315]",
3696,"[4.825126,1.858555,3.98332]",
3697,"[4.830437,1.860159,3.983323]",
3698,"[4.837956,1.863281,3.98333]",
3699,"[4.840683,1.864991,3.983334]",
3700,"[4.843001,1.86636,3.983336]",
3701,"[4.848428,1.86875,3.983341]",
3702,"[4.851241,1.869384,3.983343]",
3703,"[4.865826,1.871216,3.983346]",
3704,"[4.877176,1.873384,3.983351]",
3705,"[4.896979,1.878769,3.983362]",
3706,"[4.906545,1.881799,3.983369]",
3707,"[4.915424,1.884072,3.983373]",
3708,"[4.930643,1.888988,3.983384]",
3709,"[4.933955,1.890837,3.983388]",
3710,"[4.93583,1.89326,3.983393]",
3711,"[4.935944,1.893712,3.983394]",
3712,"[4.935904,1.89432,3.983395]",
3713,"[4.837583,1.878958,3.983363]",
3714,"[4.787781,1.873809,3.983352]",
3715,"[4.750782,1.872154,3.983349]",
3716,"[4.729362,1.872584,3.983349]",
3717,"[4.701245,1.871919,3.983348]",
3718,"[4.690501,1.871786,3.983348]",
3719,"[4.673531,1.868099,3.98334]",
3720,"[4.667514,1.866162,3.983336]",
3721,"[4.659888,1.863521,3.98333]",
3722,"[4.657258,1.861925,3.983327]",
3723,"[4.650896,1.85321,3.983309]",
3724,"[4.648633,1.850664,3.983304]",
3725,"[4.64685,1.84955,3.983301]",
3726,"[4.653958,1.842592,3.983287]",
3727,"[4.658786,1.834295,3.983269]",
3728,"[4.66638,1.814495,3.983228]",
3729,"[4.669705,1.80503,3.983208]",
3730,"[4.733823,1.785322,3.983167]",
3731,"[4.768801,1.782704,3.983161]",
3732,"[4.788378,1.781291,3.983158]",
3733,"[4.81578,1.780901,3.983157]",
3734,"[4.827544,1.781409,3.983158]",
3735,"[4.850375,1.78924,3.983175]",
3736,"[4.859877,1.796975,3.983191]",
3737,"[4.879422,1.811753,3.983222]",
3738,"[4.889119,1.817979,3.983235]",
3739,"[4.90546,1.826415,3.983253]",
3740,"[4.912734,1.83016,3.983261]",
3741,"[4.918932,1.83339,3.983267]",
3742,"[4.928388,1.839143,3.983279]",
3743,"[4.931779,1.841945,3.983285]",
3744,"[4.930532,1.84375,3.983289]",
3745,"[4.928126,1.845697,3.983293]",
3746,"[4.918324,1.85477,3.983312]",
3747,"[4.91079,1.862112,3.983327]",
3748,"[4.89281,1.877339,3.983359]",
3749,"[4.880204,1.887655,3.983381]",
3750,"[4.776168,1.900412,3.983408]",
3751,"[4.70648,1.919369,3.983447]",
3752,"[4.677334,1.920299,3.983449]",
3753,"[4.636158,1.918956,3.983447]",
3754,"[4.617862,1.916401,3.983441]",
3755,"[4.589773,1.904767,3.983417]",
3756,"[4.577182,1.901653,3.98341]",
3757,"[4.572053,1.895341,3.983397]",
3758,"[4.564241,1.88099,3.983367]",
3759,"[4.561709,1.873081,3.983351]",
3760,"[4.561835,1.856573,3.983316]",
3761,"[4.561515,1.850827,3.983304]",
3762,"[4.569058,1.840552,3.983282]",
3763,"[4.583125,1.826424,3.983253]",
3764,"[4.605506,1.808436,3.983215]",
3765,"[4.615902,1.801566,3.983201]",
3766,"[4.624366,1.79609,3.983189]",
3767,"[4.638076,1.787293,3.983171]",
3768,"[4.643328,1.784032,3.983164]",
3769,"[4.653424,1.778865,3.983153]",
3770,"[4.658097,1.77638,3.983148]",
3771,"[4.661869,1.774831,3.983145]",
3772,"[4.662643,1.774936,3.983145]",
3773,"[4.664763,1.774675,3.983144]",
3774,"[4.666351,1.774173,3.983143]",
3775,"[4.667153,1.773729,3.983142]",
3776,"[4.66923,1.772913,3.983141]",
3777,"[4.670611,1.772552,3.98314]",
3778,"[4.672703,1.771626,3.983138]",
3779,"[4.674307,1.770905,3.983136]",
3780,"[4.677994,1.770001,3.983135]",
3781,"[4.680296,1.769842,3.983134]",
3782,"[4.686098,1.768559,3.983132]",
3783,"[4.690455,1.768739,3.983132]",
3784,"[4.694718,1.768639,3.983132]",
3785,"[4.706896,1.790113,3.983177]",
3786,"[4.712816,1.805083,3.983208]",
3787,"[4.719481,1.819581,3.983238]",
3788,"[4.721826,1.823838,3.983247]",
3789,"[4.72358,1.83213,3.983265]",
3790,"[4.724228,1.83555,3.983272]",
3791,"[4.724758,1.841463,3.983284]",
3792,"[4.724823,1.844271,3.98329]",
3793,"[4.724723,1.846772,3.983295]",
3794,"[4.724849,1.851332,3.983305]",
3795,"[4.725309,1.854026,3.98331]",
3796,"[4.764543,1.866096,3.983336]",
3797,"[4.786767,1.871245,3.983347]",
3798,"[4.811523,1.876564,3.983358]",
3799,"[4.820042,1.878053,3.983361]",
3800,"[4.827409,1.879105,3.983363]",
3801,"[4.839735,1.880161,3.983365]",
3802,"[4.845571,1.87988,3.983365]",
3803,"[4.853718,1.879086,3.983363]",
3804,"[4.857672,1.878477,3.983362]",
3805,"[4.863096,1.876868,3.983358]",
3806,"[4.865396,1.875694,3.983356]",
3807,"[4.867074,1.873652,3.983352]",
3808,"[4.867392,1.872924,3.98335]",
3809,"[4.867585,1.871943,3.983348]",
3810,"[4.867307,1.870075,3.983344]",
3811,"[4.866889,1.869222,3.983342]",
3812,"[4.864788,1.867316,3.983338]",
3813,"[4.863477,1.86627,3.983336]",
3814,"[4.778885,1.846587,3.983295]",
3815,"[4.762873,1.842231,3.983286]",
3816,"[4.742448,1.836091,3.983273]",
3817,"[4.7351,1.833851,3.983268]",
3818,"[4.729809,1.83222,3.983265]",
3819,"[4.724303,1.830022,3.98326]",
3820,"[4.722028,1.829538,3.983259]",
3821,"[4.718464,1.829552,3.983259]",
3822,"[4.717057,1.83004,3.98326]",
3823,"[4.714151,1.832359,3.983265]",
3824,"[4.712511,1.834733,3.98327]",
3825,"[4.709266,1.840189,3.983282]",
3826,"[4.707004,1.844356,3.98329]",
3827,"[4.704652,1.848508,3.983299]",
3828,"[4.702974,1.852291,3.983307]",
3829,"[4.701885,1.854382,3.983311]",
3830,"[4.720598,1.856257,3.983315]",
3831,"[4.733135,1.856008,3.983315]",
3832,"[4.773968,1.846223,3.983294]",
3833,"[4.791098,1.841568,3.983284]",
3834,"[4.813003,1.834439,3.983269]",
3835,"[4.823217,1.830959,3.983262]",
3836,"[4.832598,1.827886,3.983256]",
3837,"[4.847636,1.824809,3.983249]",
3838,"[4.853737,1.824024,3.983248]",
3839,"[4.864166,1.823178,3.983246]",
3840,"[4.867551,1.823099,3.983246]",
3841,"[4.869323,1.822667,3.983245]",
3842,"[4.86847,1.822341,3.983244]",
3843,"[4.867872,1.822139,3.983244]",
3844,"[4.867112,1.821958,3.983243]",
3845,"[4.866716,1.822147,3.983244]",
3846,"[4.826855,1.825328,3.98325]",
3847,"[4.815539,1.826298,3.983253]",
3848,"[4.783261,1.82484,3.983249]",
3849,"[4.765349,1.823889,3.983248]",
3850,"[4.735042,1.828241,3.983257]",
3851,"[4.723774,1.829381,3.983259]",
3852,"[4.715048,1.829897,3.98326]",
3853,"[4.70533,1.830071,3.98326]",
3854,"[4.701363,1.83,3.98326]",
3855,"[4.696914,1.829704,3.98326]",
3856,"[4.695505,1.829637,3.983259]",
3857,"[4.69301,1.829261,3.983259]",
3858,"[4.691769,1.828611,3.983257]",
3859,"[4.690587,1.827943,3.983256]",
3860,"[4.688358,1.826399,3.983253]",
3861,"[4.687305,1.825403,3.983251]",
3862,"[4.685727,1.823742,3.983247]",
3863,"[4.685346,1.823316,3.983246]",
3864,"[4.684913,1.822843,3.983245]",
3865,"[4.684792,1.822701,3.983245]",
3866,"[4.68469,1.822452,3.983244]",
3867,"[4.684677,1.822471,3.983244]",
3868,"[4.684697,1.822572,3.983245]",
3869,"[4.685111,1.817197,3.983233]",
3870,"[4.685373,1.814602,3.983228]",
3871,"[4.685936,1.810257,3.983219]",
3872,"[4.686256,1.808578,3.983215]",
3873,"[4.686885,1.805466,3.983209]",
3874,"[4.687407,1.803712,3.983205]",
3875,"[4.689072,1.800144,3.983198]",
3876,"[4.690735,1.798216,3.983194]",
3877,"[4.692487,1.796502,3.98319]",
3878,"[4.699913,1.793383,3.983184]",
3879,"[4.702607,1.792661,3.983182]",
3880,"[4.706398,1.790937,3.983178]",
3881,"[4.70737,1.790259,3.983177]",
3882,"[4.708792,1.789255,3.983175]",
3883,"[4.709536,1.788427,3.983173]",
3884,"[4.710362,1.787416,3.983171]",
3885,"[4.712302,1.785495,3.983167]",
3886,"[4.713418,1.785001,3.983166]",
3887,"[4.716247,1.784224,3.983164]",
3888,"[4.718072,1.78407,3.983164]",
3889,"[4.722038,1.784163,3.983164]",
3890,"[4.724354,1.784352,3.983165]",
3891,"[4.798913,1.787973,3.983172]",
3892,"[4.814789,1.788413,3.983173]",
3893,"[4.826823,1.788445,3.983173]",
3894,"[4.855131,1.785326,3.983167]",
3895,"[4.863728,1.78374,3.983163]",
3896,"[4.876589,1.781787,3.983159]",
3897,"[4.882071,1.781075,3.983158]",
3898,"[4.890592,1.780711,3.983157]",
3899,"[4.894311,1.7812,3.983158]",
3900,"[4.899098,1.78246,3.983161]",
3901,"[4.90177,1.782979,3.983162]",
3902,"[4.905033,1.783358,3.983163]",
3903,"[4.945396,1.785762,3.983168]",
3904,"[4.969921,1.787483,3.983171]",
3905,"[4.99923,1.790281,3.983177]",
3906,"[5.009109,1.789891,3.983176]",
3907,"[5.024356,1.789304,3.983175]",
3908,"[5.028989,1.789266,3.983175]",
3909,"[5.0371,1.789645,3.983176]",
3910,"[5.040418,1.789138,3.983175]",
3911,"[5.04126,1.788869,3.983174]",
3912,"[5.042982,1.788909,3.983174]",
3913,"[5.043579,1.788766,3.983174]",
3914,"[5.045079,1.788112,3.983172]",
3915,"[5.046036,1.787524,3.983171]",
3916,"[5.047627,1.785365,3.983167]",
3917,"[5.048728,1.783593,3.983163]",
3918,"[5.049679,1.782102,3.98316]",
3919,"[5.051481,1.779512,3.983155]",
3920,"[5.052351,1.77877,3.983153]",
3921,"[5.071138,1.779334,3.983154]",
3922,"[5.090901,1.78197,3.98316]",
3923,"[5.163737,1.803926,3.983206]",
3924,"[5.222568,1.823279,3.983246]",
3925,"[5.382444,1.885047,3.983376]",
3926,"[5.476727,1.92672,3.983463]",
3927,"[5.572883,1.969899,3.947287]",
3928,"[5.949999,2.189174,3.744516]",
3929,"[5.95,2.208446,3.612653]",
3930,"[5.95,2.318167,3.202497]",
3931,"[5.95,2.387393,2.944748]",
3932,"[5.882169,2.434472,2.636007]",
3933,"[5.559157,2.329236,2.547111]",
3934,"[5.811924,2.434472,2.414937]",
3935,"[5.738824,2.434472,2.279424]",
3936,"[5.70082,2.434472,2.22451]",
3937,"[5.648137,2.434472,2.133379]",
3938,"[5.625789,2.434472,2.109173]",
3939,"[5.574932,2.424324,2.085015]",
3940,"[5.575006,2.425353,2.082904]",
3941,"[5.574927,2.427529,2.085159]",
3942,"[5.574898,2.427702,2.086014]",
3943,"[5.597351,2.434472,2.110659]",
3944,"[5.614801,2.434472,2.140811]",
3945,"[5.619471,2.434472,2.145195]",
3946,"[5.660281,2.434472,2.13607]",
3947,"[5.698666,2.434472,2.121581]",
3948,"[5.779982,2.308409,2.112623]",
3949,"[5.795776,2.286739,2.113175]",
3950,"[5.746324,2.238138,2.111448]",
3951,"[5.573454,2.182616,2.144968]",
3952,"[5.572274,2.16654,2.117927]",
3953,"[5.641036,2.046922,1.819759]",
3954,"[5.634657,2.031531,1.78686]",
3955,"[5.716767,2.00875,1.665459]",
3956,"[5.678505,1.996068,1.664123]",
3957,"[5.672181,1.991038,1.663902]",
3958,"[5.696921,1.988462,1.664766]",
3959,"[5.632222,1.971549,1.774305]",
3960,"[5.63719,1.960342,1.799924]",
3961,"[5.646749,1.942595,1.849227]",
3962,"[5.65496,1.912375,1.891571]",
3963,"[5.657647,1.895781,1.905427]",
3964,"[5.581726,1.852345,2.014898]",
3965,"[5.581081,1.841177,2.033352]",
3966,"[5.95,1.797129,1.915851]",
3967,"[5.95,1.793567,1.92619]",
3968,"[5.95,1.789135,1.933732]",
3969,"[5.95,1.796991,1.943812]",
3970,"[5.576137,1.832831,2.076891]",
3971,"[5.57447,1.840361,2.098264]",
3972,"[5.5783,1.843607,2.112985]",
3973,"[5.619493,1.864122,2.223154]",
3974,"[5.578057,1.869338,2.250393]",
3975,"[5.57899,1.876078,2.271743]",
3976,"[5.57921,1.879858,2.276781]",
3977,"[5.579369,1.883044,2.280418]",
3978,"[5.57951,1.890755,2.283655]",
3979,"[5.579483,1.896011,2.283042]",
3980,"[5.573586,1.915046,2.147987]",
3981,"[5.683068,1.917572,2.036528]",
3982,"[5.673859,1.923071,1.989034]",
3983,"[5.671051,1.925713,1.974555]",
3984,"[5.666384,1.922254,1.950484]",
3985,"[5.664782,1.918861,1.942222]",
3986,"[5.663473,1.915543,1.935474]",
3987,"[5.662245,1.90473,1.92914]",
3988,"[5.661677,1.898947,1.926211]",
3989,"[5.661466,1.890454,1.92512]",
3990,"[5.661361,1.886486,1.924583]",
3991,"[5.66124,1.880717,1.923957]",
3992,"[5.661218,1.879531,1.923844]",
3993,"[5.661163,1.87919,1.923562]",
3994,"[5.66113,1.879694,1.92339]",
3995,"[5.661094,1.880575,1.923205]",
3996,"[5.660898,1.883136,1.922195]",
3997,"[5.660769,1.884586,1.921527]",
3998,"[5.660583,1.887019,1.920568]",
3999,"[5.660563,1.887768,1.920466]",
4000,"[5.660464,1.889752,1.919954]",
4001,"[5.660388,1.891145,1.919563]",
4002,"[5.658176,1.907041,1.908157]",
4003,"[5.657516,1.911397,1.904753]",
4004,"[5.656825,1.915704,1.901188]",
4005,"[5.655693,1.922235,1.895349]",
4006,"[5.655255,1.924716,1.89309]",
4007,"[5.655133,1.927208,1.892463]",
4008,"[5.6552,1.928323,1.89281]",
4009,"[5.655749,1.929454,1.895639]",
4010,"[5.670943,1.919019,1.973999]",
4011,"[5.676317,1.915157,2.001711]",
4012,"[5.682493,1.907901,2.033563]",
4013,"[5.685042,1.905202,2.04671]",
4014,"[5.57549,1.903718,2.078891]",
4015,"[5.574903,1.901894,2.085871]",
4016,"[5.571649,1.899529,2.103601]",
4017,"[5.572118,1.899039,2.114355]",
4018,"[5.57413,1.904559,2.160427]",
4019,"[5.575097,1.908146,2.182586]",
4020,"[5.576264,1.922649,2.209319]",
4021,"[5.577724,1.937259,2.242744]",
4022,"[5.578258,1.941536,2.254979]",
4023,"[5.578928,1.947536,2.270341]",
4024,"[5.579151,1.950001,2.275444]",
4025,"[5.579412,1.953546,2.281414]",
4026,"[5.579441,1.954388,2.282073]",
4027,"[5.579321,1.955544,2.279344]",
4028,"[5.579078,1.957211,2.273771]",
4029,"[5.578938,1.957877,2.270556]",
4030,"[5.578546,1.958667,2.261582]",
4031,"[5.578329,1.95868,2.256605]",
4032,"[5.577506,1.958435,2.237765]",
4033,"[5.577208,1.956938,2.230943]",
4034,"[5.576578,1.954866,2.216506]",
4035,"[5.576314,1.954572,2.210463]",
4036,"[5.576127,1.954569,2.206175]",
4037,"[5.575976,1.955631,2.202715]",
4038,"[5.576064,1.95747,2.204733]",
4039,"[5.588244,2.01447,2.483714]",
4040,"[5.588838,2.015883,2.49731]",
4041,"[5.608872,2.016945,2.586503]",
4042,"[5.608872,2.014339,2.619986]",
4043,"[5.608872,2.006253,2.664134]",
4044,"[5.608872,2.001331,2.684238]",
4045,"[5.608872,1.999237,2.689297]",
4046,"[5.608872,1.994839,2.708222]",
4047,"[5.608872,1.994461,2.713072]",
4048,"[5.608872,1.994034,2.719648]",
4049,"[5.608872,1.994081,2.722664]",
4050,"[5.608872,1.994582,2.721453]",
4051,"[5.608872,1.994887,2.721524]",
4052,"[5.608872,1.998109,2.709293]",
4053,"[5.608872,1.997773,2.701479]",
4054,"[5.608872,1.997714,2.697313]",
4055,"[5.608872,1.997617,2.69086]",
4056,"[5.608872,1.997593,2.688233]",
4057,"[5.608872,1.998051,2.678792]",
4058,"[5.608872,1.998267,2.676724]",
4059,"[5.608872,1.99974,2.66486]",
4060,"[5.608872,2.001052,2.655745]",
4061,"[5.608872,2.002258,2.647647]",
4062,"[5.608872,2.004334,2.615638]",
4063,"[5.608872,2.006623,2.591498]",
4064,"[5.589114,2.011285,2.503634]",
4065,"[5.584564,2.017997,2.399425]",
4066,"[5.574963,2.056774,2.084153]",
4067,"[5.682745,2.072349,2.034867]",
4068,"[5.625646,2.062662,1.740389]",
4069,"[5.698595,2.071475,1.664825]",
4070,"[5.604364,2.056302,1.661534]",
4071,"[5.95,2.092695,1.298187]",
4072,"[5.95,2.086203,1.255861]",
4073,"[5.95,2.073887,1.221528]",
4074,"[5.95,2.066602,1.225907]",
4075,"[5.95,2.043303,1.307198]",
4076,"[5.95,2.036754,1.322218]",
4077,"[5.607049,2.001004,1.661628]",
4078,"[5.717877,2.002451,1.665498]",
4079,"[5.737659,2.002922,1.666189]",
4080,"[5.632913,2.000602,1.777864]",
4081,"[5.634232,2.001367,1.784666]",
4082,"[5.637456,2.005349,1.801295]",
4083,"[5.638043,2.006084,1.804327]",
4084,"[5.638423,2.006515,1.806286]",
4085,"[5.640046,1.98138,1.814651]",
4086,"[5.64065,1.968427,1.817769]",
4087,"[5.640206,1.953027,1.815478]",
4088,"[5.640406,1.950131,1.816508]",
4089,"[5.640553,1.945631,1.817266]",
4090,"[5.641081,1.942813,1.819994]",
4091,"[5.641822,1.939704,1.823816]",
4092,"[5.642223,1.939723,1.825883]",
4093,"[5.643338,1.94274,1.831633]",
4094,"[5.64384,1.944795,1.834219]",
4095,"[5.644806,1.948014,1.839203]",
4096,"[5.646062,1.951348,1.845681]",
4097,"[5.646526,1.952085,1.848075]",
4098,"[5.64712,1.950178,1.851138]",
4099,"[5.64727,1.949547,1.851909]",
4100,"[5.647357,1.948666,1.85236]",
4101,"[5.647343,1.948233,1.852287]",
4102,"[5.646356,1.94715,1.847193]",
4103,"[5.645622,1.945066,1.843412]",
4104,"[5.645609,1.943574,1.843345]",
4105,"[5.644803,1.939472,1.839184]",
4106,"[5.644759,1.937041,1.838957]",
4107,"[5.644125,1.93335,1.83569]",
4108,"[5.644157,1.932643,1.835855]",
4109,"[5.644302,1.931783,1.836603]",
4110,"[5.644436,1.9316,1.837296]",
4111,"[5.644612,1.931585,1.838202]",
4112,"[5.645407,1.932538,1.842303]",
4113,"[5.645844,1.932975,1.844558]",
4114,"[5.646749,1.933386,1.84922]",
4115,"[5.647226,1.933473,1.851685]",
4116,"[5.648121,1.933543,1.856301]",
4117,"[5.648585,1.933449,1.858695]",
4118,"[5.649703,1.932786,1.864458]",
4119,"[5.650255,1.932416,1.867303]",
4120,"[5.650773,1.932045,1.869977]",
4121,"[5.651792,1.931249,1.875231]",
4122,"[5.652287,1.930825,1.877782]",
4123,"[5.652823,1.930288,1.88055]",
4124,"[5.652987,1.930097,1.881397]",
4125,"[5.653222,1.929781,1.882605]",
4126,"[5.653302,1.929655,1.883016]",
4127,"[5.653409,1.929463,1.883571]",
4128,"[5.653454,1.92937,1.883801]",
4129,"[5.653485,1.929296,1.883965]",
4130,"[5.653536,1.929163,1.884224]",
4131,"[5.653554,1.929106,1.884318]",
4132,"[5.653713,1.928131,1.885138]",
4133,"[5.654281,1.92311,1.888069]",
4134,"[5.65446,1.914503,1.888994]",
4135,"[5.654208,1.909646,1.88769]",
4136,"[5.653725,1.908113,1.8852]",
4137,"[5.652896,1.917049,1.880926]",
4138,"[5.653374,1.937522,1.883388]",
4139,"[5.65271,1.944973,1.879966]",
4140,"[5.652335,1.944095,1.878032]",
4141,"[5.651331,1.951224,1.872852]",
4142,"[5.650998,1.953068,1.871137]",
4143,"[5.650491,1.954968,1.868522]",
4144,"[5.650252,1.955359,1.867292]",
4145,"[5.65003,1.955486,1.866142]",
4146,"[5.649586,1.95549,1.863852]",
4147,"[5.649323,1.955286,1.862494]",
4148,"[5.648802,1.955563,1.859809]",
4149,"[5.64853,1.95606,1.858407]",
4150,"[5.648089,1.956446,1.856134]",
4151,"[5.647989,1.957149,1.85562]",
4152,"[5.647892,1.957784,1.85512]",
4153,"[5.647644,1.961149,1.85384]",
4154,"[5.647511,1.963257,1.853155]",
4155,"[5.647296,1.965715,1.852043]",
4156,"[5.647162,1.966454,1.851352]",
4157,"[5.64693,1.96743,1.850154]",
4158,"[5.646808,1.967884,1.849528]",
4159,"[5.646598,1.968403,1.848447]",
4160,"[5.646585,1.968548,1.848376]",
4161,"[5.64656,1.96895,1.848247]",
4162,"[5.646492,1.969704,1.847897]",
4163,"[5.646464,1.970374,1.847753]",
4164,"[5.646396,1.972097,1.847404]",
4165,"[5.646359,1.972953,1.847213]",
4166,"[5.646263,1.974655,1.846714]",
4167,"[5.646202,1.975199,1.846403]",
4168,"[5.646166,1.976083,1.846215]",
4169,"[5.64618,1.976681,1.846289]",
4170,"[5.646199,1.977382,1.846386]",
4171,"[5.646223,1.978725,1.846511]",
4172,"[5.646228,1.97915,1.846535]",
4173,"[5.646275,1.979558,1.846776]",
4174,"[5.64631,1.979639,1.846962]",
4175,"[5.64642,1.979743,1.847526]",
4176,"[5.64649,1.979689,1.847886]",
4177,"[5.646552,1.979595,1.848204]",
4178,"[5.64662,1.979452,1.848559]",
4179,"[5.646641,1.979305,1.848668]",
4180,"[5.646686,1.979043,1.8489]",
4181,"[5.646702,1.978932,1.848981]",
4182,"[5.646709,1.978889,1.84902]",
4183,"[5.646711,1.978933,1.849025]",
4184,"[5.646827,1.978872,1.849627]",
4185,"[5.646895,1.978951,1.849975]",
4186,"[5.646957,1.979044,1.850297]",
4187,"[5.647112,1.979328,1.851097]",
4188,"[5.647233,1.979511,1.851719]",
4189,"[5.647456,1.979719,1.852871]",
4190,"[5.647554,1.979714,1.853378]",
4191,"[5.647689,1.979638,1.854071]",
4192,"[5.647738,1.979568,1.854324]",
4193,"[5.647849,1.979394,1.854894]",
4194,"[5.647908,1.979323,1.8552]",
4195,"[5.647923,1.979235,1.855276]",
4196,"[5.647957,1.9792,1.855452]",
4197,"[5.632454,1.978417,1.858897]",
4198,"[5.551925,1.973888,1.875534]",
4199,"[5.469135,1.969365,1.892831]",
4200,"[5.464662,1.969258,1.893858]",
4201,"[5.464857,1.969781,1.894137]",
4202,"[5.464857,1.969781,1.894137]",
4203,"[5.46505,1.969983,1.894326]",
4204,"[5.46518,1.970256,1.894722]",
4205,"[5.465183,1.970294,1.895028]",
4206,"[5.465084,1.970354,1.895493]",
4207,"[5.464971,1.970374,1.895709]",
4208,"[5.464795,1.970378,1.895944]",
4209,"[5.464102,1.970335,1.89641]",
4210,"[5.464102,1.970335,1.89641]",
4211,"[5.464102,1.970335,1.89641]",
4212,"[5.463451,1.970273,1.896764]",
4213,"[5.455788,1.969585,1.898171]",
4214,"[5.45273,1.969196,1.898604]",
4215,"[5.448664,1.968825,1.899245]",
4216,"[5.440577,1.967881,1.900303]",
4217,"[5.436379,1.967284,1.900767]",
4218,"[5.427041,1.965829,1.901962]",
4219,"[5.42192,1.964773,1.902602]",
4220,"[5.409476,1.961494,1.904156]",
4221,"[5.402352,1.959535,1.905142]",
4222,"[5.395147,1.95692,1.906064]",
4223,"[5.376908,1.953202,1.90914]",
4224,"[5.368707,1.951812,1.910579]",
4225,"[5.353281,1.949159,1.913691]",
4226,"[5.347715,1.947605,1.914654]",
4227,"[5.342036,1.94516,1.91525]",
4228,"[5.341833,1.943722,1.915181]",
4229,"[5.341696,1.942191,1.915022]",
4230,"[5.399191,1.940001,1.901656]",
4231,"[5.427714,1.938384,1.894842]",
4232,"[5.470805,1.933644,1.884364]",
4233,"[5.480162,1.930199,1.881892]",
4234,"[5.460538,1.918654,1.885841]",
4235,"[5.420026,1.907583,1.893999]",
4236,"[5.324214,1.8795,1.914674]",
4237,"[5.305028,1.868965,1.918753]",
4238,"[5.287872,1.862597,1.92247]",
4239,"[5.266361,1.85032,1.926989]",
4240,"[5.264434,1.840528,1.927996]",
4241,"[5.259701,1.825581,1.930482]",
4242,"[5.259233,1.819259,1.931275]",
4243,"[5.253561,1.812071,1.933247]",
4244,"[5.247317,1.811852,1.934836]",
4245,"[5.230548,1.812895,1.938902]",
4246,"[5.221735,1.813667,1.941]",
4247,"[5.210087,1.815929,1.943748]",
4248,"[5.182544,1.823335,1.950553]",
4249,"[5.169412,1.826529,1.953685]",
4250,"[5.146561,1.831103,1.959216]",
4251,"[5.135796,1.83317,1.961916]",
4252,"[5.134618,1.833036,1.963427]",
4253,"[5.138749,1.832069,1.963318]",
4254,"[5.142324,1.831328,1.96316]",
4255,"[5.143432,1.831944,1.963698]",
4256,"[5.140467,1.833483,1.962029]",
4257,"[5.134885,1.835932,1.960702]",
4258,"[5.134063,1.83667,1.959669]",
4259,"[5.1346,1.836514,1.958439]",
4260,"[5.136148,1.835469,1.95917]",
4261,"[5.138217,1.834469,1.960228]",
4262,"[5.1383,1.83085,1.964099]",
4263,"[5.136716,1.829254,1.967052]",
4264,"[5.108268,1.829415,1.979535]",
4265,"[5.098343,1.827125,1.985526]",
4266,"[5.079651,1.821409,1.996181]",
4267,"[5.072053,1.819111,2.000751]",
4268,"[5.052729,1.819291,2.009825]",
4269,"[5.043752,1.820173,2.01358]",
4270,"[5.039488,1.819403,2.016297]",
4271,"[5.036312,1.815734,2.020366]",
4272,"[5.037195,1.813338,2.019247]",
4273,"[5.036266,1.807961,2.016714]",
4274,"[5.036011,1.806097,2.016059]",
4275,"[5.036847,1.803167,2.013565]",
4276,"[5.037552,1.802107,2.012134]",
4277,"[5.036646,1.801984,2.009696]",
4278,"[5.033239,1.803776,2.005388]",
4279,"[5.031642,1.804662,2.004068]",
4280,"[5.030968,1.8047,2.002883]",
4281,"[5.031312,1.80425,2.002537]",
4282,"[5.03697,1.799788,2.006889]",
4283,"[5.039647,1.797825,2.009038]",
4284,"[5.04502,1.793819,2.013703]",
4285,"[5.048243,1.791581,2.015766]",
4286,"[5.051462,1.789357,2.018264]",
4287,"[5.05559,1.786194,2.023071]",
4288,"[5.056885,1.784883,2.025567]",
4289,"[5.060462,1.782552,2.026204]",
4290,"[5.06305,1.781324,2.024711]",
4291,"[5.072502,1.776544,2.020784]",
4292,"[5.075033,1.774965,2.01827]",
4293,"[5.07799,1.77296,2.015425]",
4294,"[5.080564,1.771069,2.015227]",
4295,"[5.083755,1.769096,2.014487]",
4296,"[5.090361,1.76545,2.012699]",
4297,"[5.092919,1.763909,2.012493]",
4298,"[5.096486,1.761363,2.013307]",
4299,"[5.097395,1.760545,2.01414]",
4300,"[5.097578,1.759817,2.016315]",
4301,"[5.097078,1.759741,2.01761]",
4302,"[5.098391,1.758469,2.018206]",
4303,"[5.099411,1.7578,2.018339]",
4304,"[5.101005,1.757138,2.018163]",
4305,"[5.108247,1.755041,2.015802]",
4306,"[5.117925,1.753011,2.012419]",
4307,"[5.140624,1.75156,2.006261]",
4308,"[5.150206,1.754083,2.006461]",
4309,"[5.182125,1.773467,2.017449]",
4310,"[5.192192,1.780742,2.020086]",
4311,"[5.233941,1.819282,2.032271]",
4312,"[5.245343,1.826872,2.031775]",
4313,"[5.255733,1.852318,2.03748]",
4314,"[5.300546,1.871313,2.028793]",
4315,"[5.95,1.903616,1.865683]",
4316,"[5.95,1.918201,1.865511]",
4317,"[5.95,1.92373,1.864968]",
4318,"[5.95,1.924366,1.861957]",
4319,"[5.95,1.924794,1.855979]",
4320,"[5.95,1.920426,1.851461]",
4321,"[5.95,1.915418,1.845071]",
4322,"[5.887631,1.909177,1.857968]",
4323,"[5.564178,1.896261,1.940374]",
4324,"[5.529717,1.895189,1.948627]",
4325,"[5.590674,1.899695,1.928769]",
4326,"[5.630899,1.903206,1.916024]",
4327,"[5.661128,1.906632,1.906328]",
4328,"[5.615812,1.914157,1.917518]",
4329,"[5.599842,1.919823,1.9218]",
4330,"[5.752608,1.943199,1.905574]",
4331,"[5.95,1.96235,1.874145]",
4332,"[5.95,1.970768,1.892584]",
4333,"[5.95,1.977103,1.900178]",
4334,"[5.95,1.98125,1.909629]",
4335,"[5.95,1.981857,1.913955]",
4336,"[5.95,1.979759,1.916815]",
4337,"[5.95,1.980288,1.922242]",
4338,"[5.95,1.978856,1.925708]",
4339,"[5.95,1.980464,1.933035]",
4340,"[5.95,1.977365,1.939369]",
4341,"[5.95,1.971718,1.957856]",
4342,"[5.95,1.969605,1.966744]",
4343,"[5.95,1.964172,1.974779]",
4344,"[5.95,1.949725,1.987707]",
4345,"[5.95,1.942909,1.993175]",
4346,"[5.95,1.933172,2.005027]",
4347,"[5.682783,1.927817,2.035059]",
4348,"[5.686641,1.921853,2.054957]",
4349,"[5.68856,1.919204,2.064856]",
4350,"[5.573235,1.933485,2.139927]",
4351,"[5.57382,1.935431,2.153332]",
4352,"[5.574234,1.936818,2.162819]",
4353,"[5.574727,1.938717,2.174103]",
4354,"[5.574953,1.939342,2.179278]",
4355,"[5.575287,1.940173,2.186934]",
4356,"[5.575386,1.940065,2.189209]",
4357,"[5.57548,1.939851,2.191346]",
4358,"[5.575479,1.939827,2.191324]",
4359,"[5.575482,1.939753,2.191404]",
4360,"[5.57548,1.939316,2.191371]",
4361,"[5.575496,1.939048,2.191734]",
4362,"[5.575507,1.938811,2.191968]",
4363,"[5.575411,1.93827,2.189791]",
4364,"[5.575233,1.937452,2.185696]",
4365,"[5.575157,1.937117,2.183964]",
4366,"[5.575088,1.937234,2.182381]",
4367,"[5.575075,1.937466,2.18207]",
4368,"[5.575155,1.939547,2.183922]",
4369,"[5.575259,1.941412,2.186305]",
4370,"[5.575375,1.943478,2.188951]",
4371,"[5.575553,1.945658,2.193031]",
4372,"[5.575632,1.946215,2.194846]",
4373,"[5.575628,1.946759,2.194759]",
4374,"[5.57569,1.947127,2.196172]",
4375,"[5.575631,1.948238,2.194811]",
4376,"[5.575527,1.948861,2.192434]",
4377,"[5.575458,1.949294,2.190845]",
4378,"[5.575372,1.950069,2.188894]",
4379,"[5.575352,1.950554,2.188418]",
4380,"[5.556891,1.950998,2.185803]",
4381,"[5.481668,1.949013,2.179189]",
4382,"[5.352052,1.945219,2.168735]",
4383,"[5.350137,1.946779,2.168671]",
4384,"[5.346699,1.955255,2.1704]",
4385,"[5.343911,1.960715,2.172356]",
4386,"[5.342422,1.963601,2.173815]",
4387,"[5.339504,1.968952,2.176414]",
4388,"[5.33895,1.970767,2.176155]",
4389,"[5.338178,1.97333,2.175914]",
4390,"[5.337897,1.974257,2.175828]",
4391,"[5.337488,1.975337,2.175521]",
4392,"[5.336371,1.97553,2.175263]",
4393,"[5.33488,1.975661,2.175045]",
4394,"[5.33173,1.975777,2.17473]",
4395,"[5.330342,1.975815,2.174534]",
4396,"[5.327257,1.975953,2.174279]",
4397,"[5.325712,1.976075,2.174236]",
4398,"[5.322343,1.976237,2.175383]",
4399,"[5.321151,1.976413,2.175392]",
4400,"[5.318917,1.976638,2.175428]",
4401,"[5.317355,1.976511,2.175295]",
4402,"[5.315259,1.976315,2.175154]",
4403,"[5.309662,1.975742,2.174807]",
4404,"[5.307597,1.975535,2.17466]",
4405,"[5.303869,1.975144,2.174513]",
4406,"[5.301413,1.974859,2.174475]",
4407,"[5.29307,1.973995,2.174425]",
4408,"[5.287973,1.973409,2.174392]",
4409,"[5.27416,1.97166,2.17432]",
4410,"[5.270533,1.971197,2.174299]",
4411,"[5.270874,1.971149,2.17427]",
4412,"[5.278193,1.97171,2.174159]",
4413,"[5.286435,1.972486,2.174067]",
4414,"[5.312673,1.97486,2.175599]",
4415,"[5.318194,1.975126,2.176458]",
4416,"[5.367891,1.979296,2.177675]",
4417,"[5.473226,1.989358,2.177542]",
4418,"[5.95,2.034748,2.174245]",
4419,"[5.137139,1.952341,2.181857]",
4420,"[5.138305,1.951622,2.181509]",
4421,"[5.133126,1.94973,2.180874]",
4422,"[5.134501,1.948459,2.18026]",
4423,"[5.140181,1.946579,2.1786]",
4424,"[5.142849,1.945602,2.177541]",
4425,"[5.148546,1.943505,2.175324]",
4426,"[5.153193,1.942389,2.174078]",
4427,"[5.158761,1.93617,2.176456]",
4428,"[5.226265,1.929498,2.177867]",
4429,"[5.267694,1.926936,2.17841]",
4430,"[5.353465,1.921081,2.181942]",
4431,"[5.396963,1.918016,2.184133]",
4432,"[5.479565,1.911322,2.18899]",
4433,"[5.516956,1.907459,2.192636]",
4434,"[5.95,1.886055,2.211634]",
4435,"[5.95,1.878543,2.219443]",
4436,"[5.95,1.870788,2.226622]",
4437,"[5.763947,1.864122,2.233397]",
4438,"[5.590432,1.864122,2.234721]",
4439,"[5.413943,1.824889,2.266208]",
4440,"[5.391301,1.815786,2.274357]",
4441,"[5.361262,1.806648,2.284943]",
4442,"[5.35042,1.803315,2.28963]",
4443,"[5.345986,1.801635,2.290483]",
4444,"[5.338849,1.799805,2.292944]",
4445,"[5.333508,1.800135,2.293353]",
4446,"[5.317268,1.801921,2.293104]",
4447,"[5.309735,1.80348,2.292012]",
4448,"[5.297993,1.806017,2.288918]",
4449,"[5.296312,1.80645,2.285999]",
4450,"[5.292221,1.807644,2.281223]",
4451,"[5.287929,1.808824,2.278463]",
4452,"[5.278675,1.811601,2.274174]",
4453,"[5.240855,1.821323,2.262389]",
4454,"[5.269326,1.814671,2.267303]",
4455,"[5.270932,1.814414,2.265733]",
4456,"[5.2533,1.818729,2.261264]",
4457,"[5.95,1.655448,2.404061]",
4458,"[5.5,1.765901,2.30829]",
4459,"[5.493548,1.773769,2.3038]",
4460,"[5.447468,1.847873,2.292558]",
4461,"[5.536282,1.85406,2.30955]",
4462,"[5.771719,1.898312,2.354131]",
4463,"[5.771719,1.912322,2.353931]",
4464,"[5.661244,1.927595,2.333318]",
4465,"[5.656401,1.933203,2.333394]",
4466,"[5.576029,1.938994,2.319758]",
4467,"[5.526617,1.941213,2.31167]",
4468,"[5.533988,1.949472,2.330343]",
4469,"[5.558429,1.96185,2.357685]",
4470,"[5.626945,2.00237,2.522823]",
4471,"[5.560284,2.004496,2.523767]",
4472,"[5.559119,2.009193,2.537849]",
4473,"[5.608872,2.023449,2.585526]",
4474,"[5.608872,2.027832,2.596417]",
4475,"[5.608872,2.034989,2.615354]",
4476,"[5.608872,2.038678,2.624682]",
4477,"[5.608872,2.040326,2.628157]",
4478,"[5.608872,2.047799,2.630467]",
4479,"[5.608872,2.055511,2.631668]",
4480,"[5.608872,2.076101,2.634322]",
4481,"[5.608872,2.103818,2.630623]",
4482,"[5.608872,2.134556,2.630922]",
4483,"[5.608872,2.144483,2.632593]",
4484,"[5.608872,2.154232,2.633042]",
4485,"[5.608872,2.170847,2.630253]",
4486,"[5.608872,2.175255,2.62604]",
4487,"[5.608872,2.188557,2.623636]",
4488,"[5.608872,2.198565,2.624567]",
4489,"[5.608872,2.204366,2.619753]",
4490,"[5.608872,2.207504,2.617641]",
4491,"[5.608872,2.222214,2.610724]",
4492,"[5.608872,2.229887,2.605436]",
4493,"[5.95,2.406813,2.733889]",
4494,"[5.560541,2.282807,2.550306]",
4495,"[5.558851,2.292595,2.545525]",
4496,"[5.559055,2.310575,2.539693]",
4497,"[5.559116,2.311608,2.537936]",
4498,"[5.559234,2.311206,2.534574]",
4499,"[5.559281,2.309771,2.533203]",
4500,"[5.559395,2.303958,2.529958]",
4501,"[5.559422,2.302783,2.529161]",
4502,"[5.559452,2.301149,2.528318]",
4503,"[5.559518,2.293627,2.526429]",
4504,"[5.559567,2.291652,2.525982]",
4505,"[5.559679,2.289383,2.525639]",
4506,"[5.559702,2.288055,2.525567]",
4507,"[5.559661,2.285104,2.525692]",
4508,"[5.559505,2.283425,2.526782]",
4509,"[5.559451,2.278741,2.528362]",
4510,"[5.559317,2.263752,2.532196]",
4511,"[5.559236,2.25741,2.534515]",
4512,"[5.559068,2.247079,2.539306]",
4513,"[5.55897,2.241854,2.542124]",
4514,"[5.558891,2.237655,2.544382]",
4515,"[5.561336,2.228746,2.550822]",
4516,"[5.608872,2.189407,2.59232]",
4517,"[5.608872,2.17138,2.600742]",
4518,"[5.608872,2.145974,2.614035]",
4519,"[5.608872,2.134687,2.620493]",
4520,"[5.608872,2.119262,2.629599]",
4521,"[5.608872,2.108897,2.635386]",
4522,"[5.608872,2.101661,2.638499]",
4523,"[5.608872,2.083048,2.647717]",
4524,"[5.608872,2.073259,2.65406]",
4525,"[5.608872,2.047837,2.676853]",
4526,"[5.608872,2.035145,2.688431]",
4527,"[5.608872,2.022685,2.697936]",
4528,"[5.608872,2.004315,2.707399]",
4529,"[5.608872,1.995759,2.709981]",
4530,"[5.608872,1.98184,2.713091]",
4531,"[5.608872,1.977485,2.713414]",
4532,"[5.608872,1.969126,2.711567]",
4533,"[5.608872,1.963286,2.710511]",
4534,"[5.608872,1.956316,2.703969]",
4535,"[5.608872,1.957161,2.697752]",
4536,"[5.608872,1.957361,2.693311]",
4537,"[5.608872,1.962212,2.684047]",
4538,"[5.608872,1.964213,2.680897]",
4539,"[5.608872,1.975126,2.673801]",
4540,"[5.608872,1.984859,2.669669]",
4541,"[5.608872,2.001702,2.664628]",
4542,"[5.608872,2.009281,2.662982]",
4543,"[5.598546,2.021049,2.657068]",
4544,"[5.592706,2.025584,2.65431]",
4545,"[5.617203,2.033629,2.663492]",
4546,"[5.219492,1.979748,2.507952]",
4547,"[5.222912,1.980736,2.509021]",
4548,"[5.226307,1.981472,2.509981]",
4549,"[5.227821,1.98179,2.510586]",
4550,"[5.22545,1.980359,2.518732]",
4551,"[5.221263,1.978492,2.527211]",
4552,"[5.221755,1.978571,2.527363]",
4553,"[5.21688,1.977159,2.535794]",
4554,"[5.211364,1.975594,2.545444]",
4555,"[5.204662,1.973886,2.554769]",
4556,"[5.2029,1.97343,2.55466]",
4557,"[5.192915,1.971052,2.564215]",
4558,"[5.184399,1.969161,2.574069]",
4559,"[5.169086,1.967037,2.584946]",
4560,"[5.158345,1.967278,2.595293]",
4561,"[5.153253,1.966133,2.594868]",
4562,"[5.139858,1.962017,2.604138]",
4563,"[5.132683,1.958492,2.612887]",
4564,"[5.120378,1.954615,2.621644]",
4565,"[5.112772,1.953588,2.631689]",
4566,"[5.105489,1.955691,2.64943]",
4567,"[5.109125,1.956671,2.657468]",
4568,"[5.129168,1.957078,2.666671]",
4569,"[5.862098,2.033437,2.701013]",
4570,"[5.862098,2.025021,2.698609]",
4571,"[5.862098,2.008682,2.691618]",
4572,"[5.862098,2.001672,2.688756]",
4573,"[5.862098,1.992741,2.682634]",
4574,"[5.862098,1.989841,2.678957]",
4575,"[5.862098,1.983529,2.669329]",
4576,"[5.862098,1.979755,2.662827]",
4577,"[5.95,1.976859,2.643671]",
4578,"[5.95,1.974611,2.63773]",
4579,"[5.95,1.973531,2.632604]",
4580,"[5.95,1.972869,2.624546]",
4581,"[5.95,1.972889,2.620816]",
4582,"[5.95,1.973887,2.615483]",
4583,"[5.95,1.974808,2.612458]",
4584,"[5.95,1.975905,2.611527]",
4585,"[5.95,1.976442,2.612158]",
4586,"[5.95,1.977226,2.612869]",
4587,"[5.95,1.981884,2.617246]",
4588,"[5.95,1.985731,2.619472]",
4589,"[5.95,1.993998,2.625496]",
4590,"[5.95,1.999327,2.628195]",
4591,"[5.95,2.008611,2.632316]",
4592,"[5.95,2.052131,2.635146]",
4593,"[5.95,2.079927,2.637268]",
4594,"[5.95,2.085673,2.637748]",
4595,"[5.95,2.085815,2.638283]",
4596,"[5.95,2.085369,2.63865]",
4597,"[5.95,2.084628,2.639165]",
4598,"[5.95,2.081566,2.640057]",
4599,"[5.95,2.079329,2.64045]",
4600,"[5.95,2.07619,2.640582]",
4601,"[5.95,2.075267,2.640336]",
4602,"[5.95,2.075714,2.639629]",
4603,"[5.95,2.076527,2.639928]",
4604,"[5.95,2.077517,2.640123]",
4605,"[5.95,2.080349,2.640663]",
4606,"[5.95,2.082071,2.640946]",
4607,"[5.95,2.084171,2.643724]",
4608,"[5.95,2.085711,2.64502]",
4609,"[5.95,2.089444,2.646936]",
4610,"[5.95,2.091166,2.64816]",
4611,"[5.95,2.09253,2.64895]",
4612,"[5.95,2.094328,2.651641]",
4613,"[5.95,2.094558,2.652435]",
4614,"[5.862098,2.066525,2.662014]",
4615,"[5.862098,2.056122,2.666631]",
4616,"[5.862098,2.039976,2.671761]",
4617,"[5.862098,2.032901,2.673351]",
4618,"[5.862098,2.023458,2.675307]",
4619,"[5.862098,2.019991,2.675886]",
4620,"[5.862098,2.019293,2.676412]",
4621,"[5.862098,2.018101,2.676944]",
4622,"[5.862098,2.018409,2.677525]",
4623,"[5.862098,2.019456,2.678322]",
4624,"[5.862098,2.020624,2.678553]",
4625,"[5.862098,2.023344,2.678532]",
4626,"[5.862098,2.023842,2.675492]",
4627,"[5.862098,2.025269,2.675741]",
4628,"[5.862098,2.025994,2.67612]",
4629,"[5.862098,2.026769,2.676314]",
4630,"[5.862098,2.028286,2.676731]",
4631,"[5.862098,2.028514,2.676966]",
4632,"[5.862098,2.027589,2.677673]",
4633,"[5.862098,2.026618,2.678031]",
4634,"[5.862098,2.02412,2.678937]",
4635,"[5.862098,2.022773,2.679977]",
4636,"[5.862098,2.021173,2.682083]",
4637,"[5.862098,2.021058,2.683001]",
4638,"[5.862098,2.021097,2.683745]",
4639,"[5.862098,2.022555,2.686008]",
4640,"[5.862098,2.023206,2.686326]",
4641,"[5.862098,2.025474,2.682329]",
4642,"[5.862098,2.027649,2.677966]",
4643,"[5.862098,2.037505,2.668893]",
4644,"[5.862098,2.043909,2.664212]",
4645,"[5.862098,2.054715,2.656456]",
4646,"[5.86485,2.059836,2.653474]",
4647,"[5.888776,2.066278,2.653474]",
4648,"[5.95,2.07897,2.657046]",
4649,"[5.95,2.080533,2.656528]",
4650,"[5.95,2.083313,2.65554]",
4651,"[5.95,2.085139,2.655133]",
4652,"[5.95,2.087161,2.655133]",
4653,"[5.95,2.08761,2.655217]",
4654,"[5.95,2.088345,2.655455]",
4655,"[5.95,2.087856,2.656317]",
4656,"[5.95,2.087285,2.657123]",
4657,"[5.898009,2.078484,2.653474]",
4658,"[5.889612,2.076639,2.653474]",
4659,"[5.877479,2.073924,2.653474]",
4660,"[5.875162,2.072863,2.653474]",
4661,"[5.876259,2.071891,2.653474]",
4662,"[5.879363,2.071917,2.653474]",
4663,"[5.879084,2.071573,2.653473]",
4664,"[5.878186,2.071187,2.653474]",
4665,"[5.87772,2.071122,2.653474]",
4666,"[5.876664,2.071005,2.653474]",
4667,"[5.875908,2.070912,2.653474]",
4668,"[5.876853,2.071108,2.653474]",
4669,"[5.878623,2.071452,2.653474]",
4670,"[5.889315,2.073523,2.653474]",
4671,"[5.893362,2.074468,2.653474]",
4672,"[5.897272,2.075354,2.653474]",
4673,"[5.904689,2.07719,2.653474]",
4674,"[5.95,2.084043,2.658507]",
4675,"[5.95,2.085082,2.657691]",
4676,"[5.95,2.085651,2.657346]",
4677,"[5.95,2.086609,2.656669]",
4678,"[5.95,2.086892,2.65641]",
4679,"[5.95,2.087214,2.656168]",
4680,"[5.95,2.087642,2.655913]",
4681,"[5.95,2.087739,2.655857]",
4682,"[5.95,2.087246,2.655549]",
4683,"[5.95,2.086575,2.655309]",
4684,"[5.95,2.085339,2.654995]",
4685,"[5.95,2.08491,2.654893]",
4686,"[5.95,2.084755,2.654536]",
4687,"[5.95,2.084957,2.65428]",
4688,"[5.95,2.085354,2.654022]",
4689,"[5.95,2.086838,2.653341]",
4690,"[5.95,2.087753,2.653116]",
4691,"[5.95,2.089387,2.652969]",
4692,"[5.95,2.089458,2.653037]",
4693,"[5.95,2.088908,2.653083]",
4694,"[5.95,2.088359,2.653027]",
4695,"[5.95,2.086366,2.652878]",
4696,"[5.95,2.085104,2.652813]",
4697,"[5.95,2.083766,2.652816]",
4698,"[5.95,2.081408,2.652665]",
4699,"[5.95,2.080256,2.652615]",
4700,"[5.95,2.078869,2.652686]",
4701,"[5.95,2.077968,2.652884]",
4702,"[5.95,2.0765,2.652867]",
4703,"[5.95,2.076171,2.652952]",
4704,"[5.95,2.075899,2.653133]",
4705,"[5.95,2.075362,2.653638]",
4706,"[5.95,2.075027,2.653994]",
4707,"[5.95,2.075196,2.654486]",
4708,"[5.95,2.075335,2.654475]",
4709,"[5.95,2.075517,2.65431]",
4710,"[5.95,2.075742,2.654314]",
4711,"[5.95,2.076068,2.654008]",
4712,"[5.95,2.076158,2.653726]",
4713,"[5.95,2.076273,2.653023]",
4714,"[5.95,2.076317,2.652672]",
4715,"[5.95,2.076429,2.652231]",
4716,"[5.95,2.077053,2.651156]",
4717,"[5.95,2.077674,2.650305]",
4718,"[5.95,2.078987,2.648937]",
4719,"[5.95,2.079526,2.648596]",
4720,"[5.95,2.084277,2.648143]",
4721,"[5.95,2.086536,2.647679]",
4722,"[5.95,2.088908,2.648388]",
4723,"[5.95,2.094215,2.649738]",
4724,"[5.95,2.097323,2.650454]",
4725,"[5.95,2.103056,2.652946]",
4726,"[5.95,2.105921,2.654847]",
4727,"[5.95,2.109652,2.658158]",
4728,"[5.900177,2.102144,2.653474]",
4729,"[5.878172,2.099559,2.653474]",
4730,"[5.866698,2.09783,2.653474]",
4731,"[5.862098,2.097243,2.654016]",
4732,"[5.862098,2.096945,2.656465]",
4733,"[5.862098,2.096654,2.657394]",
4734,"[5.862098,2.095713,2.659307]",
4735,"[5.862098,2.095282,2.659624]",
4736,"[5.862098,2.094576,2.660187]",
4737,"[5.862098,2.094182,2.66051]",
4738,"[5.862098,2.093182,2.661427]",
4739,"[5.862098,2.092574,2.662026]",
4740,"[5.862098,2.092032,2.662548]",
4741,"[5.862098,2.091295,2.663388]",
4742,"[5.862098,2.091182,2.663707]",
4743,"[5.862098,2.091134,2.664093]",
4744,"[5.862098,2.091122,2.664202]",
4745,"[5.862098,2.091049,2.664344]",
4746,"[5.862098,2.091055,2.664413]",
4747,"[5.862098,2.091214,2.66452]",
4748,"[5.862098,2.091455,2.664617]",
4749,"[5.862098,2.091768,2.664745]",
4750,"[5.862098,2.092374,2.664999]",
4751,"[5.862098,2.092672,2.665095]",
4752,"[5.862098,2.093243,2.664943]",
4753,"[5.862098,2.093341,2.66486]",
4754,"[5.862098,2.093432,2.664563]",
4755,"[5.862098,2.09342,2.664308]",
4756,"[5.84355,2.090398,2.661374]",
4757,"[5.95,2.105767,2.674561]",
4758,"[5.95,2.104748,2.673761]",
4759,"[5.95,2.102592,2.671528]",
4760,"[5.95,2.101531,2.669857]",
4761,"[5.95,2.100989,2.668801]",
4762,"[5.95,2.100534,2.666806]",
4763,"[5.95,2.100425,2.665342]",
4764,"[5.95,2.100542,2.66485]",
4765,"[5.95,2.100698,2.664864]",
4766,"[5.95,2.101085,2.665347]",
4767,"[5.95,2.101278,2.665819]",
4768,"[5.95,2.101815,2.666849]",
4769,"[5.95,2.102163,2.667573]",
4770,"[5.95,2.102823,2.668796]",
4771,"[5.95,2.103175,2.669332]",
4772,"[5.95,2.103891,2.670578]",
4773,"[5.95,2.104185,2.671313]",
4774,"[5.95,2.104654,2.672182]",
4775,"[5.722532,2.069694,2.643075]",
4776,"[5.711625,2.068387,2.642892]",
4777,"[5.683764,2.070047,2.642864]",
4778,"[5.95,2.180803,2.685937]",
4779,"[5.95,2.217757,2.689779]",
4780,"[5.95,2.22707,2.691121]",
4781,"[5.571046,2.128906,2.633686]",
4782,"[5.551596,2.1243,2.631072]",
4783,"[5.531818,2.119757,2.628387]",
4784,"[5.487589,2.109794,2.621593]",
4785,"[5.51274,2.117542,2.625769]",
4786,"[5.516569,2.119314,2.626661]",
4787,"[5.522051,2.121028,2.627619]",
4788,"[5.95,2.241729,2.696076]",
4789,"[5.95,2.241417,2.696271]",
4790,"[5.95,2.238451,2.697196]",
4791,"[5.95,2.235768,2.697819]",
4792,"[5.95,2.232636,2.698473]",
4793,"[5.95,2.161005,2.708133]",
4794,"[5.95,2.133507,2.712465]",
4795,"[5.18353,1.985448,2.589772]",
4796,"[5.175735,1.981184,2.591776]",
4797,"[5.160801,1.975198,2.594953]",
4798,"[5.150306,1.972577,2.593488]",
4799,"[5.136348,1.969752,2.594492]",
4800,"[5.111802,1.965218,2.597149]",
4801,"[5.103509,1.96364,2.599376]",
4802,"[5.095634,1.962137,2.604299]",
4803,"[5.09554,1.961937,2.607867]",
4804,"[5.086052,1.960287,2.612604]",
4805,"[5.084568,1.959925,2.615575]",
4806,"[5.105489,1.96179,2.622231]",
4807,"[5.155549,1.966417,2.635815]",
4808,"[5.181164,1.968658,2.639925]",
4809,"[5.221798,1.972321,2.651251]",
4810,"[5.239663,1.973525,2.653299]",
4811,"[5.277383,1.972476,2.655765]",
4812,"[5.295768,1.971338,2.656687]",
4813,"[5.321164,1.970092,2.657659]",
4814,"[5.333172,1.970154,2.658367]",
4815,"[5.344599,1.970524,2.659046]",
4816,"[5.364311,1.971571,2.66057]",
4817,"[5.375695,1.97229,2.661143]",
4818,"[5.395051,1.973806,2.661793]",
4819,"[5.403994,1.974752,2.662025]",
4820,"[5.41954,1.976538,2.662269]",
4821,"[5.425773,1.977424,2.662439]",
4822,"[5.435426,1.978337,2.662836]",
4823,"[5.438483,1.978518,2.662973]",
4824,"[5.441329,1.978706,2.663111]",
4825,"[5.445747,1.979039,2.664795]",
4826,"[5.448034,1.979323,2.666372]",
4827,"[5.452883,1.979986,2.669223]",
4828,"[5.456127,1.980106,2.670782]",
4829,"[5.608872,1.989279,2.682506]",
4830,"[5.608872,1.987465,2.684509]",
4831,"[5.608872,1.982263,2.686949]",
4832,"[5.608872,1.97836,2.687428]",
4833,"[5.608872,1.974666,2.687801]",
4834,"[5.608872,1.966801,2.688179]",
4835,"[5.608872,1.963181,2.688065]",
4836,"[5.608872,1.95687,2.687596]",
4837,"[5.608872,1.954803,2.68713]",
4838,"[5.608872,1.951708,2.68531]",
4839,"[5.608872,1.950005,2.683869]",
4840,"[5.608872,1.94817,2.682486]",
4841,"[5.608872,1.946825,2.682963]",
4842,"[5.608872,1.946321,2.687352]",
4843,"[5.608872,1.94326,2.729287]",
4844,"[5.95,1.942375,2.82596]",
4845,"[5.531383,1.93113,2.970459]",
4846,"[5.95,1.917812,3.25577]",
4847,"[5.949999,1.877419,3.974228]",
4848,"[5.460918,1.847875,3.983298]",
4849,"[5.386562,1.838494,3.983278]",
4850,"[5.074451,1.796093,3.983189]",
4851,"[4.995022,1.781214,3.983158]",
4852,"[4.803978,1.746138,3.983085]",
4853,"[4.741112,1.738902,3.983069]",
4854,"[4.641946,1.727334,3.983045]",
4855,"[4.637791,1.735645,3.983063]",
4856,"[4.651217,1.750778,3.983094]",
4857,"[4.653999,1.752482,3.983098]",
4858,"[4.654362,1.752837,3.983099]",
4859,"[4.711784,1.776338,3.983148]",
4860,"[4.715114,1.781368,3.983158]",
4861,"[4.715505,1.797212,3.983191]",
4862,"[4.712183,1.807239,3.983212]",
4863,"[4.698648,1.824534,3.983249]",
4864,"[4.686032,1.831621,3.983264]",
4865,"[4.685896,1.835118,3.983271]",
4866,"[4.674339,1.838518,3.983278]",
4867,"[4.658593,1.838323,3.983278]",
4868,"[4.562038,1.831417,3.983263]",
4869,"[4.522809,1.827776,3.983256]",
4870,"[4.485577,1.823254,3.983246]",
4871,"[4.47624,1.82178,3.983243]",
4872,"[4.482352,1.821809,3.983243]",
4873,"[4.494859,1.822076,3.983244]",
4874,"[4.504841,1.822857,3.983245]",
4875,"[4.542419,1.826436,3.983253]",
4876,"[4.560708,1.827867,3.983256]",
4877,"[4.660816,1.854004,3.535985]",
4878,"[4.667146,1.851497,3.555039]",
4879,"[4.671374,1.849355,3.56848]",
4880,"[4.670069,1.848433,3.579773]",
4881,"[4.657295,1.845899,3.621127]",
4882,"[4.649004,1.844419,3.647329]",
4883,"[4.640646,1.843333,3.668956]",
4884,"[4.624293,1.841239,3.703719]",
4885,"[4.578896,1.823336,3.983246]",
4886,"[4.578753,1.82181,3.983243]",
4887,"[4.578654,1.820755,3.983241]",
4888,"[4.578804,1.819852,3.983239]",
4889,"[4.579093,1.819521,3.983238]",
4890,"[4.581967,1.818727,3.983237]",
4891,"[4.586131,1.816327,3.983232]",
4892,"[4.587784,1.814542,3.983228]",
4893,"[4.588164,1.814248,3.983227]",
4894,"[4.588398,1.816135,3.983231]",
4895,"[4.58878,1.815458,3.98323]",
4896,"[4.588425,1.810243,3.983219]",
4897,"[4.565077,1.792327,3.983181]",
4898,"[4.556273,1.786579,3.983169]",
4899,"[4.549723,1.783354,3.983162]",
4900,"[4.534546,1.782934,3.983162]",
4901,"[4.527561,1.783554,3.983163]",
4902,"[4.518373,1.787899,3.983172]",
4903,"[4.513651,1.789987,3.983176]",
4904,"[4.505898,1.79333,3.983183]",
4905,"[4.504228,1.795364,3.983188]",
4906,"[4.504876,1.798378,3.983194]",
4907,"[4.505871,1.79898,3.983195]",
4908,"[4.506961,1.799514,3.983196]",
4909,"[4.50829,1.799713,3.983197]",
4910,"[4.508145,1.799393,3.983196]",
4911,"[4.507002,1.799359,3.983196]",
4912,"[4.506154,1.799165,3.983196]",
4913,"[4.507392,1.794744,3.983186]",
4914,"[4.507791,1.78879,3.983174]",
4915,"[4.504583,1.784481,3.983165]",
4916,"[4.483584,1.779475,3.983154]",
4917,"[4.480429,1.779976,3.983155]",
4918,"[4.482734,1.776406,3.983148]",
4919,"[4.489555,1.772105,3.983139]",
4920,"[4.510025,1.769726,3.983134]",
4921,"[4.515405,1.77002,3.983135]",
4922,"[4.526071,1.772079,3.983139]",
4923,"[4.531417,1.77377,3.983142]",
4924,"[4.541437,1.778245,3.983152]",
4925,"[4.541701,1.781594,3.983159]",
4926,"[4.542088,1.785144,3.983166]",
4927,"[4.541867,1.793038,3.983183]",
4928,"[4.541373,1.796682,3.983191]",
4929,"[4.540387,1.803763,3.983205]",
4930,"[4.538542,1.805347,3.983209]",
4931,"[4.534732,1.807314,3.983213]",
4932,"[4.532681,1.80768,3.983213]",
4933,"[4.532858,1.807821,3.983214]",
4934,"[4.533579,1.806813,3.983212]",
4935,"[4.533573,1.806948,3.983212]",
4936,"[4.526516,1.812246,3.983223]",
4937,"[4.523501,1.815043,3.983229]",
4938,"[4.524163,1.816425,3.983232]",
4939,"[4.524187,1.816088,3.983231]",
4940,"[4.515454,1.813124,3.983225]",
4941,"[4.51049,1.811023,3.983221]",
4942,"[4.505983,1.810055,3.983218]",
4943,"[4.496539,1.809341,3.983217]",
4944,"[4.491139,1.808982,3.983216]",
4945,"[4.480748,1.807415,3.983213]",
4946,"[4.475328,1.806876,3.983212]",
4947,"[4.465369,1.805527,3.983209]",
4948,"[4.460246,1.804639,3.983207]",
4949,"[4.45158,1.802914,3.983203]",
4950,"[4.445451,1.800318,3.983198]",
4951,"[4.440986,1.798621,3.983195]",
4952,"[4.433698,1.793087,3.983183]",
4953,"[4.430878,1.790707,3.983178]",
4954,"[4.430668,1.786578,3.983169]",
4955,"[4.432233,1.785027,3.983166]",
4956,"[4.433914,1.783569,3.983163]",
4957,"[4.434336,1.783175,3.983162]",
4958,"[4.434631,1.782674,3.983161]",
4959,"[4.435001,1.78132,3.983158]",
4960,"[4.433161,1.780283,3.983156]",
4961,"[4.43325,1.778449,3.983152]",
4962,"[4.433351,1.77706,3.983149]",
4963,"[4.433471,1.774082,3.983143]",
4964,"[4.433528,1.773242,3.983141]",
4965,"[4.43351,1.772992,3.983141]",
4966,"[4.433481,1.772901,3.983141]",
4967,"[4.433462,1.772779,3.98314]",
4968,"[4.433446,1.772513,3.98314]",
4969,"[4.433443,1.772359,3.98314]",
4970,"[4.433486,1.771958,3.983139]",
4971,"[4.432375,1.772059,3.983139]",
4972,"[4.430001,1.772269,3.983139]",
4973,"[4.428514,1.772447,3.98314]",
4974,"[4.426966,1.772678,3.98314]",
4975,"[4.42344,1.773028,3.983141]",
4976,"[4.421097,1.773003,3.983141]",
4977,"[4.417294,1.772221,3.983139]",
4978,"[4.415451,1.771676,3.983138]",
4979,"[4.411921,1.770674,3.983136]",
4980,"[4.410171,1.770352,3.983135]",
4981,"[4.407072,1.752066,3.983097]",
4982,"[4.405009,1.744052,3.98308]",
4983,"[4.403178,1.739897,3.983072]",
4984,"[4.398893,1.734826,3.983061]",
4985,"[4.396998,1.732901,3.983057]",
4986,"[4.394025,1.728111,3.983047]",
4987,"[4.392985,1.724922,3.98304]",
4988,"[4.394442,1.718361,3.983027]",
4989,"[4.395522,1.715168,3.98302]",
4990,"[4.400266,1.708288,3.983005]",
4991,"[4.402275,1.704428,3.982997]",
4992,"[4.404613,1.700749,3.98299]",
4993,"[4.407672,1.698196,3.982984]",
4994,"[4.408671,1.69847,3.982985]",
4995,"[4.411027,1.699422,3.982987]",
4996,"[4.412395,1.699031,3.982986]",
4997,"[4.412812,1.694155,3.982976]",
4998,"[4.411044,1.687647,3.982962]",
4999,"[4.406197,1.674811,3.982935]",
5000,"[4.402801,1.670969,3.982927]",
5001,"[4.3991,1.668445,3.982922]",
5002,"[4.389772,1.666586,3.982918]",
5003,"[4.385902,1.669927,3.982925]",
5004,"[4.377712,1.676421,3.982939]",
5005,"[4.373917,1.679012,3.982944]",
5006,"[4.367803,1.682051,3.98295]",
5007,"[4.361224,1.683417,3.982953]",
5008,"[4.350707,1.685299,3.982957]",
5009,"[4.320788,1.689798,3.982967]",
5010,"[4.300797,1.688019,3.982963]",
5011,"[4.248671,1.678404,3.982943]",
5012,"[4.225462,1.670518,3.982926]",
5013,"[4.197908,1.659299,3.982903]",
5014,"[4.194102,1.65819,3.9829]",
5015,"[4.202998,1.651587,3.982887]",
5016,"[4.21135,1.64847,3.98288]",
5017,"[4.234218,1.645813,3.982874]",
5018,"[4.297389,1.649699,3.982882]",
5019,"[4.324153,1.652254,3.982888]",
5020,"[4.387851,1.658435,3.982901]",
5021,"[4.406143,1.656433,3.982897]",
5022,"[4.426339,1.651326,3.982886]",
5023,"[4.429191,1.645086,3.982873]",
5024,"[4.423872,1.632705,3.982847]",
5025,"[4.395936,1.601625,3.982782]",
5026,"[4.375494,1.583807,3.982745]",
5027,"[4.354091,1.564682,3.982705]",
5028,"[4.355095,1.563983,3.982703]",
5029,"[4.364368,1.56602,3.982707]",
5030,"[4.395131,1.585033,3.982747]",
5031,"[4.440118,1.618228,3.982817]",
5032,"[4.474721,1.652989,3.982889]",
5033,"[4.498903,1.675355,3.982936]",
5034,"[4.527472,1.69995,3.982988]",
5035,"[4.530665,1.703354,3.982995]",
5036,"[4.537204,1.706854,3.983002]",
5037,"[4.5416,1.707602,3.983004]",
5038,"[4.550234,1.704506,3.982997]",
5039,"[4.554721,1.702222,3.982993]",
5040,"[4.567986,1.69897,3.982986]",
5041,"[4.578577,1.697365,3.982982]",
5042,"[4.590183,1.696212,3.98298]",
5043,"[4.600694,1.692157,3.982971]",
5044,"[4.606948,1.690094,3.982967]",
5045,"[4.618729,1.688151,3.982963]",
5046,"[4.62965,1.687873,3.982963]",
5047,"[4.64112,1.685189,3.982957]",
5048,"[4.643435,1.683844,3.982954]",
5049,"[4.649076,1.682201,3.982951]",
5050,"[4.659207,1.678962,3.982944]",
5051,"[4.675354,1.675035,3.982936]",
5052,"[4.702362,1.665641,3.982916]",
5053,"[4.722451,1.655831,3.982895]",
5054,"[4.814505,1.631735,3.982845]",
5055,"[4.87207,1.624075,3.982829]",
5056,"[5.151378,1.592052,3.982762]",
5057,"[5.238137,1.576084,3.982728]",
5058,"[5.319618,1.557495,3.982689]",
5059,"[5.95,1.376868,4.216568]",
5060,"[5.950001,1.385168,4.041369]",
5061,"[5.95,1.438247,3.460649]",
5062,"[5.95,1.445194,3.345875]",
5063,"[5.574975,1.564802,2.965965]",
5064,"[5.558602,1.563946,2.884267]",
5065,"[5.564756,1.54462,2.704246]",
5066,"[5.572505,1.522398,2.590064]",
5067,"[5.559242,1.518992,2.534336]",
5068,"[5.581818,1.493574,2.411178]",
5069,"[5.701331,1.442547,2.33242]",
5070,"[5.665345,1.45068,2.33242]",
5071,"[5.609843,1.468411,2.33242]",
5072,"[5.645999,1.451666,2.332421]",
5073,"[5.647438,1.450236,2.332421]",
5074,"[5.58419,1.471781,2.33242]",
5075,"[5.57596,1.471613,2.303989]",
5076,"[5.57596,1.46747,2.272903]",
5077,"[5.598071,1.412769,2.106271]",
5078,"[5.630341,1.379152,2.035673]",
5079,"[5.578642,1.365346,1.969338]",
5080,"[5.578642,1.358047,1.959017]",
5081,"[5.578642,1.330588,1.91711]",
5082,"[5.629044,1.281453,1.855322]",
5083,"[5.61558,1.269234,1.835111]",
5084,"[5.58913,1.246126,1.80287]",
5085,"[5.589148,1.236575,1.802361]",
5086,"[5.699424,1.153,1.757885]",
5087,"[5.695251,1.153,1.781715]",
5088,"[5.698867,1.153,1.833835]",
5089,"[5.699052,1.153,1.852196]",
5090,"[5.584176,1.236812,1.944736]",
5091,"[5.584004,1.238373,1.949639]",
5092,"[5.58387,1.242752,1.953503]",
5093,"[5.583809,1.244727,1.955229]",
5094,"[5.583817,1.244479,1.955023]",
5095,"[5.584064,1.236383,1.947953]",
5096,"[5.700582,1.153,1.884422]",
5097,"[5.624534,1.133867,1.867222]",
5098,"[5.624534,0.9898115,1.811314]",
5099,"[5.624534,0.9400932,1.791594]",
5100,"[5.624534,0.8775222,1.767478]",
5101,"[5.624534,0.8521231,1.75684]",
5102,"[5.624534,0.8303566,1.74618]",
5103,"[5.624534,0.8286607,1.745212]",
5104,"[5.624534,0.8226436,1.739555]",
5105,"[5.624534,0.8222913,1.73812]",
5106,"[5.624534,0.8224182,1.733297]",
5107,"[5.624534,0.8233968,1.730731]",
5108,"[5.624534,0.8242166,1.727611]",
5109,"[5.624534,0.825215,1.726837]",
5110,"[5.624534,0.8250638,1.72676]",
5111,"[5.624534,0.8233061,1.726429]",
5112,"[5.624534,0.8223642,1.726426]",
5113,"[5.624534,0.8220183,1.726655]",
5114,"[5.624534,0.8221757,1.72688]",
5115,"[5.624534,0.8273221,1.736792]",
5116,"[5.624534,0.8294243,1.740789]",
5117,"[5.624534,0.8362709,1.748949]",
5118,"[5.624534,0.8517825,1.765002]",
5119,"[5.624534,0.863892,1.775079]",
5120,"[5.624534,0.9021453,1.802626]",
5121,"[5.624534,0.9225373,1.816392]",
5122,"[5.624534,0.9698057,1.853306]",
5123,"[5.624534,0.9939675,1.877872]",
5124,"[5.624534,1.019448,1.905666]",
5125,"[5.647998,1.157105,2.108015]",
5126,"[5.576676,1.264227,2.245072]",
5127,"[5.588482,1.360267,2.652956]",
5128,"[5.95,1.296429,3.667064]",
5129,"[5.950001,1.300043,4.127573]",
5130,"[5.253396,1.650829,3.982885]",
5131,"[4.785398,1.803573,3.983205]",
5132,"[4.619866,1.841753,3.983285]",
5133,"[4.457448,1.874787,3.983354]",
5134,"[4.064439,1.964789,4.179746]",
5135,"[3.547164,2.052684,5.04]",
5136,"[3.226111,2.105043,4.894961]",
5137,"[3.104052,2.12414,4.827354]",
5138,"[2.913016,2.117979,4.710379]",
5139,"[2.826207,2.104094,4.651995]",
5140,"[2.851265,2.076965,4.677899]",
5141,"[2.85527,2.066082,4.683584]",
5142,"[3.050066,1.987873,4.819398]",
5143,"[3.400156,1.913074,5.005866]",
5144,"[3.475797,1.902631,5.038601]",
5145,"[4.173213,1.877982,3.983361]",
5146,"[4.217665,1.875749,3.983356]",
5147,"[4.355893,1.858809,3.98332]",
5148,"[4.415445,1.850721,3.983304]",
5149,"[4.445445,1.846011,3.983294]",
5150,"[4.487012,1.835759,3.983272]",
5151,"[4.500134,1.831692,3.983264]",
5152,"[4.512721,1.823464,3.983247]",
5153,"[4.515928,1.820877,3.983241]",
5154,"[4.5215,1.816375,3.983232]",
5155,"[4.520038,1.818488,3.983236]",
5156,"[4.516681,1.820972,3.983241]",
5157,"[4.51599,1.821036,3.983242]",
5158,"[4.516529,1.819975,3.983239]",
5159,"[4.532829,1.809243,3.983217]",
5160,"[4.561051,1.795013,3.983187]",
5161,"[4.682486,1.755369,3.983104]",
5162,"[4.74164,1.739468,3.983071]",
5163,"[4.84498,1.713884,3.983017]",
5164,"[4.889864,1.701269,3.982991]",
5165,"[4.960694,1.584418,3.982746]",
5166,"[4.967423,1.413087,3.982387]",
5167,"[4.958224,1.370233,3.982297]",
5168,"[4.855231,1.319054,3.98219]",
5169,"[4.799406,1.306667,3.982164]",
5170,"[4.646215,1.302397,3.982155]",
5171,"[4.604066,1.301334,3.982153]",
5172,"[4.545559,1.315629,3.982183]",
5173,"[4.523019,1.371684,3.9823]",
5174,"[4.504576,1.405601,3.982371]",
5175,"[4.536653,1.707714,3.983004]",
5176,"[4.532601,1.732776,3.983057]",
5177,"[4.540515,1.761659,3.983117]",
5178,"[4.547607,1.770467,3.983135]",
5179,"[4.554543,1.790407,3.983177]",
5180,"[4.566658,1.805572,3.983209]",
5181,"[4.594324,1.844439,3.98329]",
5182,"[4.60757,1.866343,3.983336]",
5183,"[4.622178,1.900442,3.983408]",
5184,"[4.64129,1.958999,3.983531]",
5185,"[4.655947,1.989261,3.983594]",
5186,"[4.679289,2.030213,3.98368]",
5187,"[4.690122,2.044705,3.98371]",
5188,"[4.705815,2.061772,3.983746]",
5189,"[4.712758,2.066464,3.983756]",
5190,"[4.722844,2.063837,3.98375]",
5191,"[4.73253,2.050262,3.983721]",
5192,"[4.739991,2.041671,3.983704]",
5193,"[4.755432,2.028263,3.983675]",
5194,"[4.763065,2.023876,3.983666]",
5195,"[4.777916,2.01185,3.983641]",
5196,"[4.784036,2.008834,3.983635]",
5197,"[4.792254,1.995764,3.983607]",
5198,"[4.795249,1.990527,3.983596]",
5199,"[4.798722,1.981612,3.983578]",
5200,"[4.799501,1.977986,3.98357]",
5201,"[4.800206,1.97511,3.983564]",
5202,"[4.800694,1.958944,3.98353]",
5203,"[4.796303,1.948932,3.983509]",
5204,"[4.790937,1.936065,3.983482]",
5205,"[4.789429,1.931821,3.983474]",
5206,"[4.809927,1.920151,3.983449]",
5207,"[4.825577,1.914883,3.983438]",
5208,"[4.835505,1.911731,3.983431]",
5209,"[4.848554,1.909335,3.983426]",
5210,"[4.851737,1.90842,3.983424]",
5211,"[4.856182,1.907742,3.983423]",
5212,"[4.858126,1.908013,3.983424]",
5213,"[4.861123,1.90888,3.983425]",
5214,"[4.862297,1.909366,3.983427]",
5215,"[4.864038,1.910402,3.983429]",
5216,"[4.864644,1.910536,3.983429]",
5217,"[4.865173,1.910687,3.983429]",
5218,"[4.865742,1.910217,3.983428]",
5219,"[4.865913,1.909528,3.983427]",
5220,"[4.865769,1.907461,3.983423]",
5221,"[4.86577,1.9068,3.983421]",
5222,"[4.866114,1.905627,3.983419]",
5223,"[4.87113,1.904372,3.983416]",
5224,"[4.881691,1.902637,3.983412]",
5225,"[4.887677,1.902177,3.983411]",
5226,"[4.893308,1.901934,3.983411]",
5227,"[4.973679,1.903913,3.983415]",
5228,"[4.995077,1.905923,3.983419]",
5229,"[5.024019,1.908182,3.983424]",
5230,"[5.032968,1.908335,3.983424]",
5231,"[5.049336,1.905428,3.983418]",
5232,"[5.056475,1.903215,3.983414]",
5233,"[5.062513,1.900196,3.983407]",
5234,"[5.073633,1.896726,3.9834]",
5235,"[5.075869,1.895925,3.983398]",
5236,"[5.079988,1.894582,3.983396]",
5237,"[5.081893,1.893944,3.983394]",
5238,"[5.086345,1.893709,3.983394]",
5239,"[5.089013,1.894201,3.983395]",
5240,"[5.117953,1.897092,3.983401]",
5241,"[5.140679,1.898979,3.983405]",
5242,"[5.157228,1.900306,3.983407]",
5243,"[5.178799,1.902065,3.983411]",
5244,"[5.187089,1.902763,3.983413]",
5245,"[5.193226,1.902371,3.983412]",
5246,"[5.196643,1.901844,3.983411]",
5247,"[5.201267,1.900341,3.983407]",
5248,"[5.203713,1.899854,3.983407]",
5249,"[5.205997,1.899578,3.983406]",
5250,"[5.209516,1.898022,3.983403]",
5251,"[5.221195,1.895737,3.983398]",
5252,"[5.235247,1.893038,3.983392]",
5253,"[5.239619,1.891823,3.98339]",
5254,"[5.246236,1.889034,3.983384]",
5255,"[5.24763,1.888191,3.983382]",
5256,"[5.249654,1.887612,3.983381]",
5257,"[5.250597,1.887772,3.983381]",
5258,"[5.251586,1.887968,3.983382]",
5259,"[5.256416,1.884087,3.983373]",
5260,"[5.259096,1.8833,3.983372]",
5261,"[5.264121,1.881444,3.983368]",
5262,"[5.266589,1.879911,3.983365]",
5263,"[5.269765,1.876364,3.983357]",
5264,"[5.270576,1.87471,3.983354]",
5265,"[5.271292,1.873361,3.983351]",
5266,"[5.271486,1.872658,3.98335]",
5267,"[5.271506,1.87193,3.983348]",
5268,"[5.271194,1.870664,3.983346]",
5269,"[5.270881,1.869901,3.983344]",
5270,"[5.269814,1.86665,3.983337]",
5271,"[5.269049,1.864089,3.983332]",
5272,"[5.267395,1.858772,3.98332]",
5273,"[5.265657,1.857111,3.983317]",
5274,"[5.262336,1.855172,3.983313]",
5275,"[5.045233,1.848363,3.983299]",
5276,"[5.012259,1.845894,3.983294]",
5277,"[4.787994,1.843948,3.983289]",
5278,"[4.759704,1.841609,3.983284]",
5279,"[4.726542,1.836682,3.983274]",
5280,"[4.718434,1.834157,3.983269]",
5281,"[4.708928,1.831473,3.983263]",
5282,"[4.706337,1.83152,3.983263]",
5283,"[4.705779,1.831779,3.983264]",
5284,"[4.704484,1.832171,3.983265]",
5285,"[4.704415,1.832254,3.983265]",
5286,"[4.70437,1.83215,3.983265]",
5287,"[4.704364,1.831873,3.983264]",
5288,"[4.704271,1.830232,3.983261]",
5289,"[4.705107,1.82869,3.983258]",
5290,"[4.706949,1.827245,3.983254]",
5291,"[4.708006,1.827637,3.983255]",
5292,"[4.709167,1.828029,3.983256]",
5293,"[4.71285,1.829001,3.983258]",
5294,"[4.71527,1.829668,3.983259]",
5295,"[4.746115,1.835835,3.983273]",
5296,"[4.755401,1.838291,3.983278]",
5297,"[4.769094,1.842845,3.983287]",
5298,"[4.774145,1.843435,3.983288]",
5299,"[4.778356,1.843909,3.983289]",
5300,"[4.785564,1.844676,3.983291]",
5301,"[4.788719,1.844992,3.983292]",
5302,"[4.794664,1.845533,3.983293]",
5303,"[4.855382,1.844815,3.983291]",
5304,"[4.90188,1.844197,3.98329]",
5305,"[4.937157,1.838579,3.983278]",
5306,"[4.972875,1.832639,3.983266]",
5307,"[4.984975,1.829266,3.983259]",
5308,"[4.994594,1.826683,3.983253]",
5309,"[5.008409,1.822904,3.983245]",
5310,"[5.013261,1.821712,3.983243]",
5311,"[5.020982,1.818941,3.983237]",
5312,"[5.025764,1.818025,3.983235]",
5313,"[5.040307,1.814283,3.983227]",
5314,"[5.048818,1.811833,3.983222]",
5315,"[5.060404,1.8076,3.983213]",
5316,"[5.063515,1.806943,3.983212]",
5317,"[5.066306,1.806205,3.98321]",
5318,"[5.070905,1.804236,3.983206]",
5319,"[5.072985,1.80301,3.983204]",
5320,"[5.075695,1.800659,3.983199]",
5321,"[5.076572,1.799743,3.983197]",
5322,"[5.076816,1.798682,3.983195]",
5323,"[5.076801,1.798585,3.983194]",
5324,"[5.076781,1.798492,3.983194]",
5325,"[5.076655,1.798567,3.983194]",
5326,"[5.076542,1.798753,3.983195]",
5327,"[5.069775,1.800595,3.983199]",
5328,"[5.06687,1.801288,3.9832]",
5329,"[5.062463,1.801251,3.9832]",
5330,"[5.060543,1.800182,3.983198]",
5331,"[5.053343,1.795105,3.983187]",
5332,"[5.049316,1.792594,3.983182]",
5333,"[5.046435,1.791637,3.98318]",
5334,"[5.03871,1.788052,3.983172]",
5335,"[5.036464,1.786227,3.983169]",
5336,"[5.031852,1.783804,3.983163]",
5337,"[5.029525,1.783381,3.983163]",
5338,"[5.024747,1.784757,3.983166]",
5339,"[5.02129,1.786382,3.983169]",
5340,"[5.005508,1.787478,3.983171]",
5341,"[4.846801,1.77461,3.983144]",
5342,"[4.80647,1.768709,3.983132]",
5343,"[4.765641,1.760137,3.983114]",
5344,"[4.751143,1.755987,3.983105]",
5345,"[4.730646,1.750192,3.983093]",
5346,"[4.722033,1.746863,3.983086]",
5347,"[4.715422,1.743876,3.98308]",
5348,"[4.715425,1.743781,3.98308]",
5349,"[4.715415,1.743685,3.983079]",
5350,"[4.716973,1.741977,3.983076]",
5351,"[4.718552,1.739884,3.983072]",
5352,"[4.72405,1.736441,3.983064]",
5353,"[4.728793,1.734707,3.983061]",
5354,"[4.737114,1.730256,3.983051]",
5355,"[4.740547,1.72955,3.98305]",
5356,"[4.745681,1.730112,3.983051]",
5357,"[4.748042,1.730955,3.983053]",
5358,"[4.750102,1.731453,3.983054]",
5359,"[4.763734,1.731932,3.983055]",
5360,"[4.768725,1.73186,3.983055]",
5361,"[4.774804,1.73177,3.983054]",
5362,"[4.776712,1.731935,3.983055]",
5363,"[4.779239,1.73378,3.983059]",
5364,"[4.779889,1.734766,3.983061]",
5365,"[4.780434,1.73567,3.983063]",
5366,"[4.778243,1.738065,3.983068]",
5367,"[4.775761,1.739668,3.983071]",
5368,"[4.758083,1.744863,3.983082]",
5369,"[4.747145,1.746112,3.983084]",
5370,"[4.732579,1.747773,3.983088]",
5371,"[4.727033,1.74822,3.983089]",
5372,"[4.717905,1.748083,3.983089]",
5373,"[4.713042,1.748566,3.98309]",
5374,"[4.708091,1.74905,3.983091]",
5375,"[4.717626,1.755223,3.983104]",
5376,"[4.719516,1.762312,3.983119]",
5377,"[4.775523,1.794696,3.983186]",
5378,"[4.78987,1.810036,3.983218]",
5379,"[4.800594,1.834213,3.983269]",
5380,"[4.806323,1.840351,3.983282]",
5381,"[4.815727,1.842514,3.983286]",
5382,"[4.82225,1.841552,3.983284]",
5383,"[4.834972,1.833169,3.983267]",
5384,"[4.849569,1.809111,3.983217]",
5385,"[4.857215,1.797031,3.983191]",
5386,"[4.860553,1.788023,3.983172]",
5387,"[4.859393,1.787198,3.983171]",
5388,"[4.834599,1.790137,3.983177]",
5389,"[4.791803,1.793155,3.983183]",
5390,"[4.637954,1.802991,3.983204]",
5391,"[4.533682,1.815271,3.983229]",
5392,"[4.174745,1.804856,3.983207]",
5393,"[2.908557,1.515411,4.941993]",
5394,"[2.796732,1.477502,4.869755]",
5395,"[2.074249,1.227492,4.118065]",
5396,"[2.05,1.203597,3.87036]",
5397,"[2.05,1.100482,3.145143]",
5398,"[2.050001,1.002874,2.656979]",
5399,"[2.050001,0.9227362,2.262515]",
5400,"[2.049999,0.8311583,1.959798]",
5401,"[2.669298,1.075854,1.937705]",
5402,"[2.05,0.6849026,1.336695]",
5403,"[2.05,0.6279792,1.089108]",
5404,"[2.621433,0.8451704,1.128167]",
5405,"[2.86584,0.9206412,1.129755]",
5406,"[3.139347,0.9206412,0.9830013]",
5407,"[2.714171,0.491909,0.2839172]",
5408,"[3.098425,0.7344328,0.6029561]",
5409,"[3.331301,0.7148319,0.560287]",
5410,"[3.434246,0.7701109,0.6565003]",
5411,"[3.531708,0.7701109,0.6857886]",
5412,"[3.574005,0.7676578,0.7087458]",
5413,"[3.625451,0.7284153,0.7157172]",
5414,"[3.631742,0.7055061,0.7138739]",
5415,"[3.592762,0.6251939,0.7221195]",
5416,"[3.607025,0.5956451,0.7178298]",
5417,"[3.63343,0.5687729,0.7104896]",
5418,"[3.653276,0.430866,0.5807787]",
5419,"[3.672857,0.4006456,0.5494528]",
5420,"[3.910824,0.7901841,1.025966]",
5421,"[3.936924,0.7897689,1.025966]",
5422,"[3.931904,0.7802786,1.025966]",
5423,"[3.932892,0.7728016,1.025966]",
5424,"[3.599003,0.2949017,0.6458036]",
5425,"[3.563371,0.2892659,0.6863331]",
5426,"[3.521667,0.2533054,0.6894999]",
5427,"[3.37001,0.1,0.6385145]",
5428,"[3.311428,0.1,0.7461494]",
5429,"[3.27583,0.1,0.8592229]",
5430,"[3.159786,0.1015423,1.081737]",
5431,"[3.129594,0.1313572,1.195787]",
5432,"[3.103625,0.1150061,1.212282]",
5433,"[3.072142,0.1056347,1.23228]",
5434,"[3.063619,0.1084471,1.237694]",
5435,"[3.057718,0.1197901,1.241442]",
5436,"[3.050701,0.1372267,1.245899]",
5437,"[3.048563,0.1452114,1.247257]",
5438,"[3.049105,0.1609527,1.246913]",
5439,"[3.05129,0.1676765,1.245525]",
5440,"[3.055454,0.1773369,1.24288]",
5441,"[3.058613,0.1827076,1.240873]",
5442,"[3.061239,0.1854454,1.239206]",
5443,"[3.066426,0.1891408,1.23591]",
5444,"[3.0684,0.1903702,1.234657]",
5445,"[3.070027,0.1909418,1.233623]",
5446,"[3.070582,0.1909666,1.233271]",
5447,"[3.355333,0.5869799,1.539089]",
5448,"[3.360795,0.5870037,1.574709]",
5449,"[3.365504,0.5819317,1.605042]",
5450,"[3.366886,0.5793278,1.613857]",
5451,"[3.36809,0.5767901,1.621524]",
5452,"[3.36944,0.5750821,1.630197]",
5453,"[3.369582,0.5751292,1.631131]",
5454,"[3.370027,0.5747873,1.634002]",
5455,"[3.370319,0.5743395,1.635878]",
5456,"[3.370724,0.5804045,1.638971]",
5457,"[3.371091,0.5852567,1.641725]",
5458,"[3.364088,0.5902082,1.7395]",
5459,"[3.362177,0.5896699,1.753497]",
5460,"[3.361319,0.5893346,1.762266]",
5461,"[3.361595,0.5890157,1.770771]",
5462,"[3.362401,0.5889445,1.772782]",
5463,"[3.364562,0.5888516,1.77557]",
5464,"[3.365985,0.5888351,1.776222]",
5465,"[3.367908,0.5888786,1.775357]",
5466,"[3.367917,0.5889927,1.772329]",
5467,"[3.365429,0.5895789,1.756399]",
5468,"[3.35529,0.5911932,1.712041]",
5469,"[3.352398,0.5918131,1.695156]",
5470,"[3.349305,0.5405705,1.496319]",
5471,"[3.34743,0.5320154,1.48345]",
5472,"[3.049827,0.1758444,1.246454]",
5473,"[3.070451,0.2118275,1.233354]",
5474,"[3.092681,0.2457931,1.219233]",
5475,"[3.097495,0.252146,1.216176]",
5476,"[3.099699,0.2545567,1.214775]",
5477,"[3.101692,0.2588637,1.21351]",
5478,"[3.102621,0.2609934,1.21292]",
5479,"[3.102217,0.2669671,1.213176]",
5480,"[3.103141,0.2730904,1.212589]",
5481,"[3.105449,0.2851242,1.211123]",
5482,"[3.105941,0.2892237,1.210811]",
5483,"[3.107463,0.2965133,1.209844]",
5484,"[3.109231,0.3006353,1.208721]",
5485,"[3.111772,0.3055781,1.207107]",
5486,"[3.114931,0.3140934,1.205101]",
5487,"[3.114964,0.314538,1.20508]",
5488,"[3.116297,0.3127267,1.204233]",
5489,"[3.116131,0.3159196,1.204338]",
5490,"[3.116763,0.3199432,1.203937]",
5491,"[3.116884,0.3203915,1.20386]",
5492,"[3.116802,0.3205866,1.203912]",
5493,"[3.116088,0.3210503,1.204365]",
5494,"[3.115196,0.3210886,1.204932]",
5495,"[3.111307,0.3195598,1.207402]",
5496,"[3.107521,0.3157247,1.209807]",
5497,"[3.100025,0.3116809,1.214568]",
5498,"[3.098608,0.3117913,1.215469]",
5499,"[3.098093,0.3126044,1.215796]",
5500,"[3.101625,0.3258645,1.213552]",
5501,"[3.099286,0.3329571,1.210256]",
5502,"[3.290351,0.5316717,1.273571]",
5503,"[3.290331,0.5358377,1.271285]",
5504,"[3.290293,0.5403737,1.267061]",
5505,"[3.290277,0.5405584,1.26537]",
5506,"[3.29025,0.5412368,1.26234]",
5507,"[3.290249,0.5414305,1.262273]",
5508,"[3.290251,0.5414057,1.262406]",
5509,"[3.290251,0.5390633,1.262507]",
5510,"[3.290254,0.5390683,1.26278]",
5511,"[3.290257,0.5390624,1.263124]",
5512,"[3.290259,0.5390598,1.263313]",
5513,"[3.290257,0.5376494,1.263169]",
5514,"[3.290255,0.5380383,1.262857]",
5515,"[3.290222,0.5435144,1.259276]",
5516,"[3.290195,0.54624,1.256228]",
5517,"[3.290154,0.5509419,1.25179]",
5518,"[3.290084,0.5616289,1.244012]",
5519,"[3.290061,0.5674638,1.241391]",
5520,"[3.290047,0.5745512,1.239881]",
5521,"[3.290044,0.577876,1.239588]",
5522,"[3.290053,0.5814739,1.240613]",
5523,"[3.290062,0.5822609,1.241606]",
5524,"[3.29007,0.5831241,1.242448]",
5525,"[3.290079,0.5853174,1.243441]",
5526,"[3.290079,0.587751,1.243474]",
5527,"[3.290092,0.5907881,1.244897]",
5528,"[3.290101,0.5910181,1.24588]",
5529,"[3.290114,0.5914128,1.247348]",
5530,"[3.290129,0.5860341,1.24894]",
5531,"[3.290165,0.5730142,1.252914]",
5532,"[3.290185,0.5663372,1.255217]",
5533,"[3.290203,0.5611205,1.257143]",
5534,"[3.290243,0.5522839,1.26152]",
5535,"[3.290265,0.5486494,1.264027]",
5536,"[3.290278,0.5456295,1.265472]",
5537,"[3.290266,0.5463652,1.264116]",
5538,"[3.290235,0.5494272,1.260676]",
5539,"[3.29022,0.5502203,1.259025]",
5540,"[3.290224,0.5483349,1.259475]",
5541,"[3.290214,0.5482714,1.258374]",
5542,"[3.290226,0.5460492,1.25967]",
5543,"[3.290257,0.5410094,1.263054]",
5544,"[3.290269,0.5364568,1.264445]",
5545,"[3.177398,0.4355522,1.222903]",
5546,"[3.182087,0.4279293,1.228548]",
5547,"[3.223267,0.4366797,1.251671]",
5548,"[3.235157,0.4373552,1.257914]",
5549,"[3.245845,0.4392224,1.263476]",
5550,"[3.269006,0.4463082,1.276098]",
5551,"[3.279545,0.4491386,1.282325]",
5552,"[3.301903,0.4644607,1.291893]",
5553,"[3.311781,0.4722214,1.295613]",
5554,"[3.331798,0.4886613,1.3024]",
5555,"[3.343213,0.4979289,1.303789]",
5556,"[3.36547,0.516497,1.304329]",
5557,"[3.374851,0.5238363,1.304395]",
5558,"[3.380643,0.5274129,1.304396]",
5559,"[3.370331,0.5143809,1.29686]",
5560,"[3.367112,0.5089027,1.294208]",
5561,"[3.373625,0.5042813,1.28979]",
5562,"[3.377424,0.5001287,1.286272]",
5563,"[3.387731,0.4894422,1.277061]",
5564,"[3.391909,0.4818926,1.271941]",
5565,"[3.411344,0.4707485,1.260257]",
5566,"[3.420611,0.46548,1.258645]",
5567,"[3.430845,0.46097,1.257865]",
5568,"[3.447466,0.4543732,1.257269]",
5569,"[3.454461,0.4520682,1.256964]",
5570,"[3.466192,0.4484489,1.257549]",
5571,"[3.479788,0.4569021,1.263493]",
5572,"[3.502288,0.4725381,1.275449]",
5573,"[3.504125,0.4724872,1.277226]",
5574,"[3.505278,0.4706999,1.28373]",
5575,"[3.504831,0.4691102,1.287044]",
5576,"[3.504065,0.4678935,1.289118]",
5577,"[3.503701,0.4682576,1.292335]",
5578,"[3.505051,0.4689264,1.293241]",
5579,"[3.507215,0.4705769,1.294169]",
5580,"[3.508572,0.4713229,1.293553]",
5581,"[3.511516,0.4728175,1.290916]",
5582,"[3.513217,0.4735206,1.289717]",
5583,"[3.51469,0.4741591,1.289129]",
5584,"[3.525236,0.4757024,1.284432]",
5585,"[3.529734,0.4749779,1.283603]",
5586,"[3.537146,0.4726974,1.282432]",
5587,"[3.540849,0.4708993,1.282016]",
5588,"[3.546816,0.4676303,1.281805]",
5589,"[3.549552,0.4660284,1.281896]",
5590,"[3.555086,0.4628057,1.281989]",
5591,"[3.557909,0.4608811,1.282166]",
5592,"[3.560218,0.4591355,1.282362]",
5593,"[3.563703,0.4572747,1.282093]",
5594,"[3.565308,0.4573702,1.281596]",
5595,"[3.568257,0.4590192,1.280218]",
5596,"[3.580424,0.4755096,1.287454]",
5597,"[3.58405,0.480871,1.287888]",
5598,"[3.599154,0.5036877,1.298162]",
5599,"[3.60379,0.5115221,1.299467]",
5600,"[3.60337,0.5125067,1.299345]",
5601,"[3.603076,0.5130733,1.299222]",
5602,"[3.601713,0.5141602,1.300066]",
5603,"[3.601138,0.5140568,1.300893]",
5604,"[3.599988,0.5139472,1.302582]",
5605,"[3.599399,0.5138186,1.303509]",
5606,"[3.598502,0.5135525,1.305065]",
5607,"[3.598114,0.5135475,1.305714]",
5608,"[3.597388,0.513769,1.306955]",
5609,"[3.597038,0.513956,1.307643]",
5610,"[3.59626,0.5147881,1.309294]",
5611,"[3.595831,0.5164691,1.310875]",
5612,"[3.595453,0.5193642,1.312934]",
5613,"[3.595422,0.5278074,1.318679]",
5614,"[3.596032,0.5338234,1.322911]",
5615,"[3.594652,0.5497618,1.335098]",
5616,"[3.572353,0.5740473,1.361837]",
5617,"[3.561978,0.5916621,1.382053]",
5618,"[3.533889,0.622504,1.409262]",
5619,"[3.527206,0.6316465,1.418545]",
5620,"[3.520252,0.6416472,1.429599]",
5621,"[3.51759,0.6442932,1.433416]",
5622,"[2.999963,0.2271895,1.278128]",
5623,"[2.999524,0.2267071,1.278406]",
5624,"[2.999212,0.2266245,1.278605]",
5625,"[3.000506,0.2282884,1.277782]",
5626,"[3.003378,0.2314074,1.275958]",
5627,"[3.013635,0.2414134,1.269443]",
5628,"[3.01896,0.2425002,1.266061]",
5629,"[3.028586,0.2456696,1.259946]",
5630,"[3.034488,0.247153,1.256198]",
5631,"[3.045356,0.2487289,1.249294]",
5632,"[3.049059,0.249432,1.246942]",
5633,"[3.054621,0.2492521,1.243409]",
5634,"[3.056107,0.2481227,1.242465]",
5635,"[3.056,0.2462831,1.242533]",
5636,"[3.055407,0.2456246,1.24291]",
5637,"[3.054714,0.2452101,1.24335]",
5638,"[3.052076,0.244003,1.245025]",
5639,"[3.049209,0.2429219,1.246847]",
5640,"[3.035757,0.2327799,1.255391]",
5641,"[3.026799,0.228007,1.261081]",
5642,"[3.011736,0.2237063,1.270649]",
5643,"[3.002323,0.2276298,1.276628]",
5644,"[3.291316,0.5526245,1.380213]",
5645,"[3.291386,0.5711612,1.387972]",
5646,"[3.291452,0.5898526,1.395225]",
5647,"[3.277898,0.6002311,1.399393]",
5648,"[3.291252,0.5551353,1.373089]",
5649,"[3.291166,0.5319759,1.363582]",
5650,"[3.030982,0.1678502,1.258425]",
5651,"[3.03807,0.1496011,1.253922]",
5652,"[3.040421,0.1497364,1.252429]",
5653,"[3.291087,0.5201088,1.35483]",
5654,"[3.291111,0.5487226,1.357574]",
5655,"[3.291109,0.5481381,1.357296]",
5656,"[3.291086,0.5256069,1.354782]",
5657,"[3.064518,0.114957,1.237122]",
5658,"[3.122355,0.1,1.235604]",
5659,"[3.16551,0.1,1.222957]",
5660,"[3.456956,0.4014795,1.222221]",
5661,"[3.495307,0.4296445,1.216228]",
5662,"[3.528129,0.4549914,1.214546]",
5663,"[3.558429,0.4237381,1.190671]",
5664,"[3.563824,0.370798,1.166954]",
5665,"[3.571602,0.3501808,1.16438]",
5666,"[3.576225,0.3254421,1.155764]",
5667,"[3.583968,0.2984539,1.149533]",
5668,"[3.583891,0.298901,1.149696]",
5669,"[3.581887,0.2938883,1.144498]",
5670,"[3.580393,0.2804005,1.13509]",
5671,"[3.57866,0.2572326,1.119906]",
5672,"[3.542717,0.0999999,1.048144]",
5673,"[3.541172,0.1,1.050711]",
5674,"[3.614987,0.3346358,1.206472]",
5675,"[3.622306,0.4040293,1.25445]",
5676,"[3.606141,0.4290674,1.28405]",
5677,"[3.594799,0.4289015,1.289734]",
5678,"[3.56938,0.4368578,1.296245]",
5679,"[3.557727,0.4415788,1.298427]",
5680,"[3.544837,0.4458926,1.30152]",
5681,"[3.538263,0.4444195,1.305845]",
5682,"[3.537352,0.4416784,1.308342]",
5683,"[3.537268,0.4328145,1.315014]",
5684,"[3.537776,0.4284511,1.318029]",
5685,"[3.538904,0.4207999,1.3232]",
5686,"[3.538649,0.41919,1.324529]",
5687,"[3.538811,0.4174014,1.325788]",
5688,"[3.53791,0.4170416,1.326499]",
5689,"[3.536907,0.4181036,1.326196]",
5690,"[3.531465,0.424156,1.324336]",
5691,"[3.529772,0.4258005,1.323936]",
5692,"[3.523402,0.4317701,1.322594]",
5693,"[3.520723,0.4343671,1.321965]",
5694,"[3.519267,0.4357851,1.321618]",
5695,"[3.51677,0.437297,1.321711]",
5696,"[3.515798,0.4378702,1.321759]",
5697,"[3.512268,0.4428171,1.319789]",
5698,"[3.510221,0.4457399,1.318606]",
5699,"[3.506838,0.4516008,1.31588]",
5700,"[3.504809,0.4553217,1.314092]",
5701,"[3.501715,0.4613798,1.311077]",
5702,"[3.500614,0.463664,1.309908]",
5703,"[3.49982,0.4654183,1.308985]",
5704,"[3.497505,0.4638737,1.306384]",
5705,"[3.496207,0.4624217,1.305203]",
5706,"[3.493674,0.459601,1.302934]",
5707,"[3.492047,0.4577876,1.301471]",
5708,"[3.49022,0.4557449,1.299812]",
5709,"[3.489598,0.4550456,1.299237]",
5710,"[3.48767,0.4528693,1.297427]",
5711,"[3.486751,0.4518051,1.296492]",
5712,"[3.484963,0.4495317,1.294106]",
5713,"[3.484169,0.4485305,1.293071]",
5714,"[3.482708,0.4467191,1.291249]",
5715,"[3.476478,0.43958,1.285109]",
5716,"[3.472121,0.4347262,1.281201]",
5717,"[3.464026,0.4256752,1.273846]",
5718,"[3.461984,0.4233274,1.271812]",
5719,"[3.459002,0.4198556,1.268721]",
5720,"[3.456728,0.4173926,1.266876]",
5721,"[3.454898,0.4154379,1.265467]",
5722,"[3.45102,0.4115854,1.263287]",
5723,"[3.447943,0.4085262,1.261549]",
5724,"[3.442771,0.4034605,1.258841]",
5725,"[3.440405,0.4011776,1.257698]",
5726,"[3.437757,0.398769,1.256823]",
5727,"[3.437655,0.398873,1.257335]",
5728,"[3.437576,0.3990129,1.257897]",
5729,"[3.438651,0.4005525,1.259811]",
5730,"[3.440389,0.402566,1.261584]",
5731,"[3.442886,0.4054051,1.263984]",
5732,"[3.444099,0.4067556,1.265069]",
5733,"[3.446889,0.4097491,1.267254]",
5734,"[3.448486,0.4114044,1.268343]",
5735,"[3.451335,0.4141674,1.26976]",
5736,"[3.452834,0.4156089,1.27047]",
5737,"[3.454383,0.417095,1.271196]",
5738,"[3.459064,0.4217479,1.273836]",
5739,"[3.461682,0.4243501,1.275314]",
5740,"[3.465551,0.428185,1.277464]",
5741,"[3.466468,0.4290634,1.277891]",
5742,"[3.470541,0.4331551,1.280308]",
5743,"[3.473372,0.4360053,1.282006]",
5744,"[3.476016,0.4386542,1.283554]",
5745,"[3.483773,0.4458408,1.286474]",
5746,"[3.490031,0.4518145,1.289321]",
5747,"[3.505285,0.4656488,1.294239]",
5748,"[3.513545,0.4721523,1.297218]",
5749,"[3.519689,0.4676004,1.297611]",
5750,"[3.522787,0.4643796,1.298501]",
5751,"[3.526706,0.4605717,1.299428]",
5752,"[3.527608,0.4600266,1.299394]",
5753,"[3.528555,0.459499,1.299324]",
5754,"[3.53025,0.4587211,1.299075]",
5755,"[3.530046,0.4593151,1.298731]",
5756,"[3.529489,0.4608544,1.297852]",
5757,"[3.529116,0.4616325,1.297453]",
5758,"[3.527394,0.4615136,1.295509]",
5759,"[3.552625,0.5179231,1.314399]",
5760,"[3.564678,0.5503237,1.323356]",
5761,"[3.563843,0.5518243,1.322741]",
5762,"[3.562699,0.5537279,1.321894]",
5763,"[3.560389,0.557651,1.320067]",
5764,"[3.558975,0.5601127,1.318989]",
5765,"[3.556235,0.5646696,1.317199]",
5766,"[3.554766,0.5672073,1.316246]",
5767,"[3.553505,0.5704103,1.315369]",
5768,"[3.552903,0.572479,1.315141]",
5769,"[3.552345,0.575715,1.315253]",
5770,"[3.552812,0.5873061,1.318356]",
5771,"[3.552681,0.5966061,1.321659]",
5772,"[3.550537,0.6249016,1.334337]",
5773,"[3.549499,0.641553,1.34145]",
5774,"[3.498896,0.7044225,1.416651]",
5775,"[3.469795,0.7152376,1.438181]",
5776,"[3.380345,0.7390928,1.515667]",
5777,"[3.20752,0.6002311,1.538309]",
5778,"[3.077815,0.6153481,1.713418]",
5779,"[2.916806,0.5806856,1.845773]",
5780,"[2.748411,0.5888227,2.10908]",
5781,"[2.975421,0.8988907,2.228631]",
5782,"[2.897321,0.8988907,2.365623]",
5783,"[2.05,0.4998285,3.382825]",
5784,"[2.05,0.533436,3.644876]",
5785,"[2.258994,0.6856232,4.060058]",
5786,"[2.453409,0.7709203,4.23016]",
5787,"[2.623159,0.8418765,4.357285]",
5788,"[2.979633,0.951936,4.560383]",
5789,"[3.16745,0.9983703,4.641435]",
5790,"[3.566381,1.051985,4.756807]",
5791,"[3.832317,1.087446,4.802569]",
5792,"[4.186891,1.331257,3.982216]",
5793,"[4.365011,1.364046,3.982284]",
5794,"[4.665269,1.422898,3.982408]",
5795,"[4.78206,1.4427,3.982449]",
5796,"[4.878994,1.451325,3.982467]",
5797,"[5.058514,1.453082,3.982471]",
5798,"[5.084548,1.452733,3.98247]",
5799,"[5.111238,1.438141,3.98244]",
5800,"[5.101496,1.428001,3.982418]",
5801,"[5.011022,1.377912,3.982313]",
5802,"[4.979748,1.35934,3.982275]",
5803,"[4.832397,1.318489,3.982189]",
5804,"[4.773939,1.30143,3.982153]",
5805,"[4.715542,1.296376,3.975267]",
5806,"[4.680961,1.296752,3.982143]",
5807,"[4.67351,1.300378,3.982151]",
5808,"[4.689806,1.403928,3.982368]",
5809,"[4.699297,1.431386,3.982425]",
5810,"[4.707793,1.455543,3.982476]",
5811,"[4.710731,1.492584,3.982553]",
5812,"[4.708117,1.510653,3.982591]",
5813,"[4.691868,1.545899,3.982665]",
5814,"[4.680729,1.56191,3.982699]",
5815,"[4.650336,1.58166,3.98274]",
5816,"[4.630519,1.586418,3.98275]",
5817,"[4.605991,1.590744,3.982759]",
5818,"[4.592318,1.58174,3.98274]",
5819,"[4.579861,1.564475,3.982704]",
5820,"[4.558838,1.471439,3.982509]",
5821,"[4.429225,1.697881,2.924791]",
5822,"[4.554187,1.268216,3.949657]",
5823,"[4.613935,0.6763357,4.478662]",
5824,"[4.609194,0.59788,4.478659]",
5825,"[4.60531,0.5763553,4.478658]",
5826,"[4.600619,0.5499655,4.478657]",
5827,"[4.599319,0.5425751,4.478657]",
5828,"[4.598779,0.5400006,4.478657]",
5829,"[4.598292,0.539807,4.478657]",
5830,"[4.59798,0.5434113,4.478657]",
5831,"[4.594855,0.5618997,4.478658]",
5832,"[4.592623,0.5752758,4.478658]",
5833,"[4.58904,0.6010422,4.478659]",
5834,"[4.58819,0.6141394,4.47866]",
5835,"[4.587946,0.6283428,4.47866]",
5836,"[4.512696,1.14184,3.923236]",
5837,"[4.507873,1.158773,4.008729]",
5838,"[4.485621,1.38014,3.982318]",
5839,"[4.482621,1.425796,3.982414]",
5840,"[4.461898,1.733615,3.285285]",
5841,"[4.464094,1.743931,3.299748]",
5842,"[4.462678,1.763327,3.329084]",
5843,"[4.46285,1.769787,3.342833]",
5844,"[4.463459,1.776119,3.357437]",
5845,"[4.460423,1.781436,3.3857]",
5846,"[4.459612,1.784691,3.400921]",
5847,"[4.460355,1.787665,3.433416]",
5848,"[4.459125,1.788385,3.450626]",
5849,"[4.462103,1.788064,3.483793]",
5850,"[4.462869,1.785418,3.500666]",
5851,"[4.465234,1.77735,3.539722]",
5852,"[4.466357,1.772188,3.561257]",
5853,"[4.462406,1.771226,3.580428]",
5854,"[4.455937,1.771414,3.610653]",
5855,"[4.451822,1.772155,3.623704]",
5856,"[4.444133,1.771986,3.647785]",
5857,"[4.441004,1.771205,3.660083]",
5858,"[4.434055,1.765114,3.677487]",
5859,"[4.431235,1.761468,3.68694]",
5860,"[4.426191,1.756687,3.708537]",
5861,"[4.424268,1.75771,3.723386]",
5862,"[4.42241,1.758995,3.737501]",
5863,"[4.42008,1.763115,3.759429]",
5864,"[4.419724,1.765718,3.766154]",
5865,"[4.419672,1.769998,3.781263]",
5866,"[4.420112,1.772005,3.789225]",
5867,"[4.422116,1.773163,3.809281]",
5868,"[4.423903,1.772518,3.819396]",
5869,"[4.423987,1.771897,3.829366]",
