frame,gazeStartPos,
0,"[3.657334,1.803805,5.04]",
1,"[3.657255,1.802716,5.04]",
2,"[3.656978,1.801712,5.04]",
3,"[3.655897,1.799003,5.04]",
4,"[3.655377,1.798614,5.04]",
5,"[3.654869,1.798153,5.04]",
6,"[3.653874,1.796276,5.04]",
7,"[3.653299,1.795393,5.04]",
8,"[3.652787,1.794956,5.04]",
9,"[3.652437,1.794753,5.04]",
10,"[3.652023,1.794978,5.04]",
11,"[3.651876,1.795251,5.04]",
12,"[3.65122,1.795866,5.04]",
13,"[3.650575,1.796337,5.04]",
14,"[3.649534,1.79708,5.04]",
15,"[3.64671,1.799238,5.04]",
16,"[3.645139,1.800585,5.04]",
17,"[3.642294,1.802824,5.04]",
18,"[3.64095,1.803841,5.04]",
19,"[3.638855,1.80539,5.04]",
20,"[3.638114,1.805916,5.04]",
21,"[3.637596,1.806881,5.04]",
22,"[3.637787,1.807313,5.04]",
23,"[3.639369,1.808264,5.04]",
24,"[3.635323,1.812245,5.04]",
25,"[3.632347,1.815966,5.04]",
26,"[3.622273,1.826371,5.04]",
27,"[3.621083,1.829686,5.04]",
28,"[3.62167,1.839646,5.04]",
29,"[3.618254,1.846554,5.04]",
30,"[3.611458,1.867432,5.04]",
31,"[3.610083,1.876826,5.04]",
32,"[3.608015,1.882743,5.04]",
33,"[3.608239,1.891041,5.04]",
34,"[3.607663,1.893238,5.04]",
35,"[3.606817,1.901397,5.04]",
36,"[3.602913,1.902785,5.04]",
37,"[3.591499,1.899155,5.04]",
38,"[3.58692,1.894838,5.04]",
39,"[3.582093,1.863539,5.04]",
40,"[3.586315,1.836936,5.04]",
41,"[3.596314,1.793009,5.04]",
42,"[3.627676,1.714762,5.04]",
43,"[3.652962,1.680152,5.04]",
44,"[4.025381,1.698349,3.95719]",
45,"[4.055491,1.680481,3.943707]",
46,"[4.089665,1.654032,3.947045]",
47,"[4.114627,1.63809,3.957738]",
48,"[4.138357,1.61741,3.982815]",
49,"[4.220757,1.571732,3.982719]",
50,"[4.516662,1.374243,3.982306]",
51,"[4.572761,1.338087,3.98223]",
52,"[4.602054,1.322451,3.982197]",
53,"[4.667028,1.296423,3.982143]",
54,"[4.678696,1.296362,3.971367]",
55,"[4.694982,1.295967,3.962118]",
56,"[4.697909,1.295668,3.961975]",
57,"[4.702036,1.293196,3.960798]",
58,"[4.690021,1.291359,3.959923]",
59,"[4.672111,1.287925,3.958729]",
60,"[4.660106,1.280192,3.958532]",
61,"[4.650477,1.285133,3.958514]",
62,"[4.62815,1.299129,3.982148]",
63,"[4.623975,1.306574,3.982164]",
64,"[4.620103,1.323833,3.9822]",
65,"[4.61999,1.333266,3.98222]",
66,"[4.644998,1.333276,3.98222]",
67,"[4.67374,1.330209,3.982213]",
68,"[4.684086,1.327225,3.982207]",
69,"[4.703143,1.317812,3.982188]",
70,"[4.713137,1.310368,3.982172]",
71,"[4.723306,1.292901,3.960658]",
72,"[4.725301,1.284031,3.958519]",
73,"[4.727473,1.2773,3.953434]",
74,"[4.730883,1.266415,3.948429]",
75,"[4.732331,1.261337,3.944895]",
76,"[4.729856,1.254097,3.936663]",
77,"[4.73,1.252332,3.933687]",
78,"[4.729388,1.253971,3.93645]",
79,"[4.728772,1.256646,3.939863]",
80,"[4.728927,1.260101,3.943738]",
81,"[4.730136,1.28838,3.958822]",
82,"[4.709017,1.47976,3.982527]",
83,"[4.703237,1.543526,3.98266]",
84,"[4.702975,1.558592,3.982692]",
85,"[4.704359,1.576202,3.982729]",
86,"[4.703152,1.579805,3.982736]",
87,"[4.700336,1.585334,3.982748]",
88,"[4.69905,1.587113,3.982752]",
89,"[4.698426,1.587071,3.982751]",
90,"[4.698057,1.587191,3.982752]",
91,"[4.698145,1.587885,3.982753]",
92,"[4.698879,1.593035,3.982764]",
93,"[4.699556,1.597239,3.982773]",
94,"[4.700878,1.602739,3.982784]",
95,"[4.701911,1.606028,3.982791]",
96,"[4.701716,1.609569,3.982799]",
97,"[4.701675,1.610219,3.9828]",
98,"[4.701655,1.610821,3.982801]",
99,"[4.718466,1.595609,3.982769]",
100,"[4.729516,1.584652,3.982746]",
101,"[4.755859,1.54853,3.982671]",
102,"[4.763707,1.537441,3.982647]",
103,"[4.775678,1.523685,3.982619]",
104,"[4.779363,1.521465,3.982614]",
105,"[4.782862,1.520359,3.982612]",
106,"[4.791775,1.523123,3.982617]",
107,"[4.796818,1.527097,3.982626]",
108,"[4.80664,1.53985,3.982652]",
109,"[4.811788,1.547173,3.982668]",
110,"[4.821397,1.562928,3.982701]",
111,"[4.824355,1.565965,3.982707]",
112,"[4.828242,1.563843,3.982703]",
113,"[4.828894,1.56109,3.982697]",
114,"[4.829443,1.558635,3.982692]",
115,"[4.830147,1.554227,3.982683]",
116,"[4.830249,1.551456,3.982677]",
117,"[4.850804,1.528168,3.982628]",
118,"[4.863128,1.514274,3.982599]",
119,"[4.880302,1.487785,3.982543]",
120,"[4.886248,1.475166,3.982517]",
121,"[4.893321,1.457325,3.98248]",
122,"[4.895525,1.450282,3.982465]",
123,"[4.897089,1.44396,3.982452]",
124,"[4.900953,1.433517,3.98243]",
125,"[4.902173,1.428853,3.98242]",
126,"[4.903613,1.420195,3.982402]",
127,"[4.904502,1.419046,3.982399]",
128,"[4.905815,1.418401,3.982398]",
129,"[4.906438,1.418691,3.982399]",
130,"[4.90828,1.418431,3.982398]",
131,"[4.909425,1.417881,3.982397]",
132,"[4.911537,1.41638,3.982394]",
133,"[4.932899,1.408392,3.982377]",
134,"[4.947141,1.403179,3.982366]",
135,"[4.966274,1.394838,3.982349]",
136,"[4.972981,1.391384,3.982342]",
137,"[4.981491,1.387795,3.982334]",
138,"[4.983875,1.387393,3.982333]",
139,"[4.985047,1.387823,3.982334]",
140,"[4.986581,1.389004,3.982337]",
141,"[4.98696,1.390131,3.982339]",
142,"[4.972576,1.402045,3.982364]",
143,"[4.9657,1.406819,3.982374]",
144,"[4.633259,1.55097,3.982676]",
145,"[4.608803,1.560019,3.982695]",
146,"[4.568033,1.569984,3.982716]",
147,"[4.555079,1.57202,3.98272]",
148,"[4.544829,1.573455,3.982723]",
149,"[4.534085,1.574648,3.982725]",
150,"[4.531775,1.574788,3.982726]",
151,"[4.530623,1.574692,3.982726]",
152,"[4.558545,1.484319,3.982536]",
153,"[4.576622,1.428155,3.982419]",
154,"[4.689183,0.8801065,4.478669]",
155,"[4.701453,0.8326064,4.478667]",
156,"[4.717508,0.7797614,4.478665]",
157,"[4.722624,0.7629947,4.478665]",
158,"[4.728642,0.738147,4.478664]",
159,"[4.730197,0.7283285,4.478663]",
160,"[4.732573,0.7109058,4.478663]",
161,"[4.733104,0.7020346,4.478662]",
162,"[4.718828,0.6803254,4.478662]",
163,"[4.690087,0.6562424,4.478661]",
164,"[4.671572,0.6410007,4.478661]",
165,"[4.649327,0.6226756,4.47866]",
166,"[4.642289,0.6154753,4.47866]",
167,"[4.633428,0.605485,4.478659]",
168,"[4.630893,0.602013,4.478659]",
169,"[4.629266,0.5974398,4.478659]",
170,"[4.627586,0.5878762,4.478659]",
171,"[4.626943,0.5798661,4.478658]",
172,"[4.619223,0.5255507,4.478656]",
173,"[4.617663,0.507329,4.478655]",
174,"[4.614511,0.4715356,4.478654]",
175,"[4.612618,0.4531499,4.478653]",
176,"[4.609567,0.420102,4.478652]",
177,"[4.608292,0.4032404,4.478652]",
178,"[4.597572,0.3627955,4.47865]",
179,"[4.590954,0.3397353,4.478649]",
180,"[4.578518,0.3221402,4.430723]",
181,"[4.57327,0.3221402,4.393022]",
182,"[4.568504,0.3221402,4.354295]",
183,"[4.592525,0.3221402,4.273529]",
184,"[4.938558,0.3846413,4.062935]",
185,"[5.02741,0.3221403,4.105751]",
186,"[5.04311,0.3221403,4.093861]",
187,"[5.054752,0.3221403,4.078085]",
188,"[5.055772,0.3221403,4.070601]",
189,"[5.05145,0.3221403,4.055491]",
190,"[5.040973,0.3221403,4.037055]",
191,"[5.039077,0.3221403,4.03247]",
192,"[5.018426,0.3221403,4.01285]",
193,"[4.999097,0.3221404,3.996529]",
194,"[4.815923,0.3090682,3.995492]",
195,"[4.75095,0.3003601,3.995366]",
196,"[4.109415,0.2949717,3.939541]",
197,"[3.889668,0.1,4.206021]",
198,"[3.873232,0.2117755,4.063619]",
199,"[3.819444,0.2511739,4.036846]",
200,"[3.803208,0.2698989,4.028938]",
201,"[3.81198,0.3489306,3.981334]",
202,"[3.805755,0.3696229,3.978024]",
203,"[3.804255,0.4219148,3.977226]",
204,"[3.799014,0.4457504,3.974437]",
205,"[3.777247,0.5316545,3.914696]",
206,"[3.755166,0.554879,3.90295]",
207,"[3.737824,0.5685903,3.893726]",
208,"[3.708526,0.5811892,3.878141]",
209,"[3.698319,0.5825118,3.872711]",
210,"[3.671446,0.5793805,3.858417]",
211,"[3.667353,0.5776867,3.85624]",
212,"[3.657727,0.5786897,3.851119]",
213,"[3.652589,0.5825497,3.848386]",
214,"[3.6496,0.5888813,3.846796]",
215,"[3.640079,0.6041124,3.841732]",
216,"[3.636352,0.6117513,3.839749]",
217,"[3.631356,0.6298004,3.837092]",
218,"[3.629817,0.6386312,3.836273]",
219,"[3.629306,0.6538476,3.836001]",
220,"[3.630092,0.6601706,3.836419]",
221,"[3.636187,0.6686281,3.839661]",
222,"[3.640306,0.66877,3.841852]",
223,"[3.643456,0.6682396,3.843528]",
224,"[3.648509,0.6657432,3.846215]",
225,"[3.650586,0.664297,3.847321]",
226,"[3.660624,0.6606114,3.85266]",
227,"[3.668633,0.6524047,3.85692]",
228,"[3.68239,0.6393858,3.864238]",
229,"[3.688532,0.633744,3.867506]",
230,"[3.693538,0.6287684,3.870168]",
231,"[3.699716,0.6237124,3.873454]",
232,"[3.708594,0.6190009,3.878177]",
233,"[3.715929,0.6150566,3.882079]",
234,"[3.727357,0.6097734,3.888158]",
235,"[3.732266,0.6082909,3.890769]",
236,"[3.736805,0.6086198,3.893183]",
237,"[3.741256,0.6091053,3.895551]",
238,"[3.745686,0.6097155,3.897908]",
239,"[3.752651,0.6103966,3.901612]",
240,"[3.755555,0.610858,3.903157]",
241,"[3.756928,0.6110457,3.903888]",
242,"[3.759263,0.6111735,3.905129]",
243,"[3.760322,0.6109326,3.905693]",
244,"[3.761263,0.6104501,3.906194]",
245,"[3.762133,0.6090564,3.906656]",
246,"[3.76248,0.606747,3.906841]",
247,"[3.76248,0.606747,3.906841]",
248,"[3.762737,0.6035241,3.906978]",
249,"[3.762646,0.5982161,3.906929]",
250,"[3.762646,0.5982161,3.906929]",
251,"[3.760917,0.5891083,3.90601]",
252,"[3.757968,0.5715309,3.904441]",
253,"[3.753332,0.5596657,3.901974]",
254,"[3.751986,0.5574098,3.901258]",
255,"[3.748679,0.5532348,3.8995]",
256,"[3.747341,0.5525675,3.898788]",
257,"[3.746303,0.552191,3.898236]",
258,"[3.745091,0.551609,3.897591]",
259,"[3.744415,0.5511162,3.897231]",
260,"[3.741852,0.5484895,3.895868]",
261,"[3.741592,0.5479053,3.89573]",
262,"[3.740958,0.5458189,3.895393]",
263,"[3.740145,0.5441744,3.89496]",
264,"[3.732866,0.5389975,3.891088]",
265,"[3.726027,0.5357561,3.88745]",
266,"[3.604068,0.4902684,3.870739]",
267,"[3.56947,0.4857915,3.852336]",
268,"[3.535342,0.4825574,3.834182]",
269,"[3.475887,0.4790739,3.802556]",
270,"[3.406709,0.4400232,3.829854]",
271,"[2.992612,0.1375903,4.125469]",
272,"[2.926013,0.1348693,4.062971]",
273,"[2.790357,0.1258525,3.917135]",
274,"[3.106607,0.5806857,2.786492]",
275,"[3.016757,0.5806857,2.389467]",
276,"[3.005,0.5813773,2.323088]",
277,"[3.005,0.5893583,2.265573]",
278,"[2.971644,0.5806857,2.161272]",
279,"[2.975233,0.5806857,2.160167]",
280,"[2.984942,0.5806857,2.157358]",
281,"[2.990364,0.5806857,2.157283]",
282,"[3.013653,0.5806857,2.165985]",
283,"[3.024433,0.5806857,2.171355]",
284,"[3.027551,0.5806857,2.172512]",
285,"[3.036275,0.5806857,2.163789]",
286,"[3.046878,0.5806857,2.170222]",
287,"[3.059905,0.5806857,2.174428]",
288,"[3.063804,0.5806857,2.174025]",
289,"[3.07149,0.5806857,2.200861]",
290,"[3.074388,0.5806857,2.205553]",
291,"[3.062426,0.5806857,2.228583]",
292,"[3.059405,0.5806857,2.232969]",
293,"[3.057616,0.5806857,2.23537]",
294,"[3.062423,0.5806857,2.233275]",
295,"[3.067894,0.5806857,2.229287]",
296,"[3.075085,0.5806857,2.221091]",
297,"[3.075981,0.5806857,2.219639]",
298,"[3.075669,0.5806857,2.21583]",
299,"[3.071738,0.5806857,2.215821]",
300,"[3.067946,0.5806857,2.21511]",
301,"[3.063432,0.5806857,2.217638]",
302,"[3.06182,0.5806857,2.217586]",
303,"[3.0609,0.5806857,2.219495]",
304,"[3.061043,0.5806857,2.220198]",
305,"[3.061672,0.5806857,2.219388]",
306,"[3.062281,0.5806857,2.217378]",
307,"[3.063966,0.5806857,2.206491]",
308,"[3.064476,0.5806857,2.198047]",
309,"[3.021014,0.5806856,1.92903]",
310,"[3.008873,0.5806856,1.836235]",
311,"[3.002141,0.5806856,1.772423]",
312,"[2.997978,0.5806856,1.71028]",
313,"[2.997603,0.5806856,1.68914]",
314,"[2.996485,0.5806856,1.671428]",
315,"[2.997613,0.5806856,1.660913]",
316,"[2.997216,0.5806856,1.655438]",
317,"[2.999398,0.5806856,1.645065]",
318,"[3.001829,0.5806856,1.64008]",
319,"[3.008556,0.5806856,1.632679]",
320,"[3.052678,0.608989,1.641678]",
321,"[3.063411,0.6116422,1.634725]",
322,"[3.046506,0.5964843,1.613683]",
323,"[3.071191,0.6098611,1.595857]",
324,"[3.082626,0.6126724,1.579069]",
325,"[3.072597,0.5978221,1.549856]",
326,"[3.093985,0.6106838,1.547683]",
327,"[3.100168,0.6131972,1.542241]",
328,"[3.080082,0.5981979,1.531875]",
329,"[3.096179,0.6109157,1.538035]",
330,"[3.097266,0.6133556,1.540087]",
331,"[3.075744,0.598186,1.533856]",
332,"[3.089998,0.6109955,1.54116]",
333,"[3.09106,0.6134794,1.542717]",
334,"[3.067491,0.5982392,1.534512]",
335,"[3.080704,0.6113461,1.538285]",
336,"[3.076609,0.6144022,1.527502]",
337,"[3.045218,0.5991497,1.504835]",
338,"[3.061181,0.612864,1.506613]",
339,"[3.06185,0.6156,1.50338]",
340,"[3.038331,0.5994631,1.494353]",
341,"[3.056844,0.6131626,1.500844]",
342,"[3.055834,0.6157475,1.505005]",
343,"[3.030136,0.6013703,1.503928]",
344,"[2.911566,0.5806856,1.630999]",
345,"[2.878665,0.5806856,1.683633]",
346,"[3.005,0.7252818,2.235663]",
347,"[3.005,0.7293186,2.296326]",
348,"[3.005,0.7317188,2.338678]",
349,"[3.005,0.7308786,2.432774]",
350,"[3.005,0.7290623,2.474212]",
351,"[2.832976,0.5806857,2.757879]",
352,"[2.843052,0.5806857,2.788319]",
353,"[2.869792,0.5806857,2.826088]",
354,"[2.87614,0.5806857,2.827047]",
355,"[2.892271,0.5806857,2.829577]",
356,"[2.899627,0.5806857,2.832606]",
357,"[2.906264,0.5806857,2.840227]",
358,"[2.912515,0.5806857,2.846059]",
359,"[2.915606,0.5806857,2.848829]",
360,"[2.922849,0.5806857,2.874903]",
361,"[2.924928,0.5806857,2.886522]",
362,"[2.935,0.5806857,2.906548]",
363,"[2.942924,0.5806857,2.913298]",
364,"[2.962713,0.5806857,2.905202]",
365,"[2.973472,0.5806857,2.904751]",
366,"[2.98256,0.5806857,2.89496]",
367,"[3.000962,0.5806857,2.846104]",
368,"[3.007655,0.5806857,2.833798]",
369,"[3.048744,0.5806857,2.769599]",
370,"[3.058012,0.5806857,2.754137]",
371,"[3.08025,0.5806857,2.656413]",
372,"[3.086274,0.5806857,2.623642]",
373,"[3.097869,0.5806857,2.589556]",
374,"[3.112782,0.5806857,2.568065]",
375,"[3.12518,0.5806857,2.553451]",
376,"[3.150393,0.5806857,2.528103]",
377,"[3.189718,0.6002312,2.509908]",
378,"[3.208608,0.6002312,2.497308]",
379,"[3.213745,0.6002312,2.494673]",
380,"[3.225497,0.6002312,2.491917]",
381,"[3.230417,0.6002312,2.492166]",
382,"[3.23566,0.6002312,2.493474]",
383,"[3.234792,0.6002312,2.495214]",
384,"[3.229796,0.6002312,2.49693]",
385,"[3.219724,0.6002312,2.503079]",
386,"[3.205491,0.6002312,2.506686]",
387,"[3.147893,0.5806857,2.520785]",
388,"[3.135762,0.5806857,2.52455]",
389,"[3.11093,0.5806857,2.534086]",
390,"[3.101295,0.5806857,2.538312]",
391,"[3.089391,0.5806857,2.539183]",
392,"[3.066673,0.5806857,2.538203]",
393,"[3.058191,0.5806857,2.538813]",
394,"[3.047233,0.5806857,2.533096]",
395,"[3.042502,0.5806857,2.532543]",
396,"[3.033556,0.5806857,2.530758]",
397,"[3.030666,0.5806857,2.529943]",
398,"[3.024171,0.5806857,2.530906]",
399,"[3.019009,0.5806857,2.532637]",
400,"[3.012748,0.5806857,2.534959]",
401,"[3.005,0.5823603,2.491952]",
402,"[3.005,0.5869369,2.476966]",
403,"[3.008228,0.5806857,2.436688]",
404,"[3.010583,0.5806857,2.421902]",
405,"[3.014919,0.5806857,2.401095]",
406,"[3.017637,0.5806857,2.393531]",
407,"[3.021305,0.5806857,2.387521]",
408,"[3.046894,0.5806857,2.371598]",
409,"[3.058389,0.5806857,2.365109]",
410,"[3.076537,0.5806857,2.353905]",
411,"[3.081571,0.5806857,2.353551]",
412,"[3.087639,0.5806857,2.356866]",
413,"[3.089273,0.5806857,2.359575]",
414,"[3.090033,0.5806857,2.365115]",
415,"[3.090094,0.5806857,2.367656]",
416,"[3.08563,0.5806857,2.370891]",
417,"[3.074355,0.5806857,2.37899]",
418,"[3.069383,0.5806857,2.383767]",
419,"[3.06039,0.5806857,2.394695]",
420,"[3.055955,0.5806857,2.400599]",
421,"[3.05455,0.5806857,2.419765]",
422,"[3.054859,0.5806857,2.428918]",
423,"[3.055878,0.5806857,2.43754]",
424,"[3.058373,0.5806857,2.449516]",
425,"[3.060886,0.5806857,2.453963]",
426,"[3.065726,0.5806857,2.462578]",
427,"[3.068262,0.5806857,2.466806]",
428,"[3.070038,0.5806857,2.468132]",
429,"[3.071968,0.5806857,2.468286]",
430,"[3.074444,0.5806857,2.469195]",
431,"[3.079743,0.5806857,2.472364]",
432,"[3.078789,0.5806857,2.472594]",
433,"[3.076803,0.5806857,2.474143]",
434,"[3.076087,0.5806857,2.47582]",
435,"[3.079199,0.5806857,2.482339]",
436,"[3.082385,0.5806857,2.486936]",
437,"[3.091656,0.5806857,2.496619]",
438,"[3.098109,0.5806857,2.503105]",
439,"[3.105242,0.5806857,2.507638]",
440,"[3.121845,0.5806857,2.522702]",
441,"[3.123856,0.5806857,2.528312]",
442,"[3.117865,0.5806857,2.535588]",
443,"[3.11505,0.5806857,2.542178]",
444,"[3.113038,0.5806857,2.552572]",
445,"[3.108399,0.5806857,2.553245]",
446,"[3.104168,0.5806857,2.555895]",
447,"[3.104437,0.5806857,2.554933]",
448,"[3.105147,0.5806857,2.554414]",
449,"[3.101102,0.5806857,2.550488]",
450,"[3.098546,0.5806857,2.549331]",
451,"[3.086345,0.5806857,2.539273]",
452,"[3.061815,0.5806857,2.520612]",
453,"[3.029648,0.5806857,2.492864]",
454,"[3.00972,0.5806857,2.470078]",
455,"[3.005,0.5953881,2.430025]",
456,"[3.005,0.6026896,2.411195]",
457,"[3.005,0.6095653,2.393056]",
458,"[3.005,0.61473,2.36165]",
459,"[3.005,0.6152016,2.34928]",
460,"[3.005,0.6241492,2.325147]",
461,"[3.005,0.6271659,2.323567]",
462,"[3.005,0.641992,2.318435]",
463,"[3.005,0.6426181,2.321352]",
464,"[3.005,0.6418902,2.320475]",
465,"[3.005,0.635624,2.306839]",
466,"[3.005,0.6306074,2.300517]",
467,"[3.005,0.6149796,2.296324]",
468,"[3.005,0.6119724,2.290318]",
469,"[3.005,0.6112075,2.299922]",
470,"[3.005,0.6146763,2.296759]",
471,"[3.005,0.6304919,2.297544]",
472,"[3.005,0.6425752,2.287603]",
473,"[3.005,0.6556017,2.272945]",
474,"[3.005,0.6919838,2.242106]",
475,"[3.005,0.7068835,2.224572]",
476,"[2.803079,0.5806857,2.182686]",
477,"[2.79452,0.5806857,2.179579]",
478,"[2.784884,0.5806857,2.163678]",
479,"[2.78883,0.5806857,2.169683]",
480,"[2.789747,0.5806857,2.173018]",
481,"[3.005,0.7351338,2.200341]",
482,"[3.005,0.7344639,2.206527]",
483,"[3.005,0.7351319,2.228664]",
484,"[3.005,0.7404854,2.240048]",
485,"[3.005,0.7511435,2.258125]",
486,"[3.005,0.7557231,2.26437]",
487,"[3.005,0.7604954,2.274081]",
488,"[3.005,0.760502,2.27808]",
489,"[3.005,0.7586704,2.283843]",
490,"[3.005,0.7532284,2.295314]",
491,"[3.005,0.7501984,2.301669]",
492,"[3.005,0.7465479,2.315236]",
493,"[3.005,0.7460775,2.32409]",
494,"[3.005,0.7536725,2.367663]",
495,"[3.005,0.7615511,2.403311]",
496,"[3.005,0.7704261,2.448637]",
497,"[3.005,0.785809,2.575684]",
498,"[2.718277,0.5806857,2.754234]",
499,"[2.161834,0.1458606,3.505922]",
500,"[2.238849,0.1810989,3.659938]",
501,"[2.519066,0.2784687,4.067807]",
502,"[2.60649,0.2917438,4.160804]",
503,"[3.398157,0.70649,3.861173]",
504,"[3.625283,0.7130653,3.997765]",
505,"[4.383034,0.82079,3.923467]",
506,"[4.616813,0.5389502,4.478657]",
507,"[4.822222,0.6251793,4.384599]",
508,"[5.248904,1.123212,3.30335]",
509,"[5.283929,1.185673,3.137143]",
510,"[5.861754,1.049335,2.97598]",
511,"[5.95,1.031396,2.89909]",
512,"[5.591597,1.30056,2.521589]",
513,"[5.57932,1.333825,2.442682]",
514,"[5.614394,1.360076,2.340607]",
515,"[5.59332,1.390067,2.212368]",
516,"[5.59332,1.399647,2.142087]",
517,"[5.689013,1.374603,2.035673]",
518,"[5.578642,1.412001,2.013933]",
519,"[5.578642,1.406326,2.018412]",
520,"[5.578642,1.402307,2.015737]",
521,"[5.575899,1.374796,2.077628]",
522,"[5.59332,1.337133,2.168534]",
523,"[5.59332,1.327639,2.187021]",
524,"[5.57596,1.29734,2.288476]",
525,"[5.57596,1.289138,2.299997]",
526,"[5.586986,1.264227,2.382998]",
527,"[5.570464,1.264212,2.420392]",
528,"[5.566592,1.253979,2.448289]",
529,"[5.565928,1.248636,2.46727]",
530,"[5.565135,1.239576,2.489988]",
531,"[5.564898,1.235818,2.496793]",
532,"[5.604977,1.207253,2.522056]",
533,"[5.59259,1.213018,2.521624]",
534,"[5.565063,1.232291,2.515615]",
535,"[5.564147,1.247755,2.518285]",
536,"[5.563035,1.273474,2.520926]",
537,"[5.560424,1.339988,2.523334]",
538,"[5.560179,1.368247,2.524093]",
539,"[5.566409,1.413722,2.52071]",
540,"[5.576886,1.428255,2.521075]",
541,"[5.575407,1.51119,2.521024]",
542,"[5.5901,1.544722,2.521537]",
543,"[5.603163,1.548184,2.521993]",
544,"[5.579618,1.561303,2.496646]",
545,"[5.57932,1.554228,2.480323]",
546,"[5.57932,1.544264,2.441036]",
547,"[5.57596,1.495419,2.292969]",
548,"[5.57596,1.493863,2.274349]",
549,"[5.574718,1.436969,2.091171]",
550,"[5.576251,1.428816,2.07654]",
551,"[5.90691,1.264227,2.029897]",
552,"[5.884114,1.264227,2.022809]",
553,"[5.847091,1.264227,2.026662]",
554,"[5.825232,1.264227,2.036667]",
555,"[5.797059,1.264227,2.049836]",
556,"[5.786381,1.264227,2.054396]",
557,"[5.77586,1.264227,2.056875]",
558,"[5.754381,1.264227,2.065203]",
559,"[5.747402,1.264227,2.066704]",
560,"[5.725121,1.264227,2.06769]",
561,"[5.576324,1.342781,2.076313]",
562,"[5.575018,1.331584,2.082559]",
563,"[5.574898,1.325047,2.086013]",
564,"[5.574795,1.31355,2.088945]",
565,"[5.574767,1.306679,2.089749]",
566,"[5.574921,1.184792,2.085359]",
567,"[5.575266,0.9869306,2.079584]",
568,"[5.575934,0.9404898,2.077519]",
569,"[5.579097,0.8896366,2.074638]",
570,"[5.76677,0.6622185,2.063977]",
571,"[5.579009,0.8748835,2.074687]",
572,"[5.575706,0.8771409,2.078226]",
573,"[5.57504,0.8672578,2.081931]",
574,"[5.574871,0.8551958,2.086771]",
575,"[5.574719,0.8428662,2.091111]",
576,"[5.675136,0.6622186,2.128664]",
577,"[5.662235,0.6622186,2.139141]",
578,"[5.643977,0.6622185,2.151521]",
579,"[5.643846,0.6622185,2.152947]",
580,"[5.649974,0.6622185,2.154105]",
581,"[5.656409,0.6622185,2.154223]",
582,"[5.674566,0.6622185,2.1514]",
583,"[5.682914,0.6622185,2.14954]",
584,"[5.69135,0.6622185,2.148314]",
585,"[5.699077,0.6622185,2.14824]",
586,"[5.700259,0.6622186,2.149271]",
587,"[5.648919,0.6622185,2.204399]",
588,"[5.596,0.7060686,2.223742]",
589,"[5.596,0.6759964,2.24145]",
590,"[5.597629,0.6622185,2.24717]",
591,"[5.59247,0.6622185,2.248702]",
592,"[5.587657,0.6622186,2.249985]",
593,"[5.586982,0.6622186,2.250247]",
594,"[5.591099,0.6622185,2.249699]",
595,"[5.597203,0.6622186,2.248837]",
596,"[5.596,0.6870481,2.248029]",
597,"[5.607409,0.6622186,2.254544]",
598,"[5.60661,0.6622185,2.262186]",
599,"[5.608815,0.6622186,2.266106]",
600,"[5.61555,0.6622186,2.27027]",
601,"[5.640133,0.6622186,2.273929]",
602,"[5.665593,0.6622186,2.275086]",
603,"[5.596,0.8333657,2.267418]",
604,"[5.59332,1.269323,2.176234]",
605,"[5.59332,1.460515,2.152727]",
606,"[5.59332,1.471269,2.153389]",
607,"[5.59332,1.487355,2.156423]",
608,"[5.59332,1.494555,2.158206]",
609,"[5.59332,1.494082,2.158682]",
610,"[5.59332,1.497581,2.160783]",
611,"[5.59332,1.493424,2.163153]",
612,"[5.59332,1.486455,2.167365]",
613,"[5.59332,1.483986,2.169337]",
614,"[5.59332,1.478602,2.17358]",
615,"[5.59332,1.481811,2.176573]",
616,"[5.59332,1.480573,2.178658]",
617,"[5.59332,1.48296,2.183425]",
618,"[5.59332,1.485607,2.186087]",
619,"[5.59332,1.486599,2.190373]",
620,"[5.585251,1.489366,2.192947]",
621,"[5.611561,1.476837,2.189909]",
622,"[5.481498,1.556625,2.214355]",
623,"[5.482459,1.571335,2.218107]",
624,"[5.481745,1.584223,2.221694]",
625,"[5.479691,1.589853,2.223176]",
626,"[5.477345,1.596984,2.224459]",
627,"[5.476485,1.601014,2.225221]",
628,"[5.472194,1.605963,2.226573]",
629,"[5.468421,1.608474,2.227462]",
630,"[5.460454,1.611315,2.227863]",
631,"[5.455691,1.612862,2.22793]",
632,"[5.430503,1.621401,2.230321]",
633,"[5.408963,1.629069,2.232985]",
634,"[5.443426,1.615857,2.22736]",
635,"[5.444098,1.614156,2.22564]",
636,"[5.425692,1.61982,2.227762]",
637,"[5.381018,1.634608,2.233689]",
638,"[5.331551,1.653054,2.241427]",
639,"[5.306746,1.661527,2.244327]",
640,"[5.950001,1.395265,2.122062]",
641,"[5.950001,1.38341,2.113554]",
642,"[5.90737,1.353482,2.117072]",
643,"[5.894721,1.339787,2.11663]",
644,"[5.879944,1.324107,2.116114]",
645,"[5.871459,1.318942,2.115818]",
646,"[5.853474,1.315773,2.11519]",
647,"[5.848427,1.314862,2.115014]",
648,"[5.822946,1.326558,2.114124]",
649,"[5.821585,1.325063,2.114076]",
650,"[5.818756,1.32374,2.113977]",
651,"[5.837703,1.304978,2.114639]",
652,"[5.84412,1.296646,2.114863]",
653,"[5.884817,1.264227,2.116473]",
654,"[5.875451,1.264227,2.125718]",
655,"[5.859018,1.264227,2.14094]",
656,"[5.852223,1.264227,2.146538]",
657,"[5.843643,1.264227,2.15238]",
658,"[5.840761,1.264227,2.154102]",
659,"[5.830053,1.264227,2.160125]",
660,"[5.826429,1.264227,2.161885]",
661,"[5.823669,1.264227,2.163949]",
662,"[5.819304,1.264227,2.169178]",
663,"[5.81806,1.264227,2.172118]",
664,"[5.816759,1.264227,2.17991]",
665,"[5.494669,1.487874,2.205213]",
666,"[5.367193,1.576355,2.215744]",
667,"[5.325551,1.605419,2.218655]",
668,"[5.318878,1.610138,2.21961]",
669,"[5.292367,1.628864,2.221498]",
670,"[5.309204,1.617589,2.221611]",
671,"[5.373551,1.574765,2.221587]",
672,"[5.464465,1.541482,2.234071]",
673,"[5.595673,1.480486,2.247762]",
674,"[5.582616,1.490838,2.249739]",
675,"[5.580799,1.493642,2.252079]",
676,"[5.579277,1.495655,2.254039]",
677,"[5.577761,1.497681,2.257426]",
678,"[5.577041,1.499071,2.259511]",
679,"[5.576706,1.50016,2.260481]",
680,"[5.576028,1.503798,2.262444]",
681,"[5.57596,1.505973,2.263601]",
682,"[5.57596,1.510068,2.266311]",
683,"[5.57596,1.512267,2.268283]",
684,"[5.57596,1.513771,2.271551]",
685,"[5.57596,1.514329,2.274101]",
686,"[5.57596,1.513832,2.273717]",
687,"[5.57596,1.509805,2.277057]",
688,"[5.57596,1.506726,2.279461]",
689,"[5.57596,1.502036,2.284431]",
690,"[5.57596,1.500121,2.287349]",
691,"[5.57596,1.489011,2.291273]",
692,"[5.57596,1.484831,2.293501]",
693,"[5.57596,1.478976,2.298393]",
694,"[5.548216,1.494218,2.29488]",
695,"[5.550113,1.491981,2.294535]",
696,"[5.375179,1.596728,2.280682]",
697,"[5.401753,1.580806,2.281864]",
698,"[5.401694,1.580789,2.282024]",
699,"[5.352593,1.610134,2.283165]",
700,"[5.329185,1.624199,2.282474]",
701,"[5.314913,1.632805,2.284842]",
702,"[5.28168,1.652439,2.286662]",
703,"[5.269383,1.65903,2.288316]",
704,"[5.259306,1.664514,2.288012]",
705,"[5.249387,1.66891,2.287659]",
706,"[5.249386,1.668166,2.28744]",
707,"[5.906177,1.264227,2.252421]",
708,"[5.846408,1.298368,2.254216]",
709,"[5.778872,1.336062,2.254216]",
710,"[5.74655,1.354234,2.254216]",
711,"[5.695033,1.38554,2.254216]",
712,"[5.677087,1.397153,2.254216]",
713,"[5.661227,1.40741,2.254216]",
714,"[5.64999,1.414814,2.254216]",
715,"[5.646068,1.417388,2.254216]",
716,"[5.643597,1.419147,2.254216]",
717,"[5.649271,1.415352,2.254216]",
718,"[5.664873,1.40508,2.254216]",
719,"[5.884958,1.264227,2.253097]",
720,"[5.883974,1.264227,2.263147]",
721,"[5.882849,1.264227,2.278479]",
722,"[5.57596,1.456806,2.29096]",
723,"[5.57596,1.455286,2.295626]",
724,"[5.57596,1.454806,2.296862]",
725,"[5.57596,1.45417,2.299314]",
726,"[5.57596,1.45411,2.300388]",
727,"[5.57596,1.454661,2.30196]",
728,"[5.57596,1.455218,2.302584]",
729,"[5.57596,1.455821,2.303063]",
730,"[5.57596,1.457052,2.304048]",
731,"[5.57596,1.457891,2.304826]",
732,"[5.57596,1.458993,2.306554]",
733,"[5.57596,1.459161,2.307477]",
734,"[5.57596,1.458723,2.309093]",
735,"[5.57596,1.458563,2.310207]",
736,"[5.57596,1.458234,2.311347]",
737,"[5.57596,1.457949,2.312305]",
738,"[5.57596,1.457598,2.313258]",
739,"[5.57606,1.454483,2.319678]",
740,"[5.576736,1.452427,2.321843]",
741,"[5.578408,1.446303,2.327198]",
742,"[5.579987,1.44292,2.329247]",
743,"[5.582388,1.438165,2.332015]",
744,"[5.685304,1.368356,2.340962]",
745,"[5.67702,1.372711,2.341325]",
746,"[5.663638,1.37978,2.34191]",
747,"[5.65666,1.383509,2.342215]",
748,"[5.682321,1.365629,2.34411]",
749,"[5.625924,1.403757,2.339504]",
750,"[5.541276,1.461141,2.332875]",
751,"[5.556015,1.451753,2.333294]",
752,"[5.560118,1.449659,2.333171]",
753,"[5.56686,1.446677,2.332839]",
754,"[5.574955,1.442218,2.332362]",
755,"[5.581904,1.437472,2.331707]",
756,"[5.581393,1.437357,2.330868]",
757,"[5.579282,1.437168,2.328434]",
758,"[5.578371,1.436976,2.327077]",
759,"[5.577583,1.436207,2.324557]",
760,"[5.57725,1.435736,2.323489]",
761,"[5.576754,1.43468,2.321901]",
762,"[5.576562,1.434088,2.321285]",
763,"[5.576401,1.433477,2.320769]",
764,"[5.576138,1.432177,2.31993]",
765,"[5.57596,1.431154,2.319049]",
766,"[5.57596,1.428799,2.316197]",
767,"[5.57596,1.428579,2.315795]",
768,"[5.57596,1.429097,2.31579]",
769,"[5.57596,1.431373,2.315574]",
770,"[5.57596,1.432889,2.315837]",
771,"[5.577599,1.431708,2.324607]",
772,"[5.579809,1.429229,2.329042]",
773,"[5.580023,1.42816,2.329289]",
774,"[5.584984,1.424013,2.332421]",
775,"[5.584602,1.424379,2.332421]",
776,"[5.58449,1.424887,2.332421]",
777,"[5.58407,1.426277,2.332421]",
778,"[5.583817,1.427137,2.332421]",
779,"[5.583261,1.428169,2.332421]",
780,"[5.582695,1.429028,2.33237]",
781,"[5.582501,1.428668,2.332145]",
782,"[5.581294,1.426628,2.330754]",
783,"[5.580228,1.424946,2.329525]",
784,"[5.578616,1.41995,2.327667]",
785,"[5.578049,1.416072,2.326047]",
786,"[5.578113,1.411794,2.326253]",
787,"[5.577105,1.40037,2.323025]",
788,"[5.576031,1.39129,2.319585]",
789,"[5.57596,1.372519,2.313818]",
790,"[5.57596,1.360123,2.307332]",
791,"[5.57596,1.337319,2.282977]",
792,"[5.57596,1.286744,2.270959]",
793,"[5.580907,1.264227,2.249806]",
794,"[5.580769,1.264227,2.247235]",
795,"[5.582782,1.264227,2.243216]",
796,"[5.593355,1.309154,2.24034]",
797,"[5.57596,1.405632,2.319324]",
798,"[5.625307,1.401635,2.332421]",
799,"[5.737867,1.351247,2.332421]",
800,"[5.95,1.238336,2.327968]",
801,"[5.95,1.240268,2.346819]",
802,"[5.57932,1.458834,2.426142]",
803,"[5.57932,1.459884,2.436302]",
804,"[5.57932,1.459257,2.444089]",
805,"[5.57932,1.459679,2.456121]",
806,"[5.57932,1.460179,2.46062]",
807,"[5.57932,1.464162,2.466]",
808,"[5.57932,1.46673,2.469465]",
809,"[5.57932,1.470686,2.465724]",
810,"[5.57932,1.473161,2.464566]",
811,"[5.57932,1.475126,2.458868]",
812,"[5.57932,1.478135,2.440366]",
813,"[5.57932,1.480285,2.427305]",
814,"[5.585261,1.474225,2.407822]",
815,"[5.610899,1.460761,2.386907]",
816,"[5.610918,1.458873,2.375281]",
817,"[5.610967,1.454249,2.370723]",
818,"[5.61098,1.449021,2.365716]",
819,"[5.610978,1.446207,2.363976]",
820,"[5.61097,1.444573,2.363006]",
821,"[5.610966,1.441193,2.363037]",
822,"[5.610981,1.437495,2.366374]",
823,"[5.611008,1.432081,2.371639]",
824,"[5.611024,1.427973,2.374683]",
825,"[5.611046,1.420455,2.378793]",
826,"[5.611054,1.415825,2.380461]",
827,"[5.611063,1.406932,2.382268]",
828,"[5.611066,1.402846,2.382645]",
829,"[5.611068,1.39962,2.382967]",
830,"[5.611071,1.39556,2.383381]",
831,"[5.611072,1.394315,2.383562]",
832,"[5.611074,1.392676,2.383991]",
833,"[5.611075,1.392018,2.384283]",
834,"[5.611081,1.390745,2.385394]",
835,"[5.611085,1.390284,2.386191]",
836,"[5.57932,1.413282,2.4254]",
837,"[5.57932,1.412817,2.44358]",
838,"[5.57932,1.412125,2.449784]",
839,"[5.57932,1.410233,2.457392]",
840,"[5.57932,1.409125,2.460545]",
841,"[5.57932,1.407457,2.464039]",
842,"[5.57932,1.407108,2.464757]",
843,"[5.57932,1.406764,2.466676]",
844,"[5.571686,1.412502,2.468585]",
845,"[5.611597,1.381641,2.465854]",
846,"[5.466359,1.49471,2.482073]",
847,"[5.46897,1.49215,2.482961]",
848,"[5.486599,1.476608,2.48339]",
849,"[5.490387,1.472538,2.483246]",
850,"[5.491208,1.470206,2.483138]",
851,"[5.485815,1.47431,2.483387]",
852,"[5.477693,1.482992,2.483686]",
853,"[5.475032,1.487129,2.483721]",
854,"[5.470287,1.491122,2.483754]",
855,"[5.453428,1.505376,2.483588]",
856,"[5.442083,1.515129,2.483331]",
857,"[5.413382,1.541666,2.484202]",
858,"[5.402576,1.552808,2.484536]",
859,"[5.394124,1.563266,2.484513]",
860,"[5.400006,1.558473,2.48318]",
861,"[5.407393,1.553703,2.481928]",
862,"[5.454145,1.517506,2.47459]",
863,"[5.516033,1.467733,2.465753]",
864,"[5.772964,1.264227,2.424814]",
865,"[5.777934,1.264227,2.422776]",
866,"[5.794037,1.264227,2.418555]",
867,"[5.807635,1.264227,2.415272]",
868,"[5.820484,1.264227,2.410966]",
869,"[5.823623,1.264227,2.409356]",
870,"[5.825117,1.264227,2.408411]",
871,"[5.825871,1.264227,2.407153]",
872,"[5.826364,1.264227,2.405652]",
873,"[5.825603,1.264227,2.402507]",
874,"[5.825141,1.264227,2.400929]",
875,"[5.823763,1.264227,2.398459]",
876,"[5.820827,1.265959,2.397887]",
877,"[5.812379,1.271046,2.397779]",
878,"[5.809803,1.272429,2.397749]",
879,"[5.809657,1.272532,2.397755]",
880,"[5.809021,1.272823,2.397748]",
881,"[5.810169,1.271225,2.397764]",
882,"[5.811049,1.26902,2.397772]",
883,"[5.809545,1.269625,2.397741]",
884,"[5.81215,1.266928,2.397782]",
885,"[5.811923,1.26706,2.397776]",
886,"[5.8119,1.267345,2.397776]",
887,"[5.811959,1.267818,2.397779]",
888,"[5.812166,1.267899,2.397784]",
889,"[5.813644,1.268372,2.397814]",
890,"[5.814476,1.26844,2.39783]",
891,"[5.817115,1.267573,2.397879]",
892,"[5.819061,1.266002,2.397913]",
893,"[5.820645,1.264227,2.398836]",
894,"[5.815012,1.264227,2.402915]",
895,"[5.809805,1.264227,2.40679]",
896,"[5.702652,1.264227,2.44592]",
897,"[5.689922,1.264227,2.451152]",
898,"[5.673817,1.264227,2.458622]",
899,"[5.669367,1.264227,2.461245]",
900,"[5.664248,1.264227,2.46537]",
901,"[5.663231,1.264227,2.467401]",
902,"[5.662571,1.264227,2.469733]",
903,"[5.667191,1.264227,2.475076]",
904,"[5.754268,1.264227,2.606228]",
905,"[5.698877,1.321331,2.627446]",
906,"[5.667416,1.351281,2.634337]",
907,"[5.63041,1.386993,2.643059]",
908,"[5.618027,1.399732,2.647633]",
909,"[5.602826,1.415133,2.653219]",
910,"[5.593314,1.424371,2.656662]",
911,"[5.587955,1.428502,2.658464]",
912,"[5.574205,1.439296,2.663111]",
913,"[5.566011,1.445998,2.665915]",
914,"[5.555579,1.452343,2.669203]",
915,"[5.547942,1.457667,2.671697]",
916,"[5.540734,1.463003,2.679309]",
917,"[5.540942,1.462071,2.68242]",
918,"[5.541016,1.462236,2.682335]",
919,"[5.539676,1.46192,2.677433]",
920,"[5.539165,1.461727,2.675734]",
921,"[5.543076,1.457632,2.672844]",
922,"[5.544714,1.454858,2.672098]",
923,"[5.535207,1.454687,2.675871]",
924,"[5.536588,1.452157,2.674351]",
925,"[5.537148,1.450759,2.673697]",
926,"[5.544807,1.443124,2.67056]",
927,"[5.546228,1.441545,2.67002]",
928,"[5.550629,1.43727,2.668427]",
929,"[5.551037,1.435941,2.668159]",
930,"[5.52602,1.438188,2.675643]",
931,"[5.523001,1.430359,2.682471]",
932,"[5.526673,1.396733,2.696975]",
933,"[5.536621,1.372756,2.704876]",
934,"[5.549973,1.341634,2.715276]",
935,"[5.555088,1.329926,2.719603]",
936,"[5.558847,1.32107,2.722378]",
937,"[5.565055,1.306229,2.726613]",
938,"[5.568094,1.298665,2.728206]",
939,"[5.567484,1.297611,2.723739]",
940,"[5.567219,1.297497,2.722357]",
941,"[5.565156,1.301751,2.719854]",
942,"[5.562606,1.30708,2.716877]",
943,"[5.559574,1.313428,2.713356]",
944,"[5.557579,1.317467,2.710818]",
945,"[5.556238,1.320075,2.708939]",
946,"[5.553201,1.326004,2.70472]",
947,"[5.552148,1.328065,2.703266]",
948,"[5.551024,1.330364,2.701878]",
949,"[5.550634,1.331149,2.701373]",
950,"[5.550294,1.331783,2.700852]",
951,"[5.550257,1.331816,2.700735]",
952,"[5.550221,1.331818,2.700577]",
953,"[5.550209,1.331835,2.700548]",
954,"[5.550133,1.331947,2.700386]",
955,"[5.549924,1.332445,2.700239]",
956,"[5.549799,1.332785,2.700223]",
957,"[5.549594,1.333388,2.700265]",
958,"[5.549458,1.333816,2.700337]",
959,"[5.549882,1.32925,2.694898]",
960,"[5.550365,1.32704,2.693529]",
961,"[5.553136,1.316747,2.689506]",
962,"[5.556143,1.305314,2.684715]",
963,"[5.557054,1.301422,2.682574]",
964,"[5.558142,1.29701,2.680398]",
965,"[5.558872,1.294818,2.680175]",
966,"[5.561127,1.290009,2.682653]",
967,"[5.561873,1.28777,2.682427]",
968,"[5.564235,1.281299,2.68271]",
969,"[5.518062,1.317208,2.681185]",
970,"[5.360088,1.450148,2.676359]",
971,"[5.569517,1.264227,2.680995]",
972,"[5.567222,1.264227,2.679711]",
973,"[5.561972,1.264227,2.67752]",
974,"[5.561197,1.264003,2.676453]",
975,"[5.560616,1.263597,2.674953]",
976,"[5.560556,1.263542,2.674249]",
977,"[5.277025,1.518633,2.672377]",
978,"[5.276129,1.519948,2.672038]",
979,"[5.563284,1.264227,2.671317]",
980,"[5.564232,1.264227,2.670288]",
981,"[5.564597,1.264227,2.669657]",
982,"[5.352591,1.454332,2.670481]",
983,"[5.236172,1.559063,2.671562]",
984,"[5.569495,1.264227,2.665347]",
985,"[5.570583,1.264227,2.663959]",
986,"[5.571622,1.264227,2.662669]",
987,"[5.59856,1.264227,2.669352]",
988,"[5.615212,1.264227,2.673628]",
989,"[5.669453,1.264227,2.694016]",
990,"[5.681026,1.264227,2.697143]",
991,"[5.697124,1.264227,2.700159]",
992,"[5.703181,1.264227,2.702437]",
993,"[5.713069,1.264227,2.702815]",
994,"[5.715905,1.264227,2.704798]",
995,"[5.718305,1.264227,2.706139]",
996,"[5.720471,1.264227,2.709244]",
997,"[5.721553,1.264227,2.711987]",
998,"[5.722832,1.264227,2.716073]",
999,"[5.722973,1.264227,2.72171]",
1000,"[5.738682,1.264227,2.753084]",
1001,"[5.745574,1.264227,2.766952]",
1002,"[5.749581,1.264227,2.775896]",
1003,"[5.752701,1.264227,2.789331]",
1004,"[5.752041,1.264227,2.794724]",
1005,"[5.747199,1.264227,2.801187]",
1006,"[5.742718,1.264227,2.803092]",
1007,"[5.725264,1.264227,2.804239]",
1008,"[5.710776,1.264227,2.802811]",
1009,"[5.683765,1.264227,2.797769]",
1010,"[5.669725,1.264227,2.794424]",
1011,"[5.662875,1.264227,2.792293]",
1012,"[5.656251,1.264227,2.78956]",
1013,"[5.65618,1.264227,2.789128]",
1014,"[5.663902,1.264227,2.790117]",
1015,"[5.668129,1.264227,2.790936]",
1016,"[5.694569,1.264227,2.796887]",
1017,"[5.706649,1.264227,2.800262]",
1018,"[5.713991,1.264227,2.80258]",
1019,"[5.726666,1.264227,2.807663]",
1020,"[5.731671,1.264227,2.810111]",
1021,"[5.737912,1.264227,2.814019]",
1022,"[5.312747,1.562799,2.710285]",
1023,"[5.253148,1.605644,2.696448]",
1024,"[5.259147,1.603262,2.698935]",
1025,"[5.268789,1.600006,2.702414]",
1026,"[5.273641,1.598483,2.703926]",
1027,"[5.279423,1.596343,2.705638]",
1028,"[5.303628,1.584176,2.712258]",
1029,"[5.309588,1.581764,2.713579]",
1030,"[5.552392,1.440555,2.782383]",
1031,"[5.553233,1.442863,2.780411]",
1032,"[5.553956,1.444822,2.778768]",
1033,"[5.55484,1.451374,2.766806]",
1034,"[5.567805,1.459711,2.667262]",
1035,"[5.605736,1.443677,2.656217]",
1036,"[5.640859,1.427046,2.64576]",
1037,"[5.691035,1.406027,2.631175]",
1038,"[5.711596,1.398698,2.625364]",
1039,"[5.736508,1.394101,2.618876]",
1040,"[5.754211,1.393022,2.614549]",
1041,"[5.579919,1.501134,2.620052]",
1042,"[5.573743,1.518847,2.619824]",
1043,"[5.556663,1.567832,2.618315]",
1044,"[5.547432,1.594307,2.622835]",
1045,"[5.540104,1.615322,2.624549]",
1046,"[5.95,1.732051,2.676558]",
1047,"[5.95,1.748312,2.680552]",
1048,"[5.95,1.786492,2.6854]",
1049,"[5.95,1.794943,2.689833]",
1050,"[5.95,1.810672,2.704104]",
1051,"[5.95,1.816423,2.711443]",
1052,"[5.95,1.821644,2.716892]",
1053,"[5.95,1.815894,2.727894]",
1054,"[5.95,1.800382,2.736618]",
1055,"[5.95,1.776544,2.745235]",
1056,"[5.95,1.767862,2.74702]",
1057,"[5.95,1.755254,2.747399]",
1058,"[5.95,1.751941,2.746759]",
1059,"[5.95,1.742508,2.744078]",
1060,"[5.95,1.741784,2.742924]",
1061,"[5.95,1.739731,2.741963]",
1062,"[5.95,1.73845,2.741447]",
1063,"[5.95,1.74071,2.740633]",
1064,"[5.95,1.738655,2.74167]",
1065,"[5.95,1.742603,2.74113]",
1066,"[5.95,1.7475,2.743925]",
1067,"[5.95,1.746368,2.751836]",
1068,"[5.95,1.746808,2.759132]",
1069,"[5.95,1.750188,2.804827]",
1070,"[5.95,1.752646,2.823754]",
1071,"[5.95,1.744443,2.845412]",
1072,"[5.95,1.739477,2.852265]",
1073,"[5.95,1.736092,2.860594]",
1074,"[5.95,1.729169,2.864475]",
1075,"[5.95,1.722207,2.869148]",
1076,"[5.95,1.722214,2.869939]",
1077,"[5.95,1.727195,2.869155]",
1078,"[5.95,1.7428,2.862307]",
1079,"[5.608872,1.965849,2.711219]",
1080,"[5.608872,1.969664,2.706926]",
1081,"[5.608872,1.971163,2.704253]",
1082,"[5.608872,1.972547,2.697875]",
1083,"[5.608872,1.972374,2.693536]",
1084,"[5.608872,1.970284,2.687243]",
1085,"[5.608872,1.967998,2.673105]",
1086,"[5.608872,1.959437,2.657374]",
1087,"[5.588513,1.879726,2.489876]",
1088,"[5.58836,1.879434,2.486368]",
1089,"[5.587915,1.873291,2.476168]",
1090,"[5.587643,1.870762,2.469934]",
1091,"[5.630869,1.864122,2.452795]",
1092,"[5.60541,1.864122,2.452532]",
1093,"[5.574019,1.864122,2.451828]",
1094,"[5.567281,1.861381,2.442229]",
1095,"[5.56699,1.859641,2.437255]",
1096,"[5.567488,1.854917,2.422609]",
1097,"[5.567677,1.85297,2.417188]",
1098,"[5.567961,1.850282,2.409061]",
1099,"[5.568493,1.84502,2.393836]",
1100,"[5.568945,1.840205,2.380881]",
1101,"[5.569112,1.837891,2.376113]",
1102,"[5.569325,1.835278,2.370005]",
1103,"[5.569828,1.834337,2.362719]",
1104,"[5.569922,1.834518,2.358641]",
1105,"[5.570198,1.83684,2.345024]",
1106,"[5.570538,1.839777,2.335271]",
1107,"[5.571788,1.851804,2.299465]",
1108,"[5.572362,1.857276,2.283027]",
1109,"[5.57297,1.86048,2.272415]",
1110,"[5.575872,1.863874,2.255146]",
1111,"[5.576255,1.86412,2.255172]",
1112,"[5.57628,1.864122,2.257641]",
1113,"[5.577352,1.864122,2.258188]",
1114,"[5.58145,1.864122,2.262767]",
1115,"[5.585618,1.864122,2.261995]",
1116,"[5.600439,1.864122,2.260609]",
1117,"[5.592845,1.864122,2.265213]",
1118,"[5.584879,1.864122,2.268309]",
1119,"[5.575273,1.863884,2.272758]",
1120,"[5.574796,1.863595,2.273544]",
1121,"[5.573286,1.862034,2.275273]",
1122,"[5.572703,1.859958,2.276061]",
1123,"[5.572862,1.854789,2.268724]",
1124,"[5.572785,1.852781,2.270938]",
1125,"[5.57277,1.85155,2.271361]",
1126,"[5.57277,1.850996,2.271368]",
1127,"[5.573103,1.849514,2.261811]",
1128,"[5.573722,1.847615,2.24409]",
1129,"[5.574327,1.847408,2.226755]",
1130,"[5.574631,1.841938,2.093655]",
1131,"[5.575603,1.841125,2.078542]",
1132,"[5.580223,1.842669,2.057934]",
1133,"[5.580531,1.844748,2.049108]",
1134,"[5.580799,1.846865,2.041424]",
1135,"[5.581297,1.851067,2.02716]",
1136,"[5.581285,1.851232,2.02751]",
1137,"[5.581269,1.851686,2.027963]",
1138,"[5.581269,1.851935,2.027971]",
1139,"[5.581488,1.853828,2.021699]",
1140,"[5.581709,1.855357,2.015381]",
1141,"[5.581693,1.855506,2.015836]",
1142,"[5.581872,1.856095,2.010725]",
1143,"[5.582094,1.856678,2.004351]",
1144,"[5.582541,1.857986,1.991562]",
1145,"[5.582788,1.858725,1.984466]",
1146,"[5.583214,1.859518,1.972274]",
1147,"[5.583307,1.859918,1.972116]",
1148,"[5.583847,1.860489,1.961034]",
1149,"[5.584003,1.861162,1.961691]",
1150,"[5.584139,1.861688,1.961842]",
1151,"[5.584362,1.861894,1.957011]",
1152,"[5.584565,1.861979,1.951863]",
1153,"[5.584685,1.86245,1.952029]",
1154,"[5.584898,1.862564,1.946813]",
1155,"[5.654258,1.864122,1.922406]",
1156,"[5.722243,1.864121,1.902879]",
1157,"[5.652117,1.95604,1.876905]",
1158,"[5.650562,1.967438,1.868888]",
1159,"[5.649555,1.97667,1.863693]",
1160,"[5.647941,1.985977,1.85537]",
1161,"[5.648149,1.989091,1.856441]",
1162,"[5.64839,1.992108,1.857684]",
1163,"[5.64849,1.993204,1.8582]",
1164,"[5.649201,1.996759,1.86187]",
1165,"[5.649335,1.997377,1.862558]",
1166,"[5.649643,2.000587,1.864147]",
1167,"[5.64996,2.004618,1.865783]",
1168,"[5.650098,2.00751,1.866493]",
1169,"[5.650191,2.010524,1.866975]",
1170,"[5.650179,2.005193,1.866915]",
1171,"[5.65103,1.989374,1.871301]",
1172,"[5.651695,1.979623,1.87473]",
1173,"[5.652016,1.973923,1.876384]",
1174,"[5.65108,1.966735,1.871558]",
1175,"[5.650379,1.956642,1.867945]",
1176,"[5.644519,1.917042,1.837722]",
1177,"[5.643634,1.914875,1.833156]",
1178,"[5.641624,1.921557,1.822794]",
1179,"[5.640799,1.926546,1.818536]",
1180,"[5.640575,1.926845,1.817384]",
1181,"[5.640519,1.926196,1.817095]",
1182,"[5.640718,1.927817,1.818122]",
1183,"[5.640956,1.930533,1.819349]",
1184,"[5.64128,1.931299,1.821017]",
1185,"[5.642078,1.931767,1.825135]",
1186,"[5.642473,1.931546,1.827169]",
1187,"[5.627342,1.929195,1.836722]",
1188,"[5.563183,1.920049,1.85905]",
1189,"[5.522322,1.913622,1.872993]",
1190,"[5.549077,1.914314,1.8711]",
1191,"[5.560375,1.91392,1.871652]",
1192,"[5.568892,1.912351,1.876766]",
1193,"[5.571742,1.911698,1.879333]",
1194,"[5.578938,1.896413,1.887841]",
1195,"[5.58812,1.868818,1.893305]",
1196,"[5.586136,1.860625,1.896512]",
1197,"[5.585748,1.851036,1.899711]",
1198,"[5.585706,1.848046,1.900921]",
1199,"[5.58575,1.845728,1.899668]",
1200,"[5.585812,1.843709,1.89789]",
1201,"[5.585844,1.843277,1.89697]",
1202,"[5.585977,1.842937,1.893151]",
1203,"[5.586078,1.843626,1.890275]",
1204,"[5.586165,1.844869,1.887756]",
1205,"[5.586339,1.849603,1.882807]",
1206,"[5.58642,1.852946,1.880471]",
1207,"[5.586517,1.859342,1.877684]",
1208,"[5.587289,1.862366,1.876822]",
1209,"[5.588951,1.863794,1.877071]",
1210,"[5.95,1.881353,1.775061]",
1211,"[5.95,1.882489,1.77853]",
1212,"[5.95,1.8966,1.895724]",
1213,"[5.95,1.899957,1.915317]",
1214,"[5.95,1.897263,1.934562]",
1215,"[5.95,1.896286,1.940432]",
1216,"[5.95,1.892062,1.948058]",
1217,"[5.95,1.887898,1.951374]",
1218,"[5.95,1.885715,1.953585]",
1219,"[5.95,1.884633,1.955383]",
1220,"[5.95,1.88868,1.956068]",
1221,"[5.95,1.887312,1.956977]",
1222,"[5.95,1.886547,1.956903]",
1223,"[5.95,1.886514,1.956136]",
1224,"[5.95,1.885286,1.955084]",
1225,"[5.95,1.8843,1.954018]",
1226,"[5.95,1.881274,1.952237]",
1227,"[5.95,1.880728,1.951926]",
1228,"[5.95,1.877627,1.951867]",
1229,"[5.95,1.872479,1.95165]",
1230,"[5.810956,1.864122,1.965667]",
1231,"[5.708449,1.864122,1.976374]",
1232,"[5.615058,1.864122,1.985754]",
1233,"[5.585316,1.863958,1.988465]",
1234,"[5.583319,1.86206,1.988148]",
1235,"[5.582712,1.856634,1.986668]",
1236,"[5.582736,1.853959,1.985987]",
1237,"[5.582781,1.848919,1.984689]",
1238,"[5.582799,1.847068,1.984153]",
1239,"[5.58277,1.844913,1.984978]",
1240,"[5.582747,1.84345,1.985638]",
1241,"[5.582721,1.841351,1.986397]",
1242,"[5.582721,1.838915,1.986408]",
1243,"[5.582732,1.835274,1.986088]",
1244,"[5.95,1.716308,1.87169]",
1245,"[5.95,1.694931,1.855099]",
1246,"[5.890707,1.642768,1.807667]",
1247,"[5.820771,1.642768,1.815198]",
1248,"[5.697911,1.642768,1.836854]",
1249,"[5.678825,1.642768,1.84091]",
1250,"[5.639315,1.642768,1.850679]",
1251,"[5.627502,1.640439,1.854024]",
1252,"[5.626838,1.629941,1.853465]",
1253,"[5.625884,1.606895,1.852662]",
1254,"[5.623524,1.588807,1.850675]",
1255,"[5.61996,1.557476,1.847675]",
1256,"[5.618726,1.540841,1.846636]",
1257,"[5.618701,1.514409,1.846616]",
1258,"[5.618558,1.49987,1.846495]",
1259,"[5.617434,1.499672,1.845548]",
1260,"[5.618699,1.488252,1.846613]",
1261,"[5.618645,1.489559,1.846568]",
1262,"[5.62041,1.484812,1.848054]",
1263,"[5.623818,1.46097,1.850923]",
1264,"[5.628488,1.432898,1.854853]",
1265,"[5.635879,1.405509,1.861075]",
1266,"[5.645638,1.375768,1.86929]",
1267,"[5.656916,1.324488,1.878784]",
1268,"[5.660663,1.290056,1.881938]",
1269,"[5.661554,1.272131,1.882688]",
1270,"[5.661081,1.270568,1.88229]",
1271,"[5.658948,1.272087,1.880494]",
1272,"[5.657423,1.271673,1.879211]",
1273,"[5.653887,1.269221,1.876234]",
1274,"[5.655924,1.264227,1.87894]",
1275,"[5.647064,1.264227,1.88876]",
1276,"[5.578642,1.317773,1.917262]",
1277,"[5.578642,1.313744,1.919417]",
1278,"[5.578642,1.305309,1.923053]",
1279,"[5.578642,1.299135,1.924865]",
1280,"[5.578642,1.277518,1.926692]",
1281,"[5.578642,1.263127,1.926713]",
1282,"[5.624534,1.009499,1.852639]",
1283,"[5.624534,0.9631419,1.843393]",
1284,"[5.624534,0.8256237,1.820492]",
1285,"[5.624534,0.794982,1.815887]",
1286,"[5.624534,0.7767146,1.812986]",
1287,"[5.624534,0.7745214,1.810935]",
1288,"[5.624534,0.7834985,1.810941]",
1289,"[5.624534,0.8134232,1.812463]",
1290,"[5.624534,0.8227742,1.813011]",
1291,"[5.624534,0.840856,1.816577]",
1292,"[5.624534,0.8490292,1.819154]",
1293,"[5.624534,0.8554646,1.822144]",
1294,"[5.624534,0.8606334,1.827998]",
1295,"[5.624534,0.8589166,1.830478]",
1296,"[5.624534,0.6808102,1.830332]",
1297,"[5.611285,0.6622184,1.837887]",
1298,"[5.591927,0.622529,1.848632]",
1299,"[5.576988,0.6200123,1.854945]",
1300,"[5.577214,0.5578586,1.848477]",
1301,"[5.577351,0.5355235,1.844569]",
1302,"[5.577519,0.51333,1.839734]",
1303,"[5.577816,0.4185673,1.831234]",
1304,"[5.577935,0.3920606,1.827842]",
1305,"[5.578041,0.3626785,1.824802]",
1306,"[5.57805,0.3537227,1.824533]",
1307,"[5.57807,0.3415539,1.823969]",
1308,"[5.57808,0.3383492,1.823677]",
1309,"[5.578088,0.3342018,1.823461]",
1310,"[5.578099,0.3304813,1.823129]",
1311,"[5.578082,0.3292239,1.823644]",
1312,"[5.578018,0.3236313,1.825466]",
1313,"[5.577973,0.3187208,1.826756]",
1314,"[5.577816,0.3120164,1.831257]",
1315,"[5.577768,0.3078077,1.832625]",
1316,"[5.577736,0.3040766,1.833531]",
1317,"[5.577801,0.3075813,1.831663]",
1318,"[5.577897,0.3108428,1.828922]",
1319,"[5.577944,0.3144723,1.827574]",
1320,"[5.577973,0.3164972,1.826743]",
1321,"[5.578017,0.3233056,1.825501]",
1322,"[5.577987,0.3283744,1.82634]",
1323,"[5.577968,0.3351822,1.826906]",
1324,"[5.577964,0.3397082,1.827014]",
1325,"[5.577958,0.3469839,1.827192]",
1326,"[5.57795,0.3518887,1.827392]",
1327,"[5.577941,0.3572314,1.82766]",
1328,"[5.577906,0.3674911,1.828679]",
1329,"[5.577865,0.3737327,1.829851]",
1330,"[5.577833,0.3771244,1.83076]",
1331,"[5.577825,0.3775997,1.830986]",
1332,"[5.577805,0.3779563,1.831558]",
1333,"[5.577791,0.3770496,1.831954]",
1334,"[5.577773,0.3749628,1.832488]",
1335,"[5.577759,0.3687364,1.832873]",
1336,"[5.577757,0.3609327,1.832941]",
1337,"[5.577758,0.3486274,1.8329]",
1338,"[5.577736,0.3432755,1.833535]",
1339,"[5.577644,0.3278035,1.836167]",
1340,"[5.57755,0.315204,1.838864]",
1341,"[5.577249,0.2879435,1.847496]",
1342,"[5.577109,0.2774009,1.851482]",
1343,"[5.576973,0.2664715,1.855379]",
1344,"[5.5768,0.2414354,1.860335]",
1345,"[5.576727,0.2222233,1.862436]",
1346,"[5.576568,0.2016649,1.866996]",
1347,"[5.576427,0.1921729,1.871011]",
1348,"[5.576127,0.1753322,1.879605]",
1349,"[5.576039,0.179413,1.882116]",
1350,"[5.575665,0.198552,1.89286]",
1351,"[5.575417,0.2038281,1.899955]",
1352,"[5.575198,0.2030134,1.906224]",
1353,"[5.574958,0.2052172,1.913088]",
1354,"[5.574908,0.2164342,1.914518]",
1355,"[5.574901,0.2527422,1.914728]",
1356,"[5.574915,0.273701,1.914315]",
1357,"[5.574978,0.2953708,1.912523]",
1358,"[5.575005,0.3011371,1.911734]",
1359,"[5.575038,0.30774,1.910801]",
1360,"[5.575027,0.3082343,1.911111]",
1361,"[5.57509,0.3140559,1.909293]",
1362,"[5.575209,0.3383901,1.905914]",
1363,"[5.575262,0.3536431,1.904379]",
1364,"[5.575341,0.369341,1.902124]",
1365,"[5.57537,0.3787896,1.901286]",
1366,"[5.575411,0.3919541,1.900106]",
1367,"[5.575407,0.3929456,1.900248]",
1368,"[5.582451,0.3723117,1.899087]",
1369,"[5.582427,0.3721791,1.899781]",
1370,"[5.582398,0.3717803,1.900603]",
1371,"[5.582338,0.3707607,1.902314]",
1372,"[5.582317,0.3693079,1.902924]",
1373,"[5.582296,0.3615906,1.903512]",
1374,"[5.582286,0.3576856,1.903802]",
1375,"[5.582254,0.3496968,1.904717]",
1376,"[5.582235,0.3435857,1.905268]",
1377,"[5.582213,0.3291638,1.905912]",
1378,"[5.582209,0.3227066,1.906016]",
1379,"[5.582234,0.3172718,1.905302]",
1380,"[5.582317,0.3040668,1.902914]",
1381,"[5.582413,0.2945865,1.900179]",
1382,"[5.570821,0.3210969,1.894671]",
1383,"[5.556787,0.3678606,1.892268]",
1384,"[5.536865,0.4395529,1.889479]",
1385,"[5.526288,0.4777538,1.888738]",
1386,"[5.500694,0.5762536,1.895481]",
1387,"[5.490964,0.622529,1.89959]",
1388,"[5.557513,0.4080001,1.880953]",
1389,"[5.524733,0.5273285,1.891157]",
1390,"[5.524825,0.5272717,1.891282]",
1391,"[5.524743,0.5270182,1.891823]",
1392,"[5.524792,0.5269589,1.891952]",
1393,"[5.524933,0.5269828,1.891905]",
1394,"[5.524817,0.5274467,1.890906]",
1395,"[5.521231,0.5282719,1.88901]",
1396,"[5.516953,0.5287505,1.887834]",
1397,"[5.499379,0.5337387,1.876516]",
1398,"[5.47806,0.5381353,1.866337]",
1399,"[5.467052,0.5388559,1.864407]",
1400,"[5.445151,0.5385632,1.86427]",
1401,"[5.434384,0.5378786,1.865363]",
1402,"[5.415561,0.5362629,1.868173]",
1403,"[5.406025,0.5351321,1.870266]",
1404,"[5.390304,0.530529,1.879595]",
1405,"[5.377775,0.4080001,1.903998]",
1406,"[5.36556,0.4080001,1.915477]",
1407,"[5.345764,0.4080001,1.929136]",
1408,"[5.339248,0.4080001,1.932267]",
1409,"[5.33031,0.4080001,1.934029]",
1410,"[5.325588,0.4080001,1.935362]",
1411,"[5.316187,0.4080001,1.938169]",
1412,"[5.304361,0.4080001,1.943832]",
1413,"[5.297228,0.4080001,1.947279]",
1414,"[5.288229,0.4080001,1.953678]",
1415,"[5.283462,0.4080001,1.957624]",
1416,"[5.279179,0.0999999,1.978847]",
1417,"[5.276511,0.1,1.98156]",
1418,"[5.268301,0.0999999,1.988717]",
1419,"[5.264673,0.1,1.990459]",
1420,"[5.258907,0.1,1.993315]",
1421,"[5.247915,0.1,1.99955]",
1422,"[5.244773,0.1,1.999416]",
1423,"[5.235828,0.1,2.002119]",
1424,"[5.233698,0.1,2.001228]",
1425,"[5.2314,0.1,1.999796]",
1426,"[5.23095,0.1,2.000188]",
1427,"[5.229523,0.1,1.996726]",
1428,"[5.229784,0.1,1.994081]",
1429,"[5.230595,0.1,1.986594]",
1430,"[5.24006,0.1,1.97466]",
1431,"[5.245733,0.1000001,1.970456]",
1432,"[5.256939,0.1,1.959903]",
1433,"[5.262215,0.2091264,1.961532]",
1434,"[5.270657,0.3478605,1.961827]",
1435,"[5.273779,0.37726,1.961936]",
1436,"[5.28794,0.4080001,1.957093]",
1437,"[5.292111,0.4080001,1.95251]",
1438,"[5.295112,0.4080001,1.949135]",
1439,"[5.298868,0.4080001,1.93703]",
1440,"[5.300364,0.4080001,1.932421]",
1441,"[5.301435,0.4080001,1.9243]",
1442,"[5.302253,0.4080001,1.92147]",
1443,"[5.304169,0.4080001,1.916816]",
1444,"[5.305009,0.4080001,1.914993]",
1445,"[5.306937,0.4080001,1.911669]",
1446,"[5.307924,0.4080001,1.910519]",
1447,"[5.308414,0.4080001,1.91033]",
1448,"[5.309801,0.4080001,1.910228]",
1449,"[5.310161,0.4080001,1.910242]",
1450,"[5.31168,0.4080001,1.911776]",
1451,"[5.312891,0.4080001,1.913428]",
1452,"[5.314815,0.4080001,1.916205]",
1453,"[5.315662,0.4080001,1.917449]",
1454,"[5.316462,0.4080001,1.918422]",
1455,"[5.318132,0.4080001,1.919718]",
1456,"[5.318884,0.4080001,1.92012]",
1457,"[5.320263,0.4080001,1.919893]",
1458,"[5.321028,0.4080001,1.918989]",
1459,"[5.321739,0.4080001,1.916813]",
1460,"[5.322352,0.4080001,1.915113]",
1461,"[5.322501,0.4080001,1.912925]",
1462,"[5.321804,0.4080001,1.912158]",
1463,"[5.320986,0.4080001,1.911074]",
1464,"[5.320004,0.4080001,1.910266]",
1465,"[5.320083,0.4080001,1.909248]",
1466,"[5.320667,0.4080001,1.910169]",
1467,"[5.320867,0.4080001,1.911878]",
1468,"[5.320635,0.4080001,1.914315]",
1469,"[5.319541,0.4080001,1.915899]",
1470,"[5.318589,0.4080001,1.917177]",
1471,"[5.31674,0.4080001,1.922136]",
1472,"[5.31539,0.4080001,1.926133]",
1473,"[5.314912,0.4080001,1.927654]",
1474,"[5.314585,0.4080001,1.929017]",
1475,"[5.31413,0.4080001,1.931479]",
1476,"[5.313898,0.4080001,1.932595]",
1477,"[5.313121,0.4080001,1.934296]",
1478,"[5.312726,0.4080001,1.934821]",
1479,"[5.312165,0.4080001,1.935459]",
1480,"[5.311554,0.4080001,1.936597]",
1481,"[5.311313,0.4080001,1.93734]",
1482,"[5.310807,0.4080001,1.938054]",
1483,"[5.310504,0.4080001,1.938178]",
1484,"[5.309943,0.4080001,1.938388]",
1485,"[5.309629,0.4080001,1.938332]",
1486,"[5.309192,0.4080001,1.937264]",
1487,"[5.309057,0.4080001,1.937464]",
1488,"[5.308963,0.4080001,1.937537]",
1489,"[5.309105,0.4080001,1.936452]",
1490,"[5.309393,0.4080001,1.935331]",
1491,"[5.301194,0.4080001,1.912542]",
1492,"[5.29565,0.4080001,1.903174]",
1493,"[5.288186,0.4080001,1.892547]",
1494,"[5.285416,0.4080001,1.889793]",
1495,"[5.281204,0.4080001,1.887023]",
1496,"[5.278835,0.4080001,1.886221]",
1497,"[5.276012,0.4080001,1.885755]",
1498,"[5.273005,0.4080001,1.882642]",
1499,"[5.273049,0.4080001,1.880055]",
1500,"[5.272753,0.4080001,1.875177]",
1501,"[5.27195,0.4080001,1.872451]",
1502,"[5.270932,0.1,1.795741]",
1503,"[5.270041,0.1000001,1.794332]",
1504,"[5.269785,0.1,1.794109]",
1505,"[5.269367,0.1,1.793676]",
1506,"[5.268844,0.1,1.793436]",
1507,"[5.267269,0.1,1.793128]",
1508,"[5.266298,0.1,1.79294]",
1509,"[5.265128,0.1,1.794469]",
1510,"[5.264123,0.1000001,1.795292]",
1511,"[5.262156,0.1,1.801386]",
1512,"[5.261663,0.1,1.804087]",
1513,"[5.266593,0.4080001,1.870859]",
1514,"[5.266148,0.4080001,1.874988]",
1515,"[5.265604,0.4080001,1.876649]",
1516,"[5.264827,0.4080001,1.883401]",
1517,"[5.264397,0.4080001,1.886633]",
1518,"[5.264524,0.4080001,1.891889]",
1519,"[5.265222,0.4080001,1.894747]",
1520,"[5.26596,0.4080001,1.896856]",
1521,"[5.268745,0.4080001,1.899344]",
1522,"[5.269076,0.4080001,1.896077]",
1523,"[5.269135,0.4080001,1.891964]",
1524,"[5.268742,0.4080001,1.890176]",
1525,"[5.268091,0.4080001,1.887445]",
1526,"[5.267631,0.4080001,1.88586]",
1527,"[5.266923,0.4080001,1.883362]",
1528,"[5.266658,0.4080001,1.882588]",
1529,"[5.26563,0.4080001,1.882086]",
1530,"[5.264783,0.4080001,1.881958]",
1531,"[5.263835,0.4080001,1.881899]",
1532,"[5.261522,0.4080001,1.881733]",
1533,"[5.260528,0.4080001,1.881566]",
1534,"[5.258533,0.4080001,1.881134]",
1535,"[5.257397,0.4080001,1.880953]",
1536,"[5.256893,0.4080001,1.880691]",
1537,"[5.256831,0.4080001,1.8806]",
1538,"[5.256884,0.4080001,1.880579]",
1539,"[5.257151,0.4080001,1.880323]",
1540,"[5.257303,0.4080001,1.88029]",
1541,"[5.257906,0.4080001,1.879951]",
1542,"[5.258102,0.4080001,1.879513]",
1543,"[5.258075,0.4080001,1.879046]",
1544,"[5.257872,0.4080001,1.878723]",
1545,"[5.257454,0.4080001,1.878437]",
1546,"[5.256085,0.4080001,1.878236]",
1547,"[5.255778,0.4080001,1.878138]",
1548,"[5.254749,0.4080001,1.878136]",
1549,"[5.255391,0.4080001,1.885762]",
1550,"[5.25514,0.4080001,1.893545]",
1551,"[5.255124,0.4080001,1.896381]",
1552,"[5.255423,0.4080001,1.898389]",
1553,"[5.257077,0.4080001,1.900653]",
1554,"[5.259045,0.4080001,1.901337]",
1555,"[5.263837,0.4080001,1.902314]",
1556,"[5.26576,0.4080001,1.90245]",
1557,"[5.268934,0.4080001,1.902025]",
1558,"[5.270418,0.4080001,1.901355]",
1559,"[5.272892,0.4080001,1.899495]",
1560,"[5.274438,0.4080001,1.897783]",
1561,"[5.276299,0.4080001,1.893562]",
1562,"[5.271094,0.4080001,1.875596]",
1563,"[5.252401,0.1,1.801355]",
1564,"[5.268623,0.5283992,1.879916]",
1565,"[5.268253,0.5299313,1.876615]",
1566,"[5.270029,0.5315322,1.873242]",
1567,"[5.271895,0.5319054,1.872506]",
1568,"[5.27528,0.5327981,1.870709]",
1569,"[5.276128,0.5323541,1.871691]",
1570,"[5.276136,0.5315369,1.873445]",
1571,"[5.275615,0.5310216,1.874532]",
1572,"[5.274027,0.5300434,1.876576]",
1573,"[5.270509,0.5284972,1.879771]",
1574,"[5.26859,0.5278272,1.881142]",
1575,"[5.266799,0.5528711,1.888488]",
1576,"[5.228106,0.1,1.812076]",
1577,"[5.22487,0.0999999,1.814917]",
1578,"[5.264482,0.6159276,1.906948]",
1579,"[5.262686,0.621647,1.912134]",
1580,"[5.261819,0.6231291,1.914938]",
1581,"[5.264973,0.6326589,1.920249]",
1582,"[5.271559,0.6457232,1.924455]",
1583,"[5.275431,0.652269,1.925591]",
1584,"[5.281567,0.6622483,1.922466]",
1585,"[5.283195,0.6732349,1.921973]",
1586,"[5.284523,0.6900626,1.92266]",
1587,"[5.288484,0.766047,1.930957]",
1588,"[5.290062,0.7951396,1.93444]",
1589,"[5.292787,0.8522624,1.939378]",
1590,"[5.294768,0.8850586,1.943099]",
1591,"[5.29753,0.9425305,1.949393]",
1592,"[5.298453,0.9676934,1.952193]",
1593,"[5.299754,1.011632,1.957131]",
1594,"[5.30017,1.032343,1.959503]",
1595,"[5.299656,1.066008,1.963341]",
1596,"[5.298157,1.053542,1.961851]",
1597,"[5.283866,0.4080001,1.884978]",
1598,"[5.282403,0.4080001,1.884373]",
1599,"[5.275539,0.4080001,1.871255]",
1600,"[5.259381,0.1,1.811666]",
1601,"[5.257168,0.1,1.806249]",
1602,"[5.255054,0.1,1.79724]",
1603,"[5.256118,0.1,1.793616]",
1604,"[5.259544,0.0999999,1.787167]",
1605,"[5.261865,0.1,1.784408]",
1606,"[5.26884,0.1,1.777164]",
1607,"[5.272412,0.1,1.774794]",
1608,"[5.276484,0.1,1.7724]",
1609,"[5.282568,0.1,1.769048]",
1610,"[5.285508,0.1,1.767653]",
1611,"[5.28701,0.1,1.767135]",
1612,"[5.286947,0.1,1.767231]",
1613,"[5.286886,0.1,1.76732]",
1614,"[5.283696,0.1,1.769701]",
1615,"[5.282394,0.0999999,1.770671]",
1616,"[5.280325,0.0999999,1.772153]",
1617,"[5.278421,0.1,1.773529]",
1618,"[5.276271,0.1000001,1.774999]",
1619,"[5.274819,0.1,1.77563]",
1620,"[5.264904,0.1,1.781896]",
1621,"[5.256098,0.1,1.786523]",
1622,"[5.242673,0.1,1.790415]",
1623,"[5.239031,0.1,1.789506]",
1624,"[5.23687,0.1,1.789658]",
1625,"[5.229887,0.0999999,1.788694]",
1626,"[5.225751,0.1,1.789747]",
1627,"[5.213515,0.1,1.801201]",
1628,"[5.209468,0.1,1.808638]",
1629,"[5.201647,0.0999999,1.82492]",
1630,"[5.201356,0.0999999,1.831175]",
1631,"[5.201808,0.1,1.836623]",
1632,"[5.205339,0.0999999,1.843925]",
1633,"[5.207108,0.1000001,1.846348]",
1634,"[5.210325,0.1,1.851398]",
1635,"[5.211221,0.1000001,1.853462]",
1636,"[5.211655,0.1,1.856069]",
1637,"[5.21244,0.1,1.855583]",
1638,"[5.21525,0.1,1.852782]",
1639,"[5.21757,0.0999999,1.849937]",
1640,"[5.223227,0.1,1.84188]",
1641,"[5.225553,0.1000001,1.838299]",
1642,"[5.22675,0.1,1.835571]",
1643,"[5.227494,0.1000001,1.831558]",
1644,"[5.224967,0.0999999,1.831698]",
1645,"[5.220263,0.1,1.83373]",
1646,"[5.218341,0.1,1.835812]",
1647,"[5.215682,0.1000001,1.839357]",
1648,"[5.211994,0.1000001,1.84497]",
1649,"[5.210336,0.1,1.847797]",
1650,"[5.20812,0.0999999,1.851852]",
1651,"[5.206274,0.1,1.854548]",
1652,"[5.202105,0.1,1.863274]",
1653,"[5.200054,0.1000001,1.868495]",
1654,"[5.195208,0.2854281,1.868286]",
1655,"[5.192943,0.3519994,1.868207]",
1656,"[5.188769,0.4080001,1.871071]",
1657,"[5.188273,0.4080001,1.872875]",
1658,"[5.187726,0.4080001,1.87455]",
1659,"[5.186648,0.4080001,1.877347]",
1660,"[5.186255,0.4080001,1.878374]",
1661,"[5.186816,0.4080001,1.879707]",
1662,"[5.187372,0.4080001,1.879741]",
1663,"[5.189512,0.4080001,1.873456]",
1664,"[5.191189,0.4080001,1.869123]",
1665,"[5.193013,0.356728,1.86821]",
1666,"[5.193651,0.3319652,1.868232]",
1667,"[5.193828,0.3390526,1.868238]",
1668,"[5.192092,0.3679338,1.868177]",
1669,"[5.190883,0.3808323,1.868135]",
1670,"[5.189186,0.4026106,1.868076]",
1671,"[5.188074,0.4080001,1.869138]",
1672,"[5.187209,0.4080001,1.871434]",
1673,"[5.185945,0.4080001,1.872884]",
1674,"[5.185508,0.4080001,1.872985]",
1675,"[5.184882,0.4080001,1.873144]",
1676,"[5.184554,0.4080001,1.873317]",
1677,"[5.1839,0.4080001,1.873708]",
1678,"[5.183467,0.4080001,1.873789]",
1679,"[5.184826,0.4080001,1.871989]",
1680,"[5.185914,0.4080001,1.870752]",
1681,"[5.187114,0.4080001,1.869557]",
1682,"[5.187338,0.4080001,1.869919]",
1683,"[5.187536,0.4080001,1.870514]",
1684,"[5.19831,0.4080001,1.893539]",
1685,"[5.202348,0.4080001,1.901881]",
1686,"[5.217311,0.4080001,1.927204]",
1687,"[5.22146,0.4080001,1.93222]",
1688,"[5.225878,0.4080001,1.936159]",
1689,"[5.227301,0.4080001,1.937946]",
1690,"[5.22789,0.4080001,1.940827]",
1691,"[5.22738,0.4080001,1.942117]",
1692,"[5.227243,0.4080001,1.942439]",
1693,"[5.227074,0.4080001,1.94289]",
1694,"[5.229047,0.4080001,1.94329]",
1695,"[5.230618,0.4080001,1.943627]",
1696,"[5.230505,0.4080001,1.943605]",
1697,"[5.229983,0.4080001,1.943607]",
1698,"[5.229666,0.4080001,1.943878]",
1699,"[5.229543,0.4080001,1.944328]",
1700,"[5.233819,0.4080001,1.947555]",
1701,"[5.235824,0.4080001,1.949403]",
1702,"[5.239171,0.4080001,1.952625]",
1703,"[5.240936,0.4080001,1.954071]",
1704,"[5.242462,0.4080001,1.955093]",
1705,"[5.244765,0.4080001,1.955622]",
1706,"[5.244884,0.4080001,1.955103]",
1707,"[5.252044,0.4080001,1.952974]",
1708,"[5.258779,0.1,2.022691]",
1709,"[5.263702,0.459372,1.942797]",
1710,"[5.273102,0.0999999,2.024446]",
1711,"[5.27492,0.1,2.023215]",
1712,"[5.276427,0.1,2.021783]",
1713,"[5.278803,0.1,2.018976]",
1714,"[5.280362,0.1,2.017524]",
1715,"[5.277971,0.4956629,1.935201]",
1716,"[5.283074,0.5016999,1.935277]",
1717,"[5.286189,0.50653,1.932256]",
1718,"[5.293284,0.5182045,1.929541]",
1719,"[5.294933,0.5253425,1.927159]",
1720,"[5.300004,0.5478161,1.925141]",
1721,"[5.303729,0.5613136,1.926033]",
1722,"[5.30729,0.5919997,1.923102]",
1723,"[5.313078,0.5734367,1.928942]",
1724,"[5.349342,0.1,1.997357]",
1725,"[5.351659,0.1,1.993366]",
1726,"[5.355733,0.1,1.990334]",
1727,"[5.358935,0.1,1.990319]",
1728,"[5.359905,0.1,1.99214]",
1729,"[5.346457,0.1,2.001854]",
1730,"[5.337306,0.0999999,2.001567]",
1731,"[5.330743,0.1,2.002742]",
1732,"[5.327136,0.1,2.001616]",
1733,"[5.324573,0.1,2.001128]",
1734,"[5.312013,0.1,1.994496]",
1735,"[5.308341,0.1,1.992945]",
1736,"[5.304249,0.1,1.990844]",
1737,"[5.302125,0.1,1.988424]",
1738,"[5.29237,0.1,1.973331]",
1739,"[5.285725,0.1,1.962209]",
1740,"[5.276471,0.1,1.944843]",
1741,"[5.272571,0.0999999,1.938019]",
1742,"[5.267996,0.1,1.932767]",
1743,"[5.260493,0.0999999,1.924343]",
1744,"[5.256977,0.1,1.920013]",
1745,"[5.251423,0.1,1.907859]",
1746,"[5.249644,0.1,1.900062]",
1747,"[5.25506,0.1,1.884064]",
1748,"[5.257585,0.0999999,1.878668]",
1749,"[5.260869,0.1,1.874224]",
1750,"[5.287572,0.9366118,1.952616]",
1751,"[5.287527,0.8999449,1.948215]",
1752,"[5.283244,0.408,1.889249]",
1753,"[5.28502,0.408,1.88852]",
1754,"[5.285191,0.408,1.888562]",
1755,"[5.283279,0.408,1.890598]",
1756,"[5.281022,0.408,1.892568]",
1757,"[5.281414,0.408,1.891662]",
1758,"[5.284227,0.408,1.887993]",
1759,"[5.302805,0.1,1.820753]",
1760,"[5.301585,0.5308539,1.875799]",
1761,"[5.3108,0.5389537,1.85874]",
1762,"[5.311598,0.5399872,1.85655]",
1763,"[5.30939,0.5358753,1.865297]",
1764,"[5.307434,0.5305719,1.876608]",
1765,"[5.310524,0.408,1.875156]",
1766,"[5.293037,0.408,1.929573]",
1767,"[5.285555,0.408,1.950014]",
1768,"[5.278402,0.3088699,1.962097]",
1769,"[5.274803,0.3171927,1.961972]",
1770,"[5.261035,0.408,1.949451]",
1771,"[5.254706,0.408,1.937691]",
1772,"[5.24602,0.408,1.907912]",
1773,"[5.245001,0.408,1.902001]",
1774,"[5.244553,0.408,1.898243]",
1775,"[5.239574,0.408,1.892362]",
1776,"[5.235466,0.408,1.889549]",
1777,"[5.224717,0.408,1.886179]",
1778,"[5.219816,0.408,1.884549]",
1779,"[5.224432,0.5571003,1.903173]",
1780,"[5.227961,0.622529,1.910252]",
1781,"[5.202247,0.1,1.812975]",
1782,"[5.205741,0.1,1.808841]",
1783,"[5.20978,0.1,1.806237]",
1784,"[5.21069,0.1,1.80733]",
1785,"[5.211061,0.1,1.809668]",
1786,"[5.206306,0.1,1.813765]",
1787,"[5.200239,0.1,1.81679]",
1788,"[5.196794,0.1,1.822084]",
1789,"[5.200346,0.1,1.824709]",
1790,"[5.332691,0.1,1.918323]",
1791,"[5.355185,0.1,1.936406]",
1792,"[5.436104,0.5538698,2.041501]",
1793,"[5.465027,0.555949,2.065363]",
1794,"[5.478422,0.5483022,2.076103]",
1795,"[5.575074,0.2223295,2.080964]",
1796,"[5.574924,0.2440244,2.085272]",
1797,"[5.574739,0.255532,2.090559]",
1798,"[5.57458,0.2593171,2.095099]",
1799,"[5.57457,0.2603644,2.095386]",
1800,"[5.574582,0.2543681,2.095055]",
1801,"[5.574606,0.2493217,2.094346]",
1802,"[5.574654,0.250636,2.092987]",
1803,"[5.574676,0.260429,2.092376]",
1804,"[5.574903,0.2957512,2.085846]",
1805,"[5.57492,0.3133731,2.085376]",
1806,"[5.574882,0.3305785,2.086466]",
1807,"[5.575089,0.3939891,2.109896]",
1808,"[5.574635,0.4216786,2.122891]",
1809,"[5.572784,0.4535207,2.175879]",
1810,"[5.572223,0.4545658,2.191951]",
1811,"[5.571442,0.4454286,2.214337]",
1812,"[5.571161,0.432175,2.222386]",
1813,"[5.570723,0.410861,2.234931]",
1814,"[5.570499,0.3986586,2.241319]",
1815,"[5.570285,0.3875844,2.247445]",
1816,"[5.570117,0.3710336,2.252273]",
1817,"[5.570125,0.3653229,2.252032]",
1818,"[5.569756,0.3416409,2.262627]",
1819,"[5.569521,0.3300986,2.269334]",
1820,"[5.568879,0.3500907,2.287725]",
1821,"[5.568393,0.3633872,2.301634]",
1822,"[5.568009,0.3726676,2.312629]",
1823,"[5.56744,0.3821017,2.32894]",
1824,"[5.567387,0.3969105,2.330444]",
1825,"[5.563923,0.4266669,2.331865]",
1826,"[5.557522,0.4491448,2.33181]",
1827,"[5.519302,0.5541902,2.330627]",
1828,"[5.503382,0.593998,2.329252]",
1829,"[5.548376,0.4609392,2.317145]",
1830,"[5.547662,0.4543587,2.309041]",
1831,"[5.545224,0.4405935,2.292056]",
1832,"[5.548289,0.4344041,2.284563]",
1833,"[5.551135,0.4282249,2.277076]",
1834,"[5.560066,0.4187199,2.265718]",
1835,"[5.56447,0.4145119,2.260706]",
1836,"[5.694847,0.1000001,2.213452]",
1837,"[5.700046,0.1,2.212572]",
1838,"[5.704721,0.1,2.215401]",
1839,"[5.705698,0.1,2.21765]",
1840,"[5.7066,0.1,2.220025]",
1841,"[5.707529,0.1,2.223199]",
1842,"[5.707764,0.1,2.224428]",
1843,"[5.70792,0.1,2.226339]",
1844,"[5.707888,0.1000001,2.227142]",
1845,"[5.570682,0.1,2.266038]",
1846,"[5.403751,0.4817805,2.337682]",
1847,"[5.376422,0.4923371,2.351776]",
1848,"[5.371205,0.4875318,2.355513]",
1849,"[5.366182,0.4841111,2.358127]",
1850,"[5.361234,0.4783601,2.362644]",
1851,"[5.358935,0.4746255,2.365609]",
1852,"[5.356536,0.4677816,2.371106]",
1853,"[5.355779,0.4644207,2.373821]",
1854,"[5.354621,0.4660713,2.372434]",
1855,"[5.353639,0.4677377,2.371041]",
1856,"[5.35246,0.4693133,2.369715]",
1857,"[5.344391,0.4759903,2.363988]",
1858,"[5.339381,0.4797114,2.360779]",
1859,"[5.332066,0.4863009,2.35515]",
1860,"[5.329651,0.4886883,2.353118]",
1861,"[5.32682,0.4933508,2.349217]",
1862,"[5.326633,0.4918622,2.347367]",
1863,"[5.326868,0.4908629,2.346148]",
1864,"[5.328764,0.4891388,2.344098]",
1865,"[5.330603,0.4883663,2.343213]",
1866,"[5.334827,0.4873545,2.342119]",
1867,"[5.337675,0.4869759,2.341753]",
1868,"[5.344007,0.4861247,2.340929]",
1869,"[5.345622,0.4853486,2.340033]",
1870,"[5.353484,0.4690313,2.320274]",
1871,"[5.356879,0.4603167,2.309693]",
1872,"[5.357567,0.4484704,2.295173]",
1873,"[5.357983,0.4451136,2.291066]",
1874,"[5.357863,0.4435613,2.289156]",
1875,"[5.356091,0.4402371,2.285013]",
1876,"[5.353952,0.438977,2.283391]",
1877,"[5.343677,0.4371768,2.280822]",
1878,"[5.337598,0.4364838,2.279759]",
1879,"[5.328795,0.4342265,2.27668]",
1880,"[5.327157,0.4335449,2.275786]",
1881,"[5.326208,0.4329174,2.274983]",
1882,"[5.329497,0.4324486,2.274522]",
1883,"[5.333942,0.4328229,2.275137]",
1884,"[5.341771,0.4361893,2.279543]",
1885,"[5.341898,0.438851,2.282816]",
1886,"[5.338002,0.4441195,2.289148]",
1887,"[5.333302,0.4458518,2.291111]",
1888,"[5.322659,0.4462013,2.291168]",
1889,"[5.317444,0.4455042,2.29013]",
1890,"[5.313367,0.4448784,2.289219]",
1891,"[5.307627,0.4437543,2.287639]",
1892,"[5.307411,0.4172533,2.282132]",
1893,"[5.307746,0.1,2.214964]",
1894,"[5.308612,0.1,2.215104]",
1895,"[5.309691,0.1,2.214696]",
1896,"[5.309857,0.1,2.213936]",
1897,"[5.308495,0.1,2.210203]",
1898,"[5.307022,0.1,2.207303]",
1899,"[5.30588,0.1,2.204307]",
1900,"[5.315728,0.5509199,2.299441]",
1901,"[5.318379,0.5690889,2.302161]",
1902,"[5.324203,0.614379,2.310349]",
1903,"[5.326903,0.6384964,2.315016]",
1904,"[5.332702,0.6773224,2.322268]",
1905,"[5.330845,0.1,2.194298]",
1906,"[5.334561,0.1,2.19492]",
1907,"[5.348864,0.1,2.186661]",
1908,"[5.354642,0.1,2.182501]",
1909,"[5.36151,0.1,2.173851]",
1910,"[5.362919,0.1,2.16972]",
1911,"[5.362866,0.0999999,2.158834]",
1912,"[5.36178,0.1,2.154158]",
1913,"[5.358567,0.1,2.144902]",
1914,"[5.35603,0.1,2.13974]",
1915,"[5.335674,0.1,2.127378]",
1916,"[5.324969,0.1,2.12272]",
1917,"[5.315615,0.1,2.11984]",
1918,"[5.301152,0.1,2.116357]",
1919,"[5.289384,0.1,2.114773]",
1920,"[5.275252,0.1,2.11357]",
1921,"[5.27064,0.1,2.113441]",
1922,"[5.267949,0.1,2.114276]",
1923,"[5.266661,0.1,2.114543]",
1924,"[5.265896,0.1,2.115086]",
1925,"[5.264462,0.1,2.116474]",
1926,"[5.263714,0.1,2.11718]",
1927,"[5.268388,0.1,2.112835]",
1928,"[5.271867,0.0999999,2.109265]",
1929,"[5.276981,0.1,2.1037]",
1930,"[5.278564,0.1,2.101614]",
1931,"[5.282557,0.1000001,2.09841]",
1932,"[5.285128,0.1,2.096088]",
1933,"[5.287118,0.1,2.094421]",
1934,"[5.285532,0.1,2.088799]",
1935,"[5.285067,0.1,2.086675]",
1936,"[5.278576,0.1,2.079822]",
1937,"[5.275812,0.1000001,2.0772]",
1938,"[5.271705,0.1,2.073443]",
1939,"[5.269697,0.1,2.071705]",
1940,"[5.268384,0.1,2.070547]",
1941,"[5.266361,0.1,2.068098]",
1942,"[5.264982,0.1,2.066488]",
1943,"[5.26304,0.1,2.064647]",
1944,"[5.262392,0.1,2.06374]",
1945,"[5.317062,0.7365381,2.243398]",
1946,"[5.31557,0.7362425,2.247168]",
1947,"[5.312983,0.678843,2.285428]",
1948,"[5.306314,0.5970557,2.281995]",
1949,"[5.285113,0.1000001,2.248569]",
1950,"[5.293839,0.1,2.286638]",
1951,"[5.295724,0.0999999,2.29915]",
1952,"[5.310268,0.4926683,2.347785]",
1953,"[5.308916,0.4871485,2.35365]",
1954,"[5.311465,0.487287,2.353626]",
1955,"[5.316523,0.4842027,2.356318]",
1956,"[5.316013,0.4790895,2.36047]",
1957,"[5.318624,0.4725002,2.365935]",
1958,"[5.321533,0.4708364,2.367393]",
1959,"[5.32206,0.4626939,2.374052]",
1960,"[5.321341,0.4573815,2.378359]",
1961,"[5.329538,0.1,2.343629]",
1962,"[5.330687,0.1,2.343809]",
1963,"[5.329466,0.1,2.341412]",
1964,"[5.328482,0.1,2.339964]",
1965,"[5.326196,0.1,2.335685]",
1966,"[5.324841,0.0999999,2.332658]",
1967,"[5.308605,0.4608279,2.375103]",
1968,"[5.308268,0.4638195,2.372652]",
1969,"[5.308119,0.4661925,2.370712]",
1970,"[5.30704,0.4693555,2.368094]",
1971,"[5.306146,0.4702957,2.367297]",
1972,"[5.302914,0.469559,2.367785]",
1973,"[5.300895,0.4677919,2.369155]",
1974,"[5.302755,0.4674594,2.369491]",
1975,"[5.301844,0.4649681,2.371491]",
1976,"[5.300704,0.4619164,2.37394]",
1977,"[5.297536,0.4576257,2.377328]",
1978,"[5.29753,0.4575228,2.377412]",
1979,"[5.253469,0.1,2.308771]",
1980,"[5.24177,0.0999999,2.306833]",
1981,"[5.226357,0.622529,2.408322]",
1982,"[5.223145,0.622529,2.409034]",
1983,"[5.220474,0.622529,2.409717]",
1984,"[5.219357,0.1,2.296836]",
1985,"[5.218787,0.1,2.295378]",
1986,"[5.2194,0.0999999,2.293705]",
1987,"[5.220508,0.1,2.293438]",
1988,"[5.22626,0.1,2.292643]",
1989,"[5.230802,0.1,2.291922]",
1990,"[5.243303,0.1,2.29049]",
1991,"[5.250427,0.1,2.290224]",
1992,"[5.271989,0.1,2.292674]",
1993,"[5.301878,0.1,2.298223]",
1994,"[5.483865,0.2097534,2.40777]",
1995,"[5.507605,0.2556768,2.428704]",
1996,"[5.518236,0.2652826,2.434358]",
1997,"[5.521585,0.3057241,2.443526]",
1998,"[5.521461,0.3207292,2.447064]",
1999,"[5.52134,0.3411425,2.450538]",
2000,"[5.521191,0.3665486,2.454806]",
2001,"[5.521136,0.3780397,2.456371]",
2002,"[5.521083,0.397907,2.457903]",
2003,"[5.521061,0.4066569,2.458511]",
2004,"[5.520975,0.4250688,2.460993]",
2005,"[5.520895,0.4354484,2.46329]",
2006,"[5.520494,0.4616624,2.47478]",
2007,"[5.520307,0.4715693,2.480134]",
2008,"[5.520135,0.4799125,2.485038]",
2009,"[5.519805,0.492483,2.494498]",
2010,"[5.519601,0.5006992,2.500329]",
2011,"[5.519072,0.5227954,2.515504]",
2012,"[5.53918,0.5245932,2.545001]",
2013,"[5.537843,0.5724601,2.583306]",
2014,"[5.537457,0.5848028,2.594337]",
2015,"[5.537172,0.5933068,2.602518]",
2016,"[5.536807,0.6026062,2.612977]",
2017,"[5.536731,0.6031483,2.615141]",
2018,"[5.536561,0.6046407,2.620028]",
2019,"[5.536555,0.6053842,2.620172]",
2020,"[5.536492,0.6052195,2.621976]",
2021,"[5.536423,0.6038976,2.623974]",
2022,"[5.536303,0.6006399,2.627419]",
2023,"[5.536229,0.5992485,2.629516]",
2024,"[5.536165,0.5972519,2.631353]",
2025,"[5.536034,0.5927684,2.635116]",
2026,"[5.535976,0.5904118,2.636751]",
2027,"[5.535849,0.586049,2.640412]",
2028,"[5.535783,0.5844076,2.642297]",
2029,"[5.535258,0.5939315,2.657323]",
2030,"[5.531533,0.6019055,2.661399]",
2031,"[5.5193,0.622529,2.662803]",
2032,"[5.517141,0.622529,2.664281]",
2033,"[5.515935,0.622529,2.66353]",
2034,"[5.802008,0.1,2.675411]",
2035,"[5.802035,0.1,2.671092]",
2036,"[5.805141,0.1,2.661987]",
2037,"[5.809124,0.1,2.659261]",
2038,"[5.81958,0.1,2.655319]",
2039,"[5.827314,0.1,2.654422]",
2040,"[5.834053,0.1,2.654241]",
2041,"[5.840719,0.0999999,2.653717]",
2042,"[5.840406,0.1,2.653845]",
2043,"[5.833528,0.1,2.654258]",
2044,"[5.818842,0.1,2.656676]",
2045,"[5.789197,0.1,2.662888]",
2046,"[5.776528,0.1,2.666127]",
2047,"[5.483334,0.434399,2.680021]",
2048,"[5.46899,0.4366985,2.681721]",
2049,"[5.45434,0.4387962,2.683258]",
2050,"[5.440973,0.4234382,2.686182]",
2051,"[5.435684,0.4093791,2.68807]",
2052,"[5.408786,0.3512657,2.696674]",
2053,"[5.397787,0.3301712,2.699975]",
2054,"[5.367385,0.2585936,2.70698]",
2055,"[5.360753,0.2412591,2.70949]",
2056,"[5.356445,0.2320856,2.711396]",
2057,"[5.351866,0.2140664,2.715294]",
2058,"[5.349262,0.2094229,2.717199]",
2059,"[5.343989,0.2017926,2.721067]",
2060,"[5.341742,0.1989105,2.723309]",
2061,"[5.340433,0.1981364,2.726573]",
2062,"[5.34012,0.2004643,2.729077]",
2063,"[5.339155,0.2036304,2.733588]",
2064,"[5.338475,0.2040788,2.735698]",
2065,"[5.337979,0.204786,2.737479]",
2066,"[5.338415,0.2098824,2.739118]",
2067,"[5.338483,0.2170903,2.739716]",
2068,"[5.338683,0.2303589,2.740335]",
2069,"[5.369664,0.315706,2.713881]",
2070,"[5.385236,0.3628774,2.701278]",
2071,"[5.389959,0.3753056,2.698328]",
2072,"[5.396776,0.3932497,2.694106]",
2073,"[5.399721,0.4010381,2.692687]",
2074,"[5.401929,0.4069033,2.691898]",
2075,"[5.406917,0.4204179,2.692931]",
2076,"[5.409777,0.4282989,2.69492]",
2077,"[5.413583,0.4389009,2.698777]",
2078,"[5.41575,0.4393237,2.700829]",
2079,"[5.419403,0.4379097,2.705282]",
2080,"[5.417951,0.4384203,2.70747]",
2081,"[5.417435,0.4385718,2.710566]",
2082,"[5.416699,0.4387751,2.715965]",
2083,"[5.416005,0.43901,2.717725]",
2084,"[5.413121,0.4396082,2.719536]",
2085,"[5.412529,0.4381379,2.720824]",
2086,"[5.41136,0.4353017,2.724116]",
2087,"[5.412264,0.4375568,2.72224]",
2088,"[5.414257,0.4396797,2.716125]",
2089,"[5.414991,0.4394713,2.711169]",
2090,"[5.414436,0.4397571,2.705019]",
2091,"[5.411188,0.4309725,2.682963]",
2092,"[5.409953,0.4268597,2.674562]",
2093,"[5.408963,0.4234025,2.666104]",
2094,"[5.516294,0.1,2.649123]",
2095,"[5.518817,0.1,2.647554]",
2096,"[5.411549,0.4303785,2.666315]",
2097,"[5.412835,0.4342021,2.670192]",
2098,"[5.414186,0.4384146,2.676323]",
2099,"[5.413269,0.4359416,2.676268]",
2100,"[5.408956,0.4241264,2.674009]",
2101,"[5.40516,0.4136493,2.671186]",
2102,"[5.477891,0.1,2.639129]",
2103,"[5.468397,0.1000001,2.635504]",
2104,"[5.460047,0.1,2.631533]",
2105,"[5.459925,0.1,2.630926]",
2106,"[5.459804,0.1,2.630609]",
2107,"[5.460289,0.1,2.629393]",
2108,"[5.460739,0.1,2.628427]",
2109,"[5.461543,0.1,2.626727]",
2110,"[5.461213,0.1,2.625508]",
2111,"[5.460941,0.1,2.623769]",
2112,"[5.462251,0.1,2.622436]",
2113,"[5.46305,0.1,2.621205]",
2114,"[5.465822,0.1,2.617863]",
2115,"[5.467455,0.0999999,2.615023]",
2116,"[5.473105,0.1,2.607497]",
2117,"[5.476293,0.1000001,2.605983]",
2118,"[5.483344,0.1,2.60137]",
2119,"[5.487859,0.1,2.598362]",
2120,"[5.494425,0.1,2.593539]",
2121,"[5.501933,0.1,2.592339]",
2122,"[5.506777,0.1,2.592331]",
2123,"[5.513821,0.1,2.592828]",
2124,"[5.530409,0.1,2.604893]",
2125,"[5.538558,0.1,2.609499]",
2126,"[5.544058,0.1000001,2.614738]",
2127,"[5.359685,0.7402846,2.70305]",
2128,"[5.355371,0.7567755,2.706423]",
2129,"[5.346686,0.786117,2.712393]",
2130,"[5.53834,0.1,2.637237]",
2131,"[5.534024,0.1,2.640028]",
2132,"[5.530183,0.1,2.64177]",
2133,"[5.527019,0.1,2.642797]",
2134,"[5.518633,0.1,2.649182]",
2135,"[5.516613,0.1,2.651153]",
2136,"[5.513211,0.0999999,2.653342]",
2137,"[5.508582,0.1,2.655555]",
2138,"[5.501668,0.1,2.658835]",
2139,"[5.498739,0.1,2.660212]",
2140,"[5.490833,0.1,2.664807]",
2141,"[5.485794,0.1,2.66757]",
2142,"[5.472084,0.1,2.67506]",
2143,"[5.458042,0.1,2.683126]",
2144,"[5.441159,0.0999999,2.69605]",
2145,"[5.428164,0.1,2.70792]",
2146,"[5.42388,0.1000001,2.712572]",
2147,"[5.419098,0.1,2.718772]",
2148,"[5.334875,0.7436367,2.727473]",
2149,"[5.33585,0.7351906,2.727564]",
2150,"[5.337955,0.7172122,2.727624]",
2151,"[5.334332,0.7454913,2.726852]",
2152,"[5.38284,0.3584859,2.723128]",
2153,"[5.382699,0.3580355,2.722379]",
2154,"[5.382748,0.358215,2.722905]",
2155,"[5.382882,0.3586416,2.723591]",
2156,"[5.382969,0.3589592,2.724486]",
2157,"[5.382969,0.3591424,2.726438]",
2158,"[5.383048,0.3595245,2.728237]",
2159,"[5.373939,0.3352482,2.730688]",
2160,"[5.370921,0.3272839,2.732308]",
2161,"[5.358641,0.2950191,2.740507]",
2162,"[5.349462,0.2705294,2.742692]",
2163,"[5.332325,0.2245336,2.743815]",
2164,"[5.324883,0.2044176,2.742774]",
2165,"[5.317483,0.1841534,2.738978]",
2166,"[5.316027,0.1799869,2.736333]",
2167,"[5.315552,0.1785685,2.734822]",
2168,"[5.31459,0.1758266,2.733171]",
2169,"[5.31473,0.1761281,2.732373]",
2170,"[5.315214,0.1773804,2.731842]",
2171,"[5.315488,0.1781301,2.731975]",
2172,"[5.315021,0.1769831,2.733163]",
2173,"[5.314389,0.1753645,2.734012]",
2174,"[5.237233,0.1,2.777106]",
2175,"[5.218877,0.622529,2.766899]",
2176,"[5.210972,0.622529,2.769536]",
2177,"[5.201936,0.622529,2.77174]",
2178,"[5.198518,0.622529,2.772805]",
2179,"[5.164802,0.1,2.801772]",
2180,"[5.164705,0.1,2.801735]",
2181,"[5.166711,0.1,2.800843]",
2182,"[5.168499,0.1000001,2.799854]",
2183,"[5.171326,0.1,2.798298]",
2184,"[5.18772,0.1,2.792909]",
2185,"[5.202281,0.1,2.789891]",
2186,"[5.260404,0.1,2.770379]",
2187,"[5.60404,0.2999215,2.724679]",
2188,"[5.475388,0.622529,2.734374]",
2189,"[5.696998,0.3474854,2.720965]",
2190,"[5.556713,0.6454741,2.731176]",
2191,"[5.565521,0.6622185,2.730939]",
2192,"[5.570103,0.6622185,2.731217]",
2193,"[5.580729,0.6622184,2.731452]",
2194,"[5.587744,0.6622185,2.731799]",
2195,"[5.606434,0.6622185,2.732627]",
2196,"[5.61689,0.6622185,2.732526]",
2197,"[5.683684,0.6622185,2.7292]",
2198,"[5.70022,0.6622185,2.725496]",
2199,"[5.73436,0.6622184,2.714869]",
2200,"[5.740972,0.6622185,2.711787]",
2201,"[5.65027,0.7800756,2.713557]",
2202,"[5.775407,0.6622185,2.698063]",
2203,"[5.788616,0.6622185,2.694489]",
2204,"[5.800792,0.6622184,2.697047]",
2205,"[5.79766,0.6622184,2.70301]",
2206,"[5.812356,0.6622184,2.705854]",
2207,"[5.821531,0.6622185,2.702445]",
2208,"[5.851041,0.6622185,2.691277]",
2209,"[5.868232,0.6622184,2.684874]",
2210,"[5.884703,0.6622184,2.679811]",
2211,"[5.95,0.6126073,2.666041]",
2212,"[5.95,0.618387,2.658893]",
2213,"[5.883156,0.6622184,2.655916]",
2214,"[5.876361,0.6622185,2.65513]",
2215,"[5.87007,0.6622185,2.653055]",
2216,"[5.879236,0.6622185,2.647179]",
2217,"[5.887283,0.6622184,2.641844]",
2218,"[5.95,0.6231374,2.638907]",
2219,"[5.95,0.6343023,2.641297]",
2220,"[5.95,0.6790748,2.643318]",
2221,"[5.95,0.6860742,2.647229]",
2222,"[5.95,0.7178002,2.657625]",
2223,"[5.95,0.7426233,2.664086]",
2224,"[5.95,0.7715588,2.667235]",
2225,"[5.95,0.7856902,2.666015]",
2226,"[5.95,0.8080631,2.664894]",
2227,"[5.95,0.8314379,2.663845]",
2228,"[5.95,0.8325375,2.663681]",
2229,"[5.95,0.7838839,2.671765]",
2230,"[5.95,0.7633008,2.675499]",
2231,"[5.95,0.6794024,2.68358]",
2232,"[5.95,0.6290647,2.686182]",
2233,"[5.815727,0.6622183,2.665997]",
2234,"[5.642519,0.7800756,2.625098]",
2235,"[5.623953,0.7800756,2.62121]",
2236,"[5.601283,0.7800756,2.617377]",
2237,"[5.591736,0.7771461,2.615823]",
2238,"[5.592353,0.7599143,2.615823]",
2239,"[5.592659,0.7544908,2.615823]",
2240,"[5.59355,0.744194,2.615823]",
2241,"[5.594131,0.7369633,2.615823]",
2242,"[5.594255,0.7317779,2.615823]",
2243,"[5.594204,0.7067187,2.615823]",
2244,"[5.598163,0.6887672,2.615823]",
2245,"[5.60146,0.6622185,2.614488]",
2246,"[5.597059,0.6622185,2.612222]",
2247,"[5.594809,0.6622185,2.610647]",
2248,"[5.591735,0.6622185,2.609393]",
2249,"[5.591095,0.6622185,2.609122]",
2250,"[5.585993,0.6622185,2.607099]",
2251,"[5.581457,0.6622185,2.605092]",
2252,"[5.57134,0.6622185,2.600528]",
2253,"[5.569886,0.6622185,2.599293]",
2254,"[5.569206,0.6622185,2.598303]",
2255,"[5.567757,0.6622185,2.597408]",
2256,"[5.567013,0.6622185,2.595161]",
2257,"[5.565157,0.6622185,2.593323]",
2258,"[5.564042,0.6619235,2.5918]",
2259,"[5.562016,0.6591826,2.590723]",
2260,"[5.561602,0.6538173,2.591166]",
2261,"[5.561549,0.6505039,2.5927]",
2262,"[5.561526,0.6506382,2.593356]",
2263,"[5.563185,0.6614633,2.595824]",
2264,"[5.563887,0.6619449,2.5972]",
2265,"[5.571778,0.6622185,2.604071]",
2266,"[5.577963,0.6622185,2.609169]",
2267,"[5.584863,0.6622185,2.614811]",
2268,"[5.576019,0.7080036,2.61954]",
2269,"[5.576019,0.7195168,2.623212]",
2270,"[5.576019,0.7251654,2.628475]",
2271,"[5.576019,0.7215731,2.630071]",
2272,"[5.576019,0.7126131,2.631975]",
2273,"[5.576019,0.7083179,2.632192]",
2274,"[5.576019,0.7062908,2.631239]",
2275,"[5.576019,0.7068185,2.626882]",
2276,"[5.576019,0.7079158,2.623765]",
2277,"[5.576019,0.711325,2.616926]",
2278,"[5.586529,0.6862489,2.615823]",
2279,"[5.600264,0.6622185,2.611217]",
2280,"[5.606707,0.6622185,2.609139]",
2281,"[5.618213,0.6622184,2.604399]",
2282,"[5.62556,0.6622185,2.602824]",
2283,"[5.632437,0.6622185,2.601182]",
2284,"[5.642931,0.6622185,2.601213]",
2285,"[5.647434,0.6622184,2.60149]",
2286,"[5.650651,0.6622185,2.602657]",
2287,"[5.650518,0.6622185,2.602623]",
2288,"[5.650095,0.6622185,2.602494]",
2289,"[5.649053,0.6622185,2.602802]",
2290,"[5.649869,0.6622185,2.606319]",
2291,"[5.651119,0.6622185,2.609712]",
2292,"[5.64964,0.6622185,2.611003]",
2293,"[5.644877,0.6622185,2.61373]",
2294,"[5.641289,0.6622185,2.615507]",
2295,"[5.607037,0.7470964,2.615823]",
2296,"[5.59684,0.7684427,2.615823]",
2297,"[5.585048,0.7800756,2.618594]",
2298,"[5.580791,0.7800756,2.619996]",
2299,"[5.578522,0.7800756,2.623282]",
2300,"[5.576019,0.7780331,2.626925]",
2301,"[5.576019,0.774598,2.629441]",
2302,"[5.569401,0.7848882,2.629181]",
2303,"[5.574095,0.763601,2.629498]",
2304,"[5.565806,0.7883756,2.627884]",
2305,"[5.599421,0.6622185,2.630375]",
2306,"[5.595575,0.6622185,2.627904]",
2307,"[5.591177,0.6622185,2.622492]",
2308,"[5.590436,0.6622184,2.619883]",
2309,"[5.59688,0.6622185,2.615537]",
2310,"[5.603528,0.6622185,2.613168]",
2311,"[5.617527,0.6622185,2.611938]",
2312,"[5.626252,0.6622185,2.612708]",
2313,"[5.631578,0.6622185,2.613043]",
2314,"[5.637507,0.6622184,2.613656]",
2315,"[5.639133,0.6622185,2.615071]",
2316,"[5.640559,0.6622185,2.616324]",
2317,"[5.643088,0.6622185,2.61881]",
2318,"[5.644261,0.6622185,2.620143]",
2319,"[5.64646,0.6622185,2.623561]",
2320,"[5.646906,0.6622185,2.626178]",
2321,"[5.647131,0.6622185,2.628648]",
2322,"[5.606559,0.7800756,2.630161]",
2323,"[5.605952,0.7800756,2.631922]",
2324,"[5.605444,0.7800756,2.633178]",
2325,"[5.604401,0.7800756,2.635396]",
2326,"[5.604275,0.7800756,2.636817]",
2327,"[5.604495,0.7800756,2.638365]",
2328,"[5.604609,0.7800756,2.639936]",
2329,"[5.601589,0.7800756,2.670131]",
2330,"[5.600306,0.7800756,2.684201]",
2331,"[5.606286,0.7800756,2.702662]",
2332,"[5.608913,0.7800756,2.708063]",
2333,"[5.65281,0.6622185,2.733092]",
2334,"[5.654253,0.6622185,2.736841]",
2335,"[5.654837,0.6622185,2.740222]",
2336,"[5.652216,0.6672992,2.74299]",
2337,"[5.647274,0.6789738,2.74299]",
2338,"[5.634123,0.7097476,2.74299]",
2339,"[5.626707,0.7275553,2.74299]",
2340,"[5.617859,0.7501684,2.74299]",
2341,"[5.610587,0.7669841,2.74299]",
2342,"[5.609643,0.7779085,2.74299]",
2343,"[5.606642,0.7863247,2.745268]",
2344,"[5.606642,0.7934629,2.745151]",
2345,"[5.62006,0.7685959,2.74979]",
2346,"[5.602251,0.8173604,2.742454]",
2347,"[5.66454,0.6622184,2.759833]",
2348,"[5.664459,0.6622185,2.758199]",
2349,"[5.66468,0.6622185,2.750365]",
2350,"[5.668322,0.6622185,2.741322]",
2351,"[5.677063,0.6622184,2.728189]",
2352,"[5.69969,0.6622184,2.728034]",
2353,"[5.715323,0.6622185,2.728587]",
2354,"[5.737682,0.6622185,2.731456]",
2355,"[5.748317,0.6622185,2.734455]",
2356,"[5.764425,0.6622185,2.743008]",
2357,"[5.772925,0.6622184,2.748827]",
2358,"[5.689512,0.8234971,2.74299]",
2359,"[5.667635,0.8674566,2.74299]",
2360,"[5.654688,0.8958784,2.74299]",
2361,"[5.659531,0.9001347,2.746157]",
2362,"[5.668757,0.9001347,2.747013]",
2363,"[5.696185,0.9001347,2.748615]",
2364,"[5.72306,0.9001347,2.747313]",
2365,"[5.563525,1.286628,2.688077]",
2366,"[5.549542,1.321334,2.680598]",
2367,"[5.5495,1.427343,2.667412]",
2368,"[5.569314,1.439385,2.664279]",
2369,"[5.588162,1.450828,2.661299]",
2370,"[5.609973,1.465571,2.658043]",
2371,"[5.626766,1.473993,2.655158]",
2372,"[5.577334,1.508547,2.644359]",
2373,"[5.569926,1.529792,2.638148]",
2374,"[5.555516,1.57112,2.630433]",
2375,"[5.547371,1.59448,2.631287]",
2376,"[5.539204,1.617904,2.62802]",
2377,"[5.523925,1.664126,2.622635]",
2378,"[5.523371,1.688558,2.621354]",
2379,"[5.95,1.7013,2.741388]",
2380,"[5.95,1.741076,2.757498]",
2381,"[5.95,1.799148,2.776886]",
2382,"[5.95,1.817489,2.798512]",
2383,"[5.559309,1.833188,2.672723]",
2384,"[5.558586,1.850782,2.677538]",
2385,"[5.608872,1.873845,2.70207]",
2386,"[5.608872,1.902447,2.707861]",
2387,"[5.608872,1.914656,2.710442]",
2388,"[5.95,1.741046,2.85329]",
2389,"[5.95,1.708236,2.84544]",
2390,"[5.95,1.682535,2.833337]",
2391,"[5.798874,1.698017,2.769165]",
2392,"[5.78177,1.698017,2.760103]",
2393,"[5.785913,1.698017,2.757665]",
2394,"[5.818503,1.698017,2.765765]",
2395,"[5.608872,1.90415,2.648004]",
2396,"[5.608872,1.910441,2.64682]",
2397,"[5.608872,1.940314,2.643121]",
2398,"[5.608872,1.946216,2.64248]",
2399,"[5.608872,1.952737,2.641919]",
2400,"[5.608872,1.954486,2.641754]",
2401,"[5.608872,1.953718,2.641891]",
2402,"[5.608872,1.952538,2.642101]",
2403,"[5.608872,1.952225,2.642164]",
2404,"[5.608872,1.951826,2.642288]",
2405,"[5.608872,1.951452,2.642395]",
2406,"[5.608872,1.95066,2.642723]",
2407,"[5.608872,1.948911,2.643491]",
2408,"[5.608872,1.946533,2.644409]",
2409,"[5.608872,1.945825,2.644699]",
2410,"[5.608872,1.945484,2.644951]",
2411,"[5.608872,1.945078,2.645208]",
2412,"[5.608872,1.944841,2.645386]",
2413,"[5.608872,1.943808,2.645847]",
2414,"[5.608872,1.943216,2.646035]",
2415,"[5.608872,1.942475,2.645995]",
2416,"[5.608872,1.942288,2.645871]",
2417,"[5.608872,1.942078,2.645454]",
2418,"[5.608872,1.942119,2.645243]",
2419,"[5.608872,1.942062,2.644664]",
2420,"[5.608872,1.942154,2.643378]",
2421,"[5.608872,1.942307,2.642652]",
2422,"[5.608872,1.941478,2.641436]",
2423,"[5.608872,1.941147,2.640881]",
2424,"[5.608872,1.940439,2.638969]",
2425,"[5.608872,1.940338,2.637995]",
2426,"[5.608872,1.940466,2.636948]",
2427,"[5.608872,1.941528,2.635632]",
2428,"[5.608872,1.942246,2.635446]",
2429,"[5.608872,1.943076,2.635542]",
2430,"[5.608872,1.943382,2.635834]",
2431,"[5.608872,1.940448,2.610493]",
2432,"[5.608872,1.940435,2.605535]",
2433,"[5.608872,1.941733,2.600048]",
2434,"[5.608872,1.942142,2.598743]",
2435,"[5.608872,1.942397,2.59799]",
2436,"[5.608872,1.942698,2.595769]",
2437,"[5.608872,1.943207,2.594981]",
2438,"[5.608872,1.961056,2.607021]",
2439,"[5.608872,1.96855,2.613422]",
2440,"[5.608872,1.977237,2.621253]",
2441,"[5.608872,1.980127,2.623767]",
2442,"[5.608872,1.984034,2.627376]",
2443,"[5.608872,1.985317,2.627258]",
2444,"[5.608872,1.987026,2.626653]",
2445,"[5.608872,1.991791,2.624416]",
2446,"[5.608872,1.994581,2.622985]",
2447,"[5.608872,1.998849,2.620931]",
2448,"[5.608872,2.000517,2.620191]",
2449,"[5.608872,2.003012,2.618903]",
2450,"[5.608872,2.003408,2.618513]",
2451,"[5.608872,2.003917,2.618139]",
2452,"[5.608872,2.004683,2.616891]",
2453,"[5.608872,2.004749,2.616125]",
2454,"[5.608872,2.004276,2.61517]",
2455,"[5.608872,2.004314,2.614964]",
2456,"[5.608872,2.003711,2.618744]",
2457,"[5.608872,2.00367,2.618809]",
2458,"[5.608872,2.003668,2.623317]",
2459,"[5.608872,2.003622,2.62348]",
2460,"[5.608872,2.003633,2.627935]",
2461,"[5.640182,2.01054,2.641838]",
2462,"[5.862098,2.076507,2.667057]",
2463,"[5.862098,2.07481,2.666055]",
2464,"[5.862098,2.070824,2.663305]",
2465,"[5.862098,2.068479,2.662015]",
2466,"[5.224466,1.87854,2.611826]",
2467,"[5.21823,1.876198,2.611372]",
2468,"[5.205563,1.871457,2.615043]",
2469,"[5.166329,1.858871,2.618303]",
2470,"[5.146934,1.852548,2.621899]",
2471,"[5.103609,1.839674,2.628391]",
2472,"[5.099986,1.838345,2.631607]",
2473,"[5.95,2.068942,2.640633]",
2474,"[5.95,2.018056,2.643995]",
2475,"[5.95,2.005235,2.644302]",
2476,"[5.084627,1.830268,2.645242]",
2477,"[5.107028,1.833893,2.646921]",
2478,"[5.108295,1.833747,2.648373]",
2479,"[5.099602,1.831955,2.650156]",
2480,"[5.091703,1.830439,2.651694]",
2481,"[5.95,1.980265,2.614994]",
2482,"[5.95,1.980446,2.616666]",
2483,"[5.95,1.953297,2.641536]",
2484,"[5.95,1.941762,2.65186]",
2485,"[5.862098,1.919935,2.66254]",
2486,"[5.862098,1.9167,2.666044]",
2487,"[5.862098,1.912739,2.670256]",
2488,"[5.862098,1.906677,2.676861]",
2489,"[5.862098,1.905448,2.67897]",
2490,"[5.862098,1.90501,2.682475]",
2491,"[5.862098,1.905117,2.68403]",
2492,"[5.862098,1.901798,2.689228]",
2493,"[5.862098,1.897182,2.692388]",
2494,"[5.862098,1.887814,2.696281]",
2495,"[5.558178,1.856322,2.68921]",
2496,"[5.558128,1.852507,2.690644]",
2497,"[5.558089,1.847706,2.69177]",
2498,"[5.558077,1.844919,2.6921]",
2499,"[5.558134,1.841556,2.690489]",
2500,"[5.558208,1.840267,2.688379]",
2501,"[5.558305,1.839444,2.685583]",
2502,"[5.558585,1.840848,2.677568]",
2503,"[5.038983,1.829135,2.661133]",
2504,"[5.087585,1.831108,2.653652]",
2505,"[5.105646,1.83237,2.646585]",
2506,"[5.135953,1.836337,2.623728]",
2507,"[5.141784,1.837271,2.609846]",
2508,"[5.137675,1.836828,2.579301]",
2509,"[5.130359,1.835246,2.563221]",
2510,"[5.118304,1.833222,2.550123]",
2511,"[5.088499,1.829853,2.538548]",
2512,"[5.091598,1.830175,2.538833]",
2513,"[5.125816,1.837845,2.563963]",
2514,"[5.154054,1.842308,2.574689]",
2515,"[5.179365,1.847412,2.622356]",
2516,"[5.122125,1.840835,2.619555]",
2517,"[5.166532,1.842094,2.647227]",
2518,"[5.616,1.876283,2.865246]",
2519,"[5.55301,1.841134,2.837215]",
2520,"[5.95,1.798058,2.97228]",
2521,"[5.95,1.780891,2.950647]",
2522,"[5.95,1.807201,2.88166]",
2523,"[5.95,1.809535,2.871342]",
2524,"[5.95,1.828407,2.823596]",
2525,"[5.619632,1.830736,2.70488]",
2526,"[5.560263,1.831536,2.677527]",
2527,"[5.56002,1.832431,2.658151]",
2528,"[5.560864,1.831809,2.648116]",
2529,"[5.560907,1.834363,2.617982]",
2530,"[5.561301,1.837914,2.599789]",
2531,"[5.562575,1.839364,2.5633]",
2532,"[5.559087,1.840464,2.546825]",
2533,"[5.560398,1.84192,2.523417]",
2534,"[5.564217,1.842365,2.516287]",
2535,"[5.564453,1.841888,2.509531]",
2536,"[5.564628,1.84192,2.504517]",
2537,"[5.564402,1.840675,2.510993]",
2538,"[5.559345,1.835337,2.531376]",
2539,"[5.558941,1.832347,2.542943]",
2540,"[5.590134,1.830737,2.577701]",
2541,"[5.564476,1.830875,2.58637]",
2542,"[5.561407,1.838006,2.596742]",
2543,"[5.560869,1.849782,2.612162]",
2544,"[5.560698,1.858952,2.617051]",
2545,"[5.862098,1.897253,2.703706]",
2546,"[5.862098,1.904395,2.704089]",
2547,"[5.862098,1.9158,2.701424]",
2548,"[5.862098,1.920286,2.700684]",
2549,"[5.862098,1.924905,2.698483]",
2550,"[5.862098,1.926542,2.696593]",
2551,"[5.862098,1.928888,2.694648]",
2552,"[5.862098,1.933007,2.691387]",
2553,"[5.862098,1.935252,2.689903]",
2554,"[5.862098,1.942591,2.686219]",
2555,"[5.862098,1.944371,2.684397]",
2556,"[5.862098,1.948913,2.681719]",
2557,"[5.862098,1.950152,2.680353]",
2558,"[5.862098,1.952704,2.679022]",
2559,"[5.862098,1.954264,2.679008]",
2560,"[5.862098,1.957485,2.679685]",
2561,"[5.862098,1.950363,2.676401]",
2562,"[5.862098,1.946714,2.675319]",
2563,"[5.862098,1.945659,2.674777]",
2564,"[5.862098,1.945658,2.674777]",
2565,"[5.862098,1.946937,2.678051]",
2566,"[5.862098,1.946282,2.677781]",
2567,"[5.862098,1.942286,2.676165]",
2568,"[5.862098,1.938503,2.674734]",
2569,"[5.862098,1.935025,2.673888]",
2570,"[5.862098,1.927312,2.67057]",
2571,"[5.862098,1.921873,2.668542]",
2572,"[5.862098,1.903269,2.663134]",
2573,"[5.862098,1.899173,2.662181]",
2574,"[5.876881,1.864122,2.642349]",
2575,"[5.561652,1.860924,2.59994]",
2576,"[5.561444,1.851263,2.595686]",
2577,"[5.561622,1.839889,2.590599]",
2578,"[5.56168,1.837218,2.588923]",
2579,"[5.561831,1.835179,2.585296]",
2580,"[5.561953,1.834899,2.583919]",
2581,"[5.562276,1.834031,2.581305]",
2582,"[5.562601,1.832985,2.580012]",
2583,"[5.563731,1.831525,2.578727]",
2584,"[5.95,1.781742,2.582231]",
2585,"[5.95,1.779291,2.580247]",
2586,"[5.95,1.777038,2.577123]",
2587,"[5.95,1.778203,2.563067]",
2588,"[5.699008,1.812078,2.556357]",
2589,"[5.660384,1.817327,2.555009]",
2590,"[5.635887,1.820276,2.554153]",
2591,"[5.633333,1.820376,2.554064]",
2592,"[5.66034,1.817275,2.555007]",
2593,"[5.685058,1.814015,2.55587]",
2594,"[5.685913,1.813529,2.5559]",
2595,"[5.702918,1.809979,2.556494]",
2596,"[5.699053,1.809151,2.556359]",
2597,"[5.646443,1.816564,2.554522]",
2598,"[5.631317,1.818516,2.553994]",
2599,"[5.61733,1.820458,2.553505]",
2600,"[5.59668,1.824118,2.552784]",
2601,"[5.587095,1.826844,2.552449]",
2602,"[5.563305,1.833833,2.553355]",
2603,"[5.562947,1.836192,2.552657]",
2604,"[5.562963,1.839842,2.552194]",
2605,"[5.562954,1.84112,2.552452]",
2606,"[5.562924,1.842804,2.553319]",
2607,"[5.562887,1.842544,2.554371]",
2608,"[5.562803,1.841362,2.556788]",
2609,"[5.562762,1.841243,2.557936]",
2610,"[5.562718,1.840311,2.559214]",
2611,"[5.562546,1.838844,2.564125]",
2612,"[5.562435,1.837232,2.567321]",
2613,"[5.56167,1.831922,2.620003]",
2614,"[5.95,1.775887,2.638595]",
2615,"[5.95,1.772131,2.654262]",
2616,"[5.556,1.84253,2.751602]",
2617,"[5.55586,1.844365,2.755604]",
2618,"[5.555551,1.849904,2.764455]",
2619,"[5.555507,1.854043,2.765709]",
2620,"[5.555553,1.856227,2.764377]",
2621,"[5.555619,1.856215,2.76249]",
2622,"[5.555767,1.856764,2.758264]",
2623,"[5.555828,1.857831,2.756531]",
2624,"[5.555981,1.859633,2.75244]",
2625,"[5.556317,1.860641,2.750522]",
2626,"[5.556562,1.861346,2.748919]",
2627,"[5.55691,1.862436,2.747306]",
2628,"[5.557105,1.862863,2.747486]",
2629,"[5.558069,1.863499,2.748263]",
2630,"[5.55821,1.863595,2.748483]",
2631,"[5.558383,1.863712,2.748755]",
2632,"[5.558454,1.863769,2.749269]",
2633,"[5.558227,1.863642,2.750104]",
2634,"[5.558271,1.863677,2.750383]",
2635,"[5.558635,1.863921,2.750873]",
2636,"[5.55937,1.864122,2.751349]",
2637,"[5.565472,1.864122,2.753376]",
2638,"[5.588895,1.864122,2.759328]",
2639,"[5.606163,1.864122,2.764289]",
2640,"[5.653388,1.864121,2.778914]",
2641,"[5.674026,1.864121,2.785583]",
2642,"[5.686601,1.864122,2.790235]",
2643,"[5.69044,1.864121,2.792258]",
2644,"[5.669877,1.864122,2.786311]",
2645,"[5.626197,1.864122,2.774701]",
2646,"[5.607935,1.864121,2.77081]",
2647,"[5.579226,1.864122,2.764745]",
2648,"[5.564038,1.864122,2.762639]",
2649,"[5.574651,1.864122,2.769273]",
2650,"[5.58739,1.864122,2.773055]",
2651,"[5.603628,1.864122,2.781934]",
2652,"[5.636083,1.864121,2.796078]",
2653,"[5.641893,1.864122,2.801421]",
2654,"[5.64764,1.864122,2.80111]",
2655,"[5.643454,1.864122,2.798613]",
2656,"[5.628833,1.864121,2.79286]",
2657,"[5.600101,1.864121,2.783886]",
2658,"[5.556983,1.863317,2.77127]",
2659,"[5.555818,1.861417,2.770768]",
2660,"[5.55534,1.859451,2.770507]",
2661,"[5.555266,1.85703,2.772597]",
2662,"[5.555265,1.856612,2.772617]",
2663,"[5.555112,1.85573,2.777012]",
2664,"[5.555117,1.856041,2.776872]",
2665,"[5.555131,1.857103,2.776468]",
2666,"[5.555144,1.857916,2.776089]",
2667,"[5.862098,1.968305,2.8173]",
2668,"[5.862098,1.988534,2.811539]",
2669,"[5.862098,2.0257,2.808057]",
2670,"[5.862098,2.052619,2.807811]",
2671,"[5.862098,2.061486,2.808275]",
2672,"[5.862098,2.073212,2.811001]",
2673,"[5.862098,2.076813,2.812078]",
2674,"[5.862098,2.080659,2.811964]",
2675,"[5.862098,2.108459,2.811871]",
2676,"[5.862098,2.122378,2.811839]",
2677,"[5.862098,2.137615,2.813038]",
2678,"[5.862098,2.142392,2.813236]",
2679,"[5.862098,2.14739,2.81355]",
2680,"[5.862098,2.148719,2.813737]",
2681,"[5.862098,2.150391,2.813889]",
2682,"[5.862098,2.151115,2.81398]",
2683,"[5.862098,2.151363,2.814023]",
2684,"[5.862098,2.151026,2.816381]",
2685,"[5.862098,2.151214,2.816442]",
2686,"[5.862098,2.15179,2.816422]",
2687,"[5.862098,2.152332,2.81638]",
2688,"[5.862098,2.152764,2.816288]",
2689,"[5.862098,2.153147,2.816207]",
2690,"[5.862098,2.08118,2.816011]",
2691,"[5.862098,2.061481,2.815613]",
2692,"[5.862098,1.94078,2.807744]",
2693,"[5.862098,1.91824,2.80535]",
2694,"[5.862098,1.913974,2.803571]",
2695,"[5.862098,1.909009,2.800799]",
2696,"[5.862098,1.906785,2.799568]",
2697,"[5.862098,1.902937,2.800119]",
2698,"[5.862098,1.900863,2.799756]",
2699,"[5.862098,1.896895,2.803591]",
2700,"[5.862098,1.894552,2.805665]",
2701,"[5.862098,1.892166,2.808029]",
2702,"[5.862098,1.887305,2.812822]",
2703,"[5.862098,1.884744,2.815367]",
2704,"[5.862098,1.878332,2.819765]",
2705,"[5.862098,1.876861,2.821497]",
2706,"[5.862098,1.873757,2.824213]",
2707,"[5.862098,1.871608,2.823171]",
2708,"[5.95,1.866289,2.832775]",
2709,"[5.95,1.863784,2.833559]",
2710,"[5.659876,1.864122,2.803589]",
2711,"[5.555367,1.8628,2.794466]",
2712,"[5.555147,1.862105,2.795259]",
2713,"[5.554748,1.86078,2.79655]",
2714,"[5.554593,1.860251,2.796916]",
2715,"[5.55443,1.859622,2.796766]",
2716,"[5.55444,1.859535,2.796264]",
2717,"[5.554565,1.859923,2.795209]",
2718,"[5.55521,1.861842,2.791432]",
2719,"[5.95,1.864751,2.822662]",
2720,"[5.862098,1.88018,2.801639]",
2721,"[5.862098,1.890571,2.792805]",
2722,"[5.608872,1.976835,2.732994]",
2723,"[5.608872,1.99013,2.722861]",
2724,"[5.608872,2.025656,2.697535]",
2725,"[5.608872,2.039855,2.689039]",
2726,"[5.608872,2.054387,2.677497]",
2727,"[5.608872,2.075472,2.653187]",
2728,"[5.608872,2.084625,2.637321]",
2729,"[5.608872,2.104094,2.590572]",
2730,"[5.590071,2.097829,2.510964]",
2731,"[5.586713,2.102966,2.448644]",
2732,"[5.580134,2.094319,2.29795]",
2733,"[5.579014,2.095868,2.27231]",
2734,"[5.576893,2.095887,2.223734]",
2735,"[5.575881,2.097907,2.200539]",
2736,"[5.575214,2.099298,2.185267]",
2737,"[5.575494,2.09783,2.191674]",
2738,"[5.576048,2.102823,2.204365]",
2739,"[5.576118,2.106102,2.205956]",
2740,"[5.575446,2.113458,2.190577]",
2741,"[5.575009,2.114608,2.180577]",
2742,"[5.575002,2.115079,2.180407]",
2743,"[5.574621,2.112872,2.171675]",
2744,"[5.5748,2.110546,2.175789]",
2745,"[5.575515,2.104454,2.192172]",
2746,"[5.575788,2.102309,2.198413]",
2747,"[5.575897,2.100761,2.200901]",
2748,"[5.5757,2.100578,2.196393]",
2749,"[5.572386,2.088049,2.120504]",
2750,"[5.571667,2.086399,2.104023]",
2751,"[5.668096,2.101912,1.959316]",
2752,"[5.660473,2.08682,1.920002]",
2753,"[5.658198,2.080855,1.908268]",
2754,"[5.656248,2.074002,1.898212]",
2755,"[5.655319,2.070084,1.893422]",
2756,"[5.655402,2.06123,1.893849]",
2757,"[5.656635,2.056842,1.900208]",
2758,"[5.658874,2.049261,1.911755]",
2759,"[5.659753,2.045942,1.916289]",
2760,"[5.660156,2.043802,1.918369]",
2761,"[5.660827,2.042238,1.921828]",
2762,"[5.661181,2.042182,1.923653]",
2763,"[5.661526,2.041133,1.925431]",
2764,"[5.661607,2.03958,1.925848]",
2765,"[5.658949,2.025206,1.912145]",
2766,"[5.657468,2.016455,1.904506]",
2767,"[5.659762,1.915479,1.916336]",
2768,"[5.658814,1.886475,1.911448]",
2769,"[5.658852,1.879282,1.91164]",
2770,"[5.657583,1.870321,1.905096]",
2771,"[5.585703,1.863358,1.950579]",
2772,"[5.583795,1.853475,1.955662]",
2773,"[5.583742,1.848064,1.957168]",
2774,"[5.583473,1.838383,1.964858]",
2775,"[5.95,1.818365,1.846086]",
2776,"[5.95,1.812098,1.871385]",
2777,"[5.95,1.806782,1.89474]",
2778,"[5.95,1.806393,1.901457]",
2779,"[5.95,1.811141,1.913157]",
2780,"[5.95,1.813478,1.917881]",
2781,"[5.95,1.814876,1.923744]",
2782,"[5.95,1.8138,1.927606]",
2783,"[5.95,1.798761,1.963519]",
2784,"[5.574989,1.800344,2.083397]",
2785,"[5.574592,1.790556,2.094754]",
2786,"[5.95,1.728342,2.207627]",
2787,"[5.950001,1.720965,2.228837]",
2788,"[5.95,1.70664,2.257724]",
2789,"[5.95,1.708867,2.263191]",
2790,"[5.95,1.725435,2.274883]",
2791,"[5.95,1.743119,2.280133]",
2792,"[5.95,1.805149,2.279839]",
2793,"[5.95,1.818413,2.27936]",
2794,"[5.95,1.830056,2.273134]",
2795,"[5.573628,1.833968,2.256727]",
2796,"[5.573707,1.833948,2.254614]",
2797,"[5.573965,1.833189,2.253012]",
2798,"[5.574202,1.83224,2.253508]",
2799,"[5.95,1.829836,2.269412]",
2800,"[5.95,1.827555,2.273098]",
2801,"[5.95,1.823311,2.280701]",
2802,"[5.95,1.822718,2.290335]",
2803,"[5.95,1.822493,2.298853]",
2804,"[5.95,1.825499,2.309379]",
2805,"[5.95,1.826899,2.314697]",
2806,"[5.95,1.830558,2.32271]",
2807,"[5.630005,1.830737,2.296631]",
2808,"[5.57229,1.83411,2.293941]",
2809,"[5.571938,1.836272,2.295203]",
2810,"[5.571861,1.839334,2.297393]",
2811,"[5.571825,1.840436,2.298416]",
2812,"[5.571774,1.841054,2.299865]",
2813,"[5.571122,1.840596,2.318541]",
2814,"[5.570784,1.839901,2.328231]",
2815,"[5.570272,1.838898,2.342876]",
2816,"[5.570041,1.83838,2.349514]",
2817,"[5.569639,1.837516,2.361008]",
2818,"[5.569436,1.836898,2.366843]",
2819,"[5.56914,1.836954,2.375312]",
2820,"[5.568972,1.836913,2.380133]",
2821,"[5.568792,1.836783,2.385279]",
2822,"[5.568493,1.837116,2.393842]",
2823,"[5.568299,1.837466,2.39939]",
2824,"[5.567812,1.838922,2.413344]",
2825,"[5.567529,1.840253,2.421456]",
2826,"[5.56703,1.841177,2.43574]",
2827,"[5.566826,1.840764,2.441557]",
2828,"[5.566644,1.840085,2.446787]",
2829,"[5.566471,1.83884,2.451742]",
2830,"[5.566478,1.838405,2.451532]",
2831,"[5.566553,1.837495,2.44939]",
2832,"[5.566629,1.838306,2.447194]",
2833,"[5.566722,1.839567,2.444556]",
2834,"[5.566751,1.840055,2.443706]",
2835,"[5.566831,1.841424,2.441437]",
2836,"[5.566863,1.842278,2.440525]",
2837,"[5.566948,1.843494,2.438062]",
2838,"[5.56706,1.845756,2.434886]",
2839,"[5.567101,1.846929,2.433693]",
2840,"[5.5672,1.849006,2.430853]",
2841,"[5.56725,1.849819,2.429436]",
2842,"[5.567399,1.850556,2.425169]",
2843,"[5.567439,1.850709,2.424036]",
2844,"[5.567494,1.850611,2.422437]",
2845,"[5.567612,1.849685,2.419068]",
2846,"[5.567668,1.849018,2.417449]",
2847,"[5.567829,1.846668,2.412848]",
2848,"[5.567873,1.845604,2.41161]",
2849,"[5.567946,1.844211,2.409506]",
2850,"[5.567968,1.843527,2.408869]",
2851,"[5.567987,1.842929,2.408326]",
2852,"[5.567992,1.842906,2.40818]",
2853,"[5.567993,1.842911,2.408149]",
2854,"[5.408734,1.839969,2.424589]",
2855,"[5.412294,1.840067,2.42421]",
2856,"[5.418421,1.840443,2.423468]",
2857,"[5.419479,1.840935,2.425022]",
2858,"[5.424321,1.84203,2.424134]",
2859,"[5.426841,1.84269,2.42357]",
2860,"[5.428685,1.843642,2.423107]",
2861,"[5.432596,1.845436,2.421533]",
2862,"[5.447979,1.84802,2.42026]",
2863,"[5.568146,1.859619,2.403986]",
2864,"[5.830782,1.875029,2.364632]",
2865,"[5.830404,1.880837,2.364632]",
2866,"[5.83847,1.886551,2.364632]",
2867,"[5.835771,1.886213,2.364632]",
2868,"[5.829357,1.885263,2.364632]",
2869,"[5.796571,1.87553,2.364632]",
2870,"[5.772794,1.870199,2.364632]",
2871,"[5.568546,1.856143,2.392323]",
2872,"[5.568649,1.851635,2.389356]",
2873,"[5.568776,1.848515,2.385724]",
2874,"[5.56901,1.84221,2.379025]",
2875,"[5.569167,1.837752,2.374547]",
2876,"[5.95,1.797,2.269605]",
2877,"[5.95,1.771888,2.245743]",
2878,"[5.95,1.741427,2.215243]",
2879,"[5.793197,1.685841,2.113085]",
2880,"[5.578642,1.470017,1.93443]",
2881,"[5.628957,1.401266,1.855249]",
2882,"[5.613158,1.377644,1.837988]",
2883,"[5.591023,1.25935,1.748651]",
2884,"[5.637019,1.181632,1.662675]",
2885,"[5.594327,1.151435,1.661184]",
2886,"[5.592715,1.148953,1.661127]",
2887,"[5.585609,1.144262,1.660879]",
2888,"[5.605681,1.166265,1.66158]",
2889,"[5.591512,1.248224,1.734659]",
2890,"[5.659232,1.264227,1.718695]",
2891,"[5.683713,1.264227,1.70931]",
2892,"[5.643728,1.350329,1.801672]",
2893,"[5.61414,1.376175,1.836822]",
2894,"[5.621682,1.378219,1.849124]",
2895,"[5.630709,1.377313,1.856723]",
2896,"[5.635177,1.37679,1.860485]",
2897,"[5.578642,1.421884,1.917625]",
2898,"[5.578642,1.423687,1.92003]",
2899,"[5.578642,1.424908,1.923367]",
2900,"[5.578642,1.424877,1.924325]",
2901,"[5.578642,1.424668,1.925639]",
2902,"[5.578642,1.424647,1.92585]",
2903,"[5.578642,1.427895,1.928134]",
2904,"[5.578642,1.430912,1.929384]",
2905,"[5.578642,1.435022,1.931324]",
2906,"[5.578642,1.441629,1.932859]",
2907,"[5.578642,1.444281,1.932927]",
2908,"[5.578642,1.444441,1.975205]",
2909,"[5.578642,1.444105,1.986587]",
2910,"[5.578642,1.44494,2.000167]",
2911,"[5.578642,1.445935,2.004715]",
2912,"[5.578642,1.446908,2.007553]",
2913,"[5.578642,1.449099,2.009534]",
2914,"[5.578642,1.449752,2.009732]",
2915,"[5.578642,1.450601,2.002405]",
2916,"[5.578642,1.451584,1.994348]",
2917,"[5.578642,1.452485,1.993831]",
2918,"[5.578642,1.454214,1.987053]",
2919,"[5.578642,1.453698,1.987882]",
2920,"[5.578642,1.453711,1.987798]",
2921,"[5.578642,1.455558,1.981671]",
2922,"[5.578642,1.448085,1.929457]",
2923,"[5.578642,1.446947,1.917149]",
2924,"[5.502636,1.498108,1.926945]",
2925,"[5.505082,1.494206,1.919178]",
2926,"[5.516299,1.48353,1.909095]",
2927,"[5.537686,1.46061,1.894814]",
2928,"[5.553435,1.444453,1.888167]",
2929,"[5.59204,1.406519,1.875234]",
2930,"[5.602077,1.397114,1.871658]",
2931,"[5.764916,1.264227,1.815723]",
2932,"[5.766059,1.264227,1.811654]",
2933,"[5.766156,1.264227,1.80891]",
2934,"[5.766034,1.264227,1.806861]",
2935,"[5.763511,1.264227,1.80736]",
2936,"[5.761621,1.264227,1.807704]",
2937,"[5.755781,1.264227,1.808183]",
2938,"[5.755778,1.264227,1.806351]",
2939,"[5.75638,1.264227,1.804816]",
2940,"[5.758406,1.264227,1.801704]",
2941,"[5.75907,1.264227,1.800364]",
2942,"[5.759694,1.264227,1.797986]",
2943,"[5.759333,1.264227,1.796956]",
2944,"[5.759448,1.264227,1.79434]",
2945,"[5.760333,1.264227,1.792204]",
2946,"[5.760913,1.264227,1.790228]",
2947,"[5.760166,1.264227,1.786355]",
2948,"[5.758784,1.264227,1.784369]",
2949,"[5.740493,1.264227,1.78327]",
2950,"[5.734519,1.264227,1.782657]",
2951,"[5.726379,1.264227,1.781462]",
2952,"[5.722512,1.264227,1.780744]",
2953,"[5.71981,1.264227,1.780447]",
2954,"[5.716528,1.264227,1.779452]",
2955,"[5.71597,1.264227,1.778848]",
2956,"[5.715595,1.264227,1.778067]",
2957,"[5.715342,1.264227,1.777569]",
2958,"[5.714838,1.264227,1.776559]",
2959,"[5.714591,1.264227,1.775729]",
2960,"[5.327369,1.610557,1.91272]",
2961,"[5.33807,1.600979,1.907406]",
2962,"[5.341434,1.598015,1.904238]",
2963,"[5.337431,1.620829,1.859959]",
2964,"[5.349768,1.611661,1.847629]",
2965,"[5.355132,1.608801,1.837133]",
2966,"[5.347474,1.615026,1.839685]",
2967,"[5.338826,1.620693,1.843626]",
2968,"[5.336684,1.621729,1.844394]",
2969,"[5.336423,1.620449,1.847675]",
2970,"[5.337164,1.618285,1.852807]",
2971,"[5.334772,1.618782,1.857446]",
2972,"[5.323348,1.625364,1.869328]",
2973,"[5.316642,1.629785,1.874137]",
2974,"[5.30174,1.621523,1.896224]",
2975,"[5.296649,1.623377,1.8988]",
2976,"[5.287789,1.627984,1.901847]",
2977,"[5.283485,1.630378,1.902907]",
2978,"[5.279624,1.632273,1.903656]",
2979,"[5.274923,1.634514,1.90387]",
2980,"[5.274985,1.633636,1.902994]",
2981,"[5.273473,1.633627,1.902089]",
2982,"[5.272268,1.634756,1.901999]",
2983,"[5.270652,1.636946,1.902089]",
2984,"[5.271415,1.638207,1.900841]",
2985,"[5.283969,1.629315,1.893896]",
2986,"[5.294211,1.621548,1.888715]",
2987,"[5.305796,1.612319,1.883208]",
2988,"[5.331575,1.590915,1.870999]",
2989,"[5.341836,1.582344,1.866147]",
2990,"[5.352587,1.573515,1.861046]",
2991,"[5.35518,1.571413,1.859784]",
2992,"[5.358912,1.567772,1.857457]",
2993,"[5.360615,1.565679,1.855755]",
2994,"[5.360682,1.565033,1.854815]",
2995,"[5.394758,1.53433,1.833657]",
2996,"[5.409816,1.52055,1.821866]",
2997,"[5.593912,1.343857,1.661169]",
2998,"[5.577538,1.354977,1.655768]",
2999,"[5.950001,0.9395388,1.212603]",
3000,"[5.922337,0.9005975,1.097725]",
3001,"[5.899182,0.9005975,1.066775]",
3002,"[5.865773,0.9005975,1.01655]",
3003,"[5.841186,0.9005975,0.9822041]",
3004,"[5.804199,0.9005975,0.9511068]",
3005,"[5.715813,0.9005975,0.8624002]",
3006,"[5.669153,0.9005975,0.8198379]",
3007,"[5.681229,0.8295541,0.6985897]",
3008,"[5.290208,0.9301425,0.6920068]",
3009,"[5.249563,0.9310464,0.7018318]",
3010,"[5.200981,0.9318514,0.7238986]",
3011,"[5.187768,0.9319204,0.7355217]",
3012,"[5.199264,0.930919,0.7607022]",
3013,"[5.226876,0.9296325,0.7792343]",
3014,"[5.247687,0.9286304,0.7944222]",
3015,"[5.253691,0.9283752,0.7975337]",
3016,"[5.274731,0.927601,0.8039308]",
3017,"[5.319585,0.9258965,0.8195947]",
3018,"[5.327443,0.92555,0.8241317]",
3019,"[5.380555,0.8295541,0.7102292]",
3020,"[5.384947,0.8295541,0.7147931]",
3021,"[5.365449,0.9005975,0.8218769]",
3022,"[5.362448,0.9005975,0.8305769]",
3023,"[5.35497,0.9005975,0.8419341]",
3024,"[5.323084,0.923723,0.8973128]",
3025,"[5.30965,0.9237989,0.908914]",
3026,"[5.279036,0.9240525,0.9323328]",
3027,"[5.143596,0.9273345,0.9549559]",
3028,"[4.963909,1.3182,1.439101]",
3029,"[4.956138,1.3182,1.439826]",
3030,"[4.955634,1.3182,1.438754]",
3031,"[4.948016,1.3182,1.444505]",
3032,"[4.944687,1.3182,1.449432]",
3033,"[4.938697,1.3182,1.457619]",
3034,"[4.93579,1.3182,1.461726]",
3035,"[4.93031,1.3182,1.469664]",
3036,"[4.928206,1.3182,1.474229]",
3037,"[4.927966,1.3182,1.48014]",
3038,"[4.930869,1.3182,1.48146]",
3039,"[4.932678,1.3182,1.48347]",
3040,"[4.936847,1.3182,1.494109]",
3041,"[4.938744,1.3182,1.502681]",
3042,"[4.962749,1.231472,1.518633]",
3043,"[4.963579,1.215281,1.518633]",
3044,"[4.96664,1.185091,1.518633]",
3045,"[4.966957,1.17093,1.518633]",
3046,"[4.965888,1.15079,1.518633]",
3047,"[4.964976,1.141503,1.518633]",
3048,"[4.963936,1.133672,1.518633]",
3049,"[4.960736,1.114326,1.518633]",
3050,"[4.956085,1.096653,1.518633]",
3051,"[4.950769,1.077547,1.518633]",
3052,"[4.93294,1.022299,1.518633]",
3053,"[4.916236,0.97414,1.518633]",
3054,"[4.911171,0.9592247,1.518633]",
3055,"[4.906011,0.9438652,1.518633]",
3056,"[4.905095,0.9298311,1.518633]",
3057,"[4.90502,0.9280143,1.518633]",
3058,"[4.904335,0.9239687,1.518633]",
3059,"[4.903856,0.9216362,1.518633]",
3060,"[4.903033,0.9177138,1.518633]",
3061,"[4.89319,0.9061301,1.518633]",
3062,"[4.884343,0.8983982,1.518633]",
3063,"[4.877363,0.8927214,1.518633]",
3064,"[4.876533,0.8902372,1.518633]",
3065,"[4.874176,0.8841211,1.518633]",
3066,"[4.87295,0.8804587,1.518633]",
3067,"[4.871266,0.875484,1.518633]",
3068,"[4.870349,0.8732812,1.518633]",
3069,"[4.868563,0.8701097,1.518633]",
3070,"[4.868408,0.8688811,1.518633]",
3071,"[4.868307,0.8684682,1.518633]",
3072,"[4.926705,0.825111,1.547622]",
3073,"[4.934337,0.8251008,1.557375]",
3074,"[4.950699,0.7917428,1.564152]",
3075,"[4.958117,0.774053,1.564541]",
3076,"[4.967206,0.7514921,1.565107]",
3077,"[4.970558,0.7440118,1.56523]",
3078,"[4.975098,0.7328367,1.564328]",
3079,"[4.977043,0.7271956,1.563857]",
3080,"[4.97904,0.7198502,1.563374]",
3081,"[4.980565,0.7065716,1.562796]",
3082,"[4.98026,0.701193,1.562758]",
3083,"[4.979079,0.6936527,1.562898]",
3084,"[4.97837,0.6911145,1.563024]",
3085,"[4.977969,0.6870238,1.563038]",
3086,"[4.977298,0.6880988,1.563233]",
3087,"[4.977733,0.7018692,1.56342]",
3088,"[4.978833,0.7140403,1.563401]",
3089,"[4.978652,0.7145956,1.563459]",
3090,"[4.978938,0.7137608,1.563368]",
3091,"[4.978706,0.7131734,1.563414]",
3092,"[4.964519,0.8832097,1.620133]",
3093,"[4.959477,0.9492481,1.641478]",
3094,"[4.961014,0.95358,1.62351]",
3095,"[4.954984,1.00645,1.51628]",
3096,"[4.959107,1.012597,1.501459]",
3097,"[4.961666,1.014435,1.490551]",
3098,"[4.959205,1.006385,1.477912]",
3099,"[4.958793,0.9981203,1.472338]",
3100,"[4.95835,0.9955454,1.470928]",
3101,"[4.958355,0.9988909,1.473045]",
3102,"[4.958466,1.001438,1.474514]",
3103,"[4.956586,0.9949765,1.467836]",
3104,"[4.963103,0.9925144,1.459169]",
3105,"[4.958899,0.9945221,1.450848]",
3106,"[4.96503,1.000278,1.446149]",
3107,"[4.964608,1.008904,1.446053]",
3108,"[4.964986,1.014103,1.448881]",
3109,"[4.965583,1.018512,1.451565]",
3110,"[4.965612,1.017551,1.454586]",
3111,"[4.965169,1.013256,1.455322]",
3112,"[4.929008,0.825111,1.364029]",
3113,"[4.927732,0.825111,1.390221]",
3114,"[4.926728,0.825111,1.404064]",
3115,"[4.924335,0.825111,1.418507]",
3116,"[4.92343,0.825111,1.422277]",
3117,"[4.923074,0.8251111,1.423806]",
3118,"[4.923177,0.8251111,1.424022]",
3119,"[4.932363,0.8251111,1.420303]",
3120,"[4.937499,0.825111,1.418177]",
3121,"[4.957389,0.8251111,1.414465]",
3122,"[4.967956,0.825111,1.413406]",
3123,"[4.976305,0.825111,1.412781]",
3124,"[4.994593,0.825111,1.411434]",
3125,"[5.001391,0.825111,1.410967]",
3126,"[5.010261,0.825111,1.409497]",
3127,"[5.013117,0.825111,1.408956]",
3128,"[5.018436,0.825111,1.407637]",
3129,"[5.020995,0.825111,1.406622]",
3130,"[5.022229,0.825111,1.403673]",
3131,"[5.021677,0.825111,1.402116]",
3132,"[5.020994,0.825111,1.400606]",
3133,"[5.019222,0.825111,1.400358]",
3134,"[5.01805,0.825111,1.40163]",
3135,"[5.015853,0.8251111,1.406541]",
3136,"[5.01463,0.8251111,1.410695]",
3137,"[5.014007,0.8251111,1.414436]",
3138,"[5.013708,0.825111,1.420842]",
3139,"[5.013884,0.825111,1.42283]",
3140,"[5.017358,0.8251111,1.424401]",
3141,"[5.017617,0.8251111,1.424705]",
3142,"[5.017493,0.825111,1.42586]",
3143,"[5.017197,0.825111,1.426317]",
3144,"[5.006177,0.825111,1.446035]",
3145,"[5.003292,0.825111,1.450394]",
3146,"[5.000768,0.8251109,1.453948]",
3147,"[4.997049,0.8251109,1.458334]",
3148,"[4.995286,0.8251109,1.460051]",
3149,"[4.992304,0.8251109,1.462283]",
3150,"[4.990877,0.8251109,1.463652]",
3151,"[4.995422,0.843717,1.472963]",
3152,"[4.995652,0.846109,1.475103]",
3153,"[4.905801,0.5773456,1.390614]",
3154,"[5.095561,1.139932,1.569478]",
3155,"[5.096655,1.139219,1.569305]",
3156,"[5.099204,1.142234,1.569434]",
3157,"[5.101326,1.146238,1.569691]",
3158,"[5.104261,1.152193,1.569951]",
3159,"[5.110496,1.170423,1.57374]",
3160,"[5.112717,1.187841,1.577229]",
3161,"[5.126478,1.229772,1.589241]",
3162,"[5.133717,1.253123,1.595561]",
3163,"[5.138605,1.2691,1.59921]",
3164,"[4.985174,0.5773456,1.384692]",
3165,"[4.984416,0.5773456,1.380376]",
3166,"[4.972909,0.5773456,1.372867]",
3167,"[4.965883,0.5773456,1.370922]",
3168,"[4.960638,0.5773456,1.370349]",
3169,"[4.918769,0.5773456,1.367128]",
3170,"[4.896297,0.5773456,1.368055]",
3171,"[4.881836,0.5773456,1.371004]",
3172,"[4.878437,0.5773456,1.372139]",
3173,"[4.875542,0.5773456,1.373495]",
3174,"[4.873558,0.5773456,1.374428]",
3175,"[4.873751,0.5773456,1.373525]",
3176,"[4.874487,0.5773456,1.371631]",
3177,"[4.882936,0.5773456,1.358719]",
3178,"[4.923456,0.5773456,1.302342]",
3179,"[4.938472,0.5773456,1.280408]",
3180,"[4.952743,0.5773456,1.257475]",
3181,"[4.956637,0.5773456,1.250338]",
3182,"[4.959448,0.5773456,1.244136]",
3183,"[4.962305,0.5773456,1.236008]",
3184,"[4.962704,0.5773456,1.233387]",
3185,"[4.962637,0.5773456,1.229098]",
3186,"[4.96216,0.5773456,1.227273]",
3187,"[4.962021,0.5773456,1.222535]",
3188,"[4.962562,0.5773456,1.204586]",
3189,"[4.962683,0.5773456,1.193815]",
3190,"[4.962801,0.5773456,1.181123]",
3191,"[4.962764,0.5773456,1.176293]",
3192,"[4.96244,0.5773456,1.168472]",
3193,"[4.962547,0.5773456,1.163948]",
3194,"[4.963267,0.5773456,1.158342]",
3195,"[4.963086,0.5773456,1.157084]",
3196,"[4.962668,0.5773456,1.156577]",
3197,"[4.963017,0.5773456,1.158116]",
3198,"[4.962956,0.5773456,1.159369]",
3199,"[4.961944,0.5773456,1.159136]",
3200,"[4.960609,0.5773456,1.157126]",
3201,"[4.954512,0.5773456,1.139178]",
3202,"[4.931878,0.5773456,1.121934]",
3203,"[4.897836,0.5773456,1.098686]",
3204,"[4.883286,0.5773456,1.088661]",
3205,"[4.873124,0.5773456,1.081284]",
3206,"[4.852761,0.5773456,1.062087]",
3207,"[4.842303,0.5773456,1.052414]",
3208,"[4.825695,0.5773456,1.028898]",
3209,"[4.819083,0.5773456,1.016286]",
3210,"[4.812592,0.5979071,1.010608]",
3211,"[4.811649,0.6065853,1.010312]",
3212,"[4.82731,0.6229371,1.01522]",
3213,"[4.839626,0.6254252,1.01908]",
3214,"[4.84635,0.6281934,1.021187]",
3215,"[4.857187,0.6288007,1.024583]",
3216,"[4.86191,0.6281017,1.026063]",
3217,"[4.876903,0.6091869,1.030761]",
3218,"[4.884214,0.5998336,1.033053]",
3219,"[4.904239,0.5773456,1.039855]",
3220,"[4.910309,0.5773456,1.048312]",
3221,"[4.933658,0.5773456,1.074132]",
3222,"[4.941544,0.5773456,1.077996]",
3223,"[4.947644,0.5773456,1.079809]",
3224,"[4.958838,0.5773456,1.089914]",
3225,"[4.963052,0.5773456,1.098935]",
3226,"[4.965025,0.5773456,1.11237]",
3227,"[4.966355,0.5773456,1.123025]",
3228,"[4.965437,0.5773456,1.133201]",
3229,"[4.962805,0.5773456,1.135752]",
3230,"[4.959141,0.5773456,1.137447]",
3231,"[4.949992,0.5773456,1.142772]",
3232,"[4.945956,0.5773456,1.148228]",
3233,"[4.937057,0.5773456,1.157059]",
3234,"[4.931771,0.5773456,1.15941]",
3235,"[4.920521,0.5773456,1.157256]",
3236,"[4.91286,0.5773456,1.152626]",
3237,"[4.901473,0.5773456,1.126377]",
3238,"[4.855351,0.6767576,1.024008]",
3239,"[4.842172,0.7116502,1.019878]",
3240,"[4.824708,0.7537956,1.014405]",
3241,"[4.814473,0.7745477,1.011197]",
3242,"[4.802634,0.7874001,0.9871899]",
3243,"[4.882247,0.1000001,0.2222658]",
3244,"[4.717632,1.358999,1.542224]",
3245,"[4.716245,1.38323,1.542961]",
3246,"[4.758283,0.9469529,0.8405682]",
3247,"[4.748647,0.9921978,0.8405682]",
3248,"[4.739164,1.027097,0.8405682]",
3249,"[4.719456,1.081853,0.8405682]",
3250,"[4.710576,1.092718,0.8405682]",
3251,"[4.691393,1.115251,0.8405682]",
3252,"[4.68801,1.114185,0.8405682]",
3253,"[4.68157,1.113318,0.8405682]",
3254,"[4.655328,1.106985,0.8405682]",
3255,"[4.615366,0.9166416,0.5459979]",
3256,"[4.624627,1.520358,1.565005]",
3257,"[4.617923,1.514654,1.566359]",
3258,"[4.614199,1.50675,1.566047]",
3259,"[4.611102,1.50039,1.564205]",
3260,"[4.608159,1.492332,1.564527]",
3261,"[4.608682,1.484707,1.561832]",
3262,"[4.607532,1.47379,1.56002]",
3263,"[4.601091,1.461538,1.553509]",
3264,"[4.594758,1.454968,1.54767]",
3265,"[4.584563,1.446182,1.537818]",
3266,"[4.426364,1.336403,1.452662]",
3267,"[4.374615,1.301579,1.436444]",
3268,"[3.922496,0.8144361,0.9933199]",
3269,"[3.907647,0.8144361,1.019063]",
3270,"[3.911558,0.813704,1.025966]",
3271,"[3.920484,0.7904232,1.025966]",
3272,"[3.930133,0.781782,1.025966]",
3273,"[3.938502,0.7755492,1.025966]",
3274,"[3.957601,0.7722577,1.025966]",
3275,"[3.970495,0.7770867,1.025966]",
3276,"[3.995804,0.7916087,1.025966]",
3277,"[4.37587,1.266643,1.436838]",
3278,"[4.433681,1.352474,1.454955]",
3279,"[4.43933,1.363375,1.448491]",
3280,"[4.438519,1.363375,1.432042]",
3281,"[4.438918,1.363375,1.427868]",
3282,"[4.440664,1.363375,1.427102]",
3283,"[4.445818,1.363375,1.430361]",
3284,"[4.447813,1.363375,1.434051]",
3285,"[4.449131,1.363375,1.441891]",
3286,"[4.448256,1.363375,1.447373]",
3287,"[3.523404,0.522711,0.7341476]",
3288,"[3.508301,0.522711,0.7572098]",
3289,"[3.283382,0.3287725,0.6029561]",
3290,"[3.178366,0.2725369,0.6029561]",
3291,"[3.119104,0.2482268,0.6029561]",
3292,"[3.028729,0.2293895,0.6029561]",
3293,"[2.831767,0.1,0.4990357]",
3294,"[2.794635,0.1,0.5036285]",
3295,"[2.772476,0.1,0.5086794]",
3296,"[3.286676,0.5212119,0.867282]",
3297,"[3.286682,0.5216241,0.8679023]",
3298,"[3.286706,0.5231203,0.8705758]",
3299,"[3.286658,0.5257751,0.86526]",
3300,"[3.28647,0.5638455,0.8444988]",
3301,"[3.240359,0.5777288,0.7968301]",
3302,"[3.033888,0.5649925,0.6029561]",
3303,"[3.078316,0.6765712,0.6029561]",
3304,"[3.088247,0.7017513,0.6029561]",
3305,"[3.093949,0.7105497,0.6029561]",
3306,"[3.095702,0.7171411,0.6029561]",
3307,"[3.096005,0.7168692,0.6029561]",
3308,"[3.093541,0.7133394,0.6029561]",
3309,"[3.090523,0.7100083,0.6029561]",
3310,"[3.075826,0.6990138,0.6029561]",
3311,"[3.062551,0.6903242,0.6029561]",
3312,"[3.160103,0.7173764,1.084448]",
3313,"[3.118667,0.67572,1.164764]",
3314,"[3.100843,0.6574886,1.199312]",
3315,"[3.081034,0.6338834,1.237709]",
3316,"[3.074331,0.6257196,1.250702]",
3317,"[3.009492,0.5806856,1.246213]",
3318,"[3.010193,0.5806856,1.256887]",
3319,"[3.007977,0.5806856,1.27758]",
3320,"[3.030136,0.6099191,1.340643]",
3321,"[3.030136,0.6196246,1.375391]",
3322,"[3.007417,0.6298554,1.452601]",
3323,"[2.994349,0.6298554,1.470666]",
3324,"[2.98118,0.6298554,1.490615]",
3325,"[2.979235,0.6298554,1.490512]",
3326,"[2.96614,0.6298554,1.484826]",
3327,"[2.95666,0.6298554,1.475206]",
3328,"[2.948288,0.6298554,1.454219]",
3329,"[2.95399,0.6298554,1.443973]",
3330,"[2.977009,0.6298554,1.435579]",
3331,"[3.030136,0.6240506,1.419126]",
3332,"[3.215239,0.6002311,1.34538]",
3333,"[3.039274,0.1,0.8836111]",
3334,"[3.099091,0.1,0.8633699]",
3335,"[3.165322,0.1,0.8464189]",
3336,"[3.184991,0.1,0.8430912]",
3337,"[3.193608,0.1,0.8425737]",
3338,"[3.195213,0.1,0.8411319]",
3339,"[3.195942,0.1,0.8379231]",
3340,"[3.19766,0.1,0.8265005]",
3341,"[3.20066,0.1,0.818765]",
3342,"[3.448194,0.1,0.7034359]",
3343,"[3.541135,0.1428718,0.7139979]",
3344,"[3.628446,0.1539836,0.7047645]",
3345,"[3.657664,0.1539834,0.6999779]",
3346,"[3.682415,0.1539836,0.6962693]",
3347,"[3.702587,0.1539834,0.7025629]",
3348,"[3.715661,0.1539834,0.7072942]",
3349,"[3.730692,0.1471045,0.7114955]",
3350,"[3.731917,0.1443549,0.711802]",
3351,"[3.736451,0.1362229,0.7117563]",
3352,"[3.739409,0.1295261,0.7105323]",
3353,"[3.955714,0.4285819,0.9717354]",
3354,"[4.038033,0.5514361,1.076494]",
3355,"[4.057093,0.5514361,1.083876]",
3356,"[4.078472,0.5514361,1.093965]",
3357,"[4.083344,0.5514361,1.101098]",
3358,"[4.089577,0.5514361,1.113848]",
3359,"[4.089272,0.5469468,1.114712]",
3360,"[4.086995,0.5356885,1.114712]",
3361,"[4.085907,0.5315321,1.114712]",
3362,"[4.085588,0.5285818,1.114712]",
3363,"[4.088639,0.5209411,1.114712]",
3364,"[4.091922,0.516982,1.114712]",
3365,"[4.097812,0.514899,1.114712]",
3366,"[4.100616,0.5161782,1.114712]",
3367,"[4.102963,0.5201849,1.114712]",
3368,"[4.10388,0.5211462,1.114712]",
3369,"[4.104326,0.5190604,1.114712]",
3370,"[4.103374,0.5158698,1.114712]",
3371,"[4.102641,0.5131472,1.114712]",
3372,"[4.101239,0.5046087,1.114712]",
3373,"[4.100778,0.4989502,1.114712]",
3374,"[4.099365,0.4913848,1.114712]",
3375,"[4.098249,0.4907991,1.114712]",
3376,"[4.0963,0.5024473,1.114712]",
3377,"[4.095009,0.5147223,1.114712]",
3378,"[4.094919,0.5285224,1.114712]",
3379,"[4.093701,0.5502947,1.114712]",
3380,"[4.092699,0.5514361,1.111263]",
3381,"[4.092567,0.5514361,1.104365]",
3382,"[4.096085,0.5514361,1.103611]",
3383,"[4.10329,0.5514361,1.100012]",
3384,"[4.107026,0.5514361,1.096832]",
3385,"[4.088236,0.4579883,0.9829946]",
3386,"[4.121346,0.6027374,1.025966]",
3387,"[4.129345,0.6339359,1.025966]",
3388,"[4.140429,0.6696861,1.025966]",
3389,"[4.142868,0.6808996,1.025966]",
3390,"[4.148353,0.6978776,1.025966]",
3391,"[4.151294,0.7049444,1.025966]",
3392,"[4.154569,0.7152067,1.025966]",
3393,"[4.156559,0.7191449,1.025966]",
3394,"[4.155342,0.723108,1.025966]",
3395,"[4.153998,0.7258931,1.025966]",
3396,"[4.153548,0.7259189,1.025966]",
3397,"[4.153274,0.7273878,1.025966]",
3398,"[4.153932,0.7338391,1.025966]",
3399,"[4.148437,0.7741014,1.025966]",
3400,"[4.146468,0.796482,1.025966]",
3401,"[4.148265,0.8144361,1.021504]",
3402,"[4.142403,0.8144361,1.011828]",
3403,"[4.136774,0.8144361,1.000393]",
3404,"[4.07989,0.4763843,0.7978019]",
3405,"[4.107096,0.741765,0.8558422]",
3406,"[4.105103,0.7600897,0.8134893]",
3407,"[4.118026,0.9719532,0.8347219]",
3408,"[4.110551,0.9980045,0.80448]",
3409,"[4.106746,0.9980045,0.7895771]",
3410,"[4.097925,0.9980045,0.7700959]",
3411,"[4.092693,0.9980045,0.7631995]",
3412,"[4.092758,0.9980045,0.76375]",
3413,"[4.087794,0.9980045,0.7585628]",
3414,"[4.087516,0.9980045,0.7594094]",
3415,"[4.086319,0.9980045,0.7614975]",
3416,"[4.081561,0.9980045,0.7583977]",
3417,"[4.075458,0.9980045,0.7585319]",
3418,"[4.070259,0.9980045,0.7562066]",
3419,"[4.068234,0.9980045,0.7598985]",
3420,"[4.055849,0.9980045,0.7632258]",
3421,"[4.047667,0.9980045,0.7663483]",
3422,"[3.69413,0.6140301,0.6214702]",
3423,"[3.695119,0.6443847,0.6434261]",
3424,"[3.516808,0.6859522,0.7413683]",
3425,"[3.493746,0.6814877,0.74624]",
3426,"[3.265162,0.3820577,0.6029561]",
3427,"[3.254346,0.37701,0.6029561]",
3428,"[3.239472,0.371426,0.6029561]",
3429,"[3.213338,0.3623958,0.6029561]",
3430,"[3.192925,0.3572438,0.6029561]",
3431,"[3.179475,0.3584223,0.6029561]",
3432,"[3.174698,0.3539223,0.6029561]",
3433,"[3.162279,0.3434226,0.6029561]",
3434,"[3.154048,0.3368787,0.6029561]",
3435,"[3.125867,0.3243043,0.6029561]",
3436,"[3.107859,0.3173025,0.6029561]",
3437,"[3.165342,0.506614,0.6029561]",
3438,"[3.184394,0.6020171,0.6029561]",
3439,"[3.186141,0.6252392,0.6029561]",
3440,"[3.191361,0.6619433,0.6029561]",
3441,"[3.196091,0.6779458,0.6029561]",
3442,"[3.210926,0.7001854,0.6029561]",
3443,"[3.2141,0.7089024,0.6029561]",
3444,"[3.219995,0.7143728,0.6029561]",
3445,"[3.228209,0.7150765,0.6029561]",
3446,"[3.231205,0.7112688,0.6029561]",
3447,"[3.246265,0.698422,0.6029561]",
3448,"[3.249202,0.692923,0.6029561]",
3449,"[3.260902,0.6777098,0.6029561]",
3450,"[3.270574,0.6627132,0.6029561]",
3451,"[3.276534,0.6513955,0.6029561]",
3452,"[3.28855,0.638128,0.6029561]",
3453,"[3.295755,0.6365054,0.6029561]",
3454,"[3.320588,0.6488689,0.6029561]",
3455,"[3.415077,0.770111,0.6687202]",
3456,"[3.424524,0.7701109,0.6604244]",
3457,"[3.514193,0.8872983,0.7237489]",
3458,"[3.535527,0.902376,0.7271788]",
3459,"[3.541665,0.902628,0.7257307]",
3460,"[3.547376,0.9024511,0.7242512]",
3461,"[3.556002,0.895869,0.7202436]",
3462,"[3.559452,0.89139,0.7179828]",
3463,"[3.566449,0.8844588,0.71353]",
3464,"[3.570102,0.8827208,0.7113218]",
3465,"[3.574672,0.876807,0.7040179]",
3466,"[3.577495,0.8751531,0.7000925]",
3467,"[3.581203,0.8761457,0.6959394]",
3468,"[3.584133,0.8925804,0.695311]",
3469,"[3.584927,0.892449,0.694185]",
3470,"[3.585337,0.921526,0.6935061]",
3471,"[3.586397,0.9220725,0.6920012]",
3472,"[3.5826,0.942334,0.6843206]",
3473,"[3.585053,0.9424788,0.6817452]",
3474,"[3.588748,0.9417662,0.6798128]",
3475,"[3.602121,0.9713426,0.6947073]",
3476,"[3.650482,1.090803,0.751973]",
3477,"[3.532193,0.770111,0.6044753]",
3478,"[3.532777,0.770111,0.6067256]",
3479,"[3.613766,1.001843,0.7144387]",
3480,"[3.616478,1.010561,0.7204096]",
3481,"[3.619533,1.025948,0.7307857]",
3482,"[3.538557,0.7701109,0.6385855]",
3483,"[3.537154,0.770111,0.6472166]",
3484,"[3.534538,0.770111,0.6600549]",
3485,"[3.531789,0.770111,0.6676754]",
3486,"[3.637855,1.154735,0.7973876]",
3487,"[3.517363,0.770111,0.6825213]",
3488,"[3.510013,0.770111,0.6831045]",
3489,"[3.503355,0.770111,0.6837955]",
3490,"[3.499314,0.770111,0.6815826]",
3491,"[3.496332,0.770111,0.6799815]",
3492,"[3.493201,0.770111,0.6784262]",
3493,"[3.493026,0.770111,0.6787465]",
3494,"[3.493484,0.770111,0.679458]",
3495,"[3.494193,0.770111,0.679876]",
3496,"[3.496564,0.770111,0.6787856]",
3497,"[3.497012,0.770111,0.6781418]",
3498,"[3.497228,0.770111,0.677688]",
3499,"[3.495577,0.770111,0.6717494]",
3500,"[3.523518,0.770111,0.6351235]",
3501,"[3.533368,0.7701109,0.6193202]",
3502,"[3.538429,0.7701109,0.612498]",
3503,"[3.54378,0.7701109,0.6057119]",
3504,"[3.545084,0.770111,0.6044624]",
3505,"[3.546146,0.7701109,0.6038154]",
3506,"[3.548366,0.770111,0.6038202]",
3507,"[3.549372,0.7701109,0.6040668]",
3508,"[3.545673,0.770111,0.6092574]",
3509,"[3.542188,0.770111,0.6140317]",
3510,"[3.52437,0.770111,0.6534713]",
3511,"[3.519477,0.770111,0.6677375]",
3512,"[3.517255,0.770111,0.6850909]",
3513,"[3.517247,0.770111,0.6909319]",
3514,"[3.518524,0.770111,0.6948447]",
3515,"[3.520623,0.770111,0.6999761]",
3516,"[3.521579,0.770111,0.7015451]",
3517,"[3.542748,0.8691627,0.7262061]",
3518,"[3.541662,0.8593792,0.7262238]",
3519,"[3.539166,0.8403409,0.726478]",
3520,"[3.538203,0.1497489,0.6944336]",
3521,"[3.574281,0.1511825,0.7254159]",
3522,"[3.582509,0.1514709,0.732576]",
3523,"[3.592975,0.1518613,0.741626]",
3524,"[3.596828,0.1518558,0.7453215]",
3525,"[3.597925,0.15194,0.7461648]",
3526,"[3.599931,0.1514046,0.7493867]",
3527,"[3.601537,0.1512509,0.7512962]",
3528,"[3.604217,0.1498829,0.7571913]",
3529,"[3.606968,0.1503503,0.7586803]",
3530,"[3.609133,0.1502039,0.7611066]",
3531,"[3.611192,0.1,0.7651107]",
3532,"[3.614755,0.1,0.7674118]",
3533,"[3.61792,0.1,0.7744174]",
3534,"[3.618249,0.1,0.7781779]",
3535,"[3.612305,0.1,0.808472]",
3536,"[3.609686,0.1,0.8210315]",
3537,"[3.608474,0.1,0.8360143]",
3538,"[3.608251,0.1,0.8406428]",
3539,"[3.608249,0.1,0.8442863]",
3540,"[3.61263,0.1,0.8429424]",
3541,"[3.614198,0.1,0.8412774]",
3542,"[3.614616,0.1,0.8358614]",
3543,"[3.613857,0.1,0.8335446]",
3544,"[3.613413,0.1,0.8265064]",
3545,"[3.612823,0.1,0.8232138]",
3546,"[3.611519,0.1,0.8168605]",
3547,"[3.611156,0.1,0.8143116]",
3548,"[3.610587,0.1,0.8115449]",
3549,"[3.615329,0.1,0.8084654]",
3550,"[3.620861,0.1,0.8071441]",
3551,"[3.62865,0.1000001,0.8035249]",
3552,"[3.632918,0.1,0.8009868]",
3553,"[3.637429,0.0999999,0.7978725]",
3554,"[3.639939,0.1,0.7960442]",
3555,"[3.642236,0.0999999,0.7945257]",
3556,"[3.643174,0.1,0.7933537]",
3557,"[3.643391,0.1,0.7931002]",
3558,"[3.643599,0.1,0.79135]",
3559,"[3.643493,0.1,0.7893196]",
3560,"[3.644401,0.1515147,0.7871788]",
3561,"[3.644357,0.1539834,0.7811052]",
3562,"[3.653811,0.1539833,0.7497954]",
3563,"[3.639136,0.2915601,0.6925267]",
3564,"[3.632923,0.2949017,0.6613085]",
3565,"[3.644382,0.7120546,0.7107799]",
3566,"[3.642138,0.7481762,0.7034353]",
3567,"[3.635154,0.7651542,0.6898808]",
3568,"[3.63158,0.7696424,0.6866338]",
3569,"[3.629559,0.770111,0.6859433]",
3570,"[3.628652,0.7701108,0.6851255]",
3571,"[3.627922,0.7701109,0.6840583]",
3572,"[3.626544,0.770111,0.6810299]",
3573,"[3.625927,0.770111,0.6788425]",
3574,"[3.624838,0.770111,0.6736809]",
3575,"[3.622084,0.770111,0.6738335]",
3576,"[3.499669,0.1,0.7200737]",
3577,"[3.505576,0.1,0.7556924]",
3578,"[3.511993,0.1,0.7867201]",
3579,"[3.515443,0.1,0.7974124]",
3580,"[3.519675,0.1,0.8073274]",
3581,"[3.522971,0.1,0.8108848]",
3582,"[3.528944,0.1,0.8136517]",
3583,"[3.539695,0.1,0.8196046]",
3584,"[3.542291,0.1,0.8216212]",
3585,"[3.543344,0.1,0.8256084]",
3586,"[3.540151,0.1,0.8282793]",
3587,"[3.503405,0.1,0.8413301]",
3588,"[3.415958,0.1,0.8918115]",
3589,"[3.366476,0.1,0.9218626]",
3590,"[3.254836,0.1,0.9925386]",
3591,"[3.151869,0.5806856,1.304573]",
3592,"[3.055227,0.5806856,1.369405]",
3593,"[3.030136,0.615924,1.420747]",
3594,"[2.957023,0.6298554,1.527631]",
3595,"[2.85998,0.5806856,1.630509]",
3596,"[2.764893,0.5806856,2.016193]",
3597,"[2.756449,0.5806857,2.092369]",
3598,"[2.754928,0.5806857,2.159019]",
3599,"[2.855612,0.6694043,2.193371]",
3600,"[2.85013,0.6530508,2.193371]",
3601,"[2.858032,0.6464104,2.193371]",
3602,"[2.813458,0.5806857,2.181994]",
3603,"[2.824482,0.5806857,2.120198]",
3604,"[2.8243,0.5806857,2.103661]",
3605,"[2.821721,0.5806857,2.097252]",
3606,"[2.817704,0.5806857,2.096904]",
3607,"[2.79503,0.5806857,2.10827]",
3608,"[2.772951,0.5806857,2.115908]",
3609,"[2.764868,0.5806857,2.116723]",
3610,"[2.759029,0.5886328,2.092575]",
3611,"[2.744652,0.5806857,2.085253]",
3612,"[2.737949,0.5806856,2.055432]",
3613,"[2.73758,0.5806856,2.05106]",
3614,"[2.739421,0.5806856,2.049806]",
3615,"[2.761984,0.5806857,2.084365]",
3616,"[2.775351,0.5806857,2.104764]",
3617,"[2.866827,0.5894207,2.193371]",
3618,"[2.90107,0.6086527,2.193371]",
3619,"[2.93735,0.6257437,2.193371]",
3620,"[2.938114,0.6252586,2.193371]",
3621,"[2.937874,0.6243322,2.193371]",
3622,"[2.924714,0.6193607,2.193371]",
3623,"[2.917348,0.6171854,2.193371]",
3624,"[2.898002,0.6088718,2.193371]",
3625,"[2.88399,0.600314,2.193371]",
3626,"[2.860119,0.5806857,2.180889]",
3627,"[2.862272,0.5806857,2.16413]",
3628,"[2.872931,0.5806856,1.907088]",
3629,"[2.879686,0.5806856,1.852079]",
3630,"[2.885201,0.5806856,1.822604]",
3631,"[2.897466,0.5806856,1.778225]",
3632,"[2.899992,0.5806856,1.770497]",
3633,"[2.907654,0.5806856,1.752746]",
3634,"[2.911891,0.5806856,1.744089]",
3635,"[2.917103,0.5806856,1.704662]",
3636,"[2.918859,0.5806856,1.67316]",
3637,"[2.975503,0.6298554,1.550819]",
3638,"[3.030136,0.595569,1.425697]",
3639,"[3.051249,0.5806856,1.366414]",
3640,"[3.103758,0.5806856,1.247424]",
3641,"[3.132229,0.5806856,1.175125]",
3642,"[3.150574,0.5806856,1.129864]",
3643,"[3.183409,0.6002311,1.093757]",
3644,"[3.187092,0.6002311,1.089722]",
3645,"[3.192056,0.6002311,1.097403]",
3646,"[3.228772,0.6002311,1.146456]",
3647,"[3.246189,0.6002311,1.174698]",
3648,"[3.26161,0.6002311,1.201267]",
3649,"[3.290107,0.5877408,1.246545]",
3650,"[3.290238,0.5703315,1.261052]",
3651,"[3.29043,0.5391384,1.282247]",
3652,"[3.29045,0.5386965,1.284466]",
3653,"[3.290446,0.5397727,1.284004]",
3654,"[3.290427,0.5410967,1.281936]",
3655,"[3.290376,0.5501611,1.276281]",
3656,"[3.290233,0.5635427,1.260485]",
3657,"[3.290116,0.5714151,1.247571]",
3658,"[3.289842,0.587145,1.21725]",
3659,"[3.289681,0.5940577,1.199472]",
3660,"[3.289181,0.6002311,1.172088]",
3661,"[3.287623,0.6002311,1.156699]",
3662,"[3.288084,0.6002311,1.137578]",
3663,"[3.288783,0.5927042,1.100207]",
3664,"[3.080249,0.1,0.9142926]",
3665,"[3.172,0.1,0.8622469]",
3666,"[3.216974,0.1,0.8474231]",
3667,"[3.273226,0.1,0.8281795]",
3668,"[3.293091,0.1,0.8188772]",
3669,"[3.319894,0.1,0.8036302]",
3670,"[3.330312,0.1000001,0.7948768]",
3671,"[3.458184,0.1,0.7059094]",
3672,"[3.510915,0.1394221,0.6935273]",
3673,"[3.526176,0.1470647,0.6894834]",
3674,"[3.543574,0.1539837,0.6878927]",
3675,"[3.546161,0.1539837,0.6916193]",
3676,"[3.556166,0.152315,0.7053443]",
3677,"[3.562278,0.1498935,0.7170877]",
3678,"[3.56116,0.1,0.7270763]",
3679,"[3.561131,0.0999999,0.7378209]",
3680,"[3.555942,0.1,0.7443325]",
3681,"[3.543098,0.1,0.7552558]",
3682,"[3.485105,0.1000001,0.7639236]",
3683,"[3.359217,0.1,0.7412443]",
3684,"[3.313804,0.1,0.7293302]",
3685,"[3.280778,0.1,0.7211536]",
3686,"[3.272287,0.1,0.7192773]",
3687,"[3.260915,0.1,0.7180337]",
3688,"[3.253013,0.1000001,0.7150945]",
3689,"[3.244014,0.1,0.7101316]",
3690,"[3.219894,0.1,0.6931609]",
3691,"[3.206607,0.1,0.6816163]",
3692,"[3.196851,0.1,0.6699435]",
3693,"[3.198769,0.1,0.6695229]",
3694,"[3.221921,0.1,0.6906531]",
3695,"[3.233969,0.1,0.7043356]",
3696,"[3.243729,0.1,0.7155797]",
3697,"[3.248663,0.1,0.7261109]",
3698,"[3.247765,0.1,0.7308258]",
3699,"[3.217656,0.1,0.7685045]",
3700,"[3.288274,0.5392047,1.043873]",
3701,"[3.288533,0.5818956,1.072576]",
3702,"[3.288583,0.5901367,1.078093]",
3703,"[3.288623,0.5933042,1.082488]",
3704,"[3.288639,0.5917287,1.084199]",
3705,"[3.288649,0.5877759,1.08538]",
3706,"[3.288557,0.5780718,1.075126]",
3707,"[3.288511,0.570361,1.070099]",
3708,"[3.288465,0.5740218,1.06499]",
3709,"[3.288429,0.5646164,1.061082]",
3710,"[3.288354,0.5479263,1.052774]",
3711,"[3.288352,0.5475044,1.052529]",
3712,"[3.2884,0.5345446,1.057825]",
3713,"[3.288459,0.5335263,1.064372]",
3714,"[3.288527,0.533072,1.071922]",
3715,"[3.288634,0.5307278,1.083725]",
3716,"[3.166737,0.3199859,1.09268]",
3717,"[3.174762,0.3329571,1.127546]",
3718,"[3.176233,0.3329571,1.137323]",
3719,"[3.17975,0.3329571,1.150746]",
3720,"[3.182191,0.3329571,1.156328]",
3721,"[3.184744,0.3328376,1.160756]",
3722,"[3.168254,0.2885586,1.17123]",
3723,"[3.156468,0.2680359,1.178716]",
3724,"[3.152315,0.2321202,1.181354]",
3725,"[3.17768,0.2613383,1.165243]",
3726,"[3.190232,0.2618071,1.157269]",
3727,"[3.199846,0.2683897,1.151163]",
3728,"[3.199966,0.252759,1.144994]",
3729,"[3.197268,0.2401081,1.140746]",
3730,"[3.19215,0.2306538,1.132688]",
3731,"[3.185304,0.2157365,1.12191]",
3732,"[3.179843,0.2154053,1.113313]",
3733,"[3.166134,0.214498,1.091731]",
3734,"[3.161196,0.2090489,1.083956]",
3735,"[3.153063,0.1784009,1.071153]",
3736,"[3.150017,0.1505796,1.066357]",
3737,"[3.145758,0.1,1.054749]",
3738,"[3.476058,0.1,0.8990288]",
3739,"[3.478735,0.1,0.9017584]",
3740,"[3.491898,0.1,0.914627]",
3741,"[3.496254,0.1,0.9172938]",
3742,"[3.507774,0.1,0.9131631]",
3743,"[3.511961,0.1,0.9094473]",
3744,"[3.516093,0.1,0.9046038]",
3745,"[3.524973,0.1,0.8992356]",
3746,"[3.541652,0.1,0.8957909]",
3747,"[3.573462,0.1,0.9019905]",
3748,"[3.580777,0.1,0.9276757]",
3749,"[3.580492,0.1,0.9347644]",
3750,"[3.570884,0.1,0.9433708]",
3751,"[3.563915,0.1,0.9454113]",
3752,"[3.557569,0.1,0.9403933]",
3753,"[3.521172,0.09999996,0.9237181]",
3754,"[3.511344,0.09999996,0.9123496]",
3755,"[3.507725,0.1,0.8904702]",
3756,"[3.516709,0.1,0.8575274]",
3757,"[3.516573,0.1,0.8041146]",
3758,"[3.511021,0.1,0.773478]",
3759,"[3.504532,0.1,0.7575347]",
3760,"[3.494929,0.1,0.7412528]",
3761,"[3.489463,0.1,0.7446012]",
3762,"[3.488889,0.1,0.778716]",
3763,"[3.499267,0.1,0.8315408]",
3764,"[3.501572,0.1,0.8567405]",
3765,"[3.501639,0.09999996,0.8655264]",
3766,"[3.500734,0.1,0.8676431]",
3767,"[3.497444,0.1,0.8691501]",
3768,"[3.49626,0.1,0.8691528]",
3769,"[3.497991,0.1,0.8675661]",
3770,"[3.499536,0.09999996,0.8654458]",
3771,"[3.500457,0.1,0.862566]",
3772,"[3.498743,0.09999996,0.8455727]",
3773,"[3.496419,0.1,0.832996]",
3774,"[3.47232,0.1,0.7217108]",
3775,"[3.458243,0.1,0.6817149]",
3776,"[3.471329,0.1927009,0.6913373]",
3777,"[3.474885,0.2156329,0.6915318]",
3778,"[3.478528,0.2254584,0.6904974]",
3779,"[3.481332,0.2271116,0.6904737]",
3780,"[3.487786,0.2289264,0.6906793]",
3781,"[3.494842,0.2339888,0.6905018]",
3782,"[3.521882,0.3174774,0.7292664]",
3783,"[3.539484,0.256317,0.6904877]",
3784,"[3.560534,0.264742,0.6907326]",
3785,"[3.627563,0.2662317,0.6953943]",
3786,"[3.673033,0.2629891,0.6926434]",
3787,"[3.764243,0.1539834,0.6271858]",
3788,"[3.808466,0.1539834,0.6198913]",
3789,"[3.857399,0.1,0.5849635]",
3790,"[4.070779,0.2129298,0.7107403]",
3791,"[4.077775,0.2129298,0.7096423]",
3792,"[4.066522,0.2129298,0.7032021]",
3793,"[4.039203,0.2129298,0.7015322]",
3794,"[3.952174,0.2129298,0.6741503]",
3795,"[3.951274,0.1604622,0.6433107]",
3796,"[3.884615,0.1,0.6225004]",
3797,"[3.863124,0.1,0.6278523]",
3798,"[3.845617,0.1,0.6311201]",
3799,"[3.825633,0.1,0.6380236]",
3800,"[3.788506,0.1092103,0.6547634]",
3801,"[3.763665,0.1459036,0.6776838]",
3802,"[3.684623,0.1539834,0.6772329]",
3803,"[3.667646,0.2063199,0.6981214]",
3804,"[3.645354,0.2300896,0.7013394]",
3805,"[3.64305,0.2332704,0.7007656]",
3806,"[3.637223,0.2398609,0.6995043]",
3807,"[3.635382,0.2418128,0.6991228]",
3808,"[3.627383,0.2468065,0.6979211]",
3809,"[3.620595,0.2504638,0.6969773]",
3810,"[3.5971,0.2765956,0.6916852]",
3811,"[3.58584,0.2901253,0.688136]",
3812,"[3.559665,0.7338037,0.7282704]",
3813,"[3.559598,0.7339858,0.7282645]",
3814,"[3.559367,0.7342652,0.7282802]",
3815,"[3.558539,0.7344395,0.728421]",
3816,"[3.557937,0.7336915,0.7286127]",
3817,"[3.556575,0.7277238,0.7294836]",
3818,"[3.555045,0.7250379,0.7300512]",
3819,"[3.553058,0.7079513,0.7321784]",
3820,"[3.548481,0.6757258,0.7343341]",
3821,"[3.543832,0.6631259,0.7354583]",
3822,"[3.532342,0.62145,0.7375081]",
3823,"[3.526693,0.6103243,0.7387141]",
3824,"[3.486439,0.522711,0.6935983]",
3825,"[3.533232,0.522711,0.7453707]",
3826,"[3.537264,0.5006368,0.7411531]",
3827,"[3.654853,0.7403921,0.8928365]",
3828,"[3.671948,0.7537329,0.9036846]",
3829,"[3.690491,0.7820839,0.9208537]",
3830,"[3.69559,0.7943423,0.9241955]",
3831,"[3.701742,0.8135955,0.9330337]",
3832,"[3.701951,0.8205153,0.9361651]",
3833,"[3.70357,0.8462212,0.9499421]",
3834,"[3.704375,0.855033,0.9547436]",
3835,"[3.705302,0.8636278,0.9590988]",
3836,"[3.705478,0.8647724,0.9592634]",
3837,"[3.706174,0.8632069,0.9568342]",
3838,"[3.707222,0.8608735,0.955147]",
3839,"[3.709504,0.8579243,0.9536373]",
3840,"[3.717778,0.8362504,0.952229]",
3841,"[3.721878,0.823502,0.9529325]",
3842,"[3.629329,0.1539834,0.7082133]",
3843,"[3.633553,0.1539834,0.7185732]",
3844,"[3.638134,0.1539835,0.7277522]",
3845,"[3.635915,0.1539834,0.719864]",
3846,"[3.593191,0.2873703,0.6893013]",
3847,"[3.580403,0.2949017,0.6771172]",
3848,"[3.574052,0.2949017,0.6717833]",
3849,"[3.566909,0.3240818,0.6720869]",
3850,"[3.565634,0.3330452,0.6754915]",
3851,"[3.561481,0.3586409,0.6858793]",
3852,"[3.562222,0.3845029,0.6899658]",
3853,"[3.562697,0.4248639,0.6972263]",
3854,"[3.562918,0.4484074,0.7015347]",
3855,"[3.562522,0.4745585,0.7071534]",
3856,"[3.557359,0.5179527,0.7150592]",
3857,"[3.512898,0.522711,0.6725734]",
3858,"[3.481852,0.522711,0.6433328]",
3859,"[3.472272,0.522711,0.6353766]",
3860,"[3.471689,0.5227109,0.6154315]",
3861,"[3.474772,0.5227109,0.6019481]",
3862,"[3.485238,0.5227109,0.585577]",
3863,"[3.501962,0.5227109,0.5583278]",
3864,"[3.508367,0.522711,0.5479854]",
3865,"[3.516032,0.5227109,0.5357037]",
3866,"[3.518671,0.522711,0.5306623]",
3867,"[3.503443,0.5227109,0.5567586]",
3868,"[3.499425,0.522711,0.5682497]",
3869,"[3.532946,0.6187965,0.7372953]",
3870,"[3.524433,0.6045692,0.7391676]",
3871,"[3.508339,0.5703595,0.7324386]",
3872,"[3.487733,0.522711,0.7271389]",
3873,"[3.488173,0.522711,0.7393093]",
3874,"[3.487245,0.522711,0.7475886]",
3875,"[3.486484,0.5227112,0.7463228]",
3876,"[3.626041,0.8443852,0.9636325]",
3877,"[3.617498,0.8509267,0.9602891]",
3878,"[3.6061,0.8532608,0.9600947]",
3879,"[3.600953,0.8526914,0.9605623]",
3880,"[3.596629,0.8524684,0.9621907]",
3881,"[3.591157,0.8466048,0.9676955]",
3882,"[3.596238,0.843446,0.969654]",
3883,"[3.59822,0.8336987,0.975203]",
3884,"[3.597695,0.8266635,0.9788741]",
3885,"[3.589412,0.7964709,0.9740909]",
3886,"[3.331301,0.123641,0.5721151]",
3887,"[3.398144,0.1,0.6596527]",
3888,"[3.407481,0.1,0.6711605]",
3889,"[3.416367,0.1,0.679585]",
3890,"[3.608123,0.7622553,0.9973382]",
3891,"[3.615083,0.770002,0.9973126]",
3892,"[3.615569,0.7799093,0.9840523]",
3893,"[3.615115,0.7821697,0.9806896]",
3894,"[3.610019,0.784151,0.9736925]",
3895,"[3.605753,0.7835413,0.9716309]",
3896,"[3.601094,0.7834876,0.9695415]",
3897,"[3.596565,0.7822832,0.9706963]",
3898,"[3.595194,0.783765,0.9727089]",
3899,"[3.592662,0.7828556,0.9754669]",
3900,"[3.591463,0.7797496,0.9758236]",
3901,"[3.587498,0.7653311,0.970535]",
3902,"[3.517606,0.4280532,0.7564007]",
3903,"[3.515535,0.4261746,0.7587239]",
3904,"[3.500862,0.3932505,0.7397265]",
3905,"[3.481442,0.3402518,0.7108098]",
3906,"[3.457204,0.2809809,0.6786152]",
3907,"[3.364662,0.1,0.61288]",
3908,"[3.331821,0.1,0.6298921]",
3909,"[3.321998,0.1,0.631438]",
3910,"[3.30671,0.1,0.6300216]",
3911,"[3.300497,0.1,0.6272539]",
3912,"[3.291165,0.1,0.6231755]",
3913,"[3.288826,0.1,0.6207726]",
3914,"[3.286277,0.1,0.6167119]",
3915,"[3.28723,0.1,0.6061853]",
3916,"[3.29494,0.1077923,0.6029561]",
3917,"[3.346928,0.1,0.5983446]",
3918,"[3.36442,0.1,0.5985295]",
3919,"[3.531319,0.2187911,0.6949914]",
3920,"[3.54512,0.2208957,0.6956633]",
3921,"[3.554307,0.2252161,0.695729]",
3922,"[3.564783,0.231333,0.6956482]",
3923,"[3.569881,0.2327883,0.6958078]",
3924,"[3.571718,0.2315266,0.6960987]",
3925,"[3.572386,0.2305723,0.6962693]",
3926,"[3.572595,0.2235902,0.6971964]",
3927,"[3.572893,0.207469,0.6983065]",
3928,"[3.570001,0.1539834,0.6880679]",
3929,"[3.570625,0.1539834,0.6952629]",
3930,"[3.569089,0.1539834,0.6978676]",
3931,"[3.566488,0.1539834,0.7036733]",
3932,"[3.564802,0.1539834,0.7078511]",
3933,"[3.583413,0.1513019,0.733851]",
3934,"[3.594917,0.1503363,0.7471971]",
3935,"[3.61158,0.1371799,0.7643187]",
3936,"[3.621718,0.1306258,0.7713796]",
3937,"[3.631169,0.1212838,0.77759]",
3938,"[3.639496,0.1,0.7787259]",
3939,"[3.651973,0.4650174,0.9218402]",
3940,"[3.656716,0.5329641,0.9534149]",
3941,"[3.658338,0.5288796,0.9558742]",
3942,"[3.661339,0.5240866,0.9583247]",
3943,"[3.663634,0.5205266,0.9596871]",
3944,"[3.666616,0.5161214,0.960194]",
3945,"[3.670302,0.5159881,0.9608238]",
3946,"[3.672921,0.5247604,0.9616287]",
3947,"[3.67255,0.5306276,0.9600894]",
3948,"[3.670975,0.5414215,0.9581184]",
3949,"[3.670042,0.5460946,0.9576931]",
3950,"[3.669512,0.5510288,0.9583282]",
3951,"[3.670374,0.5807678,0.9699238]",
3952,"[3.672768,0.59343,0.9763089]",
3953,"[3.677231,0.6067054,0.983444]",
3954,"[3.679444,0.6107398,0.9844288]",
3955,"[3.681489,0.61408,0.9843178]",
3956,"[3.710704,0.1,0.8419256]",
3957,"[3.722524,0.1,0.8773665]",
3958,"[3.726897,0.1,0.9016645]",
3959,"[3.725828,0.1,0.907776]",
3960,"[3.59418,0.1,0.7826706]",
3961,"[3.582523,0.1,0.7705225]",
3962,"[3.538013,0.1460595,0.7032442]",
3963,"[3.534974,0.153046,0.6833105]",
3964,"[3.530725,0.1539835,0.6649347]",
3965,"[3.529976,0.1539835,0.6452593]",
3966,"[3.531712,0.1539835,0.6397646]",
3967,"[3.556771,0.1539835,0.6633753]",
3968,"[3.565712,0.1539835,0.6710051]",
3969,"[3.590194,0.1539834,0.6947238]",
3970,"[3.600707,0.1539834,0.7051008]",
3971,"[3.629144,0.1539834,0.7503771]",
3972,"[3.638037,0.1539834,0.7674513]",
3973,"[3.64446,0.1539834,0.7783239]",
3974,"[3.636737,0.1539359,0.7783876]",
3975,"[3.588331,0.1,0.7498198]",
3976,"[3.558547,0.1,0.7460927]",
3977,"[3.539306,0.1,0.7472146]",
3978,"[3.506574,0.1,0.7573783]",
3979,"[3.498493,0.1,0.7628589]",
3980,"[3.4952,0.1,0.7671489]",
3981,"[3.494224,0.1,0.7790018]",
3982,"[3.490392,0.1,0.7740411]",
3983,"[3.479646,0.1,0.7394655]",
3984,"[3.473348,0.1,0.7221521]",
3985,"[3.450262,0.1,0.6788074]",
3986,"[3.439649,0.1,0.663546]",
3987,"[3.427528,0.1,0.6476198]",
3988,"[3.448286,0.2012665,0.6897554]",
3989,"[3.449931,0.2055538,0.6898682]",
3990,"[3.450644,0.2159427,0.6898271]",
3991,"[3.450248,0.2211253,0.6891226]",
3992,"[3.448294,0.2211935,0.6889796]",
3993,"[3.445833,0.2204534,0.6889073]",
3994,"[3.447421,0.2176997,0.6893764]",
3995,"[3.456806,0.2162056,0.6902156]",
3996,"[3.467515,0.213147,0.6910748]",
3997,"[3.471054,0.2125432,0.6913177]",
3998,"[3.473552,0.2134462,0.691489]",
3999,"[3.479739,0.2177066,0.6915932]",
4000,"[3.498937,0.1885288,0.6930864]",
4001,"[3.513362,0.1457954,0.6803304]",
4002,"[3.6504,0.1539834,0.7165599]",
4003,"[3.668509,0.1539834,0.7192001]",
4004,"[3.690439,0.1539834,0.7240543]",
4005,"[3.712915,0.1433502,0.7322664]",
4006,"[3.719243,0.1341193,0.7309786]",
4007,"[3.722811,0.123628,0.7307228]",
4008,"[3.729199,0.1060659,0.7288405]",
4009,"[3.732132,0.1,0.7280952]",
4010,"[3.733151,0.1,0.7462171]",
4011,"[3.733099,0.1,0.7596864]",
4012,"[3.734671,0.1,0.7760717]",
4013,"[3.73299,0.1,0.7791862]",
4014,"[3.731456,0.1,0.7824088]",
4015,"[3.727264,0.1,0.7893284]",
4016,"[3.724888,0.1,0.7926302]",
4017,"[3.717964,0.1,0.7973677]",
4018,"[3.716244,0.1,0.7996212]",
4019,"[3.714383,0.1,0.8049204]",
4020,"[3.713449,0.1,0.807308]",
4021,"[3.711836,0.1,0.8119886]",
4022,"[3.711288,0.1,0.813915]",
4023,"[3.711031,0.1,0.815599]",
4024,"[3.710999,0.1,0.8172827]",
4025,"[3.71183,0.1,0.8193051]",
4026,"[3.713069,0.1,0.8212286]",
4027,"[3.713634,0.1,0.8218263]",
4028,"[3.714129,0.1,0.8224369]",
4029,"[3.71425,0.1,0.8224046]",
4030,"[3.714448,0.1,0.8222027]",
4031,"[3.71333,0.1,0.8205901]",
4032,"[3.713529,0.1,0.8208828]",
4033,"[3.714185,0.1,0.8211575]",
4034,"[3.714793,0.1,0.8212835]",
4035,"[3.717903,0.1,0.8218442]",
4036,"[3.719847,0.1,0.8224649]",
4037,"[3.722905,0.1,0.8241745]",
4038,"[3.723435,0.1,0.8261035]",
4039,"[3.723769,0.1,0.8276381]",
4040,"[3.723939,0.1,0.829919]",
4041,"[3.723769,0.1,0.8308607]",
4042,"[3.720662,0.1,0.8307066]",
4043,"[3.71903,0.1,0.8310984]",
4044,"[3.717882,0.1,0.8319439]",
4045,"[3.7183,0.1,0.8328463]",
4046,"[3.723241,0.1,0.8329325]",
4047,"[3.725447,0.1,0.832179]",
4048,"[3.727119,0.1,0.8314551]",
4049,"[3.728106,0.1,0.8293574]",
4050,"[3.72663,0.1,0.8271419]",
4051,"[3.723087,0.1,0.8228473]",
4052,"[3.720843,0.1,0.8205457]",
4053,"[3.716171,0.1,0.8162464]",
4054,"[3.713487,0.1,0.8140243]",
4055,"[3.713141,0.1,0.8135711]",
4056,"[3.713068,0.1,0.8133069]",
4057,"[3.713554,0.1,0.8134912]",
4058,"[3.71879,0.1,0.8159402]",
4059,"[3.722466,0.1,0.8172131]",
4060,"[3.728906,0.1,0.8184686]",
4061,"[3.73114,0.1,0.8183416]",
4062,"[3.694218,0.4301664,0.9392632]",
4063,"[3.691503,0.4445508,0.9421128]",
4064,"[3.68972,0.4522762,0.9441527]",
4065,"[3.686378,0.4689098,0.9499915]",
4066,"[3.684571,0.4758781,0.9528302]",
4067,"[3.680114,0.4837315,0.9567669]",
4068,"[3.676224,0.4922573,0.9606826]",
4069,"[3.674574,0.4940816,0.9606894]",
4070,"[3.673603,0.4965164,0.9610004]",
4071,"[3.640177,0.1,0.742105]",
4072,"[3.632135,0.09999996,0.7314517]",
4073,"[3.626676,0.1,0.7223206]",
4074,"[3.62699,0.09999996,0.7215776]",
4075,"[3.627384,0.1,0.7209455]",
4076,"[3.627175,0.1,0.7211373]",
4077,"[3.627122,0.1,0.7212013]",
4078,"[3.62533,0.1,0.724169]",
4079,"[3.624136,0.1,0.7262348]",
4080,"[3.620806,0.1,0.7308934]",
4081,"[3.619135,0.1,0.7330399]",
4082,"[3.617481,0.1,0.7347759]",
4083,"[3.614025,0.09999996,0.7382066]",
4084,"[3.612382,0.1,0.7399884]",
4085,"[3.610105,0.1,0.7442592]",
4086,"[3.609472,0.1,0.7452685]",
4087,"[3.608395,0.1,0.747467]",
4088,"[3.607593,0.1,0.7488893]",
4089,"[3.606598,0.1,0.7508972]",
4090,"[3.603411,0.1,0.75441]",
4091,"[3.60106,0.1,0.7562879]",
4092,"[3.573059,0.1,0.7554585]",
4093,"[3.565183,0.1,0.7579864]",
4094,"[3.553687,0.1,0.7641448]",
4095,"[3.549811,0.1,0.7700679]",
4096,"[3.537897,0.1,0.7687384]",
4097,"[3.530259,0.1,0.7690065]",
4098,"[3.523633,0.1,0.7720118]",
4099,"[3.501192,0.1,0.7727804]",
4100,"[3.495645,0.1,0.7641174]",
4101,"[3.479551,0.1,0.7673072]",
4102,"[3.468457,0.1,0.7637961]",
4103,"[3.450688,0.1,0.753879]",
4104,"[3.443093,0.1,0.7474841]",
4105,"[3.430301,0.1,0.7457517]",
4106,"[3.42627,0.1,0.7500117]",
4107,"[3.428377,0.1,0.7403682]",
4108,"[3.438724,0.1,0.7268742]",
4109,"[3.444762,0.1,0.7212484]",
4110,"[3.450004,0.1,0.7170361]",
4111,"[3.4545,0.1,0.7138144]",
4112,"[3.461823,0.1,0.7060791]",
4113,"[3.464668,0.1,0.703083]",
4114,"[3.46609,0.1,0.7000753]",
4115,"[3.466058,0.1,0.6991343]",
4116,"[3.465686,0.1,0.6960393]",
4117,"[3.465946,0.1,0.6906809]",
4118,"[3.465424,0.1,0.6884885]",
4119,"[3.467295,0.1,0.6842836]",
4120,"[3.469084,0.1,0.6810195]",
4121,"[3.471344,0.1,0.6750822]",
4122,"[3.472635,0.1,0.6716089]",
4123,"[3.474062,0.1,0.6676745]",
4124,"[3.478933,0.1,0.6592501]",
4125,"[3.480939,0.1,0.6579722]",
4126,"[3.484974,0.1,0.65212]",
4127,"[3.494079,0.1,0.6467282]",
4128,"[3.505455,0.1,0.6383477]",
4129,"[3.516218,0.1683913,0.6843139]",
4130,"[3.524746,0.1934471,0.695002]",
4131,"[3.54463,0.2218196,0.6955082]",
4132,"[3.639635,0.2348412,0.7003253]",
4133,"[3.720996,0.1,0.5771726]",
4134,"[3.744809,0.1,0.5728332]",
4135,"[3.782163,0.1,0.5690361]",
4136,"[3.802574,0.1,0.5684928]",
4137,"[3.834164,0.1,0.5688258]",
4138,"[3.858565,0.1,0.6131045]",
4139,"[3.868534,0.1,0.6340414]",
4140,"[3.876735,0.1,0.6524104]",
4141,"[3.878996,0.1,0.6547949]",
4142,"[3.862061,0.1,0.6481162]",
4143,"[3.857963,0.1,0.6437417]",
4144,"[3.852412,0.1,0.634197]",
4145,"[3.856539,0.1,0.6473579]",
4146,"[3.867594,0.1,0.6777381]",
4147,"[3.872842,0.1,0.68902]",
4148,"[3.87701,0.1,0.6950246]",
4149,"[3.884693,0.1,0.7030597]",
4150,"[3.890722,0.1,0.7067667]",
4151,"[3.90199,0.1,0.7117674]",
4152,"[3.929534,0.1,0.7504134]",
4153,"[3.941489,0.1,0.767289]",
4154,"[3.948504,0.1,0.7784786]",
4155,"[3.948292,0.1,0.7872207]",
4156,"[3.948132,0.1,0.7903706]",
4157,"[3.945977,0.0999999,0.7936537]",
4158,"[3.940965,0.1,0.8005312]",
4159,"[3.938208,0.1,0.8042951]",
4160,"[3.933683,0.1,0.8101733]",
4161,"[3.931376,0.1,0.8131177]",
4162,"[3.92818,0.1,0.8182156]",
4163,"[3.92714,0.1,0.8204498]",
4164,"[3.92647,0.1,0.8222666]",
4165,"[3.925136,0.1,0.8263326]",
4166,"[3.924445,0.1,0.8289477]",
4167,"[3.926152,0.1,0.8371744]",
4168,"[3.929391,0.1,0.842154]",
4169,"[3.944403,0.1,0.8516639]",
4170,"[3.951343,0.1,0.8558002]",
4171,"[3.959176,0.1,0.8610589]",
4172,"[3.961771,0.1,0.8627657]",
4173,"[3.96296,0.1,0.8639363]",
4174,"[3.96324,0.1,0.8643711]",
4175,"[3.962909,0.1,0.8651616]",
4176,"[3.962966,0.1,0.8682156]",
4177,"[3.964801,0.1,0.8698482]",
4178,"[3.970872,0.1,0.8710141]",
4179,"[3.974205,0.1,0.8729435]",
4180,"[3.985073,0.1,0.8852715]",
4181,"[3.915405,0.2924361,0.9504397]",
4182,"[3.915101,0.2924361,0.9554602]",
4183,"[3.91242,0.2924361,0.9640034]",
4184,"[3.909652,0.2924361,0.9680896]",
4185,"[3.907318,0.2924361,0.97183]",
4186,"[3.90512,0.2924361,0.9735309]",
4187,"[3.906076,0.2924361,0.9719145]",
4188,"[3.9074,0.2924361,0.9676061]",
4189,"[3.908561,0.2924361,0.9632332]",
4190,"[3.912378,0.2924361,0.9537927]",
4191,"[3.992602,0.1,0.8855265]",
4192,"[4.002712,0.1,0.8768992]",
4193,"[4.004864,0.1,0.8747116]",
4194,"[4.007986,0.1,0.8735444]",
4195,"[4.011262,0.1,0.873632]",
4196,"[4.017006,0.1,0.8726838]",
4197,"[4.019464,0.1,0.8717209]",
4198,"[4.021186,0.1,0.8706837]",
4199,"[4.021208,0.1,0.8706214]",
4200,"[4.020558,0.1,0.8704499]",
4201,"[4.020101,0.1,0.8697471]",
4202,"[4.020691,0.1,0.8682885]",
4203,"[4.024439,0.1,0.8650036]",
4204,"[4.028094,0.1,0.8634371]",
4205,"[4.035119,0.1,0.8632884]",
4206,"[4.038558,0.1,0.8635895]",
4207,"[4.040875,0.1,0.8653626]",
4208,"[4.04476,0.1,0.8694366]",
4209,"[4.047694,0.1,0.8719723]",
4210,"[4.058822,0.1,0.8799261]",
4211,"[3.963614,0.2924361,0.9505308]",
4212,"[3.969696,0.2924361,0.9564339]",
4213,"[3.972063,0.2924361,0.9595329]",
4214,"[3.973237,0.2924361,0.960146]",
4215,"[3.971965,0.2924361,0.9606903]",
4216,"[3.97209,0.2924361,0.9604784]",
4217,"[3.972399,0.2924361,0.9606319]",
4218,"[3.97306,0.2924361,0.9616559]",
4219,"[3.973547,0.2924361,0.9626076]",
4220,"[3.972304,0.2924361,0.9629681]",
4221,"[3.971385,0.2924361,0.9633393]",
4222,"[3.967787,0.2924361,0.9624869]",
4223,"[3.965579,0.2924361,0.9618713]",
4224,"[3.959923,0.2924361,0.9600585]",
4225,"[3.956313,0.2924361,0.9587364]",
4226,"[3.952824,0.2924361,0.9579213]",
4227,"[3.944396,0.2924361,0.9554615]",
4228,"[3.939799,0.2924361,0.9533538]",
4229,"[3.934559,0.2924361,0.950422]",
4230,"[4.018612,0.1,0.8754541]",
4231,"[4.006214,0.1,0.8724524]",
4232,"[3.973281,0.1,0.8684016]",
4233,"[3.949324,0.1,0.8665479]",
4234,"[3.920657,0.1,0.8662854]",
4235,"[3.84112,0.1,0.8626194]",
4236,"[3.721099,0.1,0.9089996]",
4237,"[3.489938,0.1,0.89011]",
4238,"[3.404402,0.1,0.8443068]",
4239,"[3.349031,0.1,0.8085021]",
4240,"[3.328701,0.1,0.7907375]",
4241,"[3.220057,0.1,0.6114883]",
4242,"[3.240652,0.1881522,0.6029561]",
4243,"[3.249079,0.2232299,0.6029561]",
4244,"[3.269488,0.2571821,0.6029561]",
4245,"[3.288553,0.2458634,0.6029561]",
4246,"[3.296681,0.2426519,0.6029561]",
4247,"[3.299097,0.2341544,0.6029561]",
4248,"[3.296934,0.2302478,0.6029561]",
4249,"[3.292491,0.2219071,0.6029561]",
4250,"[3.285079,0.2152143,0.6029561]",
4251,"[3.23773,0.1909589,0.6029561]",
4252,"[3.08253,0.1,0.6225984]",
4253,"[3.286935,0.5430742,0.8958158]",
4254,"[3.225752,0.6172275,0.9572027]",
4255,"[3.211289,0.6483027,0.9852359]",
4256,"[3.204688,0.6614326,0.9980297]",
4257,"[3.196151,0.6730824,1.014577]",
4258,"[3.193359,0.6718717,1.019989]",
4259,"[3.193959,0.66256,1.018825]",
4260,"[3.201951,0.6181294,1.003336]",
4261,"[3.208564,0.6002311,0.993966]",
4262,"[3.252098,0.600231,0.9786153]",
4263,"[3.272623,0.6002311,0.9661788]",
4264,"[3.287089,0.5657937,0.9128991]",
4265,"[3.28689,0.5488092,0.8908505]",
4266,"[3.286766,0.5375625,0.8771556]",
4267,"[3.286762,0.5352933,0.8767148]",
4268,"[3.286936,0.5494137,0.8960189]",
4269,"[3.200131,0.600231,1.040226]",
4270,"[3.186225,0.6002311,1.053061]",
4271,"[3.079238,0.6749114,1.24119]",
4272,"[3.073597,0.6761389,1.252123]",
4273,"[2.91931,0.5806856,1.302392]",
4274,"[2.916003,0.5806856,1.305107]",
4275,"[2.919244,0.5806856,1.299353]",
4276,"[2.955811,0.6263796,1.307512]",
4277,"[2.925612,0.6298554,1.33371]",
4278,"[2.740873,0.5806856,1.448495]",
4279,"[2.753255,0.665042,1.648161]",
4280,"[2.717228,0.7382497,1.956462]",
4281,"[2.381837,0.6298806,2.325516]",
4282,"[2.354709,0.6298806,2.467751]",
4283,"[2.204792,0.6002312,2.744825]",
4284,"[2.05,0.558126,2.935974]",
4285,"[2.05,0.5791835,2.973713]",
4286,"[2.05,0.5846084,2.975458]",
4287,"[2.05,0.6262524,3.037424]",
4288,"[2.05,0.7649881,3.514971]",
4289,"[2.05,0.8231992,3.698837]",
4290,"[2.134348,0.9447464,3.908839]",
4291,"[2.176496,0.9838846,3.936457]",
4292,"[2.196425,1.012604,3.95043]",
4293,"[2.198174,1.018267,3.952112]",
4294,"[2.185562,1.020269,3.945942]",
4295,"[2.175921,1.018893,3.940757]",
4296,"[2.130605,0.9917675,3.913477]",
4297,"[2.108566,0.9794397,3.899507]",
4298,"[2.05,0.9283972,3.761533]",
4299,"[2.05,0.8758574,3.567718]",
4300,"[2.05,0.8257132,3.33354]",
4301,"[2.05,0.7481101,2.875508]",
4302,"[2.05,0.730809,2.626127]",
4303,"[2.049999,0.5878211,1.477357]",
4304,"[2.049999,0.5729132,1.423232]",
4305,"[3.004659,0.9206412,0.9970157]",
4306,"[3.048906,0.9206412,0.9455584]",
4307,"[2.050001,0.4272557,0.2369993]",
4308,"[3.331301,0.8434483,0.5997874]",
4309,"[3.378565,0.8564535,0.6116316]",
4310,"[3.52603,0.9306262,0.7217707]",
4311,"[3.589408,0.9184428,0.6877429]",
4312,"[3.642426,0.8822668,0.6126859]",
4313,"[3.665156,0.8606712,0.5794637]",
4314,"[3.777629,0.5890634,0.05000056]",
4315,"[3.827976,0.5883627,0.05000056]",
4316,"[3.837664,0.7162436,0.303616]",
4317,"[3.90292,0.7863274,0.4404985]",
4318,"[3.883432,0.8902818,0.647984]",
4319,"[3.890318,0.7635509,0.4404985]",
4320,"[3.758852,0.5235267,0.05000056]",
4321,"[3.60724,0.8633015,0.660357]",
4322,"[3.57115,0.8935038,0.7113881]",
4323,"[3.555027,0.9069675,0.7205632]",
4324,"[3.554329,0.91202,0.720373]",
4325,"[3.553865,0.9164572,0.7192924]",
4326,"[3.554157,0.9253272,0.7168581]",
4327,"[3.554666,0.9298557,0.7155343]",
4328,"[3.552017,0.936812,0.7142727]",
4329,"[3.550316,0.9372322,0.7145431]",
4330,"[3.546321,0.9357188,0.715846]",
4331,"[3.54427,0.9337667,0.7168287]",
4332,"[3.55691,0.9485338,0.7554117]",
4333,"[3.641403,1.052325,0.9681631]",
4334,"[3.648446,1.059751,0.986394]",
4335,"[3.647941,1.0526,0.9862487]",
4336,"[3.647977,1.049472,0.9854573]",
4337,"[3.6495,1.052032,0.9913077]",
4338,"[3.649501,1.052213,0.9917849]",
4339,"[3.648748,1.052058,0.9907164]",
4340,"[3.429846,0.7701111,0.5150473]",
4341,"[3.429302,0.7701111,0.5066981]",
4342,"[3.428266,0.7701111,0.5003175]",
4343,"[3.428518,0.7701111,0.4882862]",
4344,"[3.426737,0.7701111,0.4834858]",
4345,"[3.429274,0.7701111,0.4747151]",
4346,"[3.433,0.7701111,0.4717429]",
4347,"[3.43877,0.7701111,0.4711451]",
4348,"[3.451027,0.770111,0.4650596]",
4349,"[3.468096,0.770111,0.4834958]",
4350,"[3.492244,0.770111,0.5117484]",
4351,"[3.502625,0.770111,0.5268844]",
4352,"[3.51195,0.770111,0.5531875]",
4353,"[3.513091,0.770111,0.5705831]",
4354,"[3.513449,0.770111,0.5858326]",
4355,"[3.512855,0.770111,0.6098969]",
4356,"[3.511468,0.770111,0.6215851]",
4357,"[3.50641,0.770111,0.6361656]",
4358,"[3.50297,0.770111,0.6421048]",
4359,"[3.498231,0.7701109,0.6516359]",
4360,"[3.496933,0.770111,0.6530243]",
4361,"[3.495975,0.7701109,0.6549035]",
4362,"[3.495145,0.770111,0.660693]",
4363,"[3.495544,0.770111,0.6659601]",
4364,"[3.496069,0.7701109,0.6772087]",
4365,"[3.493414,0.770111,0.685256]",
4366,"[3.489501,0.770111,0.6967744]",
4367,"[3.486785,0.770111,0.7003147]",
4368,"[3.484211,0.770111,0.7036308]",
4369,"[3.47883,0.770111,0.7091219]",
4370,"[3.476095,0.770111,0.711409]",
4371,"[3.468911,0.770111,0.7106211]",
4372,"[3.464903,0.770111,0.7097066]",
4373,"[3.457329,0.770111,0.7078803]",
4374,"[3.456558,0.770111,0.7055883]",
4375,"[3.456064,0.770111,0.7046816]",
4376,"[3.45846,0.770111,0.7049938]",
4377,"[3.461236,0.770111,0.7047393]",
4378,"[3.469822,0.770111,0.7073158]",
4379,"[3.474886,0.770111,0.7095393]",
4380,"[3.483508,0.770111,0.715115]",
4381,"[3.488834,0.770111,0.7190378]",
4382,"[3.505273,0.7658679,0.7312758]",
4383,"[3.516399,0.7572559,0.7341545]",
4384,"[3.521478,0.7483259,0.734095]",
4385,"[3.527297,0.734493,0.7343953]",
4386,"[3.529523,0.7281609,0.7346165]",
4387,"[3.531604,0.7249801,0.7345434]",
4388,"[3.532562,0.7230412,0.7345581]",
4389,"[3.533438,0.7232782,0.7343662]",
4390,"[3.534008,0.7222185,0.7343653]",
4391,"[3.535203,0.7200408,0.7343593]",
4392,"[3.527948,0.7004757,0.7137511]",
4393,"[3.454518,0.522711,0.520816]",
4394,"[3.456889,0.522711,0.5231634]",
4395,"[3.633366,0.9420491,0.9814698]",
4396,"[3.45729,0.522711,0.5332685]",
4397,"[3.45238,0.522711,0.5519723]",
4398,"[3.450333,0.522711,0.5609527]",
4399,"[3.447923,0.522711,0.5733399]",
4400,"[3.446843,0.522711,0.5828004]",
4401,"[3.446687,0.522711,0.5858333]",
4402,"[3.446791,0.522711,0.5885767]",
4403,"[3.447299,0.522711,0.590615]",
4404,"[3.447637,0.522711,0.590553]",
4405,"[3.448253,0.522711,0.5901614]",
4406,"[3.4483,0.522711,0.5890473]",
4407,"[3.447802,0.522711,0.5869694]",
4408,"[3.447325,0.522711,0.5859311]",
4409,"[3.446974,0.522711,0.5851784]",
4410,"[3.446575,0.522711,0.5841687]",
4411,"[3.458944,0.522711,0.5914155]",
4412,"[3.47604,0.522711,0.6044877]",
4413,"[3.481681,0.522711,0.6100155]",
4414,"[3.48864,0.522711,0.6167169]",
4415,"[3.49114,0.522711,0.618814]",
4416,"[3.494325,0.522711,0.6206425]",
4417,"[3.495395,0.522711,0.62037]",
4418,"[3.496412,0.522711,0.6202078]",
4419,"[3.49896,0.522711,0.6212106]",
4420,"[3.500603,0.522711,0.6221082]",
4421,"[3.506124,0.522711,0.6348628]",
4422,"[3.508785,0.522711,0.6428385]",
4423,"[3.512486,0.522711,0.6541927]",
4424,"[3.514769,0.522711,0.6620355]",
4425,"[3.516644,0.522711,0.6680965]",
4426,"[3.519269,0.522711,0.6787142]",
4427,"[3.520636,0.522711,0.6836095]",
4428,"[3.521654,0.522711,0.6884658]",
4429,"[3.521934,0.522711,0.6899142]",
4430,"[3.522295,0.522711,0.6917278]",
4431,"[3.522495,0.522711,0.6925205]",
4432,"[3.522758,0.522711,0.6934714]",
4433,"[3.522886,0.522711,0.6939049]",
4434,"[3.522939,0.522711,0.6944672]",
4435,"[3.523136,0.522711,0.6958056]",
4436,"[3.523278,0.522711,0.6966586]",
4437,"[3.523572,0.522711,0.6984283]",
4438,"[3.523702,0.522711,0.6998054]",
4439,"[3.523889,0.522711,0.7032774]",
4440,"[3.523891,0.522711,0.7052212]",
4441,"[3.533687,0.5199256,0.7457972]",
4442,"[3.53107,0.4906203,0.7491953]",
4443,"[3.530013,0.4795996,0.7503513]",
4444,"[3.527566,0.463533,0.7503931]",
4445,"[3.526485,0.4609421,0.75129]",
4446,"[3.52403,0.4569299,0.7536955]",
4447,"[3.522187,0.462528,0.7571812]",
4448,"[3.520387,0.4676086,0.7605099]",
4449,"[3.514812,0.5171488,0.7703074]",
4450,"[3.510899,0.522711,0.7698539]",
4451,"[3.50453,0.5209049,0.7655911]",
4452,"[3.495389,0.5119087,0.7585514]",
4453,"[3.489262,0.5036339,0.7538331]",
4454,"[3.480921,0.4909549,0.7474096]",
4455,"[3.477889,0.4861621,0.7450747]",
4456,"[3.470016,0.4697971,0.7361364]",
4457,"[3.470471,0.4694631,0.7363994]",
4458,"[3.470683,0.4678907,0.736148]",
4459,"[3.479575,0.4824883,0.7463735]",
4460,"[3.482178,0.4856338,0.7483777]",
4461,"[3.487898,0.4941492,0.7527826]",
4462,"[3.492147,0.5024132,0.7560549]",
4463,"[3.49605,0.5096797,0.7590606]",
4464,"[3.503123,0.5215337,0.7645072]",
4465,"[3.505532,0.522711,0.763123]",
4466,"[3.508943,0.522711,0.7613004]",
4467,"[3.510342,0.522711,0.7612171]",
4468,"[3.511503,0.522711,0.7614946]",
4469,"[3.512958,0.522711,0.7625751]",
4470,"[3.512744,0.522711,0.7634751]",
4471,"[3.512282,0.522711,0.765624]",
4472,"[3.514897,0.5222942,0.7701964]",
4473,"[3.51552,0.5112162,0.7693879]",
4474,"[3.515682,0.5067784,0.7691774]",
4475,"[3.516181,0.4985733,0.7685291]",
4476,"[3.516513,0.4947869,0.7680984]",
4477,"[3.516779,0.4921891,0.7677524]",
4478,"[3.51787,0.4841581,0.7663367]",
4479,"[3.51831,0.4800421,0.7656338]",
4480,"[3.519123,0.4717126,0.7629522]",
4481,"[3.5196,0.4686793,0.7617416]",
4482,"[3.52012,0.4650825,0.7603641]",
4483,"[3.520527,0.462509,0.7593333]",
4484,"[3.520947,0.4600059,0.7582998]",
4485,"[3.521849,0.454346,0.7560236]",
4486,"[3.532272,0.4788927,0.7815456]",
4487,"[3.580776,0.6749006,0.932258]",
4488,"[3.59063,0.7155184,0.9632169]",
4489,"[3.593749,0.7194606,0.9696119]",
4490,"[3.593163,0.7178514,0.9703723]",
4491,"[3.591977,0.7152421,0.9698389]",
4492,"[3.590505,0.713083,0.9696124]",
4493,"[3.588378,0.7094676,0.9698173]",
4494,"[3.587742,0.7096865,0.971256]",
4495,"[3.587667,0.7125746,0.9743861]",
4496,"[3.590221,0.7261586,0.9843104]",
4497,"[3.591728,0.7339699,0.9896095]",
4498,"[3.59569,0.7557281,1.004654]",
4499,"[3.597145,0.7643708,1.010631]",
4500,"[3.597111,0.763148,1.010628]",
4501,"[3.527652,0.2892776,0.6832052]",
4502,"[3.516148,0.2715288,0.6855625]",
4503,"[3.500065,0.2564967,0.6870043]",
4504,"[3.494949,0.253494,0.6871258]",
4505,"[3.48986,0.2477025,0.6877782]",
4506,"[3.488765,0.2440013,0.6883838]",
4507,"[3.489031,0.2391784,0.6893211]",
4508,"[3.490039,0.238229,0.6895892]",
4509,"[3.490928,0.2376082,0.6897594]",
4510,"[3.492584,0.2368927,0.6899664]",
4511,"[3.492701,0.2388432,0.6897057]",
4512,"[3.494933,0.2447022,0.6887906]",
4513,"[3.497146,0.2481779,0.6883255]",
4514,"[3.535447,0.2941983,0.6829547]",
4515,"[3.542362,0.2949019,0.6777351]",
4516,"[3.550072,0.2949018,0.671259]",
4517,"[3.552715,0.2949018,0.6691961]",
4518,"[3.555618,0.2949018,0.6674838]",
4519,"[3.56451,0.2949017,0.6375823]",
4520,"[3.566296,0.2949017,0.6308601]",
4521,"[3.567388,0.2949017,0.620051]",
4522,"[3.567645,0.2949017,0.6159602]",
4523,"[3.567724,0.2949017,0.6088297]",
4524,"[3.567444,0.2949017,0.6051259]",
4525,"[3.567222,0.2949017,0.6022513]",
4526,"[3.55959,0.2949017,0.5982881]",
4527,"[3.554949,0.2949017,0.5952892]",
4528,"[3.547114,0.2991843,0.5955188]",
4529,"[3.543466,0.304002,0.5973195]",
4530,"[3.536991,0.3139888,0.6005154]",
4531,"[3.534924,0.3163843,0.6008849]",
4532,"[3.528792,0.3163843,0.5982258]",
4533,"[3.525523,0.3163843,0.5958061]",
4534,"[3.52348,0.3163843,0.5938091]",
4535,"[3.520504,0.3163843,0.5875629]",
4536,"[3.519729,0.3163843,0.583918]",
4537,"[3.51565,0.3163843,0.5769369]",
4538,"[3.513315,0.3163843,0.5756332]",
4539,"[3.506048,0.3163843,0.563064]",
4540,"[3.499925,0.3163843,0.552284]",
4541,"[3.490632,0.3163843,0.5457583]",
4542,"[3.483353,0.2949018,0.5219962]",
4543,"[3.482659,0.2949018,0.5168332]",
4544,"[3.486882,0.2949018,0.5133059]",
4545,"[3.504626,0.3163843,0.5484208]",
4546,"[3.517751,0.3163843,0.560508]",
4547,"[3.528073,0.3163843,0.5744406]",
4548,"[3.53144,0.3163843,0.5827429]",
4549,"[3.537826,0.3163843,0.5992671]",
4550,"[3.589993,0.6556373,0.8855983]",
4551,"[3.593267,0.6547909,0.8886489]",
4552,"[3.539833,0.2949017,0.6038124]",
4553,"[3.539469,0.2949017,0.6073846]",
4554,"[3.53896,0.2949017,0.6087298]",
4555,"[3.586773,0.5964495,0.8453963]",
4556,"[3.586318,0.5940794,0.8442754]",
4557,"[3.539768,0.2949018,0.6160576]",
4558,"[3.541686,0.2949018,0.6192639]",
4559,"[3.541321,0.2949018,0.6217897]",
4560,"[3.540126,0.2949018,0.625746]",
4561,"[3.539495,0.2949018,0.6273375]",
4562,"[3.539054,0.2949018,0.6289947]",
4563,"[3.538244,0.2949018,0.6286963]",
4564,"[3.535898,0.2949018,0.6274417]",
4565,"[3.534401,0.2949018,0.6263425]",
4566,"[3.529547,0.2949018,0.6227319]",
4567,"[3.5267,0.2949018,0.6210879]",
4568,"[3.524373,0.2949018,0.6197525]",
4569,"[3.521118,0.2949018,0.6181716]",
4570,"[3.51959,0.2949018,0.6178143]",
4571,"[3.516856,0.2949018,0.6170979]",
4572,"[3.5154,0.2949018,0.6165029]",
4573,"[3.513307,0.2949018,0.615625]",
4574,"[3.51302,0.2949018,0.6156286]",
4575,"[3.512658,0.2949018,0.6161347]",
4576,"[3.51271,0.2949018,0.6167305]",
4577,"[3.565428,0.5410078,0.8059697]",
4578,"[3.514035,0.2949018,0.6204675]",
4579,"[3.514857,0.2949018,0.6228088]",
4580,"[3.515779,0.2949018,0.6263906]",
4581,"[3.580912,0.6066117,0.8622699]",
4582,"[3.586622,0.6346794,0.8839092]",
4583,"[3.589363,0.6492922,0.8951144]",
4584,"[3.590217,0.6574491,0.9013638]",
4585,"[3.58877,0.6525552,0.8978966]",
4586,"[3.584335,0.6319895,0.882295]",
4587,"[3.576374,0.5952393,0.8548809]",
4588,"[3.513666,0.2949018,0.6274326]",
4589,"[3.514767,0.2949018,0.6272999]",
4590,"[3.515422,0.2949018,0.6272321]",
4591,"[3.51797,0.2949018,0.627458]",
4592,"[3.520498,0.2949018,0.627964]",
4593,"[3.525434,0.2949018,0.6304865]",
4594,"[3.528086,0.2949018,0.6322819]",
4595,"[3.530302,0.2949018,0.6339583]",
4596,"[3.532964,0.2949018,0.637038]",
4597,"[3.532995,0.2949018,0.6378478]",
4598,"[3.532723,0.2949018,0.6390863]",
4599,"[3.531701,0.2949018,0.6388705]",
4600,"[3.528894,0.2949018,0.6372094]",
4601,"[3.527527,0.2949018,0.6362053]",
4602,"[3.525609,0.2949018,0.6345457]",
4603,"[3.52511,0.2949018,0.6341964]",
4604,"[3.524575,0.2949018,0.6337589]",
4605,"[3.523542,0.2949018,0.6329021]",
4606,"[3.523163,0.2949018,0.6321183]",
4607,"[3.522043,0.2949018,0.6320913]",
4608,"[3.521186,0.2949018,0.6325814]",
4609,"[3.517457,0.2949018,0.6320308]",
4610,"[3.514552,0.2949018,0.6302882]",
4611,"[3.510849,0.2949018,0.626906]",
4612,"[3.50476,0.2949018,0.6189708]",
4613,"[3.502841,0.296954,0.617371]",
4614,"[3.502579,0.2999396,0.6175007]",
4615,"[3.502407,0.3012927,0.6175857]",
4616,"[3.504183,0.2990013,0.6167092]",
4617,"[3.505667,0.2949018,0.6150326]",
4618,"[3.51028,0.2949017,0.6173278]",
4619,"[3.513313,0.2949017,0.6186252]",
4620,"[3.515806,0.2949018,0.6191193]",
4621,"[3.520084,0.2949018,0.6196837]",
4622,"[3.522061,0.2949018,0.619791]",
4623,"[3.525543,0.2949017,0.6195291]",
4624,"[3.527122,0.2949018,0.6193488]",
4625,"[3.53024,0.2949018,0.618891]",
4626,"[3.531713,0.2949018,0.6185451]",
4627,"[3.533577,0.2949018,0.6167786]",
4628,"[3.537381,0.2949017,0.6136535]",
4629,"[3.539318,0.2949017,0.6122504]",
4630,"[3.539388,0.2949017,0.6132773]",
4631,"[3.536954,0.2949017,0.6154619]",
4632,"[3.531127,0.2949018,0.6179824]",
4633,"[3.529659,0.2949018,0.6177104]",
4634,"[3.528587,0.2949018,0.6175179]",
4635,"[3.52789,0.2949018,0.6176506]",
4636,"[3.526171,0.2949017,0.6190495]",
4637,"[3.522385,0.2949018,0.6216692]",
4638,"[3.520123,0.2949018,0.6225721]",
4639,"[3.521001,0.3161748,0.6408537]",
4640,"[3.536971,0.4061457,0.7132467]",
4641,"[3.540652,0.4325219,0.7346421]",
4642,"[3.478202,0.1539834,0.515775]",
4643,"[3.475368,0.1539834,0.5162725]",
4644,"[3.471047,0.1539834,0.5165474]",
4645,"[3.469397,0.1539834,0.516349]",
4646,"[3.468545,0.1539834,0.5156578]",
4647,"[3.468208,0.1539834,0.5152884]",
4648,"[3.467268,0.1539834,0.5147315]",
4649,"[3.466774,0.1539834,0.5145342]",
4650,"[3.466458,0.1539834,0.5143195]",
4651,"[3.466432,0.1539834,0.5142503]",
4652,"[3.466614,0.1539834,0.5142285]",
4653,"[3.467738,0.1539835,0.5145928]",
4654,"[3.468648,0.1539834,0.5151663]",
4655,"[3.469287,0.1539834,0.5163304]",
4656,"[3.469207,0.1539834,0.516741]",
4657,"[3.468782,0.1539834,0.5173842]",
4658,"[3.468526,0.1539835,0.5176166]",
4659,"[3.46794,0.1539834,0.5182146]",
4660,"[3.49871,0.2949017,0.6304847]",
4661,"[3.498457,0.2949017,0.6311141]",
4662,"[3.498186,0.2949018,0.6320018]",
4663,"[3.498162,0.2949018,0.63267]",
4664,"[3.498349,0.2949018,0.6338405]",
4665,"[3.49882,0.2949018,0.6340832]",
4666,"[3.499633,0.2949018,0.634327]",
4667,"[3.499922,0.2949018,0.6342998]",
4668,"[3.50067,0.2949018,0.6348993]",
4669,"[3.501032,0.2949018,0.63565]",
4670,"[3.501563,0.2949017,0.6365587]",
4671,"[3.50359,0.2949018,0.6400926]",
4672,"[3.504422,0.2949019,0.6415505]",
4673,"[3.505338,0.2949019,0.6432283]",
4674,"[3.505595,0.2949018,0.6436267]",
4675,"[3.506055,0.2949019,0.6443564]",
4676,"[3.506019,0.2949018,0.6443921]",
4677,"[3.50597,0.2949018,0.6443128]",
4678,"[3.506187,0.2949018,0.6439986]",
4679,"[3.506066,0.2949019,0.6438771]",
4680,"[3.506387,0.2949018,0.6436425]",
4681,"[3.507005,0.2949018,0.6435324]",
4682,"[3.507999,0.2949018,0.6434805]",
4683,"[3.508307,0.2949018,0.6434585]",
4684,"[3.508498,0.2949018,0.6434332]",
4685,"[3.508555,0.2949018,0.6433654]",
4686,"[3.508162,0.2949018,0.6436627]",
4687,"[3.507303,0.2949018,0.6443386]",
4688,"[3.506678,0.2949018,0.6449132]",
4689,"[3.505913,0.2949018,0.6465337]",
4690,"[3.505541,0.2949018,0.6474072]",
4691,"[3.505064,0.2949018,0.6479619]",
4692,"[3.504818,0.2949018,0.6479436]",
4693,"[3.504334,0.2949018,0.6476459]",
4694,"[3.504101,0.2949018,0.6473494]",
4695,"[3.503897,0.2949018,0.6470511]",
4696,"[3.504027,0.2949018,0.6468108]",
4697,"[3.504144,0.2949018,0.6467708]",
4698,"[3.504487,0.2949018,0.6464946]",
4699,"[3.504597,0.2949018,0.6463675]",
4700,"[3.504718,0.2949018,0.6462029]",
4701,"[3.504759,0.2949018,0.6462073]",
4702,"[3.504687,0.2949018,0.6464068]",
4703,"[3.505775,0.2949018,0.6449872]",
4704,"[3.506352,0.2949018,0.6442302]",
4705,"[3.506732,0.2949018,0.6440622]",
4706,"[3.506753,0.2949018,0.644503]",
4707,"[3.507314,0.2949018,0.6453232]",
4708,"[3.509037,0.2949018,0.6451333]",
4709,"[3.514132,0.2949018,0.6453537]",
4710,"[3.517497,0.2949018,0.645955]",
4711,"[3.52203,0.2949018,0.6461375]",
4712,"[3.526746,0.2949018,0.6479448]",
4713,"[3.527125,0.2949018,0.6487611]",
4714,"[3.523211,0.2949018,0.6453934]",
4715,"[3.519903,0.2949018,0.6423988]",
4716,"[3.51411,0.2949018,0.6404071]",
4717,"[3.512746,0.2949018,0.6441056]",
4718,"[3.511847,0.2949018,0.6480904]",
4719,"[3.512897,0.2949018,0.6575117]",
4720,"[3.514233,0.2949018,0.660232]",
4721,"[3.519382,0.2949018,0.6620758]",
4722,"[3.52208,0.2949018,0.6615235]",
4723,"[3.527908,0.2949018,0.6607994]",
4724,"[3.583429,0.5707709,0.8567826]",
4725,"[3.600889,0.6549456,0.9163559]",
4726,"[3.593067,0.6099244,0.8838938]",
4727,"[3.590666,0.5956298,0.8733581]",
4728,"[3.611279,0.7157259,0.9585629]",
4729,"[3.609904,0.709074,0.9529252]",
4730,"[3.602985,0.6795276,0.930862]",
4731,"[3.597964,0.6599376,0.9170796]",
4732,"[3.591008,0.6356102,0.9023919]",
4733,"[3.588019,0.6259031,0.8974072]",
4734,"[3.585164,0.6168141,0.892604]",
4735,"[3.581439,0.6067045,0.8882884]",
4736,"[3.579901,0.6033318,0.8869097]",
4737,"[3.577212,0.591374,0.8768828]",
4738,"[3.575882,0.5863544,0.8718706]",
4739,"[3.538524,0.3940653,0.7226046]",
4740,"[3.53786,0.4025472,0.7251226]",
4741,"[3.536625,0.4101763,0.7282146]",
4742,"[3.53473,0.4164369,0.731898]",
4743,"[3.533947,0.409479,0.7315555]",
4744,"[3.533704,0.3979572,0.7296233]",
4745,"[3.533555,0.3870297,0.7276838]",
4746,"[3.535181,0.3587525,0.7200528]",
4747,"[3.536109,0.3512136,0.7173764]",
4748,"[3.537158,0.3480407,0.7153947]",
4749,"[3.538091,0.3515302,0.7148644]",
4750,"[3.539238,0.3573441,0.71451]",
4751,"[3.540653,0.3725724,0.7156451]",
4752,"[3.540678,0.3804197,0.7171439]",
4753,"[3.53954,0.3925174,0.7209826]",
4754,"[3.538306,0.3978252,0.7236211]",
4755,"[3.535234,0.4051605,0.7290425]",
4756,"[3.533076,0.4048987,0.7317933]",
4757,"[3.523635,0.4022557,0.7435371]",
4758,"[3.516979,0.4091831,0.7535326]",
4759,"[3.472604,0.3472928,0.7058575]",
4760,"[3.440319,0.3147586,0.6724237]",
4761,"[3.317858,0.1637201,0.6029561]",
4762,"[3.389695,0.5925977,0.9681175]",
4763,"[3.386581,0.5925805,0.9699402]",
4764,"[3.378898,0.5919448,0.9744967]",
4765,"[3.368557,0.6233292,0.9661435]",
4766,"[3.364984,0.6716295,0.9595317]",
4767,"[3.367475,0.6996178,0.9552123]",
4768,"[3.369187,0.7233577,0.951745]",
4769,"[3.372994,0.7646039,0.9443615]",
4770,"[3.375322,0.7890382,0.9414537]",
4771,"[3.382749,0.833717,0.940288]",
4772,"[3.385276,0.8515001,0.9409807]",
4773,"[3.386762,0.8844953,0.9409264]",
4774,"[3.389628,0.8881978,0.9431499]",
4775,"[3.39181,0.9069645,0.9447349]",
4776,"[3.400358,0.93336,0.9507728]",
4777,"[3.407937,0.9443598,0.9555464]",
4778,"[3.414,0.9902847,0.960033]",
4779,"[3.418329,0.9970218,0.9628831]",
4780,"[3.420759,1.017571,0.9671423]",
4781,"[3.419884,1.035064,0.9689759]",
4782,"[3.419351,1.080993,0.9719847]",
4783,"[3.419386,1.106688,0.973073]",
4784,"[3.41581,1.131478,0.9761136]",
4785,"[3.410432,1.173199,0.9824063]",
4786,"[3.409687,1.187878,0.9869243]",
4787,"[3.410486,1.214483,0.9967694]",
4788,"[3.411488,1.226393,1.00162]",
4789,"[3.409078,1.262609,1.009348]",
4790,"[3.407475,1.274295,1.011614]",
4791,"[3.405961,1.288553,1.014502]",
4792,"[3.404746,1.309196,1.022316]",
4793,"[3.4043,1.314609,1.027847]",
4794,"[3.398447,1.309894,1.045676]",
4795,"[3.39304,1.302415,1.056627]",
4796,"[3.024979,0.9206412,0.8987541]",
4797,"[2.989377,0.9206412,0.9108104]",
4798,"[2.883661,0.9206412,0.9303465]",
4799,"[2.854722,0.9206412,0.9256657]",
4800,"[2.835658,0.9206412,0.9193698]",
4801,"[2.798625,0.9206412,0.9089066]",
4802,"[2.781504,0.9206412,0.9053213]",
4803,"[3.403921,1.405842,1.147987]",
4804,"[3.414369,1.402232,1.144777]",
4805,"[3.432302,1.396548,1.142974]",
4806,"[3.441381,1.393972,1.142936]",
4807,"[3.443968,1.386484,1.140674]",
4808,"[2.947557,0.9206412,0.8844262]",
4809,"[2.952074,0.9206412,0.8947212]",
4810,"[3.471409,1.389226,1.171317]",
4811,"[3.477483,1.390902,1.183766]",
4812,"[3.474733,1.375779,1.211211]",
4813,"[3.475701,1.367497,1.2224]",
4814,"[3.471913,1.344402,1.250106]",
4815,"[2.685503,0.5942996,1.234701]",
4816,"[2.691531,0.5942996,1.275341]",
4817,"[2.660711,0.5806856,1.339449]",
4818,"[2.658082,0.5806856,1.376701]",
4819,"[2.653554,0.5806856,1.438089]",
4820,"[2.640408,0.5806856,1.454513]",
4821,"[2.625879,0.5806856,1.492187]",
4822,"[2.621482,0.5806856,1.513168]",
4823,"[2.619201,0.5806856,1.540637]",
4824,"[2.610254,0.5806856,1.555502]",
4825,"[2.597873,0.5806856,1.535913]",
4826,"[2.589767,0.5806856,1.530026]",
4827,"[2.586097,0.5806856,1.534814]",
4828,"[2.569441,0.5806856,1.549586]",
4829,"[3.472769,1.358321,1.510003]",
4830,"[2.581042,0.6160836,1.635063]",
4831,"[2.556437,0.6160836,1.672848]",
4832,"[2.621778,0.6869866,1.692587]",
4833,"[2.645253,0.7319968,1.760593]",
4834,"[2.660348,0.7539294,1.803651]",
4835,"[2.455529,0.6298806,2.420338]",
4836,"[2.402516,0.5806857,2.497864]",
4837,"[2.353194,0.5806857,2.883507]",
4838,"[2.405672,0.5980061,2.936109]",
4839,"[2.478744,0.6002313,3.065385]",
4840,"[2.134592,0.3267026,3.448356]",
4841,"[2.168916,0.336493,3.491548]",
4842,"[2.187853,0.3551446,3.526024]",
4843,"[2.228058,0.3656749,3.57109]",
4844,"[2.365932,0.3883727,3.702184]",
4845,"[3.089497,0.609593,4.214324]",
4846,"[3.811366,0.7391242,4.418379]",
4847,"[3.923178,0.7543643,4.431252]",
4848,"[4.154879,0.782652,4.442255]",
4849,"[4.218814,0.9706347,3.923268]",
4850,"[4.241951,0.9748351,3.923274]",
4851,"[4.375735,0.9794154,3.923324]",
4852,"[4.376477,0.978935,3.923325]",
4853,"[4.45449,0.9690164,3.923365]",
4854,"[4.643699,0.7912726,4.386123]",
4855,"[4.853847,0.7871993,4.332158]",
4856,"[5.010534,0.7940909,4.28469]",
4857,"[5.195283,0.8293427,4.225893]",
4858,"[5.268282,0.8427889,4.198467]",
4859,"[5.267943,0.8440382,4.198832]",
4860,"[5.222169,0.8487839,4.219956]",
4861,"[5.20304,0.8523022,4.228849]",
4862,"[5.193279,0.8574247,4.233579]",
4863,"[5.192618,0.8593715,4.233893]",
4864,"[5.182361,0.8693706,4.240181]",
4865,"[5.175302,0.8749716,4.244257]",
4866,"[5.170651,0.8791118,4.246908]",
4867,"[5.117298,0.8940783,4.271064]",
4868,"[5.099212,0.9005953,4.279097]",
4869,"[5.012455,0.9181871,4.313065]",
4870,"[4.964516,0.9279711,4.330492]",
4871,"[4.875767,0.9547837,4.362609]",
4872,"[4.831024,0.970926,4.37813]",
4873,"[4.762875,0.9912541,4.399289]",
4874,"[4.501429,1.158722,3.959402]",
4875,"[4.352394,1.158625,4.062085]",
4876,"[4.107465,1.230455,3.908333]",
4877,"[2.995717,1.057205,4.246772]",
4878,"[2.399681,0.941908,3.863226]",
4879,"[2.298654,0.9287177,3.776853]",
4880,"[2.05,0.9455196,3.460715]",
4881,"[2.05,0.9836427,3.295915]",
4882,"[2.05,1.030796,3.156353]",
4883,"[2.05,1.073909,3.02166]",
4884,"[2.05,1.086105,3.003039]",
4885,"[2.05,1.113357,2.969721]",
4886,"[2.05,1.119752,2.971415]",
4887,"[2.05,1.122826,3.184268]",
4888,"[2.05,1.045049,3.522272]",
4889,"[2.203577,1.011685,3.704909]",
4890,"[2.406083,0.9788585,3.864106]",
4891,"[2.530659,0.9595993,3.949582]",
4892,"[2.885627,0.9224584,4.152815]",
4893,"[3.001237,0.9210411,4.210672]",
4894,"[4.088675,1.266014,3.912627]",
4895,"[4.593606,1.363316,3.982283]",
4896,"[4.692628,1.376307,3.98231]",
4897,"[4.71854,1.376549,3.982311]",
4898,"[4.741204,1.374273,3.982306]",
4899,"[4.748229,1.373406,3.982304]",
4900,"[4.731167,1.373669,3.982305]",
4901,"[4.723574,1.373421,3.982304]",
4902,"[4.720839,1.373465,3.982304]",
4903,"[4.726322,1.374524,3.982306]",
4904,"[4.741272,1.376385,3.98231]",
4905,"[4.771285,1.379216,3.982316]",
4906,"[4.834784,1.385283,3.982329]",
4907,"[4.842238,1.385797,3.98233]",
4908,"[4.8637,1.38462,3.982327]",
4909,"[4.875448,1.384009,3.982326]",
4910,"[4.927263,1.377037,3.982311]",
4911,"[4.966491,1.371299,3.9823]",
4912,"[5.125405,1.347689,3.98225]",
4913,"[5.181979,1.335385,3.982224]",
4914,"[5.233275,1.325223,3.982203]",
4915,"[5.291315,1.304875,3.98216]",
4916,"[5.299552,1.295576,3.961932]",
4917,"[5.290685,1.277761,3.958144]",
4918,"[5.287653,1.271859,3.951989]",
4919,"[5.272323,1.260676,3.944382]",
4920,"[5.23456,1.257678,3.94102]",
4921,"[5.186938,1.257023,3.940285]",
4922,"[5.172053,1.258466,3.941904]",
4923,"[5.036631,1.3283,3.982209]",
4924,"[4.991267,1.352823,3.982261]",
4925,"[4.966836,1.365572,3.982287]",
4926,"[4.849274,1.442104,3.982448]",
4927,"[4.810338,1.46043,3.982486]",
4928,"[4.76439,1.478707,3.982524]",
4929,"[4.732265,1.487509,3.982543]",
4930,"[4.66927,1.497695,3.982564]",
4931,"[4.647292,1.503239,3.982576]",
4932,"[4.627898,1.513686,3.982598]",
4933,"[4.599524,1.53018,3.982632]",
4934,"[4.544547,1.590105,3.982758]",
4935,"[4.506389,1.627331,3.982836]",
4936,"[4.495424,1.633925,3.98285]",
4937,"[4.476495,1.648487,3.98288]",
4938,"[4.469193,1.65496,3.982894]",
4939,"[4.458368,1.662782,3.98291]",
4940,"[4.456108,1.664202,3.982913]",
4941,"[4.453143,1.665396,3.982915]",
4942,"[4.44409,1.669353,3.982924]",
4943,"[4.439214,1.672055,3.982929]",
4944,"[4.398502,1.713673,3.983016]",
4945,"[4.383648,1.736704,3.983065]",
4946,"[4.368443,1.758086,3.98311]",
4947,"[4.36447,1.763734,3.983121]",
4948,"[4.358258,1.771684,3.983138]",
4949,"[4.356121,1.77639,3.983148]",
4950,"[4.355555,1.78252,3.983161]",
4951,"[4.353966,1.798762,3.983195]",
4952,"[4.355628,1.809305,3.983217]",
4953,"[4.361372,1.827486,3.983255]",
4954,"[4.365008,1.83572,3.983272]",
4955,"[4.369503,1.846193,3.983294]",
4956,"[4.370687,1.852084,3.983306]",
4957,"[4.371228,1.859188,3.983321]",
4958,"[4.370708,1.863121,3.98333]",
4959,"[4.371003,1.864711,3.983333]",
4960,"[4.371197,1.869043,3.983342]",
4961,"[4.371079,1.872038,3.983348]",
4962,"[4.418308,1.803165,3.983204]",
4963,"[4.42649,1.79083,3.983178]",
4964,"[4.436189,1.777007,3.983149]",
4965,"[4.440713,1.771912,3.983139]",
4966,"[4.442926,1.770892,3.983136]",
4967,"[4.449267,1.774205,3.983143]",
4968,"[4.451773,1.777286,3.98315]",
4969,"[4.45298,1.778546,3.983152]",
4970,"[4.453536,1.764048,3.983122]",
4971,"[4.451246,1.734734,3.983061]",
4972,"[4.452939,1.711465,3.983012]",
4973,"[4.455834,1.688432,3.982964]",
4974,"[4.45891,1.679087,3.982944]",
4975,"[4.461136,1.680475,3.982947]",
4976,"[4.474229,1.743018,3.199117]",
4977,"[4.475248,1.746214,3.204045]",
4978,"[4.479009,1.750087,3.22159]",
4979,"[4.480148,1.750769,3.23108]",
4980,"[4.48217,1.75309,3.249417]",
4981,"[4.483338,1.754598,3.256365]",
4982,"[4.486192,1.755458,3.268936]",
4983,"[4.487764,1.755109,3.273692]",
4984,"[4.489295,1.755739,3.277495]",
4985,"[4.489754,1.715819,3.983021]",
4986,"[4.489732,1.717879,3.983025]",
4987,"[4.488346,1.720886,3.983032]",
4988,"[4.487363,1.720993,3.983032]",
4989,"[4.484605,1.716181,3.983022]",
4990,"[4.48344,1.713518,3.983016]",
4991,"[4.482074,1.707362,3.983003]",
4992,"[4.497321,1.761353,3.151707]",
4993,"[4.496833,1.761134,3.137199]",
4994,"[4.462787,1.691529,3.98297]",
4995,"[4.459574,1.69332,3.982974]",
4996,"[4.446158,1.706661,3.983002]",
4997,"[4.441943,1.713085,3.983015]",
4998,"[4.502298,1.77929,3.035319]",
4999,"[4.503458,1.781068,3.016411]",
5000,"[4.507692,1.781294,3.012709]",
5001,"[4.514816,1.7804,3.014364]",
5002,"[4.518564,1.779539,3.017523]",
5003,"[4.450477,1.70967,3.983008]",
5004,"[4.453264,1.709549,3.983008]",
5005,"[4.458217,1.710753,3.983011]",
5006,"[4.461225,1.711382,3.983012]",
5007,"[4.545554,1.776074,3.027736]",
5008,"[4.548857,1.774719,3.031753]",
5009,"[4.561026,1.755585,3.05323]",
5010,"[4.535043,1.616048,3.982812]",
5011,"[4.540596,1.602935,3.982785]",
5012,"[4.548143,1.583289,3.982744]",
5013,"[4.551991,1.573285,3.982723]",
5014,"[4.559459,1.559601,3.982694]",
5015,"[4.563886,1.552654,3.982679]",
5016,"[4.571846,1.546827,3.982667]",
5017,"[4.575594,1.54548,3.982664]",
5018,"[4.580341,1.543725,3.982661]",
5019,"[4.591166,1.540358,3.982654]",
5020,"[4.59719,1.537963,3.982649]",
5021,"[4.606295,1.53428,3.982641]",
5022,"[4.609513,1.533119,3.982638]",
5023,"[4.604047,1.704021,3.045571]",
5024,"[4.603209,1.701146,3.040636]",
5025,"[4.60175,1.694684,3.032233]",
5026,"[4.602938,1.694631,3.026574]",
5027,"[4.602192,1.691669,3.021567]",
5028,"[4.603006,1.692599,3.007287]",
5029,"[4.6026,1.69377,2.999473]",
5030,"[4.599039,1.694727,2.982697]",
5031,"[4.598716,1.696177,2.974265]",
5032,"[4.598131,1.698344,2.958159]",
5033,"[4.59853,1.69749,2.959311]",
5034,"[4.60308,1.692866,2.947172]",
5035,"[4.607349,1.685284,2.938527]",
5036,"[4.60817,1.670961,2.938562]",
5037,"[4.605603,1.657269,2.932013]",
5038,"[4.603718,1.652703,2.929578]",
5039,"[4.754405,1.375996,3.982309]",
5040,"[4.596772,1.643973,2.930837]",
5041,"[4.589186,1.646881,2.910547]",
5042,"[4.586378,1.645968,2.90909]",
5043,"[4.581459,1.643818,2.905675]",
5044,"[4.581153,1.644288,2.903831]",
5045,"[4.581179,1.644147,2.904488]",
5046,"[4.582675,1.642411,2.915517]",
5047,"[4.753967,1.370207,3.982297]",
5048,"[4.753768,1.371239,3.982299]",
5049,"[4.581548,1.63741,2.923285]",
5050,"[4.570087,1.621084,2.915164]",
5051,"[4.566337,1.611656,2.923414]",
5052,"[4.562137,1.599788,2.944317]",
5053,"[4.560341,1.595579,2.956571]",
5054,"[4.557652,1.592394,2.968723]",
5055,"[4.552792,1.588107,2.991391]",
5056,"[4.549934,1.587793,3.00052]",
5057,"[4.547156,1.586287,3.026451]",
5058,"[4.54652,1.585776,3.0397]",
5059,"[4.632427,1.341776,3.982238]",
5060,"[4.630333,1.344756,3.982244]",
5061,"[4.547572,1.577342,3.088823]",
5062,"[4.548673,1.571512,3.110415]",
5063,"[4.549331,1.568405,3.12129]",
5064,"[4.550345,1.562101,3.142003]",
5065,"[4.550669,1.559081,3.15144]",
5066,"[4.551685,1.551558,3.170731]",
5067,"[4.552509,1.545596,3.180295]",
5068,"[4.553401,1.536722,3.198851]",
5069,"[4.553602,1.533737,3.207003]",
5070,"[4.55369,1.531144,3.21524]",
5071,"[4.553279,1.527404,3.229604]",
5072,"[4.553252,1.525561,3.236934]",
5073,"[4.552989,1.522303,3.251836]",
5074,"[4.553463,1.519938,3.259524]",
5075,"[4.554247,1.515561,3.273416]",
5076,"[4.554555,1.513555,3.279915]",
5077,"[4.554705,1.509779,3.291497]",
5078,"[4.609083,1.31359,3.982179]",
5079,"[4.608043,1.310308,3.982172]",
5080,"[4.605816,1.301157,3.982153]",
5081,"[4.605015,1.296471,3.982143]",
5082,"[4.603622,1.294541,3.961439]",
5083,"[4.603904,1.290909,3.959709]",
5084,"[4.604311,1.286651,3.958508]",
5085,"[4.604173,1.284519,3.958517]",
5086,"[4.604237,1.282321,3.958525]",
5087,"[4.603877,1.279221,3.958536]",
5088,"[4.603342,1.278,3.95854]",
5089,"[4.601304,1.278052,3.95854]",
5090,"[4.599086,1.27772,3.957731]",
5091,"[4.597383,1.277502,3.955501]",
5092,"[4.59604,1.277999,3.95854]",
5093,"[4.592083,1.282706,3.958523]",
5094,"[4.591328,1.284942,3.958515]",
5095,"[4.591039,1.286281,3.95851]",
5096,"[4.591838,1.286992,3.958536]",
5097,"[4.592814,1.287154,3.95857]",
5098,"[4.594395,1.287959,3.958735]",
5099,"[4.594727,1.288422,3.958831]",
5100,"[4.594639,1.290359,3.959447]",
5101,"[4.594417,1.291372,3.959929]",
5102,"[4.594086,1.292347,3.960393]",
5103,"[4.593506,1.292875,3.960645]",
5104,"[4.593225,1.292809,3.960614]",
5105,"[4.591787,1.291979,3.960218]",
5106,"[4.590533,1.291426,3.959955]",
5107,"[4.586805,1.290656,3.959588]",
5108,"[4.584782,1.290627,3.959575]",
5109,"[4.58271,1.291795,3.960131]",
5110,"[4.580448,1.293472,3.960929]",
5111,"[4.577814,1.295231,3.961767]",
5112,"[4.572551,1.296347,3.966897]",
5113,"[4.570176,1.296351,3.9681]",
5114,"[4.569848,1.296347,3.966874]",
5115,"[4.569458,1.296333,3.962496]",
5116,"[4.570764,1.29154,3.960009]",
5117,"[4.572179,1.290422,3.959477]",
5118,"[4.574728,1.289419,3.959037]",
5119,"[4.578159,1.289488,3.959051]",
5120,"[4.580947,1.290443,3.959487]",
5121,"[4.624939,1.294529,3.961433]",
5122,"[4.634974,1.29492,3.961619]",
5123,"[4.64493,1.294754,3.96154]",
5124,"[4.647457,1.294295,3.961321]",
5125,"[4.649607,1.292675,3.96055]",
5126,"[4.650303,1.29112,3.959809]",
5127,"[4.653027,1.285709,3.958512]",
5128,"[4.655022,1.28173,3.958527]",
5129,"[4.657846,1.278017,3.95854]",
5130,"[4.662694,1.275217,3.953098]",
5131,"[4.664945,1.273756,3.952982]",
5132,"[4.666965,1.272949,3.952687]",
5133,"[4.667445,1.273042,3.952746]",
5134,"[4.667808,1.274355,3.95303]",
5135,"[4.667552,1.27591,3.953153]",
5136,"[4.666896,1.277429,3.954747]",
5137,"[4.664984,1.278554,3.958539]",
5138,"[4.659633,1.2872,3.958579]",
5139,"[4.652388,1.293847,3.961108]",
5140,"[4.650854,1.293668,3.961023]",
5141,"[4.648251,1.28585,3.958512]",
5142,"[4.650997,1.281309,3.958528]",
5143,"[4.65185,1.281143,3.958529]",
5144,"[4.651264,1.282557,3.958524]",
5145,"[4.650511,1.284025,3.958518]",
5146,"[4.64976,1.286445,3.958509]",
5147,"[4.649396,1.287204,3.95858]",
5148,"[4.647944,1.290118,3.959332]",
5149,"[4.631918,1.307471,3.982166]",
5150,"[4.61036,1.341633,3.982237]",
5151,"[4.59477,1.40694,3.844741]",
5152,"[4.58603,1.42075,3.85838]",
5153,"[4.583332,1.42628,3.864795]",
5154,"[4.582513,1.427857,3.871015]",
5155,"[4.581691,1.428258,3.882431]",
5156,"[4.581829,1.426438,3.886835]",
5157,"[4.583807,1.417421,3.899288]",
5158,"[4.585388,1.411147,3.905633]",
5159,"[4.588434,1.395281,3.919911]",
5160,"[4.589839,1.386514,3.926607]",
5161,"[4.591537,1.374398,3.932668]",
5162,"[4.595714,1.329889,3.982213]",
5163,"[4.596075,1.319538,3.982191]",
5164,"[4.596085,1.310035,3.982171]",
5165,"[4.595195,1.307284,3.982165]",
5166,"[4.592587,1.306175,3.982163]",
5167,"[4.583786,1.310267,3.982172]",
5168,"[4.578839,1.315989,3.982184]",
5169,"[4.568256,1.330865,3.982215]",
5170,"[4.564609,1.336513,3.982227]",
5171,"[4.559603,1.342198,3.982239]",
5172,"[4.559074,1.342309,3.982239]",
5173,"[4.55874,1.341934,3.982238]",
5174,"[4.562497,1.33877,3.982231]",
5175,"[4.564831,1.337185,3.982228]",
5176,"[4.566636,1.336509,3.982227]",
5177,"[4.568033,1.336297,3.982226]",
5178,"[4.568557,1.335126,3.982224]",
5179,"[4.569077,1.330813,3.982215]",
5180,"[4.569091,1.327373,3.982208]",
5181,"[4.569268,1.323719,3.9822]",
5182,"[4.575743,1.309075,3.982169]",
5183,"[4.580354,1.300992,3.982152]",
5184,"[4.588422,1.296342,3.965456]",
5185,"[4.593028,1.2916,3.960038]",
5186,"[4.599257,1.285888,3.958511]",
5187,"[4.601401,1.284625,3.958516]",
5188,"[4.605093,1.282197,3.958525]",
5189,"[4.605297,1.282085,3.958526]",
5190,"[4.60562,1.281563,3.958527]",
5191,"[4.605577,1.281309,3.958528]",
5192,"[4.604575,1.282064,3.958526]",
5193,"[4.603188,1.283265,3.958521]",
5194,"[4.602526,1.28494,3.958515]",
5195,"[4.600571,1.289054,3.958962]",
5196,"[4.599079,1.291432,3.959958]",
5197,"[4.597894,1.293527,3.960956]",
5198,"[4.596816,1.295717,3.961999]",
5199,"[4.59655,1.296335,3.963134]",
5200,"[4.596298,1.296353,3.968678]",
5201,"[4.596211,1.296365,3.972194]",
5202,"[4.598563,1.313413,3.982178]",
5203,"[4.599582,1.323088,3.982198]",
5204,"[4.600818,1.339523,3.982233]",
5205,"[4.600621,1.344774,3.982244]",
5206,"[4.600283,1.349102,3.982253]",
5207,"[4.59995,1.355004,3.982265]",
5208,"[4.600224,1.356724,3.982269]",
5209,"[4.601725,1.359078,3.982274]",
5210,"[4.603022,1.360123,3.982276]",
5211,"[4.605618,1.362635,3.982281]",
5212,"[4.606773,1.363284,3.982283]",
5213,"[4.608489,1.363609,3.982283]",
5214,"[4.613196,1.363173,3.982282]",
5215,"[4.615499,1.364223,3.982285]",
5216,"[4.623472,1.367478,3.982291]",
5217,"[4.629316,1.369304,3.982295]",
5218,"[4.633323,1.371405,3.9823]",
5219,"[4.63528,1.373337,3.982304]",
5220,"[4.635498,1.380879,3.98232]",
5221,"[4.633253,1.386226,3.982331]",
5222,"[4.617651,1.396653,3.982353]",
5223,"[4.60466,1.404426,3.982369]",
5224,"[4.601226,1.405827,3.982372]",
5225,"[4.598763,1.40548,3.982371]",
5226,"[4.598394,1.405376,3.982371]",
5227,"[4.598282,1.405409,3.982371]",
5228,"[4.598974,1.403599,3.982367]",
5229,"[4.601793,1.397998,3.982355]",
5230,"[4.604081,1.393922,3.982347]",
5231,"[4.604629,1.389775,3.982338]",
5232,"[4.604793,1.382443,3.982323]",
5233,"[4.604547,1.378161,3.982314]",
5234,"[4.602702,1.366594,3.98229]",
5235,"[4.602488,1.356259,3.982268]",
5236,"[4.601434,1.335654,3.982225]",
5237,"[4.601221,1.326451,3.982206]",
5238,"[4.602773,1.323867,3.9822]",
5239,"[4.606982,1.317144,3.982186]",
5240,"[4.609447,1.314186,3.98218]",
5241,"[4.615016,1.314293,3.98218]",
5242,"[4.616308,1.316686,3.982185]",
5243,"[4.619663,1.319536,3.982191]",
5244,"[4.620756,1.319135,3.98219]",
5245,"[4.623813,1.317769,3.982187]",
5246,"[4.621502,1.321654,3.982196]",
5247,"[4.619351,1.328835,3.982211]",
5248,"[4.611877,1.350137,3.982255]",
5249,"[4.608137,1.366428,3.982289]",
5250,"[4.602937,1.389183,3.982337]",
5251,"[4.600226,1.399022,3.982358]",
5252,"[4.596399,1.411028,3.982383]",
5253,"[4.594981,1.415786,3.982393]",
5254,"[4.594314,1.420672,3.982403]",
5255,"[4.593891,1.427005,3.982416]",
5256,"[4.594283,1.43588,3.982435]",
5257,"[4.601213,1.518474,3.982608]",
5258,"[4.604874,1.551912,3.982678]",
5259,"[4.638875,1.644429,3.982872]",
5260,"[4.643782,1.654778,3.982893]",
5261,"[4.648485,1.661079,3.982906]",
5262,"[4.649363,1.660335,3.982905]",
5263,"[4.650484,1.658256,3.982901]",
5264,"[4.653687,1.641735,3.982866]",
5265,"[4.655528,1.629711,3.982841]",
5266,"[4.657625,1.608587,3.982796]",
5267,"[4.643179,1.595034,3.982768]",
5268,"[4.601073,1.569488,3.982715]",
5269,"[4.584047,1.561696,3.982698]",
5270,"[4.567098,1.554412,3.982683]",
5271,"[4.561918,1.55132,3.982677]",
5272,"[4.558108,1.547567,3.982669]",
5273,"[4.553655,1.541613,3.982656]",
5274,"[4.551383,1.536681,3.982646]",
5275,"[4.544505,1.507844,3.982585]",
5276,"[4.541607,1.483331,3.982534]",
5277,"[4.53637,1.433339,3.98243]",
5278,"[4.531898,1.406706,3.982374]",
5279,"[4.498618,1.348134,3.982251]",
5280,"[4.48323,1.318473,3.982189]",
5281,"[4.265998,1.03712,3.923228]",
5282,"[4.187344,0.9202265,3.9233]",
5283,"[4.064685,0.6817111,4.231095]",
5284,"[4.091014,0.7671366,3.93012]",
5285,"[4.062959,0.7149347,3.925963]",
5286,"[4.02939,0.6587088,3.957214]",
5287,"[3.73848,0.1,4.682199]",
5288,"[3.736274,0.1,4.612481]",
5289,"[3.784194,0.3795817,3.966554]",
5290,"[3.744802,0.3362401,3.9456]",
5291,"[3.661158,0.2300832,3.954565]",
5292,"[3.644449,0.232083,3.945987]",
5293,"[3.609295,0.2305473,3.927794]",
5294,"[3.607533,0.2438936,3.927224]",
5295,"[3.625835,0.2890869,3.937828]",
5296,"[3.664079,0.3510862,3.902661]",
5297,"[3.672505,0.3681122,3.907144]",
5298,"[3.685826,0.4069968,3.914229]",
5299,"[3.753986,0.5337211,3.902323]",
5300,"[3.75828,0.571165,3.904606]",
5301,"[3.765996,0.5944573,3.908711]",
5302,"[3.772692,0.6290268,3.912273]",
5303,"[3.774363,0.6453389,3.913162]",
5304,"[3.774525,0.6795714,3.913248]",
5305,"[3.771474,0.6925373,3.917989]",
5306,"[3.761266,0.6925373,3.939671]",
5307,"[3.748353,0.6925373,3.972279]",
5308,"[3.744145,0.6925373,3.981648]",
5309,"[3.743247,0.698383,3.979782]",
5310,"[3.743247,0.698383,3.979782]",
5311,"[3.743247,0.7043589,3.975059]",
5312,"[3.743247,0.7067128,3.970782]",
5313,"[3.736372,0.7130653,3.970803]",
5314,"[3.728057,0.7130653,3.975286]",
5315,"[3.722831,0.7130653,3.983483]",
5316,"[3.747857,0.6925373,4.0014]",
5317,"[3.774734,0.6925373,3.997162]",
5318,"[3.806668,0.6925373,3.996]",
5319,"[3.776027,0.6366001,4.077211]",
5320,"[3.794018,0.6293338,4.074862]",
5321,"[3.801448,0.6261228,4.073553]",
5322,"[3.808163,0.6207359,4.06836]",
5323,"[3.820415,0.6128573,4.067859]",
5324,"[3.823044,0.6118541,4.068517]",
5325,"[3.830514,0.6044648,4.067233]",
5326,"[3.834301,0.599266,4.065802]",
5327,"[3.836115,0.5920315,4.064384]",
5328,"[3.835886,0.5902921,4.063701]",
5329,"[3.827476,0.5929837,4.060254]",
5330,"[3.82433,0.5978176,4.060207]",
5331,"[3.820821,0.6064704,4.063629]",
5332,"[3.81894,0.6199304,4.072911]",
5333,"[3.818069,0.6250653,4.080508]",
5334,"[3.692667,0.2126069,4.779227]",
5335,"[3.728906,0.2115405,4.792112]",
5336,"[4.884194,0.3692168,4.062933]",
5337,"[5.021846,0.2951829,3.989832]",
5338,"[5.060748,0.2889647,3.959586]",
5339,"[5.24626,0.6615014,3.49183]",
5340,"[5.267861,0.6737313,3.473517]",
5341,"[5.242536,0.7922561,3.33357]",
5342,"[5.247931,0.8109848,3.307968]",
5343,"[5.257615,0.8309366,3.262016]",
5344,"[5.261598,0.8345477,3.243112]",
5345,"[5.267884,0.8400512,3.213282]",
5346,"[5.27003,0.8433155,3.203099]",
5347,"[5.272482,0.8427353,3.191465]",
5348,"[5.279172,0.8571665,3.159719]",
5349,"[5.284141,0.8758535,3.136141]",
5350,"[5.351686,0.8540711,3.145343]",
5351,"[5.393813,0.8353502,3.15422]",
5352,"[5.485115,0.7856898,3.173461]",
5353,"[5.501738,0.7884955,3.153739]",
5354,"[5.503307,0.7881463,3.143883]",
5355,"[5.50705,0.7883306,3.128042]",
5356,"[5.50884,0.7885719,3.121517]",
5357,"[5.510706,0.7879764,3.10909]",
5358,"[5.510253,0.7871792,3.105858]",
5359,"[5.516207,0.7893735,3.093379]",
5360,"[5.525231,0.7944184,3.085864]",
5361,"[5.539795,0.8032275,3.080765]",
5362,"[5.552492,0.811509,3.079962]",
5363,"[5.575447,0.8281788,3.087376]",
5364,"[5.586778,0.83727,3.095538]",
5365,"[5.601493,0.8485543,3.103416]",
5366,"[5.634465,0.8718116,3.110479]",
5367,"[5.653181,0.8851008,3.114944]",
5368,"[5.531172,1.037905,2.976484]",
5369,"[5.6467,1.264227,2.944223]",
5370,"[5.595632,1.319662,2.884297]",
5371,"[5.537112,1.400925,2.742116]",
5372,"[5.524959,1.423125,2.690747]",
5373,"[5.57932,1.48233,2.47331]",
5374,"[5.57932,1.505957,2.445016]",
5375,"[5.57932,1.533915,2.419959]",
5376,"[5.579683,1.543526,2.415288]",
5377,"[5.58473,1.548688,2.408277]",
5378,"[5.59344,1.546508,2.406694]",
5379,"[5.57932,1.525978,2.418445]",
5380,"[5.57932,1.502286,2.447481]",
5381,"[5.57932,1.492769,2.45555]",
5382,"[5.57932,1.48264,2.478052]",
5383,"[5.57932,1.481058,2.484486]",
5384,"[5.620647,1.468875,2.522604]",
5385,"[5.613284,1.47305,2.522346]",
5386,"[5.586913,1.490462,2.521425]",
5387,"[5.560863,1.506076,2.52213]",
5388,"[5.559402,1.514831,2.529749]",
5389,"[5.55934,1.517435,2.531531]",
5390,"[5.559397,1.520441,2.529894]",
5391,"[5.56007,1.521101,2.524431]",
5392,"[5.57932,1.502544,2.429322]",
5393,"[5.651071,1.472506,2.406694]",
5394,"[5.622304,1.47639,2.390884]",
5395,"[5.620573,1.468599,2.382512]",
5396,"[5.620616,1.465389,2.380583]",
5397,"[5.620667,1.462808,2.378438]",
5398,"[5.620701,1.460452,2.376935]",
5399,"[5.620696,1.460061,2.377124]",
5400,"[5.620719,1.459933,2.376195]",
5401,"[5.620754,1.459869,2.374822]",
5402,"[5.620927,1.460199,2.368066]",
5403,"[5.621086,1.460444,2.361892]",
5404,"[5.59332,1.484445,2.232311]",
5405,"[5.59332,1.484949,2.19725]",
5406,"[5.59332,1.484288,2.184166]",
5407,"[5.59332,1.482586,2.16841]",
5408,"[5.59332,1.481925,2.162796]",
5409,"[5.59332,1.481509,2.156177]",
5410,"[5.59332,1.481995,2.150081]",
5411,"[5.59332,1.483403,2.142637]",
5412,"[5.59332,1.485477,2.142871]",
5413,"[5.59332,1.488905,2.139516]",
5414,"[5.59332,1.500141,2.136474]",
5415,"[5.59332,1.507913,2.136174]",
5416,"[5.59332,1.522594,2.142146]",
5417,"[5.59332,1.527772,2.146208]",
5418,"[5.59332,1.539031,2.151402]",
5419,"[5.59332,1.545223,2.156976]",
5420,"[5.614069,1.562512,2.203857]",
5421,"[5.646545,1.562512,2.221596]",
5422,"[5.659273,1.562512,2.235494]",
5423,"[5.675,1.563618,2.249579]",
5424,"[5.606018,1.579305,2.2503]",
5425,"[5.615036,1.579305,2.258156]",
5426,"[5.626944,1.579305,2.26214]",
5427,"[5.689833,1.579305,2.274688]",
5428,"[5.754588,1.579305,2.285463]",
5429,"[5.572674,1.853901,2.274101]",
5430,"[5.579669,1.920531,2.287298]",
5431,"[5.579945,1.943376,2.293622]",
5432,"[5.580381,1.969374,2.303604]",
5433,"[5.580611,1.979484,2.308871]",
5434,"[5.58076,1.985423,2.312287]",
5435,"[5.580881,1.989411,2.315061]",
5436,"[5.581037,1.993318,2.318624]",
5437,"[5.581167,1.994878,2.321606]",
5438,"[5.581313,1.996556,2.324948]",
5439,"[5.581541,1.995364,2.330172]",
5440,"[5.581675,1.995325,2.333236]",
5441,"[5.581961,1.996299,2.339787]",
5442,"[5.582009,1.996512,2.340901]",
5443,"[5.582109,1.999097,2.343187]",
5444,"[5.582103,2.001446,2.343056]",
5445,"[5.582061,2.004584,2.342091]",
5446,"[5.582025,2.006176,2.341269]",
5447,"[5.581985,2.007083,2.340355]",
5448,"[5.581934,2.009428,2.339174]",
5449,"[5.581896,2.009133,2.338316]",
5450,"[5.581872,2.008744,2.337765]",
5451,"[5.581881,2.008576,2.33796]",
5452,"[5.582255,2.009407,2.346533]",
5453,"[5.582552,2.010406,2.353341]",
5454,"[5.582803,2.010778,2.359083]",
5455,"[5.583213,2.010468,2.368471]",
5456,"[5.583336,2.010118,2.371289]",
5457,"[5.58356,2.010104,2.376415]",
5458,"[5.583652,2.010383,2.378541]",
5459,"[5.58381,2.011493,2.382155]",
5460,"[5.583883,2.012224,2.383824]",
5461,"[5.584036,2.048275,2.387326]",
5462,"[5.584089,2.056971,2.388544]",
5463,"[5.584132,2.063293,2.389518]",
5464,"[5.584177,2.070689,2.390565]",
5465,"[5.584192,2.073075,2.390898]",
5466,"[5.58417,2.074239,2.390391]",
5467,"[5.584167,2.07465,2.390325]",
5468,"[5.584198,2.075451,2.391045]",
5469,"[5.58423,2.075922,2.391768]",
5470,"[5.584256,2.07724,2.392366]",
5471,"[5.584253,2.078393,2.392297]",
5472,"[5.584238,2.079593,2.391953]",
5473,"[5.584264,2.082489,2.392546]",
5474,"[5.584277,2.083164,2.39284]",
5475,"[5.584337,2.083784,2.394227]",
5476,"[5.584394,2.083708,2.395506]",
5477,"[5.584596,2.083068,2.40014]",
5478,"[5.584744,2.082588,2.403537]",
5479,"[5.584845,2.081509,2.405858]",
5480,"[5.584994,2.080561,2.409261]",
5481,"[5.585037,2.080681,2.410249]",
5482,"[5.585145,2.081599,2.412732]",
5483,"[5.585198,2.082139,2.413933]",
5484,"[5.58517,2.083081,2.413306]",
5485,"[5.585179,2.083602,2.413497]",
5486,"[5.585184,2.084243,2.413608]",
5487,"[5.585162,2.084423,2.413109]",
5488,"[5.585152,2.084544,2.412876]",
5489,"[5.585108,2.0836,2.411881]",
5490,"[5.585097,2.082984,2.411622]",
5491,"[5.585129,2.03101,2.412349]",
5492,"[5.585131,2.017208,2.412406]",
5493,"[5.585256,1.999323,2.415267]",
5494,"[5.585285,1.992071,2.415922]",
5495,"[5.585337,1.985618,2.417109]",
5496,"[5.585434,1.975345,2.419347]",
5497,"[5.58546,1.971509,2.419932]",
5498,"[5.585534,1.966839,2.421638]",
5499,"[5.585534,1.967024,2.421632]",
5500,"[5.585554,1.967942,2.422088]",
5501,"[5.585618,1.967759,2.423572]",
5502,"[5.585721,1.968654,2.425918]",
5503,"[5.585755,1.969799,2.426704]",
5504,"[5.585756,1.970698,2.426719]",
5505,"[5.585749,1.972496,2.426561]",
5506,"[5.585748,1.97326,2.426527]",
5507,"[5.585751,1.974653,2.426608]",
5508,"[5.58575,1.975046,2.426576]",
5509,"[5.585686,1.975236,2.42511]",
5510,"[5.585664,1.975245,2.424613]",
5511,"[5.585606,1.974899,2.423283]",
5512,"[5.585576,1.974631,2.422601]",
5513,"[5.585556,1.974325,2.422134]",
5514,"[5.585531,1.973863,2.421571]",
5515,"[5.585521,1.973652,2.421343]",
5516,"[5.561201,1.968706,2.416309]",
5517,"[5.410068,1.939353,2.392905]",
5518,"[5.414434,1.941013,2.392462]",
5519,"[5.420408,1.942991,2.392436]",
5520,"[5.424319,1.944644,2.392308]",
5521,"[5.428352,1.946307,2.391947]",
5522,"[5.430119,1.946753,2.391628]",
5523,"[5.436611,1.948126,2.391721]",
5524,"[5.43908,1.948597,2.391554]",
5525,"[5.442941,1.949328,2.391675]",
5526,"[5.447947,1.949975,2.390659]",
5527,"[5.449487,1.9499,2.389998]",
5528,"[5.450432,1.949475,2.389892]",
5529,"[5.451643,1.948341,2.389174]",
5530,"[5.45192,1.94763,2.388448]",
5531,"[5.448248,1.946494,2.387746]",
5532,"[5.444373,1.945665,2.387058]",
5533,"[5.438971,1.944603,2.386221]",
5534,"[5.425181,1.941872,2.384618]",
5535,"[5.416549,1.93989,2.383762]",
5536,"[5.399155,1.936003,2.382648]",
5537,"[5.383271,1.936101,2.398659]",
5538,"[5.322031,1.946592,2.480642]",
5539,"[5.314294,1.947047,2.486592]",
5540,"[5.313709,1.948543,2.492365]",
5541,"[5.317512,1.950184,2.499771]",
5542,"[5.322872,1.951159,2.503199]",
5543,"[5.608872,2.027552,2.620162]",
5544,"[5.608872,2.027412,2.635463]",
5545,"[5.608872,2.029263,2.646276]",
5546,"[5.608872,2.030519,2.649164]",
5547,"[5.608872,2.03255,2.65397]",
5548,"[5.608872,2.033174,2.655803]",
5549,"[5.608872,2.033794,2.658185]",
5550,"[5.608872,2.034319,2.660989]",
5551,"[5.608872,2.034269,2.661317]",
5552,"[5.608872,2.03325,2.659884]",
5553,"[5.608872,2.032243,2.657608]",
5554,"[5.608872,2.031417,2.655073]",
5555,"[5.608872,2.036619,2.615394]",
5556,"[5.608872,2.042797,2.588388]",
5557,"[5.608872,2.046125,2.580948]",
5558,"[5.608872,2.048669,2.575853]",
5559,"[5.608872,2.053119,2.569734]",
5560,"[5.608872,2.056139,2.567088]",
5561,"[5.559206,2.046863,2.547308]",
5562,"[5.559274,2.049941,2.54758]",
5563,"[5.559344,2.05382,2.547864]",
5564,"[5.559612,2.062929,2.54894]",
5565,"[5.559842,2.067888,2.549852]",
5566,"[5.608872,2.090234,2.571736]",
5567,"[5.608872,2.091678,2.577004]",
5568,"[5.608872,2.093987,2.59231]",
5569,"[5.608872,2.09395,2.597283]",
5570,"[5.608872,2.08742,2.574287]",
5571,"[5.608872,2.085081,2.56742]",
5572,"[5.561118,2.068494,2.550681]",
5573,"[5.608872,2.071388,2.610871]",
5574,"[5.608872,2.063131,2.649487]",
5575,"[5.616,2.042724,2.818293]",
5576,"[5.616,2.029608,2.927451]",
5577,"[5.949999,2.064542,3.6868]",
5578,"[5.949999,2.038417,3.934363]",
5579,"[5.121804,1.465815,3.982497]",
5580,"[4.397196,1.289937,3.959246]",
5581,"[4.361455,1.278209,3.95854]",
5582,"[4.204191,1.214193,3.95163]",
5583,"[4.064745,1.086304,4.190819]",
5584,"[3.616502,0.6593244,4.905477]",
5585,"[3.575077,0.6335734,4.878036]",
5586,"[3.529102,0.59769,4.842931]",
5587,"[3.560302,0.5797846,4.848205]",
5588,"[3.602104,0.5589064,4.85596]",
5589,"[4.078359,1.035375,3.925787]",
5590,"[4.112167,1.035979,3.957722]",
5591,"[4.255422,1.12672,3.923145]",
5592,"[4.388455,1.321511,3.982195]",
5593,"[4.416121,1.370688,3.982298]",
5594,"[4.420815,1.383579,3.982325]",
5595,"[4.423799,1.402704,3.982365]",
5596,"[4.42312,1.410871,3.982382]",
5597,"[4.421438,1.417889,3.982397]",
5598,"[4.494298,1.639664,3.982862]",
5599,"[4.512385,1.645735,3.982874]",
5600,"[4.533008,1.650373,3.982884]",
5601,"[4.54523,1.652137,3.982888]",
5602,"[4.571823,1.658735,3.982902]",
5603,"[4.585709,1.663789,3.982912]",
5604,"[4.603994,1.670877,3.982927]",
5605,"[4.665234,1.689564,3.982966]",
5606,"[4.709955,1.702465,3.982993]",
5607,"[4.862761,1.74992,3.983093]",
5608,"[4.975994,1.788378,3.983173]",
5609,"[5.282544,1.906367,3.98342]",
5610,"[5.451278,1.978022,3.98357]",
5611,"[5.95,2.138475,4.136163]",
5612,"[5.95,2.121676,3.412861]",
5613,"[5.608872,2.024368,2.587596]",
5614,"[5.558893,2.015106,2.544329]",
5615,"[5.61771,2.031846,2.522501]",
5616,"[5.586117,2.046156,2.434992]",
5617,"[5.585509,2.046192,2.421065]",
5618,"[5.584884,2.044721,2.406753]",
5619,"[5.584804,2.03645,2.404916]",
5620,"[5.587326,2.037356,2.462674]",
5621,"[5.588249,2.042416,2.483826]",
5622,"[5.559118,2.039603,2.537874]",
5623,"[5.608872,2.063712,2.584608]",
5624,"[5.608872,2.073155,2.61124]",
5625,"[5.608872,2.086838,2.638067]",
5626,"[5.608872,2.091449,2.646165]",
5627,"[5.608872,2.095225,2.6552]",
5628,"[5.608872,2.094937,2.657821]",
5629,"[5.608872,2.088906,2.660643]",
5630,"[5.608872,2.081728,2.659819]",
5631,"[5.608872,2.078932,2.656785]",
5632,"[5.608872,2.077254,2.646726]",
5633,"[5.608872,2.078087,2.639605]",
5634,"[5.608872,2.081564,2.630994]",
5635,"[5.608872,2.084295,2.625086]",
5636,"[5.608872,2.089121,2.615459]",
5637,"[5.608872,2.092236,2.609973]",
5638,"[5.608872,2.09561,2.604002]",
5639,"[5.559303,2.095972,2.532587]",
5640,"[5.5628,2.100383,2.521056]",
5641,"[5.620172,2.122011,2.522587]",
5642,"[5.627901,2.126051,2.522857]",
5643,"[5.589228,2.118433,2.506234]",
5644,"[5.589227,2.11896,2.50622]",
5645,"[5.589283,2.12175,2.507491]",
5646,"[5.589318,2.123396,2.508293]",
5647,"[5.589396,2.12519,2.510095]",
5648,"[5.589425,2.126527,2.510756]",
5649,"[5.589417,2.125812,2.510556]",
5650,"[5.589243,2.123689,2.506586]",
5651,"[5.589067,2.122141,2.502542]",
5652,"[5.583899,2.093164,2.38418]",
5653,"[5.583089,2.088945,2.365645]",
5654,"[5.582255,2.084485,2.346526]",
5655,"[5.58213,2.084386,2.343665]",
5656,"[5.581972,2.085123,2.340044]",
5657,"[5.581641,2.088341,2.332467]",
5658,"[5.581456,2.090624,2.328238]",
5659,"[5.58125,2.095551,2.323505]",
5660,"[5.581128,2.097923,2.32072]",
5661,"[5.581734,2.114333,2.334591]",
5662,"[5.58222,2.127218,2.345719]",
5663,"[5.582523,2.134423,2.352672]",
5664,"[5.58307,2.144987,2.36521]",
5665,"[5.583274,2.148163,2.369867]",
5666,"[5.583468,2.151474,2.374309]",
5667,"[5.583454,2.152321,2.37399]",
5668,"[5.58339,2.152379,2.372539]",
5669,"[5.583376,2.152196,2.372206]",
5670,"[5.583304,2.151913,2.370554]",
5671,"[5.583229,2.152402,2.368834]",
5672,"[5.58235,2.144933,2.348707]",
5673,"[5.581502,2.138302,2.329295]",
5674,"[5.580225,2.118793,2.300032]",
5675,"[5.579299,2.102127,2.278836]",
5676,"[5.579014,2.096079,2.272299]",
5677,"[5.57865,2.08774,2.263949]",
5678,"[5.578527,2.084407,2.261142]",
5679,"[5.578492,2.08172,2.260337]",
5680,"[5.57846,2.076825,2.259613]",
5681,"[5.578461,2.074016,2.259633]",
5682,"[5.578826,2.068082,2.268001]",
5683,"[5.579121,2.06514,2.274759]",
5684,"[5.579659,2.06346,2.287072]",
5685,"[5.579876,2.062423,2.292045]",
5686,"[5.580216,2.062301,2.29984]",
5687,"[5.580377,2.062682,2.303507]",
5688,"[5.580372,2.062358,2.303397]",
5689,"[5.580369,2.062061,2.303322]",
5690,"[5.580368,2.061646,2.303313]",
5691,"[5.578963,2.028761,2.271144]",
5692,"[5.578639,2.012283,2.263705]",
5693,"[5.578405,1.997309,2.258346]",
5694,"[5.578413,1.992462,2.258538]",
5695,"[5.578652,1.98348,2.264017]",
5696,"[5.578785,1.979109,2.267051]",
5697,"[5.578917,1.975835,2.270083]",
5698,"[5.579116,1.970616,2.274636]",
5699,"[5.579208,1.968253,2.276745]",
5700,"[5.579349,1.960877,2.279959]",
5701,"[5.579395,1.956224,2.281025]",
5702,"[5.579426,1.946261,2.281741]",
5703,"[5.579418,1.940853,2.281559]",
5704,"[5.579242,1.932009,2.277522]",
5705,"[5.579131,1.927132,2.274972]",
5706,"[5.57906,1.924269,2.273356]",
5707,"[5.578889,1.917974,2.269444]",
5708,"[5.578827,1.915837,2.268019]",
5709,"[5.578742,1.913788,2.266061]",
5710,"[5.578703,1.913139,2.265174]",
5711,"[5.5787,1.913272,2.265095]",
5712,"[5.57872,1.914422,2.265561]",
5713,"[5.578764,1.916305,2.266573]",
5714,"[5.5788,1.917344,2.2674]",
5715,"[5.578839,1.91828,2.268287]",
5716,"[5.578925,1.919466,2.270262]",
5717,"[5.581016,1.904132,2.318152]",
5718,"[5.582153,1.894209,2.34419]",
5719,"[5.582451,1.889513,2.35103]",
5720,"[5.582843,1.882717,2.36001]",
5721,"[5.582987,1.879854,2.363296]",
5722,"[5.583099,1.877282,2.36586]",
5723,"[5.58323,1.873939,2.368857]",
5724,"[5.583284,1.872016,2.370113]",
5725,"[5.590867,1.868831,2.370794]",
5726,"[5.633372,1.868831,2.365439]",
5727,"[5.56984,1.862206,2.375261]",
5728,"[5.569121,1.859162,2.375844]",
5729,"[5.569096,1.854428,2.376584]",
5730,"[5.568889,1.839445,2.38251]",
5731,"[5.95,1.829489,2.338669]",
5732,"[5.95,1.798899,2.348937]",
5733,"[5.95,1.781086,2.354199]",
5734,"[5.95,1.75706,2.364437]",
5735,"[5.95,1.743563,2.371484]",
5736,"[5.95,1.734158,2.385285]",
5737,"[5.95,1.735272,2.394369]",
5738,"[5.95,1.737988,2.420115]",
5739,"[5.95,1.739005,2.433774]",
5740,"[5.95,1.73892,2.444345]",
5741,"[5.95,1.557743,2.492125]",
5742,"[5.804458,1.565512,2.495321]",
5743,"[5.690246,1.565512,2.497334]",
5744,"[5.646399,1.565512,2.492622]",
5745,"[5.589767,1.565512,2.483408]",
5746,"[5.57932,1.562261,2.478197]",
5747,"[5.57932,1.544424,2.462973]",
5748,"[5.57932,1.525963,2.447114]",
5749,"[5.57932,1.5115,2.43596]",
5750,"[5.57932,1.492931,2.423142]",
5751,"[5.57932,1.485586,2.418661]",
5752,"[5.580281,1.478238,2.414136]",
5753,"[5.581022,1.476469,2.41271]",
5754,"[5.581689,1.475217,2.411427]",
5755,"[5.581902,1.474989,2.411016]",
5756,"[5.582128,1.474679,2.410583]",
5757,"[5.582682,1.474207,2.410028]",
5758,"[5.583064,1.473844,2.409702]",
5759,"[5.583157,1.473055,2.409622]",
5760,"[5.583622,1.471962,2.409224]",
5761,"[5.584886,1.470644,2.408143]",
5762,"[5.586095,1.469654,2.407109]",
5763,"[5.685698,1.433649,2.395741]",
5764,"[5.620544,1.455282,2.382699]",
5765,"[5.620873,1.454109,2.369786]",
5766,"[5.621409,1.454751,2.34884]",
5767,"[5.621574,1.457229,2.342566]",
5768,"[5.626009,1.459298,2.333636]",
5769,"[5.627063,1.460241,2.332421]",
5770,"[5.622313,1.463341,2.332421]",
5771,"[5.62604,1.467929,2.33369]",
5772,"[5.623365,1.474405,2.336729]",
5773,"[5.621614,1.486718,2.343025]",
5774,"[5.621526,1.491746,2.346808]",
5775,"[5.621284,1.498275,2.356741]",
5776,"[5.621165,1.499034,2.36145]",
5777,"[5.620967,1.49338,2.368808]",
5778,"[5.620881,1.487377,2.371765]",
5779,"[5.620771,1.473479,2.375088]",
5780,"[5.62074,1.46803,2.375917]",
5781,"[5.620723,1.46372,2.3763]",
5782,"[5.620804,1.458593,2.372767]",
5783,"[5.62089,1.457205,2.369309]",
5784,"[5.621138,1.454492,2.359429]",
5785,"[5.621246,1.454025,2.355189]",
5786,"[5.621587,1.453121,2.341765]",
5787,"[5.623631,1.452402,2.33601]",
5788,"[5.6238,1.452384,2.332421]",
5789,"[5.580498,1.468248,2.329836]",
5790,"[5.580439,1.467799,2.329768]",
5791,"[5.578138,1.46848,2.326332]",
5792,"[5.57705,1.469153,2.322847]",
5793,"[5.575987,1.469114,2.319446]",
5794,"[5.575962,1.468925,2.319365]",
5795,"[5.57596,1.469508,2.316085]",
5796,"[5.57596,1.469531,2.316079]",
5797,"[5.57596,1.470159,2.313036]",
5798,"[5.57596,1.471409,2.307086]",
5799,"[5.57596,1.471492,2.307167]",
5800,"[5.57596,1.471749,2.307477]",
5801,"[5.57596,1.471893,2.307644]",
5802,"[5.57596,1.472255,2.307893]",
5803,"[5.57596,1.472557,2.307978]",
5804,"[5.57596,1.47295,2.305629]",
5805,"[5.57596,1.469566,2.299848]",
5806,"[5.57596,1.467606,2.295895]",
5807,"[5.57596,1.462895,2.288488]",
5808,"[5.57596,1.46049,2.285021]",
5809,"[5.57596,1.457069,2.278798]",
5810,"[5.57596,1.455688,2.275805]",
5811,"[5.57596,1.45367,2.270867]",
5812,"[5.57596,1.452662,2.268377]",
5813,"[5.57596,1.451449,2.265786]",
5814,"[5.57596,1.450322,2.263696]",
5815,"[5.576354,1.450078,2.261502]",
5816,"[5.57784,1.450691,2.257194]",
5817,"[5.59332,1.464241,2.179185]",
5818,"[5.59332,1.476812,2.151574]",
5819,"[5.63375,1.474946,2.035673]",
5820,"[5.659737,1.494135,1.982818]",
5821,"[5.703341,1.494135,1.954065]",
5822,"[5.729815,1.49423,1.940149]",
5823,"[5.726461,1.506957,1.937326]",
5824,"[5.673124,1.904399,1.985245]",
5825,"[5.571153,1.944003,2.09225]",
5826,"[5.571765,1.955337,2.106286]",
5827,"[5.57253,1.970502,2.123799]",
5828,"[5.572817,1.977564,2.130379]",
5829,"[5.573126,1.986995,2.137439]",
5830,"[5.573175,1.993747,2.138577]",
5831,"[5.573192,2.002771,2.138964]",
5832,"[5.573136,2.027791,2.13768]",
5833,"[5.573055,2.045177,2.135811]",
5834,"[5.572803,2.080957,2.130059]",
5835,"[5.572569,2.107135,2.1247]",
5836,"[5.572314,2.138707,2.118842]",
5837,"[5.572227,2.144144,2.116866]",
5838,"[5.572125,2.151985,2.114511]",
5839,"[5.572063,2.154114,2.113094]",
5840,"[5.571999,2.156589,2.111628]",
5841,"[5.574115,2.131666,2.1601]",
5842,"[5.574976,2.107626,2.179822]",
5843,"[5.575557,2.090596,2.193125]",
5844,"[5.575968,2.069534,2.202547]",
5845,"[5.576179,2.058717,2.207373]",
5846,"[5.57653,2.037441,2.215407]",
5847,"[5.576679,2.025878,2.21883]",
5848,"[5.576797,2.014902,2.221517]",
5849,"[5.576835,2.007317,2.222402]",
5850,"[5.576819,1.999273,2.222029]",
5851,"[5.576775,1.996484,2.221008]",
5852,"[5.575426,1.994356,2.190125]",
5853,"[5.5748,1.994808,2.175798]",
5854,"[5.571701,2.017768,2.104801]",
5855,"[5.685314,2.05769,2.048114]",
5856,"[5.683598,2.063773,2.039263]",
5857,"[5.682034,2.072052,2.031196]",
5858,"[5.681616,2.075169,2.02904]",
5859,"[5.681299,2.075722,2.027405]",
5860,"[5.68118,2.073895,2.026796]",
5861,"[5.68102,2.060242,2.025969]",
5862,"[5.680618,2.054295,2.023893]",
5863,"[5.680344,2.049694,2.022481]",
5864,"[5.675965,2.05399,1.9999]",
5865,"[5.674799,2.054588,1.993886]",
5866,"[5.672225,2.056503,1.980613]",
5867,"[5.67098,2.0574,1.974188]",
5868,"[5.668869,2.053616,1.963302]",
5869,"[5.667702,2.049346,1.957284]",
5870,"[5.666591,2.043604,1.951554]",
5871,"[5.664886,2.033267,1.942762]",
5872,"[5.665797,1.890714,1.947458]",
5873,"[5.706182,1.869813,1.933573]",
5874,"[5.583393,1.861618,1.982662]",
5875,"[5.582622,1.857981,1.989247]",
5876,"[5.582503,1.856196,1.992639]",
5877,"[5.582208,1.849019,2.001097]",
5878,"[5.58204,1.843987,2.005891]",
5879,"[5.581892,1.83922,2.010128]",
5880,"[5.768904,1.830736,1.946224]",
5881,"[5.95,1.826314,1.877767]",
5882,"[5.95,1.819318,1.876622]",
5883,"[5.95,1.817542,1.876126]",
5884,"[5.95,1.813213,1.87667]",
5885,"[5.95,1.809343,1.878802]",
5886,"[5.95,1.80591,1.89026]",
5887,"[5.572356,1.859075,2.283206]",
5888,"[5.572567,1.861907,2.294893]",
5889,"[5.582286,1.883658,2.34725]",
5890,"[5.583142,1.892824,2.366848]",
5891,"[5.583986,1.903041,2.386181]",
5892,"[5.584125,1.903977,2.389357]",
5893,"[5.584332,1.90391,2.394118]",
5894,"[5.584416,1.902894,2.396028]",
5895,"[5.584546,1.901559,2.399009]",
5896,"[5.584583,1.901631,2.399847]",
5897,"[5.584621,1.902015,2.400737]",
5898,"[5.584661,1.903054,2.401633]",
5899,"[5.584664,1.903374,2.401708]",
5900,"[5.584668,1.903466,2.401794]",
5901,"[5.584675,1.903094,2.401968]",
5902,"[5.584688,1.901468,2.402256]",
5903,"[5.584684,1.900867,2.402159]",
5904,"[5.584613,1.900837,2.400535]",
5905,"[5.584425,1.901512,2.39624]",
5906,"[5.584329,1.902005,2.394041]",
5907,"[5.584116,1.90323,2.389152]",
5908,"[5.583994,1.904492,2.386366]",
5909,"[5.583766,1.908762,2.381138]",
5910,"[5.583639,1.911839,2.378239]",
5911,"[5.583393,1.916673,2.372589]",
5912,"[5.582517,1.919589,2.352533]",
5913,"[5.581958,1.921299,2.339723]",
5914,"[5.581216,1.924178,2.322732]",
5915,"[5.580919,1.925237,2.31593]",
5916,"[5.580619,1.925574,2.309058]",
5917,"[5.580517,1.925823,2.306726]",
5918,"[5.580521,1.926467,2.306808]",
5919,"[5.582064,1.943994,2.34216]",
5920,"[5.578136,1.950789,2.356357]",
5921,"[5.401375,1.934087,2.368027]",
5922,"[5.397784,1.933894,2.370825]",
5923,"[5.401703,1.933776,2.37503]",
5924,"[5.4045,1.933136,2.376849]",
5925,"[5.407435,1.932666,2.37807]",
5926,"[5.412111,1.931008,2.379942]",
5927,"[5.413377,1.930417,2.380857]",
5928,"[5.414079,1.930074,2.381618]",
5929,"[5.414452,1.930397,2.383295]",
5930,"[5.414433,1.930866,2.384698]",
5931,"[5.414421,1.931831,2.38736]",
5932,"[5.414215,1.932411,2.388628]",
5933,"[5.414057,1.932823,2.389904]",
5934,"[5.413321,1.933336,2.391749]",
5935,"[5.412585,1.933465,2.392731]",
5936,"[5.409832,1.935889,2.393968]",
5937,"[5.408009,1.9387,2.393933]",
5938,"[5.404193,1.943995,2.394016]",
5939,"[5.363235,2.005164,2.360146]",
5940,"[5.354429,2.012317,2.355188]",
5941,"[5.342577,2.017547,2.35151]",
5942,"[5.339303,2.017408,2.349638]",
5943,"[5.583713,2.094081,2.379931]",
5944,"[5.583661,2.09275,2.378728]",
5945,"[5.583617,2.091067,2.377736]",
5946,"[5.583538,2.086509,2.375916]",
5947,"[5.583492,2.08073,2.374864]",
5948,"[5.583472,2.078487,2.374409]",
5949,"[5.583459,2.077356,2.374115]",
5950,"[5.583468,2.075743,2.374309]",
5951,"[5.583496,2.075073,2.374955]",
5952,"[5.583617,2.074399,2.377728]",
5953,"[5.583713,2.07496,2.379924]",
5954,"[5.583869,2.078191,2.383512]",
5955,"[5.58385,2.079871,2.383066]",
5956,"[5.583846,2.080329,2.382979]",
5957,"[5.583808,2.079602,2.38211]",
5958,"[5.583796,2.078483,2.381818]",
5959,"[5.583775,2.075089,2.381336]",
5960,"[5.584087,2.072052,2.388494]",
5961,"[5.584681,2.067572,2.402095]",
5962,"[5.585024,2.067278,2.409963]",
5963,"[5.585664,2.067424,2.424621]",
5964,"[5.586008,2.069416,2.432497]",
5965,"[5.586293,2.073644,2.439009]",
5966,"[5.586527,2.082767,2.444371]",
5967,"[5.586452,2.083392,2.442671]",
5968,"[5.586696,2.082241,2.448238]",
5969,"[5.586588,2.07739,2.445773]",
5970,"[5.586502,2.063653,2.443804]",
5971,"[5.586726,2.055977,2.448936]",
5972,"[5.586809,2.042877,2.450829]",
5973,"[5.586734,2.038555,2.449113]",
5974,"[5.586531,2.032599,2.444456]",
5975,"[5.586005,1.984309,2.432424]",
5976,"[5.585887,1.967613,2.429718]",
5977,"[5.585691,1.95217,2.425241]",
5978,"[5.58561,1.948304,2.423382]",
5979,"[5.585487,1.947252,2.420568]",
5980,"[5.585458,1.94708,2.419886]",
5981,"[5.585453,1.94702,2.419778]",
5982,"[5.585622,1.947103,2.42366]",
5983,"[5.585796,1.947075,2.427642]",
5984,"[5.586123,1.945968,2.435138]",
5985,"[5.586297,1.945038,2.439111]",
5986,"[5.586593,1.943725,2.445877]",
5987,"[5.58675,1.943063,2.44949]",
5988,"[5.587327,1.94008,2.462707]",
5989,"[5.587717,1.937697,2.471628]",
5990,"[5.588038,1.935318,2.478993]",
5991,"[5.608872,1.913267,2.67542]",
5992,"[5.608872,1.91059,2.699094]",
5993,"[5.608872,1.906632,2.722039]",
5994,"[5.608872,1.908718,2.730777]",
5995,"[5.608872,1.915324,2.743978]",
5996,"[5.862098,1.946234,2.804308]",
5997,"[5.862098,1.961376,2.810714]",
5998,"[5.862098,1.966728,2.814079]",
5999,"[5.862098,1.97065,2.814026]",
6000,"[5.862098,1.976196,2.815479]",
6001,"[5.862098,1.977743,2.81665]",
6002,"[5.862098,1.977413,2.81967]",
6003,"[5.862098,1.974216,2.823042]",
6004,"[5.790533,1.955718,2.81172]",
6005,"[5.764163,1.941987,2.81172]",
6006,"[5.739331,1.929031,2.81172]",
6007,"[5.702097,1.912586,2.81172]",
6008,"[5.680186,1.904492,2.81172]",
6009,"[5.670902,1.902363,2.81172]",
6010,"[5.666411,1.901983,2.81172]",
6011,"[5.685097,1.91488,2.81172]",
6012,"[5.710363,1.92541,2.81172]",
6013,"[5.746866,1.940521,2.81172]",
6014,"[5.608872,1.922161,2.717743]",
6015,"[5.608872,1.92092,2.700091]",
6016,"[5.608872,1.916463,2.678767]",
6017,"[5.608872,1.914361,2.672314]",
6018,"[5.608872,1.910757,2.66429]",
6019,"[5.608872,1.909141,2.661151]",
6020,"[5.608872,1.906162,2.656706]",
6021,"[5.608872,1.90418,2.654879]",
6022,"[5.608872,1.902345,2.652796]",
6023,"[5.608872,1.901124,2.652093]",
6024,"[5.608872,1.900196,2.65158]",
6025,"[5.608872,1.899018,2.651125]",
6026,"[5.608872,1.898571,2.65096]",
6027,"[5.608872,1.89752,2.651348]",
6028,"[5.608872,1.897217,2.650819]",
6029,"[5.608872,1.896528,2.649676]",
6030,"[5.608872,1.894733,2.638732]",
6031,"[5.608872,1.893088,2.631841]",
6032,"[5.608872,1.889397,2.623564]",
6033,"[5.608872,1.887,2.620398]",
6034,"[5.608872,1.882456,2.615472]",
6035,"[5.608872,1.879204,2.61423]",
6036,"[5.608872,1.871572,2.612934]",
6037,"[5.95,1.777744,2.682792]",
6038,"[5.533107,1.644008,2.7037]",
6039,"[5.537122,1.623877,2.709852]",
6040,"[5.541685,1.610788,2.713896]",
6041,"[5.547832,1.593158,2.719283]",
6042,"[5.549422,1.5886,2.719695]",
6043,"[5.55248,1.579829,2.720458]",
6044,"[5.552714,1.579156,2.720362]",
6045,"[5.552787,1.578949,2.719644]",
6046,"[5.552662,1.579306,2.71907]",
6047,"[5.551532,1.582548,2.71694]",
6048,"[5.551258,1.583334,2.71605]",
6049,"[5.551249,1.583359,2.714746]",
6050,"[5.551451,1.582779,2.712041]",
6051,"[5.551654,1.582196,2.710811]",
6052,"[5.55224,1.580516,2.708547]",
6053,"[5.55257,1.579569,2.707417]",
6054,"[5.553277,1.577543,2.70506]",
6055,"[5.553895,1.575769,2.703502]",
6056,"[5.554643,1.573626,2.701903]",
6057,"[5.579228,1.503113,2.685682]",
6058,"[5.554961,1.488923,2.675521]",
6059,"[5.572023,1.459023,2.666175]",
6060,"[5.581698,1.447701,2.662424]",
6061,"[5.599782,1.432774,2.656218]",
6062,"[5.607399,1.426539,2.65361]",
6063,"[5.622025,1.408561,2.647828]",
6064,"[5.630219,1.396157,2.644287]",
6065,"[5.625084,1.38783,2.644426]",
6066,"[5.639959,1.353561,2.640819]",
6067,"[5.607116,1.264227,2.596152]",
6068,"[5.562183,1.243188,2.574534]",
6069,"[5.95,0.9767343,2.584448]",
6070,"[5.950001,0.9500449,2.582978]",
6071,"[5.95,0.9431416,2.584328]",
6072,"[5.95,0.9426097,2.587027]",
6073,"[5.950001,0.9419358,2.587889]",
6074,"[5.95,0.9465534,2.590089]",
6075,"[5.95,0.9495711,2.591746]",
6076,"[5.560037,1.199722,2.549978]",
6077,"[5.95,0.8890849,2.6206]",
6078,"[5.95,0.8506675,2.63509]",
6079,"[5.812106,0.6622185,2.657784]",
6080,"[5.789031,0.6622184,2.65627]",
6081,"[5.653796,0.7800756,2.624767]",
6082,"[5.654234,0.7800756,2.617517]",
6083,"[5.771019,0.6622184,2.636883]",
6084,"[5.774763,0.6622186,2.636411]",
6085,"[5.776997,0.6622185,2.634718]",
6086,"[5.778393,0.6622185,2.632495]",
6087,"[5.777163,0.6622185,2.62878]",
6088,"[5.560816,0.8172069,2.522156]",
6089,"[5.552434,0.788649,2.49579]",
6090,"[5.552045,0.762808,2.482385]",
6091,"[5.555799,0.7155841,2.465546]",
6092,"[5.556878,0.7040844,2.4628]",
6093,"[5.559001,0.6819764,2.458057]",
6094,"[5.559754,0.6767702,2.459123]",
6095,"[5.56613,0.656928,2.461499]",
6096,"[5.566129,0.649445,2.461538]",
6097,"[5.950001,0.1158362,2.518349]",
6098,"[5.950001,0.1050676,2.509685]",
6099,"[5.546677,0.622529,2.401964]",
6100,"[5.534561,0.622529,2.369112]",
6101,"[5.529817,0.622529,2.357859]",
6102,"[5.525105,0.6207926,2.342734]",
6103,"[5.525264,0.6195468,2.338164]",
6104,"[5.525402,0.6203741,2.334213]",
6105,"[5.525442,0.6211935,2.333071]",
6106,"[5.525511,0.6223053,2.331088]",
6107,"[5.528101,0.622529,2.326131]",
6108,"[5.531519,0.622529,2.32188]",
6109,"[5.540491,0.622529,2.312666]",
6110,"[5.548483,0.622529,2.305767]",
6111,"[5.555605,0.622529,2.265955]",
6112,"[5.556361,0.622529,2.25168]",
6113,"[5.557969,0.622529,2.232016]",
6114,"[5.557182,0.622529,2.227687]",
6115,"[5.556012,0.622529,2.222889]",
6116,"[5.552507,0.622529,2.21615]",
6117,"[5.547596,0.622529,2.215581]",
6118,"[5.534223,0.622529,2.213511]",
6119,"[5.529453,0.6135873,2.218207]",
6120,"[5.528857,0.582089,2.235275]",
6121,"[5.528481,0.5650912,2.246043]",
6122,"[5.52775,0.5292396,2.266996]",
6123,"[5.527287,0.5043418,2.280246]",
6124,"[5.526584,0.4648195,2.300376]",
6125,"[5.526297,0.4454544,2.308592]",
6126,"[5.525958,0.421228,2.318288]",
6127,"[5.525375,0.3746836,2.334981]",
6128,"[5.525075,0.3479133,2.343563]",
6129,"[5.52493,0.3375033,2.34775]",
6130,"[5.524893,0.3360113,2.348803]",
6131,"[5.524774,0.3291622,2.352196]",
6132,"[5.524729,0.3289782,2.353495]",
6133,"[5.52467,0.3277311,2.355173]",
6134,"[5.524687,0.332148,2.35469]",
6135,"[5.524639,0.3309654,2.356059]",
6136,"[5.524435,0.3383906,2.361919]",
6137,"[5.524029,0.3530462,2.373533]",
6138,"[5.523321,0.3700384,2.393819]",
6139,"[5.536399,0.4229257,2.624637]",
6140,"[5.535528,0.4279016,2.649608]",
6141,"[5.534607,0.4558003,2.675958]",
6142,"[5.534513,0.4680564,2.678657]",
6143,"[5.534361,0.4887662,2.683017]",
6144,"[5.534454,0.5010264,2.680348]",
6145,"[5.534852,0.5230709,2.668968]",
6146,"[5.535172,0.5336164,2.659775]",
6147,"[5.536081,0.5530112,2.63376]",
6148,"[5.536603,0.5644843,2.618806]",
6149,"[5.537416,0.5809669,2.595528]",
6150,"[5.539358,0.6169128,2.539919]",
6151,"[5.550766,0.622529,2.508886]",
6152,"[5.566829,0.6524678,2.441494]",
6153,"[5.550393,0.7079572,2.397512]",
6154,"[5.627697,0.6622186,2.317349]",
6155,"[5.649341,0.6622186,2.286662]",
6156,"[5.624534,0.7158558,1.901903]",
6157,"[5.624534,0.7373669,1.891427]",
6158,"[5.624534,0.7782735,1.884897]",
6159,"[5.624534,0.8851897,1.931299]",
6160,"[5.624534,0.9510705,1.94844]",
6161,"[5.649435,1.073547,1.981407]",
6162,"[5.644562,1.271151,2.035673]",
6163,"[5.679755,1.381596,2.035673]",
6164,"[5.95,1.715131,1.928493]",
6165,"[5.95,1.731802,1.927986]",
6166,"[5.666578,1.895576,1.951485]",
6167,"[5.660892,2.014794,1.922165]",
6168,"[5.658112,2.089451,1.907826]",
6169,"[5.657279,2.123125,1.903529]",
6170,"[5.656971,2.144721,1.901944]",
6171,"[5.657139,2.144282,1.902805]",
6172,"[5.659672,2.094889,1.915871]",
6173,"[5.659815,2.092465,1.916608]",
6174,"[5.661088,2.064323,1.923175]",
6175,"[5.661645,2.050403,1.926044]",
6176,"[5.661699,2.047884,1.926324]",
6177,"[5.662596,2.048979,1.930951]",
6178,"[5.663143,2.05074,1.93377]",
6179,"[5.663757,2.054595,1.936937]",
6180,"[5.664314,2.054655,1.939812]",
6181,"[5.664938,2.055831,1.943031]",
6182,"[5.665534,2.054435,1.946102]",
6183,"[5.665961,2.05356,1.948304]",
6184,"[5.666574,2.052407,1.951465]",
6185,"[5.666776,2.052177,1.952508]",
6186,"[5.666091,2.054128,1.948974]",
6187,"[5.665296,2.071931,1.944875]",
6188,"[5.664484,2.088678,1.940687]",
6189,"[5.663839,2.094362,1.937359]",
6190,"[5.663239,2.098127,1.934264]",
6191,"[5.662573,2.102301,1.93083]",
6192,"[5.662,2.103093,1.927876]",
6193,"[5.660821,2.104486,1.921798]",
6194,"[5.660172,2.104958,1.91845]",
6195,"[5.658718,2.106304,1.910948]",
6196,"[5.657825,2.107275,1.906347]",
6197,"[5.655939,2.109494,1.896619]",
6198,"[5.654491,2.110247,1.889151]",
6199,"[5.652669,2.1103,1.879755]",
6200,"[5.642831,2.074208,1.829015]",
6201,"[5.635754,2.051474,1.792518]",
6202,"[5.95,2.00845,1.238369]",
6203,"[5.95,1.997124,1.182467]",
6204,"[5.95,1.968771,1.005851]",
6205,"[5.829885,1.944049,1.004322]",
6206,"[5.829885,1.932177,0.8553897]",
6207,"[5.950001,1.926842,0.2472352]",
6208,"[5.882497,1.912605,0.05000091]",
6209,"[5.182472,1.815487,0.05000046]",
6210,"[5.049594,1.792466,0.05000037]",
6211,"[4.795264,1.762327,0.05000021]",
6212,"[4.755374,1.761639,0.05000019]",
6213,"[4.572289,1.74458,0.05000008]",
6214,"[4.572584,1.747799,0.05000008]",
6215,"[4.502926,1.759539,0.05000003]",
6216,"[4.419649,1.761875,0.04999999]",
6217,"[4.289825,1.771851,0.04999991]",
6218,"[4.104579,1.769189,0.0499998]",
6219,"[4.024448,1.761472,0.04999974]",
6220,"[3.94694,1.752207,0.05000103]",
6221,"[3.937931,1.751342,0.05000079]",
6222,"[3.870286,1.739841,0.05000103]",
6223,"[3.81623,1.72877,0.0500008]",
6224,"[3.61202,1.680361,0.05000081]",
6225,"[3.420077,1.649084,0.05000058]",
6226,"[3.336286,1.639016,0.05000083]",
6227,"[3.240991,1.626134,0.05000059]",
6228,"[3.214302,1.621464,0.05000036]",
6229,"[3.209353,1.611419,0.05000036]",
6230,"[3.176201,1.599834,0.0500006]",
6231,"[3.109611,1.595274,0.05000036]",
6232,"[2.547818,1.57235,0.05000016]",
6233,"[2.467978,1.581646,0.1289818]",
6234,"[2.350757,1.649679,0.2639997]",
6235,"[2.313069,1.67447,0.3123612]",
6236,"[2.281033,1.713782,0.3572826]",
6237,"[2.291651,1.731321,0.3453314]",
6238,"[2.306698,1.760401,0.3303268]",
6239,"[2.339993,1.792983,0.2903792]",
6240,"[2.363827,1.819102,0.2637606]",
6241,"[2.456071,2.201244,0.2006989]",
6242,"[2.604208,2.480516,0.1862268]",
6243,"[2.925056,2.537431,0.414]",
6244,"[2.949184,2.578955,0.414]",
6245,"[2.977962,2.640543,0.414]",
6246,"[2.987915,2.666582,0.414]",
6247,"[2.99702,2.697466,0.414]",
6248,"[2.998546,2.706255,0.414]",
6249,"[3.000444,2.708936,0.414]",
6250,"[3.004286,2.712296,0.414]",
6251,"[3.006514,2.711238,0.414]",
6252,"[3.019685,2.692649,0.414]",
6253,"[3.030606,2.67425,0.414]",
6254,"[3.050092,2.617149,0.414]",
6255,"[3.061259,2.591201,0.414]",
6256,"[3.066985,2.563861,0.414]",
6257,"[3.077309,2.511369,0.4140001]",
6258,"[3.082172,2.482714,0.4140001]",
6259,"[2.865659,2.480516,0.1591183]",
6260,"[2.777805,2.449564,0.05000038]",
6261,"[2.825243,1.826938,0.05000038]",
6262,"[2.821722,1.645091,0.05000014]",
6263,"[2.821434,1.430018,0.05000014]",
6264,"[2.827233,1.331619,0.05000014]",
6265,"[2.841744,1.235322,0.05000014]",
6266,"[2.890257,1.116085,0.05000038]",
6267,"[3.017798,1.021021,0.05000013]",
6268,"[3.188754,0.8607554,0.05000036]",
6269,"[3.508019,0.9619835,0.4311151]",
6270,"[4.435946,1.282395,1.455664]",
6271,"[4.458527,1.278743,1.462741]",
6272,"[4.489443,1.291984,1.465487]",
6273,"[4.497864,1.283477,1.438613]",
6274,"[4.501262,1.292284,1.427772]",
6275,"[4.508288,1.28358,1.405351]",
6276,"[4.515419,1.264774,1.382595]",
6277,"[4.528727,1.23085,1.340132]",
6278,"[4.536029,1.215412,1.316831]",
6279,"[4.554755,1.170138,1.257076]",
6280,"[4.573002,1.124872,1.198849]",
6281,"[4.579682,1.091375,1.140372]",
6282,"[4.578984,1.091375,1.135963]",
6283,"[4.581017,1.091375,1.133122]",
6284,"[4.574648,1.142067,1.193594]",
6285,"[4.574672,1.1437,1.193519]",
6286,"[4.563109,1.174699,1.230416]",
6287,"[4.538712,1.233823,1.30827]",
6288,"[4.516846,1.280555,1.378043]",
6289,"[4.471896,1.333091,1.46693]",
6290,"[4.443062,1.327353,1.457894]",
6291,"[3.838257,0.6346837,0.4404985]",
6292,"[3.541919,0.3769364,0.05000034]",
6293,"[3.654189,0.6863394,0.5136645]",
6294,"[3.640621,0.739693,0.5913668]",
6295,"[3.581411,0.770111,0.6358186]",
6296,"[3.542628,0.770111,0.6520013]",
6297,"[3.524718,0.7701109,0.6791145]",
6298,"[3.495041,0.7701108,0.6964953]",
6299,"[3.488708,0.7701109,0.6986237]",
6300,"[3.463524,0.7701109,0.6985821]",
6301,"[3.441887,0.770111,0.6976066]",
6302,"[3.326253,0.7146879,0.6029561]",
6303,"[3.316913,0.7242419,0.6029561]",
6304,"[3.259949,0.7234342,0.6029561]",
6305,"[3.174379,0.711517,0.6029561]",
6306,"[3.075141,0.6976568,0.6029561]",
6307,"[2.565858,0.7386672,1.149406]",
6308,"[2.401238,0.7089098,1.21402]",
6309,"[2.678498,0.998116,1.87632]",
6310,"[2.653379,1.026042,1.953606]",
6311,"[2.050001,0.8746743,2.109462]",
6312,"[2.050001,0.8808669,2.148181]",
6313,"[2.050001,0.8953319,2.259416]",
6314,"[2.050001,0.9045992,2.325671]",
6315,"[2.050001,0.8510835,2.254599]",
6316,"[2.050001,0.8361077,2.236971]",
6317,"[2.050001,0.7851469,2.117389]",
6318,"[2.050001,0.7790953,2.108254]",
6319,"[2.050001,0.7529114,2.041672]",
6320,"[2.528502,0.9031594,2.02113]",
6321,"[2.530515,0.8829996,2.024059]",
6322,"[2.050001,0.573851,2.260031]",
6323,"[2.050001,0.5442106,2.345159]",
6324,"[2.936224,0.8988907,2.547197]",
6325,"[2.388493,0.5806857,2.873146]",
6326,"[2.407698,0.5806857,2.922899]",
6327,"[2.454547,0.5940549,2.960376]",
6328,"[2.476604,0.6002313,2.964671]",
6329,"[2.479353,0.6002312,2.976933]",
6330,"[2.474615,0.6002313,2.973708]",
6331,"[2.4578,0.6002312,2.986911]",
6332,"[2.440125,0.6002312,2.987426]",
6333,"[2.417537,0.6002312,2.996498]",
6334,"[2.332422,0.6002312,3.011335]",
6335,"[2.076051,0.5009966,3.118138]",
6336,"[2.065688,0.5657881,3.17716]",
6337,"[2.164641,0.7034698,3.522044]",
6338,"[2.220445,0.7690121,3.672954]",
6339,"[2.238745,0.7894131,3.719909]",
6340,"[2.253313,0.803933,3.755819]",
6341,"[2.254263,0.7930731,3.758628]",
6342,"[2.249066,0.7832634,3.748386]",
6343,"[2.244009,0.7720512,3.741094]",
6344,"[2.233344,0.7533782,3.715879]",
6345,"[2.163274,0.4552661,3.319009]",
6346,"[2.159647,0.4038624,3.248807]",
6347,"[2.646959,0.5806857,2.891372]",
6348,"[2.687369,0.5806857,2.8489]",
6349,"[2.716948,0.5806857,2.811398]",
6350,"[2.73041,0.5806857,2.784894]",
6351,"[2.729319,0.5806857,2.7807]",
6352,"[2.723147,0.5806857,2.779086]",
6353,"[2.720181,0.5806857,2.779429]",
6354,"[2.717785,0.5806857,2.780133]",
6355,"[2.717323,0.5806857,2.78011]",
6356,"[2.717901,0.5806857,2.780442]",
6357,"[2.71741,0.5806857,2.778736]",
6358,"[2.717126,0.5806857,2.777923]",
6359,"[2.695273,0.5806857,2.775482]",
6360,"[2.685722,0.5806857,2.779475]",
6361,"[2.658733,0.5806857,2.795132]",
6362,"[2.644321,0.5806857,2.80245]",
6363,"[2.620379,0.5806857,2.814077]",
6364,"[2.613998,0.5806857,2.816735]",
6365,"[2.610787,0.5806857,2.818841]",
6366,"[2.614938,0.5806857,2.815041]",
6367,"[2.621329,0.5806857,2.807953]",
6368,"[2.642182,0.5806857,2.79839]",
6369,"[2.649972,0.5806857,2.800997]",
6370,"[2.644188,0.5806857,2.887517]",
6371,"[2.628528,0.5806857,2.956273]",
6372,"[2.410294,0.9313648,4.16297]",
6373,"[2.428173,0.9514312,4.191712]",
6374,"[3.054656,1.225841,4.795601]",
6375,"[3.134569,1.377228,4.868393]",
6376,"[3.1775,1.436633,4.898308]",
6377,"[3.22677,1.491237,4.926174]",
6378,"[3.246007,1.509035,4.935249]",
6379,"[3.250823,1.521697,4.933684]",
6380,"[3.26148,1.533182,4.937396]",
6381,"[3.271841,1.550579,4.939318]",
6382,"[3.271585,1.56428,4.937556]",
6383,"[3.280015,1.584546,4.940746]",
6384,"[3.313461,1.632846,4.954638]",
6385,"[3.345333,1.663372,4.968055]",
6386,"[3.449134,1.700891,5.008521]",
6387,"[3.5303,1.720893,5.037661]",
6388,"[4.340181,1.75597,3.983105]",
6389,"[4.445481,1.767981,3.98313]",
6390,"[4.523455,1.785929,3.983168]",
6391,"[4.665321,1.830138,3.983261]",
6392,"[4.678237,1.836742,3.983274]",
6393,"[4.770686,1.883058,3.983371]",
6394,"[4.800808,1.916673,3.983442]",
6395,"[4.917505,2.011222,3.98364]",
6396,"[4.982952,2.056037,3.983734]",
6397,"[5.095807,2.133576,3.983896]",
6398,"[5.146912,2.163508,3.983959]",
6399,"[5.149353,2.196695,3.957747]",
6400,"[5.115756,2.194546,3.957763]",
6401,"[5.097938,2.193785,3.957768]",
6402,"[4.9979,2.178127,3.983989]",
6403,"[4.965804,2.170585,3.983974]",
6404,"[4.830009,2.107062,3.98384]",
6405,"[4.795106,2.068921,3.983761]",
6406,"[4.770309,2.038269,3.983696]",
6407,"[4.812843,1.888718,3.983383]",
6408,"[4.830095,1.827006,3.983254]",
6409,"[4.833633,1.745148,3.983083]",
6410,"[4.822226,1.690388,3.982968]",
6411,"[4.781262,1.558003,3.982691]",
6412,"[4.765344,1.508591,3.982587]",
6413,"[4.736291,1.358893,3.982274]",
6414,"[4.726118,1.286835,3.958508]",
6415,"[4.883279,0.6410183,4.478661]",
6416,"[4.896778,0.6247608,4.287617]",
6417,"[4.978084,0.1824463,3.963593]",
6418,"[4.974948,0.1,3.756672]",
6419,"[4.979358,0.1,3.639827]",
6420,"[4.985688,0.1,3.585733]",
6421,"[4.989972,0.1,3.586102]",
6422,"[5.043477,0.1,3.730482]",
6423,"[5.058737,0.1,3.765906]",
6424,"[5.123756,0.1,3.960489]",
6425,"[5.14376,0.2228275,3.963593]",
6426,"[5.16392,0.2775074,3.958831]",
6427,"[5.240061,0.3396429,3.99644]",
6428,"[5.282174,0.3786677,3.99644]",
6429,"[5.332722,0.4577331,3.99644]",
6430,"[5.356946,0.4948405,3.99644]",
6431,"[5.570934,0.3221402,4.347614]",
6432,"[5.241885,1.007119,3.336656]",
6433,"[5.531013,1.055174,2.981041]",
6434,"[5.547069,1.056364,2.964991]",
6435,"[5.579856,1.042347,2.966136]",
6436,"[5.667583,0.971736,2.969199]",
6437,"[5.708709,0.9267325,2.970635]",
6438,"[5.779249,0.8608524,2.973098]",
6439,"[5.773711,0.8571095,2.972905]",
6440,"[5.743164,0.8473431,2.971838]",
6441,"[5.726833,0.8380954,2.971268]",
6442,"[5.65743,0.8240175,2.968844]",
6443,"[5.641732,0.8134823,2.968296]",
6444,"[5.592039,0.8186104,2.966561]",
6445,"[5.530988,0.8294102,2.981762]",
6446,"[5.544158,0.7795603,3.046514]",
6447,"[5.485412,0.7753945,3.141017]",
6448,"[5.435183,0.7948472,3.162939]",
6449,"[5.284972,0.9083865,3.132197]",
6450,"[5.229812,0.7446086,3.393949]",
6451,"[5.27842,0.2950624,3.966474]",
6452,"[5.204449,0.2951975,3.992678]",
6453,"[5.113033,0.3146631,3.995574]",
6454,"[4.940063,0.3221403,4.02482]",
6455,"[4.833708,0.3221404,4.037755]",
6456,"[3.859188,0.3108926,4.058894]",
6457,"[3.795272,0.3557411,3.972447]",
6458,"[3.61075,0.363331,3.874294]",
6459,"[3.521184,0.3610473,3.826651]",
6460,"[3.397212,0.3176636,3.821072]",
6461,"[2.585616,0.1,3.530672]",
6462,"[2.450982,0.1,3.525179]",
6463,"[2.646307,0.130371,3.931799]",
6464,"[2.670084,0.1336697,3.971933]",
6465,"[2.675816,0.1332556,3.986232]",
6466,"[2.687201,0.1284451,4.008084]",
6467,"[2.738058,0.1233228,4.071587]",
6468,"[2.75304,0.1226052,4.092499]",
6469,"[2.814921,0.1179426,4.156207]",
6470,"[3.372399,0.5417187,3.815521]",
6471,"[3.497876,0.6322192,3.766089]",
6472,"[3.632013,0.6855265,3.837441]",
6473,"[3.667779,0.7032282,3.861173]",
6474,"[3.717361,0.7130653,3.973184]",
6475,"[3.740809,0.7130653,4.085901]",
6476,"[3.714674,0.6477179,4.305167]",
6477,"[3.643004,0.4576393,4.917963]",
6478,"[4.052765,0.9947058,3.928992]",
6479,"[4.107045,1.010857,3.957691]",
6480,"[4.117457,1.01055,3.957755]",
6481,"[4.179849,1.032192,3.923198]",
6482,"[4.184613,1.020646,3.92321]",
6483,"[4.193382,0.9971632,3.923234]",
6484,"[4.199347,0.9921027,3.923241]",
6485,"[4.225954,1.000945,3.923244]",
6486,"[4.264152,1.048398,3.923218]",
6487,"[4.279859,1.084825,3.923192]",
6488,"[4.432963,1.222356,3.946332]",
6489,"[4.534881,1.278164,3.95854]",
6490,"[4.749245,1.383249,3.982325]",
6491,"[4.862362,1.441645,3.982447]",
6492,"[5.281897,1.749825,3.983092]",
6493,"[5.402023,1.810007,3.983218]",
6494,"[5.949999,2.084044,3.863676]",
6495,"[5.95,2.011053,3.326341]",
6496,"[5.562743,1.939098,2.965538]",
6497,"[5.616,1.942341,2.863285]",
6498,"[5.616,1.944235,2.817628]",
6499,"[5.608872,1.912996,2.655321]",
6500,"[5.608872,1.906208,2.6041]",
6501,"[5.608872,1.903433,2.578571]",
6502,"[5.559469,1.87334,2.527842]",
6503,"[5.56418,1.859012,2.517338]",
6504,"[5.559381,1.836079,2.530338]",
6505,"[5.561885,1.821138,2.551179]",
6506,"[5.95,1.821776,2.674496]",
6507,"[5.95,1.823152,2.67966]",
6508,"[5.95,1.824129,2.69202]",
6509,"[5.95,1.822287,2.695989]",
6510,"[5.95,1.817585,2.697605]",
6511,"[5.95,1.777179,2.707973]",
6512,"[5.573724,1.691894,2.599198]",
6513,"[5.548619,1.651999,2.596343]",
6514,"[5.548564,1.639217,2.597052]",
6515,"[5.54717,1.623575,2.598927]",
6516,"[5.546096,1.619882,2.599934]",
6517,"[5.541543,1.6189,2.60344]",
6518,"[5.540092,1.615357,2.60742]",
6519,"[5.540061,1.615445,2.612168]",
6520,"[5.541115,1.612422,2.618724]",
6521,"[5.542944,1.607177,2.6241]",
6522,"[5.552529,1.579689,2.640553]",
6523,"[5.561283,1.554582,2.651595]",
6524,"[5.556382,1.381996,2.660998]",
6525,"[5.555922,1.319938,2.668926]",
6526,"[5.567491,1.270724,2.680433]",
6527,"[5.95,0.9410725,2.861914]",
6528,"[5.95,0.9075392,2.86323]",
6529,"[5.95,0.9004681,2.857403]",
6530,"[5.95,0.8976144,2.851801]",
6531,"[5.95,0.8835755,2.837844]",
6532,"[5.95,0.8561977,2.790577]",
6533,"[5.95,0.6738797,2.715113]",
6534,"[5.887567,0.6622185,2.682406]",
6535,"[5.837052,0.6622184,2.661445]",
6536,"[5.743771,0.6622185,2.622318]",
6537,"[5.719974,0.6622185,2.613986]",
6538,"[5.691343,0.6622185,2.599659]",
6539,"[5.686049,0.6622184,2.592495]",
6540,"[5.681073,0.6622185,2.580394]",
6541,"[5.680649,0.6622185,2.575181]",
6542,"[5.692115,0.6622185,2.568451]",
6543,"[5.558919,0.8035876,2.543579]",
6544,"[5.559085,0.8210459,2.538827]",
6545,"[5.559439,0.8390955,2.528682]",
6546,"[5.560789,0.8428696,2.522208]",
6547,"[5.54368,0.8574635,2.50122]",
6548,"[5.542614,0.8508499,2.487865]",
6549,"[5.552237,0.7435504,2.462069]",
6550,"[5.555338,0.708616,2.451834]",
6551,"[5.557498,0.6830777,2.443179]",
6552,"[5.566971,0.6493361,2.437406]",
6553,"[5.566898,0.6449827,2.439515]",
6554,"[5.566744,0.6371077,2.443908]",
6555,"[5.52509,0.622529,2.445607]",
6556,"[5.521522,0.5736303,2.445335]",
6557,"[5.521539,0.5580547,2.44485]",
6558,"[5.521562,0.5459551,2.444191]",
6559,"[5.521634,0.5356476,2.44212]",
6560,"[5.521692,0.5308644,2.440454]",
6561,"[5.521686,0.5255211,2.440624]",
6562,"[5.521659,0.5224972,2.441389]",
6563,"[5.521625,0.5161479,2.442389]",
6564,"[5.521607,0.5124583,2.442886]",
6565,"[5.51959,0.5228897,2.500646]",
6566,"[5.51875,0.5282788,2.524713]",
6567,"[5.539354,0.5097169,2.540039]",
6568,"[5.53887,0.5200145,2.553879]",
6569,"[5.538693,0.5261102,2.558958]",
6570,"[5.538512,0.5322831,2.564143]",
6571,"[5.538462,0.5342397,2.565588]",
6572,"[5.538406,0.5338237,2.567173]",
6573,"[5.538411,0.5348716,2.567046]",
6574,"[5.538555,0.5418904,2.562922]",
6575,"[5.52231,0.5613691,2.422749]",
6576,"[5.52362,0.562985,2.385248]",
6577,"[5.527385,0.5755582,2.27743]",
6578,"[5.528337,0.5817955,2.250174]",
6579,"[5.529398,0.5970483,2.219773]",
6580,"[5.529451,0.5989293,2.218262]",
6581,"[5.529527,0.6040571,2.216083]",
6582,"[5.529443,0.6059912,2.218508]",
6583,"[5.529222,0.6032072,2.224844]",
6584,"[5.529095,0.5988002,2.228462]",
6585,"[5.52898,0.5946332,2.231752]",
6586,"[5.528564,0.582758,2.243653]",
6587,"[5.528428,0.5761716,2.247554]",
6588,"[5.528288,0.5659996,2.25156]",
6589,"[5.528263,0.5601053,2.252296]",
6590,"[5.528277,0.5561769,2.251893]",
6591,"[5.528566,0.5473493,2.243621]",
6592,"[5.516866,0.5288692,2.047095]",
6593,"[5.519413,0.5292103,1.974178]",
6594,"[5.527621,0.5290647,1.739128]",
6595,"[5.529741,0.5562589,1.678419]",
6596,"[5.53035,0.5946926,1.660976]",
6597,"[5.577829,0.6713251,1.64041]",
6598,"[5.578463,0.7902429,1.659017]",
6599,"[5.624534,0.965953,1.673586]",
6600,"[5.624534,1.057661,1.710626]",
6601,"[5.648998,1.153,1.725935]",
6602,"[5.645189,1.374206,1.799936]",
6603,"[5.613436,1.473061,1.842184]",
6604,"[5.571686,2.043279,2.104472]",
6605,"[5.571757,2.158532,2.106084]",
6606,"[5.580554,2.210063,2.105659]",
6607,"[5.570899,2.450586,2.120866]",
6608,"[5.95,2.747916,2.023702]",
6609,"[5.95,2.835603,2.031396]",
6610,"[5.95,2.866109,2.036101]",
6611,"[5.95,2.86566,2.035313]",
6612,"[5.95,2.829386,2.034708]",
6613,"[5.95,2.719564,2.029915]",
6614,"[5.95,2.683785,2.027496]",
6615,"[5.576789,2.434472,2.11633]",
6616,"[5.603247,2.434472,2.106268]",
6617,"[5.576493,2.4008,2.104533]",
6618,"[5.574584,2.383611,2.095009]",
6619,"[5.57476,2.371277,2.089955]",
6620,"[5.575018,2.354238,2.082572]",
6621,"[5.575272,2.347719,2.079566]",
6622,"[5.790489,2.434472,2.015012]",
6623,"[5.798355,2.434472,2.010213]",
6624,"[5.811048,2.434472,2.005774]",
6625,"[5.83718,2.434472,1.997906]",
6626,"[5.85043,2.434472,1.99443]",
6627,"[5.872361,2.434472,1.990809]",
6628,"[5.8823,2.434472,1.989873]",
6629,"[5.916894,2.434472,1.98561]",
6630,"[5.678528,2.232069,2.109081]",
6631,"[5.573806,2.158734,2.153027]",
6632,"[5.574573,2.123775,2.170589]",
6633,"[5.574955,2.106063,2.179332]",
6634,"[5.575391,2.086199,2.189332]",
6635,"[5.575551,2.079218,2.192991]",
6636,"[5.575778,2.068341,2.198185]",
6637,"[5.575897,2.062093,2.200917]",
6638,"[5.576073,2.053108,2.204944]",
6639,"[5.577287,1.994684,2.232739]",
6640,"[5.57772,1.973512,2.242669]",
6641,"[5.578158,1.953631,2.252695]",
6642,"[5.578262,1.947763,2.255084]",
6643,"[5.578397,1.938549,2.258174]",
6644,"[5.578428,1.936903,2.258873]",
6645,"[5.578464,1.934294,2.259697]",
6646,"[5.578475,1.932728,2.259964]",
6647,"[5.578445,1.929247,2.259279]",
6648,"[5.578416,1.926376,2.258613]",
6649,"[5.578382,1.92457,2.257821]",
6650,"[5.578288,1.920145,2.255661]",
6651,"[5.578234,1.917603,2.254428]",
6652,"[5.57815,1.914008,2.252521]",
6653,"[5.57811,1.912157,2.251606]",
6654,"[5.578016,1.910047,2.249436]",
6655,"[5.577946,1.907774,2.247848]",
6656,"[5.577867,1.904879,2.24602]",
6657,"[5.576608,1.882264,2.217192]",
6658,"[5.575963,1.87005,2.202415]",
6659,"[5.575719,1.851316,2.186916]",
6660,"[5.575918,1.84171,2.181202]",
6661,"[5.95,1.824284,2.126079]",
6662,"[5.95,1.816236,2.124586]",
6663,"[5.95,1.804183,2.123021]",
6664,"[5.95,1.799287,2.122509]",
6665,"[5.95,1.790877,2.125629]",
6666,"[5.95,1.788507,2.128336]",
6667,"[5.95,1.787572,2.142054]",
6668,"[5.95,1.78422,2.156776]",
6669,"[5.950001,1.785158,2.163956]",
6670,"[5.950001,1.787386,2.173208]",
6671,"[5.95,1.78889,2.176442]",
6672,"[5.95,1.796075,2.182598]",
6673,"[5.950001,1.797546,2.184633]",
6674,"[5.95,1.799294,2.187109]",
6675,"[5.950001,1.800113,2.191161]",
6676,"[5.95,1.799581,2.19337]",
6677,"[5.95,1.797893,2.197305]",
6678,"[5.95,1.79669,2.199188]",
6679,"[5.95,1.794897,2.201952]",
6680,"[5.95,1.793178,2.20354]",
6681,"[5.95,1.788943,2.206366]",
6682,"[5.95,1.779795,2.199427]",
6683,"[5.950001,1.772292,2.194148]",
6684,"[5.95,1.745871,2.17117]",
6685,"[5.95,1.738104,2.16502]",
6686,"[5.95,1.725914,2.156155]",
6687,"[5.95,1.723081,2.153709]",
6688,"[5.95,1.718721,2.150268]",
6689,"[5.95,1.717091,2.148998]",
6690,"[5.95,1.715514,2.14804]",
6691,"[5.95,1.713443,2.146928]",
6692,"[5.95,1.712065,2.146642]",
6693,"[5.95,1.707882,2.146829]",
6694,"[5.95,1.705179,2.147288]",
6695,"[5.810182,1.579305,2.265048]",
6696,"[5.699862,1.579305,2.283222]",
6697,"[5.604357,1.579305,2.298153]",
6698,"[5.57762,1.579305,2.302037]",
6699,"[5.57596,1.578006,2.303525]",
6700,"[5.57596,1.574731,2.306264]",
6701,"[5.57596,1.573056,2.30752]",
6702,"[5.57596,1.569719,2.309758]",
6703,"[5.57596,1.568001,2.310852]",
6704,"[5.57596,1.565972,2.313085]",
6705,"[5.57596,1.564499,2.31462]",
6706,"[5.57596,1.562904,2.316157]",
6707,"[5.577371,1.55614,2.323877]",
6708,"[5.623368,1.537271,2.337401]",
6709,"[5.622009,1.517115,2.39039]",
6710,"[5.57932,1.514316,2.431298]",
6711,"[5.559188,1.490921,2.535877]",
6712,"[5.657447,1.44087,2.643621]",
6713,"[5.555423,1.449204,2.774469]",
6714,"[5.95,1.304221,3.419182]",
6715,"[5.95,1.293233,3.516121]",
6716,"[5.949999,1.497834,4.018841]",
6717,"[5.950001,1.503235,4.205586]",
6718,"[5.500076,1.571057,3.982718]",
6719,"[5.375097,1.574734,3.982726]",
6720,"[5.158741,1.571103,3.982718]",
6721,"[5.045925,1.568877,3.982713]",
6722,"[4.532768,1.506059,3.982582]",
6723,"[4.436862,1.485911,3.98254]",
6724,"[4.403346,1.499716,3.982569]",
6725,"[4.318141,1.520659,3.982612]",
6726,"[4.289615,1.531338,3.982635]",
6727,"[4.17855,1.563329,3.982702]",
6728,"[4.121323,1.580706,3.957779]",
6729,"[4.03582,1.599862,3.957254]",
6730,"[3.680991,1.501215,5.04]",
6731,"[3.60005,1.517727,5.04]",
6732,"[3.64915,1.517756,5.04]",
6733,"[3.681256,1.515094,5.04]",
6734,"[4.179553,1.62174,3.982824]",
6735,"[4.220953,1.617455,3.982815]",
6736,"[4.421604,1.609304,3.982798]",
6737,"[4.530158,1.616281,3.982813]",
6738,"[4.645193,1.615271,3.98281]",
6739,"[4.694058,1.619372,3.982819]",
6740,"[4.789865,1.612974,3.982806]",
6741,"[4.973035,1.585807,3.982749]",
6742,"[5.086948,1.560989,3.982697]",
6743,"[5.378207,1.499596,3.982568]",
6744,"[5.446014,1.48407,3.982536]",
6745,"[5.950001,1.3568,4.05605]",
6746,"[5.95,1.369361,3.781478]",
6747,"[5.562606,1.404427,2.849883]",
6748,"[5.532922,1.420318,2.724406]",
6749,"[5.57932,1.352421,2.446212]",
6750,"[5.59332,1.311849,2.192008]",
6751,"[5.59332,1.30128,2.121376]",
6752,"[5.586266,1.234296,1.893106]",
6753,"[5.700445,1.153,1.771897]",
6754,"[5.643406,1.153,1.714617]",
6755,"[5.630992,1.153,1.692622]",
6756,"[5.625863,1.153,1.70543]",
6757,"[5.671791,1.153,1.831461]",
6758,"[5.683389,1.153,1.857098]",
6759,"[5.740679,1.145968,1.981407]",
6760,"[5.581458,1.232958,2.041028]",
6761,"[5.581222,1.232446,2.051711]",
6762,"[5.58063,1.23443,2.053488]",
6763,"[5.580485,1.237852,2.050426]",
6764,"[5.583635,1.246505,1.96021]",
6765,"[5.584697,1.247526,1.92982]",
6766,"[5.586009,1.245358,1.892254]",
6767,"[5.586069,1.246168,1.890529]",
6768,"[5.586314,1.246934,1.883497]",
6769,"[5.58635,1.246997,1.88246]",
6770,"[5.586425,1.246923,1.880321]",
6771,"[5.586456,1.24681,1.879426]",
6772,"[5.586535,1.24557,1.877195]",
6773,"[5.58659,1.24431,1.875601]",
6774,"[5.586688,1.243679,1.872814]",
6775,"[5.587083,1.245429,1.861471]",
6776,"[5.587373,1.249062,1.853169]",
6777,"[5.640497,1.264227,1.791651]",
6778,"[5.690513,1.26592,1.746094]",
6779,"[5.729466,1.284368,1.699819]",
6780,"[5.731689,1.293273,1.697177]",
6781,"[5.738866,1.311754,1.688652]",
6782,"[5.731504,1.326187,1.697397]",
6783,"[5.727372,1.34004,1.702307]",
6784,"[5.7207,1.355461,1.710232]",
6785,"[5.72028,1.366166,1.710732]",
6786,"[5.710639,1.399627,1.722185]",
6787,"[5.699579,1.426749,1.735323]",
6788,"[5.688853,1.476303,1.748066]",
6789,"[5.67976,1.627532,1.758867]",
6790,"[5.831956,1.648509,1.669482]",
6791,"[5.836731,1.721263,1.669648]",
6792,"[5.849116,1.762252,1.670081]",
6793,"[5.855107,1.827424,1.67029]",
6794,"[5.638765,1.871374,1.808049]",
6795,"[5.643359,1.959303,1.83174]",
6796,"[5.644707,1.982668,1.838692]",
6797,"[5.646461,2.008653,1.847736]",
6798,"[5.647131,2.018946,1.851194]",
6799,"[5.647491,2.019512,1.85305]",
6800,"[5.648667,2.020111,1.859114]",
6801,"[5.649392,2.019828,1.862853]",
6802,"[5.651052,2.018051,1.871417]",
6803,"[5.651809,2.017477,1.875317]",
6804,"[5.65349,2.014592,1.883988]",
6805,"[5.65459,2.008702,1.88966]",
6806,"[5.655588,2.004782,1.894808]",
6807,"[5.657047,2.000082,1.902333]",
6808,"[5.657759,1.998637,1.906002]",
6809,"[5.658551,1.996687,1.910088]",
6810,"[5.658946,1.996616,1.912126]",
6811,"[5.659192,1.994668,1.913392]",
6812,"[5.659389,1.991618,1.914408]",
6813,"[5.659686,1.987097,1.915943]",
6814,"[5.653432,1.984213,1.913899]",
6815,"[5.629902,1.976991,1.920728]",
6816,"[5.535714,1.964556,1.928743]",
6817,"[5.544375,1.968507,1.920827]",
6818,"[5.549555,1.977462,1.910891]",
6819,"[5.95,2.066325,1.787986]",
6820,"[5.95,2.070127,1.784435]",
6821,"[5.95,2.072388,1.781688]",
6822,"[5.95,2.071866,1.778519]",
6823,"[5.95,2.071029,1.776606]",
6824,"[5.95,2.062519,1.773224]",
6825,"[5.95,2.041711,1.788425]",
6826,"[5.95,2.025644,1.798843]",
6827,"[5.95,2.007903,1.808938]",
6828,"[5.95,2.003523,1.811086]",
6829,"[5.95,2.002356,1.810125]",
6830,"[5.95,2.002095,1.808455]",
6831,"[5.95,2.008635,1.804341]",
6832,"[5.95,2.012768,1.801704]",
6833,"[5.95,2.015833,1.799585]",
6834,"[5.95,2.018498,1.797719]",
6835,"[5.95,2.018577,1.79723]",
6836,"[5.95,2.016923,1.796308]",
6837,"[5.95,2.0146,1.796105]",
6838,"[5.95,2.009744,1.796021]",
6839,"[5.95,1.9963,1.810707]",
6840,"[5.95,1.986395,1.81846]",
6841,"[5.95,1.898077,1.943601]",
6842,"[5.95,1.88867,1.955453]",
6843,"[5.583309,1.862922,1.99971]",
6844,"[5.582702,1.861683,2.002941]",
6845,"[5.581953,1.859473,2.008394]",
6846,"[5.58186,1.857915,2.011064]",
6847,"[5.581702,1.855615,2.015569]",
6848,"[5.581653,1.854598,2.016992]",
6849,"[5.581604,1.853779,2.018401]",
6850,"[5.581445,1.853092,2.022952]",
6851,"[5.581322,1.852977,2.026469]",
6852,"[5.58,1.855312,2.064307]",
6853,"[5.575308,1.855015,2.079454]",
6854,"[5.578493,1.853802,2.107488]",
6855,"[5.578123,1.852624,2.118062]",
6856,"[5.577763,1.852177,2.128383]",
6857,"[5.577202,1.85124,2.144429]",
6858,"[5.576933,1.850538,2.15215]",
6859,"[5.576545,1.850818,2.163251]",
6860,"[5.576324,1.851022,2.169587]",
6861,"[5.575848,1.852817,2.183223]",
6862,"[5.575454,1.856227,2.194507]",
6863,"[5.574801,1.858374,2.213187]",
6864,"[5.574484,1.85908,2.222268]",
6865,"[5.574256,1.859784,2.230268]",
6866,"[5.574056,1.860523,2.241673]",
6867,"[5.574305,1.861225,2.239893]",
6868,"[5.574254,1.860954,2.239294]",
6869,"[5.574219,1.860764,2.238828]",
6870,"[5.573923,1.859448,2.238356]",
6871,"[5.57375,1.857852,2.243281]",
6872,"[5.573565,1.855461,2.248574]",
6873,"[5.573362,1.85432,2.254405]",
6874,"[5.57316,1.854231,2.260197]",
6875,"[5.572483,1.855713,2.279572]",
6876,"[5.572178,1.856319,2.288303]",
6877,"[5.571722,1.855515,2.301383]",
6878,"[5.571568,1.854182,2.305802]",
6879,"[5.571742,1.849493,2.300802]",
6880,"[5.571964,1.84437,2.294444]",
6881,"[5.573318,1.832347,2.277979]",
6882,"[5.95,1.829473,2.264513]",
6883,"[5.95,1.769026,2.11391]",
6884,"[5.768301,1.76235,2.112216]",
6885,"[5.675313,1.755256,2.108968]",
6886,"[5.635753,1.54688,1.860969]",
6887,"[5.611319,1.515068,1.840401]",
6888,"[5.666823,1.451754,1.774236]",
6889,"[5.688072,1.42763,1.748994]",
6890,"[5.705478,1.408136,1.728316]",
6891,"[5.70365,1.40888,1.730487]",
6892,"[5.683604,1.427226,1.754301]",
6893,"[5.663249,1.439006,1.778483]",
6894,"[5.644704,1.450735,1.800513]",
6895,"[5.622892,1.463743,1.826424]",
6896,"[5.616022,1.467519,1.834586]",
6897,"[5.61136,1.468367,1.840436]",
6898,"[5.611654,1.4668,1.840683]",
6899,"[5.613199,1.418163,1.837939]",
6900,"[5.635221,1.303669,1.811779]",
6901,"[5.643053,1.264227,1.800481]",
6902,"[5.588484,1.260926,1.830765]",
6903,"[5.588238,1.238356,1.8284]",
6904,"[5.643022,1.153,1.795863]",
6905,"[5.624534,1.131719,1.812186]",
6906,"[5.624534,1.106979,1.813672]",
6907,"[5.624534,1.039941,1.829387]",
6908,"[5.624534,1.006477,1.839813]",
6909,"[5.624534,0.9745134,1.861925]",
6910,"[5.624534,0.9692365,1.871894]",
6911,"[5.624534,1.001527,1.906522]",
6912,"[5.624534,1.051729,1.939209]",
6913,"[5.693374,1.063063,1.981407]",
6914,"[5.574521,1.252272,2.096793]",
6915,"[5.57932,1.400354,2.429712]",
6916,"[5.57932,1.412383,2.438045]",
6917,"[5.567553,1.595319,2.584938]",
6918,"[5.536836,1.643305,2.605737]",
6919,"[5.759112,1.698017,2.851869]",
6920,"[5.616,1.977772,2.872282]",
6921,"[5.616,1.99365,2.889675]",
6922,"[5.616,2.0068,2.913189]",
6923,"[5.616,2.010167,2.927059]",
6924,"[5.616,1.968846,2.899683]",
6925,"[5.616,1.924258,2.822142]",
6926,"[5.619036,1.916632,2.81172]",
6927,"[5.65883,1.911783,2.81172]",
6928,"[5.671747,1.911232,2.81172]",
6929,"[5.677964,1.911346,2.81172]",
6930,"[5.682195,1.91627,2.81172]",
6931,"[5.68372,1.922257,2.81172]",
6932,"[5.689429,1.92677,2.81172]",
6933,"[5.693132,1.931257,2.81172]",
6934,"[5.608872,1.923303,2.741646]",
6935,"[5.608872,1.925812,2.73843]",
6936,"[5.608872,1.929317,2.720091]",
6937,"[5.608872,1.931783,2.710629]",
6938,"[5.608872,1.936163,2.701759]",
6939,"[5.608872,1.93785,2.691273]",
6940,"[5.608872,1.938841,2.68564]",
6941,"[5.608872,1.93789,2.675932]",
6942,"[5.608872,1.938143,2.670691]",
6943,"[5.608872,1.940585,2.664746]",
6944,"[5.608872,1.942822,2.662754]",
6945,"[5.608872,1.9651,2.67371]",
6946,"[5.608872,1.976188,2.683068]",
6947,"[5.608872,1.985401,2.6926]",
6948,"[5.608872,1.993194,2.691591]",
6949,"[5.608872,1.994494,2.691129]",
6950,"[5.608872,1.996622,2.689188]",
6951,"[5.608872,1.996737,2.688903]",
6952,"[5.608872,1.995877,2.68716]",
6953,"[5.608872,1.994139,2.686326]",
6954,"[5.608872,1.99301,2.685839]",
6955,"[5.608872,1.992415,2.68557]",
6956,"[5.608872,1.991524,2.685061]",
6957,"[5.608872,1.990924,2.685048]",
6958,"[5.608872,1.988766,2.690191]",
6959,"[5.608872,1.987631,2.694776]",
6960,"[5.608872,1.985903,2.704237]",
6961,"[5.608872,1.985444,2.70874]",
6962,"[5.608872,1.985296,2.713718]",
6963,"[5.608872,1.985025,2.724073]",
6964,"[5.608872,1.985102,2.729236]",
6965,"[5.608872,1.988138,2.737505]",
6966,"[5.608872,1.998523,2.741033]",
6967,"[5.608872,2.062008,2.740145]",
6968,"[5.608872,2.113543,2.741924]",
6969,"[5.608872,2.159872,2.743193]",
6970,"[5.608872,2.209536,2.741227]",
6971,"[5.608872,2.226639,2.738872]",
6972,"[5.608872,2.226691,2.737039]",
6973,"[5.608872,2.225468,2.736418]",
6974,"[5.608872,2.205956,2.738223]",
6975,"[5.608872,2.133748,2.745879]",
6976,"[5.862098,2.195796,2.804387]",
6977,"[5.862098,2.117888,2.826174]",
6978,"[5.862098,2.081677,2.842897]",
6979,"[5.862098,2.035715,2.86711]",
6980,"[5.862098,2.023635,2.877246]",
6981,"[5.862098,2.02392,2.88851]",
6982,"[5.862098,2.038294,2.884285]",
6983,"[5.862098,2.050656,2.880795]",
6984,"[5.862098,2.09301,2.860821]",
6985,"[5.862098,2.097251,2.859464]",
6986,"[5.862098,2.097239,2.858539]",
6987,"[5.862098,2.093997,2.856909]",
6988,"[5.862098,2.083279,2.863948]",
6989,"[5.862098,2.078873,2.860259]",
6990,"[5.862098,2.073375,2.856118]",
6991,"[5.862098,2.069958,2.854497]",
6992,"[5.862098,2.067474,2.854031]",
6993,"[5.862098,2.063442,2.864075]",
6994,"[5.862098,2.045636,2.862028]",
6995,"[5.862098,2.019201,2.867593]",
6996,"[5.862098,2.007602,2.867764]",
6997,"[5.862098,1.997545,2.864316]",
6998,"[5.862098,1.991233,2.862823]",
6999,"[5.862098,1.981384,2.856523]",
7000,"[5.862098,1.980898,2.854804]",
7001,"[5.862098,1.980724,2.853824]",
7002,"[5.862098,1.981821,2.851362]",
7003,"[5.862098,1.982782,2.850017]",
7004,"[5.862098,1.985463,2.844405]",
7005,"[5.862098,1.986765,2.840571]",
7006,"[5.862098,1.988098,2.838408]",
7007,"[5.862098,1.998881,2.831755]",
7008,"[5.862098,2.018541,2.827168]",
7009,"[5.862098,2.026045,2.827238]",
7010,"[5.862098,2.029936,2.829749]",
7011,"[5.862098,2.033884,2.834086]",
7012,"[5.862098,2.034198,2.834061]",
7013,"[5.862098,2.030964,2.83528]",
7014,"[5.862098,2.027466,2.833127]",
7015,"[5.862098,2.02064,2.829546]",
7016,"[5.862098,2.018251,2.828054]",
7017,"[5.862098,2.016395,2.826816]",
7018,"[5.862098,2.013295,2.823702]",
7019,"[5.862098,2.013033,2.821581]",
7020,"[5.862098,2.015096,2.81358]",
7021,"[5.862098,2.017674,2.807806]",
7022,"[5.862098,2.026855,2.79365]",
7023,"[5.862098,2.032213,2.78597]",
7024,"[5.862098,2.045383,2.783891]",
7025,"[5.862098,2.051508,2.786334]",
7026,"[5.862098,2.055115,2.787656]",
7027,"[5.862098,2.05777,2.788539]",
7028,"[5.862098,2.057856,2.788717]",
7029,"[5.862098,2.056346,2.789541]",
7030,"[5.862098,2.054501,2.790105]",
7031,"[5.862098,2.049355,2.784136]",
7032,"[5.862098,2.045922,2.784814]",
7033,"[5.862098,2.04096,2.780218]",
7034,"[5.862098,2.039973,2.780208]",
7035,"[5.862098,2.039229,2.773962]",
7036,"[5.862098,2.038999,2.769554]",
7037,"[5.862098,2.0391,2.770048]",
7038,"[5.862098,2.038518,2.766339]",
7039,"[5.862098,2.038635,2.767122]",
7040,"[5.862098,2.040744,2.770535]",
7041,"[5.862098,2.043699,2.773419]",
7042,"[5.862098,2.047673,2.778235]",
7043,"[5.862098,2.054788,2.785024]",
7044,"[5.862098,2.057894,2.79077]",
7045,"[5.862098,2.06286,2.80152]",
7046,"[5.862098,2.066094,2.807342]",
7047,"[5.862098,2.071051,2.815647]",
7048,"[5.862098,2.075532,2.819904]",
7049,"[5.862098,2.078988,2.824064]",
7050,"[5.862098,2.080796,2.826202]",
7051,"[5.862098,2.082735,2.828168]",
7052,"[5.862098,2.08458,2.831583]",
7053,"[5.862098,2.084923,2.833376]",
7054,"[5.862098,2.085713,2.836067]",
7055,"[5.862098,2.087802,2.838553]",
7056,"[5.862098,2.091723,2.843716]",
7057,"[5.862098,2.091537,2.845492]",
7058,"[5.862098,2.091825,2.84742]",
7059,"[5.862098,2.088814,2.848633]",
7060,"[5.862098,2.088381,2.850596]",
7061,"[5.862098,2.080016,2.855665]",
7062,"[5.862098,2.075725,2.856704]",
7063,"[5.862098,2.072307,2.863619]",
7064,"[5.862098,2.06993,2.864148]",
7065,"[5.862098,2.065375,2.867067]",
7066,"[5.862098,2.062674,2.867753]",
7067,"[5.862098,2.059165,2.866607]",
7068,"[5.862098,2.053133,2.86625]",
7069,"[5.862098,2.04739,2.863657]",
7070,"[5.862098,2.037282,2.857867]",
7071,"[5.862098,2.033855,2.855632]",
7072,"[5.862098,2.027094,2.851041]",
7073,"[5.862098,2.023079,2.84866]",
7074,"[5.860856,2.018285,2.844588]",
7075,"[5.738041,1.987696,2.833673]",
7076,"[5.74361,1.988012,2.833855]",
7077,"[5.787651,1.994675,2.838078]",
7078,"[5.95,2.022064,2.849698]",
7079,"[5.95,2.018469,2.848936]",
7080,"[5.95,2.013446,2.84474]",
7081,"[5.95,2.011068,2.840909]",
7082,"[5.95,2.004811,2.828963]",
7083,"[5.95,2.001412,2.820187]",
7084,"[5.95,1.998094,2.811198]",
7085,"[5.95,1.997256,2.795406]",
7086,"[5.95,1.998907,2.789245]",
7087,"[5.95,2.004179,2.782856]",
7088,"[5.95,2.008064,2.777718]",
7089,"[5.95,2.014078,2.775399]",
7090,"[5.95,2.022148,2.770675]",
7091,"[5.95,2.022699,2.767067]",
7092,"[5.95,2.021676,2.764389]",
7093,"[5.95,2.020832,2.761156]",
7094,"[5.95,2.01879,2.76277]",
7095,"[5.95,2.018307,2.765169]",
7096,"[5.95,2.017957,2.766395]",
7097,"[5.95,2.018549,2.773129]",
7098,"[5.95,2.019154,2.777445]",
7099,"[5.95,2.02176,2.788122]",
7100,"[5.95,2.022218,2.795841]",
7101,"[5.95,2.021618,2.803168]",
7102,"[5.95,2.021627,2.809648]",
7103,"[5.95,2.021542,2.81321]",
7104,"[5.95,2.023343,2.823009]",
7105,"[5.95,2.025954,2.827933]",
7106,"[5.95,2.033663,2.834074]",
7107,"[5.95,2.039203,2.837912]",
7108,"[5.95,2.055155,2.847325]",
7109,"[5.95,2.062481,2.850689]",
7110,"[5.95,2.067841,2.851594]",
7111,"[5.95,2.078277,2.848427]",
7112,"[5.95,2.085296,2.844166]",
7113,"[5.95,2.099786,2.832513]",
7114,"[5.95,2.107895,2.82423]",
7115,"[5.608872,2.032523,2.741816]",
7116,"[5.608872,2.041687,2.732126]",
7117,"[5.608872,2.05074,2.719526]",
7118,"[5.608872,2.053882,2.712934]",
7119,"[5.608872,2.056221,2.704561]",
7120,"[5.608872,2.056488,2.704897]",
7121,"[5.608872,2.056664,2.704966]",
7122,"[5.608872,2.057091,2.705855]",
7123,"[5.608872,2.057657,2.706696]",
7124,"[5.608872,2.060322,2.7118]",
7125,"[5.608872,2.061419,2.714535]",
7126,"[5.608872,2.062407,2.717969]",
7127,"[5.608872,2.061773,2.724615]",
7128,"[5.608872,2.061227,2.73653]",
7129,"[5.608872,2.062039,2.742866]",
7130,"[5.95,2.189005,2.845718]",
7131,"[5.771924,2.12738,2.81172]",
7132,"[5.732251,2.11165,2.81172]",
7133,"[5.649178,2.074112,2.81172]",
7134,"[5.616,2.057572,2.8158]",
7135,"[5.616,2.050194,2.848511]",
7136,"[5.616,2.047321,2.868789]",
7137,"[5.616,2.044978,2.909195]",
7138,"[5.616,2.043263,2.942946]",
7139,"[5.616,2.04191,2.96251]",
7140,"[5.530815,2.00841,2.986727]",
7141,"[5.95,2.126484,3.37115]",
7142,"[5.95,2.014329,4.052971]",
7143,"[5.95,1.990975,4.194579]",
7144,"[5.421141,1.796074,3.983189]",
7145,"[5.310109,1.754165,3.983101]",
7146,"[5.237509,1.723668,3.983037]",
7147,"[5.068182,1.68308,3.982953]",
7148,"[5.000848,1.670212,3.982926]",
7149,"[4.867498,1.660148,3.982904]",
7150,"[4.863835,1.664155,3.982913]",
7151,"[4.811515,1.66043,3.982905]",
7152,"[4.754641,1.646068,3.982875]",
7153,"[4.759143,1.651974,3.982887]",
7154,"[4.746336,1.654706,3.982893]",
7155,"[4.721486,1.651321,3.982886]",
7156,"[4.657994,1.59908,3.982777]",
7157,"[4.632636,1.579226,3.982735]",
7158,"[4.578346,1.54287,3.982659]",
7159,"[4.59088,1.539984,3.982653]",
7160,"[4.63769,1.544503,3.982662]",
7161,"[4.657889,1.543151,3.982659]",
7162,"[4.734926,1.541909,3.982657]",
7163,"[4.744299,1.535586,3.982644]",
7164,"[4.759236,1.53481,3.982642]",
7165,"[4.769082,1.527872,3.982627]",
7166,"[4.770446,1.521816,3.982615]",
7167,"[4.671618,1.716602,2.915954]",
7168,"[4.658646,1.738934,2.808613]",
7169,"[4.647711,1.734683,2.814684]",
7170,"[4.642991,1.731595,2.825336]",
7171,"[4.638908,1.725615,2.847683]",
7172,"[4.632291,1.712896,2.897158]",
7173,"[4.627814,1.71101,2.904171]",
7174,"[4.623679,1.712102,2.902957]",
7175,"[4.624259,1.710599,2.911859]",
7176,"[4.682539,1.463025,3.982492]",
7177,"[4.681883,1.463373,3.982492]",
7178,"[4.680937,1.463253,3.982492]",
7179,"[4.600061,1.670386,3.010796]",
7180,"[4.594047,1.667254,3.005711]",
7181,"[4.586735,1.656581,3.023115]",
7182,"[4.583964,1.650782,3.035061]",
7183,"[4.579442,1.636512,3.071638]",
7184,"[4.577421,1.631364,3.085199]",
7185,"[4.573868,1.624766,3.103224]",
7186,"[4.572174,1.623617,3.106461]",
7187,"[4.570837,1.615828,3.132527]",
7188,"[4.567396,1.603679,3.174822]",
7189,"[4.565245,1.600995,3.186067]",
7190,"[4.558859,1.610031,3.165836]",
7191,"[4.554494,1.609208,3.17681]",
7192,"[4.547436,1.610042,3.194561]",
7193,"[4.542924,1.611982,3.201105]",
7194,"[4.537149,1.615493,3.213754]",
7195,"[4.545068,1.599976,3.224272]",
7196,"[4.547501,1.593272,3.233219]",
7197,"[4.550568,1.585416,3.250417]",
7198,"[4.550927,1.582736,3.258792]",
7199,"[4.553756,1.577958,3.277521]",
7200,"[4.556665,1.573833,3.288186]",
7201,"[4.560252,1.566052,3.321326]",
7202,"[4.561531,1.562846,3.328099]",
7203,"[4.562172,1.560293,3.334728]",
7204,"[4.566743,1.551429,3.356643]",
7205,"[4.568983,1.547646,3.375758]",
7206,"[4.571812,1.540171,3.391705]",
7207,"[4.574062,1.535695,3.395038]",
7208,"[4.578173,1.528504,3.405711]",
7209,"[4.580837,1.524934,3.411767]",
7210,"[4.587392,1.515252,3.431185]",
7211,"[4.591869,1.51424,3.443712]",
7212,"[4.597777,1.509538,3.463525]",
7213,"[4.607198,1.502448,3.500574]",
7214,"[4.611428,1.499505,3.518857]",
7215,"[4.615149,1.496302,3.536071]",
7216,"[4.615371,1.495705,3.537475]",
7217,"[4.616899,1.49478,3.549726]",
7218,"[4.616384,1.495165,3.54936]",
7219,"[4.593829,1.498326,3.551206]",
7220,"[4.539041,1.52292,3.564116]",
7221,"[4.523858,1.524757,3.57578]",
7222,"[4.459271,1.376388,3.98231]",
7223,"[4.449187,1.38008,3.982318]",
7224,"[4.442162,1.381372,3.982321]",
7225,"[4.438929,1.381724,3.982321]",
7226,"[4.433006,1.382648,3.982323]",
7227,"[4.432548,1.382572,3.982323]",
7228,"[4.432065,1.38221,3.982322]",
7229,"[4.434058,1.376776,3.982311]",
7230,"[4.436443,1.373658,3.982304]",
7231,"[4.438358,1.371595,3.9823]",
7232,"[4.44045,1.370674,3.982298]",
7233,"[4.443494,1.370717,3.982298]",
7234,"[4.444845,1.371325,3.9823]",
7235,"[4.44755,1.372428,3.982302]",
7236,"[4.448728,1.372044,3.982301]",
7237,"[4.45014,1.370646,3.982298]",
7238,"[4.452225,1.36423,3.982285]",
7239,"[4.452614,1.360193,3.982276]",
7240,"[4.455255,1.350914,3.982257]",
7241,"[4.457594,1.34617,3.982247]",
7242,"[4.48558,1.327411,3.982208]",
7243,"[4.493395,1.322099,3.982197]",
7244,"[4.504358,1.319329,3.982191]",
7245,"[4.517793,1.317377,3.982187]",
7246,"[4.521234,1.31568,3.982183]",
7247,"[4.525658,1.312655,3.982177]",
7248,"[4.526868,1.31143,3.982174]",
7249,"[4.527914,1.309791,3.982171]",
7250,"[4.528422,1.308889,3.982169]",
7251,"[4.530276,1.30573,3.982162]",
7252,"[4.532278,1.304715,3.98216]",
7253,"[4.570718,1.298072,3.982146]",
7254,"[4.584327,1.296387,3.978665]",
7255,"[4.593975,1.296365,3.972306]",
7256,"[4.605051,1.296208,3.962233]",
7257,"[4.60879,1.293962,3.961163]",
7258,"[4.613708,1.289437,3.959041]",
7259,"[4.614704,1.288716,3.958892]",
7260,"[4.616569,1.287167,3.958572]",
7261,"[4.617271,1.28655,3.958509]",
7262,"[4.617864,1.286633,3.958509]",
7263,"[4.619031,1.287829,3.958709]",
7264,"[4.619637,1.288652,3.958879]",
7265,"[4.620263,1.289759,3.959161]",
7266,"[4.620276,1.290468,3.959499]",
7267,"[4.619869,1.293236,3.960817]",
7268,"[4.619699,1.294091,3.961224]",
7269,"[4.619521,1.295148,3.961728]",
7270,"[4.619665,1.295811,3.962043]",
7271,"[4.620015,1.296333,3.962745]",
7272,"[4.620599,1.29635,3.967591]",
7273,"[4.621373,1.296365,3.972261]",
7274,"[4.58171,1.372007,3.982301]",
7275,"[4.577563,1.382266,3.982322]",
7276,"[4.573733,1.389803,3.982338]",
7277,"[4.570807,1.396872,3.982353]",
7278,"[4.569326,1.40255,3.982365]",
7279,"[4.569074,1.405218,3.982371]",
7280,"[4.569599,1.407732,3.982376]",
7281,"[4.571014,1.414402,3.98239]",
7282,"[4.571662,1.417645,3.982397]",
7283,"[4.573361,1.420901,3.982403]",
7284,"[4.574724,1.421962,3.982406]",
7285,"[4.578759,1.425081,3.982412]",
7286,"[4.581518,1.426986,3.982416]",
7287,"[4.588769,1.432449,3.982428]",
7288,"[4.592613,1.436326,3.982436]",
7289,"[4.594735,1.440224,3.982444]",
7290,"[4.594575,1.441625,3.982447]",
7291,"[4.594851,1.442999,3.98245]",
7292,"[4.596467,1.445279,3.982455]",
7293,"[4.597691,1.446716,3.982457]",
7294,"[4.599967,1.444365,3.982453]",
7295,"[4.614694,1.438576,3.98244]",
7296,"[4.635579,1.427433,3.982417]",
7297,"[4.6466,1.417992,3.982397]",
7298,"[4.656343,1.411239,3.982383]",
7299,"[4.673356,1.399984,3.98236]",
7300,"[4.678835,1.395639,3.982351]",
7301,"[4.693752,1.384777,3.982328]",
7302,"[4.698443,1.378556,3.982315]",
7303,"[4.705638,1.366614,3.98229]",
7304,"[4.708604,1.359295,3.982274]",
7305,"[4.713518,1.349515,3.982254]",
7306,"[4.716892,1.345827,3.982246]",
7307,"[4.717625,1.336686,3.982227]",
7308,"[4.719903,1.322668,3.982198]",
7309,"[4.722548,1.321714,3.982196]",
7310,"[4.725281,1.323485,3.982199]",
7311,"[4.729483,1.326216,3.982205]",
7312,"[4.741767,1.340333,3.982235]",
7313,"[4.750048,1.348741,3.982252]",
7314,"[4.761336,1.375344,3.982308]",
7315,"[4.727991,1.454552,3.982474]",
7316,"[4.716006,1.483433,3.982534]",
7317,"[4.611258,1.706727,3.983002]",
7318,"[4.598923,1.742525,3.983077]",
7319,"[4.579665,1.809309,3.983217]",
7320,"[4.575525,1.823538,3.983247]",
7321,"[4.565586,1.855102,3.983313]",
7322,"[4.563383,1.85787,3.983319]",
7323,"[4.560331,1.860485,3.983324]",
7324,"[4.552118,1.859047,3.983321]",
7325,"[4.538461,1.857645,3.983318]",
7326,"[4.518126,1.861324,3.983326]",
7327,"[4.509072,1.863842,3.983331]",
7328,"[4.500136,1.866692,3.983337]",
7329,"[4.498245,1.866929,3.983338]",
7330,"[4.495527,1.860162,3.983323]",
7331,"[4.494437,1.851836,3.983306]",
7332,"[4.496586,1.838035,3.983277]",
7333,"[4.499269,1.819764,3.983239]",
7334,"[4.499956,1.814705,3.983228]",
7335,"[4.571842,1.804572,3.983207]",
7336,"[4.597726,1.802158,3.983202]",
7337,"[4.626099,1.801437,3.9832]",
7338,"[4.634695,1.800172,3.983198]",
7339,"[4.651117,1.795634,3.983188]",
7340,"[4.66101,1.792332,3.983181]",
7341,"[4.670585,1.788405,3.983173]",
7342,"[4.68807,1.77936,3.983154]",
7343,"[4.698334,1.771719,3.983138]",
7344,"[4.715185,1.75706,3.983108]",
7345,"[4.72483,1.749691,3.983092]",
7346,"[4.74386,1.74285,3.983078]",
7347,"[4.774373,1.745688,3.983084]",
7348,"[4.797444,1.747522,3.983088]",
7349,"[4.832861,1.743917,3.98308]",
7350,"[4.839015,1.741349,3.983075]",
7351,"[4.853693,1.729195,3.983049]",
7352,"[4.856804,1.724391,3.983039]",
7353,"[4.861298,1.717153,3.983024]",
7354,"[4.862802,1.714681,3.983019]",
7355,"[4.864638,1.712552,3.983014]",
7356,"[4.864493,1.713778,3.983017]",
7357,"[4.86467,1.720453,3.983031]",
7358,"[4.868782,1.742765,3.983078]",
7359,"[4.872283,1.756022,3.983105]",
7360,"[4.886259,1.777645,3.98315]",
7361,"[4.894642,1.785495,3.983167]",
7362,"[4.904348,1.790893,3.983178]",
7363,"[4.908977,1.793297,3.983183]",
7364,"[4.912776,1.794774,3.983186]",
7365,"[4.91821,1.795501,3.983188]",
7366,"[4.920828,1.793572,3.983184]",
7367,"[4.927245,1.779506,3.983155]",
7368,"[4.932243,1.76514,3.983124]",
7369,"[4.9396,1.732526,3.983056]",
7370,"[4.942034,1.72582,3.983042]",
7371,"[4.947548,1.714355,3.983018]",
7372,"[4.948758,1.712673,3.983015]",
7373,"[4.95023,1.711263,3.983011]",
7374,"[4.951269,1.713935,3.983017]",
7375,"[4.952229,1.716316,3.983022]",
7376,"[4.954176,1.719952,3.98303]",
7377,"[4.954623,1.722081,3.983034]",
7378,"[4.954578,1.724847,3.98304]",
7379,"[4.954253,1.725647,3.983042]",
7380,"[4.951905,1.725584,3.983042]",
7381,"[4.949175,1.724246,3.983039]",
7382,"[4.94498,1.722645,3.983035]",
7383,"[4.936051,1.71846,3.983027]",
7384,"[4.930692,1.715689,3.983021]",
7385,"[4.92126,1.711255,3.983011]",
7386,"[4.917151,1.709359,3.983008]",
7387,"[4.910655,1.708369,3.983006]",
7388,"[4.909105,1.708514,3.983006]",
7389,"[4.907657,1.708597,3.983006]",
7390,"[4.90471,1.712172,3.983013]",
7391,"[4.903118,1.715912,3.983021]",
7392,"[4.90251,1.723817,3.983038]",
7393,"[4.902323,1.727376,3.983045]",
7394,"[4.902566,1.739963,3.983072]",
7395,"[4.903231,1.747046,3.983087]",
7396,"[4.904034,1.753494,3.9831]",
7397,"[4.90399,1.765315,3.983125]",
7398,"[4.904184,1.771226,3.983137]",
7399,"[4.904518,1.781126,3.983158]",
7400,"[4.860164,1.790522,3.983178]",
7401,"[4.819808,1.797203,3.983191]",
7402,"[4.807384,1.796759,3.983191]",
7403,"[4.790674,1.795237,3.983187]",
7404,"[4.783667,1.793995,3.983185]",
7405,"[4.777122,1.792045,3.983181]",
7406,"[4.764629,1.787463,3.983171]",
7407,"[4.739004,1.776133,3.983147]",
7408,"[4.712428,1.765066,3.983124]",
7409,"[4.627061,1.728705,3.983048]",
7410,"[4.573532,1.704554,3.982997]",
7411,"[4.561065,1.69807,3.982984]",
7412,"[4.554306,1.694299,3.982976]",
7413,"[4.554194,1.694085,3.982975]",
7414,"[4.556013,1.693707,3.982975]",
7415,"[4.597515,1.687801,3.982962]",
7416,"[4.654541,1.678375,3.982943]",
7417,"[4.926704,1.61622,3.982812]",
7418,"[5.06576,1.586908,3.982751]",
7419,"[5.95,1.383158,3.446877]",
7420,"[5.57932,1.318822,2.495721]",
7421,"[5.594282,1.341688,2.24331]",
7422,"[5.59332,1.3475,2.175179]",
7423,"[5.574976,1.357457,2.102075]",
7424,"[5.578642,1.345672,1.976386]",
7425,"[5.669791,1.290662,1.889622]",
7426,"[5.642956,1.297532,1.867033]",
7427,"[5.578642,1.324437,1.921857]",
7428,"[5.578642,1.31834,1.932462]",
7429,"[5.578642,1.311192,1.935412]",
7430,"[5.578642,1.302621,1.93672]",
7431,"[5.578642,1.268711,1.977639]",
7432,"[5.582748,1.254607,1.985613]",
7433,"[5.581309,1.241356,2.026824]",
7434,"[5.580711,1.23747,2.043958]",
7435,"[5.580216,1.233814,2.070031]",
7436,"[5.576347,1.23515,2.076243]",
7437,"[5.576404,1.234807,2.076131]",
7438,"[5.718982,1.149547,1.981407]",
7439,"[5.709135,1.153,1.921791]",
7440,"[5.705813,1.153,1.898772]",
7441,"[5.70763,1.153,1.874113]",
7442,"[5.712078,1.153,1.83448]",
7443,"[5.713107,1.153,1.816008]",
7444,"[5.588422,1.239423,1.823144]",
7445,"[5.588875,1.251729,1.810178]",
7446,"[5.590068,1.262268,1.795667]",
7447,"[5.59213,1.263995,1.7903]",
7448,"[5.594964,1.264227,1.785772]",
7449,"[5.59751,1.264227,1.784684]",
7450,"[5.599552,1.264227,1.786921]",
7451,"[5.601937,1.264227,1.789636]",
7452,"[5.602201,1.264227,1.792139]",
7453,"[5.601537,1.264227,1.79631]",
7454,"[5.600574,1.264227,1.798056]",
7455,"[5.59781,1.264227,1.800159]",
7456,"[5.595705,1.264227,1.800952]",
7457,"[5.688952,1.153,1.764389]",
7458,"[5.624534,1.038726,1.76535]",
7459,"[5.624534,1.00537,1.761044]",
7460,"[5.624534,0.9742385,1.758794]",
7461,"[5.624534,0.9661521,1.759076]",
7462,"[5.624534,0.9548584,1.760421]",
7463,"[5.624534,0.9506726,1.760994]",
7464,"[5.624534,0.9476041,1.762241]",
7465,"[5.624534,0.9418097,1.764566]",
7466,"[5.624534,0.9386992,1.765832]",
7467,"[5.624534,0.9324266,1.770787]",
7468,"[5.624534,0.9287757,1.773541]",
7469,"[5.624534,0.9223094,1.776357]",
7470,"[5.624534,0.9197471,1.777786]",
7471,"[5.624534,0.9138792,1.780681]",
7472,"[5.624534,0.9101191,1.782654]",
7473,"[5.624534,0.9049113,1.785947]",
7474,"[5.624534,0.893467,1.798979]",
7475,"[5.624534,0.8492882,1.967152]",
7476,"[5.784278,0.6622185,2.015229]",
7477,"[5.538764,0.852846,2.412908]",
7478,"[5.558983,0.7906784,2.541748]",
7479,"[5.607286,0.7121541,2.615823]",
7480,"[5.576019,0.7278598,2.631568]",
7481,"[5.576019,0.6788658,2.693717]",
7482,"[5.586672,0.6622185,2.704175]",
7483,"[5.576328,0.6622184,2.712741]",
7484,"[5.567005,0.6622185,2.724039]",
7485,"[5.554945,0.6473646,2.781806]",
7486,"[5.553318,0.6338153,2.828404]",
7487,"[5.534368,0.622529,2.927832]",
7488,"[5.513371,0.6070015,3.000024]",
7489,"[5.382153,0.6907585,3.048378]",
7490,"[5.374002,0.6891345,3.075881]",
7491,"[5.353964,0.6819239,3.121326]",
7492,"[5.282124,0.7317206,3.145711]",
7493,"[5.256755,0.6716979,3.266093]",
7494,"[5.239314,0.6371301,3.348857]",
7495,"[5.415446,0.1,4.00247]",
7496,"[5.168618,0.2469842,3.963593]",
7497,"[5.044908,0.2950643,3.966828]",
7498,"[4.813661,0.3221404,4.035004]",
7499,"[4.586022,0.3221403,4.078901]",
7500,"[4.464124,0.4580841,3.923821]",
7501,"[3.346523,0.4226171,3.798448]",
7502,"[2.485201,0.7126777,4.067356]",
7503,"[2.345845,0.7989099,3.94905]",
7504,"[2.259437,0.8299813,3.850852]",
7505,"[2.175061,0.8518968,3.737811]",
7506,"[2.151722,0.8459089,3.702691]",
7507,"[2.094682,0.8487077,3.610123]",
7508,"[2.05,0.855822,3.217086]",
7509,"[2.05,0.8576915,3.001575]",
7510,"[2.050001,0.7485114,2.106503]",
7511,"[2.578387,0.9420527,1.996006]",
7512,"[2.05,0.6722906,1.482253]",
7513,"[2.05,0.6385108,1.280873]",
7514,"[2.05,0.6211678,1.225734]",
7515,"[2.404647,0.7442346,1.21279]",
7516,"[2.523678,0.7727607,1.166091]",
7517,"[3.018351,0.9206412,1.084545]",
7518,"[3.129206,0.9206412,0.9578043]",
7519,"[3.690432,0.8729249,0.5351002]",
7520,"[4.133834,0.9980045,0.6228271]",
7521,"[4.489826,1.363375,1.331671]",
7522,"[4.590924,1.275886,1.141658]",
7523,"[4.653845,1.127036,0.8405682]",
7524,"[4.764325,1.3182,1.257884]",
7525,"[4.805172,1.3182,1.268058]",
7526,"[4.88448,1.3182,1.29999]",
7527,"[4.89359,1.3182,1.303206]",
7528,"[4.900786,1.3182,1.320629]",
7529,"[4.899212,1.3182,1.324672]",
7530,"[4.868635,1.3182,1.341092]",
7531,"[4.862169,1.3182,1.343093]",
7532,"[4.804856,1.3182,1.323885]",
7533,"[4.759663,1.3182,1.298369]",
7534,"[4.748677,1.3182,1.291083]",
7535,"[4.686989,1.077316,0.8405682]",
7536,"[4.662558,1.079485,0.8405682]",
7537,"[4.597014,1.219563,1.122224]",
7538,"[4.58392,1.234398,1.164007]",
7539,"[4.548099,1.279116,1.278315]",
7540,"[3.985871,0.6382445,1.025966]",
7541,"[3.609833,0.1539834,0.6932091]",
7542,"[3.583589,0.1531303,0.7295601]",
7543,"[3.524363,0.1,0.7169231]",
7544,"[3.493591,0.1,0.7694827]",
7545,"[3.497975,0.1,0.7878299]",
7546,"[3.510345,0.1,0.8518034]",
7547,"[3.545012,0.1,0.9270801]",
7548,"[3.651216,0.1,1.11639]",
7549,"[3.682649,0.1,1.171813]",
7550,"[3.705529,0.1,1.199017]",
7551,"[3.733617,0.1,1.238545]",
7552,"[3.741667,0.1,1.245417]",
7553,"[3.750062,0.1,1.255747]",
7554,"[3.750385,0.1,1.256659]",
7555,"[3.752277,0.1,1.257782]",
7556,"[3.753498,0.1,1.257071]",
7557,"[3.759361,0.1,1.240197]",
7558,"[3.760519,0.1,1.237422]",
7559,"[3.765835,0.0999999,1.231614]",
7560,"[3.774957,0.1,1.22386]",
7561,"[3.77898,0.1,1.219454]",
7562,"[3.801308,0.1,1.199281]",
7563,"[3.807694,0.1,1.193015]",
7564,"[3.944872,0.1,1.110646]",
7565,"[3.973788,0.0999999,1.093207]",
7566,"[3.989722,0.1000001,1.082614]",
7567,"[4.014052,0.1,1.061103]",
7568,"[4.020148,0.1,1.054362]",
7569,"[4.029644,0.1,1.044268]",
7570,"[4.033704,0.1,1.042048]",
7571,"[4.0396,0.1,1.041901]",
7572,"[4.046959,0.1,1.043953]",
7573,"[4.054694,0.1,1.048024]",
7574,"[4.067277,0.1,1.056266]",
7575,"[4.078915,0.1,1.055699]",
7576,"[4.090992,0.1,1.055625]",
7577,"[4.094541,0.1,1.054011]",
7578,"[4.099907,0.1000001,1.04927]",
7579,"[4.101996,0.0999999,1.046321]",
7580,"[4.130593,0.3191122,1.114712]",
7581,"[4.129671,0.3381962,1.114712]",
7582,"[4.02152,0.1,1.039527]",
7583,"[4.010952,0.1,1.046388]",
7584,"[4.004293,0.1,1.055741]",
7585,"[3.999742,0.1000001,1.069158]",
7586,"[3.998783,0.1,1.072144]",
7587,"[3.997943,0.1,1.078473]",
7588,"[3.998595,0.1,1.082521]",
7589,"[4.00498,0.1,1.105364]",
7590,"[4.010841,0.1,1.122262]",
7591,"[4.015823,0.1,1.139259]",
7592,"[4.01877,0.1,1.162374]",
7593,"[4.020826,0.1,1.17433]",
7594,"[4.02071,0.1,1.186701]",
7595,"[4.014147,0.1000001,1.177867]",
7596,"[4.006782,0.1,1.15781]",
7597,"[4.006907,0.1,1.154099]",
7598,"[4.01089,0.1000001,1.14875]",
7599,"[4.014379,0.1,1.147309]",
7600,"[4.019143,0.1,1.147273]",
7601,"[4.02986,0.1,1.150073]",
7602,"[4.039163,0.1,1.150376]",
7603,"[4.054961,0.1,1.147972]",
7604,"[4.060271,0.1,1.146874]",
7605,"[4.061947,0.1,1.143208]",
7606,"[4.06029,0.1,1.140778]",
7607,"[4.059427,0.1,1.137488]",
7608,"[4.056693,0.1,1.133495]",
7609,"[4.052814,0.1,1.133394]",
7610,"[4.047473,0.1,1.130427]",
7611,"[4.046969,0.1,1.127858]",
7612,"[4.049942,0.1,1.111665]",
7613,"[4.052136,0.1,1.105851]",
7614,"[4.055937,0.1,1.097365]",
7615,"[4.056047,0.1,1.093008]",
7616,"[4.056084,0.1,1.089744]",
7617,"[4.054814,0.1,1.086897]",
7618,"[4.053681,0.1,1.08767]",
7619,"[4.050846,0.1,1.090323]",
7620,"[4.049519,0.1,1.091735]",
7621,"[4.044856,0.1,1.091872]",
7622,"[4.038796,0.1105468,1.094008]",
7623,"[4.031645,0.1356414,1.100126]",
7624,"[4.029857,0.1732475,1.114882]",
7625,"[4.029322,0.1772321,1.114882]",
7626,"[4.026955,0.1772572,1.114882]",
7627,"[4.025919,0.1758714,1.114882]",
7628,"[4.023916,0.1734848,1.114882]",
7629,"[4.022666,0.1727008,1.114882]",
7630,"[4.022912,0.1726663,1.114882]",
7631,"[4.02368,0.1718087,1.114882]",
7632,"[4.036753,0.1702472,1.114882]",
7633,"[4.053314,0.1679474,1.114882]",
7634,"[4.058158,0.1672574,1.114882]",
7635,"[4.065174,0.1675356,1.114882]",
7636,"[4.068267,0.1676185,1.114882]",
7637,"[4.071933,0.1555726,1.114882]",
7638,"[4.074726,0.151623,1.114883]",
7639,"[4.078241,0.1468221,1.114883]",
7640,"[4.083306,0.1619374,1.114883]",
7641,"[4.083509,0.1752486,1.114883]",
7642,"[4.072955,0.2279852,1.114882]",
7643,"[4.068907,0.2430548,1.114882]",
7644,"[4.062631,0.2645886,1.114882]",
7645,"[4.059893,0.2739741,1.114882]",
7646,"[4.057815,0.285781,1.114882]",
7647,"[4.059473,0.28892,1.114882]",
7648,"[4.061248,0.2923924,1.114882]",
7649,"[4.06771,0.2924361,1.110417]",
7650,"[4.069722,0.2924361,1.108133]",
7651,"[4.072129,0.2924361,1.103235]",
7652,"[4.072049,0.2924361,1.102734]",
7653,"[4.070541,0.2924361,1.103225]",
7654,"[4.069302,0.2924361,1.104083]",
7655,"[4.068364,0.2924361,1.105194]",
7656,"[4.06853,0.2924361,1.105273]",
7657,"[4.068569,0.2924361,1.105317]",
7658,"[4.066945,0.2924361,1.105441]",
7659,"[4.065471,0.2924361,1.105302]",
7660,"[4.06157,0.2924361,1.103973]",
7661,"[4.058854,0.2924361,1.103033]",
7662,"[4.054188,0.2924361,1.102503]",
7663,"[4.051929,0.2924361,1.101723]",
7664,"[4.047661,0.2924361,1.100384]",
7665,"[4.045248,0.3326939,1.108716]",
7666,"[4.045674,0.3385155,1.104213]",
7667,"[4.067892,0.172482,0.9781096]",
7668,"[4.066156,0.1797196,0.9781096]",
7669,"[4.065966,0.1845768,0.9781096]",
7670,"[4.066085,0.1856011,0.9781096]",
7671,"[4.066528,0.1869926,0.9781096]",
7672,"[4.052229,0.2924361,1.068914]",
7673,"[4.05249,0.2924361,1.076921]",
7674,"[4.054702,0.2924361,1.086106]",
7675,"[4.056632,0.2924361,1.088517]",
7676,"[4.058692,0.2924361,1.090972]",
7677,"[4.058878,0.2924361,1.091467]",
7678,"[4.058153,0.2924361,1.09215]",
7679,"[4.057644,0.2924361,1.092446]",
7680,"[4.057193,0.2924361,1.09312]",
7681,"[4.057251,0.2924361,1.093384]",
7682,"[4.057296,0.2924361,1.091788]",
7683,"[4.057229,0.2924361,1.09054]",
7684,"[4.057408,0.2924361,1.08539]",
7685,"[4.056736,0.2924361,1.06919]",
7686,"[4.072437,0.1711736,0.9781096]",
7687,"[4.070788,0.1900829,0.9781096]",
7688,"[4.071763,0.1927888,0.9781096]",
7689,"[4.072687,0.1960727,0.9781096]",
7690,"[4.0737,0.2032285,0.9781096]",
7691,"[4.074252,0.2083524,0.9781096]",
7692,"[4.075131,0.2129298,0.963229]",
7693,"[4.076241,0.2129298,0.9543288]",
7694,"[4.07725,0.2129298,0.939468]",
7695,"[4.075271,0.2129298,0.9395761]",
7696,"[4.068834,0.2129298,0.9377726]",
7697,"[4.061662,0.2129298,0.9359799]",
7698,"[4.042946,0.2129298,0.9282573]",
7699,"[4.028836,0.2129298,0.9210048]",
7700,"[4.002972,0.2129298,0.9316343]",
7701,"[3.960019,0.2129298,0.9257488]",
7702,"[3.943441,0.1,0.848786]",
7703,"[3.901753,0.1,0.8188697]",
7704,"[3.894229,0.1,0.8133453]",
7705,"[3.873256,0.1,0.8003564]",
7706,"[3.85587,0.1,0.7917395]",
7707,"[3.846781,0.1,0.7893863]",
7708,"[3.808634,0.1,0.7816203]",
7709,"[3.771646,0.1,0.7735249]",
7710,"[3.703922,0.1,0.7641239]",
7711,"[3.673528,0.1267157,0.7799327]",
7712,"[3.541465,0.1,0.7415301]",
7713,"[3.462049,0.1,0.7171059]",
7714,"[3.240633,0.2640606,0.6029561]",
7715,"[3.180232,0.4982197,0.6029561]",
7716,"[3.163224,0.5791762,0.6029561]",
7717,"[3.076375,0.739408,0.6029561]",
7718,"[3.064336,0.7792784,0.6029561]",
7719,"[2.271524,0.6786426,0.04999946]",
7720,"[2.248783,0.7137721,0.04999958]",
7721,"[2.221143,0.793322,0.04999958]",
7722,"[2.220505,0.7945353,0.0499997]",
7723,"[2.216239,0.8082026,0.04999958]",
7724,"[2.211481,0.8114753,0.04999958]",
7725,"[2.205467,0.8268186,0.04999958]",
7726,"[2.189875,0.8418784,0.04999958]",
7727,"[2.107168,0.8455628,0.04999947]",
7728,"[2.05,1.067512,0.5243949]",
7729,"[2.574781,1.269484,0.8724453]",
7730,"[2.544406,1.292993,0.9012091]",
7731,"[2.05,1.215151,0.7316335]",
7732,"[2.05,1.210245,0.7443215]",
7733,"[2.574032,1.293163,0.9907081]",
7734,"[2.635804,1.280077,1.025108]",
7735,"[2.637976,1.221034,1.044422]",
7736,"[2.641103,1.193141,1.058888]",
7737,"[2.549952,0.9714833,0.8789387]",
7738,"[2.548608,0.9587892,0.8784858]",
7739,"[2.547184,0.9521625,0.8764148]",
7740,"[2.561707,0.9512933,0.9135388]",
7741,"[2.590053,0.9648259,0.9824401]",
7742,"[2.580399,0.9842253,1.144451]",
7743,"[2.417491,0.9278412,1.20831]",
7744,"[2.05,0.8085485,1.384554]",
7745,"[2.049999,1.023197,1.946562]",
7746,"[2.050001,1.077813,2.174041]",
7747,"[2.050001,1.211863,2.650284]",
7748,"[2.05,1.228925,2.765939]",
7749,"[2.05,1.247271,3.003045]",
7750,"[2.05,1.251281,3.137134]",
7751,"[2.05,1.251671,3.422395]",
7752,"[2.05,1.24808,3.502158]",
7753,"[2.05,1.238006,3.66462]",
7754,"[2.05,1.274311,3.337384]",
7755,"[2.05,1.277161,3.290542]",
7756,"[2.05,1.237941,3.312192]",
7757,"[2.136777,1.142881,3.781818]",
7758,"[2.327347,1.12466,3.983197]",
7759,"[2.427001,1.128406,4.078593]",
7760,"[2.537186,1.153746,4.179193]",
7761,"[2.584045,1.180716,4.222949]",
7762,"[2.588825,1.199206,4.229338]",
7763,"[2.623493,1.234928,4.261047]",
7764,"[2.647117,1.244056,4.279119]",
7765,"[2.715326,1.249604,4.326363]",
7766,"[2.73685,1.243438,4.337717]",
7767,"[2.826076,1.196052,4.38358]",
7768,"[2.858464,1.174799,4.397429]",
7769,"[3.09439,1.079936,4.508764]",
7770,"[3.094687,1.071265,4.504255]",
7771,"[3.088199,1.064438,4.496465]",
7772,"[2.936728,1.057846,4.40129]",
7773,"[2.895574,1.062935,4.373624]",
7774,"[2.86603,1.071812,4.350986]",
7775,"[2.872024,1.076209,4.353177]",
7776,"[2.943656,1.082874,4.39637]",
7777,"[3.48167,1.065826,4.656213]",
7778,"[4.113647,1.29599,3.935611]",
7779,"[4.180096,1.295688,3.961985]",
7780,"[4.204946,1.296338,3.964149]",
7781,"[4.220067,1.296342,3.965285]",
7782,"[4.206111,1.296056,3.96216]",
7783,"[4.149495,1.293764,3.961069]",
7784,"[4.12181,1.293292,3.957782]",
7785,"[4.091472,1.294047,3.933068]",
7786,"[4.085847,1.29126,3.928521]",
7787,"[4.089679,1.284362,3.926073]",
7788,"[4.327889,1.248469,3.930171]",
7789,"[4.426211,1.245216,3.929531]",
7790,"[4.547751,1.247829,3.92983]",
7791,"[4.585749,1.246237,3.929591]",
7792,"[4.598192,1.241877,3.930262]",
7793,"[4.599339,1.238779,3.93215]",
7794,"[4.541091,1.209486,3.95457]",
7795,"[4.493727,1.158695,3.939683]",
7796,"[4.458412,1.124688,3.923229]",
7797,"[4.401458,0.793221,3.923499]",
7798,"[4.401426,0.7239131,3.92356]",
7799,"[4.440811,0.6315767,3.923658]",
7800,"[4.517997,0.5963341,3.923721]",
7801,"[4.620713,0.3221402,4.272357]",
7802,"[4.662003,0.3638273,4.17536]",
7803,"[4.711057,0.4099805,4.063252]",
7804,"[4.725362,0.4041857,4.063217]",
7805,"[4.737203,0.3994319,4.063189]",
7806,"[4.73814,0.4022865,4.063198]",
7807,"[4.728005,0.4140118,4.063251]",
7808,"[4.697915,0.4343,4.063354]",
7809,"[4.683267,0.4414515,4.063395]",
7810,"[4.664226,0.4484745,4.063439]",
7811,"[4.659516,0.3221402,4.261349]",
7812,"[4.649563,0.3221402,4.276988]",
7813,"[4.404476,0.5961735,3.923675]",
7814,"[4.345519,0.6017353,3.923646]",
7815,"[4.098001,0.5848921,3.950828]",
7816,"[4.056228,0.5956054,3.92765]",
7817,"[3.817487,0.2473229,4.481173]",
7818,"[3.802815,0.2477677,4.476876]",
7819,"[3.908166,0.4870455,4.088679]",
7820,"[3.897942,0.4934051,4.083561]",
7821,"[3.889461,0.4986867,4.079316]",
7822,"[3.874075,0.5115364,4.071698]",
7823,"[3.86703,0.5194675,4.068337]",
7824,"[3.809997,0.5696141,4.043681]",
7825,"[3.834035,0.6411997,3.944903]",
7826,"[3.820981,0.6699688,3.937959]",
7827,"[3.820349,0.6909323,3.937623]",
7828,"[4.197502,1.158414,4.043819]",
7829,"[4.247025,1.227425,3.942889]",
7830,"[4.583155,1.669492,3.982924]",
7831,"[4.608067,1.717273,3.983024]",
7832,"[4.613704,1.735054,3.983061]",
7833,"[4.616263,1.754115,3.983101]",
7834,"[4.615395,1.759422,3.983112]",
7835,"[4.612653,1.767316,3.983129]",
7836,"[4.61138,1.769731,3.983134]",
7837,"[4.61152,1.770488,3.983136]",
7838,"[4.617293,1.777773,3.983151]",
7839,"[4.663235,1.791054,3.983179]",
7840,"[4.759003,1.807709,3.983213]",
7841,"[4.805967,1.81535,3.98323]",
7842,"[4.885867,1.808176,3.983215]",
7843,"[4.922188,1.812652,3.983224]",
7844,"[4.960861,1.82128,3.983242]",
7845,"[4.967269,1.821974,3.983243]",
7846,"[4.977971,1.824322,3.983248]",
7847,"[4.985968,1.826799,3.983253]",
7848,"[4.99295,1.830996,3.983262]",
7849,"[4.998236,1.841043,3.983283]",
7850,"[4.998093,1.846432,3.983295]",
7851,"[4.998124,1.857933,3.983319]",
7852,"[4.993386,1.859521,3.983322]",
7853,"[4.989951,1.861035,3.983325]",
7854,"[4.973655,1.858729,3.98332]",
7855,"[4.966102,1.852471,3.983307]",
7856,"[4.957035,1.840895,3.983283]",
7857,"[4.954597,1.836532,3.983274]",
7858,"[4.953291,1.823524,3.983247]",
7859,"[4.961534,1.814936,3.983229]",
7860,"[4.976436,1.804878,3.983208]",
7861,"[4.983001,1.800834,3.983199]",
7862,"[4.984164,1.798416,3.983194]",
7863,"[4.986403,1.79324,3.983183]",
7864,"[4.987013,1.790892,3.983178]",
7865,"[4.987705,1.78623,3.983169]",
7866,"[4.987727,1.784271,3.983165]",
7867,"[4.98649,1.782072,3.98316]",
7868,"[4.985781,1.781509,3.983159]",
7869,"[4.984049,1.781176,3.983158]",
7870,"[4.983235,1.781374,3.983158]",
7871,"[4.982438,1.781599,3.983159]",
7872,"[5.065632,1.781798,3.983159]",
7873,"[5.084526,1.782167,3.98316]",
7874,"[5.107927,1.785706,3.983167]",
7875,"[5.113414,1.785583,3.983167]",
7876,"[5.123469,1.782975,3.983162]",
7877,"[5.128602,1.780307,3.983156]",
7878,"[5.133776,1.777094,3.98315]",
7879,"[5.143753,1.769958,3.983135]",
7880,"[5.148239,1.766498,3.983127]",
7881,"[5.156402,1.761854,3.983118]",
7882,"[5.160164,1.761202,3.983116]",
7883,"[5.214843,1.764864,3.983124]",
7884,"[5.243821,1.7675,3.983129]",
7885,"[5.275543,1.771121,3.983137]",
7886,"[5.285781,1.772385,3.98314]",
7887,"[5.29357,1.773512,3.983142]",
7888,"[5.303746,1.775916,3.983147]",
7889,"[5.306391,1.777207,3.98315]",
7890,"[5.30851,1.779202,3.983154]",
7891,"[5.30872,1.779958,3.983155]",
7892,"[5.308146,1.781468,3.983159]",
7893,"[5.307368,1.782328,3.98316]",
7894,"[5.303569,1.784661,3.983165]",
7895,"[4.955286,1.767924,3.98313]",
7896,"[4.901465,1.766507,3.983127]",
7897,"[4.844974,1.762683,3.983119]",
7898,"[4.826082,1.763746,3.983121]",
7899,"[4.798903,1.769159,3.983133]",
7900,"[4.792176,1.769552,3.983134]",
7901,"[4.779884,1.771549,3.983138]",
7902,"[4.77684,1.771679,3.983138]",
7903,"[4.773595,1.771633,3.983138]",
7904,"[4.771227,1.769921,3.983134]",
7905,"[4.769726,1.767749,3.98313]",
7906,"[4.766489,1.753376,3.9831]",
7907,"[4.769235,1.743724,3.983079]",
7908,"[4.833224,1.70453,3.982997]",
7909,"[4.866519,1.685356,3.982957]",
7910,"[4.903858,1.66365,3.982912]",
7911,"[4.916026,1.657628,3.982899]",
7912,"[4.924916,1.658946,3.982902]",
7913,"[4.941014,1.668421,3.982922]",
7914,"[4.947934,1.675508,3.982937]",
7915,"[4.959926,1.691678,3.98297]",
7916,"[4.965043,1.700429,3.982989]",
7917,"[4.968679,1.713543,3.983016]",
7918,"[4.970113,1.718233,3.983026]",
7919,"[4.970432,1.724294,3.983039]",
7920,"[4.970495,1.723066,3.983036]",
7921,"[4.970374,1.721437,3.983033]",
7922,"[4.971183,1.717102,3.983024]",
7923,"[4.971607,1.714563,3.983018]",
7924,"[5.054487,1.695208,3.982978]",
7925,"[5.07252,1.691205,3.98297]",
7926,"[5.093226,1.685015,3.982957]",
7927,"[5.099834,1.682974,3.982952]",
7928,"[5.106658,1.682191,3.982951]",
7929,"[5.108352,1.682627,3.982952]",
7930,"[5.110161,1.683039,3.982952]",
7931,"[5.112482,1.682844,3.982952]",
7932,"[5.114991,1.682047,3.98295]",
7933,"[5.118872,1.679486,3.982945]",
7934,"[5.120405,1.677841,3.982942]",
7935,"[5.121665,1.674564,3.982935]",
7936,"[5.121687,1.673116,3.982932]",
7937,"[5.072839,1.669081,3.982923]",
7938,"[5.030588,1.665729,3.982916]",
7939,"[5.019198,1.664774,3.982914]",
7940,"[5.004935,1.6697,3.982924]",
7941,"[4.99962,1.673938,3.982933]",
7942,"[4.990632,1.684692,3.982956]",
7943,"[4.98729,1.689969,3.982967]",
7944,"[4.983943,1.695897,3.982979]",
7945,"[4.978934,1.7059,3.983]",
7946,"[4.977183,1.709135,3.983007]",
7947,"[4.975447,1.710425,3.98301]",
7948,"[4.974622,1.710981,3.983011]",
7949,"[5.018595,1.710832,3.983011]",
7950,"[5.031868,1.710578,3.98301]",
7951,"[5.047869,1.709201,3.983007]",
7952,"[5.052761,1.707132,3.983003]",
7953,"[5.056852,1.704835,3.982998]",
7954,"[5.064018,1.699353,3.982987]",
7955,"[5.067096,1.696403,3.98298]",
7956,"[5.070157,1.691941,3.982971]",
7957,"[5.070611,1.690531,3.982968]",
7958,"[5.06308,1.687324,3.982961]",
7959,"[5.056843,1.685456,3.982958]",
7960,"[5.048728,1.68335,3.982953]",
7961,"[5.046167,1.683,3.982952]",
7962,"[5.044237,1.683231,3.982953]",
7963,"[5.040157,1.683305,3.982953]",
7964,"[5.038003,1.683026,3.982952]",
7965,"[5.033503,1.683063,3.982953]",
7966,"[5.03109,1.682472,3.982951]",
7967,"[5.027347,1.68085,3.982948]",
7968,"[5.025834,1.679913,3.982946]",
7969,"[5.023355,1.678551,3.982943]",
7970,"[5.019678,1.676239,3.982938]",
7971,"[5.018316,1.675213,3.982936]",
7972,"[5.016578,1.674983,3.982935]",
7973,"[5.01586,1.674744,3.982935]",
7974,"[5.04978,1.675927,3.982938]",
7975,"[5.063758,1.676599,3.982939]",
7976,"[5.078895,1.678185,3.982942]",
7977,"[5.084135,1.679699,3.982945]",
7978,"[5.088064,1.68107,3.982948]",
7979,"[5.091902,1.682026,3.98295]",
7980,"[5.093106,1.682338,3.982951]",
7981,"[5.093812,1.68254,3.982951]",
7982,"[5.09336,1.682548,3.982951]",
7983,"[5.087188,1.681976,3.98295]",
7984,"[5.080142,1.680907,3.982948]",
7985,"[4.952617,1.659955,3.982904]",
7986,"[4.905179,1.651119,3.982886]",
7987,"[4.851731,1.639294,3.982861]",
7988,"[4.840154,1.6368,3.982856]",
7989,"[4.824507,1.632651,3.982847]",
7990,"[4.794254,1.624472,3.98283]",
7991,"[4.773387,1.61961,3.98282]",
7992,"[4.72488,1.618772,3.982818]",
7993,"[4.671591,1.613844,3.982807]",
7994,"[4.627524,1.607778,3.982795]",
7995,"[4.500976,1.588451,3.982754]",
7996,"[4.405658,1.569281,3.982714]",
7997,"[4.200614,1.523546,3.982618]",
7998,"[4.079245,1.490126,3.937964]",
7999,"[3.388717,1.189106,4.76121]",
8000,"[3.186844,1.045956,4.619138]",
8001,"[2.874935,0.85127,4.343483]",
8002,"[3.189252,0.6002312,2.833229]",
8003,"[3.19856,0.6002312,2.776363]",
8004,"[3.201082,0.6002312,2.389221]",
8005,"[3.298449,0.5845867,2.168773]",
8006,"[2.867198,0.1132536,2.022733]",
8007,"[2.92545,0.117527,1.959092]",
8008,"[3.013975,0.1110305,1.875527]",
8009,"[3.066607,0.1,1.834911]",
8010,"[3.140293,0.1,1.792119]",
8011,"[3.203458,0.1,1.830878]",
8012,"[3.225409,0.1,1.862693]",
8013,"[3.277782,0.1,1.885534]",
8014,"[3.311454,0.1,1.897645]",
8015,"[3.35275,0.1,1.907186]",
8016,"[3.362278,0.1,1.90837]",
8017,"[3.336604,0.1000001,1.943308]",
8018,"[3.329171,0.0999999,1.951496]",
8019,"[3.266608,0.0999999,1.997405]",
8020,"[3.237542,0.0999999,2.02317]",
8021,"[3.224265,0.0999999,2.035456]",
8022,"[3.200214,0.1,2.047807]",
8023,"[3.193505,0.1,2.049646]",
8024,"[3.181279,0.1,2.043971]",
8025,"[3.135194,0.1000001,1.840425]",
8026,"[3.215989,0.2066343,1.775847]",
8027,"[3.309081,0.3106857,1.77938]",
8028,"[3.360873,0.37868,1.777279]",
8029,"[3.352981,0.381023,1.771809]",
8030,"[3.360512,0.3992547,1.770655]",
8031,"[3.362223,0.4198508,1.773313]",
8032,"[3.353291,0.4179366,1.772404]",
8033,"[3.361458,0.4328775,1.775211]",
8034,"[3.362713,0.4350017,1.775321]",
8035,"[3.353249,0.4117924,1.762332]",
8036,"[3.360798,0.4084194,1.757112]",
8037,"[3.361279,0.3892381,1.747674]",
8038,"[3.352795,0.3547852,1.7355]",
8039,"[3.359311,0.3545928,1.735733]",
8040,"[3.360064,0.35117,1.734842]",
8041,"[3.352704,0.3435448,1.732594]",
8042,"[3.359187,0.3501665,1.734668]",
8043,"[3.360053,0.3508413,1.735102]",
8044,"[3.3527,0.3431989,1.733002]",
8045,"[3.35916,0.3492328,1.734709]",
8046,"[3.359964,0.3480503,1.734029]",
8047,"[3.352662,0.3384163,1.731039]",
8048,"[3.358965,0.342153,1.731998]",
8049,"[3.359505,0.3338701,1.732306]",
8050,"[3.352537,0.3234471,1.730481]",
8051,"[3.358433,0.3234708,1.732649]",
8052,"[3.359104,0.321633,1.733668]",
8053,"[3.352439,0.3120308,1.732442]",
8054,"[3.358143,0.3134359,1.735661]",
8055,"[3.358743,0.3107517,1.736426]",
8056,"[3.35233,0.2993544,1.735048]",
8057,"[3.357848,0.3030925,1.736578]",
8058,"[3.358357,0.2988628,1.735465]",
8059,"[3.352246,0.2890454,1.732368]",
8060,"[3.35752,0.2912329,1.731946]",
8061,"[3.358015,0.288024,1.730232]",
8062,"[3.352176,0.2801921,1.727903]",
8063,"[3.357287,0.2826896,1.727068]",
8064,"[3.35783,0.2821019,1.726274]",
8065,"[3.352116,0.2725577,1.723735]",
8066,"[3.357092,0.2756842,1.725217]",
8067,"[3.357184,0.2623009,1.726455]",
8068,"[3.351903,0.2474567,1.72552]",
8069,"[3.355877,0.2331925,1.730315]",
8070,"[3.35609,0.2292076,1.733926]",
8071,"[3.351733,0.2290517,1.741122]",
8072,"[3.356102,0.2421627,1.746079]",
8073,"[3.356743,0.2501881,1.749018]",
8074,"[3.351928,0.2532943,1.750046]",
8075,"[3.356469,0.2552915,1.748968]",
8076,"[3.356313,0.236356,1.738569]",
8077,"[3.351693,0.2234677,1.733444]",
8078,"[3.35548,0.2187802,1.724062]",
8079,"[3.355678,0.2156507,1.719359]",
8080,"[3.351756,0.228557,1.712348]",
8081,"[3.356632,0.2580488,1.703234]",
8082,"[3.357405,0.2675347,1.702417]",
8083,"[3.35215,0.273964,1.699882]",
8084,"[3.357496,0.2882694,1.699722]",
8085,"[3.358452,0.2994978,1.69971]",
8086,"[3.352325,0.294778,1.699636]",
8087,"[3.358116,0.3106003,1.706842]",
8088,"[3.358917,0.3143477,1.709425]",
8089,"[3.352419,0.3071751,1.710541]",
8090,"[3.358485,0.3240576,1.713592]",
8091,"[3.359551,0.3341241,1.714436]",
8092,"[3.352731,0.3450739,1.717153]",
8093,"[3.359662,0.3658731,1.718859]",
8094,"[3.361367,0.3901623,1.719457]",
8095,"[3.353094,0.3884926,1.719686]",
8096,"[3.360821,0.4068738,1.721016]",
8097,"[3.362473,0.4242626,1.722303]",
8098,"[3.353354,0.4196822,1.722006]",
8099,"[3.3619,0.4451067,1.724112]",
8100,"[3.36353,0.4568552,1.72511]",
8101,"[3.353714,0.4626972,1.724265]",
8102,"[3.363531,0.5025789,1.723886]",
8103,"[3.363924,0.5995411,1.712803]",
8104,"[3.333254,0.5918697,1.704315]",
8105,"[3.317883,0.5997856,1.697315]",
8106,"[3.296636,0.6024336,1.689169]",
8107,"[3.291389,0.6002311,1.685911]",
8108,"[3.288283,0.60115,1.680037]",
8109,"[3.289736,0.6030123,1.677261]",
8110,"[3.29396,0.5980229,1.67245]",
8111,"[3.302927,0.6009961,1.671484]",
8112,"[3.312883,0.6024215,1.6718]",
8113,"[3.320302,0.5927868,1.671162]",
8114,"[3.327995,0.6002339,1.673202]",
8115,"[3.331904,0.6016903,1.675575]",
8116,"[3.327527,0.5925956,1.676519]",
8117,"[3.336249,0.5997102,1.682721]",
8118,"[3.340526,0.6010488,1.687709]",
8119,"[3.354181,0.5175948,1.718529]",
8120,"[3.363692,0.5084845,1.727324]",
8121,"[3.364039,0.4733152,1.738173]",
8122,"[3.353527,0.442329,1.739937]",
8123,"[3.36202,0.4505065,1.74155]",
8124,"[3.194941,0.1,1.739551]",
8125,"[3.474291,0.6606483,1.738263]",
8126,"[3.585545,0.882668,1.735325]",
8127,"[3.617233,0.9285259,1.727292]",
8128,"[3.612819,0.9180231,1.727605]",
8129,"[3.606813,0.9040622,1.722174]",
8130,"[3.610113,0.9042365,1.717631]",
8131,"[3.604445,0.8947842,1.716967]",
8132,"[3.602078,0.8855746,1.711826]",
8133,"[3.607531,0.888131,1.705475]",
8134,"[3.607177,0.8755978,1.694005]",
8135,"[3.607236,0.8667572,1.688323]",
8136,"[3.607141,0.8591506,1.683692]",
8137,"[3.611382,0.846101,1.676535]",
8138,"[3.614338,0.8396484,1.674184]",
8139,"[3.622678,0.8300713,1.668967]",
8140,"[3.624512,0.8147992,1.664945]",
8141,"[3.629205,0.8053797,1.661713]",
8142,"[3.664277,0.8075557,1.652581]",
8143,"[3.673391,0.8021027,1.650337]",
8144,"[3.688939,0.7966992,1.646883]",
8145,"[3.694979,0.7977271,1.642791]",
8146,"[3.706499,0.8012625,1.633036]",
8147,"[3.709736,0.8044629,1.626837]",
8148,"[3.719459,0.8124217,1.612628]",
8149,"[3.725085,0.8185767,1.606961]",
8150,"[3.738024,0.8205484,1.605233]",
8151,"[3.755201,0.8332377,1.597834]",
8152,"[3.762812,0.8416337,1.594123]",
8153,"[3.774365,0.856598,1.587599]",
8154,"[3.7805,0.864717,1.583577]",
8155,"[3.792418,0.8874956,1.577047]",
8156,"[3.798412,0.9018829,1.573947]",
8157,"[3.808076,0.9265159,1.56869]",
8158,"[3.812166,0.9391601,1.568374]",
8159,"[3.815018,0.9497035,1.565656]",
8160,"[3.81886,0.9689586,1.561047]",
8161,"[3.821026,0.981601,1.558977]",
8162,"[3.815163,0.9808862,1.555153]",
8163,"[3.805497,0.9617803,1.55314]",
8164,"[3.795081,0.9706892,1.549512]",
8165,"[3.789944,0.9834954,1.547067]",
8166,"[3.7869,0.995881,1.546948]",
8167,"[3.781667,1.028305,1.548737]",
8168,"[3.779062,1.049618,1.550472]",
8169,"[3.776396,1.092658,1.558387]",
8170,"[3.765808,1.111058,1.567445]",
8171,"[3.748606,1.143699,1.581047]",
8172,"[3.736931,1.159543,1.592622]",
8173,"[3.716882,1.186601,1.615174]",
8174,"[3.708989,1.206776,1.629246]",
8175,"[3.70086,1.2499,1.664144]",
8176,"[3.726435,1.336314,1.682452]",
8177,"[3.736737,1.375509,1.696314]",
8178,"[3.745373,1.421075,1.720302]",
8179,"[3.741418,1.4325,1.737683]",
8180,"[3.722463,1.428048,1.77333]",
8181,"[3.723426,1.443677,1.791541]",
8182,"[3.709231,1.454274,1.839345]",
8183,"[3.65806,1.419355,1.920976]",
8184,"[3.630483,1.403656,1.974041]",
8185,"[2.435838,0.3480048,4.033493]",
8186,"[2.513062,0.4055892,4.121882]",
8187,"[3.141169,0.8209219,4.585938]",
8188,"[3.32125,0.9034247,4.666067]",
8189,"[3.929157,1.232061,4.825983]",
8190,"[4.1383,1.458871,4.104393]",
8191,"[4.309009,1.533791,3.98264]",
8192,"[4.673168,1.627252,3.982836]",
8193,"[4.860803,1.637967,3.982858]",
8194,"[5.237487,1.641925,3.982866]",
8195,"[5.402248,1.631534,3.982845]",
8196,"[5.950001,1.596691,4.260674]",
8197,"[5.95,1.602838,4.11506]",
8198,"[5.949999,1.60169,3.96371]",
8199,"[5.949999,1.606658,3.850453]",
8200,"[5.949999,1.60526,3.93799]",
8201,"[5.949999,1.607473,3.978631]",
8202,"[5.950001,1.619681,4.295738]",
8203,"[5.584587,1.658383,3.932076]",
8204,"[5.537612,1.656657,3.965118]",
8205,"[5.275554,1.668066,3.982921]",
8206,"[5.20359,1.670154,3.982925]",
8207,"[4.746213,1.71216,3.983013]",
8208,"[4.689246,1.718804,3.983027]",
8209,"[4.642759,1.724695,3.98304]",
8210,"[4.595277,1.731302,3.983053]",
8211,"[4.5631,1.737398,3.983066]",
8212,"[4.511417,1.743743,3.98308]",
8213,"[4.484217,1.744961,3.983082]",
8214,"[4.40563,1.743269,3.983078]",
8215,"[4.346193,1.737954,3.983068]",
8216,"[4.202425,1.718705,3.983027]",
8217,"[4.109932,1.704845,3.957709]",
8218,"[3.898535,1.634955,4.913388]",
8219,"[3.523719,1.554828,4.852264]",
8220,"[3.376783,1.504024,4.813841]",
8221,"[2.928404,1.250359,4.624701]",
8222,"[2.749374,1.140615,4.518468]",
8223,"[3.7803,1.601495,2.076772]",
8224,"[3.774864,1.597652,2.053075]",
8225,"[3.777092,1.5805,2.008449]",
8226,"[3.76567,1.553276,1.953969]",
8227,"[3.757689,1.539146,1.930974]",
8228,"[3.758795,1.468003,1.8684]",
8229,"[3.750097,1.448488,1.853574]",
8230,"[3.728189,1.408579,1.823399]",
8231,"[3.71754,1.387002,1.812973]",
8232,"[3.697202,1.360638,1.812032]",
8233,"[3.686551,1.35083,1.805409]",
8234,"[3.67731,1.334383,1.805752]",
8235,"[3.657247,1.286656,1.80631]",
8236,"[3.648528,1.256906,1.805786]",
8237,"[3.633378,1.20554,1.807438]",
8238,"[3.62301,1.190775,1.812669]",
8239,"[3.600634,1.162347,1.813265]",
8240,"[3.588858,1.148992,1.811236]",
8241,"[3.55486,1.146953,1.834835]",
8242,"[3.54286,1.140359,1.841141]",
8243,"[3.532208,1.131211,1.844301]",
8244,"[3.508992,1.121905,1.850102]",
8245,"[3.493347,1.122678,1.850286]",
8246,"[3.464632,1.116084,1.846727]",
8247,"[3.452745,1.110253,1.847304]",
8248,"[3.402578,1.117014,1.769144]",
8249,"[3.395694,1.104855,1.763739]",
8250,"[3.390349,1.092546,1.761109]",
8251,"[3.3823,1.062458,1.755417]",
8252,"[3.380479,1.045708,1.754775]",
8253,"[3.381122,1.013383,1.753268]",
8254,"[3.384279,0.9979584,1.752242]",
8255,"[3.39033,0.9742796,1.750538]",
8256,"[3.393869,0.9643481,1.749889]",
8257,"[3.393664,0.9630622,1.750157]",
8258,"[3.399879,0.9456902,1.747645]",
8259,"[3.40438,0.9349973,1.746822]",
8260,"[3.418541,0.914542,1.744812]",
8261,"[3.427767,0.9067277,1.743323]",
8262,"[3.305456,0.5996817,1.768113]",
8263,"[3.305456,0.5996817,1.768113]",
8264,"[3.333751,0.5961702,1.77003]",
8265,"[3.367557,0.5963338,1.77789]",
8266,"[3.354445,0.5553122,1.780474]",
8267,"[3.370945,0.583707,1.782706]",
8268,"[3.372199,0.5818393,1.78596]",
8269,"[3.092198,0.1,1.863534]",
8270,"[3.090417,0.1,1.872835]",
8271,"[3.093583,0.1,1.884229]",
8272,"[3.080535,0.1,1.888485]",
8273,"[3.047535,0.1,1.896807]",
8274,"[3.032384,0.1,1.898949]",
8275,"[3.01055,0.1,1.899198]",
8276,"[3.369452,0.5359163,1.781462]",
8277,"[3.370683,0.5441894,1.776498]",
8278,"[3.35401,0.5332598,1.765641]",
8279,"[3.369981,0.5510288,1.750116]",
8280,"[3.369838,0.5218442,1.741446]",
8281,"[3.354114,0.5071978,1.743569]",
8282,"[3.368393,0.5053834,1.735584]",
8283,"[3.368706,0.4921733,1.733021]",
8284,"[3.354203,0.4848075,1.735134]",
8285,"[3.368515,0.5088711,1.730689]",
8286,"[3.369583,0.5150884,1.729234]",
8287,"[3.354096,0.5124552,1.730704]",
8288,"[3.369054,0.5243632,1.726096]",
8289,"[3.370044,0.5271077,1.724215]",
8290,"[3.354067,0.5201296,1.728599]",
8291,"[3.369292,0.5311816,1.724988]",
8292,"[3.370258,0.5326927,1.724644]",
8293,"[3.354045,0.5256772,1.728136]",
8294,"[3.36939,0.533994,1.724114]",
8295,"[3.370356,0.5352558,1.723327]",
8296,"[3.354032,0.529163,1.726961]",
8297,"[3.369521,0.537747,1.722004]",
8298,"[3.370631,0.5423951,1.718354]",
8299,"[3.353928,0.5565077,1.710853]",
8300,"[3.371017,0.5806492,1.693643]",
8301,"[3.372332,0.5866566,1.688495]",
8302,"[3.353827,0.5836139,1.690483]",
8303,"[3.371429,0.592465,1.683708]",
8304,"[3.372579,0.5930623,1.682101]",
8305,"[3.353827,0.5838579,1.684375]",
8306,"[3.371234,0.5868537,1.681186]",
8307,"[3.372012,0.5782588,1.682652]",
8308,"[3.353889,0.5675055,1.690832]",
8309,"[3.370522,0.5664525,1.695845]",
8310,"[3.371376,0.5618226,1.711129]",
8311,"[3.353942,0.5525059,1.724807]",
8312,"[2.240412,0.09999996,2.559744]",
8313,"[2.247927,0.09999996,2.566915]",
8314,"[2.370912,0.1,2.627244]",
8315,"[2.409576,0.1,2.647531]",
8316,"[3.127084,0.3967556,2.179621]",
8317,"[3.130653,0.394625,2.182853]",
8318,"[3.134733,0.3913006,2.186576]",
8319,"[3.146969,0.381855,2.197721]",
8320,"[3.15203,0.3776437,2.202341]",
8321,"[3.156756,0.3721542,2.206701]",
8322,"[3.159338,0.3700199,2.209057]",
8323,"[3.16042,0.363907,2.210202]",
8324,"[3.158569,0.3606483,2.208658]",
8325,"[3.155312,0.3565109,2.205892]",
8326,"[3.145161,0.3423541,2.197311]",
8327,"[3.137541,0.3152884,2.191366]",
8328,"[3.120726,0.2054185,2.179765]",
8329,"[3.112618,0.1554802,2.174078]",
8330,"[3.102227,0.1,2.121788]",
8331,"[3.122873,0.1,2.086219]",
8332,"[3.354571,0.389472,1.742935]",
8333,"[3.366527,0.4515673,1.633753]",
8334,"[3.367792,0.467408,1.610621]",
8335,"[3.354295,0.4666082,1.596417]",
8336,"[3.367983,0.4932882,1.590422]",
8337,"[3.369655,0.5159159,1.580965]",
8338,"[3.354136,0.5085881,1.576692]",
8339,"[3.369798,0.5453014,1.549756]",
8340,"[3.371047,0.5520226,1.539307]",
8341,"[3.354021,0.5402253,1.527787]",
8342,"[3.370008,0.5513059,1.531727]",
8343,"[3.371272,0.5578955,1.540613]",
8344,"[3.353991,0.5474226,1.539902]",
8345,"[3.370362,0.5614848,1.542324]",
8346,"[3.371322,0.5588462,1.491141]",
8347,"[3.354,0.5474891,1.480557]",
8348,"[3.370609,0.5684457,1.483289]",
8349,"[3.371979,0.576026,1.490408]",
8350,"[3.353967,0.5561027,1.477957]",
8351,"[3.370676,0.5703887,1.496758]",
8352,"[3.371697,0.5687071,1.498326]",
8353,"[3.353973,0.5532351,1.508828]",
8354,"[3.370669,0.5702767,1.529113]",
8355,"[3.372092,0.579514,1.565913]",
8356,"[3.35392,0.5643935,1.573136]",
8357,"[3.371343,0.5898335,1.618136]",
8358,"[3.372767,0.5977061,1.643234]",
8359,"[3.35382,0.5865209,1.662996]",
8360,"[3.351371,0.5970533,1.719361]",
8361,"[2.882809,0.1,2.050957]",
8362,"[3.204767,0.3403839,2.250275]",
8363,"[3.225887,0.3557918,2.268553]",
8364,"[3.115405,0.1289803,2.607661]",
8365,"[3.130715,0.1248693,2.646626]",
8366,"[3.167602,0.1222948,2.74051]",
8367,"[3.17812,0.1224918,2.767281]",
8368,"[3.184021,0.1257804,2.782299]",
8369,"[3.175171,0.1357158,2.759775]",
8370,"[3.147418,0.1477328,2.689137]",
8371,"[3.055018,0.1,2.595537]",
8372,"[3.281029,0.3936926,2.354537]",
8373,"[3.243972,0.3843713,2.283741]",
8374,"[3.208461,0.3625401,2.252883]",
8375,"[2.916216,0.1,2.192688]",
8376,"[2.901076,0.1,2.122174]",
8377,"[3.347641,0.5920421,1.75358]",
8378,"[3.169894,0.1,1.049181]",
8379,"[3.171731,0.1,1.032073]",
8380,"[3.180772,0.1,0.9165705]",
8381,"[3.193463,0.1,0.6283318]",
8382,"[3.234296,0.1597083,0.6029561]",
8383,"[3.191605,0.2483403,0.6029561]",
8384,"[3.177562,0.2594711,0.6029561]",
8385,"[3.151039,0.2846352,0.6029561]",
8386,"[3.076803,0.2354877,0.6029561]",
8387,"[3.28992,0.5609114,1.225826]",
8388,"[3.290096,0.5675654,1.245353]",
8389,"[3.290236,0.5825505,1.260796]",
8390,"[3.290285,0.5824132,1.266185]",
8391,"[3.272932,0.6002311,1.269553]",
8392,"[3.259274,0.6002311,1.260975]",
8393,"[3.245315,0.6002311,1.249974]",
8394,"[3.208613,0.6002311,1.238765]",
8395,"[3.195333,0.6002311,1.233627]",
8396,"[3.151023,0.5806856,1.200048]",
8397,"[3.142526,0.5806856,1.192413]",
8398,"[3.199534,0.6002311,1.220329]",
8399,"[3.237932,0.6002311,1.232625]",
8400,"[3.27471,0.6002311,1.239262]",
8401,"[3.132153,0.221388,1.038234]",
8402,"[3.092093,0.1230002,0.9751676]",
8403,"[3.084701,0.1197656,0.9635296]",
8404,"[3.081321,0.120081,0.958209]",
8405,"[3.105332,0.1676519,0.9960086]",
8406,"[3.109829,0.1684874,1.003089]",
8407,"[3.147096,0.1666434,1.061759]",
8408,"[3.17428,0.1659845,1.104555]",
8409,"[3.195748,0.1577704,1.138353]",
8410,"[3.18733,0.1,1.171012]",
8411,"[3.17631,0.1,1.179828]",
8412,"[3.151274,0.1,1.190935]",
8413,"[3.14255,0.1,1.19809]",
8414,"[3.169636,0.1,1.228129]",
8415,"[3.186836,0.1,1.239221]",
8416,"[3.209805,0.1,1.251245]",
8417,"[3.221542,0.1000001,1.25641]",
8418,"[3.237447,0.1,1.261988]",
8419,"[3.236754,0.1,1.266427]",
8420,"[3.23429,0.1,1.272946]",
8421,"[3.240489,0.1,1.292039]",
8422,"[3.237591,0.1,1.29801]",
8423,"[3.219772,0.1,1.299314]",
8424,"[3.201105,0.1000001,1.294138]",
8425,"[3.188691,0.1,1.289751]",
8426,"[3.166767,0.1,1.277741]",
8427,"[3.139929,0.1,1.264489]",
8428,"[3.107559,0.1,1.244061]",
8429,"[3.098422,0.1,1.235992]",
8430,"[3.136706,0.1,1.280671]",
8431,"[3.139206,0.1,1.283469]",
8432,"[3.143679,0.1,1.297782]",
8433,"[3.149836,0.1,1.30843]",
8434,"[3.163451,0.1,1.330338]",
8435,"[3.166349,0.1,1.33817]",
8436,"[3.169705,0.1,1.347566]",
8437,"[3.16671,0.1,1.352946]",
8438,"[3.163458,0.1,1.351754]",
8439,"[3.162001,0.0999999,1.350886]",
8440,"[3.161215,0.1,1.348094]",
8441,"[3.162462,0.1,1.342819]",
8442,"[3.163899,0.1,1.33937]",
8443,"[3.165996,0.1,1.334328]",
8444,"[3.161446,0.1,1.310646]",
8445,"[3.160861,0.1,1.297786]",
8446,"[3.157966,0.1,1.282155]",
8447,"[3.158896,0.1,1.276578]",
8448,"[3.154573,0.1,1.258933]",
8449,"[3.153649,0.1,1.251143]",
8450,"[3.14849,0.1,1.233665]",
8451,"[3.14844,0.1,1.226357]",
8452,"[3.149635,0.1,1.222232]",
8453,"[3.150315,0.1,1.219623]",
8454,"[3.150347,0.0999999,1.219601]",
8455,"[3.152064,0.1,1.220458]",
8456,"[3.153701,0.1,1.221498]",
8457,"[3.155609,0.1,1.227833]",
8458,"[3.154444,0.1,1.231627]",
8459,"[3.152626,0.1,1.240532]",
8460,"[3.150589,0.1,1.244016]",
8461,"[3.149178,0.1,1.246561]",
8462,"[3.147127,0.1000001,1.247553]",
8463,"[3.146492,0.1,1.24774]",
8464,"[3.144521,0.1,1.243474]",
8465,"[3.141903,0.1,1.23989]",
8466,"[3.214256,0.2321169,1.229617]",
8467,"[3.214256,0.2321169,1.229617]",
8468,"[3.141612,0.1,1.23698]",
8469,"[3.241732,0.2820328,1.225458]",
8470,"[3.244483,0.2882224,1.225746]",
8471,"[3.24606,0.3012795,1.232617]",
8472,"[3.247853,0.311333,1.238192]",
8473,"[3.274986,0.3788083,1.232445]",
8474,"[3.253013,0.3547986,1.231486]",
8475,"[3.238358,0.342235,1.223777]",
8476,"[3.085527,0.1,1.222461]",
8477,"[3.084898,0.1,1.21464]",
8478,"[3.144263,0.1,1.169906]",
8479,"[3.181717,0.1,1.153236]",
8480,"[3.242525,0.1,1.138679]",
8481,"[3.268343,0.1,1.135035]",
8482,"[3.324017,0.1,1.133528]",
8483,"[3.355372,0.1,1.136781]",
8484,"[3.419118,0.1547516,1.150044]",
8485,"[3.457505,0.2061009,1.158044]",
8486,"[3.499997,0.264638,1.164699]",
8487,"[3.629297,0.3870586,1.18665]",
8488,"[3.642434,0.3860493,1.187613]",
8489,"[3.662308,0.3834453,1.188178]",
8490,"[3.677732,0.3808339,1.188839]",
8491,"[3.702927,0.3737753,1.1984]",
8492,"[3.711585,0.3751626,1.204033]",
8493,"[3.717994,0.3850389,1.211783]",
8494,"[3.720215,0.3877257,1.21529]",
8495,"[3.720975,0.3881587,1.217149]",
8496,"[3.721888,0.390078,1.221151]",
8497,"[3.719819,0.3882276,1.222519]",
8498,"[3.706748,0.3790604,1.231354]",
8499,"[3.698119,0.3740658,1.237511]",
8500,"[3.691029,0.3701272,1.240598]",
8501,"[3.68918,0.3730709,1.24147]",
8502,"[3.687663,0.3834906,1.241457]",
8503,"[3.687535,0.3892871,1.240462]",
8504,"[3.68868,0.398775,1.240058]",
8505,"[3.691859,0.4172601,1.239747]",
8506,"[3.694609,0.4264917,1.238961]",
8507,"[3.701115,0.4477718,1.237169]",
8508,"[3.704732,0.4499503,1.236761]",
8509,"[3.712775,0.4685605,1.238037]",
8510,"[3.718203,0.4778398,1.239292]",
8511,"[3.723208,0.4868136,1.24105]",
8512,"[3.743511,0.5060958,1.241318]",
8513,"[3.750871,0.5154577,1.241304]",
8514,"[3.759311,0.5270133,1.242098]",
8515,"[3.760479,0.5340505,1.239996]",
8516,"[3.75807,0.5524452,1.233727]",
8517,"[3.755453,0.5618112,1.229039]",
8518,"[3.751969,0.5765696,1.225545]",
8519,"[3.751756,0.5765783,1.224861]",
8520,"[3.827527,0.1,1.214341]",
8521,"[3.745573,0.6217989,1.227824]",
8522,"[3.737938,0.6721331,1.229321]",
8523,"[3.735211,0.6924399,1.229946]",
8524,"[3.734891,0.6957037,1.229914]",
8525,"[3.733581,0.7064483,1.230216]",
8526,"[3.732779,0.7119408,1.230333]",
8527,"[3.730958,0.7237678,1.230389]",
8528,"[3.730061,0.7299137,1.230693]",
8529,"[3.729135,0.736711,1.231227]",
8530,"[3.730116,0.7435379,1.235402]",
8531,"[3.730485,0.7471529,1.237489]",
8532,"[3.73043,0.7581463,1.241031]",
8533,"[3.73022,0.7651606,1.242686]",
8534,"[3.729421,0.782261,1.246298]",
8535,"[3.729192,0.7904856,1.248412]",
8536,"[3.729311,0.7977052,1.250796]",
8537,"[3.729352,0.8131979,1.255156]",
8538,"[3.729557,0.8201056,1.257125]",
8539,"[3.730242,0.8305802,1.260046]",
8540,"[3.730992,0.8333915,1.261063]",
8541,"[3.732383,0.8385311,1.262609]",
8542,"[3.733566,0.8397162,1.263481]",
8543,"[3.734689,0.84136,1.264309]",
8544,"[3.737352,0.8442405,1.266075]",
8545,"[3.73909,0.8454777,1.267118]",
8546,"[3.84631,0.1,1.213312]",
8547,"[3.849011,0.1,1.214144]",
8548,"[3.852324,0.1,1.215412]",
8549,"[3.853406,0.1,1.215672]",
8550,"[3.856326,0.1,1.214431]",
8551,"[3.858982,0.1,1.212705]",
8552,"[3.867399,0.1,1.206806]",
8553,"[3.898222,0.1,1.199078]",
8554,"[3.926383,0.1,1.188036]",
8555,"[3.937304,0.1000001,1.181556]",
8556,"[3.956126,0.1,1.176112]",
8557,"[3.986419,0.0999999,1.163575]",
8558,"[4.000602,0.1,1.154519]",
8559,"[4.018888,0.1,1.140014]",
8560,"[4.028836,0.1,1.131908]",
8561,"[4.039957,0.1132906,1.114882]",
8562,"[4.031534,0.166345,1.114882]",
8563,"[4.017898,0.2375129,1.114882]",
8564,"[3.999859,0.2924361,1.099923]",
8565,"[3.995781,0.2924361,1.085112]",
8566,"[3.978161,0.2924361,1.071651]",
8567,"[3.970239,0.2924361,1.073041]",
8568,"[3.956069,0.2924361,1.081571]",
8569,"[3.94724,0.2924361,1.09007]",
8570,"[3.937676,0.2924361,1.106551]",
8571,"[3.921987,0.1564907,1.114882]",
8572,"[3.902033,0.1,1.126383]",
8573,"[3.825376,0.1,1.170795]",
8574,"[3.478243,0.1000001,1.302329]",
8575,"[3.098974,0.1,1.353979]",
8576,"[3.291204,0.549622,1.367844]",
8577,"[3.275968,0.6002311,1.374069]",
8578,"[3.212522,0.6002311,1.387783]",
8579,"[3.211267,0.6002311,1.386628]",
8580,"[3.211213,0.6002311,1.385436]",
8581,"[3.211243,0.6002311,1.385725]",
8582,"[3.223412,0.6002311,1.381948]",
8583,"[3.228037,0.6002311,1.381331]",
8584,"[3.243419,0.6002311,1.373538]",
8585,"[3.254824,0.6002311,1.364904]",
8586,"[3.260574,0.6002311,1.357088]",
8587,"[3.275298,0.6002311,1.331024]",
8588,"[3.28285,0.6002311,1.318904]",
8589,"[3.290587,0.5977292,1.299614]",
8590,"[3.290477,0.58802,1.287482]",
8591,"[3.290272,0.5721424,1.264736]",
8592,"[3.290116,0.5671547,1.247537]",
8593,"[3.289872,0.5526344,1.220514]",
8594,"[3.289791,0.5452032,1.21156]",
8595,"[3.289732,0.5328041,1.205108]",
8596,"[3.172477,0.3069477,1.168547]",
8597,"[3.171091,0.2922361,1.169428]",
8598,"[3.169509,0.2721487,1.170433]",
8599,"[3.168983,0.2638035,1.170767]",
8600,"[3.170924,0.2543915,1.169534]",
8601,"[3.169832,0.2454883,1.170228]",
8602,"[3.160173,0.2138623,1.176363]",
8603,"[3.14986,0.1934537,1.182914]",
8604,"[3.139668,0.1719521,1.189388]",
8605,"[3.124753,0.138068,1.198861]",
8606,"[3.118801,0.1220149,1.202642]",
8607,"[3.114089,0.1,1.207252]",
8608,"[3.119545,0.1,1.210175]",
8609,"[3.126601,0.1000001,1.212602]",
8610,"[3.134161,0.1,1.216954]",
8611,"[3.148218,0.1,1.244968]",
8612,"[3.149999,0.1,1.25954]",
8613,"[3.152149,0.1,1.273558]",
8614,"[3.146178,0.1,1.280766]",
8615,"[3.139705,0.1,1.278166]",
8616,"[3.127024,0.1,1.262601]",
8617,"[3.116189,0.1,1.245515]",
8618,"[3.111782,0.1348672,1.207101]",
8619,"[3.142451,0.2184084,1.18762]",
8620,"[3.156899,0.2675389,1.178442]",
8621,"[3.289506,0.5230019,1.180121]",
8622,"[3.289479,0.5360409,1.177081]",
8623,"[3.184338,0.3329571,1.147503]",
8624,"[3.190062,0.3329571,1.143992]",
8625,"[3.196952,0.3221628,1.140248]",
8626,"[3.195869,0.3071192,1.138544]",
8627,"[3.194404,0.2929237,1.136237]",
8628,"[3.19069,0.2500163,1.13039]",
8629,"[3.191699,0.2361605,1.131978]",
8630,"[3.200624,0.2608599,1.150669]",
8631,"[3.186929,0.2406678,1.159368]",
8632,"[3.16728,0.2005013,1.171848]",
8633,"[3.149558,0.155199,1.183106]",
8634,"[3.131693,0.1120126,1.194453]",
8635,"[3.126756,0.1,1.1979]",
8636,"[3.129627,0.1,1.202995]",
8637,"[3.131642,0.0999999,1.205581]",
8638,"[3.134257,0.1,1.208923]",
8639,"[3.139768,0.1,1.215057]",
8640,"[3.143054,0.1,1.218088]",
8641,"[3.147411,0.1000001,1.222806]",
8642,"[3.147761,0.1,1.223041]",
8643,"[3.154752,0.1,1.222489]",
8644,"[3.161879,0.1,1.223261]",
8645,"[3.169578,0.1,1.22593]",
8646,"[3.185173,0.1,1.234828]",
8647,"[3.19425,0.1,1.24146]",
8648,"[3.275109,0.2553898,1.240108]",
8649,"[3.278084,0.2628779,1.244015]",
8650,"[3.276212,0.3537963,1.241354]",
8651,"[3.271646,0.3697363,1.239493]",
8652,"[3.268748,0.3768492,1.239856]",
8653,"[3.263362,0.3860402,1.239419]",
8654,"[3.260405,0.3916542,1.238749]",
8655,"[3.259885,0.4065785,1.234036]",
8656,"[3.261839,0.4172587,1.229419]",
8657,"[3.274575,0.4471228,1.217902]",
8658,"[3.284695,0.4680676,1.209906]",
8659,"[3.314728,0.5204153,1.199618]",
8660,"[3.303082,0.5127248,1.19566]",
8661,"[3.322117,0.5437852,1.191439]",
8662,"[3.357112,0.5940454,1.182701]",
8663,"[3.364086,0.5970126,1.175729]",
8664,"[3.378785,0.6141376,1.168407]",
8665,"[3.387051,0.6229336,1.166518]",
8666,"[3.396409,0.6363548,1.164548]",
8667,"[3.407856,0.6454364,1.164344]",
8668,"[3.427628,0.6619158,1.161974]",
8669,"[3.453287,0.6777098,1.160468]",
8670,"[3.467126,0.6894774,1.15947]",
8671,"[3.516762,0.7248593,1.165313]",
8672,"[3.539583,0.7408934,1.171914]",
8673,"[3.57031,0.7576248,1.185318]",
8674,"[3.594477,0.7756572,1.199088]",
8675,"[3.624931,0.8177906,1.222054]",
8676,"[3.634523,0.8380482,1.229861]",
8677,"[3.652637,0.8707111,1.246591]",
8678,"[3.659667,0.9059111,1.251052]",
8679,"[3.669478,0.9288514,1.256928]",
8680,"[3.67893,0.9645866,1.260712]",
8681,"[3.680387,0.9676628,1.260158]",
8682,"[3.682485,0.9712598,1.259588]",
8683,"[3.687541,0.9727012,1.265379]",
8684,"[3.694436,0.9873245,1.272461]",
8685,"[3.700943,1.002057,1.280252]",
8686,"[3.707319,1.019647,1.287541]",
8687,"[3.712268,1.020667,1.293037]",
8688,"[3.713581,1.024289,1.293024]",
8689,"[3.724667,1.033377,1.295743]",
8690,"[3.732374,1.042616,1.290969]",
8691,"[3.748225,1.051127,1.289047]",
8692,"[3.759008,1.056219,1.291486]",
8693,"[3.767181,1.07185,1.290302]",
8694,"[3.774353,1.078748,1.293976]",
8695,"[3.774591,1.085639,1.294778]",
8696,"[3.776502,1.098219,1.29669]",
8697,"[3.778066,1.103993,1.297348]",
8698,"[3.782459,1.114557,1.296313]",
8699,"[3.785101,1.11939,1.29536]",
8700,"[3.789379,1.12792,1.292681]",
8701,"[3.791825,1.133395,1.290916]",
8702,"[3.794209,1.139043,1.289098]",
8703,"[3.800189,1.147565,1.289856]",
8704,"[3.804286,1.151874,1.291462]",
8705,"[3.812418,1.158209,1.296125]",
8706,"[3.815868,1.16073,1.298068]",
8707,"[3.821313,1.164447,1.302424]",
8708,"[3.823998,1.164697,1.304849]",
8709,"[3.827305,1.165534,1.308374]",
8710,"[3.829427,1.165188,1.311217]",
8711,"[3.831113,1.16533,1.31373]",
8712,"[3.833738,1.165171,1.318185]",
8713,"[3.834837,1.164743,1.320537]",
8714,"[3.836497,1.163817,1.324124]",
8715,"[3.837246,1.16341,1.32569]",
8716,"[3.849074,1.160356,1.333966]",
8717,"[3.853666,1.159161,1.337448]",
8718,"[3.860003,1.157309,1.343405]",
8719,"[3.862965,1.156577,1.346738]",
8720,"[3.867248,1.155835,1.351502]",
8721,"[3.869258,1.155436,1.354025]",
8722,"[3.870965,1.155036,1.356315]",
8723,"[3.87384,1.153932,1.360373]",
8724,"[3.875108,1.153294,1.362251]",
8725,"[3.877591,1.151972,1.365317]",
8726,"[3.878507,1.15131,1.366524]",
8727,"[3.87921,1.150668,1.367458]",
8728,"[3.87987,1.149874,1.367902]",
8729,"[3.879967,1.149667,1.367763]",
8730,"[3.880499,1.149459,1.367544]",
8731,"[3.880708,1.149749,1.366916]",
8732,"[3.880526,1.151061,1.363585]",
8733,"[3.880352,1.151609,1.362205]",
8734,"[3.880274,1.152148,1.360995]",
8735,"[3.880289,1.152431,1.361002]",
8736,"[3.880309,1.152676,1.361416]",
8737,"[3.880081,1.153012,1.363099]",
8738,"[3.879838,1.152797,1.364253]",
8739,"[3.879735,1.152533,1.366616]",
8740,"[3.882225,1.178993,1.376644]",
8741,"[3.877785,1.119317,1.358657]",
8742,"[3.881002,1.1505,1.370957]",
8743,"[3.881257,1.150141,1.371614]",
8744,"[3.881743,1.148519,1.37188]",
8745,"[3.882087,1.146825,1.371797]",
8746,"[3.882757,1.145534,1.37209]",
8747,"[3.884338,1.143143,1.373108]",
8748,"[3.885069,1.142253,1.373599]",
8749,"[3.886318,1.140933,1.374678]",
8750,"[3.886907,1.140184,1.375011]",
8751,"[3.887529,1.139498,1.375346]",
8752,"[3.889372,1.138442,1.376541]",
8753,"[3.890503,1.137983,1.377295]",
8754,"[3.892329,1.137225,1.379027]",
8755,"[3.893094,1.136982,1.379713]",
8756,"[3.893623,1.136764,1.38037]",
8757,"[3.894031,1.136629,1.3811]",
8758,"[3.894337,1.136467,1.381548]",
8759,"[3.893439,1.136372,1.38201]",
8760,"[3.892614,1.1365,1.381865]",
8761,"[3.891449,1.136558,1.381896]",
8762,"[3.891057,1.136498,1.382018]",
8763,"[3.890682,1.136386,1.382233]",
8764,"[3.889736,1.136218,1.382344]",
8765,"[3.889268,1.136078,1.382427]",
8766,"[3.884016,1.134856,1.384101]",
8767,"[3.881453,1.134342,1.384406]",
8768,"[3.878041,1.133169,1.385064]",
8769,"[3.876223,1.132657,1.38474]",
8770,"[3.874949,1.132,1.384468]",
8771,"[3.872813,1.130046,1.382901]",
8772,"[3.87178,1.129045,1.381657]",
8773,"[3.868214,1.126025,1.377768]",
8774,"[3.866066,1.124892,1.37558]",
8775,"[3.863182,1.121929,1.372039]",
8776,"[3.862156,1.120415,1.370579]",
8777,"[3.860436,1.117765,1.36841]",
8778,"[3.859781,1.116676,1.367758]",
8779,"[3.857773,1.115592,1.367836]",
8780,"[3.855123,1.1139,1.368256]",
8781,"[3.853321,1.112156,1.371507]",
8782,"[3.851679,1.10924,1.375708]",
8783,"[3.851235,1.107925,1.377637]",
8784,"[3.850681,1.106355,1.380326]",
8785,"[3.850631,1.105885,1.381246]",
8786,"[3.850829,1.104667,1.38277]",
8787,"[3.851166,1.104147,1.383283]",
8788,"[3.851523,1.103696,1.383778]",
8789,"[3.852329,1.102848,1.384742]",
8790,"[3.852637,1.102747,1.385264]",
8791,"[3.853228,1.102856,1.386325]",
8792,"[3.853446,1.102709,1.386868]",
8793,"[3.853856,1.102175,1.388205]",
8794,"[3.854035,1.101919,1.388832]",
8795,"[3.854246,1.101989,1.389368]",
8796,"[3.854282,1.102219,1.389423]",
8797,"[3.854311,1.102446,1.389469]",
8798,"[3.854474,1.102949,1.389213]",
8799,"[3.854471,1.103211,1.38899]",
8800,"[3.851496,1.103354,1.390182]",
8801,"[3.84926,1.103225,1.391316]",
8802,"[3.844527,1.102817,1.393846]",
8803,"[3.842519,1.102653,1.394903]",
8804,"[3.840513,1.102515,1.395901]",
8805,"[3.838831,1.102424,1.397113]",
8806,"[3.838618,1.10241,1.397686]",
8807,"[3.838547,1.1026,1.398932]",
8808,"[3.838622,1.102673,1.399652]",
8809,"[3.846266,1.135998,1.410389]",
8810,"[3.839405,1.10278,1.401468]",
8811,"[3.849321,1.148349,1.415859]",
8812,"[3.848277,1.144417,1.414812]",
8813,"[3.847754,1.143911,1.414805]",
8814,"[3.847759,1.148874,1.416346]",
8815,"[3.848148,1.152835,1.417532]",
8816,"[3.85054,1.166898,1.421615]",
8817,"[3.852561,1.176387,1.424354]",
8818,"[3.855346,1.195799,1.430355]",
8819,"[3.856947,1.205855,1.434385]",
8820,"[3.859619,1.222083,1.440933]",
8821,"[3.861048,1.230466,1.444306]",
8822,"[3.862286,1.237393,1.447168]",
8823,"[3.864413,1.248622,1.452043]",
8824,"[3.865443,1.251302,1.452973]",
8825,"[3.866751,1.254685,1.454189]",
8826,"[3.865824,1.248725,1.452523]",
8827,"[3.859287,1.214387,1.442172]",
8828,"[3.856691,1.200361,1.437499]",
8829,"[3.856871,1.197874,1.435384]",
8830,"[3.847649,1.146917,1.416165]",
8831,"[3.888697,1.277871,1.438771]",
8832,"[3.898102,1.289425,1.433741]",
8833,"[3.900747,1.297011,1.434662]",
8834,"[3.903395,1.30433,1.435637]",
8835,"[3.903615,1.30638,1.435198]",
8836,"[3.903059,1.305855,1.434017]",
8837,"[3.887866,1.200854,1.387783]",
8838,"[3.870602,1.085513,1.337418]",
8839,"[3.858833,1.076241,1.334478]",
8840,"[3.848655,1.071444,1.333203]",
8841,"[3.820754,1.062164,1.334946]",
8842,"[3.663006,1.020005,1.41977]",
8843,"[3.643477,1.006973,1.414924]",
8844,"[3.563107,0.9843716,1.447232]",
8845,"[3.288681,0.6002311,1.401734]",
8846,"[3.27063,0.6002311,1.409793]",
8847,"[3.257186,0.6002311,1.414255]",
8848,"[3.235511,0.6002311,1.408979]",
8849,"[3.24016,0.6002311,1.404435]",
8850,"[3.254628,0.6002311,1.391724]",
8851,"[3.261027,0.6002311,1.384135]",
8852,"[3.269856,0.6002311,1.361461]",
8853,"[3.276076,0.6002311,1.355045]",
8854,"[3.291,0.5986348,1.345227]",
8855,"[3.290888,0.5709645,1.332918]",
8856,"[3.290846,0.550604,1.32821]",
8857,"[3.089545,0.1,1.299194]",
8858,"[3.103832,0.1,1.29868]",
8859,"[3.13393,0.1,1.295544]",
8860,"[3.146915,0.1,1.293584]",
8861,"[3.172831,0.1,1.291351]",
8862,"[3.188039,0.1,1.292427]",
8863,"[3.201357,0.1,1.294689]",
8864,"[3.233717,0.1,1.306069]",
8865,"[3.248379,0.1000001,1.312453]",
8866,"[3.438543,0.6225819,1.307608]",
8867,"[3.439014,0.611463,1.308877]",
8868,"[3.441275,0.5966018,1.309599]",
8869,"[3.438029,0.5888606,1.30563]",
8870,"[3.436157,0.577898,1.305392]",
8871,"[3.427508,0.5652896,1.298064]",
8872,"[3.422882,0.5595716,1.294803]",
8873,"[3.284634,0.1,1.310485]",
8874,"[3.28204,0.1,1.310478]",
8875,"[3.277071,0.1,1.310279]",
8876,"[3.272384,0.1,1.309826]",
8877,"[3.25553,0.1,1.305477]",
8878,"[3.242253,0.1,1.300747]",
8879,"[3.225359,0.1,1.294583]",
8880,"[3.198638,0.1,1.280752]",
8881,"[3.184814,0.1,1.26996]",
8882,"[3.162352,0.1,1.246522]",
8883,"[3.15146,0.1,1.232113]",
8884,"[3.133783,0.1,1.201084]",
8885,"[3.289697,0.5351784,1.201166]",
8886,"[3.289532,0.5605527,1.182934]",
8887,"[3.289474,0.55806,1.176565]",
8888,"[3.289382,0.5572695,1.166436]",
8889,"[3.289178,0.542887,1.143891]",
8890,"[3.289117,0.5289766,1.137087]",
8891,"[3.148468,0.1,1.048657]",
8892,"[3.161522,0.1,1.034467]",
8893,"[3.272924,0.1,0.9268848]",
8894,"[3.317559,0.1,0.8796457]",
8895,"[3.840312,0.1,0.6259713]",
8896,"[3.874015,0.1,0.6011617]",
8897,"[3.921883,0.1,0.5666853]",
8898,"[4.067271,0.4763843,0.6110333]",
8899,"[4.135124,0.6643257,0.658635]",
8900,"[4.196786,0.9980045,0.8589141]",
8901,"[4.385391,0.8295541,0.7254936]",
8902,"[4.540936,0.8295541,0.7181154]",
8903,"[3.978999,1.519614,1.300529]",
8904,"[3.984592,1.548625,1.336207]",
8905,"[4.006133,1.586892,1.390313]",
8906,"[4.034392,1.606044,1.419406]",
8907,"[4.078981,1.623544,1.465512]",
8908,"[4.106543,1.628542,1.492346]",
8909,"[4.136961,1.635946,1.529506]",
8910,"[4.148534,1.640261,1.547537]",
8911,"[4.161671,1.64442,1.567804]",
8912,"[4.187184,1.65031,1.607385]",
8913,"[4.200503,1.652171,1.629286]",
8914,"[4.228545,1.655959,1.684452]",
8915,"[4.241184,1.659229,1.715991]",
8916,"[4.275693,1.661506,1.844599]",
8917,"[4.285975,1.660316,1.895102]",
8918,"[4.298976,1.653315,1.965898]",
8919,"[4.302379,1.650444,1.998707]",
8920,"[4.300583,1.653024,2.02524]",
8921,"[4.296494,1.650038,2.04653]",
8922,"[4.294008,1.644676,2.07146]",
8923,"[4.304359,1.639458,2.102002]",
8924,"[4.315829,1.633302,2.109237]",
8925,"[4.335363,1.629248,2.137146]",
8926,"[4.339093,1.629679,2.146557]",
8927,"[4.340377,1.627947,2.157674]",
8928,"[4.305494,1.608873,2.230561]",
8929,"[4.304379,1.606957,2.246372]",
8930,"[4.30868,1.597891,2.274166]",
8931,"[4.309999,1.595474,2.286995]",
8932,"[4.322089,1.59458,2.299835]",
8933,"[4.329487,1.594895,2.302821]",
8934,"[4.351949,1.595818,2.302088]",
8935,"[4.361354,1.593496,2.308105]",
8936,"[4.370853,1.589917,2.315804]",
8937,"[5.32759,0.6138678,4.47866]",
8938,"[5.26999,0.6486745,4.478661]",
8939,"[5.175232,0.6899758,4.478662]",
8940,"[5.149784,0.7025142,4.478662]",
8941,"[5.106307,0.7090536,4.478663]",
8942,"[5.088124,0.7083311,4.478663]",
8943,"[5.026662,0.715431,4.478663]",
8944,"[4.986522,0.7225477,4.478663]",
8945,"[4.82832,0.8438117,4.478668]",
8946,"[4.685483,0.9157249,4.478671]",
8947,"[4.628062,0.9694133,4.478673]",
8948,"[4.493506,1.158774,4.029365]",
8949,"[4.491715,1.158789,4.049231]",
8950,"[4.490944,1.196307,3.957912]",
8951,"[4.491261,1.19999,3.957912]",
8952,"[4.500233,1.208405,3.957912]",
8953,"[4.511636,1.213653,3.951968]",
8954,"[4.516439,1.21693,3.949921]",
8955,"[4.518941,1.224387,3.944953]",
8956,"[4.526758,1.236457,3.934373]",
8957,"[4.536542,1.256273,3.939444]",
8958,"[4.529234,1.265865,3.948046]",
8959,"[4.513906,1.294272,3.961311]",
8960,"[4.378,1.661354,2.537228]",
8961,"[4.380001,1.66126,2.553083]",
8962,"[4.385612,1.659074,2.588059]",
8963,"[4.389458,1.656898,2.607842]",
8964,"[4.399318,1.655379,2.639443]",
8965,"[4.403937,1.654092,2.657517]",
8966,"[4.414675,1.650121,2.706479]",
8967,"[4.420033,1.649062,2.72719]",
8968,"[4.430845,1.650769,2.765872]",
8969,"[4.435318,1.651294,2.782267]",
8970,"[4.437508,1.648243,2.793429]",
8971,"[4.443734,1.645826,2.819435]",
8972,"[4.448524,1.645963,2.837336]",
8973,"[4.454082,1.635706,2.871926]",
8974,"[4.456508,1.630172,2.886857]",
8975,"[4.460942,1.620412,2.915898]",
8976,"[4.462836,1.616808,2.926489]",
8977,"[4.468273,1.61406,2.942334]",
8978,"[4.46939,1.612312,2.945377]",
8979,"[4.470311,1.609819,2.949499]",
8980,"[4.475188,1.606402,2.958767]",
8981,"[4.475991,1.601473,2.960989]",
8982,"[4.477903,1.59195,2.965504]",
8983,"[4.478416,1.587324,2.968196]",
8984,"[4.47968,1.579421,2.974641]",
8985,"[4.48026,1.576223,2.978222]",
8986,"[4.484672,1.573856,2.983518]",
8987,"[4.48542,1.568592,2.992858]",
8988,"[4.485628,1.565858,2.998401]",
8989,"[4.485538,1.560733,3.011008]",
8990,"[4.485003,1.558912,3.01655]",
8991,"[4.483944,1.554981,3.030171]",
8992,"[4.483452,1.552672,3.037561]",
8993,"[4.4881,1.553553,3.04809]",
8994,"[4.495638,1.554363,3.069522]",
8995,"[4.499129,1.554655,3.079445]",
8996,"[4.501837,1.553206,3.095046]",
8997,"[4.505331,1.554385,3.103233]",
8998,"[4.511628,1.557865,3.120146]",
8999,"[4.514749,1.558931,3.128169]",
9000,"[4.521974,1.560319,3.14389]",
9001,"[4.525245,1.561203,3.150683]",
9002,"[4.535684,1.560951,3.159855]",
9003,"[4.54861,1.560306,3.175856]",
9004,"[4.553929,1.559786,3.184044]",
9005,"[4.56203,1.556889,3.202377]",
9006,"[4.565555,1.555122,3.212323]",
9007,"[4.570602,1.549917,3.230717]",
9008,"[4.57367,1.548724,3.240908]",
9009,"[4.575618,1.546471,3.256912]",
9010,"[4.576829,1.54416,3.264274]",
9011,"[4.57783,1.541444,3.272218]",
9012,"[4.581011,1.535154,3.289948]",
9013,"[4.583276,1.532101,3.299498]",
9014,"[4.587893,1.524419,3.320065]",
9015,"[4.589998,1.518647,3.331052]",
9016,"[4.593169,1.508041,3.355065]",
9017,"[4.59416,1.504296,3.365687]",
9018,"[4.590207,1.50244,3.387091]",
9019,"[4.587749,1.502046,3.397353]",
9020,"[4.584504,1.501727,3.408503]",
9021,"[4.58259,1.496974,3.43024]",
9022,"[4.580581,1.497492,3.442785]",
9023,"[4.57689,1.499731,3.465773]",
9024,"[4.57783,1.495973,3.475472]",
9025,"[4.57656,1.492821,3.496629]",
9026,"[4.577317,1.488892,3.5062]",
9027,"[4.574894,1.491459,3.530417]",
9028,"[4.574361,1.492342,3.542838]",
9029,"[4.575636,1.488411,3.552694]",
9030,"[4.576891,1.49002,3.575913]",
9031,"[4.578845,1.485914,3.584904]",
9032,"[4.581742,1.476607,3.60141]",
9033,"[4.582901,1.471767,3.609247]",
9034,"[4.582982,1.459831,3.62284]",
9035,"[4.583287,1.453347,3.629905]",
9036,"[4.582506,1.44486,3.637088]",
9037,"[4.614147,1.272327,3.952289]",
9038,"[4.610513,1.266313,3.948358]",
9039,"[4.603656,1.257464,3.94078]",
9040,"[4.600548,1.254239,3.936903]",
9041,"[4.595666,1.250249,3.931117]",
9042,"[4.593132,1.25176,3.932722]",
