frame,gazeStartPos,
0,"[4.15024,1.768644,3.983132]",
1,"[4.148715,1.768117,3.983131]",
2,"[4.148715,1.768117,3.983131]",
3,"[4.147258,1.768797,3.983132]",
4,"[4.145761,1.769533,3.983134]",
5,"[4.143569,1.770843,3.983136]",
6,"[4.143765,1.771132,3.983137]",
7,"[4.14381,1.771174,3.983137]",
8,"[4.143819,1.771196,3.983137]",
9,"[4.143954,1.771253,3.983137]",
10,"[4.144324,1.77103,3.983137]",
11,"[4.144601,1.770801,3.983136]",
12,"[4.145124,1.770455,3.983135]",
13,"[4.145401,1.770369,3.983135]",
14,"[4.145922,1.770144,3.983135]",
15,"[4.147121,1.769821,3.983134]",
16,"[4.147772,1.769757,3.983134]",
17,"[4.14886,1.769713,3.983134]",
18,"[4.149333,1.769743,3.983134]",
19,"[4.15032,1.769393,3.983133]",
20,"[4.150664,1.769252,3.983133]",
21,"[4.15105,1.769243,3.983133]",
22,"[4.152047,1.769254,3.983133]",
23,"[4.152651,1.769292,3.983133]",
24,"[4.224949,1.811824,3.983222]",
25,"[4.237147,1.819623,3.983238]",
26,"[4.254241,1.831538,3.983263]",
27,"[4.2598,1.835584,3.983272]",
28,"[4.264381,1.838778,3.983279]",
29,"[4.271129,1.842507,3.983286]",
30,"[4.273803,1.843397,3.983288]",
31,"[4.279831,1.844062,3.98329]",
32,"[4.28254,1.844238,3.98329]",
33,"[4.288333,1.845065,3.983292]",
34,"[4.290568,1.845131,3.983292]",
35,"[4.292818,1.845,3.983292]",
36,"[4.294823,1.844227,3.98329]",
37,"[4.295817,1.843317,3.983288]",
38,"[4.29761,1.841063,3.983283]",
39,"[4.29814,1.840249,3.983282]",
40,"[4.299242,1.838099,3.983277]",
41,"[4.2999,1.836666,3.983274]",
42,"[4.300529,1.835348,3.983271]",
43,"[4.302194,1.833859,3.983268]",
44,"[4.309536,1.832296,3.983265]",
45,"[4.321962,1.829974,3.98326]",
46,"[4.491947,1.80862,3.983215]",
47,"[4.53541,1.803164,3.983204]",
48,"[4.550473,1.801386,3.9832]",
49,"[4.568889,1.799584,3.983196]",
50,"[4.575715,1.798778,3.983195]",
51,"[4.581921,1.798038,3.983193]",
52,"[4.587312,1.796637,3.98319]",
53,"[4.588477,1.795784,3.983189]",
54,"[4.532482,1.737087,3.983066]",
55,"[4.511005,1.714586,3.983018]",
56,"[4.415973,1.643884,3.98287]",
57,"[4.402409,1.633205,3.982848]",
58,"[4.388139,1.621724,3.982824]",
59,"[4.384176,1.619605,3.98282]",
60,"[4.380752,1.617752,3.982816]",
61,"[4.375733,1.615253,3.98281]",
62,"[4.373525,1.614498,3.982809]",
63,"[4.370665,1.613959,3.982808]",
64,"[4.368219,1.614134,3.982808]",
65,"[4.365996,1.614985,3.98281]",
66,"[4.364949,1.615861,3.982812]",
67,"[4.362212,1.618486,3.982817]",
68,"[4.36069,1.619991,3.98282]",
69,"[4.359185,1.621555,3.982824]",
70,"[4.356331,1.624559,3.98283]",
71,"[4.354839,1.626061,3.982833]",
72,"[4.349873,1.637698,3.982857]",
73,"[4.347078,1.645495,3.982874]",
74,"[4.365483,1.67536,3.982936]",
75,"[4.379352,1.69958,3.982987]",
76,"[4.384774,1.717365,3.983024]",
77,"[4.415433,1.748358,3.983089]",
78,"[4.430304,1.759007,3.983112]",
79,"[4.466515,1.790659,3.983178]",
80,"[4.473995,1.797242,3.983192]",
81,"[4.485612,1.80705,3.983212]",
82,"[4.492636,1.810816,3.98322]",
83,"[4.49786,1.813573,3.983226]",
84,"[4.505702,1.817988,3.983235]",
85,"[4.508358,1.819673,3.983239]",
86,"[4.513496,1.823894,3.983248]",
87,"[4.515305,1.825624,3.983251]",
88,"[4.51813,1.828167,3.983256]",
89,"[4.518963,1.828938,3.983258]",
90,"[4.520405,1.830495,3.983261]",
91,"[4.520949,1.831103,3.983263]",
92,"[4.52135,1.831567,3.983263]",
93,"[4.521932,1.832255,3.983265]",
94,"[4.522118,1.832476,3.983265]",
95,"[4.522357,1.832793,3.983266]",
96,"[4.522332,1.832868,3.983266]",
97,"[4.522219,1.833047,3.983267]",
98,"[4.522142,1.83312,3.983267]",
99,"[4.52218,1.833193,3.983267]",
100,"[4.522223,1.833382,3.983267]",
101,"[4.522469,1.83395,3.983268]",
102,"[4.523008,1.835081,3.983271]",
103,"[4.523287,1.835677,3.983272]",
104,"[4.523758,1.836648,3.983274]",
105,"[4.523973,1.836997,3.983275]",
106,"[4.524697,1.837888,3.983277]",
107,"[4.583762,1.839662,3.98328]",
108,"[4.610344,1.840194,3.983282]",
109,"[4.6392,1.840036,3.983281]",
110,"[4.64867,1.839721,3.983281]",
111,"[4.660646,1.839066,3.983279]",
112,"[4.664987,1.838758,3.983279]",
113,"[4.669834,1.838452,3.983278]",
114,"[4.672222,1.838479,3.983278]",
115,"[4.674075,1.838501,3.983278]",
116,"[4.678508,1.838865,3.983279]",
117,"[4.680768,1.83906,3.983279]",
118,"[4.688074,1.840184,3.983282]",
119,"[4.691718,1.840133,3.983281]",
120,"[4.698546,1.839624,3.98328]",
121,"[4.700233,1.839556,3.98328]",
122,"[4.703768,1.839311,3.98328]",
123,"[4.705609,1.839213,3.983279]",
124,"[4.706948,1.839399,3.98328]",
125,"[4.70991,1.839539,3.98328]",
126,"[4.711424,1.839737,3.983281]",
127,"[4.715195,1.840203,3.983282]",
128,"[4.717672,1.840468,3.983282]",
129,"[4.724265,1.842229,3.983286]",
130,"[4.728443,1.843781,3.983289]",
131,"[4.762156,1.847636,3.983297]",
132,"[4.800668,1.850829,3.983304]",
133,"[4.814725,1.851334,3.983305]",
134,"[4.836066,1.850634,3.983304]",
135,"[4.845766,1.849863,3.983302]",
136,"[4.858258,1.848587,3.983299]",
137,"[4.865625,1.848059,3.983298]",
138,"[4.869767,1.847208,3.983296]",
139,"[4.878164,1.845688,3.983293]",
140,"[4.879907,1.845346,3.983292]",
141,"[4.885438,1.844454,3.98329]",
142,"[4.890264,1.843828,3.983289]",
143,"[4.901839,1.843442,3.983288]",
144,"[4.903103,1.84343,3.983288]",
145,"[4.883848,1.843839,3.983289]",
146,"[4.873965,1.844131,3.98329]",
147,"[4.869141,1.844251,3.98329]",
148,"[4.810119,1.841663,3.983285]",
149,"[4.791562,1.841252,3.983284]",
150,"[4.777413,1.840564,3.983282]",
151,"[4.770694,1.839817,3.983281]",
152,"[4.762058,1.838844,3.983279]",
153,"[4.759403,1.838401,3.983278]",
154,"[4.758487,1.838169,3.983277]",
155,"[4.754384,1.83757,3.983276]",
156,"[4.75219,1.836806,3.983274]",
157,"[4.744819,1.835011,3.983271]",
158,"[4.743458,1.83441,3.983269]",
159,"[4.738076,1.833697,3.983268]",
160,"[4.737222,1.833474,3.983268]",
161,"[4.736888,1.83331,3.983267]",
162,"[4.742384,1.832334,3.983265]",
163,"[4.747336,1.831506,3.983263]",
164,"[4.756557,1.829664,3.983259]",
165,"[4.759259,1.829367,3.983259]",
166,"[4.763704,1.828853,3.983258]",
167,"[4.763995,1.828969,3.983258]",
168,"[4.764282,1.82919,3.983258]",
169,"[4.764282,1.829458,3.983259]",
170,"[4.764166,1.829756,3.98326]",
171,"[4.763776,1.830156,3.983261]",
172,"[4.763007,1.830553,3.983261]",
173,"[4.761245,1.831219,3.983263]",
174,"[4.760157,1.831506,3.983263]",
175,"[4.757753,1.83202,3.983264]",
176,"[4.756555,1.832269,3.983265]",
177,"[4.755176,1.832123,3.983265]",
178,"[4.752237,1.831834,3.983264]",
179,"[4.750064,1.831674,3.983264]",
180,"[4.545926,1.864745,3.983333]",
181,"[4.515926,1.869781,3.983344]",
182,"[4.418362,1.891414,3.983389]",
183,"[4.402377,1.894648,3.983396]",
184,"[4.382743,1.898094,3.983403]",
185,"[4.377369,1.898877,3.983404]",
186,"[4.372649,1.899504,3.983406]",
187,"[4.367028,1.900187,3.983407]",
188,"[4.365513,1.90044,3.983408]",
189,"[4.362507,1.901064,3.983409]",
190,"[4.360844,1.901421,3.98341]",
191,"[4.357716,1.902083,3.983411]",
192,"[4.356514,1.902409,3.983412]",
193,"[4.355214,1.902919,3.983413]",
194,"[4.355239,1.903132,3.983413]",
195,"[4.355257,1.90337,3.983414]",
196,"[4.355236,1.901653,3.98341]",
197,"[4.353294,1.899993,3.983407]",
198,"[4.349699,1.897308,3.983401]",
199,"[4.347569,1.895691,3.983398]",
200,"[4.345205,1.893438,3.983393]",
201,"[4.340254,1.886853,3.983379]",
202,"[4.338709,1.884344,3.983374]",
203,"[4.335985,1.881375,3.983368]",
204,"[4.335655,1.880521,3.983366]",
205,"[4.334841,1.878154,3.983361]",
206,"[4.334319,1.876688,3.983358]",
207,"[4.330146,1.856852,3.983316]",
208,"[4.328506,1.850051,3.983302]",
209,"[4.318793,1.703032,3.982994]",
210,"[4.314404,1.659722,3.982903]",
211,"[4.312628,1.649387,3.982882]",
212,"[4.310312,1.63537,3.982853]",
213,"[4.309515,1.629979,3.982841]",
214,"[4.307436,1.62241,3.982826]",
215,"[4.307261,1.621792,3.982824]",
216,"[4.306931,1.620983,3.982822]",
217,"[4.306279,1.619862,3.98282]",
218,"[4.306012,1.619564,3.98282]",
219,"[4.305704,1.619251,3.982819]",
220,"[4.305492,1.619071,3.982818]",
221,"[4.3055,1.61883,3.982818]",
222,"[4.305613,1.618707,3.982818]",
223,"[4.305688,1.618631,3.982818]",
224,"[4.306131,1.618648,3.982818]",
225,"[4.306282,1.618705,3.982818]",
226,"[4.30851,1.66261,3.98291]",
227,"[4.309175,1.802116,3.983202]",
228,"[4.308901,1.848999,3.9833]",
229,"[4.308628,1.860744,3.983325]",
230,"[4.308219,1.873041,3.98335]",
231,"[4.308078,1.876709,3.983358]",
232,"[4.307878,1.879561,3.983364]",
233,"[4.307595,1.88275,3.983371]",
234,"[4.307416,1.883864,3.983373]",
235,"[4.307023,1.885674,3.983377]",
236,"[4.306822,1.886449,3.983378]",
237,"[4.306421,1.88761,3.983381]",
238,"[4.306253,1.888002,3.983382]",
239,"[4.306002,1.88854,3.983383]",
240,"[4.410548,1.878735,3.983362]",
241,"[4.438657,1.876085,3.983357]",
242,"[4.502976,1.870175,3.983344]",
243,"[4.527774,1.867795,3.983339]",
244,"[4.549637,1.865817,3.983335]",
245,"[4.555835,1.865438,3.983335]",
246,"[4.563901,1.865171,3.983334]",
247,"[4.567653,1.865353,3.983334]",
248,"[4.570486,1.865474,3.983335]",
249,"[4.573833,1.865574,3.983335]",
250,"[4.575104,1.865588,3.983335]",
251,"[4.577807,1.865587,3.983335]",
252,"[4.579295,1.865592,3.983335]",
253,"[4.5817,1.865462,3.983335]",
254,"[4.582807,1.864907,3.983333]",
255,"[4.583848,1.864321,3.983332]",
256,"[4.585748,1.862799,3.983329]",
257,"[4.653829,1.855019,3.983313]",
258,"[4.695237,1.850329,3.983303]",
259,"[4.727813,1.846873,3.983295]",
260,"[4.756533,1.843797,3.983289]",
261,"[4.765692,1.842762,3.983287]",
262,"[4.778812,1.841109,3.983284]",
263,"[4.783722,1.840293,3.983282]",
264,"[4.787934,1.839455,3.98328]",
265,"[4.793851,1.837716,3.983276]",
266,"[4.795886,1.83681,3.983274]",
267,"[4.798918,1.835093,3.983271]",
268,"[4.8001,1.834269,3.983269]",
269,"[4.801375,1.833464,3.983268]",
270,"[4.802063,1.833005,3.983267]",
271,"[4.802679,1.832541,3.983266]",
272,"[4.80372,1.832203,3.983265]",
273,"[4.804316,1.832242,3.983265]",
274,"[4.805147,1.831905,3.983264]",
275,"[4.805546,1.831741,3.983264]",
276,"[4.767054,1.823705,3.983247]",
277,"[4.727011,1.816536,3.983232]",
278,"[4.696325,1.810933,3.98322]",
279,"[4.686071,1.808543,3.983215]",
280,"[4.679288,1.806753,3.983212]",
281,"[4.673007,1.804497,3.983207]",
282,"[4.671168,1.803548,3.983205]",
283,"[4.668567,1.801853,3.983201]",
284,"[4.667632,1.801044,3.9832]",
285,"[4.68227,1.797267,3.983192]",
286,"[4.694554,1.795022,3.983187]",
287,"[4.702775,1.793545,3.983184]",
288,"[4.916245,1.773877,3.983143]",
289,"[4.941113,1.770777,3.983136]",
290,"[4.970089,1.767106,3.983129]",
291,"[4.981579,1.765575,3.983125]",
292,"[4.997881,1.763484,3.983121]",
293,"[5.00576,1.762439,3.983119]",
294,"[5.01342,1.761367,3.983116]",
295,"[5.023806,1.758938,3.983111]",
296,"[5.028275,1.757653,3.983109]",
297,"[5.03933,1.755587,3.983104]",
298,"[5.046378,1.754778,3.983103]",
299,"[5.060831,1.752907,3.983099]",
300,"[5.069658,1.751719,3.983096]",
301,"[5.077229,1.750116,3.983093]",
302,"[5.087942,1.747577,3.983088]",
303,"[5.093447,1.74613,3.983085]",
304,"[5.108311,1.743563,3.983079]",
305,"[5.117955,1.742318,3.983077]",
306,"[5.143929,1.741233,3.983074]",
307,"[5.166131,1.742329,3.983077]",
308,"[5.208884,1.743326,3.983079]",
309,"[5.24817,1.745088,3.983082]",
310,"[5.280384,1.745836,3.983084]",
311,"[5.348944,1.744569,3.983081]",
312,"[5.395122,1.743014,3.983078]",
313,"[5.444214,1.745203,3.983083]",
314,"[5.458945,1.745644,3.983083]",
315,"[5.488808,1.745978,3.983084]",
316,"[5.501025,1.745715,3.983084]",
317,"[5.521448,1.744673,3.983082]",
318,"[5.525285,1.744234,3.983081]",
319,"[5.522046,1.743174,3.983078]",
320,"[5.506232,1.740199,3.983072]",
321,"[5.499327,1.738736,3.983069]",
322,"[5.472496,1.736696,3.983065]",
323,"[5.459984,1.735673,3.983063]",
324,"[5.400316,1.733169,3.983057]",
325,"[5.38907,1.732208,3.983055]",
326,"[5.370743,1.731385,3.983054]",
327,"[5.338848,1.727494,3.983046]",
328,"[5.326719,1.725074,3.983041]",
329,"[5.318305,1.723037,3.983036]",
330,"[5.317117,1.7227,3.983036]",
331,"[5.318313,1.722052,3.983034]",
332,"[5.330987,1.723043,3.983036]",
333,"[5.350927,1.724418,3.983039]",
334,"[5.358902,1.724903,3.98304]",
335,"[5.365804,1.725277,3.983041]",
336,"[5.374718,1.725862,3.983042]",
337,"[5.379279,1.726197,3.983043]",
338,"[5.382792,1.726654,3.983044]",
339,"[5.383666,1.726688,3.983044]",
340,"[5.38473,1.726583,3.983044]",
341,"[5.385062,1.726516,3.983043]",
342,"[5.385657,1.726408,3.983043]",
343,"[5.387317,1.726015,3.983042]",
344,"[5.387962,1.725884,3.983042]",
345,"[5.389142,1.725677,3.983042]",
346,"[5.388818,1.725846,3.983042]",
347,"[5.387769,1.726774,3.983044]",
348,"[5.387056,1.727482,3.983046]",
349,"[5.386473,1.728073,3.983047]",
350,"[5.385697,1.728744,3.983048]",
351,"[5.384972,1.728839,3.983048]",
352,"[5.38321,1.728818,3.983048]",
353,"[5.382308,1.72872,3.983048]",
354,"[5.379998,1.728366,3.983047]",
355,"[5.378419,1.728068,3.983047]",
356,"[5.374448,1.727468,3.983046]",
357,"[5.260933,1.743272,3.983078]",
358,"[5.210654,1.750294,3.983093]",
359,"[4.942504,1.787578,3.983171]",
360,"[4.899916,1.793172,3.983183]",
361,"[4.858991,1.797377,3.983192]",
362,"[4.847138,1.79808,3.983193]",
363,"[4.829667,1.799274,3.983196]",
364,"[4.825675,1.799233,3.983196]",
365,"[4.820791,1.799237,3.983196]",
366,"[4.816324,1.799326,3.983196]",
367,"[4.812974,1.799246,3.983196]",
368,"[4.805296,1.800467,3.983198]",
369,"[4.732101,1.814734,3.983228]",
370,"[4.683375,1.823312,3.983246]",
371,"[4.670545,1.825132,3.98325]",
372,"[4.655506,1.827123,3.983254]",
373,"[4.650996,1.82767,3.983255]",
374,"[4.648707,1.827869,3.983256]",
375,"[4.64335,1.828115,3.983256]",
376,"[4.64021,1.828139,3.983256]",
377,"[4.63671,1.828538,3.983257]",
378,"[4.635964,1.828885,3.983258]",
379,"[4.635995,1.829671,3.983259]",
380,"[4.635906,1.830197,3.983261]",
381,"[4.636176,1.831577,3.983263]",
382,"[4.636752,1.833663,3.983268]",
383,"[4.637101,1.834397,3.983269]",
384,"[4.637885,1.835912,3.983273]",
385,"[4.638323,1.836654,3.983274]",
386,"[4.639519,1.838144,3.983277]",
387,"[4.639826,1.838825,3.983279]",
388,"[4.678962,1.845693,3.983293]",
389,"[4.68912,1.847427,3.983297]",
390,"[4.695914,1.848739,3.983299]",
391,"[4.703089,1.850942,3.983304]",
392,"[4.70559,1.851977,3.983306]",
393,"[4.709371,1.853299,3.983309]",
394,"[4.712046,1.853967,3.98331]",
395,"[4.715322,1.854859,3.983312]",
396,"[4.716511,1.855187,3.983313]",
397,"[4.717385,1.855424,3.983314]",
398,"[4.695969,1.844784,3.983291]",
399,"[4.682678,1.838483,3.983278]",
400,"[4.666661,1.831113,3.983263]",
401,"[4.661,1.828202,3.983257]",
402,"[4.653924,1.824158,3.983248]",
403,"[4.651454,1.822418,3.983244]",
404,"[4.647584,1.819183,3.983238]",
405,"[4.646051,1.817874,3.983235]",
406,"[4.644855,1.816975,3.983233]",
407,"[4.64286,1.815474,3.98323]",
408,"[4.641922,1.81475,3.983228]",
409,"[4.640935,1.813857,3.983226]",
410,"[4.640757,1.81356,3.983226]",
411,"[4.640888,1.813151,3.983225]",
412,"[4.640993,1.812888,3.983224]",
413,"[4.64108,1.812745,3.983224]",
414,"[4.641133,1.812498,3.983224]",
415,"[4.641171,1.812332,3.983223]",
416,"[4.641148,1.812048,3.983223]",
417,"[4.64113,1.811956,3.983222]",
418,"[4.627576,1.808892,3.983216]",
419,"[4.621232,1.807907,3.983214]",
420,"[4.61166,1.806538,3.983211]",
421,"[4.607815,1.805729,3.983209]",
422,"[4.604412,1.8051,3.983208]",
423,"[4.598234,1.804275,3.983206]",
424,"[4.595778,1.803801,3.983205]",
425,"[4.592404,1.80321,3.983204]",
426,"[4.591651,1.802789,3.983203]",
427,"[4.590077,1.80142,3.9832]",
428,"[4.589485,1.800885,3.983199]",
429,"[4.588972,1.800495,3.983198]",
430,"[4.608001,1.802916,3.983203]",
431,"[4.614427,1.803676,3.983205]",
432,"[4.622151,1.804784,3.983207]",
433,"[4.624655,1.805352,3.983209]",
434,"[4.627166,1.805947,3.98321]",
435,"[4.628464,1.805817,3.98321]",
436,"[4.629603,1.805543,3.983209]",
437,"[4.632455,1.804313,3.983207]",
438,"[4.634372,1.803196,3.983204]",
439,"[4.825971,1.75296,3.983099]",
440,"[4.909918,1.739674,3.983071]",
441,"[4.961484,1.730722,3.983052]",
442,"[4.97851,1.728997,3.983049]",
443,"[4.997676,1.726802,3.983044]",
444,"[5.00456,1.726508,3.983043]",
445,"[5.009966,1.726308,3.983043]",
446,"[5.019715,1.72675,3.983044]",
447,"[5.023287,1.726932,3.983044]",
448,"[5.027364,1.727503,3.983046]",
449,"[5.028163,1.727589,3.983046]",
450,"[4.878834,1.736646,3.983065]",
451,"[4.842585,1.738674,3.983069]",
452,"[4.80914,1.740309,3.983072]",
453,"[4.789677,1.743169,3.983078]",
454,"[4.778504,1.745229,3.983083]",
455,"[4.763161,1.748628,3.98309]",
456,"[4.758675,1.750085,3.983093]",
457,"[4.753187,1.753281,3.983099]",
458,"[4.751213,1.755122,3.983103]",
459,"[4.749562,1.757878,3.983109]",
460,"[4.749503,1.759004,3.983112]",
461,"[4.749954,1.760149,3.983114]",
462,"[4.765472,1.760059,3.983114]",
463,"[4.778698,1.758966,3.983111]",
464,"[4.949131,1.745961,3.983084]",
465,"[4.983437,1.741775,3.983075]",
466,"[5.018857,1.736006,3.983063]",
467,"[5.033685,1.732821,3.983057]",
468,"[5.039645,1.72906,3.983049]",
469,"[5.041113,1.726676,3.983044]",
470,"[5.043551,1.724198,3.983039]",
471,"[5.047334,1.722941,3.983036]",
472,"[5.050636,1.722543,3.983035]",
473,"[5.06481,1.721296,3.983032]",
474,"[5.069333,1.722364,3.983035]",
475,"[5.083804,1.724543,3.983039]",
476,"[5.094813,1.725755,3.983042]",
477,"[5.108081,1.727507,3.983046]",
478,"[5.145047,1.730615,3.983052]",
479,"[5.166095,1.731607,3.983054]",
480,"[5.95,1.753274,3.482553]",
481,"[5.95,1.755756,3.443918]",
482,"[5.531101,1.769387,2.978513]",
483,"[5.845549,1.75143,2.975414]",
484,"[5.95,1.747437,2.920841]",
485,"[5.95,1.750711,2.903472]",
486,"[5.95,1.754978,2.879539]",
487,"[5.95,1.763983,2.823292]",
488,"[5.95,1.766486,2.81617]",
489,"[5.95,1.768698,2.811853]",
490,"[5.95,1.769823,2.812149]",
491,"[5.95,1.776977,2.801259]",
492,"[5.95,1.779766,2.799774]",
493,"[5.95,1.784269,2.79407]",
494,"[5.95,1.785949,2.794656]",
495,"[5.95,1.787089,2.792204]",
496,"[5.95,1.78819,2.776887]",
497,"[5.95,1.770112,2.708564]",
498,"[5.95,1.75452,2.641798]",
499,"[5.95,1.749092,2.617437]",
500,"[5.95,1.743588,2.593489]",
501,"[5.95,1.73442,2.578029]",
502,"[5.95,1.73284,2.577032]",
503,"[5.95,1.730698,2.566754]",
504,"[5.95,1.72948,2.564991]",
505,"[5.95,1.72722,2.560974]",
506,"[5.95,1.725945,2.559323]",
507,"[5.845745,1.730389,2.561481]",
508,"[5.78095,1.733556,2.559219]",
509,"[5.559169,1.804909,2.536415]",
510,"[5.565081,1.836968,2.491561]",
511,"[5.565746,1.846369,2.472491]",
512,"[5.566948,1.856211,2.438077]",
513,"[5.567066,1.857595,2.434709]",
514,"[5.567232,1.859877,2.432138]",
515,"[5.567438,1.860752,2.432923]",
516,"[5.567602,1.861336,2.432686]",
517,"[5.568858,1.863309,2.430783]",
518,"[5.797884,1.866679,2.364632]",
519,"[5.700336,1.868831,2.380038]",
520,"[5.584691,1.869046,2.402322]",
521,"[5.569844,1.848333,2.355139]",
522,"[5.570526,1.842852,2.335609]",
523,"[5.827235,1.705135,2.114274]",
524,"[5.776789,1.690725,2.112512]",
525,"[5.742674,1.682298,2.11132]",
526,"[5.733473,1.673657,2.110999]",
527,"[5.737956,1.669405,2.111156]",
528,"[5.739576,1.663346,2.111212]",
529,"[5.748155,1.660427,2.111512]",
530,"[5.760197,1.657444,2.111933]",
531,"[5.764141,1.656684,2.11207]",
532,"[5.779216,1.655088,2.112597]",
533,"[5.794505,1.651976,2.113131]",
534,"[5.804922,1.787391,2.113494]",
535,"[5.576952,1.869336,2.225082]",
536,"[5.576972,1.887252,2.225547]",
537,"[5.577085,1.909882,2.228111]",
538,"[5.577154,1.918949,2.229709]",
539,"[5.57723,1.931292,2.231436]",
540,"[5.57737,1.93796,2.234637]",
541,"[5.577466,1.943211,2.236862]",
542,"[5.577612,1.950603,2.240193]",
543,"[5.577689,1.953974,2.241959]",
544,"[5.578095,1.959396,2.251255]",
545,"[5.578286,1.961947,2.255636]",
546,"[5.578607,1.964489,2.262979]",
547,"[5.578757,1.964763,2.266417]",
548,"[5.579111,1.964132,2.274523]",
549,"[5.579323,1.96347,2.279381]",
550,"[5.579523,1.962996,2.283964]",
551,"[5.579921,1.96303,2.293085]",
552,"[5.580077,1.963246,2.296649]",
553,"[5.580431,1.963788,2.30476]",
554,"[5.58062,1.964294,2.309077]",
555,"[5.580894,1.964922,2.315351]",
556,"[5.581034,1.965104,2.318571]",
557,"[5.581184,1.965627,2.322001]",
558,"[5.581876,1.967976,2.337853]",
559,"[5.582632,1.972135,2.355158]",
560,"[5.559195,1.990086,2.547261]",
561,"[5.608872,2.002989,2.602464]",
562,"[5.608872,2.012477,2.676669]",
563,"[5.95,2.095327,3.288569]",
564,"[5.949999,2.098466,3.643305]",
565,"[5.950001,2.067747,4.175406]",
566,"[5.55733,2.00878,3.955385]",
567,"[5.187941,1.928208,3.983466]",
568,"[5.066469,1.914813,3.983438]",
569,"[4.855366,1.886376,3.983378]",
570,"[4.764109,1.880545,3.983366]",
571,"[4.658955,1.875357,3.983355]",
572,"[4.660246,1.87539,3.983355]",
573,"[4.642766,1.87336,3.983351]",
574,"[4.572118,1.867214,3.983338]",
575,"[4.51307,1.865065,3.983334]",
576,"[4.486466,1.864295,3.983332]",
577,"[4.454049,1.863409,3.98333]",
578,"[4.382905,1.856853,3.983316]",
579,"[4.36581,1.852648,3.983308]",
580,"[4.346505,1.847056,3.983296]",
581,"[4.355452,1.840545,3.983282]",
582,"[4.35512,1.838375,3.983278]",
583,"[4.352068,1.833185,3.983267]",
584,"[4.378804,1.830152,3.983261]",
585,"[4.429646,1.828094,3.983256]",
586,"[4.441701,1.827753,3.983256]",
587,"[4.447258,1.827675,3.983255]",
588,"[4.450231,1.831609,3.983263]",
589,"[4.449715,1.834096,3.983269]",
590,"[4.405068,1.84568,3.983293]",
591,"[4.384336,1.850217,3.983303]",
592,"[4.36172,1.854708,3.983312]",
593,"[4.354002,1.855808,3.983314]",
594,"[4.351539,1.855641,3.983314]",
595,"[4.35067,1.855469,3.983314]",
596,"[4.350897,1.855197,3.983313]",
597,"[4.352748,1.854869,3.983312]",
598,"[4.354107,1.854712,3.983312]",
599,"[4.355944,1.854506,3.983312]",
600,"[4.356549,1.854188,3.983311]",
601,"[4.327424,1.853027,3.983309]",
602,"[4.321567,1.852239,3.983307]",
603,"[4.317585,1.851426,3.983305]",
604,"[4.314116,1.849922,3.983302]",
605,"[4.313436,1.849317,3.983301]",
606,"[4.313227,1.848459,3.983299]",
607,"[4.313417,1.847943,3.983298]",
608,"[4.314344,1.84676,3.983295]",
609,"[4.315264,1.846009,3.983294]",
610,"[4.317196,1.845318,3.983292]",
611,"[4.317353,1.845735,3.983293]",
612,"[4.317623,1.846061,3.983294]",
613,"[4.313979,1.879274,3.983363]",
614,"[4.314093,1.887123,3.98338]",
615,"[4.314821,1.89544,3.983397]",
616,"[4.315255,1.898036,3.983403]",
617,"[4.316468,1.902684,3.983413]",
618,"[4.317271,1.905192,3.983418]",
619,"[4.317773,1.909129,3.983426]",
620,"[4.318707,1.910841,3.983429]",
621,"[4.318742,1.912065,3.983432]",
622,"[4.318942,1.914618,3.983438]",
623,"[4.31923,1.915517,3.983439]",
624,"[4.319227,1.916645,3.983442]",
625,"[4.319547,1.917061,3.983443]",
626,"[4.321156,1.918568,3.983446]",
627,"[4.328043,1.922593,3.983454]",
628,"[4.333654,1.925396,3.98346]",
629,"[4.349106,1.932659,3.983475]",
630,"[4.357642,1.936379,3.983483]",
631,"[4.36917,1.940575,3.983492]",
632,"[4.372341,1.941755,3.983494]",
633,"[4.380549,1.94342,3.983498]",
634,"[4.384085,1.945381,3.983502]",
635,"[4.388037,1.947196,3.983506]",
636,"[4.396194,1.951046,3.983514]",
637,"[4.407231,1.954304,3.983521]",
638,"[4.436928,1.96234,3.983537]",
639,"[4.462986,1.968979,3.983551]",
640,"[4.694584,1.99631,3.983608]",
641,"[4.743815,2.002676,3.983622]",
642,"[5.160267,2.004585,3.983626]",
643,"[5.219567,2.006577,3.98363]",
644,"[5.95,2.031287,4.16482]",
645,"[5.949999,2.01017,3.918825]",
646,"[5.95,1.97433,3.574759]",
647,"[5.95,1.888795,3.097934]",
648,"[5.531155,1.869698,2.976989]",
649,"[5.95,1.809809,2.591887]",
650,"[5.655198,1.80905,2.554828]",
651,"[5.95,1.779108,2.290436]",
652,"[5.618687,1.757349,2.106991]",
653,"[5.95,1.718382,1.729198]",
654,"[5.685,1.725797,1.66435]",
655,"[5.95,1.686155,1.221974]",
656,"[5.95,1.679944,1.183568]",
657,"[5.95,1.678811,1.205605]",
658,"[5.95,1.677623,1.204594]",
659,"[5.57798,1.714785,1.636101]",
660,"[5.577537,1.714738,1.648786]",
661,"[5.775478,1.696255,1.66751]",
662,"[5.780761,1.693788,1.667694]",
663,"[5.95,1.664824,1.71129]",
664,"[5.576479,1.711673,2.104524]",
665,"[5.615946,1.707536,2.106895]",
666,"[5.834542,1.697515,2.114529]",
667,"[5.862251,1.694863,2.115496]",
668,"[5.880857,1.690641,2.116146]",
669,"[5.668325,1.608744,2.108724]",
670,"[5.636794,1.592656,2.107623]",
671,"[5.595275,1.557296,2.114107]",
672,"[5.594961,1.540515,2.115017]",
673,"[5.593874,1.530014,2.118165]",
674,"[5.59332,1.517111,2.137852]",
675,"[5.59332,1.512614,2.148373]",
676,"[5.59332,1.507092,2.169382]",
677,"[5.59332,1.507644,2.179664]",
678,"[5.59332,1.508186,2.189749]",
679,"[5.59332,1.51022,2.207161]",
680,"[5.59332,1.511802,2.216863]",
681,"[5.59332,1.512559,2.221744]",
682,"[5.59332,1.512522,2.222245]",
683,"[5.59332,1.512229,2.223394]",
684,"[5.59332,1.511225,2.22589]",
685,"[5.59332,1.510823,2.227088]",
686,"[5.59332,1.510697,2.22672]",
687,"[5.59332,1.510732,2.226821]",
688,"[5.59332,1.511634,2.230118]",
689,"[5.577876,1.515821,2.257092]",
690,"[5.57596,1.516653,2.27515]",
691,"[5.613248,1.491561,2.553363]",
692,"[5.579936,1.501084,2.582759]",
693,"[5.781861,1.441429,2.559251]",
694,"[5.791918,1.438068,2.559602]",
695,"[5.816933,1.429655,2.560475]",
696,"[5.818606,1.428446,2.560534]",
697,"[5.819549,1.426178,2.560567]",
698,"[5.818599,1.425241,2.560534]",
699,"[5.812895,1.425473,2.560334]",
700,"[5.803312,1.424825,2.56]",
701,"[5.795346,1.42556,2.559721]",
702,"[5.78194,1.426327,2.559253]",
703,"[5.777125,1.426345,2.559085]",
704,"[5.768562,1.426039,2.558786]",
705,"[5.764613,1.425872,2.558648]",
706,"[5.750762,1.425765,2.558165]",
707,"[5.740484,1.426041,2.557806]",
708,"[5.732965,1.425933,2.557543]",
709,"[5.568158,1.263413,2.45079]",
710,"[5.567039,1.239954,2.435471]",
711,"[5.950001,0.9866466,2.23852]",
712,"[5.950001,0.9726533,2.230519]",
713,"[5.950001,0.9583938,2.223104]",
714,"[5.950001,0.937875,2.214754]",
715,"[5.950001,0.9297057,2.212431]",
716,"[5.950001,0.912673,2.208383]",
717,"[5.7427,1.028544,2.303055]",
718,"[5.704224,1.024028,2.320654]",
719,"[5.680943,1.020917,2.332782]",
720,"[5.700983,0.9843143,2.32544]",
721,"[5.632359,0.9789032,2.381068]",
722,"[5.596424,0.9799325,2.40649]",
723,"[5.804946,0.6622184,2.561852]",
724,"[5.644453,0.7800756,2.624111]",
725,"[5.612459,0.7800756,2.658074]",
726,"[5.609706,0.7800756,2.664593]",
727,"[5.598376,0.7800756,2.67779]",
728,"[5.591181,0.7800756,2.683206]",
729,"[5.587379,0.7800756,2.684741]",
730,"[5.576019,0.7758779,2.688782]",
731,"[5.576019,0.7735315,2.688827]",
732,"[5.576019,0.7698635,2.666872]",
733,"[5.576019,0.7681389,2.658384]",
734,"[5.605963,0.7454951,2.264166]",
735,"[5.596,0.7485681,2.248636]",
736,"[5.686305,0.6622185,2.148139]",
737,"[5.679919,0.6622186,2.132882]",
738,"[5.670719,0.6622186,2.123727]",
739,"[5.660323,0.6622185,2.109965]",
740,"[5.659179,0.6628062,2.108405]",
741,"[5.64948,0.6675823,2.108066]",
742,"[5.646502,0.6706048,2.107962]",
743,"[5.636306,0.6739867,2.107606]",
744,"[5.633914,0.6747456,2.107523]",
745,"[5.630679,0.6753587,2.10741]",
746,"[5.630175,0.6755643,2.107392]",
747,"[5.629804,0.6799004,2.107379]",
748,"[5.633231,0.6903681,2.107499]",
749,"[5.63554,0.6950912,2.107579]",
750,"[5.64119,0.7058669,2.107777]",
751,"[5.643744,0.7125155,2.107866]",
752,"[5.644464,0.7315314,2.107891]",
753,"[5.643046,0.7429728,2.107841]",
754,"[5.624534,0.7273914,1.918633]",
755,"[5.624534,0.717069,1.834433]",
756,"[5.624534,0.7143548,1.809721]",
757,"[5.624534,0.7079673,1.779169]",
758,"[5.624534,0.7039346,1.765024]",
759,"[5.624534,0.6932523,1.74676]",
760,"[5.624534,0.6854895,1.73894]",
761,"[5.624534,0.6754391,1.729552]",
762,"[5.612216,0.6622183,1.722665]",
763,"[5.596631,0.6622185,1.726692]",
764,"[5.592116,0.647267,1.717351]",
765,"[5.592325,0.6367731,1.71137]",
766,"[5.593251,0.622529,1.70256]",
767,"[5.582932,0.5587041,1.684725]",
768,"[5.583519,0.5143379,1.667918]",
769,"[5.577518,0.4551644,1.649328]",
770,"[5.577999,0.4227862,1.635556]",
771,"[5.717978,0.2080023,1.476214]",
772,"[5.71554,0.1859841,1.476214]",
773,"[5.71102,0.1478047,1.476214]",
774,"[5.709363,0.135841,1.476214]",
775,"[5.702066,0.1280262,1.476214]",
776,"[5.696002,0.1294554,1.476214]",
777,"[5.695848,0.1354021,1.476214]",
778,"[5.683228,0.1340234,1.476214]",
779,"[5.68061,0.1268238,1.476214]",
780,"[5.674496,0.113778,1.476214]",
781,"[5.671372,0.1095147,1.476214]",
782,"[5.667069,0.1129909,1.476214]",
783,"[5.661565,0.1129767,1.476214]",
784,"[5.660523,0.1169597,1.476214]",
785,"[5.662116,0.1223895,1.476214]",
786,"[5.664576,0.124493,1.476214]",
787,"[5.674328,0.1358796,1.476214]",
788,"[5.679807,0.142987,1.476214]",
789,"[5.699482,0.1562771,1.476214]",
790,"[5.71296,0.1590803,1.476214]",
791,"[5.577982,0.3518114,1.636035]",
792,"[5.577401,0.370145,1.65266]",
793,"[5.582423,0.3781905,1.660768]",
794,"[5.582878,0.4104924,1.686281]",
795,"[5.582495,0.4241234,1.697248]",
796,"[5.581575,0.4527706,1.723592]",
797,"[5.581177,0.4640816,1.735003]",
798,"[5.580448,0.4858023,1.755889]",
799,"[5.580075,0.4965563,1.766548]",
800,"[5.579723,0.5055071,1.776643]",
801,"[5.579068,0.5227754,1.795387]",
802,"[5.578836,0.5279532,1.802028]",
803,"[5.578422,0.536965,1.8139]",
804,"[5.578286,0.5405269,1.817786]",
805,"[5.578178,0.5464308,1.820871]",
806,"[5.578188,0.5485657,1.820592]",
807,"[5.578184,0.552195,1.820698]",
808,"[5.578178,0.5536042,1.820879]",
809,"[5.578177,0.554624,1.820907]",
810,"[5.578209,0.5555519,1.819993]",
811,"[5.578254,0.5554231,1.818699]",
812,"[5.578417,0.553432,1.814021]",
813,"[5.578511,0.5519095,1.811347]",
814,"[5.578691,0.5485646,1.806202]",
815,"[5.5787,0.5485212,1.805928]",
816,"[5.578694,0.5493791,1.806095]",
817,"[5.578627,0.5550309,1.808029]",
818,"[5.578568,0.5595231,1.809715]",
819,"[5.578409,0.5712134,1.814253]",
820,"[5.578308,0.5765718,1.817167]",
821,"[5.578127,0.5867285,1.822343]",
822,"[5.57803,0.589322,1.825122]",
823,"[5.577828,0.5948634,1.830893]",
824,"[5.577714,0.5984256,1.834155]",
825,"[5.577576,0.6033785,1.838116]",
826,"[5.577366,0.6152171,1.844141]",
827,"[5.57729,0.6207885,1.846324]",
828,"[5.591739,0.622529,1.842364]",
829,"[5.588448,0.6302726,1.846056]",
830,"[5.587476,0.6440614,1.850243]",
831,"[5.587377,0.6556427,1.853061]",
832,"[5.597772,0.6622185,1.85064]",
833,"[5.624534,0.6931254,1.848744]",
834,"[5.624534,0.9001708,1.941388]",
835,"[5.678061,1.064747,1.981407]",
836,"[5.714422,1.108935,1.981407]",
837,"[5.580151,1.26087,2.06896]",
838,"[5.575073,1.306439,2.080998]",
839,"[5.574955,1.32048,2.084371]",
840,"[5.574828,1.363475,2.088014]",
841,"[5.574803,1.3911,2.088722]",
842,"[5.574497,1.458131,2.097467]",
843,"[5.575252,1.492137,2.103184]",
844,"[5.600866,1.562512,2.107832]",
845,"[5.623471,1.597111,2.107158]",
846,"[5.643456,1.632109,2.107856]",
847,"[5.628997,1.64262,2.107351]",
848,"[5.622293,1.654937,2.107117]",
849,"[5.610053,1.669396,2.106689]",
850,"[5.611121,1.689753,2.106727]",
851,"[5.613836,1.698147,2.106822]",
852,"[5.627444,1.716552,2.107297]",
853,"[5.671733,1.768241,2.108843]",
854,"[5.57581,1.897041,2.198919]",
855,"[5.576507,1.933904,2.214885]",
856,"[5.582517,2.113397,2.352536]",
857,"[5.583141,2.128234,2.366833]",
858,"[5.583887,2.144158,2.383903]",
859,"[5.584261,2.139314,2.392475]",
860,"[5.584735,2.124282,2.403337]",
861,"[5.58487,2.116944,2.406429]",
862,"[5.584977,2.11266,2.408877]",
863,"[5.584784,2.099422,2.404446]",
864,"[5.584591,2.09138,2.400043]",
865,"[5.58425,2.079404,2.392235]",
866,"[5.584096,2.075508,2.388697]",
867,"[5.583904,2.071744,2.384295]",
868,"[5.583794,2.069384,2.381778]",
869,"[5.583657,2.063755,2.378638]",
870,"[5.583627,2.061963,2.377961]",
871,"[5.58362,2.059381,2.377794]",
872,"[5.583666,2.052895,2.378843]",
873,"[5.583728,2.049065,2.380279]",
874,"[5.608872,2.043142,2.576874]",
875,"[5.608872,2.04227,2.592385]",
876,"[5.608872,2.045705,2.675612]",
877,"[5.608872,2.046567,2.691571]",
878,"[5.608872,2.047121,2.703475]",
879,"[5.608872,2.047065,2.717185]",
880,"[5.608872,2.046711,2.721612]",
881,"[5.608872,2.047855,2.728153]",
882,"[5.608872,2.048377,2.730322]",
883,"[5.608872,2.049186,2.734642]",
884,"[5.608872,2.049236,2.735326]",
885,"[5.608872,2.049191,2.736077]",
886,"[5.608872,2.049092,2.736247]",
887,"[5.608872,2.049043,2.736479]",
888,"[5.608872,2.048836,2.737539]",
889,"[5.608872,2.048904,2.738249]",
890,"[5.608872,2.048804,2.739348]",
891,"[5.608872,2.048683,2.73969]",
892,"[5.608872,2.048238,2.739831]",
893,"[5.608872,2.048074,2.739448]",
894,"[5.608872,1.980584,2.576552]",
895,"[5.559581,1.96243,2.548818]",
896,"[5.559229,1.958265,2.534704]",
897,"[5.591202,1.956136,2.510915]",
898,"[5.589155,1.95461,2.504564]",
899,"[5.588774,1.952923,2.495835]",
900,"[5.588627,1.952292,2.492478]",
901,"[5.588416,1.951476,2.48763]",
902,"[5.588056,1.949423,2.479383]",
903,"[5.587896,1.948274,2.475728]",
904,"[5.587618,1.946111,2.469364]",
905,"[5.58749,1.945046,2.466431]",
906,"[5.58366,2.001154,2.378704]",
907,"[5.58313,2.009098,2.366586]",
908,"[5.582793,2.01412,2.358864]",
909,"[5.582403,2.020388,2.349928]",
910,"[5.582264,2.022921,2.346747]",
911,"[5.582085,2.026322,2.342633]",
912,"[5.582021,2.027554,2.341173]",
913,"[5.581954,2.029107,2.339647]",
914,"[5.581928,2.02966,2.339042]",
915,"[5.581884,2.030509,2.338036]",
916,"[5.581863,2.030834,2.337552]",
917,"[5.581842,2.031086,2.337085]",
918,"[5.581675,2.030474,2.333246]",
919,"[5.581597,2.030118,2.331461]",
920,"[5.581449,2.029554,2.328061]",
921,"[5.581353,2.029984,2.325867]",
922,"[5.581173,2.030515,2.321758]",
923,"[5.581075,2.030541,2.319505]",
924,"[5.580841,2.030534,2.314145]",
925,"[5.580718,2.03032,2.311333]",
926,"[5.580638,2.029852,2.309502]",
927,"[5.580462,2.028791,2.305478]",
928,"[5.580372,2.028265,2.303407]",
929,"[5.580206,2.027508,2.299614]",
930,"[5.580133,2.027284,2.297925]",
931,"[5.579976,2.026624,2.294327]",
932,"[5.572495,1.914942,2.122978]",
933,"[5.571728,1.903987,2.105421]",
934,"[5.676105,1.880798,2.00062]",
935,"[5.882365,1.869813,1.857431]",
936,"[5.581916,1.858428,2.009442]",
937,"[5.582198,1.855171,2.001382]",
938,"[5.582596,1.851124,1.989975]",
939,"[5.582716,1.849737,1.986542]",
940,"[5.582837,1.848356,1.983071]",
941,"[5.582965,1.846506,1.979404]",
942,"[5.583037,1.845531,1.977341]",
943,"[5.583195,1.843422,1.972833]",
944,"[5.583263,1.842401,1.970872]",
945,"[5.583403,1.840439,1.966884]",
946,"[5.583429,1.839879,1.96613]",
947,"[5.583467,1.839059,1.965052]",
948,"[5.583481,1.838703,1.964628]",
949,"[5.583491,1.838532,1.964348]",
950,"[5.58352,1.838108,1.963501]",
951,"[5.583527,1.837708,1.963313]",
952,"[5.583091,1.831563,2.022581]",
953,"[5.95,1.817334,1.838986]",
954,"[5.95,1.772701,2.155006]",
955,"[5.95,1.767054,2.187858]",
956,"[5.95,1.763358,2.206474]",
957,"[5.95,1.757094,2.227655]",
958,"[5.95,1.753772,2.234803]",
959,"[5.95,1.74694,2.246237]",
960,"[5.95,1.742701,2.252239]",
961,"[5.95,1.685266,2.348313]",
962,"[5.95,1.671243,2.36794]",
963,"[5.560727,1.646157,2.587463]",
964,"[5.536998,1.640153,2.605778]",
965,"[5.533509,1.634238,2.615411]",
966,"[5.536656,1.625212,2.624238]",
967,"[5.537117,1.623888,2.625778]",
968,"[5.53833,1.620412,2.628986]",
969,"[5.538254,1.620629,2.629276]",
970,"[5.53826,1.62061,2.630002]",
971,"[5.53827,1.620584,2.630299]",
972,"[5.538416,1.620165,2.630705]",
973,"[5.538795,1.619078,2.631856]",
974,"[5.538893,1.618798,2.632577]",
975,"[5.539519,1.617,2.634961]",
976,"[5.539858,1.616028,2.635411]",
977,"[5.54004,1.615506,2.636036]",
978,"[5.540308,1.61474,2.636553]",
979,"[5.541267,1.611986,2.637881]",
980,"[5.541941,1.610055,2.638752]",
981,"[5.564772,1.544577,2.602674]",
982,"[5.756356,1.448424,2.55836]",
983,"[5.708102,1.451215,2.556675]",
984,"[5.636685,1.463875,2.554181]",
985,"[5.615423,1.466637,2.553439]",
986,"[5.594604,1.471137,2.552711]",
987,"[5.585097,1.473237,2.55238]",
988,"[5.578219,1.474545,2.552139]",
989,"[5.565285,1.478256,2.551688]",
990,"[5.560013,1.479203,2.549963]",
991,"[5.559142,1.478202,2.547049]",
992,"[5.558845,1.478371,2.545851]",
993,"[5.558894,1.478284,2.5443]",
994,"[5.558917,1.478057,2.543649]",
995,"[5.558937,1.477728,2.543075]",
996,"[5.55897,1.476921,2.542112]",
997,"[5.558995,1.476567,2.541392]",
998,"[5.559033,1.476005,2.540313]",
999,"[5.559049,1.475799,2.539869]",
1000,"[5.55907,1.475405,2.539244]",
1001,"[5.559085,1.475224,2.538813]",
1002,"[5.559114,1.475219,2.537978]",
1003,"[5.55913,1.475192,2.537551]",
1004,"[5.559144,1.475132,2.537121]",
1005,"[5.559207,1.475371,2.535321]",
1006,"[5.559254,1.475797,2.533976]",
1007,"[5.559361,1.477708,2.530909]",
1008,"[5.559418,1.478594,2.529285]",
1009,"[5.64158,1.454696,2.505306]",
1010,"[5.601999,1.390144,2.370295]",
1011,"[5.598439,1.371306,2.332421]",
1012,"[5.57596,1.364322,2.277505]",
1013,"[5.582653,1.355458,2.249691]",
1014,"[5.59332,1.38038,2.168636]",
1015,"[5.59332,1.399009,2.148372]",
1016,"[5.59332,1.42164,2.124359]",
1017,"[5.59332,1.429803,2.122765]",
1018,"[5.594629,1.452676,2.115978]",
1019,"[5.595968,1.461738,2.112099]",
1020,"[5.599654,1.467967,2.106976]",
1021,"[5.593819,1.479355,2.106122]",
1022,"[5.592398,1.481675,2.106073]",
1023,"[5.590475,1.484127,2.106006]",
1024,"[5.590236,1.484385,2.105997]",
1025,"[5.589073,1.484864,2.105957]",
1026,"[5.588432,1.484788,2.105934]",
1027,"[5.588768,1.484177,2.105946]",
1028,"[5.588751,1.484023,2.105946]",
1029,"[5.588972,1.483955,2.105953]",
1030,"[5.589956,1.483889,2.105988]",
1031,"[5.590407,1.483844,2.106003]",
1032,"[5.59145,1.483496,2.10604]",
1033,"[5.591953,1.483267,2.106057]",
1034,"[5.59233,1.483045,2.106071]",
1035,"[5.592882,1.482547,2.10609]",
1036,"[5.593157,1.48221,2.1061]",
1037,"[5.594943,1.48109,2.106162]",
1038,"[5.596334,1.480326,2.10621]",
1039,"[5.597728,1.478384,2.109456]",
1040,"[5.5959,1.478266,2.112297]",
1041,"[5.594504,1.47752,2.11634]",
1042,"[5.593689,1.477178,2.118702]",
1043,"[5.59332,1.4767,2.12073]",
1044,"[5.59332,1.475708,2.124056]",
1045,"[5.59332,1.475241,2.125693]",
1046,"[5.59332,1.474797,2.129606]",
1047,"[5.59332,1.475798,2.133122]",
1048,"[5.59332,1.499726,2.194029]",
1049,"[5.59332,1.507742,2.215373]",
1050,"[5.59332,1.515557,2.238821]",
1051,"[5.581542,1.521022,2.251121]",
1052,"[5.577624,1.523428,2.25782]",
1053,"[5.57596,1.525509,2.265791]",
1054,"[5.57596,1.525821,2.26718]",
1055,"[5.57596,1.526238,2.26914]",
1056,"[5.57596,1.52643,2.269877]",
1057,"[5.57596,1.527713,2.271321]",
1058,"[5.57596,1.528179,2.271837]",
1059,"[5.57596,1.529198,2.27187]",
1060,"[5.57596,1.530854,2.271757]",
1061,"[5.57596,1.531742,2.27162]",
1062,"[5.57596,1.53321,2.2712]",
1063,"[5.57596,1.53385,2.270942]",
1064,"[5.57596,1.535692,2.27022]",
1065,"[5.57596,1.536437,2.269806]",
1066,"[5.57596,1.536775,2.26947]",
1067,"[5.57596,1.537361,2.268785]",
1068,"[5.57596,1.53761,2.268399]",
1069,"[5.57596,1.537856,2.267694]",
1070,"[5.57596,1.53799,2.267158]",
1071,"[5.57596,1.538151,2.265568]",
1072,"[5.57596,1.538229,2.265045]",
1073,"[5.57596,1.538356,2.263853]",
1074,"[5.57596,1.538382,2.263139]",
1075,"[5.576135,1.538261,2.262136]",
1076,"[5.577106,1.537807,2.25932]",
1077,"[5.577763,1.537256,2.257419]",
1078,"[5.580413,1.535439,2.252575]",
1079,"[5.594054,1.530185,2.242579]",
1080,"[5.59332,1.527512,2.235185]",
1081,"[5.59332,1.526098,2.231491]",
1082,"[5.59332,1.525802,2.229138]",
1083,"[5.59332,1.524932,2.224374]",
1084,"[5.59332,1.525005,2.222347]",
1085,"[5.59332,1.524708,2.219441]",
1086,"[5.59332,1.524475,2.218683]",
1087,"[5.59332,1.524244,2.217278]",
1088,"[5.59332,1.524341,2.216891]",
1089,"[5.59332,1.524426,2.216674]",
1090,"[5.59332,1.524717,2.216431]",
1091,"[5.59332,1.524903,2.216158]",
1092,"[5.59332,1.525148,2.215419]",
1093,"[5.59332,1.525185,2.214936]",
1094,"[5.59332,1.524999,2.214053]",
1095,"[5.59332,1.524584,2.213438]",
1096,"[5.59332,1.524318,2.213607]",
1097,"[5.59332,1.524032,2.213808]",
1098,"[5.59332,1.523211,2.214391]",
1099,"[5.59332,1.522773,2.214747]",
1100,"[5.59332,1.522044,2.215146]",
1101,"[5.59332,1.52119,2.215686]",
1102,"[5.59332,1.520408,2.215934]",
1103,"[5.59332,1.519176,2.21643]",
1104,"[5.59332,1.518829,2.216717]",
1105,"[5.59332,1.51869,2.218285]",
1106,"[5.59332,1.518848,2.219518]",
1107,"[5.59332,1.519383,2.22083]",
1108,"[5.59332,1.519582,2.223078]",
1109,"[5.59332,1.520419,2.224592]",
1110,"[5.59332,1.521222,2.22686]",
1111,"[5.59332,1.521428,2.227979]",
1112,"[5.59332,1.521873,2.22908]",
1113,"[5.59332,1.522086,2.229295]",
1114,"[5.59332,1.522195,2.22947]",
1115,"[5.59332,1.522202,2.229705]",
1116,"[5.59332,1.522158,2.22977]",
1117,"[5.59332,1.522347,2.230247]",
1118,"[5.59332,1.522587,2.230649]",
1119,"[5.59332,1.525256,2.238676]",
1120,"[5.593615,1.526089,2.241174]",
1121,"[5.582687,1.530849,2.249647]",
1122,"[5.582687,1.530849,2.249647]",
1123,"[5.579816,1.532867,2.253344]",
1124,"[5.578145,1.535119,2.256312]",
1125,"[5.577523,1.536957,2.258115]",
1126,"[5.576848,1.539761,2.260071]",
1127,"[5.57671,1.540232,2.260468]",
1128,"[5.576593,1.540678,2.260806]",
1129,"[5.576499,1.54133,2.261079]",
1130,"[5.576485,1.541592,2.26112]",
1131,"[5.576468,1.541992,2.261168]",
1132,"[5.576376,1.542101,2.261436]",
1133,"[5.576285,1.542231,2.2617]",
1134,"[5.576056,1.542555,2.262363]",
1135,"[5.57596,1.542738,2.262642]",
1136,"[5.57596,1.54291,2.262856]",
1137,"[5.57596,1.543144,2.263227]",
1138,"[5.57596,1.543314,2.263498]",
1139,"[5.57596,1.543323,2.2637]",
1140,"[5.57596,1.543249,2.263958]",
1141,"[5.57596,1.543118,2.264507]",
1142,"[5.57596,1.543074,2.264745]",
1143,"[5.57596,1.543037,2.265088]",
1144,"[5.57596,1.54301,2.265624]",
1145,"[5.57596,1.543022,2.265844]",
1146,"[5.57596,1.543238,2.266362]",
1147,"[5.57596,1.54337,2.266596]",
1148,"[5.57596,1.54367,2.267117]",
1149,"[5.57596,1.543851,2.267473]",
1150,"[5.57596,1.544071,2.267911]",
1151,"[5.57596,1.544443,2.26853]",
1152,"[5.57596,1.544542,2.268836]",
1153,"[5.547205,1.551985,2.280852]",
1154,"[5.49837,1.564102,2.299897]",
1155,"[5.354866,1.599839,2.355941]",
1156,"[5.354706,1.599762,2.356395]",
1157,"[5.354686,1.599561,2.356787]",
1158,"[5.3548,1.599118,2.357586]",
1159,"[5.354654,1.59907,2.357598]",
1160,"[5.354323,1.598891,2.35792]",
1161,"[5.354137,1.598801,2.358181]",
1162,"[5.622606,1.530979,2.254216]",
1163,"[5.622865,1.530716,2.254216]",
1164,"[5.623235,1.530125,2.254216]",
1165,"[5.623295,1.529971,2.254216]",
1166,"[5.623493,1.529768,2.254216]",
1167,"[5.623939,1.529371,2.254216]",
1168,"[5.624259,1.529144,2.254216]",
1169,"[5.625143,1.52876,2.254216]",
1170,"[5.625781,1.528565,2.254216]",
1171,"[5.626893,1.528244,2.254216]",
1172,"[5.62729,1.528127,2.254216]",
1173,"[5.627804,1.528005,2.254216]",
1174,"[5.62883,1.527874,2.254216]",
1175,"[5.629216,1.527909,2.254216]",
1176,"[5.343963,1.600197,2.365295]",
1177,"[5.34293,1.600414,2.365834]",
1178,"[5.341527,1.600593,2.366679]",
1179,"[5.340966,1.600603,2.367034]",
1180,"[5.339258,1.600412,2.36779]",
1181,"[5.632003,1.525722,2.254216]",
1182,"[5.631665,1.525326,2.254216]",
1183,"[5.630911,1.524682,2.254216]",
1184,"[5.6306,1.524395,2.254216]",
1185,"[5.32099,1.602767,2.374369]",
1186,"[5.316723,1.603513,2.375817]",
1187,"[5.309717,1.604569,2.378057]",
1188,"[5.306931,1.604814,2.378652]",
1189,"[5.303557,1.605386,2.378053]",
1190,"[5.294696,1.608406,2.373057]",
1191,"[5.290381,1.610396,2.369038]",
1192,"[5.283221,1.613009,2.365561]",
1193,"[5.281234,1.613655,2.36452]",
1194,"[5.278378,1.614484,2.36261]",
1195,"[5.276962,1.614844,2.362428]",
1196,"[5.276266,1.615012,2.361598]",
1197,"[5.276939,1.61487,2.360909]",
1198,"[5.278296,1.614562,2.360068]",
1199,"[5.59332,1.535277,2.223605]",
1200,"[5.59332,1.535407,2.223101]",
1201,"[5.59332,1.536088,2.22144]",
1202,"[5.59332,1.536949,2.219998]",
1203,"[5.59332,1.538573,2.21778]",
1204,"[5.59332,1.5394,2.216443]",
1205,"[5.59332,1.540097,2.215497]",
1206,"[5.59332,1.541144,2.214462]",
1207,"[5.59332,1.541249,2.214262]",
1208,"[5.59332,1.541444,2.214104]",
1209,"[5.59332,1.541554,2.21411]",
1210,"[5.59332,1.541695,2.213823]",
1211,"[5.59332,1.541755,2.213632]",
1212,"[5.59332,1.541828,2.213519]",
1213,"[5.59332,1.541979,2.213196]",
1214,"[5.59332,1.54179,2.213021]",
1215,"[5.59332,1.541255,2.21242]",
1216,"[5.59332,1.540906,2.21201]",
1217,"[5.59332,1.540553,2.211582]",
1218,"[5.59332,1.540391,2.211457]",
1219,"[5.59332,1.518929,2.220564]",
1220,"[5.59332,1.512522,2.223209]",
1221,"[5.59332,1.506498,2.225965]",
1222,"[5.59332,1.498123,2.230252]",
1223,"[5.59332,1.495083,2.231955]",
1224,"[5.59332,1.489616,2.233703]",
1225,"[5.59332,1.487629,2.234093]",
1226,"[5.59332,1.484015,2.234496]",
1227,"[5.59332,1.482429,2.234348]",
1228,"[5.59332,1.480209,2.233846]",
1229,"[5.59332,1.478609,2.233435]",
1230,"[5.59332,1.47713,2.232836]",
1231,"[5.59332,1.474547,2.231492]",
1232,"[5.59332,1.473208,2.230534]",
1233,"[5.59332,1.470899,2.228039]",
1234,"[5.59332,1.46973,2.226439]",
1235,"[5.59332,1.467724,2.224015]",
1236,"[5.59332,1.466716,2.222929]",
1237,"[5.59332,1.465644,2.221501]",
1238,"[5.59332,1.464621,2.219594]",
1239,"[5.59332,1.465672,2.219742]",
1240,"[5.59332,1.478749,2.22272]",
1241,"[5.59332,1.48477,2.223811]",
1242,"[5.59332,1.492057,2.224247]",
1243,"[5.59332,1.495513,2.223946]",
1244,"[5.59332,1.500803,2.222551]",
1245,"[5.59332,1.502633,2.221542]",
1246,"[5.59332,1.506122,2.221765]",
1247,"[5.59332,1.508896,2.221522]",
1248,"[5.59332,1.511107,2.220946]",
1249,"[5.59332,1.513411,2.221121]",
1250,"[5.59332,1.5145,2.220862]",
1251,"[5.59332,1.516455,2.220511]",
1252,"[5.59332,1.517392,2.221032]",
1253,"[5.59332,1.518121,2.221316]",
1254,"[5.59332,1.519682,2.222095]",
1255,"[5.59332,1.520538,2.22256]",
1256,"[5.59332,1.523004,2.225377]",
1257,"[5.59332,1.523978,2.226969]",
1258,"[5.59332,1.525596,2.229513]",
1259,"[5.59332,1.526056,2.230998]",
1260,"[5.59332,1.526383,2.232152]",
1261,"[5.59332,1.526826,2.235229]",
1262,"[5.59332,1.526875,2.236603]",
1263,"[5.59332,1.526834,2.239532]",
1264,"[5.5934,1.526754,2.240487]",
1265,"[5.593752,1.526361,2.241613]",
1266,"[5.593849,1.52603,2.241924]",
1267,"[5.593973,1.525174,2.242321]",
1268,"[5.594,1.524732,2.242405]",
1269,"[5.579755,1.516003,2.253423]",
1270,"[5.577154,1.501987,2.259182]",
1271,"[5.57608,1.497362,2.262295]",
1272,"[5.57596,1.489964,2.266392]",
1273,"[5.57596,1.486573,2.268423]",
1274,"[5.57596,1.482441,2.271664]",
1275,"[5.57596,1.481101,2.272862]",
1276,"[5.57596,1.479711,2.276187]",
1277,"[5.57596,1.479432,2.27867]",
1278,"[5.57596,1.479387,2.281184]",
1279,"[5.57596,1.480066,2.285459]",
1280,"[5.57596,1.480619,2.287166]",
1281,"[5.57596,1.481791,2.289757]",
1282,"[5.57596,1.482368,2.290657]",
1283,"[5.57596,1.483016,2.291502]",
1284,"[5.57596,1.48384,2.292432]",
1285,"[5.57596,1.483995,2.292641]",
1286,"[5.57596,1.484262,2.29341]",
1287,"[5.57596,1.484373,2.293675]",
1288,"[5.57596,1.477278,2.301749]",
1289,"[5.57596,1.473434,2.304877]",
1290,"[5.57596,1.468427,2.308684]",
1291,"[5.57596,1.466371,2.310061]",
1292,"[5.57596,1.463064,2.311997]",
1293,"[5.57596,1.461828,2.3127]",
1294,"[5.57596,1.460871,2.313243]",
1295,"[5.57596,1.459313,2.314342]",
1296,"[5.57596,1.4588,2.31479]",
1297,"[5.57596,1.458254,2.3153]",
1298,"[5.57596,1.457285,2.316834]",
1299,"[5.57596,1.456486,2.317682]",
1300,"[5.57596,1.455438,2.318748]",
1301,"[5.57596,1.455048,2.319142]",
1302,"[5.576049,1.454531,2.319642]",
1303,"[5.576104,1.454356,2.319818]",
1304,"[5.576231,1.454007,2.320225]",
1305,"[5.576316,1.45381,2.3205]",
1306,"[5.576583,1.453719,2.321355]",
1307,"[5.576903,1.453966,2.322378]",
1308,"[5.57721,1.454405,2.323362]",
1309,"[5.577879,1.455777,2.325504]",
1310,"[5.578227,1.456586,2.326616]",
1311,"[5.579915,1.458492,2.329164]",
1312,"[5.581255,1.459689,2.330709]",
1313,"[5.580359,1.466969,2.329675]",
1314,"[5.576219,1.501444,2.320187]",
1315,"[5.57596,1.516123,2.316425]",
1316,"[5.57596,1.533978,2.314022]",
1317,"[5.57596,1.539471,2.314464]",
1318,"[5.57596,1.547861,2.316895]",
1319,"[5.57596,1.549509,2.318015]",
1320,"[5.440097,1.58781,2.372599]",
1321,"[5.433893,1.590121,2.375369]",
1322,"[5.577027,1.554724,2.322776]",
1323,"[5.577204,1.554877,2.323342]",
1324,"[5.577242,1.554919,2.323462]",
1325,"[5.577387,1.555109,2.323927]",
1326,"[5.577316,1.55511,2.3237]",
1327,"[5.577116,1.555191,2.323057]",
1328,"[5.577009,1.555257,2.322716]",
1329,"[5.576741,1.555454,2.32186]",
1330,"[5.576555,1.555646,2.321262]",
1331,"[5.576325,1.555907,2.320529]",
1332,"[5.57596,1.556546,2.318404]",
1333,"[5.57596,1.556729,2.316811]",
1334,"[5.57596,1.556012,2.312445]",
1335,"[5.57596,1.555073,2.309432]",
1336,"[5.57596,1.552879,2.302865]",
1337,"[5.57596,1.55169,2.299141]",
1338,"[5.57596,1.539177,2.295749]",
1339,"[5.57596,1.487661,2.296103]",
1340,"[5.57596,1.462703,2.300565]",
1341,"[5.57596,1.440117,2.303548]",
1342,"[5.57596,1.432141,2.304113]",
1343,"[5.57596,1.420307,2.305239]",
1344,"[5.57596,1.414295,2.305513]",
1345,"[5.57596,1.403027,2.305462]",
1346,"[5.57596,1.396718,2.305149]",
1347,"[5.57596,1.394118,2.306534]",
1348,"[5.57596,1.388257,2.307893]",
1349,"[5.57596,1.38671,2.307488]",
1350,"[5.57596,1.40383,2.297957]",
1351,"[5.57596,1.414789,2.290902]",
1352,"[5.57596,1.430084,2.279156]",
1353,"[5.57596,1.433909,2.273871]",
1354,"[5.57596,1.437593,2.268589]",
1355,"[5.575964,1.441066,2.26263]",
1356,"[5.576815,1.441705,2.260164]",
1357,"[5.576974,1.44316,2.259704]",
1358,"[5.577372,1.443014,2.258552]",
1359,"[5.57596,1.437875,2.26959]",
1360,"[5.57596,1.425053,2.287014]",
1361,"[5.57596,1.413513,2.302995]",
1362,"[5.57596,1.411445,2.309632]",
1363,"[5.57596,1.409918,2.31507]",
1364,"[5.576886,1.408024,2.322325]",
1365,"[5.578086,1.406217,2.326168]",
1366,"[5.581735,1.402644,2.331262]",
1367,"[5.593261,1.396212,2.332421]",
1368,"[5.615076,1.385623,2.332421]",
1369,"[5.383889,1.466634,2.384753]",
1370,"[5.384582,1.465331,2.386358]",
1371,"[5.385632,1.463623,2.388952]",
1372,"[5.386153,1.462803,2.390217]",
1373,"[5.38763,1.461357,2.391365]",
1374,"[5.388578,1.460625,2.391496]",
1375,"[5.641008,1.36893,2.341051]",
1376,"[5.641008,1.36893,2.341051]",
1377,"[5.641524,1.368996,2.34109]",
1378,"[5.641442,1.369752,2.341469]",
1379,"[5.641414,1.370237,2.341616]",
1380,"[5.642109,1.370275,2.340523]",
1381,"[5.643194,1.369882,2.339525]",
1382,"[5.660613,1.363152,2.332421]",
1383,"[5.653115,1.365724,2.332421]",
1384,"[5.638943,1.371176,2.332421]",
1385,"[5.63203,1.373821,2.332421]",
1386,"[5.626184,1.375896,2.332421]",
1387,"[5.61915,1.37771,2.332421]",
1388,"[5.617162,1.37789,2.332421]",
1389,"[5.613931,1.378486,2.332421]",
1390,"[5.611825,1.379238,2.332421]",
1391,"[5.607201,1.381607,2.332421]",
1392,"[5.605163,1.383476,2.332421]",
1393,"[5.603814,1.385178,2.332421]",
1394,"[5.605996,1.386349,2.332421]",
1395,"[5.609969,1.385707,2.332421]",
1396,"[5.620616,1.384022,2.332421]",
1397,"[5.62389,1.384442,2.332421]",
1398,"[5.630873,1.386974,2.332421]",
1399,"[5.635334,1.387992,2.332421]",
1400,"[5.641605,1.388125,2.332421]",
1401,"[5.651058,1.385957,2.332421]",
1402,"[5.662295,1.379303,2.332421]",
1403,"[5.64147,1.382539,2.341321]",
1404,"[5.640739,1.379817,2.342822]",
1405,"[5.639596,1.37701,2.346148]",
1406,"[5.639656,1.376447,2.348432]",
1407,"[5.639836,1.421324,2.35537]",
1408,"[5.639893,1.434323,2.357563]",
1409,"[5.639944,1.444809,2.359539]",
1410,"[5.640014,1.45676,2.36223]",
1411,"[5.640046,1.461508,2.363436]",
1412,"[5.640101,1.469082,2.365606]",
1413,"[5.640125,1.471928,2.366509]",
1414,"[5.640162,1.474806,2.367932]",
1415,"[5.640139,1.475661,2.367026]",
1416,"[5.640128,1.478132,2.366617]",
1417,"[5.640132,1.478671,2.366764]",
1418,"[5.640148,1.479126,2.367374]",
1419,"[5.640163,1.478304,2.367991]",
1420,"[5.640188,1.477973,2.36892]",
1421,"[5.640258,1.475948,2.371651]",
1422,"[5.64059,1.459119,2.384477]",
1423,"[5.584582,1.461204,2.408403]",
1424,"[5.580461,1.457729,2.413791]",
1425,"[5.57932,1.454753,2.417644]",
1426,"[5.569714,1.453422,2.424381]",
1427,"[5.595188,1.442216,2.422068]",
1428,"[5.457414,1.489672,2.44668]",
1429,"[5.455801,1.489852,2.447292]",
1430,"[5.456851,1.489477,2.447451]",
1431,"[5.457365,1.489424,2.447368]",
1432,"[5.458941,1.489268,2.446947]",
1433,"[5.459771,1.489097,2.447007]",
1434,"[5.460764,1.48901,2.446033]",
1435,"[5.462717,1.489893,2.444406]",
1436,"[5.463454,1.491194,2.443677]",
1437,"[5.464057,1.495324,2.442689]",
1438,"[5.464281,1.497458,2.442429]",
1439,"[5.464698,1.499277,2.442723]",
1440,"[5.464823,1.49953,2.44271]",
1441,"[5.464875,1.499971,2.443065]",
1442,"[5.464574,1.502557,2.444945]",
1443,"[5.46428,1.505049,2.446603]",
1444,"[5.462917,1.51097,2.450563]",
1445,"[5.461835,1.514214,2.452869]",
1446,"[5.459059,1.517197,2.455662]",
1447,"[5.458051,1.517929,2.456111]",
1448,"[5.794086,1.407833,2.415824]",
1449,"[5.779324,1.415258,2.412254]",
1450,"[5.775289,1.418621,2.41121]",
1451,"[5.738513,1.432328,2.402908]",
1452,"[5.716946,1.441057,2.398065]",
1453,"[5.697009,1.449944,2.393461]",
1454,"[5.691843,1.451763,2.392249]",
1455,"[5.688588,1.452697,2.389531]",
1456,"[5.687602,1.45275,2.388333]",
1457,"[5.687356,1.452386,2.387254]",
1458,"[5.687105,1.451534,2.386149]",
1459,"[5.686753,1.450884,2.384558]",
1460,"[5.686547,1.448167,2.382354]",
1461,"[5.686641,1.446274,2.381767]",
1462,"[5.686978,1.441884,2.37988]",
1463,"[5.687175,1.440215,2.378871]",
1464,"[5.687426,1.438958,2.37767]",
1465,"[5.687997,1.437111,2.37503]",
1466,"[5.688302,1.436242,2.373635]",
1467,"[5.688815,1.434503,2.371257]",
1468,"[5.689063,1.433431,2.370085]",
1469,"[5.689459,1.431376,2.368178]",
1470,"[5.689662,1.430468,2.367219]",
1471,"[5.689687,1.433567,2.367421]",
1472,"[5.689862,1.441773,2.367483]",
1473,"[5.690012,1.446124,2.367272]",
1474,"[5.690261,1.45128,2.366711]",
1475,"[5.690409,1.453266,2.366275]",
1476,"[5.690805,1.456682,2.364908]",
1477,"[5.401968,1.546009,2.393355]",
1478,"[5.402817,1.548262,2.389975]",
1479,"[5.40508,1.54915,2.387359]",
1480,"[5.408235,1.549789,2.385862]",
1481,"[5.414468,1.550485,2.383137]",
1482,"[5.417494,1.54999,2.381209]",
1483,"[5.422754,1.549328,2.378411]",
1484,"[5.424726,1.549061,2.376713]",
1485,"[5.427741,1.54884,2.373431]",
1486,"[5.428836,1.548949,2.371911]",
1487,"[5.429661,1.549349,2.369816]",
1488,"[5.43082,1.549909,2.367577]",
1489,"[5.431488,1.55066,2.366224]",
1490,"[5.433066,1.551799,2.364167]",
1491,"[5.433724,1.55224,2.363599]",
1492,"[5.699875,1.478071,2.332421]",
1493,"[5.693764,1.480947,2.332421]",
1494,"[5.692633,1.482306,2.332421]",
1495,"[5.688618,1.485483,2.332421]",
1496,"[5.687764,1.486139,2.332421]",
1497,"[5.687397,1.486898,2.332421]",
1498,"[5.687483,1.487155,2.332421]",
1499,"[5.689086,1.486944,2.332421]",
1500,"[5.688838,1.487195,2.332421]",
1501,"[5.687835,1.487916,2.332421]",
1502,"[5.68562,1.489272,2.332421]",
1503,"[5.683295,1.490495,2.332421]",
1504,"[5.678239,1.49316,2.332421]",
1505,"[5.682232,1.496067,2.332421]",
1506,"[5.68308,1.498461,2.332421]",
1507,"[5.678777,1.504207,2.332421]",
1508,"[5.673891,1.507886,2.332421]",
1509,"[5.679117,1.509038,2.332421]",
1510,"[5.681668,1.512873,2.332421]",
1511,"[5.683781,1.514499,2.332421]",
1512,"[5.684412,1.517484,2.332421]",
1513,"[5.68365,1.518737,2.332421]",
1514,"[5.683559,1.519593,2.332421]",
1515,"[5.679245,1.522094,2.332421]",
1516,"[5.674332,1.524063,2.332421]",
1517,"[5.65691,1.530192,2.332421]",
1518,"[5.57596,1.550412,2.311963]",
1519,"[5.59332,1.538926,2.228195]",
1520,"[5.59332,1.53381,2.178347]",
1521,"[5.59332,1.53236,2.163649]",
1522,"[5.59332,1.53056,2.144235]",
1523,"[5.59332,1.529561,2.135968]",
1524,"[5.59332,1.527124,2.125363]",
1525,"[5.594063,1.524493,2.117617]",
1526,"[5.596071,1.521616,2.1118]",
1527,"[5.59471,1.518943,2.106153]",
1528,"[5.592403,1.51866,2.106073]",
1529,"[5.587023,1.51788,2.105885]",
1530,"[5.584074,1.517303,2.105782]",
1531,"[5.579716,1.51628,2.10563]",
1532,"[5.578782,1.51554,2.105597]",
1533,"[5.576496,1.513858,2.104535]",
1534,"[5.576474,1.513824,2.10452]",
1535,"[5.576304,1.513799,2.10441]",
1536,"[5.575317,1.51378,2.10345]",
1537,"[5.575047,1.513644,2.102358]",
1538,"[5.574728,1.512785,2.09086]",
1539,"[5.574907,1.512523,2.08574]",
1540,"[5.575386,1.51222,2.079213]",
1541,"[5.576031,1.512057,2.07722]",
1542,"[5.579165,1.511139,2.074601]",
1543,"[5.685764,1.479278,2.035673]",
1544,"[5.685442,1.479344,2.035673]",
1545,"[5.684722,1.479487,2.035673]",
1546,"[5.684499,1.479571,2.035673]",
1547,"[5.684722,1.47948,2.035673]",
1548,"[5.68513,1.479321,2.035673]",
1549,"[5.687509,1.478515,2.035673]",
1550,"[5.68843,1.478196,2.035673]",
1551,"[5.689306,1.478226,2.035673]",
1552,"[5.576228,1.512659,2.076612]",
1553,"[5.575962,1.513288,2.077432]",
1554,"[5.575512,1.514357,2.078824]",
1555,"[5.575269,1.51479,2.079573]",
1556,"[5.575086,1.515261,2.080612]",
1557,"[5.575066,1.515596,2.081197]",
1558,"[5.575039,1.515996,2.081953]",
1559,"[5.574975,1.516907,2.083807]",
1560,"[5.574935,1.517426,2.084947]",
1561,"[5.574817,1.518551,2.08831]",
1562,"[5.574739,1.519117,2.090534]",
1563,"[5.574649,1.518964,2.093116]",
1564,"[5.574593,1.518915,2.094751]",
1565,"[5.574454,1.51895,2.098724]",
1566,"[5.574718,1.518965,2.101036]",
1567,"[5.575259,1.518916,2.103214]",
1568,"[5.581539,1.516752,2.105694]",
1569,"[5.584606,1.515745,2.105801]",
1570,"[5.590759,1.514202,2.106016]",
1571,"[5.593398,1.513654,2.106108]",
1572,"[5.597463,1.512709,2.10625]",
1573,"[5.599051,1.512232,2.106305]",
1574,"[5.599616,1.511748,2.107025]",
1575,"[5.598946,1.511749,2.107888]",
1576,"[5.598623,1.511614,2.108303]",
1577,"[5.598263,1.511197,2.108768]",
1578,"[5.598195,1.510836,2.108855]",
1579,"[5.597935,1.510025,2.109189]",
1580,"[5.597729,1.509429,2.109454]",
1581,"[5.597978,1.507414,2.109134]",
1582,"[5.598111,1.506256,2.108962]",
1583,"[5.598594,1.504983,2.108341]",
1584,"[5.599184,1.503142,2.107581]",
1585,"[5.599377,1.502277,2.107332]",
1586,"[5.599741,1.501281,2.106864]",
1587,"[5.599887,1.500485,2.106676]",
1588,"[5.599429,1.499067,2.106318]",
1589,"[5.598972,1.49853,2.106302]",
1590,"[5.598523,1.497704,2.106287]",
1591,"[5.597075,1.49608,2.106236]",
1592,"[5.596331,1.494632,2.10621]",
1593,"[5.595242,1.492948,2.106172]",
1594,"[5.593265,1.492052,2.106103]",
1595,"[5.587471,1.48795,2.105901]",
1596,"[5.584592,1.485867,2.1058]",
1597,"[5.578806,1.48027,2.105598]",
1598,"[5.577297,1.476068,2.105055]",
1599,"[5.576396,1.473039,2.10447]",
1600,"[5.575181,1.465505,2.102899]",
1601,"[5.574979,1.464602,2.102084]",
1602,"[5.574571,1.464764,2.100439]",
1603,"[5.57443,1.465678,2.099411]",
1604,"[5.574525,1.466056,2.096669]",
1605,"[5.574607,1.465306,2.094317]",
1606,"[5.574699,1.464704,2.091689]",
1607,"[5.574826,1.461163,2.088066]",
1608,"[5.574869,1.457813,2.086823]",
1609,"[5.574869,1.449596,2.086833]",
1610,"[5.574813,1.444019,2.08842]",
1611,"[5.574695,1.437832,2.091817]",
1612,"[5.574662,1.432502,2.09277]",
1613,"[5.574585,1.425134,2.094951]",
1614,"[5.574545,1.423926,2.096105]",
1615,"[5.574522,1.421817,2.096778]",
1616,"[5.57447,1.417344,2.098272]",
1617,"[5.574467,1.413396,2.098333]",
1618,"[5.574446,1.411691,2.098948]",
1619,"[5.574418,1.411729,2.099746]",
1620,"[5.574482,1.410207,2.100085]",
1621,"[5.574506,1.410451,2.100181]",
1622,"[5.574482,1.410176,2.100082]",
1623,"[5.574598,1.414303,2.100548]",
1624,"[5.574547,1.416227,2.100346]",
1625,"[5.574423,1.417387,2.099605]",
1626,"[5.574646,1.418361,2.100742]",
1627,"[5.575418,1.420636,2.103835]",
1628,"[5.577183,1.421287,2.10498]",
1629,"[5.584046,1.424941,2.105781]",
1630,"[5.597243,1.427989,2.106242]",
1631,"[5.598729,1.432046,2.108168]",
1632,"[5.595601,1.440041,2.113165]",
1633,"[5.595276,1.441875,2.114104]",
1634,"[5.594143,1.447845,2.117388]",
1635,"[5.593855,1.4495,2.118222]",
1636,"[5.59332,1.455405,2.12119]",
1637,"[5.59332,1.457835,2.122577]",
1638,"[5.59332,1.464741,2.125799]",
1639,"[5.59332,1.468643,2.127552]",
1640,"[5.59332,1.471558,2.128962]",
1641,"[5.59332,1.474788,2.130838]",
1642,"[5.59332,1.475646,2.131351]",
1643,"[5.59332,1.477121,2.132279]",
1644,"[5.59332,1.477541,2.132565]",
1645,"[5.59332,1.480898,2.135262]",
1646,"[5.59332,1.482522,2.136453]",
1647,"[5.59332,1.484738,2.136609]",
1648,"[5.59332,1.485412,2.135737]",
1649,"[5.59332,1.48613,2.134907]",
1650,"[5.59332,1.487454,2.133931]",
1651,"[5.59332,1.487615,2.133447]",
1652,"[5.59332,1.488013,2.132342]",
1653,"[5.59332,1.488261,2.131767]",
1654,"[5.59332,1.488466,2.131094]",
1655,"[5.59332,1.488469,2.130872]",
1656,"[5.59332,1.488544,2.130696]",
1657,"[5.59332,1.48871,2.12987]",
1658,"[5.59332,1.488868,2.129284]",
1659,"[5.59332,1.489195,2.128665]",
1660,"[5.59332,1.489452,2.128466]",
1661,"[5.59332,1.490012,2.128387]",
1662,"[5.59332,1.490396,2.128548]",
1663,"[5.59332,1.491225,2.128679]",
1664,"[5.59332,1.490967,2.128486]",
1665,"[5.59332,1.490787,2.128336]",
1666,"[5.59332,1.490616,2.127954]",
1667,"[5.59332,1.490705,2.12797]",
1668,"[5.59332,1.490789,2.126819]",
1669,"[5.59332,1.49082,2.125946]",
1670,"[5.59332,1.490808,2.125883]",
1671,"[5.59332,1.490627,2.12587]",
1672,"[5.59332,1.49045,2.126005]",
1673,"[5.59332,1.490697,2.126964]",
1674,"[5.59332,1.499797,2.140104]",
1675,"[5.59332,1.509165,2.155806]",
1676,"[5.59332,1.512441,2.162093]",
1677,"[5.59332,1.516306,2.170161]",
1678,"[5.59332,1.517431,2.172886]",
1679,"[5.59332,1.51825,2.17525]",
1680,"[5.59332,1.51908,2.177862]",
1681,"[5.59332,1.5195,2.177777]",
1682,"[5.59332,1.521926,2.176968]",
1683,"[5.59332,1.523629,2.176037]",
1684,"[5.59332,1.528384,2.169987]",
1685,"[5.59332,1.530573,2.168121]",
1686,"[5.59332,1.53318,2.166604]",
1687,"[5.59332,1.536069,2.165543]",
1688,"[5.59332,1.536735,2.165663]",
1689,"[5.59332,1.53777,2.166258]",
1690,"[5.59332,1.538429,2.166714]",
1691,"[5.59332,1.540935,2.168114]",
1692,"[5.59332,1.542037,2.168381]",
1693,"[5.59332,1.544121,2.169559]",
1694,"[5.59332,1.545302,2.170649]",
1695,"[5.59332,1.546602,2.171711]",
1696,"[5.59332,1.549306,2.173206]",
1697,"[5.59332,1.549683,2.173103]",
1698,"[5.59332,1.551255,2.172568]",
1699,"[5.59332,1.552683,2.172156]",
1700,"[5.59332,1.558071,2.171118]",
1701,"[5.59332,1.560883,2.169591]",
1702,"[5.605308,1.562512,2.164366]",
1703,"[5.618376,1.562512,2.160034]",
1704,"[5.618937,1.562512,2.158736]",
1705,"[5.621886,1.562512,2.156048]",
1706,"[5.624856,1.562512,2.154245]",
1707,"[5.619755,1.562512,2.15224]",
1708,"[5.615562,1.562512,2.151946]",
1709,"[5.614245,1.562512,2.149934]",
1710,"[5.614649,1.562512,2.148089]",
1711,"[5.620665,1.562512,2.144518]",
1712,"[5.643695,1.562512,2.133418]",
1713,"[5.640243,1.562512,2.132615]",
1714,"[5.612849,1.562512,2.137694]",
1715,"[5.606808,1.562512,2.139012]",
1716,"[5.609086,1.562512,2.137938]",
1717,"[5.610243,1.562512,2.137254]",
1718,"[5.616035,1.562512,2.135061]",
1719,"[5.621067,1.562512,2.132752]",
1720,"[5.626979,1.562512,2.130465]",
1721,"[5.632213,1.562512,2.127804]",
1722,"[5.624907,1.562512,2.128756]",
1723,"[5.606132,1.562512,2.130586]",
1724,"[5.596943,1.562512,2.131346]",
1725,"[5.59332,1.559211,2.129084]",
1726,"[5.59332,1.55748,2.127456]",
1727,"[5.59332,1.554945,2.127346]",
1728,"[5.59332,1.552163,2.1269]",
1729,"[5.59332,1.548944,2.126799]",
1730,"[5.59332,1.543077,2.126817]",
1731,"[5.59332,1.540239,2.12685]",
1732,"[5.59332,1.534628,2.126858]",
1733,"[5.59332,1.532479,2.12674]",
1734,"[5.59332,1.528238,2.126826]",
1735,"[5.59332,1.521088,2.127708]",
1736,"[5.59332,1.517792,2.128236]",
1737,"[5.59332,1.513379,2.128548]",
1738,"[5.59332,1.511712,2.128445]",
1739,"[5.59332,1.509213,2.128007]",
1740,"[5.59332,1.507513,2.127769]",
1741,"[5.59332,1.505236,2.127285]",
1742,"[5.59332,1.504083,2.127372]",
1743,"[5.59332,1.503299,2.12743]",
1744,"[5.59332,1.50211,2.12754]",
1745,"[5.59332,1.501627,2.127615]",
1746,"[5.59332,1.499833,2.128072]",
1747,"[5.59332,1.499101,2.128118]",
1748,"[5.59332,1.498363,2.128172]",
1749,"[5.59332,1.494456,2.129273]",
1750,"[5.59332,1.492403,2.130009]",
1751,"[5.59332,1.488819,2.132139]",
1752,"[5.59332,1.487788,2.133151]",
1753,"[5.59332,1.486293,2.134943]",
1754,"[5.59332,1.485963,2.135169]",
1755,"[5.59332,1.485641,2.134439]",
1756,"[5.59332,1.485687,2.133658]",
1757,"[5.59332,1.488643,2.126365]",
1758,"[5.594205,1.493094,2.117206]",
1759,"[5.595533,1.495243,2.11336]",
1760,"[5.599715,1.498245,2.106897]",
1761,"[5.594868,1.501297,2.106159]",
1762,"[5.585098,1.505884,2.105818]",
1763,"[5.580851,1.507535,2.10567]",
1764,"[5.577791,1.508551,2.105376]",
1765,"[5.575927,1.509266,2.104165]",
1766,"[5.575389,1.5096,2.103737]",
1767,"[5.577048,1.51133,2.104893]",
1768,"[5.582934,1.511804,2.105742]",
1769,"[5.59332,1.516577,2.121813]",
1770,"[5.59332,1.519273,2.128892]",
1771,"[5.59332,1.522886,2.140607]",
1772,"[5.59332,1.523654,2.143826]",
1773,"[5.59332,1.524289,2.147041]",
1774,"[5.59332,1.524717,2.151083]",
1775,"[5.59332,1.524973,2.152662]",
1776,"[5.59332,1.525669,2.154995]",
1777,"[5.59332,1.52616,2.156255]",
1778,"[5.59332,1.527574,2.159022]",
1779,"[5.59332,1.52835,2.160223]",
1780,"[5.59332,1.529019,2.161307]",
1781,"[5.59332,1.529723,2.162076]",
1782,"[5.59332,1.530145,2.162441]",
1783,"[5.59332,1.531089,2.163183]",
1784,"[5.59332,1.53165,2.163602]",
1785,"[5.59332,1.532595,2.164279]",
1786,"[5.59332,1.533016,2.164602]",
1787,"[5.59332,1.53465,2.165618]",
1788,"[5.59332,1.536233,2.166244]",
1789,"[5.59332,1.53791,2.166823]",
1790,"[5.59332,1.540396,2.167613]",
1791,"[5.59332,1.541355,2.16792]",
1792,"[5.59332,1.54307,2.168641]",
1793,"[5.59332,1.543764,2.168956]",
1794,"[5.59332,1.544777,2.169242]",
1795,"[5.59332,1.545599,2.168981]",
1796,"[5.59332,1.54561,2.17431]",
1797,"[5.59332,1.544913,2.180697]",
1798,"[5.59332,1.543989,2.182704]",
1799,"[5.59332,1.539622,2.185945]",
1800,"[5.59332,1.536926,2.187221]",
1801,"[5.59332,1.53085,2.191364]",
1802,"[5.59332,1.528129,2.193487]",
1803,"[5.59332,1.522716,2.197129]",
1804,"[5.59332,1.520018,2.199641]",
1805,"[5.59332,1.517346,2.202077]",
1806,"[5.59332,1.510436,2.207944]",
1807,"[5.59332,1.507515,2.210517]",
1808,"[5.59332,1.503207,2.214711]",
1809,"[5.59332,1.503,2.215663]",
1810,"[5.59332,1.503022,2.217132]",
1811,"[5.59332,1.503244,2.217702]",
1812,"[5.59332,1.50345,2.218122]",
1813,"[5.59332,1.503641,2.218694]",
1814,"[5.59332,1.503693,2.218814]",
1815,"[5.59332,1.503708,2.219083]",
1816,"[5.59332,1.503736,2.219313]",
1817,"[5.59332,1.503933,2.220115]",
1818,"[5.59332,1.504216,2.220737]",
1819,"[5.59332,1.504842,2.221485]",
1820,"[5.59332,1.506433,2.223065]",
1821,"[5.59332,1.508137,2.223337]",
1822,"[5.59332,1.510569,2.2237]",
1823,"[5.59332,1.511631,2.223864]",
1824,"[5.59332,1.512619,2.224037]",
1825,"[5.59332,1.513086,2.224187]",
1826,"[5.59332,1.513112,2.22437]",
1827,"[5.59332,1.513102,2.226036]",
1828,"[5.59332,1.513225,2.227508]",
1829,"[5.59332,1.505854,2.235541]",
1830,"[5.593353,1.500436,2.240333]",
1831,"[5.595357,1.491328,2.246753]",
1832,"[5.582034,1.492688,2.250489]",
1833,"[5.580334,1.490152,2.252676]",
1834,"[5.579809,1.489309,2.253353]",
1835,"[5.579432,1.488579,2.253837]",
1836,"[5.579062,1.487292,2.254315]",
1837,"[5.578915,1.486688,2.254504]",
1838,"[5.578589,1.485793,2.255026]",
1839,"[5.578559,1.485435,2.255112]",
1840,"[5.578541,1.484968,2.255164]",
1841,"[5.578556,1.484776,2.255122]",
1842,"[5.578586,1.484578,2.255034]",
1843,"[5.59332,1.485432,2.23335]",
1844,"[5.59332,1.489619,2.225186]",
1845,"[5.59332,1.494683,2.214691]",
1846,"[5.59332,1.496918,2.209444]",
1847,"[5.59332,1.499783,2.202117]",
1848,"[5.59332,1.500896,2.199059]",
1849,"[5.59332,1.502546,2.194788]",
1850,"[5.59332,1.50319,2.192681]",
1851,"[5.59332,1.503711,2.19085]",
1852,"[5.59332,1.504222,2.189227]",
1853,"[5.59332,1.504422,2.189016]",
1854,"[5.59332,1.505333,2.188509]",
1855,"[5.59332,1.50598,2.188211]",
1856,"[5.59332,1.507205,2.187352]",
1857,"[5.59332,1.507952,2.186705]",
1858,"[5.59332,1.508683,2.185975]",
1859,"[5.59332,1.509843,2.184787]",
1860,"[5.59332,1.510273,2.184322]",
1861,"[5.59332,1.510248,2.184345]",
1862,"[5.59332,1.51021,2.18431]",
1863,"[5.59332,1.510012,2.184108]",
1864,"[5.59332,1.509866,2.183758]",
1865,"[5.59332,1.50972,2.183232]",
1866,"[5.59332,1.51319,2.171337]",
1867,"[5.59332,1.51435,2.166695]",
1868,"[5.59332,1.517056,2.157751]",
1869,"[5.59332,1.518101,2.154828]",
1870,"[5.59332,1.519626,2.149327]",
1871,"[5.59332,1.520454,2.148275]",
1872,"[5.59332,1.52214,2.145417]",
1873,"[5.59332,1.522928,2.143462]",
1874,"[5.59332,1.523874,2.141844]",
1875,"[5.59332,1.525101,2.13827]",
1876,"[5.59332,1.525515,2.137062]",
1877,"[5.59332,1.525768,2.134663]",
1878,"[5.59332,1.525729,2.133517]",
1879,"[5.590114,1.526562,2.131745]",
1880,"[5.577892,1.529939,2.133383]",
1881,"[5.551414,1.537396,2.140339]",
1882,"[5.456065,1.563935,2.16565]",
1883,"[5.456496,1.563913,2.165311]",
1884,"[5.457002,1.563752,2.164622]",
1885,"[5.663307,1.50652,2.108549]",
1886,"[5.458756,1.563523,2.163905]",
1887,"[5.459965,1.563204,2.163362]",
1888,"[5.660091,1.507357,2.108437]",
1889,"[5.660082,1.507406,2.108436]",
1890,"[5.661141,1.507314,2.108473]",
1891,"[5.662154,1.507154,2.108509]",
1892,"[5.662974,1.507009,2.108537]",
1893,"[5.664194,1.506826,2.10858]",
1894,"[5.665042,1.506665,2.10861]",
1895,"[5.666397,1.506342,2.108657]",
1896,"[5.667178,1.506167,2.108684]",
1897,"[5.668945,1.505704,2.108746]",
1898,"[5.670113,1.505389,2.108787]",
1899,"[5.671336,1.50508,2.108829]",
1900,"[5.673882,1.504434,2.108918]",
1901,"[5.675824,1.504099,2.108986]",
1902,"[5.680345,1.503307,2.109144]",
1903,"[5.682675,1.502928,2.109225]",
1904,"[5.689712,1.501446,2.109471]",
1905,"[5.695386,1.500015,2.109669]",
1906,"[5.69982,1.499247,2.109824]",
1907,"[5.70997,1.49721,2.110178]",
1908,"[5.716924,1.495684,2.110421]",
1909,"[5.722997,1.494103,2.110633]",
1910,"[5.725077,1.49351,2.110706]",
1911,"[5.731244,1.491436,2.110921]",
1912,"[5.73678,1.489313,2.111115]",
1913,"[5.749494,1.485141,2.111559]",
1914,"[5.757889,1.482751,2.111852]",
1915,"[5.766305,1.480347,2.112146]",
1916,"[5.774511,1.47795,2.112432]",
1917,"[5.780372,1.476004,2.112637]",
1918,"[5.788138,1.472819,2.112908]",
1919,"[5.791405,1.470927,2.113022]",
1920,"[5.803633,1.464689,2.113449]",
1921,"[5.810825,1.461502,2.1137]",
1922,"[5.819254,1.457937,2.113995]",
1923,"[5.825215,1.456756,2.114203]",
1924,"[5.829119,1.455817,2.114339]",
1925,"[5.836228,1.454332,2.114588]",
1926,"[5.415219,1.575025,2.221939]",
1927,"[5.416324,1.575956,2.223086]",
1928,"[5.416722,1.576494,2.22353]",
1929,"[5.419372,1.57644,2.223234]",
1930,"[5.421691,1.576117,2.222924]",
1931,"[5.424855,1.575573,2.222356]",
1932,"[5.431589,1.574556,2.218787]",
1933,"[5.849073,1.458741,2.115036]",
1934,"[5.435861,1.574835,2.213299]",
1935,"[5.435747,1.575054,2.210742]",
1936,"[5.436174,1.575226,2.20763]",
1937,"[5.436869,1.574807,2.204647]",
1938,"[5.437268,1.574408,2.20189]",
1939,"[5.44202,1.572023,2.200281]",
1940,"[5.444602,1.570869,2.197318]",
1941,"[5.449997,1.569053,2.193528]",
1942,"[5.45113,1.568796,2.193155]",
1943,"[5.448732,1.569447,2.193733]",
1944,"[5.447716,1.569865,2.194029]",
1945,"[5.44766,1.570165,2.19409]",
1946,"[5.59332,1.531973,2.161764]",
1947,"[5.59332,1.533,2.161591]",
1948,"[5.59332,1.534116,2.16142]",
1949,"[5.59332,1.53721,2.160337]",
1950,"[5.59332,1.540177,2.159684]",
1951,"[5.59332,1.54295,2.158154]",
1952,"[5.59332,1.54307,2.157811]",
1953,"[5.59332,1.543951,2.157132]",
1954,"[5.59332,1.543262,2.157055]",
1955,"[5.59332,1.542211,2.157233]",
1956,"[5.59332,1.539361,2.158295]",
1957,"[5.59332,1.537215,2.159201]",
1958,"[5.59332,1.535402,2.160667]",
1959,"[5.59332,1.533233,2.165549]",
1960,"[5.59332,1.533578,2.168956]",
1961,"[5.59332,1.539649,2.178466]",
1962,"[5.59332,1.544894,2.184094]",
1963,"[5.95,1.709751,2.231352]",
1964,"[5.579597,1.983081,2.285645]",
1965,"[5.579741,1.995725,2.288949]",
1966,"[5.580095,2.01335,2.297065]",
1967,"[5.580173,2.016093,2.298842]",
1968,"[5.580276,2.01882,2.30121]",
1969,"[5.580295,2.018991,2.301641]",
1970,"[5.580341,2.019524,2.302701]",
1971,"[5.58042,2.019995,2.304513]",
1972,"[5.580424,2.019435,2.304589]",
1973,"[5.580392,2.018279,2.303875]",
1974,"[5.580373,2.017895,2.303421]",
1975,"[5.580264,2.016708,2.300938]",
1976,"[5.580202,2.016193,2.299505]",
1977,"[5.580089,2.015472,2.296914]",
1978,"[5.58005,2.01592,2.296023]",
1979,"[5.580021,2.01669,2.295362]",
1980,"[5.579583,2.017577,2.285325]",
1981,"[5.579352,2.017992,2.280039]",
1982,"[5.578988,2.018193,2.271693]",
1983,"[5.57884,2.01864,2.268308]",
1984,"[5.578513,2.018897,2.260832]",
1985,"[5.578428,2.018812,2.258877]",
1986,"[5.578373,2.019153,2.257626]",
1987,"[5.578316,2.019085,2.256319]",
1988,"[5.578302,2.01878,2.256002]",
1989,"[5.578212,2.015602,2.253926]",
1990,"[5.578136,2.014241,2.252203]",
1991,"[5.578031,2.013638,2.249785]",
1992,"[5.577974,2.013563,2.248477]",
1993,"[5.577927,2.013895,2.247409]",
1994,"[5.577818,2.015059,2.244903]",
1995,"[5.577761,2.015797,2.243603]",
1996,"[5.577558,2.017376,2.238953]",
1997,"[5.577093,2.019958,2.228308]",
1998,"[5.576509,2.023664,2.214918]",
1999,"[5.576303,2.025261,2.210205]",
2000,"[5.575972,2.02661,2.202624]",
2001,"[5.575827,2.026018,2.199293]",
2002,"[5.575697,2.024039,2.196333]",
2003,"[5.575453,2.017079,2.190751]",
2004,"[5.575374,2.013801,2.188932]",
2005,"[5.575214,2.007781,2.185267]",
2006,"[5.575145,2.005814,2.183692]",
2007,"[5.57512,2.005024,2.183127]",
2008,"[5.575099,2.00506,2.182637]",
2009,"[5.575084,2.006433,2.182284]",
2010,"[5.575051,2.011128,2.181542]",
2011,"[5.575052,2.013973,2.181555]",
2012,"[5.575058,2.01828,2.181709]",
2013,"[5.575067,2.020194,2.181892]",
2014,"[5.574501,2.017233,2.168941]",
2015,"[5.574327,2.01629,2.164938]",
2016,"[5.574199,2.015515,2.162022]",
2017,"[5.574043,2.014302,2.158457]",
2018,"[5.57398,2.013938,2.157001]",
2019,"[5.573887,2.013886,2.154879]",
2020,"[5.573833,2.014059,2.153637]",
2021,"[5.573833,2.014053,2.153649]",
2022,"[5.573837,2.01402,2.153736]",
2023,"[5.573854,2.013676,2.154116]",
2024,"[5.573865,2.013443,2.154374]",
2025,"[5.573875,2.013303,2.154605]",
2026,"[5.573887,2.013105,2.154869]",
2027,"[5.573886,2.012937,2.154858]",
2028,"[5.573783,2.013336,2.152492]",
2029,"[5.573782,2.013472,2.152475]",
2030,"[5.573691,2.014455,2.150384]",
2031,"[5.573697,2.01478,2.150523]",
2032,"[5.573719,2.014655,2.15102]",
2033,"[5.573731,2.014617,2.15131]",
2034,"[5.573764,2.014467,2.152061]",
2035,"[5.573833,2.013277,2.153622]",
2036,"[5.57386,2.012395,2.154259]",
2037,"[5.573913,2.010643,2.155464]",
2038,"[5.573943,2.009651,2.156149]",
2039,"[5.574007,2.007768,2.157609]",
2040,"[5.574245,2.008503,2.163073]",
2041,"[5.574428,2.009133,2.167264]",
2042,"[5.574728,2.010738,2.174136]",
2043,"[5.574852,2.011527,2.17698]",
2044,"[5.575019,2.012352,2.180809]",
2045,"[5.57509,2.012602,2.182426]",
2046,"[5.575146,2.012703,2.183705]",
2047,"[5.575166,2.012733,2.184175]",
2048,"[5.575183,2.012822,2.184563]",
2049,"[5.575073,2.013473,2.18203]",
2050,"[5.575023,2.013887,2.180882]",
2051,"[5.575026,2.014468,2.180955]",
2052,"[5.574976,2.014912,2.179827]",
2053,"[5.574884,2.016011,2.177708]",
2054,"[5.574839,2.016312,2.176676]",
2055,"[5.574754,2.017063,2.174725]",
2056,"[5.574715,2.017528,2.173841]",
2057,"[5.574678,2.017948,2.173]",
2058,"[5.574606,2.018948,2.171352]",
2059,"[5.57461,2.019257,2.171442]",
2060,"[5.574543,2.020231,2.169912]",
2061,"[5.574512,2.02082,2.169181]",
2062,"[5.574487,2.021737,2.168605]",
2063,"[5.574489,2.022066,2.168664]",
2064,"[5.57446,2.022618,2.167999]",
2065,"[5.574406,2.023873,2.166754]",
2066,"[5.574377,2.024599,2.16609]",
2067,"[5.574317,2.026192,2.164727]",
2068,"[5.574291,2.026337,2.164119]",
2069,"[5.574256,2.026562,2.163334]",
2070,"[5.574198,2.027061,2.162004]",
2071,"[5.574213,2.026398,2.162346]",
2072,"[5.57424,2.02521,2.162954]",
2073,"[5.574257,2.024581,2.163355]",
2074,"[5.574212,2.023492,2.162316]",
2075,"[5.574197,2.02316,2.161969]",
2076,"[5.574196,2.022796,2.161952]",
2077,"[5.574197,2.022594,2.161985]",
2078,"[5.5742,2.022377,2.162048]",
2079,"[5.5742,2.022253,2.162043]",
2080,"[5.5742,2.022172,2.162035]",
2081,"[5.574184,2.022249,2.161671]",
2082,"[5.574174,2.022169,2.161456]",
2083,"[5.574156,2.022156,2.161025]",
2084,"[5.574145,2.022097,2.160784]",
2085,"[5.574127,2.021837,2.160362]",
2086,"[5.574126,2.021629,2.160344]",
2087,"[5.574111,2.021196,2.159996]",
2088,"[5.54613,2.016974,2.162706]",
2089,"[5.429544,1.999848,2.175378]",
2090,"[5.360722,1.989883,2.182532]",
2091,"[5.358601,1.989608,2.182478]",
2092,"[5.359796,1.989887,2.181771]",
2093,"[5.360353,1.990013,2.181434]",
2094,"[5.360619,1.990107,2.180881]",
2095,"[5.360511,1.990158,2.180658]",
2096,"[5.36038,1.990139,2.180453]",
2097,"[5.36042,1.989917,2.180353]",
2098,"[5.361107,1.989858,2.180228]",
2099,"[5.363552,1.989255,2.179913]",
2100,"[5.363851,1.988877,2.179881]",
2101,"[5.363165,1.987777,2.179826]",
2102,"[5.361672,1.987228,2.179951]",
2103,"[5.359858,1.986461,2.18032]",
2104,"[5.359629,1.986329,2.180355]",
2105,"[5.359543,1.986279,2.180363]",
2106,"[5.359991,1.985771,2.18047]",
2107,"[5.360281,1.985285,2.180465]",
2108,"[5.360213,1.984294,2.180518]",
2109,"[5.359409,1.983623,2.180627]",
2110,"[5.357325,1.982397,2.180891]",
2111,"[5.356509,1.981962,2.180994]",
2112,"[5.356039,1.981315,2.180791]",
2113,"[5.356812,1.981107,2.180673]",
2114,"[5.360794,1.981369,2.180379]",
2115,"[5.95,2.056018,2.118398]",
2116,"[5.95,2.055015,2.118287]",
2117,"[5.95,2.053205,2.118649]",
2118,"[5.95,2.052373,2.119192]",
2119,"[5.95,2.05078,2.119844]",
2120,"[5.95,2.047445,2.121512]",
2121,"[5.95,2.046156,2.122369]",
2122,"[5.95,2.043258,2.124335]",
2123,"[5.95,2.041598,2.125447]",
2124,"[5.95,2.038435,2.129333]",
2125,"[5.95,2.036929,2.131002]",
2126,"[5.95,2.033555,2.134454]",
2127,"[5.95,2.020329,2.143965]",
2128,"[5.95,2.01098,2.150324]",
2129,"[5.95,1.993804,2.159352]",
2130,"[5.95,1.985331,2.162936]",
2131,"[5.95,1.974096,2.168723]",
2132,"[5.95,1.969884,2.170702]",
2133,"[5.95,1.964768,2.17166]",
2134,"[5.95,1.962611,2.172675]",
2135,"[5.95,1.960618,2.173463]",
2136,"[5.95,1.959224,2.173951]",
2137,"[5.95,1.958302,2.174153]",
2138,"[5.95,1.956761,2.174584]",
2139,"[5.95,1.956178,2.174643]",
2140,"[5.95,1.955368,2.167083]",
2141,"[5.95,1.955081,2.16157]",
2142,"[5.95,1.954784,2.153853]",
2143,"[5.95,1.954731,2.150629]",
2144,"[5.95,1.955538,2.148745]",
2145,"[5.95,1.956452,2.146343]",
2146,"[5.95,1.956934,2.145549]",
2147,"[5.95,1.957511,2.144393]",
2148,"[5.95,1.957712,2.143893]",
2149,"[5.95,1.962761,2.159913]",
2150,"[5.95,1.96424,2.164928]",
2151,"[5.95,1.96574,2.170315]",
2152,"[5.95,1.967975,2.176784]",
2153,"[5.95,1.968839,2.178619]",
2154,"[5.95,1.970496,2.181657]",
2155,"[5.95,1.971377,2.183038]",
2156,"[5.95,1.972772,2.185154]",
2157,"[5.95,1.973616,2.186671]",
2158,"[5.95,1.974682,2.188691]",
2159,"[5.380946,1.937249,2.245707]",
2160,"[5.380201,1.937862,2.25896]",
2161,"[5.381864,1.941508,2.292567]",
2162,"[5.383152,1.942227,2.299067]",
2163,"[5.386699,1.942676,2.306597]",
2164,"[5.388616,1.94272,2.30829]",
2165,"[5.39066,1.942652,2.309648]",
2166,"[5.394159,1.942435,2.311383]",
2167,"[5.396211,1.942406,2.312006]",
2168,"[5.400572,1.942636,2.312784]",
2169,"[5.403141,1.942932,2.312922]",
2170,"[5.408624,1.943581,2.312939]",
2171,"[5.411432,1.944062,2.309813]",
2172,"[5.41823,1.944635,2.262004]",
2173,"[5.421778,1.944835,2.244831]",
2174,"[5.428663,1.945253,2.227451]",
2175,"[5.431737,1.945495,2.221496]",
2176,"[5.95,1.986602,2.209749]",
2177,"[5.95,1.986838,2.197578]",
2178,"[5.95,1.986259,2.196054]",
2179,"[5.95,1.98508,2.19303]",
2180,"[5.95,1.984938,2.192664]",
2181,"[5.95,1.984855,2.192501]",
2182,"[5.575948,1.955575,2.20207]",
2183,"[5.575925,1.955394,2.201545]",
2184,"[5.575916,1.955221,2.20135]",
2185,"[5.575901,1.954963,2.201005]",
2186,"[5.575879,1.954566,2.200485]",
2187,"[5.575854,1.954315,2.199933]",
2188,"[5.575799,1.953878,2.198673]",
2189,"[5.575778,1.953482,2.198185]",
2190,"[5.575761,1.952981,2.197803]",
2191,"[5.575764,1.952767,2.197855]",
2192,"[5.575766,1.95251,2.197912]",
2193,"[5.575772,1.952235,2.198057]",
2194,"[5.575781,1.952111,2.198258]",
2195,"[5.575791,1.951892,2.198491]",
2196,"[5.575791,1.951729,2.198493]",
2197,"[5.574996,1.95182,2.180273]",
2198,"[5.574466,1.952172,2.168125]",
2199,"[5.676429,1.986952,2.002291]",
2200,"[5.670117,1.992643,1.969739]",
2201,"[5.667896,1.994608,1.958284]",
2202,"[5.664567,1.997639,1.941117]",
2203,"[5.66306,1.999072,1.933341]",
2204,"[5.660713,2.001809,1.921237]",
2205,"[5.659182,2.003401,1.91334]",
2206,"[5.658322,2.004432,1.908907]",
2207,"[5.656836,2.00655,1.901244]",
2208,"[5.655618,2.007529,1.894962]",
2209,"[5.653068,2.010216,1.881809]",
2210,"[5.651866,2.011912,1.875615]",
2211,"[5.649225,2.014574,1.861993]",
2212,"[5.648808,2.01573,1.85984]",
2213,"[5.647471,2.018139,1.852948]",
2214,"[5.647349,2.019212,1.85232]",
2215,"[5.647146,2.020298,1.85127]",
2216,"[5.647008,2.022805,1.850562]",
2217,"[5.646842,2.024099,1.849703]",
2218,"[5.646941,2.027384,1.850214]",
2219,"[5.647225,2.029032,1.851676]",
2220,"[5.647905,2.031896,1.855185]",
2221,"[5.648251,2.033105,1.856968]",
2222,"[5.648627,2.033379,1.858907]",
2223,"[5.649437,2.033793,1.863087]",
2224,"[5.649884,2.034031,1.865392]",
2225,"[5.65063,2.033956,1.86924]",
2226,"[5.650982,2.033791,1.871054]",
2227,"[5.651469,2.033475,1.873567]",
2228,"[5.651655,2.033292,1.874524]",
2229,"[5.652045,2.031788,1.876538]",
2230,"[5.652348,2.031104,1.878095]",
2231,"[5.652574,2.030509,1.879262]",
2232,"[5.653249,2.028499,1.882747]",
2233,"[5.653665,2.027122,1.884889]",
2234,"[5.654867,2.024441,1.891089]",
2235,"[5.655372,2.023263,1.893695]",
2236,"[5.656214,2.021401,1.898037]",
2237,"[5.656564,2.02076,1.899841]",
2238,"[5.656991,2.019853,1.902046]",
2239,"[5.653873,2.017406,1.885966]",
2240,"[5.653,2.016464,1.88146]",
2241,"[5.651751,2.015471,1.875019]",
2242,"[5.650819,2.015126,1.870214]",
2243,"[5.64934,2.015445,1.862584]",
2244,"[5.648616,2.016078,1.858851]",
2245,"[5.64793,2.016678,1.855311]",
2246,"[5.646622,2.018474,1.848566]",
2247,"[5.645883,2.019122,1.844758]",
2248,"[5.644579,2.018798,1.838033]",
2249,"[5.643899,2.01783,1.834526]",
2250,"[5.642758,2.015444,1.82864]",
2251,"[5.642207,2.013965,1.8258]",
2252,"[5.641807,2.012856,1.823736]",
2253,"[5.641486,2.012043,1.82208]",
2254,"[5.641295,2.011703,1.821098]",
2255,"[5.641027,2.010887,1.819715]",
2256,"[5.640964,2.010437,1.819386]",
2257,"[5.641039,2.009541,1.819778]",
2258,"[5.641009,2.009119,1.81962]",
2259,"[5.64107,2.008116,1.819934]",
2260,"[5.641033,2.007185,1.819745]",
2261,"[5.640962,2.005977,1.819377]",
2262,"[5.640894,2.003323,1.819029]",
2263,"[5.640883,2.001721,1.818971]",
2264,"[5.640817,1.998174,1.818629]",
2265,"[5.640845,1.997059,1.818775]",
2266,"[5.640707,1.994357,1.818064]",
2267,"[5.640537,1.99391,1.817187]",
2268,"[5.640311,1.993123,1.816018]",
2269,"[5.632674,1.984233,1.776632]",
2270,"[5.631465,1.982692,1.770402]",
2271,"[5.629149,1.980764,1.758457]",
2272,"[5.628465,1.981108,1.754927]",
2273,"[5.627933,1.981205,1.752183]",
2274,"[5.627375,1.981424,1.749303]",
2275,"[5.627138,1.981045,1.748085]",
2276,"[5.626916,1.980951,1.746939]",
2277,"[5.626709,1.981018,1.745872]",
2278,"[5.626451,1.979938,1.744539]",
2279,"[5.626451,1.979938,1.744539]",
2280,"[5.626345,1.979339,1.743995]",
2281,"[5.626294,1.978053,1.743732]",
2282,"[5.626235,1.978368,1.743429]",
2283,"[5.626197,1.978441,1.743232]",
2284,"[5.627454,1.983561,1.749712]",
2285,"[5.627935,1.985336,1.752193]",
2286,"[5.630119,1.997564,1.76346]",
2287,"[5.631672,2.006449,1.771469]",
2288,"[5.632133,2.012669,1.773843]",
2289,"[5.632376,2.018224,1.775097]",
2290,"[5.632537,2.028938,1.775929]",
2291,"[5.633056,2.047872,1.778604]",
2292,"[5.633595,2.057668,1.781382]",
2293,"[5.634295,2.079038,1.784994]",
2294,"[5.634555,2.089762,1.786337]",
2295,"[5.634703,2.097543,1.787097]",
2296,"[5.637574,2.118194,1.801905]",
2297,"[5.638522,2.122495,1.806793]",
2298,"[5.639437,2.126333,1.811511]",
2299,"[5.639688,2.126465,1.812805]",
2300,"[5.639961,2.126288,1.814216]",
2301,"[5.640755,2.122256,1.81831]",
2302,"[5.641317,2.119605,1.82121]",
2303,"[5.642397,2.116625,1.826779]",
2304,"[5.643011,2.11571,1.829943]",
2305,"[5.643975,2.11368,1.834917]",
2306,"[5.644474,2.112548,1.837491]",
2307,"[5.64527,2.111888,1.841595]",
2308,"[5.64572,2.112302,1.843916]",
2309,"[5.646068,2.113221,1.84571]",
2310,"[5.64659,2.116109,1.848404]",
2311,"[5.646781,2.117836,1.849388]",
2312,"[5.647127,2.121072,1.85117]",
2313,"[5.647305,2.122685,1.85209]",
2314,"[5.647487,2.12459,1.853026]",
2315,"[5.647541,2.124745,1.853309]",
2316,"[5.647655,2.124978,1.853893]",
2317,"[5.648039,2.123088,1.855876]",
2318,"[5.648287,2.121375,1.857156]",
2319,"[5.64861,2.118907,1.858819]",
2320,"[5.648883,2.11805,1.86023]",
2321,"[5.649034,2.116955,1.861006]",
2322,"[5.649197,2.116936,1.861847]",
2323,"[5.649364,2.117275,1.862706]",
2324,"[5.649576,2.117969,1.8638]",
2325,"[5.649715,2.118511,1.864521]",
2326,"[5.649703,2.118805,1.864457]",
2327,"[5.649233,2.119604,1.862032]",
2328,"[5.648774,2.120981,1.859666]",
2329,"[5.648252,2.121557,1.856976]",
2330,"[5.647198,2.123225,1.851539]",
2331,"[5.646618,2.124468,1.848547]",
2332,"[5.646104,2.124878,1.845898]",
2333,"[5.64558,2.12526,1.843195]",
2334,"[5.645574,2.124971,1.843164]",
2335,"[5.645563,2.124245,1.843105]",
2336,"[5.645552,2.123953,1.843051]",
2337,"[5.645107,2.123897,1.840754]",
2338,"[5.645122,2.123749,1.840832]",
2339,"[5.64515,2.123511,1.840974]",
2340,"[5.645247,2.122959,1.841479]",
2341,"[5.645335,2.122567,1.841929]",
2342,"[5.645648,2.120384,1.843542]",
2343,"[5.645847,2.118955,1.844572]",
2344,"[5.646379,2.11642,1.847314]",
2345,"[5.64676,2.115281,1.84928]",
2346,"[5.647113,2.114263,1.851101]",
2347,"[5.648209,2.112402,1.85675]",
2348,"[5.648961,2.11167,1.860629]",
2349,"[5.651018,2.108817,1.871238]",
2350,"[5.65258,2.107503,1.879294]",
2351,"[5.656243,2.1038,1.898186]",
2352,"[5.662436,2.077464,1.930124]",
2353,"[5.666077,2.064897,1.9489]",
2354,"[5.671432,2.052254,1.976523]",
2355,"[5.673592,2.049233,1.987657]",
2356,"[5.675492,2.049769,1.99746]",
2357,"[5.675896,2.050061,1.999541]",
2358,"[5.678724,2.050896,2.014127]",
2359,"[5.681601,2.051387,2.028961]",
2360,"[5.690016,2.054129,2.072363]",
2361,"[5.574757,2.037056,2.090034]",
2362,"[5.571946,2.037694,2.110422]",
2363,"[5.585363,2.064705,2.417725]",
2364,"[5.586033,2.064898,2.433056]",
2365,"[5.587108,2.064924,2.457686]",
2366,"[5.587563,2.064799,2.468107]",
2367,"[5.588392,2.062757,2.487103]",
2368,"[5.588639,2.060974,2.492753]",
2369,"[5.589107,2.058172,2.503466]",
2370,"[5.57089,2.048721,2.520866]",
2371,"[5.608872,2.047192,2.658492]",
2372,"[5.608872,2.045522,2.711287]",
2373,"[5.608872,2.045961,2.731871]",
2374,"[5.608872,2.045991,2.735304]",
2375,"[5.608872,2.045729,2.738174]",
2376,"[5.608872,2.045627,2.734045]",
2377,"[5.608872,2.045501,2.720544]",
2378,"[5.608872,2.044656,2.713298]",
2379,"[5.608872,2.043859,2.703274]",
2380,"[5.608872,2.043705,2.700273]",
2381,"[5.608872,2.045007,2.692584]",
2382,"[5.608872,2.045212,2.691687]",
2383,"[5.608872,2.046587,2.686515]",
2384,"[5.608872,2.048035,2.685904]",
2385,"[5.608872,2.049078,2.68614]",
2386,"[5.608872,2.050867,2.693073]",
2387,"[5.608872,2.051686,2.699518]",
2388,"[5.608872,2.053557,2.712411]",
2389,"[5.608872,2.05607,2.718811]",
2390,"[5.608872,2.060464,2.727544]",
2391,"[5.608872,2.062717,2.730387]",
2392,"[5.608872,2.067161,2.732821]",
2393,"[5.608872,2.069313,2.733092]",
2394,"[5.608872,2.071636,2.731287]",
2395,"[5.608872,2.074329,2.730137]",
2396,"[5.608872,2.075309,2.729344]",
2397,"[5.608872,2.076102,2.729075]",
2398,"[5.608872,2.076213,2.729155]",
2399,"[5.72857,2.116645,2.81172]",
2400,"[5.714763,2.117115,2.81172]",
2401,"[5.702342,2.118325,2.81172]",
2402,"[5.684939,2.118767,2.81172]",
2403,"[5.679164,2.11858,2.81172]",
2404,"[5.662637,2.115784,2.81172]",
2405,"[5.66046,2.116061,2.81172]",
2406,"[5.659669,2.118002,2.81172]",
2407,"[5.659554,2.12028,2.81172]",
2408,"[5.659096,2.12255,2.81172]",
2409,"[5.660379,2.127506,2.81172]",
2410,"[5.662054,2.130365,2.81172]",
2411,"[5.664167,2.133677,2.81172]",
2412,"[5.664588,2.135,2.81172]",
2413,"[5.66427,2.13636,2.81172]",
2414,"[5.650579,2.134237,2.81172]",
2415,"[5.627624,2.130629,2.81172]",
2416,"[5.616,2.129004,2.814629]",
2417,"[5.616,2.12991,2.820721]",
2418,"[5.616,2.130142,2.827178]",
2419,"[5.616,2.129152,2.830911]",
2420,"[5.616,2.126513,2.832682]",
2421,"[5.616,2.125084,2.833192]",
2422,"[5.616,2.122316,2.834093]",
2423,"[5.616,2.121144,2.834483]",
2424,"[5.616,2.120408,2.834827]",
2425,"[5.616,2.119342,2.837224]",
2426,"[5.616,2.118821,2.83744]",
2427,"[5.616,2.11196,2.839558]",
2428,"[5.616,2.107293,2.840674]",
2429,"[5.616,2.099834,2.841995]",
2430,"[5.616,2.096559,2.842376]",
2431,"[5.616,2.091708,2.843689]",
2432,"[5.616,2.090252,2.844195]",
2433,"[5.616,2.088987,2.844671]",
2434,"[5.616,2.086458,2.846349]",
2435,"[5.616,2.084844,2.847361]",
2436,"[5.616,2.082017,2.849535]",
2437,"[5.616,2.080157,2.851599]",
2438,"[5.616,2.07733,2.858352]",
2439,"[5.616,2.076056,2.862403]",
2440,"[5.616,2.074667,2.866781]",
2441,"[5.616,2.07225,2.87428]",
2442,"[5.616,2.071074,2.877303]",
2443,"[5.616,2.064321,2.874049]",
2444,"[5.664941,1.98246,2.81172]",
2445,"[5.723036,1.963268,2.81172]",
2446,"[5.736955,1.958879,2.81172]",
2447,"[5.754982,1.953519,2.81172]",
2448,"[5.763543,1.950826,2.81172]",
2449,"[5.608872,1.935735,2.746904]",
2450,"[5.608872,1.929957,2.739114]",
2451,"[5.608872,1.927275,2.735785]",
2452,"[5.608872,1.922678,2.730015]",
2453,"[5.608872,1.920744,2.726609]",
2454,"[5.608872,1.919169,2.71889]",
2455,"[5.608872,1.918957,2.713782]",
2456,"[5.608872,1.918986,2.707952]",
2457,"[5.608872,1.919667,2.696183]",
2458,"[5.608872,1.92043,2.690188]",
2459,"[5.608872,1.921611,2.677917]",
2460,"[5.608872,1.922191,2.670941]",
2461,"[5.608872,1.923494,2.656976]",
2462,"[5.608872,1.924282,2.649242]",
2463,"[5.608872,1.925288,2.647141]",
2464,"[5.608872,1.927024,2.644788]",
2465,"[5.608872,1.92724,2.647617]",
2466,"[5.608872,1.927238,2.651143]",
2467,"[5.608872,1.92717,2.65202]",
2468,"[5.608872,1.945495,2.607469]",
2469,"[5.608872,1.950634,2.596193]",
2470,"[5.608872,1.954659,2.587399]",
2471,"[5.608872,1.959317,2.577935]",
2472,"[5.608872,1.963163,2.571421]",
2473,"[5.608872,1.965072,2.568163]",
2474,"[5.608872,1.966594,2.565696]",
2475,"[5.55976,1.963529,2.549539]",
2476,"[5.559284,1.963732,2.547621]",
2477,"[5.558872,1.963937,2.544937]",
2478,"[5.558897,1.964073,2.544207]",
2479,"[5.558961,1.964349,2.54237]",
2480,"[5.558973,1.964458,2.542029]",
2481,"[5.558991,1.964663,2.541524]",
2482,"[5.559015,1.964365,2.540825]",
2483,"[5.559021,1.963954,2.540641]",
2484,"[5.608872,1.967901,2.567945]",
2485,"[5.608872,1.967635,2.576552]",
2486,"[5.608872,1.968262,2.583659]",
2487,"[5.608872,1.968691,2.585133]",
2488,"[5.559076,1.982823,2.546783]",
2489,"[5.561619,1.996774,2.52171]",
2490,"[5.598713,2.00591,2.521837]",
2491,"[5.58924,2.010086,2.506509]",
2492,"[5.588955,2.012336,2.499992]",
2493,"[5.588392,2.01096,2.487095]",
2494,"[5.588151,2.010623,2.481587]",
2495,"[5.587612,2.010242,2.469232]",
2496,"[5.587295,2.010026,2.461972]",
2497,"[5.586871,2.009918,2.452262]",
2498,"[5.586318,2.009862,2.439586]",
2499,"[5.585964,2.009666,2.431474]",
2500,"[5.584702,2.007883,2.402588]",
2501,"[5.583789,2.006686,2.381678]",
2502,"[5.581659,2.004801,2.332888]",
2503,"[5.579973,2.002632,2.294257]",
2504,"[5.659948,2.013341,1.917293]",
2505,"[5.644263,2.007426,1.8364]",
2506,"[5.637206,2.004691,1.800007]",
2507,"[5.626138,2.001852,1.742928]",
2508,"[5.692046,2.01038,1.664596]",
2509,"[5.68887,2.010444,1.664485]",
2510,"[5.694695,2.011687,1.664688]",
2511,"[5.6954,2.011971,1.664713]",
2512,"[5.693237,2.01165,1.664638]",
2513,"[5.698393,2.012326,1.664818]",
2514,"[5.626336,2.002018,1.743947]",
2515,"[5.626785,2.001664,1.746262]",
2516,"[5.631107,2.001478,1.768555]",
2517,"[5.634412,2.00195,1.785597]",
2518,"[5.635932,2.002447,1.793439]",
2519,"[5.635998,2.002627,1.793779]",
2520,"[5.635987,2.002758,1.793719]",
2521,"[5.628003,2.01222,1.752542]",
2522,"[5.731223,2.031392,1.665964]",
2523,"[5.709848,2.030843,1.665218]",
2524,"[5.705756,2.030802,1.665075]",
2525,"[5.700748,2.030416,1.6649]",
2526,"[5.699957,2.030397,1.664872]",
2527,"[5.701148,2.030869,1.664914]",
2528,"[5.701511,2.031047,1.664927]",
2529,"[5.70535,2.032287,1.665061]",
2530,"[5.712572,2.035928,1.665313]",
2531,"[5.715745,2.038158,1.665424]",
2532,"[5.724321,2.044873,1.665723]",
2533,"[5.729093,2.048697,1.66589]",
2534,"[5.73574,2.052969,1.666122]",
2535,"[5.62589,2.03529,1.74165]",
2536,"[5.626573,2.037262,1.745169]",
2537,"[5.627487,2.039883,1.749884]",
2538,"[5.627869,2.040754,1.751853]",
2539,"[5.734811,2.061932,1.666089]",
2540,"[5.72964,2.060893,1.665909]",
2541,"[5.723683,2.058917,1.665701]",
2542,"[5.723141,2.057977,1.665682]",
2543,"[5.723415,2.0567,1.665691]",
2544,"[5.724321,2.05632,1.665723]",
2545,"[5.725735,2.055991,1.665772]",
2546,"[5.726663,2.056152,1.665805]",
2547,"[5.727107,2.05633,1.66582]",
2548,"[5.728761,2.057403,1.665878]",
2549,"[5.730217,2.058318,1.665929]",
2550,"[5.633276,2.063936,1.779741]",
2551,"[5.636836,2.072951,1.798096]",
2552,"[5.641057,2.080469,1.819865]",
2553,"[5.644773,2.086739,1.839031]",
2554,"[5.645724,2.087888,1.843936]",
2555,"[5.646686,2.08829,1.848895]",
2556,"[5.646953,2.088023,1.850276]",
2557,"[5.64731,2.08759,1.852119]",
2558,"[5.647455,2.087238,1.852864]",
2559,"[5.647697,2.086351,1.854113]",
2560,"[5.647801,2.085812,1.854647]",
2561,"[5.647902,2.085186,1.855171]",
2562,"[5.648085,2.083709,1.856112]",
2563,"[5.648164,2.082862,1.856521]",
2564,"[5.648346,2.082573,1.857461]",
2565,"[5.648448,2.083535,1.857986]",
2566,"[5.648615,2.085613,1.858847]",
2567,"[5.648787,2.087896,1.859734]",
2568,"[5.648822,2.088583,1.859916]",
2569,"[5.648433,2.089052,1.857905]",
2570,"[5.647936,2.089156,1.855347]",
2571,"[5.647634,2.089041,1.853784]",
2572,"[5.647259,2.088919,1.851853]",
2573,"[5.646904,2.088805,1.850021]",
2574,"[5.646566,2.088593,1.848278]",
2575,"[5.646199,2.088346,1.846387]",
2576,"[5.646204,2.088533,1.846409]",
2577,"[5.646204,2.088627,1.846413]",
2578,"[5.6462,2.088839,1.84639]",
2579,"[5.646201,2.089012,1.846397]",
2580,"[5.646198,2.089411,1.846384]",
2581,"[5.646194,2.089589,1.846357]",
2582,"[5.646189,2.089723,1.846335]",
2583,"[5.64618,2.08994,1.846288]",
2584,"[5.645955,2.089815,1.845128]",
2585,"[5.640357,2.083807,1.816258]",
2586,"[5.637533,2.081209,1.801695]",
2587,"[5.634701,2.078778,1.78709]",
2588,"[5.633975,2.07803,1.783345]",
2589,"[5.632699,2.07602,1.77676]",
2590,"[5.632336,2.075351,1.774891]",
2591,"[5.632024,2.074792,1.773281]",
2592,"[5.631377,2.073634,1.769947]",
2593,"[5.631043,2.073123,1.768224]",
2594,"[5.630462,2.07193,1.765229]",
2595,"[5.630203,2.071406,1.763892]",
2596,"[5.629802,2.070538,1.761822]",
2597,"[5.629631,2.07018,1.76094]",
2598,"[5.60006,2.063417,1.771289]",
2599,"[5.599758,2.063309,1.770411]",
2600,"[5.473594,2.03535,1.8174]",
2601,"[5.469096,2.034425,1.818032]",
2602,"[5.468187,2.034152,1.817904]",
2603,"[5.466707,2.033772,1.817519]",
2604,"[5.466286,2.033665,1.817297]",
2605,"[5.466006,2.033594,1.817117]",
2606,"[5.464958,2.033147,1.816511]",
2607,"[5.464401,2.032661,1.816114]",
2608,"[5.463019,2.031747,1.815708]",
2609,"[5.462758,2.030944,1.815256]",
2610,"[5.462199,2.030177,1.81495]",
2611,"[5.46026,2.028899,1.815356]",
2612,"[5.459256,2.028447,1.815647]",
2613,"[5.457664,2.027978,1.816181]",
2614,"[5.454746,2.027306,1.816653]",
2615,"[5.453212,2.026803,1.816841]",
2616,"[5.45013,2.025979,1.817519]",
2617,"[5.448633,2.02541,1.81773]",
2618,"[5.445832,2.024614,1.818541]",
2619,"[5.4408,2.022013,1.819788]",
2620,"[5.438561,2.020857,1.820377]",
2621,"[5.436375,2.017836,1.820758]",
2622,"[5.453759,2.0046,1.837608]",
2623,"[5.95,2.028605,1.724779]",
2624,"[5.95,2.010533,1.740408]",
2625,"[5.95,1.999521,1.749667]",
2626,"[5.95,1.985532,1.760265]",
2627,"[5.95,1.982125,1.762721]",
2628,"[5.95,1.979325,1.764799]",
2629,"[5.95,1.978244,1.765126]",
2630,"[5.95,1.973992,1.765213]",
2631,"[5.95,1.970696,1.765045]",
2632,"[5.95,1.928193,1.815818]",
2633,"[5.95,1.906196,1.841223]",
2634,"[5.95,1.894028,1.858363]",
2635,"[5.95,1.883719,1.875702]",
2636,"[5.95,1.881904,1.880869]",
2637,"[5.95,1.880555,1.888251]",
2638,"[5.95,1.879982,1.891613]",
2639,"[5.95,1.880049,1.893976]",
2640,"[5.95,1.880389,1.899851]",
2641,"[5.95,1.880714,1.903525]",
2642,"[5.95,1.880901,1.911778]",
2643,"[5.95,1.880373,1.916468]",
2644,"[5.95,1.878556,1.925368]",
2645,"[5.95,1.877166,1.93066]",
2646,"[5.95,1.874907,1.940084]",
2647,"[5.95,1.873834,1.944893]",
2648,"[5.95,1.871984,1.950063]",
2649,"[5.95,1.866584,1.959467]",
2650,"[5.797031,1.864121,1.979115]",
2651,"[5.582939,1.862681,2.003794]",
2652,"[5.582684,1.861961,2.005576]",
2653,"[5.58223,1.860655,2.008596]",
2654,"[5.582074,1.860158,2.009271]",
2655,"[5.581894,1.859144,2.010083]",
2656,"[5.581864,1.857206,2.010946]",
2657,"[5.581864,1.85624,2.010936]",
2658,"[5.581866,1.853561,2.010876]",
2659,"[5.581914,1.853156,2.009505]",
2660,"[5.581936,1.853304,2.008865]",
2661,"[5.581925,1.853956,2.009193]",
2662,"[5.581877,1.853993,2.010581]",
2663,"[5.581694,1.854736,2.015815]",
2664,"[5.581594,1.855289,2.018669]",
2665,"[5.581381,1.858449,2.024762]",
2666,"[5.581555,1.860653,2.027915]",
2667,"[5.675596,1.864122,2.030022]",
2668,"[5.906335,1.864122,2.02569]",
2669,"[5.95,1.876852,2.031632]",
2670,"[5.95,1.88749,2.039593]",
2671,"[5.95,1.895139,2.04296]",
2672,"[5.95,1.911116,2.054876]",
2673,"[5.95,1.918522,2.062268]",
2674,"[5.95,1.929072,2.065609]",
2675,"[5.576373,1.921938,2.076164]",
2676,"[5.575006,1.926219,2.082915]",
2677,"[5.575027,1.926427,2.082297]",
2678,"[5.57503,1.926827,2.082227]",
2679,"[5.57493,1.928604,2.085078]",
2680,"[5.574935,1.928533,2.084944]",
2681,"[5.575026,1.924848,2.082351]",
2682,"[5.57503,1.923553,2.082225]",
2683,"[5.575553,1.91495,2.078696]",
2684,"[5.576619,1.909253,2.076012]",
2685,"[5.578994,1.904737,2.074695]",
2686,"[5.95,1.884223,2.038318]",
2687,"[5.95,1.873393,2.037489]",
2688,"[5.580824,1.862668,2.064268]",
2689,"[5.580297,1.846486,2.055819]",
2690,"[5.95,1.765138,1.987768]",
2691,"[5.95,1.742507,1.977824]",
2692,"[5.95,1.715014,1.964931]",
2693,"[5.95,1.703859,1.957889]",
2694,"[5.95,1.702643,1.952104]",
2695,"[5.95,1.69173,1.936445]",
2696,"[5.95,1.692974,1.924802]",
2697,"[5.95,1.699832,1.901062]",
2698,"[5.95,1.705805,1.888673]",
2699,"[5.95,1.731116,1.865226]",
2700,"[5.95,1.738067,1.856765]",
2701,"[5.95,1.755313,1.849342]",
2702,"[5.95,1.771337,1.839186]",
2703,"[5.95,1.782535,1.834375]",
2704,"[5.95,1.794296,1.833277]",
2705,"[5.584942,1.832769,1.941894]",
2706,"[5.584138,1.839248,1.945811]",
2707,"[5.583975,1.844424,1.950479]",
2708,"[5.583883,1.847765,1.953116]",
2709,"[5.583781,1.854172,1.956038]",
2710,"[5.583762,1.857121,1.956586]",
2711,"[5.647909,1.864764,1.923345]",
2712,"[5.643588,1.868218,1.91827]",
2713,"[5.636214,1.873262,1.911047]",
2714,"[5.633592,1.874295,1.90768]",
2715,"[5.628268,1.87511,1.902685]",
2716,"[5.625464,1.875102,1.900643]",
2717,"[5.622622,1.874872,1.898954]",
2718,"[5.653602,1.873231,1.884564]",
2719,"[5.653534,1.873737,1.884216]",
2720,"[5.653282,1.872597,1.882915]",
2721,"[5.95,1.865339,1.78387]",
2722,"[5.95,1.864762,1.782923]",
2723,"[5.8738,1.864121,1.805579]",
2724,"[5.744161,1.864122,1.846601]",
2725,"[5.586677,1.862521,1.89554]",
2726,"[5.586267,1.860857,1.894543]",
2727,"[5.586007,1.857198,1.892304]",
2728,"[5.586048,1.85493,1.891131]",
2729,"[5.586144,1.849864,1.888378]",
2730,"[5.58621,1.846839,1.886472]",
2731,"[5.586358,1.840673,1.882246]",
2732,"[5.586474,1.835478,1.878909]",
2733,"[5.95,1.81309,1.75104]",
2734,"[5.95,1.667733,1.701229]",
2735,"[5.86633,1.642768,1.720212]",
2736,"[5.682934,1.461907,1.755098]",
2737,"[5.691089,1.437156,1.745409]",
2738,"[5.710588,1.35673,1.722245]",
2739,"[5.711727,1.333395,1.720892]",
2740,"[5.715414,1.302521,1.716512]",
2741,"[5.716779,1.294278,1.714891]",
2742,"[5.719949,1.283886,1.711124]",
2743,"[5.723014,1.278854,1.707483]",
2744,"[5.723589,1.28114,1.706801]",
2745,"[5.727117,1.280834,1.70261]",
2746,"[5.726263,1.288854,1.703624]",
2747,"[5.724184,1.30147,1.706094]",
2748,"[5.723577,1.305974,1.706815]",
2749,"[5.717402,1.322094,1.714151]",
2750,"[5.714721,1.333781,1.717335]",
2751,"[5.711788,1.345491,1.72082]",
2752,"[5.709034,1.361803,1.724091]",
2753,"[5.708334,1.368411,1.724923]",
2754,"[5.703452,1.382277,1.730722]",
2755,"[5.70284,1.386171,1.731449]",
2756,"[5.703426,1.391227,1.730754]",
2757,"[5.723213,1.389448,1.707247]",
2758,"[5.732182,1.387691,1.696592]",
2759,"[5.750126,1.375892,1.675275]",
2760,"[5.755327,1.369472,1.666806]",
2761,"[5.738613,1.372302,1.666222]",
2762,"[5.73268,1.373524,1.666015]",
2763,"[5.730363,1.373926,1.665934]",
2764,"[5.73038,1.373778,1.665935]",
2765,"[5.731187,1.373499,1.665963]",
2766,"[5.732722,1.37303,1.666017]",
2767,"[5.733618,1.372693,1.666048]",
2768,"[5.737857,1.370338,1.666196]",
2769,"[5.740179,1.36872,1.666277]",
2770,"[5.743402,1.366372,1.666389]",
2771,"[5.744046,1.365902,1.666412]",
2772,"[5.744627,1.36545,1.666432]",
2773,"[5.744037,1.364752,1.666412]",
2774,"[5.74318,1.364479,1.666382]",
2775,"[5.741477,1.364106,1.666322]",
2776,"[5.740588,1.363986,1.666291]",
2777,"[5.740267,1.36394,1.66628]",
2778,"[5.73999,1.363997,1.66627]",
2779,"[5.739902,1.364128,1.666267]",
2780,"[5.743118,1.363594,1.66638]",
2781,"[5.745692,1.363255,1.66647]",
2782,"[5.74122,1.424003,1.685856]",
2783,"[5.737355,1.435794,1.690447]",
2784,"[5.728814,1.477861,1.700594]",
2785,"[5.726027,1.487362,1.703904]",
2786,"[5.724466,1.493418,1.705759]",
2787,"[5.723632,1.499856,1.706749]",
2788,"[5.723714,1.502126,1.706652]",
2789,"[5.722559,1.504883,1.708024]",
2790,"[5.721342,1.505881,1.70947]",
2791,"[5.719283,1.507084,1.711916]",
2792,"[5.717542,1.508293,1.713984]",
2793,"[5.714773,1.510248,1.717273]",
2794,"[5.713584,1.511101,1.718686]",
2795,"[5.712452,1.51191,1.720031]",
2796,"[5.712921,1.51337,1.719473]",
2797,"[5.713551,1.514758,1.718726]",
2798,"[5.714543,1.517716,1.717546]",
2799,"[5.71494,1.519463,1.717075]",
2800,"[5.714249,1.52294,1.717897]",
2801,"[5.713153,1.524935,1.719198]",
2802,"[5.711995,1.52672,1.720574]",
2803,"[5.709148,1.531001,1.723956]",
2804,"[5.70737,1.532945,1.726068]",
2805,"[5.703754,1.536523,1.730364]",
2806,"[5.701829,1.538403,1.73265]",
2807,"[5.697937,1.54286,1.737273]",
2808,"[5.695849,1.545659,1.739755]",
2809,"[5.692481,1.549469,1.743756]",
2810,"[5.690693,1.551942,1.745879]",
2811,"[5.689014,1.554829,1.747874]",
2812,"[5.685303,1.561002,1.752283]",
2813,"[5.683408,1.563814,1.754534]",
2814,"[5.684627,1.566321,1.753087]",
2815,"[5.6852,1.56774,1.752405]",
2816,"[5.681872,1.575105,1.756358]",
2817,"[5.679905,1.57711,1.758695]",
2818,"[5.677928,1.579782,1.761044]",
2819,"[5.679863,1.58025,1.758746]",
2820,"[5.680818,1.581265,1.757611]",
2821,"[5.682783,1.584171,1.755277]",
2822,"[5.683151,1.584466,1.754839]",
2823,"[5.683513,1.585865,1.75441]",
2824,"[5.681503,1.588024,1.756797]",
2825,"[5.679567,1.59182,1.759097]",
2826,"[5.68007,1.592935,1.758499]",
2827,"[5.680285,1.593269,1.758244]",
2828,"[5.67673,1.597294,1.762467]",
2829,"[5.677426,1.597598,1.761641]",
2830,"[5.678634,1.599332,1.760205]",
2831,"[5.679175,1.601282,1.759562]",
2832,"[5.680271,1.602206,1.758261]",
2833,"[5.680421,1.60412,1.758083]",
2834,"[5.681035,1.604515,1.757353]",
2835,"[5.681677,1.606055,1.75659]",
2836,"[5.681633,1.607132,1.756642]",
2837,"[5.681276,1.608361,1.757067]",
2838,"[5.681056,1.608072,1.757328]",
2839,"[5.680147,1.60542,1.758408]",
2840,"[5.678425,1.602569,1.760453]",
2841,"[5.676311,1.600687,1.762966]",
2842,"[5.672945,1.595357,1.766963]",
2843,"[5.671261,1.590662,1.768964]",
2844,"[5.668568,1.575275,1.772163]",
2845,"[5.666933,1.568503,1.774105]",
2846,"[5.668692,1.553668,1.772016]",
2847,"[5.671262,1.546618,1.768963]",
2848,"[5.677388,1.535495,1.761685]",
2849,"[5.681468,1.53,1.756839]",
2850,"[5.685273,1.524248,1.752319]",
2851,"[5.69258,1.514436,1.743638]",
2852,"[5.696763,1.508864,1.738669]",
2853,"[5.705082,1.499327,1.728786]",
2854,"[5.711761,1.495359,1.720852]",
2855,"[5.726205,1.488797,1.703693]",
2856,"[5.733845,1.486084,1.694617]",
2857,"[5.741349,1.483772,1.685702]",
2858,"[5.754837,1.481274,1.666789]",
2859,"[5.725482,1.493371,1.686869]",
2860,"[5.500352,1.571482,1.82016]",
2861,"[5.420161,1.599971,1.867973]",
2862,"[5.419284,1.600928,1.868666]",
2863,"[5.429319,1.598943,1.862131]",
2864,"[5.434955,1.597713,1.858239]",
2865,"[5.43994,1.599443,1.857933]",
2866,"[5.454766,1.597777,1.855066]",
2867,"[5.472266,1.593467,1.850565]",
2868,"[5.475752,1.592866,1.851235]",
2869,"[5.472761,1.594233,1.85663]",
2870,"[5.471561,1.594647,1.86316]",
2871,"[5.473248,1.593982,1.865539]",
2872,"[5.475247,1.593249,1.868304]",
2873,"[5.478391,1.591783,1.87353]",
2874,"[5.479654,1.59081,1.875964]",
2875,"[5.480804,1.589802,1.878265]",
2876,"[5.481868,1.588203,1.882027]",
2877,"[5.482017,1.587566,1.883813]",
2878,"[5.482012,1.587422,1.887452]",
2879,"[5.481748,1.587454,1.889581]",
2880,"[5.480108,1.587876,1.893754]",
2881,"[5.478426,1.588445,1.896082]",
2882,"[5.47597,1.589093,1.897897]",
2883,"[5.470068,1.590411,1.902073]",
2884,"[5.46681,1.590382,1.904489]",
2885,"[5.466663,1.548438,1.922621]",
2886,"[5.462439,1.535601,1.930625]",
2887,"[5.452371,1.512918,1.947308]",
2888,"[5.448636,1.504765,1.953535]",
2889,"[5.445091,1.491694,1.96134]",
2890,"[5.537752,1.441942,1.927372]",
2891,"[5.894828,1.264227,1.788783]",
2892,"[5.578642,1.406206,1.918842]",
2893,"[5.578642,1.402431,1.920576]",
2894,"[5.578642,1.395645,1.920009]",
2895,"[5.578642,1.392926,1.919726]",
2896,"[5.823283,1.264227,1.821065]",
2897,"[5.818735,1.264227,1.821669]",
2898,"[5.809506,1.264227,1.823083]",
2899,"[5.804307,1.264227,1.823802]",
2900,"[5.799348,1.264227,1.824387]",
2901,"[5.795979,1.264227,1.824091]",
2902,"[5.79502,1.264227,1.823762]",
2903,"[5.793566,1.264227,1.82261]",
2904,"[5.796283,1.264227,1.820273]",
2905,"[5.79926,1.264227,1.816876]",
2906,"[5.79986,1.264227,1.815625]",
2907,"[5.800122,1.264227,1.815057]",
2908,"[5.800838,1.264227,1.814075]",
2909,"[5.801384,1.264227,1.81376]",
2910,"[5.802221,1.264227,1.813386]",
2911,"[5.458337,1.443065,1.93512]",
2912,"[5.413578,1.466809,1.951075]",
2913,"[5.416266,1.465674,1.950446]",
2914,"[5.421358,1.463174,1.949003]",
2915,"[5.43441,1.456433,1.945225]",
2916,"[5.442544,1.452221,1.942919]",
2917,"[5.45947,1.443498,1.938118]",
2918,"[5.46639,1.439939,1.936206]",
2919,"[5.477635,1.435226,1.933735]",
2920,"[5.482872,1.433247,1.932904]",
2921,"[5.489017,1.430812,1.931608]",
2922,"[5.500341,1.42612,1.929525]",
2923,"[5.506919,1.423503,1.928755]",
2924,"[5.519666,1.418049,1.926542]",
2925,"[5.523845,1.416667,1.926428]",
2926,"[5.530973,1.41405,1.925788]",
2927,"[5.533278,1.413006,1.925493]",
2928,"[5.537473,1.410938,1.925542]",
2929,"[5.540009,1.409917,1.926013]",
2930,"[5.542951,1.408648,1.926662]",
2931,"[5.548387,1.405819,1.925526]",
2932,"[5.551277,1.404187,1.92512]",
2933,"[5.557536,1.400064,1.924689]",
2934,"[5.560531,1.39831,1.922519]",
2935,"[5.565867,1.394522,1.919801]",
2936,"[5.567928,1.392699,1.919369]",
2937,"[5.569644,1.391084,1.919146]",
2938,"[5.673203,1.336428,1.892494]",
2939,"[5.672255,1.336995,1.891696]",
2940,"[5.670819,1.338454,1.890487]",
2941,"[5.670752,1.338751,1.890431]",
2942,"[5.670711,1.339176,1.890396]",
2943,"[5.67048,1.340298,1.890202]",
2944,"[5.66974,1.342814,1.889579]",
2945,"[5.669422,1.344229,1.889311]",
2946,"[5.668895,1.345781,1.888867]",
2947,"[5.667741,1.348866,1.887896]",
2948,"[5.667027,1.350654,1.887295]",
2949,"[5.665845,1.353598,1.886301]",
2950,"[5.665254,1.355149,1.885802]",
2951,"[5.663648,1.35798,1.88445]",
2952,"[5.662829,1.359473,1.883761]",
2953,"[5.661825,1.361195,1.882916]",
2954,"[5.659289,1.363645,1.880782]",
2955,"[5.657696,1.364629,1.87944]",
2956,"[5.653746,1.367627,1.876116]",
2957,"[5.652119,1.369156,1.874746]",
2958,"[5.649134,1.372046,1.872233]",
2959,"[5.650346,1.372429,1.873253]",
2960,"[5.651152,1.372739,1.873932]",
2961,"[5.652945,1.374298,1.875441]",
2962,"[5.653616,1.37505,1.876006]",
2963,"[5.655603,1.375449,1.877679]",
2964,"[5.657043,1.375397,1.878891]",
2965,"[5.659528,1.374945,1.880983]",
2966,"[5.660943,1.374454,1.882173]",
2967,"[5.663667,1.373103,1.884467]",
2968,"[5.664988,1.37239,1.885579]",
2969,"[5.666044,1.371975,1.886468]",
2970,"[5.667589,1.371508,1.887768]",
2971,"[5.667977,1.371333,1.888095]",
2972,"[5.668474,1.371072,1.888513]",
2973,"[5.668602,1.370994,1.888621]",
2974,"[5.668976,1.370737,1.888936]",
2975,"[5.561181,1.423406,1.913018]",
2976,"[5.518253,1.444453,1.922614]",
2977,"[5.504247,1.451562,1.925789]",
2978,"[5.504935,1.451367,1.925671]",
2979,"[5.503519,1.452149,1.9261]",
2980,"[5.502161,1.452788,1.92651]",
2981,"[5.499125,1.454173,1.927413]",
2982,"[5.498283,1.454507,1.927837]",
2983,"[5.49613,1.455511,1.928921]",
2984,"[5.495092,1.456019,1.929628]",
2985,"[5.494092,1.45652,1.930248]",
2986,"[5.491969,1.457713,1.931513]",
2987,"[5.489944,1.458766,1.932359]",
2988,"[5.484912,1.461348,1.934533]",
2989,"[5.481939,1.462866,1.936155]",
2990,"[5.474414,1.466547,1.93926]",
2991,"[5.47084,1.468305,1.940689]",
2992,"[5.459234,1.473945,1.944109]",
2993,"[5.452194,1.477264,1.946077]",
2994,"[5.681585,1.366106,1.89955]",
2995,"[5.682682,1.364977,1.900473]",
2996,"[5.683481,1.364107,1.901146]",
2997,"[5.685175,1.362256,1.902572]",
2998,"[5.68607,1.36129,1.903325]",
2999,"[5.687268,1.360003,1.904334]",
3000,"[5.689507,1.357614,1.906218]",
3001,"[5.690746,1.35641,1.907261]",
3002,"[5.692496,1.354635,1.908735]",
3003,"[5.692487,1.354642,1.908727]",
3004,"[5.692146,1.354872,1.90844]",
3005,"[5.691851,1.354988,1.908191]",
3006,"[5.419915,1.487931,1.960205]",
3007,"[5.425329,1.485175,1.958964]",
3008,"[5.432287,1.481796,1.957458]",
3009,"[5.447032,1.474666,1.954249]",
3010,"[5.454423,1.471007,1.952634]",
3011,"[5.46825,1.463999,1.949691]",
3012,"[5.475,1.460327,1.948392]",
3013,"[5.492386,1.450579,1.945512]",
3014,"[5.500948,1.445272,1.944395]",
3015,"[5.509772,1.43972,1.943369]",
3016,"[5.525522,1.428777,1.942386]",
3017,"[5.531803,1.423328,1.942503]",
3018,"[5.540692,1.413845,1.942248]",
3019,"[5.542847,1.409099,1.942495]",
3020,"[5.549299,1.399188,1.942515]",
3021,"[5.545529,1.359025,1.925233]",
3022,"[5.544331,1.326609,1.911479]",
3023,"[5.544599,1.315556,1.906889]",
3024,"[5.545187,1.306677,1.902252]",
3025,"[5.546438,1.292397,1.895637]",
3026,"[5.547391,1.288357,1.893216]",
3027,"[5.550248,1.284463,1.889924]",
3028,"[5.551886,1.281891,1.887936]",
3029,"[5.55595,1.275847,1.883893]",
3030,"[5.586637,1.252502,1.874272]",
3031,"[5.586679,1.251408,1.873073]",
3032,"[5.586736,1.250421,1.87143]",
3033,"[5.586772,1.249592,1.870376]",
3034,"[5.586806,1.248849,1.869428]",
3035,"[5.586812,1.248028,1.869232]",
3036,"[5.586846,1.244841,1.868268]",
3037,"[5.586883,1.242046,1.867222]",
3038,"[5.586936,1.241761,1.865699]",
3039,"[5.586967,1.241915,1.864796]",
3040,"[5.587002,1.24229,1.863813]",
3041,"[5.587099,1.242351,1.861042]",
3042,"[5.587154,1.241809,1.859436]",
3043,"[5.587235,1.242313,1.85712]",
3044,"[5.587262,1.242077,1.856357]",
3045,"[5.587284,1.240276,1.855737]",
3046,"[5.587296,1.237915,1.855392]",
3047,"[5.587986,1.232906,1.854481]",
3048,"[5.624534,1.055839,1.826318]",
3049,"[5.624534,1.012279,1.820847]",
3050,"[5.624534,0.9505293,1.812339]",
3051,"[5.624534,0.8935257,1.800162]",
3052,"[5.624534,0.817299,1.783835]",
3053,"[5.624534,0.7778115,1.775159]",
3054,"[5.624534,0.7667755,1.773725]",
3055,"[5.624534,0.7286512,1.766539]",
3056,"[5.624534,0.7194127,1.764639]",
3057,"[5.624534,0.700698,1.76025]",
3058,"[5.624534,0.6932863,1.758185]",
3059,"[5.624534,0.6908034,1.756744]",
3060,"[5.624534,0.6919633,1.756955]",
3061,"[5.624534,0.6920912,1.75695]",
3062,"[5.624534,0.6920259,1.756881]",
3063,"[5.624534,0.6977049,1.75731]",
3064,"[5.624534,0.7344596,1.763372]",
3065,"[5.624534,0.7720696,1.768326]",
3066,"[5.624534,0.8027727,1.772701]",
3067,"[5.624534,0.811004,1.774866]",
3068,"[5.624534,0.8274729,1.778713]",
3069,"[5.624534,0.8334966,1.780114]",
3070,"[5.624534,0.8368737,1.781037]",
3071,"[5.624534,0.8487844,1.784872]",
3072,"[5.624534,0.8528397,1.786892]",
3073,"[5.624534,0.8616281,1.791719]",
3074,"[5.624534,0.8659762,1.794175]",
3075,"[5.624534,0.8797889,1.800208]",
3076,"[5.624534,0.8865807,1.802828]",
3077,"[5.624534,0.8975716,1.805784]",
3078,"[5.624534,0.9028329,1.806605]",
3079,"[5.624534,0.9081349,1.807261]",
3080,"[5.624534,0.9170873,1.80725]",
3081,"[5.624534,0.9214897,1.806682]",
3082,"[5.624534,0.9317032,1.799911]",
3083,"[5.624534,0.9362245,1.797281]",
3084,"[5.624534,0.9541133,1.773514]",
3085,"[5.624534,0.9584237,1.766648]",
3086,"[5.624534,0.9646136,1.757608]",
3087,"[5.624534,0.9666183,1.755219]",
3088,"[5.624534,0.9681554,1.753478]",
3089,"[5.624534,0.9685384,1.751169]",
3090,"[5.624534,0.9683574,1.749887]",
3091,"[5.624534,0.9670136,1.74725]",
3092,"[5.624534,0.9660671,1.745886]",
3093,"[5.624534,0.965132,1.744445]",
3094,"[5.624534,0.9650379,1.742181]",
3095,"[5.624534,0.9652246,1.741194]",
3096,"[5.624534,0.9654788,1.739217]",
3097,"[5.624534,0.9650344,1.737983]",
3098,"[5.624534,0.9639813,1.735756]",
3099,"[5.624534,0.9636515,1.735017]",
3100,"[5.624534,0.9633597,1.733953]",
3101,"[5.624534,0.9634056,1.733782]",
3102,"[5.624534,0.963445,1.733709]",
3103,"[5.624534,0.963466,1.733425]",
3104,"[5.624534,0.9634373,1.733226]",
3105,"[5.624534,0.963341,1.732799]",
3106,"[5.624534,0.9632902,1.732625]",
3107,"[5.624534,0.9631284,1.732418]",
3108,"[5.624534,0.962885,1.732334]",
3109,"[5.624534,0.9625686,1.732358]",
3110,"[5.624534,0.9619053,1.733087]",
3111,"[5.624534,0.9615632,1.733863]",
3112,"[5.575366,1.006119,1.753265]",
3113,"[5.531104,1.046686,1.769817]",
3114,"[5.514406,1.061006,1.777272]",
3115,"[5.517348,1.057769,1.784487]",
3116,"[5.521625,1.053365,1.791575]",
3117,"[5.523358,1.052874,1.79477]",
3118,"[5.524837,1.052169,1.796959]",
3119,"[5.527643,1.051484,1.800838]",
3120,"[5.528854,1.051058,1.801828]",
3121,"[5.530754,1.0503,1.803739]",
3122,"[5.531074,1.050728,1.804815]",
3123,"[5.530723,1.052213,1.806944]",
3124,"[5.530568,1.052902,1.807958]",
3125,"[5.530235,1.054723,1.809435]",
3126,"[5.530404,1.055957,1.810093]",
3127,"[5.530529,1.056772,1.810602]",
3128,"[5.531087,1.05854,1.811856]",
3129,"[5.531317,1.05934,1.812415]",
3130,"[5.53137,1.060897,1.813367]",
3131,"[5.531154,1.061917,1.813813]",
3132,"[5.529111,1.066155,1.815039]",
3133,"[5.52754,1.069183,1.815773]",
3134,"[5.525412,1.072039,1.816656]",
3135,"[5.521636,1.076315,1.817863]",
3136,"[5.52073,1.077065,1.817947]",
3137,"[5.518787,1.078701,1.818102]",
3138,"[5.517317,1.079963,1.818277]",
3139,"[5.95,0.6901124,1.688002]",
3140,"[5.95,0.6895638,1.687755]",
3141,"[5.95,0.6893088,1.687605]",
3142,"[5.95,0.6891317,1.687579]",
3143,"[5.95,0.689182,1.687712]",
3144,"[5.95,0.6890671,1.688354]",
3145,"[5.95,0.688962,1.688985]",
3146,"[5.95,0.6881141,1.691018]",
3147,"[5.95,0.6876456,1.692253]",
3148,"[5.95,0.6873229,1.693565]",
3149,"[5.95,0.6848565,1.695492]",
3150,"[5.95,0.6838818,1.696607]",
3151,"[5.95,0.6801286,1.698902]",
3152,"[5.95,0.6768225,1.700637]",
3153,"[5.496758,1.08762,1.834594]",
3154,"[5.49327,1.071986,1.895346]",
3155,"[5.494077,1.065643,1.913345]",
3156,"[5.499387,1.054575,1.95522]",
3157,"[5.502583,1.049203,1.964742]",
3158,"[5.511583,1.036665,1.975502]",
3159,"[5.516198,1.030787,1.976898]",
3160,"[5.624534,0.911235,1.932425]",
3161,"[5.624534,0.9074101,1.92119]",
3162,"[5.624534,0.9054859,1.915187]",
3163,"[5.624534,0.9022884,1.898105]",
3164,"[5.624534,0.9029084,1.891072]",
3165,"[5.624534,0.9048966,1.881442]",
3166,"[5.624534,0.9059078,1.878923]",
3167,"[5.624534,0.9085941,1.875356]",
3168,"[5.624534,0.9102997,1.874087]",
3169,"[5.624534,0.9137781,1.872736]",
3170,"[5.624534,0.9157003,1.872524]",
3171,"[5.624534,0.916869,1.872914]",
3172,"[5.624534,0.9201557,1.876278]",
3173,"[5.624534,0.9233711,1.880894]",
3174,"[5.624534,0.9284902,1.899192]",
3175,"[5.624534,0.9332273,1.910607]",
3176,"[5.709156,0.8569571,2.255598]",
3177,"[5.680998,0.8835291,2.262415]",
3178,"[5.618679,0.9410815,2.277182]",
3179,"[5.596,0.9609407,2.287623]",
3180,"[5.596,0.9589926,2.301156]",
3181,"[5.596,0.9558712,2.309503]",
3182,"[5.596,0.9549005,2.31036]",
3183,"[5.596,0.9519153,2.316463]",
3184,"[5.596,0.9506674,2.316315]",
3185,"[5.635643,0.9088308,2.32914]",
3186,"[5.63613,0.9066514,2.32914]",
3187,"[5.596,0.9446336,2.315086]",
3188,"[5.596,0.9445595,2.314276]",
3189,"[5.596,0.9452543,2.308934]",
3190,"[5.596,0.9472759,2.301242]",
3191,"[5.596,0.948905,2.29865]",
3192,"[5.596,0.9528243,2.291651]",
3193,"[5.596,0.9544641,2.288514]",
3194,"[5.59904,0.9550446,2.280764]",
3195,"[5.603834,0.9509965,2.279726]",
3196,"[5.617251,0.9389075,2.276624]",
3197,"[5.642992,0.9170407,2.271013]",
3198,"[5.656298,0.9060885,2.268203]",
3199,"[5.682043,0.8839189,2.262516]",
3200,"[5.689891,0.8773804,2.260838]",
3201,"[5.715758,0.856454,2.255469]",
3202,"[5.729135,0.8461068,2.252814]",
3203,"[5.950001,0.6471503,2.269811]",
3204,"[5.643991,0.9281511,2.236594]",
3205,"[5.639356,0.932739,2.234458]",
3206,"[5.950001,0.6502988,2.257735]",
3207,"[5.950001,0.6523063,2.258211]",
3208,"[5.950001,0.6561855,2.259944]",
3209,"[5.950001,0.6588171,2.261351]",
3210,"[5.622257,0.9554572,2.243299]",
3211,"[5.622912,0.955767,2.243332]",
3212,"[5.623781,0.9563909,2.243777]",
3213,"[5.62416,0.9567947,2.244406]",
3214,"[5.624239,0.9574161,2.245071]",
3215,"[5.623709,0.9612448,2.246552]",
3216,"[5.623795,0.9638541,2.247447]",
3217,"[5.950001,0.6859392,2.252921]",
3218,"[5.950001,0.6853763,2.25256]",
3219,"[5.618583,0.9709758,2.250414]",
3220,"[5.618241,0.9709568,2.250587]",
3221,"[5.618128,0.9709693,2.250571]",
3222,"[5.619257,0.9702906,2.250857]",
3223,"[5.620088,0.9700395,2.251166]",
3224,"[5.620461,0.9709817,2.251355]",
3225,"[5.620063,0.9722258,2.251787]",
3226,"[5.61805,0.9750865,2.251669]",
3227,"[5.616985,0.9761375,2.251546]",
3228,"[5.616373,0.9766238,2.251498]",
3229,"[5.616994,0.974443,2.250052]",
3230,"[5.617716,0.9726158,2.248849]",
3231,"[5.619537,0.9688146,2.246507]",
3232,"[5.620502,0.9673995,2.244768]",
3233,"[5.622626,0.9648346,2.24228]",
3234,"[5.623592,0.9638646,2.240528]",
3235,"[5.625044,0.9626177,2.238911]",
3236,"[5.627764,0.9605305,2.234138]",
3237,"[5.629001,0.9595305,2.232047]",
3238,"[5.630035,0.9582397,2.228788]",
3239,"[5.630819,0.9573763,2.228273]",
3240,"[5.631963,0.955885,2.227397]",
3241,"[5.632838,0.9548613,2.226963]",
3242,"[5.634055,0.9535925,2.22648]",
3243,"[5.950001,0.6859182,2.188533]",
3244,"[5.950001,0.6862853,2.187235]",
3245,"[5.950001,0.686776,2.18589]",
3246,"[5.950001,0.6871255,2.184776]",
3247,"[5.950001,0.6872799,2.182873]",
3248,"[5.950001,0.6869691,2.182251]",
3249,"[5.950001,0.6857169,2.18136]",
3250,"[5.950001,0.6828776,2.179818]",
3251,"[5.950001,0.6807913,2.17964]",
3252,"[5.950001,0.6797886,2.179584]",
3253,"[5.950001,0.6789048,2.179615]",
3254,"[5.950001,0.6778842,2.18004]",
3255,"[5.950001,0.6775063,2.180438]",
3256,"[5.950001,0.6764409,2.180639]",
3257,"[5.950001,0.6764642,2.180852]",
3258,"[5.950001,0.6765741,2.181254]",
3259,"[5.950001,0.676755,2.181169]",
3260,"[5.950001,0.6768981,2.1811]",
3261,"[5.950001,0.6770285,2.181386]",
3262,"[5.950001,0.6771207,2.181505]",
3263,"[5.950001,0.6775648,2.181422]",
3264,"[5.950001,0.6776343,2.181378]",
3265,"[5.950001,0.6780604,2.181329]",
3266,"[5.950001,0.6784058,2.181323]",
3267,"[5.950001,0.6788154,2.181329]",
3268,"[5.950001,0.6796893,2.181353]",
3269,"[5.950001,0.6803113,2.181519]",
3270,"[5.950001,0.6827664,2.1823]",
3271,"[5.950001,0.6839183,2.182766]",
3272,"[5.950001,0.6866184,2.184324]",
3273,"[5.950001,0.6884553,2.185625]",
3274,"[5.950001,0.691927,2.198147]",
3275,"[5.950001,0.6990274,2.21577]",
3276,"[5.573329,0.978049,2.493381]",
3277,"[5.56053,0.9854805,2.523009]",
3278,"[5.559323,0.9858127,2.531996]",
3279,"[5.558888,0.985458,2.54445]",
3280,"[5.559688,0.9844783,2.549249]",
3281,"[5.950001,0.6409472,2.628007]",
3282,"[5.95,0.6377737,2.635658]",
3283,"[5.95,0.6355458,2.63978]",
3284,"[5.95,0.6323166,2.642896]",
3285,"[5.95,0.6306584,2.644288]",
3286,"[5.95,0.6276367,2.64877]",
3287,"[5.95,0.6237082,2.651022]",
3288,"[5.95,0.6158075,2.657109]",
3289,"[5.893779,0.6622185,2.648149]",
3290,"[5.887484,0.6622184,2.648512]",
3291,"[5.875469,0.6622185,2.650538]",
3292,"[5.870882,0.6622185,2.651876]",
3293,"[5.864402,0.6622183,2.652656]",
3294,"[5.862983,0.6622184,2.652526]",
3295,"[5.858401,0.6622185,2.652893]",
3296,"[5.856874,0.6622185,2.652327]",
3297,"[5.854896,0.6622185,2.651749]",
3298,"[5.831491,0.6622185,2.629412]",
3299,"[5.817184,0.6622185,2.615907]",
3300,"[5.798904,0.6622185,2.601004]",
3301,"[5.792011,0.6622185,2.594153]",
3302,"[5.562072,0.8792888,2.5513]",
3303,"[5.559703,0.8773244,2.549309]",
3304,"[5.55934,0.8719209,2.547845]",
3305,"[5.559395,0.8693264,2.548069]",
3306,"[5.705834,0.6622185,2.613355]",
3307,"[5.62905,0.7184822,2.615823]",
3308,"[5.576666,0.7594798,2.615823]",
3309,"[5.576019,0.6807515,2.653137]",
3310,"[5.573487,0.6622185,2.663628]",
3311,"[5.558607,0.6491826,2.676936]",
3312,"[5.558395,0.6400449,2.682988]",
3313,"[5.559048,0.622529,2.694772]",
3314,"[5.552285,0.622529,2.698083]",
3315,"[5.549902,0.622529,2.697675]",
3316,"[5.540561,0.622529,2.697193]",
3317,"[5.535347,0.622529,2.69566]",
3318,"[5.533913,0.6097814,2.695852]",
3319,"[5.533896,0.6011736,2.696315]",
3320,"[5.533858,0.5866869,2.697415]",
3321,"[5.533835,0.5805528,2.698072]",
3322,"[5.533939,0.5800024,2.695098]",
3323,"[5.534033,0.5813449,2.692419]",
3324,"[5.534046,0.5817569,2.692032]",
3325,"[5.534014,0.5784354,2.69294]",
3326,"[5.533973,0.5751954,2.694137]",
3327,"[5.533977,0.5783347,2.694011]",
3328,"[5.533927,0.577987,2.695437]",
3329,"[5.533908,0.5797839,2.695972]",
3330,"[5.533865,0.5865076,2.697215]",
3331,"[5.533838,0.5897297,2.697999]",
3332,"[5.533787,0.5993246,2.699449]",
3333,"[5.533705,0.6014519,2.701791]",
3334,"[5.533606,0.6060576,2.704652]",
3335,"[5.533607,0.6077881,2.704598]",
3336,"[5.533559,0.6073759,2.705989]",
3337,"[5.533625,0.6102512,2.704095]",
3338,"[5.533746,0.6160547,2.700639]",
3339,"[5.533813,0.6202875,2.698689]",
3340,"[5.541923,0.622529,2.693474]",
3341,"[5.555656,0.622529,2.689369]",
3342,"[5.563466,0.622529,2.687081]",
3343,"[5.558681,0.6460207,2.674811]",
3344,"[5.558878,0.6532252,2.66917]",
3345,"[5.559031,0.6575502,2.664772]",
3346,"[5.563083,0.6622185,2.652648]",
3347,"[5.56423,0.6622185,2.644994]",
3348,"[5.564374,0.6622185,2.630837]",
3349,"[5.562558,0.6616468,2.621966]",
3350,"[5.561036,0.6557534,2.607392]",
3351,"[5.561295,0.6504413,2.59996]",
3352,"[5.563062,0.6601741,2.568373]",
3353,"[5.565558,0.6621127,2.556819]",
3354,"[5.558875,0.6747991,2.544833]",
3355,"[5.559409,0.6779904,2.529555]",
3356,"[5.560384,0.676537,2.52346]",
3357,"[5.569715,0.6622186,2.516562]",
3358,"[5.56787,0.6622186,2.509981]",
3359,"[5.56925,0.6622186,2.500554]",
3360,"[5.572409,0.6622186,2.499051]",
3361,"[5.578726,0.6622186,2.494679]",
3362,"[5.581,0.6622186,2.493403]",
3363,"[5.568811,0.6776691,2.490197]",
3364,"[5.562702,0.681113,2.482526]",
3365,"[5.554024,0.6858472,2.409067]",
3366,"[5.561057,0.6722401,2.360291]",
3367,"[5.573618,0.6621522,2.327766]",
3368,"[5.579677,0.6622185,2.291444]",
3369,"[5.579602,0.6622186,2.281466]",
3370,"[5.57455,0.6614166,2.268295]",
3371,"[5.573046,0.6576447,2.263446]",
3372,"[5.573143,0.6526069,2.260681]",
3373,"[5.573295,0.6444144,2.25634]",
3374,"[5.573325,0.6414407,2.255456]",
3375,"[5.571455,0.622529,2.306143]",
3376,"[5.567275,0.6134846,2.333662]",
3377,"[5.563338,0.5989777,2.446383]",
3378,"[5.562177,0.5718735,2.479649]",
3379,"[5.561713,0.559171,2.492929]",
3380,"[5.561003,0.5316474,2.513268]",
3381,"[5.560797,0.523815,2.519158]",
3382,"[5.539394,0.5399019,2.538886]",
3383,"[5.539132,0.5382235,2.54638]",
3384,"[5.538501,0.5448455,2.564468]",
3385,"[5.538208,0.5476134,2.572855]",
3386,"[5.537941,0.5502921,2.580507]",
3387,"[5.537611,0.5540029,2.589956]",
3388,"[5.537363,0.55788,2.597041]",
3389,"[5.536756,0.5927925,2.614429]",
3390,"[5.536655,0.6013925,2.617321]",
3391,"[5.536528,0.6107495,2.62097]",
3392,"[5.536465,0.6133087,2.622755]",
3393,"[5.536407,0.6150662,2.624443]",
3394,"[5.536246,0.6196178,2.629037]",
3395,"[5.536163,0.6217313,2.631412]",
3396,"[5.542448,0.622529,2.634141]",
3397,"[5.549635,0.622529,2.640715]",
3398,"[5.561235,0.622529,2.650835]",
3399,"[5.567255,0.622529,2.654114]",
3400,"[5.559401,0.6347253,2.654195]",
3401,"[5.559409,0.6349243,2.653962]",
3402,"[5.563202,0.622529,2.654258]",
3403,"[5.540985,0.622529,2.651783]",
3404,"[5.535463,0.6170918,2.651456]",
3405,"[5.535375,0.5947187,2.653986]",
3406,"[5.535336,0.5884027,2.655082]",
3407,"[5.535302,0.5869872,2.656061]",
3408,"[5.535288,0.5873052,2.656454]",
3409,"[5.535236,0.5935501,2.657956]",
3410,"[5.5352,0.5971819,2.659002]",
3411,"[5.535155,0.6017897,2.66028]",
3412,"[5.535055,0.6150669,2.663145]",
3413,"[5.53571,0.622529,2.664974]",
3414,"[5.550735,0.622529,2.668531]",
3415,"[5.558443,0.622529,2.669374]",
3416,"[5.558859,0.6437653,2.669716]",
3417,"[5.558896,0.6556086,2.668649]",
3418,"[5.566814,0.6622185,2.668686]",
3419,"[5.584575,0.6622184,2.666712]",
3420,"[5.593135,0.6622185,2.666255]",
3421,"[5.576019,0.6843908,2.661524]",
3422,"[5.576019,0.6843922,2.661373]",
3423,"[5.576019,0.685543,2.660306]",
3424,"[5.576019,0.6842341,2.659969]",
3425,"[5.576019,0.6835431,2.659659]",
3426,"[5.576019,0.6817377,2.658573]",
3427,"[5.576019,0.6805747,2.657097]",
3428,"[5.576019,0.6840603,2.654001]",
3429,"[5.576019,0.6833451,2.652907]",
3430,"[5.576019,0.6815882,2.651296]",
3431,"[5.576019,0.6804589,2.650439]",
3432,"[5.588964,0.6622185,2.650416]",
3433,"[5.586866,0.6622185,2.649207]",
3434,"[5.585607,0.6622185,2.648263]",
3435,"[5.581856,0.6622184,2.645065]",
3436,"[5.579317,0.6622185,2.642803]",
3437,"[5.574656,0.6622185,2.640858]",
3438,"[5.573087,0.6622185,2.640391]",
3439,"[5.569026,0.6622185,2.639907]",
3440,"[5.566909,0.6622185,2.63955]",
3441,"[5.564937,0.6622185,2.639128]",
3442,"[5.564157,0.6622185,2.638764]",
3443,"[5.563547,0.6622185,2.638402]",
3444,"[5.56243,0.6619146,2.637574]",
3445,"[5.562162,0.6617391,2.637421]",
3446,"[5.561956,0.6616057,2.637371]",
3447,"[5.563445,0.6622185,2.636904]",
3448,"[5.563158,0.6622185,2.637353]",
3449,"[5.562874,0.6622005,2.637619]",
3450,"[5.562728,0.6621124,2.637861]",
3451,"[5.562403,0.6619107,2.638161]",
3452,"[5.562031,0.6616662,2.637921]",
3453,"[5.561323,0.6612017,2.637488]",
3454,"[5.561066,0.6610333,2.637347]",
3455,"[5.559884,0.6570654,2.640364]",
3456,"[5.559792,0.6528111,2.643015]",
3457,"[5.559651,0.6438688,2.647021]",
3458,"[5.559602,0.6394573,2.64845]",
3459,"[5.559545,0.6349679,2.650081]",
3460,"[5.563747,0.622529,2.653417]",
3461,"[5.560719,0.622529,2.653583]",
3462,"[5.555021,0.622529,2.653593]",
3463,"[5.552391,0.622529,2.653596]",
3464,"[5.550448,0.622529,2.653894]",
3465,"[5.549349,0.622529,2.653945]",
3466,"[5.548339,0.622529,2.653974]",
3467,"[5.546958,0.622529,2.653919]",
3468,"[5.546466,0.622529,2.654116]",
3469,"[5.546548,0.622529,2.65452]",
3470,"[5.546485,0.622529,2.654665]",
3471,"[5.546368,0.622529,2.65485]",
3472,"[5.546302,0.622529,2.654739]",
3473,"[5.546221,0.622529,2.654445]",
3474,"[5.546336,0.622529,2.65421]",
3475,"[5.546683,0.622529,2.653808]",
3476,"[5.549272,0.622529,2.652737]",
3477,"[5.550528,0.622529,2.652617]",
3478,"[5.552837,0.622529,2.652324]",
3479,"[5.554138,0.622529,2.65227]",
3480,"[5.556119,0.622529,2.652423]",
3481,"[5.556684,0.622529,2.652512]",
3482,"[5.556733,0.622529,2.652588]",
3483,"[5.556129,0.622529,2.652853]",
3484,"[5.555405,0.622529,2.653045]",
3485,"[5.553078,0.622529,2.653591]",
3486,"[5.551301,0.622529,2.65388]",
3487,"[5.547394,0.622529,2.654214]",
3488,"[5.545588,0.622529,2.654296]",
3489,"[5.542875,0.622529,2.654599]",
3490,"[5.542806,0.622529,2.654143]",
3491,"[5.542572,0.622529,2.65362]",
3492,"[5.541069,0.622529,2.652422]",
3493,"[5.541205,0.622529,2.651429]",
3494,"[5.54247,0.622529,2.650175]",
3495,"[5.542917,0.622529,2.649659]",
3496,"[5.543219,0.622529,2.649116]",
3497,"[5.543223,0.622529,2.648895]",
3498,"[5.543146,0.622529,2.648737]",
3499,"[5.542412,0.622529,2.650715]",
3500,"[5.541467,0.622529,2.65278]",
3501,"[5.543368,0.622529,2.655997]",
3502,"[5.546077,0.622529,2.656808]",
3503,"[5.553608,0.622529,2.665097]",
3504,"[5.559528,0.622529,2.670396]",
3505,"[5.566372,0.622529,2.676172]",
3506,"[5.558464,0.6431173,2.681046]",
3507,"[5.558346,0.6478329,2.684404]",
3508,"[5.558696,0.6598753,2.691122]",
3509,"[5.562809,0.6622185,2.690301]",
3510,"[5.574149,0.6622184,2.689308]",
3511,"[5.576736,0.6622185,2.688392]",
3512,"[5.579677,0.6622185,2.687752]",
3513,"[5.583402,0.6622185,2.685232]",
3514,"[5.583385,0.6622184,2.683031]",
3515,"[5.582565,0.6622185,2.678208]",
3516,"[5.58182,0.6622185,2.676003]",
3517,"[5.580888,0.6622185,2.672081]",
3518,"[5.581167,0.6622184,2.670576]",
3519,"[5.579491,0.6622185,2.665747]",
3520,"[5.578533,0.6622184,2.663435]",
3521,"[5.576687,0.6622185,2.658982]",
3522,"[5.570143,0.6622185,2.648998]",
3523,"[5.567297,0.6622185,2.646171]",
3524,"[5.560091,0.6585739,2.641194]",
3525,"[5.559883,0.6558222,2.640389]",
3526,"[5.559908,0.6502928,2.639664]",
3527,"[5.559912,0.6457673,2.639559]",
3528,"[5.559912,0.6404235,2.639579]",
3529,"[5.950001,0.2171146,2.656987]",
3530,"[5.950001,0.1970155,2.658459]",
3531,"[5.915499,0.1,2.68033]",
3532,"[5.883391,0.1,2.683894]",
3533,"[5.836051,0.1,2.688867]",
3534,"[5.816131,0.1,2.690033]",
3535,"[5.787046,0.1,2.688747]",
3536,"[5.77772,0.1,2.68732]",
3537,"[5.771234,0.1,2.686066]",
3538,"[5.766569,0.1,2.685388]",
3539,"[5.766357,0.1,2.685504]",
3540,"[5.523084,0.4183273,2.670443]",
3541,"[5.520786,0.4191471,2.671843]",
3542,"[5.698704,0.1,2.681811]",
3543,"[5.662234,0.1,2.674864]",
3544,"[5.638381,0.1,2.670564]",
3545,"[5.613609,0.1,2.664984]",
3546,"[5.609178,0.1,2.663799]",
3547,"[5.600798,0.1,2.661619]",
3548,"[5.595161,0.1,2.660269]",
3549,"[5.584958,0.1,2.661247]",
3550,"[5.579171,0.1,2.661781]",
3551,"[5.571326,0.1,2.666119]",
3552,"[5.568957,0.1,2.668284]",
3553,"[5.567081,0.1,2.670913]",
3554,"[5.565543,0.0999999,2.677294]",
3555,"[5.444471,0.2999235,2.667218]",
3556,"[5.404736,0.367956,2.666419]",
3557,"[5.403834,0.3689215,2.667707]",
3558,"[5.40123,0.3687828,2.669036]",
3559,"[5.399836,0.3682531,2.669161]",
3560,"[5.398529,0.3678313,2.66933]",
3561,"[5.396484,0.367868,2.670366]",
3562,"[5.39568,0.3674634,2.67102]",
3563,"[5.393988,0.3671393,2.671859]",
3564,"[5.393017,0.3661807,2.67234]",
3565,"[5.390193,0.3626979,2.672397]",
3566,"[5.388847,0.3611295,2.672001]",
3567,"[5.387694,0.3600532,2.671729]",
3568,"[5.166891,0.622529,2.636134]",
3569,"[5.144854,0.5756226,2.647258]",
3570,"[5.14401,0.5064119,2.657053]",
3571,"[5.143764,0.5020328,2.65855]",
3572,"[5.143316,0.4907368,2.65821]",
3573,"[5.143058,0.4848297,2.657257]",
3574,"[5.143107,0.500387,2.64558]",
3575,"[5.143158,0.4975371,2.642634]",
3576,"[5.14325,0.5112405,2.63665]",
3577,"[5.143526,0.5448194,2.62678]",
3578,"[5.143595,0.5599901,2.623209]",
3579,"[5.144079,0.5804963,2.617444]",
3580,"[5.144663,0.5870125,2.614852]",
3581,"[5.14691,0.5958176,2.609683]",
3582,"[5.148637,0.5959649,2.606957]",
3583,"[5.150719,0.5954516,2.603604]",
3584,"[5.155744,0.5852661,2.600833]",
3585,"[5.160067,0.5719745,2.600449]",
3586,"[5.167898,0.5750845,2.597721]",
3587,"[5.172846,0.5716294,2.596951]",
3588,"[5.184061,0.5665892,2.596074]",
3589,"[5.190798,0.5640851,2.597116]",
3590,"[5.203403,0.5599634,2.59971]",
3591,"[5.210492,0.5575119,2.601119]",
3592,"[5.216796,0.555433,2.601953]",
3593,"[5.229203,0.5502259,2.602612]",
3594,"[5.234536,0.5538495,2.601144]",
3595,"[5.243817,0.5554944,2.59926]",
3596,"[5.248236,0.5570819,2.598243]",
3597,"[5.252802,0.5686295,2.595569]",
3598,"[5.260346,0.560671,2.595023]",
3599,"[5.263881,0.5808178,2.599711]",
3600,"[5.269074,0.605004,2.601098]",
3601,"[5.268795,0.622529,2.601127]",
3602,"[5.280591,0.622529,2.603132]",
3603,"[5.285024,0.622529,2.603108]",
3604,"[5.293529,0.622529,2.603766]",
3605,"[5.297789,0.622529,2.603825]",
3606,"[5.303007,0.622529,2.604331]",
3607,"[5.3111,0.622529,2.605512]",
3608,"[5.314414,0.622529,2.606121]",
3609,"[5.321827,0.622529,2.607418]",
3610,"[5.325856,0.622529,2.608152]",
3611,"[5.333604,0.622529,2.609073]",
3612,"[5.336722,0.622529,2.609338]",
3613,"[5.343076,0.622529,2.609578]",
3614,"[5.345448,0.622529,2.609478]",
3615,"[5.347508,0.622529,2.609358]",
3616,"[5.351834,0.622529,2.609265]",
3617,"[5.354168,0.622529,2.609304]",
3618,"[5.359519,0.622529,2.609585]",
3619,"[5.362199,0.622529,2.609768]",
3620,"[5.368456,0.622529,2.610345]",
3621,"[5.372493,0.622529,2.610587]",
3622,"[5.376328,0.622529,2.610726]",
3623,"[5.384527,0.622529,2.610823]",
3624,"[5.38735,0.622529,2.610793]",
3625,"[5.597658,0.2154999,2.672567]",
3626,"[5.598597,0.2144727,2.6726]",
3627,"[5.599266,0.2155449,2.672624]",
3628,"[5.600165,0.2170526,2.672655]",
3629,"[5.599828,0.2223025,2.672643]",
3630,"[5.599282,0.2254521,2.672624]",
3631,"[5.599167,0.2293194,2.67262]",
3632,"[5.600881,0.2398685,2.67268]",
3633,"[5.602216,0.2469957,2.672727]",
3634,"[5.603189,0.2542902,2.67276]",
3635,"[5.605569,0.2524083,2.672844]",
3636,"[5.610358,0.2509636,2.673011]",
3637,"[5.701206,0.1,2.680851]",
3638,"[5.708289,0.1,2.672153]",
3639,"[5.716852,0.1,2.660134]",
3640,"[5.720053,0.1,2.654696]",
3641,"[5.72486,0.1,2.648373]",
3642,"[5.72626,0.1,2.64634]",
3643,"[5.727596,0.1,2.643843]",
3644,"[5.727779,0.1,2.643191]",
3645,"[5.727863,0.1,2.642956]",
3646,"[5.728326,0.1,2.640712]",
3647,"[5.728033,0.1,2.640196]",
3648,"[5.727001,0.1,2.639091]",
3649,"[5.726314,0.1,2.638523]",
3650,"[5.72479,0.1,2.637887]",
3651,"[5.723252,0.1,2.637932]",
3652,"[5.721417,0.1,2.635293]",
3653,"[5.720074,0.1,2.634492]",
3654,"[5.719457,0.1,2.633243]",
3655,"[5.717475,0.1,2.630785]",
3656,"[5.716377,0.1,2.629725]",
3657,"[5.715541,0.1,2.629135]",
3658,"[5.715848,0.0999999,2.629623]",
3659,"[5.708614,0.1,2.678504]",
3660,"[5.564502,0.3400784,2.672693]",
3661,"[5.56403,0.3397552,2.682764]",
3662,"[5.563963,0.3408027,2.695838]",
3663,"[5.564073,0.341562,2.700768]",
3664,"[5.56528,0.3452106,2.705047]",
3665,"[5.566227,0.3479075,2.70663]",
3666,"[5.567395,0.3512212,2.708464]",
3667,"[5.567938,0.3527299,2.708976]",
3668,"[5.568542,0.3544098,2.709538]",
3669,"[5.569879,0.3580682,2.710226]",
3670,"[5.570745,0.3604074,2.710329]",
3671,"[5.574406,0.3667481,2.672982]",
3672,"[5.749631,0.1,2.673869]",
3673,"[5.755948,0.1,2.648076]",
3674,"[5.757559,0.1,2.63851]",
3675,"[5.760689,0.1,2.623897]",
3676,"[5.761865,0.1,2.618737]",
3677,"[5.761834,0.1,2.614003]",
3678,"[5.762027,0.1,2.606007]",
3679,"[5.762072,0.1,2.602775]",
3680,"[5.760304,0.1,2.596909]",
3681,"[5.758621,0.1,2.59398]",
3682,"[5.755722,0.1,2.589747]",
3683,"[5.753955,0.1,2.587153]",
3684,"[5.749249,0.1,2.582505]",
3685,"[5.410591,0.622529,2.585448]",
3686,"[5.408935,0.622529,2.584426]",
3687,"[5.405672,0.622529,2.582466]",
3688,"[5.404224,0.622529,2.581497]",
3689,"[5.422653,0.5899453,2.578432]",
3690,"[5.43476,0.5816892,2.561052]",
3691,"[5.455513,0.5600512,2.54344]",
3692,"[5.56253,0.4605161,2.469546]",
3693,"[5.563286,0.4797553,2.447897]",
3694,"[5.563995,0.5006537,2.427574]",
3695,"[5.564253,0.5060071,2.420185]",
3696,"[5.564521,0.511133,2.412522]",
3697,"[5.564655,0.5138054,2.408679]",
3698,"[5.564858,0.5234107,2.402859]",
3699,"[5.564933,0.5318083,2.40071]",
3700,"[5.565027,0.5419708,2.398021]",
3701,"[5.565067,0.5602791,2.396885]",
3702,"[5.565057,0.567985,2.397166]",
3703,"[5.565141,0.5882666,2.39476]",
3704,"[5.565183,0.5911481,2.393574]",
3705,"[5.56537,0.6005692,2.388215]",
3706,"[5.565532,0.6073288,2.383559]",
3707,"[5.570517,0.6323562,2.343569]",
3708,"[5.570643,0.6415237,2.332275]",
3709,"[5.571097,0.6507115,2.319249]",
3710,"[5.572316,0.6595291,2.298447]",
3711,"[5.574214,0.6616117,2.286624]",
3712,"[5.576335,0.6622186,2.273939]",
3713,"[5.575723,0.6622047,2.269853]",
3714,"[5.574844,0.6616032,2.268193]",
3715,"[5.573504,0.6596572,2.265396]",
3716,"[5.573165,0.6516647,2.260043]",
3717,"[5.573234,0.6423577,2.258067]",
3718,"[5.573568,0.6325654,2.254599]",
3719,"[5.570096,0.6180805,2.252884]",
3720,"[5.570217,0.6070372,2.249411]",
3721,"[5.570437,0.5815839,2.243097]",
3722,"[5.570449,0.569041,2.242763]",
3723,"[5.570507,0.5557509,2.241102]",
3724,"[5.570683,0.5372449,2.23606]",
3725,"[5.570822,0.5258325,2.232079]",
3726,"[5.571799,0.495844,2.204102]",
3727,"[5.572061,0.4902501,2.196607]",
3728,"[5.572498,0.4775783,2.184095]",
3729,"[5.572598,0.4754156,2.181225]",
3730,"[5.572712,0.4736616,2.177944]",
3731,"[5.572734,0.4736444,2.177336]",
3732,"[5.572767,0.4727385,2.176391]",
3733,"[5.572775,0.4737064,2.176142]",
3734,"[5.572758,0.4748771,2.176629]",
3735,"[5.572711,0.4762547,2.177996]",
3736,"[5.572686,0.4763171,2.178696]",
3737,"[5.572647,0.4762673,2.179827]",
3738,"[5.572628,0.4764092,2.180381]",
3739,"[5.572603,0.4768848,2.181087]",
3740,"[5.572538,0.4795076,2.182948]",
3741,"[5.572505,0.4809563,2.183881]",
3742,"[5.567724,0.4922354,2.187253]",
3743,"[5.565484,0.4974223,2.188653]",
3744,"[5.545712,0.5318902,2.1978]",
3745,"[5.535228,0.5492142,2.201957]",
3746,"[5.523975,0.568072,2.20617]",
3747,"[5.500693,0.6076645,2.214856]",
3748,"[5.492738,0.622529,2.217879]",
3749,"[5.497673,0.622529,2.217206]",
3750,"[5.810426,0.1783747,2.113687]",
3751,"[5.815453,0.1893597,2.113862]",
3752,"[5.822125,0.1935703,2.114095]",
3753,"[5.836733,0.1978236,2.114605]",
3754,"[5.842064,0.1989951,2.114791]",
3755,"[5.845396,0.1997833,2.114908]",
3756,"[5.855577,0.19593,2.115263]",
3757,"[5.858428,0.1939175,2.115363]",
3758,"[5.861125,0.1939654,2.115457]",
3759,"[5.861617,0.194411,2.115474]",
3760,"[5.862772,0.1932665,2.115515]",
3761,"[5.863492,0.1914789,2.11554]",
3762,"[5.864046,0.1897334,2.115559]",
3763,"[5.866386,0.1833483,2.115641]",
3764,"[5.870406,0.1579264,2.115781]",
3765,"[5.819268,0.1,2.151143]",
3766,"[5.779209,0.1,2.172514]",
3767,"[5.732653,0.1,2.195715]",
3768,"[5.715798,0.1,2.203386]",
3769,"[5.689543,0.1,2.21464]",
3770,"[5.678897,0.1,2.218796]",
3771,"[5.668526,0.1,2.221613]",
3772,"[5.467806,0.4235186,2.268388]",
3773,"[5.456362,0.4245021,2.269196]",
3774,"[5.348242,0.4396538,2.284023]",
3775,"[5.323097,0.4434355,2.287788]",
3776,"[5.274767,0.4578808,2.303835]",
3777,"[5.200644,0.622529,2.324099]",
3778,"[5.186603,0.622529,2.327756]",
3779,"[5.183845,0.622529,2.328921]",
3780,"[5.181755,0.622529,2.329952]",
3781,"[5.181142,0.622529,2.330989]",
3782,"[5.181096,0.622529,2.331424]",
3783,"[5.180574,0.622529,2.332458]",
3784,"[5.180532,0.622529,2.332572]",
3785,"[5.18176,0.622529,2.331745]",
3786,"[5.183317,0.622529,2.330627]",
3787,"[5.184915,0.622529,2.32943]",
3788,"[5.189632,0.622529,2.326368]",
3789,"[5.192647,0.622529,2.324284]",
3790,"[5.197711,0.622529,2.320718]",
3791,"[5.200274,0.622529,2.318977]",
3792,"[5.205465,0.622529,2.315683]",
3793,"[5.214923,0.6050369,2.312263]",
3794,"[5.243527,0.6044805,2.272069]",
3795,"[5.257498,0.5843682,2.262017]",
3796,"[5.272515,0.571017,2.248348]",
3797,"[5.299998,0.5348037,2.22962]",
3798,"[5.314764,0.5128801,2.221042]",
3799,"[5.343748,0.4632411,2.205848]",
3800,"[5.358863,0.4393787,2.19826]",
3801,"[5.386668,0.4009582,2.184979]",
3802,"[5.400266,0.3812434,2.17862]",
3803,"[5.413535,0.3630138,2.172687]",
3804,"[5.44073,0.3152885,2.160832]",
3805,"[5.454363,0.2953541,2.155046]",
3806,"[5.483078,0.2380345,2.142568]",
3807,"[5.496358,0.2140357,2.137859]",
3808,"[5.522112,0.1716646,2.129861]",
3809,"[5.53478,0.1527414,2.126389]",
3810,"[5.558582,0.1200195,2.120543]",
3811,"[5.571536,0.1028662,2.117523]",
3812,"[5.574786,0.1071662,2.11858]",
3813,"[5.573755,0.2280004,2.148081]",
3814,"[5.573473,0.2594131,2.15617]",
3815,"[5.573014,0.3080996,2.169317]",
3816,"[5.572882,0.3270853,2.1731]",
3817,"[5.572788,0.3428955,2.175792]",
3818,"[5.572772,0.3493804,2.176248]",
3819,"[5.574532,0.3986932,2.125835]",
3820,"[5.574527,0.4285798,2.096631]",
3821,"[5.573721,0.5053961,1.948505]",
3822,"[5.574809,0.5239103,1.917346]",
3823,"[5.575132,0.5342904,1.908111]",
3824,"[5.575533,0.5582666,1.896611]",
3825,"[5.575674,0.5711184,1.892586]",
3826,"[5.575717,0.5858659,1.891351]",
3827,"[5.575747,0.6103722,1.890494]",
3828,"[5.576378,0.622529,1.889458]",
3829,"[5.588731,0.622529,1.875483]",
3830,"[5.587378,0.6307601,1.872966]",
3831,"[5.592945,0.622529,1.861568]",
3832,"[5.592035,0.622529,1.857677]",
3833,"[5.591327,0.622529,1.846332]",
3834,"[5.58772,0.622529,1.84043]",
3835,"[5.583623,0.622529,1.82525]",
3836,"[5.582599,0.622529,1.815724]",
3837,"[5.581779,0.622529,1.805331]",
3838,"[5.586266,0.622529,1.775899]",
3839,"[5.586292,0.622529,1.762478]",
3840,"[5.581005,0.6171843,1.739936]",
3841,"[5.581635,0.6036544,1.721902]",
3842,"[5.582809,0.5767813,1.688247]",
3843,"[5.583376,0.561505,1.672014]",
3844,"[5.583766,0.5463365,1.660875]",
3845,"[5.708776,0.2959174,1.476214]",
3846,"[5.699525,0.2851346,1.476214]",
3847,"[5.6864,0.2592529,1.476214]",
3848,"[5.683544,0.2467045,1.476214]",
3849,"[5.698199,0.2117094,1.476214]",
3850,"[5.701947,0.1997293,1.476214]",
3851,"[5.722042,0.168113,1.476214]",
3852,"[5.577712,0.4073735,1.643772]",
3853,"[5.577342,0.4105392,1.654356]",
3854,"[5.583579,0.4045638,1.666211]",
3855,"[5.583232,0.4062752,1.676142]",
3856,"[5.582516,0.4147252,1.696653]",
3857,"[5.582104,0.4169557,1.708451]",
3858,"[5.581686,0.4132154,1.720401]",
3859,"[5.581552,0.4144629,1.724275]",
3860,"[5.58143,0.4141397,1.727757]",
3861,"[5.581295,0.4167251,1.731631]",
3862,"[5.581251,0.4151279,1.732882]",
3863,"[5.58101,0.4182213,1.739789]",
3864,"[5.580693,0.4263035,1.74887]",
3865,"[5.579936,0.4519537,1.770554]",
3866,"[5.579612,0.4636321,1.779824]",
3867,"[5.579165,0.4833859,1.792615]",
3868,"[5.579078,0.4886723,1.795099]",
3869,"[5.57901,0.4966727,1.797051]",
3870,"[5.579024,0.5010886,1.796659]",
3871,"[5.579056,0.5039592,1.795724]",
3872,"[5.579118,0.5096735,1.793967]",
3873,"[5.579153,0.5142292,1.792966]",
3874,"[5.579147,0.5256972,1.793123]",
3875,"[5.579183,0.531533,1.792098]",
3876,"[5.579185,0.5377728,1.792044]",
3877,"[5.579239,0.5475239,1.790489]",
3878,"[5.57924,0.5529851,1.790475]",
3879,"[5.579158,0.5632408,1.792817]",
3880,"[5.579083,0.568285,1.794964]",
3881,"[5.578949,0.5758103,1.79878]",
3882,"[5.578907,0.577715,1.800009]",
3883,"[5.578856,0.5820786,1.801478]",
3884,"[5.578822,0.5847363,1.80245]",
3885,"[5.578792,0.5880837,1.803311]",
3886,"[5.578746,0.5926545,1.804601]",
3887,"[5.578725,0.5949209,1.80521]",
3888,"[5.578712,0.5949513,1.805588]",
3889,"[5.578702,0.5946022,1.805863]",
3890,"[5.578708,0.5926775,1.805712]",
3891,"[5.578719,0.5913949,1.805384]",
3892,"[5.578741,0.5907825,1.804748]",
3893,"[5.578814,0.591081,1.80266]",
3894,"[5.578876,0.5913082,1.800901]",
3895,"[5.578979,0.5920709,1.797952]",
3896,"[5.579083,0.5901077,1.794946]",
3897,"[5.579494,0.5545055,1.783176]",
3898,"[5.579747,0.5273103,1.775955]",
3899,"[5.579926,0.5070559,1.770813]",
3900,"[5.580169,0.4789439,1.763869]",
3901,"[5.580258,0.4645114,1.761307]",
3902,"[5.580326,0.4445197,1.759358]",
3903,"[5.580335,0.4364804,1.75911]",
3904,"[5.580324,0.421118,1.75943]",
3905,"[5.580315,0.4131103,1.759678]",
3906,"[5.580308,0.4105209,1.759872]",
3907,"[5.58031,0.410346,1.759811]",
3908,"[5.580308,0.4101911,1.759875]",
3909,"[5.580284,0.4103349,1.76056]",
3910,"[5.580278,0.4104999,1.760727]",
3911,"[5.580246,0.41096,1.761648]",
3912,"[5.580206,0.4116083,1.7628]",
3913,"[5.580114,0.4160231,1.765428]",
3914,"[5.582863,0.4144264,1.765222]",
3915,"[5.58196,0.4203642,1.767623]",
3916,"[5.580717,0.431367,1.77301]",
3917,"[5.577976,0.4394065,1.776437]",
3918,"[5.572787,0.452703,1.780081]",
3919,"[5.566067,0.4655351,1.784046]",
3920,"[5.551447,0.4937462,1.793224]",
3921,"[5.547375,0.5023652,1.794898]",
3922,"[5.533751,0.5233781,1.801636]",
3923,"[5.513834,0.5543545,1.811242]",
3924,"[5.505096,0.56866,1.815398]",
3925,"[5.486796,0.5996192,1.825876]",
3926,"[5.47692,0.6168597,1.833635]",
3927,"[5.475081,0.622529,1.836987]",
3928,"[5.519524,0.5630714,1.814277]",
3929,"[5.523807,0.562067,1.816582]",
3930,"[5.52502,0.5619996,1.816769]",
3931,"[5.526281,0.5619271,1.816969]",
3932,"[5.543342,0.5544757,1.833554]",
3933,"[5.553174,0.5499566,1.843594]",
3934,"[5.562563,0.5455898,1.853292]",
3935,"[5.565522,0.5440711,1.856654]",
3936,"[5.565752,0.5419962,1.861115]",
3937,"[5.564859,0.5413175,1.86254]",
3938,"[5.564218,0.5408711,1.863476]",
3939,"[5.892746,0.1,1.713942]",
3940,"[5.891089,0.1,1.714751]",
3941,"[5.887408,0.1,1.71663]",
3942,"[5.879405,0.1,1.72]",
3943,"[5.866746,0.1,1.723945]",
3944,"[5.861684,0.1,1.725189]",
3945,"[5.849301,0.1,1.727507]",
3946,"[5.841447,0.1,1.728873]",
3947,"[5.460284,0.5400968,1.861508]",
3948,"[5.416721,0.5430204,1.853713]",
3949,"[5.40487,0.543728,1.851781]",
3950,"[5.385291,0.5442181,1.850045]",
3951,"[5.377496,0.5443914,1.849401]",
3952,"[5.365133,0.5437465,1.850353]",
3953,"[5.360745,0.5436867,1.850328]",
3954,"[5.355932,0.5445864,1.84823]",
3955,"[5.347641,0.54535,1.846302]",
3956,"[5.344227,0.545355,1.846172]",
3957,"[5.339029,0.5467262,1.843048]",
3958,"[5.336304,0.5482543,1.839674]",
3959,"[5.328919,0.5484698,1.838953]",
3960,"[5.322573,0.5487651,1.838098]",
3961,"[5.317939,0.5522938,1.830364]",
3962,"[5.307642,0.5528648,1.828779]",
3963,"[5.301947,0.5533942,1.827445]",
3964,"[5.293159,0.5541925,1.825425]",
3965,"[5.290809,0.5539824,1.825793]",
3966,"[5.287758,0.553811,1.826055]",
3967,"[5.28568,0.5534532,1.82675]",
3968,"[5.282845,0.5529363,1.82776]",
3969,"[5.28115,0.552691,1.828227]",
3970,"[5.279235,0.5524787,1.828616]",
3971,"[5.276309,0.5519249,1.829702]",
3972,"[5.27495,0.5518829,1.829745]",
3973,"[5.271551,0.5520456,1.829277]",
3974,"[5.270471,0.5521328,1.829052]",
3975,"[5.268631,0.5524248,1.828362]",
3976,"[5.267108,0.5551158,1.822534]",
3977,"[5.26638,0.5564598,1.819624]",
3978,"[5.264254,0.5589967,1.814106]",
3979,"[5.261303,0.5590799,1.813825]",
3980,"[5.252926,0.5543377,1.823708]",
3981,"[5.22786,0.5388785,1.856005]",
3982,"[5.209219,0.5287478,1.877093]",
3983,"[5.302349,0.1,1.827973]",
3984,"[5.216144,0.4080001,1.879588]",
3985,"[5.211388,0.4080001,1.882728]",
3986,"[5.207147,0.4080001,1.885369]",
3987,"[5.201117,0.4080001,1.889416]",
3988,"[5.197389,0.4080001,1.891939]",
3989,"[5.190018,0.4080001,1.897336]",
3990,"[5.184968,0.4080001,1.903667]",
3991,"[5.17626,0.4080001,1.914514]",
3992,"[5.168424,0.4080001,1.924729]",
3993,"[5.162159,0.4080001,1.933458]",
3994,"[5.122626,0.622529,1.953626]",
3995,"[5.120921,0.622529,1.956999]",
3996,"[5.120786,0.622529,1.962023]",
3997,"[5.122013,0.622529,1.963557]",
3998,"[5.124235,0.622529,1.966672]",
3999,"[5.125534,0.622529,1.968146]",
4000,"[5.128114,0.622529,1.969002]",
4001,"[5.129246,0.622529,1.968628]",
4002,"[5.130909,0.622529,1.967841]",
4003,"[5.133623,0.622529,1.966511]",
4004,"[5.134971,0.622529,1.965461]",
4005,"[5.140974,0.622529,1.962196]",
4006,"[5.145638,0.622529,1.960075]",
4007,"[5.193211,0.4080001,1.947008]",
4008,"[5.196641,0.4080001,1.946146]",
4009,"[5.199761,0.4080001,1.946637]",
4010,"[5.205288,0.4080001,1.947955]",
4011,"[5.208634,0.4080001,1.94896]",
4012,"[5.212395,0.4080001,1.949641]",
4013,"[5.214285,0.4080001,1.950519]",
4014,"[5.217333,0.4080001,1.948794]",
4015,"[5.218939,0.4080001,1.948216]",
4016,"[5.22169,0.4080001,1.947474]",
4017,"[5.2231,0.4080001,1.946781]",
4018,"[5.224491,0.4080001,1.946259]",
4019,"[5.227343,0.4080001,1.944881]",
4020,"[5.228434,0.4080001,1.944617]",
4021,"[5.229655,0.4080001,1.944011]",
4022,"[5.229953,0.4080001,1.943678]",
4023,"[5.230273,0.4080001,1.943102]",
4024,"[5.230271,0.4080001,1.942854]",
4025,"[5.230197,0.4080001,1.942646]",
4026,"[5.22985,0.4080001,1.941907]",
4027,"[5.229637,0.4080001,1.941315]",
4028,"[5.229486,0.4080001,1.940442]",
4029,"[5.22942,0.4080001,1.939898]",
4030,"[5.229088,0.4080001,1.938598]",
4031,"[5.228838,0.4080001,1.937859]",
4032,"[5.22948,0.4080001,1.936329]",
4033,"[5.23029,0.4080001,1.935594]",
4034,"[5.231323,0.4080001,1.934915]",
4035,"[5.232402,0.4080001,1.934274]",
4036,"[5.232499,0.4080001,1.934211]",
4037,"[5.232536,0.4080001,1.934094]",
4038,"[5.23259,0.4080001,1.934035]",
4039,"[5.233013,0.4080001,1.934095]",
4040,"[5.233531,0.4080001,1.933896]",
4041,"[5.233943,0.4080001,1.933718]",
4042,"[5.242043,0.4080001,1.91701]",
4043,"[5.245923,0.4080001,1.908314]",
4044,"[5.264724,0.4080001,1.88191]",
4045,"[5.268271,0.4080001,1.877197]",
4046,"[5.363492,0.1,1.809496]",
4047,"[5.366408,0.1,1.806572]",
4048,"[5.369328,0.1,1.803999]",
4049,"[5.373112,0.1,1.802281]",
4050,"[5.374557,0.1,1.801675]",
4051,"[5.375494,0.0999999,1.801287]",
4052,"[5.375429,0.1,1.801329]",
4053,"[5.375524,0.1,1.801472]",
4054,"[5.376139,0.1,1.801169]",
4055,"[5.377419,0.1,1.800561]",
4056,"[5.380225,0.1,1.798774]",
4057,"[5.381139,0.1,1.798256]",
4058,"[5.38354,0.1,1.796642]",
4059,"[5.384446,0.1,1.796409]",
4060,"[5.386949,0.1000001,1.795772]",
4061,"[5.388709,0.1,1.795376]",
4062,"[5.388987,0.1,1.802888]",
4063,"[5.388029,0.1,1.808863]",
4064,"[5.292802,0.4080001,1.87346]",
4065,"[5.293768,0.4080001,1.879641]",
4066,"[5.294901,0.4080001,1.88175]",
4067,"[5.296786,0.4080001,1.885012]",
4068,"[5.297151,0.4080001,1.886525]",
4069,"[5.29487,0.4080001,1.889769]",
4070,"[5.293583,0.4080001,1.890833]",
4071,"[5.292537,0.4080001,1.891545]",
4072,"[5.297825,0.4080001,1.888256]",
4073,"[5.303047,0.4080001,1.885031]",
4074,"[5.3195,0.4080001,1.87581]",
4075,"[5.322892,0.4080001,1.873927]",
4076,"[5.43578,0.1,1.807908]",
4077,"[5.439363,0.1,1.805176]",
4078,"[5.445657,0.1,1.800313]",
4079,"[5.44813,0.1,1.798099]",
4080,"[5.450284,0.1,1.796295]",
4081,"[5.452338,0.1,1.794712]",
4082,"[5.295855,0.5422497,1.887501]",
4083,"[5.299593,0.5338447,1.885766]",
4084,"[5.259365,0.6491243,1.909828]",
4085,"[5.257776,0.6543716,1.910856]",
4086,"[5.254988,0.6632916,1.912405]",
4087,"[5.253473,0.6676625,1.91326]",
4088,"[5.251937,0.6718965,1.914044]",
4089,"[5.248845,0.679888,1.915558]",
4090,"[5.247169,0.6840761,1.91643]",
4091,"[5.244523,0.6904982,1.918016]",
4092,"[5.243233,0.6936986,1.918714]",
4093,"[5.242085,0.6970629,1.91962]",
4094,"[5.239997,0.7030357,1.921645]",
4095,"[5.239049,0.7056206,1.922601]",
4096,"[5.242988,0.6940848,1.920394]",
4097,"[5.261809,0.6391609,1.909301]",
4098,"[5.270314,0.6138143,1.904228]",
4099,"[5.270045,0.6109849,1.903093]",
4100,"[5.276155,0.5921125,1.898802]",
4101,"[5.447399,0.1,1.793525]",
4102,"[5.446714,0.1,1.793133]",
4103,"[5.445182,0.1,1.792822]",
4104,"[5.437647,0.1,1.796314]",
4105,"[5.431527,0.1,1.799128]",
4106,"[5.27896,0.4080001,1.887731]",
4107,"[5.27049,0.4080001,1.892821]",
4108,"[5.261321,0.4080001,1.898606]",
4109,"[5.258893,0.4080001,1.900711]",
4110,"[5.256537,0.4080001,1.902595]",
4111,"[5.251301,0.4080001,1.905958]",
4112,"[5.24926,0.4080001,1.90701]",
4113,"[5.246517,0.4080001,1.908426]",
4114,"[5.24524,0.4080001,1.909024]",
4115,"[5.243193,0.4080001,1.910079]",
4116,"[5.242172,0.4080001,1.910493]",
4117,"[5.242223,0.4080001,1.91062]",
4118,"[5.24222,0.4080001,1.9107]",
4119,"[5.242197,0.4080001,1.910855]",
4120,"[5.242189,0.4080001,1.910922]",
4121,"[5.242136,0.4080001,1.910984]",
4122,"[5.24197,0.4080001,1.911247]",
4123,"[5.241875,0.4080001,1.911402]",
4124,"[5.241918,0.4080001,1.91126]",
4125,"[5.241939,0.4080001,1.911041]",
4126,"[5.242087,0.4080001,1.910277]",
4127,"[5.245198,0.4080001,1.904098]",
4128,"[5.247657,0.4080001,1.899016]",
4129,"[5.25137,0.4080001,1.890946]",
4130,"[5.252877,0.4080001,1.887404]",
4131,"[5.25511,0.4080001,1.881716]",
4132,"[5.255882,0.4080001,1.879838]",
4133,"[5.257298,0.4080001,1.876936]",
4134,"[5.257973,0.4080001,1.8762]",
4135,"[5.258606,0.4080001,1.875715]",
4136,"[5.259451,0.4080001,1.875282]",
4137,"[5.259761,0.4080001,1.875178]",
4138,"[5.260292,0.4080001,1.875065]",
4139,"[5.26034,0.4080001,1.874952]",
4140,"[5.26079,0.4080001,1.874912]",
4141,"[5.260825,0.4080001,1.874824]",
4142,"[5.260843,0.4080001,1.8747]",
4143,"[5.260847,0.4080001,1.874617]",
4144,"[5.260931,0.4080001,1.874438]",
4145,"[5.270616,0.3724922,1.867469]",
4146,"[5.341903,0.1,1.814764]",
4147,"[5.342126,0.0999999,1.814616]",
4148,"[5.346201,0.0999999,1.81483]",
4149,"[5.35149,0.1,1.815167]",
4150,"[5.353946,0.1000001,1.81531]",
4151,"[5.356041,0.1,1.815289]",
4152,"[5.359526,0.0999999,1.815529]",
4153,"[5.361085,0.1,1.815748]",
4154,"[5.365224,0.1,1.816131]",
4155,"[5.368091,0.1,1.8163]",
4156,"[5.374516,0.1,1.815913]",
4157,"[5.253978,0.5310904,1.901239]",
4158,"[5.253854,0.537941,1.903234]",
4159,"[5.25195,0.5523947,1.90742]",
4160,"[5.250289,0.5606914,1.909753]",
4161,"[5.384401,0.1000001,1.820014]",
4162,"[5.384501,0.1,1.820163]",
4163,"[5.384183,0.1,1.820666]",
4164,"[5.37463,0.1,1.822443]",
4165,"[5.36712,0.1,1.823758]",
4166,"[5.352659,0.1,1.825443]",
4167,"[5.347401,0.1,1.826126]",
4168,"[5.338225,0.1,1.826321]",
4169,"[5.334312,0.1,1.82635]",
4170,"[5.327752,0.1,1.826316]",
4171,"[5.325253,0.1,1.826129]",
4172,"[5.321663,0.1,1.825666]",
4173,"[5.319743,0.1,1.825093]",
4174,"[5.318654,0.1,1.824346]",
4175,"[5.317015,0.1,1.822408]",
4176,"[5.316924,0.0999999,1.822193]",
4177,"[5.318074,0.1,1.821517]",
4178,"[5.318391,0.1,1.821285]",
4179,"[5.318678,0.1,1.821149]",
4180,"[5.318889,0.1,1.821187]",
4181,"[5.319705,0.1,1.82122]",
4182,"[5.320315,0.1,1.821312]",
4183,"[5.320951,0.1,1.821336]",
4184,"[5.322647,0.1,1.82122]",
4185,"[5.323596,0.1,1.821095]",
4186,"[5.325611,0.1,1.820626]",
4187,"[5.326604,0.1,1.821017]",
4188,"[5.327514,0.1,1.821625]",
4189,"[5.327634,0.1,1.821885]",
4190,"[5.328332,0.1,1.823543]",
4191,"[5.328793,0.1,1.824321]",
4192,"[5.329093,0.1,1.825399]",
4193,"[5.329653,0.1,1.827517]",
4194,"[5.329995,0.1,1.828645]",
4195,"[5.330302,0.1,1.830652]",
4196,"[5.330309,0.1,1.832034]",
4197,"[5.32998,0.1000001,1.833613]",
4198,"[5.329064,0.1,1.837823]",
4199,"[5.328438,0.1,1.840086]",
4200,"[5.271265,0.1,1.855941]",
4201,"[5.247591,0.1,1.861979]",
4202,"[5.226539,0.1,1.86362]",
4203,"[5.143344,0.622529,1.946351]",
4204,"[5.139112,0.622529,1.945921]",
4205,"[5.138411,0.622529,1.945577]",
4206,"[5.137846,0.622529,1.945254]",
4207,"[5.13684,0.622529,1.944558]",
4208,"[5.136449,0.622529,1.944235]",
4209,"[5.135629,0.622529,1.943443]",
4210,"[5.232168,0.1,1.846411]",
4211,"[5.253139,0.1,1.83856]",
4212,"[5.25907,0.1,1.837543]",
4213,"[5.269602,0.1,1.836111]",
4214,"[5.274561,0.1,1.835603]",
4215,"[5.279528,0.0999999,1.835393]",
4216,"[5.287848,0.0999999,1.835411]",
4217,"[5.290687,0.1000001,1.835333]",
4218,"[5.294695,0.1,1.834981]",
4219,"[5.29589,0.1,1.834777]",
4220,"[5.29759,0.0999999,1.833891]",
4221,"[5.298494,0.1,1.833112]",
4222,"[5.299773,0.1,1.831765]",
4223,"[5.302508,0.1,1.828776]",
4224,"[5.304442,0.1,1.82685]",
4225,"[5.308039,0.1,1.824068]",
4226,"[5.310325,0.1,1.822647]",
4227,"[5.314417,0.1,1.820392]",
4228,"[5.316305,0.1,1.81946]",
4229,"[5.31819,0.1,1.818943]",
4230,"[5.321569,0.1,1.817492]",
4231,"[5.323256,0.1,1.816446]",
4232,"[5.328744,0.1,1.813107]",
4233,"[5.333633,0.1,1.81057]",
4234,"[5.263814,0.5415435,1.851542]",
4235,"[5.271891,0.5505186,1.832565]",
4236,"[5.279324,0.5591251,1.814357]",
4237,"[5.281741,0.5620186,1.808233]",
4238,"[5.283311,0.5639476,1.804148]",
4239,"[5.275594,0.595718,1.80846]",
4240,"[5.267776,0.6209247,1.815277]",
4241,"[5.268618,0.6229094,1.812733]",
4242,"[5.269022,0.6232753,1.812415]",
4243,"[5.32097,0.4688165,1.757451]",
4244,"[5.321873,0.4659991,1.756168]",
4245,"[5.322805,0.463383,1.75498]",
4246,"[5.325839,0.4550821,1.751213]",
4247,"[5.326034,0.4542539,1.750834]",
4248,"[5.325782,0.4542196,1.750809]",
4249,"[5.324015,0.4582355,1.752621]",
4250,"[5.324122,0.4594415,1.753187]",
4251,"[5.325536,0.4659458,1.756271]",
4252,"[5.325834,0.4709736,1.758628]",
4253,"[5.326572,0.4749355,1.760502]",
4254,"[5.328801,0.4789517,1.762454]",
4255,"[5.329435,0.4812164,1.763533]",
4256,"[5.328782,0.4838872,1.764756]",
4257,"[5.32818,0.486145,1.765788]",
4258,"[5.327415,0.4891256,1.767153]",
4259,"[5.324266,0.4989216,1.771613]",
4260,"[5.317806,0.5128391,1.777881]",
4261,"[5.311639,0.5260068,1.78381]",
4262,"[5.293925,0.5600759,1.812827]",
4263,"[5.291949,0.556309,1.820841]",
4264,"[5.288208,0.5498362,1.834599]",
4265,"[5.286153,0.5478979,1.838687]",
4266,"[5.281875,0.545705,1.843243]",
4267,"[5.278711,0.5448815,1.8449]",
4268,"[5.27308,0.5437757,1.847076]",
4269,"[5.270266,0.5433326,1.847928]",
4270,"[5.267338,0.5429969,1.848546]",
4271,"[5.264144,0.5425447,1.849405]",
4272,"[5.261929,0.5421304,1.850217]",
4273,"[5.256284,0.5412719,1.851862]",
4274,"[5.253579,0.5409169,1.852529]",
4275,"[5.249309,0.5401026,1.854128]",
4276,"[5.246776,0.5395164,1.855297]",
4277,"[5.24486,0.5385742,1.857252]",
4278,"[5.238841,0.5365289,1.861431]",
4279,"[5.234534,0.5354088,1.863684]",
4280,"[5.191282,0.5350108,1.863027]",
4281,"[5.19235,0.4560924,1.841247]",
4282,"[5.147796,0.622529,1.883588]",
4283,"[5.14449,0.622529,1.883206]",
4284,"[5.14295,0.622529,1.882933]",
4285,"[5.140152,0.622529,1.882083]",
4286,"[5.139,0.622529,1.881646]",
4287,"[5.139383,0.622529,1.880753]",
4288,"[5.14002,0.622529,1.880512]",
4289,"[5.142421,0.622529,1.880123]",
4290,"[5.143806,0.622529,1.880106]",
4291,"[5.146913,0.622529,1.880301]",
4292,"[5.148071,0.622529,1.880383]",
4293,"[5.192595,0.4227957,1.824466]",
4294,"[5.192392,0.4282957,1.826549]",
4295,"[5.192265,0.4314211,1.827683]",
4296,"[5.192047,0.4360633,1.829242]",
4297,"[5.191838,0.4387412,1.829786]",
4298,"[5.191012,0.4470793,1.830496]",
4299,"[5.191037,0.449707,1.829779]",
4300,"[5.191068,0.4529592,1.828883]",
4301,"[5.191163,0.4605677,1.826172]",
4302,"[5.193954,0.5556065,1.818926]",
4303,"[5.20578,0.5644289,1.800408]",
4304,"[5.225597,0.5084983,1.772636]",
4305,"[5.260706,0.4007693,1.723597]",
4306,"[5.34964,0.1,1.602909]",
4307,"[5.35011,0.1,1.601239]",
4308,"[5.350406,0.1,1.600479]",
4309,"[5.35059,0.1,1.599936]",
4310,"[5.35087,0.1,1.59947]",
4311,"[5.351027,0.1,1.599468]",
4312,"[5.3513,0.1,1.599742]",
4313,"[5.35139,0.0999999,1.600124]",
4314,"[5.351333,0.1,1.600405]",
4315,"[5.351284,0.1,1.60064]",
4316,"[5.351167,0.1,1.601008]",
4317,"[5.269663,0.3771338,1.712881]",
4318,"[5.266775,0.3866848,1.717237]",
4319,"[5.260565,0.4070629,1.726528]",
4320,"[5.257494,0.4169818,1.731049]",
4321,"[5.196804,0.622529,1.813147]",
4322,"[5.196463,0.622529,1.813413]",
4323,"[5.195954,0.622529,1.814045]",
4324,"[5.202817,0.5982479,1.804832]",
4325,"[5.210048,0.5728278,1.795033]",
4326,"[5.223842,0.525534,1.776817]",
4327,"[5.230566,0.5030111,1.767973]",
4328,"[5.243935,0.457891,1.750297]",
4329,"[5.250988,0.4353556,1.74165]",
4330,"[5.265177,0.3930414,1.7251]",
4331,"[5.272035,0.3754291,1.718027]",
4332,"[5.279176,0.3631275,1.713326]",
4333,"[5.294801,0.3392142,1.705186]",
4334,"[5.301799,0.3912541,1.74063]",
4335,"[5.916059,0.1,1.750668]",
4336,"[5.920594,0.1,1.751954]",
4337,"[5.95,0.1502352,1.76403]",
4338,"[5.95,0.1885991,1.773731]",
4339,"[5.585588,0.6502202,1.904287]",
4340,"[5.594063,0.6622185,1.90811]",
4341,"[5.600243,0.6622184,1.908923]",
4342,"[5.6113,0.6622185,1.91041]",
4343,"[5.616594,0.6622184,1.911446]",
4344,"[5.624534,0.6682172,1.918208]",
4345,"[5.624534,0.6775003,1.924917]",
4346,"[5.788683,0.6622185,2.038784]",
4347,"[5.574875,0.8756719,2.086658]",
4348,"[5.574439,0.8855997,2.099136]",
4349,"[5.860314,0.6622186,2.117324]",
4350,"[5.866375,0.6622186,2.126842]",
4351,"[5.867788,0.6622186,2.142629]",
4352,"[5.867269,0.6622186,2.145563]",
4353,"[5.869414,0.6622186,2.154936]",
4354,"[5.869109,0.6622185,2.157201]",
4355,"[5.869946,0.6622186,2.161675]",
4356,"[5.870432,0.6622186,2.167925]",
4357,"[5.873178,0.6622185,2.174504]",
4358,"[5.877079,0.6622186,2.183698]",
4359,"[5.878644,0.6622186,2.187689]",
4360,"[5.884294,0.6622185,2.196691]",
4361,"[5.886767,0.6622186,2.203512]",
4362,"[5.855344,0.6903738,2.212857]",
4363,"[5.766141,0.7581319,2.230242]",
4364,"[5.548025,0.9253237,2.331289]",
4365,"[5.541894,0.92813,2.35862]",
4366,"[5.540422,0.9295096,2.369063]",
4367,"[5.538677,0.935473,2.379668]",
4368,"[5.538236,0.9386005,2.38169]",
4369,"[5.538734,0.9393401,2.37766]",
4370,"[5.53918,0.9422735,2.373122]",
4371,"[5.539986,0.9452343,2.365876]",
4372,"[5.540941,0.9475637,2.357779]",
4373,"[5.541203,0.9487178,2.355341]",
4374,"[5.541648,0.9514101,2.350909]",
4375,"[5.541103,0.9575803,2.352456]",
4376,"[5.540653,0.9631388,2.353547]",
4377,"[5.540712,0.9614926,2.35378]",
4378,"[5.540246,0.9623353,2.356924]",
4379,"[5.539757,0.9619987,2.360711]",
4380,"[5.539291,0.9626034,2.36395]",
4381,"[5.542347,0.9502456,2.346159]",
4382,"[5.544254,0.9419547,2.335297]",
4383,"[5.551869,0.9292625,2.32914]",
4384,"[5.572001,0.9063105,2.32914]",
4385,"[5.606826,0.8618214,2.32914]",
4386,"[5.617793,0.8449608,2.32914]",
4387,"[5.621221,0.8366028,2.32914]",
4388,"[5.616737,0.8234152,2.32914]",
4389,"[5.547214,0.7418242,2.405574]",
4390,"[5.566964,0.6584033,2.443075]",
4391,"[5.56654,0.641324,2.449755]",
4392,"[5.565804,0.622529,2.458068]",
4393,"[5.562824,0.6180277,2.461129]",
4394,"[5.562798,0.6167644,2.461859]",
4395,"[5.562696,0.6131606,2.464777]",
4396,"[5.562707,0.6142117,2.464453]",
4397,"[5.562712,0.6186867,2.464338]",
4398,"[5.562703,0.621787,2.46458]",
4399,"[5.561998,0.622529,2.51513]",
4400,"[5.559513,0.625542,2.526572]",
4401,"[5.558968,0.6209041,2.542182]",
4402,"[5.922984,0.1,2.700836]",
4403,"[5.922124,0.1,2.711608]",
4404,"[5.922095,0.1,2.725371]",
4405,"[5.922469,0.1,2.731354]",
4406,"[5.925653,0.1,2.739272]",
4407,"[5.7535,0.3461173,2.67801]",
4408,"[5.730082,0.3874765,2.677192]",
4409,"[5.727421,0.3936149,2.677099]",
4410,"[5.7243,0.4002463,2.67699]",
4411,"[5.560498,0.6336405,2.622783]",
4412,"[5.560437,0.639601,2.624541]",
4413,"[5.576019,0.7289485,2.677384]",
4414,"[5.625057,0.7800756,2.71441]",
4415,"[5.680585,0.77691,2.74299]",
4416,"[5.677974,0.8000576,2.74299]",
4417,"[5.674717,0.8213034,2.74299]",
4418,"[5.671642,0.8521758,2.74299]",
4419,"[5.673988,0.8574088,2.74299]",
4420,"[5.675735,0.8675384,2.74299]",
4421,"[5.675781,0.8682051,2.74299]",
4422,"[5.66363,0.8764185,2.74299]",
4423,"[5.665491,0.8703323,2.74299]",
4424,"[5.682077,0.8407363,2.74299]",
4425,"[5.684344,0.8387207,2.74299]",
4426,"[5.697504,0.8360361,2.74299]",
4427,"[5.709507,0.8404971,2.74299]",
4428,"[5.718463,0.8485268,2.74299]",
4429,"[5.95,0.7402915,2.791314]",
4430,"[5.95,0.7768706,2.787227]",
4431,"[5.553884,1.308265,2.679223]",
4432,"[5.538279,1.375937,2.667711]",
4433,"[5.538637,1.398338,2.666981]",
4434,"[5.546345,1.423999,2.667726]",
4435,"[5.550461,1.435327,2.668216]",
4436,"[5.555438,1.446405,2.668469]",
4437,"[5.558954,1.453949,2.668612]",
4438,"[5.564138,1.466019,2.668944]",
4439,"[5.569117,1.477565,2.669258]",
4440,"[5.556368,1.568677,2.670107]",
4441,"[5.548638,1.590846,2.670218]",
4442,"[5.542056,1.609725,2.670426]",
4443,"[5.531219,1.642412,2.675187]",
4444,"[5.529694,1.653134,2.677607]",
4445,"[5.532783,1.676685,2.682477]",
4446,"[5.534096,1.681494,2.682802]",
4447,"[5.538414,1.696184,2.682681]",
4448,"[5.95,1.697326,2.763748]",
4449,"[5.95,1.728075,2.748715]",
4450,"[5.95,1.77265,2.732434]",
4451,"[5.95,1.79297,2.728018]",
4452,"[5.95,1.801483,2.725797]",
4453,"[5.95,1.807068,2.725518]",
4454,"[5.95,1.816873,2.725873]",
4455,"[5.95,1.824389,2.72671]",
4456,"[5.608872,1.920863,2.671396]",
4457,"[5.608872,1.950048,2.67137]",
4458,"[5.608872,1.969777,2.671587]",
4459,"[5.608872,2.011029,2.673828]",
4460,"[5.608872,2.029407,2.674831]",
4461,"[5.608872,2.057316,2.677068]",
4462,"[5.608872,2.070923,2.67833]",
4463,"[5.608872,2.071743,2.68254]",
4464,"[5.608872,2.071104,2.684104]",
4465,"[5.608872,2.071058,2.685326]",
4466,"[5.608872,2.064138,2.687912]",
4467,"[5.608872,2.063297,2.688409]",
4468,"[5.608872,2.05131,2.688236]",
4469,"[5.608872,2.048588,2.688025]",
4470,"[5.608872,2.047708,2.687864]",
4471,"[5.608872,2.044976,2.687911]",
4472,"[5.608872,2.038749,2.688947]",
4473,"[5.608872,2.035272,2.689682]",
4474,"[5.608872,2.02884,2.690525]",
4475,"[5.608872,2.023115,2.691876]",
4476,"[5.608872,2.01938,2.692815]",
4477,"[5.608872,2.010826,2.694599]",
4478,"[5.608872,2.009423,2.694963]",
4479,"[5.608872,2.008499,2.695272]",
4480,"[5.608872,2.009175,2.692292]",
4481,"[5.608872,2.01039,2.688187]",
4482,"[5.608872,2.026996,2.678409]",
4483,"[5.608872,2.035718,2.673836]",
4484,"[5.608872,2.045176,2.669291]",
4485,"[5.608872,2.048506,2.66697]",
4486,"[5.608872,2.053714,2.664469]",
4487,"[5.608872,2.055887,2.66366]",
4488,"[5.608872,2.060081,2.663014]",
4489,"[5.608872,2.061815,2.662935]",
4490,"[5.608872,2.063307,2.662923]",
4491,"[5.608872,2.065062,2.659759]",
4492,"[5.608872,2.065401,2.657774]",
4493,"[5.608872,2.06629,2.652014]",
4494,"[5.608872,2.066803,2.648372]",
4495,"[5.608872,2.067284,2.640012]",
4496,"[5.608872,2.067265,2.635801]",
4497,"[5.608872,2.066141,2.631671]",
4498,"[5.608872,2.063926,2.624926]",
4499,"[5.608872,2.062749,2.621886]",
4500,"[5.608872,2.060783,2.617121]",
4501,"[5.608872,2.060035,2.615316]",
4502,"[5.608872,2.05902,2.61087]",
4503,"[5.608872,2.058494,2.608641]",
4504,"[5.608872,2.058263,2.604164]",
4505,"[5.608872,2.058337,2.601405]",
4506,"[5.608872,2.058515,2.598609]",
4507,"[5.608872,2.058947,2.59089]",
4508,"[5.608872,2.059187,2.587163]",
4509,"[5.559332,2.04141,2.547815]",
4510,"[5.55907,2.038632,2.539263]",
4511,"[5.559434,2.035482,2.528831]",
4512,"[5.559969,2.034416,2.52474]",
4513,"[5.562556,2.033006,2.521191]",
4514,"[5.803874,2.075306,2.529002]",
4515,"[5.95,2.100452,2.5338]",
4516,"[5.95,2.093502,2.52739]",
4517,"[5.95,2.090609,2.52496]",
4518,"[5.589381,2.020521,2.509738]",
4519,"[5.589253,2.018856,2.506821]",
4520,"[5.589093,2.01677,2.503137]",
4521,"[5.58904,2.01606,2.501925]",
4522,"[5.588956,2.01508,2.500022]",
4523,"[5.588796,2.013233,2.49635]",
4524,"[5.588718,2.012372,2.494572]",
4525,"[5.588498,2.010488,2.489517]",
4526,"[5.588457,2.010593,2.488573]",
4527,"[5.588354,2.010559,2.486228]",
4528,"[5.588253,2.010044,2.483896]",
4529,"[5.588219,2.009636,2.483132]",
4530,"[5.588136,2.008218,2.48122]",
4531,"[5.588103,2.007455,2.480464]",
4532,"[5.588007,2.006167,2.47827]",
4533,"[5.588091,2.006306,2.480199]",
4534,"[5.588257,2.006948,2.484004]",
4535,"[5.588385,2.007183,2.486918]",
4536,"[5.588598,2.007414,2.491807]",
4537,"[5.588694,2.007494,2.494006]",
4538,"[5.588844,2.007812,2.497454]",
4539,"[5.58912,2.008941,2.503761]",
4540,"[5.589305,2.009971,2.508004]",
4541,"[5.95,2.071944,2.496563]",
4542,"[5.95,2.072562,2.497502]",
4543,"[5.95,2.073515,2.498709]",
4544,"[5.95,2.073943,2.499156]",
4545,"[5.559611,2.010537,2.525847]",
4546,"[5.559418,2.011741,2.529294]",
4547,"[5.559318,2.012485,2.532169]",
4548,"[5.559112,2.013944,2.538055]",
4549,"[5.559019,2.014584,2.540714]",
4550,"[5.558893,2.01572,2.546044]",
4551,"[5.559542,2.016325,2.54866]",
4552,"[5.578448,2.020431,2.552147]",
4553,"[5.608996,2.026282,2.553214]",
4554,"[5.628705,2.030058,2.553902]",
4555,"[5.64775,2.033803,2.554568]",
4556,"[5.64756,2.033871,2.554561]",
4557,"[5.646133,2.033759,2.554511]",
4558,"[5.645991,2.033848,2.554506]",
4559,"[5.646277,2.033709,2.554516]",
4560,"[5.645869,2.033602,2.554502]",
4561,"[5.645142,2.03353,2.554476]",
4562,"[5.644732,2.033578,2.554462]",
4563,"[5.642003,2.033434,2.554367]",
4564,"[5.63141,2.033175,2.553997]",
4565,"[5.626245,2.032907,2.553816]",
4566,"[5.616344,2.032486,2.553471]",
4567,"[5.612019,2.03183,2.55332]",
4568,"[5.602892,2.030335,2.553001]",
4569,"[5.597583,2.029415,2.552815]",
4570,"[5.591902,2.028464,2.552617]",
4571,"[5.583024,2.026958,2.552307]",
4572,"[5.580455,2.02658,2.552217]",
4573,"[5.577209,2.026138,2.552104]",
4574,"[5.576558,2.0261,2.552081]",
4575,"[5.575401,2.026141,2.552041]",
4576,"[5.574651,2.026165,2.552015]",
4577,"[5.573584,2.026127,2.551977]",
4578,"[5.571247,2.025998,2.551896]",
4579,"[5.569864,2.025706,2.551847]",
4580,"[5.567797,2.025108,2.551775]",
4581,"[5.566837,2.024733,2.551742]",
4582,"[5.564085,2.023615,2.551646]",
4583,"[5.562529,2.023075,2.551591]",
4584,"[5.56235,2.022725,2.551481]",
4585,"[5.562484,2.022663,2.551568]",
4586,"[5.562907,2.022696,2.551605]",
4587,"[5.562674,2.022529,2.551597]",
4588,"[5.562783,2.022481,2.5516]",
4589,"[5.562782,2.022301,2.5516]",
4590,"[5.563484,2.022321,2.551625]",
4591,"[5.565579,2.022745,2.551698]",
4592,"[5.568864,2.02351,2.551813]",
4593,"[5.57265,2.02437,2.551945]",
4594,"[5.584396,2.026459,2.552355]",
4595,"[5.591057,2.02761,2.552588]",
4596,"[5.601933,2.029966,2.552968]",
4597,"[5.593772,2.030938,2.552682]",
4598,"[5.582973,2.036194,2.552305]",
4599,"[5.580373,2.040166,2.552215]",
4600,"[5.584169,2.04841,2.552347]",
4601,"[5.589637,2.052997,2.552538]",
4602,"[5.596806,2.057888,2.552788]",
4603,"[5.615191,2.06886,2.553431]",
4604,"[5.629694,2.076093,2.553937]",
4605,"[5.655562,2.087961,2.55484]",
4606,"[5.667286,2.093222,2.55525]",
4607,"[5.670931,2.099008,2.555377]",
4608,"[5.675474,2.102992,2.555536]",
4609,"[5.679755,2.1058,2.555685]",
4610,"[5.696153,2.115818,2.556258]",
4611,"[5.702864,2.119311,2.556492]",
4612,"[5.608872,2.099607,2.564623]",
4613,"[5.608872,2.101691,2.565721]",
4614,"[5.608872,2.109371,2.585158]",
4615,"[5.608872,2.112099,2.592664]",
4616,"[5.608872,2.114437,2.598945]",
4617,"[5.608872,2.118133,2.609139]",
4618,"[5.608872,2.117282,2.612855]",
4619,"[5.608872,2.116304,2.615773]",
4620,"[5.608872,2.115947,2.617501]",
4621,"[5.589277,2.109119,2.620819]",
4622,"[5.547216,2.097477,2.623235]",
4623,"[5.402112,2.058419,2.623936]",
4624,"[5.197852,2.004749,2.624586]",
4625,"[5.190362,2.001609,2.62545]",
4626,"[5.186563,1.997498,2.627288]",
4627,"[5.187175,1.99667,2.627463]",
4628,"[5.187902,1.995909,2.627624]",
4629,"[5.186457,1.993836,2.626373]",
4630,"[5.183946,1.992674,2.625558]",
4631,"[5.18158,1.99182,2.624994]",
4632,"[5.177125,1.991085,2.622125]",
4633,"[5.17478,1.990884,2.62096]",
4634,"[5.170423,1.990799,2.618971]",
4635,"[5.16858,1.990774,2.618215]",
4636,"[5.166828,1.990662,2.61761]",
4637,"[5.162425,1.990009,2.616819]",
4638,"[5.158923,1.989314,2.616595]",
4639,"[5.150002,1.987331,2.616244]",
4640,"[5.145285,1.986255,2.616192]",
4641,"[5.140385,1.985128,2.616199]",
4642,"[5.125505,1.981337,2.616636]",
4643,"[5.112215,1.977845,2.616954]",
4644,"[5.107273,1.94728,2.625086]",
4645,"[5.104818,1.941483,2.626587]",
4646,"[5.11046,1.917619,2.630443]",
4647,"[5.107295,1.91274,2.631154]",
4648,"[5.95,1.981499,2.647962]",
4649,"[5.95,1.97545,2.649333]",
4650,"[5.95,1.970587,2.650653]",
4651,"[5.95,1.962463,2.653019]",
4652,"[5.905167,1.954557,2.653474]",
4653,"[5.862098,1.94353,2.655236]",
4654,"[5.862098,1.942872,2.655598]",
4655,"[5.862098,1.942163,2.655957]",
4656,"[5.862098,1.941936,2.656047]",
4657,"[5.862098,1.941866,2.655788]",
4658,"[5.862098,1.94147,2.655031]",
4659,"[5.862098,1.941515,2.654238]",
4660,"[5.95,1.947014,2.654229]",
4661,"[5.95,1.946984,2.653095]",
4662,"[5.95,1.946779,2.650954]",
4663,"[5.95,1.946536,2.649865]",
4664,"[5.95,1.946245,2.647729]",
4665,"[5.95,1.945968,2.646651]",
4666,"[5.95,1.945527,2.645673]",
4667,"[5.95,1.997269,2.649376]",
4668,"[5.95,2.015716,2.651044]",
4669,"[5.95,2.041157,2.654387]",
4670,"[5.887571,2.037221,2.653474]",
4671,"[5.862098,2.040132,2.654453]",
4672,"[5.862098,2.042669,2.655136]",
4673,"[5.862098,2.044474,2.6556]",
4674,"[5.862098,2.049199,2.656435]",
4675,"[5.862098,2.050667,2.656762]",
4676,"[5.862098,2.058791,2.65858]",
4677,"[5.862098,2.061693,2.659446]",
4678,"[5.862098,2.065625,2.660912]",
4679,"[5.862098,2.067385,2.661834]",
4680,"[5.862098,2.069304,2.663005]",
4681,"[5.862098,2.076561,2.667243]",
4682,"[5.862098,2.079804,2.669121]",
4683,"[5.862098,2.085053,2.672947]",
4684,"[5.862098,2.087714,2.674272]",
4685,"[5.862098,2.093072,2.676569]",
4686,"[5.862098,2.095703,2.67773]",
4687,"[5.862098,2.097968,2.679068]",
4688,"[5.188426,1.962862,2.645507]",
4689,"[5.18926,1.963614,2.645973]",
4690,"[5.18785,1.964185,2.646827]",
4691,"[5.185693,1.964053,2.647272]",
4692,"[5.186097,1.964341,2.6484]",
4693,"[5.189116,1.964806,2.649042]",
4694,"[5.20281,1.96695,2.649632]",
4695,"[5.205995,1.967105,2.649626]",
4696,"[5.207986,1.967069,2.649332]",
4697,"[5.208286,1.966158,2.648283]",
4698,"[5.210366,1.966023,2.647661]",
4699,"[5.221387,1.967117,2.647145]",
4700,"[5.227697,1.967966,2.646799]",
4701,"[5.23525,1.964172,2.648097]",
4702,"[5.236574,1.96268,2.648891]",
4703,"[5.239429,1.961362,2.650114]",
4704,"[5.242024,1.959898,2.651488]",
4705,"[5.245763,1.959325,2.652706]",
4706,"[5.251652,1.957787,2.655847]",
4707,"[5.253252,1.956643,2.657561]",
4708,"[5.25407,1.954991,2.659928]",
4709,"[5.254716,1.953645,2.661233]",
4710,"[5.25568,1.952629,2.66245]",
4711,"[5.257462,1.951337,2.66343]",
4712,"[5.258043,1.95069,2.66391]",
4713,"[5.260539,1.950172,2.664802]",
4714,"[5.262589,1.950189,2.665296]",
4715,"[5.266921,1.950769,2.666145]",
4716,"[5.268297,1.951007,2.666464]",
4717,"[5.261845,1.973501,2.655962]",
4718,"[5.25921,1.982396,2.651803]",
4719,"[5.268184,1.99122,2.649429]",
4720,"[5.862098,2.140692,2.676661]",
4721,"[5.862098,2.14548,2.673679]",
4722,"[5.862098,2.149533,2.67046]",
4723,"[5.862098,2.150339,2.669525]",
4724,"[5.862098,2.151506,2.667853]",
4725,"[5.862098,2.152489,2.667313]",
4726,"[5.862098,2.153977,2.666957]",
4727,"[5.862098,2.154501,2.666811]",
4728,"[5.862098,2.15467,2.666688]",
4729,"[5.862098,2.15468,2.666254]",
4730,"[5.862098,2.15455,2.665963]",
4731,"[5.862098,2.153695,2.664971]",
4732,"[5.862098,2.153349,2.664348]",
4733,"[5.862098,2.15246,2.662675]",
4734,"[5.862098,2.152028,2.661266]",
4735,"[5.862098,2.151573,2.659428]",
4736,"[5.95,2.17244,2.654041]",
4737,"[5.95,2.172219,2.649591]",
4738,"[5.286872,1.96496,2.595295]",
4739,"[5.293324,1.960438,2.588886]",
4740,"[5.3051,1.94424,2.547608]",
4741,"[5.308765,1.940534,2.539649]",
4742,"[5.311551,1.938288,2.534918]",
4743,"[5.317568,1.936171,2.530599]",
4744,"[5.321979,1.936066,2.529093]",
4745,"[5.330763,1.936664,2.526606]",
4746,"[5.334142,1.93698,2.525815]",
4747,"[5.338608,1.937307,2.524668]",
4748,"[5.339767,1.937335,2.524307]",
4749,"[5.588083,1.965429,2.480019]",
4750,"[5.588078,1.965106,2.479907]",
4751,"[5.588077,1.964906,2.479873]",
4752,"[5.363488,1.933908,2.546372]",
4753,"[5.369014,1.93197,2.558684]",
4754,"[5.377902,1.927882,2.584172]",
4755,"[5.379743,1.926043,2.59492]",
4756,"[5.377877,1.922713,2.609945]",
4757,"[5.375571,1.92088,2.6158]",
4758,"[5.37251,1.918887,2.620914]",
4759,"[5.366438,1.914845,2.628839]",
4760,"[5.608872,1.930619,2.626994]",
4761,"[5.608872,1.928197,2.629859]",
4762,"[5.608872,1.92487,2.632924]",
4763,"[5.608872,1.92325,2.633658]",
4764,"[5.608872,1.919709,2.63254]",
4765,"[5.608872,1.918475,2.631913]",
4766,"[5.608872,1.917991,2.629581]",
4767,"[5.608872,1.91803,2.628464]",
4768,"[5.608872,1.919101,2.626714]",
4769,"[5.608872,1.920533,2.62411]",
4770,"[5.608872,1.923554,2.621102]",
4771,"[5.608872,1.925708,2.619975]",
4772,"[5.608872,1.927188,2.619491]",
4773,"[5.608872,1.928442,2.619005]",
4774,"[5.608872,1.929567,2.619059]",
4775,"[5.608872,1.933066,2.625165]",
4776,"[5.608872,1.935197,2.62972]",
4777,"[5.608872,1.946093,2.669388]",
4778,"[5.608872,1.95207,2.692158]",
4779,"[5.608872,1.954475,2.698458]",
4780,"[5.608872,1.956368,2.70279]",
4781,"[5.608872,1.960053,2.708528]",
4782,"[5.608872,1.960698,2.710344]",
4783,"[5.608872,1.962328,2.714277]",
4784,"[5.608872,1.962709,2.715659]",
4785,"[5.608872,1.963012,2.717263]",
4786,"[5.608872,1.963617,2.720215]",
4787,"[5.608872,1.998322,2.746962]",
4788,"[5.862098,2.079518,2.802495]",
4789,"[5.862098,2.094934,2.810436]",
4790,"[5.862098,2.106304,2.816123]",
4791,"[5.788596,2.103766,2.81172]",
4792,"[5.777234,2.105068,2.81172]",
4793,"[5.759707,2.106569,2.81172]",
4794,"[5.752062,2.107117,2.81172]",
4795,"[5.73409,2.107574,2.81172]",
4796,"[5.724131,2.107537,2.81172]",
4797,"[5.709364,2.10638,2.81172]",
4798,"[5.707659,2.106401,2.81172]",
4799,"[5.572187,2.074577,2.790065]",
4800,"[5.396413,2.034013,2.763103]",
4801,"[5.436937,2.044559,2.770688]",
4802,"[5.438351,2.046562,2.772249]",
4803,"[5.435616,2.046772,2.772701]",
4804,"[5.429409,2.052488,2.772616]",
4805,"[5.426711,2.054809,2.772559]",
4806,"[5.424282,2.056396,2.772782]",
4807,"[5.420114,2.057305,2.772467]",
4808,"[5.418108,2.057214,2.772107]",
4809,"[5.411337,2.056136,2.770634]",
4810,"[5.408007,2.055487,2.7694]",
4811,"[5.39678,2.052826,2.766941]",
4812,"[5.390655,2.05121,2.765712]",
4813,"[5.383067,2.049099,2.764345]",
4814,"[5.364914,2.043471,2.760145]",
4815,"[5.353129,2.039884,2.757981]",
4816,"[5.334701,2.034226,2.756218]",
4817,"[5.862098,2.162756,2.830365]",
4818,"[5.862098,1.991957,2.812383]",
4819,"[5.862098,1.962609,2.809721]",
4820,"[5.862098,1.937783,2.808594]",
4821,"[5.862098,1.930413,2.808904]",
4822,"[5.862098,1.926825,2.808546]",
4823,"[5.862098,1.921041,2.80845]",
4824,"[5.862098,1.918675,2.808492]",
4825,"[5.862098,1.915504,2.807052]",
4826,"[5.862098,1.91407,2.805242]",
4827,"[5.862098,1.911306,2.798529]",
4828,"[5.862098,1.909757,2.795453]",
4829,"[5.862098,1.907935,2.791963]",
4830,"[5.862098,1.906056,2.787067]",
4831,"[5.862098,1.905679,2.784598]",
4832,"[5.862098,1.906128,2.780457]",
4833,"[5.862098,1.906472,2.778465]",
4834,"[5.862098,1.908572,2.775649]",
4835,"[5.862098,1.910259,2.774442]",
4836,"[5.862098,1.913229,2.772655]",
4837,"[5.862098,1.951619,2.768928]",
4838,"[5.862098,1.968703,2.767487]",
4839,"[5.862098,2.030382,2.771528]",
4840,"[5.862098,2.045838,2.773416]",
4841,"[5.862098,2.062133,2.775669]",
4842,"[5.862098,2.066925,2.776405]",
4843,"[5.862098,2.072526,2.777644]",
4844,"[5.862098,2.07415,2.778141]",
4845,"[5.862098,2.076036,2.778886]",
4846,"[5.862098,2.076534,2.779145]",
4847,"[5.862098,2.076905,2.77915]",
4848,"[5.862098,2.07748,2.779158]",
4849,"[5.862098,2.077745,2.779181]",
4850,"[5.862098,2.078403,2.779264]",
4851,"[5.862098,2.078763,2.779314]",
4852,"[5.862098,2.080275,2.779543]",
4853,"[5.862098,2.080914,2.779637]",
4854,"[5.862098,2.081453,2.779699]",
4855,"[5.862098,2.08224,2.779789]",
4856,"[5.862098,2.082527,2.779809]",
4857,"[5.862098,2.082944,2.779838]",
4858,"[5.862098,2.079337,2.782117]",
4859,"[5.862098,2.021968,2.791682]",
4860,"[5.862098,1.993679,2.794178]",
4861,"[5.862098,1.977527,2.795601]",
4862,"[5.862098,1.959342,2.796643]",
4863,"[5.364757,1.910113,2.755081]",
4864,"[5.370763,1.906557,2.755251]",
4865,"[5.375879,1.905792,2.755778]",
4866,"[5.390676,1.90542,2.757272]",
4867,"[5.395308,1.905308,2.757869]",
4868,"[5.406662,1.905554,2.759196]",
4869,"[5.413349,1.905812,2.759968]",
4870,"[5.421144,1.906185,2.760817]",
4871,"[5.434574,1.906784,2.762221]",
4872,"[5.44257,1.907084,2.763022]",
4873,"[5.458984,1.907479,2.764853]",
4874,"[5.464044,1.907377,2.765615]",
4875,"[5.47029,1.906493,2.767209]",
4876,"[5.472773,1.906109,2.767945]",
4877,"[5.475693,1.905511,2.768862]",
4878,"[5.484741,1.904463,2.770865]",
4879,"[5.488916,1.904038,2.771453]",
4880,"[5.497072,1.90334,2.77242]",
4881,"[5.501193,1.903171,2.772823]",
4882,"[5.509063,1.903141,2.773293]",
4883,"[5.511084,1.902856,2.773274]",
4884,"[5.510653,1.902166,2.772596]",
4885,"[5.509702,1.901744,2.772084]",
4886,"[5.512119,1.901579,2.771772]",
4887,"[5.519435,1.901571,2.771216]",
4888,"[5.524507,1.901678,2.77096]",
4889,"[5.529987,1.902107,2.770792]",
4890,"[5.530189,1.902051,2.770881]",
4891,"[5.862098,1.921606,2.797272]",
4892,"[5.862098,1.920886,2.796931]",
4893,"[5.862098,1.919873,2.796425]",
4894,"[5.862098,1.917486,2.794969]",
4895,"[5.862098,1.916328,2.794181]",
4896,"[5.862098,1.915068,2.793003]",
4897,"[5.862098,1.914592,2.793412]",
4898,"[5.862098,1.914263,2.793718]",
4899,"[5.862098,1.913996,2.794066]",
4900,"[5.862098,1.913612,2.7939]",
4901,"[5.862098,1.912464,2.794035]",
4902,"[5.862098,1.911722,2.794492]",
4903,"[5.862098,1.910791,2.794894]",
4904,"[5.862098,1.908749,2.795369]",
4905,"[5.862098,1.90743,2.795424]",
4906,"[5.862098,1.906078,2.795731]",
4907,"[5.862098,1.9039,2.795516]",
4908,"[5.862098,1.90089,2.794819]",
4909,"[5.95,1.79311,2.779783]",
4910,"[5.95,1.682889,2.755346]",
4911,"[5.657045,1.698017,2.73395]",
4912,"[5.545355,1.690174,2.72373]",
4913,"[5.542179,1.680687,2.722294]",
4914,"[5.540668,1.675018,2.722086]",
4915,"[5.539736,1.671423,2.722081]",
4916,"[5.536315,1.657811,2.722039]",
4917,"[5.535067,1.652241,2.721403]",
4918,"[5.53498,1.64546,2.720719]",
4919,"[5.535341,1.635083,2.719376]",
4920,"[5.536559,1.627788,2.718572]",
4921,"[5.539105,1.618186,2.716842]",
4922,"[5.539738,1.616372,2.715852]",
4923,"[5.542136,1.609496,2.713125]",
4924,"[5.543605,1.605282,2.711442]",
4925,"[5.545509,1.599821,2.709563]",
4926,"[5.546168,1.597932,2.708759]",
4927,"[5.54572,1.599217,2.70906]",
4928,"[5.545435,1.600033,2.709153]",
4929,"[5.543159,1.606563,2.709337]",
4930,"[5.539774,1.616268,2.709475]",
4931,"[5.538407,1.620189,2.709351]",
4932,"[5.513332,1.629561,2.707393]",
4933,"[5.205492,1.711967,2.685441]",
4934,"[5.102672,1.73849,2.678197]",
4935,"[5.098815,1.743178,2.678113]",
4936,"[5.098871,1.744566,2.676695]",
4937,"[5.103397,1.746563,2.672643]",
4938,"[5.105902,1.747157,2.670953]",
4939,"[5.107185,1.747837,2.657273]",
4940,"[5.105856,1.748357,2.652335]",
4941,"[5.103742,1.748911,2.64863]",
4942,"[5.103717,1.74909,2.64431]",
4943,"[5.105181,1.748945,2.642483]",
4944,"[5.108935,1.748523,2.639679]",
4945,"[5.110851,1.748274,2.638189]",
4946,"[5.112283,1.748155,2.635769]",
4947,"[5.109065,1.748723,2.635721]",
4948,"[5.102785,1.749858,2.635562]",
4949,"[5.068658,1.756537,2.63458]",
4950,"[5.041097,1.761922,2.633752]",
4951,"[5.00384,1.768993,2.632648]",
4952,"[5.009793,1.767256,2.633265]",
4953,"[5.046054,1.75789,2.636904]",
4954,"[5.95,1.557682,2.694409]",
4955,"[5.95,1.550297,2.708697]",
4956,"[5.95,1.546522,2.716691]",
4957,"[5.95,1.506852,2.767107]",
4958,"[5.877928,1.501627,2.789733]",
4959,"[5.768412,1.501627,2.786432]",
4960,"[5.684188,1.501627,2.781903]",
4961,"[5.65485,1.501627,2.779689]",
4962,"[5.623556,1.501627,2.77511]",
4963,"[5.612127,1.501627,2.771937]",
4964,"[5.607499,1.501627,2.769067]",
4965,"[5.597737,1.501627,2.756647]",
4966,"[5.592706,1.501627,2.748314]",
4967,"[5.583424,1.501627,2.735507]",
4968,"[5.579212,1.501627,2.729555]",
4969,"[5.579332,1.501627,2.719659]",
4970,"[5.578595,1.501627,2.713569]",
4971,"[5.588936,1.501627,2.701014]",
4972,"[5.621239,1.501627,2.669006]",
4973,"[5.641731,1.498522,2.655945]",
4974,"[5.695714,1.484627,2.640221]",
4975,"[5.723597,1.475905,2.632498]",
4976,"[5.762477,1.46355,2.621703]",
4977,"[5.777196,1.458131,2.617522]",
4978,"[5.816138,1.442621,2.606305]",
4979,"[5.836756,1.431504,2.599992]",
4980,"[5.857957,1.420275,2.593526]",
4981,"[5.662064,1.433351,2.555067]",
4982,"[5.578961,1.46105,2.552165]",
4983,"[5.558908,1.461604,2.543904]",
4984,"[5.558977,1.460109,2.541927]",
4985,"[5.559038,1.459065,2.540161]",
4986,"[5.55904,1.458476,2.540111]",
4987,"[5.559064,1.458507,2.539434]",
4988,"[5.559077,1.458903,2.539063]",
4989,"[5.559063,1.459215,2.539459]",
4990,"[5.559004,1.460378,2.54115]",
4991,"[5.195529,1.630027,2.567997]",
4992,"[5.183856,1.66084,2.597036]",
4993,"[5.176083,1.668617,2.602002]",
4994,"[5.171968,1.673384,2.605361]",
4995,"[5.170444,1.67743,2.609545]",
4996,"[5.172013,1.678108,2.611878]",
4997,"[5.171636,1.67984,2.615164]",
4998,"[5.167627,1.681755,2.616139]",
4999,"[5.158749,1.685017,2.616815]",
5000,"[5.157332,1.685718,2.6176]",
5001,"[5.158802,1.685911,2.619737]",
5002,"[5.161634,1.685586,2.621269]",
5003,"[5.166665,1.684436,2.62308]",
5004,"[5.174253,1.682622,2.626469]",
5005,"[5.176896,1.681969,2.628042]",
5006,"[5.179657,1.680936,2.631295]",
5007,"[5.182215,1.680029,2.633307]",
5008,"[5.201004,1.673437,2.640275]",
5009,"[5.220924,1.667396,2.654401]",
5010,"[5.726654,1.501627,2.736998]",
5011,"[5.722827,1.501627,2.756017]",
5012,"[5.718403,1.501627,2.762961]",
5013,"[5.712909,1.501627,2.77291]",
5014,"[5.710569,1.501627,2.775931]",
5015,"[5.708498,1.501627,2.778628]",
5016,"[5.70738,1.501627,2.780844]",
5017,"[5.710651,1.501627,2.782423]",
5018,"[5.7147,1.501627,2.782334]",
5019,"[5.720068,1.501627,2.780947]",
5020,"[5.726298,1.501627,2.77972]",
5021,"[5.732721,1.501627,2.778708]",
5022,"[5.746008,1.501627,2.776807]",
5023,"[5.752612,1.501627,2.776075]",
5024,"[5.786063,1.501627,2.772435]",
5025,"[5.796579,1.501627,2.771321]",
5026,"[5.807334,1.501627,2.769938]",
5027,"[5.817646,1.501627,2.767696]",
5028,"[5.821531,1.501627,2.766598]",
5029,"[5.828754,1.501627,2.764513]",
5030,"[5.832709,1.501627,2.763391]",
5031,"[5.836385,1.501627,2.761066]",
5032,"[5.839288,1.501627,2.759561]",
5033,"[5.238729,1.671252,2.6971]",
5034,"[5.193312,1.684353,2.691923]",
5035,"[5.183053,1.687485,2.690485]",
5036,"[5.175652,1.689937,2.689116]",
5037,"[5.178281,1.689515,2.688918]",
5038,"[5.228148,1.675872,2.692573]",
5039,"[5.251194,1.669491,2.694191]",
5040,"[5.282816,1.660648,2.696781]",
5041,"[5.291954,1.658118,2.697768]",
5042,"[5.300107,1.655854,2.698652]",
5043,"[5.306047,1.654168,2.69969]",
5044,"[5.307545,1.653239,2.700267]",
5045,"[5.309424,1.651653,2.701789]",
5046,"[5.308622,1.651312,2.702608]",
5047,"[5.30195,1.65229,2.703488]",
5048,"[5.309017,1.649647,2.704752]",
5049,"[5.316478,1.647005,2.705923]",
5050,"[5.326398,1.643342,2.707444]",
5051,"[5.329055,1.642276,2.70788]",
5052,"[5.335091,1.64001,2.708612]",
5053,"[5.337219,1.639122,2.70881]",
5054,"[5.33837,1.638198,2.708937]",
5055,"[5.337457,1.638212,2.708885]",
5056,"[5.337077,1.638057,2.708894]",
5057,"[5.337881,1.63733,2.709391]",
5058,"[5.338408,1.636992,2.709667]",
5059,"[5.555074,1.57239,2.729814]",
5060,"[5.555249,1.571887,2.730292]",
5061,"[5.55537,1.57154,2.730701]",
5062,"[5.555398,1.571461,2.73075]",
5063,"[5.555325,1.571669,2.730903]",
5064,"[5.555066,1.572412,2.731173]",
5065,"[5.554902,1.572882,2.731261]",
5066,"[5.554734,1.573364,2.73134]",
5067,"[5.554448,1.574185,2.731506]",
5068,"[5.554311,1.574578,2.73161]",
5069,"[5.554345,1.57448,2.731766]",
5070,"[5.554476,1.574103,2.732223]",
5071,"[5.554637,1.573641,2.732592]",
5072,"[5.555212,1.571992,2.733118]",
5073,"[5.555767,1.570401,2.733012]",
5074,"[5.556284,1.56892,2.73283]",
5075,"[5.556878,1.567215,2.732483]",
5076,"[5.557015,1.56682,2.732406]",
5077,"[5.575902,1.512655,2.716465]",
5078,"[5.579643,1.501926,2.7138]",
5079,"[5.556506,1.48004,2.705146]",
5080,"[5.552255,1.473252,2.703444]",
5081,"[5.548967,1.467881,2.702416]",
5082,"[5.542951,1.45784,2.701052]",
5083,"[5.539972,1.452809,2.700518]",
5084,"[5.535669,1.446104,2.698397]",
5085,"[5.533606,1.442883,2.697395]",
5086,"[5.531912,1.440382,2.696232]",
5087,"[5.531357,1.439731,2.695444]",
5088,"[5.530833,1.439127,2.694677]",
5089,"[5.530477,1.439036,2.693389]",
5090,"[5.530296,1.438985,2.692749]",
5091,"[5.529854,1.43871,2.691539]",
5092,"[5.529808,1.438823,2.691069]",
5093,"[5.529601,1.43882,2.690204]",
5094,"[5.529496,1.43881,2.689786]",
5095,"[5.493598,1.456695,2.687898]",
5096,"[5.236755,1.585079,2.6769]",
5097,"[5.198332,1.604392,2.675357]",
5098,"[5.190963,1.608654,2.674868]",
5099,"[5.189848,1.609525,2.674447]",
5100,"[5.188982,1.610419,2.674163]",
5101,"[5.189383,1.610458,2.674053]",
5102,"[5.193009,1.609332,2.673903]",
5103,"[5.195306,1.608491,2.673803]",
5104,"[5.199221,1.607115,2.673527]",
5105,"[5.201351,1.606511,2.673384]",
5106,"[5.203548,1.605857,2.673291]",
5107,"[5.204526,1.606299,2.673095]",
5108,"[5.200816,1.608327,2.672937]",
5109,"[5.190129,1.61366,2.672694]",
5110,"[5.182204,1.616789,2.673401]",
5111,"[5.159653,1.625948,2.675292]",
5112,"[5.167986,1.621124,2.677009]",
5113,"[5.95,1.248359,2.701728]",
5114,"[5.95,1.245973,2.703973]",
5115,"[5.95,1.244365,2.705084]",
5116,"[5.95,1.238704,2.708404]",
5117,"[5.89137,1.264227,2.707396]",
5118,"[5.881935,1.264227,2.706897]",
5119,"[5.879238,1.264227,2.706034]",
5120,"[5.876048,1.264227,2.705117]",
5121,"[5.876047,1.264227,2.703063]",
5122,"[5.876374,1.264227,2.701348]",
5123,"[5.88148,1.264227,2.697161]",
5124,"[5.885175,1.264227,2.694942]",
5125,"[5.892454,1.264227,2.689483]",
5126,"[5.95,1.238755,2.686287]",
5127,"[5.95,1.24232,2.677374]",
5128,"[5.95,1.243888,2.673522]",
5129,"[5.884266,1.264227,2.660563]",
5130,"[5.863678,1.264227,2.644823]",
5131,"[5.856873,1.264227,2.638893]",
5132,"[5.845406,1.264227,2.630465]",
5133,"[5.83958,1.264227,2.627414]",
5134,"[5.827618,1.264227,2.622834]",
5135,"[5.822437,1.264227,2.622069]",
5136,"[5.816067,1.264227,2.621186]",
5137,"[5.799318,1.264227,2.620614]",
5138,"[5.789303,1.264227,2.620733]",
5139,"[5.95,0.924647,2.676666]",
5140,"[5.95,0.8317953,2.689075]",
5141,"[5.95,0.7629367,2.696127]",
5142,"[5.95,0.7419901,2.698115]",
5143,"[5.95,0.7182184,2.699256]",
5144,"[5.126173,1.482753,2.694654]",
5145,"[5.119406,1.486713,2.693959]",
5146,"[5.119009,1.485056,2.69319]",
5147,"[5.120624,1.482962,2.692571]",
5148,"[5.130302,1.485517,2.68576]",
5149,"[5.134691,1.488355,2.681613]",
5150,"[5.150606,1.501731,2.673133]",
5151,"[5.15874,1.504685,2.669962]",
5152,"[5.168315,1.508355,2.665469]",
5153,"[5.179931,1.504136,2.662461]",
5154,"[5.184903,1.504768,2.660324]",
5155,"[5.194601,1.508534,2.652685]",
5156,"[5.199898,1.510677,2.647357]",
5157,"[5.218089,1.53015,2.614147]",
5158,"[5.225595,1.535899,2.602049]",
5159,"[5.57596,1.547479,2.297886]",
5160,"[5.59332,1.558908,2.216516]",
5161,"[5.610088,1.562512,2.180341]",
5162,"[5.659735,1.564125,2.108424]",
5163,"[5.638895,1.574248,2.107697]",
5164,"[5.610527,1.587971,2.106706]",
5165,"[5.613315,1.586207,2.106803]",
5166,"[5.617085,1.583865,2.106935]",
5167,"[5.62945,1.579289,2.107367]",
5168,"[5.63818,1.576521,2.107671]",
5169,"[5.633051,1.562512,2.17545]",
5170,"[5.626475,1.562512,2.192743]",
5171,"[5.57932,1.542414,2.441929]",
5172,"[5.57932,1.541288,2.442934]",
5173,"[5.57932,1.540269,2.443695]",
5174,"[5.57932,1.541338,2.442118]",
5175,"[5.57932,1.542771,2.440453]",
5176,"[5.57932,1.544086,2.439348]",
5177,"[5.57932,1.544066,2.440196]",
5178,"[5.57932,1.546932,2.440398]",
5179,"[5.57932,1.546704,2.440711]",
5180,"[5.57932,1.545807,2.441824]",
5181,"[5.57932,1.545282,2.442438]",
5182,"[5.57932,1.540048,2.443502]",
5183,"[5.57932,1.540402,2.441194]",
5184,"[5.57932,1.54024,2.43775]",
5185,"[5.57932,1.54415,2.424607]",
5186,"[5.677758,1.51757,2.375992]",
5187,"[5.73823,1.587631,1.947232]",
5188,"[5.737422,1.588848,1.946552]",
5189,"[5.705075,1.606746,1.919323]",
5190,"[5.692307,1.615526,1.908576]",
5191,"[5.67201,1.629724,1.89149]",
5192,"[5.668591,1.634991,1.888612]",
5193,"[5.66345,1.641493,1.884284]",
5194,"[5.737012,1.642768,1.806139]",
5195,"[5.78287,1.642768,1.755855]",
5196,"[5.644666,1.937262,1.838482]",
5197,"[5.646766,2.008924,1.849309]",
5198,"[5.648188,2.051453,1.856643]",
5199,"[5.648823,2.064227,1.859917]",
5200,"[5.649429,2.075185,1.863043]",
5201,"[5.649602,2.077303,1.863939]",
5202,"[5.651223,2.077682,1.872295]",
5203,"[5.65221,2.080738,1.877389]",
5204,"[5.653382,2.081538,1.883431]",
5205,"[5.655398,2.083639,1.893829]",
5206,"[5.656163,2.08565,1.897774]",
5207,"[5.656539,2.087586,1.899713]",
5208,"[5.656418,2.089606,1.899089]",
5209,"[5.653273,2.089875,1.882867]",
5210,"[5.648494,2.091928,1.858224]",
5211,"[5.646668,2.093061,1.848805]",
5212,"[5.643337,2.093987,1.831629]",
5213,"[5.641889,2.093774,1.824158]",
5214,"[5.643997,2.082983,1.83503]",
5215,"[5.645687,2.0747,1.843744]",
5216,"[5.647741,2.065103,1.854341]",
5217,"[5.650328,2.055757,1.867679]",
5218,"[5.651935,2.050589,1.875968]",
5219,"[5.663435,1.950937,1.935278]",
5220,"[5.664531,1.942282,1.940931]",
5221,"[5.666055,1.933692,1.948788]",
5222,"[5.666609,1.929975,1.951648]",
5223,"[5.667284,1.925051,1.955128]",
5224,"[5.667499,1.923347,1.956236]",
5225,"[5.667721,1.921291,1.957383]",
5226,"[5.668438,1.912827,1.961081]",
5227,"[5.668799,1.908845,1.96294]",
5228,"[5.669361,1.902292,1.96584]",
5229,"[5.669598,1.900435,1.967061]",
5230,"[5.669821,1.898524,1.96821]",
5231,"[5.669859,1.898267,1.968406]",
5232,"[5.669862,1.898277,1.968421]",
5233,"[5.668911,1.900074,1.963522]",
5234,"[5.66797,1.902804,1.958666]",
5235,"[5.65798,1.991706,1.907147]",
5236,"[5.655429,2.012384,1.89399]",
5237,"[5.650857,2.063346,1.87041]",
5238,"[5.649449,2.082228,1.863147]",
5239,"[5.647805,2.104339,1.854669]",
5240,"[5.647323,2.107034,1.852184]",
5241,"[5.647385,2.109106,1.8525]",
5242,"[5.647533,2.111376,1.853267]",
5243,"[5.647659,2.112205,1.853916]",
5244,"[5.648033,2.113696,1.855846]",
5245,"[5.648275,2.114623,1.857092]",
5246,"[5.648729,2.114991,1.859435]",
5247,"[5.648867,2.114652,1.860144]",
5248,"[5.649021,2.11448,1.860941]",
5249,"[5.649237,2.114203,1.862055]",
5250,"[5.649281,2.11397,1.862282]",
5251,"[5.649288,2.113158,1.862319]",
5252,"[5.649308,2.112886,1.862421]",
5253,"[5.649294,2.112513,1.862348]",
5254,"[5.64931,2.112125,1.862432]",
5255,"[5.649337,2.111832,1.862571]",
5256,"[5.649597,2.111559,1.863911]",
5257,"[5.65576,2.111621,1.895693]",
5258,"[5.660812,2.110527,1.921752]",
5259,"[5.666966,2.099796,1.953489]",
5260,"[5.671876,2.091646,1.978811]",
5261,"[5.673562,2.089195,1.987504]",
5262,"[5.676332,2.083886,2.001793]",
5263,"[5.677638,2.081082,2.008527]",
5264,"[5.679571,2.079729,2.018495]",
5265,"[5.68063,2.079293,2.023955]",
5266,"[5.681617,2.078796,2.029048]",
5267,"[5.68454,2.076926,2.044123]",
5268,"[5.686246,2.075604,2.052922]",
5269,"[5.576634,2.014696,2.217792]",
5270,"[5.577175,2.011816,2.230182]",
5271,"[5.578098,2.005189,2.251333]",
5272,"[5.578292,2.003664,2.25576]",
5273,"[5.578479,2.00195,2.260045]",
5274,"[5.578636,1.99932,2.263637]",
5275,"[5.578732,1.997384,2.265854]",
5276,"[5.578816,1.99372,2.267763]",
5277,"[5.578721,1.992113,2.265587]",
5278,"[5.578612,1.989318,2.263103]",
5279,"[5.57855,1.988489,2.261673]",
5280,"[5.578501,1.987459,2.260554]",
5281,"[5.578071,1.984013,2.250701]",
5282,"[5.577868,1.983134,2.246043]",
5283,"[5.577631,1.981446,2.240626]",
5284,"[5.577565,1.981563,2.239105]",
5285,"[5.577445,1.982406,2.236366]",
5286,"[5.577395,1.982939,2.23523]",
5287,"[5.577379,1.98317,2.234852]",
5288,"[5.577449,1.984253,2.236458]",
5289,"[5.577594,1.984669,2.23977]",
5290,"[5.578385,1.984276,2.257895]",
5291,"[5.579223,1.983344,2.277088]",
5292,"[5.608872,1.956238,2.621805]",
5293,"[5.608872,1.955841,2.626473]",
5294,"[5.681186,1.946727,2.81172]",
5295,"[5.616,1.938107,2.811856]",
5296,"[5.616,1.935036,2.845298]",
5297,"[5.616,1.931489,2.888812]",
5298,"[5.616,1.929371,2.909998]",
5299,"[5.616,1.9276,2.930218]",
5300,"[5.616,1.925283,2.952598]",
5301,"[5.616,1.925054,2.962097]",
5302,"[5.600291,1.923296,2.966849]",
5303,"[5.565584,1.919212,2.965637]",
5304,"[5.95,1.934153,3.342789]",
5305,"[5.95,1.933842,3.34447]",
5306,"[5.95,1.927579,3.350451]",
5307,"[5.531019,1.899028,2.980865]",
5308,"[5.566808,1.895388,2.96568]",
5309,"[5.603634,1.897222,2.966966]",
5310,"[5.616,1.864704,2.952318]",
5311,"[5.550637,1.849405,2.90517]",
5312,"[5.550685,1.836537,2.903796]",
5313,"[5.556145,1.599724,2.887749]",
5314,"[5.555532,1.587831,2.876936]",
5315,"[5.555271,1.572124,2.853575]",
5316,"[5.557547,1.565296,2.843496]",
5317,"[5.560716,1.556208,2.825549]",
5318,"[5.562378,1.551439,2.816702]",
5319,"[5.566392,1.539929,2.798545]",
5320,"[5.569427,1.531224,2.792219]",
5321,"[5.571707,1.524685,2.786981]",
5322,"[5.579593,1.502067,2.776824]",
5323,"[5.5768,1.489411,2.768469]",
5324,"[5.574778,1.26799,2.709076]",
5325,"[5.557941,1.252155,2.69599]",
5326,"[5.95,0.8434066,2.813846]",
5327,"[5.95,0.7671541,2.797723]",
5328,"[5.95,0.6771889,2.779085]",
5329,"[5.843112,0.6622185,2.721498]",
5330,"[5.783864,0.6622184,2.691904]",
5331,"[5.599182,0.7541234,2.615823]",
5332,"[5.598744,0.7540724,2.615823]",
5333,"[5.59888,0.7500053,2.615823]",
5334,"[5.585966,0.7800756,2.615859]",
5335,"[5.592273,0.7800756,2.619485]",
5336,"[5.63945,0.7800756,2.64215]",
5337,"[5.642969,0.7800756,2.643789]",
5338,"[5.782578,0.6622184,2.693667]",
5339,"[5.814293,0.6622185,2.712334]",
5340,"[5.870799,0.6622183,2.741464]",
5341,"[5.892791,0.6609799,2.751711]",
5342,"[5.95,0.6649433,2.775761]",
5343,"[5.95,0.6884944,2.777141]",
5344,"[5.95,0.7217744,2.778712]",
5345,"[5.95,0.7582829,2.780348]",
5346,"[5.95,0.7718661,2.784602]",
5347,"[5.95,0.7921307,2.788978]",
5348,"[5.95,0.8000869,2.789826]",
5349,"[5.95,0.7798515,2.785166]",
5350,"[5.95,0.7740071,2.78342]",
5351,"[5.95,0.7404445,2.777299]",
5352,"[5.95,0.7320865,2.77515]",
5353,"[5.95,0.727048,2.773453]",
5354,"[5.95,0.7211961,2.770871]",
5355,"[5.95,0.7199453,2.769988]",
5356,"[5.95,0.7186974,2.76916]",
5357,"[5.95,0.7193604,2.768882]",
5358,"[5.95,0.7246733,2.76792]",
5359,"[5.95,0.7255634,2.768433]",
5360,"[5.95,0.7276253,2.768856]",
5361,"[5.95,0.7350658,2.770744]",
5362,"[5.95,0.7421908,2.771457]",
5363,"[5.571282,1.27745,2.669415]",
5364,"[5.556102,1.327277,2.66547]",
5365,"[5.544246,1.41333,2.666844]",
5366,"[5.546911,1.435042,2.669019]",
5367,"[5.551496,1.456729,2.670735]",
5368,"[5.553681,1.462759,2.670997]",
5369,"[5.55445,1.463644,2.670929]",
5370,"[5.556005,1.464921,2.670727]",
5371,"[5.556557,1.465265,2.67064]",
5372,"[5.557296,1.464911,2.67042]",
5373,"[5.557801,1.464336,2.670226]",
5374,"[5.560282,1.461778,2.669309]",
5375,"[5.564062,1.460266,2.668219]",
5376,"[5.570209,1.458155,2.666492]",
5377,"[5.5794,1.479799,2.496184]",
5378,"[5.57932,1.483347,2.480904]",
5379,"[5.57596,1.510578,2.317249]",
5380,"[5.57596,1.514588,2.299585]",
5381,"[5.59332,1.506654,2.173441]",
5382,"[5.59332,1.507904,2.154572]",
5383,"[5.59332,1.510452,2.137995]",
5384,"[5.598936,1.514221,2.107901]",
5385,"[5.574617,1.526218,2.094053]",
5386,"[5.685258,1.494135,2.020766]",
5387,"[5.690422,1.494135,2.001554]",
5388,"[5.679885,1.494135,1.961758]",
5389,"[5.667521,1.494135,1.935692]",
5390,"[5.67228,1.489779,1.891717]",
5391,"[5.620442,1.500588,1.829335]",
5392,"[5.621374,1.436081,1.662128]",
5393,"[5.95,1.252962,1.246172]",
5394,"[5.950001,1.230329,1.173219]",
5395,"[5.950001,1.18968,1.025146]",
5396,"[5.950001,1.184065,1.02768]",
5397,"[5.950001,1.166021,1.044049]",
5398,"[5.950001,1.156173,1.047296]",
5399,"[5.950001,1.144744,1.101047]",
5400,"[5.950001,1.127497,1.119395]",
5401,"[5.950001,1.119378,1.174383]",
5402,"[5.95,1.117064,1.293776]",
5403,"[5.95,1.11386,1.303067]",
5404,"[5.57743,1.330473,1.651825]",
5405,"[5.577721,1.327421,1.656449]",
5406,"[5.610234,1.310491,1.661739]",
5407,"[5.662491,1.285065,1.663564]",
5408,"[5.683299,1.276327,1.664291]",
5409,"[5.724251,1.264227,1.671962]",
5410,"[5.722591,1.28063,1.707986]",
5411,"[5.673368,1.319801,1.766461]",
5412,"[5.646207,1.339563,1.798727]",
5413,"[5.626273,1.353495,1.822408]",
5414,"[5.619657,1.360839,1.84742]",
5415,"[5.628229,1.358596,1.854635]",
5416,"[5.638756,1.35464,1.863497]",
5417,"[5.642895,1.352358,1.866982]",
5418,"[5.588301,1.261758,1.842372]",
5419,"[5.588567,1.233846,1.830657]",
5420,"[5.662825,1.153,1.781329]",
5421,"[5.624534,1.126769,1.798313]",
5422,"[5.624534,1.10073,1.797788]",
5423,"[5.624534,1.070503,1.798417]",
5424,"[5.624534,1.059782,1.799695]",
5425,"[5.624534,1.044572,1.804009]",
5426,"[5.624534,1.041413,1.806319]",
5427,"[5.624534,1.041932,1.806771]",
5428,"[5.624534,1.046185,1.808665]",
5429,"[5.624534,1.059399,1.811045]",
5430,"[5.636422,1.471858,1.810352]",
5431,"[5.640396,1.473119,1.80563]",
5432,"[5.642683,1.521419,1.802913]",
5433,"[5.644287,1.532799,1.801008]",
5434,"[5.651434,1.547533,1.792517]",
5435,"[5.655281,1.552096,1.787948]",
5436,"[5.661709,1.562447,1.780311]",
5437,"[5.666299,1.564481,1.774858]",
5438,"[5.664744,1.567628,1.776705]",
5439,"[5.664049,1.56856,1.777532]",
5440,"[5.663885,1.568875,1.777726]",
5441,"[5.667834,1.570202,1.773035]",
5442,"[5.667099,1.572197,1.773909]",
5443,"[5.671058,1.573873,1.769205]",
5444,"[5.670864,1.574623,1.769436]",
5445,"[5.670643,1.5756,1.769698]",
5446,"[5.670069,1.575859,1.77038]",
5447,"[5.669632,1.575661,1.770899]",
5448,"[5.668382,1.575655,1.772385]",
5449,"[5.667498,1.575897,1.773434]",
5450,"[5.665483,1.576674,1.775828]",
5451,"[5.664325,1.577363,1.777203]",
5452,"[5.662747,1.578961,1.779079]",
5453,"[5.659028,1.584954,1.783496]",
5454,"[5.655576,1.606301,1.787597]",
5455,"[5.647147,1.630791,1.797611]",
5456,"[5.643947,1.639348,1.801412]",
5457,"[5.69573,1.642768,1.78877]",
5458,"[5.73526,1.642768,1.778351]",
5459,"[5.76787,1.642768,1.771155]",
5460,"[5.776565,1.642768,1.769369]",
5461,"[5.786427,1.642768,1.767553]",
5462,"[5.799078,1.642768,1.767405]",
5463,"[5.801404,1.642768,1.76869]",
5464,"[5.80032,1.642768,1.77238]",
5465,"[5.800794,1.642768,1.773415]",
5466,"[5.818227,1.642768,1.772326]",
5467,"[5.823484,1.642768,1.771508]",
5468,"[5.849594,1.642768,1.766384]",
5469,"[5.868894,1.642768,1.762616]",
5470,"[5.893992,1.642768,1.757977]",
5471,"[5.899557,1.642768,1.756869]",
5472,"[5.89377,1.642768,1.758483]",
5473,"[5.857635,1.642768,1.767467]",
5474,"[5.834162,1.642768,1.773391]",
5475,"[5.785518,1.642768,1.786111]",
5476,"[5.761857,1.642768,1.792453]",
5477,"[5.721425,1.642768,1.801127]",
5478,"[5.668615,1.642768,1.812469]",
5479,"[5.642838,1.642768,1.81725]",
5480,"[5.632191,1.635013,1.815378]",
5481,"[5.63536,1.62861,1.811613]",
5482,"[5.642124,1.615863,1.803577]",
5483,"[5.645535,1.609092,1.799525]",
5484,"[5.648961,1.603873,1.795456]",
5485,"[5.655743,1.596008,1.787399]",
5486,"[5.659419,1.592937,1.783032]",
5487,"[5.665811,1.58601,1.775439]",
5488,"[5.668547,1.58235,1.772189]",
5489,"[5.659552,1.537834,1.782875]",
5490,"[5.653057,1.489488,1.79059]",
5491,"[5.652001,1.454024,1.791844]",
5492,"[5.651241,1.442672,1.792747]",
5493,"[5.651691,1.432328,1.792212]",
5494,"[5.652982,1.422055,1.790679]",
5495,"[5.654445,1.415145,1.788941]",
5496,"[5.525252,1.465181,1.823591]",
5497,"[5.469093,1.48804,1.83964]",
5498,"[5.443126,1.496508,1.846839]",
5499,"[5.444654,1.490494,1.845953]",
5500,"[5.448308,1.48518,1.844517]",
5501,"[5.451851,1.483149,1.844125]",
5502,"[5.455642,1.480623,1.846553]",
5503,"[5.456099,1.480057,1.848948]",
5504,"[5.456277,1.481853,1.853744]",
5505,"[5.45605,1.484011,1.856214]",
5506,"[5.455561,1.486046,1.858582]",
5507,"[5.454177,1.491325,1.863115]",
5508,"[5.45338,1.49295,1.864918]",
5509,"[5.452341,1.494375,1.86651]",
5510,"[5.449697,1.497242,1.868688]",
5511,"[5.448431,1.498713,1.869402]",
5512,"[5.462151,1.493753,1.866665]",
5513,"[5.475158,1.488231,1.863747]",
5514,"[5.499411,1.477563,1.858118]",
5515,"[5.512332,1.472167,1.855102]",
5516,"[5.526333,1.46619,1.851812]",
5517,"[5.56215,1.450782,1.843201]",
5518,"[5.585271,1.44074,1.83762]",
5519,"[5.664774,1.406323,1.818601]",
5520,"[5.701131,1.390652,1.809866]",
5521,"[5.71678,1.385556,1.805342]",
5522,"[5.689325,1.398371,1.811529]",
5523,"[5.593862,1.441131,1.833708]",
5524,"[5.560579,1.455917,1.841454]",
5525,"[5.53424,1.46749,1.847655]",
5526,"[5.474315,1.493111,1.861358]",
5527,"[5.445782,1.504594,1.867467]",
5528,"[5.427058,1.509675,1.870445]",
5529,"[5.434272,1.505549,1.868209]",
5530,"[5.446937,1.498647,1.863541]",
5531,"[5.453211,1.495595,1.860609]",
5532,"[5.461014,1.492145,1.856538]",
5533,"[5.47712,1.486535,1.847484]",
5534,"[5.483952,1.484053,1.841975]",
5535,"[5.494819,1.478217,1.827746]",
5536,"[5.499265,1.474758,1.819141]",
5537,"[5.95,1.144168,1.376258]",
5538,"[5.95,1.135626,1.352878]",
5539,"[5.95,1.129339,1.333051]",
5540,"[5.95,1.124777,1.316779]",
5541,"[5.950001,1.122844,1.309554]",
5542,"[5.950001,1.119833,1.296595]",
5543,"[5.95,1.118814,1.291666]",
5544,"[5.95,1.11748,1.290977]",
5545,"[5.95,1.114434,1.28678]",
5546,"[5.95,1.111119,1.276655]",
5547,"[5.95,1.110535,1.271931]",
5548,"[5.95,1.109226,1.254977]",
5549,"[5.950001,1.107136,1.238178]",
5550,"[5.950001,1.102782,1.209084]",
5551,"[5.950001,1.092098,1.14087]",
5552,"[5.950001,1.081406,1.080857]",
5553,"[5.950001,1.058038,0.9461539]",
5554,"[5.664471,1.147007,0.771683]",
5555,"[5.40908,1.171842,0.5369406]",
5556,"[5.355297,1.173485,0.4875065]",
5557,"[5.310543,1.172094,0.4463714]",
5558,"[5.221077,1.16433,0.3641393]",
5559,"[5.210546,1.162227,0.3544597]",
5560,"[5.185755,1.154885,0.3316727]",
5561,"[5.177766,1.148314,0.3243303]",
5562,"[5.160035,1.128013,0.3080325]",
5563,"[5.152776,1.115157,0.3013605]",
5564,"[5.163276,1.100142,0.3110112]",
5565,"[5.190085,1.070923,0.3356526]",
5566,"[5.19649,1.060108,0.3415401]",
5567,"[5.191319,1.03517,0.3367864]",
5568,"[5.180973,1.01814,0.3272774]",
5569,"[5.199849,0.8295541,0.06184453]",
5570,"[5.165538,0.8295541,0.1056063]",
5571,"[5.068231,0.9113627,0.3340316]",
5572,"[5.069173,0.9003571,0.3340316]",
5573,"[5.08894,0.8295541,0.2213013]",
5574,"[5.097317,0.8295541,0.2314852]",
5575,"[5.098367,0.8295541,0.2307425]",
5576,"[5.128389,0.8295541,0.2029885]",
5577,"[5.139658,0.8295541,0.1780922]",
5578,"[5.147052,0.8295541,0.1403189]",
5579,"[5.146865,0.8295541,0.1179873]",
5580,"[4.723403,1.220598,0.6546742]",
5581,"[4.692962,1.220598,0.6314918]",
5582,"[4.656307,1.220598,0.6052469]",
5583,"[4.594177,1.121654,0.3340316]",
5584,"[4.573481,1.126452,0.3340316]",
5585,"[4.554349,1.12989,0.3340316]",
5586,"[4.548737,1.129782,0.3340316]",
5587,"[4.537614,1.127686,0.3340316]",
5588,"[4.530452,1.123075,0.3340316]",
5589,"[4.528413,1.116083,0.3340316]",
5590,"[4.599652,1.363375,0.9851259]",
5591,"[4.599038,1.363375,1.006486]",
5592,"[4.598218,1.363375,1.036217]",
5593,"[4.597854,1.363375,1.049862]",
5594,"[4.596475,1.363375,1.077406]",
5595,"[4.595165,1.363375,1.090585]",
5596,"[4.596943,1.363375,1.109399]",
5597,"[4.608511,1.304166,1.085538]",
5598,"[4.612508,1.278587,1.072785]",
5599,"[4.613437,1.258013,1.069821]",
5600,"[4.612423,1.25234,1.073056]",
5601,"[4.608336,1.246454,1.086096]",
5602,"[4.607895,1.24255,1.087505]",
5603,"[4.604927,1.238608,1.096976]",
5604,"[4.602549,1.238708,1.104564]",
5605,"[4.600216,1.24017,1.112007]",
5606,"[4.593444,1.245938,1.133618]",
5607,"[4.589029,1.250312,1.147705]",
5608,"[4.582458,1.259433,1.168676]",
5609,"[4.574463,1.276293,1.194186]",
5610,"[4.460276,1.363375,1.336573]",
5611,"[3.689109,0.8423882,0.5349686]",
5612,"[3.686282,0.8393531,0.5478845]",
5613,"[3.459016,0.4165975,0.05000046]",
5614,"[3.504232,0.394226,0.05000046]",
5615,"[4.399379,1.352905,1.444205]",
5616,"[4.430277,1.361401,1.453888]",
5617,"[4.666001,1.033541,0.8405682]",
5618,"[4.669423,1.035535,0.8405682]",
5619,"[4.699414,1.050388,0.8405682]",
5620,"[4.710896,1.056311,0.8405682]",
5621,"[4.720909,1.061988,0.8405682]",
5622,"[4.735082,1.067004,0.8405682]",
5623,"[4.741886,1.066707,0.8405682]",
5624,"[4.750177,1.055707,0.8405682]",
5625,"[4.758171,1.044277,0.8405682]",
5626,"[4.77248,1.020731,0.8405682]",
5627,"[4.776956,1.008967,0.8405682]",
5628,"[4.782404,0.9980466,0.8405682]",
5629,"[4.740625,1.223108,1.207899]",
5630,"[4.740625,1.240085,1.243715]",
5631,"[4.740625,1.241107,1.267212]",
5632,"[4.740625,1.153299,1.249413]",
5633,"[4.740625,1.106997,1.264029]",
5634,"[4.740625,0.9734022,1.353097]",
5635,"[4.740625,0.9554246,1.371302]",
5636,"[4.740625,0.8868278,1.358917]",
5637,"[4.740625,0.8493821,1.346957]",
5638,"[4.774959,0.5773456,1.155092]",
5639,"[4.74748,0.5773456,1.147762]",
5640,"[4.264361,0.580364,1.025966]",
5641,"[4.248767,0.5826098,1.025966]",
5642,"[4.145109,0.6132691,1.025966]",
5643,"[4.114197,0.6208445,1.025966]",
5644,"[4.08987,0.626305,1.025966]",
5645,"[4.059308,0.6258118,1.025966]",
5646,"[4.048191,0.6241825,1.025966]",
5647,"[4.034204,0.6160173,1.025966]",
5648,"[4.026354,0.6077689,1.025966]",
5649,"[4.013362,0.5973711,1.025966]",
5650,"[4.002926,0.5888685,1.025966]",
5651,"[3.780269,0.1320589,0.6643877]",
5652,"[3.978482,0.5783143,1.025966]",
5653,"[3.970968,0.5794973,1.025966]",
5654,"[3.737837,0.1539834,0.6823077]",
5655,"[3.715979,0.1539834,0.6871485]",
5656,"[3.673319,0.1539834,0.6864148]",
5657,"[3.655039,0.172738,0.7000483]",
5658,"[3.585515,0.1539836,0.6934732]",
5659,"[3.566256,0.1539834,0.6979142]",
5660,"[3.540763,0.1487376,0.6993448]",
5661,"[3.511702,0.1416796,0.6887766]",
5662,"[3.475578,0.1150708,0.6695967]",
5663,"[3.462126,0.1,0.661077]",
5664,"[3.474104,0.1090673,0.6685706]",
5665,"[3.457817,0.1,0.6733212]",
5666,"[3.442386,0.1,0.6826389]",
5667,"[3.317931,0.1,0.6700081]",
5668,"[3.255644,0.1,0.6586208]",
5669,"[3.174421,0.1,0.6215523]",
5670,"[3.08871,0.1259854,0.6029561]",
5671,"[3.087061,0.1489673,0.6029561]",
5672,"[3.089053,0.1905566,0.6029561]",
5673,"[3.089547,0.2086617,0.6029561]",
5674,"[3.096644,0.2215964,0.6029561]",
5675,"[3.079467,0.24454,0.6029561]",
5676,"[3.05239,0.2552304,0.6029561]",
5677,"[2.764582,0.5806856,1.18879]",
5678,"[2.749069,0.5857207,1.202997]",
5679,"[2.729817,0.5942996,1.225826]",
5680,"[2.4792,0.5806856,1.410938]",
5681,"[2.4267,0.5806856,1.468911]",
5682,"[2.388586,0.5806856,1.517347]",
5683,"[2.380126,0.5806856,1.52668]",
5684,"[2.380992,0.5806856,1.527345]",
5685,"[2.391934,0.5806856,1.525877]",
5686,"[2.395939,0.5806856,1.523629]",
5687,"[2.394934,0.5806856,1.522903]",
5688,"[2.413494,0.5806856,1.510116]",
5689,"[2.429686,0.5806856,1.498766]",
5690,"[2.452,0.5806856,1.479763]",
5691,"[2.460019,0.5806856,1.472297]",
5692,"[2.479846,0.5806856,1.459827]",
5693,"[2.489049,0.5806856,1.456452]",
5694,"[2.499585,0.5806856,1.454026]",
5695,"[2.512454,0.5806856,1.459406]",
5696,"[2.517367,0.5806856,1.465594]",
5697,"[2.524509,0.5806856,1.494701]",
5698,"[2.524757,0.5806856,1.504416]",
5699,"[2.625957,0.6857653,1.708604]",
5700,"[2.65258,0.7242227,1.780503]",
5701,"[2.656412,0.7334992,1.790857]",
5702,"[2.654191,0.7432304,1.784876]",
5703,"[2.64749,0.7525983,1.766803]",
5704,"[2.610049,0.7572117,1.665766]",
5705,"[2.299587,0.6002311,1.517033]",
5706,"[2.268862,0.6002311,1.398066]",
5707,"[3.118314,0.9206412,1.034541]",
5708,"[3.147819,0.9206412,0.9357441]",
5709,"[3.457601,0.7164207,0.05000022]",
5710,"[4.12635,1.03169,0.3340315]",
5711,"[4.334587,1.09241,0.3340316]",
5712,"[4.609398,1.363375,1.041497]",
5713,"[4.811485,1.220598,0.7665114]",
5714,"[4.888877,1.220598,0.7911184]",
5715,"[5.157369,0.9725185,0.3055815]",
5716,"[5.358156,1.021612,0.4901343]",
5717,"[5.43222,1.040688,0.5582097]",
5718,"[5.558958,1.072592,0.6747007]",
5719,"[5.473569,1.190878,0.9163243]",
5720,"[5.679757,1.082732,0.7857328]",
5721,"[5.529835,1.017033,0.6479325]",
5722,"[5.409242,0.9637887,0.5370902]",
5723,"[5.384022,0.9435561,0.5139089]",
5724,"[5.382081,0.9367402,0.5121246]",
5725,"[4.903,1.3182,1.178748]",
5726,"[4.885484,1.3182,1.185166]",
5727,"[4.836589,1.3182,1.190963]",
5728,"[4.831447,1.3182,1.194343]",
5729,"[4.832391,1.3182,1.196527]",
5730,"[4.966357,1.3182,1.265106]",
5731,"[4.980468,1.3182,1.276802]",
5732,"[4.994467,1.3182,1.296794]",
5733,"[4.999166,1.3182,1.306882]",
5734,"[4.999027,1.3182,1.310865]",
5735,"[4.997358,1.3182,1.309982]",
5736,"[4.993957,1.3182,1.31278]",
5737,"[4.989214,1.3182,1.313419]",
5738,"[4.985783,1.3182,1.315007]",
5739,"[4.976233,1.3182,1.316199]",
5740,"[4.973395,1.3182,1.314755]",
5741,"[4.970944,1.3182,1.314388]",
5742,"[4.971908,1.3182,1.308033]",
5743,"[4.974847,1.3182,1.300201]",
5744,"[4.976673,1.3182,1.29764]",
5745,"[4.979863,1.3182,1.296594]",
5746,"[5.038343,1.3182,1.368578]",
5747,"[5.046921,1.3182,1.380485]",
5748,"[5.054964,1.3182,1.392661]",
5749,"[5.057306,1.3182,1.396236]",
5750,"[5.059691,1.3182,1.400324]",
5751,"[5.060184,1.3182,1.40167]",
5752,"[5.060373,1.3182,1.403801]",
5753,"[5.060309,1.3182,1.405077]",
5754,"[5.058391,1.3182,1.405677]",
5755,"[4.89483,1.3182,1.51753]",
5756,"[4.885765,1.310207,1.518633]",
5757,"[4.87274,1.292086,1.518633]",
5758,"[4.868633,1.285513,1.518633]",
5759,"[4.861953,1.274013,1.518633]",
5760,"[4.858799,1.267288,1.518633]",
5761,"[4.856028,1.259278,1.518633]",
5762,"[4.849632,1.238678,1.518633]",
5763,"[4.845996,1.226115,1.518633]",
5764,"[4.840183,1.206512,1.518633]",
5765,"[4.839123,1.199657,1.518633]",
5766,"[4.83489,1.178758,1.518633]",
5767,"[4.834396,1.172523,1.518633]",
5768,"[4.830848,1.151063,1.518633]",
5769,"[4.827465,1.136222,1.518633]",
5770,"[4.823159,1.118553,1.518633]",
5771,"[4.800467,1.100616,1.518633]",
5772,"[4.792245,1.091178,1.518633]",
5773,"[4.781476,1.100755,1.531547]",
5774,"[4.77387,1.124319,1.550434]",
5775,"[4.749338,1.245585,1.638298]",
5776,"[4.74291,1.274145,1.659325]",
5777,"[4.74292,1.273171,1.657985]",
5778,"[4.742747,1.271319,1.656116]",
5779,"[4.74273,1.270977,1.65517]",
5780,"[4.742622,1.270869,1.654694]",
5781,"[4.742924,1.273387,1.653089]",
5782,"[4.743979,1.276599,1.652308]",
5783,"[4.746483,1.282131,1.652084]",
5784,"[4.747724,1.284207,1.652254]",
5785,"[4.748725,1.286171,1.652669]",
5786,"[4.750595,1.289171,1.653669]",
5787,"[4.752427,1.292371,1.653263]",
5788,"[4.755147,1.297397,1.653992]",
5789,"[4.755984,1.301429,1.656117]",
5790,"[4.756572,1.305651,1.658861]",
5791,"[4.759134,1.30918,1.661237]",
5792,"[4.880368,0.8251112,1.342357]",
5793,"[4.888014,0.8251111,1.366612]",
5794,"[4.898188,0.8251112,1.416491]",
5795,"[4.901268,0.825111,1.431736]",
5796,"[4.905856,0.825111,1.452684]",
5797,"[4.907136,0.8251109,1.457304]",
5798,"[4.910835,0.8251109,1.463287]",
5799,"[4.912215,0.8251109,1.465124]",
5800,"[4.911651,0.8251109,1.466503]",
5801,"[4.911216,0.8251109,1.466404]",
5802,"[4.909379,0.825111,1.464268]",
5803,"[4.907114,0.825111,1.461256]",
5804,"[4.906684,0.825111,1.457772]",
5805,"[4.896097,0.825111,1.421049]",
5806,"[4.88845,0.825111,1.395315]",
5807,"[4.865657,0.8224075,1.2749]",
5808,"[4.871097,0.7691556,1.211857]",
5809,"[4.778583,1.304937,1.641609]",
5810,"[4.772677,1.334765,1.659099]",
5811,"[4.77266,1.332426,1.654041]",
5812,"[4.773107,1.325865,1.644205]",
5813,"[4.773392,1.322604,1.639507]",
5814,"[4.774821,1.308217,1.624173]",
5815,"[4.777251,1.29588,1.612448]",
5816,"[4.793212,1.191966,1.518632]",
5817,"[4.794091,1.192318,1.518632]",
5818,"[4.79473,1.192599,1.518632]",
5819,"[4.795772,1.192544,1.518632]",
5820,"[4.796751,1.192664,1.518632]",
5821,"[4.798735,1.192845,1.518632]",
5822,"[4.799842,1.192868,1.518632]",
5823,"[4.808704,1.179665,1.518632]",
5824,"[4.813756,1.171489,1.518632]",
5825,"[4.818115,1.165286,1.518632]",
5826,"[4.827753,1.116258,1.518632]",
5827,"[4.830412,1.102111,1.518632]",
5828,"[4.835279,1.084803,1.518632]",
5829,"[4.836863,1.07711,1.518632]",
5830,"[4.840536,1.065194,1.518632]",
5831,"[4.84305,1.059859,1.518632]",
5832,"[4.848017,1.049788,1.518632]",
5833,"[4.850015,1.045694,1.518632]",
5834,"[4.849885,1.042939,1.518632]",
5835,"[4.850082,1.038292,1.518632]",
5836,"[4.852019,1.03553,1.518632]",
5837,"[4.855557,1.030013,1.518632]",
5838,"[4.857695,1.026126,1.518632]",
5839,"[4.869193,0.9983851,1.518632]",
5840,"[4.883484,0.9592919,1.518632]",
5841,"[4.891723,0.9366513,1.518632]",
5842,"[4.902114,0.9081938,1.518632]",
5843,"[4.905765,0.8988932,1.518632]",
5844,"[4.909943,0.8884832,1.518632]",
5845,"[4.900584,0.948675,1.552998]",
5846,"[4.893691,0.9963291,1.579104]",
5847,"[4.884881,1.054524,1.610663]",
5848,"[4.887853,1.041824,1.604507]",
5849,"[4.888196,1.038971,1.602877]",
5850,"[4.888462,1.037403,1.601982]",
5851,"[4.888799,1.035417,1.600696]",
5852,"[4.888825,1.033824,1.599164]",
5853,"[4.888725,1.034087,1.599197]",
5854,"[4.888041,1.037955,1.600888]",
5855,"[4.88738,1.042358,1.603011]",
5856,"[4.886588,1.046745,1.604839]",
5857,"[4.884212,1.063451,1.612667]",
5858,"[4.883421,1.069847,1.615852]",
5859,"[4.885747,1.077023,1.620481]",
5860,"[4.886829,1.079418,1.622141]",
5861,"[4.887868,1.082176,1.624019]",
5862,"[4.888316,1.08954,1.627796]",
5863,"[4.888887,1.094941,1.631168]",
5864,"[4.887696,1.102739,1.635227]",
5865,"[4.887189,1.10383,1.636536]",
5866,"[4.887517,1.104228,1.637881]",
5867,"[4.887343,1.103555,1.639387]",
5868,"[4.886844,1.103287,1.64002]",
5869,"[4.886485,1.100811,1.638649]",
5870,"[4.886578,1.097745,1.636968]",
5871,"[4.912615,0.8852388,1.518632]",
5872,"[4.912241,0.8857084,1.518632]",
5873,"[4.911882,0.8862375,1.518632]",
5874,"[4.911265,0.8896612,1.518632]",
5875,"[4.910729,0.8924147,1.518632]",
5876,"[4.909711,0.8978513,1.518632]",
5877,"[4.901204,0.929812,1.518632]",
5878,"[4.893749,0.9569522,1.518632]",
5879,"[4.891494,0.9664794,1.518632]",
5880,"[4.888869,0.974842,1.518632]",
5881,"[4.887663,0.9772634,1.518632]",
5882,"[4.886693,0.9799471,1.518632]",
5883,"[4.885303,0.9831,1.518632]",
5884,"[4.884914,0.9840152,1.518632]",
5885,"[4.884032,0.9855623,1.518632]",
5886,"[4.883556,0.9860909,1.518632]",
5887,"[4.882977,0.9862743,1.518632]",
5888,"[4.88282,0.9859867,1.518632]",
5889,"[4.88335,0.9844531,1.518632]",
5890,"[4.884379,0.9813243,1.518632]",
5891,"[4.88498,0.9792333,1.518632]",
5892,"[4.886331,0.9761056,1.518632]",
5893,"[4.887145,0.9749521,1.518632]",
5894,"[4.888772,0.9722717,1.518632]",
5895,"[4.889655,0.9706871,1.518632]",
5896,"[4.891212,0.9683378,1.518632]",
5897,"[4.901433,0.9520369,1.518632]",
5898,"[4.90709,0.9438571,1.518632]",
5899,"[4.915311,0.9334271,1.518632]",
5900,"[4.917883,0.9309131,1.518632]",
5901,"[4.922347,0.9278721,1.518632]",
5902,"[4.924022,0.927586,1.518632]",
5903,"[4.925568,0.9276736,1.518632]",
5904,"[4.927748,0.9286451,1.518632]",
5905,"[4.928671,0.9294615,1.518632]",
5906,"[4.930085,0.9303991,1.518632]",
5907,"[4.918188,1.028254,1.578493]",
5908,"[4.898232,1.191262,1.678162]",
5909,"[4.908373,1.117515,1.632548]",
5910,"[4.898499,1.20678,1.686257]",
5911,"[4.89915,1.209584,1.687206]",
5912,"[4.900069,1.212473,1.687921]",
5913,"[4.901849,1.211358,1.686149]",
5914,"[4.902714,1.208517,1.684088]",
5915,"[4.90316,1.209992,1.684384]",
5916,"[4.903193,1.212569,1.685462]",
5917,"[4.902393,1.219768,1.689388]",
5918,"[4.90223,1.221543,1.69003]",
5919,"[4.90215,1.222699,1.690146]",
5920,"[4.901667,1.226833,1.691551]",
5921,"[4.901461,1.227936,1.692264]",
5922,"[4.901386,1.227333,1.692073]",
5923,"[4.901013,1.229795,1.693694]",
5924,"[4.899045,1.245228,1.703415]",
5925,"[4.897393,1.261478,1.713053]",
5926,"[4.895681,1.284956,1.727034]",
5927,"[4.897227,1.281873,1.724981]",
5928,"[4.899693,1.272655,1.719152]",
5929,"[4.952105,0.9445448,1.518632]",
5930,"[4.956197,0.9445662,1.518632]",
5931,"[4.964509,0.9441678,1.518632]",
5932,"[4.965942,0.9440659,1.518632]",
5933,"[4.967589,0.9437923,1.518632]",
5934,"[4.970905,0.9429665,1.518632]",
5935,"[4.972599,0.9413954,1.518632]",
5936,"[4.970642,0.9392523,1.518632]",
5937,"[4.969498,0.9380634,1.518632]",
5938,"[4.966063,0.9349358,1.518632]",
5939,"[4.963185,0.9339067,1.518632]",
5940,"[4.957075,0.9336734,1.518632]",
5941,"[4.953452,0.9351339,1.518632]",
5942,"[4.950876,0.9367333,1.518632]",
5943,"[4.946643,0.9437311,1.518632]",
5944,"[4.945836,0.9465448,1.518632]",
5945,"[4.944261,0.9525566,1.518632]",
5946,"[4.943951,0.9551567,1.518632]",
5947,"[4.943602,0.9622901,1.518632]",
5948,"[4.94365,0.9672722,1.518632]",
5949,"[4.944853,0.9863682,1.518632]",
5950,"[4.945037,0.9941396,1.518632]",
5951,"[4.95801,1.168883,1.518632]",
5952,"[4.958491,1.194044,1.518632]",
5953,"[4.934421,1.295483,1.612304]",
5954,"[4.943745,1.270802,1.576176]",
5955,"[4.950491,1.250921,1.549617]",
5956,"[4.95494,1.23639,1.531594]",
5957,"[4.958987,1.230281,1.518632]",
5958,"[4.959978,1.234603,1.518632]",
5959,"[4.963684,1.245216,1.518632]",
5960,"[4.966828,1.251891,1.518632]",
5961,"[5.003733,1.263703,1.518632]",
5962,"[5.011621,1.269428,1.518632]",
5963,"[5.370266,0.9072435,1.016965]",
5964,"[5.370266,0.944495,1.048084]",
5965,"[5.374894,0.9485694,1.048156]",
5966,"[5.383535,0.9615342,1.048156]",
5967,"[5.38619,0.9650191,1.048156]",
5968,"[5.389407,0.971617,1.048156]",
5969,"[5.389823,0.9738119,1.048156]",
5970,"[5.3898,0.9858919,1.048156]",
5971,"[5.389297,0.987803,1.048156]",
5972,"[5.387172,0.9885986,1.048156]",
5973,"[5.385134,0.9888863,1.048156]",
5974,"[5.382762,0.9909953,1.048156]",
5975,"[5.376683,0.9980105,1.048156]",
5976,"[5.374861,0.9999228,1.048156]",
5977,"[5.373025,1.001382,1.048156]",
5978,"[5.371598,1.004073,1.048156]",
5979,"[5.370266,1.014284,1.043169]",
5980,"[5.47672,0.9252334,0.5991122]",
5981,"[5.456669,0.9661039,0.5806825]",
5982,"[5.432768,1.015456,0.5587138]",
5983,"[5.426044,1.035858,0.5525339]",
5984,"[5.417283,1.073125,0.544481]",
5985,"[5.4165,1.079744,0.5437608]",
5986,"[5.416027,1.10465,0.5433261]",
5987,"[5.416497,1.108664,0.5437586]",
5988,"[5.418533,1.118794,0.5456298]",
5989,"[5.420488,1.124642,0.5474273]",
5990,"[5.423058,1.130714,0.549789]",
5991,"[5.430927,1.152696,0.5570216]",
5992,"[5.44299,1.173007,0.5681094]",
5993,"[5.457468,1.203354,0.5814168]",
5994,"[5.463112,1.217719,0.5866043]",
5995,"[5.471401,1.241889,0.594223]",
5996,"[5.474609,1.253466,0.5971722]",
5997,"[5.474208,1.256779,0.5968037]",
5998,"[5.473486,1.262891,0.5961399]",
5999,"[5.472858,1.266096,0.5955626]",
6000,"[5.466776,1.277508,0.5899727]",
6001,"[5.461415,1.286157,0.5850444]",
6002,"[5.437222,1.328756,0.5628082]",
6003,"[5.429944,1.344141,0.5561184]",
6004,"[5.425099,1.355071,0.5516654]",
6005,"[5.418041,1.369573,0.5451774]",
6006,"[5.415398,1.373795,0.5427479]",
6007,"[5.41167,1.378073,0.539322]",
6008,"[5.410641,1.37814,0.538376]",
6009,"[5.409079,1.377208,0.5369403]",
6010,"[5.408488,1.37648,0.5363966]",
6011,"[5.407468,1.375299,0.5354596]",
6012,"[5.407406,1.372915,0.535403]",
6013,"[5.407461,1.371119,0.5354528]",
6014,"[5.407485,1.364663,0.5354753]",
6015,"[5.407451,1.360086,0.5354439]",
6016,"[5.407285,1.350596,0.5352917]",
6017,"[5.406664,1.345009,0.5347204]",
6018,"[5.40575,1.33102,0.5338805]",
6019,"[5.406106,1.324126,0.5342078]",
6020,"[5.420857,1.288332,0.5477662]",
6021,"[5.430612,1.270504,0.5567325]",
6022,"[5.441133,1.190878,1.003726]",
6023,"[5.457777,1.164253,1.048156]",
6024,"[5.475075,1.143356,1.048156]",
6025,"[5.497386,1.117361,1.048156]",
6026,"[5.507428,1.105974,1.048156]",
6027,"[5.693857,0.9200909,0.7986923]",
6028,"[5.775697,0.8295541,0.7130551]",
6029,"[5.772693,0.8295541,0.7179826]",
6030,"[5.695279,0.9005975,0.826528]",
6031,"[5.692118,0.9005975,0.8333555]",
6032,"[5.688674,0.9005975,0.8403292]",
6033,"[5.686661,0.9005975,0.8459738]",
6034,"[5.685802,0.9005975,0.8465202]",
6035,"[5.686177,0.9005975,0.8442055]",
6036,"[5.686571,0.9005975,0.8431116]",
6037,"[5.68668,0.9005975,0.8423825]",
6038,"[5.686505,0.9005975,0.8427589]",
6039,"[5.686962,0.9005975,0.8407909]",
6040,"[5.687744,0.9005975,0.8376244]",
6041,"[5.691017,0.9005975,0.8329552]",
6042,"[5.693871,0.9005975,0.8310863]",
6043,"[5.697154,0.9005975,0.8300921]",
6044,"[5.704534,0.9005975,0.8309828]",
6045,"[5.709012,0.9005975,0.8329226]",
6046,"[5.718879,0.9005975,0.8397011]",
6047,"[5.724463,0.9005975,0.8447503]",
6048,"[5.87384,0.9005975,0.876824]",
6049,"[5.895548,0.9005975,0.8725069]",
6050,"[5.91056,0.9005975,0.8707631]",
6051,"[5.922551,0.9005975,0.8677287]",
6052,"[5.927748,0.9005975,0.8668635]",
6053,"[5.937076,0.9005975,0.86652]",
6054,"[5.940384,0.9005975,0.8646977]",
6055,"[5.947195,0.9005975,0.8613356]",
6056,"[5.950001,0.9013718,0.860627]",
6057,"[5.950001,0.9059247,0.8611998]",
6058,"[5.950001,0.9086552,0.8618231]",
6059,"[5.950001,0.9105739,0.8621381]",
6060,"[5.950001,0.9142617,0.8627646]",
6061,"[5.950001,0.9160446,0.8629378]",
6062,"[5.950001,0.9211001,0.8626228]",
6063,"[5.950001,0.9243226,0.8618528]",
6064,"[5.950001,0.9295569,0.8534224]",
6065,"[5.950001,0.9299852,0.8433582]",
6066,"[5.950001,0.9293706,0.8297153]",
6067,"[5.950001,0.9178755,0.7855368]",
6068,"[5.841929,0.9923593,0.8779184]",
6069,"[5.766078,1.018771,0.8650739]",
6070,"[5.738964,1.021836,0.8401524]",
6071,"[5.316877,1.005734,0.4521937]",
6072,"[4.932586,1.041873,0.3340316]",
6073,"[4.874142,1.220598,0.7262098]",
6074,"[4.672243,1.220598,0.7584248]",
6075,"[4.56077,1.029505,0.3340316]",
6076,"[4.585972,1.363375,1.06986]",
6077,"[4.554724,1.363375,1.069643]",
6078,"[4.503054,1.363375,1.069733]",
6079,"[4.502791,1.363375,1.07126]",
6080,"[4.501315,1.363375,1.076133]",
6081,"[4.500792,1.363375,1.079482]",
6082,"[4.508375,1.363375,1.081797]",
6083,"[4.510771,1.363375,1.081382]",
6084,"[4.515116,1.363375,1.079669]",
6085,"[4.521631,1.363375,1.074897]",
6086,"[4.523017,1.363375,1.073863]",
6087,"[4.525776,1.363375,1.075768]",
6088,"[4.525806,1.363375,1.076758]",
6089,"[4.53161,1.363375,1.077949]",
6090,"[4.538095,1.363375,1.079939]",
6091,"[4.539175,1.363375,1.081063]",
6092,"[4.524652,1.363375,1.080364]",
6093,"[4.514078,1.363375,1.081755]",
6094,"[4.289819,1.023927,0.3340316]",
6095,"[4.268968,1.028998,0.3340316]",
6096,"[4.220728,1.035647,0.3340316]",
6097,"[4.216792,1.036954,0.3340316]",
6098,"[4.207409,1.038085,0.3340316]",
6099,"[4.207803,1.043713,0.3340316]",
6100,"[4.201892,1.045892,0.3340316]",
6101,"[4.1998,1.045721,0.3340316]",
6102,"[4.192413,1.044621,0.3340316]",
6103,"[4.167452,1.040541,0.3340316]",
6104,"[3.944022,0.8427835,0.05000067]",
6105,"[3.891129,0.8188474,0.05000068]",
6106,"[3.988997,0.9980045,0.4557261]",
6107,"[3.988269,0.9980045,0.4630888]",
6108,"[3.981936,0.9980045,0.4776168]",
6109,"[3.983652,0.9980045,0.4801312]",
6110,"[3.989232,0.9980045,0.4840854]",
6111,"[3.99244,0.9980045,0.4850617]",
6112,"[3.994593,0.9980045,0.4855851]",
6113,"[3.994223,0.9980045,0.4849422]",
6114,"[3.994226,0.9980045,0.5171584]",
6115,"[3.993736,0.9980045,0.5561101]",
6116,"[3.993363,0.9980045,0.5708427]",
6117,"[3.994426,0.9980045,0.5928193]",
6118,"[3.995385,0.9980045,0.60066]",
6119,"[3.999493,0.9980045,0.6133299]",
6120,"[4.000863,0.9980045,0.6193348]",
6121,"[4.003846,0.9980045,0.6241971]",
6122,"[4.008286,0.9980045,0.6339397]",
6123,"[4.009214,0.9980045,0.6369228]",
6124,"[4.07021,0.9980045,0.6646281]",
6125,"[4.082145,0.9980045,0.6701975]",
6126,"[4.114257,0.9980045,0.6818005]",
6127,"[4.124327,0.9980045,0.6861453]",
6128,"[4.13071,0.9980045,0.6889818]",
6129,"[4.143941,0.9980045,0.6941856]",
6130,"[4.151351,0.9980045,0.6967967]",
6131,"[4.162235,0.9980045,0.7023561]",
6132,"[4.165923,0.9980045,0.704379]",
6133,"[4.171968,0.9980045,0.7081494]",
6134,"[4.174341,0.9980045,0.7103844]",
6135,"[4.17901,0.9980045,0.717006]",
6136,"[4.181309,0.9980045,0.7216339]",
6137,"[4.183637,0.9980045,0.7270591]",
6138,"[4.181232,0.9980045,0.7538968]",
6139,"[4.177732,0.9980045,0.7760334]",
6140,"[4.171975,0.9980045,0.8101156]",
6141,"[4.169239,0.9980045,0.823695]",
6142,"[4.166237,0.9980045,0.8381431]",
6143,"[4.16495,0.9980045,0.8443812]",
6144,"[4.163512,0.9980045,0.8465903]",
6145,"[4.160939,0.9980045,0.85208]",
6146,"[4.160147,0.9980045,0.8523188]",
6147,"[4.158917,0.9980045,0.8526801]",
6148,"[4.15876,0.9980045,0.8527588]",
6149,"[4.175967,0.9980045,0.8345591]",
6150,"[4.182287,0.9980045,0.8291268]",
6151,"[4.18949,0.9980045,0.820349]",
6152,"[4.191952,0.9980045,0.8144674]",
6153,"[4.193477,0.9980045,0.8111529]",
6154,"[4.195341,0.9980045,0.8063449]",
6155,"[4.195624,0.9980045,0.8049084]",
6156,"[4.195065,0.9980045,0.8026092]",
6157,"[4.193706,0.9980045,0.7996839]",
6158,"[4.189518,0.9980045,0.7944449]",
6159,"[4.186305,0.9980045,0.7910861]",
6160,"[4.182297,0.9980045,0.7874423]",
6161,"[4.172468,0.9980045,0.7806519]",
6162,"[4.166669,0.9980045,0.7772689]",
6163,"[4.157368,0.9980045,0.7718579]",
6164,"[4.149457,0.9980045,0.7688584]",
6165,"[4.033788,0.9980045,0.7475414]",
6166,"[3.993928,0.9954646,0.7359392]",
6167,"[3.93828,0.9739625,0.6916429]",
6168,"[3.920155,0.9677851,0.677215]",
6169,"[3.911829,0.9653688,0.6705878]",
6170,"[3.894833,0.9604877,0.6570588]",
6171,"[3.886268,0.9574429,0.6502409]",
6172,"[3.875638,0.9532452,0.64178]",
6173,"[3.872213,0.9512076,0.6390536]",
6174,"[3.871288,0.9495661,0.6383166]",
6175,"[3.869351,0.9442024,0.636775]",
6176,"[3.869528,0.9413433,0.6369157]",
6177,"[3.87095,0.9375767,0.6380483]",
6178,"[3.872229,0.9363841,0.6390657]",
6179,"[3.87736,0.9365074,0.6431503]",
6180,"[3.880172,0.9361021,0.6453892]",
6181,"[3.888287,0.9384682,0.651848]",
6182,"[3.892115,0.940241,0.6548953]",
6183,"[3.895454,0.9417236,0.6575537]",
6184,"[3.902448,0.9443418,0.6631204]",
6185,"[3.905489,0.9448822,0.6655412]",
6186,"[3.90908,0.9446877,0.6683996]",
6187,"[3.909608,0.9446641,0.6688196]",
6188,"[3.909901,0.944495,0.6690532]",
6189,"[3.909836,0.9444529,0.6690012]",
6190,"[3.909626,0.9443172,0.6688347]",
6191,"[3.908295,0.9432996,0.6677748]",
6192,"[3.906993,0.9420969,0.6667383]",
6193,"[3.609594,0.4297898,0.05000021]",
6194,"[3.600027,0.3818613,0.05000021]",
6195,"[3.58442,0.2411356,0.05000034]",
6196,"[3.57971,0.1777201,0.05000022]",
6197,"[3.585856,0.1,0.06370252]",
6198,"[3.603748,0.1,0.09536606]",
6199,"[3.61963,0.1,0.124826]",
6200,"[3.644454,0.1,0.1749639]",
6201,"[3.655115,0.1,0.1996793]",
6202,"[3.671957,0.1,0.2462007]",
6203,"[3.68031,0.1,0.2734762]",
6204,"[4.021358,0.8144361,0.9956224]",
6205,"[4.037473,0.7803835,1.025966]",
6206,"[4.036545,0.7393535,1.025966]",
6207,"[4.03747,0.6618332,1.025966]",
6208,"[4.034914,0.6243711,1.025966]",
6209,"[4.029724,0.5934025,1.025966]",
6210,"[4.028701,0.5903763,1.025966]",
6211,"[3.984986,0.4579883,0.9449472]",
6212,"[3.985679,0.4579883,0.9446601]",
6213,"[3.987465,0.4579883,0.946544]",
6214,"[3.990341,0.4579881,0.9451212]",
6215,"[4.03509,0.5836744,1.025966]",
6216,"[4.044252,0.595096,1.025966]",
6217,"[4.050285,0.6157079,1.025966]",
6218,"[4.05857,0.6422095,1.025966]",
6219,"[4.061957,0.6539316,1.025966]",
6220,"[4.064544,0.6666746,1.025966]",
6221,"[4.064903,0.7092965,1.025966]",
6222,"[4.045091,0.7627536,1.025966]",
6223,"[3.331301,0.7206401,0.5538024]",
6224,"[3.331301,0.7289633,0.5589705]",
6225,"[3.331301,0.7987971,0.5959896]",
6226,"[3.32155,0.8245372,0.6029561]",
6227,"[3.295788,0.8554236,0.6029561]",
6228,"[3.267792,0.8557283,0.5844076]",
6229,"[3.242878,0.8557283,0.5663544]",
6230,"[3.240061,0.8557283,0.5644819]",
6231,"[3.235692,0.8557283,0.5616457]",
6232,"[3.231386,0.8557283,0.5583154]",
6233,"[3.225559,0.8557283,0.5534474]",
6234,"[3.222872,0.8557283,0.5494056]",
6235,"[3.222006,0.8557283,0.5454649]",
6236,"[3.214044,0.8557283,0.5339429]",
6237,"[3.21463,0.8557283,0.5307294]",
6238,"[3.214178,0.8557283,0.527889]",
6239,"[3.224582,0.8557283,0.5327327]",
6240,"[3.236842,0.8557283,0.5417316]",
6241,"[3.250016,0.8557283,0.5497594]",
6242,"[3.263487,0.8557283,0.5551993]",
6243,"[3.283039,0.8557283,0.5631927]",
6244,"[3.291333,0.8557283,0.5669782]",
6245,"[3.308602,0.8557283,0.575024]",
6246,"[3.317179,0.8557283,0.5795541]",
6247,"[3.325363,0.8557283,0.5853467]",
6248,"[3.331301,0.8465534,0.5848526]",
6249,"[3.331301,0.8409635,0.5822645]",
6250,"[3.331301,0.833899,0.5790166]",
6251,"[3.331301,0.8313794,0.5779741]",
6252,"[3.331301,0.8268279,0.5762752]",
6253,"[3.331301,0.8246166,0.5758736]",
6254,"[3.331301,0.8215641,0.5754107]",
6255,"[3.331301,0.8159956,0.575671]",
6256,"[3.331301,0.8129218,0.5766227]",
6257,"[3.331301,0.8082317,0.5785118]",
6258,"[3.331301,0.8067713,0.5800246]",
6259,"[3.331301,0.8049104,0.5798602]",
6260,"[3.331301,0.8038425,0.5787596]",
6261,"[3.331301,0.8029585,0.5776821]",
6262,"[3.331301,0.801039,0.5750926]",
6263,"[3.331301,0.799944,0.5736984]",
6264,"[3.331301,0.7984529,0.5715386]",
6265,"[3.331301,0.7974807,0.5683788]",
6266,"[3.331301,0.7967631,0.5619045]",
6267,"[3.332221,0.7969849,0.5596147]",
6268,"[3.345357,0.8094386,0.5733553]",
6269,"[3.35039,0.8135894,0.5784789]",
6270,"[3.359443,0.8197368,0.5873935]",
6271,"[3.363379,0.8219775,0.5911703]",
6272,"[3.366694,0.8231838,0.5941967]",
6273,"[3.372309,0.825411,0.5993643]",
6274,"[3.369005,0.8202873,0.5954543]",
6275,"[3.361216,0.8089484,0.5864053]",
6276,"[3.356996,0.8028581,0.5815147]",
6277,"[3.355074,0.7990069,0.579042]",
6278,"[3.331301,0.7668218,0.5430663]",
6279,"[3.331301,0.7653098,0.5434128]",
6280,"[3.331301,0.7619551,0.5435814]",
6281,"[3.331301,0.7607889,0.5435423]",
6282,"[3.331301,0.76056,0.5436547]",
6283,"[3.331301,0.7604855,0.5436714]",
6284,"[3.331301,0.7598286,0.543327]",
6285,"[3.331301,0.7586582,0.542715]",
6286,"[3.331301,0.7573484,0.5419848]",
6287,"[3.331301,0.7561447,0.5409577]",
6288,"[3.331301,0.755895,0.5404683]",
6289,"[3.331301,0.7560439,0.5403547]",
6290,"[3.331301,0.7561659,0.5402473]",
6291,"[3.331301,0.7562276,0.5399725]",
6292,"[3.331301,0.7563879,0.5397071]",
6293,"[3.331301,0.7566202,0.5394063]",
6294,"[3.331301,0.7569125,0.5391591]",
6295,"[3.331301,0.7575197,0.538867]",
6296,"[3.331301,0.7609519,0.5399185]",
6297,"[3.331301,0.7632356,0.5406423]",
6298,"[3.331301,0.7677899,0.5421052]",
6299,"[3.331301,0.7703099,0.5429864]",
6300,"[3.350942,0.7983795,0.5754694]",
6301,"[3.351118,0.8009224,0.5761952]",
6302,"[3.351811,0.8043986,0.5775626]",
6303,"[3.354139,0.8144686,0.5817901]",
6304,"[3.355724,0.8212332,0.584648]",
6305,"[3.353731,0.8251032,0.5838756]",
6306,"[3.35308,0.8286175,0.5841364]",
6307,"[3.352744,0.8377629,0.5859428]",
6308,"[3.353345,0.8456671,0.5882434]",
6309,"[3.35218,0.8475624,0.5877081]",
6310,"[3.351531,0.8551481,0.5888983]",
6311,"[3.351885,0.8602623,0.5903582]",
6312,"[3.353235,0.8678858,0.5932162]",
6313,"[3.353738,0.8701532,0.5941511]",
6314,"[3.349193,0.8652979,0.5892718]",
6315,"[3.350204,0.8644469,0.5899169]",
6316,"[3.353175,0.8646663,0.592433]",
6317,"[3.352115,0.8633658,0.591257]",
6318,"[3.351574,0.8627878,0.5906757]",
6319,"[3.340104,0.8622983,0.5810452]",
6320,"[3.336313,0.8635154,0.5781761]",
6321,"[3.321927,0.8788339,0.5697289]",
6322,"[3.315151,0.8837466,0.5652255]",
6323,"[3.305927,0.8886521,0.5586883]",
6324,"[3.302125,0.8894926,0.5557247]",
6325,"[3.29945,0.8909966,0.5538473]",
6326,"[3.292903,0.8909084,0.548394]",
6327,"[3.291197,0.8902264,0.5468223]",
6328,"[3.289034,0.8901806,0.5450166]",
6329,"[3.286613,0.8892022,0.5427842]",
6330,"[3.281176,0.8848726,0.5372851]",
6331,"[3.277678,0.8813239,0.5335732]",
6332,"[3.25098,0.8557283,0.4982427]",
6333,"[3.25077,0.8557283,0.5001364]",
6334,"[3.250599,0.8557283,0.5024142]",
6335,"[3.252227,0.8557283,0.5095229]",
6336,"[3.253363,0.8557283,0.5134183]",
6337,"[3.25319,0.8557283,0.5171974]",
6338,"[3.252715,0.8557283,0.5186403]",
6339,"[3.253341,0.8557283,0.5243378]",
6340,"[3.254916,0.8557283,0.5298048]",
6341,"[3.258576,0.8557283,0.5431839]",
6342,"[3.262133,0.8557283,0.5527951]",
6343,"[3.265528,0.8557283,0.5619596]",
6344,"[3.2923,0.8557283,0.5952184]",
6345,"[3.298901,0.8507955,0.6029561]",
6346,"[3.320192,0.769419,0.6029561]",
6347,"[3.325373,0.7483751,0.6029561]",
6348,"[3.327577,0.7221841,0.6029561]",
6349,"[3.32602,0.7114641,0.6029561]",
6350,"[3.323268,0.6989704,0.6029561]",
6351,"[3.318303,0.6642864,0.6029561]",
6352,"[3.317693,0.644949,0.6029561]",
6353,"[3.314187,0.5654237,0.6029561]",
6354,"[3.315911,0.506671,0.6029561]",
6355,"[3.31286,0.3949459,0.6029561]",
6356,"[3.307378,0.3410944,0.6029561]",
6357,"[3.297229,0.3137985,0.6029561]",
6358,"[3.28804,0.2852001,0.6029561]",
6359,"[3.279547,0.248543,0.6029561]",
6360,"[3.311846,0.1,0.6866088]",
6361,"[3.35783,0.1,0.764379]",
6362,"[3.419649,0.1,0.8550759]",
6363,"[3.437541,0.1,0.8821273]",
6364,"[3.436684,0.1,0.8812003]",
6365,"[3.421797,0.1,0.8606111]",
6366,"[3.406534,0.1,0.8462387]",
6367,"[3.398314,0.1,0.8337017]",
6368,"[3.39348,0.1,0.8272847]",
6369,"[3.374566,0.1,0.7984557]",
6370,"[3.364835,0.1,0.787535]",
6371,"[3.353229,0.1,0.7470841]",
6372,"[3.34269,0.1,0.7171473]",
6373,"[3.332735,0.1,0.6821403]",
6374,"[3.331721,0.0999999,0.6719741]",
6375,"[3.331883,0.1,0.6665269]",
6376,"[3.339675,0.0999999,0.6525173]",
6377,"[3.340813,0.0999999,0.6408176]",
6378,"[3.337792,0.0999999,0.6111112]",
6379,"[3.336456,0.0999999,0.5903486]",
6380,"[3.33414,0.0999999,0.5593333]",
6381,"[3.332796,0.1,0.5438478]",
6382,"[3.332171,0.1,0.5316127]",
6383,"[3.331301,0.1010631,0.5069147]",
6384,"[3.331301,0.1014817,0.4989208]",
6385,"[3.331301,0.105307,0.4877362]",
6386,"[3.43207,0.3193892,0.6672925]",
6387,"[3.453349,0.3796346,0.6995496]",
6388,"[3.465685,0.416788,0.718837]",
6389,"[3.477138,0.4544758,0.7375849]",
6390,"[3.483097,0.4776334,0.7482746]",
6391,"[3.484595,0.4948725,0.7502394]",
6392,"[3.466733,0.5881866,0.7403485]",
6393,"[3.470432,0.629173,0.7524098]",
6394,"[3.331301,0.6749696,0.580737]",
6395,"[3.331301,0.7080412,0.5881292]",
6396,"[3.331301,0.7404813,0.5956721]",
6397,"[3.331301,0.7444621,0.5968444]",
6398,"[3.331301,0.7503705,0.5982946]",
6399,"[3.331301,0.7520413,0.5985435]",
6400,"[3.331301,0.754081,0.5977583]",
6401,"[3.331301,0.7539564,0.5948689]",
6402,"[3.331301,0.7528672,0.5933611]",
6403,"[3.331301,0.750246,0.5870022]",
6404,"[3.331301,0.7483677,0.5834203]",
6405,"[3.331301,0.7455752,0.5777352]",
6406,"[3.331301,0.7388994,0.568428]",
6407,"[3.331301,0.735175,0.5601428]",
6408,"[3.331301,0.7333411,0.5563087]",
6409,"[3.331301,0.7321996,0.5544199]",
6410,"[3.331301,0.7293133,0.5535789]",
6411,"[3.331301,0.7273594,0.5546205]",
6412,"[3.331301,0.7258462,0.5554771]",
6413,"[3.331301,0.7203809,0.5599965]",
6414,"[3.331301,0.7189904,0.5632613]",
6415,"[3.331301,0.7132517,0.5682825]",
6416,"[3.331301,0.708259,0.5702033]",
6417,"[3.331301,0.7029846,0.5719856]",
6418,"[3.331301,0.7001696,0.5722686]",
6419,"[3.331301,0.6945432,0.5689]",
6420,"[3.331301,0.6917762,0.5663383]",
6421,"[3.331301,0.6891215,0.54334]",
6422,"[3.331301,0.6856163,0.5185601]",
6423,"[3.39964,0.7701111,0.6178588]",
6424,"[3.401769,0.7701111,0.6082104]",
6425,"[3.402411,0.7701111,0.6040856]",
6426,"[3.429443,0.8057402,0.642297]",
6427,"[3.432885,0.8115383,0.6464757]",
6428,"[3.440196,0.8227624,0.6551018]",
6429,"[3.443051,0.8262795,0.6582726]",
6430,"[3.446457,0.8305347,0.6620693]",
6431,"[3.451438,0.8370442,0.6671072]",
6432,"[3.453427,0.8397973,0.6690876]",
6433,"[3.457696,0.8444573,0.6731576]",
6434,"[3.459185,0.8454224,0.6744808]",
6435,"[3.461041,0.8466079,0.6761278]",
6436,"[3.461873,0.847359,0.6768984]",
6437,"[3.46297,0.8484269,0.6779248]",
6438,"[3.463141,0.8486528,0.6780938]",
6439,"[3.463187,0.8489948,0.6781803]",
6440,"[3.463604,0.8520122,0.6789511]",
6441,"[3.464104,0.8549917,0.6797831]",
6442,"[3.465442,0.8617404,0.6818292]",
6443,"[3.466398,0.8660361,0.6832148]",
6444,"[3.466026,0.8675247,0.683136]",
6445,"[3.465915,0.8683888,0.6831743]",
6446,"[3.46435,0.8678182,0.6818479]",
6447,"[3.463893,0.8667284,0.6813264]",
6448,"[3.463414,0.8653709,0.6807484]",
6449,"[3.461877,0.8614907,0.6789616]",
6450,"[3.460913,0.8600867,0.6779912]",
6451,"[3.458746,0.857177,0.6758459]",
6452,"[3.458116,0.8564923,0.6752456]",
6453,"[3.456767,0.8558578,0.6740817]",
6454,"[3.456082,0.856423,0.6736205]",
6455,"[3.454988,0.8573554,0.6728874]",
6456,"[3.451275,0.8600025,0.6703248]",
6457,"[3.449397,0.8626803,0.6692234]",
6458,"[3.446538,0.8718923,0.6682963]",
6459,"[3.445996,0.8756926,0.6684192]",
6460,"[3.445861,0.8832409,0.6694127]",
6461,"[3.446421,0.8869755,0.6704018]",
6462,"[3.447659,0.895491,0.672627]",
6463,"[3.448116,0.8998011,0.6736182]",
6464,"[3.449511,0.9048198,0.6754574]",
6465,"[3.45438,0.9189333,0.6813822]",
6466,"[3.457271,0.9264619,0.6847761]",
6467,"[3.463859,0.9437846,0.6912191]",
6468,"[3.466533,0.9513492,0.6924561]",
6469,"[3.468321,0.9578775,0.6926395]",
6470,"[3.466881,0.9592767,0.6882502]",
6471,"[3.466661,0.9599326,0.6866465]",
6472,"[3.466871,0.9611424,0.6843527]",
6473,"[3.46727,0.9617283,0.6835638]",
6474,"[3.467988,0.9619835,0.6834651]",
6475,"[3.468364,0.9619835,0.6831828]",
6476,"[3.469862,0.9619835,0.6842266]",
6477,"[3.471245,0.9619835,0.6857731]",
6478,"[3.47237,0.9619835,0.6870092]",
6479,"[3.47526,0.9619835,0.6909492]",
6480,"[3.476493,0.9619835,0.6926789]",
6481,"[3.481163,0.9612517,0.6995537]",
6482,"[3.482359,0.9604498,0.7025155]",
6483,"[3.48387,0.9578778,0.7057536]",
6484,"[3.483719,0.9548045,0.7062503]",
6485,"[3.48214,0.9485952,0.7061476]",
6486,"[3.480046,0.9444662,0.7044375]",
6487,"[3.478322,0.9409391,0.7030295]",
6488,"[3.475286,0.9341794,0.7002081]",
6489,"[3.4735,0.9300855,0.6981927]",
6490,"[3.470098,0.9224751,0.6943812]",
6491,"[3.468332,0.9182683,0.6923658]",
6492,"[3.46419,0.9098471,0.6878482]",
6493,"[3.461261,0.9048354,0.6847913]",
6494,"[3.459407,0.9027252,0.6830117]",
6495,"[3.455351,0.896786,0.6789246]",
6496,"[3.453484,0.8940129,0.6770375]",
6497,"[3.450797,0.8893709,0.6742262]",
6498,"[3.449785,0.8876203,0.6731676]",
6499,"[3.448907,0.886054,0.6722422]",
6500,"[3.448706,0.8849604,0.6719232]",
6501,"[3.449254,0.8839729,0.6722139]",
6502,"[3.440111,0.7701111,0.6554627]",
6503,"[3.462773,0.7701111,0.694444]",
6504,"[3.486686,0.7695546,0.7335088]",
6505,"[3.490548,0.7629115,0.7384863]",
6506,"[3.491935,0.7493016,0.7396533]",
6507,"[3.491792,0.7477022,0.7398441]",
6508,"[3.491817,0.7439825,0.7402198]",
6509,"[3.491813,0.7438124,0.740238]",
6510,"[3.491861,0.7436416,0.7402462]",
6511,"[3.491599,0.7436559,0.7402948]",
6512,"[3.491646,0.7437132,0.74028]",
6513,"[3.491808,0.7435903,0.7402617]",
6514,"[3.491233,0.7439548,0.7403345]",
6515,"[3.490321,0.7459422,0.7403057]",
6516,"[3.489963,0.7477307,0.7401915]",
6517,"[3.488953,0.7520676,0.7399414]",
6518,"[3.488293,0.7542498,0.7398446]",
6519,"[3.486684,0.7565063,0.739922]",
6520,"[3.483806,0.7600064,0.7401151]",
6521,"[3.481658,0.7624199,0.7402797]",
6522,"[3.478115,0.7656794,0.7396996]",
6523,"[3.476905,0.7663519,0.7394446]",
6524,"[3.475447,0.7667091,0.7395564]",
6525,"[3.474746,0.7668086,0.7396774]",
6526,"[3.473365,0.7669045,0.740008]",
6527,"[3.470989,0.7671289,0.7405217]",
6528,"[3.469761,0.7671613,0.7408645]",
6529,"[3.467568,0.767085,0.7416013]",
6530,"[3.466612,0.7670814,0.7418949]",
6531,"[3.466119,0.7668952,0.7422172]",
6532,"[3.465648,0.7668985,0.7423573]",
6533,"[3.464971,0.7668099,0.7426447]",
6534,"[3.462687,0.767171,0.7430041]",
6535,"[3.461866,0.767413,0.7430295]",
6536,"[3.460461,0.7684245,0.7425197]",
6537,"[3.460019,0.768627,0.7424664]",
6538,"[3.457638,0.7689329,0.7429063]",
6539,"[3.456463,0.768968,0.7432306]",
6540,"[3.453612,0.770111,0.7414898]",
6541,"[3.450769,0.7701111,0.7381638]",
6542,"[3.450152,0.7701111,0.7373469]",
6543,"[3.448993,0.7701111,0.7369031]",
6544,"[3.448002,0.7701111,0.737285]",
6545,"[3.444774,0.7701111,0.7355513]",
6546,"[3.44314,0.7701111,0.7336003]",
6547,"[3.43018,0.7701111,0.7135529]",
6548,"[3.331301,0.7131982,0.5476791]",
6549,"[3.331301,0.7451381,0.5455005]",
6550,"[3.354506,0.80515,0.5799704]",
6551,"[3.363022,0.8265244,0.5919108]",
6552,"[3.377455,0.8566578,0.6107574]",
6553,"[3.382774,0.8663124,0.6168417]",
6554,"[3.389189,0.8749642,0.6231978]",
6555,"[3.392288,0.8788866,0.6262304]",
6556,"[3.395632,0.8833403,0.6295355]",
6557,"[3.402132,0.8923574,0.6360126]",
6558,"[3.405468,0.8969234,0.6393273]",
6559,"[3.407653,0.8992007,0.6413952]",
6560,"[3.410137,0.9014279,0.6436923]",
6561,"[3.415842,0.9070853,0.649048]",
6562,"[3.419115,0.910515,0.6521476]",
6563,"[3.42505,0.9153728,0.6575695]",
6564,"[3.428584,0.9175051,0.660687]",
6565,"[3.430483,0.9167747,0.6620888]",
6566,"[3.434248,0.9155701,0.6649031]",
6567,"[3.436282,0.915163,0.6664589]",
6568,"[3.438208,0.9109886,0.6673803]",
6569,"[3.439525,0.9072067,0.6678751]",
6570,"[3.443555,0.8971559,0.6696097]",
6571,"[3.446172,0.8920004,0.6709368]",
6572,"[3.451033,0.8842144,0.673662]",
6573,"[3.452809,0.881523,0.6746802]",
6574,"[3.453814,0.8795553,0.6751916]",
6575,"[3.460328,0.8789918,0.6802826]",
6576,"[3.464615,0.8791498,0.6837109]",
6577,"[3.479096,0.8760591,0.6947608]",
6578,"[3.484056,0.8718249,0.698083]",
6579,"[3.48984,0.8711265,0.7025746]",
6580,"[3.491182,0.8717643,0.703733]",
6581,"[3.493283,0.8728714,0.7055629]",
6582,"[3.49751,0.8768076,0.7094945]",
6583,"[3.499723,0.8801011,0.7117323]",
6584,"[3.504532,0.8867602,0.7165219]",
6585,"[3.506072,0.8887222,0.7180313]",
6586,"[3.505058,0.8884614,0.7171876]",
6587,"[3.503975,0.8883486,0.7163116]",
6588,"[3.502707,0.8883974,0.7153112]",
6589,"[3.498538,0.8926684,0.712623]",
6590,"[3.494437,0.8990427,0.7102951]",
6591,"[3.487367,0.9102451,0.7063136]",
6592,"[3.462775,0.9014941,0.6855073]",
6593,"[3.43174,0.8886808,0.658991]",
6594,"[3.419146,0.8830344,0.6481656]",
6595,"[3.401068,0.8788813,0.633203]",
6596,"[3.393893,0.8808014,0.6277845]",
6597,"[3.390632,0.8829684,0.6255107]",
6598,"[3.397283,0.8988067,0.6380447]",
6599,"[3.446218,0.9637191,0.7171022]",
6600,"[3.499721,1.032785,0.8033226]",
6601,"[3.331301,0.8131049,0.5287638]",
6602,"[3.331301,0.8127458,0.5284339]",
6603,"[3.331301,0.8138614,0.5256701]",
6604,"[3.331301,0.8172926,0.5231537]",
6605,"[3.331301,0.8199118,0.5197353]",
6606,"[3.331301,0.8172113,0.5153335]",
6607,"[3.331301,0.8152087,0.5132766]",
6608,"[3.331301,0.8065118,0.513726]",
6609,"[3.331301,0.8014599,0.5147303]",
6610,"[3.331301,0.7972037,0.5162804]",
6611,"[3.331301,0.791666,0.5179586]",
6612,"[3.331301,0.7895752,0.5192778]",
6613,"[3.331301,0.7877775,0.5205749]",
6614,"[3.331301,0.786113,0.5244441]",
6615,"[3.331301,0.7854425,0.5276203]",
6616,"[3.331301,0.7841958,0.5317519]",
6617,"[3.331301,0.7831371,0.5327085]",
6618,"[3.331301,0.7800527,0.533137]",
6619,"[3.331301,0.7779985,0.5332612]",
6620,"[3.331301,0.7729858,0.5338941]",
6621,"[3.331301,0.7712781,0.5343937]",
6622,"[3.331301,0.7708536,0.5350218]",
6623,"[3.331301,0.771372,0.5354764]",
6624,"[3.331301,0.7720717,0.5355449]",
6625,"[3.331301,0.7728626,0.5357382]",
6626,"[3.331301,0.7730261,0.5359428]",
6627,"[3.331301,0.7731225,0.5371619]",
6628,"[3.331301,0.7732754,0.5378814]",
6629,"[3.331301,0.7488925,0.5223416]",
6630,"[3.331301,0.709419,0.497172]",
6631,"[3.385069,0.7701111,0.5718567]",
6632,"[3.407343,0.7701111,0.5883731]",
6633,"[3.416745,0.7701111,0.5961756]",
6634,"[3.430835,0.7701111,0.6077189]",
6635,"[3.435806,0.7701112,0.6111057]",
6636,"[3.439799,0.7701111,0.6136681]",
6637,"[3.444471,0.7701111,0.6168773]",
6638,"[3.446038,0.7701111,0.6181473]",
6639,"[3.447593,0.7701111,0.6194794]",
6640,"[3.44764,0.7701111,0.6193489]",
6641,"[3.447273,0.7701111,0.6190764]",
6642,"[3.44671,0.7701111,0.6188595]",
6643,"[3.445675,0.7701111,0.6187462]",
6644,"[3.441859,0.7701111,0.6180679]",
6645,"[3.438617,0.7701111,0.6174839]",
6646,"[3.433536,0.7701111,0.6164334]",
6647,"[3.430537,0.7701111,0.616117]",
6648,"[3.42278,0.7701111,0.6158354]",
6649,"[3.418766,0.7701111,0.6165949]",
6650,"[3.406833,0.7701111,0.6217474]",
6651,"[3.40122,0.7701111,0.6253659]",
6652,"[3.331301,0.6789922,0.5355444]",
6653,"[3.65371,1.149321,1.032899]",
6654,"[3.653206,1.148893,1.035136]",
6655,"[3.64903,1.143089,1.032323]",
6656,"[3.646459,1.139479,1.029707]",
6657,"[3.642538,1.136024,1.025632]",
6658,"[3.639816,1.132287,1.022447]",
6659,"[3.63655,1.128254,1.018775]",
6660,"[3.628906,1.118814,1.008859]",
6661,"[3.623206,1.111577,1.000933]",
6662,"[3.601629,1.082331,0.9697133]",
6663,"[3.590862,1.067692,0.9540397]",
6664,"[3.581434,1.05734,0.9411793]",
6665,"[3.581051,1.057361,0.9408297]",
6666,"[3.57831,1.054023,0.9371467]",
6667,"[3.574993,1.049493,0.9323717]",
6668,"[3.570219,1.042833,0.9254012]",
6669,"[3.331301,0.7056318,0.570996]",
6670,"[3.331301,0.7053644,0.5709347]",
6671,"[3.331301,0.7052462,0.5709245]",
6672,"[3.331301,0.7050573,0.570636]",
6673,"[3.331301,0.7055802,0.5688376]",
6674,"[3.331301,0.7060623,0.5676227]",
6675,"[3.331301,0.7062722,0.5660026]",
6676,"[3.331301,0.706206,0.5629414]",
6677,"[3.331301,0.7059324,0.5612183]",
6678,"[3.331301,0.7044808,0.5570451]",
6679,"[3.331301,0.7042127,0.5558677]",
6680,"[3.331301,0.7040949,0.5536158]",
6681,"[3.331301,0.7045022,0.5524633]",
6682,"[3.331301,0.705301,0.5520837]",
6683,"[3.331301,0.7063942,0.5510626]",
6684,"[3.331301,0.7070309,0.5501035]",
6685,"[3.331301,0.7094337,0.5487881]",
6686,"[3.331301,0.7106251,0.5479878]",
6687,"[3.331301,0.714458,0.5476177]",
6688,"[3.331301,0.7166417,0.5484271]",
6689,"[3.331301,0.719768,0.5504715]",
6690,"[3.331301,0.7204199,0.5511376]",
6691,"[3.331301,0.7218334,0.5523076]",
6692,"[3.331301,0.6966326,0.5510473]",
6693,"[3.331301,0.6762405,0.5505879]",
6694,"[3.416697,0.770111,0.6759669]",
6695,"[3.423389,0.770111,0.6863096]",
6696,"[3.435153,0.770111,0.7052257]",
6697,"[3.439821,0.770111,0.7131343]",
6698,"[3.446929,0.770111,0.7260199]",
6699,"[3.450058,0.770111,0.7321973]",
6700,"[3.452396,0.770111,0.7370079]",
6701,"[3.454395,0.770111,0.7415441]",
6702,"[3.455009,0.7699676,0.7427467]",
6703,"[3.455546,0.7682046,0.7442158]",
6704,"[3.455793,0.767666,0.7446394]",
6705,"[3.455788,0.765757,0.7448916]",
6706,"[3.4558,0.764854,0.7449814]",
6707,"[3.455822,0.7639255,0.7450721]",
6708,"[3.455916,0.7622114,0.7452294]",
6709,"[3.456271,0.7622538,0.7451571]",
6710,"[3.331301,0.5564299,0.5599772]",
6711,"[3.331301,0.5560138,0.5595621]",
6712,"[3.573443,0.9532191,0.9167221]",
6713,"[3.609136,1.011889,0.9691603]",
6714,"[3.331301,0.5576325,0.5583701]",
6715,"[3.331301,0.5585875,0.5577947]",
6716,"[3.331301,0.5594035,0.5573385]",
6717,"[3.331301,0.5611609,0.5561103]",
6718,"[3.331301,0.5622062,0.5554767]",
6719,"[3.331301,0.5643073,0.5547795]",
6720,"[3.331301,0.5660493,0.5543085]",
6721,"[3.331301,0.5724645,0.5550268]",
6722,"[3.331301,0.5762659,0.5554608]",
6723,"[3.604218,1.017177,0.9596186]",
6724,"[3.63758,1.073265,1.008656]",
6725,"[3.643804,1.084368,1.017576]",
6726,"[3.649403,1.093935,1.024794]",
6727,"[3.647164,1.090404,1.020838]",
6728,"[3.331301,0.5889162,0.550191]",
6729,"[3.331301,0.589201,0.5491164]",
6730,"[3.331301,0.5883462,0.5461258]",
6731,"[3.331301,0.5868643,0.5434771]",
6732,"[3.331301,0.5854546,0.5410317]",
6733,"[3.331301,0.4551098,0.4274743]",
6734,"[3.331301,0.4190807,0.398515]",
6735,"[3.331301,0.3702258,0.3647887]",
6736,"[3.419135,0.522711,0.5105744]",
6737,"[3.42793,0.5227112,0.5176921]",
6738,"[3.430348,0.5227109,0.5202729]",
6739,"[3.433229,0.522711,0.5246996]",
6740,"[3.433758,0.5227112,0.5265368]",
6741,"[3.434085,0.522711,0.5284107]",
6742,"[3.428772,0.522711,0.5339318]",
6743,"[3.42417,0.5227109,0.5370383]",
6744,"[3.395666,0.5227109,0.5492243]",
6745,"[3.388796,0.522711,0.552837]",
6746,"[3.37653,0.522711,0.5601813]",
6747,"[3.331301,0.4472418,0.4970948]",
6748,"[3.331301,0.4516762,0.5037305]",
6749,"[3.331301,0.4582714,0.5138719]",
6750,"[3.331301,0.461613,0.5187743]",
6751,"[3.331301,0.4682111,0.5264339]",
6752,"[3.331301,0.4705936,0.5295382]",
6753,"[3.331301,0.4741951,0.5360059]",
6754,"[3.411802,0.522711,0.6133279]",
6755,"[3.436852,0.522711,0.6311417]",
6756,"[3.467242,0.5227112,0.6533773]",
6757,"[3.705161,1.009258,1.045195]",
6758,"[3.704442,0.9924957,1.038414]",
6759,"[3.703611,0.9843631,1.034456]",
6760,"[3.700782,0.9669767,1.024871]",
6761,"[3.69984,0.9586447,1.020494]",
6762,"[3.698839,0.9504599,1.01629]",
6763,"[3.700175,0.9418486,1.012755]",
6764,"[3.700697,0.9384032,1.011066]",
6765,"[3.689854,0.9363337,1.005239]",
6766,"[3.682538,0.9354051,1.001663]",
6767,"[3.671712,0.9300016,0.9942341]",
6768,"[3.66763,0.9269355,0.9909645]",
6769,"[3.661088,0.92162,0.9856839]",
6770,"[3.658653,0.9186342,0.9831888]",
6771,"[3.65651,0.9170426,0.9814521]",
6772,"[3.651782,0.9150759,0.9780437]",
6773,"[3.649668,0.9152501,0.9769377]",
6774,"[3.645946,0.9147857,0.9744606]",
6775,"[3.644677,0.9145512,0.9736716]",
6776,"[3.641424,0.9165749,0.9714832]",
6777,"[3.640016,0.9169351,0.9703841]",
6778,"[3.638838,0.9170831,0.9694118]",
6779,"[3.63671,0.9181063,0.9678589]",
6780,"[3.633659,0.9156997,0.9642956]",
6781,"[3.488951,0.6501689,0.748731]",
6782,"[3.488367,0.6524487,0.7488722]",
6783,"[3.488036,0.6534731,0.7489523]",
6784,"[3.48764,0.6540427,0.7490481]",
6785,"[3.487186,0.6542445,0.7491579]",
6786,"[3.486825,0.6542614,0.749245]",
6787,"[3.486463,0.6541896,0.7493327]",
6788,"[3.485501,0.6548694,0.7495653]",
6789,"[3.485318,0.6557614,0.7496095]",
6790,"[3.484917,0.6576673,0.7497065]",
6791,"[3.484562,0.6592106,0.7497925]",
6792,"[3.484052,0.6630214,0.7499158]",
6793,"[3.483816,0.6653343,0.7497919]",
6794,"[3.484303,0.6672998,0.7494978]",
6795,"[3.485047,0.6705149,0.7490265]",
6796,"[3.485422,0.6719756,0.7488053]",
6797,"[3.485905,0.6743057,0.7484748]",
6798,"[3.485984,0.6754804,0.7483394]",
6799,"[3.485959,0.677228,0.7481656]",
6800,"[3.485837,0.6780288,0.7481071]",
6801,"[3.485812,0.6782385,0.7480905]",
6802,"[3.482949,0.6506718,0.7501824]",
6803,"[3.48087,0.6331907,0.7506853]",
6804,"[3.477839,0.6080462,0.7491582]",
6805,"[3.47161,0.5881646,0.7403378]",
6806,"[3.463601,0.5613522,0.7284426]",
6807,"[3.459381,0.5470466,0.722096]",
6808,"[3.453945,0.5281454,0.7137106]",
6809,"[3.453773,0.5227112,0.7123861]",
6810,"[3.455816,0.5227112,0.7145374]",
6811,"[3.458088,0.5227112,0.7178296]",
6812,"[3.458992,0.5227112,0.7192695]",
6813,"[3.460997,0.5227112,0.7217267]",
6814,"[3.461776,0.5227112,0.7231992]",
6815,"[3.462743,0.5227112,0.7253304]",
6816,"[3.463383,0.5227112,0.72675]",
6817,"[3.464073,0.522711,0.7280819]",
6818,"[3.449305,0.5056616,0.7230622]",
6819,"[3.439326,0.4906369,0.7153773]",
6820,"[3.396162,0.41176,0.6639727]",
6821,"[3.35293,0.3301836,0.6091895]",
6822,"[3.331301,0.2930415,0.5886509]",
6823,"[3.331301,0.2958339,0.5926443]",
6824,"[3.331301,0.2992932,0.5987837]",
6825,"[3.331301,0.3005857,0.601738]",
6826,"[3.330265,0.2994185,0.6029561]",
6827,"[3.326847,0.2934802,0.6029561]",
6828,"[3.325277,0.2903747,0.6029561]",
6829,"[3.322599,0.2843866,0.6029561]",
6830,"[3.322417,0.283569,0.6029561]",
6831,"[3.32215,0.2820844,0.6029561]",
6832,"[3.322008,0.2809964,0.6029561]",
6833,"[3.321796,0.2798012,0.6029561]",
6834,"[3.321701,0.2796322,0.6029561]",
6835,"[3.32158,0.2794461,0.6029561]",
6836,"[3.321213,0.2790396,0.6029561]",
6837,"[3.321688,0.2784303,0.6029561]",
6838,"[3.322829,0.2774248,0.6029561]",
6839,"[3.323375,0.2770287,0.6029561]",
6840,"[3.323369,0.2768106,0.6029561]",
6841,"[3.323412,0.2768949,0.6029561]",
6842,"[3.32355,0.2770762,0.6029561]",
6843,"[3.32439,0.2789889,0.6029561]",
6844,"[3.325598,0.2807782,0.6029561]",
6845,"[3.328021,0.282965,0.6029561]",
6846,"[3.329063,0.2831574,0.6029561]",
6847,"[3.330779,0.2834889,0.6029561]",
6848,"[3.331301,0.2826317,0.6018521]",
6849,"[3.331301,0.2807768,0.5998131]",
6850,"[3.331301,0.2765135,0.5965749]",
6851,"[3.331301,0.2740141,0.5950176]",
6852,"[3.331301,0.2716985,0.5942479]",
6853,"[3.331301,0.2711779,0.594196]",
6854,"[3.331301,0.2704557,0.5941732]",
6855,"[3.331301,0.270299,0.594327]",
6856,"[3.331301,0.2703661,0.5956424]",
6857,"[3.331301,0.2700074,0.5966217]",
6858,"[3.331301,0.2693639,0.5980082]",
6859,"[3.331301,0.2649463,0.5981624]",
6860,"[3.331301,0.2630913,0.5983397]",
6861,"[3.331301,0.2590076,0.5988936]",
6862,"[3.331301,0.2560391,0.5988671]",
6863,"[3.331301,0.2482205,0.5978843]",
6864,"[3.331301,0.2445242,0.5972424]",
6865,"[3.331301,0.2430997,0.5968179]",
6866,"[3.331301,0.2400548,0.5962656]",
6867,"[3.331301,0.2383521,0.5960603]",
6868,"[3.331301,0.2346888,0.5959614]",
6869,"[3.331301,0.2329004,0.5959989]",
6870,"[3.331301,0.2296817,0.5955915]",
6871,"[3.331301,0.2283303,0.5951088]",
6872,"[3.331301,0.2283235,0.5942191]",
6873,"[3.331301,0.2297502,0.5923396]",
6874,"[3.331301,0.2325355,0.5906088]",
6875,"[3.331301,0.2401242,0.5839685]",
6876,"[3.331301,0.2437527,0.5800627]",
6877,"[3.331301,0.2520981,0.572323]",
6878,"[3.331301,0.2557089,0.5694127]",
6879,"[3.361603,0.317446,0.6125137]",
6880,"[3.364715,0.3240235,0.6166427]",
6881,"[3.374261,0.3442433,0.6293204]",
6882,"[3.376289,0.3480639,0.6318889]",
6883,"[3.3785,0.3523584,0.6347226]",
6884,"[3.380371,0.3555478,0.6370038]",
6885,"[3.380142,0.3547764,0.6366246]",
6886,"[3.379441,0.3533649,0.6357126]",
6887,"[3.376646,0.3478568,0.6321089]",
6888,"[3.375279,0.3454033,0.6304107]",
6889,"[3.372724,0.3405996,0.6271769]",
6890,"[3.372409,0.3395678,0.6266627]",
6891,"[3.374389,0.3424917,0.6289582]",
6892,"[3.374708,0.3419085,0.6290501]",
6893,"[3.376631,0.3414067,0.630398]",
6894,"[3.378152,0.3415603,0.6316101]",
6895,"[3.379745,0.3411454,0.6327279]",
6896,"[3.380316,0.3415984,0.6332865]",
6897,"[3.382238,0.3445681,0.6355491]",
6898,"[3.384187,0.3468574,0.6376534]",
6899,"[3.384034,0.3458688,0.637275]",
6900,"[3.382877,0.342735,0.6355582]",
6901,"[3.382006,0.3407442,0.6343637]",
6902,"[3.382208,0.3414757,0.6347118]",
6903,"[3.38276,0.3424626,0.6353968]",
6904,"[3.382657,0.3417386,0.6351261]",
6905,"[3.379546,0.3332301,0.6304895]",
6906,"[3.377254,0.3276019,0.627242]",
6907,"[3.371911,0.3156594,0.6199806]",
6908,"[3.370926,0.313647,0.6186922]",
6909,"[3.374416,0.3203124,0.6231359]",
6910,"[3.375705,0.3223651,0.6246694]",
6911,"[3.37738,0.3251093,0.6266818]",
6912,"[3.383652,0.3360846,0.6344038]",
6913,"[3.389769,0.3475493,0.642134]",
6914,"[3.403359,0.3736898,0.6594863]",
6915,"[3.40896,0.3839155,0.6664933]",
6916,"[3.418171,0.4005863,0.6779788]",
6917,"[3.419054,0.4009498,0.6787538]",
6918,"[3.420981,0.4029189,0.6807567]",
6919,"[3.422893,0.4062607,0.6831099]",
6920,"[3.430309,0.4215338,0.6928442]",
6921,"[3.434632,0.430814,0.6986177]",
6922,"[3.438163,0.438744,0.7034264]",
6923,"[3.445918,0.4567124,0.7141321]",
6924,"[3.449927,0.4661076,0.7196944]",
6925,"[3.459385,0.4861577,0.7308245]",
6926,"[3.463173,0.4934624,0.7337416]",
6927,"[3.466784,0.5008433,0.7365229]",
6928,"[3.473279,0.5140379,0.7415249]",
6929,"[3.474554,0.517001,0.7425065]",
6930,"[3.476241,0.519062,0.7438054]",
6931,"[3.477122,0.5193891,0.7444843]",
6932,"[3.479241,0.5203423,0.746116]",
6933,"[3.480352,0.5206962,0.7469718]",
6934,"[3.480663,0.5200236,0.7472114]",
6935,"[3.481834,0.5199789,0.7481127]",
6936,"[3.482738,0.5206669,0.7488093]",
6937,"[3.484436,0.5218308,0.7501169]",
6938,"[3.485204,0.5222079,0.7507083]",
6939,"[3.485097,0.5207196,0.7506258]",
6940,"[3.484856,0.5192099,0.7504402]",
6941,"[3.483574,0.5144797,0.7494531]",
6942,"[3.482242,0.5109016,0.7484269]",
6943,"[3.478395,0.5027802,0.7454643]",
6944,"[3.474735,0.4959859,0.7426456]",
6945,"[3.471437,0.4901659,0.7401065]",
6946,"[3.457269,0.4614585,0.7241237]",
6947,"[3.44249,0.4309637,0.7047086]",
6948,"[3.431875,0.408951,0.6907353]",
6949,"[3.428904,0.4026799,0.6867957]",
6950,"[3.424837,0.393622,0.6812773]",
6951,"[3.416363,0.3746101,0.6697432]",
6952,"[3.397082,0.3323884,0.6437719]",
6953,"[3.331301,0.1860256,0.5551283]",
6954,"[3.331301,0.1800029,0.5592517]",
6955,"[3.331301,0.163127,0.5718023]",
6956,"[3.331301,0.1527349,0.5782991]",
6957,"[3.331301,0.1334862,0.5838649]",
6958,"[3.331301,0.1249023,0.5888196]",
6959,"[3.331301,0.1199782,0.5917371]",
6960,"[3.331301,0.1149344,0.5988946]",
6961,"[3.331301,0.1149663,0.6003654]",
6962,"[3.331301,0.1109627,0.5991476]",
6963,"[3.331301,0.1026443,0.5950563]",
6964,"[3.349706,0.1,0.5992066]",
6965,"[3.354354,0.1,0.597832]",
6966,"[3.358687,0.1,0.5976548]",
6967,"[3.362918,0.1,0.5923402]",
6968,"[3.424507,0.2378199,0.6839346]",
6969,"[3.431571,0.2562355,0.6810625]",
6970,"[3.434079,0.2615191,0.6802804]",
6971,"[3.440619,0.2788092,0.6775759]",
6972,"[3.443377,0.2900757,0.6756819]",
6973,"[3.444415,0.294902,0.6708162]",
6974,"[3.443998,0.2949021,0.6675938]",
6975,"[3.456256,0.3217562,0.6865414]",
6976,"[3.478732,0.3780237,0.7186724]",
6977,"[3.491845,0.4165776,0.7389273]",
6978,"[3.503793,0.4518122,0.757411]",
6979,"[3.506423,0.4601154,0.7616235]",
6980,"[3.50796,0.4643889,0.7639328]",
6981,"[3.508386,0.4655077,0.7645552]",
6982,"[3.510931,0.4727358,0.7684194]",
6983,"[3.513307,0.4797594,0.7720757]",
6984,"[3.513492,0.4832221,0.7720206]",
6985,"[3.513546,0.4859714,0.7719506]",
6986,"[3.51361,0.4875696,0.7718682]",
6987,"[3.513633,0.4924771,0.7718387]",
6988,"[3.513455,0.4952375,0.7720692]",
6989,"[3.512347,0.5020037,0.7716113]",
6990,"[3.511978,0.5027679,0.7713271]",
6991,"[3.512074,0.5035936,0.771401]",
6992,"[3.512187,0.504454,0.7714879]",
6993,"[3.51217,0.5045971,0.7714748]",
6994,"[3.512392,0.5048057,0.7716454]",
6995,"[3.512405,0.50436,0.7716555]",
6996,"[3.51254,0.5035711,0.7717598]",
6997,"[3.512358,0.5040792,0.7716196]",
6998,"[3.510888,0.5042545,0.7704875]",
6999,"[3.50973,0.5041316,0.7695955]",
7000,"[3.507902,0.5036654,0.7681876]",
7001,"[3.491971,0.4885031,0.755919]",
7002,"[3.487475,0.4841438,0.7524573]",
7003,"[3.478306,0.4764814,0.7442813]",
7004,"[3.475714,0.474215,0.7416889]",
7005,"[3.470738,0.4700922,0.7367704]",
7006,"[3.46847,0.4679202,0.7344518]",
7007,"[3.467016,0.4665844,0.7329804]",
7008,"[3.462209,0.4624796,0.7281969]",
7009,"[3.459433,0.4592637,0.7252119]",
7010,"[3.454111,0.453348,0.7195551]",
7011,"[3.451444,0.4502319,0.7166804]",
7012,"[3.445672,0.4417823,0.7100092]",
7013,"[3.443747,0.4390389,0.7078042]",
7014,"[3.442111,0.4370912,0.706031]",
7015,"[3.439907,0.4357458,0.7039798]",
7016,"[3.437949,0.4371673,0.702846]",
7017,"[3.436641,0.4411512,0.7028885]",
7018,"[3.436823,0.444471,0.7039034]",
7019,"[3.438454,0.4495369,0.7064939]",
7020,"[3.438818,0.4505852,0.7070496]",
7021,"[3.438956,0.450862,0.7072293]",
7022,"[3.438424,0.4496646,0.706504]",
7023,"[3.437989,0.4474158,0.7055769]",
7024,"[3.436369,0.4408551,0.7026011]",
7025,"[3.435132,0.4358529,0.7003306]",
7026,"[3.432646,0.4251306,0.695591]",
7027,"[3.431192,0.4209219,0.6933631]",
7028,"[3.429822,0.4135472,0.6903654]",
7029,"[3.430107,0.4141465,0.6907423]",
7030,"[3.430594,0.4148759,0.6913097]",
7031,"[3.429986,0.4134392,0.6904628]",
7032,"[3.430612,0.4140221,0.6910986]",
7033,"[3.433028,0.4171497,0.6937835]",
7034,"[3.434608,0.4204447,0.6958675]",
7035,"[3.548338,0.61812,0.8820611]",
7036,"[3.617613,0.7372151,0.994818]",
7037,"[3.640057,0.7743503,1.029351]",
7038,"[3.639828,0.7730656,1.027486]",
7039,"[3.642189,0.7698447,1.027731]",
7040,"[3.644342,0.7645301,1.027442]",
7041,"[3.644199,0.7614073,1.026264]",
7042,"[3.644434,0.7574446,1.023482]",
7043,"[3.644062,0.7553371,1.021154]",
7044,"[3.643315,0.7536595,1.019787]",
7045,"[3.642955,0.7514774,1.016182]",
7046,"[3.643279,0.7509515,1.01482]",
7047,"[3.644972,0.7520108,1.01409]",
7048,"[3.645828,0.7528535,1.014123]",
7049,"[3.647782,0.7552887,1.016714]",
7050,"[3.651413,0.7612575,1.021023]",
7051,"[3.652004,0.7613108,1.021586]",
7052,"[3.653818,0.764293,1.024408]",
7053,"[3.65894,0.7719977,1.030169]",
7054,"[3.660033,0.7727324,1.031258]",
7055,"[3.656403,0.7647183,1.024516]",
7056,"[3.648553,0.7464926,1.0052]",
7057,"[3.331301,0.1458889,0.4704624]",
7058,"[3.331301,0.1358656,0.4580832]",
7059,"[3.331301,0.1036273,0.4204358]",
7060,"[3.447729,0.2949019,0.5834501]",
7061,"[3.453034,0.2949017,0.5813549]",
7062,"[3.461276,0.2949019,0.5783834]",
7063,"[3.464718,0.2949018,0.5771292]",
7064,"[3.477164,0.3163843,0.5955196]",
7065,"[3.479605,0.3163843,0.5946141]",
7066,"[3.48021,0.3163843,0.5946354]",
7067,"[3.481215,0.3163843,0.5949389]",
7068,"[3.481698,0.3163843,0.5953128]",
7069,"[3.481946,0.3163843,0.5951717]",
7070,"[3.48244,0.3163843,0.5952994]",
7071,"[3.482743,0.3163843,0.5954753]",
7072,"[3.483562,0.3163843,0.596181]",
7073,"[3.484142,0.3163843,0.5968381]",
7074,"[3.485883,0.3163843,0.6000606]",
7075,"[3.486985,0.3163843,0.6022202]",
7076,"[3.489561,0.3163843,0.6059505]",
7077,"[3.491662,0.3163843,0.609336]",
7078,"[3.4944,0.3163843,0.6145255]",
7079,"[3.496472,0.3151288,0.620515]",
7080,"[3.495375,0.312959,0.6210564]",
7081,"[3.490419,0.3128571,0.6235026]",
7082,"[3.475272,0.2949017,0.6067639]",
7083,"[3.46511,0.2949018,0.6071481]",
7084,"[3.459542,0.2949018,0.6064594]",
7085,"[3.450971,0.2949019,0.6100909]",
7086,"[3.448,0.2949018,0.6120102]",
7087,"[3.444417,0.294902,0.6141295]",
7088,"[3.438945,0.294902,0.6144828]",
7089,"[3.433786,0.2913354,0.6101404]",
7090,"[3.332458,0.1,0.4338043]",
7091,"[3.331301,0.1000978,0.4340658]",
7092,"[3.331301,0.1060669,0.4392357]",
7093,"[3.331301,0.1091218,0.440436]",
7094,"[3.331301,0.108747,0.4340188]",
7095,"[3.331301,0.1047746,0.4226136]",
7096,"[3.331728,0.1,0.4127043]",
7097,"[3.334233,0.1,0.400977]",
7098,"[3.334539,0.1,0.394852]",
7099,"[3.334516,0.1,0.3857914]",
7100,"[3.334392,0.1,0.3814607]",
7101,"[3.33382,0.1,0.376804]",
7102,"[3.332373,0.1,0.3691366]",
7103,"[3.331301,0.1000185,0.3656319]",
7104,"[3.331301,0.1069552,0.3641253]",
7105,"[3.331301,0.1124468,0.3641914]",
7106,"[3.331301,0.1314982,0.3791084]",
7107,"[3.331301,0.1391603,0.3879348]",
7108,"[3.331301,0.1551564,0.4039558]",
7109,"[3.331301,0.1579522,0.4084945]",
7110,"[3.331301,0.1588912,0.4129713]",
7111,"[3.515297,0.5119429,0.7696766]",
7112,"[3.515159,0.5106989,0.7698566]",
7113,"[3.515777,0.506686,0.7690542]",
7114,"[3.51661,0.5007218,0.7679722]",
7115,"[3.518129,0.4917789,0.7659994]",
7116,"[3.518791,0.4882011,0.7651405]",
7117,"[3.518892,0.4859474,0.765009]",
7118,"[3.519149,0.4822307,0.7646759]",
7119,"[3.519292,0.4794627,0.7642459]",
7120,"[3.519095,0.4771696,0.7640546]",
7121,"[3.518854,0.4766787,0.7642714]",
7122,"[3.518218,0.4754651,0.7648603]",
7123,"[3.517657,0.4747738,0.7654541]",
7124,"[3.51686,0.474177,0.7663721]",
7125,"[3.516777,0.474498,0.7665429]",
7126,"[3.51678,0.4749821,0.7666334]",
7127,"[3.517198,0.4750054,0.7660953]",
7128,"[3.517868,0.4748182,0.7651886]",
7129,"[3.518639,0.4750152,0.7642259]",
7130,"[3.518557,0.4760844,0.7645408]",
7131,"[3.518537,0.4769446,0.7647346]",
7132,"[3.518482,0.477533,0.7649214]",
7133,"[3.518496,0.4777238,0.7649405]",
7134,"[3.518628,0.477925,0.7648075]",
7135,"[3.518774,0.478026,0.7646381]",
7136,"[3.519291,0.4782209,0.7640043]",
7137,"[3.519653,0.4782871,0.763548]",
7138,"[3.522215,0.4712408,0.7588456]",
7139,"[3.523682,0.4649832,0.7557195]",
7140,"[3.525621,0.4555777,0.751366]",
7141,"[3.525988,0.4537926,0.7505412]",
7142,"[3.526301,0.4525211,0.749886]",
7143,"[3.527143,0.4502807,0.7483547]",
7144,"[3.527761,0.4494279,0.7473863]",
7145,"[3.529293,0.4492614,0.745365]",
7146,"[3.56248,0.515823,0.8040485]",
7147,"[3.581342,0.5751662,0.8571666]",
7148,"[3.623405,0.6690088,0.9413794]",
7149,"[3.331301,0.1075219,0.4359078]",
7150,"[3.637284,0.702415,0.9696009]",
7151,"[3.64751,0.7257369,0.9894398]",
7152,"[3.64826,0.7281812,0.9912951]",
7153,"[3.648017,0.7283269,0.9922249]",
7154,"[3.648062,0.728356,0.9930114]",
7155,"[3.649046,0.7307324,0.9958353]",
7156,"[3.649596,0.7321627,0.9971947]",
7157,"[3.649786,0.7329293,0.9978578]",
7158,"[3.646115,0.7292231,0.9945299]",
7159,"[3.641695,0.7230501,0.9888026]",
7160,"[3.633393,0.7111405,0.9763805]",
7161,"[3.331301,0.1819184,0.506971]",
7162,"[3.331301,0.1935803,0.5150972]",
7163,"[3.331301,0.231893,0.5416858]",
7164,"[3.331301,0.2622834,0.5635183]",
7165,"[3.059641,0.2535128,0.6029561]",
7166,"[3.278711,0.5299259,0.8344945]",
7167,"[3.388912,0.8600312,1.154601]",
7168,"[3.378217,0.8677734,1.164207]",
7169,"[3.373307,0.8712215,1.17058]",
7170,"[3.361381,0.8789737,1.185783]",
7171,"[3.355377,0.8837885,1.193588]",
7172,"[3.344992,0.8854536,1.197577]",
7173,"[3.338771,0.8812762,1.196067]",
7174,"[3.333152,0.8831096,1.198134]",
7175,"[3.323494,0.8809203,1.199239]",
7176,"[3.319598,0.8836153,1.201999]",
7177,"[3.30222,0.8735626,1.200451]",
7178,"[3.282301,0.8637115,1.197051]",
7179,"[3.130801,0.7550499,1.141245]",
7180,"[3.131942,0.7511421,1.139034]",
7181,"[3.13057,0.7534009,1.141692]",
7182,"[3.130749,0.7519506,1.141347]",
7183,"[3.129112,0.7545478,1.14452]",
7184,"[3.123967,0.756852,1.15449]",
7185,"[3.12009,0.7589311,1.162006]",
7186,"[3.105949,0.7541131,1.189415]",
7187,"[3.094137,0.7514101,1.21231]",
7188,"[3.086532,0.751429,1.227051]",
7189,"[3.084837,0.7511448,1.230338]",
7190,"[3.084167,0.7458333,1.231637]",
7191,"[3.084363,0.7415237,1.231255]",
7192,"[3.084166,0.7361823,1.231638]",
7193,"[3.086275,0.7258986,1.22755]",
7194,"[3.087905,0.720926,1.22439]",
7195,"[3.090761,0.7140592,1.218855]",
7196,"[3.092255,0.7113962,1.215959]",
7197,"[3.094474,0.709226,1.211657]",
7198,"[3.098743,0.7048568,1.203382]",
7199,"[3.101868,0.7015675,1.197326]",
7200,"[3.116609,0.6841844,1.168754]",
7201,"[3.12611,0.6727548,1.150337]",
7202,"[3.179992,0.2063081,0.6029561]",
7203,"[3.18823,0.2110022,0.6029561]",
7204,"[3.545032,0.5024236,0.7310649]",
7205,"[3.56223,0.4905974,0.7087337]",
7206,"[3.574962,0.4815027,0.6922008]",
7207,"[3.577907,0.4799057,0.6882185]",
7208,"[3.580323,0.478382,0.684785]",
7209,"[3.579693,0.4785443,0.6856341]",
7210,"[3.576345,0.4801443,0.6902934]",
7211,"[3.572605,0.4772958,0.6945943]",
7212,"[3.567271,0.4748454,0.7010427]",
7213,"[3.556327,0.4743231,0.7151521]",
7214,"[3.551494,0.4726625,0.721103]",
7215,"[3.54451,0.4765063,0.7309226]",
7216,"[3.537884,0.4786901,0.7399524]",
7217,"[3.53495,0.4791362,0.743849]",
7218,"[3.530575,0.4777581,0.7492625]",
7219,"[3.528369,0.4768574,0.751951]",
7220,"[3.527304,0.4762523,0.7532161]",
7221,"[3.52542,0.4798978,0.7563735]",
7222,"[3.523427,0.4830528,0.7591196]",
7223,"[3.518964,0.4887679,0.7649152]",
7224,"[3.516095,0.4927432,0.7686403]",
7225,"[3.511717,0.4969856,0.7711241]",
7226,"[3.50888,0.4956001,0.7689389]",
7227,"[3.504733,0.4943724,0.765745]",
7228,"[3.503085,0.4943502,0.7644762]",
7229,"[3.499804,0.4925923,0.7619498]",
7230,"[3.495343,0.4910959,0.7585139]",
7231,"[3.493555,0.491115,0.7571373]",
7232,"[3.489445,0.4894412,0.7539723]",
7233,"[3.488201,0.4890405,0.753014]",
7234,"[3.484979,0.4868197,0.750533]",
7235,"[3.483912,0.4857396,0.7497115]",
7236,"[3.481849,0.4840026,0.7481224]",
7237,"[3.480939,0.4832878,0.7474218]",
7238,"[3.48033,0.4829202,0.7469527]",
7239,"[3.478021,0.4810081,0.7451742]",
7240,"[3.476738,0.4786317,0.7436386]",
7241,"[3.475294,0.4758223,0.7417864]",
7242,"[3.475061,0.4754377,0.741506]",
7243,"[3.475008,0.4755198,0.7414865]",
7244,"[3.475111,0.4763154,0.7417752]",
7245,"[3.475198,0.4765409,0.7419016]",
7246,"[3.473428,0.4732736,0.7396784]",
7247,"[3.472116,0.4707697,0.7380078]",
7248,"[3.468446,0.4639275,0.7333794]",
7249,"[3.466735,0.4608386,0.7312478]",
7250,"[3.463411,0.4543959,0.7269906]",
7251,"[3.4616,0.4503665,0.724535]",
7252,"[3.45936,0.4457816,0.7216023]",
7253,"[3.454963,0.4378945,0.7161385]",
7254,"[3.453852,0.4367419,0.7149792]",
7255,"[3.449023,0.4311728,0.7097932]",
7256,"[3.44555,0.4267729,0.7059592]",
7257,"[3.443522,0.4243238,0.7037525]",
7258,"[3.442019,0.4233962,0.7023504]",
7259,"[3.439258,0.4229102,0.7000967]",
7260,"[3.438901,0.4232878,0.6999207]",
7261,"[3.438092,0.422812,0.6991727]",
7262,"[3.435399,0.4191735,0.6961399]",
7263,"[3.433233,0.4159753,0.6936298]",
7264,"[3.427887,0.4082273,0.687472]",
7265,"[3.425021,0.4041253,0.6841843]",
7266,"[3.417105,0.3928682,0.6751226]",
7267,"[3.414466,0.3891413,0.6721083]",
7268,"[3.411529,0.3848932,0.6687269]",
7269,"[3.405708,0.3761868,0.6619509]",
7270,"[3.402618,0.3722134,0.6585244]",
7271,"[3.401469,0.3727124,0.6577708]",
7272,"[3.401599,0.3748912,0.6584455]",
7273,"[3.402793,0.3847511,0.6619624]",
7274,"[3.403726,0.3931586,0.6648952]",
7275,"[3.405052,0.4054568,0.6691566]",
7276,"[3.407311,0.4179024,0.6741745]",
7277,"[3.409106,0.4228371,0.6768572]",
7278,"[3.414452,0.4392993,0.685311]",
7279,"[3.417146,0.4474701,0.6895377]",
7280,"[3.420683,0.4578926,0.6950076]",
7281,"[3.421504,0.4596136,0.6960926]",
7282,"[3.422081,0.4604695,0.6967627]",
7283,"[3.423279,0.4619274,0.6980695]",
7284,"[3.423707,0.4615695,0.6983047]",
7285,"[3.42306,0.4515682,0.695172]",
7286,"[3.422095,0.4438525,0.6923957]",
7287,"[3.419666,0.4303722,0.6869742]",
7288,"[3.41786,0.4219778,0.6833718]",
7289,"[3.412887,0.3944779,0.6722977]",
7290,"[3.410049,0.3799689,0.6662902]",
7291,"[3.434987,0.4277699,0.7110576]",
7292,"[3.49883,0.5627042,0.8267699]",
7293,"[3.331301,0.1593473,0.5164002]",
7294,"[3.331301,0.1333262,0.5080561]",
7295,"[3.331301,0.1132106,0.5018622]",
7296,"[3.331301,0.1002637,0.4977467]",
7297,"[3.337632,0.1,0.5039203]",
7298,"[3.341204,0.1,0.5066443]",
7299,"[3.57057,0.6599064,0.9396269]",
7300,"[3.575315,0.6680298,0.9476866]",
7301,"[3.578656,0.6740664,0.9533675]",
7302,"[3.578213,0.6740434,0.9529347]",
7303,"[3.57758,0.6733171,0.9519712]",
7304,"[3.576277,0.6709436,0.9494913]",
7305,"[3.575073,0.6683828,0.9470067]",
7306,"[3.56844,0.6524672,0.9337485]",
7307,"[3.561253,0.638343,0.9194647]",
7308,"[3.332156,0.1,0.4868734]",
7309,"[3.331301,0.1009555,0.4826012]",
7310,"[3.331301,0.1118169,0.482821]",
7311,"[3.331301,0.1185722,0.4843131]",
7312,"[3.331301,0.1261977,0.4845991]",
7313,"[3.331301,0.1288819,0.4841232]",
7314,"[3.331301,0.12333,0.4739167]",
7315,"[3.35293,0.1,0.4362956]",
7316,"[3.447782,0.2949019,0.5899252]",
7317,"[3.466019,0.2949017,0.5796849]",
7318,"[3.481415,0.3163843,0.5944363]",
7319,"[3.489787,0.3163843,0.5888073]",
7320,"[3.493586,0.3163843,0.587038]",
7321,"[3.495739,0.3163843,0.5872673]",
7322,"[3.498493,0.3163843,0.5874072]",
7323,"[3.499471,0.3163843,0.5874113]",
7324,"[3.499979,0.3163843,0.5876194]",
7325,"[3.500251,0.3163843,0.5877358]",
7326,"[3.500544,0.3163843,0.5883956]",
7327,"[3.500803,0.3163843,0.588813]",
7328,"[3.501118,0.3163843,0.5892817]",
7329,"[3.497246,0.3163843,0.5900419]",
7330,"[3.493537,0.3163843,0.5905212]",
7331,"[3.487141,0.3163843,0.5918949]",
7332,"[3.483845,0.3163843,0.5935116]",
7333,"[3.479749,0.3163843,0.5964923]",
7334,"[3.477121,0.3163843,0.5980565]",
7335,"[3.464914,0.2949019,0.5813057]",
7336,"[3.462913,0.2949019,0.5816962]",
7337,"[3.460942,0.2949019,0.5817696]",
7338,"[3.456034,0.2949018,0.5804941]",
7339,"[3.45357,0.2949019,0.5801613]",
7340,"[3.451022,0.2949019,0.5809005]",
7341,"[3.450061,0.2949018,0.581464]",
7342,"[3.448614,0.2949018,0.5823096]",
7343,"[3.448217,0.2949019,0.5827612]",
7344,"[3.448112,0.2949019,0.5832107]",
7345,"[3.448086,0.2949019,0.5833813]",
7346,"[3.448044,0.2949019,0.5834762]",
7347,"[3.44779,0.2949018,0.5834127]",
7348,"[3.447495,0.2949019,0.5832337]",
7349,"[3.446902,0.2949019,0.5825797]",
7350,"[3.446443,0.2949019,0.5820742]",
7351,"[3.446206,0.2949018,0.5820516]",
7352,"[3.445953,0.2949018,0.5820723]",
7353,"[3.445822,0.2949019,0.5820506]",
7354,"[3.445862,0.2949019,0.5819338]",
7355,"[3.633708,0.7653545,0.9821371]",
7356,"[3.636823,0.7737923,0.9895072]",
7357,"[3.637026,0.7749122,0.990714]",
7358,"[3.444136,0.2949018,0.5834197]",
7359,"[3.44393,0.2949019,0.5838493]",
7360,"[3.443833,0.2949019,0.5841619]",
7361,"[3.443791,0.2949019,0.5843348]",
7362,"[3.443815,0.2949019,0.58441]",
7363,"[3.44386,0.2949018,0.5844592]",
7364,"[3.443928,0.2949019,0.584507]",
7365,"[3.4439,0.2949018,0.5842836]",
7366,"[3.443835,0.2949019,0.5840553]",
7367,"[3.443763,0.2949018,0.5838356]",
7368,"[3.443742,0.2949019,0.5837691]",
7369,"[3.443759,0.2949019,0.5837702]",
7370,"[3.44367,0.2949019,0.5837299]",
7371,"[3.443636,0.2949019,0.5836703]",
7372,"[3.443669,0.2949019,0.5836643]",
7373,"[3.443706,0.2949019,0.58367]",
7374,"[3.443891,0.2949018,0.5836897]",
7375,"[3.444043,0.2949019,0.5836781]",
7376,"[3.444594,0.2949019,0.5837213]",
7377,"[3.444848,0.2949019,0.5837473]",
7378,"[3.445107,0.2949019,0.5837836]",
7379,"[3.44555,0.2949018,0.5839254]",
7380,"[3.445763,0.2949019,0.5840406]",
7381,"[3.444512,0.2949019,0.5829829]",
7382,"[3.443614,0.2949018,0.5821538]",
7383,"[3.441959,0.2949018,0.5809293]",
7384,"[3.440414,0.2949018,0.5799329]",
7385,"[3.438965,0.2944003,0.5786886]",
7386,"[3.357274,0.1,0.4101106]",
7387,"[3.35595,0.1,0.4093469]",
7388,"[3.35309,0.1,0.4076097]",
7389,"[3.352088,0.1,0.4069417]",
7390,"[3.350415,0.1,0.4057778]",
7391,"[3.34974,0.1,0.4053014]",
7392,"[3.349142,0.1,0.4050285]",
7393,"[3.348953,0.1,0.4050186]",
7394,"[3.348548,0.1,0.4051259]",
7395,"[3.347605,0.1,0.4056675]",
7396,"[3.347019,0.1,0.4062663]",
7397,"[3.345679,0.1,0.4073858]",
7398,"[3.345008,0.1,0.4080996]",
7399,"[3.344102,0.1,0.4083665]",
7400,"[3.34293,0.1,0.4091828]",
7401,"[3.342858,0.1,0.409263]",
7402,"[3.34268,0.1,0.4093731]",
7403,"[3.342553,0.1,0.4093671]",
7404,"[3.341676,0.1,0.408249]",
7405,"[3.341435,0.1,0.4078048]",
7406,"[3.341065,0.1,0.4069446]",
7407,"[3.34089,0.1,0.4065385]",
7408,"[3.340575,0.1,0.4058041]",
7409,"[3.340406,0.1,0.4054724]",
7410,"[3.340173,0.1,0.4051512]",
7411,"[3.339529,0.1,0.4042674]",
7412,"[3.339167,0.1,0.4039204]",
7413,"[3.338696,0.1,0.4036458]",
7414,"[3.338493,0.1,0.4036568]",
7415,"[3.338362,0.1,0.4036719]",
7416,"[3.337997,0.1,0.4037006]",
7417,"[3.337772,0.1,0.4036108]",
7418,"[3.33757,0.1,0.4036306]",
7419,"[3.337669,0.1,0.4038252]",
7420,"[3.337775,0.1,0.4041161]",
7421,"[3.337836,0.1,0.4044052]",
7422,"[3.33809,0.1,0.404738]",
7423,"[3.33814,0.1,0.4050635]",
7424,"[3.338212,0.1,0.4053419]",
7425,"[3.338444,0.1,0.4056779]",
7426,"[3.338755,0.1,0.4061316]",
7427,"[3.339123,0.1,0.4067255]",
7428,"[3.339461,0.1,0.4074374]",
7429,"[3.339827,0.1,0.4083841]",
7430,"[3.340055,0.1,0.4097213]",
7431,"[3.340241,0.1,0.4109188]",
7432,"[3.340193,0.1,0.4116057]",
7433,"[3.340196,0.1,0.4123662]",
7434,"[3.340983,0.1,0.4131797]",
7435,"[3.3418,0.1,0.4141944]",
7436,"[3.342065,0.1,0.4138145]",
7437,"[3.342065,0.1,0.4138145]",
7438,"[3.342407,0.1,0.4135936]",
7439,"[3.342987,0.1,0.4131558]",
7440,"[3.345272,0.1,0.4112756]",
7441,"[3.346324,0.1,0.4097997]",
7442,"[3.347323,0.1,0.4085151]",
7443,"[3.348204,0.1,0.4064913]",
7444,"[3.348222,0.1,0.4055126]",
7445,"[3.347865,0.1,0.403315]",
7446,"[3.347294,0.1,0.4016144]",
7447,"[3.346776,0.1,0.3997235]",
7448,"[3.346098,0.1,0.3967724]",
7449,"[3.345881,0.1,0.3953855]",
7450,"[3.345323,0.1,0.392089]",
7451,"[3.34485,0.1,0.3899124]",
7452,"[3.344344,0.1,0.3864982]",
7453,"[3.344101,0.1,0.3847347]",
7454,"[3.343737,0.1,0.3813288]",
7455,"[3.343454,0.1,0.37951]",
7456,"[3.342728,0.1,0.377167]",
7457,"[3.341143,0.1,0.3731276]",
7458,"[3.340302,0.1,0.3713375]",
7459,"[3.338836,0.1,0.3693747]",
7460,"[3.33761,0.1,0.368207]",
7461,"[3.333912,0.1,0.3639154]",
7462,"[3.332963,0.1,0.3629993]",
7463,"[3.331782,0.1,0.3613819]",
7464,"[3.331301,0.1001616,0.3604707]",
7465,"[3.33166,0.1,0.359621]",
7466,"[3.331322,0.1,0.3559168]",
7467,"[3.331556,0.1,0.3547879]",
7468,"[3.334447,0.1,0.3533649]",
7469,"[3.336692,0.1,0.3531641]",
7470,"[3.340936,0.1,0.3520316]",
7471,"[3.342339,0.1,0.3504854]",
7472,"[3.345257,0.1,0.3572441]",
7473,"[3.349692,0.1,0.3668696]",
7474,"[3.351593,0.1,0.370666]",
7475,"[3.353795,0.1,0.3742238]",
7476,"[3.355006,0.1,0.3765745]",
7477,"[3.358206,0.1,0.3805516]",
7478,"[3.359434,0.1,0.3812405]",
7479,"[3.361859,0.1,0.3826742]",
7480,"[3.366552,0.1,0.3855484]",
7481,"[3.369325,0.1,0.3876722]",
7482,"[3.439525,0.2936748,0.5657164]",
7483,"[3.444267,0.294902,0.5717139]",
7484,"[3.4522,0.2949019,0.5839504]",
7485,"[3.455128,0.2949019,0.5891184]",
7486,"[3.457853,0.2949018,0.5938724]",
7487,"[3.464885,0.2949019,0.6109519]",
7488,"[3.467517,0.2949019,0.621527]",
7489,"[3.464865,0.2949019,0.6403788]",
7490,"[3.462692,0.2949019,0.6495222]",
7491,"[3.461961,0.2949021,0.6656227]",
7492,"[3.463396,0.294902,0.6719681]",
7493,"[3.468461,0.2775055,0.6802588]",
7494,"[3.471664,0.2627572,0.6833341]",
7495,"[3.473985,0.2499888,0.6859568]",
7496,"[3.477311,0.2351404,0.6890618]",
7497,"[3.477036,0.2315708,0.6895961]",
7498,"[3.475117,0.2274387,0.6900045]",
7499,"[3.473902,0.2291669,0.6896952]",
7500,"[3.471409,0.2316494,0.6891997]",
7501,"[3.470717,0.2318842,0.6891021]",
7502,"[3.471514,0.233545,0.6888571]",
7503,"[3.47384,0.2342919,0.6889189]",
7504,"[3.477306,0.2390957,0.6883117]",
7505,"[3.483498,0.2546071,0.6859138]",
7506,"[3.485936,0.2616945,0.6847839]",
7507,"[3.489638,0.2904052,0.6796666]",
7508,"[3.490835,0.294902,0.6759579]",
7509,"[3.491484,0.294902,0.6672223]",
7510,"[3.493022,0.294902,0.6657335]",
7511,"[3.49528,0.294902,0.6652691]",
7512,"[3.498102,0.294902,0.6651253]",
7513,"[3.499342,0.294902,0.6649164]",
7514,"[3.500832,0.294902,0.6631548]",
7515,"[3.501129,0.294902,0.6619214]",
7516,"[3.501799,0.294902,0.6596712]",
7517,"[3.502268,0.294902,0.6585306]",
7518,"[3.503856,0.294902,0.6570297]",
7519,"[3.50509,0.294902,0.656468]",
7520,"[3.500427,0.294902,0.650423]",
7521,"[3.490118,0.294902,0.6393547]",
7522,"[3.485136,0.294902,0.6343474]",
7523,"[3.473794,0.294902,0.6237619]",
7524,"[3.469662,0.2949019,0.6205564]",
7525,"[3.466103,0.2949019,0.6187376]",
7526,"[3.464165,0.2949019,0.6178812]",
7527,"[3.462346,0.2949019,0.6169102]",
7528,"[3.45622,0.2949019,0.6127273]",
7529,"[3.454422,0.2949019,0.6115097]",
7530,"[3.451922,0.2949019,0.6091763]",
7531,"[3.451078,0.2949019,0.608165]",
7532,"[3.449159,0.2949019,0.6062323]",
7533,"[3.448161,0.2949019,0.6052092]",
7534,"[3.446566,0.2949019,0.6048703]",
7535,"[3.445893,0.2949019,0.6048278]",
7536,"[3.445325,0.2949019,0.6047263]",
7537,"[3.444266,0.294902,0.6043897]",
7538,"[3.443327,0.294902,0.6040535]",
7539,"[3.441986,0.294902,0.6030298]",
7540,"[3.441397,0.294902,0.6026297]",
7541,"[3.44011,0.294902,0.6016451]",
7542,"[3.439895,0.2949019,0.6015065]",
7543,"[3.439701,0.294902,0.601379]",
7544,"[3.439619,0.294902,0.6012665]",
7545,"[3.439509,0.294902,0.6011128]",
7546,"[3.439986,0.2949019,0.6014214]",
7547,"[3.440128,0.2949019,0.6015196]",
7548,"[3.440335,0.294902,0.6014823]",
7549,"[3.440386,0.294902,0.6013246]",
7550,"[3.440411,0.2949019,0.6007322]",
7551,"[3.440392,0.2949019,0.6002595]",
7552,"[3.44042,0.294902,0.5989997]",
7553,"[3.440206,0.2949019,0.5974321]",
7554,"[3.440107,0.294902,0.5959]",
7555,"[3.441697,0.2949018,0.5876538]",
7556,"[3.443189,0.2949018,0.5827684]",
7557,"[3.445212,0.2949019,0.5774707]",
7558,"[3.445804,0.2949019,0.5759356]",
7559,"[3.446505,0.2949019,0.5749375]",
7560,"[3.446672,0.2949019,0.5749683]",
7561,"[3.446836,0.2949018,0.5751008]",
7562,"[3.447417,0.2949019,0.5759154]",
7563,"[3.447841,0.2949019,0.5764521]",
7564,"[3.44956,0.2949019,0.5765766]",
7565,"[3.450542,0.2949018,0.5765873]",
7566,"[3.45283,0.2949019,0.5768814]",
7567,"[3.454949,0.2949019,0.5768944]",
7568,"[3.457763,0.2949019,0.5769992]",
7569,"[3.458922,0.2949019,0.5770236]",
7570,"[3.459977,0.2949019,0.5770342]",
7571,"[3.461262,0.2949019,0.5767579]",
7572,"[3.461933,0.2949019,0.5768304]",
7573,"[3.463319,0.2949019,0.5775289]",
7574,"[3.464333,0.2949018,0.5782749]",
7575,"[3.466212,0.2949018,0.5798256]",
7576,"[3.466854,0.2949019,0.5804294]",
7577,"[3.467373,0.2949019,0.5809247]",
7578,"[3.467884,0.2949019,0.58132]",
7579,"[3.467901,0.2949019,0.5812318]",
7580,"[3.462744,0.2949019,0.5840777]",
7581,"[3.458932,0.2949019,0.5862991]",
7582,"[3.45636,0.2949018,0.5877799]",
7583,"[3.453092,0.2949019,0.5892028]",
7584,"[3.452174,0.2949019,0.5898092]",
7585,"[3.451041,0.2949019,0.5906017]",
7586,"[3.450882,0.2949019,0.5907769]",
7587,"[3.450143,0.2949019,0.5912923]",
7588,"[3.449517,0.2949019,0.5915679]",
7589,"[3.448409,0.2949019,0.5922309]",
7590,"[3.447943,0.2949018,0.5927244]",
7591,"[3.447092,0.2949018,0.5938349]",
7592,"[3.446804,0.2949019,0.5943569]",
7593,"[3.446528,0.2949018,0.5949608]",
7594,"[3.446018,0.2949018,0.5960041]",
7595,"[3.445735,0.2949019,0.5965366]",
7596,"[3.444984,0.2949018,0.5976179]",
7597,"[3.444794,0.2949019,0.5980213]",
7598,"[3.444413,0.2949018,0.5982335]",
7599,"[3.444231,0.2949019,0.5982207]",
7600,"[3.444094,0.2949019,0.5981908]",
7601,"[3.443867,0.2949018,0.5981883]",
7602,"[3.443802,0.2949018,0.5982734]",
7603,"[3.443712,0.2949019,0.5984361]",
7604,"[3.443534,0.294902,0.5986239]",
7605,"[3.443197,0.2949019,0.5987355]",
7606,"[3.443055,0.2949019,0.5989581]",
7607,"[3.443322,0.294902,0.5990261]",
7608,"[3.444038,0.2949019,0.5993739]",
7609,"[3.444543,0.2949019,0.5997984]",
7610,"[3.446243,0.2949018,0.5997772]",
7611,"[3.447405,0.2949019,0.5995418]",
7612,"[3.449405,0.2949019,0.5991619]",
7613,"[3.450196,0.2949018,0.5990311]",
7614,"[3.451637,0.2949018,0.598202]",
7615,"[3.452528,0.2949018,0.5977272]",
7616,"[3.453036,0.2949018,0.5975083]",
7617,"[3.453788,0.2949019,0.597191]",
7618,"[3.454398,0.2949019,0.5970049]",
7619,"[3.454969,0.2949018,0.5968824]",
7620,"[3.45593,0.2949017,0.5964869]",
7621,"[3.45558,0.2949019,0.5972658]",
7622,"[3.454437,0.2949019,0.5987576]",
7623,"[3.453622,0.2949018,0.5996385]",
7624,"[3.453069,0.2949019,0.600292]",
7625,"[3.451829,0.2949019,0.601724]",
7626,"[3.451101,0.2949018,0.6023648]",
7627,"[3.450462,0.2949017,0.6028146]",
7628,"[3.448887,0.2949019,0.6034445]",
7629,"[3.447944,0.2949019,0.6036167]",
7630,"[3.446515,0.2949019,0.6041111]",
7631,"[3.445897,0.294902,0.6043855]",
7632,"[3.444323,0.2949019,0.6042979]",
7633,"[3.443596,0.294902,0.6042094]",
7634,"[3.443267,0.2949019,0.6041844]",
7635,"[3.442945,0.2949021,0.6041474]",
7636,"[3.442859,0.2949019,0.6040981]",
7637,"[3.442802,0.294902,0.6038786]",
7638,"[3.442874,0.2949021,0.6037357]",
7639,"[3.442964,0.294902,0.6035412]",
7640,"[3.443193,0.294902,0.6030019]",
7641,"[3.443333,0.2949019,0.6026474]",
7642,"[3.443675,0.2949019,0.6017607]",
7643,"[3.44386,0.294902,0.6012809]",
7644,"[3.444474,0.2949018,0.6001757]",
7645,"[3.444898,0.2949018,0.5995485]",
7646,"[3.446004,0.2949018,0.5991544]",
7647,"[3.446784,0.2949018,0.5990292]",
7648,"[3.447869,0.2949018,0.5971905]",
7649,"[3.448969,0.2949018,0.593171]",
7650,"[3.448764,0.2949017,0.5929338]",
7651,"[3.444875,0.2949018,0.5910968]",
7652,"[3.442637,0.2949018,0.589823]",
7653,"[3.43502,0.2896176,0.5804837]",
7654,"[3.359158,0.1,0.4093021]",
7655,"[3.356897,0.1,0.4068201]",
7656,"[3.350904,0.1,0.3998149]",
7657,"[3.348641,0.1,0.3914793]",
7658,"[3.34093,0.1,0.3730627]",
7659,"[3.336183,0.1,0.3624465]",
7660,"[3.331301,0.1104673,0.3513532]",
7661,"[3.331301,0.1219398,0.3494946]",
7662,"[3.4899,0.513459,0.7071932]",
7663,"[3.500863,0.5513251,0.7239922]",
7664,"[3.504912,0.5657262,0.7303812]",
7665,"[3.513416,0.6031473,0.7419558]",
7666,"[3.51496,0.6138777,0.7417922]",
7667,"[3.51754,0.6299248,0.7414784]",
7668,"[3.519112,0.6367406,0.7412229]",
7669,"[3.519311,0.6369944,0.7411772]",
7670,"[3.522136,0.6534775,0.7407032]",
7671,"[3.524153,0.6603208,0.7402154]",
7672,"[3.5264,0.6698701,0.7396719]",
7673,"[3.52817,0.6800386,0.7392439]",
7674,"[3.529664,0.6825143,0.7388825]",
7675,"[3.533258,0.6973104,0.7370548]",
7676,"[3.535964,0.7113518,0.735101]",
7677,"[3.539824,0.7320565,0.7322453]",
7678,"[3.542456,0.7426978,0.7306532]",
7679,"[3.564306,0.76471,0.7144188]",
7680,"[3.575051,0.770111,0.701462]",
7681,"[3.580754,0.7701109,0.6561233]",
7682,"[3.591491,0.7967027,0.6583593]",
7683,"[3.595902,0.8042781,0.6554458]",
7684,"[3.598365,0.8056219,0.652904]",
7685,"[3.602946,0.8142674,0.6501246]",
7686,"[3.608726,0.8486389,0.6540559]",
7687,"[3.612744,0.8759515,0.653983]",
7688,"[3.62043,0.9127945,0.6437739]",
7689,"[3.575754,0.9619834,0.5295931]",
7690,"[3.529877,0.9619834,0.4106075]",
7691,"[3.406216,0.7851257,0.05000035]",
7692,"[3.404933,0.7888707,0.05000047]",
7693,"[3.402713,0.7928683,0.05000035]",
7694,"[3.401527,0.792787,0.05000047]",
7695,"[3.397387,0.7921605,0.05000047]",
7696,"[3.395015,0.7922311,0.05000023]",
7697,"[3.387324,0.7820103,0.05000035]",
7698,"[3.491621,0.9568572,0.3458038]",
7699,"[3.498456,0.9619834,0.3852124]",
7700,"[3.50007,0.9619834,0.3955415]",
7701,"[3.500965,0.9619834,0.4084049]",
7702,"[3.503928,0.9619835,0.435609]",
7703,"[3.504495,0.9619835,0.4416671]",
7704,"[3.505836,0.9619835,0.4493677]",
7705,"[3.505964,0.9619835,0.4539173]",
7706,"[3.594687,1.11251,0.6838295]",
7707,"[3.603627,1.126926,0.7081811]",
7708,"[3.612298,1.140917,0.7307501]",
7709,"[3.63786,1.182735,0.7947481]",
7710,"[3.647786,1.198758,0.8208901]",
7711,"[3.510062,0.9619835,0.487812]",
7712,"[3.510793,0.9619835,0.4933352]",
7713,"[3.51094,0.9619835,0.4971204]",
7714,"[3.510824,0.9619835,0.4982467]",
7715,"[3.510618,0.9619835,0.4986822]",
7716,"[3.509847,0.9619835,0.4990516]",
7717,"[3.508833,0.9619835,0.4992237]",
7718,"[3.504508,0.9619835,0.4969867]",
7719,"[3.502541,0.9619835,0.4967428]",
7720,"[3.49725,0.9619834,0.4947296]",
7721,"[3.490079,0.9619834,0.4900781]",
7722,"[3.462207,0.9619834,0.4660689]",
7723,"[3.441031,0.9619834,0.4479934]",
7724,"[3.418848,0.9619834,0.4293841]",
7725,"[3.393201,0.9619834,0.4206735]",
7726,"[3.380234,0.9619834,0.415902]",
7727,"[3.201523,0.7533313,0.05000012]",
7728,"[3.198094,0.7668763,0.05000024]",
7729,"[3.277006,1.258847,0.05000047]",
7730,"[3.274026,1.317017,0.05000047]",
7731,"[3.254289,1.369531,0.05000047]",
7732,"[3.242364,1.385858,0.05000035]",
7733,"[3.226507,1.400524,0.05000035]",
7734,"[3.637985,1.63736,0.9307988]",
7735,"[3.63365,1.641051,0.9333854]",
7736,"[3.619492,1.651441,0.9437024]",
7737,"[3.608727,1.657453,0.9518836]",
7738,"[3.590513,1.666471,0.9645779]",
7739,"[3.579181,1.672509,0.9727218]",
7740,"[2.97819,1.475591,0.05000025]",
7741,"[2.908204,1.496344,0.05000025]",
7742,"[2.87501,1.506469,0.05000014]",
7743,"[2.812983,1.518083,0.05000014]",
7744,"[2.778699,1.520828,0.05000027]",
7745,"[2.693177,1.520358,0.05000015]",
7746,"[2.643099,1.517926,0.05000015]",
7747,"[2.562856,1.513899,0.05000016]",
7748,"[2.093462,1.479784,0.04999983]",
7749,"[3.369085,1.72642,1.171189]",
7750,"[3.341892,1.733016,1.20775]",
7751,"[3.331252,1.736334,1.223169]",
7752,"[3.315531,1.73444,1.240263]",
7753,"[3.306972,1.734731,1.251592]",
7754,"[3.293258,1.737022,1.270444]",
7755,"[3.285188,1.736736,1.280492]",
7756,"[3.276484,1.737182,1.293087]",
7757,"[2.05,1.566603,0.952958]",
7758,"[2.05,1.570295,0.9980316]",
7759,"[2.05,1.577055,1.092351]",
7760,"[2.05,1.578464,1.133001]",
7761,"[2.05,1.579788,1.170487]",
7762,"[2.05,1.578321,1.22364]",
7763,"[2.05,1.574756,1.246374]",
7764,"[2.05,1.566036,1.259864]",
7765,"[2.05,1.560527,1.262211]",
7766,"[2.05,1.543489,1.28099]",
7767,"[2.05,1.537125,1.286254]",
7768,"[2.05,1.526061,1.299766]",
7769,"[2.05,1.521478,1.306524]",
7770,"[2.05,1.517204,1.319669]",
7771,"[2.05,1.518664,1.346428]",
7772,"[2.05,1.523391,1.373985]",
7773,"[2.05,1.535347,1.551567]",
7774,"[2.05,1.539189,1.621442]",
7775,"[2.050001,1.516342,2.278351]",
7776,"[2.050001,1.514623,2.315523]",
7777,"[2.050001,1.464012,2.666348]",
7778,"[2.050001,1.447357,2.804436]",
7779,"[2.05,1.441585,2.859738]",
7780,"[2.05,1.434777,2.927378]",
7781,"[2.05,1.432475,2.951176]",
7782,"[2.05,1.428969,2.987092]",
7783,"[2.05,1.428291,2.995162]",
7784,"[2.05,1.428154,2.997012]",
7785,"[2.05,1.427272,3.00457]",
7786,"[2.05,1.426802,3.00606]",
7787,"[2.05,1.42487,3.015243]",
7788,"[2.05,1.423788,3.020499]",
7789,"[2.05,1.417189,3.023117]",
7790,"[2.05,1.412164,3.02794]",
7791,"[2.05,1.391916,3.06472]",
7792,"[2.05,1.379817,3.100062]",
7793,"[2.05,1.366102,3.144633]",
7794,"[2.079851,1.276533,4.090825]",
7795,"[2.12555,1.280062,4.133913]",
7796,"[2.321952,1.296478,4.2915]",
7797,"[2.37659,1.299962,4.332727]",
7798,"[2.4333,1.312269,4.37959]",
7799,"[2.450609,1.322489,4.396526]",
7800,"[2.47422,1.332093,4.416856]",
7801,"[2.489874,1.343658,4.436358]",
7802,"[2.489508,1.346068,4.440751]",
7803,"[2.504629,1.354218,4.458882]",
7804,"[2.504796,1.35602,4.463287]",
7805,"[2.508343,1.359449,4.473574]",
7806,"[2.509984,1.360227,4.478266]",
7807,"[2.507088,1.359931,4.484539]",
7808,"[2.511237,1.359552,4.490154]",
7809,"[2.509346,1.357801,4.492609]",
7810,"[2.505724,1.352822,4.495852]",
7811,"[2.504337,1.35036,4.498421]",
7812,"[2.506366,1.345317,4.50533]",
7813,"[2.509885,1.342662,4.510341]",
7814,"[2.538299,1.333548,4.531224]",
7815,"[2.686171,1.25412,4.596667]",
7816,"[2.758586,1.219533,4.626959]",
7817,"[3.009789,1.111266,4.710064]",
7818,"[3.094711,1.078114,4.733896]",
7819,"[3.199938,1.041426,4.761867]",
7820,"[3.242889,1.029283,4.773449]",
7821,"[3.267657,1.01922,4.782259]",
7822,"[3.270354,1.016542,4.784668]",
7823,"[3.276191,1.013098,4.789585]",
7824,"[3.277317,1.012528,4.791804]",
7825,"[3.280934,1.012105,4.794863]",
7826,"[3.278948,1.01008,4.797186]",
7827,"[3.272684,1.008479,4.796812]",
7828,"[3.268736,1.006729,4.798429]",
7829,"[3.265014,1.005988,4.798906]",
7830,"[3.264942,1.005464,4.801723]",
7831,"[3.268835,1.005526,4.804408]",
7832,"[3.421889,1.022256,4.849373]",
7833,"[3.553476,1.033027,4.881512]",
7834,"[4.174653,1.422423,3.982407]",
7835,"[4.339985,1.488791,3.982546]",
7836,"[4.386278,1.508891,3.982588]",
7837,"[4.439521,1.529707,3.982631]",
7838,"[4.460377,1.536651,3.982646]",
7839,"[4.477608,1.545073,3.982663]",
7840,"[4.482147,1.549452,3.982673]",
7841,"[4.489019,1.554256,3.982683]",
7842,"[4.501595,1.56365,3.982702]",
7843,"[4.507163,1.568388,3.982712]",
7844,"[4.509584,1.576071,3.982728]",
7845,"[4.513397,1.579949,3.982737]",
7846,"[4.517951,1.585433,3.982748]",
7847,"[4.519233,1.588576,3.982755]",
7848,"[4.52291,1.59253,3.982763]",
7849,"[4.538729,1.602937,3.982785]",
7850,"[4.550268,1.608457,3.982796]",
7851,"[4.606198,1.703106,3.982995]",
7852,"[4.624793,1.721572,3.983033]",
7853,"[4.663682,1.742325,3.983077]",
7854,"[4.669484,1.745878,3.983084]",
7855,"[4.684607,1.752109,3.983097]",
7856,"[4.694329,1.755239,3.983104]",
7857,"[4.695113,1.75687,3.983107]",
7858,"[4.703666,1.762147,3.983118]",
7859,"[4.706225,1.763972,3.983122]",
7860,"[4.713172,1.768175,3.983131]",
7861,"[4.717239,1.770697,3.983136]",
7862,"[4.725282,1.773908,3.983143]",
7863,"[4.734559,1.777437,3.98315]",
7864,"[4.733942,1.777634,3.98315]",
7865,"[4.733387,1.777407,3.98315]",
7866,"[4.733611,1.777037,3.983149]",
7867,"[4.734774,1.775219,3.983145]",
7868,"[4.73567,1.773967,3.983143]",
7869,"[4.743658,1.770487,3.983136]",
7870,"[4.751752,1.768376,3.983131]",
7871,"[4.87502,1.770828,3.983136]",
7872,"[4.971481,1.773944,3.983143]",
7873,"[5.003706,1.776004,3.983147]",
7874,"[5.020954,1.77886,3.983153]",
7875,"[5.032197,1.780602,3.983157]",
7876,"[5.040893,1.782826,3.983161]",
7877,"[5.042113,1.783536,3.983163]",
7878,"[5.044592,1.784407,3.983165]",
7879,"[5.048676,1.785451,3.983167]",
7880,"[5.049155,1.785537,3.983167]",
7881,"[5.048007,1.78566,3.983167]",
7882,"[5.044674,1.785477,3.983167]",
7883,"[5.043153,1.785272,3.983166]",
7884,"[5.041076,1.784818,3.983166]",
7885,"[5.040504,1.784648,3.983165]",
7886,"[5.032516,1.784602,3.983165]",
7887,"[5.030613,1.78474,3.983166]",
7888,"[5.025601,1.784618,3.983165]",
7889,"[5.017282,1.78472,3.983165]",
7890,"[4.862911,1.746017,3.983084]",
7891,"[4.356094,1.8099,2.791744]",
7892,"[4.306661,1.77978,2.821106]",
7893,"[4.62747,1.643255,3.982869]",
7894,"[4.567495,1.595727,3.982769]",
7895,"[4.522265,1.559722,3.982694]",
7896,"[4.494927,1.566575,3.982708]",
7897,"[4.467006,1.587233,3.982752]",
7898,"[4.459624,1.599611,3.982778]",
7899,"[4.449649,1.62011,3.982821]",
7900,"[4.445934,1.628769,3.982839]",
7901,"[4.444365,1.642533,3.982867]",
7902,"[4.445392,1.646856,3.982877]",
7903,"[4.446779,1.651243,3.982886]",
7904,"[4.449995,1.657858,3.9829]",
7905,"[4.452025,1.660169,3.982904]",
7906,"[4.457764,1.663557,3.982912]",
7907,"[4.461347,1.66425,3.982913]",
7908,"[4.470055,1.664033,3.982913]",
7909,"[4.477991,1.661731,3.982908]",
7910,"[4.48682,1.659227,3.982903]",
7911,"[4.555435,1.647307,3.982877]",
7912,"[4.579468,1.643184,3.982869]",
7913,"[5.400682,1.634974,3.982852]",
7914,"[5.949999,1.629481,3.884263]",
7915,"[5.95,1.663233,3.540679]",
7916,"[5.95,1.670235,3.437017]",
7917,"[5.95,1.663628,3.299498]",
7918,"[5.95,1.658993,3.275962]",
7919,"[5.531193,1.699213,2.975893]",
7920,"[5.594476,1.682057,2.959459]",
7921,"[5.588268,1.677364,2.93877]",
7922,"[5.580019,1.671171,2.911206]",
7923,"[5.577591,1.669284,2.9032]",
7924,"[5.57686,1.666416,2.904446]",
7925,"[5.576446,1.665568,2.903919]",
7926,"[5.577604,1.66664,2.907466]",
7927,"[5.584832,1.671546,2.932443]",
7928,"[5.58952,1.675176,2.94793]",
7929,"[5.573077,1.686561,2.965899]",
7930,"[5.95,1.656233,3.337693]",
7931,"[5.95,1.659716,3.42627]",
7932,"[5.347786,1.683647,3.982954]",
7933,"[5.320298,1.685374,3.982957]",
7934,"[5.070517,1.696881,3.982981]",
7935,"[5.018778,1.701541,3.982991]",
7936,"[4.952337,1.71095,3.983011]",
7937,"[4.933264,1.71705,3.983024]",
7938,"[4.905189,1.727111,3.983045]",
7939,"[4.892733,1.731715,3.983054]",
7940,"[4.870642,1.738128,3.983068]",
7941,"[4.860671,1.739847,3.983071]",
7942,"[4.855674,1.739794,3.983071]",
7943,"[4.844397,1.737102,3.983066]",
7944,"[4.836683,1.733904,3.983059]",
7945,"[4.806311,1.72385,3.983038]",
7946,"[4.786456,1.717749,3.983025]",
7947,"[4.709388,1.700577,3.982989]",
7948,"[4.630657,1.688143,3.982963]",
7949,"[4.587183,1.678998,3.982944]",
7950,"[4.517567,1.659326,3.982903]",
7951,"[4.488894,1.650637,3.982885]",
7952,"[4.465382,1.642645,3.982868]",
7953,"[4.45212,1.640623,3.982864]",
7954,"[4.445184,1.647013,3.982877]",
7955,"[4.444594,1.65294,3.982889]",
7956,"[4.439034,1.663065,3.982911]",
7957,"[4.257132,1.763909,2.941716]",
7958,"[4.25774,1.764953,2.946452]",
7959,"[4.266945,1.767774,2.955395]",
7960,"[4.27224,1.769188,2.959481]",
7961,"[4.280914,1.770147,2.96932]",
7962,"[4.287204,1.770899,2.973724]",
7963,"[4.297657,1.771309,2.983638]",
7964,"[4.303237,1.771791,2.988162]",
7965,"[4.309248,1.771886,2.993029]",
7966,"[4.320281,1.772303,3.002677]",
7967,"[4.508472,1.699362,3.982987]",
7968,"[4.516704,1.703388,3.982995]",
7969,"[4.521995,1.707532,3.983004]",
7970,"[4.53349,1.718908,3.983027]",
7971,"[4.538952,1.723024,3.983036]",
7972,"[4.543797,1.725034,3.98304]",
7973,"[4.550405,1.726458,3.983043]",
7974,"[4.552979,1.726853,3.983044]",
7975,"[4.517589,1.726841,3.983044]",
7976,"[4.495237,1.727068,3.983045]",
7977,"[4.466498,1.72343,3.983037]",
7978,"[4.456824,1.722223,3.983035]",
7979,"[4.442266,1.721129,3.983032]",
7980,"[4.437347,1.721053,3.983032]",
7981,"[4.432528,1.721178,3.983032]",
7982,"[4.428202,1.721484,3.983033]",
7983,"[4.425597,1.721843,3.983034]",
7984,"[4.420141,1.72322,3.983037]",
7985,"[4.418417,1.723985,3.983038]",
7986,"[4.416552,1.724871,3.98304]",
7987,"[4.474931,1.752928,3.983099]",
7988,"[4.500802,1.765773,3.983126]",
7989,"[4.554043,1.790844,3.983178]",
7990,"[4.568017,1.797562,3.983192]",
7991,"[4.583492,1.806077,3.98321]",
7992,"[4.589811,1.807343,3.983213]",
7993,"[4.599396,1.809467,3.983217]",
7994,"[4.603532,1.810575,3.98322]",
7995,"[4.610599,1.812258,3.983223]",
7996,"[4.613948,1.812921,3.983224]",
7997,"[4.619438,1.813326,3.983225]",
7998,"[4.628343,1.814086,3.983227]",
7999,"[4.632486,1.814589,3.983228]",
8000,"[4.640252,1.815227,3.983229]",
8001,"[4.644025,1.815279,3.983229]",
8002,"[4.647084,1.814315,3.983227]",
8003,"[4.648314,1.813701,3.983226]",
8004,"[4.506815,1.716452,3.983022]",
8005,"[4.446601,1.671408,3.982928]",
8006,"[4.430271,1.658691,3.982901]",
8007,"[4.412095,1.644826,3.982872]",
8008,"[4.406535,1.640176,3.982863]",
8009,"[4.35476,1.730428,3.228949]",
8010,"[4.353654,1.728721,3.235441]",
8011,"[4.352152,1.726528,3.248109]",
8012,"[4.351608,1.726149,3.25475]",
8013,"[4.351214,1.725825,3.261695]",
8014,"[4.350064,1.726808,3.274053]",
8015,"[4.388547,1.638997,3.98286]",
8016,"[4.387251,1.646579,3.982876]",
8017,"[4.387223,1.65033,3.982884]",
8018,"[4.387344,1.658731,3.982902]",
8019,"[4.387486,1.663211,3.982911]",
8020,"[4.387676,1.66785,3.982921]",
8021,"[4.386337,1.664867,3.982914]",
8022,"[4.300852,1.313648,3.982179]",
8023,"[4.289391,1.270909,3.951381]",
8024,"[4.28691,1.255322,3.938377]",
8025,"[4.282734,1.218914,3.948671]",
8026,"[4.280819,1.200644,3.957912]",
8027,"[4.27929,1.158496,4.020251]",
8028,"[4.278416,1.158475,3.998056]",
8029,"[4.278883,1.158469,3.990141]",
8030,"[4.279324,1.158463,3.983335]",
8031,"[4.279451,1.158464,3.983677]",
8032,"[4.281913,1.158486,4.005733]",
8033,"[4.283264,1.158497,4.016172]",
8034,"[4.28528,1.198466,3.957912]",
8035,"[4.286887,1.202166,3.957912]",
8036,"[4.290133,1.20692,3.957912]",
8037,"[4.292026,1.213949,3.951783]",
8038,"[4.293807,1.219439,3.948314]",
8039,"[4.300117,1.248073,3.92996]",
8040,"[4.301685,1.255082,3.938107]",
8041,"[4.306167,1.269243,3.950315]",
8042,"[4.308147,1.274964,3.953078]",
8043,"[4.311337,1.284184,3.958518]",
8044,"[4.312917,1.289617,3.959094]",
8045,"[4.314223,1.293967,3.961165]",
8046,"[4.360126,1.327201,3.982207]",
8047,"[4.386754,1.344379,3.982243]",
8048,"[4.40928,1.354012,3.982263]",
8049,"[4.416165,1.354316,3.982264]",
8050,"[4.423997,1.351484,3.982258]",
8051,"[4.42649,1.350015,3.982255]",
8052,"[4.42932,1.35085,3.982257]",
8053,"[4.430789,1.352825,3.982261]",
8054,"[4.432148,1.355956,3.982267]",
8055,"[4.434372,1.366033,3.982288]",
8056,"[4.434947,1.371941,3.982301]",
8057,"[4.434806,1.3811,3.98232]",
8058,"[4.434416,1.384136,3.982327]",
8059,"[4.434729,1.387355,3.982333]",
8060,"[4.435035,1.387673,3.982334]",
8061,"[4.435571,1.388212,3.982335]",
8062,"[4.439549,1.389488,3.982338]",
8063,"[4.442861,1.389517,3.982338]",
8064,"[4.450675,1.387034,3.982332]",
8065,"[4.453987,1.384313,3.982327]",
8066,"[4.460253,1.378209,3.982314]",
8067,"[4.462461,1.376604,3.982311]",
8068,"[4.464207,1.375908,3.982309]",
8069,"[4.466241,1.376144,3.98231]",
8070,"[4.467172,1.376537,3.982311]",
8071,"[4.467378,1.378147,3.982314]",
8072,"[4.467305,1.378948,3.982316]",
8073,"[4.466734,1.380187,3.982318]",
8074,"[4.466072,1.381086,3.98232]",
8075,"[4.451647,1.379381,3.982316]",
8076,"[4.442324,1.377707,3.982313]",
8077,"[4.418911,1.439302,3.768821]",
8078,"[4.402826,1.431092,3.770148]",
8079,"[4.397193,1.428637,3.770996]",
8080,"[4.389946,1.42636,3.773914]",
8081,"[4.387282,1.425852,3.775671]",
8082,"[4.383317,1.424849,3.780334]",
8083,"[4.3813,1.424482,3.783513]",
8084,"[4.38078,1.422765,3.789092]",
8085,"[4.379791,1.4197,3.799368]",
8086,"[4.379586,1.417883,3.804572]",
8087,"[4.379171,1.414384,3.816033]",
8088,"[4.379022,1.413264,3.821793]",
8089,"[4.405767,1.438239,3.98244]",
8090,"[4.417379,1.46734,3.982501]",
8091,"[4.443934,1.634947,3.982852]",
8092,"[4.451621,1.676257,3.982938]",
8093,"[4.454152,1.687297,3.982961]",
8094,"[4.455423,1.691449,3.98297]",
8095,"[4.456141,1.693327,3.982974]",
8096,"[4.457009,1.695621,3.982979]",
8097,"[4.457073,1.696588,3.982981]",
8098,"[4.457409,1.699341,3.982986]",
8099,"[4.45777,1.701382,3.982991]",
8100,"[4.458103,1.703174,3.982995]",
8101,"[4.458377,1.704437,3.982997]",
8102,"[4.405857,1.682906,3.982952]",
8103,"[4.373475,1.671211,3.982928]",
8104,"[4.362076,1.65765,3.982899]",
8105,"[4.358954,1.646313,3.982876]",
8106,"[4.36189,1.643467,3.98287]",
8107,"[4.363888,1.641826,3.982866]",
8108,"[4.369473,1.639762,3.982862]",
8109,"[4.371486,1.63908,3.98286]",
8110,"[4.374041,1.637883,3.982858]",
8111,"[4.374865,1.637275,3.982857]",
8112,"[4.37588,1.63655,3.982855]",
8113,"[4.376178,1.636421,3.982855]",
8114,"[4.377575,1.635223,3.982852]",
8115,"[4.378094,1.634806,3.982852]",
8116,"[4.378514,1.634446,3.982851]",
8117,"[4.379459,1.633391,3.982848]",
8118,"[4.379936,1.632681,3.982847]",
8119,"[4.383416,1.630041,3.982841]",
8120,"[4.385347,1.628115,3.982837]",
8121,"[4.390218,1.619699,3.98282]",
8122,"[4.39349,1.61525,3.98281]",
8123,"[4.396184,1.611808,3.982803]",
8124,"[4.400317,1.60773,3.982795]",
8125,"[4.402417,1.605924,3.982791]",
8126,"[4.407942,1.602664,3.982784]",
8127,"[4.423893,1.604691,3.982788]",
8128,"[4.444659,1.608438,3.982796]",
8129,"[4.553334,1.666768,3.982918]",
8130,"[4.575903,1.679821,3.982946]",
8131,"[4.601996,1.697819,3.982983]",
8132,"[4.609427,1.703043,3.982994]",
8133,"[4.618926,1.708179,3.983005]",
8134,"[4.621013,1.708947,3.983007]",
8135,"[4.624283,1.709863,3.983009]",
8136,"[4.625734,1.710716,3.98301]",
8137,"[4.628354,1.713132,3.983016]",
8138,"[4.629283,1.714384,3.983018]",
8139,"[4.62987,1.715376,3.98302]",
8140,"[4.630245,1.717752,3.983025]",
8141,"[4.630211,1.719567,3.983029]",
8142,"[4.629597,1.725748,3.983042]",
8143,"[4.628723,1.7307,3.983052]",
8144,"[4.615318,1.734154,3.983059]",
8145,"[4.601663,1.73786,3.983067]",
8146,"[4.42863,1.730773,3.983052]",
8147,"[4.394294,1.729129,3.983049]",
8148,"[4.384073,1.728036,3.983047]",
8149,"[4.376119,1.722517,3.983035]",
8150,"[4.373599,1.72075,3.983032]",
8151,"[4.371228,1.718785,3.983027]",
8152,"[4.370347,1.718022,3.983026]",
8153,"[4.369435,1.7174,3.983024]",
8154,"[4.367562,1.716985,3.983024]",
8155,"[4.36666,1.717453,3.983025]",
8156,"[4.365129,1.718493,3.983027]",
8157,"[4.363286,1.719972,3.98303]",
8158,"[4.359478,1.721348,3.983033]",
8159,"[4.357213,1.721913,3.983034]",
8160,"[4.354687,1.72271,3.983036]",
8161,"[4.349565,1.723264,3.983037]",
8162,"[4.346798,1.723359,3.983037]",
8163,"[4.341387,1.720685,3.983031]",
8164,"[4.340224,1.719875,3.98303]",
8165,"[4.337771,1.71878,3.983027]",
8166,"[4.336586,1.71861,3.983027]",
8167,"[4.334968,1.718913,3.983027]",
8168,"[4.33427,1.719361,3.983028]",
8169,"[4.333134,1.720376,3.983031]",
8170,"[4.332549,1.721224,3.983032]",
8171,"[4.33206,1.72249,3.983035]",
8172,"[4.354139,1.744721,3.983082]",
8173,"[4.365263,1.754197,3.983101]",
8174,"[4.375062,1.761598,3.983117]",
8175,"[4.377975,1.763677,3.983121]",
8176,"[4.382449,1.765052,3.983124]",
8177,"[4.383379,1.765399,3.983125]",
8178,"[4.384088,1.765706,3.983126]",
8179,"[4.385112,1.766375,3.983127]",
8180,"[4.385419,1.766608,3.983127]",
8181,"[4.385945,1.767081,3.983129]",
8182,"[4.386185,1.767415,3.983129]",
8183,"[4.386602,1.768595,3.983132]",
8184,"[4.386758,1.768989,3.983132]",
8185,"[4.38683,1.769149,3.983133]",
8186,"[4.387156,1.768976,3.983132]",
8187,"[4.387315,1.76898,3.983132]",
8188,"[4.387683,1.769904,3.983134]",
8189,"[4.387724,1.770911,3.983136]",
8190,"[4.387936,1.772517,3.98314]",
8191,"[4.388091,1.772902,3.983141]",
8192,"[4.389601,1.773195,3.983141]",
8193,"[4.389792,1.773171,3.983141]",
8194,"[4.390041,1.773265,3.983141]",
8195,"[4.391197,1.774873,3.983145]",
8196,"[4.391905,1.776638,3.983149]",
8197,"[4.393818,1.780216,3.983156]",
8198,"[4.395024,1.782183,3.98316]",
8199,"[4.396891,1.784778,3.983166]",
8200,"[4.397822,1.78625,3.983169]",
8201,"[4.399834,1.786809,3.98317]",
8202,"[4.403643,1.787445,3.983171]",
8203,"[4.405598,1.787552,3.983171]",
8204,"[4.407553,1.787497,3.983171]",
8205,"[4.407735,1.787306,3.983171]",
8206,"[4.407822,1.785644,3.983167]",
8207,"[4.40793,1.784861,3.983166]",
8208,"[4.408322,1.783691,3.983163]",
8209,"[4.40853,1.783426,3.983163]",
8210,"[4.408484,1.783294,3.983162]",
8211,"[4.408399,1.783149,3.983162]",
8212,"[4.408355,1.783021,3.983162]",
8213,"[4.408658,1.731299,3.983053]",
8214,"[4.409039,1.710914,3.983011]",
8215,"[4.408791,1.693513,3.982974]",
8216,"[4.408842,1.689149,3.982965]",
8217,"[4.408947,1.686363,3.982959]",
8218,"[4.409182,1.683565,3.982954]",
8219,"[4.409287,1.682891,3.982952]",
8220,"[4.409625,1.681644,3.982949]",
8221,"[4.409814,1.681124,3.982948]",
8222,"[4.407758,1.747374,3.983087]",
8223,"[4.406426,1.766719,3.983128]",
8224,"[4.405432,1.77869,3.983153]",
8225,"[4.403911,1.792845,3.983182]",
8226,"[4.403294,1.797384,3.983192]",
8227,"[4.402219,1.804693,3.983207]",
8228,"[4.401912,1.807731,3.983214]",
8229,"[4.402586,1.811297,3.983221]",
8230,"[4.403067,1.812424,3.983223]",
8231,"[4.40357,1.813267,3.983225]",
8232,"[4.404913,1.814756,3.983228]",
8233,"[4.405827,1.815564,3.98323]",
8234,"[4.40784,1.81728,3.983234]",
8235,"[4.408609,1.818124,3.983235]",
8236,"[4.410599,1.820077,3.983239]",
8237,"[4.411798,1.821199,3.983242]",
8238,"[4.413344,1.822486,3.983244]",
8239,"[4.413651,1.822672,3.983245]",
8240,"[4.413997,1.822775,3.983245]",
8241,"[4.414197,1.822828,3.983245]",
8242,"[4.414307,1.82284,3.983245]",
8243,"[4.414349,1.822628,3.983245]",
8244,"[4.414253,1.82238,3.983244]",
8245,"[4.413959,1.812808,3.983224]",
8246,"[4.413856,1.806463,3.983211]",
8247,"[4.405375,1.774925,3.983145]",
8248,"[4.407198,1.750957,3.983095]",
8249,"[4.410915,1.744457,3.983081]",
8250,"[4.417022,1.762192,3.983118]",
8251,"[4.419118,1.774909,3.983145]",
8252,"[4.42244,1.78909,3.983175]",
8253,"[4.423846,1.793779,3.983184]",
8254,"[4.426239,1.799486,3.983196]",
8255,"[4.427128,1.801316,3.9832]",
8256,"[4.427966,1.802816,3.983203]",
8257,"[4.429594,1.805686,3.983209]",
8258,"[4.430432,1.807142,3.983212]",
8259,"[4.431745,1.809056,3.983216]",
8260,"[4.43263,1.809884,3.983218]",
8261,"[4.43399,1.810883,3.98322]",
8262,"[4.434761,1.81172,3.983222]",
8263,"[4.436231,1.813153,3.983225]",
8264,"[4.436913,1.813669,3.983226]",
8265,"[4.437015,1.813851,3.983226]",
8266,"[4.437238,1.814055,3.983227]",
8267,"[4.437294,1.814008,3.983227]",
8268,"[4.438698,1.734449,3.98306]",
8269,"[4.439101,1.712051,3.983013]",
8270,"[4.439922,1.668011,3.982921]",
8271,"[4.440156,1.650316,3.982884]",
8272,"[4.440671,1.64037,3.982863]",
8273,"[4.440817,1.630414,3.982842]",
8274,"[4.440775,1.627834,3.982837]",
8275,"[4.440567,1.624269,3.982829]",
8276,"[4.440435,1.622867,3.982826]",
8277,"[4.439522,1.6205,3.982821]",
8278,"[4.439097,1.619526,3.982819]",
8279,"[4.439041,1.618897,3.982818]",
8280,"[4.438901,1.617996,3.982816]",
8281,"[4.438799,1.617633,3.982816]",
8282,"[4.4384,1.616614,3.982813]",
8283,"[4.438097,1.61602,3.982812]",
8284,"[4.437409,1.614957,3.98281]",
8285,"[4.437043,1.614762,3.98281]",
8286,"[4.436709,1.614641,3.982809]",
8287,"[4.430297,1.684739,3.982956]",
8288,"[4.427866,1.709268,3.983007]",
8289,"[4.422847,1.77355,3.983142]",
8290,"[4.422145,1.785658,3.983167]",
8291,"[4.421252,1.798091,3.983193]",
8292,"[4.420935,1.801982,3.983202]",
8293,"[4.420333,1.807312,3.983213]",
8294,"[4.420016,1.809429,3.983217]",
8295,"[4.419723,1.811078,3.983221]",
8296,"[4.419211,1.813176,3.983225]",
8297,"[4.419093,1.814335,3.983227]",
8298,"[4.419382,1.816329,3.983232]",
8299,"[4.419767,1.817398,3.983234]",
8300,"[4.420503,1.819498,3.983238]",
8301,"[4.420793,1.820453,3.98324]",
8302,"[4.421072,1.821291,3.983242]",
8303,"[4.421603,1.822728,3.983245]",
8304,"[4.421866,1.823342,3.983246]",
8305,"[4.422315,1.82453,3.983249]",
8306,"[4.422531,1.825227,3.98325]",
8307,"[4.422839,1.826674,3.983253]",
8308,"[4.422912,1.827327,3.983255]",
8309,"[4.422817,1.827917,3.983256]",
8310,"[4.422669,1.828477,3.983257]",
8311,"[4.422589,1.828609,3.983257]",
8312,"[4.422507,1.828978,3.983258]",
8313,"[4.42254,1.829142,3.983258]",
8314,"[4.422596,1.829831,3.98326]",
8315,"[4.422696,1.830285,3.983261]",
8316,"[4.422823,1.830833,3.983262]",
8317,"[4.422941,1.831488,3.983263]",
8318,"[4.422946,1.83172,3.983264]",
8319,"[4.423316,1.832011,3.983264]",
8320,"[4.423528,1.832145,3.983265]",
8321,"[4.423673,1.832388,3.983265]",
8322,"[4.423806,1.832508,3.983265]",
8323,"[4.423958,1.832542,3.983266]",
8324,"[4.423981,1.832468,3.983265]",
8325,"[4.42403,1.83231,3.983265]",
8326,"[4.424086,1.832228,3.983265]",
8327,"[4.424149,1.832153,3.983265]",
8328,"[4.424244,1.831988,3.983264]",
8329,"[4.427908,1.821376,3.983242]",
8330,"[4.438198,1.783917,3.983164]",
8331,"[4.442431,1.767549,3.98313]",
8332,"[4.44743,1.751543,3.983096]",
8333,"[4.448968,1.746744,3.983086]",
8334,"[4.450382,1.74211,3.983076]",
8335,"[4.451274,1.740635,3.983073]",
8336,"[4.452062,1.739329,3.98307]",
8337,"[4.453702,1.736226,3.983064]",
8338,"[4.454572,1.734228,3.98306]",
8339,"[4.456194,1.727824,3.983046]",
8340,"[4.453294,1.684841,3.982956]",
8341,"[4.451333,1.655552,3.982895]",
8342,"[4.450336,1.645555,3.982874]",
8343,"[4.449915,1.64085,3.982864]",
8344,"[4.449481,1.634698,3.982851]",
8345,"[4.449318,1.63221,3.982846]",
8346,"[4.449512,1.630694,3.982843]",
8347,"[4.451589,1.630574,3.982842]",
8348,"[4.636263,1.801599,3.983201]",
8349,"[4.644028,1.808605,3.983215]",
8350,"[4.650929,1.814297,3.983227]",
8351,"[4.671235,1.827454,3.983255]",
8352,"[4.678322,1.831311,3.983263]",
8353,"[4.69008,1.837295,3.983275]",
8354,"[4.693701,1.838635,3.983278]",
8355,"[4.699733,1.84086,3.983283]",
8356,"[4.70205,1.841747,3.983285]",
8357,"[4.703216,1.842855,3.983287]",
8358,"[4.704169,1.843587,3.983289]",
8359,"[4.706769,1.845094,3.983292]",
8360,"[4.708565,1.8456,3.983293]",
8361,"[4.711082,1.846064,3.983294]",
8362,"[4.727665,1.847264,3.983296]",
8363,"[4.737747,1.847765,3.983297]",
8364,"[4.8211,1.852702,3.983308]",
8365,"[4.840308,1.853944,3.98331]",
8366,"[4.864157,1.855312,3.983313]",
8367,"[4.87086,1.8561,3.983315]",
8368,"[4.879027,1.856702,3.983316]",
8369,"[4.892812,1.858158,3.983319]",
8370,"[4.902284,1.858817,3.98332]",
8371,"[4.911437,1.859425,3.983322]",
8372,"[4.916629,1.859289,3.983322]",
8373,"[4.927164,1.858956,3.983321]",
8374,"[4.932809,1.858679,3.98332]",
8375,"[4.940604,1.858678,3.98332]",
8376,"[4.944335,1.858961,3.983321]",
8377,"[4.945076,1.859298,3.983322]",
8378,"[4.950541,1.8609,3.983325]",
8379,"[4.950403,1.861193,3.983325]",
8380,"[4.940009,1.861811,3.983327]",
8381,"[4.934617,1.861624,3.983326]",
8382,"[4.84424,1.857554,3.983318]",
8383,"[4.836475,1.856412,3.983315]",
8384,"[4.821268,1.852903,3.983308]",
8385,"[4.807315,1.849608,3.983301]",
8386,"[4.801332,1.848577,3.983299]",
8387,"[4.787042,1.849478,3.983301]",
8388,"[4.778554,1.850831,3.983304]",
8389,"[4.753417,1.853891,3.98331]",
8390,"[4.738659,1.855274,3.983313]",
8391,"[4.726367,1.856416,3.983315]",
8392,"[4.708226,1.858281,3.98332]",
8393,"[4.700655,1.859254,3.983321]",
8394,"[4.688525,1.86064,3.983324]",
8395,"[4.68296,1.861521,3.983326]",
8396,"[4.682103,1.861891,3.983327]",
8397,"[4.811965,1.831938,3.983264]",
8398,"[4.834251,1.826415,3.983253]",
8399,"[4.860281,1.820628,3.983241]",
8400,"[4.867069,1.819242,3.983238]",
8401,"[4.875267,1.816843,3.983233]",
8402,"[4.880744,1.815342,3.98323]",
8403,"[4.889627,1.812045,3.983223]",
8404,"[4.89572,1.810132,3.983219]",
8405,"[4.911442,1.806659,3.983211]",
8406,"[4.923646,1.80495,3.983208]",
8407,"[4.937172,1.80362,3.983205]",
8408,"[4.97105,1.801636,3.983201]",
8409,"[4.992939,1.800775,3.983199]",
8410,"[5.039057,1.800507,3.983198]",
8411,"[5.06807,1.800449,3.983198]",
8412,"[5.124348,1.799903,3.983197]",
8413,"[5.16267,1.798652,3.983195]",
8414,"[5.23059,1.795791,3.983189]",
8415,"[5.295373,1.792365,3.983181]",
8416,"[5.363086,1.78909,3.983175]",
8417,"[5.949999,1.787269,3.719029]",
8418,"[5.95,1.789389,3.664193]",
8419,"[5.95,1.803769,3.265267]",
8420,"[5.95,1.804468,3.184143]",
8421,"[5.95,1.798772,2.88917]",
8422,"[5.95,1.799147,2.814595]",
8423,"[5.95,1.797193,2.748478]",
8424,"[5.95,1.794254,2.624445]",
8425,"[5.95,1.78814,2.558475]",
8426,"[5.882029,1.787959,2.562749]",
8427,"[5.95,1.782601,2.555058]",
8428,"[5.869744,1.779984,2.56232]",
8429,"[5.95,1.770521,2.557107]",
8430,"[5.95,1.76801,2.577402]",
8431,"[5.95,1.767749,2.579811]",
8432,"[5.95,1.767259,2.578228]",
8433,"[5.896718,1.774349,2.563262]",
8434,"[5.687168,1.790018,2.555944]",
8435,"[5.55951,1.798267,2.526665]",
8436,"[5.95,1.779411,2.393489]",
8437,"[5.95,1.779819,2.367776]",
8438,"[5.95,1.780937,2.366919]",
8439,"[5.95,1.784196,2.374737]",
8440,"[5.95,1.788895,2.376441]",
8441,"[5.95,1.792314,2.373419]",
8442,"[5.570391,1.857951,2.339498]",
8443,"[5.580019,1.872722,2.295307]",
8444,"[5.576506,1.92513,2.214857]",
8445,"[5.575861,1.933961,2.2001]",
8446,"[5.575006,1.94714,2.180518]",
8447,"[5.574977,1.950164,2.179848]",
8448,"[5.575056,1.953481,2.181653]",
8449,"[5.57511,1.954237,2.182898]",
8450,"[5.575141,1.955225,2.183605]",
8451,"[5.575293,1.958834,2.187066]",
8452,"[5.575574,1.960908,2.193516]",
8453,"[5.575959,1.964893,2.20232]",
8454,"[5.57619,1.966691,2.207615]",
8455,"[5.576763,1.970636,2.220742]",
8456,"[5.577065,1.972571,2.227661]",
8457,"[5.579694,1.993215,2.287872]",
8458,"[5.581222,2.007263,2.322871]",
8459,"[5.58172,2.012419,2.334278]",
8460,"[5.582366,2.020396,2.349082]",
8461,"[5.58264,2.024282,2.355339]",
8462,"[5.583046,2.030405,2.36465]",
8463,"[5.583198,2.032774,2.368124]",
8464,"[5.583253,2.033082,2.369387]",
8465,"[5.583289,2.033329,2.370202]",
8466,"[5.583179,2.033455,2.367697]",
8467,"[5.582642,2.026837,2.3554]",
8468,"[5.5823,2.022487,2.347556]",
8469,"[5.581964,2.015755,2.339872]",
8470,"[5.581899,2.013746,2.338375]",
8471,"[5.581865,2.010497,2.337611]",
8472,"[5.581897,2.009208,2.338326]",
8473,"[5.581992,2.007869,2.340514]",
8474,"[5.582557,2.00532,2.353449]",
8475,"[5.583456,2.005056,2.374028]",
8476,"[5.585736,2.005811,2.426263]",
8477,"[5.587256,2.005448,2.461082]",
8478,"[5.608872,2.011265,2.57055]",
8479,"[5.608872,2.01035,2.623652]",
8480,"[5.608872,2.011223,2.704193]",
8481,"[5.616,2.015533,2.898761]",
8482,"[5.95,2.069091,3.142048]",
8483,"[5.949999,2.097254,3.670785]",
8484,"[5.572993,2.075946,3.947551]",
8485,"[4.89538,2.028479,3.983676]",
8486,"[4.807796,2.023242,3.983665]",
8487,"[4.50963,2.007085,3.983631]",
8488,"[4.418133,2.001963,3.98362]",
8489,"[4.190039,1.980117,3.983575]",
8490,"[4.060395,1.955828,3.934791]",
8491,"[3.618518,2.028342,5.04]",
8492,"[3.560031,2.024591,5.04]",
8493,"[3.547589,2.022117,5.04]",
8494,"[4.094307,1.920775,3.95222]",
8495,"[4.116356,1.913387,3.957748]",
8496,"[4.254438,1.89675,3.9834]",
8497,"[4.398953,1.88192,3.983369]",
8498,"[4.428023,1.879554,3.983364]",
8499,"[4.531464,1.897673,3.983402]",
8500,"[4.5513,1.901151,3.983409]",
8501,"[4.59408,1.905716,3.983419]",
8502,"[4.640763,1.901971,3.983411]",
8503,"[4.661202,1.900911,3.983409]",
8504,"[4.751942,1.87401,3.983352]",
8505,"[4.777617,1.866015,3.983336]",
8506,"[4.805122,1.855964,3.983315]",
8507,"[4.812821,1.854085,3.983311]",
8508,"[4.825436,1.851784,3.983306]",
8509,"[4.832441,1.850265,3.983303]",
8510,"[4.846751,1.846576,3.983295]",
8511,"[4.855962,1.844427,3.98329]",
8512,"[4.866622,1.842491,3.983286]",
8513,"[4.894868,1.836697,3.983274]",
8514,"[4.916257,1.83253,3.983266]",
8515,"[5.078781,1.791108,3.983179]",
8516,"[5.133405,1.77913,3.983154]",
8517,"[5.223597,1.75999,3.983114]",
8518,"[5.282022,1.751577,3.983096]",
8519,"[5.341851,1.749218,3.983091]",
8520,"[5.398197,1.750707,3.983094]",
8521,"[5.416347,1.752048,3.983097]",
8522,"[5.472002,1.756114,3.983105]",
8523,"[5.504728,1.759138,3.983112]",
8524,"[5.508275,1.762784,3.983119]",
8525,"[5.522871,1.766121,3.983126]",
8526,"[5.279366,1.836931,3.983275]",
8527,"[5.218791,1.848268,3.983299]",
8528,"[5.197336,1.85388,3.98331]",
8529,"[5.165455,1.856605,3.983316]",
8530,"[5.159976,1.857894,3.983319]",
8531,"[5.142853,1.858293,3.98332]",
8532,"[5.141548,1.859141,3.983321]",
8533,"[5.206884,1.868787,3.983341]",
8534,"[5.321284,1.878493,3.983362]",
8535,"[5.565243,1.918286,3.95228]",
8536,"[5.95,1.962189,4.187957]",
8537,"[5.949999,1.979017,4.016253]",
8538,"[5.95,2.118121,3.156384]",
8539,"[5.608872,2.132543,2.682958]",
8540,"[5.587378,2.151007,2.463858]",
8541,"[5.585466,2.153944,2.420087]",
8542,"[5.582507,2.149301,2.352304]",
8543,"[5.581509,2.146644,2.329436]",
8544,"[5.581415,2.145206,2.327288]",
8545,"[5.581213,2.140419,2.32268]",
8546,"[5.582859,2.122905,2.360369]",
8547,"[5.586597,2.097414,2.445981]",
8548,"[5.587656,2.093025,2.470226]",
8549,"[5.558858,2.079663,2.545335]",
8550,"[5.652399,2.09675,2.55473]",
8551,"[5.608872,2.084236,2.592892]",
8552,"[5.608872,2.077942,2.634227]",
8553,"[5.608872,2.075367,2.650716]",
8554,"[5.608872,2.073589,2.666148]",
8555,"[5.608872,2.073749,2.671095]",
8556,"[5.608872,2.075184,2.678557]",
8557,"[5.608872,2.076472,2.68218]",
8558,"[5.608872,2.079322,2.686541]",
8559,"[5.608872,2.08021,2.688298]",
8560,"[5.608872,2.081141,2.69022]",
8561,"[5.608872,2.082702,2.692593]",
8562,"[5.608872,2.083929,2.693811]",
8563,"[5.608872,2.085929,2.695367]",
8564,"[5.608872,2.086452,2.694865]",
8565,"[5.608872,2.086662,2.694214]",
8566,"[5.608872,2.086463,2.694079]",
8567,"[5.608872,2.08561,2.693959]",
8568,"[5.608872,2.085063,2.693963]",
8569,"[5.608872,2.084446,2.694125]",
8570,"[5.608872,2.083046,2.694859]",
8571,"[5.608872,2.082319,2.695104]",
8572,"[5.608872,2.080679,2.696212]",
8573,"[5.608872,2.079752,2.697268]",
8574,"[5.608872,2.078702,2.700525]",
8575,"[5.608872,2.080714,2.721292]",
8576,"[5.862098,2.134471,2.771872]",
8577,"[5.862098,2.137524,2.786874]",
8578,"[5.862098,2.140208,2.798608]",
8579,"[5.862098,2.146005,2.817242]",
8580,"[5.758117,2.127762,2.81172]",
8581,"[5.680591,2.117064,2.81172]",
8582,"[5.673352,2.116985,2.81172]",
8583,"[5.66634,2.116738,2.81172]",
8584,"[5.659488,2.116571,2.81172]",
8585,"[5.662953,2.117174,2.81172]",
8586,"[5.667118,2.117826,2.81172]",
8587,"[5.672187,2.118183,2.81172]",
8588,"[5.694445,2.120095,2.81172]",
8589,"[5.714485,2.12178,2.81172]",
8590,"[5.779497,2.130856,2.81172]",
8591,"[5.862098,2.145512,2.817391]",
8592,"[5.862098,2.144042,2.814348]",
8593,"[5.862098,2.144264,2.807839]",
8594,"[5.862098,2.145386,2.805146]",
8595,"[5.862098,2.147583,2.801084]",
8596,"[5.862098,2.148568,2.800668]",
8597,"[5.862098,2.1489,2.79985]",
8598,"[5.862098,2.14873,2.798768]",
8599,"[5.862098,2.147805,2.795948]",
8600,"[5.862098,2.146886,2.794842]",
8601,"[5.862098,2.145883,2.793343]",
8602,"[5.862098,2.144405,2.789916]",
8603,"[5.862098,2.144091,2.788334]",
8604,"[5.862098,2.144613,2.787522]",
8605,"[5.862098,2.145172,2.787667]",
8606,"[5.862098,2.146477,2.787497]",
8607,"[5.862098,2.147946,2.787582]",
8608,"[5.862098,2.150402,2.788078]",
8609,"[5.862098,2.157095,2.794227]",
8610,"[5.862098,2.160737,2.798897]",
8611,"[5.862098,2.168478,2.809011]",
8612,"[5.862098,2.172171,2.814555]",
8613,"[5.745646,2.151782,2.81172]",
8614,"[5.708952,2.145212,2.81172]",
8615,"[5.69114,2.141726,2.81172]",
8616,"[5.650049,2.13405,2.81172]",
8617,"[5.630456,2.130286,2.81172]",
8618,"[5.616,2.127678,2.814814]",
8619,"[5.616,2.127584,2.817833]",
8620,"[5.616,2.125998,2.825453]",
8621,"[5.616,2.12438,2.829917]",
8622,"[5.616,2.114969,2.838088]",
8623,"[5.616,2.109395,2.841047]",
8624,"[5.616,2.102823,2.845567]",
8625,"[5.616,2.091589,2.853746]",
8626,"[5.616,2.086789,2.857464]",
8627,"[5.616,2.082024,2.858649]",
8628,"[5.616,2.079416,2.85989]",
8629,"[5.616,2.073988,2.857625]",
8630,"[5.616,2.070656,2.852804]",
8631,"[5.582425,2.061495,2.844565]",
8632,"[5.402502,2.028502,2.812795]",
8633,"[5.425749,2.031162,2.813811]",
8634,"[5.862098,2.099029,2.854989]",
8635,"[5.862098,2.096448,2.848042]",
8636,"[5.862098,2.091338,2.837604]",
8637,"[5.862098,2.091324,2.832626]",
8638,"[5.862098,2.090981,2.829122]",
8639,"[5.862098,2.090822,2.816976]",
8640,"[5.862098,2.094097,2.811377]",
8641,"[5.862098,2.098172,2.802416]",
8642,"[5.862098,2.100174,2.797664]",
8643,"[5.862098,2.103292,2.789299]",
8644,"[5.862098,2.104993,2.785075]",
8645,"[5.862098,2.109471,2.776174]",
8646,"[5.862098,2.112183,2.771213]",
8647,"[5.862098,2.114738,2.767231]",
8648,"[5.862098,2.119253,2.761153]",
8649,"[5.862098,2.121248,2.758848]",
8650,"[5.862098,2.12434,2.754251]",
8651,"[5.862098,2.126072,2.751702]",
8652,"[5.608872,2.079681,2.743239]",
8653,"[5.608872,2.080676,2.741721]",
8654,"[5.608872,2.078179,2.738286]",
8655,"[5.608872,2.076733,2.736452]",
8656,"[5.608872,2.075337,2.734808]",
8657,"[5.608872,2.069767,2.731609]",
8658,"[5.608872,2.067824,2.730153]",
8659,"[5.608872,2.06512,2.726542]",
8660,"[5.608872,2.064871,2.72504]",
8661,"[5.608872,2.064487,2.720724]",
8662,"[5.608872,2.064348,2.716401]",
8663,"[5.608872,2.064292,2.712445]",
8664,"[5.608872,2.072129,2.709093]",
8665,"[5.608872,2.073652,2.707904]",
8666,"[5.608872,2.076196,2.705393]",
8667,"[5.608872,2.077359,2.704334]",
8668,"[5.608872,2.077909,2.702212]",
8669,"[5.608872,2.077356,2.700921]",
8670,"[5.608872,2.076298,2.698633]",
8671,"[5.608872,2.07573,2.697551]",
8672,"[5.608872,2.07551,2.697267]",
8673,"[5.608872,2.075132,2.69666]",
8674,"[5.608872,2.074962,2.696317]",
8675,"[5.608872,2.074675,2.695804]",
8676,"[5.608872,2.074527,2.695631]",
8677,"[5.608872,2.074037,2.695363]",
8678,"[5.608872,2.073715,2.695339]",
8679,"[5.608872,2.073333,2.695688]",
8680,"[5.608872,2.0725,2.696635]",
8681,"[5.608872,2.072023,2.69728]",
8682,"[5.608872,2.070894,2.699185]",
8683,"[5.608872,2.070296,2.700212]",
8684,"[5.608872,2.068923,2.702766]",
8685,"[5.608872,2.068208,2.704086]",
8686,"[5.608872,2.067439,2.705426]",
8687,"[5.608872,2.065816,2.71126]",
8688,"[5.608872,2.065123,2.715188]",
8689,"[5.608872,2.066337,2.720635]",
8690,"[5.608872,2.068042,2.72298]",
8691,"[5.608872,2.071297,2.726352]",
8692,"[5.608872,2.072515,2.726869]",
8693,"[5.608872,2.073771,2.727349]",
8694,"[5.608872,2.073938,2.727343]",
8695,"[5.608872,2.07398,2.727275]",
8696,"[5.608872,2.071643,2.667577]",
8697,"[5.608872,2.069897,2.652265]",
8698,"[5.608872,2.068217,2.639272]",
8699,"[5.608872,2.067744,2.634592]",
8700,"[5.608872,2.068191,2.627071]",
8701,"[5.608872,2.069265,2.623122]",
8702,"[5.608872,2.071166,2.619148]",
8703,"[5.608872,2.074812,2.610359]",
8704,"[5.608872,2.076497,2.605936]",
8705,"[5.608872,2.076624,2.593064]",
8706,"[5.608872,2.075846,2.58619]",
8707,"[5.584229,2.03318,2.391748]",
8708,"[5.583601,2.030655,2.377351]",
8709,"[5.406596,2.000282,2.430514]",
8710,"[5.582614,2.026406,2.354756]",
8711,"[5.582457,2.025193,2.351148]",
8712,"[5.582188,2.02253,2.344991]",
8713,"[5.582081,2.021006,2.342546]",
8714,"[5.581984,2.01766,2.340326]",
8715,"[5.581913,2.015728,2.338696]",
8716,"[5.58177,2.012311,2.335423]",
8717,"[5.581773,2.012179,2.335504]",
8718,"[5.581776,2.012082,2.335562]",
8719,"[5.581925,2.013338,2.338984]",
8720,"[5.582002,2.014124,2.340744]",
8721,"[5.592238,2.023396,2.552629]",
8722,"[5.608872,2.031109,2.610759]",
8723,"[5.608872,2.03412,2.645519]",
8724,"[5.608872,2.035148,2.65558]",
8725,"[5.608872,2.036179,2.663757]",
8726,"[5.608872,2.03718,2.677562]",
8727,"[5.608872,2.037794,2.682552]",
8728,"[5.608872,2.038697,2.693585]",
8729,"[5.608872,2.03841,2.701226]",
8730,"[5.862098,2.06474,2.757308]",
8731,"[5.862098,2.058008,2.783648]",
8732,"[5.862098,2.054031,2.800366]",
8733,"[5.862098,2.050974,2.824325]",
8734,"[5.862098,2.051709,2.828652]",
8735,"[5.862098,2.05338,2.837657]",
8736,"[5.862098,2.053722,2.839666]",
8737,"[5.862098,2.053805,2.841727]",
8738,"[5.862098,2.053811,2.841875]",
8739,"[5.862098,2.053383,2.841596]",
8740,"[5.862098,2.051135,2.838151]",
8741,"[5.862098,2.048448,2.83473]",
8742,"[5.862098,2.042689,2.828518]",
8743,"[5.862098,2.040504,2.826119]",
8744,"[5.862098,2.039275,2.821502]",
8745,"[5.862098,2.039214,2.820339]",
8746,"[5.862098,2.040804,2.818781]",
8747,"[5.862098,2.042122,2.816912]",
8748,"[5.862098,2.043406,2.815024]",
8749,"[5.862098,2.046822,2.810593]",
8750,"[5.862098,2.048742,2.808911]",
8751,"[5.862098,2.052681,2.806577]",
8752,"[5.862098,2.05477,2.806179]",
8753,"[5.862098,2.058036,2.805937]",
8754,"[5.862098,2.05928,2.805013]",
8755,"[5.862098,2.061432,2.802849]",
8756,"[5.862098,2.062644,2.801564]",
8757,"[5.862098,2.063818,2.800606]",
8758,"[5.862098,2.06427,2.799634]",
8759,"[5.862098,2.065064,2.798126]",
8760,"[5.862098,2.066912,2.794999]",
8761,"[5.862098,2.067921,2.793237]",
8762,"[5.862098,2.06952,2.790247]",
8763,"[5.862098,2.070127,2.788707]",
8764,"[5.862098,2.070266,2.786232]",
8765,"[5.862098,2.070562,2.7794]",
8766,"[5.862098,2.070983,2.774754]",
8767,"[5.862098,2.07225,2.766108]",
8768,"[5.862098,2.073,2.762095]",
8769,"[5.857841,2.073739,2.756024]",
8770,"[5.608872,2.035902,2.74486]",
8771,"[5.608872,2.03565,2.742569]",
8772,"[5.608872,2.035258,2.739567]",
8773,"[5.608872,2.034811,2.73797]",
8774,"[5.608872,2.034243,2.734543]",
8775,"[5.608872,2.034128,2.732693]",
8776,"[5.608872,2.034041,2.732673]",
8777,"[5.608872,2.03397,2.732728]",
8778,"[5.608872,2.033968,2.732841]",
8779,"[5.608872,2.042242,2.734061]",
8780,"[5.608872,2.054479,2.736326]",
8781,"[5.608872,2.059263,2.737313]",
8782,"[5.608872,2.065993,2.73934]",
8783,"[5.608872,2.06926,2.740402]",
8784,"[5.608872,2.07126,2.741167]",
8785,"[5.608872,2.075382,2.742432]",
8786,"[5.608872,2.077813,2.74326]",
8787,"[5.608872,2.081573,2.745989]",
8788,"[5.95,2.150312,2.757792]",
8789,"[5.95,2.15143,2.7692]",
8790,"[5.95,2.149574,2.777504]",
8791,"[5.95,2.147961,2.790791]",
8792,"[5.95,2.145512,2.826011]",
8793,"[5.95,2.143094,2.848755]",
8794,"[5.95,2.135881,2.884215]",
8795,"[5.95,2.131784,2.907259]",
8796,"[5.95,2.129404,2.936881]",
8797,"[5.95,2.133685,3.133604]",
8798,"[5.95,2.13322,3.195332]",
8799,"[5.95,2.1499,3.30078]",
8800,"[5.95,2.154675,3.351105]",
8801,"[5.95,2.164632,3.399879]",
8802,"[5.95,2.167437,3.41282]",
8803,"[5.95,2.172028,3.490435]",
8804,"[5.95,2.172505,3.508028]",
8805,"[5.949999,2.171186,3.547726]",
8806,"[5.949999,2.160481,3.684086]",
8807,"[5.571568,2.070591,3.948784]",
8808,"[5.061063,1.968848,3.460605]",
8809,"[4.977139,1.927019,3.983464]",
8810,"[4.935404,1.919666,3.983448]",
8811,"[4.895287,1.912252,3.983433]",
8812,"[4.854464,1.90405,3.983415]",
8813,"[4.830144,1.896321,3.983399]",
8814,"[4.831146,1.8965,3.983399]",
8815,"[4.816374,1.892317,3.983391]",
8816,"[4.799166,1.887854,3.983382]",
8817,"[4.759358,1.875753,3.983356]",
8818,"[4.736771,1.868619,3.983341]",
8819,"[4.6949,1.859253,3.983321]",
8820,"[4.669394,1.85479,3.983312]",
8821,"[4.669913,1.854392,3.983311]",
8822,"[4.67632,1.852916,3.983308]",
8823,"[4.660824,1.853251,3.875882]",
8824,"[4.626966,1.851086,3.710819]",
8825,"[4.613128,1.847775,3.717926]",
8826,"[4.43309,1.824837,3.983249]",
8827,"[4.402846,1.824051,3.983248]",
8828,"[4.379928,1.823581,3.983247]",
8829,"[4.348641,1.825133,3.98325]",
8830,"[4.338669,1.825668,3.983251]",
8831,"[4.339408,1.825905,3.983252]",
8832,"[4.339451,1.825894,3.983252]",
8833,"[4.348887,1.82495,3.98325]",
8834,"[4.364283,1.823993,3.983248]",
8835,"[4.386454,1.823582,3.97987]",
8836,"[4.396155,1.823877,3.968083]",
8837,"[4.400043,1.823153,3.983246]",
8838,"[4.41678,1.826747,3.893018]",
8839,"[4.424916,1.828351,3.848453]",
8840,"[4.425926,1.825804,3.983252]",
8841,"[4.429286,1.826719,3.983253]",
8842,"[4.433383,1.827956,3.983256]",
8843,"[4.434741,1.828249,3.983257]",
8844,"[4.438201,1.828657,3.983258]",
8845,"[4.441021,1.829051,3.983258]",
8846,"[4.442755,1.8296,3.983259]",
8847,"[4.444883,1.830338,3.983261]",
8848,"[4.445559,1.83062,3.983262]",
8849,"[4.437917,1.823598,3.983247]",
8850,"[4.430814,1.816189,3.983231]",
8851,"[4.421482,1.807288,3.983213]",
8852,"[4.418508,1.804642,3.983207]",
8853,"[4.416045,1.802648,3.983203]",
8854,"[4.413673,1.800412,3.983198]",
8855,"[4.413543,1.79993,3.983197]",
8856,"[4.41444,1.799384,3.983196]",
8857,"[4.415246,1.799127,3.983196]",
8858,"[4.416503,1.798986,3.983195]",
8859,"[4.417135,1.799072,3.983196]",
8860,"[4.417711,1.799237,3.983196]",
8861,"[4.419171,1.800186,3.983198]",
8862,"[4.420142,1.801083,3.9832]",
8863,"[4.430501,1.788742,3.983174]",
8864,"[4.434684,1.784542,3.983165]",
8865,"[4.451939,1.722865,3.983036]",
8866,"[4.455233,1.710031,3.983009]",
8867,"[4.459052,1.697418,3.982983]",
8868,"[4.460725,1.693418,3.982974]",
8869,"[4.46176,1.687763,3.982962]",
8870,"[4.464168,1.680874,3.982948]",
8871,"[4.465119,1.67868,3.982943]",
8872,"[4.467659,1.676365,3.982939]",
8873,"[4.46988,1.675571,3.982937]",
8874,"[4.497823,1.702421,3.982993]",
8875,"[4.522534,1.749622,3.983092]",
8876,"[4.537355,1.775158,3.983145]",
8877,"[4.555563,1.801106,3.9832]",
8878,"[4.563875,1.810252,3.983219]",
8879,"[4.575995,1.820456,3.98324]",
8880,"[4.577713,1.821808,3.983243]",
8881,"[4.582958,1.824855,3.983249]",
8882,"[4.586758,1.826819,3.983253]",
8883,"[4.587901,1.827727,3.983255]",
8884,"[4.588686,1.828368,3.983257]",
8885,"[4.588768,1.828563,3.983257]",
8886,"[4.589843,1.829365,3.983259]",
8887,"[4.590199,1.82986,3.98326]",
8888,"[4.590714,1.830433,3.983261]",
8889,"[4.591334,1.831613,3.983263]",
8890,"[4.591479,1.832141,3.983265]",
8891,"[4.591925,1.8328,3.983266]",
8892,"[4.591929,1.832803,3.983266]",
8893,"[4.593162,1.832682,3.983266]",
8894,"[4.594679,1.832758,3.983266]",
8895,"[4.596995,1.832956,3.983266]",
8896,"[4.599642,1.833419,3.983267]",
8897,"[4.60008,1.833488,3.983268]",
8898,"[4.60153,1.833631,3.983268]",
8899,"[4.60695,1.833305,3.983267]",
8900,"[4.610479,1.833359,3.983267]",
8901,"[4.616617,1.833472,3.983268]",
8902,"[4.619226,1.833546,3.983268]",
8903,"[4.623516,1.833682,3.983268]",
8904,"[4.62415,1.833423,3.983267]",
8905,"[4.607169,1.829272,3.983259]",
8906,"[4.602852,1.827952,3.983256]",
8907,"[4.60441,1.828276,3.983257]",
8908,"[4.621615,1.831837,3.983264]",
8909,"[4.662096,1.838568,3.983278]",
8910,"[4.718386,1.84622,3.983294]",
8911,"[4.846522,1.863788,3.983331]",
8912,"[5.23354,1.974244,3.983562]",
8913,"[5.949999,2.14961,3.966678]",
8914,"[5.949999,2.152916,3.88435]",
8915,"[5.95,2.153179,3.33826]",
8916,"[5.95,2.153633,3.260427]",
8917,"[5.616,2.08239,2.931264]",
8918,"[5.608872,2.071069,2.662787]",
8919,"[5.608872,2.069547,2.624201]",
8920,"[5.560036,2.056324,2.524534]",
8921,"[5.587738,2.059718,2.472118]",
8922,"[5.584651,2.064546,2.401416]",
8923,"[5.584828,2.06542,2.405457]",
8924,"[5.58483,2.065485,2.405512]",
8925,"[5.585054,2.06605,2.410649]",
8926,"[5.585099,2.066163,2.411673]",
8927,"[5.586898,2.068208,2.452878]",
8928,"[5.587018,2.068175,2.455628]",
8929,"[5.588824,2.067075,2.496982]",
8930,"[5.559455,2.061662,2.528214]",
8931,"[5.559199,2.061466,2.535563]",
8932,"[5.559236,2.061407,2.534509]",
8933,"[5.559306,2.061074,2.532492]",
8934,"[5.583824,2.054844,2.382462]",
8935,"[5.582482,2.054401,2.351742]",
8936,"[5.580615,2.054107,2.308962]",
8937,"[5.579758,2.055978,2.289343]",
8938,"[5.578842,2.057704,2.268369]",
8939,"[5.578406,2.059968,2.25838]",
8940,"[5.578375,2.060633,2.257672]",
8941,"[5.577943,2.062673,2.247772]",
8942,"[5.577915,2.063044,2.247132]",
8943,"[5.577374,2.063284,2.234745]",
8944,"[5.576722,2.062231,2.219806]",
8945,"[5.646526,2.061923,1.848075]",
8946,"[5.640264,2.059005,1.815777]",
8947,"[5.634979,2.055931,1.788522]",
8948,"[5.627474,2.050211,1.749817]",
8949,"[5.701753,2.059292,1.664935]",
8950,"[5.674452,2.048221,1.663982]",
8951,"[5.666414,2.041929,1.663701]",
8952,"[5.636749,2.016285,1.662665]",
8953,"[5.61494,1.997532,1.661904]",
8954,"[5.609431,1.638336,1.661711]",
8955,"[5.60136,1.602679,1.661429]",
8956,"[5.592999,1.575411,1.661137]",
8957,"[5.606347,1.526863,1.661603]",
8958,"[5.605811,1.503014,1.661585]",
8959,"[5.613011,1.473287,1.661836]",
8960,"[5.621348,1.462777,1.662127]",
8961,"[5.632146,1.430327,1.662504]",
8962,"[5.64146,1.420133,1.66283]",
8963,"[5.647729,1.407622,1.663049]",
8964,"[5.658484,1.400109,1.663424]",
8965,"[5.668018,1.397741,1.663757]",
8966,"[5.683268,1.378815,1.66429]",
8967,"[5.692144,1.358269,1.6646]",
8968,"[5.750385,1.27162,1.666633]",
8969,"[5.705501,1.264227,1.7277]",
8970,"[5.65459,1.264227,1.783986]",
8971,"[5.624534,1.146959,1.911059]",
8972,"[5.624534,1.118359,1.932749]",
8973,"[5.624534,1.092793,1.95105]",
8974,"[5.624534,1.082767,1.958171]",
8975,"[5.624534,1.067382,1.974467]",
8976,"[5.624534,1.06857,1.981318]",
8977,"[5.645111,1.075566,1.981407]",
8978,"[5.652512,1.079722,1.981407]",
8979,"[5.655042,1.082505,1.981407]",
8980,"[5.624534,1.089262,1.960384]",
8981,"[5.624534,1.076439,1.937736]",
8982,"[5.624534,0.8784209,1.82699]",
8983,"[5.624534,0.8443368,1.812712]",
8984,"[5.624534,0.8094434,1.801327]",
8985,"[5.624534,0.8084629,1.800158]",
8986,"[5.624534,0.8073664,1.798835]",
8987,"[5.624534,0.8091261,1.796164]",
8988,"[5.624534,0.8102977,1.793775]",
8989,"[5.624534,0.8155811,1.787501]",
8990,"[5.624534,0.8227559,1.780018]",
8991,"[5.624534,0.8313455,1.767826]",
8992,"[5.624534,0.8349531,1.761271]",
8993,"[5.624534,0.8370166,1.755976]",
8994,"[5.624534,0.8416908,1.744709]",
8995,"[5.624534,0.8433645,1.738157]",
8996,"[5.624534,0.8471331,1.731144]",
8997,"[5.624534,0.8490351,1.728532]",
8998,"[5.624534,0.8531057,1.724263]",
8999,"[5.624534,0.8559597,1.722955]",
9000,"[5.624534,0.8638833,1.720495]",
9001,"[5.624534,0.8676455,1.719849]",
9002,"[5.624534,0.8724815,1.721014]",
9003,"[5.624534,0.8747392,1.722705]",
9004,"[5.624534,0.8767135,1.724377]",
9005,"[5.624534,0.8812962,1.72766]",
9006,"[5.624534,0.883698,1.729263]",
9007,"[5.624534,0.9417022,1.755952]",
9008,"[5.624534,0.9563234,1.762526]",
9009,"[5.624534,0.9838141,1.772619]",
9010,"[5.624534,0.9951735,1.776652]",
9011,"[5.624534,1.007047,1.781153]",
9012,"[5.624534,1.030715,1.790713]",
9013,"[5.624534,1.043216,1.796855]",
9014,"[5.624534,1.088965,1.832649]",
9015,"[5.624534,1.125339,1.870399]",
9016,"[5.581611,1.24514,2.01818]",
9017,"[5.574677,1.287765,2.092339]",
9018,"[5.59332,1.32484,2.173643]",
9019,"[5.95,1.274306,2.513639]",
9020,"[5.80015,1.365086,2.602851]",
9021,"[5.579213,1.483241,2.793454]",
9022,"[5.596014,1.484682,2.861023]",
9023,"[5.95,1.430406,3.223226]",
9024,"[5.95,1.464713,3.385719]",
9025,"[5.95,1.486269,3.537589]",
9026,"[5.949999,1.471813,3.922554]",
9027,"[4.644447,1.803191,3.983204]",
9028,"[4.550324,1.80874,3.983216]",
9029,"[4.444036,1.829348,3.983259]",
9030,"[4.280523,1.84447,3.98329]",
9031,"[4.199704,1.847865,3.983298]",
9032,"[4.064479,1.848219,4.238503]",
9033,"[4.094448,1.85108,3.947158]",
9034,"[4.122387,1.846825,3.969352]",
9035,"[4.257287,1.824044,3.983248]",
9036,"[4.269325,1.820376,3.98324]",
9037,"[4.276775,1.815032,3.983229]",
9038,"[4.277565,1.812763,3.983224]",
9039,"[4.30693,1.803889,3.983206]",
9040,"[4.302658,1.802589,3.983203]",
9041,"[4.293976,1.800747,3.983199]",
9042,"[4.281907,1.797965,3.983193]",
9043,"[4.276717,1.796722,3.983191]",
9044,"[4.272318,1.798116,3.983193]",
9045,"[4.2674,1.799163,3.983196]",
9046,"[4.271287,1.800569,3.983199]",
9047,"[4.281019,1.803378,3.983204]",
9048,"[4.286131,1.804991,3.983208]",
9049,"[4.310831,1.808116,3.983214]",
9050,"[4.316148,1.808772,3.983216]",
9051,"[4.339359,1.81006,3.983218]",
9052,"[4.345006,1.810805,3.98322]",
9053,"[4.351866,1.811175,3.983221]",
9054,"[4.354296,1.816273,3.983232]",
9055,"[4.355642,1.820075,3.983239]",
9056,"[4.35725,1.824507,3.983249]",
9057,"[4.358059,1.825831,3.983252]",
9058,"[4.361355,1.828906,3.983258]",
9059,"[4.363101,1.831416,3.983263]",
9060,"[4.368104,1.835821,3.983272]",
9061,"[4.372116,1.837945,3.983277]",
9062,"[4.384322,1.842761,3.983287]",
9063,"[4.39472,1.846446,3.983295]",
9064,"[4.406826,1.850212,3.983303]",
9065,"[4.439173,1.856633,3.983316]",
9066,"[4.457097,1.859032,3.983321]",
9067,"[4.489227,1.861554,3.983326]",
9068,"[4.508874,1.861734,3.983327]",
9069,"[4.538404,1.859012,3.983321]",
9070,"[4.571972,1.855111,3.983313]",
9071,"[4.663304,1.842445,3.983286]",
9072,"[4.761207,1.82549,3.983251]",
9073,"[4.858318,1.809461,3.983217]",
9074,"[5.056758,1.768531,3.983131]",
9075,"[5.211502,1.735359,3.983062]",
9076,"[5.507181,1.324468,3.982201]",
9077,"[5.5455,1.294068,3.9342]",
9078,"[5.95,1.087541,3.898849]",
9079,"[5.475825,1.344728,3.349392]",
9080,"[5.473243,1.344728,3.212498]",
9081,"[5.530795,1.233175,2.987296]",
9082,"[5.651136,0.8557899,2.108124]",
9083,"[5.640491,0.7534682,1.981407]",
9084,"[5.723239,0.3648688,1.476214]",
9085,"[5.478649,0.510372,1.476214]",
9086,"[5.385542,0.5637912,1.476213]",
9087,"[5.365076,0.481138,1.351693]",
9088,"[5.20917,0.5773456,1.366634]",
9089,"[5.206335,0.5773456,1.369098]",
9090,"[5.365076,0.3405198,1.18866]",
9091,"[5.365076,0.3619031,1.22693]",
9092,"[5.365076,0.4862263,1.418587]",
9093,"[5.365076,0.5176473,1.471579]",
9094,"[5.584722,0.3443892,1.476214]",
9095,"[5.434503,0.5760025,1.664723]",
9096,"[5.594818,0.4446997,1.661201]",
9097,"[5.563609,0.5639146,1.814007]",
9098,"[5.585782,0.5551229,1.833647]",
9099,"[5.644271,0.5326986,1.883808]",
9100,"[5.672367,0.5035995,1.886256]",
9101,"[5.582391,0.6484665,1.995836]",
9102,"[5.581961,0.6559409,2.008151]",
9103,"[5.582188,0.6593065,2.014048]",
9104,"[5.582409,0.6376044,1.995333]",
9105,"[5.95,0.193633,1.792428]",
9106,"[5.536727,0.5343048,1.876605]",
9107,"[5.513651,0.5393485,1.864977]",
9108,"[5.432264,0.622529,1.886712]",
9109,"[5.431955,0.622529,1.879137]",
9110,"[5.432536,0.622529,1.871387]",
9111,"[5.441895,0.622529,1.859574]",
9112,"[5.446211,0.622529,1.855957]",
9113,"[5.511162,0.5583124,1.824197]",
9114,"[5.528448,0.552475,1.837327]",
9115,"[5.568317,0.5733367,2.303803]",
9116,"[5.567341,0.5747594,2.33177]",
9117,"[5.563852,0.5730399,2.431683]",
9118,"[5.562435,0.5662462,2.47225]",
9119,"[5.561783,0.5598239,2.490938]",
9120,"[5.561185,0.5449062,2.508053]",
9121,"[5.561735,0.5314201,2.492294]",
9122,"[5.567308,0.4685388,2.332712]",
9123,"[5.569536,0.4422036,2.268895]",
9124,"[5.365076,0.4194397,1.27851]",
9125,"[4.801127,1.126532,1.518632]",
9126,"[4.669702,0.9925278,1.117673]",
9127,"[4.628181,1.091375,1.243946]",
9128,"[4.594514,1.091375,1.204418]",
9129,"[4.529586,1.197533,1.337389]",
9130,"[4.527688,1.199651,1.343447]",
9131,"[4.510346,1.235809,1.398784]",
9132,"[4.511903,1.235282,1.393816]",
9133,"[4.502858,1.256636,1.42268]",
9134,"[4.507123,1.247952,1.409071]",
9135,"[4.530843,1.194683,1.333378]",
9136,"[4.540747,1.169594,1.301774]",
9137,"[4.562722,1.091375,1.192143]",
9138,"[4.598933,1.091375,1.225365]",
9139,"[4.608644,1.091375,1.231371]",
9140,"[4.624163,1.091375,1.233967]",
9141,"[4.629533,1.091375,1.23116]",
9142,"[4.628376,1.091375,1.223746]",
9143,"[4.636371,1.091375,1.20475]",
9144,"[4.632129,1.091375,1.181983]",
9145,"[4.534114,1.29921,1.32294]",
9146,"[4.509891,1.363375,1.395124]",
9147,"[4.45902,1.363375,1.256615]",
9148,"[4.437363,1.363375,1.216337]",
9149,"[4.30133,1.075418,0.3340316]",
9150,"[4.300141,1.07266,0.3340316]",
9151,"[4.293932,1.070929,0.3340316]",
9152,"[4.282125,1.059771,0.3340316]",
9153,"[4.277074,1.052739,0.3340316]",
9154,"[4.284771,1.030056,0.3340316]",
9155,"[4.297213,1.021586,0.3340316]",
9156,"[4.417159,1.363375,1.259335]",
9157,"[4.280833,0.9977851,0.3340316]",
9158,"[4.259395,0.9934567,0.3340316]",
9159,"[3.80449,0.8631198,0.05000056]",
9160,"[3.380807,0.8455155,0.05000035]",
9161,"[3.211993,0.8430467,0.05000012]",
9162,"[3.15571,0.8368595,0.05000012]",
9163,"[3.094583,0.8242269,0.05000012]",
9164,"[3.077915,0.8166227,0.05000013]",
9165,"[3.076627,0.8087805,0.05000013]",
9166,"[3.312463,0.9619834,0.4372359]",
9167,"[3.326413,0.9619833,0.4522271]",
9168,"[3.349558,0.9619833,0.4785278]",
9169,"[3.360513,0.9619834,0.4919271]",
9170,"[3.384161,0.9619834,0.518518]",
9171,"[3.392482,0.9619834,0.5280353]",
9172,"[3.411435,0.9619834,0.5342019]",
9173,"[3.423156,0.9619835,0.5311154]",
9174,"[3.426749,0.9619834,0.5266179]",
9175,"[3.4309,0.9619834,0.5183771]",
9176,"[3.43092,0.9619834,0.5148676]",
9177,"[3.435654,0.9619835,0.5113625]",
9178,"[3.435225,0.9619834,0.5121585]",
9179,"[3.602842,0.8866075,0.6688008]",
9180,"[3.695027,0.6563807,0.6576757]",
9181,"[3.673777,0.5470456,0.5783222]",
9182,"[3.91581,0.8141154,1.025966]",
9183,"[3.917175,0.799417,1.025966]",
9184,"[3.916563,0.7754867,1.025966]",
9185,"[3.908206,0.7624402,1.025966]",
9186,"[3.89336,0.7477471,1.025966]",
9187,"[3.157522,0.6314668,1.089452]",
9188,"[3.147219,0.6406625,1.109422]",
9189,"[2.282787,0.6002311,1.360517]",
9190,"[2.246192,0.6002311,1.39032]",
9191,"[2.614273,0.8338389,1.677268]",
9192,"[2.632875,0.8585104,1.727503]",
9193,"[2.652015,0.875437,1.779181]",
9194,"[2.658495,0.8779798,1.796673]",
9195,"[2.673381,0.8848785,1.836854]",
9196,"[2.681413,0.8892506,1.858537]",
9197,"[2.683097,0.8906009,1.863082]",
9198,"[2.687921,0.8952555,1.876107]",
9199,"[2.689516,0.898296,1.880417]",
9200,"[2.693957,0.9035627,1.892407]",
9201,"[2.696297,0.9046162,1.898726]",
9202,"[2.701717,0.9060217,1.913354]",
9203,"[2.704772,0.9063098,1.921598]",
9204,"[2.702529,0.9039214,1.915542]",
9205,"[2.699684,0.9014884,1.907862]",
9206,"[2.69927,0.9011163,1.906744]",
9207,"[2.706759,0.9055647,1.926961]",
9208,"[2.714196,0.910481,1.949124]",
9209,"[2.377461,0.7100268,2.051039]",
9210,"[2.241386,0.6002312,2.222142]",
9211,"[2.347025,0.6298806,2.36049]",
9212,"[2.842995,0.8988907,2.405257]",
9213,"[2.855872,0.8988907,2.438853]",
9214,"[2.874405,0.8988907,2.474319]",
9215,"[2.87691,0.8988907,2.471947]",
9216,"[2.881069,0.8988907,2.476645]",
9217,"[2.883296,0.8988907,2.472893]",
9218,"[2.884948,0.8988907,2.477086]",
9219,"[2.884832,0.8988907,2.48517]",
9220,"[2.884209,0.8988907,2.496399]",
9221,"[2.881638,0.8988907,2.56705]",
9222,"[2.889081,0.8988907,2.606034]",
9223,"[2.364676,0.5806857,2.721181]",
9224,"[2.370553,0.5806857,2.732102]",
9225,"[2.379846,0.5806857,2.739418]",
9226,"[2.38322,0.5806857,2.738498]",
9227,"[2.382738,0.5806857,2.725168]",
9228,"[2.381657,0.5806857,2.719912]",
9229,"[2.379987,0.5806857,2.709899]",
9230,"[2.374794,0.5806857,2.68573]",
9231,"[2.901099,0.8988907,2.609912]",
9232,"[2.877644,0.8988907,2.532196]",
9233,"[2.869927,0.8988907,2.512604]",
9234,"[2.050001,0.5260117,2.151906]",
9235,"[2.050001,0.536136,2.117764]",
9236,"[2.050001,0.5429842,2.092656]",
9237,"[2.050001,0.5506904,2.061358]",
9238,"[2.050001,0.5529073,2.050918]",
9239,"[2.050001,0.5562005,2.037299]",
9240,"[2.050001,0.5564054,2.031586]",
9241,"[2.050001,0.5566261,2.015646]",
9242,"[2.050001,0.5556567,2.009865]",
9243,"[2.30452,0.689698,2.051039]",
9244,"[2.376655,0.7268263,2.051039]",
9245,"[2.397353,0.7370747,2.044284]",
9246,"[2.515515,0.7975662,2.046126]",
9247,"[2.537109,0.8078189,2.036001]",
9248,"[2.583798,0.8305445,2.013996]",
9249,"[2.61074,0.8440344,2.001219]",
9250,"[2.246665,0.6002311,1.175978]",
9251,"[2.386799,0.6760615,1.219594]",
9252,"[2.455907,0.7095871,1.192534]",
9253,"[2.523382,0.7476242,1.166129]",
9254,"[2.532524,0.7532055,1.162553]",
9255,"[2.547836,0.7630787,1.156565]",
9256,"[2.553461,0.7672455,1.154367]",
9257,"[2.552813,0.7700624,1.154631]",
9258,"[2.554237,0.7718444,1.154076]",
9259,"[2.554433,0.7727575,1.154002]",
9260,"[2.555476,0.7724629,1.153591]",
9261,"[2.555997,0.771543,1.153384]",
9262,"[2.554853,0.7686911,1.153825]",
9263,"[2.55344,0.7672849,1.154375]",
9264,"[2.537643,0.7562531,1.160551]",
9265,"[2.247808,0.6002311,1.200231]",
9266,"[2.241176,0.6002311,1.262603]",
9267,"[2.650093,0.8577289,1.77397]",
9268,"[2.676092,0.8793082,1.844163]",
9269,"[2.694536,0.8945316,1.893958]",
9270,"[2.698376,0.8980852,1.904326]",
9271,"[2.704516,0.903542,1.920905]",
9272,"[2.7064,0.9045704,1.92599]",
9273,"[2.707914,0.9048607,1.930076]",
9274,"[2.708054,0.9043221,1.930453]",
9275,"[2.706384,0.8999225,1.925941]",
9276,"[2.703701,0.8951927,1.918693]",
9277,"[2.556494,0.5806856,1.493065]",
9278,"[2.636967,0.5806856,1.433521]",
9279,"[3.093368,0.6996703,1.213801]",
9280,"[3.131137,0.6864849,1.140594]",
9281,"[3.14242,0.6826697,1.118724]",
9282,"[3.155297,0.680092,1.093765]",
9283,"[3.158782,0.6807088,1.087009]",
9284,"[3.158764,0.6813832,1.087044]",
9285,"[3.158261,0.6831965,1.088019]",
9286,"[3.157875,0.6840188,1.088768]",
9287,"[3.156137,0.6854187,1.092137]",
9288,"[3.155217,0.6861716,1.093919]",
9289,"[3.153154,0.6895886,1.097919]",
9290,"[3.152534,0.6904342,1.099121]",
9291,"[3.153383,0.6911829,1.097475]",
9292,"[3.160412,0.6953325,1.083851]",
9293,"[3.168798,0.7001103,1.067596]",
9294,"[3.201032,0.7119083,1.005117]",
9295,"[3.101097,0.600231,0.7899503]",
9296,"[3.127439,0.5770156,0.6029561]",
9297,"[3.276323,0.6682563,0.6029561]",
9298,"[3.595381,0.8657303,0.6755532]",
9299,"[3.66957,0.8732155,0.5742267]",
9300,"[4.088196,0.9980045,0.5383422]",
9301,"[4.794472,1.220598,0.641948]",
9302,"[5.218074,1.159639,0.3613786]",
9303,"[5.434239,1.235183,0.5600657]",
9304,"[5.57484,1.26833,0.6892986]",
9305,"[5.793533,1.260182,0.8903097]",
9306,"[5.950001,1.230235,0.9290987]",
9307,"[5.950001,1.269278,1.09593]",
9308,"[5.577649,1.454885,1.645578]",
9309,"[5.686014,1.438554,1.664385]",
9310,"[5.670174,1.469996,1.770256]",
9311,"[5.657336,1.481528,1.785506]",
9312,"[5.614317,1.518029,1.836612]",
9313,"[5.614587,1.526143,1.843153]",
9314,"[5.626125,1.533306,1.822584]",
9315,"[5.634473,1.563412,1.859892]",
9316,"[5.681523,1.582623,1.899498]",
9317,"[5.95,1.668004,2.344151]",
9318,"[5.95,1.672833,2.380307]",
9319,"[5.95,1.711312,2.75138]",
9320,"[5.95,1.711319,2.8338]",
9321,"[5.881219,1.724001,2.976659]",
9322,"[5.740443,1.749295,2.971743]",
9323,"[5.587296,1.770351,2.966395]",
9324,"[5.581058,1.77317,2.966177]",
9325,"[5.53406,1.77845,2.965467]",
9326,"[5.533707,1.780915,2.965649]",
9327,"[5.530719,1.784908,2.989852]",
9328,"[5.95,1.764664,3.38115]",
9329,"[5.95,1.768445,3.560357]",
9330,"[5.95,1.768827,3.696686]",
9331,"[5.511464,1.786052,3.983168]",
9332,"[5.284115,1.796514,3.98319]",
9333,"[5.136186,1.812059,3.983223]",
9334,"[5.07855,1.816454,3.983232]",
9335,"[5.021831,1.821564,3.983243]",
9336,"[5.01932,1.82262,3.983245]",
9337,"[5.019942,1.827348,3.983255]",
9338,"[5.020644,1.827759,3.983256]",
9339,"[5.017326,1.828266,3.983257]",
9340,"[4.860524,1.811507,3.983222]",
9341,"[4.796532,1.805732,3.983209]",
9342,"[4.643703,1.796087,3.983189]",
9343,"[4.59522,1.793265,3.983183]",
9344,"[4.537518,1.789247,3.983175]",
9345,"[4.514118,1.787065,3.98317]",
9346,"[4.515225,1.787048,3.98317]",
9347,"[4.532652,1.788729,3.983174]",
9348,"[4.537925,1.789361,3.983175]",
9349,"[4.581117,1.791387,3.983179]",
9350,"[4.58624,1.792354,3.983181]",
9351,"[4.604492,1.794032,3.983185]",
9352,"[4.629358,1.796747,3.983191]",
9353,"[4.638845,1.797522,3.983192]",
9354,"[4.655216,1.797016,3.983191]",
9355,"[4.662156,1.796473,3.98319]",
9356,"[4.683951,1.793605,3.983184]",
9357,"[4.688747,1.792882,3.983182]",
9358,"[4.693885,1.79211,3.983181]",
9359,"[4.688349,1.792381,3.983181]",
9360,"[4.681133,1.792787,3.983182]",
9361,"[4.678555,1.792996,3.983183]",
9362,"[4.676501,1.793191,3.983183]",
9363,"[4.677018,1.793187,3.983183]",
9364,"[4.677383,1.793134,3.983183]",
9365,"[4.678613,1.792779,3.983182]",
9366,"[4.679684,1.792496,3.983182]",
9367,"[4.684774,1.791855,3.98318]",
9368,"[4.688134,1.791655,3.98318]",
9369,"[4.79573,1.784113,3.983164]",
9370,"[4.811421,1.783318,3.983162]",
9371,"[4.915719,1.787254,3.983171]",
9372,"[4.966019,1.790235,3.983177]",
9373,"[4.9782,1.791456,3.98318]",
9374,"[4.994695,1.79353,3.983184]",
9375,"[5.001109,1.794225,3.983185]",
9376,"[5.008759,1.795432,3.983188]",
9377,"[5.012488,1.795888,3.983189]",
9378,"[5.016725,1.796198,3.983189]",
9379,"[5.026403,1.796594,3.98319]",
9380,"[5.029639,1.796103,3.983189]",
9381,"[5.03736,1.795422,3.983188]",
9382,"[5.038881,1.795867,3.983189]",
9383,"[5.041836,1.796975,3.983191]",
9384,"[5.042861,1.797534,3.983192]",
9385,"[5.043624,1.798382,3.983194]",
9386,"[5.043649,1.798845,3.983195]",
9387,"[5.04371,1.79918,3.983196]",
9388,"[4.910803,1.7764,3.983148]",
9389,"[4.885299,1.771866,3.983139]",
9390,"[4.86306,1.768699,3.983132]",
9391,"[4.856829,1.768212,3.983131]",
9392,"[4.848947,1.766256,3.983127]",
9393,"[4.846805,1.765577,3.983125]",
9394,"[4.845269,1.765113,3.983124]",
9395,"[4.842899,1.764291,3.983123]",
9396,"[4.841908,1.763875,3.983122]",
9397,"[4.839852,1.763339,3.983121]",
9398,"[4.837593,1.762695,3.983119]",
9399,"[4.83531,1.762185,3.983118]",
9400,"[4.834702,1.762096,3.983118]",
9401,"[4.833988,1.762053,3.983118]",
9402,"[4.830908,1.761962,3.983118]",
9403,"[4.830256,1.761972,3.983118]",
9404,"[4.829687,1.762024,3.983118]",
9405,"[4.89121,1.77108,3.983137]",
9406,"[4.951265,1.780295,3.983156]",
9407,"[4.970475,1.783409,3.983163]",
9408,"[4.989918,1.787834,3.983172]",
9409,"[4.996525,1.789941,3.983176]",
9410,"[5.001692,1.791744,3.98318]",
9411,"[5.009666,1.794441,3.983186]",
9412,"[5.0123,1.795369,3.983188]",
9413,"[5.016304,1.797387,3.983192]",
9414,"[5.01827,1.798475,3.983194]",
9415,"[5.021459,1.798164,3.983194]",
9416,"[5.023707,1.797781,3.983193]",
9417,"[4.964573,1.792539,3.983182]",
9418,"[4.93145,1.790696,3.983178]",
9419,"[4.914936,1.791021,3.983179]",
9420,"[4.898172,1.79085,3.983178]",
9421,"[4.893566,1.790794,3.983178]",
9422,"[4.888772,1.791354,3.983179]",
9423,"[4.88894,1.791577,3.98318]",
9424,"[4.902761,1.791155,3.983179]",
9425,"[4.923224,1.790398,3.983177]",
9426,"[4.962317,1.790511,3.983177]",
9427,"[5.136129,1.788798,3.983174]",
9428,"[5.257132,1.780036,3.983155]",
9429,"[5.949999,1.690835,3.990359]",
9430,"[5.949999,1.685579,3.766509]",
9431,"[5.95,1.617466,3.32285]",
9432,"[5.569502,1.654624,2.884559]",
9433,"[5.560992,1.607327,2.589289]",
9434,"[5.560559,1.597,2.522917]",
9435,"[5.659399,1.494135,1.979]",
9436,"[5.652275,1.476065,1.874878]",
9437,"[5.660293,1.391649,1.663487]",
9438,"[5.950001,1.065577,0.9993807]",
9439,"[5.950001,0.9601992,0.7807442]",
9440,"[5.452752,1.083891,1.048156]",
9441,"[5.370266,1.053142,1.00781]",
9442,"[5.050212,1.3182,1.503349]",
9443,"[5.370266,0.9614628,0.9659512]",
9444,"[5.370266,0.9649588,0.9975891]",
9445,"[5.4979,0.9076476,1.048156]",
9446,"[5.507577,0.9005975,1.073137]",
9447,"[5.580982,0.9005975,1.224363]",
9448,"[5.681092,0.9005975,1.397393]",
9449,"[5.690077,0.9005975,1.47022]",
9450,"[5.601752,1.023693,1.661443]",
9451,"[5.624534,1.014768,1.68746]",
9452,"[5.624534,1.017156,1.76049]",
9453,"[5.624534,1.01372,1.786219]",
9454,"[5.624534,0.8982514,1.875515]",
9455,"[5.624534,0.8757359,1.89468]",
9456,"[5.624534,0.8357865,1.921087]",
9457,"[5.624534,0.8315015,1.926917]",
9458,"[5.624534,0.8149573,1.937399]",
9459,"[5.624534,0.8007751,1.942017]",
9460,"[5.624534,0.7744761,1.950014]",
9461,"[5.624534,0.726663,1.962309]",
9462,"[5.624534,0.6929348,1.971758]",
9463,"[5.619711,0.408,1.907286]",
9464,"[5.424126,0.622529,1.995966]",
9465,"[5.423409,0.5417594,1.98242]",
9466,"[5.423551,0.5063947,1.978357]",
9467,"[5.4237,0.4976367,1.974087]",
9468,"[5.423866,0.486594,1.969328]",
9469,"[5.423888,0.4868019,1.968696]",
9470,"[5.42395,0.4892849,1.96693]",
9471,"[5.423974,0.4902786,1.96624]",
9472,"[5.42411,0.4928425,1.962334]",
9473,"[5.424314,0.5059575,1.956502]",
9474,"[5.424325,0.5204094,1.956208]",
9475,"[5.424282,0.5417993,1.95742]",
9476,"[5.424168,0.5527219,1.96068]",
9477,"[5.423302,0.5890716,1.985485]",
9478,"[5.422593,0.6039281,2.0058]",
9479,"[5.789498,0.1,1.947614]",
9480,"[5.562093,0.4821381,2.482046]",
9481,"[5.472352,0.622529,2.536343]",
9482,"[5.474962,0.622529,2.567491]",
9483,"[5.475354,0.622529,2.591288]",
9484,"[5.475276,0.622529,2.628388]",
9485,"[5.475051,0.622529,2.628954]",
9486,"[5.474369,0.622529,2.630843]",
9487,"[5.476286,0.622529,2.623801]",
9488,"[5.485254,0.622529,2.591395]",
9489,"[5.490932,0.622529,2.576867]",
9490,"[5.506705,0.622529,2.53369]",
9491,"[5.559705,0.5592913,2.525558]",
9492,"[5.561236,0.5692897,2.506595]",
9493,"[5.562042,0.5842229,2.483497]",
9494,"[5.562274,0.5892028,2.476878]",
9495,"[5.562502,0.592614,2.470335]",
9496,"[5.562623,0.5934578,2.466882]",
9497,"[5.563012,0.5968222,2.45574]",
9498,"[5.588291,0.6622186,2.208923]",
9499,"[5.598109,0.6622185,2.180288]",
9500,"[5.624534,0.934729,1.796406]",
9501,"[5.624534,0.9391348,1.793542]",
9502,"[5.624534,0.9566322,1.772035]",
9503,"[5.624534,0.9594067,1.76409]",
9504,"[5.624534,0.9579365,1.753214]",
9505,"[5.624534,0.9528615,1.751018]",
9506,"[5.624534,0.9455097,1.749088]",
9507,"[5.624534,0.718035,1.842116]",
9508,"[5.624534,0.6673078,1.859629]",
9509,"[5.572169,0.2024841,2.19352]",
9510,"[5.571527,0.1544143,2.211877]",
9511,"[5.559604,0.1,2.245487]",
9512,"[5.557506,0.1,2.251676]",
9513,"[5.558803,0.1,2.259964]",
9514,"[5.560872,0.0999999,2.260324]",
9515,"[5.569748,0.1207425,2.26283]",
9516,"[5.5696,0.1523783,2.267088]",
9517,"[5.568435,0.2592994,2.300442]",
9518,"[5.567463,0.3469563,2.328257]",
9519,"[5.567203,0.3693062,2.33572]",
9520,"[5.566913,0.4096582,2.344016]",
9521,"[5.566819,0.4320133,2.346709]",
9522,"[5.566788,0.4781013,2.347602]",
9523,"[5.566676,0.5341083,2.350815]",
9524,"[5.566647,0.5497627,2.351636]",
9525,"[5.566621,0.5683843,2.352374]",
9526,"[5.566606,0.5734032,2.352808]",
9527,"[5.566603,0.5786825,2.352907]",
9528,"[5.566592,0.5786693,2.353214]",
9529,"[5.566541,0.5771015,2.354688]",
9530,"[5.566501,0.5772712,2.355829]",
9531,"[5.56644,0.5778341,2.357574]",
9532,"[5.566364,0.5826654,2.359745]",
9533,"[5.566342,0.5838549,2.360363]",
9534,"[5.566328,0.5903289,2.360784]",
9535,"[5.566359,0.5942166,2.35988]",
9536,"[5.566432,0.6032809,2.357801]",
9537,"[5.566473,0.6133271,2.356627]",
9538,"[5.566508,0.6224425,2.35563]",
9539,"[5.569932,0.6351813,2.352649]",
9540,"[5.569971,0.6399883,2.351522]",
9541,"[5.570042,0.6456879,2.349478]",
9542,"[5.570094,0.6441777,2.347986]",
9543,"[5.570158,0.6425871,2.346153]",
9544,"[5.570195,0.6405402,2.345101]",
9545,"[5.570194,0.6407085,2.345123]",
9546,"[5.56767,0.6189857,2.322351]",
9547,"[5.568105,0.604332,2.309895]",
9548,"[5.568637,0.5870918,2.294639]",
9549,"[5.568825,0.5810294,2.289265]",
9550,"[5.569044,0.5729123,2.282998]",
9551,"[5.569114,0.5695027,2.281006]",
9552,"[5.569252,0.5627388,2.277049]",
9553,"[5.569289,0.5607099,2.275985]",
9554,"[5.56929,0.5603607,2.275948]",
9555,"[5.569299,0.5592783,2.275689]",
9556,"[5.569307,0.5583442,2.275467]",
9557,"[5.569309,0.5573007,2.275406]",
9558,"[5.569307,0.5569072,2.27547]",
9559,"[5.569302,0.555747,2.275625]",
9560,"[5.569309,0.5550618,2.275401]",
9561,"[5.569314,0.5546595,2.275264]",
9562,"[5.569319,0.5543842,2.275119]",
9563,"[5.56932,0.5545222,2.275102]",
9564,"[5.569283,0.5565032,2.276138]",
9565,"[5.566419,0.5780619,2.358166]",
9566,"[5.565209,0.5922437,2.392811]",
9567,"[5.56187,0.6073669,2.488444]",
9568,"[5.56118,0.6125301,2.508199]",
9569,"[5.55935,0.6215374,2.531235]",
9570,"[5.559039,0.6247211,2.540143]",
9571,"[5.559742,0.6231825,2.549467]",
9572,"[5.950001,0.1571456,2.636036]",
9573,"[5.950001,0.1567702,2.646478]",
9574,"[5.950001,0.1560573,2.649119]",
9575,"[5.950001,0.1548451,2.654627]",
9576,"[5.950001,0.1543706,2.657926]",
9577,"[5.950001,0.1524371,2.659926]",
9578,"[5.950001,0.1498983,2.66711]",
9579,"[5.950001,0.1484009,2.672759]",
9580,"[5.950001,0.1407521,2.714944]",
9581,"[5.763822,0.3648894,2.67837]",
9582,"[5.713096,0.4219806,2.69072]",
9583,"[5.712479,0.4214955,2.703225]",
9584,"[5.712183,0.4212291,2.708833]",
9585,"[5.711825,0.4208561,2.715132]",
9586,"[5.711665,0.4205819,2.716788]",
9587,"[5.711662,0.4206323,2.717422]",
9588,"[5.711625,0.4205151,2.717223]",
9589,"[5.711155,0.4192275,2.716979]",
9590,"[5.710628,0.4177623,2.716476]",
9591,"[5.709836,0.4156501,2.716664]",
9592,"[5.709392,0.4145204,2.717372]",
9593,"[5.708834,0.4130385,2.717561]",
9594,"[5.70767,0.4097378,2.715754]",
9595,"[5.7069,0.4076624,2.715724]",
9596,"[5.705675,0.4040629,2.712481]",
9597,"[5.705328,0.4030217,2.711329]",
9598,"[5.704447,0.4002892,2.707469]",
9599,"[5.703506,0.3974635,2.704353]",
9600,"[5.70173,0.3923455,2.700709]",
9601,"[5.700882,0.3899305,2.699287]",
9602,"[5.700155,0.3878725,2.698201]",
9603,"[5.507041,0.622529,2.633837]",
9604,"[5.506341,0.622529,2.630651]",
9605,"[5.506111,0.622529,2.627687]",
9606,"[5.506551,0.622529,2.626605]",
9607,"[5.506709,0.622529,2.624533]",
9608,"[5.507026,0.622529,2.616341]",
9609,"[5.506691,0.622529,2.613847]",
9610,"[5.504725,0.622529,2.611495]",
9611,"[5.503569,0.622529,2.610955]",
9612,"[5.502346,0.622529,2.610469]",
9613,"[5.502105,0.622529,2.610312]",
9614,"[5.503463,0.622529,2.609]",
9615,"[5.505165,0.622529,2.607236]",
9616,"[5.50703,0.622529,2.605075]",
9617,"[5.939997,0.1,2.686739]",
9618,"[5.942696,0.1,2.678868]",
9619,"[5.943117,0.1,2.660171]",
9620,"[5.943052,0.1,2.650458]",
9621,"[5.563988,0.566497,2.427779]",
9622,"[5.564994,0.5667947,2.39898]",
9623,"[5.566228,0.5682646,2.363646]",
9624,"[5.566674,0.5693177,2.350856]",
9625,"[5.567028,0.5698646,2.340738]",
9626,"[5.567443,0.5712678,2.32884]",
9627,"[5.56759,0.5708899,2.324645]",
9628,"[5.568,0.5686976,2.312881]",
9629,"[5.568053,0.5676693,2.311386]",
9630,"[5.568173,0.5650609,2.307929]",
9631,"[5.568217,0.5637559,2.306666]",
9632,"[5.568229,0.5632744,2.306339]",
9633,"[5.568292,0.5610437,2.30454]",
9634,"[5.56829,0.5606173,2.304586]",
9635,"[5.56825,0.5601079,2.305735]",
9636,"[5.56823,0.5599994,2.306301]",
9637,"[5.56822,0.559819,2.306596]",
9638,"[5.56821,0.5595989,2.306879]",
9639,"[5.568556,0.5520792,2.296959]",
9640,"[5.568691,0.5491987,2.293105]",
9641,"[5.568786,0.5475137,2.290386]",
9642,"[5.568913,0.5454561,2.286729]",
9643,"[5.568956,0.5446863,2.285502]",
9644,"[5.569011,0.5444396,2.283952]",
9645,"[5.569047,0.5446431,2.282898]",
9646,"[5.569148,0.5467067,2.280016]",
9647,"[5.569179,0.548438,2.279124]",
9648,"[5.569213,0.5506065,2.278161]",
9649,"[5.569269,0.5519694,2.276542]",
9650,"[5.569305,0.5527049,2.275509]",
9651,"[5.569349,0.5530007,2.274272]",
9652,"[5.569373,0.5537512,2.273588]",
9653,"[5.56941,0.5565556,2.2725]",
9654,"[5.569397,0.5579121,2.272874]",
9655,"[5.569387,0.5591147,2.273165]",
9656,"[5.56939,0.5590003,2.273086]",
9657,"[5.569393,0.5588771,2.272999]",
9658,"[5.569483,0.5594206,2.270413]",
9659,"[5.569571,0.5617014,2.267917]",
9660,"[5.569724,0.5651015,2.263523]",
9661,"[5.569779,0.5663403,2.261949]",
9662,"[5.569872,0.5688924,2.25928]",
9663,"[5.569884,0.5695186,2.25894]",
9664,"[5.569895,0.5700496,2.258636]",
9665,"[5.569902,0.5698739,2.25843]",
9666,"[5.569902,0.5698153,2.258432]",
9667,"[5.569898,0.5692055,2.258535]",
9668,"[5.569895,0.5685328,2.258632]",
9669,"[5.569893,0.567483,2.258694]",
9670,"[5.562527,0.5760568,2.261008]",
9671,"[5.558136,0.5812169,2.262371]",
9672,"[5.549308,0.5953249,2.273998]",
9673,"[5.545368,0.6038358,2.282299]",
9674,"[5.542475,0.622529,2.294226]",
9675,"[5.553731,0.622529,2.296782]",
9676,"[5.775835,0.4003637,2.250717]",
9677,"[5.571542,0.635824,2.306533]",
9678,"[5.571462,0.6581745,2.312539]",
9679,"[5.574092,0.6621495,2.314092]",
9680,"[5.581594,0.6622186,2.314392]",
9681,"[5.594392,0.6622186,2.313413]",
9682,"[5.604784,0.6622186,2.311878]",
9683,"[5.61199,0.6622186,2.309989]",
9684,"[5.61471,0.6622186,2.309118]",
9685,"[5.618439,0.6622186,2.307945]",
9686,"[5.619359,0.6622186,2.307707]",
9687,"[5.615909,0.6622186,2.308137]",
9688,"[5.611554,0.6622186,2.309024]",
9689,"[5.603105,0.6622185,2.310459]",
9690,"[5.589037,0.6622186,2.313415]",
9691,"[5.581752,0.6622186,2.314913]",
9692,"[5.571227,0.648957,2.315536]",
9693,"[5.571277,0.6353354,2.314124]",
9694,"[5.946267,0.1,2.209817]",
9695,"[5.921309,0.1,2.21018]",
9696,"[5.89555,0.1,2.209908]",
9697,"[5.817975,0.1,2.212489]",
9698,"[5.780231,0.1,2.212944]",
9699,"[5.406588,0.4259152,2.269193]",
9700,"[5.385054,0.4253926,2.267799]",
9701,"[5.353124,0.4259996,2.26743]",
9702,"[5.341392,0.4280523,2.26954]",
9703,"[5.331967,0.4301952,2.271842]",
9704,"[5.321552,0.4339066,2.276035]",
9705,"[5.313031,0.4368056,2.279296]",
9706,"[5.294888,0.4421498,2.285224]",
9707,"[5.283617,0.4448576,2.288155]",
9708,"[5.191275,0.622529,2.321912]",
9709,"[5.187984,0.622529,2.320982]",
9710,"[5.184812,0.622529,2.317547]",
9711,"[5.184083,0.622529,2.314908]",
9712,"[5.182919,0.622529,2.312024]",
9713,"[5.181637,0.622529,2.306485]",
9714,"[5.182398,0.622529,2.304052]",
9715,"[5.183394,0.622529,2.300442]",
9716,"[5.183654,0.622529,2.299031]",
9717,"[5.185546,0.622529,2.296269]",
9718,"[5.187584,0.622529,2.296883]",
9719,"[5.189624,0.622529,2.297353]",
9720,"[5.192984,0.622529,2.298246]",
9721,"[5.194831,0.622529,2.298956]",
9722,"[5.196576,0.622529,2.300856]",
9723,"[5.197495,0.622529,2.301813]",
9724,"[5.283491,0.4313104,2.271518]",
9725,"[5.288372,0.4321806,2.272757]",
9726,"[5.293038,0.4326948,2.273551]",
9727,"[5.298627,0.4340739,2.27544]",
9728,"[5.299618,0.4349639,2.276567]",
9729,"[5.281695,0.458975,2.30542]",
9730,"[5.271184,0.4676514,2.315706]",
9731,"[5.198813,0.622529,2.341767]",
9732,"[5.196005,0.622529,2.344439]",
9733,"[5.190699,0.622529,2.348174]",
9734,"[5.187831,0.622529,2.349712]",
9735,"[5.184901,0.622529,2.351093]",
9736,"[5.181655,0.622529,2.352574]",
9737,"[5.18049,0.622529,2.352792]",
9738,"[5.182539,0.622529,2.348312]",
9739,"[5.183424,0.622529,2.345723]",
9740,"[5.185066,0.622529,2.340351]",
9741,"[5.184637,0.622529,2.34018]",
9742,"[5.185499,0.622529,2.337244]",
9743,"[5.185184,0.622529,2.337059]",
9744,"[5.184785,0.622529,2.336862]",
9745,"[5.184394,0.622529,2.337198]",
9746,"[5.184335,0.622529,2.337576]",
9747,"[5.183813,0.622529,2.338218]",
9748,"[5.18343,0.622529,2.338641]",
9749,"[5.182614,0.622529,2.339192]",
9750,"[5.184042,0.622529,2.337191]",
9751,"[5.184144,0.622529,2.337248]",
9752,"[5.184097,0.622529,2.337188]",
9753,"[5.184926,0.622529,2.335489]",
9754,"[5.184091,0.622529,2.335043]",
9755,"[5.183424,0.622529,2.334682]",
9756,"[5.181736,0.622529,2.333681]",
9757,"[5.183174,0.622529,2.330355]",
9758,"[5.193844,0.622529,2.324749]",
9759,"[5.259974,0.4688448,2.316779]",
9760,"[5.265208,0.4663827,2.313939]",
9761,"[5.283924,0.4605288,2.307406]",
9762,"[5.291465,0.4582245,2.30484]",
9763,"[5.309891,0.4549275,2.301436]",
9764,"[5.318638,0.4543021,2.300973]",
9765,"[5.331505,0.4531992,2.300069]",
9766,"[5.336792,0.4526556,2.299586]",
9767,"[5.340374,0.4518961,2.298779]",
9768,"[5.345309,0.4506832,2.297462]",
9769,"[5.346781,0.4502731,2.297009]",
9770,"[5.349551,0.4494464,2.296091]",
9771,"[5.350863,0.4490207,2.295614]",
9772,"[5.354599,0.4474405,2.293805]",
9773,"[5.356697,0.4466327,2.292886]",
9774,"[5.35945,0.4455905,2.291703]",
9775,"[5.365581,0.4438595,2.289792]",
9776,"[5.368834,0.4431268,2.289006]",
9777,"[5.373979,0.4420372,2.287848]",
9778,"[5.376424,0.4415938,2.287389]",
9779,"[5.380113,0.4412481,2.287093]",
9780,"[5.380828,0.4412495,2.28712]",
9781,"[5.381525,0.4413226,2.287234]",
9782,"[5.382335,0.441729,2.287761]",
9783,"[5.382536,0.442059,2.288173]",
9784,"[5.382797,0.4425017,2.288726]",
9785,"[5.383163,0.4426901,2.28897]",
9786,"[5.384292,0.4429784,2.289363]",
9787,"[5.384936,0.4430968,2.289531]",
9788,"[5.38632,0.4428778,2.289311]",
9789,"[5.387088,0.4425234,2.288903]",
9790,"[5.38761,0.4421443,2.288455]",
9791,"[5.388817,0.4415575,2.287777]",
9792,"[5.389407,0.441348,2.28754]",
9793,"[5.39077,0.4412054,2.287413]",
9794,"[5.39109,0.4419642,2.288356]",
9795,"[5.39211,0.4426497,2.289233]",
9796,"[5.39316,0.44259,2.289196]",
9797,"[5.394111,0.4423969,2.288992]",
9798,"[5.396422,0.442273,2.288921]",
9799,"[5.395995,0.4431878,2.290029]",
9800,"[5.395106,0.4430154,2.289787]",
9801,"[5.394409,0.4427816,2.289475]",
9802,"[5.387846,0.4407669,2.286772]",
9803,"[5.383565,0.4392985,2.28482]",
9804,"[5.378621,0.4384975,2.283664]",
9805,"[5.371926,0.4374397,2.282132]",
9806,"[5.368799,0.4376439,2.282273]",
9807,"[5.364549,0.437553,2.282013]",
9808,"[5.363442,0.4371743,2.28151]",
9809,"[5.361218,0.436211,2.280249]",
9810,"[5.359261,0.4357947,2.27967]",
9811,"[5.356271,0.4350432,2.278643]",
9812,"[5.354741,0.4343706,2.277763]",
9813,"[5.352147,0.4333601,2.276432]",
9814,"[5.350923,0.4329611,2.2759]",
9815,"[5.349554,0.4326077,2.275418]",
9816,"[5.346871,0.4324517,2.275133]",
9817,"[5.345869,0.4323832,2.275014]",
9818,"[5.344724,0.4326244,2.27527]",
9819,"[5.34443,0.4328723,2.275564]",
9820,"[5.344241,0.4333767,2.276177]",
9821,"[5.344219,0.4337313,2.276611]",
9822,"[5.344016,0.4341117,2.277071]",
9823,"[5.343725,0.4347754,2.277876]",
9824,"[5.343685,0.4350395,2.278199]",
9825,"[5.344033,0.4353463,2.278587]",
9826,"[5.344392,0.4353839,2.278646]",
9827,"[5.346495,0.4348733,2.278093]",
9828,"[5.347661,0.4344214,2.277578]",
9829,"[5.353228,0.4323098,2.27518]",
9830,"[5.359983,0.4293352,2.271764]",
9831,"[5.362731,0.4280174,2.270242]",
9832,"[5.367289,0.4259172,2.267823]",
9833,"[5.369677,0.4249402,2.266707]",
9834,"[5.373678,0.4231968,2.264706]",
9835,"[5.374605,0.4226246,2.264036]",
9836,"[5.379575,0.4139692,2.262103]",
9837,"[5.372309,0.4312968,2.26349]",
9838,"[5.322339,0.5446681,2.273814]",
9839,"[5.520879,0.1,2.231853]",
9840,"[5.521287,0.1000001,2.231556]",
9841,"[5.310578,0.5737581,2.275778]",
9842,"[5.30986,0.5777355,2.275713]",
9843,"[5.309736,0.5800675,2.275777]",
9844,"[5.527326,0.1,2.23141]",
9845,"[5.528648,0.1,2.232195]",
9846,"[5.53177,0.1,2.234075]",
9847,"[5.53302,0.1,2.234798]",
9848,"[5.534202,0.1,2.23513]",
9849,"[5.536358,0.1,2.235675]",
9850,"[5.537339,0.1000001,2.23592]",
9851,"[5.537123,0.1,2.235917]",
9852,"[5.537178,0.1,2.235785]",
9853,"[5.537501,0.1,2.235591]",
9854,"[5.537406,0.1,2.235443]",
9855,"[5.536603,0.1,2.234974]",
9856,"[5.535869,0.1,2.23453]",
9857,"[5.508167,0.1,2.250184]",
9858,"[5.500823,0.1,2.25381]",
9859,"[5.481763,0.1,2.260277]",
9860,"[5.475676,0.1,2.2628]",
9861,"[5.471045,0.1,2.264687]",
9862,"[5.463762,0.1,2.26836]",
9863,"[5.461287,0.1,2.270016]",
9864,"[5.45951,0.1,2.272195]",
9865,"[5.458487,0.1,2.274462]",
9866,"[5.457097,0.1,2.278029]",
9867,"[5.456256,0.1,2.280028]",
9868,"[5.455144,0.1,2.283285]",
9869,"[5.454868,0.1000001,2.284829]",
9870,"[5.454655,0.1,2.286126]",
9871,"[5.451981,0.1,2.288769]",
9872,"[5.451071,0.1,2.289479]",
9873,"[5.449279,0.1,2.290531]",
9874,"[5.448402,0.1,2.290907]",
9875,"[5.44687,0.1,2.290946]",
9876,"[5.446033,0.1,2.290609]",
9877,"[5.444481,0.1,2.290478]",
9878,"[5.438328,0.1,2.290005]",
9879,"[5.432486,0.0999999,2.289334]",
9880,"[5.413786,0.0999999,2.290254]",
9881,"[5.40137,0.1,2.291797]",
9882,"[5.382368,0.1,2.294693]",
9883,"[5.377701,0.1,2.296477]",
9884,"[5.372606,0.0999999,2.291868]",
9885,"[5.369352,0.1,2.289163]",
9886,"[5.365283,0.1,2.286315]",
9887,"[5.361156,0.1,2.278731]",
9888,"[5.362638,0.0999999,2.274601]",
9889,"[5.367504,0.1,2.266833]",
9890,"[5.36938,0.1,2.266685]",
9891,"[5.371709,0.1000001,2.266283]",
9892,"[5.379641,0.1,2.276036]",
9893,"[5.385697,0.1,2.282573]",
9894,"[5.398105,0.1,2.295673]",
9895,"[5.40259,0.1,2.299598]",
9896,"[5.410948,0.1,2.305699]",
9897,"[5.415401,0.1,2.30996]",
9898,"[5.423242,0.1,2.315995]",
9899,"[5.434591,0.1,2.328928]",
9900,"[5.466589,0.1,2.381459]",
9901,"[5.494969,0.1,2.458831]",
9902,"[5.484615,0.2035465,2.531951]",
9903,"[5.446183,0.4496257,2.732755]",
9904,"[5.469997,0.6238913,2.994218]",
9905,"[5.426188,0.7287525,3.100971]",
9906,"[5.373043,0.8290707,3.149844]",
9907,"[5.285087,0.9761716,3.131651]",
9908,"[5.266414,1.01276,3.220258]",
9909,"[5.254248,1.046928,3.277991]",
9910,"[5.234281,1.100498,3.372744]",
9911,"[5.456403,0.7959195,4.478666]",
9912,"[5.288116,1.084182,4.478677]",
9913,"[5.17011,1.244716,3.929501]",
9914,"[4.55878,2.099816,3.983825]",
9915,"[4.546466,2.096836,3.983819]",
9916,"[4.523643,2.088407,3.983801]",
9917,"[4.440146,1.958323,3.983529]",
9918,"[4.407297,1.901776,3.983411]",
9919,"[4.395222,1.764224,3.983122]",
9920,"[4.379751,1.729714,3.98305]",
9921,"[4.394766,1.649199,3.982882]",
9922,"[4.426786,1.624242,3.982829]",
9923,"[4.437091,1.613966,3.982808]",
9924,"[4.45803,1.604432,3.982788]",
9925,"[4.46627,1.60232,3.982783]",
9926,"[4.486129,1.598329,3.982775]",
9927,"[4.497876,1.601648,3.982782]",
9928,"[4.501529,1.602406,3.982784]",
9929,"[4.509712,1.60342,3.982786]",
9930,"[4.508845,1.606283,3.982792]",
9931,"[4.502947,1.608738,3.982797]",
9932,"[4.437441,1.635237,3.982852]",
9933,"[4.359782,1.650293,3.982884]",
9934,"[4.326602,1.654532,3.982893]",
9935,"[4.299985,1.656858,3.982898]",
9936,"[4.288717,1.656377,3.982897]",
9937,"[4.270271,1.653113,3.98289]",
9938,"[4.269073,1.651482,3.982886]",
9939,"[4.272418,1.651228,3.982886]",
9940,"[4.289659,1.648282,3.98288]",
9941,"[4.29875,1.645816,3.982874]",
9942,"[4.31766,1.642946,3.982868]",
9943,"[4.327056,1.642646,3.982868]",
9944,"[4.362645,1.648365,3.98288]",
9945,"[4.374584,1.648414,3.98288]",
9946,"[4.397615,1.647636,3.982878]",
9947,"[4.44034,1.64384,3.98287]",
9948,"[4.468021,1.636816,3.982856]",
9949,"[4.568815,1.616389,3.982813]",
9950,"[4.627171,1.586281,3.98275]",
9951,"[4.752202,1.527262,3.982626]",
9952,"[4.867743,1.448958,3.982462]",
9953,"[5.097515,1.272379,3.952322]",
9954,"[5.595594,0.8035526,4.403541]",
9955,"[5.239108,1.187315,3.349835]",
9956,"[5.309464,0.7501165,3.136446]",
9957,"[5.415135,0.6431495,2.989484]",
9958,"[5.449157,0.622529,2.842321]",
9959,"[5.454134,0.622529,2.770606]",
9960,"[5.744762,0.1,2.525213]",
9961,"[5.731116,0.1,2.443494]",
9962,"[5.716357,0.1,2.377079]",
9963,"[5.427871,0.3836205,1.85463]",
9964,"[5.431329,0.2754836,1.755614]",
9965,"[5.429324,0.1,1.595942]",
9966,"[5.402254,0.1,1.578183]",
9967,"[5.353666,0.1,1.613616]",
9968,"[5.336576,0.1,1.644341]",
9969,"[5.301358,0.1,1.80452]",
9970,"[5.288405,0.1,1.831709]",
9971,"[5.283947,0.1,1.870035]",
9972,"[5.27572,0.1,1.936934]",
9973,"[5.178206,0.4982824,2.091681]",
9974,"[5.175734,0.5609249,2.162484]",
9975,"[5.175395,0.5652962,2.17221]",
9976,"[5.174594,0.5909693,2.195139]",
9977,"[5.174123,0.6097253,2.208627]",
9978,"[5.173908,0.6165425,2.214773]",
9979,"[5.177903,0.622529,2.223737]",
9980,"[5.186379,0.622529,2.228093]",
9981,"[5.200023,0.622529,2.230006]",
9982,"[5.366959,0.1,2.146268]",
9983,"[5.383225,0.1,2.151984]",
9984,"[5.390374,0.0999999,2.155393]",
9985,"[5.400158,0.1,2.159089]",
9986,"[5.404433,0.1,2.160197]",
9987,"[5.408107,0.0999999,2.160959]",
9988,"[5.412275,0.1000001,2.161952]",
9989,"[5.414159,0.1,2.162502]",
9990,"[5.418159,0.0999999,2.162665]",
9991,"[5.420843,0.1,2.162318]",
9992,"[5.425272,0.1,2.161703]",
9993,"[5.428071,0.1,2.161227]",
9994,"[5.431387,0.1,2.160475]",
9995,"[5.438643,0.1000001,2.158425]",
9996,"[5.281301,0.562302,2.215558]",
9997,"[5.353734,0.3607304,2.187317]",
9998,"[5.354351,0.3607422,2.187353]",
9999,"[5.356015,0.3619473,2.188891]",
10000,"[5.356265,0.3624754,2.189548]",
10001,"[5.356637,0.3629191,2.190105]",
10002,"[5.357819,0.3634844,2.190841]",
10003,"[5.358841,0.3636265,2.191051]",
10004,"[5.362396,0.3632585,2.190723]",
10005,"[5.364522,0.3628508,2.190297]",
10006,"[5.371965,0.3604024,2.187551]",
10007,"[5.374376,0.3593057,2.186289]",
10008,"[5.384809,0.3527824,2.178644]",
10009,"[5.483483,0.1,2.142934]",
10010,"[5.421659,0.5459435,2.032531]",
10011,"[5.422383,0.5811507,2.011785]",
10012,"[5.762234,0.1,1.71303]",
10013,"[5.5299,0.5350122,1.874849]",
10014,"[5.533517,0.539358,1.86565]",
10015,"[5.535662,0.5440177,1.855726]",
10016,"[5.535066,0.5449936,1.853611]",
10017,"[5.531668,0.5440393,1.85554]",
10018,"[5.528579,0.5432146,1.857202]",
10019,"[5.522848,0.5407502,1.86229]",
10020,"[5.512691,0.5355962,1.872995]",
10021,"[5.509125,0.5329313,1.878589]",
10022,"[5.446318,0.622529,1.935765]",
10023,"[5.441993,0.622529,1.942045]",
10024,"[5.434522,0.622529,1.952838]",
10025,"[5.42094,0.4316234,2.053122]",
10026,"[5.420601,0.4123212,2.062813]",
10027,"[5.499208,0.1,2.100852]",
10028,"[5.481606,0.1,2.132946]",
10029,"[5.378983,0.3505892,2.175748]",
10030,"[5.375985,0.3522931,2.177735]",
10031,"[5.370331,0.3556185,2.181621]",
10032,"[5.368328,0.3563342,2.182429]",
10033,"[5.366115,0.3572697,2.183501]",
10034,"[5.365873,0.3566285,2.182705]",
10035,"[5.365693,0.3561356,2.182093]",
10036,"[5.364339,0.3550478,2.180711]",
10037,"[5.364483,0.3546728,2.180255]",
10038,"[5.364933,0.3536436,2.179007]",
10039,"[5.365218,0.3531008,2.178351]",
10040,"[5.366493,0.3513057,2.176191]",
10041,"[5.367389,0.350547,2.175291]",
10042,"[5.368783,0.3495333,2.174095]",
10043,"[5.465227,0.1,2.150166]",
10044,"[5.467734,0.1,2.148133]",
10045,"[5.471521,0.1,2.145471]",
10046,"[5.473257,0.1000001,2.144575]",
10047,"[5.476958,0.1,2.144008]",
10048,"[5.479154,0.1,2.144601]",
10049,"[5.480535,0.1,2.144869]",
10050,"[5.484421,0.1,2.146672]",
10051,"[5.487488,0.1,2.14902]",
10052,"[5.394375,0.3519642,2.177974]",
10053,"[5.397215,0.3576665,2.185074]",
10054,"[5.734983,0.1,2.510327]",
10055,"[5.600477,0.3976503,2.521899]",
10056,"[5.559819,0.4844607,2.525204]",
10057,"[5.559308,0.5044428,2.547717]",
10058,"[5.511204,0.5816807,2.532879]",
10059,"[5.501717,0.5959269,2.532548]",
10060,"[5.501734,0.5953723,2.532548]",
10061,"[5.501847,0.5945143,2.532552]",
10062,"[5.505304,0.588358,2.532673]",
10063,"[5.831331,0.1,2.686265]",
10064,"[5.560767,0.5030091,2.550453]",
10065,"[5.558891,0.505128,2.544369]",
10066,"[5.55913,0.505358,2.537545]",
10067,"[5.55922,0.5060472,2.534946]",
10068,"[5.559411,0.5072384,2.529508]",
10069,"[5.559488,0.5079043,2.527289]",
10070,"[5.560201,0.5084144,2.524026]",
10071,"[5.560643,0.5085972,2.522659]",
10072,"[5.561646,0.5079898,2.521696]",
10073,"[5.562557,0.5038978,2.521191]",
10074,"[5.559472,0.5053071,2.527755]",
10075,"[5.476348,0.622529,2.537708]",
10076,"[5.474095,0.622529,2.560954]",
10077,"[5.470478,0.622529,2.59012]",
10078,"[5.469762,0.622529,2.603352]",
10079,"[5.470042,0.622529,2.615806]",
10080,"[5.474265,0.622529,2.639141]",
10081,"[5.477806,0.622529,2.652169]",
10082,"[5.484081,0.622529,2.677795]",
10083,"[5.487212,0.622529,2.691383]",
10084,"[5.487767,0.622529,2.701787]",
10085,"[5.48648,0.622529,2.704709]",
10086,"[5.482155,0.622529,2.719809]",
10087,"[5.480812,0.622529,2.721244]",
10088,"[5.480188,0.622529,2.724443]",
10089,"[5.48203,0.622529,2.723176]",
10090,"[5.48702,0.622529,2.716938]",
10091,"[5.497898,0.622529,2.71466]",
10092,"[5.502367,0.622529,2.705559]",
10093,"[5.504997,0.622529,2.694751]",
10094,"[5.504666,0.622529,2.690486]",
10095,"[5.504176,0.622529,2.688001]",
10096,"[5.497402,0.622529,2.676033]",
10097,"[5.493824,0.622529,2.667942]",
10098,"[5.488163,0.622529,2.661412]",
10099,"[5.484047,0.622529,2.657366]",
10100,"[5.477353,0.622529,2.652353]",
10101,"[5.47376,0.622529,2.64957]",
10102,"[5.46975,0.622529,2.64488]",
10103,"[5.463128,0.622529,2.63981]",
10104,"[5.46048,0.622529,2.634791]",
10105,"[5.458641,0.622529,2.629467]",
10106,"[5.458686,0.622529,2.627835]",
10107,"[5.458994,0.622529,2.625877]",
10108,"[5.459536,0.622529,2.62508]",
10109,"[5.461965,0.622529,2.621872]",
10110,"[5.463742,0.622529,2.620542]",
10111,"[5.46557,0.622529,2.618811]",
10112,"[5.466084,0.622529,2.617815]",
10113,"[5.466059,0.622529,2.617161]",
10114,"[5.464945,0.622529,2.616129]",
10115,"[5.464159,0.622529,2.615652]",
10116,"[5.461819,0.622529,2.619117]",
10117,"[5.461997,0.622529,2.619013]",
10118,"[5.462078,0.622529,2.619056]",
10119,"[5.461909,0.622529,2.619103]",
10120,"[5.460959,0.622529,2.622673]",
10121,"[5.460365,0.622529,2.626638]",
10122,"[5.459397,0.622529,2.631247]",
10123,"[5.45661,0.622529,2.639069]",
10124,"[5.449845,0.622529,2.670359]",
10125,"[5.447499,0.6167119,2.695058]",
10126,"[5.447181,0.6137785,2.704158]",
10127,"[5.446953,0.6116808,2.710701]",
10128,"[5.446594,0.6070014,2.720967]",
10129,"[5.446461,0.6068764,2.724791]",
10130,"[5.446333,0.6088522,2.728441]",
10131,"[5.447153,0.6091717,2.728824]",
10132,"[5.444843,0.6149118,2.727954]",
10133,"[5.44507,0.6138076,2.730876]",
10134,"[5.447801,0.6120602,2.730523]",
10135,"[5.455601,0.6032755,2.731467]",
10136,"[5.457514,0.601438,2.731432]",
10137,"[5.455668,0.6051273,2.729442]",
10138,"[5.45121,0.6120443,2.727092]",
10139,"[5.444086,0.622529,2.723201]",
10140,"[5.444141,0.622529,2.722516]",
10141,"[5.44427,0.622529,2.721586]",
10142,"[5.445589,0.622529,2.721908]",
10143,"[5.44877,0.622529,2.724909]",
10144,"[5.450315,0.622529,2.727583]",
10145,"[5.451805,0.622529,2.730386]",
10146,"[5.453822,0.622529,2.736018]",
10147,"[5.454263,0.622529,2.738204]",
10148,"[5.454308,0.622529,2.741791]",
10149,"[5.454029,0.622529,2.743247]",
10150,"[5.454327,0.622529,2.743109]",
10151,"[5.454514,0.622529,2.742929]",
10152,"[5.454511,0.622529,2.742568]",
10153,"[5.454595,0.622529,2.741797]",
10154,"[5.454529,0.622529,2.740525]",
10155,"[5.626791,0.3594198,2.786461]",
10156,"[5.625108,0.359155,2.78457]",
10157,"[5.618437,0.3653768,2.782157]",
10158,"[5.611698,0.3746493,2.780253]",
10159,"[5.607349,0.3809856,2.779096]",
10160,"[5.594891,0.4004425,2.775664]",
10161,"[5.589499,0.4091463,2.774162]",
10162,"[5.577166,0.4348109,2.740458]",
10163,"[5.579985,0.4346374,2.725578]",
10164,"[5.589103,0.4228264,2.704147]",
10165,"[5.594821,0.4160145,2.698189]",
10166,"[5.805608,0.1,2.721472]",
10167,"[5.799952,0.1,2.706392]",
10168,"[5.792783,0.1,2.698265]",
10169,"[5.766673,0.1,2.68539]",
10170,"[5.756156,0.1,2.679863]",
10171,"[5.735246,0.1,2.672163]",
10172,"[5.72706,0.1000001,2.670881]",
10173,"[5.719664,0.1,2.66979]",
10174,"[5.700992,0.1,2.671251]",
10175,"[5.69357,0.1,2.671457]",
10176,"[5.678089,0.1,2.672951]",
10177,"[5.600142,0.1,2.661201]",
10178,"[5.554657,0.1000001,2.654888]",
10179,"[5.510859,0.1,2.646403]",
10180,"[5.468916,0.1,2.638161]",
10181,"[5.455019,0.1,2.635103]",
10182,"[5.444384,0.1,2.632578]",
10183,"[5.429032,0.1,2.628517]",
10184,"[5.422122,0.1,2.627666]",
10185,"[5.412809,0.1,2.626989]",
10186,"[5.410203,0.1,2.627151]",
10187,"[5.407299,0.0999999,2.62767]",
10188,"[5.220822,0.622529,2.621081]",
10189,"[5.220796,0.622529,2.62159]",
10190,"[5.220831,0.622529,2.621883]",
10191,"[5.220861,0.622529,2.622128]",
10192,"[5.22095,0.622529,2.622039]",
10193,"[5.231383,0.5944115,2.622132]",
10194,"[5.252986,0.5420808,2.621293]",
10195,"[5.264869,0.5148842,2.620598]",
10196,"[5.277003,0.5004834,2.619715]",
10197,"[5.813564,0.1,2.652118]",
10198,"[5.826962,0.1,2.651658]",
10199,"[5.932533,0.1,2.649445]",
10200,"[5.950001,0.1107449,2.645891]",
10201,"[5.950001,0.1505313,2.63796]",
10202,"[5.56055,0.6349878,2.6213]",
10203,"[5.560743,0.6451952,2.615776]",
10204,"[5.560833,0.6478797,2.613203]",
10205,"[5.560946,0.6508228,2.609967]",
10206,"[5.561046,0.6541078,2.607105]",
10207,"[5.561143,0.6548312,2.604307]",
10208,"[5.561404,0.6561857,2.596837]",
10209,"[5.561366,0.6558812,2.597924]",
10210,"[5.561354,0.6568464,2.598284]",
10211,"[5.561897,0.6591917,2.594212]",
10212,"[5.563221,0.661339,2.589264]",
10213,"[5.57054,0.6622185,2.577966]",
10214,"[5.58081,0.6622185,2.5679]",
10215,"[5.558853,0.7310412,2.545468]",
10216,"[5.559273,0.751328,2.533434]",
10217,"[5.665547,0.6622186,2.517321]",
10218,"[5.560916,0.7792834,2.505262]",
10219,"[5.547955,0.8017944,2.485523]",
10220,"[5.545105,0.8092543,2.467283]",
10221,"[5.542719,0.8145811,2.448161]",
10222,"[5.596,0.681715,2.228792]",
10223,"[5.607313,0.6622185,2.195568]",
10224,"[5.584921,0.5526923,1.838832]",
10225,"[5.575068,0.5576571,1.827835]",
10226,"[5.43115,0.5773187,1.760741]",
10227,"[5.433334,0.5227215,1.698204]",
10228,"[5.434951,0.4853381,1.651895]",
10229,"[5.509923,0.2896825,1.476214]",
10230,"[5.513777,0.2690355,1.476214]",
10231,"[5.50828,0.2520906,1.476214]",
10232,"[5.512795,0.2311844,1.476214]",
10233,"[5.511851,0.2146826,1.476214]",
10234,"[5.522572,0.19162,1.476214]",
10235,"[5.5441,0.1465486,1.476214]",
10236,"[5.435174,0.3821186,1.645511]",
10237,"[5.435072,0.3797437,1.648423]",
10238,"[5.433714,0.3942393,1.68731]",
10239,"[5.433316,0.3980726,1.69873]",
10240,"[5.431788,0.4149994,1.742477]",
10241,"[5.431573,0.4148822,1.748633]",
10242,"[5.431231,0.4144871,1.75843]",
10243,"[5.431127,0.4144889,1.761402]",
10244,"[5.43089,0.418711,1.768207]",
10245,"[5.43066,0.4226146,1.774788]",
10246,"[5.430353,0.4296864,1.783567]",
10247,"[5.429426,0.4468609,1.810107]",
10248,"[5.428955,0.4564402,1.823599]",
10249,"[5.428504,0.4662316,1.836526]",
10250,"[5.428375,0.4695396,1.840219]",
10251,"[5.428288,0.4719504,1.842716]",
10252,"[5.428599,0.4784845,1.833803]",
10253,"[5.428833,0.4820247,1.827101]",
10254,"[5.429667,0.4966457,1.803212]",
10255,"[5.4299,0.5015262,1.796529]",
10256,"[5.430185,0.5077085,1.788366]",
10257,"[5.430256,0.5115687,1.786348]",
10258,"[5.430311,0.5192724,1.784767]",
10259,"[5.430314,0.522998,1.784687]",
10260,"[5.430323,0.5267103,1.784431]",
10261,"[5.430359,0.5306733,1.783391]",
10262,"[5.430377,0.5318147,1.782862]",
10263,"[5.430435,0.5342014,1.781228]",
10264,"[5.430469,0.5355033,1.780253]",
10265,"[5.430492,0.5379673,1.779589]",
10266,"[5.430491,0.540423,1.779611]",
10267,"[5.430489,0.5409637,1.77968]",
10268,"[5.429489,0.5547902,1.808309]",
10269,"[5.428951,0.5623293,1.823711]",
10270,"[5.428122,0.5743728,1.847459]",
10271,"[5.427801,0.5786436,1.856662]",
10272,"[5.427435,0.5798432,1.867123]",
10273,"[5.427346,0.5795708,1.869685]",
10274,"[5.427238,0.5788476,1.872753]",
10275,"[5.427188,0.5788086,1.874197]",
10276,"[5.427145,0.57869,1.875438]",
10277,"[5.427018,0.5793896,1.879082]",
10278,"[5.426974,0.579258,1.880332]",
10279,"[5.426861,0.5786664,1.883554]",
10280,"[5.426817,0.5788485,1.884816]",
10281,"[5.426754,0.5791274,1.886624]",
10282,"[5.426735,0.5791888,1.887179]",
10283,"[5.426722,0.5793139,1.887558]",
10284,"[5.426707,0.5799089,1.887981]",
10285,"[5.426711,0.5801126,1.887863]",
10286,"[5.42672,0.5801653,1.887601]",
10287,"[5.426876,0.5767554,1.883139]",
10288,"[5.427258,0.5691941,1.872196]",
10289,"[5.427398,0.5666944,1.868186]",
10290,"[5.42756,0.563563,1.863544]",
10291,"[5.427778,0.560215,1.857293]",
10292,"[5.427858,0.5589966,1.855005]",
10293,"[5.42798,0.5575664,1.851503]",
10294,"[5.428024,0.5575228,1.850258]",
10295,"[5.428068,0.558441,1.849006]",
10296,"[5.428073,0.5590549,1.848852]",
10297,"[5.428077,0.5589814,1.848744]",
10298,"[5.428113,0.5562301,1.847697]",
10299,"[5.428131,0.5543572,1.847189]",
10300,"[5.428162,0.5502971,1.846327]",
10301,"[5.42817,0.5491926,1.846073]",
10302,"[5.428288,0.5453631,1.842723]",
10303,"[5.428361,0.5424758,1.84061]",
10304,"[5.428552,0.5364904,1.835157]",
10305,"[5.428649,0.5337625,1.832346]",
10306,"[5.428749,0.5311163,1.829503]",
10307,"[5.428913,0.5279772,1.824802]",
10308,"[5.428978,0.5269852,1.822945]",
10309,"[5.429097,0.5262656,1.819525]",
10310,"[5.429158,0.5255497,1.817801]",
10311,"[5.429221,0.5246165,1.815992]",
10312,"[5.429222,0.5246626,1.815963]",
10313,"[5.429214,0.5249177,1.8162]",
10314,"[5.429203,0.5251466,1.816511]",
10315,"[5.429189,0.5254242,1.816911]",
10316,"[5.429164,0.5256897,1.817621]",
10317,"[5.429163,0.525458,1.817626]",
10318,"[5.429165,0.5252426,1.817576]",
10319,"[5.429171,0.5253763,1.81742]",
10320,"[5.42919,0.5257926,1.816883]",
10321,"[5.429204,0.5261557,1.816489]",
10322,"[5.429216,0.5265445,1.816111]",
10323,"[5.429245,0.5272824,1.815283]",
10324,"[5.429263,0.5274745,1.814781]",
10325,"[5.429311,0.5278245,1.813403]",
10326,"[5.429334,0.5281116,1.812751]",
10327,"[5.429378,0.5283377,1.811486]",
10328,"[5.429393,0.5285578,1.811056]",
10329,"[5.429381,0.5300419,1.811411]",
10330,"[5.429361,0.5313553,1.811974]",
10331,"[5.42933,0.533529,1.812846]",
10332,"[5.42926,0.5384898,1.814856]",
10333,"[5.429234,0.5402828,1.815623]",
10334,"[5.42839,0.5682961,1.839783]",
10335,"[5.42805,0.5842203,1.849515]",
10336,"[5.427634,0.6042805,1.861431]",
10337,"[5.427435,0.6127071,1.867133]",
10338,"[5.427297,0.6194316,1.871097]",
10339,"[5.4329,0.622529,1.869634]",
10340,"[5.437188,0.622529,1.865249]",
10341,"[5.44603,0.622529,1.85016]",
10342,"[5.451611,0.622529,1.834921]",
10343,"[5.649513,0.3284672,1.663111]",
10344,"[5.517178,0.4432182,1.476214]",
10345,"[5.365076,0.3972558,1.06176]",
10346,"[5.275632,0.5773456,1.217822]",
10347,"[5.037969,0.9861117,1.518632]",
10348,"[4.967021,1.058351,1.518632]",
10349,"[4.941454,1.084516,1.518632]",
10350,"[4.900107,1.123538,1.518632]",
10351,"[4.880806,1.139841,1.518632]",
10352,"[4.847946,1.163055,1.518632]",
10353,"[4.831882,1.173416,1.518632]",
10354,"[4.831779,1.164233,1.518632]",
10355,"[4.825493,1.166745,1.518632]",
10356,"[4.824821,1.167147,1.518632]",
10357,"[4.816675,1.172704,1.518632]",
10358,"[4.809499,1.179143,1.518632]",
10359,"[4.815639,1.176674,1.518632]",
10360,"[4.808724,1.186558,1.518632]",
10361,"[4.790497,1.207284,1.518632]",
10362,"[4.780344,1.226587,1.518632]",
10363,"[4.7699,1.24115,1.518632]",
10364,"[4.748821,1.303882,1.518632]",
10365,"[4.723381,0.9368851,0.8405682]",
10366,"[4.714603,0.9820192,0.8405682]",
10367,"[4.720706,0.9900616,0.8405682]",
10368,"[4.727414,1.000538,0.8405682]",
10369,"[4.728016,1.004534,0.8405682]",
10370,"[4.723403,1.010899,0.8405682]",
10371,"[4.700448,1.028436,0.8405682]",
10372,"[4.683237,1.03926,0.8405682]",
10373,"[4.675875,1.035148,0.8405682]",
10374,"[4.668562,1.032814,0.8405682]",
10375,"[4.588364,1.191583,1.14983]",
10376,"[4.563207,1.232622,1.230106]",
10377,"[4.527991,1.29247,1.342478]",
10378,"[4.515707,1.313826,1.381678]",
10379,"[4.499037,1.342559,1.434873]",
10380,"[4.499974,1.339266,1.43188]",
10381,"[4.496529,1.344208,1.442876]",
10382,"[4.483854,1.351223,1.470678]",
10383,"[4.470268,1.339783,1.46642]",
10384,"[4.149181,0.7600897,0.7923257]",
10385,"[4.070138,0.7947086,1.025966]",
10386,"[3.979471,0.7228185,1.025966]",
10387,"[3.940294,0.6890197,1.025966]",
10388,"[3.896951,0.649539,1.025966]",
10389,"[3.882985,0.6344934,1.025966]",
10390,"[3.882504,0.6253924,1.025966]",
10391,"[3.67645,0.2634096,0.6905251]",
10392,"[3.677819,0.2586747,0.6898638]",
10393,"[3.874076,0.5875329,1.025966]",
10394,"[3.878092,0.5857952,1.025966]",
10395,"[3.879101,0.5829922,1.025966]",
10396,"[3.891746,0.5899234,1.025966]",
10397,"[3.920354,0.6002969,1.025966]",
10398,"[3.957798,0.6224308,1.025966]",
10399,"[3.970884,0.634002,1.025966]",
10400,"[3.982839,0.6490903,1.025966]",
10401,"[3.984867,0.6533908,1.025966]",
10402,"[3.974768,0.646612,1.025966]",
10403,"[3.969534,0.6427115,1.025966]",
10404,"[3.959949,0.6253757,1.025966]",
10405,"[3.947037,0.6010818,1.025966]",
10406,"[3.942856,0.5929403,1.025966]",
10407,"[3.941402,0.5828052,1.025966]",
10408,"[3.765981,0.1539834,0.6119641]",
10409,"[3.774009,0.1539833,0.619135]",
10410,"[3.779126,0.1539833,0.6239342]",
10411,"[3.784172,0.1539833,0.6288866]",
10412,"[3.79098,0.1539833,0.6336874]",
10413,"[3.793176,0.1539833,0.6344637]",
10414,"[3.798426,0.1527059,0.6373792]",
10415,"[3.800183,0.1463086,0.6380324]",
10416,"[3.802881,0.1284578,0.6355571]",
10417,"[3.804624,0.1204801,0.6331815]",
10418,"[3.813121,0.1,0.6251116]",
10419,"[3.930017,0.4436272,0.9421083]",
10420,"[3.943355,0.4464153,0.9480579]",
10421,"[3.949931,0.4485009,0.9492584]",
10422,"[4.01563,0.6175458,1.025966]",
10423,"[4.066183,0.7540035,1.025966]",
10424,"[4.081638,0.7942648,1.025966]",
10425,"[4.101057,0.8144361,0.9970859]",
10426,"[4.088625,0.6909552,0.8268043]",
10427,"[4.121692,0.7558544,0.8787889]",
10428,"[4.140036,0.7600897,0.8718905]",
10429,"[4.160967,0.7600897,0.8615952]",
10430,"[4.210474,0.4518595,0.4404986]",
10431,"[4.260516,0.7529973,0.7996454]",
10432,"[4.478856,1.341382,1.469111]",
10433,"[4.654335,1.091375,1.079646]",
10434,"[4.945076,0.9375024,0.7872649]",
10435,"[4.740627,1.20852,1.211131]",
10436,"[4.740627,1.2802,1.31218]",
10437,"[4.740627,1.285949,1.317843]",
10438,"[4.740627,1.298248,1.332457]",
10439,"[4.740627,1.301236,1.331699]",
10440,"[4.740627,1.312232,1.343227]",
10441,"[4.740627,1.314014,1.347132]",
10442,"[4.740627,1.307963,1.337749]",
10443,"[4.740627,1.305711,1.331355]",
10444,"[4.740627,1.306392,1.331151]",
10445,"[4.740627,1.315569,1.342554]",
10446,"[4.740627,1.315571,1.341506]",
10447,"[4.744104,1.3182,1.349308]",
10448,"[4.750887,1.3182,1.371905]",
10449,"[4.752948,1.3182,1.38609]",
10450,"[4.763329,1.3182,1.407945]",
10451,"[4.771069,1.3182,1.416566]",
10452,"[4.768409,1.3182,1.418664]",
10453,"[4.776794,1.3182,1.421738]",
10454,"[4.767795,1.3182,1.422471]",
10455,"[4.7517,1.3182,1.419472]",
10456,"[4.743585,1.3182,1.41709]",
10457,"[4.740627,1.288609,1.359395]",
10458,"[4.740627,1.273328,1.329766]",
10459,"[4.691851,1.104755,0.8405682]",
10460,"[4.550639,1.341293,1.270211]",
10461,"[4.52874,1.363375,1.305321]",
10462,"[4.506814,1.363375,1.296321]",
10463,"[4.496266,1.363375,1.292033]",
10464,"[4.462615,1.363375,1.283277]",
10465,"[4.443815,1.363375,1.277453]",
10466,"[4.495109,0.9082406,0.3340316]",
10467,"[4.484061,0.9156257,0.3340316]",
10468,"[4.463628,0.9265242,0.3340316]",
10469,"[4.427403,0.9414846,0.3340316]",
10470,"[4.390142,0.9505416,0.3340316]",
10471,"[4.367504,0.9522506,0.3340316]",
10472,"[4.364642,0.9526307,0.3340316]",
10473,"[4.338736,0.9590489,0.3340316]",
10474,"[4.309186,0.9661728,0.3340316]",
10475,"[4.262086,0.9864455,0.3340316]",
10476,"[4.241175,1.000101,0.3340316]",
10477,"[4.243892,1.007477,0.3340316]",
10478,"[4.223366,1.022952,0.3340316]",
10479,"[4.227213,1.02436,0.3340316]",
10480,"[4.223064,1.014655,0.3340316]",
10481,"[4.217547,1.005725,0.3340316]",
10482,"[4.199405,0.9711084,0.3340316]",
10483,"[4.188104,0.9491289,0.3340316]",
10484,"[4.191978,0.9313054,0.3340316]",
10485,"[4.208766,0.8991492,0.3340316]",
10486,"[4.213954,0.807112,0.1762315]",
10487,"[4.248278,0.807112,0.1965474]",
10488,"[4.264749,0.8295541,0.2425637]",
10489,"[4.292138,0.8295541,0.2407011]",
10490,"[4.326112,0.8295541,0.2352138]",
10491,"[4.365683,0.8295541,0.2277617]",
10492,"[4.428477,0.8295541,0.2280544]",
10493,"[4.451507,0.8295541,0.2303734]",
10494,"[4.482152,0.8295541,0.2305936]",
10495,"[4.494446,0.8295541,0.2247982]",
10496,"[4.468491,0.9569063,0.3340316]",
10497,"[4.427945,1.074443,0.3340316]",
10498,"[4.414147,1.115062,0.3340316]",
10499,"[4.397624,1.159192,0.3340316]",
10500,"[4.392045,1.172641,0.3340316]",
10501,"[4.386801,1.181294,0.3340316]",
10502,"[4.385643,1.18019,0.3340316]",
10503,"[4.383801,1.173154,0.3340316]",
10504,"[4.382406,1.167234,0.3340316]",
10505,"[4.378594,1.149816,0.3340316]",
10506,"[4.375972,1.138016,0.3340316]",
10507,"[4.372129,1.123911,0.3340316]",
10508,"[4.348764,1.061755,0.3340316]",
10509,"[4.09209,0.7220717,0.658635]",
10510,"[4.076286,0.7600897,0.7801661]",
10511,"[4.068457,0.7443955,0.7950983]",
10512,"[4.030351,0.3895933,0.4404986]",
10513,"[4.022736,0.3622738,0.4404986]",
10514,"[4.021141,0.3484716,0.4404986]",
10515,"[4.05934,0.8144361,0.9871573]",
10516,"[4.057052,0.8144361,0.9948083]",
10517,"[4.053525,0.8144361,1.010967]",
10518,"[4.052056,0.8144361,1.019147]",
10519,"[4.045439,0.8144361,1.023345]",
10520,"[4.040793,0.8131645,1.025966]",
10521,"[4.035109,0.8117023,1.025966]",
10522,"[4.033917,0.8114612,1.025966]",
10523,"[4.032245,0.8092067,1.025966]",
10524,"[4.030827,0.8039479,1.025966]",
10525,"[4.030813,0.8012567,1.025966]",
10526,"[4.029446,0.7922182,1.025966]",
10527,"[4.024639,0.7773597,1.025966]",
10528,"[4.016425,0.7468375,1.025966]",
10529,"[4.014295,0.7339216,1.025966]",
10530,"[4.011261,0.7192642,1.025966]",
10531,"[4.009945,0.7143894,1.025966]",
10532,"[4.00832,0.7077834,1.025966]",
10533,"[4.007888,0.7006255,1.025966]",
10534,"[4.008905,0.6995127,1.025966]",
10535,"[4.010891,0.6974156,1.025966]",
10536,"[4.01174,0.6973928,1.025966]",
10537,"[4.012647,0.6980114,1.025966]",
10538,"[4.012793,0.69749,1.025966]",
10539,"[4.013147,0.6978484,1.025966]",
10540,"[4.014404,0.7019176,1.025966]",
10541,"[4.014913,0.7055452,1.025966]",
10542,"[4.01648,0.7172161,1.026374]",
10543,"[4.017932,0.7237936,1.026916]",
10544,"[4.022446,0.7457948,1.030702]",
10545,"[4.024449,0.7533982,1.033443]",
10546,"[4.025843,0.7581908,1.033056]",
10547,"[4.030699,0.7730584,1.042596]",
10548,"[4.033362,0.780139,1.048199]",
10549,"[4.038693,0.7926378,1.057375]",
10550,"[4.041203,0.7986736,1.062275]",
10551,"[4.044204,0.8096474,1.070897]",
10552,"[4.045416,0.8144361,1.073385]",
10553,"[4.043929,0.8144361,1.06707]",
10554,"[4.042346,0.8144361,1.063442]",
10555,"[4.040532,0.8144361,1.060042]",
10556,"[4.038112,0.8144361,1.054588]",
10557,"[4.037413,0.8144361,1.052779]",
10558,"[4.035931,0.8144361,1.051042]",
10559,"[4.034985,0.8144361,1.050302]",
10560,"[4.034399,0.8144361,1.049829]",
10561,"[4.035032,0.8144361,1.050053]",
10562,"[4.03731,0.8144361,1.051265]",
10563,"[4.042258,0.8144361,1.054287]",
10564,"[4.045102,0.8144361,1.057115]",
10565,"[3.901403,0.2932719,0.4404985]",
10566,"[4.051424,0.8144361,1.069299]",
10567,"[4.053489,0.8144361,1.074392]",
10568,"[4.055132,0.8144361,1.075512]",
10569,"[4.05679,0.8144361,1.076142]",
10570,"[4.057512,0.8144361,1.075649]",
10571,"[4.056864,0.8144361,1.074614]",
10572,"[4.055549,0.8144361,1.071423]",
10573,"[4.054216,0.8144361,1.070673]",
10574,"[4.051875,0.8144361,1.069409]",
10575,"[4.050241,0.8144361,1.068687]",
10576,"[4.048823,0.8144361,1.067886]",
10577,"[4.046814,0.8144361,1.067954]",
10578,"[3.873397,0.290748,0.4404985]",
10579,"[3.871129,0.2954901,0.4404985]",
10580,"[3.870507,0.299569,0.4404985]",
10581,"[3.8706,0.3047099,0.4404985]",
10582,"[3.88109,0.3185672,0.4404985]",
10583,"[3.897862,0.3362121,0.4404985]",
10584,"[3.904624,0.3417433,0.4404985]",
10585,"[3.907585,0.3432735,0.4404985]",
10586,"[3.912771,0.3452846,0.4404985]",
10587,"[3.914988,0.3456302,0.4404985]",
10588,"[3.917989,0.3447514,0.4404985]",
10589,"[3.919204,0.343312,0.4404985]",
10590,"[3.920477,0.3399141,0.4404985]",
10591,"[3.920353,0.3339067,0.4404985]",
10592,"[3.911197,0.3129708,0.4404985]",
10593,"[4.041124,0.7151594,1.10897]",
10594,"[4.030877,0.6803687,1.10897]",
10595,"[4.019846,0.6470624,1.10897]",
10596,"[4.015029,0.6340892,1.10897]",
10597,"[4.011231,0.6247079,1.10897]",
10598,"[4.01014,0.620257,1.10897]",
10599,"[4.007049,0.6117139,1.10897]",
10600,"[4.005487,0.6073035,1.10897]",
10601,"[4.003294,0.6022042,1.10897]",
10602,"[3.99842,0.5932554,1.10897]",
10603,"[3.996038,0.5897108,1.10897]",
10604,"[3.991982,0.5841507,1.10897]",
10605,"[3.992261,0.5818775,1.10897]",
10606,"[3.995098,0.5782276,1.10897]",
10607,"[3.990513,0.5514361,1.087778]",
10608,"[3.993165,0.5514361,1.088506]",
10609,"[4.007085,0.5817949,1.10897]",
10610,"[4.009942,0.5847102,1.10897]",
10611,"[4.014423,0.5912477,1.10897]",
10612,"[4.014074,0.609224,1.10897]",
10613,"[4.011738,0.6301271,1.10897]",
10614,"[4.010006,0.6384804,1.10897]",
10615,"[4.006595,0.6519661,1.10897]",
10616,"[4.002874,0.6610155,1.10897]",
10617,"[3.999833,0.6687327,1.10897]",
10618,"[3.995432,0.6805925,1.107346]",
10619,"[3.99372,0.6844915,1.105451]",
10620,"[3.990299,0.6892835,1.101038]",
10621,"[3.989541,0.6926972,1.099336]",
10622,"[3.989196,0.697194,1.09678]",
10623,"[3.987673,0.7128795,1.089615]",
10624,"[3.986276,0.7246673,1.085553]",
10625,"[3.982043,0.7402968,1.078169]",
10626,"[3.979812,0.7462971,1.074002]",
10627,"[3.974873,0.7499239,1.05875]",
10628,"[3.972771,0.750106,1.051457]",
10629,"[3.967061,0.7340739,1.031887]",
10630,"[3.965737,0.7291324,1.025776]",
10631,"[3.959399,0.7079189,1.002277]",
10632,"[3.956852,0.6993528,0.9921545]",
10633,"[3.954593,0.691451,0.9822182]",
10634,"[3.949506,0.6753193,0.9633488]",
10635,"[3.946699,0.6674423,0.9544329]",
10636,"[3.94154,0.6522927,0.9373259]",
10637,"[3.939415,0.6444404,0.9289011]",
10638,"[3.946197,0.627247,0.9123682]",
10639,"[3.952401,0.6182947,0.9036183]",
10640,"[3.984167,0.6032383,0.8871588]",
10641,"[3.997846,0.5975327,0.8802904]",
10642,"[4.004493,0.5928972,0.8740372]",
10643,"[4.010552,0.5885248,0.8626608]",
10644,"[4.014023,0.5872539,0.8571495]",
10645,"[4.022102,0.5805516,0.8477215]",
10646,"[3.950636,0.2095959,0.4404985]",
10647,"[3.975234,0.2042536,0.4404985]",
10648,"[3.983755,0.201668,0.4404985]",
10649,"[3.992681,0.1981179,0.4404985]",
10650,"[4.011979,0.1873656,0.4404985]",
10651,"[4.013987,0.1867837,0.4404985]",
10652,"[4.014239,0.1863087,0.4404985]",
10653,"[4.014574,0.1848987,0.4404985]",
10654,"[4.010916,0.1806115,0.4404985]",
10655,"[4.002409,0.1820468,0.4404985]",
10656,"[3.994272,0.1839625,0.4404985]",
10657,"[3.98079,0.1899406,0.4404985]",
10658,"[3.975096,0.1943261,0.4404985]",
10659,"[3.965664,0.1788809,0.4404985]",
10660,"[3.962088,0.1736159,0.4404985]",
10661,"[3.968653,0.2129298,0.4904686]",
10662,"[3.967055,0.2129298,0.4958996]",
10663,"[4.035795,0.4763843,0.7740431]",
10664,"[4.032754,0.4763843,0.7877928]",
10665,"[4.032093,0.4763843,0.792346]",
10666,"[4.030498,0.4763843,0.8004217]",
10667,"[4.029425,0.4763843,0.8046867]",
10668,"[4.027298,0.4763843,0.8134648]",
10669,"[4.02632,0.4763843,0.8183378]",
10670,"[4.0257,0.4763843,0.8233227]",
10671,"[4.027425,0.4763843,0.8338966]",
10672,"[4.029557,0.4763843,0.8436412]",
10673,"[4.032529,0.4763843,0.8624973]",
10674,"[4.033798,0.4763843,0.8741271]",
10675,"[4.031452,0.4607385,0.8828539]",
10676,"[4.031437,0.4579883,0.8942154]",
10677,"[4.031306,0.4579883,0.9097577]",
10678,"[4.03057,0.4579883,0.9204437]",
10679,"[4.030641,0.4579883,0.9253957]",
10680,"[4.032905,0.4579883,0.9334207]",
10681,"[4.035349,0.4579883,0.9373474]",
10682,"[4.039144,0.4579883,0.9439541]",
10683,"[4.041193,0.4579883,0.9455969]",
10684,"[4.053615,0.4579883,0.9466354]",
10685,"[4.060118,0.4579883,0.9431979]",
10686,"[4.069724,0.4579883,0.93949]",
10687,"[4.073346,0.4579883,0.929044]",
10688,"[4.075222,0.4579883,0.9203884]",
10689,"[4.075879,0.4579882,0.8519947]",
10690,"[4.077312,0.4579882,0.8367499]",
10691,"[4.081625,0.4619418,0.8279647]",
10692,"[4.084561,0.4648886,0.8247526]",
10693,"[4.091646,0.4679077,0.8170018]",
10694,"[4.094696,0.4683053,0.8136659]",
10695,"[4.097346,0.4679899,0.8107662]",
10696,"[4.100383,0.4695482,0.8074436]",
10697,"[4.100513,0.4651769,0.8009952]",
10698,"[4.101793,0.4665784,0.8009952]",
10699,"[4.101921,0.4667278,0.8009952]",
10700,"[4.102126,0.4679354,0.8009952]",
10701,"[4.102118,0.4689638,0.8009952]",
10702,"[4.101574,0.4709209,0.8009952]",
10703,"[4.101449,0.472283,0.8009952]",
10704,"[4.10003,0.4690008,0.8009952]",
10705,"[4.099482,0.4692627,0.80843]",
10706,"[4.099099,0.4665651,0.8088491]",
10707,"[4.099772,0.4633728,0.8081122]",
10708,"[4.100363,0.4625852,0.8074657]",
10709,"[4.10119,0.4579186,0.8009952]",
10710,"[4.101253,0.4586392,0.8009952]",
10711,"[4.101426,0.4593737,0.8009952]",
10712,"[4.101809,0.4606753,0.8009952]",
10713,"[4.102232,0.4619775,0.8009952]",
10714,"[4.102619,0.4649955,0.8009952]",
10715,"[4.102808,0.465056,0.8009952]",
10716,"[4.103799,0.4647893,0.8009952]",
10717,"[4.103723,0.4651588,0.8009952]",
10718,"[4.104804,0.4669545,0.8009952]",
10719,"[4.105824,0.4678099,0.8009952]",
10720,"[4.106673,0.4682104,0.8009952]",
10721,"[4.108926,0.4700805,0.8009952]",
10722,"[4.109935,0.4772826,0.8009952]",
10723,"[4.111513,0.4852349,0.8009952]",
10724,"[4.111133,0.4888726,0.8009952]",
10725,"[4.110609,0.4951134,0.8009952]",
10726,"[4.110431,0.4980575,0.8009952]",
10727,"[4.109658,0.4994506,0.8009952]",
10728,"[4.108944,0.5020872,0.8009952]",
10729,"[4.108405,0.5039127,0.8009952]",
10730,"[4.108172,0.5078635,0.8009952]",
10731,"[4.108223,0.5094517,0.8009952]",
10732,"[4.108036,0.5136585,0.8009952]",
10733,"[4.10799,0.5157717,0.8009952]",
10734,"[4.107434,0.5213607,0.8009952]",
10735,"[4.106995,0.522279,0.8009952]",
10736,"[4.106731,0.5230148,0.8009952]",
10737,"[4.106424,0.5237087,0.8009952]",
10738,"[4.106396,0.5237529,0.8009952]",
10739,"[4.106442,0.5233361,0.8009952]",
10740,"[4.106246,0.5231279,0.8009952]",
10741,"[4.106084,0.5226333,0.8009952]",
10742,"[4.105541,0.5216857,0.8009952]",
10743,"[4.104372,0.519719,0.8009952]",
10744,"[4.103714,0.5185449,0.8009952]",
10745,"[4.103118,0.5173671,0.8009952]",
10746,"[4.100839,0.5140682,0.8009952]",
10747,"[4.09932,0.5120038,0.8009952]",
10748,"[4.097025,0.5089498,0.8009952]",
10749,"[4.095968,0.5078904,0.8009952]",
10750,"[4.095123,0.5071231,0.8009952]",
10751,"[4.094022,0.506263,0.8009952]",
10752,"[4.093343,0.516784,0.8009952]",
10753,"[4.025904,0.2176135,0.4404986]",
10754,"[4.025342,0.2238059,0.4404986]",
10755,"[4.024638,0.2323305,0.4404986]",
10756,"[4.024343,0.2352024,0.4404986]",
10757,"[4.023952,0.2394787,0.4404986]",
10758,"[4.099935,0.5787311,0.8416352]",
10759,"[4.099684,0.5797977,0.8416352]",
10760,"[4.099017,0.5815384,0.8416352]",
10761,"[4.098674,0.582311,0.8416352]",
10762,"[4.09839,0.5835721,0.8416352]",
10763,"[4.098351,0.5840751,0.8416352]",
10764,"[4.098556,0.5846252,0.8416352]",
10765,"[4.098607,0.5846627,0.8416352]",
10766,"[4.098725,0.5848341,0.8416352]",
10767,"[4.098868,0.5849435,0.8416352]",
10768,"[4.098947,0.5850104,0.8416352]",
10769,"[4.017991,0.2348654,0.4404985]",
10770,"[4.017675,0.2298111,0.4404985]",
10771,"[4.015717,0.2103252,0.4404985]",
10772,"[4.014637,0.2041443,0.4404985]",
10773,"[4.01346,0.198292,0.4404985]",
10774,"[4.011753,0.191192,0.4404985]",
10775,"[4.010586,0.1880116,0.4404985]",
10776,"[4.008048,0.1825891,0.4404985]",
10777,"[4.006927,0.1803707,0.4404985]",
10778,"[4.004502,0.1755326,0.4404985]",
10779,"[4.012662,0.2129298,0.4847872]",
10780,"[4.011805,0.2129298,0.4878497]",
10781,"[4.011589,0.2129298,0.4888225]",
10782,"[4.011384,0.2129298,0.4895904]",
10783,"[4.073499,0.4763843,0.7836198]",
10784,"[4.073527,0.4763843,0.7840457]",
10785,"[4.073743,0.4763843,0.7852546]",
10786,"[4.073962,0.4763843,0.7854674]",
10787,"[4.074827,0.4763843,0.7862982]",
10788,"[4.075362,0.4763843,0.7868532]",
10789,"[4.082744,0.4763843,0.7975808]",
10790,"[4.086148,0.4763843,0.8018523]",
10791,"[4.091446,0.4763843,0.8093587]",
10792,"[4.093294,0.4763843,0.8122634]",
10793,"[4.094615,0.4753452,0.8137535]",
10794,"[4.095763,0.4699643,0.8124985]",
10795,"[4.096099,0.4680483,0.8121301]",
10796,"[4.096773,0.4621626,0.8113934]",
10797,"[4.097,0.4593783,0.8111451]",
10798,"[4.095431,0.4453835,0.8009952]",
10799,"[4.095731,0.4431964,0.8009952]",
10800,"[4.096033,0.4419903,0.8009952]",
10801,"[4.096421,0.4411313,0.8009952]",
10802,"[4.096566,0.4408112,0.8009952]",
10803,"[4.097097,0.4401442,0.8009952]",
10804,"[4.097099,0.4398768,0.8009952]",
10805,"[4.097121,0.4396608,0.8009952]",
10806,"[4.097112,0.4396956,0.8009952]",
10807,"[4.097402,0.4600956,0.8107051]",
10808,"[4.095507,0.4763843,0.8112172]",
10809,"[4.093709,0.4763843,0.8048936]",
10810,"[4.034061,0.2129298,0.50653]",
10811,"[4.032726,0.2129298,0.5022131]",
10812,"[4.030632,0.2129298,0.4954787]",
10813,"[4.029599,0.2129298,0.4929997]",
10814,"[4.027258,0.2129298,0.4888133]",
10815,"[4.026321,0.2129298,0.4871858]",
10816,"[4.025337,0.2129298,0.4857314]",
10817,"[4.014522,0.174979,0.4404985]",
10818,"[4.013747,0.1758469,0.4404985]",
10819,"[4.012448,0.1772302,0.4404985]",
10820,"[4.012156,0.178196,0.4404985]",
10821,"[4.012019,0.1797666,0.4404985]",
10822,"[4.01233,0.1807975,0.4404985]",
10823,"[4.012621,0.1818002,0.4404985]",
10824,"[4.013537,0.1829672,0.4404985]",
10825,"[4.014177,0.1835957,0.4404985]",
10826,"[4.01571,0.184737,0.4404985]",
10827,"[4.016281,0.1847734,0.4404985]",
10828,"[4.016737,0.1847065,0.4404985]",
10829,"[4.016755,0.1847354,0.4404985]",
10830,"[4.016831,0.1851497,0.4404985]",
10831,"[4.016945,0.185472,0.4404985]",
10832,"[4.017145,0.1855837,0.4404985]",
10833,"[4.017254,0.1842037,0.4404985]",
10834,"[4.017141,0.1833072,0.4404985]",
10835,"[4.016866,0.180684,0.4404985]",
10836,"[4.016686,0.1793465,0.4404985]",
10837,"[4.083809,0.4684065,0.8255752]",
10838,"[4.081751,0.4579881,0.8489972]",
10839,"[4.081567,0.4579882,0.8927484]",
10840,"[4.080163,0.4579883,0.9242166]",
10841,"[4.078862,0.4579883,0.9328501]",
10842,"[4.077562,0.4579883,0.9424015]",
10843,"[4.077326,0.4579883,0.9462771]",
10844,"[4.077135,0.4579883,0.9514219]",
10845,"[4.07705,0.4579883,0.9537317]",
10846,"[4.076636,0.4579883,0.9584787]",
10847,"[4.076627,0.4579883,0.9610488]",
10848,"[4.076568,0.4579883,0.963246]",
10849,"[4.075789,0.4579883,0.966836]",
10850,"[4.07547,0.4579883,0.968848]",
10851,"[4.074791,0.4579882,0.9734374]",
10852,"[4.074267,0.4579883,0.9754106]",
10853,"[4.073252,0.4579883,0.9784608]",
10854,"[4.072914,0.4579883,0.9794306]",
10855,"[4.072573,0.4579882,0.9806237]",
10856,"[4.094742,0.5514361,1.062498]",
10857,"[4.094587,0.5514361,1.063702]",
10858,"[4.09462,0.5514361,1.064937]",
10859,"[4.094761,0.5514361,1.065536]",
10860,"[4.094987,0.5514361,1.066452]",
10861,"[4.095181,0.5514361,1.06696]",
10862,"[4.09538,0.5514361,1.067445]",
10863,"[4.095673,0.5514361,1.067807]",
10864,"[4.095517,0.5514361,1.067405]",
10865,"[4.094915,0.5514361,1.066262]",
10866,"[4.09448,0.5514361,1.065071]",
10867,"[4.070013,0.4579883,0.9804]",
10868,"[4.06917,0.4579883,0.977879]",
10869,"[4.068176,0.4579883,0.9731684]",
10870,"[4.06787,0.4579883,0.9708227]",
10871,"[4.067808,0.4579882,0.96944]",
10872,"[4.068372,0.4579883,0.9680299]",
10873,"[4.068503,0.4579883,0.967742]",
10874,"[4.068425,0.4579883,0.9673263]",
10875,"[4.068367,0.4579883,0.9673402]",
10876,"[4.060561,0.4579882,0.8717635]",
10877,"[4.058301,0.4579882,0.8491063]",
10878,"[4.061546,0.4742667,0.843934]",
10879,"[4.06235,0.4763843,0.8380786]",
10880,"[4.062848,0.4763843,0.8337686]",
10881,"[4.064181,0.4763843,0.8270513]",
10882,"[4.06543,0.4763843,0.824514]",
10883,"[4.06715,0.4763843,0.8199182]",
10884,"[4.067304,0.4763843,0.8185245]",
10885,"[4.067037,0.4763843,0.8169109]",
10886,"[4.066593,0.4763843,0.8159721]",
10887,"[4.066184,0.4763843,0.815154]",
10888,"[4.065269,0.4763843,0.8141466]",
10889,"[4.064783,0.4763843,0.8137662]",
10890,"[4.063879,0.4763843,0.8131934]",
10891,"[4.063302,0.4763843,0.8128961]",
10892,"[4.062094,0.4763843,0.8129817]",
10893,"[4.061296,0.4763843,0.8134685]",
10894,"[4.047916,0.4579883,0.9568787]",
10895,"[4.07071,0.5514361,1.080129]",
10896,"[4.069614,0.5514361,1.091665]",
10897,"[4.067744,0.5514361,1.101512]",
10898,"[4.066915,0.5514361,1.104464]",
10899,"[4.065687,0.5514361,1.108445]",
10900,"[4.065382,0.5504065,1.108716]",
10901,"[4.064478,0.5471901,1.108716]",
10902,"[4.06395,0.5453726,1.108716]",
10903,"[4.06334,0.5434783,1.108716]",
10904,"[4.063843,0.5403748,1.108716]",
10905,"[4.064108,0.5386795,1.108716]",
10906,"[4.064466,0.5347447,1.108716]",
10907,"[4.064616,0.5327917,1.108716]",
10908,"[4.06519,0.5299968,1.108716]",
10909,"[4.06538,0.5286784,1.108716]",
10910,"[4.065622,0.5270567,1.108716]",
10911,"[4.066108,0.5241315,1.108716]",
10912,"[4.066841,0.5223659,1.108716]",
10913,"[4.069664,0.517573,1.108716]",
10914,"[4.071374,0.5151215,1.108716]",
10915,"[4.090625,0.5032895,1.108716]",
10916,"[4.100679,0.4983873,1.108716]",
10917,"[4.113679,0.4909958,1.108716]",
10918,"[4.117804,0.4885565,1.108716]",
10919,"[4.121525,0.4863363,1.108716]",
10920,"[4.128452,0.4829108,1.108716]",
10921,"[4.131066,0.4818825,1.108716]",
10922,"[4.134828,0.4800681,1.108716]",
10923,"[4.136571,0.4792158,1.108716]",
10924,"[4.138526,0.4782368,1.108716]",
10925,"[4.138878,0.4780418,1.108716]",
10926,"[4.139326,0.4777438,1.108716]",
10927,"[4.14006,0.4778516,1.108716]",
10928,"[4.14063,0.4780655,1.108716]",
10929,"[4.142262,0.4789036,1.108716]",
10930,"[4.143494,0.4798881,1.108716]",
10931,"[4.146003,0.4818328,1.108716]",
10932,"[4.147196,0.4828335,1.108716]",
10933,"[4.148424,0.4840184,1.108716]",
10934,"[4.149079,0.4860603,1.108716]",
10935,"[4.148969,0.4870983,1.108645]",
10936,"[4.14839,0.4867076,1.107004]",
10937,"[4.147662,0.4864815,1.106061]",
10938,"[4.146481,0.4861645,1.104375]",
10939,"[4.14614,0.4869043,1.104403]",
10940,"[4.13849,0.491075,1.104483]",
10941,"[4.131251,0.4966291,1.106406]",
10942,"[4.128829,0.5024885,1.108716]",
10943,"[4.124668,0.5077537,1.108716]",
10944,"[4.123348,0.5100016,1.108716]",
10945,"[4.121195,0.5151088,1.108716]",
10946,"[4.120452,0.5175678,1.108716]",
10947,"[4.120492,0.5220747,1.108716]",
10948,"[4.120496,0.5240974,1.108716]",
10949,"[4.120796,0.52755,1.108716]",
10950,"[4.120953,0.5281548,1.108716]",
10951,"[4.121097,0.5286437,1.108716]",
10952,"[4.121037,0.5304232,1.108716]",
10953,"[4.120826,0.5313408,1.108716]",
10954,"[4.119561,0.5327175,1.108716]",
10955,"[4.118473,0.5339991,1.108716]",
10956,"[4.117447,0.5356477,1.108716]",
10957,"[4.111721,0.5514361,1.097174]",
10958,"[4.107916,0.5514361,1.088246]",
10959,"[4.06383,0.4579883,0.8824533]",
10960,"[4.05948,0.4579882,0.8645368]",
10961,"[4.05547,0.4655105,0.8505814]",
10962,"[4.055488,0.4718391,0.8505617]",
10963,"[4.053577,0.4763843,0.8454952]",
10964,"[4.052082,0.4763843,0.8416744]",
10965,"[4.053622,0.4763843,0.8390803]",
10966,"[4.0555,0.4763843,0.8353103]",
10967,"[4.057042,0.4763843,0.83441]",
10968,"[4.060775,0.4763843,0.8353513]",
10969,"[4.062809,0.4763843,0.8376438]",
10970,"[4.064063,0.4740089,0.8411812]",
10971,"[4.063581,0.4708027,0.8417089]",
10972,"[4.062107,0.4674476,0.843321]",
10973,"[4.061696,0.4675447,0.8437709]",
10974,"[4.06082,0.4690607,0.8447284]",
10975,"[4.059152,0.4759535,0.8465537]",
10976,"[4.056816,0.4763843,0.8416991]",
10977,"[4.048113,0.4763843,0.8252711]",
10978,"[4.042196,0.4763843,0.8149082]",
10979,"[4.032504,0.4763843,0.7977573]",
10980,"[4.029408,0.4763843,0.7933894]",
10981,"[4.026284,0.4763843,0.7882049]",
10982,"[4.026425,0.4763843,0.7834657]",
10983,"[4.026301,0.4763843,0.7802016]",
10984,"[4.028927,0.4763843,0.77556]",
10985,"[4.035317,0.4763843,0.77906]",
10986,"[4.043522,0.4763843,0.7796401]",
10987,"[4.047637,0.4763843,0.7819101]",
10988,"[4.050396,0.4763843,0.7832291]",
10989,"[4.054304,0.4763843,0.7881515]",
10990,"[4.056206,0.4763843,0.7930713]",
10991,"[4.057714,0.4763843,0.7981693]",
10992,"[4.057466,0.4763843,0.8006762]",
10993,"[4.057295,0.4763843,0.8039773]",
10994,"[4.05752,0.4763843,0.8057176]",
10995,"[4.057939,0.4763843,0.8089691]",
10996,"[4.060258,0.4763843,0.8284691]",
10997,"[4.062831,0.4763843,0.8422654]",
10998,"[4.066429,0.4579882,0.8474432]",
10999,"[4.076021,0.4579882,0.8574999]",
11000,"[4.087055,0.4579881,0.8682647]",
11001,"[4.091685,0.4579882,0.8724546]",
11002,"[4.095129,0.4579882,0.8727446]",
11003,"[4.096107,0.4579882,0.8735003]",
11004,"[4.096156,0.4579882,0.8734367]",
11005,"[4.095662,0.4579881,0.8746753]",
11006,"[4.09505,0.4579882,0.8756653]",
11007,"[4.093991,0.4579882,0.8772484]",
11008,"[4.093364,0.4579883,0.8785853]",
11009,"[4.09293,0.4579882,0.8786364]",
11010,"[4.092899,0.4579882,0.8783562]",
11011,"[4.09333,0.4579882,0.8778308]",
11012,"[4.093729,0.4579882,0.8754895]",
11013,"[4.094258,0.4579882,0.8734999]",
11014,"[4.094034,0.4579882,0.8612143]",
11015,"[4.094049,0.4579882,0.8562024]",
11016,"[4.093476,0.4579882,0.8482255]",
11017,"[4.093184,0.4579882,0.8445123]",
11018,"[4.092269,0.4579882,0.8380384]",
11019,"[4.091754,0.4579882,0.8355451]",
11020,"[4.091276,0.4579882,0.8334137]",
11021,"[4.088983,0.4579882,0.8299864]",
11022,"[4.088054,0.4579882,0.8288278]",
11023,"[4.086268,0.4579882,0.8271301]",
11024,"[4.085495,0.4579882,0.8266274]",
11025,"[4.08258,0.4579881,0.8249542]",
11026,"[4.080471,0.4579881,0.8237847]",
11027,"[4.077343,0.4623443,0.8266526]",
11028,"[4.075906,0.4644728,0.828225]",
11029,"[4.075122,0.4658512,0.829082]",
11030,"[4.074238,0.4677782,0.8300492]",
11031,"[4.074002,0.4686113,0.8303078]",
11032,"[4.073802,0.4701411,0.8305273]",
11033,"[4.073726,0.4708275,0.8306094]",
11034,"[4.073697,0.4713538,0.8306418]",
11035,"[4.073944,0.4718075,0.8303711]",
11036,"[4.074107,0.4719628,0.830193]",
11037,"[4.074029,0.4726263,0.8302776]",
11038,"[4.073936,0.4731017,0.8303796]",
11039,"[4.074097,0.4732471,0.8302035]",
11040,"[4.074847,0.4728945,0.8293833]",
11041,"[4.075192,0.4728118,0.8290053]",
11042,"[4.076395,0.4726295,0.8276902]",
11043,"[4.07729,0.4724707,0.8267105]",
11044,"[4.07828,0.472283,0.8256271]",
11045,"[4.079183,0.4716803,0.8246399]",
11046,"[4.081865,0.4679643,0.8217056]",
11047,"[4.08344,0.466215,0.8199822]",
11048,"[4.088003,0.4626024,0.8149914]",
11049,"[4.088568,0.4633294,0.814373]",
11050,"[4.091739,0.5039265,0.8529637]",
11051,"[4.093514,0.5071708,0.8529547]",
11052,"[4.094563,0.5094216,0.853403]",
11053,"[4.093183,0.4694344,0.8093244]",
11054,"[4.093092,0.471259,0.809423]",
11055,"[4.092236,0.4754961,0.8103603]",
11056,"[4.091544,0.4763843,0.8096348]",
11057,"[4.089414,0.4763843,0.8064705]",
11058,"[4.087957,0.4763843,0.8049073]",
11059,"[4.085917,0.4763843,0.8036296]",
11060,"[4.084172,0.4763843,0.8014278]",
11061,"[4.08373,0.4763843,0.7994363]",
11062,"[4.084268,0.4763843,0.7932768]",
11063,"[4.085349,0.4763843,0.7895942]",
11064,"[4.067719,0.2129298,0.5147595]",
11065,"[4.072331,0.2129298,0.5117382]",
11066,"[4.082677,0.2129298,0.5079705]",
11067,"[4.086538,0.2129298,0.5077257]",
11068,"[4.090105,0.2129298,0.5067527]",
11069,"[4.092945,0.2129298,0.5055556]",
11070,"[4.094359,0.2129298,0.5045254]",
11071,"[4.093871,0.2129298,0.5025939]",
11072,"[4.093576,0.2129298,0.5004625]",
11073,"[4.094656,0.2129298,0.4915511]",
11074,"[4.09486,0.2129298,0.4881308]",
11075,"[4.091878,0.1733518,0.4404986]",
11076,"[4.12629,0.5793718,0.8416352]",
11077,"[4.130783,0.6077286,0.8416352]",
11078,"[4.135567,0.6375112,0.8416352]",
11079,"[4.150709,0.8137821,1.025454]",
11080,"[4.154068,0.8394474,1.038986]",
11081,"[4.15532,0.8494358,1.0442]",
11082,"[4.156317,0.8580952,1.047921]",
11083,"[4.157552,0.8686348,1.054363]",
11084,"[4.157432,0.8720502,1.058231]",
11085,"[4.15732,0.879168,1.064383]",
11086,"[4.157319,0.8828365,1.067101]",
11087,"[4.156692,0.8843847,1.069328]",
11088,"[4.15615,0.8817213,1.067087]",
11089,"[4.152039,0.8434016,1.026772]",
11090,"[4.150226,0.8301751,1.015828]",
11091,"[4.134808,0.6717544,0.8416352]",
11092,"[4.132438,0.6627098,0.8416352]",
11093,"[4.131388,0.6583403,0.8416352]",
11094,"[4.128818,0.6477454,0.8416352]",
11095,"[4.127679,0.6425097,0.8416352]",
11096,"[4.121403,0.6088116,0.8416352]",
11097,"[4.079105,0.2129298,0.5430197]",
11098,"[4.078474,0.2129298,0.5752605]",
11099,"[4.103887,0.4571961,0.8305687]",
11100,"[4.103963,0.4579881,0.8435995]",
11101,"[4.10356,0.4579881,0.8627613]",
11102,"[4.102848,0.4579882,0.8712974]",
11103,"[4.101349,0.4579882,0.8912191]",
11104,"[4.100666,0.4579881,0.9001348]",
11105,"[4.100307,0.4579882,0.910283]",
11106,"[4.099733,0.4579883,0.9257674]",
11107,"[4.099294,0.4579883,0.9271157]",
11108,"[4.097912,0.4579883,0.9319279]",
11109,"[4.097494,0.4579883,0.9327627]",
11110,"[4.096709,0.4579883,0.934913]",
11111,"[4.096315,0.4579883,0.9362463]",
11112,"[4.094956,0.4579883,0.9408841]",
11113,"[4.094262,0.4579882,0.9424685]",
11114,"[4.092759,0.4579883,0.9388523]",
11115,"[4.088264,0.4579883,0.9310361]",
11116,"[4.086984,0.4579883,0.9276145]",
11117,"[4.085801,0.4579883,0.9233564]",
11118,"[4.085412,0.4579882,0.9211582]",
11119,"[4.084262,0.4579882,0.9152002]",
11120,"[4.083376,0.4579882,0.9106283]",
11121,"[4.08253,0.4579881,0.9042344]",
11122,"[4.083445,0.4579881,0.8954961]",
11123,"[4.083764,0.4579882,0.8899951]",
11124,"[4.084068,0.4579882,0.8821827]",
11125,"[4.084142,0.4579882,0.8788187]",
11126,"[4.086496,0.4579882,0.8742198]",
11127,"[4.087175,0.4579882,0.8740869]",
11128,"[4.087826,0.4579882,0.8741205]",
11129,"[4.087831,0.4579881,0.8744805]",
11130,"[4.087651,0.4579882,0.8749427]",
11131,"[4.086299,0.4579882,0.8773322]",
11132,"[4.085047,0.4579882,0.8798225]",
11133,"[4.081606,0.4579881,0.8894982]",
11134,"[4.081274,0.5514361,1.091411]",
11135,"[4.07374,0.5165924,1.108716]",
11136,"[4.071115,0.4991933,1.108716]",
11137,"[4.070517,0.4829682,1.108716]",
11138,"[4.070471,0.4718994,1.108716]",
11139,"[4.071379,0.463288,1.108716]",
11140,"[4.074163,0.4465061,1.108716]",
11141,"[4.076353,0.4381233,1.108716]",
11142,"[4.080469,0.4272135,1.108716]",
11143,"[4.082489,0.4230442,1.108716]",
11144,"[4.085954,0.4161417,1.108716]",
11145,"[4.087661,0.4099522,1.108716]",
11146,"[4.086841,0.4097058,1.108716]",
11147,"[4.085094,0.4118614,1.108716]",
11148,"[4.084274,0.4140795,1.108716]",
11149,"[4.082522,0.4176022,1.105686]",
11150,"[4.081122,0.4353692,1.104156]",
11151,"[4.078288,0.447161,1.097636]",
11152,"[4.075682,0.4502757,1.093227]",
11153,"[4.069999,0.4539612,1.084271]",
11154,"[4.067201,0.453256,1.078699]",
11155,"[4.064829,0.4509669,1.072438]",
11156,"[4.059038,0.4387503,1.055295]",
11157,"[4.055989,0.4289192,1.045391]",
11158,"[4.050616,0.4092383,1.024541]",
11159,"[4.04812,0.3980578,1.015107]",
11160,"[4.041424,0.3678743,0.9928994]",
11161,"[4.038268,0.3530995,0.982697]",
11162,"[4.034276,0.3366916,0.9718709]",
11163,"[3.998832,0.1812485,0.8671057]",
11164,"[3.999256,0.1788833,0.8671057]",
11165,"[4.002182,0.1793385,0.8671057]",
11166,"[4.003344,0.1801974,0.8671057]",
11167,"[4.008487,0.1845348,0.8671057]",
11168,"[4.017606,0.1941279,0.8671057]",
11169,"[4.026014,0.1997472,0.8671057]",
11170,"[4.041374,0.2129298,0.8601179]",
11171,"[4.04839,0.2129298,0.849176]",
11172,"[4.058217,0.2129298,0.8328495]",
11173,"[4.062578,0.2129298,0.8253576]",
11174,"[4.068152,0.2129298,0.8143088]",
11175,"[4.068501,0.2129298,0.8083978]",
11176,"[4.070608,0.2129298,0.8004442]",
11177,"[4.07198,0.2129298,0.7980638]",
11178,"[4.073844,0.2129298,0.7959085]",
11179,"[4.077918,0.2129298,0.7924711]",
11180,"[4.077859,0.2129298,0.7922968]",
11181,"[4.074324,0.2129298,0.7936233]",
11182,"[4.069798,0.2129298,0.7944189]",
11183,"[4.062468,0.2129298,0.7932865]",
11184,"[4.059168,0.2129298,0.7912518]",
11185,"[4.049837,0.2129298,0.7811156]",
11186,"[4.045418,0.2129298,0.7745746]",
11187,"[4.039821,0.2129298,0.7666255]",
11188,"[4.059203,0.3255184,0.8502975]",
11189,"[4.055738,0.3311422,0.8502975]",
11190,"[4.049436,0.3394712,0.8502975]",
11191,"[4.047355,0.3421645,0.8502975]",
11192,"[4.040384,0.3471133,0.8502975]",
11193,"[4.029389,0.3348162,0.8502975]",
11194,"[4.010633,0.3173388,0.8502975]",
11195,"[3.971142,0.2129298,0.7740554]",
11196,"[3.964108,0.2129298,0.7827535]",
11197,"[3.955582,0.2129298,0.7984285]",
11198,"[3.911842,0.1,0.7180365]",
11199,"[3.905839,0.1,0.7268585]",
11200,"[3.904895,0.1,0.7308939]",
11201,"[3.902695,0.1,0.7366238]",
11202,"[3.900419,0.1,0.7455961]",
11203,"[3.899482,0.1,0.7487354]",
11204,"[3.900454,0.1,0.7539804]",
11205,"[3.90342,0.1,0.7555217]",
11206,"[3.905059,0.1,0.7581116]",
11207,"[3.90719,0.1,0.7586607]",
11208,"[3.909047,0.1,0.7600619]",
11209,"[3.910348,0.1,0.7609556]",
11210,"[3.913787,0.1,0.7607195]",
11211,"[3.918279,0.1,0.7604422]",
11212,"[3.955736,0.2129298,0.8459388]",
11213,"[3.964519,0.2129298,0.845925]",
11214,"[3.967421,0.2129298,0.8449327]",
11215,"[3.97193,0.2129298,0.8434063]",
11216,"[3.973639,0.2129298,0.843127]",
11217,"[3.974566,0.2129298,0.8436025]",
11218,"[3.973861,0.2129298,0.858849]",
11219,"[3.97316,0.2129298,0.8668315]",
11220,"[3.965498,0.1911173,0.8671057]",
11221,"[3.962617,0.1839595,0.8671057]",
11222,"[3.987072,0.2924361,0.9526141]",
11223,"[3.986565,0.2924361,0.9556347]",
11224,"[3.987202,0.2924361,0.959738]",
11225,"[3.988002,0.2924361,0.9617114]",
11226,"[3.988699,0.2924361,0.9633521]",
11227,"[3.989373,0.2924361,0.9644055]",
11228,"[3.989642,0.2924361,0.9648894]",
11229,"[3.990194,0.2924361,0.9662949]",
11230,"[3.990238,0.2924361,0.9664839]",
11231,"[3.990189,0.2924361,0.9663444]",
11232,"[3.990205,0.2924361,0.9660667]",
11233,"[3.990114,0.2924361,0.9655321]",
11234,"[3.989893,0.2924361,0.9630371]",
11235,"[3.989281,0.2924361,0.9606608]",
11236,"[3.9872,0.2924361,0.9531507]",
11237,"[3.903547,0.1,0.7953291]",
11238,"[3.656802,0.1539834,0.7112715]",
11239,"[3.617196,0.1539836,0.690883]",
11240,"[3.536593,0.2503637,0.6912262]",
11241,"[3.509678,0.2736394,0.6845973]",
11242,"[3.525196,0.3591207,0.7330902]",
11243,"[3.518052,0.4324949,0.7566888]",
11244,"[3.514865,0.4635776,0.7668937]",
11245,"[3.488269,0.4761132,0.7518538]",
11246,"[3.471713,0.4777626,0.7395387]",
11247,"[3.458899,0.4768782,0.7294372]",
11248,"[3.402013,0.4578165,0.6806077]",
11249,"[3.360517,0.4259005,0.6402441]",
11250,"[3.29437,0.4001183,0.6029561]",
11251,"[3.27455,0.4062129,0.6029561]",
11252,"[3.179281,0.4302012,0.6029561]",
11253,"[3.144344,0.4442445,0.6029561]",
11254,"[3.084704,0.4679211,0.6029561]",
11255,"[3.075934,0.4677566,0.6029561]",
11256,"[3.04955,0.4658996,0.6029561]",
11257,"[3.196679,0.6002309,0.7573657]",
11258,"[3.177345,0.6002309,0.7578274]",
11259,"[3.156882,0.600231,0.7783003]",
11260,"[3.162351,0.6002309,0.7907583]",
11261,"[3.141614,0.600231,0.8114668]",
11262,"[3.113468,0.600231,0.8218937]",
11263,"[3.057459,0.5806855,0.8101203]",
11264,"[3.21078,0.7435787,0.9862213]",
11265,"[3.198413,0.7612764,1.010193]",
11266,"[3.184124,0.7856248,1.037891]",
11267,"[3.180323,0.7854336,1.045256]",
11268,"[3.176001,0.7823266,1.053634]",
11269,"[3.175228,0.7798381,1.055133]",
11270,"[3.174026,0.7729856,1.057461]",
11271,"[3.173257,0.7691263,1.058952]",
11272,"[3.175991,0.756354,1.053653]",
11273,"[3.174717,0.7497268,1.056123]",
11274,"[3.17119,0.7530949,1.062959]",
11275,"[3.123305,0.8301991,1.155775]",
11276,"[3.108607,0.8541484,1.184263]",
11277,"[2.716198,0.6501855,1.068524]",
11278,"[2.584817,0.5806855,1.033415]",
11279,"[2.586982,0.5972818,1.060493]",
11280,"[2.604334,0.6160611,1.100219]",
11281,"[2.60826,0.6141213,1.110654]",
11282,"[2.61302,0.6066095,1.12451]",
11283,"[2.614227,0.6013447,1.128809]",
11284,"[2.63309,0.5942996,1.137228]",
11285,"[2.645253,0.5942996,1.137897]",
11286,"[2.660508,0.5942996,1.142143]",
11287,"[2.675309,0.5942996,1.14277]",
11288,"[2.686861,0.5942996,1.14279]",
11289,"[2.712169,0.5942996,1.132786]",
11290,"[2.728418,0.5942996,1.126588]",
11291,"[2.811416,0.62082,1.117649]",
11292,"[3.073851,0.8312054,1.251631]",
11293,"[3.089274,0.8177986,1.221737]",
11294,"[3.095768,0.8148895,1.209148]",
11295,"[3.103536,0.8109441,1.194093]",
11296,"[3.119202,0.8213793,1.163727]",
11297,"[3.127275,0.8374681,1.14808]",
11298,"[3.148578,0.8748057,1.106788]",
11299,"[3.154295,0.8887976,1.095706]",
11300,"[3.187575,0.9059379,1.031201]",
11301,"[3.213658,0.9022206,0.9806445]",
11302,"[3.453614,0.8388305,0.6690942]",
11303,"[3.547605,0.900528,0.7243259]",
11304,"[3.974494,0.5967414,0.4404985]",
11305,"[4.138046,0.7554734,0.7201682]",
11306,"[4.190151,0.8144361,0.8125972]",
11307,"[4.342128,0.7920712,0.7996454]",
11308,"[4.394945,0.7868149,0.7996454]",
11309,"[4.47803,0.8258498,0.7996454]",
11310,"[4.477616,0.8295541,0.7891936]",
11311,"[4.490317,0.8295541,0.7763644]",
11312,"[4.51027,0.8295541,0.7748188]",
11313,"[4.516608,0.8295541,0.7803646]",
11314,"[4.501489,0.8295541,0.7980751]",
11315,"[4.516083,0.8201591,0.7996454]",
11316,"[4.524781,0.7984965,0.7996454]",
11317,"[4.554015,0.7757306,0.7996454]",
11318,"[4.372965,1.291954,1.435927]",
11319,"[4.397802,1.279915,1.443711]",
11320,"[4.420512,1.268648,1.450828]",
11321,"[4.455195,1.249102,1.461697]",
11322,"[4.454392,1.246879,1.461445]",
11323,"[4.457657,1.242483,1.462468]",
11324,"[4.443091,1.245638,1.457904]",
11325,"[4.415378,1.257459,1.449219]",
11326,"[4.4045,1.263587,1.44581]",
11327,"[4.399316,1.269047,1.444185]",
11328,"[4.395081,1.275079,1.442858]",
11329,"[4.410327,1.281042,1.447636]",
11330,"[4.425744,1.28422,1.452467]",
11331,"[4.431192,1.284588,1.454175]",
11332,"[4.436584,1.285879,1.455864]",
11333,"[4.43966,1.286086,1.456828]",
11334,"[4.445422,1.286115,1.458634]",
11335,"[4.448795,1.286911,1.459691]",
11336,"[4.453291,1.28759,1.4611]",
11337,"[4.463284,1.288432,1.464231]",
11338,"[4.468239,1.288322,1.465785]",
11339,"[4.475123,1.288051,1.467942]",
11340,"[4.477704,1.287653,1.46875]",
11341,"[4.481879,1.286902,1.470059]",
11342,"[4.610288,1.091375,1.276171]",
11343,"[4.807054,0.7874001,0.9736173]",
11344,"[4.740627,1.025385,1.405383]",
11345,"[4.740627,1.037075,1.437266]",
11346,"[4.740627,1.050197,1.493045]",
11347,"[4.740627,1.047504,1.506523]",
11348,"[4.762664,1.012404,1.518632]",
11349,"[4.77623,0.9915063,1.518632]",
11350,"[4.796717,0.9636413,1.518632]",
11351,"[4.808008,0.9455888,1.518632]",
11352,"[4.821473,0.9270746,1.518632]",
11353,"[4.825435,0.921138,1.518632]",
11354,"[4.822221,0.924592,1.518632]",
11355,"[4.811819,0.9380106,1.518632]",
11356,"[4.808672,0.9426222,1.518632]",
11357,"[4.804839,0.9497235,1.518632]",
11358,"[4.805354,0.9513686,1.518632]",
11359,"[4.809006,0.9493582,1.518632]",
11360,"[4.880073,0.8902667,1.518632]",
11361,"[4.917202,0.8587551,1.518632]",
11362,"[4.959926,0.8251109,1.520547]",
11363,"[4.967085,0.8251109,1.528826]",
11364,"[4.976286,0.8251109,1.529583]",
11365,"[4.981334,0.8251109,1.530363]",
11366,"[4.984385,0.8251109,1.527819]",
11367,"[4.987988,0.8257001,1.518632]",
11368,"[4.98218,0.8345799,1.518632]",
11369,"[4.973235,0.8478316,1.518632]",
11370,"[4.970177,0.8531806,1.518632]",
11371,"[4.958283,0.8681051,1.518632]",
11372,"[4.952466,0.8747593,1.518632]",
11373,"[4.947749,0.8807353,1.518632]",
11374,"[4.940191,0.891436,1.518632]",
11375,"[4.93631,0.8973054,1.518632]",
11376,"[4.930452,0.9078581,1.518632]",
11377,"[4.804795,1.10288,1.518632]",
11378,"[4.782439,1.13835,1.518632]",
11379,"[4.773748,1.149074,1.518632]",
11380,"[4.765554,1.160278,1.518632]",
11381,"[4.764135,1.16299,1.518632]",
11382,"[4.762804,1.165825,1.518632]",
11383,"[4.758004,1.171674,1.518632]",
11384,"[4.75544,1.173917,1.518632]",
11385,"[4.749141,1.177901,1.518632]",
11386,"[4.745685,1.178768,1.518632]",
11387,"[4.740627,1.174726,1.516337]",
11388,"[4.740627,1.166322,1.509439]",
11389,"[4.740627,1.162509,1.50749]",
11390,"[4.74509,1.163327,1.518632]",
11391,"[4.757309,1.152709,1.518632]",
11392,"[4.874021,0.9557111,1.518632]",
11393,"[4.897361,0.9197088,1.518632]",
11394,"[4.930471,0.8691148,1.518632]",
11395,"[4.944906,0.8466261,1.518632]",
11396,"[4.959454,0.8257896,1.518632]",
11397,"[4.959429,0.825111,1.544449]",
11398,"[4.957889,0.8213209,1.553721]",
11399,"[4.977427,0.7928923,1.558916]",
11400,"[4.989348,0.7746365,1.558501]",
11401,"[4.990748,0.7703474,1.558671]",
11402,"[4.993516,0.7606389,1.559134]",
11403,"[5.002009,0.7304264,1.557818]",
11404,"[4.989334,0.6940052,1.652116]",
11405,"[5.002766,0.6432336,1.656325]",
11406,"[5.016772,0.5773456,1.651042]",
11407,"[5.014001,0.5773456,1.66538]",
11408,"[5.013362,0.5773456,1.676027]",
11409,"[5.014369,0.5725848,1.6789]",
11410,"[5.012181,0.5520421,1.678214]",
11411,"[5.008596,0.536749,1.677091]",
11412,"[5.092543,0.2046776,1.474269]",
11413,"[5.07198,0.2046776,1.485404]",
11414,"[5.076518,0.2046776,1.476284]",
11415,"[5.105599,0.2046776,1.448133]",
11416,"[5.017514,0.521509,1.679885]",
11417,"[5.01454,0.5402955,1.678953]",
11418,"[5.00562,0.5399185,1.676158]",
11419,"[4.98799,0.5478599,1.670633]",
11420,"[4.978438,0.5498711,1.66764]",
11421,"[4.970007,0.5470972,1.664998]",
11422,"[4.960569,0.5341117,1.66204]",
11423,"[4.957673,0.5315814,1.661132]",
11424,"[5.06754,0.2046776,1.325037]",
11425,"[5.073131,0.2046776,1.332227]",
11426,"[5.08259,0.2046776,1.337408]",
11427,"[5.092293,0.2046776,1.328228]",
11428,"[5.117867,0.2046776,1.307789]",
11429,"[5.127127,0.2046776,1.298746]",
11430,"[5.133379,0.2046776,1.294521]",
11431,"[5.158062,0.2046776,1.2641]",
11432,"[5.16804,0.2046776,1.255268]",
11433,"[5.198147,0.2046776,1.217677]",
11434,"[5.016706,0.5213705,1.679632]",
11435,"[5.025061,0.530748,1.682251]",
11436,"[5.027918,0.5333162,1.683146]",
11437,"[5.031209,0.5354873,1.684177]",
11438,"[5.031227,0.5357994,1.684183]",
11439,"[5.031188,0.53594,1.684171]",
11440,"[5.024376,0.5412337,1.682036]",
11441,"[5.015228,0.5488417,1.679169]",
11442,"[5.004768,0.5579289,1.675891]",
11443,"[4.991832,0.5711532,1.671837]",
11444,"[4.985633,0.5766207,1.669895]",
11445,"[4.976001,0.5773456,1.661678]",
11446,"[4.969078,0.5773456,1.659257]",
11447,"[4.958929,0.5764511,1.661526]",
11448,"[4.955142,0.5729413,1.66034]",
11449,"[4.939827,0.5769373,1.65554]",
11450,"[4.932534,0.5773456,1.644524]",
11451,"[4.917615,0.5773456,1.618122]",
11452,"[4.892585,0.5773456,1.615162]",
11453,"[4.872674,0.5773456,1.610803]",
11454,"[4.8267,0.562224,1.620088]",
11455,"[4.810709,0.5510067,1.615077]",
11456,"[4.786984,0.5467007,1.607642]",
11457,"[4.782253,0.5402979,1.606159]",
11458,"[4.772245,0.5474792,1.603023]",
11459,"[4.762785,0.561,1.600058]",
11460,"[4.755555,0.570093,1.597793]",
11461,"[4.732317,0.5773456,1.565016]",
11462,"[4.685696,0.5773456,1.543307]",
11463,"[4.633535,0.5773456,1.512259]",
11464,"[4.606318,0.5773456,1.506736]",
11465,"[4.577072,0.5773456,1.517507]",
11466,"[4.566484,0.5773456,1.524637]",
11467,"[4.565945,0.5773456,1.536366]",
11468,"[4.55867,0.5590758,1.536093]",
11469,"[4.552841,0.5515059,1.534266]",
11470,"[4.530981,0.5652352,1.527416]",
11471,"[4.370718,0.1,0.9630512]",
11472,"[4.362351,0.1,0.9841045]",
11473,"[4.352923,0.1,0.9938694]",
11474,"[4.341534,0.1,1.001483]",
11475,"[4.339523,0.1,0.9989065]",
11476,"[4.342489,0.1,0.9941607]",
11477,"[4.333889,0.1,0.9985076]",
11478,"[4.332471,0.1,1.011975]",
11479,"[4.346696,0.1,1.032326]",
11480,"[4.369931,0.1,1.046239]",
11481,"[4.371006,0.1,1.075129]",
11482,"[4.362163,0.1,1.079556]",
11483,"[4.349454,0.1,1.077999]",
11484,"[4.346974,0.1,1.075165]",
11485,"[4.352432,0.1,1.049984]",
11486,"[4.353346,0.1,1.024537]",
11487,"[4.355754,0.1,0.9999503]",
11488,"[4.363529,0.1,0.9709326]",
11489,"[4.368312,0.1,0.9596872]",
11490,"[4.374386,0.1,0.9456621]",
11491,"[4.393589,0.1,0.9128094]",
11492,"[4.403614,0.1,0.8960753]",
11493,"[4.454507,0.1,0.8041015]",
11494,"[4.470296,0.1,0.7699252]",
11495,"[4.506321,0.1,0.7142988]",
11496,"[4.522607,0.1,0.6942541]",
11497,"[4.554911,0.1,0.6759063]",
11498,"[4.571328,0.1,0.6701703]",
11499,"[4.597152,0.1,0.6808651]",
11500,"[4.60615,0.1,0.696834]",
11501,"[4.609903,0.1,0.7026744]",
11502,"[4.614017,0.1,0.7129394]",
11503,"[4.615822,0.1,0.7170623]",
11504,"[4.67798,0.1,0.7065176]",
11505,"[4.789576,0.1,0.6885198]",
11506,"[4.858767,0.1,0.6783653]",
11507,"[4.872374,0.1,0.6758446]",
11508,"[4.880746,0.1,0.6715858]",
11509,"[4.883083,0.1,0.6713592]",
11510,"[4.883878,0.1,0.673921]",
11511,"[4.888527,0.1,0.6769989]",
11512,"[4.888789,0.1,0.6811223]",
11513,"[4.89358,0.1,0.6924339]",
11514,"[4.897771,0.1,0.6972297]",
11515,"[4.941706,0.1,0.6824251]",
11516,"[4.987484,0.1,0.649134]",
11517,"[4.562,0.5967594,1.187474]",
11518,"[4.562149,0.6288196,1.187001]",
11519,"[4.564952,0.6362818,1.178053]",
11520,"[4.567205,0.6484857,1.170864]",
11521,"[4.565473,0.6570663,1.176392]",
11522,"[4.560432,0.6659907,1.192478]",
11523,"[4.55808,0.6712141,1.199985]",
11524,"[4.550327,0.6812603,1.224724]",
11525,"[4.54689,0.6807225,1.23569]",
11526,"[4.547215,0.6733494,1.234653]",
11527,"[4.54607,0.655795,1.238309]",
11528,"[4.543997,0.651145,1.244923]",
11529,"[4.536221,0.6410905,1.269735]",
11530,"[4.483027,0.6390156,1.439477]",
11531,"[4.476035,0.6376046,1.461791]",
11532,"[4.486111,0.6154595,1.471385]",
11533,"[4.489625,0.606384,1.472487]",
11534,"[4.55724,0.5350546,1.426007]",
11535,"[4.55795,0.5257405,1.423743]",
11536,"[4.90118,0.2046776,1.19392]",
11537,"[4.897072,0.2046776,1.193782]",
11538,"[4.878682,0.2046776,1.197182]",
11539,"[4.864881,0.2046776,1.20395]",
11540,"[4.853693,0.2046776,1.208738]",
11541,"[4.834755,0.2046776,1.223675]",
11542,"[4.831452,0.2046776,1.228824]",
11543,"[4.822001,0.2046776,1.251368]",
11544,"[4.823422,0.2046776,1.258407]",
11545,"[4.900692,0.2291179,1.36297]",
11546,"[4.960843,0.2046776,1.370395]",
11547,"[5.026176,0.2046776,1.427451]",
11548,"[5.065195,0.2046776,1.468258]",
11549,"[5.07643,0.2046776,1.484467]",
11550,"[5.089859,0.2046776,1.507208]",
11551,"[5.096038,0.2046776,1.517298]",
11552,"[5.10472,0.2046776,1.525649]",
11553,"[5.11113,0.2046776,1.534141]",
11554,"[5.116767,0.2046776,1.536284]",
11555,"[5.133651,0.2046776,1.541013]",
11556,"[5.142393,0.2046776,1.542554]",
11557,"[5.15542,0.2046776,1.545455]",
11558,"[5.160768,0.2046776,1.547153]",
11559,"[5.168952,0.2046776,1.550622]",
11560,"[5.171088,0.2046776,1.548465]",
11561,"[5.181708,0.2046776,1.550157]",
11562,"[5.340395,0.1,1.50131]",
11563,"[5.346364,0.1,1.503211]",
11564,"[5.341664,0.1,1.503243]",
11565,"[5.337139,0.1,1.500862]",
11566,"[5.18296,0.2046776,1.551547]",
11567,"[5.178417,0.2046776,1.547631]",
11568,"[5.17532,0.2046776,1.539146]",
11569,"[5.174203,0.2046776,1.53662]",
11570,"[5.173535,0.2046776,1.535606]",
11571,"[5.165714,0.2046776,1.531344]",
11572,"[5.156612,0.2046776,1.525658]",
11573,"[5.138429,0.2046776,1.515711]",
11574,"[5.131307,0.2046776,1.512425]",
11575,"[5.123006,0.2046776,1.509809]",
11576,"[5.113296,0.2046776,1.506233]",
11577,"[5.106808,0.2046776,1.504485]",
11578,"[5.098308,0.2046776,1.504273]",
11579,"[5.094929,0.2046776,1.505211]",
11580,"[5.088142,0.2046776,1.507285]",
11581,"[5.084457,0.2046776,1.504379]",
11582,"[5.092679,0.2046776,1.511906]",
11583,"[5.100347,0.2046776,1.518363]",
11584,"[5.109865,0.2046776,1.529542]",
11585,"[5.111526,0.2046776,1.533712]",
11586,"[5.112448,0.2046776,1.536263]",
11587,"[5.113738,0.2046776,1.539946]",
11588,"[5.113602,0.2046776,1.541295]",
11589,"[5.115119,0.2046776,1.542839]",
11590,"[5.115851,0.2046776,1.542777]",
11591,"[5.115853,0.2046776,1.542788]",
11592,"[5.11556,0.2046776,1.542693]",
11593,"[5.115066,0.2046776,1.542293]",
11594,"[5.11762,0.2046776,1.537013]",
11595,"[5.118855,0.2046776,1.531472]",
11596,"[5.122823,0.2046776,1.518526]",
11597,"[5.126018,0.2046776,1.509008]",
11598,"[5.132394,0.2046776,1.489227]",
11599,"[5.13597,0.2046776,1.47673]",
11600,"[5.146173,0.2046776,1.444539]",
11601,"[4.784481,0.5330221,1.606857]",
11602,"[4.758906,0.5749492,1.598843]",
11603,"[4.746441,0.6194765,1.575998]",
11604,"[4.733308,0.645333,1.571883]",
11605,"[4.704947,0.6971017,1.562995]",
11606,"[4.691063,0.7210776,1.558644]",
11607,"[4.661561,0.7693385,1.549398]",
11608,"[4.654557,0.7874001,1.53819]",
11609,"[4.825028,0.6564262,1.365213]",
11610,"[4.825643,0.6470447,1.352919]",
11611,"[4.823732,0.6494263,1.336906]",
11612,"[4.816004,0.6683533,1.290951]",
11613,"[4.811088,0.6830102,1.267019]",
11614,"[4.50725,0.9796434,1.47801]",
11615,"[4.450888,1.026448,1.460347]",
11616,"[4.428129,1.074498,1.453215]",
11617,"[4.458788,1.03666,1.349204]",
11618,"[4.484949,1.010314,1.265726]",
11619,"[4.397213,1.125419,1.443526]",
11620,"[4.396339,1.138624,1.443252]",
11621,"[4.396627,1.163222,1.443343]",
11622,"[4.364177,1.165283,1.433173]",
11623,"[4.532405,0.7848191,0.7996454]",
11624,"[4.489825,0.8083746,0.7996454]",
11625,"[4.46097,0.8295541,0.7982116]",
11626,"[4.456601,0.8295541,0.7866457]",
11627,"[4.451821,0.8295541,0.7937152]",
11628,"[4.443789,0.8295541,0.794941]",
11629,"[4.435852,0.8224833,0.7996454]",
11630,"[4.418299,0.8116194,0.7996454]",
11631,"[4.40781,0.8088828,0.7996454]",
11632,"[4.385247,0.8030716,0.7996454]",
11633,"[4.377337,0.7993755,0.7996454]",
11634,"[4.377217,0.7980183,0.7996454]",
11635,"[4.481148,0.8295541,0.6857877]",
11636,"[4.512177,0.8295541,0.6373664]",
11637,"[4.53745,0.8295541,0.5929515]",
11638,"[4.362282,1.335367,1.43258]",
11639,"[4.363406,1.35122,1.432932]",
11640,"[4.362169,1.359355,1.432544]",
11641,"[4.554498,0.8295541,0.4739341]",
11642,"[4.53932,0.8295541,0.4452177]",
11643,"[4.52013,0.8295541,0.4266413]",
11644,"[4.042159,0.9980045,0.7497958]",
11645,"[4.001233,0.990458,0.7417537]",
11646,"[3.683629,0.5464658,0.05000045]",
11647,"[3.616713,0.5361789,0.05000033]",
11648,"[3.680405,0.8435792,0.5564952]",
11649,"[3.664508,0.8617106,0.5804717]",
11650,"[3.642427,0.8841138,0.6126777]",
11651,"[3.621977,0.9005883,0.6416213]",
11652,"[3.619181,0.8993251,0.6455901]",
11653,"[3.583621,0.9246971,0.695928]",
11654,"[3.577558,0.9318864,0.7045013]",
11655,"[3.461377,0.9079351,0.6853348]",
11656,"[3.306319,0.8466511,0.6029561]",
11657,"[3.177281,0.8313408,0.6029561]",
11658,"[2.80808,0.9206412,0.9154007]",
11659,"[2.05,0.8856425,1.278177]",
11660,"[2.049999,1.010873,1.681038]",
11661,"[2.049999,1.05022,1.828175]",
11662,"[2.050001,1.064997,2.326641]",
11663,"[2.050001,1.069419,2.437709]",
11664,"[2.05,1.05073,2.772674]",
11665,"[2.05,1.051041,2.881701]",
11666,"[2.05,1.038192,3.016628]",
11667,"[2.05,0.9849807,3.249996]",
11668,"[2.05,0.9563754,3.348656]",
11669,"[2.05,0.9154986,3.506279]",
11670,"[2.05,0.9001824,3.587126]",
11671,"[2.05,0.881166,3.613718]",
11672,"[2.05,0.8705804,3.594544]",
11673,"[2.05,0.8627918,3.58868]",
11674,"[2.05,0.842389,3.550748]",
11675,"[2.05,0.8353478,3.535067]",
11676,"[2.05,0.8147122,3.430312]",
11677,"[2.05,0.8088379,3.324428]",
11678,"[2.05,0.7953846,3.241358]",
11679,"[2.05,0.7797445,3.151765]",
11680,"[2.05,0.7654775,3.096735]",
11681,"[2.05,0.7310735,2.96716]",
11682,"[2.05,0.718164,2.933717]",
11683,"[2.05,0.689109,2.850158]",
11684,"[2.05,0.5571751,2.601861]",
11685,"[2.312844,0.6298806,2.359609]",
11686,"[2.351323,0.6298806,2.303232]",
11687,"[2.374371,0.6298806,2.275433]",
11688,"[2.407836,0.6298806,2.244932]",
11689,"[2.414668,0.6298806,2.240245]",
11690,"[2.431777,0.6298806,2.222826]",
11691,"[2.44026,0.6298806,2.212246]",
11692,"[2.45446,0.6298806,2.19386]",
11693,"[2.461121,0.6298806,2.181773]",
11694,"[2.465079,0.6298806,2.145685]",
11695,"[2.400962,0.5806857,2.110167]",
11696,"[2.38782,0.5806857,2.092621]",
11697,"[2.521674,0.6999983,2.064065]",
11698,"[2.551583,0.7300065,2.046766]",
11699,"[2.582138,0.7605583,2.029116]",
11700,"[2.582863,0.7637942,2.028176]",
11701,"[2.547616,0.7531236,2.043445]",
11702,"[2.53268,0.7479491,2.05005]",
11703,"[2.52106,0.7441375,2.055145]",
11704,"[2.588751,0.735692,2.031819]",
11705,"[2.633843,0.7312294,2.01604]",
11706,"[2.655043,0.5806856,1.928294]",
11707,"[2.707373,0.5806856,1.919672]",
11708,"[2.802198,0.5806856,1.909858]",
11709,"[2.836918,0.5806856,1.909889]",
11710,"[2.910129,0.5806856,1.918986]",
11711,"[2.955809,0.5806856,1.929995]",
11712,"[3.014137,0.5806856,1.944823]",
11713,"[3.109198,0.5806856,1.969132]",
11714,"[3.273594,0.6002312,1.957997]",
11715,"[3.067374,0.1,1.788306]",
11716,"[3.100987,0.1014912,1.78144]",
11717,"[3.157116,0.1001109,1.780764]",
11718,"[3.158115,0.1,1.781198]",
11719,"[3.163576,0.1,1.784231]",
11720,"[3.188793,0.1,1.798538]",
11721,"[3.189459,0.1,1.799191]",
11722,"[3.181013,0.1,1.795171]",
11723,"[3.17266,0.1,1.790511]",
11724,"[3.128757,0.1333931,1.781005]",
11725,"[3.121966,0.1476557,1.781044]",
11726,"[3.129809,0.1739909,1.780868]",
11727,"[3.141082,0.1900401,1.780682]",
11728,"[3.151029,0.2033886,1.780521]",
11729,"[3.172543,0.232988,1.780169]",
11730,"[3.178785,0.2496326,1.780042]",
11731,"[3.186588,0.2709781,1.779882]",
11732,"[3.189124,0.2841766,1.779811]",
11733,"[3.188858,0.3112055,1.779731]",
11734,"[3.185903,0.322474,1.779732]",
11735,"[3.295625,0.5492603,1.856584]",
11736,"[3.295645,0.5605914,1.858729]",
11737,"[3.295659,0.5665191,1.860281]",
11738,"[3.295687,0.5674475,1.863448]",
11739,"[3.295706,0.5604643,1.865558]",
11740,"[3.295696,0.5325168,1.864447]",
11741,"[3.295692,0.5206679,1.86399]",
11742,"[3.156941,0.258483,1.78028]",
11743,"[3.161202,0.2591153,1.780226]",
11744,"[3.166578,0.2597479,1.780159]",
11745,"[3.183129,0.2719458,1.779921]",
11746,"[3.191014,0.2816756,1.779796]",
11747,"[3.208442,0.2972743,1.779537]",
11748,"[3.218879,0.3039312,1.77939]",
11749,"[3.245262,0.3007075,1.77908]",
11750,"[3.258482,0.3027179,1.778914]",
11751,"[3.275797,0.3018385,1.778707]",
11752,"[3.291218,0.3108782,1.778493]",
11753,"[3.298487,0.3124354,1.7784]",
11754,"[3.307287,0.3196587,1.778271]",
11755,"[3.312444,0.3192263,1.77821]",
11756,"[3.324743,0.302748,1.778112]",
11757,"[3.120225,0.1,1.795966]",
11758,"[3.063268,0.1,1.868612]",
11759,"[3.044969,0.1,1.890504]",
11760,"[3.029582,0.1,1.908563]",
11761,"[3.009643,0.1,1.931212]",
11762,"[2.985396,0.1,1.937851]",
11763,"[2.954956,0.1,1.949805]",
11764,"[2.94361,0.1044249,1.953865]",
11765,"[2.922601,0.1135375,1.966032]",
11766,"[2.909743,0.1173328,1.975283]",
11767,"[2.899859,0.1189979,1.983661]",
11768,"[2.871259,0.1514503,1.979929]",
11769,"[2.861359,0.1645656,1.976734]",
11770,"[2.867657,0.2086407,1.963853]",
11771,"[2.874641,0.2276148,1.956741]",
11772,"[3.296557,0.5579142,1.959581]",
11773,"[3.296454,0.5689763,1.948227]",
11774,"[3.296374,0.5754143,1.939355]",
11775,"[3.296224,0.575086,1.922734]",
11776,"[3.29616,0.5719501,1.915719]",
11777,"[3.296086,0.5716976,1.907478]",
11778,"[3.296027,0.5705291,1.901011]",
11779,"[3.295936,0.5625086,1.890934]",
11780,"[3.295896,0.5563437,1.886483]",
11781,"[3.295838,0.5452031,1.880124]",
11782,"[3.295855,0.5368831,1.881973]",
11783,"[3.295878,0.5272998,1.884568]",
11784,"[3.296887,0.5316194,1.996118]",
11785,"[3.297573,0.5358456,2.07194]",
11786,"[3.297916,0.54201,2.10989]",
11787,"[3.298009,0.5439456,2.120167]",
11788,"[3.298195,0.5421193,2.140661]",
11789,"[3.298291,0.5416744,2.151329]",
11790,"[3.298361,0.5411246,2.159058]",
11791,"[3.298563,0.5415179,2.181336]",
11792,"[3.298622,0.5399777,2.187906]",
11793,"[3.298764,0.5384371,2.203612]",
11794,"[3.298866,0.5385723,2.214789]",
11795,"[3.299045,0.5432863,2.234591]",
11796,"[3.299119,0.5477573,2.242744]",
11797,"[3.299284,0.5539858,2.26107]",
11798,"[3.2994,0.558335,2.273891]",
11799,"[3.299728,0.5540358,2.310148]",
11800,"[3.30021,0.5372757,2.363453]",
11801,"[3.300392,0.5302448,2.383529]",
11802,"[3.300663,0.5197868,2.413443]",
11803,"[3.300812,0.5201207,2.430008]",
11804,"[3.101255,0.4000613,2.554028]",
11805,"[3.106451,0.3990713,2.558384]",
11806,"[3.110548,0.3980149,2.565283]",
11807,"[3.08868,0.3665367,2.59281]",
11808,"[3.043541,0.3321745,2.629771]",
11809,"[3.084789,0.3455755,2.613565]",
11810,"[3.107484,0.3468908,2.604648]",
11811,"[3.118701,0.3329397,2.616049]",
11812,"[3.120945,0.3246169,2.62176]",
11813,"[3.125099,0.3127204,2.632334]",
11814,"[3.12812,0.3072897,2.640022]",
11815,"[3.132048,0.3023667,2.65002]",
11816,"[3.142063,0.2920536,2.67551]",
11817,"[3.146719,0.2872241,2.687359]",
11818,"[3.157539,0.2768326,2.714898]",
11819,"[3.17095,0.2632316,2.749032]",
11820,"[3.179218,0.2565608,2.770076]",
11821,"[3.180322,0.2554784,2.772886]",
11822,"[3.180233,0.2556689,2.772659]",
11823,"[3.180267,0.2546599,2.772744]",
11824,"[3.179088,0.2553493,2.769743]",
11825,"[3.175071,0.2569416,2.759519]",
11826,"[3.172103,0.257936,2.751966]",
11827,"[3.161484,0.2597941,2.724939]",
11828,"[3.157103,0.2578539,2.713789]",
11829,"[3.15195,0.2570868,2.700674]",
11830,"[3.144357,0.2598948,2.681347]",
11831,"[3.14114,0.2621147,2.673162]",
11832,"[3.136739,0.2643972,2.661961]",
11833,"[3.13461,0.2645064,2.656539]",
11834,"[3.12968,0.2664215,2.643993]",
11835,"[3.126901,0.2644159,2.63692]",
11836,"[3.11443,0.2463461,2.605179]",
11837,"[2.959235,0.1,2.652514]",
11838,"[3.124216,0.2407609,2.525596]",
11839,"[3.159382,0.1,2.12367]",
11840,"[3.151502,0.1,2.102171]",
11841,"[3.071394,0.1006082,1.781801]",
11842,"[3.350585,0.3971654,1.734631]",
11843,"[3.349628,0.4038097,1.685548]",
11844,"[3.349139,0.4072043,1.660366]",
11845,"[3.348714,0.4088598,1.632914]",
11846,"[3.348794,0.3978232,1.591596]",
11847,"[3.348921,0.3968631,1.597772]",
11848,"[3.349234,0.3948625,1.614586]",
11849,"[3.349309,0.3951694,1.622014]",
11850,"[3.34956,0.3950452,1.641897]",
11851,"[3.349677,0.3940675,1.647231]",
11852,"[3.350294,0.3892796,1.676742]",
11853,"[3.350351,0.3889164,1.679818]",
11854,"[3.350531,0.3880718,1.690793]",
11855,"[3.350696,0.3886812,1.706904]",
11856,"[3.3507,0.3899287,1.712664]",
11857,"[3.34953,0.4143946,1.723494]",
11858,"[3.348771,0.4297647,1.728335]",
11859,"[3.347907,0.4468708,1.732089]",
11860,"[3.34765,0.4522807,1.734668]",
11861,"[3.347434,0.4568313,1.736768]",
11862,"[3.347102,0.4642574,1.741991]",
11863,"[3.346983,0.4671846,1.745019]",
11864,"[3.34693,0.4697624,1.751878]",
11865,"[3.3469,0.4708476,1.754078]",
11866,"[3.346822,0.4736002,1.759722]",
11867,"[3.346774,0.4752125,1.76279]",
11868,"[3.346662,0.4780301,1.765921]",
11869,"[3.346586,0.4795527,1.766299]",
11870,"[3.346491,0.4813465,1.766367]",
11871,"[3.34618,0.4858987,1.760779]",
11872,"[3.3459,0.4890386,1.751545]",
11873,"[3.345109,0.4955524,1.71541]",
11874,"[3.183034,0.3106757,1.161842]",
11875,"[3.055314,0.1692951,0.6029561]",
11876,"[3.109764,0.229834,0.6029561]",
11877,"[3.174355,0.3007396,0.6029561]",
11878,"[3.198261,0.3262265,0.6029561]",
11879,"[3.204409,0.3287038,0.6029561]",
11880,"[3.210577,0.3234457,0.6029561]",
11881,"[3.210396,0.3175901,0.6029561]",
11882,"[3.205026,0.2946248,0.6029561]",
11883,"[3.202041,0.2814909,0.6029561]",
11884,"[3.186099,0.2385751,0.6029561]",
11885,"[3.172135,0.2081825,0.6029561]",
11886,"[3.165296,0.1898078,0.6029561]",
11887,"[3.150818,0.1628246,0.6029561]",
11888,"[3.144142,0.1523256,0.6029561]",
11889,"[3.115229,0.1206731,0.6029561]",
11890,"[3.106863,0.1120449,0.6029561]",
11891,"[3.086082,0.1,0.6132693]",
11892,"[3.079683,0.1,0.6253838]",
11893,"[3.071735,0.1,0.6382186]",
11894,"[3.067853,0.1,0.64183]",
11895,"[3.064857,0.1,0.6442484]",
11896,"[3.059103,0.1,0.6476322]",
11897,"[3.055133,0.1,0.648859]",
11898,"[3.048492,0.1,0.6488161]",
11899,"[3.047461,0.1,0.650054]",
11900,"[3.046532,0.1,0.6540145]",
11901,"[3.044386,0.1,0.6560378]",
11902,"[3.038672,0.1,0.6593592]",
11903,"[3.025057,0.1,0.6717586]",
11904,"[3.017857,0.1,0.6840708]",
11905,"[3.178302,0.3297617,1.164847]",
11906,"[3.146553,0.3118995,1.185014]",
11907,"[3.340743,0.5597941,1.638377]",
11908,"[3.340725,0.5652173,1.660477]",
11909,"[3.340742,0.5696469,1.68108]",
11910,"[3.340834,0.5690739,1.686104]",
11911,"[3.340924,0.5683016,1.690057]",
11912,"[3.341216,0.5643263,1.696603]",
11913,"[3.341383,0.5616605,1.698613]",
11914,"[3.341611,0.5576879,1.700005]",
11915,"[3.341678,0.5555678,1.696252]",
11916,"[3.341695,0.5545288,1.693117]",
11917,"[3.341556,0.5550433,1.684039]",
11918,"[3.341394,0.5566561,1.67781]",
11919,"[3.341012,0.5616652,1.668389]",
11920,"[3.340751,0.5655726,1.664082]",
11921,"[3.340357,0.571575,1.658027]",
11922,"[3.340241,0.5737942,1.658239]",
11923,"[3.340201,0.5755812,1.662721]",
11924,"[3.340618,0.5686929,1.666845]",
11925,"[3.340975,0.5628434,1.670483]",
11926,"[3.341817,0.5490291,1.679183]",
11927,"[3.342212,0.5422801,1.682089]",
11928,"[3.342782,0.5320205,1.684058]",
11929,"[3.34289,0.5290832,1.680076]",
11930,"[3.341532,0.534928,1.594748]",
11931,"[3.341281,0.5336199,1.568662]",
11932,"[3.340997,0.5334045,1.544568]",
11933,"[3.340954,0.5274278,1.515106]",
11934,"[3.340854,0.5258166,1.49996]",
11935,"[3.340543,0.5278257,1.483398]",
11936,"[3.340425,0.5278925,1.474014]",
11937,"[3.340269,0.5278472,1.461143]",
11938,"[3.3402,0.5281885,1.457024]",
11939,"[3.340048,0.5292002,1.449013]",
11940,"[3.340001,0.528962,1.444132]",
11941,"[3.339859,0.5308817,1.440931]",
11942,"[3.339569,0.5354964,1.437292]",
11943,"[3.339505,0.5364019,1.436035]",
11944,"[3.339478,0.5354229,1.429518]",
11945,"[3.339512,0.533877,1.425609]",
11946,"[3.338406,0.5535232,1.420737]",
11947,"[3.338012,0.5603321,1.418162]",
11948,"[3.337511,0.5698941,1.41887]",
11949,"[3.337313,0.5739808,1.420447]",
11950,"[3.337139,0.5773803,1.421029]",
11951,"[3.336878,0.5833325,1.425582]",
11952,"[3.336783,0.5853858,1.426744]",
11953,"[3.336516,0.5910988,1.429822]",
11954,"[3.336381,0.5943164,1.432798]",
11955,"[3.336228,0.5980347,1.436392]",
11956,"[3.336179,0.599204,1.437522]",
11957,"[3.336144,0.5999343,1.43782]",
11958,"[3.336101,0.6013528,1.440465]",
11959,"[3.336062,0.6021919,1.440935]",
11960,"[3.335917,0.6050025,1.441338]",
11961,"[3.332794,0.6048726,1.439053]",
11962,"[3.368823,0.629594,1.464502]",
11963,"[3.565144,0.7511146,1.605002]",
11964,"[3.730512,0.851714,1.721907]",
11965,"[3.707895,0.8380449,1.705865]",
11966,"[3.70311,0.8350766,1.702483]",
11967,"[3.694741,0.8290182,1.694836]",
11968,"[3.689129,0.8256661,1.690871]",
11969,"[3.680061,0.818638,1.681329]",
11970,"[3.674955,0.8156834,1.677737]",
11971,"[3.658623,0.806514,1.664898]",
11972,"[3.648948,0.80116,1.656736]",
11973,"[3.637533,0.7969805,1.647614]",
11974,"[3.638022,0.7977006,1.646442]",
11975,"[3.669393,0.8164673,1.666605]",
11976,"[3.710678,0.8415223,1.69472]",
11977,"[3.711929,0.8423703,1.695783]",
11978,"[3.694516,0.8324174,1.683182]",
11979,"[3.686397,0.8270918,1.676591]",
11980,"[3.671353,0.8172068,1.66587]",
11981,"[3.667156,0.8140832,1.663249]",
11982,"[3.666683,0.8124157,1.661986]",
11983,"[3.670549,0.81218,1.662774]",
11984,"[3.671482,0.8115942,1.662502]",
11985,"[3.667949,0.8063903,1.658588]",
11986,"[3.662867,0.8016387,1.65485]",
11987,"[3.657071,0.7948847,1.650444]",
11988,"[3.654355,0.7923265,1.648073]",
11989,"[3.651354,0.7894621,1.644815]",
11990,"[3.632905,0.7778128,1.631905]",
11991,"[3.608423,0.7625453,1.614904]",
11992,"[3.586478,0.7483059,1.599282]",
11993,"[3.291506,0.5687677,1.401219]",
11994,"[3.291512,0.5669283,1.401847]",
11995,"[3.291512,0.5661816,1.40183]",
11996,"[3.291509,0.5623177,1.401559]",
11997,"[3.291512,0.5573983,1.401899]",
11998,"[3.291514,0.5510897,1.402075]",
11999,"[3.312473,0.5227654,1.417343]",
12000,"[3.34083,0.5244336,1.43749]",
12001,"[3.343165,0.5068066,1.441778]",
12002,"[3.343519,0.5007035,1.443685]",
12003,"[3.343885,0.4947467,1.448458]",
12004,"[3.343933,0.4940163,1.44963]",
12005,"[3.344,0.4930722,1.452255]",
12006,"[3.344015,0.49292,1.453327]",
12007,"[3.34401,0.493077,1.45427]",
12008,"[3.343965,0.494076,1.456611]",
12009,"[3.343934,0.4947528,1.458201]",
12010,"[3.343883,0.4958484,1.460562]",
12011,"[3.343832,0.4969071,1.462517]",
12012,"[3.343715,0.499265,1.466221]",
12013,"[3.34366,0.5003763,1.468097]",
12014,"[3.343616,0.501311,1.469994]",
12015,"[3.343575,0.5022685,1.472815]",
12016,"[3.343573,0.5023587,1.473281]",
12017,"[3.343538,0.5030924,1.474714]",
12018,"[3.343553,0.5028079,1.474545]",
12019,"[3.343616,0.5016096,1.473464]",
12020,"[3.343635,0.5012615,1.4731]",
12021,"[3.343647,0.5010081,1.472752]",
12022,"[3.343806,0.4979779,1.469645]",
12023,"[3.343891,0.4963332,1.467843]",
12024,"[3.344018,0.4939206,1.465334]",
12025,"[3.344068,0.4929675,1.464542]",
12026,"[3.344206,0.4904827,1.463498]",
12027,"[3.34427,0.4893609,1.463321]",
12028,"[3.344357,0.487795,1.462744]",
12029,"[3.344375,0.4874132,1.462068]",
12030,"[3.344396,0.4869766,1.461317]",
12031,"[3.344677,0.4868221,1.461052]",
12032,"[3.34458,0.4863971,1.460833]",
12033,"[3.346677,0.4870328,1.461401]",
12034,"[3.346142,0.4861031,1.460653]",
12035,"[3.346971,0.48581,1.460587]",
12036,"[3.345987,0.4845025,1.45965]",
12037,"[3.346244,0.4842514,1.459798]",
12038,"[3.34627,0.4841945,1.459875]",
12039,"[3.346182,0.4850644,1.458614]",
12040,"[3.345978,0.4869928,1.455307]",
12041,"[3.345776,0.4889366,1.452326]",
12042,"[3.345462,0.4919794,1.447785]",
12043,"[3.345315,0.4933992,1.445665]",
12044,"[3.345017,0.4962994,1.441596]",
12045,"[3.34489,0.4975424,1.439963]",
12046,"[3.344818,0.4982384,1.438897]",
12047,"[3.344417,0.4988645,1.436814]",
12048,"[3.343797,0.4985709,1.435365]",
12049,"[3.223774,0.4099687,1.301999]",
12050,"[3.232508,0.4164016,1.300903]",
12051,"[3.249741,0.4276865,1.300645]",
12052,"[3.257463,0.4325337,1.302746]",
12053,"[3.264561,0.4367484,1.305571]",
12054,"[2.844778,0.1,0.9514881]",
12055,"[2.848111,0.1,0.9511273]",
12056,"[2.8599,0.1,0.951359]",
12057,"[2.875223,0.1,0.9611003]",
12058,"[2.904071,0.1,0.9889669]",
12059,"[2.923143,0.1,1.007921]",
12060,"[2.966553,0.1,1.045735]",
12061,"[2.989173,0.1,1.066796]",
12062,"[3.353147,0.3760527,1.380971]",
12063,"[3.376348,0.3421093,1.401385]",
12064,"[3.3822,0.3358725,1.406859]",
12065,"[3.390653,0.3272861,1.41618]",
12066,"[3.396742,0.3217824,1.421176]",
12067,"[3.409978,0.3089417,1.429581]",
12068,"[3.416021,0.3029543,1.432458]",
12069,"[3.426347,0.293866,1.436477]",
12070,"[3.430346,0.2910432,1.437921]",
12071,"[3.433177,0.2890261,1.438856]",
12072,"[3.437649,0.2899412,1.438023]",
12073,"[3.439576,0.2907957,1.438232]",
12074,"[3.462101,0.3185883,1.45637]",
12075,"[3.472801,0.3105579,1.457199]",
12076,"[3.484494,0.301082,1.458643]",
12077,"[3.487274,0.2978275,1.459474]",
12078,"[3.489177,0.2951266,1.460147]",
12079,"[3.491585,0.2907186,1.461076]",
12080,"[3.492951,0.2887461,1.46136]",
12081,"[3.494344,0.2858104,1.462017]",
12082,"[3.495647,0.2846227,1.46193]",
12083,"[3.495927,0.2830656,1.462174]",
12084,"[3.495517,0.2823911,1.462497]",
12085,"[3.495701,0.2806844,1.463272]",
12086,"[3.495325,0.2778536,1.464459]",
12087,"[3.494244,0.2761077,1.465595]",
12088,"[3.492272,0.2737386,1.467701]",
12089,"[3.491457,0.2729483,1.468504]",
12090,"[3.489244,0.2718259,1.470026]",
12091,"[3.488128,0.2711146,1.470863]",
12092,"[3.486189,0.2699127,1.472237]",
12093,"[3.485507,0.2697516,1.47254]",
12094,"[3.484097,0.2698136,1.473128]",
12095,"[3.476054,0.2729526,1.4747]",
12096,"[3.47106,0.2752025,1.475499]",
12097,"[3.463618,0.2779113,1.477189]",
12098,"[3.460603,0.2785302,1.478224]",
12099,"[3.458536,0.2791209,1.478924]",
12100,"[3.457991,0.279444,1.479006]",
12101,"[3.457455,0.2796886,1.479125]",
12102,"[3.457552,0.279825,1.479123]",
12103,"[3.457624,0.2798933,1.479161]",
12104,"[3.457762,0.2801159,1.479347]",
12105,"[3.457807,0.280263,1.479487]",
12106,"[3.45791,0.2806489,1.479823]",
12107,"[3.457694,0.281021,1.480199]",
12108,"[3.457484,0.2813939,1.480703]",
12109,"[3.457894,0.282135,1.481379]",
12110,"[3.458036,0.2825079,1.481669]",
12111,"[3.458124,0.2833069,1.482442]",
12112,"[3.458203,0.283749,1.482912]",
12113,"[3.458417,0.2845934,1.483894]",
12114,"[3.458303,0.2848424,1.484458]",
12115,"[3.458628,0.2856148,1.484811]",
12116,"[3.458743,0.2860557,1.484913]",
12117,"[3.458829,0.2864823,1.485014]",
12118,"[3.459222,0.2871991,1.485206]",
12119,"[3.459487,0.2874947,1.485306]",
12120,"[3.460079,0.2880334,1.485538]",
12121,"[3.46046,0.288166,1.485596]",
12122,"[3.461677,0.288387,1.485901]",
12123,"[3.462159,0.2883894,1.486118]",
12124,"[3.464425,0.2875128,1.486345]",
12125,"[3.466007,0.2862092,1.486852]",
12126,"[3.467263,0.2853074,1.487284]",
12127,"[3.469891,0.2837885,1.488025]",
12128,"[3.471016,0.2832092,1.488313]",
12129,"[3.472973,0.2821819,1.488752]",
12130,"[3.4743,0.281065,1.489103]",
12131,"[3.476712,0.2793803,1.489487]",
12132,"[3.477952,0.2785434,1.489657]",
12133,"[3.47923,0.2776634,1.489902]",
12134,"[3.480957,0.2758037,1.490842]",
12135,"[3.480983,0.2752792,1.491309]",
12136,"[3.480135,0.2750936,1.491972]",
12137,"[3.479849,0.2751341,1.492117]",
12138,"[3.479487,0.2751862,1.492286]",
12139,"[3.479187,0.2753512,1.492294]",
12140,"[3.478851,0.2756455,1.492189]",
12141,"[3.478389,0.2757724,1.492156]",
12142,"[3.478169,0.2753568,1.49253]",
12143,"[3.477865,0.2736533,1.494097]",
12144,"[3.477688,0.2724081,1.495171]",
12145,"[3.477493,0.2700241,1.496879]",
12146,"[3.477646,0.2681003,1.498023]",
12147,"[3.478036,0.2640951,1.500365]",
12148,"[3.478325,0.2619141,1.501698]",
12149,"[3.47846,0.259423,1.50336]",
12150,"[3.478483,0.2562789,1.505492]",
12151,"[3.478342,0.2552848,1.506224]",
12152,"[3.477794,0.2540083,1.507302]",
12153,"[3.477333,0.2535919,1.507766]",
12154,"[3.475911,0.2539231,1.508016]",
12155,"[3.475123,0.254099,1.508157]",
12156,"[3.473496,0.2541049,1.508811]",
12157,"[3.472718,0.2539068,1.509318]",
12158,"[3.471699,0.2536046,1.510034]",
12159,"[3.470157,0.2533855,1.510991]",
12160,"[3.469728,0.2536665,1.511048]",
12161,"[3.479119,0.2735502,1.522556]",
12162,"[3.450375,0.22733,1.493693]",
12163,"[3.48335,0.2840695,1.528625]",
12164,"[3.499486,0.3119214,1.545779]",
12165,"[3.499324,0.3120478,1.545858]",
12166,"[3.495894,0.3064849,1.542392]",
12167,"[3.494617,0.3042487,1.541101]",
12168,"[3.493999,0.3030918,1.540726]",
12169,"[3.493812,0.3026254,1.540718]",
12170,"[3.4936,0.3024062,1.54074]",
12171,"[3.493337,0.3021724,1.540856]",
12172,"[3.49333,0.3023818,1.541101]",
12173,"[3.493689,0.3031406,1.541615]",
12174,"[3.494231,0.304565,1.542789]",
12175,"[3.49428,0.304675,1.543154]",
12176,"[3.494292,0.3046533,1.543331]",
12177,"[3.49445,0.3044479,1.543873]",
12178,"[3.494518,0.3044367,1.544035]",
12179,"[3.496126,0.3062942,1.544899]",
12180,"[3.497793,0.3075689,1.545959]",
12181,"[3.504184,0.315212,1.551299]",
12182,"[3.508955,0.3221773,1.555558]",
12183,"[3.514302,0.3303203,1.560316]",
12184,"[3.526528,0.3496213,1.572734]",
12185,"[3.531962,0.3595153,1.579054]",
12186,"[3.538712,0.3782491,1.588964]",
12187,"[3.541675,0.3880989,1.594036]",
12188,"[3.545082,0.3984638,1.599053]",
12189,"[3.50881,0.451994,1.614526]",
12190,"[3.50588,0.4694816,1.620271]",
12191,"[3.49929,0.4987809,1.631625]",
12192,"[3.501539,0.5123582,1.637648]",
12193,"[3.508682,0.5367104,1.64808]",
12194,"[3.510845,0.546998,1.651343]",
12195,"[3.514175,0.5592225,1.655229]",
12196,"[3.522703,0.5795091,1.664147]",
12197,"[3.526124,0.588917,1.667813]",
12198,"[3.53477,0.6092383,1.675713]",
12199,"[3.538004,0.6191975,1.679075]",
12200,"[3.542001,0.6299905,1.682946]",
12201,"[3.545555,0.6471989,1.688704]",
12202,"[3.548397,0.6566567,1.691965]",
12203,"[3.548008,0.6680908,1.692694]",
12204,"[3.54932,0.677082,1.694555]",
12205,"[3.551101,0.6913813,1.697422]",
12206,"[3.550926,0.6982014,1.698197]",
12207,"[3.55109,0.7123803,1.700433]",
12208,"[3.549938,0.7191926,1.700731]",
12209,"[3.546836,0.731058,1.701594]",
12210,"[3.546376,0.7355785,1.702096]",
12211,"[3.227664,0.3663644,1.440094]",
12212,"[3.227832,0.3682791,1.442323]",
12213,"[3.224456,0.3677693,1.442555]",
12214,"[3.221364,0.3665787,1.44159]",
12215,"[3.221021,0.3655112,1.444143]",
12216,"[3.220757,0.3660842,1.44709]",
12217,"[3.220017,0.3662325,1.449724]",
12218,"[3.213659,0.373412,1.463047]",
12219,"[3.209582,0.3778191,1.470341]",
12220,"[3.206727,0.3807296,1.475047]",
12221,"[3.293538,0.5550773,1.625866]",
12222,"[3.293684,0.5655644,1.64198]",
12223,"[3.29384,0.5790613,1.659221]",
12224,"[3.293901,0.5817774,1.665944]",
12225,"[3.294008,0.5862205,1.677763]",
12226,"[3.294064,0.5876695,1.684016]",
12227,"[3.294132,0.5883079,1.691465]",
12228,"[3.29426,0.5874477,1.705695]",
12229,"[3.294329,0.5850887,1.713319]",
12230,"[3.294446,0.5790422,1.72619]",
12231,"[3.294507,0.5741001,1.732946]",
12232,"[3.294598,0.5648516,1.743064]",
12233,"[3.294637,0.56032,1.747376]",
12234,"[3.294708,0.5512965,1.755236]",
12235,"[3.29475,0.5442355,1.759825]",
12236,"[3.294837,0.5265684,1.769413]",
12237,"[3.294836,0.5208009,1.769344]",
12238,"[2.962279,0.1580463,1.631639]",
12239,"[2.965217,0.1512431,1.63206]",
12240,"[2.962654,0.1392319,1.632207]",
12241,"[2.963217,0.1294778,1.632529]",
12242,"[2.963428,0.1272985,1.632608]",
12243,"[2.961438,0.1229477,1.63258]",
12244,"[2.971638,0.1376924,1.63294]",
12245,"[2.977066,0.1444814,1.633162]",
12246,"[3.016254,0.1940245,1.634749]",
12247,"[3.053299,0.2416507,1.636226]",
12248,"[3.089922,0.2876491,1.637718]",
12249,"[3.121503,0.3289627,1.638957]",
12250,"[3.158345,0.3711566,1.640575]",
12251,"[3.172356,0.3844849,1.641268]",
12252,"[3.176925,0.389709,1.641469]",
12253,"[3.180981,0.3931143,1.641682]",
12254,"[3.181903,0.393191,1.641751]",
12255,"[3.180376,0.3978612,1.6415]",
12256,"[3.179811,0.4002056,1.641389]",
12257,"[3.179586,0.407784,1.641155]",
12258,"[3.178695,0.4107186,1.640305]",
12259,"[3.29412,0.520019,1.690171]",
12260,"[3.294085,0.5223709,1.686321]",
12261,"[3.495023,0.6973933,1.779172]",
12262,"[3.563694,0.7537231,1.806958]",
12263,"[3.591105,0.7746443,1.816618]",
12264,"[3.584767,0.7772662,1.816629]",
12265,"[3.575253,0.7745256,1.813519]",
12266,"[3.569753,0.7734517,1.811071]",
12267,"[3.567455,0.7723314,1.80949]",
12268,"[3.566673,0.7694724,1.806459]",
12269,"[3.563478,0.7658032,1.80291]",
12270,"[3.562979,0.7637636,1.800656]",
12271,"[3.559057,0.7611758,1.799121]",
12272,"[3.555832,0.7602963,1.799448]",
12273,"[3.55135,0.7581266,1.79899]",
12274,"[3.549016,0.7571557,1.798624]",
12275,"[3.540197,0.7518325,1.795337]",
12276,"[3.532038,0.7463039,1.791923]",
12277,"[3.526399,0.742565,1.789775]",
12278,"[3.509196,0.7294877,1.78087]",
12279,"[3.506649,0.7272186,1.779889]",
12280,"[3.507544,0.7250411,1.776933]",
12281,"[3.509029,0.7248797,1.776156]",
12282,"[3.294067,0.5619153,1.684374]",
12283,"[3.294066,0.5596374,1.684234]",
12284,"[3.513342,0.6955653,1.774172]",
12285,"[3.545113,0.624472,1.800055]",
12286,"[3.543151,0.6052401,1.801298]",
12287,"[3.535815,0.5734469,1.803024]",
12288,"[3.095666,0.1,1.646839]",
12289,"[3.137665,0.1,1.697435]",
12290,"[3.166159,0.1,1.730517]",
12291,"[3.20166,0.1,1.761064]",
12292,"[3.220505,0.1,1.776766]",
12293,"[3.247702,0.1,1.802864]",
12294,"[3.259752,0.1,1.816162]",
12295,"[3.266912,0.1,1.824149]",
12296,"[3.269006,0.1,1.82976]",
12297,"[3.268991,0.1,1.830621]",
12298,"[3.269901,0.1,1.834338]",
12299,"[3.26907,0.1,1.835491]",
12300,"[3.261485,0.1,1.836301]",
12301,"[3.255666,0.1,1.835078]",
12302,"[3.249588,0.1,1.833333]",
12303,"[3.241873,0.1,1.832986]",
12304,"[3.237871,0.1,1.833193]",
12305,"[3.219313,0.1,1.826595]",
12306,"[3.206086,0.1,1.820835]",
12307,"[3.206111,0.3397263,1.680157]",
12308,"[3.250005,0.4026937,1.683583]",
12309,"[3.281293,0.4431987,1.689301]",
12310,"[3.282006,0.4665763,1.680389]",
12311,"[3.269047,0.464997,1.671878]",
12312,"[3.245162,0.4647964,1.656573]",
12313,"[3.242195,0.4649211,1.647938]",
12314,"[3.235875,0.4650803,1.632942]",
12315,"[3.242958,0.4651519,1.631703]",
12316,"[3.254413,0.4651633,1.634806]",
12317,"[3.268653,0.4651524,1.639699]",
12318,"[3.273098,0.4651374,1.641813]",
12319,"[3.2842,0.4651292,1.650545]",
12320,"[3.29042,0.4651276,1.655877]",
12321,"[3.302074,0.4651288,1.665471]",
12322,"[3.309395,0.4651305,1.669655]",
12323,"[3.315134,0.4651315,1.673293]",
12324,"[3.317672,0.4585125,1.676918]",
12325,"[3.317493,0.4515741,1.678562]",
12326,"[3.317127,0.4390375,1.681919]",
12327,"[3.317033,0.4360573,1.682792]",
12328,"[3.316784,0.4303471,1.685074]",
12329,"[3.316702,0.4283594,1.685828]",
12330,"[3.316576,0.4262511,1.68699]",
12331,"[3.316511,0.4263871,1.687589]",
12332,"[3.316429,0.4273316,1.688342]",
12333,"[3.316221,0.4415697,1.690257]",
12334,"[3.244533,0.4651338,1.688425]",
12335,"[3.294377,0.5611371,1.718579]",
12336,"[3.294395,0.5794806,1.720582]",
12337,"[3.280851,0.6002311,1.717559]",
12338,"[3.259415,0.6002311,1.709865]",
12339,"[3.244185,0.6002311,1.702952]",
12340,"[3.207223,0.6002311,1.686048]",
12341,"[3.182586,0.6002311,1.674779]",
12342,"[3.124348,0.5806856,1.652362]",
12343,"[3.110862,0.5806856,1.648389]",
12344,"[3.087662,0.5806856,1.638935]",
12345,"[3.062942,0.5806856,1.628114]",
12346,"[3.050753,0.5806856,1.622195]",
12347,"[3.01786,0.5806856,1.611189]",
12348,"[3.030136,0.6047935,1.619595]",
12349,"[3.007591,0.6298554,1.616305]",
12350,"[2.969356,0.6298554,1.603073]",
12351,"[2.81449,0.5806856,1.566437]",
12352,"[2.772472,0.5806856,1.559682]",
12353,"[2.68371,0.5806856,1.544705]",
12354,"[2.670572,0.5806856,1.543113]",
12355,"[2.681104,0.5806856,1.547177]",
12356,"[2.674109,0.5806856,1.547275]",
12357,"[2.662511,0.5806856,1.54542]",
12358,"[2.693929,0.5806856,1.559797]",
12359,"[2.700444,0.5806856,1.561086]",
12360,"[2.720726,0.5806856,1.566587]",
12361,"[2.732405,0.5806856,1.571]",
12362,"[2.74082,0.5806856,1.576235]",
12363,"[2.832241,0.5806856,1.612496]",
12364,"[2.863039,0.5806856,1.627563]",
12365,"[2.893918,0.5806856,1.647582]",
12366,"[2.897889,0.5806856,1.651574]",
12367,"[2.807232,0.6032757,1.646334]",
12368,"[2.756641,0.6160835,1.633457]",
12369,"[2.753255,0.6964746,1.637573]",
12370,"[2.744986,0.7073249,1.638726]",
12371,"[3.498378,1.275397,1.908444]",
12372,"[3.497231,1.281596,1.922006]",
12373,"[3.494429,1.282254,1.931167]",
12374,"[3.497958,1.27202,1.945758]",
12375,"[3.503183,1.267496,1.947129]",
12376,"[2.708975,0.6160836,1.678473]",
12377,"[2.726771,0.6160836,1.699728]",
12378,"[2.681939,0.5806856,1.697652]",
12379,"[2.673165,0.5806856,1.710406]",
12380,"[2.667654,0.5806856,1.719715]",
12381,"[2.659477,0.5806856,1.747186]",
12382,"[2.653597,0.5806856,1.763879]",
12383,"[2.667528,0.6143968,1.820695]",
12384,"[2.681132,0.63806,1.85744]",
12385,"[3.468386,1.291208,2.108138]",
12386,"[3.459029,1.299633,2.162498]",
12387,"[2.330158,0.5806857,2.684144]",
12388,"[2.323943,0.5877183,2.718523]",
12389,"[2.324203,0.5977948,2.74726]",
12390,"[2.284666,0.6002312,2.81061]",
12391,"[2.260033,0.6002312,2.841928]",
12392,"[2.238965,0.6002312,2.844655]",
12393,"[2.05,0.5072197,2.894222]",
12394,"[2.05,0.521823,2.893282]",
12395,"[2.05,0.5463168,2.89046]",
12396,"[2.05,0.5541034,2.890978]",
12397,"[3.435686,1.406719,2.50832]",
12398,"[3.435277,1.404714,2.523018]",
12399,"[3.432037,1.399139,2.524626]",
12400,"[3.430817,1.396783,2.556098]",
12401,"[3.4334,1.398523,2.581452]",
12402,"[3.43946,1.406003,2.635163]",
12403,"[3.443969,1.410648,2.662492]",
12404,"[2.102684,0.6020054,4.315113]",
12405,"[2.366858,0.7615,4.350238]",
12406,"[2.479123,0.8196089,4.394691]",
12407,"[2.664472,0.8436263,4.707361]",
12408,"[2.68646,0.8084508,4.912284]",
12409,"[2.857653,0.8726061,5.04]",
12410,"[2.901169,0.9021183,5.04]",
12411,"[3.047414,0.9714942,5.04]",
12412,"[3.055145,0.9782059,5.04]",
12413,"[3.089545,0.990907,5.04]",
12414,"[3.118093,0.9965026,5.04]",
12415,"[3.114597,0.9962139,5.04]",
12416,"[3.168073,1.013614,5.04]",
12417,"[3.226179,1.031211,5.04]",
12418,"[3.920573,1.245743,5.04]",
12419,"[4.052413,1.520546,3.946857]",
12420,"[4.256159,1.570767,3.982717]",
12421,"[4.316944,1.587277,3.982752]",
12422,"[4.409586,1.611078,3.982802]",
12423,"[4.45076,1.620293,3.982821]",
12424,"[4.453138,1.625315,3.982831]",
12425,"[4.458023,1.635681,3.982853]",
12426,"[4.459058,1.639714,3.982862]",
12427,"[4.458832,1.641901,3.982866]",
12428,"[4.465044,1.645004,3.982873]",
12429,"[4.49795,1.659019,3.982902]",
12430,"[4.537211,1.695179,3.982978]",
12431,"[4.570652,1.722034,3.983034]",
12432,"[4.623292,1.755405,3.983104]",
12433,"[4.652421,1.766276,3.983127]",
12434,"[4.659492,1.766459,3.983127]",
12435,"[4.658142,1.765399,3.983125]",
12436,"[4.661077,1.766103,3.983126]",
12437,"[4.6585,1.765761,3.983126]",
12438,"[4.657876,1.765781,3.983126]",
12439,"[4.635533,1.75934,3.983112]",
12440,"[4.63383,1.758917,3.983111]",
12441,"[4.611776,1.753065,3.983099]",
12442,"[4.599809,1.746907,3.983086]",
12443,"[4.415181,1.78511,3.435081]",
12444,"[4.401964,1.78559,3.402283]",
12445,"[4.373177,1.785147,3.330347]",
12446,"[4.371229,1.780325,3.337341]",
12447,"[4.363687,1.773377,3.35025]",
12448,"[4.354632,1.763532,3.376215]",
12449,"[4.351299,1.759781,3.388713]",
12450,"[4.341364,1.752469,3.414935]",
12451,"[4.337253,1.749405,3.42714]",
12452,"[4.323538,1.743842,3.450449]",
12453,"[4.317355,1.741675,3.460533]",
12454,"[4.308567,1.739707,3.472149]",
12455,"[4.29549,1.736477,3.492735]",
12456,"[4.290767,1.735059,3.502215]",
12457,"[4.285699,1.733793,3.522359]",
12458,"[4.284701,1.733904,3.534]",
12459,"[4.283459,1.733817,3.55818]",
12460,"[4.283349,1.734151,3.567752]",
12461,"[4.281239,1.734794,3.589633]",
12462,"[4.280458,1.734699,3.601437]",
12463,"[4.279454,1.733955,3.616604]",
12464,"[4.280417,1.731788,3.649084]",
12465,"[4.2796,1.73191,3.662782]",
12466,"[4.282291,1.732765,3.690402]",
12467,"[4.284221,1.733496,3.70274]",
12468,"[4.289004,1.73749,3.724916]",
12469,"[4.291503,1.740496,3.733659]",
12470,"[4.293333,1.743673,3.741093]",
12471,"[4.300053,1.751787,3.752615]",
12472,"[4.303976,1.754118,3.758603]",
12473,"[4.310961,1.758709,3.776685]",
12474,"[4.321467,1.762496,3.788305]",
12475,"[4.339595,1.774308,3.808526]",
12476,"[4.347832,1.783009,3.811322]",
12477,"[4.355809,1.792113,3.809606]",
12478,"[4.367539,1.806813,3.809795]",
12479,"[4.372752,1.81083,3.811074]",
12480,"[4.382889,1.814512,3.820928]",
12481,"[4.388525,1.815008,3.830358]",
