frame,gazeStartPos,
0,"[4.100728,2.04276,3.951224]",
1,"[4.100395,2.04256,3.951332]",
2,"[4.100044,2.042418,3.951417]",
3,"[4.099716,2.042251,3.951498]",
4,"[4.098833,2.042108,3.951577]",
5,"[4.09838,2.042002,3.951606]",
6,"[4.097745,2.041885,3.951644]",
7,"[4.096621,2.041517,3.951722]",
8,"[4.096085,2.041363,3.951757]",
9,"[4.09476,2.040797,3.951855]",
10,"[4.094131,2.040536,3.951864]",
11,"[4.092752,2.039876,3.951805]",
12,"[4.092077,2.039398,3.951594]",
13,"[4.090796,2.038533,3.951293]",
14,"[4.09018,2.038225,3.951229]",
15,"[4.089082,2.037724,3.951302]",
16,"[4.088565,2.037467,3.951337]",
17,"[4.088152,2.037223,3.951368]",
18,"[4.087505,2.0362,3.951443]",
19,"[4.087479,2.035479,3.951485]",
20,"[4.089059,2.033291,3.95161]",
21,"[4.09057,2.031869,3.951787]",
22,"[4.216162,1.984175,3.983583]",
23,"[4.255424,1.967583,3.983548]",
24,"[4.298157,1.950278,3.983512]",
25,"[4.307699,1.946047,3.983503]",
26,"[4.316123,1.942222,3.983495]",
27,"[4.330351,1.936049,3.983482]",
28,"[4.337798,1.932817,3.983476]",
29,"[4.348248,1.927835,3.983465]",
30,"[4.352074,1.92564,3.98346]",
31,"[4.360155,1.922582,3.983454]",
32,"[4.365261,1.921967,3.983453]",
33,"[4.372709,1.92088,3.983451]",
34,"[4.376562,1.920152,3.983449]",
35,"[4.381775,1.919285,3.983447]",
36,"[4.388706,1.918267,3.983445]",
37,"[4.391889,1.918024,3.983445]",
38,"[4.402349,1.916562,3.983442]",
39,"[4.403773,1.916158,3.983441]",
40,"[4.407658,1.914886,3.983438]",
41,"[4.410086,1.913724,3.983436]",
42,"[4.410083,1.912306,3.983433]",
43,"[4.412279,1.907832,3.983423]",
44,"[4.41552,1.89576,3.983398]",
45,"[4.443718,1.503896,3.982577]",
46,"[4.447818,1.471245,3.982509]",
47,"[4.488929,1.30011,3.98215]",
48,"[4.498869,1.265178,3.947568]",
49,"[4.521536,1.13574,3.896538]",
50,"[4.528555,1.110574,3.895878]",
51,"[4.534346,1.092274,3.895334]",
52,"[4.540147,1.067701,3.894788]",
53,"[4.540999,1.057606,3.894708]",
54,"[4.541497,1.037615,3.894661]",
55,"[4.540938,1.02488,3.894714]",
56,"[4.526319,1.007579,3.896088]",
57,"[4.518302,0.9983898,3.896842]",
58,"[4.503832,0.9833858,3.898202]",
59,"[4.496438,0.9769655,3.898897]",
60,"[4.489845,0.9704816,3.899517]",
61,"[4.477122,0.9572594,3.900712]",
62,"[4.473022,0.9579059,3.901098]",
63,"[4.465355,0.9567022,3.901819]",
64,"[4.461566,0.9574435,3.902175]",
65,"[4.458112,0.9572901,3.902499]",
66,"[4.455879,0.9602456,3.902709]",
67,"[4.454191,0.9609388,3.902868]",
68,"[4.451782,0.9691222,3.903094]",
69,"[4.448948,0.9777056,3.903361]",
70,"[4.439188,0.9908327,3.904278]",
71,"[4.432363,0.9967487,3.90492]",
72,"[4.419624,1.007044,3.906117]",
73,"[4.412863,1.012025,3.906753]",
74,"[4.398235,1.022606,3.908128]",
75,"[4.388705,1.029802,3.909024]",
76,"[4.377359,1.035707,3.91009]",
77,"[4.205595,1.036803,3.923204]",
78,"[4.157364,1.031428,3.93077]",
79,"[3.219437,0.6061704,4.864885]",
80,"[3.192598,0.6051424,4.849539]",
81,"[3.152555,0.6046365,4.825508]",
82,"[3.14683,0.6070514,4.821227]",
83,"[3.141475,0.6120275,4.815762]",
84,"[3.141881,0.6139144,4.814]",
85,"[3.142727,0.6150718,4.81197]",
86,"[3.148532,0.6181639,4.810541]",
87,"[3.156247,0.6213419,4.812764]",
88,"[3.173546,0.6280018,4.817966]",
89,"[3.190397,0.6319578,4.82432]",
90,"[3.22609,0.6441714,4.839421]",
91,"[3.244544,0.6523509,4.847299]",
92,"[3.517424,0.7437901,4.981498]",
93,"[3.647616,0.7945156,5.029008]",
94,"[4.378453,1.279499,3.958535]",
95,"[4.468004,1.311636,3.982175]",
96,"[4.495438,1.321697,3.982196]",
97,"[4.534011,1.33428,3.982222]",
98,"[4.549894,1.338375,3.982231]",
99,"[4.572044,1.341759,3.982238]",
100,"[4.57537,1.341158,3.982236]",
101,"[4.580974,1.340349,3.982235]",
102,"[4.593602,1.338823,3.982232]",
103,"[4.601114,1.33746,3.982229]",
104,"[4.610699,1.331527,3.982216]",
105,"[4.619172,1.327366,3.982208]",
106,"[4.633182,1.31615,3.982184]",
107,"[4.645361,1.306,3.982163]",
108,"[4.812051,1.141488,3.869229]",
109,"[4.852341,1.102577,3.857117]",
110,"[4.884517,1.072924,3.860953]",
111,"[5.239606,0.6139451,3.34747]",
112,"[5.244656,0.5910187,3.323511]",
113,"[5.250444,0.566233,3.296041]",
114,"[5.252656,0.5565727,3.285548]",
115,"[5.256045,0.5469508,3.269461]",
116,"[5.257562,0.5433803,3.262264]",
117,"[5.257473,0.5252959,3.262689]",
118,"[5.258194,0.5161415,3.259264]",
119,"[5.257943,0.5140414,3.260457]",
120,"[5.25787,0.5134357,3.260805]",
121,"[5.257927,0.5142068,3.26053]",
122,"[5.256956,0.5159708,3.265141]",
123,"[5.256442,0.5167148,3.267582]",
124,"[5.254066,0.5254229,3.278858]",
125,"[5.252813,0.5305272,3.284799]",
126,"[5.251973,0.5366313,3.288788]",
127,"[5.251225,0.5385523,3.292336]",
128,"[5.250873,0.5401706,3.294009]",
129,"[5.500706,0.512934,3.934429]",
130,"[5.183447,1.035055,3.896599]",
131,"[5.151014,1.096767,3.892731]",
132,"[5.128881,1.143215,3.890092]",
133,"[5.107071,1.187859,3.887491]",
134,"[5.127224,1.186967,3.957912]",
135,"[5.123095,1.197147,3.957912]",
136,"[5.100239,1.219321,3.948394]",
137,"[5.088985,1.226347,3.943621]",
138,"[5.073179,1.237215,3.933647]",
139,"[5.067348,1.241422,3.930442]",
140,"[5.057966,1.248747,3.930318]",
141,"[5.054158,1.252047,3.933205]",
142,"[5.050031,1.254285,3.936979]",
143,"[5.042286,1.257967,3.941344]",
144,"[5.038414,1.259274,3.94281]",
145,"[5.029261,1.262779,3.945898]",
146,"[5.024184,1.265307,3.947658]",
147,"[5.013751,1.270017,3.95081]",
148,"[5.00836,1.272685,3.952518]",
149,"[4.997429,1.280915,3.95853]",
150,"[4.991856,1.286562,3.958509]",
151,"[4.986751,1.292524,3.960478]",
152,"[4.98269,1.296811,3.982143]",
153,"[4.977555,1.300619,3.982152]",
154,"[4.974176,1.301605,3.982154]",
155,"[4.972039,1.302491,3.982155]",
156,"[4.968433,1.304685,3.98216]",
157,"[5.028362,1.313048,3.982177]",
158,"[5.086322,1.324809,3.982202]",
159,"[5.105106,1.329095,3.982211]",
160,"[5.120308,1.332676,3.982219]",
161,"[5.150687,1.332164,3.982218]",
162,"[5.163086,1.332196,3.982218]",
163,"[5.183645,1.330582,3.982214]",
164,"[5.191344,1.329062,3.982211]",
165,"[5.202263,1.325479,3.982203]",
166,"[5.206083,1.323974,3.9822]",
167,"[5.211765,1.322166,3.982197]",
168,"[5.213713,1.321414,3.982195]",
169,"[5.212986,1.320665,3.982193]",
170,"[5.20409,1.320151,3.982192]",
171,"[5.197392,1.320169,3.982193]",
172,"[5.186263,1.319819,3.982192]",
173,"[5.18124,1.319728,3.982192]",
174,"[5.173038,1.319684,3.982191]",
175,"[5.169313,1.320562,3.982193]",
176,"[5.162343,1.323059,3.982198]",
177,"[5.158205,1.325748,3.982204]",
178,"[5.153754,1.3287,3.98221]",
179,"[5.134652,1.342477,3.982239]",
180,"[5.125576,1.348987,3.982253]",
181,"[4.941706,1.546684,3.982667]",
182,"[4.756051,1.637024,3.982856]",
183,"[4.66996,1.677963,3.982942]",
184,"[4.647303,1.687684,3.982962]",
185,"[4.630528,1.694631,3.982977]",
186,"[4.613068,1.700259,3.982989]",
187,"[4.608825,1.701658,3.982991]",
188,"[4.601361,1.705867,3.983]",
189,"[4.60115,1.707187,3.983003]",
190,"[4.602186,1.710837,3.983011]",
191,"[4.603456,1.712965,3.983015]",
192,"[4.607688,1.715757,3.983021]",
193,"[4.609478,1.717528,3.983025]",
194,"[4.611104,1.718891,3.983027]",
195,"[4.614887,1.722151,3.983034]",
196,"[4.61702,1.723942,3.983038]",
197,"[4.621187,1.726892,3.983044]",
198,"[4.623446,1.729097,3.983049]",
199,"[4.626758,1.729975,3.983051]",
200,"[4.629107,1.729592,3.98305]",
201,"[4.630901,1.729507,3.98305]",
202,"[4.633813,1.730161,3.983051]",
203,"[4.634617,1.730983,3.983053]",
204,"[4.633485,1.733275,3.983058]",
205,"[4.631036,1.734539,3.98306]",
206,"[4.68675,1.723924,3.983038]",
207,"[4.695199,1.723286,3.983037]",
208,"[4.692232,1.740818,3.983073]",
209,"[4.683074,1.755901,3.983105]",
210,"[4.659928,1.780666,3.983157]",
211,"[4.646474,1.790681,3.983178]",
212,"[4.642055,1.795189,3.983187]",
213,"[4.634119,1.800647,3.983199]",
214,"[4.631355,1.801541,3.983201]",
215,"[4.626884,1.80237,3.983202]",
216,"[4.625981,1.80239,3.983202]",
217,"[4.625454,1.802202,3.983202]",
218,"[4.626174,1.802253,3.983202]",
219,"[4.635144,1.802514,3.983203]",
220,"[4.654433,1.80458,3.983207]",
221,"[4.663811,1.805926,3.98321]",
222,"[4.678166,1.805681,3.983209]",
223,"[4.684383,1.805178,3.983208]",
224,"[4.681034,1.788037,3.983172]",
225,"[4.656691,1.737749,3.983067]",
226,"[4.636623,1.689256,3.982965]",
227,"[4.628338,1.667614,3.98292]",
228,"[4.623413,1.651726,3.982887]",
229,"[4.617647,1.628665,3.982839]",
230,"[4.61661,1.620933,3.982822]",
231,"[4.616451,1.607874,3.982795]",
232,"[4.616347,1.602104,3.982783]",
233,"[4.308854,1.317926,3.982188]",
234,"[4.267152,1.281037,3.958529]",
235,"[3.807122,0.6985862,4.394969]",
236,"[3.770673,0.6526281,4.370368]",
237,"[3.760564,0.6479313,4.264137]",
238,"[3.784159,0.6925373,3.990245]",
239,"[3.777774,0.6925373,3.944957]",
240,"[3.75458,0.6777474,3.902638]",
241,"[3.738967,0.6652715,3.894334]",
242,"[3.71731,0.6493143,3.882813]",
243,"[3.701142,0.6360452,3.874213]",
244,"[3.664743,0.6154417,3.854851]",
245,"[3.646415,0.6160812,3.845102]",
246,"[3.625539,0.6130112,3.833997]",
247,"[3.588741,0.606758,3.814423]",
248,"[3.570581,0.6031951,3.804763]",
249,"[3.548742,0.5980069,3.793146]",
250,"[3.546632,0.5986348,3.792024]",
251,"[3.531453,0.5954009,3.78395]",
252,"[3.530327,0.5975072,3.783351]",
253,"[3.527295,0.5990273,3.781738]",
254,"[3.518624,0.6055326,3.777126]",
255,"[3.508726,0.6071466,3.771861]",
256,"[3.500545,0.6166196,3.767509]",
257,"[3.49908,0.6251459,3.76673]",
258,"[3.495662,0.643758,3.764911]",
259,"[3.493403,0.6526069,3.76371]",
260,"[3.49184,0.6706848,3.762878]",
261,"[3.491578,0.6787156,3.762739]",
262,"[3.487941,0.6843855,3.760804]",
263,"[3.490424,0.6925373,3.81239]",
264,"[3.487991,0.6925373,3.843688]",
265,"[3.508476,0.7130654,3.872837]",
266,"[3.508908,0.7130654,3.913563]",
267,"[3.529126,0.7130653,4.000013]",
268,"[3.562743,0.7405726,3.948834]",
269,"[3.592331,0.7519917,3.956487]",
270,"[3.587199,0.7130653,4.143408]",
271,"[3.601288,0.7130653,4.174814]",
272,"[3.629931,0.7130653,4.234149]",
273,"[3.640501,0.7130652,4.254204]",
274,"[3.660103,0.7130652,4.284998]",
275,"[3.67887,0.7130652,4.273134]",
276,"[3.708856,0.7130652,4.255023]",
277,"[3.725987,0.7130652,4.242306]",
278,"[3.740595,0.7130652,4.23188]",
279,"[3.732777,0.6692879,4.350211]",
280,"[3.738294,0.6670799,4.350688]",
281,"[3.749026,0.6634012,4.351834]",
282,"[3.754361,0.6617695,4.352457]",
283,"[3.764268,0.6595212,4.353868]",
284,"[3.768898,0.6586436,4.354573]",
285,"[3.776929,0.6573265,4.355851]",
286,"[3.780262,0.6569526,4.356427]",
287,"[3.783697,0.6566272,4.357042]",
288,"[3.785893,0.6562297,4.357343]",
289,"[3.78608,0.6562032,4.357357]",
290,"[3.786232,0.6561788,4.357353]",
291,"[3.786217,0.6562128,4.357349]",
292,"[3.785311,0.6563682,4.357183]",
293,"[3.784937,0.6564037,4.357106]",
294,"[3.784236,0.6564353,4.356957]",
295,"[3.783697,0.6564586,4.356847]",
296,"[3.783279,0.6565175,4.356778]",
297,"[3.782965,0.6568218,4.356819]",
298,"[3.783047,0.6569858,4.356899]",
299,"[3.786095,0.6639425,4.359866]",
300,"[3.789141,0.6699796,4.362512]",
301,"[3.798157,0.6811629,4.368128]",
302,"[3.800044,0.684593,4.369686]",
303,"[3.803784,0.6879728,4.371648]",
304,"[3.819065,0.6876433,4.375001]",
305,"[3.876199,0.6272902,4.366694]",
306,"[3.945626,0.5689754,4.358962]",
307,"[4.037771,0.6897022,3.957266]",
308,"[4.076259,0.6692758,3.925473]",
309,"[4.085191,0.6570829,3.92726]",
310,"[4.092398,0.6502016,3.930799]",
311,"[4.091363,0.6540101,3.930291]",
312,"[4.090998,0.6569893,3.930112]",
313,"[4.054803,0.6692019,3.928202]",
314,"[4.030844,0.6612931,3.957223]",
315,"[3.923912,0.518646,4.340498]",
316,"[3.902045,0.5206151,4.337533]",
317,"[3.907791,0.6053091,4.108722]",
318,"[3.895014,0.6065419,4.101928]",
319,"[3.874559,0.6112582,4.094661]",
320,"[3.866785,0.6129268,4.091813]",
321,"[3.854591,0.6153849,4.087234]",
322,"[3.849955,0.6165236,4.085636]",
323,"[3.845983,0.6174255,4.084241]",
324,"[3.838542,0.6207213,4.084168]",
325,"[3.835647,0.621974,4.084681]",
326,"[3.829358,0.624357,4.085248]",
327,"[3.825928,0.6254962,4.085299]",
328,"[3.816708,0.6281268,4.084738]",
329,"[3.810108,0.6297671,4.083946]",
330,"[3.835273,0.6829469,3.945562]",
331,"[3.819603,0.688053,3.937227]",
332,"[3.810448,0.6906919,3.932357]",
333,"[3.797422,0.6925373,3.929396]",
334,"[3.792991,0.6925373,3.929983]",
335,"[3.783784,0.6925373,3.932374]",
336,"[3.779243,0.6925373,3.93468]",
337,"[3.770044,0.6925373,3.940105]",
338,"[3.76811,0.6925373,3.944416]",
339,"[3.765294,0.6925373,3.948827]",
340,"[3.761361,0.6925373,3.957038]",
341,"[3.760836,0.6925373,3.959677]",
342,"[3.759715,0.6925373,3.962502]",
343,"[3.758895,0.6925373,3.963195]",
344,"[3.760801,0.6925373,3.963024]",
345,"[3.764572,0.6925373,3.961158]",
346,"[3.768115,0.6925373,3.958687]",
347,"[3.779887,0.6925373,3.951948]",
348,"[3.787574,0.6925373,3.948533]",
349,"[3.80119,0.6925373,3.954461]",
350,"[3.804883,0.6925373,3.962788]",
351,"[3.810774,0.6925373,3.974732]",
352,"[3.814047,0.6925373,3.980795]",
353,"[3.787043,0.6453514,4.119396]",
354,"[3.78911,0.6455272,4.122222]",
355,"[3.791002,0.6456565,4.124488]",
356,"[3.793514,0.6465186,4.134417]",
357,"[3.794488,0.6468345,4.138082]",
358,"[3.796089,0.6473681,4.14425]",
359,"[3.796789,0.6476396,4.147333]",
360,"[3.798241,0.6483598,4.155294]",
361,"[3.798593,0.6484029,4.160842]",
362,"[3.798096,0.6484029,4.167607]",
363,"[3.797229,0.6484029,4.178681]",
364,"[3.796843,0.6484029,4.183589]",
365,"[3.796234,0.6483872,4.192472]",
366,"[3.795971,0.6483571,4.196679]",
367,"[3.795479,0.6482956,4.205227]",
368,"[3.795239,0.6482643,4.209591]",
369,"[3.794636,0.6481941,4.219347]",
370,"[3.794148,0.6481675,4.223129]",
371,"[3.793712,0.6481406,4.226929]",
372,"[3.79308,0.6480908,4.233924]",
373,"[3.79282,0.6480668,4.237314]",
374,"[3.792352,0.6480211,4.243687]",
375,"[3.792001,0.648003,4.246258]",
376,"[3.791206,0.647965,4.251685]",
377,"[3.790899,0.6479518,4.253569]",
378,"[3.790556,0.6479378,4.255599]",
379,"[3.790589,0.6479384,4.255492]",
380,"[3.790587,0.6479374,4.255628]",
381,"[3.790718,0.6479359,4.255798]",
382,"[3.791068,0.6479371,4.255547]",
383,"[3.792476,0.6479394,4.254859]",
384,"[3.793628,0.6479391,4.254607]",
385,"[3.797037,0.6479397,4.253428]",
386,"[3.799506,0.647927,4.252484]",
387,"[3.802398,0.6479108,4.25148]",
388,"[3.805762,0.6478959,4.24998]",
389,"[3.807078,0.647876,4.25056]",
390,"[3.809041,0.6475313,4.252413]",
391,"[3.809655,0.6472931,4.253666]",
392,"[3.81064,0.6467162,4.257674]",
393,"[3.811099,0.6464369,4.259651]",
394,"[3.810709,0.6460869,4.264002]",
395,"[3.809174,0.6457477,4.270465]",
396,"[3.807403,0.6454047,4.277425]",
397,"[3.802666,0.6438169,4.294726]",
398,"[3.79957,0.6430404,4.304469]",
399,"[3.792291,0.6431417,4.317692]",
400,"[3.787385,0.6443144,4.321056]",
401,"[3.774903,0.6467661,4.326572]",
402,"[3.766885,0.6473483,4.326565]",
403,"[3.750663,0.6475031,4.32543]",
404,"[3.74185,0.6475366,4.323095]",
405,"[3.73125,0.6475804,4.319797]",
406,"[3.70968,0.6477405,4.30337]",
407,"[3.743247,0.707196,4.118571]",
408,"[3.769913,0.6470298,3.910795]",
409,"[3.762346,0.6214375,3.90677]",
410,"[3.754016,0.5963657,3.902339]",
411,"[3.75271,0.589591,3.901644]",
412,"[3.750307,0.583262,3.900365]",
413,"[3.753775,0.5682551,3.90221]",
414,"[3.757666,0.5567617,3.90428]",
415,"[3.7678,0.527669,3.909671]",
416,"[3.762185,0.493437,3.954847]",
417,"[3.779971,0.4603641,3.964308]",
418,"[3.791209,0.4458489,3.970286]",
419,"[3.805819,0.4061722,4.033762]",
420,"[3.816862,0.4120181,4.039614]",
421,"[3.827745,0.4214822,4.045475]",
422,"[3.848518,0.4498712,4.056927]",
423,"[3.857466,0.4639705,4.061908]",
424,"[3.871133,0.4862785,4.069534]",
425,"[3.875194,0.5222778,4.072611]",
426,"[3.880177,0.5549794,4.076741]",
427,"[3.882083,0.5639082,4.078875]",
428,"[3.882862,0.573347,4.08234]",
429,"[3.882997,0.5780901,4.08395]",
430,"[3.882415,0.5826811,4.085142]",
431,"[3.882294,0.5933826,4.088555]",
432,"[3.882735,0.5990832,4.090633]",
433,"[3.882442,0.607451,4.096078]",
434,"[3.882366,0.6104396,4.098116]",
435,"[3.882682,0.6161538,4.102251]",
436,"[3.872643,0.6328605,4.121525]",
437,"[3.845392,0.6443753,4.211317]",
438,"[3.770728,0.5728295,4.559185]",
439,"[3.762122,0.5865912,4.571956]",
440,"[3.747954,0.6057392,4.59228]",
441,"[3.737903,0.6104479,4.600166]",
442,"[3.722059,0.6134561,4.613118]",
443,"[3.714872,0.6135486,4.620265]",
444,"[3.700054,0.6194349,4.635316]",
445,"[3.693326,0.6222028,4.642866]",
446,"[3.688411,0.6235381,4.649804]",
447,"[3.681698,0.6227542,4.662172]",
448,"[3.679775,0.6213903,4.667909]",
449,"[3.677243,0.6169069,4.68027]",
450,"[3.676742,0.6137822,4.686173]",
451,"[3.679008,0.6051957,4.697882]",
452,"[3.682724,0.5995837,4.703591]",
453,"[3.691564,0.589079,4.714996]",
454,"[3.696285,0.58459,4.721062]",
455,"[3.69989,0.5804884,4.727667]",
456,"[3.7097,0.5728654,4.740072]",
457,"[3.711706,0.5693566,4.745588]",
458,"[3.715171,0.561093,4.757792]",
459,"[3.716689,0.5563523,4.763534]",
460,"[3.718224,0.5457816,4.774207]",
461,"[3.717927,0.5400633,4.779712]",
462,"[3.714145,0.5311885,4.790416]",
463,"[3.709998,0.5258518,4.795522]",
464,"[3.70565,0.5202587,4.800411]",
465,"[3.689508,0.5071241,4.80858]",
466,"[3.733896,0.6426115,4.430167]",
467,"[3.743247,0.7080196,4.240284]",
468,"[3.737193,0.7130652,4.222376]",
469,"[3.719882,0.7130652,4.22264]",
470,"[3.71352,0.7130652,4.224308]",
471,"[3.706601,0.7130652,4.226823]",
472,"[3.692203,0.7130652,4.236185]",
473,"[3.684721,0.7130652,4.244537]",
474,"[3.668844,0.7130652,4.271329]",
475,"[3.660919,0.7130652,4.290386]",
476,"[3.529551,0.5025592,4.906817]",
477,"[3.523269,0.5057409,4.916]",
478,"[3.51413,0.5081401,4.931417]",
479,"[3.510921,0.507425,4.939183]",
480,"[3.507732,0.5033668,4.946514]",
481,"[3.501189,0.4988526,4.958794]",
482,"[3.49874,0.4908288,4.962076]",
483,"[3.49771,0.4736656,4.969231]",
484,"[3.497609,0.4686307,4.974261]",
485,"[3.496333,0.4669026,4.986738]",
486,"[3.495302,0.4699016,4.994287]",
487,"[3.494102,0.4708151,5.00106]",
488,"[3.491663,0.4740833,5.013951]",
489,"[3.489737,0.471859,5.018547]",
490,"[3.484217,0.4530305,5.021548]",
491,"[3.595913,0.6464119,4.51229]",
492,"[3.646969,0.7130652,4.258894]",
493,"[3.651948,0.7130652,4.230201]",
494,"[3.661348,0.7130653,4.1851]",
495,"[3.665157,0.7130653,4.169051]",
496,"[3.668674,0.7130653,4.155364]",
497,"[3.674569,0.7130653,4.135375]",
498,"[3.677181,0.7130653,4.127317]",
499,"[3.743247,0.6996913,3.954309]",
500,"[3.756635,0.6925373,3.924069]",
501,"[3.76711,0.6717394,3.909304]",
502,"[3.769546,0.66013,3.910599]",
503,"[3.773497,0.6416623,3.912701]",
504,"[3.774892,0.6349699,3.913443]",
505,"[3.776375,0.6283147,3.914232]",
506,"[3.776519,0.6255406,3.914309]",
507,"[3.776778,0.6250782,3.914447]",
508,"[3.777955,0.6246852,3.915073]",
509,"[3.77887,0.6247961,3.915559]",
510,"[3.780963,0.6252537,3.916673]",
511,"[3.782215,0.6256343,3.917338]",
512,"[3.783349,0.6261006,3.917942]",
513,"[3.785871,0.6269845,3.919283]",
514,"[3.787106,0.6274549,3.91994]",
515,"[3.787351,0.6308462,3.92007]",
516,"[3.786381,0.6335673,3.919554]",
517,"[3.783351,0.6417101,3.917943]",
518,"[3.781872,0.6456857,3.917156]",
519,"[3.779036,0.6521852,3.915648]",
520,"[3.777309,0.6547098,3.914729]",
521,"[3.775899,0.6565634,3.913979]",
522,"[3.772825,0.6596357,3.912344]",
523,"[3.771231,0.6610174,3.911496]",
524,"[3.769002,0.6624764,3.91031]",
525,"[3.768746,0.6637348,3.910174]",
526,"[3.767994,0.6675637,3.909774]",
527,"[3.767335,0.6699716,3.909424]",
528,"[3.764743,0.6758327,3.908045]",
529,"[3.762985,0.6787145,3.90711]",
530,"[3.760833,0.6823109,3.905965]",
531,"[3.755259,0.6880953,3.903]",
532,"[3.753293,0.6901343,3.901954]",
533,"[3.750132,0.6919996,3.900272]",
534,"[3.748928,0.6918336,3.899632]",
535,"[3.746489,0.6895573,3.898335]",
536,"[3.745102,0.6872764,3.897597]",
537,"[3.744428,0.6849027,3.897238]",
538,"[3.743315,0.6803923,3.896646]",
539,"[3.743297,0.6794436,3.896637]",
540,"[3.743457,0.6782203,3.896722]",
541,"[3.743621,0.6774733,3.896809]",
542,"[3.744425,0.6743858,3.897237]",
543,"[3.745078,0.6721535,3.897584]",
544,"[3.746215,0.6674083,3.898189]",
545,"[3.746561,0.6653824,3.898373]",
546,"[3.746868,0.6633176,3.898536]",
547,"[3.747272,0.6613601,3.898751]",
548,"[3.747351,0.6607214,3.898793]",
549,"[3.74757,0.6616579,3.89891]",
550,"[3.747371,0.6644332,3.898804]",
551,"[3.746377,0.6697072,3.898275]",
552,"[3.745682,0.6723242,3.897906]",
553,"[3.74436,0.6756512,3.897202]",
554,"[3.743647,0.6768739,3.896823]",
555,"[3.742581,0.6785198,3.896256]",
556,"[3.741588,0.6798381,3.895728]",
557,"[3.743247,0.6961772,3.872337]",
558,"[3.741562,0.7043178,3.861173]",
559,"[3.739664,0.7041214,3.861173]",
560,"[3.737556,0.7038319,3.861173]",
561,"[3.735975,0.7041803,3.861173]",
562,"[3.735841,0.7049788,3.861173]",
563,"[3.735433,0.7094907,3.861173]",
564,"[3.734729,0.7130653,3.863557]",
565,"[3.732332,0.7130653,3.877299]",
566,"[3.731297,0.7130653,3.884742]",
567,"[3.729219,0.7130653,3.900225]",
568,"[3.728578,0.7130653,3.905923]",
569,"[3.727508,0.7130653,3.915925]",
570,"[3.727456,0.7130653,3.916264]",
571,"[3.727188,0.7130653,3.91666]",
572,"[3.7273,0.7130653,3.915957]",
573,"[3.727359,0.7130653,3.915177]",
574,"[3.727157,0.7130653,3.911711]",
575,"[3.726817,0.7130653,3.909982]",
576,"[3.726787,0.7130653,3.904266]",
577,"[3.727511,0.7130653,3.899914]",
578,"[3.728541,0.7130653,3.893412]",
579,"[3.729594,0.7130653,3.890561]",
580,"[3.730481,0.7130653,3.888125]",
581,"[3.731643,0.7130653,3.886509]",
582,"[3.732034,0.7130653,3.886024]",
583,"[3.732552,0.7130653,3.885325]",
584,"[3.732734,0.7130653,3.885213]",
585,"[3.732884,0.7130653,3.885118]",
586,"[3.732872,0.7130653,3.885174]",
587,"[3.732682,0.7130653,3.8858]",
588,"[3.732516,0.7130653,3.886386]",
589,"[3.732438,0.7130653,3.88681]",
590,"[3.732458,0.7130653,3.887592]",
591,"[3.732691,0.7130653,3.8878]",
592,"[3.733397,0.7130653,3.888438]",
593,"[3.733922,0.7130653,3.88893]",
594,"[3.737351,0.7130653,3.891295]",
595,"[3.739772,0.7130653,3.891807]",
596,"[3.743247,0.7041678,3.905181]",
597,"[3.743476,0.6925373,3.921707]",
598,"[3.746078,0.6925373,3.922307]",
599,"[3.750332,0.6925373,3.923139]",
600,"[3.752737,0.6925373,3.923754]",
601,"[3.753447,0.6925373,3.923623]",
602,"[3.754015,0.6925373,3.923565]",
603,"[3.755014,0.6925373,3.923585]",
604,"[3.755478,0.6925373,3.923712]",
605,"[3.755799,0.6925373,3.923897]",
606,"[3.756518,0.6925373,3.924376]",
607,"[3.757006,0.6925373,3.924659]",
608,"[3.757329,0.6925373,3.924598]",
609,"[3.757633,0.6925373,3.924303]",
610,"[3.758114,0.6925373,3.923258]",
611,"[3.75833,0.6925373,3.922431]",
612,"[3.759216,0.6925373,3.92025]",
613,"[3.75998,0.6925373,3.918774]",
614,"[3.760942,0.6925373,3.917218]",
615,"[3.761624,0.6925373,3.915415]",
616,"[3.762011,0.6925373,3.91433]",
617,"[3.762402,0.6925373,3.912689]",
618,"[3.762401,0.6925373,3.912266]",
619,"[3.762533,0.6925373,3.912517]",
620,"[3.762089,0.6925373,3.912426]",
621,"[3.761699,0.6925373,3.911878]",
622,"[3.761814,0.6925373,3.911466]",
623,"[3.761861,0.6925373,3.911018]",
624,"[3.761818,0.6925373,3.910003]",
625,"[3.761905,0.6925373,3.909403]",
626,"[3.761696,0.6925373,3.908541]",
627,"[3.760715,0.6925373,3.907766]",
628,"[3.75872,0.6925373,3.906514]",
629,"[3.757887,0.6925373,3.906121]",
630,"[3.757281,0.6925373,3.905837]",
631,"[3.755248,0.6925373,3.904665]",
632,"[3.754352,0.6925373,3.903268]",
633,"[3.75317,0.6906487,3.901889]",
634,"[3.75294,0.6884326,3.901766]",
635,"[3.753283,0.6827291,3.901949]",
636,"[3.753805,0.6784104,3.902226]",
637,"[3.754342,0.6707534,3.902512]",
638,"[3.754868,0.6667817,3.902792]",
639,"[3.754784,0.6659186,3.902747]",
640,"[3.754589,0.6649015,3.902643]",
641,"[3.754496,0.6645197,3.902594]",
642,"[3.753869,0.6629923,3.902261]",
643,"[3.753581,0.6615684,3.902107]",
644,"[3.752838,0.6614654,3.901712]",
645,"[3.752402,0.6614353,3.90148]",
646,"[3.751156,0.6622491,3.900817]",
647,"[3.750564,0.6629913,3.900502]",
648,"[3.749985,0.6637694,3.900194]",
649,"[3.748717,0.6660762,3.89952]",
650,"[3.748249,0.6669741,3.899271]",
651,"[3.747589,0.6684836,3.89892]",
652,"[3.746991,0.6711484,3.898602]",
653,"[3.746204,0.6743525,3.898183]",
654,"[3.746028,0.6751066,3.89809]",
655,"[3.745902,0.6757166,3.898022]",
656,"[3.745781,0.6769366,3.897958]",
657,"[3.752863,0.6784562,3.901725]",
658,"[3.775347,0.6881872,3.913685]",
659,"[3.786439,0.6925373,3.921677]",
660,"[3.799197,0.6925373,3.939252]",
661,"[3.803688,0.6925373,3.945126]",
662,"[3.807325,0.6925373,3.950441]",
663,"[3.808915,0.6925373,3.952923]",
664,"[3.810022,0.6925373,3.954205]",
665,"[3.811429,0.6925373,3.955737]",
666,"[3.811786,0.6925373,3.956155]",
667,"[3.812473,0.6925373,3.956514]",
668,"[3.812709,0.6925373,3.956603]",
669,"[3.812797,0.6925373,3.95683]",
670,"[3.812876,0.6925373,3.957088]",
671,"[3.812921,0.6925373,3.957294]",
672,"[3.812963,0.6925373,3.957543]",
673,"[3.813086,0.6925373,3.957347]",
674,"[3.813564,0.6925373,3.957226]",
675,"[3.813757,0.6925373,3.957103]",
676,"[3.814267,0.6925373,3.956364]",
677,"[3.814355,0.6925373,3.95594]",
678,"[3.814484,0.6925373,3.95529]",
679,"[3.81455,0.6925373,3.955052]",
680,"[3.814623,0.6925373,3.954851]",
681,"[3.814704,0.6925373,3.955164]",
682,"[3.815102,0.6925373,3.955221]",
683,"[3.81596,0.6925373,3.955306]",
684,"[3.816449,0.6925373,3.955461]",
685,"[3.817207,0.6925373,3.955877]",
686,"[3.817503,0.6925373,3.95611]",
687,"[3.818043,0.6925373,3.956533]",
688,"[3.81826,0.6925373,3.956696]",
689,"[3.818359,0.6925373,3.956767]",
690,"[3.818497,0.6925373,3.956905]",
691,"[3.818497,0.6925373,3.956905]",
692,"[3.81854,0.6925373,3.957082]",
693,"[3.818575,0.6925373,3.957226]",
694,"[3.818811,0.6925373,3.957232]",
695,"[3.819027,0.6925373,3.95718]",
696,"[3.819274,0.6925373,3.957117]",
697,"[3.819813,0.6925373,3.957203]",
698,"[3.820098,0.6925373,3.957405]",
699,"[3.820613,0.6925373,3.957706]",
700,"[3.820899,0.6925373,3.957815]",
701,"[3.821551,0.6925373,3.957924]",
702,"[3.821801,0.6925373,3.957969]",
703,"[3.822524,0.6925373,3.957685]",
704,"[3.822972,0.6925373,3.957246]",
705,"[3.823528,0.6925373,3.956606]",
706,"[3.824986,0.6925373,3.954535]",
707,"[3.825356,0.6925373,3.953583]",
708,"[3.82592,0.6925373,3.952868]",
709,"[3.826169,0.6925373,3.952992]",
710,"[3.826599,0.6925373,3.95325]",
711,"[3.826781,0.6925373,3.953397]",
712,"[3.82713,0.6925373,3.953922]",
713,"[3.827322,0.6925373,3.954224]",
714,"[3.798863,0.6925373,3.97453]",
715,"[3.770531,0.6925373,3.997625]",
716,"[3.761477,0.6925373,4.006027]",
717,"[3.75069,0.6925373,4.015911]",
718,"[3.747254,0.6925373,4.019021]",
719,"[3.743247,0.6961194,4.01696]",
720,"[3.743247,0.7052131,4.001644]",
721,"[3.743247,0.7115227,3.990868]",
722,"[3.741545,0.7130653,3.988845]",
723,"[3.740846,0.7130653,3.989121]",
724,"[3.73969,0.7130653,3.989256]",
725,"[3.739272,0.7130653,3.989141]",
726,"[3.738092,0.7130653,3.989864]",
727,"[3.736988,0.7130653,3.990791]",
728,"[3.735515,0.7130653,3.991896]",
729,"[3.735002,0.7130653,3.992297]",
730,"[3.734618,0.7130653,3.992689]",
731,"[3.733967,0.7130653,3.993445]",
732,"[3.733574,0.7130653,3.994343]",
733,"[3.73206,0.7130653,3.997018]",
734,"[3.731053,0.7130653,3.998717]",
735,"[3.729441,0.7130653,4.001794]",
736,"[3.728536,0.7130653,4.003758]",
737,"[3.726152,0.7130653,4.009446]",
738,"[3.724502,0.7130653,4.013592]",
739,"[3.721956,0.7130653,4.019602]",
740,"[3.71564,0.7130653,4.035153]",
741,"[3.71232,0.7130653,4.043415]",
742,"[3.705696,0.7130653,4.055393]",
743,"[3.702339,0.7130653,4.061128]",
744,"[3.69707,0.7130653,4.068146]",
745,"[3.695325,0.7130653,4.069222]",
746,"[3.693552,0.7130653,4.070515]",
747,"[3.690026,0.7130653,4.073746]",
748,"[3.688092,0.7130653,4.076083]",
749,"[3.683973,0.7130653,4.085728]",
750,"[3.681358,0.7130653,4.09226]",
751,"[3.676306,0.7130653,4.104294]",
752,"[3.674063,0.7130653,4.108721]",
753,"[3.670264,0.7130653,4.115092]",
754,"[3.668755,0.7130653,4.117214]",
755,"[3.667641,0.7130653,4.118716]",
756,"[3.665327,0.7130653,4.121686]",
757,"[3.664353,0.7130653,4.122849]",
758,"[3.66303,0.7130653,4.124455]",
759,"[3.662758,0.7130653,4.12484]",
760,"[3.661735,0.7130653,4.126498]",
761,"[3.660979,0.7130653,4.127823]",
762,"[3.659405,0.7130653,4.130409]",
763,"[3.658474,0.7130653,4.13191]",
764,"[3.657919,0.7130653,4.132244]",
765,"[3.657017,0.7130653,4.132783]",
766,"[3.656813,0.7130653,4.1327]",
767,"[3.656538,0.7130653,4.132246]",
768,"[3.656523,0.7130653,4.131902]",
769,"[3.657216,0.7130653,4.129285]",
770,"[3.657571,0.7130653,4.128344]",
771,"[3.658286,0.7130653,4.126894]",
772,"[3.65856,0.7130653,4.126308]",
773,"[3.658829,0.7130653,4.125782]",
774,"[3.659178,0.7130653,4.125314]",
775,"[3.659362,0.7130653,4.124993]",
776,"[3.660042,0.7130653,4.123311]",
777,"[3.660997,0.7130653,4.121531]",
778,"[3.662853,0.7130653,4.116366]",
779,"[3.663698,0.7130653,4.113229]",
780,"[3.664429,0.7130653,4.110451]",
781,"[3.665628,0.7130653,4.105751]",
782,"[3.665658,0.7130653,4.105408]",
783,"[3.664815,0.7130653,4.105792]",
784,"[3.663952,0.7130653,4.106384]",
785,"[3.662382,0.7130653,4.106976]",
786,"[3.661775,0.7130653,4.106742]",
787,"[3.660889,0.7130653,4.106593]",
788,"[3.660696,0.7130653,4.106552]",
789,"[3.660883,0.7130653,4.106519]",
790,"[3.661951,0.7130653,4.106374]",
791,"[3.662944,0.7130653,4.106527]",
792,"[3.664849,0.7130653,4.107339]",
793,"[3.665772,0.7130653,4.10796]",
794,"[3.667418,0.7130653,4.109393]",
795,"[3.66818,0.7130653,4.110195]",
796,"[3.66949,0.7130653,4.111482]",
797,"[3.689384,0.7130653,4.137794]",
798,"[3.702042,0.7130653,4.153604]",
799,"[3.717301,0.7130652,4.172133]",
800,"[3.722166,0.7130652,4.178241]",
801,"[3.728824,0.7130652,4.188037]",
802,"[3.731229,0.7130652,4.192153]",
803,"[3.735185,0.7130652,4.198807]",
804,"[3.736977,0.7130652,4.201676]",
805,"[3.738575,0.7130652,4.204252]",
806,"[3.743247,0.7123191,4.210848]",
807,"[3.743247,0.7049128,4.227581]",
808,"[3.743247,0.6927791,4.25519]",
809,"[3.731782,0.6473475,4.351597]",
810,"[3.73354,0.6473331,4.353139]",
811,"[3.734056,0.6473282,4.353662]",
812,"[3.734875,0.6473242,4.354012]",
813,"[3.735204,0.6473247,4.35386]",
814,"[3.743247,0.7051215,4.215857]",
815,"[3.734841,0.7130652,4.160602]",
816,"[3.731775,0.7130653,4.142899]",
817,"[3.727446,0.7130653,4.120903]",
818,"[3.725977,0.7130653,4.114067]",
819,"[3.724174,0.7130653,4.10408]",
820,"[3.723599,0.7130653,4.100338]",
821,"[3.722965,0.7130653,4.095282]",
822,"[3.72275,0.7130653,4.093357]",
823,"[3.722469,0.7130653,4.091861]",
824,"[3.721775,0.7130653,4.089216]",
825,"[3.721481,0.7130653,4.08848]",
826,"[3.720841,0.7130653,4.087912]",
827,"[3.720279,0.7130653,4.087978]",
828,"[3.719009,0.7130653,4.088091]",
829,"[3.71829,0.7130653,4.087994]",
830,"[3.717567,0.7130653,4.088015]",
831,"[3.715865,0.7130653,4.086648]",
832,"[3.715053,0.7130653,4.083984]",
833,"[3.713358,0.7130653,4.074952]",
834,"[3.712701,0.7130653,4.068052]",
835,"[3.712321,0.7130653,4.055053]",
836,"[3.712393,0.7130653,4.048719]",
837,"[3.712083,0.7130653,4.040212]",
838,"[3.711799,0.7130653,4.037143]",
839,"[3.711472,0.7130653,4.03474]",
840,"[3.71096,0.7130653,4.031364]",
841,"[3.710681,0.7130653,4.030416]",
842,"[3.710087,0.7130653,4.029375]",
843,"[3.709594,0.7130653,4.029023]",
844,"[3.708649,0.7130653,4.027652]",
845,"[3.708602,0.7130653,4.027147]",
846,"[3.708582,0.7130653,4.026767]",
847,"[3.708849,0.7130653,4.026585]",
848,"[3.709135,0.7130653,4.026762]",
849,"[3.710462,0.7130653,4.027219]",
850,"[3.711346,0.7130653,4.0279]",
851,"[3.713424,0.7130653,4.031489]",
852,"[3.713542,0.7130653,4.032898]",
853,"[3.714021,0.7130653,4.034519]",
854,"[3.714445,0.7130653,4.034402]",
855,"[3.715879,0.7130653,4.0356]",
856,"[3.71653,0.7130653,4.03725]",
857,"[3.717109,0.7130653,4.03959]",
858,"[3.713578,0.7130653,4.110293]",
859,"[3.712596,0.7130653,4.133142]",
860,"[3.712503,0.7130653,4.155805]",
861,"[3.712919,0.7130653,4.161]",
862,"[3.71199,0.7130653,4.167762]",
863,"[3.71164,0.7130652,4.17083]",
864,"[3.711086,0.7130652,4.173901]",
865,"[3.709528,0.7130652,4.180522]",
866,"[3.70856,0.7130652,4.18432]",
867,"[3.70675,0.7130652,4.190521]",
868,"[3.705792,0.7130652,4.19509]",
869,"[3.704001,0.7130652,4.206121]",
870,"[3.7033,0.7130652,4.211865]",
871,"[3.702708,0.7130652,4.223147]",
872,"[3.702977,0.7130652,4.224067]",
873,"[3.703331,0.7130652,4.224946]",
874,"[3.703351,0.7130652,4.224969]",
875,"[3.702822,0.7130652,4.224658]",
876,"[3.702331,0.7130652,4.224632]",
877,"[3.702501,0.7130652,4.223616]",
878,"[3.702855,0.7130652,4.22169]",
879,"[3.70295,0.7130652,4.220812]",
880,"[3.703039,0.7130652,4.219985]",
881,"[3.702657,0.7130652,4.216054]",
882,"[3.701551,0.7130652,4.213342]",
883,"[3.698862,0.7130652,4.207637]",
884,"[3.697106,0.7130652,4.204399]",
885,"[3.692431,0.7130652,4.199969]",
886,"[3.689975,0.7130652,4.198645]",
887,"[3.743235,0.7130652,4.236947]",
888,"[3.731744,0.6469709,4.386106]",
889,"[3.740571,0.6465156,4.39582]",
890,"[3.651551,0.3610227,5.04]",
891,"[3.659149,0.3661903,5.04]",
892,"[3.674209,0.379853,5.04]",
893,"[3.680947,0.3861049,5.04]",
894,"[3.69565,0.4002241,5.04]",
895,"[3.703512,0.4093401,5.04]",
896,"[3.717716,0.4278445,5.04]",
897,"[3.724201,0.4366852,5.04]",
898,"[3.731341,0.4455022,5.04]",
899,"[3.743576,0.4535346,5.04]",
900,"[3.747772,0.4548895,5.04]",
901,"[3.758966,0.460353,5.04]",
902,"[3.762801,0.4628237,5.04]",
903,"[3.772105,0.4680111,5.04]",
904,"[3.777777,0.4706337,5.04]",
905,"[3.784151,0.474092,5.04]",
906,"[3.792654,0.4690075,5.04]",
907,"[3.797738,0.4674628,5.04]",
908,"[3.769212,0.6475111,4.311271]",
909,"[3.756711,0.6479884,4.257293]",
910,"[3.746203,0.6483548,4.209739]",
911,"[3.743589,0.6484029,4.197677]",
912,"[3.73884,0.6484029,4.197268]",
913,"[3.736446,0.6484029,4.1984]",
914,"[3.731513,0.6484029,4.20158]",
915,"[3.743247,0.703942,4.091872]",
916,"[3.741409,0.7130653,4.075991]",
917,"[3.732073,0.7130653,4.08111]",
918,"[3.728603,0.7130653,4.080904]",
919,"[3.724229,0.7130653,4.076909]",
920,"[3.721658,0.7130653,4.072139]",
921,"[3.716355,0.7130653,4.060421]",
922,"[3.713522,0.7130653,4.052963]",
923,"[3.710847,0.7130653,4.041025]",
924,"[3.706843,0.7130653,4.010684]",
925,"[3.705283,0.7130653,3.998428]",
926,"[3.701407,0.7130653,3.980173]",
927,"[3.699921,0.7130653,3.982883]",
928,"[3.697912,0.7130653,3.984896]",
929,"[3.697335,0.7130653,3.984387]",
930,"[3.696763,0.7130653,3.982316]",
931,"[3.696492,0.7130653,3.973354]",
932,"[3.695894,0.7130653,3.971624]",
933,"[3.686501,0.7130653,3.97916]",
934,"[3.680634,0.7130653,3.987527]",
935,"[3.667374,0.7130653,4.010668]",
936,"[3.660548,0.7130653,4.024177]",
937,"[3.646511,0.7130653,4.051854]",
938,"[3.639622,0.7130653,4.065558]",
939,"[3.631979,0.7130653,4.084628]",
940,"[3.618271,0.7130653,4.117085]",
941,"[3.610396,0.7130653,4.136147]",
942,"[3.596712,0.7130653,4.172268]",
943,"[3.58971,0.7130653,4.189527]",
944,"[3.576165,0.7130653,4.223948]",
945,"[3.568887,0.7130653,4.240613]",
946,"[3.558419,0.7130653,4.264225]",
947,"[3.556034,0.7130653,4.271153]",
948,"[3.555267,0.7130653,4.27559]",
949,"[3.556518,0.7130653,4.278]",
950,"[3.557328,0.7130653,4.277936]",
951,"[3.559362,0.7130653,4.276541]",
952,"[3.560778,0.7130653,4.274841]",
953,"[3.57051,0.7130653,4.259606]",
954,"[3.578457,0.7130653,4.245442]",
955,"[3.597701,0.7130653,4.208187]",
956,"[3.609068,0.7130653,4.185081]",
957,"[3.619994,0.7130653,4.161095]",
958,"[3.661667,0.7130653,4.089159]",
959,"[3.684213,0.7130653,4.06475]",
960,"[3.714213,0.7130653,4.031567]",
961,"[3.725722,0.7130653,4.020545]",
962,"[3.740675,0.7130653,4.015162]",
963,"[3.743453,0.6925373,4.048391]",
964,"[3.745954,0.6925373,4.054923]",
965,"[3.749615,0.6925373,4.061181]",
966,"[3.751226,0.6925373,4.061262]",
967,"[3.754239,0.6925373,4.063607]",
968,"[3.756521,0.6925373,4.059692]",
969,"[3.75832,0.6925373,4.073443]",
970,"[3.758733,0.6925373,4.082554]",
971,"[3.750979,0.6484029,4.163084]",
972,"[3.750545,0.6484029,4.169557]",
973,"[3.750113,0.6484029,4.172438]",
974,"[3.748084,0.6484029,4.186499]",
975,"[3.747218,0.6484029,4.196233]",
976,"[3.746846,0.6483458,4.210814]",
977,"[3.746955,0.6483216,4.214096]",
978,"[3.749238,0.6482022,4.229908]",
979,"[3.750625,0.6481442,4.237475]",
980,"[3.751894,0.6480275,4.25318]",
981,"[3.752039,0.6479642,4.261814]",
982,"[3.752705,0.6478846,4.272576]",
983,"[3.75422,0.6477457,4.291234]",
984,"[3.755129,0.6476759,4.300575]",
985,"[3.758053,0.6475423,4.317731]",
986,"[3.760146,0.6474195,4.326152]",
987,"[3.763064,0.6472064,4.341337]",
988,"[3.763843,0.6466404,4.349341]",
989,"[3.750592,0.6473183,4.342233]",
990,"[3.734165,0.7130652,4.208368]",
991,"[3.718393,0.7130652,4.197287]",
992,"[3.703321,0.7130652,4.189897]",
993,"[3.697634,0.7130652,4.187224]",
994,"[3.684655,0.7130653,4.167205]",
995,"[3.67892,0.7130653,4.156378]",
996,"[3.668473,0.7130653,4.138141]",
997,"[3.663456,0.7130653,4.125175]",
998,"[3.65918,0.7130653,4.11466]",
999,"[3.649154,0.7130653,4.092349]",
1000,"[3.645038,0.7130653,4.081145]",
1001,"[3.636502,0.7130653,4.062744]",
1002,"[3.635429,0.7130653,4.054862]",
1003,"[3.633504,0.7130653,4.040411]",
1004,"[3.632741,0.7130653,4.034343]",
1005,"[3.632478,0.7130653,4.026395]",
1006,"[3.632899,0.7130653,4.024081]",
1007,"[3.633049,0.7130653,4.021863]",
1008,"[3.635046,0.7130653,4.019756]",
1009,"[3.6364,0.7130653,4.019378]",
1010,"[3.638691,0.7130653,4.019171]",
1011,"[3.639876,0.7130653,4.019228]",
1012,"[3.641566,0.7130653,4.020275]",
1013,"[3.642256,0.7130653,4.020737]",
1014,"[3.643811,0.7130653,4.02174]",
1015,"[3.646912,0.7130653,4.023584]",
1016,"[3.648436,0.7130653,4.024477]",
1017,"[3.65187,0.7130653,4.026297]",
1018,"[3.653631,0.7130653,4.027147]",
1019,"[3.655999,0.7130653,4.029224]",
1020,"[3.656875,0.7130653,4.029557]",
1021,"[3.658002,0.7130653,4.030266]",
1022,"[3.658634,0.7130653,4.029867]",
1023,"[3.659103,0.7130653,4.029534]",
1024,"[3.659853,0.7130653,4.028833]",
1025,"[3.660511,0.7130653,4.028989]",
1026,"[3.661652,0.7130653,4.029219]",
1027,"[3.662205,0.7130653,4.02937]",
1028,"[3.663226,0.7130653,4.029599]",
1029,"[3.663707,0.7130653,4.029771]",
1030,"[3.66431,0.7130653,4.030056]",
1031,"[3.664515,0.7130653,4.030047]",
1032,"[3.66477,0.7130653,4.029953]",
1033,"[3.665278,0.7130653,4.029416]",
1034,"[3.665478,0.7130653,4.029067]",
1035,"[3.665731,0.7130653,4.028785]",
1036,"[3.665787,0.7130653,4.02878]",
1037,"[3.666017,0.7130653,4.028401]",
1038,"[3.666094,0.7130653,4.028102]",
1039,"[3.666144,0.7130653,4.027931]",
1040,"[3.666152,0.7130653,4.027724]",
1041,"[3.666121,0.7130653,4.027715]",
1042,"[3.666076,0.7130653,4.027752]",
1043,"[3.66606,0.7130653,4.027751]",
1044,"[3.666038,0.7130653,4.027675]",
1045,"[3.666041,0.7130653,4.027597]",
1046,"[3.666053,0.7130653,4.027334]",
1047,"[3.666138,0.7130653,4.027016]",
1048,"[3.666194,0.7130653,4.026714]",
1049,"[3.666469,0.7130653,4.02633]",
1050,"[3.666579,0.7130653,4.026146]",
1051,"[3.666551,0.7130653,4.02533]",
1052,"[3.666822,0.7130653,4.024679]",
1053,"[3.667042,0.7130653,4.02337]",
1054,"[3.667002,0.7130653,4.022754]",
1055,"[3.667011,0.7130653,4.022097]",
1056,"[3.667083,0.7130653,4.02178]",
1057,"[3.667073,0.7130653,4.021842]",
1058,"[3.667073,0.7130653,4.022014]",
1059,"[3.667087,0.7130653,4.022145]",
1060,"[3.667148,0.7130653,4.022469]",
1061,"[3.667199,0.7130653,4.022663]",
1062,"[3.667354,0.7130653,4.022779]",
1063,"[3.667429,0.7130653,4.022823]",
1064,"[3.667542,0.7130653,4.022817]",
1065,"[3.667832,0.7130653,4.022686]",
1066,"[3.667934,0.7130653,4.02263]",
1067,"[3.668041,0.7130653,4.022651]",
1068,"[3.668087,0.7130653,4.022691]",
1069,"[3.66354,0.7130653,4.032112]",
1070,"[3.661802,0.7130653,4.035644]",
1071,"[3.658891,0.7130653,4.041444]",
1072,"[3.657682,0.7130653,4.04392]",
1073,"[3.65651,0.7130653,4.046364]",
1074,"[3.65468,0.7130653,4.050439]",
1075,"[3.653867,0.7130653,4.05231]",
1076,"[3.652582,0.7130653,4.055502]",
1077,"[3.652235,0.7130653,4.056461]",
1078,"[3.651693,0.7130653,4.058116]",
1079,"[3.651499,0.7130653,4.058812]",
1080,"[3.65126,0.7130653,4.06]",
1081,"[3.6512,0.7130653,4.060538]",
1082,"[3.651195,0.7130653,4.060991]",
1083,"[3.651193,0.7130653,4.062073]",
1084,"[3.651171,0.7130653,4.062752]",
1085,"[3.650901,0.7130653,4.064399]",
1086,"[3.650641,0.7130653,4.065309]",
1087,"[3.650002,0.7130653,4.066855]",
1088,"[3.64973,0.7130653,4.067666]",
1089,"[3.649508,0.7130653,4.068314]",
1090,"[3.649302,0.7130653,4.069108]",
1091,"[3.649327,0.7130653,4.069194]",
1092,"[3.649179,0.7130653,4.069218]",
1093,"[3.649122,0.7130653,4.069241]",
1094,"[3.648755,0.7130653,4.069151]",
1095,"[3.648546,0.7130653,4.069146]",
1096,"[3.648222,0.7130653,4.069018]",
1097,"[3.647986,0.7130653,4.068655]",
1098,"[3.647758,0.7130653,4.068258]",
1099,"[3.647307,0.7130653,4.067463]",
1100,"[3.646981,0.7130653,4.066916]",
1101,"[3.64647,0.7130653,4.06583]",
1102,"[3.646234,0.7130653,4.065195]",
1103,"[3.645744,0.7130653,4.064237]",
1104,"[3.645423,0.7130653,4.063855]",
1105,"[3.64513,0.7130653,4.063469]",
1106,"[3.644672,0.7130653,4.062644]",
1107,"[3.644438,0.7130653,4.06211]",
1108,"[3.64424,0.7130653,4.061628]",
1109,"[3.644167,0.7130653,4.061552]",
1110,"[3.64399,0.7130653,4.061357]",
1111,"[3.643867,0.7130653,4.061355]",
1112,"[3.643534,0.7130653,4.061524]",
1113,"[3.643377,0.7130653,4.061545]",
1114,"[3.643311,0.7130653,4.061589]",
1115,"[3.643157,0.7130653,4.061664]",
1116,"[3.643045,0.7130653,4.061728]",
1117,"[3.642882,0.7130653,4.061868]",
1118,"[3.642788,0.7130653,4.061863]",
1119,"[3.642598,0.7130653,4.061504]",
1120,"[3.64254,0.7130653,4.060905]",
1121,"[3.642366,0.7130653,4.058306]",
1122,"[3.642252,0.7130653,4.056534]",
1123,"[3.641963,0.7130653,4.054471]",
1124,"[3.64099,0.7130653,4.049453]",
1125,"[3.640451,0.7130653,4.045986]",
1126,"[3.630422,0.7130653,4.042119]",
1127,"[3.617226,0.7130653,4.044912]",
1128,"[3.592737,0.7130653,4.052928]",
1129,"[3.57825,0.7130653,4.05833]",
1130,"[3.553863,0.7130653,4.07094]",
1131,"[3.540266,0.7130653,4.079143]",
1132,"[3.526643,0.7130653,4.088745]",
1133,"[3.498544,0.7130653,4.108479]",
1134,"[3.48256,0.7130653,4.119791]",
1135,"[3.456409,0.7130653,4.141983]",
1136,"[3.443475,0.7130653,4.154588]",
1137,"[3.420436,0.7130653,4.180532]",
1138,"[3.408745,0.7130653,4.193265]",
1139,"[3.399258,0.7130653,4.204416]",
1140,"[3.382795,0.7130653,4.224599]",
1141,"[3.375369,0.7130653,4.234315]",
1142,"[3.365469,0.7130653,4.253252]",
1143,"[3.36053,0.7130653,4.262178]",
1144,"[3.362217,0.7130653,4.263394]",
1145,"[3.376218,0.7130653,4.251936]",
1146,"[3.394267,0.7130653,4.237976]",
1147,"[3.428878,0.7130653,4.21627]",
1148,"[3.446455,0.7130653,4.205566]",
1149,"[3.516917,0.7130653,4.148885]",
1150,"[3.536928,0.7130653,4.130548]",
1151,"[3.560183,0.7130653,4.110368]",
1152,"[3.569335,0.7130653,4.102775]",
1153,"[3.587384,0.7130653,4.082721]",
1154,"[3.59483,0.7130653,4.073896]",
1155,"[3.606386,0.7130653,4.06074]",
1156,"[3.612953,0.7130653,4.054054]",
1157,"[3.620091,0.7130653,4.044458]",
1158,"[3.632198,0.7130653,4.031484]",
1159,"[3.635578,0.7130653,4.026187]",
1160,"[3.640512,0.7130653,4.019737]",
1161,"[3.643194,0.7130653,4.01841]",
1162,"[3.641922,0.7130653,4.016176]",
1163,"[3.641665,0.7130653,4.014962]",
1164,"[3.640995,0.7130653,4.014345]",
1165,"[3.640101,0.7130653,4.013558]",
1166,"[3.639843,0.7130653,4.013292]",
1167,"[3.640493,0.7230267,4.005761]",
1168,"[3.640493,0.7230267,4.005761]",
1169,"[3.639985,0.745791,3.989996]",
1170,"[3.633982,0.6925373,4.026103]",
1171,"[3.632462,0.6925373,4.026224]",
1172,"[3.631153,0.6925373,4.026281]",
1173,"[3.628717,0.6925373,4.026911]",
1174,"[3.626107,0.6925373,4.028178]",
1175,"[3.622261,0.6925373,4.029957]",
1176,"[3.620563,0.6925373,4.030786]",
1177,"[3.616286,0.6925373,4.033967]",
1178,"[3.613423,0.6925373,4.036036]",
1179,"[3.611238,0.6925373,4.037767]",
1180,"[3.607997,0.6925373,4.040523]",
1181,"[3.606712,0.6925373,4.041775]",
1182,"[3.604764,0.6925373,4.044274]",
1183,"[3.603938,0.6925373,4.045702]",
1184,"[3.601682,0.6925373,4.048509]",
1185,"[3.600761,0.6925373,4.049731]",
1186,"[3.599964,0.6925373,4.050942]",
1187,"[3.598909,0.6925373,4.053082]",
1188,"[3.598494,0.6925373,4.054238]",
1189,"[3.598377,0.6925373,4.055091]",
1190,"[3.59809,0.6925373,4.055381]",
1191,"[3.597614,0.6925373,4.056005]",
1192,"[3.597441,0.6925373,4.056258]",
1193,"[3.59726,0.6925373,4.05663]",
1194,"[3.596699,0.6925373,4.05695]",
1195,"[3.596537,0.6925373,4.057162]",
1196,"[3.596602,0.6925373,4.057529]",
1197,"[3.5968,0.6925373,4.057699]",
1198,"[3.597441,0.6925373,4.054447]",
1199,"[3.597862,0.6925373,4.052851]",
1200,"[3.59869,0.6925373,4.051553]",
1201,"[3.599228,0.6925373,4.05166]",
1202,"[3.599795,0.6925373,4.051833]",
1203,"[3.599788,0.6925373,4.052056]",
1204,"[3.599767,0.6925373,4.052219]",
1205,"[3.599889,0.6925373,4.052535]",
1206,"[3.60008,0.6925373,4.052657]",
1207,"[3.599976,0.6925373,4.051295]",
1208,"[3.599821,0.6925373,4.051282]",
1209,"[3.599747,0.6925373,4.051248]",
1210,"[3.599745,0.6925373,4.051007]",
1211,"[3.599991,0.6925373,4.049554]",
1212,"[3.603046,0.7130653,4.033249]",
1213,"[3.603845,0.7130653,4.031528]",
1214,"[3.60406,0.7130653,4.031753]",
1215,"[3.604093,0.7130653,4.032072]",
1216,"[3.603906,0.7130653,4.032115]",
1217,"[3.602654,0.7130653,4.029939]",
1218,"[3.601798,0.7130653,4.02989]",
1219,"[3.600811,0.7130653,4.029288]",
1220,"[3.600054,0.7130653,4.028337]",
1221,"[3.598747,0.7130653,4.027481]",
1222,"[3.598093,0.7130653,4.027451]",
1223,"[3.597077,0.7130653,4.026437]",
1224,"[3.60204,0.7519917,3.994463]",
1225,"[3.600494,0.7519917,3.992321]",
1226,"[3.599813,0.7519917,3.991402]",
1227,"[3.59914,0.7519917,3.990551]",
1228,"[3.598216,0.7519917,3.989335]",
1229,"[3.597831,0.7519917,3.989342]",
1230,"[3.597178,0.7519917,3.989362]",
1231,"[3.596869,0.7519917,3.989404]",
1232,"[3.596612,0.7519917,3.989459]",
1233,"[3.596509,0.7519917,3.989468]",
1234,"[3.596261,0.7519917,3.989474]",
1235,"[3.596202,0.7519917,3.989495]",
1236,"[3.596142,0.7519917,3.989521]",
1237,"[3.595965,0.7519917,3.989666]",
1238,"[3.595835,0.7519917,3.989788]",
1239,"[3.595531,0.7519917,3.990103]",
1240,"[3.595337,0.7519917,3.990328]",
1241,"[3.594945,0.7519917,3.99092]",
1242,"[3.594829,0.7519917,3.991155]",
1243,"[3.59471,0.7519917,3.991428]",
1244,"[3.594726,0.7519917,3.991551]",
1245,"[3.594761,0.7519917,3.991619]",
1246,"[3.595312,0.7524349,3.991341]",
1247,"[3.588452,0.7107236,4.024858]",
1248,"[3.601089,0.7940673,3.957818]",
1249,"[3.600935,0.7951748,3.956857]",
1250,"[3.60031,0.7947593,3.956944]",
1251,"[3.599996,0.7948097,3.956696]",
1252,"[3.599644,0.7947087,3.95592]",
1253,"[3.599418,0.794341,3.955703]",
1254,"[3.599226,0.7939552,3.955616]",
1255,"[3.598852,0.7932296,3.95551]",
1256,"[3.598665,0.7927983,3.955528]",
1257,"[3.597707,0.7880414,3.958653]",
1258,"[3.596999,0.7838658,3.961597]",
1259,"[3.581766,0.6925373,4.033257]",
1260,"[3.581914,0.6925373,4.032705]",
1261,"[3.582069,0.6925373,4.03219]",
1262,"[3.582632,0.6925373,4.030795]",
1263,"[3.58307,0.6925373,4.029868]",
1264,"[3.584026,0.6925373,4.028135]",
1265,"[3.584624,0.6925373,4.02715]",
1266,"[3.586133,0.6925373,4.024861]",
1267,"[3.587064,0.6925373,4.023551]",
1268,"[3.587954,0.6925373,4.022274]",
1269,"[3.589667,0.6925373,4.019725]",
1270,"[3.590841,0.6925373,4.018339]",
1271,"[3.593199,0.6925373,4.015762]",
1272,"[3.595244,0.6925373,4.014259]",
1273,"[3.6003,0.6925373,4.012571]",
1274,"[3.647997,0.6925373,4.014701]",
1275,"[3.667027,0.6925373,4.016366]",
1276,"[3.686037,0.6925373,4.018019]",
1277,"[3.693263,0.6925373,4.018549]",
1278,"[3.704936,0.6925373,4.019439]",
1279,"[3.71016,0.6925373,4.019957]",
1280,"[3.717414,0.6925373,4.020656]",
1281,"[3.720237,0.6925373,4.020936]",
1282,"[3.725111,0.6925373,4.022362]",
1283,"[3.727221,0.6925373,4.022955]",
1284,"[3.729771,0.6925373,4.023673]",
1285,"[3.732403,0.6925373,4.023634]",
1286,"[3.73283,0.6925373,4.022769]",
1287,"[3.733897,0.6936876,4.020702]",
1288,"[3.733909,0.6940121,4.019483]",
1289,"[3.733473,0.6960874,4.017642]",
1290,"[3.732914,0.6956143,4.01768]",
1291,"[3.732639,0.696573,4.01666]",
1292,"[3.73006,0.6991034,4.013065]",
1293,"[3.729463,0.7102298,4.003939]",
1294,"[3.727505,0.7135757,3.99945]",
1295,"[3.725687,0.7132981,3.99839]",
1296,"[3.723452,0.7131113,3.997028]",
1297,"[3.721673,0.7130739,3.996664]",
1298,"[3.718847,0.7130665,3.996359]",
1299,"[3.717566,0.713065,3.996292]",
1300,"[3.715347,0.7130648,3.995874]",
1301,"[3.712012,0.7130647,3.99515]",
1302,"[3.710729,0.7130647,3.994519]",
1303,"[3.708884,0.7130647,3.993639]",
1304,"[3.707943,0.7130647,3.993257]",
1305,"[3.706576,0.7130647,3.993136]",
1306,"[3.705727,0.7130647,3.993225]",
1307,"[3.703096,0.7130647,3.99343]",
1308,"[3.702095,0.7130647,3.993569]",
1309,"[3.700428,0.7130647,3.994055]",
1310,"[3.699059,0.7130647,3.99443]",
1311,"[3.69773,0.7130647,3.994871]",
1312,"[3.685477,0.7130648,3.996809]",
1313,"[3.695606,0.8952624,3.864333]",
1314,"[3.682637,0.8966396,3.863859]",
1315,"[3.674142,0.8957177,3.864624]",
1316,"[3.638216,0.7130649,3.999444]",
1317,"[3.660024,0.8750442,3.880064]",
1318,"[3.631794,0.7130649,3.99909]",
1319,"[3.626599,0.713065,4.000134]",
1320,"[3.625531,0.713065,4.000194]",
1321,"[3.653527,0.8900964,3.869804]",
1322,"[3.653512,0.8940185,3.866626]",
1323,"[3.651996,0.8919055,3.867515]",
1324,"[3.651303,0.8904336,3.868263]",
1325,"[3.650459,0.8870599,3.870445]",
1326,"[3.647287,0.869401,3.883348]",
1327,"[3.669125,0.8636597,3.878503]",
1328,"[3.694431,0.8315818,3.88914]",
1329,"[3.704026,0.8166541,3.894736]",
1330,"[3.714529,0.7929263,3.906056]",
1331,"[3.71862,0.7822767,3.911434]",
1332,"[3.723977,0.762633,3.921837]",
1333,"[3.723317,0.6957365,3.966258]",
1334,"[3.725068,0.6925373,3.967564]",
1335,"[3.72723,0.6925373,3.966613]",
1336,"[3.728009,0.6925373,3.966363]",
1337,"[3.729191,0.6925373,3.965529]",
1338,"[3.729628,0.6925373,3.965166]",
1339,"[3.730232,0.6925373,3.964075]",
1340,"[3.730427,0.6925373,3.963623]",
1341,"[3.730727,0.6925373,3.962668]",
1342,"[3.73128,0.6925373,3.962114]",
1343,"[3.731735,0.6925373,3.961452]",
1344,"[3.73268,0.6925373,3.959901]",
1345,"[3.733786,0.6925373,3.959209]",
1346,"[3.735435,0.6925373,3.958075]",
1347,"[3.736208,0.6925373,3.957348]",
1348,"[3.737687,0.6925373,3.955959]",
1349,"[3.73836,0.6925373,3.955345]",
1350,"[3.739381,0.6925373,3.954313]",
1351,"[3.739809,0.6925373,3.953823]",
1352,"[3.740032,0.6925373,3.953319]",
1353,"[3.740265,0.6925373,3.952684]",
1354,"[3.740275,0.6925373,3.952505]",
1355,"[3.740217,0.6925373,3.952129]",
1356,"[3.740298,0.6925373,3.952005]",
1357,"[3.740345,0.6925373,3.952164]",
1358,"[3.740331,0.6925373,3.952267]",
1359,"[3.740304,0.6925373,3.952402]",
1360,"[3.740901,0.6925373,3.951735]",
1361,"[3.741451,0.6925373,3.951082]",
1362,"[3.743748,0.6925373,3.949618]",
1363,"[3.744998,0.6925373,3.948818]",
1364,"[3.753924,0.6925373,3.947951]",
1365,"[3.757151,0.6925373,3.947987]",
1366,"[3.762051,0.6925373,3.947991]",
1367,"[3.763906,0.6925373,3.948005]",
1368,"[3.762472,0.6925373,3.961046]",
1369,"[3.758199,0.6925373,3.993509]",
1370,"[3.75702,0.6925373,4.002975]",
1371,"[3.755728,0.6925373,4.014522]",
1372,"[3.753762,0.6925373,4.01857]",
1373,"[3.750339,0.6925373,4.024733]",
1374,"[3.74869,0.6925373,4.027256]",
1375,"[3.745715,0.6925373,4.031568]",
1376,"[3.744389,0.6925373,4.033345]",
1377,"[3.744159,0.7578087,3.984878]",
1378,"[3.741346,0.7525909,3.991086]",
1379,"[3.740052,0.7475652,3.995961]",
1380,"[3.737476,0.6925373,4.039862]",
1381,"[3.737011,0.6925373,4.040568]",
1382,"[3.736635,0.6925373,4.041981]",
1383,"[3.7363,0.6925373,4.042601]",
1384,"[3.735885,0.6925373,4.043305]",
1385,"[3.73542,0.6925373,4.044139]",
1386,"[3.735333,0.6925373,4.044346]",
1387,"[3.734975,0.6925373,4.044552]",
1388,"[3.734669,0.6925373,4.044574]",
1389,"[3.734264,0.6925373,4.044872]",
1390,"[3.733999,0.6925373,4.044973]",
1391,"[3.733684,0.6925373,4.045051]",
1392,"[3.733597,0.6925373,4.045028]",
1393,"[3.734374,0.7273725,4.018032]",
1394,"[3.741157,0.7356923,4.007601]",
1395,"[3.743578,0.7356685,4.006044]",
1396,"[3.774256,0.6925373,4.012718]",
1397,"[3.781495,0.6925373,4.00657]",
1398,"[3.790895,0.6925373,4.000053]",
1399,"[3.793646,0.6925373,3.997553]",
1400,"[3.797043,0.6925373,3.994483]",
1401,"[3.798254,0.6925373,3.993396]",
1402,"[3.799198,0.6925373,3.992528]",
1403,"[3.799965,0.6925373,3.99248]",
1404,"[3.800214,0.6925373,3.992279]",
1405,"[3.800726,0.6925373,3.992209]",
1406,"[3.800994,0.6925373,3.992125]",
1407,"[3.801604,0.6925373,3.991244]",
1408,"[3.801821,0.6925373,3.991005]",
1409,"[3.802099,0.6925373,3.990969]",
1410,"[3.802518,0.6925373,3.990881]",
1411,"[3.802803,0.6925373,3.99046]",
1412,"[3.804106,0.6925373,3.990303]",
1413,"[3.804698,0.6925373,3.990121]",
1414,"[3.804884,0.6925373,3.989513]",
1415,"[3.80494,0.6925373,3.989216]",
1416,"[3.804994,0.6925373,3.988727]",
1417,"[3.805015,0.6925373,3.988492]",
1418,"[3.80507,0.6925373,3.988078]",
1419,"[3.805246,0.6925373,3.987307]",
1420,"[3.805454,0.6925373,3.986953]",
1421,"[3.805897,0.6925373,3.986323]",
1422,"[3.806364,0.6925373,3.986166]",
1423,"[3.80739,0.6925373,3.985885]",
1424,"[3.807815,0.6925373,3.985782]",
1425,"[3.808453,0.6925373,3.985634]",
1426,"[3.808637,0.6925373,3.98547]",
1427,"[3.808726,0.6925373,3.985462]",
1428,"[3.795258,0.6925373,3.990297]",
1429,"[3.786708,0.6925373,3.993379]",
1430,"[3.775808,0.6925373,3.997424]",
1431,"[3.717972,0.6925373,4.003872]",
1432,"[3.690765,0.6925373,4.00612]",
1433,"[3.685646,0.6925373,4.00638]",
1434,"[3.679186,0.6925373,4.006766]",
1435,"[3.677041,0.6925373,4.006924]",
1436,"[3.675864,0.6925373,4.00704]",
1437,"[3.674354,0.6925373,4.007421]",
1438,"[3.673836,0.6925373,4.007613]",
1439,"[3.673097,0.6925373,4.008199]",
1440,"[3.672363,0.6925373,4.008608]",
1441,"[3.670682,0.6925373,4.009691]",
1442,"[3.669838,0.6925373,4.010233]",
1443,"[3.668859,0.6925373,4.010835]",
1444,"[3.66679,0.6925373,4.0123]",
1445,"[3.665514,0.6925373,4.012987]",
1446,"[3.663483,0.6925373,4.013884]",
1447,"[3.66292,0.6925373,4.0141]",
1448,"[3.662416,0.6925373,4.013331]",
1449,"[3.662445,0.6925373,4.012372]",
1450,"[3.663023,0.6925373,4.01128]",
1451,"[3.664004,0.6925373,4.009366]",
1452,"[3.664471,0.6925373,4.008399]",
1453,"[3.679729,0.6925373,3.958174]",
1454,"[3.68552,0.6925373,3.938425]",
1455,"[3.687759,0.6925373,3.930605]",
1456,"[3.692777,0.6925373,3.922322]",
1457,"[3.693291,0.6925373,3.922002]",
1458,"[3.694015,0.6925373,3.921565]",
1459,"[3.694346,0.6925373,3.921371]",
1460,"[3.694616,0.6925373,3.921182]",
1461,"[3.694751,0.6925373,3.920706]",
1462,"[3.694984,0.6925373,3.920529]",
1463,"[3.695217,0.6925373,3.920315]",
1464,"[3.695223,0.6925373,3.920084]",
1465,"[3.695011,0.6925373,3.920063]",
1466,"[3.694969,0.6925373,3.920103]",
1467,"[3.695013,0.6925373,3.920109]",
1468,"[3.694973,0.6925373,3.920006]",
1469,"[3.695144,0.6925373,3.919828]",
1470,"[3.695364,0.6925373,3.919492]",
1471,"[3.696433,0.6925373,3.919283]",
1472,"[3.696884,0.6925373,3.919084]",
1473,"[3.698402,0.6925373,3.918604]",
1474,"[3.698909,0.6925373,3.918349]",
1475,"[3.69971,0.6925373,3.917755]",
1476,"[3.69997,0.6925373,3.917612]",
1477,"[3.699974,0.6925373,3.917167]",
1478,"[3.699784,0.6925373,3.916891]",
1479,"[3.699092,0.6925373,3.916434]",
1480,"[3.697714,0.6925373,3.915531]",
1481,"[3.695904,0.6925373,3.903725]",
1482,"[3.694086,0.6925373,3.890195]",
1483,"[3.693559,0.6925373,3.885629]",
1484,"[3.693623,0.6925373,3.878242]",
1485,"[3.693762,0.6925373,3.874756]",
1486,"[3.693936,0.6925373,3.871864]",
1487,"[3.693928,0.6868984,3.870376]",
1488,"[3.693813,0.6852643,3.870315]",
1489,"[3.693837,0.6818219,3.870327]",
1490,"[3.693924,0.6802147,3.870373]",
1491,"[3.694035,0.6769661,3.870433]",
1492,"[3.694154,0.6752091,3.870496]",
1493,"[3.694313,0.6733163,3.870581]",
1494,"[3.694635,0.6695002,3.870752]",
1495,"[3.694782,0.667548,3.87083]",
1496,"[3.695009,0.6641421,3.870951]",
1497,"[3.69513,0.6625431,3.871015]",
1498,"[3.695059,0.6621183,3.869638]",
1499,"[3.695089,0.6637235,3.867908]",
1500,"[3.695001,0.6641316,3.866174]",
1501,"[3.694955,0.6639175,3.865614]",
1502,"[3.694994,0.6647623,3.864573]",
1503,"[3.694917,0.6655597,3.863881]",
1504,"[3.694923,0.6664297,3.863271]",
1505,"[3.694885,0.6679319,3.862142]",
1506,"[3.694523,0.6681143,3.861637]",
1507,"[3.693443,0.6699127,3.859599]",
1508,"[3.692703,0.6714863,3.858649]",
1509,"[3.691543,0.67671,3.855727]",
1510,"[3.691441,0.678264,3.854932]",
1511,"[3.691348,0.6802265,3.85425]",
1512,"[3.691367,0.686214,3.851242]",
1513,"[3.6914,0.6899637,3.849065]",
1514,"[3.691349,0.6925373,3.847486]",
1515,"[3.691171,0.6925373,3.847358]",
1516,"[3.690686,0.6925373,3.848032]",
1517,"[3.690345,0.6925373,3.848363]",
1518,"[3.689752,0.6925373,3.849622]",
1519,"[3.678274,0.6925373,3.879822]",
1520,"[3.671905,0.6925373,3.895887]",
1521,"[3.666191,0.6925373,3.911918]",
1522,"[3.664411,0.6925373,3.916224]",
1523,"[3.661686,0.6925373,3.922193]",
1524,"[3.66135,0.6925373,3.923567]",
1525,"[3.660912,0.6925373,3.925733]",
1526,"[3.660749,0.6925373,3.926661]",
1527,"[3.660604,0.6925373,3.927324]",
1528,"[3.660259,0.6925373,3.928412]",
1529,"[3.660041,0.6925373,3.928912]",
1530,"[3.659579,0.6925373,3.929714]",
1531,"[3.65942,0.6925373,3.930074]",
1532,"[3.660747,0.6925373,3.93161]",
1533,"[3.661278,0.6925373,3.932237]",
1534,"[3.661972,0.6925373,3.932796]",
1535,"[3.66341,0.6925373,3.932955]",
1536,"[3.664242,0.6925373,3.932562]",
1537,"[3.665327,0.6925373,3.930466]",
1538,"[3.665361,0.6925373,3.929061]",
1539,"[3.667365,0.6925373,3.925871]",
1540,"[3.668865,0.6925373,3.924891]",
1541,"[3.670234,0.6925373,3.922103]",
1542,"[3.670508,0.6925373,3.920182]",
1543,"[3.670462,0.6925373,3.916759]",
1544,"[3.671645,0.6925373,3.916546]",
1545,"[3.672506,0.6925373,3.916364]",
1546,"[3.67436,0.6925373,3.916378]",
1547,"[3.675491,0.6925373,3.916577]",
1548,"[3.67715,0.6925373,3.917057]",
1549,"[3.678175,0.6925373,3.917467]",
1550,"[3.679737,0.6925373,3.91834]",
1551,"[3.680476,0.6925373,3.918834]",
1552,"[3.680996,0.6925373,3.919249]",
1553,"[3.682478,0.6925373,3.920813]",
1554,"[3.683173,0.6925373,3.921712]",
1555,"[3.684287,0.6925373,3.923326]",
1556,"[3.684951,0.6925373,3.924094]",
1557,"[3.686732,0.6925373,3.925833]",
1558,"[3.687782,0.6925373,3.926767]",
1559,"[3.689928,0.6925373,3.928505]",
1560,"[3.691137,0.6925373,3.929402]",
1561,"[3.692806,0.6925373,3.930343]",
1562,"[3.695239,0.6925373,3.931905]",
1563,"[3.695976,0.6925373,3.93253]",
1564,"[3.69737,0.6925373,3.934028]",
1565,"[3.697577,0.6925373,3.934991]",
1566,"[3.697746,0.6925373,3.93731]",
1567,"[3.696992,0.6925373,3.940309]",
1568,"[3.696174,0.6925373,3.943076]",
1569,"[3.694056,0.6925373,3.947853]",
1570,"[3.692935,0.6925373,3.949635]",
1571,"[3.690942,0.6925373,3.95256]",
1572,"[3.689356,0.6925373,3.953652]",
1573,"[3.687126,0.6925373,3.955521]",
1574,"[3.686227,0.6925373,3.956482]",
1575,"[3.684891,0.6925373,3.958212]",
1576,"[3.68439,0.6925373,3.959002]",
1577,"[3.684196,0.6925373,3.959358]",
1578,"[3.683941,0.6925373,3.95995]",
1579,"[3.683841,0.6925373,3.96029]",
1580,"[3.683961,0.6925373,3.959931]",
1581,"[3.684129,0.6925373,3.959355]",
1582,"[3.684561,0.6925373,3.95907]",
1583,"[3.684787,0.6925373,3.959295]",
1584,"[3.685163,0.6925373,3.959731]",
1585,"[3.685318,0.6925373,3.959078]",
1586,"[3.685486,0.6925373,3.959137]",
1587,"[3.686102,0.6925373,3.959128]",
1588,"[3.686604,0.6925373,3.959099]",
1589,"[3.687415,0.6925373,3.958212]",
1590,"[3.688785,0.6925373,3.956663]",
1591,"[3.690975,0.6925373,3.955065]",
1592,"[3.692056,0.6925373,3.95479]",
1593,"[3.697518,0.6925373,3.953498]",
1594,"[3.698916,0.6925373,3.951663]",
1595,"[3.700305,0.6925373,3.951276]",
1596,"[3.701768,0.6925373,3.95242]",
1597,"[3.702357,0.6925373,3.952994]",
1598,"[3.67772,0.6925373,4.004545]",
1599,"[3.672526,0.6925373,4.016433]",
1600,"[3.667284,0.6925373,4.029568]",
1601,"[3.665596,0.6925373,4.034429]",
1602,"[3.664906,0.6925373,4.03888]",
1603,"[3.663067,0.6925373,4.047632]",
1604,"[3.661858,0.6925373,4.052076]",
1605,"[3.659502,0.6925373,4.058809]",
1606,"[3.658392,0.6925373,4.061583]",
1607,"[3.655401,0.6925373,4.064885]",
1608,"[3.654476,0.6925373,4.065561]",
1609,"[3.65335,0.6925373,4.065553]",
1610,"[3.65298,0.6925373,4.065317]",
1611,"[3.652909,0.6925373,4.065272]",
1612,"[3.653049,0.6925373,4.066123]",
1613,"[3.653324,0.6925373,4.06712]",
1614,"[3.654424,0.6925373,4.07018]",
1615,"[3.655116,0.6925373,4.072114]",
1616,"[3.656215,0.6925373,4.076546]",
1617,"[3.656354,0.6925373,4.078386]",
1618,"[3.656567,0.6925373,4.08061]",
1619,"[3.657048,0.6925373,4.083942]",
1620,"[3.657125,0.6925373,4.084832]",
1621,"[3.657531,0.6925373,4.087996]",
1622,"[3.657873,0.6925373,4.090429]",
1623,"[3.660254,0.6925373,4.089123]",
1624,"[3.66293,0.6925373,4.085079]",
1625,"[3.666456,0.6925373,4.081645]",
1626,"[3.721132,0.6925373,4.09359]",
1627,"[3.741516,0.6925373,4.097872]",
1628,"[3.806118,0.6484029,4.161972]",
1629,"[3.820482,0.6482741,4.165864]",
1630,"[3.840425,0.6477705,4.171067]",
1631,"[3.845032,0.6475197,4.170921]",
1632,"[3.851281,0.6473393,4.172326]",
1633,"[3.853422,0.6467197,4.17455]",
1634,"[3.851892,0.6464839,4.179942]",
1635,"[3.849723,0.6457798,4.191381]",
1636,"[3.848956,0.6452292,4.198524]",
1637,"[3.848135,0.6443392,4.206321]",
1638,"[3.847545,0.6441856,4.208208]",
1639,"[3.845893,0.6439248,4.212633]",
1640,"[3.84385,0.6443636,4.214282]",
1641,"[3.840071,0.6441781,4.222344]",
1642,"[3.834534,0.6453819,4.224967]",
1643,"[3.830055,0.6458411,4.228951]",
1644,"[3.82215,0.6465168,4.237369]",
1645,"[3.805468,0.6480103,4.240802]",
1646,"[3.788468,0.64799,4.248951]",
1647,"[3.78308,0.6479724,4.252749]",
1648,"[3.725295,0.6480722,4.253866]",
1649,"[3.71407,0.6480982,4.253174]",
1650,"[3.701477,0.6481453,4.249927]",
1651,"[3.697716,0.64817,4.247501]",
1652,"[3.702924,0.6925373,4.191281]",
1653,"[3.700546,0.6925373,4.186687]",
1654,"[3.700107,0.6925373,4.184045]",
1655,"[3.700996,0.6925373,4.179794]",
1656,"[3.700673,0.6925373,4.177482]",
1657,"[3.701416,0.6925373,4.171542]",
1658,"[3.699453,0.6925373,4.166706]",
1659,"[3.69801,0.6925373,4.154695]",
1660,"[3.698251,0.6925373,4.146346]",
1661,"[3.693308,0.6925373,4.134571]",
1662,"[3.632198,0.6925373,4.081548]",
1663,"[3.620249,0.7131243,4.035458]",
1664,"[3.612283,0.7519917,3.96859]",
1665,"[3.603143,0.7519917,3.966675]",
1666,"[3.593331,0.7519917,3.959796]",
1667,"[3.589871,0.7519917,3.956949]",
1668,"[3.587716,0.7519917,3.951147]",
1669,"[3.582395,0.7457674,3.939134]",
1670,"[3.578985,0.7424744,3.940817]",
1671,"[3.573623,0.738184,3.943464]",
1672,"[3.571085,0.7392297,3.944717]",
1673,"[3.566891,0.7425057,3.946787]",
1674,"[3.559394,0.7519917,3.959754]",
1675,"[3.548375,0.7519917,3.98065]",
1676,"[3.533331,0.7519917,4.007898]",
1677,"[3.527575,0.7519917,4.01732]",
1678,"[3.543744,0.7519917,4.020635]",
1679,"[3.533095,0.713104,4.071657]",
1680,"[3.550002,0.7131073,4.068228]",
1681,"[3.55786,0.7131088,4.066994]",
1682,"[3.570362,0.7131111,4.064931]",
1683,"[3.578071,0.7131128,4.062095]",
1684,"[3.585153,0.7131143,4.060043]",
1685,"[3.599666,0.713117,4.057841]",
1686,"[3.606881,0.7131181,4.057684]",
1687,"[3.613033,0.6925373,4.089651]",
1688,"[3.621933,0.6925373,4.091327]",
1689,"[3.633803,0.6925373,4.094868]",
1690,"[3.639615,0.6925373,4.097924]",
1691,"[3.646744,0.6925373,4.10358]",
1692,"[3.649312,0.6925373,4.106358]",
1693,"[3.652014,0.6925373,4.109022]",
1694,"[3.652208,0.6925373,4.110062]",
1695,"[3.652542,0.6925373,4.110706]",
1696,"[3.653953,0.6925373,4.113268]",
1697,"[3.655367,0.6925373,4.115788]",
1698,"[3.65584,0.6925373,4.117955]",
1699,"[3.656821,0.6925373,4.119494]",
1700,"[3.658918,0.6925373,4.121764]",
1701,"[3.66026,0.6925373,4.122653]",
1702,"[3.662606,0.6925373,4.123287]",
1703,"[3.66991,0.6925373,4.118456]",
1704,"[3.676335,0.6925373,4.114994]",
1705,"[3.693349,0.6925373,4.104905]",
1706,"[4.099797,0.7289195,3.957646]",
1707,"[4.442156,0.7052544,3.903999]",
1708,"[4.462518,0.7007722,3.902085]",
1709,"[4.48063,0.6958904,3.900383]",
1710,"[4.512281,0.6858116,3.897408]",
1711,"[4.520865,0.6840746,3.896601]",
1712,"[4.535579,0.6761883,3.895217]",
1713,"[4.542887,0.6698837,3.894531]",
1714,"[4.555867,0.6594169,3.893311]",
1715,"[4.561738,0.6559131,3.892759]",
1716,"[4.57146,0.6508768,3.891845]",
1717,"[4.571026,0.6529859,3.891886]",
1718,"[4.57147,0.6543644,3.891844]",
1719,"[4.571213,0.6619571,3.891868]",
1720,"[4.573265,0.6645256,3.891675]",
1721,"[4.575073,0.6708038,3.891505]",
1722,"[4.579164,0.6752465,3.89112]",
1723,"[4.58162,0.6841538,3.89089]",
1724,"[4.586979,0.6943921,3.890386]",
1725,"[4.60875,0.7355903,3.88834]",
1726,"[4.622186,0.7596859,3.887077]",
1727,"[4.872404,0.8423175,3.859509]",
1728,"[4.957072,0.8546368,3.869605]",
1729,"[4.980239,0.8559946,3.872368]",
1730,"[4.998325,0.8563046,3.874524]",
1731,"[4.999756,0.8562856,3.874695]",
1732,"[4.999721,0.8539702,3.874691]",
1733,"[4.998116,0.8519561,3.874499]",
1734,"[4.983569,0.8488298,3.872765]",
1735,"[4.977648,0.84853,3.872059]",
1736,"[4.969257,0.8491779,3.871058]",
1737,"[4.946733,0.8524789,3.868372]",
1738,"[4.931675,0.8561117,3.866577]",
1739,"[4.883618,0.8782606,3.860846]",
1740,"[4.784533,0.9049972,3.871816]",
1741,"[4.713818,0.9299127,3.878463]",
1742,"[4.512553,0.9666721,3.897382]",
1743,"[4.467044,0.9743838,3.90166]",
1744,"[4.414553,1.018361,3.906594]",
1745,"[4.356756,1.034239,3.912027]",
1746,"[4.321428,1.034168,3.915348]",
1747,"[4.310229,1.029833,3.9164]",
1748,"[4.30441,1.020419,3.916947]",
1749,"[4.306104,1.015309,3.916788]",
1750,"[4.310228,1.005419,3.9164]",
1751,"[4.31142,1.000062,3.916288]",
1752,"[4.312187,0.9944909,3.916216]",
1753,"[4.31518,0.981153,3.915935]",
1754,"[4.318168,0.9731675,3.915654]",
1755,"[4.323374,0.9581388,3.915165]",
1756,"[4.326335,0.9499493,3.914886]",
1757,"[4.335156,0.9357629,3.914057]",
1758,"[4.341953,0.9309555,3.913418]",
1759,"[4.359585,0.9236655,3.911761]",
1760,"[4.369753,0.9218095,3.910805]",
1761,"[4.383139,0.9205012,3.909547]",
1762,"[4.410455,0.920438,3.906979]",
1763,"[4.423566,0.9203895,3.905747]",
1764,"[4.45241,0.9205445,3.903035]",
1765,"[4.46827,0.9224993,3.901545]",
1766,"[4.497502,0.9252341,3.898797]",
1767,"[4.512572,0.9255946,3.89738]",
1768,"[4.527229,0.9258366,3.896003]",
1769,"[4.555264,0.9254919,3.893367]",
1770,"[4.682633,0.9144862,3.881395]",
1771,"[4.777015,0.9049999,3.872523]",
1772,"[5.434502,0.7088886,3.926535]",
1773,"[5.523893,0.6846746,3.937194]",
1774,"[5.231925,0.9401232,3.383921]",
1775,"[5.244008,0.9589528,3.326582]",
1776,"[5.247973,0.964884,3.307767]",
1777,"[5.249817,0.9671517,3.299019]",
1778,"[5.250862,0.9687899,3.294061]",
1779,"[5.250019,0.9681647,3.298062]",
1780,"[5.246145,0.962825,3.316443]",
1781,"[5.24375,0.9594134,3.327808]",
1782,"[5.239642,0.9530709,3.347302]",
1783,"[5.235858,0.9459962,3.365256]",
1784,"[5.231951,0.9390317,3.383798]",
1785,"[5.229272,0.934499,3.396511]",
1786,"[5.508007,0.6831517,3.9353]",
1787,"[5.502637,0.6851971,3.93466]",
1788,"[5.503707,0.6861374,3.934787]",
1789,"[5.233854,0.949753,3.374767]",
1790,"[5.242908,0.9692517,3.331801]",
1791,"[5.688183,0.9997115,2.969918]",
1792,"[5.78439,0.9739365,2.973278]",
1793,"[5.891239,0.9468618,2.977009]",
1794,"[5.95,0.9550645,2.8325]",
1795,"[5.746051,1.09532,2.526983]",
1796,"[5.95,1.047698,2.480638]",
1797,"[5.95,1.062907,2.415117]",
1798,"[5.950001,1.082576,2.308914]",
1799,"[5.950001,1.085811,2.282968]",
1800,"[5.950001,1.081569,2.279089]",
1801,"[5.950001,1.077476,2.260462]",
1802,"[5.950001,1.075901,2.261704]",
1803,"[5.950001,1.071308,2.242929]",
1804,"[5.950001,1.066764,2.247108]",
1805,"[5.950001,1.051316,2.269622]",
1806,"[5.950001,1.045287,2.274477]",
1807,"[5.950001,1.032804,2.264608]",
1808,"[5.950001,1.022751,2.245147]",
1809,"[5.950001,1.010158,2.207888]",
1810,"[5.741952,1.033109,2.080278]",
1811,"[5.950001,0.9052354,2.056369]",
1812,"[5.95,0.8805073,1.999022]",
1813,"[5.624534,1.047692,1.977064]",
1814,"[5.624534,1.049206,1.970497]",
1815,"[5.624534,1.049288,1.972392]",
1816,"[5.624534,1.049538,1.966847]",
1817,"[5.624534,1.049998,1.969141]",
1818,"[5.624534,1.049937,1.968127]",
1819,"[5.624534,1.047464,1.964642]",
1820,"[5.624534,1.042303,1.974628]",
1821,"[5.624534,1.034733,1.975845]",
1822,"[5.624534,1.026257,1.96944]",
1823,"[5.549053,0.9005975,1.558344]",
1824,"[5.547525,0.9005975,1.556841]",
1825,"[5.542285,0.9005975,1.551345]",
1826,"[5.522918,0.9005975,1.529585]",
1827,"[5.512151,0.9005975,1.515768]",
1828,"[5.513284,0.9005975,1.506201]",
1829,"[5.515851,0.9005975,1.50401]",
1830,"[5.522334,0.9005975,1.505893]",
1831,"[5.523038,0.9005975,1.504455]",
1832,"[5.527544,0.9005975,1.504445]",
1833,"[5.527604,0.9005975,1.501987]",
1834,"[5.530293,0.9005975,1.503961]",
1835,"[5.530561,0.9005975,1.503468]",
1836,"[5.527488,0.9005975,1.500569]",
1837,"[5.513347,0.9005975,1.4875]",
1838,"[5.438365,0.9005975,1.250143]",
1839,"[5.410118,0.9005975,1.203991]",
1840,"[5.39845,0.9005975,1.175549]",
1841,"[5.066515,1.183045,1.518633]",
1842,"[5.06336,1.18443,1.518633]",
1843,"[5.056312,1.187172,1.518633]",
1844,"[5.049998,1.190134,1.518633]",
1845,"[5.048549,1.192294,1.518633]",
1846,"[5.033979,1.202761,1.518633]",
1847,"[5.02297,1.20918,1.518633]",
1848,"[4.938077,1.256211,1.518633]",
1849,"[4.911551,1.269652,1.518633]",
1850,"[4.866652,1.291959,1.518633]",
1851,"[4.85036,1.298297,1.518633]",
1852,"[4.835532,1.302304,1.518633]",
1853,"[4.8174,1.307212,1.518633]",
1854,"[4.810734,1.308913,1.518633]",
1855,"[4.80359,1.308232,1.518633]",
1856,"[4.797536,1.309239,1.518633]",
1857,"[4.780456,1.313185,1.518633]",
1858,"[4.757186,1.290117,1.518633]",
1859,"[4.740625,1.255988,1.477846]",
1860,"[4.740625,1.157414,1.394436]",
1861,"[4.740625,1.099424,1.331164]",
1862,"[4.740625,1.023195,1.250592]",
1863,"[4.740625,0.9981982,1.227978]",
1864,"[4.740625,0.961866,1.199664]",
1865,"[4.740625,0.9523716,1.203798]",
1866,"[4.740625,0.9586826,1.241146]",
1867,"[4.740625,0.9625632,1.254641]",
1868,"[4.740625,0.9579936,1.259264]",
1869,"[4.740625,0.9817164,1.309062]",
1870,"[4.740625,0.9942354,1.334595]",
1871,"[4.740625,0.9904584,1.353019]",
1872,"[4.740625,0.9771749,1.355476]",
1873,"[4.740625,0.8803262,1.314177]",
1874,"[4.740625,0.8237567,1.289129]",
1875,"[4.78714,0.5773456,1.122312]",
1876,"[4.767927,0.5773456,1.141705]",
1877,"[4.768019,0.5773456,1.141243]",
1878,"[4.770864,0.5773456,1.138232]",
1879,"[4.772697,0.5773456,1.13671]",
1880,"[4.778681,0.5773456,1.132704]",
1881,"[4.780159,0.5773456,1.131217]",
1882,"[4.784543,0.5773456,1.124691]",
1883,"[4.784962,0.5773456,1.121484]",
1884,"[4.784586,0.5773456,1.115489]",
1885,"[4.759672,0.5773456,1.094324]",
1886,"[4.742726,0.5773456,1.083805]",
1887,"[4.501045,1.091375,1.402577]",
1888,"[4.499126,1.131333,1.434588]",
1889,"[4.398823,1.140827,1.444031]",
1890,"[4.387575,1.136301,1.440506]",
1891,"[4.367068,1.124786,1.434079]",
1892,"[4.131771,0.6386175,1.025966]",
1893,"[4.119431,0.6351889,1.025966]",
1894,"[4.10407,0.6340345,1.025966]",
1895,"[4.098364,0.6351463,1.025966]",
1896,"[4.092295,0.6350168,1.025966]",
1897,"[4.081614,0.626966,1.025966]",
1898,"[3.660877,0.1539836,0.7799433]",
1899,"[3.894456,0.5514361,1.093372]",
1900,"[3.87416,0.5514361,1.11349]",
1901,"[3.500059,0.1,0.8519748]",
1902,"[3.472929,0.1,0.8652092]",
1903,"[3.464332,0.0999999,0.8523754]",
1904,"[3.460175,0.1,0.8437203]",
1905,"[3.450045,0.1,0.825914]",
1906,"[3.44516,0.0999999,0.8180986]",
1907,"[3.441692,0.1,0.8041421]",
1908,"[3.453775,0.1,0.7939157]",
1909,"[3.459349,0.1,0.7891246]",
1910,"[3.470932,0.1,0.7846704]",
1911,"[3.476179,0.0999999,0.7849473]",
1912,"[3.491377,0.1,0.7867197]",
1913,"[3.504444,0.0999999,0.7892027]",
1914,"[3.518916,0.1,0.7975963]",
1915,"[3.86683,0.5514361,1.10976]",
1916,"[3.879457,0.5514361,1.112605]",
1917,"[3.883893,0.5514361,1.113587]",
1918,"[3.886276,0.5514361,1.11454]",
1919,"[3.887342,0.5506068,1.114712]",
1920,"[3.465098,0.1,0.79109]",
1921,"[3.392644,0.1,0.7779054]",
1922,"[3.341914,0.1,0.7491226]",
1923,"[3.285008,0.1,0.7148798]",
1924,"[3.2677,0.1,0.7002338]",
1925,"[3.251713,0.1,0.6783212]",
1926,"[3.246407,0.1,0.6706159]",
1927,"[3.243419,0.1000001,0.6637606]",
1928,"[3.237572,0.1,0.6498213]",
1929,"[3.236425,0.1000001,0.6430029]",
1930,"[3.232685,0.1,0.6262701]",
1931,"[3.229373,0.1,0.6160586]",
1932,"[3.23397,0.1168804,0.6029561]",
1933,"[3.239131,0.1432096,0.6029561]",
1934,"[3.251868,0.1893571,0.6029561]",
1935,"[3.258621,0.2092763,0.6029561]",
1936,"[3.420219,0.5065759,0.7039932]",
1937,"[3.493443,0.6393645,0.747645]",
1938,"[3.499389,0.6612527,0.7462074]",
1939,"[3.506499,0.6889175,0.7430388]",
1940,"[3.507569,0.6936093,0.742354]",
1941,"[3.509628,0.7003619,0.7412696]",
1942,"[3.516012,0.7094193,0.7391211]",
1943,"[3.52873,0.7092798,0.7367005]",
1944,"[3.53756,0.7071,0.7352326]",
1945,"[3.542462,0.7008143,0.734937]",
1946,"[3.54981,0.688633,0.7340124]",
1947,"[3.551742,0.678439,0.7335455]",
1948,"[3.552963,0.6602312,0.7330663]",
1949,"[3.552685,0.6514415,0.7329476]",
1950,"[3.547566,0.6285504,0.7337637]",
1951,"[3.546015,0.6184337,0.7339425]",
1952,"[3.543525,0.6091846,0.7343802]",
1953,"[3.538282,0.5901137,0.7353107]",
1954,"[3.535514,0.5806242,0.7358146]",
1955,"[3.518012,0.5537635,0.7250768]",
1956,"[3.508268,0.5390031,0.7185284]",
1957,"[3.500657,0.522711,0.7222387]",
1958,"[3.50565,0.5227112,0.7365993]",
1959,"[3.510496,0.5227112,0.7491453]",
1960,"[3.515034,0.5186504,0.7700179]",
1961,"[3.500637,0.5033833,0.762593]",
1962,"[3.326055,0.3598153,0.6029561]",
1963,"[3.281869,0.3231247,0.6029561]",
1964,"[3.217549,0.2707139,0.6029561]",
1965,"[3.161412,0.225743,0.6029561]",
1966,"[3.074655,0.1647068,0.6029561]",
1967,"[3.038201,0.14163,0.6029561]",
1968,"[3.003975,0.1213449,0.6029561]",
1969,"[2.957105,0.1,0.617098]",
1970,"[2.947393,0.1,0.6301454]",
1971,"[2.928581,0.1,0.6542591]",
1972,"[2.916291,0.1,0.6657557]",
1973,"[2.892476,0.1,0.6842899]",
1974,"[2.880766,0.1,0.6915342]",
1975,"[2.869003,0.1,0.698709]",
1976,"[3.040284,0.2590833,0.8936027]",
1977,"[3.036537,0.2846316,0.8877035]",
1978,"[3.289207,0.5257064,1.14698]",
1979,"[3.289296,0.5399817,1.156839]",
1980,"[3.289408,0.5578119,1.169219]",
1981,"[3.289531,0.5678573,1.182882]",
1982,"[3.289629,0.5789053,1.193698]",
1983,"[3.289599,0.5834411,1.190358]",
1984,"[3.28965,0.5908251,1.196003]",
1985,"[3.284186,0.6002311,1.197686]",
1986,"[3.276292,0.6002311,1.193316]",
1987,"[3.25878,0.600231,1.183899]",
1988,"[3.251176,0.6002311,1.17912]",
1989,"[3.246705,0.6002311,1.155601]",
1990,"[3.24111,0.6002311,1.149652]",
1991,"[3.288737,0.5474858,1.095094]",
1992,"[2.881143,0.1,0.5005252]",
1993,"[2.900755,0.1,0.505681]",
1994,"[3.013152,0.1755878,0.6029561]",
1995,"[3.022721,0.1786959,0.6029561]",
1996,"[3.064115,0.195504,0.6029561]",
1997,"[3.08006,0.2042184,0.6029561]",
1998,"[3.109954,0.2221649,0.6029561]",
1999,"[3.122236,0.2312841,0.6029561]",
2000,"[3.139861,0.2480884,0.6029561]",
2001,"[3.146083,0.2563186,0.6029561]",
2002,"[3.153746,0.2657604,0.6029561]",
2003,"[3.184018,0.2828031,0.6029561]",
2004,"[3.209273,0.2920119,0.6029561]",
2005,"[3.260719,0.3127328,0.6029561]",
2006,"[3.278833,0.3236951,0.6029561]",
2007,"[3.310708,0.339096,0.6029561]",
2008,"[3.324608,0.3457242,0.6029561]",
2009,"[3.364136,0.378789,0.6306234]",
2010,"[3.394323,0.4077127,0.6614901]",
2011,"[3.419616,0.434907,0.6881325]",
2012,"[3.460714,0.4797537,0.7315961]",
2013,"[3.476454,0.4930279,0.7439698]",
2014,"[3.500407,0.5187116,0.7624155]",
2015,"[3.505204,0.522711,0.7582393]",
2016,"[3.511259,0.522711,0.7509514]",
2017,"[3.51171,0.522711,0.74675]",
2018,"[3.50997,0.5227112,0.7363603]",
2019,"[3.508216,0.522711,0.7315248]",
2020,"[3.505331,0.5227112,0.7247593]",
2021,"[3.501423,0.522711,0.72765]",
2022,"[3.50303,0.522711,0.728929]",
2023,"[3.508623,0.522711,0.7371296]",
2024,"[3.50979,0.522711,0.7393778]",
2025,"[3.510921,0.5227112,0.7425345]",
2026,"[3.511614,0.5227112,0.7425424]",
2027,"[3.514813,0.522711,0.7528096]",
2028,"[3.518007,0.522711,0.7626743]",
2029,"[3.517195,0.5157204,0.7672129]",
2030,"[3.514246,0.4929969,0.7710415]",
2031,"[3.513373,0.481791,0.7721754]",
2032,"[3.494111,0.437695,0.7462356]",
2033,"[3.449468,0.345953,0.6876883]",
2034,"[3.431497,0.2942339,0.6738545]",
2035,"[3.344426,0.1,0.5138657]",
2036,"[3.345195,0.1,0.5612212]",
2037,"[3.345195,0.1,0.5612212]",
2038,"[3.338674,0.1,0.6221279]",
2039,"[3.3248,0.1,0.6634817]",
2040,"[3.320177,0.1,0.7009729]",
2041,"[3.320177,0.1,0.7009729]",
2042,"[3.305289,0.1,0.7425231]",
2043,"[3.293267,0.1,0.776273]",
2044,"[3.293059,0.1,0.7839501]",
2045,"[3.295276,0.0999999,0.7903553]",
2046,"[3.295286,0.1,0.7903407]",
2047,"[3.295375,0.1000001,0.7904834]",
2048,"[3.295523,0.1,0.7888165]",
2049,"[3.295455,0.1000001,0.785431]",
2050,"[3.294899,0.1,0.7742524]",
2051,"[3.294632,0.1,0.7672775]",
2052,"[3.294841,0.1,0.752072]",
2053,"[3.295402,0.1,0.7449367]",
2054,"[3.298,0.1000001,0.7265109]",
2055,"[3.29942,0.0999999,0.7199494]",
2056,"[3.321396,0.1,0.6373779]",
2057,"[3.325883,0.1,0.6061236]",
2058,"[3.331301,0.1053515,0.5915909]",
2059,"[3.337899,0.1,0.5555448]",
2060,"[3.340981,0.1,0.5451918]",
2061,"[3.342343,0.1,0.5330194]",
2062,"[3.3448,0.1,0.5258384]",
2063,"[3.342357,0.1,0.507022]",
2064,"[3.335288,0.1,0.4914943]",
2065,"[3.331301,0.1282284,0.4914675]",
2066,"[3.331301,0.1484581,0.4979706]",
2067,"[3.331301,0.2112502,0.5180023]",
2068,"[3.358023,0.3564775,0.6200385]",
2069,"[3.355477,0.3803576,0.6243685]",
2070,"[3.351436,0.4181402,0.6312099]",
2071,"[3.349402,0.4363936,0.6344521]",
2072,"[3.349812,0.4726554,0.6443206]",
2073,"[3.351812,0.490405,0.6479826]",
2074,"[3.354284,0.5045861,0.6498867]",
2075,"[3.354454,0.5227112,0.6416708]",
2076,"[3.350158,0.522711,0.6262879]",
2077,"[3.331301,0.497488,0.5683209]",
2078,"[3.331301,0.5052065,0.5642823]",
2079,"[3.331301,0.518019,0.5551924]",
2080,"[3.331301,0.5232092,0.5500536]",
2081,"[3.331301,0.5312256,0.5374104]",
2082,"[3.331301,0.5302282,0.5273424]",
2083,"[3.331301,0.5271531,0.5134908]",
2084,"[3.331301,0.5150549,0.4800538]",
2085,"[3.331301,0.5063966,0.4593005]",
2086,"[3.451745,0.7522035,0.7470511]",
2087,"[3.459598,0.756045,0.7451551]",
2088,"[3.475898,0.7665464,0.7395704]",
2089,"[3.483486,0.7675453,0.7363408]",
2090,"[3.490538,0.7695826,0.7323132]",
2091,"[3.502097,0.770111,0.7183442]",
2092,"[3.511142,0.7701109,0.7168725]",
2093,"[3.527482,0.7701109,0.7072991]",
2094,"[3.537099,0.770111,0.704928]",
2095,"[3.557833,0.7701109,0.7054477]",
2096,"[3.56976,0.7701109,0.7058074]",
2097,"[3.591276,0.7679589,0.7032225]",
2098,"[3.60063,0.766615,0.7016258]",
2099,"[3.606316,0.7644308,0.7019213]",
2100,"[3.60893,0.7582394,0.7068596]",
2101,"[3.60683,0.7544224,0.7110312]",
2102,"[3.6016,0.7461533,0.718979]",
2103,"[3.597491,0.7390514,0.7204917]",
2104,"[3.590286,0.7216865,0.7236466]",
2105,"[3.587292,0.7149249,0.7249111]",
2106,"[3.572298,0.5626413,0.7260091]",
2107,"[3.561219,0.5085619,0.7100457]",
2108,"[3.559545,0.490041,0.7122195]",
2109,"[3.554857,0.4640177,0.715049]",
2110,"[3.552844,0.4540725,0.7157221]",
2111,"[3.545688,0.4439852,0.7230449]",
2112,"[3.543232,0.4407545,0.7256035]",
2113,"[3.539538,0.4361046,0.7294928]",
2114,"[3.538481,0.4340402,0.7304631]",
2115,"[3.535848,0.4308352,0.7332566]",
2116,"[3.52747,0.4213025,0.7422744]",
2117,"[3.5212,0.4125987,0.7487173]",
2118,"[3.46452,0.2718382,0.6809878]",
2119,"[3.452263,0.2532222,0.6834437]",
2120,"[3.430318,0.2197748,0.6878626]",
2121,"[3.38311,0.1,0.6232586]",
2122,"[3.371195,0.1,0.6508077]",
2123,"[3.36413,0.1,0.6652893]",
2124,"[3.357282,0.1,0.6776721]",
2125,"[3.346618,0.1,0.6948456]",
2126,"[3.346571,0.1,0.6960435]",
2127,"[3.346483,0.1,0.6978774]",
2128,"[3.346433,0.1,0.6985666]",
2129,"[3.346306,0.1,0.6985276]",
2130,"[3.346226,0.1,0.6985303]",
2131,"[3.346124,0.1,0.6982907]",
2132,"[3.346224,0.1,0.6950264]",
2133,"[3.346474,0.1,0.6922301]",
2134,"[3.353402,0.1,0.6798841]",
2135,"[3.356103,0.1,0.6755264]",
2136,"[3.359741,0.1,0.666131]",
2137,"[3.35968,0.1,0.6615247]",
2138,"[3.359636,0.1,0.6545671]",
2139,"[3.359137,0.1,0.6530048]",
2140,"[3.35943,0.1,0.6490558]",
2141,"[3.3623,0.1,0.6227564]",
2142,"[3.362511,0.1,0.6058228]",
2143,"[3.363307,0.1,0.5742373]",
2144,"[3.362634,0.1,0.5583143]",
2145,"[3.363204,0.1,0.5288563]",
2146,"[3.445716,0.3393074,0.6830481]",
2147,"[3.477607,0.4245159,0.7300543]",
2148,"[3.515559,0.514305,0.7693367]",
2149,"[3.518436,0.5178105,0.7656009]",
2150,"[3.516918,0.5194114,0.767572]",
2151,"[3.515912,0.5203326,0.7688792]",
2152,"[3.513677,0.5209692,0.7717804]",
2153,"[3.510425,0.5156375,0.7701311]",
2154,"[3.500492,0.4977899,0.7624812]",
2155,"[3.496279,0.4901254,0.7592368]",
2156,"[3.491195,0.4807599,0.7553217]",
2157,"[3.467996,0.426553,0.723189]",
2158,"[3.456072,0.3988344,0.7067049]",
2159,"[3.425346,0.3232911,0.6631421]",
2160,"[3.342807,0.1,0.5156462]",
2161,"[3.340231,0.1,0.5215981]",
2162,"[3.338015,0.1,0.5247632]",
2163,"[3.334437,0.1,0.5297502]",
2164,"[3.332976,0.1,0.5318953]",
2165,"[3.331846,0.1,0.5336786]",
2166,"[3.331301,0.1012101,0.5381587]",
2167,"[3.331301,0.1013986,0.539153]",
2168,"[3.331301,0.1012337,0.5403652]",
2169,"[3.331301,0.1008869,0.5406216]",
2170,"[3.331301,0.1004013,0.5407684]",
2171,"[3.331301,0.1002501,0.540782]",
2172,"[3.331301,0.1002243,0.5409198]",
2173,"[3.331301,0.1002061,0.5413101]",
2174,"[3.331301,0.1005226,0.5421911]",
2175,"[3.331301,0.1010695,0.5441577]",
2176,"[3.331301,0.1011201,0.5450905]",
2177,"[3.331301,0.1011673,0.5468189]",
2178,"[3.331301,0.1010825,0.5474793]",
2179,"[3.331301,0.1009201,0.548559]",
2180,"[3.331301,0.1007262,0.5489756]",
2181,"[3.331301,0.1003235,0.5491614]",
2182,"[3.33131,0.1,0.5495024]",
2183,"[3.331301,0.100084,0.5496875]",
2184,"[3.331301,0.1002596,0.5500157]",
2185,"[3.331301,0.1003473,0.5501808]",
2186,"[3.331301,0.1020785,0.5525013]",
2187,"[3.331301,0.1031722,0.5540028]",
2188,"[3.331301,0.1055289,0.5573841]",
2189,"[3.331301,0.1063225,0.5581399]",
2190,"[3.331301,0.107137,0.5589746]",
2191,"[3.331301,0.1076224,0.5593876]",
2192,"[3.331301,0.107787,0.5595269]",
2193,"[3.331301,0.1080188,0.5598901]",
2194,"[3.331301,0.107881,0.5602319]",
2195,"[3.331301,0.106621,0.5610649]",
2196,"[3.331301,0.1053763,0.5615569]",
2197,"[3.331301,0.103741,0.5621302]",
2198,"[3.331334,0.1,0.5634307]",
2199,"[3.331678,0.1,0.5644141]",
2200,"[3.332279,0.1,0.5668911]",
2201,"[3.332462,0.1,0.5683112]",
2202,"[3.332902,0.1,0.5713708]",
2203,"[3.333161,0.1,0.5731016]",
2204,"[3.33481,0.1,0.575621]",
2205,"[3.335995,0.1,0.5776166]",
2206,"[3.336857,0.1,0.578998]",
2207,"[3.33894,0.1,0.5823946]",
2208,"[3.339984,0.1,0.583827]",
2209,"[3.343281,0.1,0.5844877]",
2210,"[3.345202,0.1,0.5846819]",
2211,"[3.349528,0.1,0.5810339]",
2212,"[3.351377,0.1,0.5781893]",
2213,"[3.353585,0.1,0.5752203]",
2214,"[3.357239,0.1,0.5697349]",
2215,"[3.358934,0.1,0.5668888]",
2216,"[3.361634,0.1,0.5622415]",
2217,"[3.362628,0.1,0.5604548]",
2218,"[3.364238,0.1,0.5574287]",
2219,"[3.364015,0.1,0.5569705]",
2220,"[3.363693,0.1,0.5562969]",
2221,"[3.363571,0.1,0.5559992]",
2222,"[3.363491,0.1,0.5557616]",
2223,"[3.363452,0.1,0.5554628]",
2224,"[3.363363,0.1,0.555136]",
2225,"[3.363368,0.1,0.5550454]",
2226,"[3.363445,0.1,0.5552677]",
2227,"[3.363465,0.1,0.5554404]",
2228,"[3.363417,0.1,0.5553766]",
2229,"[3.363552,0.1,0.5562197]",
2230,"[3.36359,0.1,0.5566511]",
2231,"[3.363492,0.1,0.5567433]",
2232,"[3.363174,0.1,0.5571389]",
2233,"[3.362931,0.1,0.5574121]",
2234,"[3.362034,0.1,0.5577778]",
2235,"[3.361523,0.1,0.5579365]",
2236,"[3.360716,0.1,0.5582496]",
2237,"[3.360499,0.1,0.5583693]",
2238,"[3.36027,0.1,0.5585084]",
2239,"[3.359892,0.1,0.5591054]",
2240,"[3.359682,0.1,0.5594334]",
2241,"[3.359267,0.1,0.5599552]",
2242,"[3.358807,0.1,0.5575324]",
2243,"[3.358132,0.1,0.5542111]",
2244,"[3.358577,0.1,0.5514063]",
2245,"[3.35916,0.1,0.546571]",
2246,"[3.359326,0.1,0.5441358]",
2247,"[3.359439,0.1,0.5420694]",
2248,"[3.359292,0.1,0.5370887]",
2249,"[3.359119,0.1,0.5349926]",
2250,"[3.358551,0.1,0.5318682]",
2251,"[3.358193,0.1,0.5308078]",
2252,"[3.357424,0.1,0.5287009]",
2253,"[3.357075,0.1,0.5278045]",
2254,"[3.356568,0.1,0.5260629]",
2255,"[3.356302,0.1,0.525202]",
2256,"[3.356188,0.1,0.5225233]",
2257,"[3.436832,0.3301314,0.673789]",
2258,"[3.441152,0.3428137,0.6804569]",
2259,"[3.452151,0.3739504,0.6971294]",
2260,"[3.456321,0.3857697,0.7034543]",
2261,"[3.464239,0.4086414,0.7155775]",
2262,"[3.4662,0.4161152,0.7190562]",
2263,"[3.469467,0.42898,0.7249616]",
2264,"[3.454725,0.4062657,0.7076249]",
2265,"[3.442502,0.3872921,0.6932138]",
2266,"[3.423676,0.357503,0.6708681]",
2267,"[3.413289,0.3398308,0.6582137]",
2268,"[3.331301,0.1389388,0.5171182]",
2269,"[3.331301,0.1461701,0.5220285]",
2270,"[3.331301,0.1604931,0.5308493]",
2271,"[3.331301,0.1679744,0.5351089]",
2272,"[3.331301,0.1736863,0.5383018]",
2273,"[3.331301,0.185744,0.5437858]",
2274,"[3.331301,0.1904489,0.5463851]",
2275,"[3.331301,0.1974464,0.5496464]",
2276,"[3.331301,0.2002179,0.550626]",
2277,"[3.331301,0.2051402,0.5524174]",
2278,"[3.331301,0.2076297,0.5533568]",
2279,"[3.331301,0.2111338,0.5542715]",
2280,"[3.331301,0.2120385,0.5548549]",
2281,"[3.331301,0.2131104,0.5554781]",
2282,"[3.331301,0.2174345,0.5581069]",
2283,"[3.331301,0.2207354,0.5600713]",
2284,"[3.331301,0.2269446,0.5635846]",
2285,"[3.331301,0.2298651,0.5651344]",
2286,"[3.331301,0.2366348,0.5683612]",
2287,"[3.331301,0.2397508,0.5699192]",
2288,"[3.331301,0.2484314,0.5738078]",
2289,"[3.331301,0.2519366,0.5757634]",
2290,"[3.331301,0.255145,0.5774757]",
2291,"[3.331301,0.2559937,0.5766512]",
2292,"[3.331301,0.256759,0.5759597]",
2293,"[3.331301,0.259519,0.5739605]",
2294,"[3.331301,0.2556346,0.5734292]",
2295,"[3.331301,0.2452007,0.5715949]",
2296,"[3.331301,0.2377706,0.5700287]",
2297,"[3.331301,0.2289712,0.5677392]",
2298,"[3.331301,0.201673,0.5629159]",
2299,"[3.331301,0.1918866,0.560212]",
2300,"[3.331301,0.1688214,0.5541902]",
2301,"[3.331301,0.1547153,0.5512586]",
2302,"[3.331301,0.1353321,0.5456775]",
2303,"[3.331301,0.1295931,0.5429717]",
2304,"[3.331301,0.128497,0.5429794]",
2305,"[3.331301,0.1278589,0.5430654]",
2306,"[3.331301,0.1264037,0.5430745]",
2307,"[3.331301,0.1075968,0.5434077]",
2308,"[3.33533,0.1,0.5495896]",
2309,"[3.345124,0.1,0.5745465]",
2310,"[3.352426,0.1,0.5876883]",
2311,"[3.361764,0.1,0.6008445]",
2312,"[3.365206,0.1,0.604578]",
2313,"[3.368451,0.1,0.6083914]",
2314,"[3.369103,0.1,0.606883]",
2315,"[3.42287,0.2304182,0.685194]",
2316,"[3.422188,0.2313122,0.6849648]",
2317,"[3.365687,0.1,0.6022782]",
2318,"[3.421825,0.2286272,0.6854419]",
2319,"[3.362912,0.1,0.6023695]",
2320,"[3.358575,0.1,0.6006565]",
2321,"[3.356809,0.1,0.6000999]",
2322,"[3.353541,0.1,0.5961627]",
2323,"[3.351925,0.1,0.5948846]",
2324,"[3.34964,0.1,0.5905734]",
2325,"[3.342257,0.1,0.5741221]",
2326,"[3.339367,0.1,0.5662971]",
2327,"[3.337024,0.1,0.5558919]",
2328,"[3.336447,0.1,0.5512459]",
2329,"[3.429864,0.2780988,0.6767696]",
2330,"[3.430325,0.2824091,0.675993]",
2331,"[3.430529,0.2841769,0.6756758]",
2332,"[3.331301,0.1198544,0.5358987]",
2333,"[3.331301,0.1283478,0.5376025]",
2334,"[3.331301,0.1475851,0.5392276]",
2335,"[3.331301,0.154018,0.5393339]",
2336,"[3.331301,0.163994,0.5405166]",
2337,"[3.331301,0.1718217,0.5408122]",
2338,"[3.331301,0.1770856,0.5401271]",
2339,"[3.461523,0.3910991,0.7216128]",
2340,"[3.553792,0.5405653,0.850938]",
2341,"[3.617098,0.6450824,0.9382144]",
2342,"[3.638751,0.6806039,0.9681763]",
2343,"[3.640313,0.6844888,0.9697831]",
2344,"[3.639459,0.6842015,0.968103]",
2345,"[3.639004,0.6839628,0.9674445]",
2346,"[3.637743,0.6832407,0.9659561]",
2347,"[3.637494,0.6835662,0.9657788]",
2348,"[3.637107,0.6846403,0.9660184]",
2349,"[3.636757,0.6848902,0.965942]",
2350,"[3.636431,0.6853648,0.965973]",
2351,"[3.635926,0.6862113,0.9660548]",
2352,"[3.635517,0.6865625,0.9660082]",
2353,"[3.635098,0.6869252,0.9659867]",
2354,"[3.634768,0.6882705,0.9662845]",
2355,"[3.634707,0.689029,0.9665371]",
2356,"[3.634942,0.6908416,0.9669946]",
2357,"[3.635801,0.6919112,0.967765]",
2358,"[3.637078,0.6937059,0.9692184]",
2359,"[3.640307,0.6982991,0.9730945]",
2360,"[3.642251,0.7029115,0.9759076]",
2361,"[3.645838,0.7121663,0.9809081]",
2362,"[3.645925,0.7150842,0.9803311]",
2363,"[3.634018,0.7026455,0.962598]",
2364,"[3.331301,0.2372469,0.5178761]",
2365,"[3.331301,0.2385132,0.5157499]",
2366,"[3.331301,0.2393402,0.5149176]",
2367,"[3.331301,0.238695,0.5142709]",
2368,"[3.331301,0.2372358,0.5127646]",
2369,"[3.331301,0.2343825,0.5104462]",
2370,"[3.331301,0.2274358,0.5052932]",
2371,"[3.331301,0.2241033,0.5033126]",
2372,"[3.331301,0.2187369,0.4999794]",
2373,"[3.331301,0.2164923,0.4985597]",
2374,"[3.331301,0.2135352,0.4969187]",
2375,"[3.331301,0.2108668,0.4957678]",
2376,"[3.331301,0.2102458,0.4954765]",
2377,"[3.331301,0.2091838,0.4954089]",
2378,"[3.331301,0.2090027,0.4960544]",
2379,"[3.331301,0.1131537,0.4023375]",
2380,"[3.335071,0.1,0.3891434]",
2381,"[3.435354,0.2879925,0.5619491]",
2382,"[3.445891,0.2949019,0.568035]",
2383,"[3.448513,0.2949019,0.5682266]",
2384,"[3.454722,0.2949019,0.5696382]",
2385,"[3.457032,0.2949019,0.5700719]",
2386,"[3.461067,0.2949018,0.5701788]",
2387,"[3.462123,0.2949018,0.5696234]",
2388,"[3.470699,0.3163843,0.5864875]",
2389,"[3.470124,0.3163843,0.5847504]",
2390,"[3.469751,0.3163843,0.5833669]",
2391,"[3.46811,0.3163843,0.5808283]",
2392,"[3.467945,0.3163843,0.5797133]",
2393,"[3.467804,0.3163843,0.5788767]",
2394,"[3.467731,0.3163843,0.5783386]",
2395,"[3.4676,0.3163843,0.5774811]",
2396,"[3.467572,0.3163843,0.5772372]",
2397,"[3.467676,0.3163843,0.576806]",
2398,"[3.468044,0.3163843,0.5762052]",
2399,"[3.468265,0.3163843,0.5757535]",
2400,"[3.468261,0.3163843,0.5751098]",
2401,"[3.468233,0.3163843,0.5747233]",
2402,"[3.468071,0.3163843,0.5738828]",
2403,"[3.466948,0.3163843,0.5733596]",
2404,"[3.466811,0.3163843,0.5721037]",
2405,"[3.466685,0.3163843,0.5714942]",
2406,"[3.466581,0.3163843,0.5705615]",
2407,"[3.4661,0.3163843,0.5695535]",
2408,"[3.466437,0.3163843,0.5688588]",
2409,"[3.467738,0.3163843,0.5676101]",
2410,"[3.46827,0.3163843,0.5671397]",
2411,"[3.469497,0.3163843,0.5663265]",
2412,"[3.470311,0.3163843,0.566099]",
2413,"[3.471551,0.3163843,0.5656499]",
2414,"[3.47219,0.3163843,0.5652266]",
2415,"[3.472656,0.3163843,0.5648808]",
2416,"[3.473964,0.3163843,0.5640058]",
2417,"[3.57077,0.5539094,0.794488]",
2418,"[3.54473,0.4891583,0.731457]",
2419,"[3.544891,0.4889583,0.7312487]",
2420,"[3.54506,0.4887455,0.7310293]",
2421,"[3.545221,0.4884371,0.7308202]",
2422,"[3.54528,0.4881885,0.7307433]",
2423,"[3.545421,0.4874131,0.7305604]",
2424,"[3.545313,0.4874513,0.7307006]",
2425,"[3.545336,0.4871798,0.7306707]",
2426,"[3.545413,0.4869289,0.7305703]",
2427,"[3.545566,0.4866451,0.7303718]",
2428,"[3.545635,0.4865858,0.7302816]",
2429,"[3.545796,0.4864726,0.730073]",
2430,"[3.545873,0.4864374,0.7299736]",
2431,"[3.545856,0.4868202,0.7299958]",
2432,"[3.545751,0.488037,0.7301314]",
2433,"[3.545697,0.4888126,0.7302012]",
2434,"[3.545652,0.4908748,0.7302604]",
2435,"[3.545683,0.4923442,0.7302194]",
2436,"[3.545722,0.4961244,0.7301695]",
2437,"[3.545626,0.498243,0.7302935]",
2438,"[3.545285,0.5017576,0.7307372]",
2439,"[3.545331,0.5031292,0.7306768]",
2440,"[3.545475,0.5044186,0.73049]",
2441,"[3.545859,0.5050126,0.7299919]",
2442,"[3.546078,0.5045978,0.7297065]",
2443,"[3.546351,0.5038217,0.7293525]",
2444,"[3.546499,0.5032163,0.72916]",
2445,"[3.54658,0.5021608,0.7290553]",
2446,"[3.546548,0.5016516,0.7290968]",
2447,"[3.54596,0.499799,0.7298607]",
2448,"[3.545428,0.4984405,0.7305511]",
2449,"[3.544663,0.4972239,0.7315449]",
2450,"[3.543141,0.4947397,0.7335212]",
2451,"[3.542347,0.4937295,0.7345518]",
2452,"[3.541158,0.4922293,0.736096]",
2453,"[3.540751,0.4915234,0.7366244]",
2454,"[3.540726,0.4912531,0.7366566]",
2455,"[3.540878,0.4911998,0.736459]",
2456,"[3.541069,0.4911263,0.7362119]",
2457,"[3.541363,0.4911458,0.7358292]",
2458,"[3.541483,0.4911863,0.7356738]",
2459,"[3.541714,0.4912038,0.7353741]",
2460,"[3.541812,0.4912242,0.735246]",
2461,"[3.541929,0.49129,0.7350946]",
2462,"[3.541982,0.4912739,0.7350263]",
2463,"[3.542052,0.4911001,0.7349347]",
2464,"[3.542003,0.4909973,0.7349983]",
2465,"[3.542,0.490905,0.735002]",
2466,"[3.541867,0.4906688,0.7351757]",
2467,"[3.54182,0.4906621,0.7352366]",
2468,"[3.541636,0.4907008,0.7354749]",
2469,"[3.541593,0.4907604,0.7355314]",
2470,"[3.604022,0.6516067,0.8822978]",
2471,"[3.636595,0.735458,0.9587552]",
2472,"[3.651167,0.7730454,0.9929952]",
2473,"[3.651043,0.77275,0.9927405]",
2474,"[3.650837,0.7721959,0.9921769]",
2475,"[3.650602,0.7714756,0.9914858]",
2476,"[3.650604,0.7713403,0.9913356]",
2477,"[3.650844,0.771744,0.9916932]",
2478,"[3.650999,0.7720593,0.9919972]",
2479,"[3.651153,0.7722615,0.9923046]",
2480,"[3.651173,0.7723069,0.9924179]",
2481,"[3.651211,0.7725035,0.9927486]",
2482,"[3.651174,0.7725756,0.9929823]",
2483,"[3.651023,0.772486,0.9930971]",
2484,"[3.650196,0.7712798,0.9923663]",
2485,"[3.649761,0.7707914,0.9920954]",
2486,"[3.648804,0.7700895,0.9914443]",
2487,"[3.648514,0.7699524,0.9912773]",
2488,"[3.647081,0.7676965,0.9892094]",
2489,"[3.646178,0.7658632,0.9875749]",
2490,"[3.645148,0.7636975,0.9856577]",
2491,"[3.642815,0.7581098,0.9807184]",
2492,"[3.640408,0.7518201,0.9750828]",
2493,"[3.470899,0.3163843,0.5813954]",
2494,"[3.471145,0.3163843,0.5814873]",
2495,"[3.473143,0.3163843,0.5802566]",
2496,"[3.474285,0.3163843,0.5793771]",
2497,"[3.476349,0.3163843,0.5781968]",
2498,"[3.477234,0.3163843,0.5776869]",
2499,"[3.478087,0.3163843,0.5770638]",
2500,"[3.479429,0.3163843,0.5759755]",
2501,"[3.480059,0.3163843,0.5754859]",
2502,"[3.48141,0.3163843,0.5745332]",
2503,"[3.482113,0.3163843,0.5740193]",
2504,"[3.484137,0.3163843,0.5736704]",
2505,"[3.485214,0.3163843,0.5734602]",
2506,"[3.485916,0.3163843,0.573112]",
2507,"[3.486728,0.3163843,0.5727953]",
2508,"[3.487033,0.3163843,0.5728768]",
2509,"[3.487505,0.3163843,0.5738348]",
2510,"[3.487035,0.3163843,0.5746648]",
2511,"[3.488045,0.3163843,0.5760038]",
2512,"[3.48885,0.3163843,0.577132]",
2513,"[3.490363,0.3163843,0.5790093]",
2514,"[3.491066,0.3163843,0.5798357]",
2515,"[3.491569,0.3163843,0.5807933]",
2516,"[3.49227,0.3163843,0.5818765]",
2517,"[3.493075,0.3163843,0.5821412]",
2518,"[3.494514,0.3163843,0.5822272]",
2519,"[3.495321,0.3163843,0.5806206]",
2520,"[3.497267,0.3163843,0.5774279]",
2521,"[3.498228,0.3163843,0.5758511]",
2522,"[3.572684,0.5472071,0.7873994]",
2523,"[3.616536,0.6857792,0.9155718]",
2524,"[3.657498,0.8167416,1.037414]",
2525,"[3.673727,0.8691199,1.086224]",
2526,"[3.676573,0.8783435,1.094825]",
2527,"[3.678041,0.8833112,1.099524]",
2528,"[3.678106,0.8836551,1.099895]",
2529,"[3.677542,0.8820674,1.09851]",
2530,"[3.677484,0.8819695,1.098467]",
2531,"[3.677528,0.8822097,1.098752]",
2532,"[3.678163,0.8842994,1.100716]",
2533,"[3.678214,0.8844703,1.10087]",
2534,"[3.678257,0.8845546,1.100983]",
2535,"[3.678364,0.884813,1.101266]",
2536,"[3.67857,0.8853008,1.101825]",
2537,"[3.678864,0.8860957,1.102604]",
2538,"[3.680423,0.8908135,1.106993]",
2539,"[3.681581,0.8944991,1.110376]",
2540,"[3.682557,0.8976068,1.113186]",
2541,"[3.683662,0.9011701,1.116279]",
2542,"[3.68415,0.9029136,1.117855]",
2543,"[3.685001,0.9058349,1.120504]",
2544,"[3.685042,0.9060028,1.120656]",
2545,"[3.685161,0.9059939,1.12058]",
2546,"[3.685103,0.9053814,1.119965]",
2547,"[3.685235,0.9048085,1.11939]",
2548,"[3.685275,0.9043965,1.119032]",
2549,"[3.68544,0.9043807,1.119066]",
2550,"[3.550829,0.478135,0.723034]",
2551,"[3.550851,0.477704,0.7229218]",
2552,"[3.550817,0.4771488,0.7228571]",
2553,"[3.550729,0.4769343,0.7229298]",
2554,"[3.550368,0.4764267,0.7233]",
2555,"[3.550206,0.4763333,0.7234925]",
2556,"[3.549649,0.4768406,0.7243136]",
2557,"[3.549006,0.4777854,0.7253329]",
2558,"[3.548449,0.4786697,0.7262298]",
2559,"[3.548104,0.4792544,0.7267917]",
2560,"[3.547923,0.4795774,0.7270896]",
2561,"[3.547492,0.4807177,0.7278709]",
2562,"[3.547336,0.4809562,0.7280738]",
2563,"[3.547334,0.481145,0.7280752]",
2564,"[3.547193,0.481138,0.7282597]",
2565,"[3.546993,0.4806767,0.7285114]",
2566,"[3.546891,0.4802395,0.7285593]",
2567,"[3.546769,0.4796723,0.7286069]",
2568,"[3.546464,0.4776431,0.7286068]",
2569,"[3.546288,0.4768602,0.728682]",
2570,"[3.545802,0.4750002,0.7289504]",
2571,"[3.54554,0.4739777,0.7290911]",
2572,"[3.54502,0.4727991,0.7295367]",
2573,"[3.544749,0.4724939,0.7298286]",
2574,"[3.544523,0.4723545,0.730095]",
2575,"[3.544586,0.4722487,0.7299922]",
2576,"[3.544648,0.4720985,0.7298827]",
2577,"[3.54475,0.4717732,0.7296873]",
2578,"[3.544444,0.4715484,0.7300407]",
2579,"[3.543897,0.471248,0.7306922]",
2580,"[3.54359,0.4710276,0.7310472]",
2581,"[3.542911,0.4708407,0.7318923]",
2582,"[3.543054,0.4704271,0.7316267]",
2583,"[3.543135,0.4701854,0.7314743]",
2584,"[3.543459,0.4696035,0.7309391]",
2585,"[3.543572,0.4694337,0.7307594]",
2586,"[3.544148,0.4689864,0.7299238]",
2587,"[3.544451,0.4689162,0.7295169]",
2588,"[3.544894,0.4687217,0.7289039]",
2589,"[3.545138,0.4685014,0.7285447]",
2590,"[3.545611,0.4680985,0.7278516]",
2591,"[3.546043,0.4679021,0.7272521]",
2592,"[3.546866,0.4673225,0.7260699]",
2593,"[3.548447,0.4660687,0.7237723]",
2594,"[3.54907,0.4653497,0.7228233]",
2595,"[3.549989,0.4641231,0.7213908]",
2596,"[3.55029,0.4638283,0.7209427]",
2597,"[3.550511,0.4638508,0.7206595]",
2598,"[3.550545,0.4640158,0.720647]",
2599,"[3.550512,0.4641488,0.7207167]",
2600,"[3.550411,0.4645573,0.7209281]",
2601,"[3.550317,0.464882,0.721113]",
2602,"[3.566157,0.5209913,0.7733593]",
2603,"[3.585268,0.5872229,0.8352491]",
2604,"[3.607208,0.6630404,0.9060446]",
2605,"[3.617836,0.6997742,0.9405317]",
2606,"[3.618982,0.7016042,0.9430245]",
2607,"[3.619222,0.701658,0.943298]",
2608,"[3.619359,0.7016345,0.9433939]",
2609,"[3.619348,0.7012211,0.9430199]",
2610,"[3.619418,0.7012852,0.9430874]",
2611,"[3.619474,0.7017165,0.9434199]",
2612,"[3.619509,0.7018328,0.9435316]",
2613,"[3.619542,0.7021085,0.9437363]",
2614,"[3.619717,0.7025689,0.9441906]",
2615,"[3.620281,0.7043373,0.9458532]",
2616,"[3.620902,0.7066066,0.9478174]",
2617,"[3.622372,0.7116162,0.9524322]",
2618,"[3.627453,0.7303482,0.969409]",
2619,"[3.630159,0.7408917,0.9786916]",
2620,"[3.63641,0.765633,1.000354]",
2621,"[3.638882,0.7758349,1.009152]",
2622,"[3.650752,0.8207428,1.049647]",
2623,"[3.654905,0.8367406,1.064088]",
2624,"[3.659702,0.8545808,1.08043]",
2625,"[3.657021,0.8449532,1.071797]",
2626,"[3.509914,0.3163843,0.586488]",
2627,"[3.510396,0.3163843,0.5895585]",
2628,"[3.510844,0.3163843,0.5910322]",
2629,"[3.511158,0.3163843,0.5917543]",
2630,"[3.511422,0.3163843,0.592379]",
2631,"[3.51281,0.3163843,0.5935328]",
2632,"[3.513709,0.3163843,0.59428]",
2633,"[3.51471,0.3163843,0.5950354]",
2634,"[3.517231,0.3163843,0.5967913]",
2635,"[3.518805,0.3163843,0.5978153]",
2636,"[3.522203,0.3163843,0.5998933]",
2637,"[3.524262,0.3163843,0.6010844]",
2638,"[3.522283,0.3163843,0.5991417]",
2639,"[3.520369,0.3163843,0.5981646]",
2640,"[3.51752,0.3163843,0.5973419]",
2641,"[3.51647,0.3163843,0.596911]",
2642,"[3.515719,0.3163843,0.5964426]",
2643,"[3.51511,0.3163843,0.5956013]",
2644,"[3.514545,0.3163843,0.5941781]",
2645,"[3.514267,0.3163843,0.5915201]",
2646,"[3.513839,0.3163843,0.5908437]",
2647,"[3.514881,0.3163843,0.5899169]",
2648,"[3.516268,0.3163843,0.5894293]",
2649,"[3.516322,0.3163843,0.5896417]",
2650,"[3.518969,0.3163843,0.5894147]",
2651,"[3.520501,0.3163843,0.5894641]",
2652,"[3.520956,0.3163843,0.5895043]",
2653,"[3.520209,0.3163843,0.5892403]",
2654,"[3.51897,0.3163843,0.5882401]",
2655,"[3.518559,0.3163843,0.5875975]",
2656,"[3.516642,0.3163843,0.5869893]",
2657,"[3.515815,0.3163843,0.586861]",
2658,"[3.515157,0.3163843,0.5868183]",
2659,"[3.51054,0.3163843,0.5872061]",
2660,"[3.508728,0.3163843,0.5872698]",
2661,"[3.505151,0.3163843,0.5874481]",
2662,"[3.502497,0.3163843,0.5873312]",
2663,"[3.483539,0.2949019,0.5682029]",
2664,"[3.478501,0.2949019,0.5683496]",
2665,"[3.475047,0.2949018,0.5683728]",
2666,"[3.468684,0.2949018,0.5693323]",
2667,"[3.466645,0.2949019,0.570052]",
2668,"[3.463864,0.294902,0.5713531]",
2669,"[3.463003,0.2949019,0.5719087]",
2670,"[3.46151,0.294902,0.5723111]",
2671,"[3.460673,0.2949019,0.5722682]",
2672,"[3.459947,0.2949019,0.5721906]",
2673,"[3.458766,0.2949019,0.5720733]",
2674,"[3.45813,0.2949019,0.5718169]",
2675,"[3.456978,0.2949019,0.5712945]",
2676,"[3.45628,0.2949019,0.5708349]",
2677,"[3.455209,0.2949019,0.5701573]",
2678,"[3.454932,0.294902,0.5699847]",
2679,"[3.454786,0.2949019,0.5697205]",
2680,"[3.454538,0.294902,0.56969]",
2681,"[3.45422,0.294902,0.5696945]",
2682,"[3.45344,0.2949019,0.5689195]",
2683,"[3.452795,0.2949019,0.5679829]",
2684,"[3.478127,0.359255,0.623952]",
2685,"[3.480423,0.3668178,0.6293617]",
2686,"[3.448832,0.2949019,0.5616456]",
2687,"[3.448036,0.294902,0.5602516]",
2688,"[3.446458,0.2949019,0.5574621]",
2689,"[3.446386,0.294902,0.5576902]",
2690,"[3.446397,0.2949019,0.558466]",
2691,"[3.446537,0.2949019,0.5591269]",
2692,"[3.447279,0.2949019,0.5625068]",
2693,"[3.447684,0.2949019,0.5671858]",
2694,"[3.44729,0.2949019,0.5693581]",
2695,"[3.445644,0.2949019,0.5726989]",
2696,"[3.441695,0.2949019,0.5712294]",
2697,"[3.354743,0.1,0.401911]",
2698,"[3.350763,0.1,0.4005682]",
2699,"[3.346315,0.1,0.398139]",
2700,"[3.331958,0.1,0.3883145]",
2701,"[3.331301,0.1234263,0.3998328]",
2702,"[3.331301,0.1556374,0.4143235]",
2703,"[3.331301,0.1672288,0.4174373]",
2704,"[3.474115,0.5083216,0.7049168]",
2705,"[3.477101,0.5301447,0.7145985]",
2706,"[3.481982,0.5660343,0.7305207]",
2707,"[3.483916,0.581235,0.7372644]",
2708,"[3.486669,0.5997799,0.7454917]",
2709,"[3.486699,0.6233935,0.7492355]",
2710,"[3.48557,0.6362426,0.7495495]",
2711,"[3.482155,0.6572601,0.7503755]",
2712,"[3.482921,0.6571052,0.7501903]",
2713,"[3.479698,0.6702816,0.7500754]",
2714,"[3.480729,0.6702844,0.7498777]",
2715,"[3.482473,0.6699871,0.7495741]",
2716,"[3.483015,0.6697804,0.7494916]",
2717,"[3.484474,0.6639124,0.7498122]",
2718,"[3.485171,0.6569216,0.7496461]",
2719,"[3.485088,0.6479589,0.7496661]",
2720,"[3.484732,0.6392494,0.7497522]",
2721,"[3.484303,0.6360741,0.749856]",
2722,"[3.481715,0.6229118,0.7504817]",
2723,"[3.47942,0.6161072,0.7509417]",
2724,"[3.473733,0.5988083,0.7450607]",
2725,"[3.455013,0.5717219,0.733044]",
2726,"[3.441127,0.5512969,0.723588]",
2727,"[3.325215,0.3484843,0.6029561]",
2728,"[3.291519,0.342784,0.6029561]",
2729,"[3.184602,0.8135145,1.036963]",
2730,"[3.133229,0.8783438,1.136539]",
2731,"[3.11544,0.9002693,1.171019]",
2732,"[3.108533,0.9105495,1.184407]",
2733,"[3.101815,0.9201956,1.197429]",
2734,"[3.094823,0.9206412,1.201237]",
2735,"[3.088546,0.9206412,1.208649]",
2736,"[3.085907,0.9206412,1.223045]",
2737,"[3.088458,0.9158651,1.223318]",
2738,"[3.078244,0.8894587,1.243116]",
2739,"[2.792041,0.5806856,1.18275]",
2740,"[2.810442,0.5806856,1.198886]",
2741,"[2.835076,0.5806856,1.211405]",
2742,"[2.83365,0.5806856,1.209683]",
2743,"[2.817734,0.5806856,1.212401]",
2744,"[2.810487,0.5806856,1.200639]",
2745,"[2.793591,0.5806856,1.193542]",
2746,"[2.778137,0.5806856,1.193803]",
2747,"[2.761812,0.5806856,1.1976]",
2748,"[2.488654,0.5806856,1.342361]",
2749,"[2.455739,0.5806856,1.371044]",
2750,"[2.424387,0.5806856,1.406183]",
2751,"[2.413528,0.5806856,1.420857]",
2752,"[2.403902,0.5806856,1.439577]",
2753,"[2.403598,0.5806856,1.44737]",
2754,"[2.410043,0.5806856,1.448957]",
2755,"[2.416107,0.5806856,1.445079]",
2756,"[2.419136,0.5806856,1.447021]",
2757,"[2.424315,0.5806856,1.452129]",
2758,"[2.427245,0.5806856,1.45684]",
2759,"[2.429406,0.5806856,1.487392]",
2760,"[2.428467,0.5806856,1.511986]",
2761,"[2.546305,0.6160836,1.630901]",
2762,"[2.632983,0.5950152,1.714726]",
2763,"[2.672626,0.5806856,1.780043]",
2764,"[2.691698,0.5806856,1.810936]",
2765,"[2.704917,0.5806856,1.837435]",
2766,"[2.70568,0.5806856,1.859376]",
2767,"[2.707037,0.5806856,1.861046]",
2768,"[2.717875,0.5806856,1.881542]",
2769,"[2.722911,0.5806856,1.903068]",
2770,"[2.690388,0.5806857,2.175831]",
2771,"[2.68345,0.5806857,2.229112]",
2772,"[2.67725,0.5806857,2.275867]",
2773,"[2.935745,0.8988907,2.386909]",
2774,"[2.93271,0.8988907,2.433122]",
2775,"[2.937306,0.8988907,2.485113]",
2776,"[2.939609,0.8988907,2.502084]",
2777,"[2.953129,0.8988907,2.527711]",
2778,"[2.963159,0.8988907,2.535391]",
2779,"[2.971814,0.8988907,2.537528]",
2780,"[2.983438,0.8988907,2.554401]",
2781,"[2.997607,0.8988907,2.581047]",
2782,"[2.393561,0.3317652,3.985657]",
2783,"[2.487507,0.3806458,4.067031]",
2784,"[2.948856,0.5889273,4.354829]",
2785,"[3.031453,0.6173964,4.394839]",
2786,"[3.214546,0.7130154,4.284412]",
2787,"[3.216119,0.7130143,4.291673]",
2788,"[3.226772,0.7130129,4.308774]",
2789,"[3.214806,0.6654539,4.489571]",
2790,"[3.221884,0.6676815,4.498349]",
2791,"[3.274759,0.6930653,4.529395]",
2792,"[3.610692,0.8444791,4.622705]",
2793,"[3.803956,0.9123389,4.660002]",
2794,"[3.875884,0.9388805,4.672129]",
2795,"[3.954863,0.9664476,4.68907]",
2796,"[3.978547,0.9751764,4.697041]",
2797,"[3.973625,0.9804416,4.706219]",
2798,"[3.99367,0.9985266,4.720443]",
2799,"[4.015784,1.00888,4.72669]",
2800,"[4.172275,1.196355,3.957912]",
2801,"[4.255937,1.212222,3.952861]",
2802,"[4.354201,1.244259,3.929475]",
2803,"[4.393701,1.255207,3.938248]",
2804,"[4.402848,1.258319,3.941739]",
2805,"[4.413439,1.259766,3.943362]",
2806,"[4.412396,1.258915,3.942407]",
2807,"[4.40765,1.257564,3.940892]",
2808,"[4.405695,1.258262,3.941675]",
2809,"[4.408644,1.26331,3.946268]",
2810,"[4.413505,1.267813,3.949399]",
2811,"[4.506862,1.360888,3.982278]",
2812,"[4.530357,1.386103,3.982331]",
2813,"[4.566244,1.420768,3.982403]",
2814,"[4.568758,1.425407,3.982413]",
2815,"[4.572521,1.431484,3.982425]",
2816,"[4.567912,1.436465,3.982436]",
2817,"[4.568164,1.440393,3.982444]",
2818,"[4.564806,1.439672,3.982443]",
2819,"[4.565823,1.440802,3.982445]",
2820,"[4.569203,1.443267,3.98245]",
2821,"[4.697748,1.557387,3.982689]",
2822,"[4.730621,1.5829,3.982743]",
2823,"[4.78702,1.616643,3.982813]",
2824,"[4.796958,1.621269,3.982823]",
2825,"[4.811596,1.627213,3.982836]",
2826,"[4.81627,1.629506,3.98284]",
2827,"[4.823893,1.635329,3.982852]",
2828,"[4.826191,1.637876,3.982858]",
2829,"[4.824538,1.639349,3.982861]",
2830,"[4.824853,1.640706,3.982864]",
2831,"[4.822427,1.640921,3.982864]",
2832,"[4.812254,1.642278,3.982867]",
2833,"[4.806017,1.643617,3.98287]",
2834,"[4.780306,1.638922,3.98286]",
2835,"[4.771222,1.638005,3.982858]",
2836,"[4.736244,1.629647,3.982841]",
2837,"[4.719545,1.625254,3.982831]",
2838,"[4.697155,1.617172,3.982815]",
2839,"[4.678391,1.607658,3.982795]",
2840,"[4.665249,1.600014,3.982779]",
2841,"[4.643341,1.579494,3.982736]",
2842,"[4.63752,1.572984,3.982722]",
2843,"[4.630562,1.563908,3.982703]",
2844,"[4.629443,1.562683,3.9827]",
2845,"[4.628054,1.561082,3.982697]",
2846,"[4.627481,1.560279,3.982695]",
2847,"[4.626914,1.559178,3.982693]",
2848,"[4.624359,1.555812,3.982686]",
2849,"[4.622836,1.553992,3.982682]",
2850,"[4.619725,1.550868,3.982676]",
2851,"[4.618218,1.549536,3.982673]",
2852,"[4.615074,1.546932,3.982667]",
2853,"[4.613477,1.54544,3.982664]",
2854,"[4.610466,1.543246,3.98266]",
2855,"[4.608356,1.542543,3.982658]",
2856,"[4.606452,1.541978,3.982657]",
2857,"[4.603603,1.541739,3.982656]",
2858,"[4.602572,1.541902,3.982657]",
2859,"[4.600614,1.542745,3.982659]",
2860,"[4.599899,1.542916,3.982659]",
2861,"[4.598783,1.543054,3.982659]",
2862,"[4.598186,1.543224,3.98266]",
2863,"[4.59767,1.543481,3.98266]",
2864,"[4.596462,1.544176,3.982661]",
2865,"[4.595861,1.544525,3.982662]",
2866,"[4.594912,1.545212,3.982664]",
2867,"[4.59456,1.545588,3.982665]",
2868,"[4.594075,1.546354,3.982666]",
2869,"[4.593849,1.546768,3.982667]",
2870,"[4.593661,1.547435,3.982668]",
2871,"[4.59366,1.547745,3.982669]",
2872,"[4.59375,1.548046,3.98267]",
2873,"[4.593438,1.548595,3.982671]",
2874,"[4.593225,1.548902,3.982671]",
2875,"[4.592494,1.549213,3.982672]",
2876,"[4.59199,1.549125,3.982672]",
2877,"[4.590965,1.548777,3.982671]",
2878,"[4.590534,1.548612,3.982671]",
2879,"[4.59006,1.548376,3.98267]",
2880,"[4.589489,1.547763,3.982669]",
2881,"[4.588723,1.547601,3.982669]",
2882,"[4.587749,1.547143,3.982668]",
2883,"[4.587498,1.546674,3.982667]",
2884,"[4.657141,1.496299,3.982561]",
2885,"[4.673564,1.484321,3.982536]",
2886,"[4.127065,1.555498,2.511361]",
2887,"[4.135578,1.550655,2.509819]",
2888,"[4.140628,1.547873,2.508808]",
2889,"[4.14715,1.544476,2.507299]",
2890,"[4.844691,1.386792,3.982332]",
2891,"[4.854116,1.380177,3.982318]",
2892,"[4.856772,1.37786,3.982313]",
2893,"[4.863029,1.372243,3.982301]",
2894,"[4.866712,1.368477,3.982294]",
2895,"[4.873913,1.362147,3.98228]",
2896,"[4.877489,1.359311,3.982274]",
2897,"[4.881201,1.35649,3.982269]",
2898,"[4.888062,1.35125,3.982258]",
2899,"[4.889879,1.349974,3.982255]",
2900,"[4.892761,1.347282,3.982249]",
2901,"[4.893934,1.345803,3.982246]",
2902,"[4.152565,1.510686,2.500599]",
2903,"[4.143896,1.498855,2.506025]",
2904,"[4.126597,1.468868,2.518281]",
2905,"[4.550969,1.057186,3.893771]",
2906,"[4.525104,1.026172,3.896202]",
2907,"[4.485471,0.9183939,3.899928]",
2908,"[4.474153,0.8713956,3.900992]",
2909,"[4.464764,0.8051088,3.901874]",
2910,"[4.462113,0.7777926,3.902123]",
2911,"[4.47423,0.7248119,3.900984]",
2912,"[4.478961,0.7045029,3.90054]",
2913,"[4.484258,0.6803995,3.900042]",
2914,"[4.491444,0.6432976,3.899366]",
2915,"[4.493933,0.6286796,3.899132]",
2916,"[4.497432,0.6092055,3.898803]",
2917,"[4.499432,0.602034,3.898615]",
2918,"[4.524777,0.6007924,3.896233]",
2919,"[4.540728,0.6040229,3.894733]",
2920,"[4.159194,1.295996,2.53889]",
2921,"[4.173881,1.307381,2.534729]",
2922,"[4.182255,1.313866,2.532819]",
2923,"[4.195359,1.330437,2.529737]",
2924,"[4.199235,1.335863,2.529137]",
2925,"[4.205311,1.345131,2.528606]",
2926,"[4.207683,1.348363,2.528813]",
2927,"[4.211633,1.351582,2.530482]",
2928,"[4.213343,1.352658,2.531334]",
2929,"[4.217214,1.353163,2.535513]",
2930,"[4.221472,1.351405,2.54335]",
2931,"[4.814277,0.8539539,3.86902]",
2932,"[4.815702,0.8646902,3.868886]",
2933,"[4.815634,0.8726005,3.868892]",
2934,"[4.812201,0.8914752,3.869215]",
2935,"[4.809004,0.9017562,3.869516]",
2936,"[4.801012,0.9234987,3.870267]",
2937,"[4.693944,0.9887761,3.880332]",
2938,"[4.651772,1.016526,3.884295]",
2939,"[4.607786,1.054726,3.88843]",
2940,"[4.59532,1.068979,3.889602]",
2941,"[4.582108,1.088545,3.890844]",
2942,"[4.579733,1.090828,3.891067]",
2943,"[4.576614,1.096471,3.89136]",
2944,"[4.576671,1.097642,3.891355]",
2945,"[4.577016,1.099202,3.891323]",
2946,"[4.577793,1.100075,3.89125]",
2947,"[4.578597,1.101166,3.891174]",
2948,"[4.579089,1.101124,3.891128]",
2949,"[4.579801,1.10032,3.891061]",
2950,"[4.585035,1.096876,3.890569]",
2951,"[4.589378,1.09675,3.890161]",
2952,"[4.602242,1.105981,3.888951]",
2953,"[4.610198,1.116308,3.888203]",
2954,"[4.626029,1.186347,3.886715]",
2955,"[4.656717,1.248552,3.930214]",
2956,"[4.67431,1.297902,3.982146]",
2957,"[4.65629,1.387559,3.982334]",
2958,"[4.645567,1.425598,3.982413]",
2959,"[4.632576,1.470715,3.982508]",
2960,"[4.628807,1.485223,3.982538]",
2961,"[4.625697,1.492401,3.982553]",
2962,"[4.623468,1.493824,3.982556]",
2963,"[4.621077,1.495814,3.98256]",
2964,"[4.616714,1.494727,3.982558]",
2965,"[4.614562,1.494292,3.982557]",
2966,"[4.609848,1.485363,3.982538]",
2967,"[4.607889,1.477499,3.982522]",
2968,"[4.605735,1.467058,3.9825]",
2969,"[4.604059,1.46095,3.982487]",
2970,"[4.601426,1.447497,3.982459]",
2971,"[4.600478,1.44028,3.982444]",
2972,"[4.599896,1.433805,3.98243]",
2973,"[4.599445,1.421236,3.982404]",
2974,"[4.598818,1.412085,3.982385]",
2975,"[4.596813,1.400209,3.98236]",
2976,"[4.595519,1.395398,3.98235]",
2977,"[4.593449,1.389467,3.982337]",
2978,"[4.592764,1.388436,3.982335]",
2979,"[4.591133,1.386937,3.982332]",
2980,"[4.590342,1.386472,3.982331]",
2981,"[4.587222,1.386569,3.982332]",
2982,"[4.581525,1.387571,3.982334]",
2983,"[4.578925,1.388372,3.982335]",
2984,"[4.573593,1.390442,3.98234]",
2985,"[4.570372,1.390024,3.982339]",
2986,"[4.564476,1.388681,3.982336]",
2987,"[4.561296,1.387497,3.982333]",
2988,"[4.557406,1.385598,3.982329]",
2989,"[4.547462,1.379355,3.982316]",
2990,"[4.541916,1.376212,3.98231]",
2991,"[4.529148,1.368047,3.982293]",
2992,"[4.522475,1.363912,3.982284]",
2993,"[4.510845,1.358316,3.982272]",
2994,"[4.509802,1.358575,3.982273]",
2995,"[4.507692,1.359329,3.982275]",
2996,"[4.506335,1.359652,3.982275]",
2997,"[4.505078,1.359922,3.982276]",
2998,"[4.504578,1.361453,3.982279]",
2999,"[4.504768,1.362302,3.982281]",
3000,"[4.507822,1.362841,3.982282]",
3001,"[4.509458,1.362463,3.982281]",
3002,"[4.514526,1.361331,3.982279]",
3003,"[4.518254,1.360765,3.982277]",
3004,"[4.558571,1.375699,3.982309]",
3005,"[4.594581,1.386137,3.982331]",
3006,"[4.605756,1.388428,3.982335]",
3007,"[4.619627,1.390725,3.98234]",
3008,"[4.624225,1.392082,3.982343]",
3009,"[4.631947,1.393094,3.982345]",
3010,"[4.635499,1.392875,3.982345]",
3011,"[4.638321,1.392687,3.982344]",
3012,"[4.642154,1.391514,3.982342]",
3013,"[4.643751,1.390496,3.98234]",
3014,"[4.645644,1.389208,3.982337]",
3015,"[4.645967,1.389032,3.982337]",
3016,"[4.646856,1.389223,3.982337]",
3017,"[4.647388,1.389323,3.982337]",
3018,"[4.647635,1.390665,3.98234]",
3019,"[4.647925,1.392016,3.982343]",
3020,"[4.648234,1.394381,3.982348]",
3021,"[4.64824,1.395437,3.98235]",
3022,"[4.648312,1.396647,3.982352]",
3023,"[4.648599,1.402508,3.982365]",
3024,"[4.648376,1.405334,3.982371]",
3025,"[4.646905,1.409667,3.98238]",
3026,"[4.645644,1.412008,3.982385]",
3027,"[4.642067,1.416592,3.982394]",
3028,"[4.639367,1.419171,3.9824]",
3029,"[4.632705,1.424174,3.98241]",
3030,"[4.628923,1.426941,3.982416]",
3031,"[4.625038,1.429615,3.982422]",
3032,"[4.619071,1.433007,3.982429]",
3033,"[4.616551,1.433498,3.98243]",
3034,"[4.614377,1.431683,3.982426]",
3035,"[4.612499,1.429484,3.982421]",
3036,"[4.609653,1.421859,3.982405]",
3037,"[4.608181,1.415914,3.982393]",
3038,"[4.606004,1.408571,3.982378]",
3039,"[4.605731,1.393523,3.982346]",
3040,"[4.605037,1.385264,3.982329]",
3041,"[4.603765,1.37294,3.982303]",
3042,"[4.595737,1.360638,3.982277]",
3043,"[4.329579,1.48966,3.084184]",
3044,"[4.325112,1.489197,3.076331]",
3045,"[4.325165,1.486369,3.088016]",
3046,"[4.327202,1.485831,3.093034]",
3047,"[4.333465,1.485758,3.096624]",
3048,"[4.360772,1.485831,3.103645]",
3049,"[4.375693,1.485952,3.106527]",
3050,"[4.404049,1.485809,3.111892]",
3051,"[4.417981,1.485897,3.113798]",
3052,"[4.446229,1.485256,3.116143]",
3053,"[4.461034,1.485168,3.115736]",
3054,"[4.475468,1.485101,3.115169]",
3055,"[4.503361,1.485978,3.112461]",
3056,"[4.517546,1.487369,3.110581]",
3057,"[4.54173,1.493044,3.10728]",
3058,"[4.554246,1.496111,3.105265]",
3059,"[4.578792,1.501225,3.101544]",
3060,"[4.590796,1.50289,3.099756]",
3061,"[4.614801,1.506325,3.096033]",
3062,"[4.62639,1.506959,3.094501]",
3063,"[4.638558,1.507477,3.093045]",
3064,"[4.661363,1.507365,3.091212]",
3065,"[4.673524,1.506873,3.090514]",
3066,"[4.696129,1.505181,3.090208]",
3067,"[4.706109,1.503784,3.090472]",
3068,"[4.726913,1.5016,3.090966]",
3069,"[4.737049,1.50011,3.091277]",
3070,"[4.751402,1.498618,3.092997]",
3071,"[5.002463,1.353866,3.982263]",
3072,"[4.994625,1.353099,3.982261]",
3073,"[4.97929,1.352301,3.98226]",
3074,"[4.964637,1.352056,3.982259]",
3075,"[4.935205,1.34954,3.982254]",
3076,"[4.921935,1.347835,3.98225]",
3077,"[4.902031,1.345623,3.982246]",
3078,"[4.891315,1.344402,3.982243]",
3079,"[4.881004,1.343219,3.982241]",
3080,"[4.866445,1.341786,3.982238]",
3081,"[4.861142,1.341541,3.982237]",
3082,"[4.856409,1.34213,3.982238]",
3083,"[4.852053,1.343995,3.982242]",
3084,"[4.840386,1.348994,3.982253]",
3085,"[4.834567,1.35135,3.982258]",
3086,"[4.822741,1.356015,3.982267]",
3087,"[4.808149,1.359043,3.982274]",
3088,"[4.797969,1.361691,3.982279]",
3089,"[4.696859,1.384024,3.982326]",
3090,"[4.678696,1.389281,3.982337]",
3091,"[4.653173,1.398302,3.982356]",
3092,"[4.645172,1.401926,3.982364]",
3093,"[4.632814,1.408469,3.982377]",
3094,"[4.62746,1.411714,3.982384]",
3095,"[4.624341,1.41414,3.982389]",
3096,"[4.620045,1.418434,3.982398]",
3097,"[4.619576,1.420564,3.982403]",
3098,"[4.622783,1.423353,3.982409]",
3099,"[4.62651,1.424178,3.98241]",
3100,"[4.635088,1.424998,3.982412]",
3101,"[4.642079,1.425128,3.982412]",
3102,"[4.655704,1.425673,3.982413]",
3103,"[4.663191,1.426068,3.982414]",
3104,"[4.669531,1.426474,3.982415]",
3105,"[4.682393,1.427104,3.982416]",
3106,"[4.689425,1.427423,3.982417]",
3107,"[4.702413,1.428973,3.98242]",
3108,"[4.709301,1.430282,3.982423]",
3109,"[4.722975,1.43345,3.98243]",
3110,"[4.729966,1.43517,3.982433]",
3111,"[4.739765,1.438877,3.982441]",
3112,"[4.743747,1.440972,3.982445]",
3113,"[4.747376,1.442906,3.98245]",
3114,"[4.810889,1.456734,3.982478]",
3115,"[4.82198,1.460676,3.982487]",
3116,"[4.834232,1.466343,3.982499]",
3117,"[4.838062,1.468148,3.982502]",
3118,"[4.817078,1.496717,3.817361]",
3119,"[4.821002,1.494831,3.836026]",
3120,"[4.828959,1.489992,3.871587]",
3121,"[4.832556,1.48697,3.889224]",
3122,"[4.835713,1.483906,3.904006]",
3123,"[4.841041,1.478863,3.927843]",
3124,"[4.844318,1.476155,3.941521]",
3125,"[4.848075,1.473211,3.956016]",
3126,"[4.852718,1.469687,3.972999]",
3127,"[4.855727,1.467568,3.982501]",
3128,"[4.857282,1.466347,3.982499]",
3129,"[4.857517,1.465962,3.982498]",
3130,"[4.857848,1.465315,3.982497]",
3131,"[4.858383,1.464673,3.982495]",
3132,"[4.858665,1.463995,3.982494]",
3133,"[4.85882,1.463725,3.982493]",
3134,"[4.859697,1.463525,3.982493]",
3135,"[4.860056,1.463613,3.982493]",
3136,"[4.860119,1.463637,3.982493]",
3137,"[4.860126,1.463657,3.982493]",
3138,"[4.860154,1.463675,3.982493]",
3139,"[4.860304,1.463812,3.982493]",
3140,"[4.860423,1.463907,3.982493]",
3141,"[4.879782,1.493761,3.982556]",
3142,"[4.884941,1.500588,3.98257]",
3143,"[4.890967,1.508413,3.982587]",
3144,"[4.893291,1.51193,3.982594]",
3145,"[4.896181,1.517212,3.982605]",
3146,"[4.897027,1.519191,3.982609]",
3147,"[4.897661,1.520718,3.982612]",
3148,"[4.897805,1.522179,3.982615]",
3149,"[4.897695,1.522357,3.982616]",
3150,"[4.897488,1.522768,3.982617]",
3151,"[4.897231,1.523101,3.982617]",
3152,"[4.857544,1.567272,3.98271]",
3153,"[4.844883,1.581591,3.98274]",
3154,"[4.818152,1.612998,3.982806]",
3155,"[4.81243,1.619999,3.982821]",
3156,"[4.807383,1.627156,3.982835]",
3157,"[4.799032,1.64122,3.982865]",
3158,"[4.795951,1.647377,3.982878]",
3159,"[4.783709,1.699085,3.982986]",
3160,"[4.781713,1.70822,3.983005]",
3161,"[4.779171,1.719064,3.983028]",
3162,"[4.778528,1.720604,3.983031]",
3163,"[4.777408,1.723302,3.983037]",
3164,"[4.776851,1.72464,3.98304]",
3165,"[4.776285,1.726052,3.983042]",
3166,"[4.770006,1.741642,3.983075]",
3167,"[4.767515,1.749043,3.983091]",
3168,"[4.764309,1.758068,3.983109]",
3169,"[4.763153,1.761144,3.983116]",
3170,"[4.761748,1.76456,3.983123]",
3171,"[4.761117,1.765728,3.983126]",
3172,"[4.760042,1.767844,3.98313]",
3173,"[4.759688,1.768767,3.983132]",
3174,"[4.759139,1.770178,3.983135]",
3175,"[4.759033,1.770616,3.983136]",
3176,"[4.758952,1.771053,3.983137]",
3177,"[4.757878,1.772829,3.98314]",
3178,"[4.756424,1.77495,3.983145]",
3179,"[4.753311,1.779814,3.983155]",
3180,"[4.751303,1.783085,3.983162]",
3181,"[4.751125,1.786578,3.983169]",
3182,"[4.776422,1.795263,3.983187]",
3183,"[4.789774,1.799994,3.983197]",
3184,"[4.807798,1.808486,3.983215]",
3185,"[4.813443,1.812034,3.983222]",
3186,"[4.822549,1.818676,3.983237]",
3187,"[4.826229,1.821017,3.983241]",
3188,"[4.832758,1.825345,3.98325]",
3189,"[4.835622,1.827696,3.983255]",
3190,"[4.838203,1.829906,3.98326]",
3191,"[4.843658,1.834818,3.98327]",
3192,"[4.870817,1.836917,3.983275]",
3193,"[4.898017,1.842867,3.983287]",
3194,"[4.907436,1.844397,3.98329]",
3195,"[4.920095,1.848146,3.983298]",
3196,"[4.925137,1.850254,3.983303]",
3197,"[4.931762,1.855129,3.983313]",
3198,"[4.934091,1.85791,3.983319]",
3199,"[4.936029,1.860471,3.983324]",
3200,"[4.932268,1.86174,3.983327]",
3201,"[4.92773,1.860964,3.983325]",
3202,"[4.844308,1.825811,3.983252]",
3203,"[4.814325,1.814811,3.983228]",
3204,"[4.787591,1.805958,3.98321]",
3205,"[4.779667,1.804009,3.983206]",
3206,"[4.772059,1.802969,3.983204]",
3207,"[4.769063,1.802705,3.983203]",
3208,"[4.767414,1.80278,3.983203]",
3209,"[4.766389,1.803978,3.983206]",
3210,"[4.766016,1.804854,3.983207]",
3211,"[4.765821,1.806721,3.983212]",
3212,"[4.766726,1.807361,3.983213]",
3213,"[4.768257,1.809109,3.983217]",
3214,"[4.7689,1.809795,3.983218]",
3215,"[4.767781,1.8107,3.98322]",
3216,"[4.764626,1.811762,3.983222]",
3217,"[4.761028,1.812166,3.983223]",
3218,"[4.748839,1.811915,3.983222]",
3219,"[4.742342,1.811217,3.983221]",
3220,"[4.732821,1.809378,3.983217]",
3221,"[4.728008,1.808124,3.983214]",
3222,"[4.785522,1.796528,3.98319]",
3223,"[4.810039,1.7926,3.983182]",
3224,"[4.823019,1.791294,3.983179]",
3225,"[4.836352,1.792355,3.983181]",
3226,"[4.840089,1.794104,3.983185]",
3227,"[4.849941,1.800168,3.983198]",
3228,"[4.854964,1.804795,3.983207]",
3229,"[4.864006,1.810533,3.983219]",
3230,"[4.868996,1.814425,3.983228]",
3231,"[4.879731,1.820554,3.98324]",
3232,"[4.887959,1.823863,3.983247]",
3233,"[4.896175,1.827449,3.983255]",
3234,"[4.9154,1.830425,3.983261]",
3235,"[4.924943,1.832452,3.983265]",
3236,"[4.947349,1.83332,3.983267]",
3237,"[4.96012,1.833502,3.983268]",
3238,"[4.983164,1.836455,3.983274]",
3239,"[4.994301,1.8372,3.983275]",
3240,"[5.004959,1.838433,3.983278]",
3241,"[5.02094,1.83967,3.98328]",
3242,"[5.023919,1.839584,3.98328]",
3243,"[5.031952,1.836933,3.983275]",
3244,"[5.035079,1.835288,3.983271]",
3245,"[5.0412,1.831915,3.983264]",
3246,"[5.043898,1.830058,3.98326]",
3247,"[5.048699,1.825423,3.983251]",
3248,"[5.050769,1.822651,3.983245]",
3249,"[5.051299,1.820065,3.983239]",
3250,"[5.052381,1.815107,3.983229]",
3251,"[5.052723,1.812951,3.983224]",
3252,"[5.04342,1.806666,3.983211]",
3253,"[5.036004,1.802796,3.983203]",
3254,"[4.967686,1.764461,3.983123]",
3255,"[4.952241,1.754907,3.983103]",
3256,"[4.93447,1.743168,3.983078]",
3257,"[4.929301,1.740051,3.983072]",
3258,"[4.925381,1.737468,3.983066]",
3259,"[4.91545,1.732557,3.983056]",
3260,"[4.911572,1.730098,3.983051]",
3261,"[4.90404,1.726139,3.983043]",
3262,"[4.901198,1.723776,3.983038]",
3263,"[4.896659,1.719549,3.983029]",
3264,"[4.896416,1.718285,3.983026]",
3265,"[5.001097,1.706979,3.983003]",
3266,"[5.04811,1.702493,3.982993]",
3267,"[5.082967,1.699512,3.982987]",
3268,"[5.122613,1.693605,3.982975]",
3269,"[5.135845,1.69651,3.982981]",
3270,"[5.151608,1.696472,3.98298]",
3271,"[5.156251,1.694947,3.982977]",
3272,"[5.163225,1.691729,3.982971]",
3273,"[5.165757,1.690385,3.982968]",
3274,"[5.167544,1.690304,3.982968]",
3275,"[5.169205,1.693887,3.982975]",
3276,"[5.168756,1.699469,3.982987]",
3277,"[5.167492,1.708324,3.983005]",
3278,"[5.162026,1.73964,3.983071]",
3279,"[5.159045,1.752949,3.983099]",
3280,"[5.153117,1.770802,3.983136]",
3281,"[5.150671,1.774127,3.983143]",
3282,"[5.149309,1.774951,3.983145]",
3283,"[5.147732,1.774763,3.983145]",
3284,"[5.147713,1.774134,3.983143]",
3285,"[5.172461,1.767998,3.98313]",
3286,"[5.189263,1.764641,3.983123]",
3287,"[5.202972,1.761619,3.983117]",
3288,"[5.221291,1.756345,3.983106]",
3289,"[5.227678,1.755623,3.983104]",
3290,"[5.237799,1.756615,3.983107]",
3291,"[5.241976,1.757933,3.983109]",
3292,"[5.248749,1.761413,3.983117]",
3293,"[5.250983,1.762445,3.983119]",
3294,"[5.252063,1.762389,3.983119]",
3295,"[5.253629,1.761504,3.983117]",
3296,"[5.254263,1.760983,3.983116]",
3297,"[5.255913,1.759802,3.983113]",
3298,"[5.25698,1.75873,3.983111]",
3299,"[5.258931,1.751726,3.983096]",
3300,"[5.082485,1.701708,3.982991]",
3301,"[5.0195,1.684659,3.982956]",
3302,"[4.714799,1.616525,3.982813]",
3303,"[4.650241,1.601439,3.982781]",
3304,"[4.59399,1.587106,3.982752]",
3305,"[4.577808,1.582842,3.982743]",
3306,"[4.555355,1.576693,3.98273]",
3307,"[4.547073,1.574319,3.982725]",
3308,"[4.535438,1.570022,3.982716]",
3309,"[4.535504,1.569298,3.982714]",
3310,"[4.536021,1.568253,3.982712]",
3311,"[4.538182,1.565946,3.982707]",
3312,"[4.539712,1.565809,3.982707]",
3313,"[4.545272,1.565377,3.982706]",
3314,"[4.545425,1.565361,3.982706]",
3315,"[4.545341,1.565664,3.982707]",
3316,"[4.545186,1.566205,3.982708]",
3317,"[4.545449,1.56792,3.982711]",
3318,"[4.552657,1.576126,3.982728]",
3319,"[4.560232,1.582504,3.982742]",
3320,"[4.595468,1.605574,3.98279]",
3321,"[4.624292,1.622887,3.982826]",
3322,"[5.171699,1.822117,3.983244]",
3323,"[5.271217,1.859339,3.983322]",
3324,"[5.576337,2.0179,2.966012]",
3325,"[5.58728,2.019234,2.461627]",
3326,"[5.584559,2.022201,2.399314]",
3327,"[5.579535,2.032838,2.28422]",
3328,"[5.57688,2.041797,2.223438]",
3329,"[5.574717,2.05255,2.173889]",
3330,"[5.572774,2.059678,2.129397]",
3331,"[5.572224,2.058465,2.116784]",
3332,"[5.571884,2.056255,2.108987]",
3333,"[5.575027,2.055898,2.0823]",
3334,"[5.610443,2.069048,2.075686]",
3335,"[5.69119,2.097372,2.078419]",
3336,"[5.679778,2.100857,2.019563]",
3337,"[5.679741,2.101555,2.019372]",
3338,"[5.676687,2.10638,2.00362]",
3339,"[5.677065,2.105663,2.005573]",
3340,"[5.679523,2.104591,2.018245]",
3341,"[5.68005,2.104528,2.020967]",
3342,"[5.680003,2.103264,2.02072]",
3343,"[5.678257,2.099357,2.011715]",
3344,"[5.670095,2.07964,1.969626]",
3345,"[5.660117,2.054565,1.918162]",
3346,"[5.656533,2.044044,1.899684]",
3347,"[5.656928,2.036272,1.901718]",
3348,"[5.656981,2.033767,1.90199]",
3349,"[5.662692,2.026957,1.931442]",
3350,"[5.669176,2.020601,1.964884]",
3351,"[5.672214,2.0173,1.980554]",
3352,"[5.678967,2.011235,2.015379]",
3353,"[5.68174,2.009105,2.029681]",
3354,"[5.687147,2.004859,2.057563]",
3355,"[5.688476,2.003681,2.064418]",
3356,"[5.68094,1.998991,2.078147]",
3357,"[5.662674,1.992699,2.077509]",
3358,"[5.651581,1.98865,2.077122]",
3359,"[5.634959,1.980378,2.076541]",
3360,"[5.628678,1.976669,2.076322]",
3361,"[5.657929,1.973522,2.077344]",
3362,"[5.672037,1.968948,2.077836]",
3363,"[5.690825,1.961968,2.078493]",
3364,"[5.690827,1.957417,2.076547]",
3365,"[5.690416,1.95131,2.074423]",
3366,"[5.690639,1.948982,2.075577]",
3367,"[5.690765,1.94744,2.07849]",
3368,"[5.659477,1.935633,2.077398]",
3369,"[5.644833,1.929816,2.076886]",
3370,"[5.621968,1.91962,2.076088]",
3371,"[5.610704,1.914586,2.075695]",
3372,"[5.588806,1.904492,2.07493]",
3373,"[5.578425,1.899437,2.07501]",
3374,"[5.575045,1.89386,2.081804]",
3375,"[5.574876,1.891702,2.086627]",
3376,"[5.571071,1.888817,2.090371]",
3377,"[5.571637,1.884585,2.103332]",
3378,"[5.571956,1.882261,2.110652]",
3379,"[5.572575,1.878006,2.124816]",
3380,"[5.572868,1.875816,2.131531]",
3381,"[5.573312,1.871711,2.141707]",
3382,"[5.573448,1.869873,2.144819]",
3383,"[5.582088,1.868831,2.151914]",
3384,"[5.585588,1.868831,2.155025]",
3385,"[5.587522,1.868831,2.157708]",
3386,"[5.57703,1.868831,2.159131]",
3387,"[5.574324,1.870784,2.164878]",
3388,"[5.575406,1.876163,2.189652]",
3389,"[5.575942,1.879209,2.201945]",
3390,"[5.57706,1.88389,2.227543]",
3391,"[5.577663,1.885622,2.241368]",
3392,"[5.584149,1.906397,2.389914]",
3393,"[5.587381,1.912986,2.463933]",
3394,"[5.558976,1.914293,2.541952]",
3395,"[5.608872,1.931458,2.638229]",
3396,"[5.608872,1.932449,2.661207]",
3397,"[5.608872,1.934,2.69217]",
3398,"[5.608872,1.934777,2.706362]",
3399,"[5.608872,1.935073,2.721074]",
3400,"[5.608872,1.935628,2.720417]",
3401,"[5.608872,1.936455,2.719161]",
3402,"[5.608872,1.936566,2.664327]",
3403,"[5.608872,1.93629,2.640556]",
3404,"[5.608872,1.933593,2.590171]",
3405,"[5.608872,1.932739,2.578951]",
3406,"[5.55913,1.918097,2.537529]",
3407,"[5.55936,1.919545,2.530954]",
3408,"[5.566162,1.923943,2.520701]",
3409,"[5.579899,1.928833,2.52118]",
3410,"[5.590025,1.932429,2.521534]",
3411,"[5.589348,1.934854,2.508989]",
3412,"[5.589164,1.9358,2.504771]",
3413,"[5.588914,1.937012,2.499059]",
3414,"[5.588741,1.937676,2.495091]",
3415,"[5.588619,1.938147,2.492295]",
3416,"[5.589024,1.937279,2.501557]",
3417,"[5.589402,1.936167,2.510233]",
3418,"[5.578092,1.929768,2.521117]",
3419,"[5.562108,1.923557,2.52144]",
3420,"[5.559011,1.919226,2.540926]",
3421,"[5.608872,1.931232,2.57686]",
3422,"[5.608872,1.926998,2.620528]",
3423,"[5.608872,1.92465,2.642643]",
3424,"[5.608872,1.920165,2.673257]",
3425,"[5.608872,1.917727,2.682456]",
3426,"[5.608872,1.915369,2.691031]",
3427,"[5.608872,1.91084,2.70651]",
3428,"[5.608872,1.908674,2.713464]",
3429,"[5.608872,1.904341,2.724378]",
3430,"[5.608872,1.902479,2.726219]",
3431,"[5.608872,1.902714,2.724492]",
3432,"[5.608872,1.90368,2.720686]",
3433,"[5.608872,1.904486,2.717561]",
3434,"[5.608872,1.907981,2.709609]",
3435,"[5.608872,1.909538,2.706436]",
3436,"[5.608872,1.91417,2.695758]",
3437,"[5.608872,1.916809,2.689554]",
3438,"[5.608872,1.920663,2.680729]",
3439,"[5.608872,1.922663,2.673904]",
3440,"[5.608872,1.926241,2.664454]",
3441,"[5.608872,1.928158,2.660416]",
3442,"[5.608872,1.930318,2.656146]",
3443,"[5.608872,1.933845,2.650062]",
3444,"[5.608872,1.935262,2.647648]",
3445,"[5.608872,1.937562,2.643622]",
3446,"[5.608872,1.938481,2.642043]",
3447,"[5.608872,1.939735,2.639512]",
3448,"[5.608872,1.940122,2.638621]",
3449,"[5.608872,1.940659,2.637339]",
3450,"[5.608872,1.940819,2.636761]",
3451,"[5.608872,1.940945,2.636285]",
3452,"[5.608872,1.941088,2.635115]",
3453,"[5.608872,1.941114,2.634489]",
3454,"[5.608872,1.940945,2.633615]",
3455,"[5.608872,1.94087,2.633283]",
3456,"[5.608872,1.940702,2.632933]",
3457,"[5.608872,1.940387,2.632773]",
3458,"[5.608872,1.940181,2.632679]",
3459,"[5.608872,1.939238,2.631269]",
3460,"[5.608872,1.938856,2.630708]",
3461,"[5.608872,1.938323,2.62968]",
3462,"[5.608872,1.938115,2.629199]",
3463,"[5.608872,1.937582,2.627949]",
3464,"[5.608872,1.937341,2.627106]",
3465,"[5.608872,1.941526,2.597649]",
3466,"[5.608872,1.943762,2.582044]",
3467,"[5.608872,1.945915,2.570258]",
3468,"[5.559054,1.931634,2.539717]",
3469,"[5.559181,1.932444,2.536086]",
3470,"[5.55934,1.933462,2.531529]",
3471,"[5.559394,1.933752,2.529969]",
3472,"[5.559464,1.934035,2.527952]",
3473,"[5.559488,1.934175,2.527271]",
3474,"[5.559505,1.934291,2.526814]",
3475,"[5.559531,1.934476,2.526095]",
3476,"[5.559617,1.934543,2.52583]",
3477,"[5.559784,1.934677,2.525312]",
3478,"[5.559863,1.934747,2.52507]",
3479,"[5.560019,1.935145,2.524588]",
3480,"[5.560074,1.935241,2.524416]",
3481,"[5.560287,1.935295,2.523761]",
3482,"[5.560253,1.935317,2.523863]",
3483,"[5.560161,1.935419,2.52415]",
3484,"[5.559753,1.935763,2.525407]",
3485,"[5.559521,1.935908,2.526341]",
3486,"[5.559442,1.936146,2.528616]",
3487,"[5.559398,1.936189,2.529856]",
3488,"[5.559308,1.936144,2.532452]",
3489,"[5.559291,1.935947,2.53291]",
3490,"[5.55926,1.935335,2.533798]",
3491,"[5.559246,1.935095,2.534229]",
3492,"[5.559251,1.935028,2.534071]",
3493,"[5.55926,1.935013,2.533811]",
3494,"[5.55927,1.934885,2.53353]",
3495,"[5.55929,1.935008,2.532942]",
3496,"[5.559304,1.935025,2.532545]",
3497,"[5.559338,1.934966,2.531579]",
3498,"[5.559355,1.934999,2.531101]",
3499,"[5.559374,1.935112,2.530551]",
3500,"[5.559439,1.935972,2.528684]",
3501,"[5.559494,1.937076,2.527097]",
3502,"[5.560446,1.940549,2.523266]",
3503,"[5.562495,1.943198,2.521225]",
3504,"[5.58095,1.953108,2.521217]",
3505,"[5.594782,1.95999,2.5217]",
3506,"[5.612879,1.968534,2.522332]",
3507,"[5.62113,1.973291,2.52262]",
3508,"[5.58933,1.964148,2.508579]",
3509,"[5.588898,1.963687,2.498687]",
3510,"[5.588625,1.962982,2.492422]",
3511,"[5.588236,1.961082,2.483526]",
3512,"[5.588087,1.959835,2.480109]",
3513,"[5.58776,1.956406,2.472617]",
3514,"[5.587661,1.953389,2.470346]",
3515,"[5.587587,1.949568,2.468654]",
3516,"[5.587524,1.94809,2.467212]",
3517,"[5.587605,1.94745,2.469054]",
3518,"[5.587693,1.946488,2.471082]",
3519,"[5.588042,1.946333,2.479086]",
3520,"[5.5885,1.947258,2.48958]",
3521,"[5.588694,1.947835,2.494009]",
3522,"[5.589212,1.948415,2.505873]",
3523,"[5.617944,1.958537,2.522509]",
3524,"[5.584048,1.948516,2.521325]",
3525,"[5.569669,1.943988,2.520823]",
3526,"[5.561831,1.941693,2.521593]",
3527,"[5.559518,1.942252,2.52642]",
3528,"[5.559431,1.94289,2.528909]",
3529,"[5.559266,1.943368,2.533648]",
3530,"[5.559172,1.9437,2.536328]",
3531,"[5.559077,1.944055,2.539061]",
3532,"[5.55891,1.944562,2.54384]",
3533,"[5.559,1.944976,2.546475]",
3534,"[5.608872,1.963032,2.571348]",
3535,"[5.608872,1.963058,2.573283]",
3536,"[5.608872,1.962823,2.57245]",
3537,"[5.608872,1.962198,2.571983]",
3538,"[5.608872,1.959871,2.570886]",
3539,"[5.559716,1.940429,2.54936]",
3540,"[5.559252,1.938248,2.547492]",
3541,"[5.558858,1.936061,2.545335]",
3542,"[5.558889,1.935049,2.544443]",
3543,"[5.558973,1.931323,2.542031]",
3544,"[5.558999,1.930468,2.541286]",
3545,"[5.559012,1.930328,2.540917]",
3546,"[5.559028,1.930378,2.540459]",
3547,"[5.559027,1.931186,2.540494]",
3548,"[5.558914,1.932493,2.543736]",
3549,"[5.561738,1.936298,2.551083]",
3550,"[5.561566,1.937023,2.550972]",
3551,"[5.862098,2.042438,2.659366]",
3552,"[5.862098,2.043374,2.659139]",
3553,"[5.862098,2.044163,2.659144]",
3554,"[5.862098,2.045416,2.659085]",
3555,"[5.862098,2.045665,2.659214]",
3556,"[5.862098,2.045998,2.658083]",
3557,"[5.862098,2.04642,2.657529]",
3558,"[5.862098,2.04706,2.657127]",
3559,"[5.862098,2.048666,2.656636]",
3560,"[5.862098,2.049823,2.656563]",
3561,"[5.862098,2.052197,2.655018]",
3562,"[5.862098,2.053035,2.654463]",
3563,"[5.862098,2.054364,2.653773]",
3564,"[5.867195,2.056692,2.653474]",
3565,"[5.877711,2.060447,2.653474]",
3566,"[5.883132,2.06185,2.653474]",
3567,"[5.887437,2.062802,2.653474]",
3568,"[5.8936,2.063788,2.653474]",
3569,"[5.896668,2.063988,2.653474]",
3570,"[5.902542,2.063864,2.653474]",
3571,"[5.905443,2.063311,2.653473]",
3572,"[5.95,2.075261,2.664482]",
3573,"[5.95,2.073467,2.663632]",
3574,"[5.95,2.072372,2.662973]",
3575,"[5.95,2.070395,2.661949]",
3576,"[5.95,2.069605,2.661689]",
3577,"[5.95,2.068195,2.661435]",
3578,"[5.95,2.067435,2.661398]",
3579,"[5.95,2.066649,2.661261]",
3580,"[5.95,2.066495,2.661434]",
3581,"[5.95,2.066551,2.662352]",
3582,"[5.95,2.066593,2.662996]",
3583,"[5.95,2.066707,2.663841]",
3584,"[5.95,2.067457,2.665126]",
3585,"[5.902923,2.052064,2.653474]",
3586,"[5.897088,2.050354,2.653474]",
3587,"[5.894627,2.049547,2.653474]",
3588,"[5.889085,2.047801,2.653474]",
3589,"[5.887237,2.046977,2.653474]",
3590,"[5.886135,2.046229,2.653474]",
3591,"[5.886823,2.046441,2.653474]",
3592,"[5.887891,2.047181,2.653474]",
3593,"[5.88712,2.048188,2.653474]",
3594,"[5.887753,2.049497,2.653474]",
3595,"[5.886049,2.052889,2.653474]",
3596,"[5.88255,2.054957,2.653474]",
3597,"[5.868603,2.057989,2.653474]",
3598,"[5.862098,2.058822,2.653645]",
3599,"[5.862098,2.060031,2.654176]",
3600,"[5.862098,2.062802,2.655668]",
3601,"[5.862098,2.063924,2.65657]",
3602,"[5.862098,2.065465,2.658013]",
3603,"[5.862098,2.065919,2.658548]",
3604,"[5.862098,2.06618,2.660199]",
3605,"[5.862098,2.066218,2.660539]",
3606,"[5.862098,2.066251,2.661943]",
3607,"[5.862098,2.06585,2.662115]",
3608,"[5.862098,2.065743,2.66227]",
3609,"[5.862098,2.065519,2.662206]",
3610,"[5.862098,2.065358,2.662612]",
3611,"[5.862098,2.065033,2.662813]",
3612,"[5.862098,2.064931,2.662455]",
3613,"[5.862098,2.065056,2.662359]",
3614,"[5.862098,2.064917,2.661982]",
3615,"[5.862098,2.063887,2.660777]",
3616,"[5.862098,2.063169,2.660007]",
3617,"[5.842404,2.05448,2.652852]",
3618,"[5.95,2.088815,2.674442]",
3619,"[5.95,2.085213,2.669586]",
3620,"[5.95,2.081106,2.664948]",
3621,"[5.95,2.079205,2.663185]",
3622,"[5.95,2.077866,2.662178]",
3623,"[5.95,2.074207,2.658088]",
3624,"[5.95,2.072563,2.656421]",
3625,"[5.95,2.069717,2.653189]",
3626,"[5.95,2.068637,2.651628]",
3627,"[5.95,2.067298,2.648712]",
3628,"[5.95,2.066752,2.647117]",
3629,"[5.95,2.067416,2.644967]",
3630,"[5.95,2.067832,2.644137]",
3631,"[5.95,2.068434,2.64286]",
3632,"[5.95,2.068622,2.64237]",
3633,"[5.95,2.068836,2.641396]",
3634,"[5.95,2.068907,2.640996]",
3635,"[5.95,2.068932,2.64076]",
3636,"[5.95,2.068856,2.639756]",
3637,"[5.95,2.068982,2.63951]",
3638,"[5.95,2.069091,2.639356]",
3639,"[5.95,2.069116,2.639387]",
3640,"[5.95,2.068462,2.639461]",
3641,"[5.95,2.068002,2.639277]",
3642,"[5.95,2.067836,2.639094]",
3643,"[5.95,2.067573,2.639166]",
3644,"[5.95,2.066933,2.639716]",
3645,"[5.95,2.06525,2.642101]",
3646,"[5.95,2.064813,2.643705]",
3647,"[5.95,2.064072,2.648324]",
3648,"[5.95,2.063183,2.652507]",
3649,"[5.95,2.061428,2.658612]",
3650,"[5.95,2.060655,2.66075]",
3651,"[5.95,2.060033,2.663403]",
3652,"[5.95,2.059896,2.671061]",
3653,"[5.95,2.060627,2.676137]",
3654,"[5.95,2.065282,2.690151]",
3655,"[5.95,2.074232,2.759289]",
3656,"[5.95,2.077889,2.806798]",
3657,"[5.95,2.066698,2.857981]",
3658,"[5.715816,1.977164,2.81172]",
3659,"[5.684901,1.961814,2.81172]",
3660,"[5.656707,1.947391,2.81172]",
3661,"[5.621593,1.927518,2.81172]",
3662,"[5.616,1.923211,2.813016]",
3663,"[5.616,1.915575,2.82372]",
3664,"[5.616,1.912924,2.826957]",
3665,"[5.616,1.907213,2.837078]",
3666,"[5.616,1.904454,2.84637]",
3667,"[5.616,1.901317,2.857844]",
3668,"[5.616,1.901417,2.908834]",
3669,"[5.949999,1.979207,3.811306]",
3670,"[5.949999,1.986317,3.86693]",
3671,"[5.537612,1.898777,3.969889]",
3672,"[5.014336,1.74294,3.104786]",
3673,"[5.375058,1.856457,3.983316]",
3674,"[5.35885,1.84938,3.983301]",
3675,"[5.359218,1.847163,3.983296]",
3676,"[5.339548,1.837347,3.983276]",
3677,"[5.341289,1.835965,3.983273]",
3678,"[5.339258,1.83444,3.983269]",
3679,"[5.302752,1.816578,3.983232]",
3680,"[5.144064,1.774815,3.983145]",
3681,"[5.022576,1.742129,3.983076]",
3682,"[4.97015,1.726414,3.983043]",
3683,"[4.924158,1.714616,3.983019]",
3684,"[4.892595,1.70552,3.983]",
3685,"[4.85952,1.69814,3.982984]",
3686,"[4.856522,1.697307,3.982982]",
3687,"[4.845073,1.694889,3.982977]",
3688,"[4.846069,1.698669,3.982985]",
3689,"[4.867977,1.706349,3.983001]",
3690,"[4.912328,1.724216,3.983039]",
3691,"[4.927182,1.729806,3.98305]",
3692,"[4.990575,1.742459,3.983077]",
3693,"[5.000902,1.744455,3.983081]",
3694,"[4.879199,1.704771,3.39272]",
3695,"[4.87842,1.703701,3.340854]",
3696,"[4.876164,1.702575,3.319353]",
3697,"[4.955935,1.74996,3.983093]",
3698,"[4.924417,1.749035,3.983091]",
3699,"[4.89495,1.747432,3.983087]",
3700,"[4.891025,1.746184,3.983085]",
3701,"[4.886232,1.743078,3.983078]",
3702,"[4.889356,1.740627,3.983073]",
3703,"[4.892396,1.738089,3.983068]",
3704,"[4.899138,1.731967,3.983055]",
3705,"[4.902821,1.72861,3.983048]",
3706,"[4.911701,1.720783,3.983032]",
3707,"[4.916813,1.716181,3.983022]",
3708,"[4.924634,1.708323,3.983005]",
3709,"[4.927539,1.705101,3.982999]",
3710,"[4.930084,1.702179,3.982992]",
3711,"[4.933664,1.699685,3.982987]",
3712,"[4.931784,1.699803,3.982988]",
3713,"[4.929093,1.700291,3.982989]",
3714,"[4.92793,1.700647,3.982989]",
3715,"[4.92598,1.701098,3.98299]",
3716,"[4.925011,1.701182,3.982991]",
3717,"[4.918133,1.700985,3.98299]",
3718,"[4.912697,1.700294,3.982989]",
3719,"[4.907509,1.699534,3.982987]",
3720,"[4.897228,1.697929,3.982984]",
3721,"[4.892303,1.697095,3.982982]",
3722,"[4.88184,1.695327,3.982978]",
3723,"[4.876661,1.694494,3.982976]",
3724,"[4.865966,1.694201,3.982976]",
3725,"[4.860237,1.694099,3.982975]",
3726,"[4.85438,1.693919,3.982975]",
3727,"[4.843946,1.693389,3.982974]",
3728,"[4.839162,1.693095,3.982974]",
3729,"[4.829713,1.692424,3.982972]",
3730,"[4.824875,1.692059,3.982971]",
3731,"[4.816565,1.692446,3.982972]",
3732,"[4.812291,1.692219,3.982972]",
3733,"[4.804708,1.692427,3.982972]",
3734,"[4.774394,1.683901,3.81728]",
3735,"[4.772577,1.684655,3.827781]",
3736,"[4.768655,1.685795,3.848643]",
3737,"[4.766788,1.686247,3.861285]",
3738,"[4.76304,1.686716,3.884032]",
3739,"[4.762089,1.687251,3.902035]",
3740,"[4.762163,1.688816,3.946332]",
3741,"[4.764579,1.690413,3.982968]",
3742,"[4.76096,1.69008,3.982967]",
3743,"[4.753096,1.688966,3.982965]",
3744,"[4.749966,1.688131,3.982963]",
3745,"[4.744716,1.686329,3.982959]",
3746,"[4.742092,1.685106,3.982957]",
3747,"[4.737092,1.682557,3.982951]",
3748,"[4.735865,1.68161,3.982949]",
3749,"[4.735852,1.680273,3.982947]",
3750,"[4.737071,1.67998,3.982946]",
3751,"[4.738302,1.679712,3.982945]",
3752,"[4.740682,1.679562,3.982945]",
3753,"[4.741976,1.679676,3.982945]",
3754,"[4.744895,1.681677,3.982949]",
3755,"[4.74638,1.682756,3.982952]",
3756,"[4.748931,1.684694,3.982956]",
3757,"[4.749709,1.685066,3.982957]",
3758,"[4.751186,1.68539,3.982957]",
3759,"[4.751996,1.685497,3.982958]",
3760,"[4.753042,1.685622,3.982958]",
3761,"[4.753095,1.685811,3.982958]",
3762,"[4.754142,1.686329,3.982959]",
3763,"[4.759827,1.687543,3.982962]",
3764,"[4.763248,1.688216,3.982963]",
3765,"[4.769568,1.711271,3.983011]",
3766,"[4.772716,1.726556,3.983044]",
3767,"[4.778841,1.753093,3.983099]",
3768,"[4.78219,1.762425,3.983119]",
3769,"[4.786084,1.7698,3.983134]",
3770,"[4.79362,1.781975,3.98316]",
3771,"[4.797441,1.787187,3.983171]",
3772,"[4.804641,1.796755,3.983191]",
3773,"[4.808344,1.801951,3.983202]",
3774,"[4.812791,1.812561,3.983224]",
3775,"[4.815146,1.817462,3.983234]",
3776,"[4.819921,1.825097,3.98325]",
3777,"[4.821474,1.827964,3.983256]",
3778,"[4.823213,1.830403,3.983261]",
3779,"[4.826982,1.834793,3.98327]",
3780,"[4.828943,1.836899,3.983275]",
3781,"[4.832588,1.840263,3.983282]",
3782,"[4.834889,1.841569,3.983284]",
3783,"[4.838241,1.842147,3.983286]",
3784,"[4.836893,1.840233,3.983282]",
3785,"[4.835694,1.83832,3.983278]",
3786,"[4.833461,1.834723,3.98327]",
3787,"[4.867202,1.831702,3.983264]",
3788,"[4.893939,1.829905,3.98326]",
3789,"[4.901568,1.829604,3.983259]",
3790,"[4.910103,1.828559,3.983257]",
3791,"[4.912693,1.827855,3.983256]",
3792,"[4.916963,1.825748,3.983251]",
3793,"[4.918864,1.824398,3.983248]",
3794,"[4.920189,1.823858,3.983247]",
3795,"[4.923735,1.822958,3.983245]",
3796,"[4.925761,1.822816,3.983245]",
3797,"[4.932309,1.82259,3.983245]",
3798,"[4.935586,1.822331,3.983244]",
3799,"[4.945583,1.821513,3.983243]",
3800,"[4.949451,1.820655,3.983241]",
3801,"[4.959002,1.818581,3.983236]",
3802,"[4.961674,1.818304,3.983236]",
3803,"[4.96413,1.818087,3.983235]",
3804,"[4.965158,1.817889,3.983235]",
3805,"[4.965846,1.817612,3.983234]",
3806,"[4.966175,1.817303,3.983234]",
3807,"[4.965845,1.81703,3.983233]",
3808,"[4.963848,1.816574,3.983232]",
3809,"[4.962034,1.816483,3.983232]",
3810,"[4.956534,1.817087,3.983233]",
3811,"[4.953019,1.817636,3.983234]",
3812,"[4.949346,1.818669,3.983237]",
3813,"[4.941218,1.820486,3.98324]",
3814,"[4.934615,1.821455,3.983242]",
3815,"[4.867421,1.747159,3.983087]",
3816,"[4.841994,1.717978,3.983026]",
3817,"[4.797908,1.627485,3.982836]",
3818,"[4.786122,1.610471,3.9828]",
3819,"[4.776709,1.599557,3.982778]",
3820,"[4.760699,1.584655,3.982746]",
3821,"[4.748978,1.576229,3.982729]",
3822,"[4.724589,1.561899,3.982699]",
3823,"[4.709542,1.55431,3.982683]",
3824,"[4.608651,1.378318,3.982314]",
3825,"[4.569014,1.335586,3.982225]",
3826,"[4.54334,1.312262,3.982176]",
3827,"[4.493196,1.28595,3.958511]",
3828,"[4.460381,1.27323,3.952867]",
3829,"[4.423112,1.28742,3.958624]",
3830,"[4.387305,1.291758,3.960113]",
3831,"[4.332976,1.296354,3.968839]",
3832,"[4.318385,1.29725,3.982144]",
3833,"[4.245692,1.300319,3.982151]",
3834,"[4.17726,1.296418,3.982143]",
3835,"[4.122387,1.293807,3.958903]",
3836,"[3.215591,0.7956513,5.04]",
3837,"[2.893899,0.5765908,4.829594]",
3838,"[2.83663,0.5575598,4.491682]",
3839,"[2.778531,0.5099157,4.385031]",
3840,"[2.702033,0.4515601,4.316564]",
3841,"[2.684725,0.429819,4.308592]",
3842,"[2.679186,0.4285376,4.305282]",
3843,"[2.646643,0.413043,4.290259]",
3844,"[2.574137,0.3752528,4.272559]",
3845,"[2.217602,0.1785342,3.936173]",
3846,"[2.159298,0.142837,3.814436]",
3847,"[2.828679,0.6002313,3.018291]",
3848,"[2.792969,0.5806857,2.932886]",
3849,"[2.783723,0.5806857,2.815815]",
3850,"[2.781801,0.5806857,2.822752]",
3851,"[2.77937,0.5806857,2.80671]",
3852,"[2.771147,0.5806857,2.82938]",
3853,"[2.764443,0.5806857,2.836472]",
3854,"[2.725022,0.5806857,2.915557]",
3855,"[2.714502,0.5806857,2.921999]",
3856,"[2.693781,0.5806857,2.911733]",
3857,"[3.005,0.715699,2.598706]",
3858,"[3.005,0.7011565,2.549526]",
3859,"[3.005,0.6691769,2.496832]",
3860,"[3.005,0.6506409,2.465245]",
3861,"[3.005,0.6450394,2.458095]",
3862,"[3.005,0.6469892,2.464226]",
3863,"[3.005,0.6480365,2.460005]",
3864,"[3.005,0.6516705,2.46399]",
3865,"[3.005,0.6526515,2.458841]",
3866,"[3.005,0.6488399,2.447702]",
3867,"[3.279602,0.6002312,2.123568]",
3868,"[3.297828,0.5873711,2.100058]",
3869,"[3.297497,0.5216982,2.063452]",
3870,"[3.070964,0.1,1.948304]",
3871,"[3.135471,0.1,1.936409]",
3872,"[3.235889,0.1,1.944789]",
3873,"[3.276625,0.1,1.955846]",
3874,"[3.320217,0.1,1.99948]",
3875,"[3.320484,0.1,2.013427]",
3876,"[3.324627,0.1,2.020944]",
3877,"[3.329742,0.1,2.025245]",
3878,"[3.330242,0.1,2.024467]",
3879,"[3.342839,0.1000001,1.987682]",
3880,"[3.350885,0.1,1.972885]",
3881,"[3.345132,0.1,1.830154]",
3882,"[3.328058,0.1000001,1.792857]",
3883,"[3.344003,0.181992,1.768418]",
3884,"[3.364562,0.2379442,1.768858]",
3885,"[3.381568,0.2824825,1.769196]",
3886,"[3.376424,0.3399688,1.770134]",
3887,"[3.369699,0.3604192,1.770558]",
3888,"[3.371269,0.3855413,1.770897]",
3889,"[3.372632,0.3996356,1.771078]",
3890,"[3.379939,0.421566,1.771264]",
3891,"[3.387566,0.4356327,1.771329]",
3892,"[3.391958,0.4497875,1.770615]",
3893,"[3.391943,0.4524201,1.765789]",
3894,"[3.39184,0.4534126,1.758855]",
3895,"[3.391484,0.453198,1.74039]",
3896,"[3.391248,0.4517581,1.730138]",
3897,"[3.390811,0.4493303,1.71077]",
3898,"[3.390587,0.4496884,1.698367]",
3899,"[3.390622,0.4590563,1.685967]",
3900,"[3.390768,0.4653389,1.684126]",
3901,"[3.390945,0.4758564,1.677486]",
3902,"[3.391105,0.4808574,1.678306]",
3903,"[3.391253,0.485904,1.678481]",
3904,"[3.391652,0.4998777,1.678256]",
3905,"[3.39181,0.5062691,1.676914]",
3906,"[3.392023,0.5172359,1.671468]",
3907,"[3.39208,0.5217233,1.667624]",
3908,"[3.392785,0.5582598,1.649313]",
3909,"[3.392888,0.5649347,1.644571]",
3910,"[3.392956,0.569808,1.64075]",
3911,"[3.393121,0.5762615,1.639655]",
3912,"[3.393291,0.5807665,1.641796]",
3913,"[3.393363,0.5877283,1.635026]",
3914,"[3.393327,0.592143,1.626422]",
3915,"[3.393182,0.6012536,1.604902]",
3916,"[3.39074,0.6037183,1.591254]",
3917,"[3.381532,0.6043602,1.564743]",
3918,"[3.380006,0.6045781,1.552452]",
3919,"[3.379232,0.60483,1.536202]",
3920,"[3.386417,0.6050263,1.507512]",
3921,"[3.39106,0.6019344,1.491816]",
3922,"[3.389928,0.5940428,1.444045]",
3923,"[3.389347,0.5911989,1.417658]",
3924,"[3.153405,0.3283042,1.180662]",
3925,"[3.164478,0.3329571,1.172896]",
3926,"[3.17585,0.3329571,1.148599]",
3927,"[3.184513,0.3329571,1.141375]",
3928,"[3.190863,0.3329571,1.134397]",
3929,"[3.172876,0.3042419,1.102345]",
3930,"[3.162179,0.2894942,1.085505]",
3931,"[3.158434,0.2857985,1.079608]",
3932,"[3.176257,0.316098,1.107668]",
3933,"[3.169481,0.3329571,1.129464]",
3934,"[3.159819,0.3329571,1.134505]",
3935,"[3.144921,0.3329571,1.152485]",
3936,"[3.132796,0.3329571,1.156131]",
3937,"[3.121298,0.3329571,1.158634]",
3938,"[3.099021,0.3329571,1.160319]",
3939,"[3.290528,0.5253832,1.29311]",
3940,"[3.290641,0.549922,1.305555]",
3941,"[3.290689,0.5634077,1.310882]",
3942,"[3.238369,0.6002311,1.330034]",
3943,"[3.209798,0.6002311,1.323357]",
3944,"[3.188551,0.6002311,1.316486]",
3945,"[3.134615,0.5806856,1.289133]",
3946,"[3.121116,0.5806856,1.278411]",
3947,"[3.107249,0.5806856,1.257154]",
3948,"[3.104207,0.5806856,1.247586]",
3949,"[3.103392,0.5806856,1.239614]",
3950,"[3.105357,0.5806856,1.242047]",
3951,"[3.109061,0.5806856,1.247333]",
3952,"[3.112886,0.5806856,1.250054]",
3953,"[3.117125,0.5806856,1.253423]",
3954,"[3.123713,0.5806856,1.258296]",
3955,"[3.126449,0.5806856,1.260802]",
3956,"[3.137876,0.5806856,1.269398]",
3957,"[3.143826,0.5806856,1.274068]",
3958,"[3.176625,0.6002311,1.293984]",
3959,"[3.179835,0.6002311,1.296951]",
3960,"[3.186187,0.6002311,1.302384]",
3961,"[3.188838,0.6002311,1.304325]",
3962,"[3.192089,0.6002311,1.306456]",
3963,"[3.197346,0.6002311,1.309852]",
3964,"[3.207447,0.6002311,1.315967]",
3965,"[3.22824,0.6002311,1.329374]",
3966,"[3.238363,0.6002311,1.336049]",
3967,"[3.252389,0.6002311,1.346152]",
3968,"[3.257078,0.6002311,1.349548]",
3969,"[3.260969,0.6002311,1.352434]",
3970,"[3.267238,0.6002311,1.357106]",
3971,"[3.270203,0.6002311,1.3592]",
3972,"[3.27509,0.6002311,1.362655]",
3973,"[3.277732,0.6002311,1.364381]",
3974,"[3.283609,0.6002311,1.367187]",
3975,"[3.286657,0.6002311,1.368254]",
3976,"[3.291219,0.5966509,1.369415]",
3977,"[3.291213,0.5921097,1.368764]",
3978,"[3.291206,0.5874888,1.368081]",
3979,"[3.2912,0.5796946,1.367374]",
3980,"[3.291196,0.5746303,1.366909]",
3981,"[3.291188,0.5676454,1.366085]",
3982,"[3.291184,0.5627463,1.365633]",
3983,"[3.291179,0.5541198,1.36501]",
3984,"[3.291176,0.5496267,1.364768]",
3985,"[3.291175,0.5421474,1.364574]",
3986,"[3.291174,0.5391694,1.364508]",
3987,"[3.291173,0.5380926,1.364431]",
3988,"[3.291173,0.5354433,1.364314]",
3989,"[3.291173,0.5337589,1.364412]",
3990,"[3.389585,0.5983438,1.419355]",
3991,"[3.389018,0.5756493,1.423958]",
3992,"[3.389055,0.5593587,1.450702]",
3993,"[3.389069,0.5550445,1.457996]",
3994,"[3.389183,0.5567939,1.461311]",
3995,"[3.389324,0.5606028,1.462997]",
3996,"[3.389371,0.5628456,1.462079]",
3997,"[3.389474,0.5687483,1.458545]",
3998,"[3.389541,0.5724498,1.456409]",
3999,"[3.389751,0.5824578,1.452306]",
4000,"[3.389851,0.5871514,1.450452]",
4001,"[3.390172,0.6020864,1.444706]",
4002,"[3.382399,0.6061602,1.43547]",
4003,"[3.369972,0.6066835,1.423995]",
4004,"[3.291286,0.5508446,1.376911]",
4005,"[3.291233,0.5640754,1.370986]",
4006,"[3.291137,0.5881334,1.360456]",
4007,"[3.291088,0.6000534,1.354962]",
4008,"[3.268797,0.6002311,1.334336]",
4009,"[3.257297,0.6002311,1.323709]",
4010,"[3.245982,0.6002311,1.313303]",
4011,"[3.225242,0.6002311,1.294022]",
4012,"[3.214371,0.6002311,1.283721]",
4013,"[3.194513,0.6002311,1.265138]",
4014,"[3.184319,0.6002311,1.255281]",
4015,"[3.147583,0.5806856,1.228965]",
4016,"[3.142202,0.5806856,1.223685]",
4017,"[3.146836,0.5806856,1.225799]",
4018,"[3.149287,0.5806856,1.227091]",
4019,"[3.170508,0.6002311,1.237535]",
4020,"[3.174477,0.6002311,1.240216]",
4021,"[3.17629,0.6002311,1.24161]",
4022,"[3.182527,0.6002311,1.246432]",
4023,"[3.186922,0.6002311,1.249742]",
4024,"[3.194476,0.6002311,1.255352]",
4025,"[3.199413,0.6002311,1.258808]",
4026,"[3.206493,0.6002311,1.263903]",
4027,"[3.211192,0.6002311,1.267513]",
4028,"[3.214556,0.6002311,1.270157]",
4029,"[3.217834,0.6002311,1.272951]",
4030,"[3.218385,0.6002311,1.273566]",
4031,"[3.218575,0.6002311,1.274031]",
4032,"[3.218483,0.6002311,1.274122]",
4033,"[3.21802,0.6002311,1.274213]",
4034,"[3.217626,0.6002311,1.274217]",
4035,"[3.217258,0.6002311,1.274333]",
4036,"[3.217257,0.6002311,1.274418]",
4037,"[3.217431,0.6002311,1.274604]",
4038,"[3.217518,0.6002311,1.274758]",
4039,"[3.222437,0.6002311,1.276352]",
4040,"[3.241184,0.6002311,1.282603]",
4041,"[3.253901,0.6002311,1.287499]",
4042,"[3.280784,0.6002311,1.29816]",
4043,"[3.290608,0.5978251,1.301966]",
4044,"[3.290591,0.5975933,1.300041]",
4045,"[3.104177,0.6866063,1.192851]",
4046,"[3.10517,0.7148234,1.190925]",
4047,"[3.105015,0.7580169,1.191227]",
4048,"[3.104537,0.7743034,1.192153]",
4049,"[3.103656,0.7922929,1.19386]",
4050,"[3.103469,0.7952177,1.194222]",
4051,"[3.103161,0.7979699,1.194819]",
4052,"[3.10252,0.7986869,1.196062]",
4053,"[3.101968,0.7921826,1.197132]",
4054,"[3.101692,0.7872851,1.197666]",
4055,"[3.101364,0.7832441,1.198302]",
4056,"[3.1006,0.7767763,1.199782]",
4057,"[3.100179,0.7726047,1.200599]",
4058,"[3.099633,0.7687368,1.201658]",
4059,"[3.098207,0.7644928,1.204422]",
4060,"[3.09655,0.7618999,1.207635]",
4061,"[3.096025,0.7629192,1.208652]",
4062,"[3.095477,0.7675343,1.209713]",
4063,"[3.094473,0.7778617,1.21166]",
4064,"[3.094374,0.780367,1.211852]",
4065,"[3.094298,0.7867582,1.211999]",
4066,"[3.094332,0.7905197,1.211934]",
4067,"[3.096013,0.7982624,1.208674]",
4068,"[3.096827,0.8018392,1.207096]",
4069,"[3.22462,0.7689032,0.9593959]",
4070,"[3.000041,0.600231,0.7271341]",
4071,"[3.011436,0.600231,0.7162696]",
4072,"[3.027246,0.600231,0.7024481]",
4073,"[3.032557,0.6002309,0.6964355]",
4074,"[3.025116,0.6002309,0.6744648]",
4075,"[2.335935,0.1290199,0.09437132]",
4076,"[2.322335,0.1269305,0.07047844]",
4077,"[2.313428,0.1261613,0.0597595]",
4078,"[2.311024,0.1332384,0.04999946]",
4079,"[2.316222,0.1410251,0.04999946]",
4080,"[2.321129,0.1480659,0.04999946]",
4081,"[2.98294,0.6150482,0.6029561]",
4082,"[2.984445,0.6145505,0.6029561]",
4083,"[2.987348,0.6135134,0.6029561]",
4084,"[2.988762,0.6129124,0.6029561]",
4085,"[2.990463,0.6124433,0.6029561]",
4086,"[2.994648,0.608707,0.6029561]",
4087,"[2.996426,0.605139,0.6029561]",
4088,"[2.999079,0.5999565,0.6029561]",
4089,"[2.999593,0.5963056,0.6029561]",
4090,"[2.996158,0.6002309,0.6753504]",
4091,"[2.989179,0.600231,0.7064612]",
4092,"[3.15362,0.7810181,1.097016]",
4093,"[3.144031,0.7801794,1.115602]",
4094,"[3.135674,0.7788072,1.131801]",
4095,"[3.126492,0.7773157,1.149598]",
4096,"[3.123019,0.7767073,1.156328]",
4097,"[3.118759,0.7758078,1.164587]",
4098,"[3.11715,0.7753413,1.167705]",
4099,"[3.114905,0.7749763,1.172057]",
4100,"[3.113986,0.7749037,1.173838]",
4101,"[3.112665,0.774713,1.176399]",
4102,"[3.11204,0.7744889,1.17761]",
4103,"[3.111595,0.7742758,1.178471]",
4104,"[3.110935,0.7738469,1.179751]",
4105,"[3.110655,0.7736537,1.180294]",
4106,"[3.110428,0.7733583,1.180733]",
4107,"[3.110339,0.7730667,1.180906]",
4108,"[3.110225,0.7723169,1.181127]",
4109,"[3.110244,0.771832,1.18109]",
4110,"[3.127733,0.747698,1.147192]",
4111,"[3.140187,0.7310643,1.123053]",
4112,"[3.331301,0.142004,0.5890042]",
4113,"[3.521033,0.3556701,0.7378222]",
4114,"[3.570824,0.2949018,0.6803125]",
4115,"[3.928259,0.7632945,1.025966]",
4116,"[3.954872,0.7737162,1.025966]",
4117,"[3.995579,0.7922437,1.025966]",
4118,"[4.013635,0.8005845,1.025966]",
4119,"[4.045602,0.8144361,1.021989]",
4120,"[4.371298,1.363375,1.434089]",
4121,"[4.380473,1.363375,1.426805]",
4122,"[4.396239,1.363375,1.41325]",
4123,"[4.4029,1.363375,1.4073]",
4124,"[4.414248,1.363375,1.397864]",
4125,"[4.420156,1.363375,1.392646]",
4126,"[4.431317,1.363375,1.383136]",
4127,"[4.43476,1.363375,1.38015]",
4128,"[4.434259,1.363375,1.380576]",
4129,"[4.431589,1.363375,1.382288]",
4130,"[4.43096,1.363375,1.382727]",
4131,"[4.42804,1.363375,1.384781]",
4132,"[4.425459,1.363375,1.385887]",
4133,"[4.422374,1.363375,1.387176]",
4134,"[4.421434,1.363375,1.3876]",
4135,"[4.420831,1.363375,1.387895]",
4136,"[4.41064,1.363375,1.404571]",
4137,"[4.401907,1.363375,1.418797]",
4138,"[4.381655,1.354727,1.438651]",
4139,"[3.44013,0.1,0.6680907]",
4140,"[3.416163,0.1,0.6969566]",
4141,"[3.406032,0.1000001,0.7113508]",
4142,"[3.391055,0.0999999,0.7377613]",
4143,"[3.384533,0.0999999,0.7505807]",
4144,"[3.370049,0.1,0.7763393]",
4145,"[3.362185,0.0999999,0.7883528]",
4146,"[3.354028,0.0999999,0.8000462]",
4147,"[3.338627,0.0999999,0.8236557]",
4148,"[3.330352,0.1,0.8355151]",
4149,"[3.31484,0.1,0.8557374]",
4150,"[3.314996,0.1,0.8656145]",
4151,"[3.315778,0.1,0.8826471]",
4152,"[3.379348,0.1,0.8571359]",
4153,"[3.465253,0.1,0.837995]",
4154,"[3.492021,0.1,0.8360827]",
4155,"[3.507838,0.1,0.8377024]",
4156,"[3.550358,0.1,0.8418269]",
4157,"[3.566577,0.1,0.842943]",
4158,"[3.588561,0.1,0.8450946]",
4159,"[3.596444,0.1,0.8444113]",
4160,"[3.620269,0.1,0.8292703]",
4161,"[3.636978,0.1,0.8133886]",
4162,"[3.657703,0.1,0.7950298]",
4163,"[3.886104,0.5514361,1.106732]",
4164,"[3.937481,0.5514361,1.076421]",
4165,"[4.086742,0.4579881,0.9217952]",
4166,"[4.152025,0.5923613,1.025966]",
4167,"[4.228806,0.6191298,1.025966]",
4168,"[4.254796,0.6262543,1.025966]",
4169,"[4.259123,0.6337597,1.025966]",
4170,"[4.243631,0.6349573,1.025966]",
4171,"[4.236681,0.635336,1.025966]",
4172,"[4.216699,0.6303995,1.025966]",
4173,"[4.207825,0.6258317,1.025966]",
4174,"[4.178467,0.607483,1.025966]",
4175,"[4.134147,0.5889422,1.025966]",
4176,"[4.078388,0.4579884,0.9299653]",
4177,"[4.041829,0.4579884,0.9447938]",
4178,"[4.002361,0.4579884,0.9621775]",
4179,"[3.986824,0.4556224,0.9671562]",
4180,"[3.975476,0.4506803,0.9683577]",
4181,"[3.962042,0.446464,0.9657965]",
4182,"[3.956442,0.4468943,0.959397]",
4183,"[3.949715,0.4475427,0.9513879]",
4184,"[4.021723,0.6724721,1.025966]",
4185,"[4.033269,0.7085786,1.025966]",
4186,"[4.044733,0.7449687,1.025966]",
4187,"[4.048533,0.7596685,1.025966]",
4188,"[4.053497,0.778085,1.025966]",
4189,"[4.054516,0.7836885,1.025966]",
4190,"[4.056033,0.7916521,1.025966]",
4191,"[4.056016,0.7998442,1.025966]",
4192,"[4.056262,0.8102956,1.025966]",
4193,"[4.055933,0.8144361,1.025546]",
4194,"[4.05255,0.8144361,1.018309]",
4195,"[4.051495,0.8144361,1.016065]",
4196,"[4.050189,0.8144361,1.013531]",
4197,"[4.047704,0.8144361,1.008641]",
4198,"[4.046657,0.8144361,1.006376]",
4199,"[4.046406,0.8144361,1.003391]",
4200,"[4.046551,0.8144361,1.000815]",
4201,"[4.04699,0.8144361,0.9963239]",
4202,"[4.04775,0.8144361,0.994651]",
4203,"[4.048417,0.8144361,0.9932362]",
4204,"[4.049602,0.8144361,0.9907553]",
4205,"[4.050229,0.8144361,0.9893135]",
4206,"[4.051127,0.8144361,0.9881024]",
4207,"[4.051548,0.8144361,0.9880201]",
4208,"[3.868155,0.3688377,0.4404985]",
4209,"[3.868812,0.3685569,0.4404985]",
4210,"[3.869991,0.3678299,0.4404985]",
4211,"[3.870505,0.3673816,0.4404985]",
4212,"[3.87133,0.3659555,0.4404985]",
4213,"[3.871508,0.3650542,0.4404985]",
4214,"[3.871436,0.3637691,0.4404985]",
4215,"[3.870709,0.3613567,0.4404985]",
4216,"[3.870079,0.3603104,0.4404985]",
4217,"[3.868421,0.3590538,0.4404985]",
4218,"[3.867388,0.3583619,0.4404985]",
4219,"[3.865017,0.3572994,0.4404985]",
4220,"[3.863843,0.3568708,0.4404985]",
4221,"[3.862541,0.356407,0.4404985]",
4222,"[3.860583,0.3554524,0.4404985]",
4223,"[3.859952,0.3549686,0.4404985]",
4224,"[3.861669,0.3539277,0.4404985]",
4225,"[3.862183,0.3532375,0.4404985]",
4226,"[3.862846,0.3515525,0.4404985]",
4227,"[3.863363,0.3494175,0.4404985]",
4228,"[4.056304,0.8144361,1.005816]",
4229,"[4.05716,0.8144361,1.007143]",
4230,"[4.057885,0.8144361,1.008282]",
4231,"[4.059669,0.8144361,1.009836]",
4232,"[4.133642,0.8144361,0.9867988]",
4233,"[4.161019,0.8144361,0.980707]",
4234,"[4.167327,0.8144361,0.9798415]",
4235,"[4.175805,0.8144361,0.9782526]",
4236,"[4.178637,0.8144361,0.9773205]",
4237,"[4.1817,0.8144361,0.9761934]",
4238,"[4.186184,0.8144361,0.9738862]",
4239,"[4.188678,0.8144361,0.9723949]",
4240,"[4.192688,0.8144361,0.9698712]",
4241,"[4.194428,0.8144361,0.9688308]",
4242,"[4.199246,0.8144361,0.9661492]",
4243,"[4.201264,0.8144361,0.9650311]",
4244,"[4.202798,0.8144361,0.9644982]",
4245,"[4.205333,0.8144361,0.9640018]",
4246,"[4.206229,0.8144361,0.9639453]",
4247,"[4.207274,0.8144361,0.9640484]",
4248,"[4.207424,0.8144361,0.9641593]",
4249,"[4.207214,0.8144361,0.9646667]",
4250,"[4.205938,0.8144361,0.9653524]",
4251,"[4.198441,0.8144361,0.9659959]",
4252,"[4.166159,0.8144361,0.9687976]",
4253,"[3.261361,0.2894298,0.6029561]",
4254,"[3.258841,0.2885067,0.6029561]",
4255,"[3.250565,0.2852519,0.6029561]",
4256,"[3.285452,0.6002311,1.229249]",
4257,"[3.26672,0.6002311,1.261124]",
4258,"[3.236343,0.6002311,1.316232]",
4259,"[3.226225,0.6002311,1.336888]",
4260,"[3.212876,0.6002311,1.377004]",
4261,"[3.207742,0.6002311,1.395881]",
4262,"[3.225054,0.6109687,1.418854]",
4263,"[3.222958,0.6108398,1.432294]",
4264,"[3.216407,0.6108186,1.447293]",
4265,"[3.181789,0.6110569,1.501691]",
4266,"[3.162758,0.6111913,1.531356]",
4267,"[3.122368,0.6118474,1.568042]",
4268,"[3.10568,0.6120368,1.58899]",
4269,"[3.097436,0.6120865,1.602437]",
4270,"[3.100788,0.6120189,1.600328]",
4271,"[3.102022,0.6119455,1.602984]",
4272,"[3.10662,0.6117275,1.608959]",
4273,"[3.108428,0.6116207,1.612803]",
4274,"[3.119073,0.6112854,1.614634]",
4275,"[3.116236,0.6111187,1.632283]",
4276,"[3.112888,0.6107706,1.663832]",
4277,"[3.11403,0.6105422,1.677662]",
4278,"[3.111995,0.6098751,1.729097]",
4279,"[3.108804,0.6095002,1.76222]",
4280,"[3.070112,0.5806856,1.794619]",
4281,"[3.092616,0.5806856,2.018794]",
4282,"[3.146201,0.5806857,2.13176]",
4283,"[3.204715,0.6002312,2.226088]",
4284,"[3.217995,0.6002312,2.264814]",
4285,"[3.239649,0.6002312,2.339897]",
4286,"[3.247516,0.6002312,2.356442]",
4287,"[3.263015,0.6002312,2.369869]",
4288,"[3.268618,0.6002312,2.372567]",
4289,"[3.270551,0.6002312,2.362094]",
4290,"[3.277972,0.6002312,2.337151]",
4291,"[3.281388,0.6002312,2.32774]",
4292,"[3.287943,0.6002312,2.293237]",
4293,"[3.289782,0.6002312,2.287668]",
4294,"[3.295723,0.6002312,2.258547]",
4295,"[3.296661,0.6002312,2.226537]",
4296,"[3.297241,0.6002312,2.213417]",
4297,"[3.298265,0.6002312,2.204466]",
4298,"[3.298756,0.5998863,2.202663]",
4299,"[3.300306,0.5433667,2.374072]",
4300,"[3.190072,0.3952608,2.476244]",
4301,"[2.955861,0.1,2.619616]",
4302,"[2.965952,0.1,2.643635]",
4303,"[3.118626,0.266283,2.615859]",
4304,"[3.125074,0.2636006,2.632269]",
4305,"[3.129971,0.2631625,2.644733]",
4306,"[3.134134,0.2630527,2.65533]",
4307,"[3.135817,0.2660689,2.659611]",
4308,"[3.138642,0.2702415,2.666802]",
4309,"[3.139143,0.2708296,2.668077]",
4310,"[3.140187,0.2710067,2.670736]",
4311,"[3.140297,0.2704491,2.671015]",
4312,"[3.140375,0.2699325,2.671213]",
4313,"[3.141809,0.2693292,2.674863]",
4314,"[3.139769,0.2677755,2.66967]",
4315,"[3.133623,0.2625327,2.654027]",
4316,"[3.130567,0.2594772,2.64625]",
4317,"[3.120847,0.2490793,2.621511]",
4318,"[3.117757,0.2452796,2.613646]",
4319,"[2.992273,0.1,2.61448]",
4320,"[3.078653,0.2066066,2.569141]",
4321,"[3.101584,0.2363731,2.549969]",
4322,"[3.135008,0.2792998,2.521925]",
4323,"[3.148501,0.2965577,2.510587]",
4324,"[3.171101,0.3269701,2.491927]",
4325,"[3.176748,0.3343787,2.487223]",
4326,"[3.185734,0.3461452,2.479732]",
4327,"[3.188609,0.3498994,2.477333]",
4328,"[3.191482,0.3536254,2.47493]",
4329,"[3.196592,0.360317,2.470671]",
4330,"[3.198881,0.3633676,2.468774]",
4331,"[3.20342,0.3700412,2.46515]",
4332,"[3.205553,0.3731812,2.463448]",
4333,"[3.210255,0.3804035,2.459761]",
4334,"[3.213247,0.3851328,2.457443]",
4335,"[3.217012,0.3909819,2.454505]",
4336,"[3.218091,0.3926473,2.453662]",
4337,"[3.218637,0.3935931,2.452782]",
4338,"[3.218074,0.3938459,2.450483]",
4339,"[3.217827,0.3939993,2.44894]",
4340,"[3.218017,0.394325,2.444555]",
4341,"[3.218629,0.3944796,2.44166]",
4342,"[3.213961,0.4073554,2.287205]",
4343,"[3.205279,0.4099832,2.267697]",
4344,"[3.299242,0.5315523,2.256423]",
4345,"[3.299107,0.5600541,2.241456]",
4346,"[3.299056,0.5754223,2.23587]",
4347,"[3.296191,0.6002312,2.228314]",
4348,"[3.282788,0.6002312,2.224427]",
4349,"[3.259361,0.6002312,2.221353]",
4350,"[3.254476,0.6002312,2.221225]",
4351,"[3.254844,0.6002312,2.220434]",
4352,"[3.254906,0.6002312,2.220339]",
4353,"[3.255097,0.6002312,2.22017]",
4354,"[3.255857,0.6002312,2.219999]",
4355,"[3.256503,0.6002312,2.219808]",
4356,"[3.259915,0.6002312,2.221259]",
4357,"[3.262688,0.6002312,2.222454]",
4358,"[3.272817,0.6002312,2.22559]",
4359,"[3.27746,0.6002312,2.226722]",
4360,"[3.299729,0.5482274,2.31028]",
4361,"[3.29995,0.5248542,2.334719]",
4362,"[3.237194,0.4203547,2.361803]",
4363,"[3.308693,0.4950088,2.372747]",
4364,"[3.316233,0.4980718,2.377414]",
4365,"[3.320581,0.4912563,2.38581]",
4366,"[3.322311,0.4877734,2.389171]",
4367,"[3.324902,0.483035,2.393632]",
4368,"[3.325928,0.481133,2.395303]",
4369,"[3.327137,0.478372,2.399284]",
4370,"[3.327412,0.4773465,2.400589]",
4371,"[3.327845,0.4765528,2.401798]",
4372,"[3.328338,0.4755985,2.403797]",
4373,"[3.32848,0.4753271,2.404736]",
4374,"[3.328467,0.4752188,2.409208]",
4375,"[3.328517,0.475133,2.411164]",
4376,"[3.328797,0.4747272,2.414335]",
4377,"[3.329106,0.4743503,2.416781]",
4378,"[3.329625,0.4735322,2.420277]",
4379,"[3.329724,0.4730641,2.42151]",
4380,"[3.329739,0.4724941,2.422623]",
4381,"[3.329405,0.4707403,2.424538]",
4382,"[3.32903,0.4698757,2.424933]",
4383,"[3.328002,0.4678704,2.42561]",
4384,"[3.327415,0.4669026,2.425889]",
4385,"[3.326661,0.4657183,2.426224]",
4386,"[3.327144,0.4663453,2.42617]",
4387,"[3.328239,0.4675413,2.426008]",
4388,"[3.331916,0.4717431,2.425413]",
4389,"[3.334875,0.4743531,2.425163]",
4390,"[3.34363,0.4816829,2.424189]",
4391,"[3.348751,0.4858105,2.423547]",
4392,"[3.362308,0.4983471,2.421497]",
4393,"[3.369914,0.5063083,2.420248]",
4394,"[3.387283,0.5242102,2.418277]",
4395,"[3.39558,0.530715,2.418271]",
4396,"[3.403357,0.537949,2.417907]",
4397,"[3.416379,0.5505238,2.41771]",
4398,"[3.421792,0.5556041,2.417953]",
4399,"[3.43212,0.5684379,2.418335]",
4400,"[3.436292,0.5745439,2.419932]",
4401,"[3.442482,0.5854748,2.423165]",
4402,"[3.358247,0.7280981,2.457171]",
4403,"[3.310763,0.8744404,2.463307]",
4404,"[3.311644,0.8985983,2.462197]",
4405,"[3.309944,0.9100693,2.462392]",
4406,"[3.295891,0.9184031,2.465799]",
4407,"[3.005,0.6961633,2.539874]",
4408,"[3.005,0.7064531,2.539902]",
4409,"[3.005,0.7107053,2.539872]",
4410,"[3.005,0.7162144,2.54038]",
4411,"[3.005,0.7181078,2.540889]",
4412,"[3.005,0.7198855,2.540972]",
4413,"[3.005,0.724167,2.541652]",
4414,"[3.005,0.7269815,2.541935]",
4415,"[3.005,0.7337092,2.540933]",
4416,"[3.005,0.7370741,2.539679]",
4417,"[3.005,0.7438,2.536757]",
4418,"[3.005,0.7483289,2.535213]",
4419,"[3.005,0.7529889,2.533329]",
4420,"[3.005,0.7545388,2.532162]",
4421,"[3.005,0.7567085,2.530783]",
4422,"[3.005,0.7613569,2.527883]",
4423,"[3.005,0.763879,2.526335]",
4424,"[3.005,0.7672649,2.52363]",
4425,"[3.005,0.7676479,2.522375]",
4426,"[3.005,0.7691871,2.519552]",
4427,"[3.005,0.7694671,2.518274]",
4428,"[3.005,0.7700682,2.515688]",
4429,"[3.005,0.7704368,2.514036]",
4430,"[3.005,0.7711594,2.512071]",
4431,"[3.005,0.7728051,2.509535]",
4432,"[3.005,0.7866052,2.508261]",
4433,"[3.005,0.8046522,2.506417]",
4434,"[3.005,0.8109744,2.505741]",
4435,"[3.005,0.8190838,2.505619]",
4436,"[3.005,0.821566,2.505953]",
4437,"[3.005,0.8236768,2.507185]",
4438,"[3.005,0.8278275,2.509589]",
4439,"[3.005,0.8296323,2.510893]",
4440,"[3.005,0.8323505,2.513141]",
4441,"[3.005,0.8336152,2.514367]",
4442,"[3.005,0.8337651,2.515551]",
4443,"[3.005,0.8340039,2.516238]",
4444,"[3.005,0.8342383,2.516646]",
4445,"[3.005,0.8343448,2.516848]",
4446,"[3.005,0.8345103,2.51706]",
4447,"[3.005,0.8348411,2.517413]",
4448,"[3.005,0.8350216,2.517555]",
4449,"[3.005,0.8349414,2.517252]",
4450,"[3.005,0.83495,2.517078]",
4451,"[3.005,0.8352064,2.516557]",
4452,"[3.005,0.8354807,2.516249]",
4453,"[3.005,0.8358476,2.515883]",
4454,"[3.005,0.8357224,2.515269]",
4455,"[3.005,0.835749,2.514848]",
4456,"[3.005,0.8358919,2.513876]",
4457,"[3.005,0.8360075,2.513313]",
4458,"[3.005,0.8365133,2.5128]",
4459,"[3.005,0.8368549,2.512918]",
4460,"[3.005,0.8699705,2.525253]",
4461,"[3.005,0.8887295,2.532542]",
4462,"[2.999027,0.8988907,2.540075]",
4463,"[2.972639,0.8988907,2.553722]",
4464,"[2.964094,0.8988907,2.558411]",
4465,"[2.952448,0.8988907,2.565112]",
4466,"[2.949192,0.8988907,2.567164]",
4467,"[2.945459,0.8988907,2.569822]",
4468,"[2.94331,0.8988907,2.571414]",
4469,"[2.939291,0.8988907,2.57468]",
4470,"[2.939218,0.8988907,2.574347]",
4471,"[2.939135,0.8988907,2.574105]",
4472,"[2.941162,0.8988907,2.487459]",
4473,"[2.940826,0.8988907,2.460839]",
4474,"[2.939451,0.8988907,2.432494]",
4475,"[2.934816,0.8988907,2.423381]",
4476,"[2.905464,0.8988907,2.412375]",
4477,"[2.892732,0.8988907,2.409141]",
4478,"[2.86402,0.8988907,2.402956]",
4479,"[2.85035,0.8988907,2.400558]",
4480,"[2.837486,0.8988907,2.398715]",
4481,"[2.327946,0.6298806,2.449016]",
4482,"[2.319529,0.6298806,2.446509]",
4483,"[2.31433,0.6298806,2.443031]",
4484,"[2.31441,0.6298806,2.441651]",
4485,"[2.313962,0.6298806,2.438579]",
4486,"[2.314543,0.6298806,2.436491]",
4487,"[2.315109,0.6298806,2.434332]",
4488,"[2.315534,0.6298806,2.428896]",
4489,"[2.316993,0.6298806,2.425729]",
4490,"[2.320579,0.6298806,2.418931]",
4491,"[2.322774,0.6298806,2.415203]",
4492,"[2.326771,0.6298806,2.412438]",
4493,"[2.32865,0.6298806,2.410771]",
4494,"[2.336542,0.6298806,2.406505]",
4495,"[2.341866,0.6298806,2.404876]",
4496,"[2.347158,0.6298806,2.402821]",
4497,"[2.355594,0.6298806,2.398894]",
4498,"[2.359034,0.6298806,2.396958]",
4499,"[2.362946,0.6298806,2.395581]",
4500,"[2.366023,0.6298806,2.395819]",
4501,"[2.835861,0.8988907,2.355405]",
4502,"[2.83859,0.8988907,2.356361]",
4503,"[2.842476,0.8988907,2.357932]",
4504,"[2.843969,0.8988907,2.358553]",
4505,"[2.845269,0.8988907,2.359049]",
4506,"[2.847224,0.8988907,2.360525]",
4507,"[2.847946,0.8988907,2.361109]",
4508,"[2.84936,0.8988907,2.36209]",
4509,"[2.85004,0.8988907,2.362489]",
4510,"[2.850808,0.8988907,2.362834]",
4511,"[2.851041,0.8988907,2.362877]",
4512,"[2.835485,0.8988907,2.300876]",
4513,"[2.357846,0.6298806,2.263099]",
4514,"[2.301289,0.6002312,2.199544]",
4515,"[2.298931,0.6002312,2.145281]",
4516,"[2.29896,0.6002312,2.128263]",
4517,"[2.295965,0.6002312,2.102543]",
4518,"[2.294585,0.6002312,2.081669]",
4519,"[2.512722,0.7257921,2.058696]",
4520,"[2.548217,0.7456152,2.04205]",
4521,"[2.583651,0.7653732,2.025439]",
4522,"[2.656774,0.8045833,1.991435]",
4523,"[2.692201,0.8227438,1.975109]",
4524,"[2.680832,0.7963139,1.862319]",
4525,"[2.671479,0.7857336,1.836421]",
4526,"[2.657544,0.7709553,1.797939]",
4527,"[2.65512,0.7683387,1.791239]",
4528,"[2.651878,0.7652196,1.782318]",
4529,"[2.648584,0.7636178,1.773415]",
4530,"[2.646152,0.762434,1.766842]",
4531,"[2.64545,0.7626872,1.765007]",
4532,"[2.646245,0.7635401,1.767203]",
4533,"[2.648691,0.7660808,1.773953]",
4534,"[2.650073,0.7674868,1.777764]",
4535,"[2.662256,0.7845054,1.811828]",
4536,"[2.668118,0.7929569,1.828247]",
4537,"[2.679833,0.8089295,1.860964]",
4538,"[2.688482,0.8211907,1.885165]",
4539,"[2.692921,0.8269853,1.897536]",
4540,"[2.697645,0.8325081,1.910635]",
4541,"[2.699235,0.8339864,1.915004]",
4542,"[2.704241,0.839183,1.928818]",
4543,"[2.705874,0.841145,1.933352]",
4544,"[2.711356,0.8470437,1.948498]",
4545,"[2.713732,0.8496682,1.955073]",
4546,"[2.715196,0.8513004,1.959124]",
4547,"[2.705379,0.8473732,1.965872]",
4548,"[2.698806,0.8442714,1.968854]",
4549,"[2.687223,0.8386175,1.974141]",
4550,"[2.680977,0.8355611,1.976994]",
4551,"[2.672302,0.8312809,1.980963]",
4552,"[2.667947,0.8285366,1.98306]",
4553,"[2.661496,0.8243366,1.986191]",
4554,"[2.659094,0.8228215,1.987348]",
4555,"[2.656551,0.8212252,1.988572]",
4556,"[2.651732,0.8185056,1.990837]",
4557,"[2.649673,0.8173848,1.991797]",
4558,"[2.646055,0.8153543,1.993495]",
4559,"[2.644588,0.8145123,1.994188]",
4560,"[2.642429,0.8131986,1.995219]",
4561,"[2.641689,0.8127011,1.995581]",
4562,"[2.681401,0.7862076,1.86279]",
4563,"[2.660651,0.7542139,1.804462]",
4564,"[2.652464,0.7357377,1.780848]",
4565,"[2.643579,0.7163776,1.75529]",
4566,"[2.640677,0.7103366,1.746974]",
4567,"[2.636931,0.7039882,1.736382]",
4568,"[2.635217,0.7009275,1.731523]",
4569,"[2.633266,0.6968829,1.725931]",
4570,"[2.632351,0.6945005,1.72326]",
4571,"[2.63148,0.6923128,1.720723]",
4572,"[2.630191,0.6886721,1.716933]",
4573,"[2.62966,0.6867972,1.71533]",
4574,"[2.628761,0.6828128,1.712537]",
4575,"[2.628444,0.6810914,1.711518]",
4576,"[2.627787,0.6777593,1.709436]",
4577,"[2.627545,0.6769768,1.708713]",
4578,"[2.627121,0.6753998,1.707425]",
4579,"[2.626942,0.6747456,1.706884]",
4580,"[2.626716,0.6740284,1.70621]",
4581,"[2.626488,0.6736488,1.705568]",
4582,"[2.626422,0.6732039,1.705346]",
4583,"[2.626248,0.6723154,1.704793]",
4584,"[2.626158,0.6719105,1.704512]",
4585,"[2.626044,0.6712903,1.704146]",
4586,"[2.626025,0.67106,1.704073]",
4587,"[2.626092,0.6707876,1.704223]",
4588,"[2.62642,0.6705925,1.705073]",
4589,"[2.627058,0.6709847,1.706806]",
4590,"[2.630864,0.6754985,1.717366]",
4591,"[2.634091,0.6799991,1.726388]",
4592,"[2.651767,0.7043225,1.775775]",
4593,"[2.664618,0.7213047,1.811607]",
4594,"[2.694134,0.7589344,1.893771]",
4595,"[2.87335,0.8988907,2.403067]",
4596,"[2.873404,0.8988907,2.418904]",
4597,"[2.05,0.3122736,3.414387]",
4598,"[2.05,0.3028875,3.47006]",
4599,"[2.049999,0.1616785,3.864748]",
4600,"[2.069143,0.1307595,3.98016]",
4601,"[2.183268,0.1368663,4.106716]",
4602,"[2.188435,0.1324573,4.114645]",
4603,"[2.206706,0.1267177,4.132924]",
4604,"[2.205367,0.1053594,4.128453]",
4605,"[2.224156,0.1,4.127263]",
4606,"[2.269069,0.0999999,4.058151]",
4607,"[2.29782,0.1,4.043256]",
4608,"[2.754009,0.1,4.225518]",
4609,"[2.846767,0.1,4.261871]",
4610,"[2.978476,0.1,4.311483]",
4611,"[3.03547,0.1,4.332601]",
4612,"[3.044241,0.0999999,4.32585]",
4613,"[3.204978,0.2971861,4.03501]",
4614,"[3.206937,0.2897979,4.031106]",
4615,"[3.18011,0.2277356,4.082804]",
4616,"[3.154266,0.1777209,4.136311]",
4617,"[3.236605,0.2831855,3.973133]",
4618,"[3.318722,0.3978998,3.814084]",
4619,"[3.380209,0.3728128,3.814121]",
4620,"[3.54262,0.2859846,3.894774]",
4621,"[3.598077,0.2563249,3.922657]",
4622,"[3.677394,0.2139172,3.962538]",
4623,"[3.71293,0.193527,3.981389]",
4624,"[3.726466,0.1705129,3.989312]",
4625,"[3.727325,0.1638218,3.990026]",
4626,"[3.747145,0.1373388,4.001336]",
4627,"[3.75046,0.1305837,4.003322]",
4628,"[3.774721,0.1207559,4.016255]",
4629,"[3.795523,0.1169883,4.027157]",
4630,"[3.821384,0.1096322,4.040818]",
4631,"[4.042421,0.4063379,3.957294]",
4632,"[4.079464,0.478613,3.925952]",
4633,"[4.109381,0.496827,3.957705]",
4634,"[4.11105,0.5078759,3.957716]",
4635,"[4.111539,0.5305571,3.957718]",
4636,"[4.111256,0.5404009,3.957717]",
4637,"[4.093172,0.566236,3.931182]",
4638,"[4.082973,0.5802914,3.926477]",
4639,"[4.073221,0.5845508,3.925018]",
4640,"[4.052371,0.5849592,3.929144]",
4641,"[4.045345,0.581473,3.935601]",
4642,"[4.022878,0.5642275,3.957174]",
4643,"[4.019976,0.5499644,3.975766]",
4644,"[4.020808,0.3042511,4.351541]",
4645,"[3.998907,0.1,4.717592]",
4646,"[3.9826,0.1,4.739129]",
4647,"[3.967768,0.1,4.769797]",
4648,"[3.940625,0.1,4.835219]",
4649,"[3.886008,0.5947152,4.090897]",
4650,"[3.86089,0.6163274,4.091136]",
4651,"[3.840557,0.6333961,4.105669]",
4652,"[3.833067,0.6390712,4.112679]",
4653,"[3.826388,0.6413475,4.118718]",
4654,"[3.826236,0.6406091,4.115568]",
4655,"[3.828816,0.6394531,4.112084]",
4656,"[3.834245,0.6311029,4.098679]",
4657,"[3.83985,0.6263497,4.093931]",
4658,"[3.854196,0.6156847,4.087239]",
4659,"[3.862198,0.6089379,4.086676]",
4660,"[3.87433,0.5979655,4.085951]",
4661,"[3.881349,0.5915638,4.087479]",
4662,"[3.89868,0.5797005,4.092533]",
4663,"[3.90598,0.5744429,4.094577]",
4664,"[3.913257,0.5709299,4.097176]",
4665,"[3.897826,0.574008,4.090245]",
4666,"[3.887639,0.5756117,4.085531]",
4667,"[3.850134,0.5869535,4.06994]",
4668,"[3.826811,0.5943897,4.060368]",
4669,"[3.793486,0.6572152,3.959261]",
4670,"[3.77599,0.6683608,3.949955]",
4671,"[3.759342,0.6792364,3.941099]",
4672,"[3.72912,0.6925373,3.94027]",
4673,"[3.71512,0.6925373,3.953899]",
4674,"[3.688596,0.6925373,3.974648]",
4675,"[3.667143,0.6925373,3.983516]",
4676,"[3.636627,0.6967972,3.99252]",
4677,"[3.625649,0.7055503,3.988707]",
4678,"[3.620713,0.7406955,3.948009]",
4679,"[3.618118,0.7511314,3.942753]",
4680,"[3.611485,0.7519917,3.955129]",
4681,"[3.601239,0.7519917,3.981266]",
4682,"[3.596699,0.7519917,3.993783]",
4683,"[3.576323,0.7131079,4.088013]",
4684,"[3.577026,0.7131065,4.096592]",
4685,"[3.581657,0.7131058,4.104323]",
4686,"[3.584281,0.7131061,4.104844]",
4687,"[3.596363,0.7131101,4.092849]",
4688,"[3.597746,0.71311,4.095079]",
4689,"[3.601031,0.713111,4.092484]",
4690,"[3.605181,0.7131122,4.089497]",
4691,"[3.606827,0.7131128,4.087289]",
4692,"[3.610781,0.7131154,4.076532]",
4693,"[3.612693,0.7131171,4.068722]",
4694,"[3.632692,0.750887,3.97228]",
4695,"[3.632881,0.7402588,3.972664]",
4696,"[3.627217,0.7131314,4.002221]",
4697,"[3.62627,0.7131334,3.990399]",
4698,"[3.624654,0.7123913,3.988364]",
4699,"[3.625509,0.7382052,3.957726]",
4700,"[3.623911,0.741993,3.95449]",
4701,"[3.621594,0.7454778,3.949796]",
4702,"[3.618353,0.6925373,3.980387]",
4703,"[3.62424,0.6925373,3.949063]",
4704,"[3.625157,0.6925373,3.941692]",
4705,"[3.625435,0.6925373,3.936627]",
4706,"[3.624418,0.6925373,3.937082]",
4707,"[3.624082,0.6925373,3.938525]",
4708,"[3.623873,0.6925373,3.93851]",
4709,"[3.623166,0.6925373,3.939146]",
4710,"[3.621464,0.6925373,3.939029]",
4711,"[3.620427,0.6925373,3.938596]",
4712,"[3.619782,0.6925373,3.936659]",
4713,"[3.61935,0.6925373,3.935263]",
4714,"[3.619394,0.6925373,3.933218]",
4715,"[3.622695,0.6925373,3.921156]",
4716,"[3.624274,0.6925373,3.914954]",
4717,"[3.631567,0.6925373,3.900243]",
4718,"[3.634645,0.6925373,3.893469]",
4719,"[3.640127,0.6925373,3.883229]",
4720,"[3.642648,0.6925373,3.879577]",
4721,"[3.644213,0.6893794,3.879858]",
4722,"[3.646699,0.683028,3.881181]",
4723,"[3.647872,0.6799465,3.881805]",
4724,"[3.650766,0.6730993,3.883344]",
4725,"[3.651861,0.6703699,3.883927]",
4726,"[3.653681,0.665345,3.884895]",
4727,"[3.654544,0.663008,3.885354]",
4728,"[3.655893,0.6592311,3.886071]",
4729,"[3.656417,0.6576206,3.88635]",
4730,"[3.65693,0.6561006,3.886623]",
4731,"[3.657764,0.6538333,3.887066]",
4732,"[3.658512,0.6531507,3.887464]",
4733,"[3.659787,0.6521707,3.888143]",
4734,"[3.660333,0.6518484,3.888433]",
4735,"[3.661313,0.6515524,3.888954]",
4736,"[3.661799,0.6515533,3.889213]",
4737,"[3.662659,0.6516076,3.88967]",
4738,"[3.662964,0.6516167,3.889832]",
4739,"[3.660573,0.6602752,3.888561]",
4740,"[3.653511,0.6888413,3.884804]",
4741,"[3.647815,0.6925373,3.894594]",
4742,"[3.637107,0.6925373,3.919547]",
4743,"[3.631715,0.6925373,3.932102]",
4744,"[3.621559,0.6925373,3.958367]",
4745,"[3.616263,0.6925373,3.971766]",
4746,"[3.617112,0.7368868,3.940714]",
4747,"[3.609149,0.7519917,3.950785]",
4748,"[3.603571,0.7519917,3.964705]",
4749,"[3.593267,0.7519917,3.990655]",
4750,"[3.583418,0.7131174,4.041761]",
4751,"[3.576144,0.7131118,4.066161]",
4752,"[3.57539,0.7131096,4.078005]",
4753,"[3.5809,0.7131088,4.087122]",
4754,"[3.582744,0.7131093,4.085888]",
4755,"[3.584583,0.7131098,4.08462]",
4756,"[3.598553,0.7131147,4.06957]",
4757,"[3.603729,0.7131168,4.062768]",
4758,"[3.61264,0.7131204,4.050245]",
4759,"[3.616351,0.713122,4.044726]",
4760,"[3.621169,0.7131243,4.035872]",
4761,"[3.623513,0.7131256,4.030823]",
4762,"[3.62694,0.7131278,4.021937]",
4763,"[3.628162,0.7131286,4.018355]",
4764,"[3.633032,0.7519917,3.978065]",
4765,"[3.634749,0.7131323,4.003969]",
4766,"[3.636771,0.7131333,3.999767]",
4767,"[3.640619,0.7099991,3.99391]",
4768,"[3.641405,0.6925373,4.005698]",
4769,"[3.643616,0.6925373,4.000988]",
4770,"[3.644083,0.6925373,4.000362]",
4771,"[3.644947,0.6925373,3.999236]",
4772,"[3.645301,0.6925373,3.998601]",
4773,"[3.64564,0.6925373,3.99803]",
4774,"[3.646292,0.6925373,3.996285]",
4775,"[3.64655,0.6925373,3.995669]",
4776,"[3.646935,0.6925373,3.994812]",
4777,"[3.64702,0.6925373,3.994489]",
4778,"[3.647042,0.6925373,3.994251]",
4779,"[3.646987,0.6925373,3.99426]",
4780,"[3.646957,0.6925373,3.994211]",
4781,"[3.646966,0.6925373,3.994166]",
4782,"[3.646894,0.6925373,3.994102]",
4783,"[3.646735,0.6925373,3.994042]",
4784,"[3.64665,0.6925373,3.994052]",
4785,"[3.646504,0.6925373,3.994059]",
4786,"[3.646435,0.6925373,3.994033]",
4787,"[3.646503,0.6925373,3.993787]",
4788,"[3.64653,0.6925373,3.99365]",
4789,"[3.646544,0.6925373,3.993543]",
4790,"[3.646569,0.6925373,3.993426]",
4791,"[3.646582,0.6925373,3.993398]",
4792,"[3.647014,0.6925373,3.993373]",
4793,"[3.64724,0.6925373,3.993356]",
4794,"[3.648165,0.6925373,3.992364]",
4795,"[3.64865,0.6925373,3.991915]",
4796,"[3.649391,0.6925373,3.991418]",
4797,"[3.649754,0.6925373,3.991326]",
4798,"[3.650041,0.6925373,3.99131]",
4799,"[3.650993,0.6925373,3.990957]",
4800,"[3.651334,0.6925373,3.99065]",
4801,"[3.651946,0.6925373,3.990055]",
4802,"[3.652709,0.6925373,3.989031]",
4803,"[3.654793,0.6925373,3.986505]",
4804,"[3.656054,0.6925373,3.985115]",
4805,"[3.65717,0.6925373,3.983896]",
4806,"[3.66067,0.6925373,3.97875]",
4807,"[3.663684,0.6925373,3.973806]",
4808,"[3.669609,0.6925373,3.963841]",
4809,"[3.672371,0.6925373,3.95938]",
4810,"[3.678461,0.6925373,3.95201]",
4811,"[3.681462,0.6925373,3.948956]",
4812,"[3.686617,0.6925373,3.943735]",
4813,"[3.688953,0.6925373,3.941195]",
4814,"[3.691487,0.6925373,3.938385]",
4815,"[3.697176,0.6925373,3.929574]",
4816,"[3.700221,0.6925373,3.92431]",
4817,"[3.705552,0.6925373,3.914232]",
4818,"[3.707919,0.6925373,3.909957]",
4819,"[3.712122,0.6925373,3.90234]",
4820,"[3.71461,0.6925373,3.898003]",
4821,"[3.718174,0.6925373,3.892402]",
4822,"[3.721897,0.6925373,3.886945]",
4823,"[3.724647,0.6925373,3.883131]",
4824,"[3.728824,0.6925373,3.877569]",
4825,"[3.73089,0.6925373,3.874674]",
4826,"[3.734292,0.6925373,3.870045]",
4827,"[3.735387,0.6925373,3.86863]",
4828,"[3.736721,0.6925373,3.865918]",
4829,"[3.737141,0.6925373,3.864304]",
4830,"[3.737539,0.6925373,3.862914]",
4831,"[3.738317,0.6925373,3.860725]",
4832,"[3.738456,0.6925373,3.859675]",
4833,"[3.738697,0.6925373,3.858765]",
4834,"[3.738762,0.6925373,3.85866]",
4835,"[3.738909,0.6925373,3.858571]",
4836,"[3.738988,0.6925373,3.858529]",
4837,"[3.738752,0.6925373,3.85866]",
4838,"[3.738666,0.6925373,3.858751]",
4839,"[3.738631,0.6925373,3.85889]",
4840,"[3.738622,0.6925373,3.85921]",
4841,"[3.738634,0.6925373,3.859396]",
4842,"[3.738636,0.6925373,3.860313]",
4843,"[3.738654,0.6925373,3.860773]",
4844,"[3.738564,0.6925373,3.861842]",
4845,"[3.73858,0.6925373,3.861803]",
4846,"[3.738611,0.6925373,3.861712]",
4847,"[3.738627,0.6925373,3.861654]",
4848,"[3.738643,0.6925373,3.861592]",
4849,"[3.738406,0.6925373,3.862017]",
4850,"[3.738285,0.6925373,3.862127]",
4851,"[3.737992,0.6925373,3.862549]",
4852,"[3.737841,0.6925373,3.86277]",
4853,"[3.73753,0.6925373,3.863138]",
4854,"[3.737409,0.6925373,3.863171]",
4855,"[3.737253,0.6925373,3.863294]",
4856,"[3.736993,0.6925373,3.863592]",
4857,"[3.73693,0.6925373,3.863722]",
4858,"[3.736841,0.6925373,3.863981]",
4859,"[3.736823,0.6925373,3.864092]",
4860,"[3.736805,0.6925373,3.864159]",
4861,"[3.736748,0.6925373,3.864289]",
4862,"[3.736561,0.6925373,3.864567]",
4863,"[3.736449,0.6925373,3.86471]",
4864,"[3.736239,0.6925373,3.864888]",
4865,"[3.73577,0.6925373,3.8653]",
4866,"[3.735479,0.6925373,3.865519]",
4867,"[3.734761,0.6925373,3.866186]",
4868,"[3.734351,0.6925373,3.866535]",
4869,"[3.732657,0.6925373,3.868116]",
4870,"[3.731802,0.6925373,3.86854]",
4871,"[3.730535,0.6925373,3.868997]",
4872,"[3.729955,0.6925373,3.869177]",
4873,"[3.729481,0.6925373,3.869372]",
4874,"[3.729552,0.6925373,3.869435]",
4875,"[3.729641,0.6925373,3.869274]",
4876,"[3.729909,0.6925373,3.868879]",
4877,"[3.73002,0.6925373,3.868813]",
4878,"[3.730159,0.6925373,3.86878]",
4879,"[3.730217,0.6925373,3.868809]",
4880,"[3.730377,0.6925373,3.868669]",
4881,"[3.730448,0.6925373,3.868668]",
4882,"[3.730947,0.6925373,3.868299]",
4883,"[3.732276,0.6925373,3.867267]",
4884,"[3.733168,0.6925373,3.866576]",
4885,"[3.734916,0.6925373,3.865352]",
4886,"[3.735986,0.6925373,3.864658]",
4887,"[3.737342,0.6925373,3.863249]",
4888,"[3.738078,0.6925373,3.862445]",
4889,"[3.738401,0.6925373,3.86192]",
4890,"[3.738948,0.6925373,3.861261]",
4891,"[3.739194,0.6925373,3.861032]",
4892,"[3.738842,0.6925373,3.860787]",
4893,"[3.738665,0.6925373,3.860601]",
4894,"[3.738104,0.6925373,3.860101]",
4895,"[3.737889,0.6925373,3.859828]",
4896,"[3.737573,0.6925373,3.858932]",
4897,"[3.737255,0.6925373,3.858516]",
4898,"[3.736968,0.6925373,3.858138]",
4899,"[3.735636,0.6925373,3.856999]",
4900,"[3.735005,0.6925373,3.856382]",
4901,"[3.733761,0.6925373,3.854831]",
4902,"[3.733688,0.6925373,3.854406]",
4903,"[3.733458,0.6925373,3.853201]",
4904,"[3.733354,0.6925373,3.852578]",
4905,"[3.733326,0.6925373,3.851961]",
4906,"[3.733201,0.6925373,3.85111]",
4907,"[3.733597,0.6925373,3.850027]",
4908,"[3.733933,0.6925373,3.848628]",
4909,"[3.733883,0.6925373,3.848262]",
4910,"[3.733715,0.6925373,3.847761]",
4911,"[3.733556,0.6925373,3.847488]",
4912,"[3.733091,0.6925373,3.847423]",
4913,"[3.73285,0.6925373,3.847202]",
4914,"[3.732772,0.6925373,3.847189]",
4915,"[3.73268,0.6925373,3.847265]",
4916,"[3.732664,0.6925373,3.847355]",
4917,"[3.73265,0.6925373,3.847815]",
4918,"[3.732659,0.6925373,3.848122]",
4919,"[3.733243,0.6925373,3.849361]",
4920,"[3.733433,0.6925373,3.84971]",
4921,"[3.733776,0.6925373,3.850276]",
4922,"[3.733921,0.6925373,3.850459]",
4923,"[3.734094,0.6925373,3.85062]",
4924,"[3.73431,0.6925373,3.850673]",
4925,"[3.734437,0.6925373,3.850563]",
4926,"[3.734987,0.6925373,3.850693]",
4927,"[3.735513,0.6925373,3.850726]",
4928,"[3.736698,0.6925373,3.850921]",
4929,"[3.737388,0.6925373,3.851065]",
4930,"[3.738059,0.6925373,3.851194]",
4931,"[3.738848,0.6925373,3.851288]",
4932,"[3.738783,0.6925373,3.851194]",
4933,"[3.738659,0.6925373,3.850318]",
4934,"[3.738586,0.6925373,3.849528]",
4935,"[3.738657,0.6925373,3.848246]",
4936,"[3.738759,0.6925373,3.847759]",
4937,"[3.738868,0.6925373,3.846311]",
4938,"[3.738885,0.6925373,3.845533]",
4939,"[3.738762,0.6925373,3.844653]",
4940,"[3.738565,0.6925373,3.842732]",
4941,"[3.738469,0.6925373,3.84162]",
4942,"[3.737849,0.6925373,3.839313]",
4943,"[3.737557,0.6925373,3.838256]",
4944,"[3.737473,0.6925373,3.838088]",
4945,"[3.737417,0.6925373,3.838086]",
4946,"[3.737269,0.6925373,3.838048]",
4947,"[3.737175,0.6925373,3.838006]",
4948,"[3.737069,0.6925373,3.837966]",
4949,"[3.736697,0.6925373,3.837704]",
4950,"[3.736601,0.6925373,3.83732]",
4951,"[3.736294,0.6925373,3.83649]",
4952,"[3.736081,0.6925373,3.836289]",
4953,"[3.735445,0.6925373,3.8357]",
4954,"[3.734995,0.6925373,3.835311]",
4955,"[3.734483,0.6925373,3.83491]",
4956,"[3.733643,0.6925373,3.834203]",
4957,"[3.733294,0.6925373,3.834026]",
4958,"[3.732109,0.6925373,3.833163]",
4959,"[3.731159,0.6925373,3.832271]",
4960,"[3.729905,0.6925373,3.830804]",
4961,"[3.729261,0.6925373,3.830009]",
4962,"[3.728568,0.6925373,3.829039]",
4963,"[3.72718,0.6925373,3.826834]",
4964,"[3.727463,0.6925373,3.825943]",
4965,"[3.727993,0.6925373,3.823908]",
4966,"[3.728311,0.6925373,3.822892]",
4967,"[3.729235,0.6925373,3.821494]",
4968,"[3.729782,0.6925373,3.820681]",
4969,"[3.730464,0.6925373,3.820582]",
4970,"[3.73048,0.6925373,3.821235]",
4971,"[3.730365,0.6925373,3.822538]",
4972,"[3.730316,0.6925373,3.823426]",
4973,"[3.730236,0.6925373,3.824358]",
4974,"[3.730632,0.6925373,3.826712]",
4975,"[3.731061,0.6925373,3.828427]",
4976,"[3.732004,0.6925373,3.832341]",
4977,"[3.732501,0.6925373,3.834478]",
4978,"[3.733442,0.6925373,3.838412]",
4979,"[3.733963,0.6925373,3.84025]",
4980,"[3.734912,0.6925373,3.843659]",
4981,"[3.735845,0.6925373,3.845391]",
4982,"[3.736636,0.6925373,3.845902]",
4983,"[3.737902,0.6925373,3.846912]",
4984,"[3.738494,0.6925373,3.847502]",
4985,"[3.739627,0.6925373,3.848684]",
4986,"[3.740236,0.6925373,3.849329]",
4987,"[3.741573,0.6925373,3.850163]",
4988,"[3.742309,0.6925373,3.850846]",
4989,"[3.742632,0.6925373,3.851276]",
4990,"[3.743217,0.6925373,3.852068]",
4991,"[3.743509,0.6925373,3.852448]",
4992,"[3.744082,0.6925373,3.853028]",
4993,"[3.744361,0.6925373,3.85337]",
4994,"[3.745097,0.6925373,3.853885]",
4995,"[3.7456,0.6925373,3.853666]",
4996,"[3.74687,0.6925373,3.853146]",
4997,"[3.74782,0.6925373,3.852749]",
4998,"[3.748944,0.6925373,3.852361]",
4999,"[3.751916,0.6925373,3.85076]",
5000,"[3.753813,0.6925373,3.849359]",
5001,"[3.757389,0.6925373,3.847033]",
5002,"[3.758555,0.6925373,3.845391]",
5003,"[3.761985,0.6925373,3.840077]",
5004,"[3.763962,0.6925373,3.836973]",
5005,"[3.767374,0.6925373,3.831267]",
5006,"[3.768872,0.6925373,3.828636]",
5007,"[3.770681,0.6925373,3.826021]",
5008,"[3.774308,0.6925373,3.820969]",
5009,"[3.77615,0.6925373,3.818491]",
5010,"[3.781415,0.6925373,3.807433]",
5011,"[3.784216,0.6925373,3.800837]",
5012,"[3.786582,0.6925373,3.79204]",
5013,"[3.787766,0.6925373,3.788499]",
5014,"[3.788224,0.6925373,3.787081]",
5015,"[3.789162,0.6925373,3.784931]",
5016,"[3.789594,0.6925373,3.784134]",
5017,"[3.790699,0.6925373,3.782727]",
5018,"[3.791535,0.6925373,3.782038]",
5019,"[3.793131,0.6925373,3.781054]",
5020,"[3.792951,0.6925373,3.780145]",
5021,"[3.794271,0.6925373,3.77851]",
5022,"[3.795147,0.6925373,3.777642]",
5023,"[3.796217,0.6925373,3.776767]",
5024,"[3.796808,0.6925373,3.774903]",
5025,"[3.796476,0.6925373,3.772383]",
5026,"[3.798553,0.6925373,3.767998]",
5027,"[3.798036,0.6925373,3.765811]",
5028,"[3.797484,0.6925373,3.762533]",
5029,"[3.797311,0.6925373,3.76117]",
5030,"[3.799553,0.6925373,3.758576]",
5031,"[3.800546,0.6925373,3.757382]",
5032,"[3.799878,0.6925373,3.756047]",
5033,"[3.799224,0.6925373,3.753334]",
5034,"[3.799116,0.6925373,3.751843]",
5035,"[3.800146,0.6925373,3.748618]",
5036,"[3.801172,0.6925373,3.746982]",
5037,"[3.800063,0.6925373,3.74396]",
5038,"[3.799811,0.6925373,3.742309]",
5039,"[3.798916,0.6925373,3.739601]",
5040,"[3.797264,0.6925373,3.738539]",
5041,"[3.796086,0.6925373,3.737703]",
5042,"[3.793339,0.6925373,3.736458]",
5043,"[3.792435,0.6925373,3.735823]",
5044,"[3.790282,0.6925373,3.734764]",
5045,"[3.788291,0.6925373,3.734277]",
5046,"[3.785306,0.6925373,3.733798]",
5047,"[3.78388,0.6925373,3.734038]",
5048,"[3.781677,0.6925373,3.734414]",
5049,"[3.780944,0.6925373,3.734549]",
5050,"[3.780125,0.6925373,3.734684]",
5051,"[3.778704,0.6925373,3.73499]",
5052,"[3.778063,0.6925373,3.735303]",
5053,"[3.77643,0.6925373,3.735957]",
5054,"[3.775343,0.6925373,3.736337]",
5055,"[3.77426,0.6925373,3.736708]",
5056,"[3.772089,0.6925373,3.737198]",
5057,"[3.770425,0.6925373,3.737254]",
5058,"[3.767623,0.6925373,3.737389]",
5059,"[3.76592,0.6925373,3.737568]",
5060,"[3.763552,0.6925373,3.738074]",
5061,"[3.762258,0.6925373,3.738423]",
5062,"[3.76131,0.6925373,3.738804]",
5063,"[3.760768,0.6925373,3.73888]",
5064,"[3.760497,0.6925373,3.738884]",
5065,"[3.761449,0.6925373,3.739093]",
5066,"[3.762281,0.6925373,3.739316]",
5067,"[3.763651,0.6925373,3.73975]",
5068,"[3.764245,0.6925373,3.739931]",
5069,"[3.765226,0.6925373,3.74088]",
5070,"[3.765878,0.6925373,3.741002]",
5071,"[3.766931,0.6925373,3.741342]",
5072,"[3.768275,0.6925373,3.741812]",
5073,"[3.769431,0.6925373,3.742214]",
5074,"[3.77156,0.6925373,3.742644]",
5075,"[3.772555,0.6925373,3.742892]",
5076,"[3.774376,0.6925373,3.743106]",
5077,"[3.775286,0.6925373,3.743183]",
5078,"[3.786539,0.6925373,3.745821]",
5079,"[3.793608,0.6925373,3.747365]",
5080,"[3.803184,0.6925373,3.749084]",
5081,"[3.807429,0.6925373,3.749591]",
5082,"[3.810379,0.6925373,3.749789]",
5083,"[3.814603,0.6925373,3.749807]",
5084,"[3.816367,0.6925373,3.749754]",
5085,"[3.818712,0.6925373,3.749704]",
5086,"[3.819562,0.6925373,3.749701]",
5087,"[3.820925,0.6925373,3.749876]",
5088,"[3.821397,0.6925373,3.750016]",
5089,"[3.822088,0.6925373,3.750348]",
5090,"[3.822333,0.6925373,3.750443]",
5091,"[3.822541,0.6925373,3.750531]",
5092,"[3.789577,0.6925373,3.739185]",
5093,"[3.782622,0.6925373,3.736696]",
5094,"[3.77349,0.6925373,3.733442]",
5095,"[3.770906,0.6925373,3.732589]",
5096,"[3.766772,0.6925373,3.731192]",
5097,"[3.76528,0.6925373,3.731075]",
5098,"[3.764115,0.6925373,3.730988]",
5099,"[3.763795,0.6925373,3.730989]",
5100,"[3.763729,0.6925373,3.730974]",
5101,"[3.763605,0.6925373,3.730911]",
5102,"[3.763932,0.6925373,3.73094]",
5103,"[3.76452,0.6925373,3.731004]",
5104,"[3.764828,0.6925373,3.730999]",
5105,"[3.765208,0.6925373,3.730833]",
5106,"[3.765461,0.6925373,3.730829]",
5107,"[3.765693,0.6925373,3.730775]",
5108,"[3.765852,0.6925373,3.730438]",
5109,"[3.765916,0.6925373,3.730266]",
5110,"[3.766198,0.6925373,3.730369]",
5111,"[3.766304,0.6925373,3.730513]",
5112,"[3.766444,0.6925373,3.730947]",
5113,"[3.766478,0.6925373,3.731153]",
5114,"[3.766481,0.6925373,3.731361]",
5115,"[3.766612,0.6925373,3.731796]",
5116,"[3.766755,0.6925373,3.732063]",
5117,"[3.766901,0.6925373,3.732465]",
5118,"[3.766928,0.6925373,3.732552]",
5119,"[3.766863,0.6925373,3.733066]",
5120,"[3.766958,0.6925373,3.733253]",
5121,"[3.767027,0.6925373,3.733573]",
5122,"[3.766865,0.6925373,3.733246]",
5123,"[3.766674,0.6925373,3.732845]",
5124,"[3.767641,0.6925373,3.730956]",
5125,"[3.768084,0.6925373,3.729987]",
5126,"[3.768729,0.6925373,3.728541]",
5127,"[3.765351,0.6925373,3.768229]",
5128,"[3.764381,0.6925373,3.792684]",
5129,"[3.764618,0.6925373,3.799206]",
5130,"[3.762531,0.6925373,3.807961]",
5131,"[3.760454,0.6925373,3.811507]",
5132,"[3.760147,0.6925373,3.815017]",
5133,"[3.758343,0.6925373,3.824558]",
5134,"[3.756868,0.6925373,3.829823]",
5135,"[3.752735,0.6925373,3.842459]",
5136,"[3.750347,0.6925373,3.84879]",
5137,"[3.749566,0.6925373,3.854692]",
5138,"[3.748635,0.6925373,3.85713]",
5139,"[3.74747,0.6925373,3.859365]",
5140,"[3.74507,0.6925373,3.862237]",
5141,"[3.743748,0.6925373,3.863291]",
5142,"[3.740939,0.6925373,3.865764]",
5143,"[3.739255,0.6925373,3.866972]",
5144,"[3.739186,0.6925373,3.86908]",
5145,"[3.740034,0.6925373,3.870687]",
5146,"[3.739122,0.6925373,3.873878]",
5147,"[3.737633,0.6925373,3.877057]",
5148,"[3.735419,0.6925373,3.880323]",
5149,"[3.731347,0.6925373,3.886202]",
5150,"[3.731133,0.6925373,3.889075]",
5151,"[3.726459,0.6925373,3.893225]",
5152,"[3.724129,0.6925373,3.895951]",
5153,"[3.719362,0.6925373,3.901066]",
5154,"[3.71685,0.6925373,3.903498]",
5155,"[3.71202,0.6925373,3.90803]",
5156,"[3.709588,0.6925373,3.910201]",
5157,"[3.709067,0.6925373,3.91274]",
5158,"[3.707693,0.6925373,3.91751]",
5159,"[3.708205,0.6925373,3.920377]",
5160,"[3.707564,0.6925373,3.926465]",
5161,"[3.704822,0.6925373,3.930008]",
5162,"[3.700931,0.6925373,3.939888]",
5163,"[3.697558,0.6925373,3.944565]",
5164,"[3.69054,0.6925373,3.95476]",
5165,"[3.686898,0.6925373,3.960076]",
5166,"[3.681395,0.6925373,3.967337]",
5167,"[3.577125,0.6925373,4.064592]",
5168,"[3.558725,0.6925373,4.080956]",
5169,"[3.382712,0.6689299,4.282062]",
5170,"[3.357697,0.6689302,4.30378]",
5171,"[3.316717,0.6689306,4.326157]",
5172,"[3.300127,0.6689307,4.327283]",
5173,"[3.284161,0.6689308,4.326827]",
5174,"[3.275213,0.6689308,4.309371]",
5175,"[3.274337,0.6689308,4.297125]",
5176,"[3.262847,0.6689308,4.278098]",
5177,"[3.26169,0.6689308,4.264734]",
5178,"[3.257498,0.6689307,4.241214]",
5179,"[3.254706,0.6689307,4.231582]",
5180,"[3.247271,0.6689306,4.207942]",
5181,"[3.243708,0.6689306,4.19436]",
5182,"[3.24747,0.6689305,4.178863]",
5183,"[3.252473,0.6689304,4.136682]",
5184,"[3.252803,0.6689303,4.111608]",
5185,"[2.808351,0.0999999,4.626624]",
5186,"[2.761651,0.1,4.573658]",
5187,"[2.704257,0.0999999,4.514072]",
5188,"[2.684,0.1000001,4.493244]",
5189,"[2.692629,0.1,4.492805]",
5190,"[2.698501,0.1,4.487056]",
5191,"[2.703313,0.1,4.482399]",
5192,"[2.716047,0.0999999,4.484185]",
5193,"[2.722104,0.1,4.486186]",
5194,"[2.7457,0.1,4.516971]",
5195,"[2.762515,0.1,4.53696]",
5196,"[2.787871,0.1000001,4.566957]",
5197,"[2.802839,0.1000001,4.586168]",
5198,"[2.815916,0.1000001,4.602711]",
5199,"[2.843136,0.1,4.627028]",
5200,"[2.862281,0.1000001,4.637722]",
5201,"[3.247472,0.6305845,3.957753]",
5202,"[3.270695,0.6446553,3.942201]",
5203,"[3.299175,0.648371,3.940545]",
5204,"[3.311146,0.6484028,3.941572]",
5205,"[3.331736,0.6484029,3.946656]",
5206,"[3.339291,0.6484029,3.949977]",
5207,"[3.287325,0.6689297,4.017969]",
5208,"[3.243001,0.6689302,4.08505]",
5209,"[3.229639,0.6689304,4.102945]",
5210,"[3.203438,0.6689307,4.135358]",
5211,"[3.191261,0.6689309,4.149483]",
5212,"[3.174296,0.668931,4.16154]",
5213,"[3.165752,0.6689311,4.167822]",
5214,"[3.139165,0.6689314,4.177796]",
5215,"[3.127944,0.6689314,4.182047]",
5216,"[3.122185,0.6689315,4.176351]",
5217,"[2.858694,0.4551427,4.562259]",
5218,"[2.850158,0.4755822,4.520574]",
5219,"[2.800721,0.5236503,4.416009]",
5220,"[2.109406,0.1700673,4.26246]",
5221,"[2.050001,0.2051714,4.052184]",
5222,"[2.547969,0.5806857,2.882047]",
5223,"[2.537492,0.5806857,2.825715]",
5224,"[3.005,0.8353282,2.411248]",
5225,"[3.005,0.823379,2.353222]",
5226,"[3.005,0.8066362,2.254772]",
5227,"[3.005,0.804736,2.251266]",
5228,"[3.005,0.7999953,2.243473]",
5229,"[3.005,0.7987365,2.244129]",
5230,"[3.005,0.7896069,2.252713]",
5231,"[3.005,0.7850918,2.255621]",
5232,"[3.005,0.7827819,2.292231]",
5233,"[3.005,0.7759659,2.303808]",
5234,"[3.005,0.7696626,2.303404]",
5235,"[3.005,0.7543686,2.287222]",
5236,"[3.005,0.7469981,2.272383]",
5237,"[2.828476,0.5806857,2.119952]",
5238,"[2.841021,0.5806857,2.091269]",
5239,"[2.858042,0.5806856,2.045627]",
5240,"[2.852471,0.5806856,2.0451]",
5241,"[2.849398,0.5806856,2.042816]",
5242,"[2.831929,0.5806856,2.054354]",
5243,"[2.830407,0.5806856,2.054044]",
5244,"[2.82659,0.5806857,2.063715]",
5245,"[2.828045,0.5806856,2.06156]",
5246,"[2.840074,0.5806856,2.043068]",
5247,"[3.109622,0.6121286,1.574366]",
5248,"[3.118678,0.6120446,1.561677]",
5249,"[3.203525,0.6002311,1.301887]",
5250,"[3.224694,0.6002311,1.258321]",
5251,"[3.27127,0.6002311,1.193156]",
5252,"[3.271674,0.6002311,1.189444]",
5253,"[3.275697,0.600231,1.182504]",
5254,"[3.278269,0.600231,1.181051]",
5255,"[3.289176,0.580877,1.143649]",
5256,"[3.289169,0.5802028,1.142805]",
5257,"[3.289248,0.5856173,1.151541]",
5258,"[3.289106,0.575992,1.135899]",
5259,"[3.288846,0.5580713,1.107117]",
5260,"[3.245934,0.2077526,0.6029561]",
5261,"[3.331301,0.2019802,0.5701184]",
5262,"[3.491834,0.3382759,0.7182862]",
5263,"[3.53041,0.3538037,0.7252817]",
5264,"[3.537127,0.352266,0.7162594]",
5265,"[3.542499,0.3501131,0.7088639]",
5266,"[3.549671,0.3472471,0.6989906]",
5267,"[3.554505,0.3446006,0.692197]",
5268,"[3.561949,0.3397774,0.6815893]",
5269,"[3.581978,0.3269533,0.653078]",
5270,"[3.605102,0.3151948,0.6207559]",
5271,"[3.653144,0.2949016,0.5689778]",
5272,"[3.678729,0.2949016,0.5609122]",
5273,"[3.695285,0.245279,0.4860957]",
5274,"[3.888543,0.6315205,0.9976248]",
5275,"[3.897064,0.6315144,0.9976248]",
5276,"[3.917976,0.6325583,0.9976248]",
5277,"[3.924466,0.6318961,0.9976248]",
5278,"[3.923624,0.6314039,0.9976248]",
5279,"[3.924059,0.6325475,0.9976248]",
5280,"[3.922954,0.634492,0.9976248]",
5281,"[3.923431,0.6347493,0.9976248]",
5282,"[3.926395,0.6350075,0.9976248]",
5283,"[3.924445,0.6354126,0.9976248]",
5284,"[3.927822,0.6379306,0.9976248]",
5285,"[3.931648,0.6451141,0.9976248]",
5286,"[3.932312,0.6495557,0.9976248]",
5287,"[3.925452,0.6633197,0.9976248]",
5288,"[3.92064,0.6709505,0.9976248]",
5289,"[3.898944,0.6826885,0.9976248]",
5290,"[3.028636,0.1138918,0.6029561]",
5291,"[2.965725,0.1000001,0.6068411]",
5292,"[2.819282,0.1000001,0.6774914]",
5293,"[3.288524,0.5297455,1.071525]",
5294,"[3.289169,0.5776944,1.142889]",
5295,"[3.289295,0.5926673,1.156806]",
5296,"[3.264806,0.6002311,1.175054]",
5297,"[3.246974,0.6002311,1.182334]",
5298,"[3.216131,0.6002311,1.191952]",
5299,"[3.196608,0.6002311,1.198348]",
5300,"[3.179657,0.6002311,1.206499]",
5301,"[3.128654,0.5806856,1.208385]",
5302,"[3.117825,0.5806856,1.218392]",
5303,"[3.102579,0.5806856,1.254641]",
5304,"[3.098027,0.5806856,1.280632]",
5305,"[3.129278,0.6131086,1.464484]",
5306,"[3.124217,0.6123875,1.525983]",
5307,"[3.113986,0.6117481,1.592335]",
5308,"[3.109526,0.6117144,1.603907]",
5309,"[3.104335,0.6117158,1.614497]",
5310,"[3.105484,0.6117004,1.613221]",
5311,"[3.103169,0.6118691,1.606036]",
5312,"[3.099975,0.6121977,1.589339]",
5313,"[3.095075,0.6124353,1.582599]",
5314,"[3.085883,0.6130191,1.560172]",
5315,"[3.081048,0.6133577,1.546148]",
5316,"[3.031359,0.5806856,1.507526]",
5317,"[3.029598,0.5806856,1.495906]",
5318,"[3.07338,0.6143531,1.491433]",
5319,"[3.078541,0.6143329,1.482236]",
5320,"[3.142571,0.6126753,1.467807]",
5321,"[3.180664,0.611748,1.45505]",
5322,"[3.198372,0.6113465,1.447031]",
5323,"[3.21216,0.6111642,1.431557]",
5324,"[3.213238,0.6112494,1.423295]",
5325,"[3.211201,0.6114632,1.412355]",
5326,"[3.192003,0.6002311,1.396385]",
5327,"[3.186533,0.6002311,1.392485]",
5328,"[3.172464,0.6002311,1.389439]",
5329,"[3.148622,0.5806856,1.379909]",
5330,"[3.136341,0.5806856,1.381208]",
5331,"[3.131982,0.5806856,1.383024]",
5332,"[3.129527,0.5806856,1.386609]",
5333,"[3.129654,0.5806856,1.386036]",
5334,"[3.126799,0.5806856,1.388449]",
5335,"[3.124642,0.5806856,1.390539]",
5336,"[3.124014,0.5806856,1.389274]",
5337,"[3.112193,0.5806856,1.378759]",
5338,"[3.106536,0.5806856,1.373798]",
5339,"[3.098974,0.5806856,1.362412]",
5340,"[3.101059,0.5806856,1.355885]",
5341,"[3.112256,0.5806856,1.350972]",
5342,"[3.118057,0.5806856,1.348601]",
5343,"[3.121592,0.5806856,1.346515]",
5344,"[3.127135,0.5806856,1.34129]",
5345,"[3.12934,0.5806856,1.337884]",
5346,"[3.133062,0.5806856,1.333035]",
5347,"[3.135316,0.5806856,1.331052]",
5348,"[3.140199,0.5806856,1.328021]",
5349,"[3.142158,0.5806856,1.327168]",
5350,"[3.149074,0.5806856,1.325579]",
5351,"[3.15718,0.5806856,1.318885]",
5352,"[3.180566,0.6002311,1.320104]",
5353,"[3.203515,0.6002311,1.30228]",
5354,"[3.215379,0.6002311,1.293978]",
5355,"[3.232863,0.6002311,1.279775]",
5356,"[3.238671,0.6002311,1.271715]",
5357,"[3.302791,0.6077539,1.486502]",
5358,"[3.308194,0.6076599,1.48203]",
5359,"[3.313789,0.6075142,1.480833]",
5360,"[3.317753,0.6071465,1.498717]",
5361,"[3.319096,0.6069828,1.507543]",
5362,"[3.320817,0.6067645,1.519464]",
5363,"[3.321221,0.6066896,1.523934]",
5364,"[3.320237,0.6066059,1.531887]",
5365,"[3.318827,0.6065946,1.535597]",
5366,"[3.316265,0.6065904,1.541166]",
5367,"[3.315012,0.6065932,1.543549]",
5368,"[3.309347,0.6068826,1.534718]",
5369,"[3.306611,0.6070533,1.528257]",
5370,"[3.303352,0.6076713,1.491197]",
5371,"[3.301103,0.6080971,1.465661]",
5372,"[3.2995,0.6082526,1.457952]",
5373,"[3.295836,0.6085171,1.446765]",
5374,"[3.293864,0.6086369,1.44234]",
5375,"[3.291327,0.6088144,1.434987]",
5376,"[3.29028,0.6088853,1.432119]",
5377,"[3.289359,0.6089486,1.429535]",
5378,"[3.287647,0.6090589,1.425254]",
5379,"[3.287705,0.6090711,1.424259]",
5380,"[3.286981,0.6091363,1.421139]",
5381,"[3.286297,0.6091839,1.419177]",
5382,"[3.285606,0.6092466,1.416156]",
5383,"[3.285425,0.6092755,1.414483]",
5384,"[3.284937,0.6093409,1.410856]",
5385,"[3.279409,0.6002311,1.406955]",
5386,"[3.279125,0.6002311,1.405219]",
5387,"[3.279179,0.6002311,1.402478]",
5388,"[3.279862,0.6002311,1.400825]",
5389,"[3.29147,0.5903948,1.397166]",
5390,"[3.291424,0.5675193,1.392107]",
5391,"[3.291336,0.5240746,1.38239]",
5392,"[3.052817,0.1,1.274767]",
5393,"[3.06631,0.1,1.275752]",
5394,"[3.093361,0.1,1.278023]",
5395,"[3.109349,0.1,1.280652]",
5396,"[3.137351,0.1,1.284971]",
5397,"[3.153443,0.0999999,1.287233]",
5398,"[3.157373,0.1,1.287379]",
5399,"[3.158243,0.1,1.287439]",
5400,"[3.158542,0.1,1.289057]",
5401,"[3.158521,0.1,1.289646]",
5402,"[3.154264,0.1,1.289862]",
5403,"[3.146391,0.1,1.289594]",
5404,"[3.142253,0.1,1.289108]",
5405,"[3.132182,0.1,1.286285]",
5406,"[3.126425,0.1,1.28394]",
5407,"[3.072137,0.1242536,1.232283]",
5408,"[3.077387,0.1522894,1.228948]",
5409,"[3.08627,0.1970095,1.223306]",
5410,"[3.088881,0.2206234,1.221648]",
5411,"[3.290731,0.5244428,1.315581]",
5412,"[3.2907,0.5397118,1.312157]",
5413,"[3.290679,0.5486822,1.309756]",
5414,"[3.290646,0.5691483,1.306068]",
5415,"[3.290632,0.5770343,1.30457]",
5416,"[3.290257,0.6002311,1.300136]",
5417,"[3.279517,0.6002311,1.292475]",
5418,"[3.265279,0.6002311,1.282152]",
5419,"[3.255744,0.6002311,1.276021]",
5420,"[3.256496,0.6002311,1.276463]",
5421,"[3.257323,0.6002311,1.276325]",
5422,"[3.257909,0.6002311,1.2761]",
5423,"[3.258292,0.6002311,1.278193]",
5424,"[3.272178,0.6002311,1.283536]",
5425,"[3.290506,0.5901525,1.290627]",
5426,"[3.290493,0.573095,1.289232]",
5427,"[3.29048,0.5580539,1.287725]",
5428,"[3.29045,0.5252737,1.284455]",
5429,"[3.118197,0.3009252,1.203026]",
5430,"[3.119708,0.2839974,1.202066]",
5431,"[3.119067,0.2827376,1.202473]",
5432,"[3.11819,0.2418324,1.20303]",
5433,"[3.114982,0.2339721,1.205068]",
5434,"[3.109598,0.2114549,1.208488]",
5435,"[3.11045,0.1907826,1.207947]",
5436,"[3.11088,0.172194,1.207673]",
5437,"[3.109799,0.1765495,1.20836]",
5438,"[3.109468,0.1772382,1.20857]",
5439,"[3.111298,0.1799543,1.207408]",
5440,"[3.116614,0.2021786,1.204032]",
5441,"[3.122314,0.2173646,1.200411]",
5442,"[3.127527,0.2290696,1.197099]",
5443,"[3.132243,0.2405001,1.194104]",
5444,"[3.133083,0.2433766,1.19357]",
5445,"[3.13398,0.2493494,1.193]",
5446,"[3.134734,0.2510823,1.192522]",
5447,"[3.134915,0.2523613,1.192407]",
5448,"[3.13604,0.2424871,1.191692]",
5449,"[3.136682,0.2446907,1.191284]",
5450,"[3.139597,0.263616,1.189433]",
5451,"[3.142813,0.2713737,1.18739]",
5452,"[3.148351,0.2871585,1.183872]",
5453,"[3.843734,0.7383738,1.495299]",
5454,"[3.156639,0.3187144,1.178608]",
5455,"[3.160149,0.3291347,1.176378]",
5456,"[3.13584,0.3329571,1.15799]",
5457,"[3.119905,0.3329571,1.150669]",
5458,"[3.10903,0.3329571,1.145477]",
5459,"[3.107483,0.3329571,1.14543]",
5460,"[3.105444,0.3329571,1.145522]",
5461,"[3.097404,0.3329571,1.145957]",
5462,"[3.093946,0.3329571,1.145792]",
5463,"[3.080201,0.3329571,1.142722]",
5464,"[3.074266,0.3329571,1.14113]",
5465,"[3.067518,0.3329571,1.139476]",
5466,"[3.067766,0.3329571,1.14652]",
5467,"[3.068541,0.3329571,1.151287]",
5468,"[3.070761,0.3329571,1.160514]",
5469,"[3.076433,0.3329571,1.169641]",
5470,"[3.082386,0.3329571,1.177692]",
5471,"[3.088321,0.3329571,1.186717]",
5472,"[3.091843,0.3329571,1.190264]",
5473,"[3.111955,0.3329571,1.197488]",
5474,"[3.117796,0.3329571,1.19905]",
5475,"[3.122448,0.3329393,1.200325]",
5476,"[3.119989,0.3329571,1.198826]",
5477,"[3.118279,0.3329571,1.19701]",
5478,"[3.115327,0.3329571,1.194178]",
5479,"[3.114167,0.3329571,1.193449]",
5480,"[3.114159,0.3329571,1.193601]",
5481,"[3.115519,0.3329571,1.194156]",
5482,"[3.124762,0.3324937,1.198856]",
5483,"[3.124599,0.3283897,1.198959]",
5484,"[3.125175,0.3187792,1.198594]",
5485,"[3.125555,0.3133082,1.198352]",
5486,"[3.125882,0.3083251,1.198144]",
5487,"[3.127327,0.303158,1.197227]",
5488,"[3.128098,0.299135,1.196737]",
5489,"[3.129142,0.2911262,1.196074]",
5490,"[3.129857,0.2897105,1.19562]",
5491,"[3.130857,0.2896185,1.194984]",
5492,"[3.130839,0.2901297,1.194996]",
5493,"[3.130836,0.2903847,1.194997]",
5494,"[3.130942,0.2917117,1.19493]",
5495,"[3.131227,0.2929837,1.194749]",
5496,"[3.131523,0.2946031,1.194561]",
5497,"[3.131053,0.2976074,1.194859]",
5498,"[3.130268,0.3020603,1.195358]",
5499,"[3.129889,0.3033783,1.195599]",
5500,"[3.129425,0.3058425,1.195894]",
5501,"[3.129312,0.306895,1.195965]",
5502,"[3.129739,0.3085017,1.195695]",
5503,"[3.130897,0.311488,1.194959]",
5504,"[3.152188,0.3255903,1.202621]",
5505,"[3.241973,0.3824541,1.236781]",
5506,"[3.251251,0.3890535,1.239935]",
5507,"[3.251892,0.3917098,1.239329]",
5508,"[3.252595,0.3932877,1.239634]",
5509,"[3.253477,0.3950886,1.240081]",
5510,"[3.254113,0.3972422,1.240831]",
5511,"[3.253397,0.398159,1.241423]",
5512,"[3.253121,0.3984487,1.24178]",
5513,"[3.252962,0.3987142,1.242205]",
5514,"[3.252633,0.3988633,1.243116]",
5515,"[3.25267,0.3986891,1.243489]",
5516,"[3.252873,0.3987091,1.243946]",
5517,"[3.252977,0.3988639,1.243998]",
5518,"[3.253074,0.3990265,1.244081]",
5519,"[3.253295,0.3994482,1.244273]",
5520,"[3.253774,0.3998943,1.244816]",
5521,"[3.254935,0.4014285,1.246449]",
5522,"[3.255471,0.4026638,1.247851]",
5523,"[3.256425,0.4072852,1.251484]",
5524,"[3.256536,0.4106882,1.253697]",
5525,"[3.254146,0.4223492,1.261196]",
5526,"[3.225817,0.4158847,1.255638]",
5527,"[3.230731,0.4302852,1.261679]",
5528,"[3.243156,0.4622031,1.272092]",
5529,"[2.580843,0.1,1.030475]",
5530,"[2.59953,0.1,1.036524]",
5531,"[2.612109,0.1,1.040779]",
5532,"[2.642901,0.1,1.052703]",
5533,"[2.680528,0.1,1.066092]",
5534,"[2.706895,0.1,1.075231]",
5535,"[2.711244,0.1,1.076743]",
5536,"[2.725274,0.1,1.080367]",
5537,"[2.788431,0.1,1.101671]",
5538,"[2.79867,0.1,1.106207]",
5539,"[2.829468,0.1,1.123342]",
5540,"[2.844379,0.1,1.12976]",
5541,"[2.853167,0.1,1.135319]",
5542,"[2.855513,0.1,1.138077]",
5543,"[3.290845,0.5255829,1.328145]",
5544,"[3.290915,0.5431249,1.335826]",
5545,"[3.29098,0.5604293,1.343025]",
5546,"[3.287252,0.6002311,1.356611]",
5547,"[3.147127,0.5806856,1.329548]",
5548,"[2.492253,0.5806856,1.241373]",
5549,"[2.43199,0.5806856,1.2346]",
5550,"[2.321128,0.5806856,1.234506]",
5551,"[2.309781,0.6002311,1.248582]",
5552,"[2.246646,0.6002311,1.262872]",
5553,"[2.195437,0.6002311,1.267855]",
5554,"[2.193392,0.6002311,1.269047]",
5555,"[2.05,0.5394084,1.241282]",
5556,"[2.05,0.540319,1.241206]",
5557,"[2.196713,0.6002311,1.271475]",
5558,"[2.242975,0.6002311,1.282473]",
5559,"[2.280064,0.6002311,1.29655]",
5560,"[2.288146,0.6002311,1.302323]",
5561,"[2.311173,0.5975275,1.306933]",
5562,"[2.414117,0.5806856,1.336678]",
5563,"[2.439983,0.5806856,1.348204]",
5564,"[2.486727,0.5806856,1.368208]",
5565,"[2.508052,0.5806856,1.385408]",
5566,"[2.535799,0.5806856,1.427995]",
5567,"[2.628413,0.7486227,1.718366]",
5568,"[3.311689,1.16828,1.724958]",
5569,"[3.304447,1.171361,1.763531]",
5570,"[3.30269,1.171326,1.782746]",
5571,"[3.313398,1.174448,1.820139]",
5572,"[3.321358,1.178446,1.830383]",
5573,"[3.340925,1.188026,1.84606]",
5574,"[3.352338,1.192786,1.855389]",
5575,"[3.390471,1.211554,1.859069]",
5576,"[3.414774,1.22298,1.868538]",
5577,"[3.440277,1.238334,1.870243]",
5578,"[3.47271,1.259253,1.89161]",
5579,"[3.487148,1.268616,1.910849]",
5580,"[3.520015,1.286008,1.943302]",
5581,"[3.604093,1.295874,2.029211]",
5582,"[3.660971,1.307592,2.088478]",
5583,"[3.676812,1.310882,2.104893]",
5584,"[3.70908,1.315929,2.137188]",
5585,"[3.72769,1.318587,2.150773]",
5586,"[3.736535,1.321837,2.150787]",
5587,"[3.759211,1.329546,2.151445]",
5588,"[3.777025,1.332548,2.161105]",
5589,"[3.80206,1.337531,2.177201]",
5590,"[3.822086,1.339444,2.190097]",
5591,"[3.863574,1.337618,2.279368]",
5592,"[3.883997,1.336771,2.311337]",
5593,"[3.982634,0.7004841,4.668965]",
5594,"[4.037288,0.9249735,3.957263]",
5595,"[4.104361,0.9368149,3.957675]",
5596,"[4.307706,0.9787767,3.916637]",
5597,"[4.38002,1.007704,3.90984]",
5598,"[4.449558,1.043263,3.903304]",
5599,"[4.471686,1.061894,3.901224]",
5600,"[4.493587,1.089203,3.899165]",
5601,"[4.524324,1.10174,3.896276]",
5602,"[4.616181,1.133008,3.887641]",
5603,"[4.88079,1.181759,3.860509]",
5604,"[4.971673,1.188573,3.872878]",
5605,"[5.368042,1.091795,4.478677]",
5606,"[5.187891,1.199562,3.957912]",
5607,"[5.235396,1.21891,3.948673]",
5608,"[5.192352,1.231409,3.93925]",
5609,"[5.166966,1.254298,3.937002]",
5610,"[5.127056,1.26976,3.950645]",
5611,"[5.114477,1.280843,3.95853]",
5612,"[5.111993,1.30543,3.982162]",
5613,"[5.113213,1.319537,3.982191]",
5614,"[5.080047,1.536254,3.982645]",
5615,"[5.083508,1.571502,3.982719]",
5616,"[5.086781,1.616793,3.982814]",
5617,"[5.091771,1.634682,3.982851]",
5618,"[5.05878,1.640948,3.982864]",
5619,"[5.043372,1.643552,3.98287]",
5620,"[4.991947,1.644163,3.982871]",
5621,"[4.97728,1.647046,3.982877]",
5622,"[4.943781,1.644337,3.982871]",
5623,"[4.89971,1.640974,3.982864]",
5624,"[4.883559,1.640658,3.982864]",
5625,"[4.85076,1.636646,3.982855]",
5626,"[4.837747,1.63565,3.982853]",
5627,"[4.819201,1.627983,3.982837]",
5628,"[4.786033,1.617474,3.982815]",
5629,"[4.7717,1.615229,3.98281]",
5630,"[4.739921,1.62359,3.982828]",
5631,"[4.72354,1.630474,3.982842]",
5632,"[4.421318,1.619385,2.53344]",
5633,"[4.42024,1.619396,2.543266]",
5634,"[4.418921,1.619077,2.563921]",
5635,"[4.41855,1.618825,2.572969]",
5636,"[4.417657,1.618401,2.581414]",
5637,"[4.416445,1.61774,2.595566]",
5638,"[4.415004,1.617403,2.60012]",
5639,"[4.413452,1.617219,2.611902]",
5640,"[4.413251,1.617261,2.617342]",
5641,"[4.411757,1.617298,2.626902]",
5642,"[4.411132,1.617329,2.632682]",
5643,"[4.412197,1.617376,2.65009]",
5644,"[4.414014,1.61737,2.661726]",
5645,"[4.416795,1.617398,2.673967]",
5646,"[4.423583,1.617395,2.700696]",
5647,"[4.428078,1.617405,2.71762]",
5648,"[4.435652,1.617268,2.743525]",
5649,"[4.439468,1.617181,2.756404]",
5650,"[4.448132,1.617217,2.788517]",
5651,"[4.45188,1.617275,2.804914]",
5652,"[4.457194,1.617437,2.831501]",
5653,"[4.461136,1.617932,2.846565]",
5654,"[4.46463,1.618319,2.863652]",
5655,"[4.470106,1.618934,2.894238]",
5656,"[4.472223,1.619161,2.908393]",
5657,"[4.477541,1.619573,2.945606]",
5658,"[4.480377,1.619756,2.965798]",
5659,"[4.483041,1.619858,2.992168]",
5660,"[4.485259,1.619916,3.011216]",
5661,"[4.486533,1.619933,3.023158]",
5662,"[4.487033,1.619777,3.040056]",
5663,"[4.487497,1.619735,3.05038]",
5664,"[4.489407,1.619575,3.075898]",
5665,"[4.488944,1.61931,3.082596]",
5666,"[4.477563,1.613341,3.106315]",
5667,"[4.472749,1.61006,3.13047]",
5668,"[4.469558,1.607793,3.152058]",
5669,"[4.466338,1.604164,3.194335]",
5670,"[4.465574,1.602902,3.213288]",
5671,"[4.465273,1.601126,3.253673]",
5672,"[4.465438,1.600529,3.273091]",
5673,"[4.466405,1.599694,3.314347]",
5674,"[4.46701,1.599383,3.336341]",
5675,"[4.468709,1.599034,3.375669]",
5676,"[4.469133,1.598822,3.394535]",
5677,"[4.46971,1.598527,3.415327]",
5678,"[4.470923,1.598026,3.455199]",
5679,"[4.471438,1.597855,3.474181]",
5680,"[4.472987,1.597555,3.513591]",
5681,"[4.473857,1.59747,3.533418]",
5682,"[4.475751,1.597041,3.574564]",
5683,"[4.476685,1.59669,3.593662]",
5684,"[4.478683,1.596064,3.634426]",
5685,"[4.479228,1.595855,3.65344]",
5686,"[4.510824,1.588723,3.982755]",
