frame,gazeStartPos,
0,"[4.916246,2.017164,3.983652]",
1,"[4.916246,2.017164,3.983652]",
2,"[4.915067,2.018008,3.983654]",
3,"[4.913482,2.018697,3.983655]",
4,"[4.911923,2.019397,3.983657]",
5,"[4.911273,2.019279,3.983657]",
6,"[4.910359,2.019069,3.983656]",
7,"[4.910141,2.018886,3.983656]",
8,"[4.909625,2.018474,3.983655]",
9,"[4.909186,2.018157,3.983654]",
10,"[4.907746,2.016957,3.983652]",
11,"[4.906444,2.015923,3.98365]",
12,"[4.878551,1.956569,3.983525]",
13,"[4.846246,1.867209,3.983338]",
14,"[4.836033,1.835043,3.983271]",
15,"[4.825133,1.80344,3.983205]",
16,"[4.820952,1.792727,3.983182]",
17,"[4.815525,1.77905,3.983154]",
18,"[4.813441,1.774107,3.983143]",
19,"[4.813086,1.771905,3.983139]",
20,"[4.81295,1.769408,3.983133]",
21,"[4.813278,1.768648,3.983132]",
22,"[4.813797,1.766537,3.983127]",
23,"[4.813808,1.765575,3.983125]",
24,"[4.814982,1.76403,3.983122]",
25,"[4.815231,1.763296,3.98312]",
26,"[4.815547,1.762504,3.983119]",
27,"[4.816063,1.760562,3.983115]",
28,"[4.816206,1.759573,3.983113]",
29,"[4.815687,1.758414,3.98311]",
30,"[4.813983,1.757766,3.983109]",
31,"[4.810493,1.757429,3.983108]",
32,"[4.810057,1.757789,3.983109]",
33,"[4.822919,1.758885,3.983111]",
34,"[4.832251,1.759072,3.983112]",
35,"[4.839821,1.758933,3.983111]",
36,"[4.883277,1.753667,3.9831]",
37,"[4.895811,1.751567,3.983096]",
38,"[4.918794,1.743268,3.983078]",
39,"[4.930007,1.737721,3.983067]",
40,"[4.948552,1.73024,3.983051]",
41,"[4.957184,1.72781,3.983046]",
42,"[4.964437,1.72567,3.983042]",
43,"[4.976625,1.72343,3.983037]",
44,"[4.980788,1.722804,3.983036]",
45,"[4.959064,1.710773,3.983011]",
46,"[4.943983,1.702214,3.982993]",
47,"[4.908869,1.688034,3.982963]",
48,"[4.898701,1.682113,3.98295]",
49,"[4.885882,1.672459,3.98293]",
50,"[4.88154,1.669438,3.982924]",
51,"[4.878062,1.666496,3.982918]",
52,"[4.871769,1.660022,3.982904]",
53,"[4.868825,1.656673,3.982897]",
54,"[4.86167,1.652747,3.982889]",
55,"[4.858499,1.65103,3.982885]",
56,"[4.846881,1.647982,3.982879]",
57,"[4.841275,1.64872,3.982881]",
58,"[4.836636,1.649073,3.982881]",
59,"[4.829822,1.652336,3.982888]",
60,"[4.826967,1.653618,3.982891]",
61,"[4.820854,1.659737,3.982904]",
62,"[4.817251,1.66261,3.98291]",
63,"[4.811964,1.666499,3.982918]",
64,"[4.810078,1.667734,3.98292]",
65,"[4.808463,1.668713,3.982922]",
66,"[4.805827,1.67006,3.982925]",
67,"[4.805357,1.670535,3.982926]",
68,"[4.804569,1.671366,3.982928]",
69,"[4.80414,1.672386,3.98293]",
70,"[4.803413,1.674236,3.982934]",
71,"[4.803146,1.67512,3.982936]",
72,"[4.803006,1.675828,3.982937]",
73,"[4.802909,1.676908,3.982939]",
74,"[4.802565,1.678098,3.982942]",
75,"[4.801857,1.680059,3.982946]",
76,"[4.801435,1.680998,3.982948]",
77,"[4.800831,1.68199,3.98295]",
78,"[4.800593,1.682149,3.982951]",
79,"[4.800353,1.681939,3.98295]",
80,"[4.8003,1.681865,3.98295]",
81,"[4.800248,1.681803,3.98295]",
82,"[4.803272,1.684279,3.982955]",
83,"[4.806023,1.686564,3.98296]",
84,"[4.854127,1.691364,3.98297]",
85,"[4.865415,1.692107,3.982971]",
86,"[4.879452,1.691955,3.982971]",
87,"[4.882205,1.691808,3.982971]",
88,"[4.884781,1.69141,3.98297]",
89,"[4.888889,1.691515,3.98297]",
90,"[4.890941,1.691376,3.98297]",
91,"[4.893326,1.690476,3.982968]",
92,"[4.897458,1.68992,3.982967]",
93,"[4.90388,1.688938,3.982965]",
94,"[4.904572,1.688483,3.982964]",
95,"[4.890616,1.675221,3.982936]",
96,"[4.880647,1.666102,3.982917]",
97,"[4.869724,1.658566,3.982901]",
98,"[4.857925,1.649955,3.982883]",
99,"[4.854419,1.647407,3.982878]",
100,"[4.849747,1.644205,3.982871]",
101,"[4.848292,1.643362,3.982869]",
102,"[4.846142,1.641848,3.982866]",
103,"[4.845326,1.641164,3.982865]",
104,"[4.841852,1.640193,3.982863]",
105,"[4.839723,1.639821,3.982862]",
106,"[4.837851,1.639447,3.982861]",
107,"[4.83477,1.63873,3.98286]",
108,"[4.83346,1.638362,3.982859]",
109,"[4.860071,1.629074,3.982839]",
110,"[4.868047,1.626123,3.982833]",
111,"[4.897795,1.614546,3.982809]",
112,"[4.905824,1.612795,3.982805]",
113,"[4.912253,1.611363,3.982802]",
114,"[4.92153,1.608588,3.982796]",
115,"[4.925155,1.607412,3.982794]",
116,"[4.933642,1.605286,3.98279]",
117,"[4.940207,1.603882,3.982787]",
118,"[4.948817,1.601857,3.982782]",
119,"[4.99795,1.595094,3.982768]",
120,"[5.019681,1.591537,3.982761]",
121,"[5.067403,1.58742,3.982752]",
122,"[5.079732,1.586142,3.982749]",
123,"[5.095677,1.585957,3.982749]",
124,"[5.101377,1.586713,3.982751]",
125,"[5.109423,1.588525,3.982754]",
126,"[5.11266,1.589447,3.982756]",
127,"[5.119931,1.590968,3.982759]",
128,"[5.123901,1.591684,3.982761]",
129,"[5.12585,1.592187,3.982762]",
130,"[5.130643,1.593251,3.982764]",
131,"[5.133369,1.593857,3.982766]",
132,"[5.140663,1.596831,3.982772]",
133,"[5.144867,1.5989,3.982776]",
134,"[5.273907,1.61509,3.98281]",
135,"[5.29378,1.617809,3.982816]",
136,"[5.310165,1.623784,3.982828]",
137,"[5.332451,1.628359,3.982838]",
138,"[5.341044,1.628599,3.982838]",
139,"[5.352034,1.629001,3.982839]",
140,"[5.356395,1.629286,3.98284]",
141,"[5.364635,1.629583,3.982841]",
142,"[5.369205,1.62892,3.982839]",
143,"[5.375745,1.62824,3.982838]",
144,"[5.378115,1.627562,3.982836]",
145,"[5.38013,1.62696,3.982835]",
146,"[5.382393,1.62595,3.982833]",
147,"[5.38318,1.62558,3.982832]",
148,"[5.384358,1.624919,3.982831]",
149,"[5.384941,1.624556,3.98283]",
150,"[5.387415,1.623903,3.982829]",
151,"[5.38924,1.623663,3.982828]",
152,"[5.390768,1.623491,3.982828]",
153,"[5.402334,1.629018,3.982839]",
154,"[5.412947,1.631611,3.982845]",
155,"[5.425382,1.634602,3.982851]",
156,"[5.430207,1.635649,3.982853]",
157,"[5.439302,1.637427,3.982857]",
158,"[5.442842,1.638178,3.982858]",
159,"[5.445698,1.638812,3.98286]",
160,"[5.449984,1.639966,3.982862]",
161,"[5.451956,1.64012,3.982862]",
162,"[5.454566,1.640398,3.982863]",
163,"[5.455476,1.640529,3.982863]",
164,"[5.456295,1.640717,3.982864]",
165,"[5.45647,1.640794,3.982864]",
166,"[5.456731,1.640723,3.982864]",
167,"[5.456752,1.640686,3.982864]",
168,"[5.456713,1.640653,3.982864]",
169,"[5.456609,1.640736,3.982864]",
170,"[5.457482,1.640722,3.982864]",
171,"[5.458548,1.64082,3.982864]",
172,"[5.464021,1.640255,3.982863]",
173,"[5.471597,1.639164,3.982861]",
174,"[5.474483,1.638378,3.982859]",
175,"[5.476753,1.637754,3.982858]",
176,"[5.479285,1.636908,3.982856]",
177,"[5.480426,1.636572,3.982855]",
178,"[5.482024,1.636137,3.982854]",
179,"[5.485705,1.635326,3.982852]",
180,"[5.490657,1.633554,3.982849]",
181,"[5.492291,1.632641,3.982847]",
182,"[5.494436,1.630883,3.982843]",
183,"[5.439404,1.630265,3.982842]",
184,"[5.413694,1.629871,3.982841]",
185,"[4.993542,1.68246,3.982951]",
186,"[4.968963,1.685262,3.982957]",
187,"[4.802574,1.710379,3.98301]",
188,"[4.76199,1.716347,3.983022]",
189,"[4.729275,1.721324,3.983033]",
190,"[4.718403,1.722981,3.983036]",
191,"[4.710452,1.723616,3.983037]",
192,"[4.699825,1.724478,3.983039]",
193,"[4.69596,1.724791,3.98304]",
194,"[4.691696,1.726029,3.983042]",
195,"[4.690005,1.726543,3.983043]",
196,"[4.689536,1.727327,3.983045]",
197,"[4.68929,1.727715,3.983046]",
198,"[4.689033,1.728096,3.983047]",
199,"[4.670938,1.734186,3.98306]",
200,"[4.658243,1.738172,3.983068]",
201,"[4.636727,1.744015,3.98308]",
202,"[4.625192,1.746723,3.983086]",
203,"[4.612762,1.748273,3.983089]",
204,"[4.609338,1.748143,3.983089]",
205,"[4.604509,1.749629,3.983092]",
206,"[4.602511,1.750311,3.983093]",
207,"[4.600594,1.750988,3.983095]",
208,"[4.599186,1.751119,3.983095]",
209,"[4.598475,1.751164,3.983095]",
210,"[4.58147,1.68621,3.982959]",
211,"[4.574104,1.657439,3.982899]",
212,"[4.557719,1.575133,3.982726]",
213,"[4.556476,1.55906,3.982693]",
214,"[4.555584,1.548351,3.98267]",
215,"[4.554596,1.534703,3.982642]",
216,"[4.5543,1.529624,3.982631]",
217,"[4.553999,1.525328,3.982622]",
218,"[4.553834,1.523651,3.982619]",
219,"[4.553393,1.52157,3.982614]",
220,"[4.553197,1.520811,3.982613]",
221,"[4.553081,1.519507,3.98261]",
222,"[4.553138,1.518987,3.982609]",
223,"[4.553174,1.518578,3.982608]",
224,"[4.553071,1.516958,3.982605]",
225,"[4.553508,1.516075,3.982603]",
226,"[4.554042,1.514872,3.9826]",
227,"[4.553823,1.514427,3.982599]",
228,"[4.553475,1.513268,3.982597]",
229,"[4.553362,1.512522,3.982595]",
230,"[4.553283,1.512267,3.982595]",
231,"[4.55301,1.511709,3.982594]",
232,"[4.55283,1.511391,3.982593]",
233,"[4.552898,1.510873,3.982592]",
234,"[4.552817,1.510894,3.982592]",
235,"[4.548804,1.519708,3.98261]",
236,"[4.545824,1.526075,3.982624]",
237,"[4.543421,1.530853,3.982634]",
238,"[4.537543,1.615522,3.982811]",
239,"[4.536484,1.637534,3.982857]",
240,"[4.534703,1.661193,3.982907]",
241,"[4.533812,1.668856,3.982923]",
242,"[4.527792,1.681527,3.982949]",
243,"[4.525649,1.685889,3.982958]",
244,"[4.523728,1.691496,3.98297]",
245,"[4.52294,1.693756,3.982975]",
246,"[4.522291,1.695576,3.982979]",
247,"[4.521115,1.699644,3.982987]",
248,"[4.520629,1.701249,3.982991]",
249,"[4.520185,1.704855,3.982998]",
250,"[4.520001,1.706315,3.983001]",
251,"[4.519767,1.708528,3.983006]",
252,"[4.5197,1.709078,3.983007]",
253,"[4.51966,1.709542,3.983008]",
254,"[4.518896,1.710699,3.98301]",
255,"[4.518546,1.711223,3.983011]",
256,"[4.518077,1.711423,3.983012]",
257,"[4.517852,1.712107,3.983013]",
258,"[4.517606,1.714258,3.983018]",
259,"[4.517555,1.71556,3.983021]",
260,"[4.518217,1.717513,3.983025]",
261,"[4.51889,1.718351,3.983027]",
262,"[4.542458,1.681269,3.982949]",
263,"[4.625032,1.475816,3.982518]",
264,"[4.639014,1.437976,3.982439]",
265,"[4.686839,1.347147,3.982249]",
266,"[4.703515,1.31732,3.982187]",
267,"[4.730212,1.253921,3.936365]",
268,"[4.735437,1.240372,3.930856]",
269,"[4.738987,1.225509,3.94419]",
270,"[4.745338,1.205824,3.957912]",
271,"[4.748487,1.19941,3.957912]",
272,"[4.752866,1.19156,3.957912]",
273,"[4.754674,1.188441,3.957912]",
274,"[4.754165,1.043589,4.478675]",
275,"[4.754326,1.042641,4.478675]",
276,"[4.754506,1.041674,4.478675]",
277,"[4.756037,1.039328,4.478675]",
278,"[4.757283,1.038015,4.478675]",
279,"[4.759443,1.03591,4.478675]",
280,"[4.760297,1.035553,4.478675]",
281,"[4.761827,1.03478,4.478675]",
282,"[4.762704,1.033726,4.478675]",
283,"[4.764587,1.030801,4.478675]",
284,"[4.76823,1.188573,3.89813]",
285,"[4.768858,1.188573,3.893467]",
286,"[4.771008,1.188573,3.882688]",
287,"[4.771855,1.188573,3.879234]",
288,"[4.77359,1.188573,3.873539]",
289,"[4.774353,1.188279,3.872773]",
290,"[4.775551,1.18789,3.87266]",
291,"[4.775887,1.187991,3.872629]",
292,"[4.77769,1.188573,3.889837]",
293,"[4.784024,1.035459,4.478675]",
294,"[4.802133,1.327156,3.982207]",
295,"[4.829528,1.457207,3.982479]",
296,"[4.83735,1.488931,3.982546]",
297,"[4.847774,1.521554,3.982614]",
298,"[4.851046,1.53131,3.982635]",
299,"[4.855844,1.543707,3.982661]",
300,"[4.860655,1.548962,3.982672]",
301,"[4.864665,1.553009,3.98268]",
302,"[4.872654,1.561518,3.982698]",
303,"[4.876234,1.565389,3.982706]",
304,"[4.885383,1.573507,3.982723]",
305,"[4.89045,1.576729,3.98273]",
306,"[4.898021,1.581194,3.982739]",
307,"[4.901093,1.582543,3.982742]",
308,"[4.903845,1.583691,3.982744]",
309,"[4.903984,1.58498,3.982747]",
310,"[4.904118,1.585596,3.982748]",
311,"[4.895879,1.624992,3.982831]",
312,"[4.893815,1.635782,3.982853]",
313,"[4.889883,1.647978,3.982879]",
314,"[4.8879,1.652157,3.982888]",
315,"[4.886603,1.655385,3.982894]",
316,"[4.885286,1.659916,3.982904]",
317,"[4.884994,1.661808,3.982908]",
318,"[4.885149,1.665045,3.982915]",
319,"[4.885725,1.667595,3.98292]",
320,"[4.887491,1.672802,3.982931]",
321,"[4.888696,1.675534,3.982937]",
322,"[4.89074,1.680547,3.982947]",
323,"[4.892002,1.682804,3.982952]",
324,"[4.893146,1.684692,3.982956]",
325,"[4.895187,1.686326,3.982959]",
326,"[4.895998,1.68603,3.982959]",
327,"[4.897808,1.685473,3.982958]",
328,"[4.898924,1.685179,3.982957]",
329,"[4.900742,1.685179,3.982957]",
330,"[4.901702,1.685191,3.982957]",
331,"[4.902847,1.685188,3.982957]",
332,"[4.906084,1.685174,3.982957]",
333,"[4.908195,1.68513,3.982957]",
334,"[4.948613,1.703392,3.982995]",
335,"[4.960461,1.708103,3.983005]",
336,"[4.978579,1.715619,3.983021]",
337,"[4.985067,1.717124,3.983024]",
338,"[4.993214,1.717829,3.983025]",
339,"[4.995555,1.717412,3.983024]",
340,"[4.998366,1.716899,3.983023]",
341,"[5.003069,1.716127,3.983022]",
342,"[5.003946,1.716,3.983021]",
343,"[5.006036,1.715786,3.983021]",
344,"[5.007464,1.716285,3.983022]",
345,"[5.009285,1.716332,3.983022]",
346,"[5.009712,1.715801,3.983021]",
347,"[5.010288,1.715148,3.98302]",
348,"[5.011,1.715321,3.98302]",
349,"[4.941794,1.728028,3.983047]",
350,"[4.870488,1.747119,3.983087]",
351,"[4.845527,1.75509,3.983103]",
352,"[4.819682,1.7629,3.98312]",
353,"[4.810755,1.765163,3.983124]",
354,"[4.811007,1.738194,3.983068]",
355,"[4.83798,1.712771,3.983015]",
356,"[4.850704,1.698742,3.982985]",
357,"[4.870008,1.680885,3.982948]",
358,"[4.877149,1.674478,3.982934]",
359,"[4.886939,1.665715,3.982916]",
360,"[4.88936,1.660581,3.982905]",
361,"[4.889552,1.65041,3.982884]",
362,"[4.888414,1.646088,3.982875]",
363,"[4.882643,1.633808,3.982849]",
364,"[4.878352,1.626445,3.982834]",
365,"[4.873097,1.617505,3.982815]",
366,"[4.864161,1.603471,3.982786]",
367,"[4.863081,1.600676,3.98278]",
368,"[4.856504,1.59039,3.982758]",
369,"[4.846341,1.583372,3.982744]",
370,"[4.825237,1.567853,3.982711]",
371,"[4.814019,1.55996,3.982695]",
372,"[4.803015,1.551771,3.982677]",
373,"[4.782958,1.536847,3.982646]",
374,"[4.671096,1.433832,3.98243]",
375,"[4.626698,1.370229,3.982297]",
376,"[4.61434,1.35679,3.982269]",
377,"[4.595941,1.341031,3.982236]",
378,"[4.586325,1.335232,3.982224]",
379,"[4.575127,1.328434,3.98221]",
380,"[4.485706,1.262486,3.945694]",
381,"[4.449549,1.234393,3.936348]",
382,"[4.303414,1.087437,3.917041]",
383,"[4.264132,1.046687,3.920733]",
384,"[4.098009,0.883662,3.943803]",
385,"[4.074559,0.8626179,3.925219]",
386,"[3.835632,0.6483049,4.192096]",
387,"[3.792344,0.6391121,4.091921]",
388,"[3.786909,0.6481498,4.037073]",
389,"[3.785379,0.6925373,3.922536]",
390,"[3.761687,0.6885559,3.906419]",
391,"[3.736706,0.6995545,3.861173]",
392,"[3.730598,0.698535,3.861173]",
393,"[3.695558,0.6826513,3.871243]",
394,"[3.69155,0.6823509,3.869111]",
395,"[3.683829,0.6809177,3.865004]",
396,"[3.677696,0.6794229,3.861741]",
397,"[3.677958,0.680857,3.861881]",
398,"[3.674876,0.6834881,3.860241]",
399,"[3.67165,0.6872261,3.858525]",
400,"[3.664897,0.6924824,3.854933]",
401,"[3.659348,0.6925373,3.856401]",
402,"[3.651825,0.6925373,3.856425]",
403,"[3.632632,0.6925373,3.85024]",
404,"[3.624321,0.6925373,3.838694]",
405,"[3.608207,0.6881539,3.824778]",
406,"[3.599971,0.6845526,3.820397]",
407,"[3.587222,0.6792275,3.813615]",
408,"[3.582083,0.6767123,3.810882]",
409,"[3.57976,0.6770185,3.809646]",
410,"[3.576245,0.6764741,3.807776]",
411,"[3.575698,0.6768793,3.807485]",
412,"[3.576476,0.6786957,3.807899]",
413,"[3.577188,0.6803946,3.808278]",
414,"[3.576511,0.6831692,3.807918]",
415,"[3.575074,0.6841936,3.807153]",
416,"[3.579101,0.6870545,3.809296]",
417,"[3.590302,0.691719,3.815253]",
418,"[3.594572,0.6925373,3.822116]",
419,"[3.601356,0.6925373,3.836296]",
420,"[3.604822,0.6925373,3.843055]",
421,"[3.618718,0.6952314,3.861173]",
422,"[3.64016,0.7059331,3.861173]",
423,"[3.661324,0.7130653,3.870792]",
424,"[3.667058,0.7130653,3.878279]",
425,"[3.674273,0.7130653,3.881]",
426,"[3.687579,0.7130653,3.885529]",
427,"[3.69407,0.7130653,3.88775]",
428,"[3.707848,0.7130653,3.892925]",
429,"[3.716906,0.7130653,3.896452]",
430,"[3.734581,0.7130653,3.905487]",
431,"[3.743247,0.712723,3.911599]",
432,"[3.744807,0.6925373,3.958864]",
433,"[3.760182,0.6925373,3.9669]",
434,"[3.775708,0.6925373,3.979166]",
435,"[3.805063,0.6925373,4.002673]",
436,"[3.773098,0.6439603,4.102204]",
437,"[3.793928,0.6442088,4.113945]",
438,"[3.819204,0.6446628,4.129027]",
439,"[3.504123,0.2222472,4.935873]",
440,"[4.057612,0.7909236,3.927115]",
441,"[4.190845,0.8063405,3.923402]",
442,"[4.463065,0.8529086,3.902034]",
443,"[4.524056,0.8614893,3.896301]",
444,"[4.666116,0.8376186,3.882947]",
445,"[4.731415,0.8335044,3.876809]",
446,"[4.814886,0.8297076,3.868963]",
447,"[4.851249,0.833917,3.856987]",
448,"[4.890255,0.8320916,3.861638]",
449,"[4.901711,0.8342412,3.863004]",
450,"[4.906353,0.8347042,3.863557]",
451,"[4.933737,0.8377946,3.866822]",
452,"[4.934077,0.8403771,3.866863]",
453,"[4.947552,0.8494892,3.86847]",
454,"[4.947989,0.8527018,3.868522]",
455,"[4.962424,0.8598567,3.870243]",
456,"[4.977357,0.8633294,3.872024]",
457,"[5.188652,0.8663172,3.897219]",
458,"[5.474299,0.8642843,3.931281]",
459,"[5.547498,0.8497529,3.957725]",
460,"[5.239427,1.162457,3.348325]",
461,"[5.245558,1.174929,3.319227]",
462,"[5.24776,1.185008,3.308781]",
463,"[5.251188,1.195925,3.292511]",
464,"[5.255527,1.213201,3.271923]",
465,"[5.255192,1.218091,3.27351]",
466,"[5.255662,1.224252,3.271283]",
467,"[5.259521,1.23483,3.252969]",
468,"[5.262496,1.238804,3.238849]",
469,"[5.318376,1.156345,3.138324]",
470,"[5.451908,1.025304,3.166463]",
471,"[5.55931,0.9290288,3.189096]",
472,"[5.610283,0.8877904,3.199838]",
473,"[5.625177,0.8775966,3.183808]",
474,"[5.631589,0.8776413,3.154986]",
475,"[5.631363,0.8774214,3.15455]",
476,"[5.63832,0.8802316,3.141599]",
477,"[5.640817,0.8823807,3.144518]",
478,"[5.664607,0.8966303,3.135507]",
479,"[5.690188,0.9106377,3.119911]",
480,"[5.95,1.054475,2.937063]",
481,"[5.553485,1.237474,2.823598]",
482,"[5.554103,1.248578,2.805902]",
483,"[5.671817,1.328948,2.633433]",
484,"[5.755915,1.313615,2.614688]",
485,"[5.854689,1.293193,2.592861]",
486,"[5.858841,1.291396,2.591979]",
487,"[5.84236,1.292124,2.595722]",
488,"[5.735403,1.311752,2.619452]",
489,"[5.703816,1.316387,2.626504]",
490,"[5.629294,1.325422,2.643515]",
491,"[5.606761,1.326329,2.64884]",
492,"[5.553084,1.33071,2.667545]",
493,"[5.552772,1.327206,2.669464]",
494,"[5.557518,1.312294,2.670404]",
495,"[5.95,0.9779661,2.694491]",
496,"[5.95,0.9396142,2.692284]",
497,"[5.95,0.6985539,2.673365]",
498,"[5.95,0.6302094,2.66346]",
499,"[5.634871,0.7800756,2.653211]",
500,"[5.606343,0.7800756,2.65147]",
501,"[5.576019,0.7793666,2.64578]",
502,"[5.578054,0.7800756,2.644252]",
503,"[5.593875,0.7800756,2.640922]",
504,"[5.604515,0.7800756,2.638503]",
505,"[5.613198,0.7800756,2.635074]",
506,"[5.637533,0.7800756,2.623025]",
507,"[5.645802,0.7800756,2.616547]",
508,"[5.80739,0.6622185,2.597072]",
509,"[5.814098,0.6622185,2.593523]",
510,"[5.820635,0.6622185,2.590076]",
511,"[5.821578,0.6622185,2.589804]",
512,"[5.824953,0.6622185,2.593688]",
513,"[5.825887,0.6622185,2.594585]",
514,"[5.825038,0.6622185,2.593315]",
515,"[5.78312,0.6910964,2.559295]",
516,"[5.599989,0.8396971,2.5529]",
517,"[5.53909,0.8778124,2.484317]",
518,"[5.53781,0.8726847,2.467895]",
519,"[5.536554,0.8665863,2.446662]",
520,"[5.536332,0.8605703,2.436716]",
521,"[5.536511,0.8582464,2.435737]",
522,"[5.536968,0.8511097,2.430834]",
523,"[5.537663,0.8463576,2.426753]",
524,"[5.537947,0.8425749,2.426246]",
525,"[5.53848,0.8387413,2.423229]",
526,"[5.53926,0.8310615,2.420138]",
527,"[5.539209,0.8312736,2.420522]",
528,"[5.539208,0.8311278,2.420631]",
529,"[5.539039,0.8316022,2.42205]",
530,"[5.539025,0.8316346,2.422173]",
531,"[5.538653,0.8365213,2.422873]",
532,"[5.538469,0.839334,2.422972]",
533,"[5.537915,0.847763,2.423286]",
534,"[5.53755,0.8536741,2.423269]",
535,"[5.536994,0.8639789,2.422416]",
536,"[5.536739,0.8693919,2.421589]",
537,"[5.536473,0.8744249,2.42119]",
538,"[5.536345,0.8836082,2.418385]",
539,"[5.535986,0.8883265,2.419129]",
540,"[5.535506,0.8951603,2.419922]",
541,"[5.535271,0.8989995,2.420103]",
542,"[5.535675,0.905966,2.414228]",
543,"[5.535967,0.9090824,2.410763]",
544,"[5.536339,0.9106573,2.407335]",
545,"[5.536674,0.9124534,2.404094]",
546,"[5.537053,0.9126905,2.401161]",
547,"[5.537863,0.9132876,2.394854]",
548,"[5.538277,0.913722,2.391582]",
549,"[5.54229,0.9093556,2.363356]",
550,"[5.544267,0.9066579,2.349673]",
551,"[5.849561,0.6622186,2.263564]",
552,"[5.849088,0.6622185,2.260486]",
553,"[5.848356,0.6622185,2.257365]",
554,"[5.848013,0.6622186,2.255369]",
555,"[5.847881,0.6622186,2.254114]",
556,"[5.846598,0.6622186,2.252318]",
557,"[5.846659,0.6622186,2.252657]",
558,"[5.84761,0.6622186,2.252968]",
559,"[5.848739,0.6622185,2.253026]",
560,"[5.849981,0.6622186,2.253012]",
561,"[5.85424,0.6622186,2.254208]",
562,"[5.857097,0.6622186,2.255343]",
563,"[5.862859,0.6622186,2.257251]",
564,"[5.867,0.6622185,2.259393]",
565,"[5.874576,0.6622185,2.263497]",
566,"[5.878108,0.6622186,2.265485]",
567,"[5.879593,0.6622186,2.27527]",
568,"[5.54577,0.9198882,2.335112]",
569,"[5.544755,0.9214546,2.339953]",
570,"[5.543778,0.9226894,2.346755]",
571,"[5.543385,0.9229107,2.34961]",
572,"[5.542906,0.9228722,2.353203]",
573,"[5.542048,0.9230561,2.357926]",
574,"[5.561171,0.906163,2.360134]",
575,"[5.292432,1.112147,2.384873]",
576,"[5.287603,1.116267,2.387465]",
577,"[5.288816,1.115722,2.389731]",
578,"[5.289229,1.115432,2.390401]",
579,"[5.290054,1.115703,2.391615]",
580,"[5.290562,1.115325,2.39194]",
581,"[5.290967,1.115042,2.392513]",
582,"[5.291143,1.114834,2.392784]",
583,"[5.291438,1.114567,2.392976]",
584,"[5.29282,1.113186,2.391899]",
585,"[5.293942,1.112229,2.391882]",
586,"[5.29575,1.110101,2.389649]",
587,"[5.295926,1.109061,2.38818]",
588,"[5.295533,1.10797,2.385713]",
589,"[5.295321,1.107555,2.384633]",
590,"[5.294586,1.107116,2.382806]",
591,"[5.294235,1.106922,2.381891]",
592,"[5.293813,1.105959,2.382101]",
593,"[5.293994,1.105408,2.38216]",
594,"[5.29497,1.104308,2.381477]",
595,"[5.303417,1.097655,2.381408]",
596,"[5.873163,0.6622186,2.37381]",
597,"[5.872523,0.6622186,2.373652]",
598,"[5.871694,0.6622186,2.373623]",
599,"[5.870557,0.6622186,2.373349]",
600,"[5.869522,0.6622186,2.37321]",
601,"[5.868116,0.6622186,2.373097]",
602,"[5.865416,0.6622185,2.372076]",
603,"[5.864116,0.6622185,2.371084]",
604,"[5.849339,0.6622186,2.339586]",
605,"[5.846069,0.6622185,2.330745]",
606,"[5.843558,0.6622186,2.320081]",
607,"[5.842092,0.6622185,2.315131]",
608,"[5.840447,0.6622186,2.307627]",
609,"[5.839292,0.6622186,2.30391]",
610,"[5.837596,0.6622186,2.300613]",
611,"[5.833244,0.6622185,2.293868]",
612,"[5.830274,0.6622186,2.28915]",
613,"[5.823285,0.6622186,2.280888]",
614,"[5.819143,0.6622186,2.276643]",
615,"[5.813076,0.6622185,2.270193]",
616,"[5.810826,0.6622186,2.267408]",
617,"[5.810311,0.6622185,2.265051]",
618,"[5.810432,0.6622185,2.26181]",
619,"[5.810961,0.6622186,2.260493]",
620,"[5.813155,0.6622186,2.258724]",
621,"[5.815026,0.6622185,2.258159]",
622,"[5.819313,0.6622186,2.257166]",
623,"[5.821954,0.6622185,2.257136]",
624,"[5.823515,0.6622185,2.259788]",
625,"[5.823924,0.6622185,2.260771]",
626,"[5.824072,0.6622186,2.262192]",
627,"[5.823557,0.6622186,2.268189]",
628,"[5.823214,0.6622186,2.272399]",
629,"[5.739645,0.6622186,2.32369]",
630,"[5.714211,0.6622186,2.337928]",
631,"[5.69165,0.6622186,2.352768]",
632,"[5.683473,0.6622185,2.355645]",
633,"[5.677681,0.6622186,2.35819]",
634,"[5.669734,0.6622186,2.359697]",
635,"[5.666412,0.6622186,2.360884]",
636,"[5.66303,0.6622185,2.36255]",
637,"[5.660757,0.6622186,2.360976]",
638,"[5.658676,0.6622185,2.359611]",
639,"[5.331692,0.9888493,2.398769]",
640,"[5.332325,0.9879131,2.398522]",
641,"[5.549129,0.7684208,2.369991]",
642,"[5.549118,0.7698876,2.369482]",
643,"[5.548982,0.7740244,2.368802]",
644,"[5.548936,0.7780304,2.367498]",
645,"[5.549937,0.8312507,2.34577]",
646,"[5.555437,0.8485914,2.335712]",
647,"[5.558509,0.8586421,2.330029]",
648,"[5.814736,0.6780707,2.246867]",
649,"[5.596,0.871209,2.293327]",
650,"[5.596,0.881429,2.286644]",
651,"[5.596,0.8866912,2.283199]",
652,"[5.596,0.8956918,2.277387]",
653,"[5.596,0.8999684,2.274603]",
654,"[5.596,0.9061992,2.269367]",
655,"[5.905908,0.6622185,2.179121]",
656,"[5.910102,0.6622185,2.176893]",
657,"[5.950001,0.6395261,2.162649]",
658,"[5.950001,0.6452455,2.160661]",
659,"[5.950001,0.6533762,2.156418]",
660,"[5.950001,0.6593044,2.15346]",
661,"[5.950001,0.6680345,2.145042]",
662,"[5.950001,0.6681415,2.141712]",
663,"[5.950001,0.6697522,2.138511]",
664,"[5.950001,0.676519,2.135587]",
665,"[5.950001,0.6822736,2.134016]",
666,"[5.950001,0.6870048,2.131531]",
667,"[5.950001,0.6910476,2.133391]",
668,"[5.950001,0.7023891,2.135998]",
669,"[5.950001,0.7042684,2.137081]",
670,"[5.950001,0.7087052,2.13863]",
671,"[5.950001,0.7113409,2.139269]",
672,"[5.950001,0.7143829,2.139593]",
673,"[5.950001,0.7198673,2.140835]",
674,"[5.950001,0.7221553,2.143827]",
675,"[5.950001,0.7215971,2.149098]",
676,"[5.950001,0.7193925,2.151352]",
677,"[5.950001,0.7152687,2.154813]",
678,"[5.950001,0.7130024,2.156223]",
679,"[5.950001,0.706212,2.161073]",
680,"[5.950001,0.6934074,2.167932]",
681,"[5.950001,0.6814829,2.171669]",
682,"[5.950001,0.6622969,2.176529]",
683,"[5.950001,0.6535382,2.178204]",
684,"[5.596,0.9226272,2.277273]",
685,"[5.596,0.9184771,2.278172]",
686,"[5.596,0.9177608,2.278416]",
687,"[5.596,0.9159108,2.275586]",
688,"[5.596,0.9151132,2.273077]",
689,"[5.910592,0.6622185,2.181755]",
690,"[5.950001,0.6327364,2.167806]",
691,"[5.950001,0.6416365,2.161876]",
692,"[5.950001,0.6499943,2.157427]",
693,"[5.950001,0.6735907,2.149796]",
694,"[5.950001,0.7016001,2.144329]",
695,"[5.950001,0.7252885,2.139925]",
696,"[5.574711,1.256506,2.215771]",
697,"[5.586373,1.264227,2.209584]",
698,"[5.59332,1.327031,2.201]",
699,"[5.59332,1.33995,2.197949]",
700,"[5.59332,1.356668,2.194713]",
701,"[5.59332,1.363663,2.193647]",
702,"[5.59332,1.369524,2.192631]",
703,"[5.59332,1.370056,2.192431]",
704,"[5.59332,1.370007,2.192618]",
705,"[5.59332,1.36903,2.195253]",
706,"[5.59332,1.368501,2.197092]",
707,"[5.59332,1.368432,2.199865]",
708,"[5.59332,1.368762,2.201052]",
709,"[5.59332,1.368339,2.203332]",
710,"[5.59332,1.368479,2.206572]",
711,"[5.59332,1.368498,2.208094]",
712,"[5.59332,1.366231,2.212092]",
713,"[5.59332,1.364541,2.214147]",
714,"[5.59332,1.360396,2.219234]",
715,"[5.59332,1.359025,2.221253]",
716,"[5.59332,1.356693,2.224784]",
717,"[5.59332,1.355793,2.225435]",
718,"[5.59332,1.355011,2.226069]",
719,"[5.59332,1.353769,2.227357]",
720,"[5.59332,1.353305,2.228072]",
721,"[5.59332,1.351769,2.230605]",
722,"[5.59332,1.351176,2.231881]",
723,"[5.59332,1.350514,2.234187]",
724,"[5.59332,1.350298,2.235152]",
725,"[5.59332,1.350214,2.235984]",
726,"[5.59332,1.350069,2.236508]",
727,"[5.59332,1.350052,2.236828]",
728,"[5.59332,1.34975,2.236779]",
729,"[5.59332,1.349461,2.236222]",
730,"[5.59332,1.349235,2.235286]",
731,"[5.59332,1.349312,2.234827]",
732,"[5.59332,1.349384,2.233955]",
733,"[5.59332,1.349434,2.233446]",
734,"[5.59332,1.349428,2.232525]",
735,"[5.59332,1.349003,2.230479]",
736,"[5.59332,1.348117,2.228787]",
737,"[5.59332,1.345553,2.225365]",
738,"[5.59332,1.343975,2.223628]",
739,"[5.59332,1.340093,2.220363]",
740,"[5.59332,1.338795,2.219209]",
741,"[5.59332,1.336486,2.217396]",
742,"[5.59332,1.336327,2.217298]",
743,"[5.59332,1.336118,2.217175]",
744,"[5.59332,1.335629,2.217461]",
745,"[5.59332,1.335423,2.217741]",
746,"[5.59332,1.335352,2.21802]",
747,"[5.59332,1.335428,2.21812]",
748,"[5.59332,1.335654,2.218134]",
749,"[5.59332,1.335926,2.218107]",
750,"[5.59332,1.336298,2.218007]",
751,"[5.59332,1.337523,2.217742]",
752,"[5.59332,1.338528,2.217675]",
753,"[5.59332,1.341144,2.217467]",
754,"[5.59332,1.341852,2.21768]",
755,"[5.59332,1.342464,2.217122]",
756,"[5.59332,1.342655,2.216927]",
757,"[5.59332,1.342846,2.216764]",
758,"[5.59332,1.34299,2.216708]",
759,"[5.59332,1.34357,2.218434]",
760,"[5.59332,1.344753,2.222255]",
761,"[5.59332,1.345206,2.224319]",
762,"[5.59332,1.34457,2.223659]",
763,"[5.59332,1.344297,2.223637]",
764,"[5.59332,1.343035,2.223552]",
765,"[5.59332,1.342438,2.223797]",
766,"[5.59332,1.342323,2.226353]",
767,"[5.59332,1.341178,2.231881]",
768,"[5.59332,1.340033,2.235052]",
769,"[5.57596,1.346512,2.275225]",
770,"[5.57596,1.347506,2.290353]",
771,"[5.577274,1.343749,2.323566]",
772,"[5.581209,1.343925,2.330656]",
773,"[5.612693,1.33675,2.332421]",
774,"[5.626747,1.334072,2.332421]",
775,"[5.640208,1.331633,2.332421]",
776,"[5.652047,1.330594,2.33242]",
777,"[5.658927,1.330088,2.33242]",
778,"[5.659804,1.32974,2.33242]",
779,"[5.659078,1.331052,2.33242]",
780,"[5.655128,1.334781,2.33242]",
781,"[5.632037,1.343449,2.337214]",
782,"[5.584046,1.359803,2.347713]",
783,"[5.642268,1.34557,2.332421]",
784,"[5.642758,1.34555,2.332421]",
785,"[5.644119,1.345394,2.332421]",
786,"[5.645342,1.345399,2.332421]",
787,"[5.646362,1.345096,2.332421]",
788,"[5.649887,1.344386,2.332421]",
789,"[5.652317,1.343948,2.33242]",
790,"[5.666451,1.339298,2.332421]",
791,"[5.677931,1.335143,2.332421]",
792,"[5.693249,1.327268,2.332702]",
793,"[5.678459,1.331254,2.33625]",
794,"[5.671412,1.333012,2.33853]",
795,"[5.670803,1.333172,2.338762]",
796,"[5.671193,1.333065,2.338722]",
797,"[5.672544,1.332756,2.338546]",
798,"[5.677746,1.331996,2.335007]",
799,"[5.662878,1.33894,2.332421]",
800,"[5.647222,1.345286,2.332421]",
801,"[5.651007,1.344939,2.332421]",
802,"[5.652494,1.344819,2.332421]",
803,"[5.65696,1.343553,2.332421]",
804,"[5.658833,1.342821,2.332421]",
805,"[5.660041,1.342293,2.332421]",
806,"[5.662743,1.339345,2.332421]",
807,"[5.664616,1.336378,2.332421]",
808,"[5.677961,1.326933,2.332421]",
809,"[5.688649,1.320603,2.332421]",
810,"[5.705349,1.309736,2.332421]",
811,"[5.712402,1.304665,2.332421]",
812,"[5.723323,1.295922,2.332421]",
813,"[5.727872,1.291742,2.332421]",
814,"[5.748855,1.281414,2.33242]",
815,"[5.759465,1.28181,2.33242]",
816,"[5.745305,1.290675,2.33242]",
817,"[5.724654,1.301014,2.332421]",
818,"[5.713204,1.306522,2.332421]",
819,"[5.680413,1.323562,2.332421]",
820,"[5.66484,1.331326,2.332421]",
821,"[5.650004,1.338526,2.332421]",
822,"[5.582598,1.366334,2.332257]",
823,"[5.580521,1.368024,2.329862]",
824,"[5.57596,1.369167,2.316426]",
825,"[5.57596,1.369449,2.311906]",
826,"[5.557066,1.37567,2.3093]",
827,"[5.552439,1.376736,2.308098]",
828,"[5.499018,1.395622,2.314768]",
829,"[5.830323,1.269804,2.254216]",
830,"[5.81168,1.275275,2.254216]",
831,"[5.794499,1.280627,2.254216]",
832,"[5.791802,1.281728,2.254216]",
833,"[5.790627,1.282202,2.254216]",
834,"[5.433209,1.417211,2.316661]",
835,"[5.431691,1.418543,2.317692]",
836,"[5.434127,1.418097,2.318131]",
837,"[5.436013,1.41776,2.318355]",
838,"[5.813078,1.279493,2.254216]",
839,"[5.816279,1.278319,2.254216]",
840,"[5.823322,1.275682,2.254216]",
841,"[5.827262,1.274139,2.254216]",
842,"[5.834314,1.270834,2.254216]",
843,"[5.8338,1.270324,2.254216]",
844,"[5.831618,1.269481,2.254216]",
845,"[5.829042,1.268063,2.254216]",
846,"[5.825776,1.266945,2.254216]",
847,"[5.806317,1.268508,2.254216]",
848,"[5.79221,1.270674,2.254216]",
849,"[5.779992,1.271262,2.254216]",
850,"[5.768211,1.274641,2.254216]",
851,"[5.748159,1.280243,2.254216]",
852,"[5.735919,1.283803,2.254216]",
853,"[5.726273,1.286592,2.254216]",
854,"[5.709338,1.29162,2.254216]",
855,"[5.702629,1.293711,2.254216]",
856,"[5.692051,1.2977,2.254216]",
857,"[5.688642,1.29899,2.254216]",
858,"[5.683737,1.30103,2.254216]",
859,"[5.682061,1.301806,2.254216]",
860,"[5.678827,1.303276,2.254216]",
861,"[5.677088,1.304064,2.254216]",
862,"[5.676055,1.304474,2.254216]",
863,"[5.673974,1.305341,2.254216]",
864,"[5.672503,1.30597,2.254216]",
865,"[5.668383,1.308644,2.254216]",
866,"[5.665342,1.310948,2.254216]",
867,"[5.57596,1.34875,2.274382]",
868,"[5.57596,1.349562,2.273654]",
869,"[5.57596,1.350124,2.272763]",
870,"[5.57596,1.351552,2.270667]",
871,"[5.57596,1.352157,2.269873]",
872,"[5.57596,1.353263,2.268329]",
873,"[5.57596,1.353989,2.267461]",
874,"[5.57596,1.355625,2.266459]",
875,"[5.57596,1.355829,2.266056]",
876,"[5.57596,1.356119,2.265576]",
877,"[5.57596,1.356429,2.263852]",
878,"[5.575961,1.356512,2.262639]",
879,"[5.576996,1.356578,2.25964]",
880,"[5.577378,1.356748,2.258534]",
881,"[5.578124,1.357154,2.256374]",
882,"[5.578608,1.357347,2.254971]",
883,"[5.580485,1.357342,2.252482]",
884,"[5.58132,1.357407,2.251408]",
885,"[5.5822,1.357504,2.250274]",
886,"[5.58258,1.357998,2.249786]",
887,"[5.595057,1.353689,2.245791]",
888,"[5.594431,1.35499,2.243786]",
889,"[5.593987,1.355624,2.242366]",
890,"[5.59332,1.355944,2.239604]",
891,"[5.59332,1.355721,2.238028]",
892,"[5.59332,1.355506,2.236931]",
893,"[5.59332,1.355237,2.234483]",
894,"[5.59332,1.355272,2.2346]",
895,"[5.59332,1.356838,2.233609]",
896,"[5.59332,1.358853,2.232313]",
897,"[5.59332,1.363701,2.230343]",
898,"[5.59332,1.365802,2.228859]",
899,"[5.59332,1.36684,2.225932]",
900,"[5.59332,1.367274,2.224109]",
901,"[5.59332,1.367196,2.222599]",
902,"[5.584653,1.370208,2.223687]",
903,"[5.591276,1.367725,2.222029]",
904,"[5.477816,1.407558,2.2492]",
905,"[5.472819,1.409071,2.248961]",
906,"[5.475257,1.407286,2.245021]",
907,"[5.476726,1.406258,2.242923]",
908,"[5.478137,1.405259,2.240923]",
909,"[5.480539,1.404124,2.24051]",
910,"[5.481224,1.403827,2.240345]",
911,"[5.855883,1.264227,2.139906]",
912,"[5.854151,1.264227,2.140429]",
913,"[5.850996,1.264227,2.141461]",
914,"[5.849073,1.264227,2.142152]",
915,"[5.846537,1.264227,2.143282]",
916,"[5.845698,1.264227,2.143831]",
917,"[5.845019,1.264227,2.144286]",
918,"[5.842708,1.264227,2.145473]",
919,"[5.840632,1.264227,2.14652]",
920,"[5.834796,1.264227,2.148874]",
921,"[5.830668,1.264227,2.150275]",
922,"[5.829989,1.264227,2.150905]",
923,"[5.829544,1.264227,2.151098]",
924,"[5.828714,1.264227,2.150517]",
925,"[5.827783,1.264227,2.149965]",
926,"[5.827343,1.264227,2.149317]",
927,"[5.826631,1.264227,2.147989]",
928,"[5.826321,1.264227,2.147265]",
929,"[5.826209,1.264227,2.145535]",
930,"[5.826169,1.264227,2.144686]",
931,"[5.82633,1.264227,2.143697]",
932,"[5.828645,1.264227,2.141263]",
933,"[5.831146,1.264227,2.139669]",
934,"[5.833457,1.264227,2.137651]",
935,"[5.835232,1.264227,2.136273]",
936,"[5.845787,1.264227,2.130351]",
937,"[5.634611,1.35125,2.107547]",
938,"[5.630354,1.357654,2.035673]",
939,"[5.597914,1.37007,2.035673]",
940,"[5.58111,1.376709,2.035673]",
941,"[5.578642,1.378926,2.026805]",
942,"[5.578642,1.379019,2.02487]",
943,"[5.578642,1.37953,2.02218]",
944,"[5.578642,1.379939,2.021582]",
945,"[5.578642,1.380615,2.02121]",
946,"[5.578642,1.380922,2.021378]",
947,"[5.578642,1.381486,2.022171]",
948,"[5.578642,1.383385,2.025197]",
949,"[5.578642,1.384311,2.027041]",
950,"[5.578642,1.387115,2.033021]",
951,"[5.581398,1.388046,2.035673]",
952,"[5.596686,1.386736,2.035673]",
953,"[5.606196,1.385824,2.035673]",
954,"[5.612288,1.38435,2.035673]",
955,"[5.638988,1.379457,2.035673]",
956,"[5.6537,1.377222,2.035673]",
957,"[5.599981,1.414704,2.106555]",
958,"[5.59332,1.424885,2.127434]",
959,"[5.59332,1.439405,2.165204]",
960,"[5.59332,1.443823,2.180263]",
961,"[5.57596,1.456691,2.273933]",
962,"[5.671445,1.427415,2.332421]",
963,"[5.664833,1.426305,2.354971]",
964,"[5.57932,1.447577,2.455542]",
965,"[5.57932,1.447129,2.472576]",
966,"[5.5591,1.454176,2.538408]",
967,"[5.739601,1.413112,2.6206]",
968,"[5.690649,1.421803,2.633304]",
969,"[5.684141,1.422998,2.634998]",
970,"[5.67628,1.424082,2.636997]",
971,"[5.669611,1.424832,2.638672]",
972,"[5.670688,1.424114,2.638324]",
973,"[5.664,1.4242,2.639918]",
974,"[5.665945,1.423132,2.63932]",
975,"[5.678346,1.42049,2.636045]",
976,"[5.683856,1.419424,2.634604]",
977,"[5.686186,1.418901,2.633985]",
978,"[5.703404,1.414368,2.629326]",
979,"[5.706944,1.412768,2.628282]",
980,"[5.702121,1.41181,2.629299]",
981,"[5.695726,1.41208,2.630847]",
982,"[5.689477,1.411632,2.632267]",
983,"[5.689048,1.410851,2.632268]",
984,"[5.690876,1.408469,2.631528]",
985,"[5.69139,1.407456,2.631275]",
986,"[5.695745,1.405218,2.629956]",
987,"[5.702043,1.401272,2.627956]",
988,"[5.704477,1.399525,2.627155]",
989,"[5.708754,1.395916,2.625677]",
990,"[5.710965,1.394141,2.624924]",
991,"[5.712166,1.392586,2.624439]",
992,"[5.714088,1.39245,2.623967]",
993,"[5.721363,1.391286,2.622096]",
994,"[5.753823,1.382999,2.613701]",
995,"[5.785088,1.375009,2.606354]",
996,"[5.559169,1.431185,2.536416]",
997,"[5.5595,1.430238,2.526936]",
998,"[5.57932,1.416408,2.464005]",
999,"[5.57932,1.416302,2.435478]",
1000,"[5.579852,1.417737,2.414963]",
1001,"[5.584802,1.416057,2.408215]",
1002,"[5.666566,1.392295,2.392361]",
1003,"[5.665275,1.390612,2.385584]",
1004,"[5.665268,1.386096,2.385152]",
1005,"[5.665276,1.378383,2.385706]",
1006,"[5.665274,1.374469,2.385552]",
1007,"[5.665282,1.369078,2.386142]",
1008,"[5.665297,1.368461,2.387202]",
1009,"[5.665305,1.367616,2.387752]",
1010,"[5.665298,1.365696,2.387307]",
1011,"[5.665271,1.364337,2.38545]",
1012,"[5.665155,1.366749,2.377484]",
1013,"[5.665034,1.367828,2.369097]",
1014,"[5.664855,1.369557,2.356766]",
1015,"[5.664776,1.371277,2.351335]",
1016,"[5.664871,1.373528,2.342472]",
1017,"[5.666876,1.373797,2.338472]",
1018,"[5.676721,1.371477,2.332421]",
1019,"[5.658174,1.378287,2.332421]",
1020,"[5.674699,1.37532,2.332421]",
1021,"[5.666528,1.380948,2.339169]",
1022,"[5.66467,1.383699,2.343982]",
1023,"[5.664878,1.38727,2.358292]",
1024,"[5.664976,1.388483,2.364994]",
1025,"[5.665089,1.39034,2.372766]",
1026,"[5.665169,1.392752,2.378258]",
1027,"[5.665171,1.394532,2.37844]",
1028,"[5.57596,1.430304,2.299598]",
1029,"[5.57596,1.432625,2.279496]",
1030,"[5.618539,1.405277,2.035673]",
1031,"[5.601448,1.409246,2.035673]",
1032,"[5.578642,1.406215,2.001971]",
1033,"[5.578642,1.390874,1.946933]",
1034,"[5.578642,1.382637,1.924591]",
1035,"[5.626453,1.355778,1.853141]",
1036,"[5.622385,1.353123,1.849716]",
1037,"[5.618139,1.349503,1.846142]",
1038,"[5.613832,1.346875,1.842517]",
1039,"[5.616281,1.342806,1.844578]",
1040,"[5.618918,1.339965,1.846798]",
1041,"[5.619639,1.338564,1.847405]",
1042,"[5.630905,1.335002,1.856889]",
1043,"[5.632449,1.334135,1.858188]",
1044,"[5.578642,1.356201,1.925386]",
1045,"[5.578642,1.356849,1.928105]",
1046,"[5.578642,1.357368,1.929759]",
1047,"[5.578642,1.359578,1.937773]",
1048,"[5.578642,1.360729,1.94211]",
1049,"[5.578642,1.363298,1.950106]",
1050,"[5.578642,1.36678,1.961979]",
1051,"[5.578642,1.36927,1.971089]",
1052,"[5.578642,1.369813,1.973525]",
1053,"[5.549081,1.379503,1.998085]",
1054,"[5.52944,1.385368,2.013407]",
1055,"[5.527508,1.385517,2.015174]",
1056,"[5.527679,1.384817,2.015745]",
1057,"[5.52761,1.384669,2.01615]",
1058,"[5.527424,1.384581,2.016421]",
1059,"[5.527736,1.383758,2.017199]",
1060,"[5.693285,1.323713,1.909398]",
1061,"[5.693966,1.322673,1.909972]",
1062,"[5.694582,1.321244,1.91049]",
1063,"[5.694704,1.320717,1.910593]",
1064,"[5.687871,1.317119,1.904841]",
1065,"[5.677754,1.313305,1.896325]",
1066,"[5.673728,1.312288,1.892936]",
1067,"[5.667791,1.31126,1.887938]",
1068,"[5.665033,1.311044,1.885617]",
1069,"[5.662578,1.310058,1.88355]",
1070,"[5.662838,1.309251,1.883769]",
1071,"[5.663039,1.308422,1.883938]",
1072,"[5.660908,1.308896,1.882145]",
1073,"[5.658806,1.309393,1.880375]",
1074,"[5.6588,1.308664,1.88037]",
1075,"[5.658883,1.30864,1.88044]",
1076,"[5.656919,1.309449,1.878787]",
1077,"[5.655005,1.310167,1.877175]",
1078,"[5.653722,1.31063,1.876095]",
1079,"[5.654107,1.310498,1.876419]",
1080,"[5.654328,1.310493,1.876605]",
1081,"[5.654502,1.310678,1.876752]",
1082,"[5.654637,1.310353,1.876866]",
1083,"[5.654615,1.310004,1.876847]",
1084,"[5.578642,1.339531,1.919564]",
1085,"[5.578642,1.339119,1.916493]",
1086,"[5.647509,1.310576,1.870865]",
1087,"[5.541004,1.352018,1.934627]",
1088,"[5.648345,1.309336,1.871568]",
1089,"[5.648574,1.309003,1.871762]",
1090,"[5.648687,1.308786,1.871857]",
1091,"[5.647156,1.309148,1.870568]",
1092,"[5.64819,1.309199,1.871439]",
1093,"[5.648459,1.309066,1.871665]",
1094,"[5.648644,1.309081,1.871821]",
1095,"[5.650304,1.309075,1.873218]",
1096,"[5.651506,1.308732,1.87423]",
1097,"[5.653265,1.307544,1.87571]",
1098,"[5.653861,1.306701,1.876212]",
1099,"[5.654474,1.305704,1.876729]",
1100,"[5.655567,1.305012,1.877648]",
1101,"[5.657296,1.303226,1.879104]",
1102,"[5.657676,1.302896,1.879424]",
1103,"[5.658014,1.302491,1.879708]",
1104,"[5.658453,1.303762,1.880078]",
1105,"[5.658643,1.304132,1.880238]",
1106,"[5.659412,1.305482,1.880885]",
1107,"[5.659703,1.30698,1.88113]",
1108,"[5.659916,1.308717,1.881309]",
1109,"[5.659893,1.309143,1.88129]",
1110,"[5.659896,1.309419,1.881293]",
1111,"[5.653018,1.310866,1.875502]",
1112,"[5.649473,1.311474,1.872519]",
1113,"[5.644686,1.313034,1.868489]",
1114,"[5.642856,1.313982,1.866948]",
1115,"[5.638289,1.318609,1.863105]",
1116,"[5.636417,1.321207,1.861528]",
1117,"[5.632829,1.327637,1.858508]",
1118,"[5.631089,1.331218,1.857043]",
1119,"[5.628577,1.334891,1.854928]",
1120,"[5.624276,1.341752,1.851308]",
1121,"[5.622342,1.345232,1.84968]",
1122,"[5.619678,1.350589,1.847437]",
1123,"[5.618563,1.35339,1.846499]",
1124,"[5.616996,1.355823,1.84518]",
1125,"[5.615931,1.357304,1.844284]",
1126,"[5.614863,1.359161,1.843385]",
1127,"[5.592163,1.370138,1.854192]",
1128,"[5.564398,1.381083,1.869605]",
1129,"[5.555265,1.386705,1.875253]",
1130,"[5.559261,1.387387,1.873077]",
1131,"[5.564205,1.38966,1.87292]",
1132,"[5.572432,1.39194,1.8715]",
1133,"[5.57957,1.395455,1.871627]",
1134,"[5.58374,1.396584,1.873287]",
1135,"[5.591403,1.397509,1.875589]",
1136,"[5.595508,1.396954,1.876364]",
1137,"[5.600163,1.394239,1.876371]",
1138,"[5.611764,1.388144,1.874115]",
1139,"[5.620534,1.383873,1.871393]",
1140,"[5.665157,1.366919,1.852077]",
1141,"[5.95,1.278398,1.7041]",
1142,"[5.95,1.276608,1.705352]",
1143,"[5.95,1.271662,1.709249]",
1144,"[5.95,1.269553,1.711416]",
1145,"[5.95,1.266844,1.713889]",
1146,"[5.95,1.266053,1.714337]",
1147,"[5.95,1.263838,1.713686]",
1148,"[5.95,1.262233,1.713517]",
1149,"[5.95,1.257248,1.711258]",
1150,"[5.917759,1.264227,1.723855]",
1151,"[5.903824,1.264227,1.727644]",
1152,"[5.855803,1.264227,1.747009]",
1153,"[5.820032,1.264227,1.764094]",
1154,"[5.688426,1.264227,1.820784]",
1155,"[5.686352,1.153,1.831066]",
1156,"[5.624534,1.147475,1.869442]",
1157,"[5.624534,1.070083,1.884574]",
1158,"[5.624534,1.045933,1.889132]",
1159,"[5.624534,1.01544,1.894365]",
1160,"[5.624534,1.002347,1.896501]",
1161,"[5.624534,0.9776723,1.888273]",
1162,"[5.624534,0.9703969,1.885915]",
1163,"[5.624534,0.9578928,1.88296]",
1164,"[5.624534,0.9564022,1.881404]",
1165,"[5.624534,0.953975,1.880153]",
1166,"[5.624534,0.9449866,1.870104]",
1167,"[5.624534,0.9401272,1.866547]",
1168,"[5.624534,0.9286589,1.861248]",
1169,"[5.624534,0.9256346,1.85929]",
1170,"[5.624534,0.9184694,1.859578]",
1171,"[5.624534,0.9131504,1.861018]",
1172,"[5.624534,0.8930019,1.863717]",
1173,"[5.624534,0.8685198,1.866483]",
1174,"[5.624534,0.8592733,1.867506]",
1175,"[5.624534,0.8513639,1.867872]",
1176,"[5.624534,0.8502865,1.868272]",
1177,"[5.624534,0.8497833,1.866949]",
1178,"[5.624534,0.8501455,1.865625]",
1179,"[5.624534,0.8521293,1.863072]",
1180,"[5.624534,0.8536624,1.862197]",
1181,"[5.624534,0.8545851,1.861161]",
1182,"[5.624534,0.8571656,1.861284]",
1183,"[5.624534,0.8589102,1.861552]",
1184,"[5.624534,0.8614275,1.862454]",
1185,"[5.624534,0.8620629,1.86347]",
1186,"[5.624534,0.8650303,1.864995]",
1187,"[5.624534,0.8676185,1.866569]",
1188,"[5.624534,0.871435,1.870645]",
1189,"[5.624534,0.8747677,1.87247]",
1190,"[5.624534,0.8775564,1.874238]",
1191,"[5.624534,0.8804132,1.875553]",
1192,"[5.624534,0.8816826,1.875985]",
1193,"[5.624534,0.8842751,1.877122]",
1194,"[5.624534,0.8871537,1.877239]",
1195,"[5.624534,0.8929771,1.87767]",
1196,"[5.624534,0.8960912,1.877963]",
1197,"[5.624534,0.8984227,1.876748]",
1198,"[5.624534,0.9022313,1.875315]",
1199,"[5.624534,0.904336,1.873852]",
1200,"[5.624534,0.9075286,1.871704]",
1201,"[5.624534,0.9087961,1.870807]",
1202,"[5.624534,0.9097046,1.869648]",
1203,"[5.624534,0.9096943,1.869175]",
1204,"[5.624534,0.9094024,1.867506]",
1205,"[5.624534,0.9093385,1.866875]",
1206,"[5.624534,0.9091026,1.865849]",
1207,"[5.624534,0.90882,1.864245]",
1208,"[5.624534,0.908776,1.863632]",
1209,"[5.624534,0.9096121,1.862701]",
1210,"[5.624534,0.9101338,1.862418]",
1211,"[5.624534,0.9114253,1.862149]",
1212,"[5.624534,0.9118602,1.861434]",
1213,"[5.624534,0.9124497,1.860849]",
1214,"[5.624534,0.9134052,1.86006]",
1215,"[5.624534,0.9137505,1.859776]",
1216,"[5.624534,0.9138807,1.858881]",
1217,"[5.624534,0.9140381,1.858753]",
1218,"[5.624534,0.9146273,1.858684]",
1219,"[5.624534,0.9149178,1.858744]",
1220,"[5.624534,0.9159358,1.860199]",
1221,"[5.624534,0.9165668,1.861144]",
1222,"[5.624534,0.9172149,1.862082]",
1223,"[5.624534,0.9178959,1.863879]",
1224,"[5.624534,0.9184005,1.864837]",
1225,"[5.624534,0.9191797,1.86611]",
1226,"[5.624534,0.9193968,1.866492]",
1227,"[5.624534,0.9200917,1.868021]",
1228,"[5.624534,0.9205769,1.869188]",
1229,"[5.624534,0.9201755,1.870667]",
1230,"[5.624534,0.9197605,1.873399]",
1231,"[5.624534,0.9192331,1.874988]",
1232,"[5.624534,0.9182452,1.87825]",
1233,"[5.624534,0.9177908,1.879908]",
1234,"[5.624534,0.9159361,1.883369]",
1235,"[5.624534,0.9151194,1.885178]",
1236,"[5.624534,0.9119292,1.885099]",
1237,"[5.624534,0.910515,1.884941]",
1238,"[5.624534,0.9092843,1.884935]",
1239,"[5.624534,0.908152,1.8852]",
1240,"[5.624534,0.9082391,1.885566]",
1241,"[5.624534,0.9097356,1.88834]",
1242,"[5.624534,0.911745,1.892818]",
1243,"[5.624534,0.9219239,1.916389]",
1244,"[5.624534,0.945908,1.98035]",
1245,"[5.690359,0.8926873,1.981407]",
1246,"[5.655881,0.9562391,2.281071]",
1247,"[5.619639,0.9877443,2.289154]",
1248,"[5.604814,0.9786636,2.391727]",
1249,"[5.564846,0.9820493,2.446388]",
1250,"[5.542313,0.9783133,2.487704]",
1251,"[5.540144,0.9698739,2.507168]",
1252,"[5.55897,0.9390654,2.542111]",
1253,"[5.814451,0.6622184,2.667784]",
1254,"[5.816841,0.6622185,2.670106]",
1255,"[5.816272,0.6622185,2.686487]",
1256,"[5.821669,0.6622185,2.681133]",
1257,"[5.827469,0.6622185,2.668875]",
1258,"[5.828415,0.6622184,2.66487]",
1259,"[5.828135,0.6622185,2.664474]",
1260,"[5.82696,0.6622184,2.667883]",
1261,"[5.66182,0.7468978,2.74299]",
1262,"[5.606642,0.7806646,2.758106]",
1263,"[5.606642,0.7683458,2.777472]",
1264,"[5.606642,0.7801232,2.788032]",
1265,"[5.606642,0.7818059,2.795063]",
1266,"[5.606642,0.7861552,2.789599]",
1267,"[5.606642,0.7908263,2.783112]",
1268,"[5.606642,0.7936522,2.779417]",
1269,"[5.606642,0.8031034,2.763825]",
1270,"[5.606642,0.8074076,2.756422]",
1271,"[5.606642,0.8151532,2.747078]",
1272,"[5.606642,0.816955,2.744869]",
1273,"[5.611183,0.8144646,2.74299]",
1274,"[5.62071,0.8048479,2.74299]",
1275,"[5.638195,0.7746812,2.74299]",
1276,"[5.6458,0.7575575,2.74299]",
1277,"[5.650776,0.7449877,2.74299]",
1278,"[5.665725,0.7151824,2.74299]",
1279,"[5.669925,0.7077977,2.74299]",
1280,"[5.60699,0.7800756,2.713948]",
1281,"[5.606327,0.7800756,2.712546]",
1282,"[5.606176,0.7800756,2.70474]",
1283,"[5.606601,0.7800756,2.699946]",
1284,"[5.607228,0.7800756,2.693714]",
1285,"[5.607627,0.7800756,2.69197]",
1286,"[5.607829,0.7800756,2.690829]",
1287,"[5.608383,0.7800756,2.689142]",
1288,"[5.608716,0.7800756,2.68855]",
1289,"[5.609306,0.7800756,2.688199]",
1290,"[5.609749,0.7800756,2.688281]",
1291,"[5.611092,0.7800756,2.687496]",
1292,"[5.611573,0.7800756,2.68627]",
1293,"[5.612175,0.7800756,2.685819]",
1294,"[5.614007,0.7800756,2.684868]",
1295,"[5.615148,0.7800756,2.68451]",
1296,"[5.61782,0.7800756,2.683649]",
1297,"[5.619615,0.7800756,2.683384]",
1298,"[5.624433,0.7800756,2.681862]",
1299,"[5.628171,0.7800756,2.681484]",
1300,"[5.630276,0.7800756,2.680756]",
1301,"[5.641253,0.7800756,2.683428]",
1302,"[5.652195,0.7800756,2.687308]",
1303,"[5.786777,0.6622184,2.715297]",
1304,"[5.818524,0.6622185,2.721977]",
1305,"[5.862013,0.6622185,2.73209]",
1306,"[5.95,0.6239947,2.75501]",
1307,"[5.95,0.739502,2.867304]",
1308,"[5.95,0.7644848,2.893375]",
1309,"[5.69352,0.9951697,2.822346]",
1310,"[5.697599,1.024253,2.838991]",
1311,"[5.702997,1.040033,2.839004]",
1312,"[5.719831,1.072458,2.821707]",
1313,"[5.95,0.9512339,2.878688]",
1314,"[5.95,0.9834456,2.860866]",
1315,"[5.95,0.9948965,2.854189]",
1316,"[5.556307,1.236691,2.742808]",
1317,"[5.563943,1.30733,2.723345]",
1318,"[5.556072,1.326741,2.718934]",
1319,"[5.542207,1.361996,2.712868]",
1320,"[5.53659,1.376635,2.710987]",
1321,"[5.530539,1.393604,2.709086]",
1322,"[5.529202,1.400763,2.708682]",
1323,"[5.528155,1.402858,2.704257]",
1324,"[5.526905,1.401775,2.698973]",
1325,"[5.526037,1.398483,2.695303]",
1326,"[5.525706,1.397534,2.693906]",
1327,"[5.52562,1.396875,2.692714]",
1328,"[5.526085,1.393855,2.690598]",
1329,"[5.526078,1.392518,2.688762]",
1330,"[5.526432,1.390412,2.687121]",
1331,"[5.52669,1.389498,2.686821]",
1332,"[5.527276,1.388063,2.68716]",
1333,"[5.527697,1.386998,2.687353]",
1334,"[5.527696,1.386995,2.687346]",
1335,"[5.527551,1.388426,2.688995]",
1336,"[5.527322,1.389996,2.690487]",
1337,"[5.525075,1.40824,2.691237]",
1338,"[5.525139,1.417307,2.691508]",
1339,"[5.525358,1.429635,2.692435]",
1340,"[5.527661,1.434146,2.693207]",
1341,"[5.489392,1.447242,2.691427]",
1342,"[5.183733,1.52113,2.669309]",
1343,"[5.125033,1.535106,2.666247]",
1344,"[5.122042,1.536439,2.669276]",
1345,"[5.122895,1.536236,2.669299]",
1346,"[5.122958,1.536221,2.669309]",
1347,"[5.120769,1.536887,2.672354]",
1348,"[5.120231,1.53706,2.674135]",
1349,"[5.123959,1.536093,2.67581]",
1350,"[5.12926,1.534706,2.676052]",
1351,"[5.138566,1.531735,2.679615]",
1352,"[5.142845,1.530198,2.681352]",
1353,"[5.155046,1.526219,2.683186]",
1354,"[5.162306,1.523846,2.685082]",
1355,"[5.184356,1.517471,2.689025]",
1356,"[5.95,1.327352,2.717375]",
1357,"[5.95,1.325208,2.719561]",
1358,"[5.95,1.318951,2.721232]",
1359,"[5.95,1.315173,2.722147]",
1360,"[5.95,1.303505,2.724102]",
1361,"[5.95,1.296756,2.72489]",
1362,"[5.95,1.286752,2.725642]",
1363,"[5.95,1.282929,2.725668]",
1364,"[5.95,1.280015,2.725531]",
1365,"[5.95,1.276668,2.725061]",
1366,"[5.95,1.275781,2.724737]",
1367,"[5.95,1.2744,2.723764]",
1368,"[5.95,1.273884,2.723109]",
1369,"[5.95,1.273273,2.720974]",
1370,"[5.95,1.274188,2.719346]",
1371,"[5.95,1.275503,2.71537]",
1372,"[5.95,1.275956,2.713039]",
1373,"[5.95,1.276501,2.710993]",
1374,"[5.95,1.279242,2.707817]",
1375,"[5.95,1.281694,2.705953]",
1376,"[5.95,1.288508,2.702425]",
1377,"[5.95,1.293582,2.700495]",
1378,"[5.579785,1.501518,2.703314]",
1379,"[5.574613,1.51635,2.703212]",
1380,"[5.571519,1.525224,2.702234]",
1381,"[5.567504,1.536739,2.70067]",
1382,"[5.565929,1.541256,2.699856]",
1383,"[5.563377,1.548574,2.698236]",
1384,"[5.563102,1.549364,2.697738]",
1385,"[5.562646,1.550673,2.696735]",
1386,"[5.562479,1.55115,2.696226]",
1387,"[5.562504,1.55108,2.696618]",
1388,"[5.562321,1.551604,2.696651]",
1389,"[5.562192,1.551975,2.696292]",
1390,"[5.562325,1.551593,2.695706]",
1391,"[5.562589,1.550835,2.695403]",
1392,"[5.563286,1.548837,2.696654]",
1393,"[5.563572,1.548016,2.69662]",
1394,"[5.564249,1.546075,2.694558]",
1395,"[5.564857,1.544333,2.692097]",
1396,"[5.565407,1.542753,2.688328]",
1397,"[5.566522,1.539557,2.678519]",
1398,"[5.567087,1.537934,2.670109]",
1399,"[5.568246,1.53461,2.648673]",
1400,"[5.568969,1.532539,2.634739]",
1401,"[5.559601,1.519293,2.548899]",
1402,"[5.57932,1.497568,2.449814]",
1403,"[5.57932,1.492666,2.424011]",
1404,"[5.666724,1.476434,2.338818]",
1405,"[5.628133,1.480644,2.332421]",
1406,"[5.576993,1.48747,2.322664]",
1407,"[5.57596,1.489475,2.304217]",
1408,"[5.576779,1.489521,2.260269]",
1409,"[5.59332,1.485781,2.232807]",
1410,"[5.370197,1.516758,2.354353]",
1411,"[5.356633,1.51761,2.354913]",
1412,"[5.349528,1.518648,2.355441]",
1413,"[5.3526,1.519686,2.355814]",
1414,"[5.359793,1.520039,2.355706]",
1415,"[5.387012,1.5201,2.353476]",
1416,"[5.406909,1.519619,2.351065]",
1417,"[5.57596,1.505378,2.273526]",
1418,"[5.57596,1.508161,2.285214]",
1419,"[5.661306,1.512951,2.332421]",
1420,"[5.628648,1.546977,2.5539]",
1421,"[5.64008,1.546448,2.5543]",
1422,"[5.599072,1.545245,2.568844]",
1423,"[5.588159,1.543723,2.57442]",
1424,"[5.581024,1.540897,2.578239]",
1425,"[5.583201,1.536877,2.577388]",
1426,"[5.592383,1.531341,2.573277]",
1427,"[5.624689,1.522451,2.553762]",
1428,"[5.562289,1.525014,2.551441]",
1429,"[5.133698,1.564734,2.606984]",
1430,"[5.120595,1.566222,2.604319]",
1431,"[5.131183,1.56484,2.591051]",
1432,"[5.160469,1.561901,2.578016]",
1433,"[5.168669,1.560867,2.562613]",
1434,"[5.170491,1.560683,2.554917]",
1435,"[5.1723,1.560606,2.547354]",
1436,"[5.162488,1.561866,2.524402]",
1437,"[5.167003,1.552413,2.473707]",
1438,"[5.171614,1.550682,2.458085]",
1439,"[5.173966,1.550158,2.451722]",
1440,"[5.175389,1.549979,2.445817]",
1441,"[5.176241,1.549993,2.443501]",
1442,"[5.175027,1.55097,2.448397]",
1443,"[5.174376,1.551294,2.450185]",
1444,"[5.172493,1.551929,2.456593]",
1445,"[5.17245,1.55272,2.463913]",
1446,"[5.176591,1.552532,2.464177]",
1447,"[5.182752,1.552146,2.464707]",
1448,"[5.183564,1.552196,2.465973]",
1449,"[5.576678,1.502134,2.260561]",
1450,"[5.57596,1.502276,2.272979]",
1451,"[5.57596,1.502174,2.279846]",
1452,"[5.57596,1.502267,2.28968]",
1453,"[5.57596,1.50238,2.293909]",
1454,"[5.214419,1.549021,2.470097]",
1455,"[5.214068,1.549796,2.472239]",
1456,"[5.213812,1.550672,2.475014]",
1457,"[5.21467,1.55165,2.478472]",
1458,"[5.21419,1.552382,2.483002]",
1459,"[5.213401,1.552421,2.484731]",
1460,"[5.212913,1.552288,2.486058]",
1461,"[5.213408,1.551148,2.486255]",
1462,"[5.214912,1.550394,2.485572]",
1463,"[5.216227,1.548046,2.484447]",
1464,"[5.216652,1.5459,2.483737]",
1465,"[5.202168,1.490525,2.492696]",
1466,"[5.201578,1.484257,2.493145]",
1467,"[5.201233,1.478969,2.492515]",
1468,"[5.1996,1.471906,2.4921]",
1469,"[5.199436,1.469116,2.491331]",
1470,"[5.200757,1.464364,2.488612]",
1471,"[5.201626,1.462377,2.486856]",
1472,"[5.204467,1.460844,2.481477]",
1473,"[5.205705,1.459939,2.479306]",
1474,"[5.206818,1.459001,2.477428]",
1475,"[5.207263,1.457459,2.476724]",
1476,"[5.206295,1.456969,2.477638]",
1477,"[5.204844,1.45604,2.479696]",
1478,"[5.20449,1.455413,2.480812]",
1479,"[5.204188,1.454326,2.482517]",
1480,"[5.203916,1.453938,2.483355]",
1481,"[5.201974,1.455145,2.485144]",
1482,"[5.197641,1.457451,2.487229]",
1483,"[5.189512,1.46137,2.490883]",
1484,"[5.158402,1.476499,2.504151]",
1485,"[5.122857,1.492108,2.518653]",
1486,"[5.169649,1.475154,2.50158]",
1487,"[5.179768,1.473181,2.498477]",
1488,"[5.623247,1.309636,2.332421]",
1489,"[5.673437,1.328027,2.332421]",
1490,"[5.664749,1.344399,2.342701]",
1491,"[5.417866,1.460315,2.436427]",
1492,"[5.41576,1.46802,2.436954]",
1493,"[5.42115,1.47536,2.435405]",
1494,"[5.427296,1.478524,2.433541]",
1495,"[5.395284,1.488993,2.429072]",
1496,"[5.3783,1.492795,2.427756]",
1497,"[5.36366,1.495838,2.424204]",
1498,"[5.359887,1.496498,2.422558]",
1499,"[5.35679,1.496747,2.420689]",
1500,"[5.349943,1.496543,2.418316]",
1501,"[5.348464,1.496065,2.417072]",
1502,"[5.57596,1.453443,2.31653]",
1503,"[5.57596,1.453049,2.316035]",
1504,"[5.57596,1.45197,2.314291]",
1505,"[5.57596,1.44909,2.306916]",
1506,"[5.57596,1.447048,2.301813]",
1507,"[5.57596,1.44525,2.297554]",
1508,"[5.57596,1.444655,2.296387]",
1509,"[5.57596,1.444113,2.294711]",
1510,"[5.57596,1.444071,2.2946]",
1511,"[5.57596,1.444324,2.295639]",
1512,"[5.57596,1.445808,2.298578]",
1513,"[5.57596,1.452019,2.314234]",
1514,"[5.664889,1.462165,2.358697]",
1515,"[5.580717,1.482985,2.413298]",
1516,"[5.572125,1.523487,2.645665]",
1517,"[5.570832,1.527194,2.689054]",
1518,"[5.569464,1.531118,2.721825]",
1519,"[5.568764,1.533124,2.735223]",
1520,"[5.567453,1.536885,2.747958]",
1521,"[5.566655,1.539175,2.750912]",
1522,"[5.565609,1.542173,2.754692]",
1523,"[5.565264,1.543163,2.755828]",
1524,"[5.565174,1.543422,2.754484]",
1525,"[5.565107,1.543614,2.747273]",
1526,"[5.56504,1.543806,2.744786]",
1527,"[5.549418,1.544932,2.738137]",
1528,"[5.516346,1.547038,2.731433]",
1529,"[5.525768,1.546216,2.726038]",
1530,"[5.95,1.521081,2.782824]",
1531,"[5.95,1.520856,2.777792]",
1532,"[5.95,1.519372,2.767563]",
1533,"[5.95,1.518565,2.762869]",
1534,"[5.95,1.51324,2.747365]",
1535,"[5.95,1.511896,2.743623]",
1536,"[5.95,1.507123,2.72621]",
1537,"[5.95,1.504115,2.718508]",
1538,"[5.95,1.502128,2.714152]",
1539,"[5.911604,1.501627,2.702146]",
1540,"[5.894512,1.501627,2.697009]",
1541,"[5.871316,1.501627,2.690575]",
1542,"[5.86824,1.501627,2.690235]",
1543,"[5.864282,1.501627,2.691162]",
1544,"[5.865943,1.501627,2.695126]",
1545,"[5.95,1.512656,2.775501]",
1546,"[5.95,1.518989,2.799325]",
1547,"[5.95,1.523482,2.813217]",
1548,"[5.95,1.53084,2.831736]",
1549,"[5.95,1.534125,2.835311]",
1550,"[5.95,1.540094,2.841594]",
1551,"[5.95,1.543043,2.844882]",
1552,"[5.95,1.548627,2.850259]",
1553,"[5.95,1.551321,2.852451]",
1554,"[5.95,1.552727,2.853836]",
1555,"[5.098065,1.581918,2.68623]",
1556,"[5.096049,1.582436,2.686161]",
1557,"[5.098619,1.582746,2.686868]",
1558,"[5.097619,1.582813,2.686594]",
1559,"[5.084604,1.58329,2.683939]",
1560,"[5.072997,1.583688,2.681655]",
1561,"[5.051346,1.584568,2.677639]",
1562,"[5.055634,1.584463,2.678442]",
1563,"[5.060632,1.584445,2.679599]",
1564,"[5.078113,1.584149,2.682906]",
1565,"[5.089824,1.583905,2.684913]",
1566,"[5.100624,1.583561,2.686681]",
1567,"[5.103437,1.583434,2.687121]",
1568,"[5.110713,1.583127,2.688311]",
1569,"[5.117449,1.582824,2.689398]",
1570,"[5.125094,1.582452,2.690628]",
1571,"[5.135716,1.581611,2.692163]",
1572,"[5.151856,1.580692,2.694765]",
1573,"[5.17236,1.578593,2.697717]",
1574,"[5.181127,1.57754,2.698994]",
1575,"[5.198084,1.575631,2.701557]",
1576,"[5.206125,1.574621,2.703055]",
1577,"[5.213912,1.573558,2.704528]",
1578,"[5.227889,1.571388,2.70749]",
1579,"[5.242852,1.569623,2.710418]",
1580,"[5.292233,1.564897,2.71964]",
1581,"[5.31171,1.56266,2.723665]",
1582,"[5.334877,1.55931,2.72932]",
1583,"[5.342857,1.557912,2.731652]",
1584,"[5.353728,1.555388,2.73591]",
1585,"[5.35791,1.554251,2.738158]",
1586,"[5.36331,1.55346,2.739671]",
1587,"[5.368722,1.552385,2.742029]",
1588,"[5.369663,1.551951,2.743123]",
1589,"[5.371336,1.551319,2.745291]",
1590,"[5.3726,1.55106,2.746569]",
1591,"[5.372732,1.551011,2.749178]",
1592,"[5.368434,1.551403,2.749783]",
1593,"[5.365988,1.551707,2.750792]",
1594,"[5.376205,1.555131,2.769947]",
1595,"[5.380582,1.557078,2.77923]",
1596,"[5.351133,1.565273,2.780672]",
1597,"[5.304456,1.568913,2.770135]",
1598,"[5.292522,1.571811,2.768708]",
1599,"[5.291379,1.572845,2.768542]",
1600,"[5.203268,1.57719,2.74624]",
1601,"[5.20705,1.577461,2.747137]",
1602,"[5.221854,1.577432,2.750592]",
1603,"[5.238963,1.577685,2.753148]",
1604,"[5.238164,1.57823,2.751674]",
1605,"[5.224093,1.579519,2.746208]",
1606,"[5.217406,1.580152,2.743641]",
1607,"[5.211024,1.581131,2.740942]",
1608,"[5.221996,1.581206,2.743322]",
1609,"[5.221503,1.581594,2.743056]",
1610,"[5.217657,1.582688,2.741734]",
1611,"[5.2142,1.583409,2.741155]",
1612,"[5.209488,1.584746,2.740543]",
1613,"[5.209498,1.585344,2.740726]",
1614,"[5.208095,1.58628,2.740707]",
1615,"[5.206369,1.586666,2.740659]",
1616,"[5.203839,1.586977,2.74034]",
1617,"[5.19927,1.587547,2.739738]",
1618,"[5.200295,1.587814,2.740179]",
1619,"[5.225363,1.588253,2.746331]",
1620,"[5.24099,1.58843,2.750021]",
1621,"[5.270341,1.588758,2.756925]",
1622,"[5.278857,1.580403,2.75735]",
1623,"[5.288274,1.573488,2.757946]",
1624,"[5.291616,1.571197,2.75811]",
1625,"[5.291724,1.569866,2.757971]",
1626,"[5.292399,1.56805,2.757701]",
1627,"[5.294129,1.567336,2.757853]",
1628,"[5.296643,1.566286,2.75791]",
1629,"[5.297625,1.566052,2.757908]",
1630,"[5.30015,1.565618,2.758018]",
1631,"[5.301912,1.565439,2.758118]",
1632,"[5.303609,1.565291,2.7582]",
1633,"[5.307242,1.565459,2.758713]",
1634,"[5.309063,1.565729,2.758841]",
1635,"[5.312542,1.56659,2.75882]",
1636,"[5.31442,1.567267,2.758678]",
1637,"[5.317709,1.569185,2.758228]",
1638,"[5.318686,1.570629,2.757798]",
1639,"[5.32023,1.57385,2.756698]",
1640,"[5.321012,1.575785,2.755969]",
1641,"[5.320905,1.578254,2.755501]",
1642,"[5.32481,1.587568,2.752505]",
1643,"[5.328189,1.591434,2.751541]",
1644,"[5.354184,1.614315,2.737896]",
1645,"[5.362259,1.619388,2.735439]",
1646,"[5.374964,1.625358,2.73387]",
1647,"[5.37934,1.627476,2.733677]",
1648,"[5.382822,1.629523,2.733352]",
1649,"[5.386837,1.6331,2.733737]",
1650,"[5.388342,1.635089,2.733927]",
1651,"[5.390945,1.639297,2.734084]",
1652,"[5.389944,1.641003,2.735538]",
1653,"[5.388179,1.644433,2.73819]",
1654,"[5.387411,1.646345,2.739416]",
1655,"[5.386529,1.650283,2.741158]",
1656,"[5.385963,1.652542,2.741763]",
1657,"[5.38359,1.65512,2.743288]",
1658,"[5.378467,1.659491,2.744864]",
1659,"[5.375098,1.661677,2.74515]",
1660,"[5.367986,1.666652,2.745543]",
1661,"[5.365394,1.66965,2.745781]",
1662,"[5.35786,1.678281,2.748595]",
1663,"[5.358459,1.715639,2.75599]",
1664,"[5.362338,1.72876,2.758787]",
1665,"[5.370223,1.748986,2.761725]",
1666,"[5.602932,1.830736,2.805243]",
1667,"[5.555097,1.841044,2.777448]",
1668,"[5.555249,1.847625,2.773107]",
1669,"[5.555954,1.858445,2.752891]",
1670,"[5.556195,1.859269,2.746009]",
1671,"[5.556487,1.860138,2.741823]",
1672,"[5.556652,1.860049,2.736403]",
1673,"[5.556855,1.860526,2.734245]",
1674,"[5.557492,1.862536,2.731386]",
1675,"[5.608872,1.883392,2.734722]",
1676,"[5.608872,1.883542,2.733096]",
1677,"[5.608872,1.883007,2.731142]",
1678,"[5.559491,1.863906,2.725672]",
1679,"[5.557732,1.861998,2.720412]",
1680,"[5.557781,1.861899,2.718243]",
1681,"[5.558111,1.862667,2.71466]",
1682,"[5.608872,1.886776,2.716598]",
1683,"[5.608872,1.900877,2.715657]",
1684,"[5.608872,1.908705,2.715441]",
1685,"[5.608872,1.920407,2.715]",
1686,"[5.608872,1.925296,2.714867]",
1687,"[5.608872,1.929673,2.714724]",
1688,"[5.608872,1.935295,2.711647]",
1689,"[5.608872,1.937303,2.709413]",
1690,"[5.608872,1.939079,2.706564]",
1691,"[5.608872,1.939256,2.705635]",
1692,"[5.608872,1.937662,2.703069]",
1693,"[5.608872,1.937102,2.702027]",
1694,"[5.608872,1.935414,2.700346]",
1695,"[5.608872,1.93312,2.698458]",
1696,"[5.608872,1.932228,2.697754]",
1697,"[5.608872,1.931513,2.69727]",
1698,"[5.608872,1.931265,2.697052]",
1699,"[5.608872,1.930883,2.696887]",
1700,"[5.608872,1.930654,2.696851]",
1701,"[5.608872,1.930466,2.696807]",
1702,"[5.608872,1.930421,2.69681]",
1703,"[5.608872,1.93065,2.697309]",
1704,"[5.608872,1.931189,2.698426]",
1705,"[5.608872,1.931332,2.699054]",
1706,"[5.608872,1.931547,2.700378]",
1707,"[5.608872,1.931548,2.70107]",
1708,"[5.608872,1.931579,2.701757]",
1709,"[5.608872,1.931795,2.702427]",
1710,"[5.608872,1.931991,2.70305]",
1711,"[5.608872,1.931676,2.703026]",
1712,"[5.608872,1.931424,2.703067]",
1713,"[5.608872,1.931061,2.70301]",
1714,"[5.608872,1.930897,2.702728]",
1715,"[5.608872,1.929841,2.691551]",
1716,"[5.608872,1.92919,2.68195]",
1717,"[5.58894,1.941805,2.499638]",
1718,"[5.588537,1.942407,2.490409]",
1719,"[5.586945,1.939486,2.453953]",
1720,"[5.585666,1.937049,2.424652]",
1721,"[5.585254,1.936096,2.41521]",
1722,"[5.584696,1.934268,2.402441]",
1723,"[5.584484,1.93325,2.397589]",
1724,"[5.584302,1.930652,2.39343]",
1725,"[5.584288,1.928913,2.393094]",
1726,"[5.584287,1.925752,2.393079]",
1727,"[5.585545,1.924309,2.421875]",
1728,"[5.586127,1.923149,2.435205]",
1729,"[5.95,2.059432,2.599055]",
1730,"[5.95,2.058347,2.605778]",
1731,"[5.252188,1.769612,2.669017]",
1732,"[5.252566,1.769382,2.670095]",
1733,"[5.25332,1.769631,2.671831]",
1734,"[5.253519,1.76999,2.672691]",
1735,"[5.253728,1.770388,2.673584]",
1736,"[5.254065,1.771449,2.675463]",
1737,"[5.254138,1.772207,2.676068]",
1738,"[5.254874,1.773597,2.677195]",
1739,"[5.255213,1.774265,2.677758]",
1740,"[5.95,2.066654,2.648502]",
1741,"[5.95,2.067226,2.649305]",
1742,"[5.95,2.067805,2.649628]",
1743,"[5.862098,2.032403,2.653609]",
1744,"[5.95,2.071826,2.649386]",
1745,"[5.95,2.077768,2.646482]",
1746,"[5.95,2.081778,2.643878]",
1747,"[5.95,2.090077,2.63827]",
1748,"[5.95,2.09528,2.634465]",
1749,"[5.95,2.104243,2.626612]",
1750,"[5.95,2.109504,2.621428]",
1751,"[5.95,2.114858,2.616074]",
1752,"[5.95,2.177573,2.58042]",
1753,"[5.95,2.203755,2.564942]",
1754,"[5.363456,1.941518,2.592768]",
1755,"[5.342783,1.935911,2.590139]",
1756,"[5.320273,1.930739,2.585809]",
1757,"[5.313703,1.929749,2.5838]",
1758,"[5.306513,1.929829,2.579881]",
1759,"[5.304106,1.93019,2.577992]",
1760,"[5.302437,1.930906,2.57616]",
1761,"[5.305157,1.933595,2.572628]",
1762,"[5.307771,1.934819,2.570562]",
1763,"[5.3134,1.938143,2.567286]",
1764,"[5.315925,1.939353,2.565859]",
1765,"[5.322026,1.941213,2.562675]",
1766,"[5.325189,1.94189,2.561165]",
1767,"[5.328397,1.941441,2.559228]",
1768,"[5.332673,1.94066,2.556983]",
1769,"[5.333328,1.937914,2.554976]",
1770,"[5.333819,1.933078,2.552273]",
1771,"[5.334272,1.93098,2.551137]",
1772,"[5.344019,1.930093,2.547768]",
1773,"[5.355345,1.934736,2.544566]",
1774,"[5.95,2.169492,2.580577]",
1775,"[5.95,2.156993,2.59721]",
1776,"[5.95,2.149411,2.607204]",
1777,"[5.95,2.13725,2.621775]",
1778,"[5.95,2.132456,2.627116]",
1779,"[5.95,2.125383,2.633163]",
1780,"[5.95,2.122014,2.635149]",
1781,"[5.95,2.116102,2.638895]",
1782,"[5.95,2.114483,2.639807]",
1783,"[5.95,2.112446,2.640871]",
1784,"[5.95,2.108687,2.642049]",
1785,"[5.95,2.106391,2.643033]",
1786,"[5.95,2.104653,2.644073]",
1787,"[5.95,2.10402,2.64477]",
1788,"[5.95,2.102947,2.647312]",
1789,"[5.95,2.102421,2.649355]",
1790,"[5.95,2.101909,2.651381]",
1791,"[5.862098,2.064013,2.657864]",
1792,"[5.862098,2.064762,2.661155]",
1793,"[5.862098,2.065465,2.667027]",
1794,"[5.862098,2.066391,2.670312]",
1795,"[5.862098,2.067485,2.675064]",
1796,"[5.862098,2.067912,2.677207]",
1797,"[5.862098,2.067467,2.682917]",
1798,"[5.862098,2.066474,2.686887]",
1799,"[5.862098,2.06443,2.692389]",
1800,"[5.862098,2.062695,2.737584]",
1801,"[5.862098,2.062529,2.758052]",
1802,"[5.862098,2.063735,2.779974]",
1803,"[5.862098,2.064852,2.788151]",
1804,"[5.862098,2.066273,2.798998]",
1805,"[5.862098,2.066892,2.803884]",
1806,"[5.862098,2.067655,2.805957]",
1807,"[5.862098,2.069346,2.808486]",
1808,"[5.862098,2.070557,2.80895]",
1809,"[5.862098,2.075544,2.809163]",
1810,"[5.862098,2.078296,2.8096]",
1811,"[5.862098,2.086157,2.811142]",
1812,"[5.862098,2.089926,2.808169]",
1813,"[5.862098,2.091625,2.806957]",
1814,"[5.862098,2.092157,2.805714]",
1815,"[5.862098,2.092387,2.805348]",
1816,"[5.862098,2.089847,2.800517]",
1817,"[5.862098,2.08883,2.798874]",
1818,"[5.862098,2.087253,2.796681]",
1819,"[5.862098,2.085972,2.793993]",
1820,"[5.862098,2.08456,2.790838]",
1821,"[5.862098,2.084128,2.789806]",
1822,"[5.862098,2.085881,2.796288]",
1823,"[5.862098,2.08773,2.805018]",
1824,"[5.862098,2.090229,2.811846]",
1825,"[5.862098,2.094233,2.820026]",
1826,"[5.862098,2.096077,2.822785]",
1827,"[5.862098,2.098527,2.826495]",
1828,"[5.862098,2.099235,2.827449]",
1829,"[5.862098,2.099677,2.827821]",
1830,"[5.862098,2.10074,2.828815]",
1831,"[5.862098,2.101245,2.829337]",
1832,"[5.862098,2.102242,2.830083]",
1833,"[5.862098,2.102667,2.830351]",
1834,"[5.862098,2.103588,2.830778]",
1835,"[5.862098,2.103949,2.830929]",
1836,"[5.862098,2.104987,2.830788]",
1837,"[5.862098,2.105763,2.830725]",
1838,"[5.862098,2.106681,2.830662]",
1839,"[5.862098,2.109191,2.831058]",
1840,"[5.862098,2.110758,2.831483]",
1841,"[5.862098,2.113684,2.832546]",
1842,"[5.862098,2.114946,2.83325]",
1843,"[5.862098,2.117274,2.834612]",
1844,"[5.862098,2.118045,2.835281]",
1845,"[5.862098,2.11993,2.83698]",
1846,"[5.862098,2.12112,2.838049]",
1847,"[5.862098,2.122425,2.839184]",
1848,"[5.862098,2.145952,2.84605]",
1849,"[5.862098,2.153934,2.848705]",
1850,"[5.862098,2.163585,2.851938]",
1851,"[5.862098,2.167289,2.853144]",
1852,"[5.862098,2.172145,2.855137]",
1853,"[5.862098,2.173636,2.855939]",
1854,"[5.862098,2.174649,2.856578]",
1855,"[5.862098,2.176688,2.857777]",
1856,"[5.862098,2.177259,2.857341]",
1857,"[5.862098,2.178255,2.856242]",
1858,"[5.862098,2.178766,2.855507]",
1859,"[5.862098,2.179222,2.852709]",
1860,"[5.862098,2.179539,2.851428]",
1861,"[5.862098,2.179649,2.850387]",
1862,"[5.862098,2.179796,2.84895]",
1863,"[5.862098,2.179541,2.848621]",
1864,"[5.862098,2.179135,2.848085]",
1865,"[5.862098,2.179035,2.847897]",
1866,"[5.862098,2.179011,2.847528]",
1867,"[5.862098,2.179132,2.847258]",
1868,"[5.862098,2.179632,2.846532]",
1869,"[5.862098,2.18096,2.845934]",
1870,"[5.862098,2.182175,2.845394]",
1871,"[5.862098,2.1872,2.844676]",
1872,"[5.862098,2.218195,2.854609]",
1873,"[5.95,2.411906,2.875165]",
1874,"[5.95,2.453076,2.874378]",
1875,"[5.869945,2.434472,2.855052]",
1876,"[5.369278,2.033224,2.764149]",
1877,"[5.36525,2.035278,2.762388]",
1878,"[5.360826,2.038813,2.757923]",
1879,"[5.359829,2.040451,2.7562]",
1880,"[5.361938,2.045894,2.753928]",
1881,"[5.364026,2.049351,2.752892]",
1882,"[5.367837,2.052637,2.753047]",
1883,"[5.95,2.441246,2.84003]",
1884,"[5.95,2.411477,2.838452]",
1885,"[5.95,2.302691,2.834606]",
1886,"[5.555477,2.034971,2.775733]",
1887,"[5.459248,1.962204,2.759711]",
1888,"[5.443788,1.948836,2.756461]",
1889,"[5.443511,1.943024,2.75648]",
1890,"[5.443606,1.9408,2.75614]",
1891,"[5.443946,1.937673,2.756128]",
1892,"[5.862098,2.162589,2.814296]",
1893,"[5.862098,2.160314,2.813598]",
1894,"[5.862098,2.156075,2.811519]",
1895,"[5.862098,2.153778,2.809633]",
1896,"[5.862098,2.153347,2.809302]",
1897,"[5.862098,2.153141,2.808692]",
1898,"[5.862098,2.152725,2.807353]",
1899,"[5.862098,2.151781,2.803407]",
1900,"[5.862098,2.153008,2.800678]",
1901,"[5.862098,2.155627,2.791912]",
1902,"[5.862098,2.157083,2.787993]",
1903,"[5.608872,2.023654,2.743197]",
1904,"[5.608872,2.02464,2.732376]",
1905,"[5.608872,2.02581,2.710888]",
1906,"[5.589243,2.01353,2.506593]",
1907,"[5.588805,2.013206,2.496558]",
1908,"[5.583187,1.993669,2.367872]",
1909,"[5.582442,1.991311,2.350822]",
1910,"[5.58144,1.989045,2.327862]",
1911,"[5.581089,1.989074,2.319814]",
1912,"[5.580786,1.988989,2.312889]",
1913,"[5.58064,1.988676,2.309537]",
1914,"[5.580719,1.98787,2.311353]",
1915,"[5.580725,1.98736,2.311481]",
1916,"[5.580854,1.986534,2.314444]",
1917,"[5.581133,1.985751,2.320843]",
1918,"[5.581251,1.98563,2.323543]",
1919,"[5.581476,1.986659,2.328692]",
1920,"[5.581634,1.987292,2.332308]",
1921,"[5.581769,1.987658,2.335387]",
1922,"[5.581899,1.986731,2.338367]",
1923,"[5.58197,1.98582,2.339995]",
1924,"[5.582096,1.984136,2.342885]",
1925,"[5.582121,1.983228,2.343468]",
1926,"[5.581992,1.980288,2.340505]",
1927,"[5.581442,1.970765,2.32792]",
1928,"[5.580746,1.959064,2.311976]",
1929,"[5.580477,1.95459,2.305805]",
1930,"[5.580082,1.948058,2.296762]",
1931,"[5.579926,1.945381,2.293199]",
1932,"[5.579777,1.943857,2.289781]",
1933,"[5.57965,1.941658,2.28687]",
1934,"[5.579663,1.940884,2.28716]",
1935,"[5.57967,1.939662,2.287324]",
1936,"[5.579511,1.938514,2.28369]",
1937,"[5.57953,1.937386,2.284118]",
1938,"[5.579549,1.936987,2.284548]",
1939,"[5.579561,1.936453,2.284826]",
1940,"[5.579443,1.934053,2.282137]",
1941,"[5.579459,1.932811,2.282501]",
1942,"[5.579386,1.930001,2.280821]",
1943,"[5.57942,1.929095,2.281588]",
1944,"[5.579458,1.928156,2.282459]",
1945,"[5.579484,1.927824,2.28305]",
1946,"[5.579507,1.927418,2.283604]",
1947,"[5.579597,1.926689,2.285668]",
1948,"[5.579662,1.926294,2.287137]",
1949,"[5.579782,1.925962,2.289894]",
1950,"[5.579903,1.926299,2.292654]",
1951,"[5.58012,1.926135,2.297621]",
1952,"[5.580235,1.92567,2.300255]",
1953,"[5.581912,1.92613,2.338664]",
1954,"[5.582603,1.926254,2.354507]",
1955,"[5.583046,1.924252,2.364646]",
1956,"[5.583604,1.921814,2.377424]",
1957,"[5.583826,1.920925,2.382505]",
1958,"[5.584085,1.921411,2.388438]",
1959,"[5.584208,1.92153,2.391254]",
1960,"[5.58439,1.921756,2.395425]",
1961,"[5.584467,1.92188,2.39719]",
1962,"[5.584546,1.922011,2.399008]",
1963,"[5.584627,1.923371,2.400864]",
1964,"[5.584676,1.924228,2.401991]",
1965,"[5.584864,1.927388,2.406283]",
1966,"[5.584988,1.929565,2.409126]",
1967,"[5.58516,1.93237,2.413075]",
1968,"[5.585228,1.933635,2.414627]",
1969,"[5.585264,1.935065,2.415458]",
1970,"[5.5852,1.934907,2.413988]",
1971,"[5.585141,1.934732,2.41263]",
1972,"[5.58502,1.934314,2.409851]",
1973,"[5.584958,1.934145,2.408437]",
1974,"[5.584845,1.933787,2.40584]",
1975,"[5.584765,1.933565,2.40403]",
1976,"[5.584623,1.933189,2.400769]",
1977,"[5.584553,1.932771,2.399168]",
1978,"[5.584486,1.93236,2.397637]",
1979,"[5.584363,1.931597,2.394797]",
1980,"[5.584312,1.931374,2.393642]",
1981,"[5.584221,1.931067,2.391564]",
1982,"[5.584177,1.930946,2.390553]",
1983,"[5.584097,1.930678,2.388731]",
1984,"[5.58406,1.930525,2.387877]",
1985,"[5.583983,1.930313,2.386114]",
1986,"[5.583945,1.930307,2.385232]",
1987,"[5.583945,1.930477,2.385236]",
1988,"[5.583885,1.93078,2.383855]",
1989,"[5.583896,1.931172,2.384112]",
1990,"[5.583915,1.931557,2.384561]",
1991,"[5.583924,1.931577,2.384769]",
1992,"[5.584019,1.932136,2.386932]",
1993,"[5.584049,1.932389,2.387628]",
1994,"[5.584052,1.93243,2.387693]",
1995,"[5.584065,1.932644,2.387999]",
1996,"[5.584075,1.932806,2.388218]",
1997,"[5.590497,1.936081,2.388982]",
1998,"[5.564708,1.924129,2.387781]",
1999,"[5.421927,1.857366,2.380547]",
2000,"[5.420622,1.856891,2.380824]",
2001,"[5.422513,1.858076,2.381502]",
2002,"[5.423505,1.858594,2.381955]",
2003,"[5.424438,1.859111,2.382312]",
2004,"[5.425311,1.859576,2.38251]",
2005,"[5.426746,1.860283,2.382712]",
2006,"[5.427548,1.860655,2.382796]",
2007,"[5.427887,1.860665,2.382863]",
2008,"[5.428155,1.860676,2.38291]",
2009,"[5.428586,1.860679,2.383084]",
2010,"[5.428727,1.86068,2.383131]",
2011,"[5.428961,1.860552,2.383175]",
2012,"[5.428918,1.86065,2.382875]",
2013,"[5.429382,1.861162,2.382206]",
2014,"[5.429867,1.861603,2.381762]",
2015,"[5.431965,1.863266,2.380676]",
2016,"[5.433986,1.864693,2.380065]",
2017,"[5.439756,1.866925,2.362723]",
2018,"[5.771719,2.02148,2.352856]",
2019,"[5.771719,2.018043,2.324917]",
2020,"[5.771719,2.015007,2.301984]",
2021,"[5.771719,2.014139,2.295748]",
2022,"[5.771719,2.012425,2.289342]",
2023,"[5.771719,2.011928,2.286844]",
2024,"[5.771719,2.011591,2.284017]",
2025,"[5.771719,2.011154,2.28339]",
2026,"[5.771719,2.010795,2.282825]",
2027,"[5.771719,2.010361,2.281973]",
2028,"[5.771719,2.010292,2.28163]",
2029,"[5.771719,2.010233,2.281657]",
2030,"[5.771719,2.010513,2.281401]",
2031,"[5.771719,2.011132,2.2809]",
2032,"[5.771719,2.011484,2.280602]",
2033,"[5.771719,2.012251,2.279956]",
2034,"[5.771719,2.012795,2.279541]",
2035,"[5.771719,2.013565,2.279042]",
2036,"[5.771719,2.016287,2.277489]",
2037,"[5.771719,2.018761,2.275988]",
2038,"[5.44614,1.877962,2.294533]",
2039,"[5.438321,1.87968,2.292554]",
2040,"[5.36696,1.903228,2.283927]",
2041,"[5.350484,1.908468,2.281607]",
2042,"[5.333661,1.914648,2.281686]",
2043,"[5.317806,1.919997,2.280722]",
2044,"[5.312496,1.921568,2.280148]",
2045,"[5.30833,1.924288,2.279167]",
2046,"[5.310681,1.927583,2.278452]",
2047,"[5.311558,1.930939,2.277999]",
2048,"[5.310849,1.931651,2.277832]",
2049,"[5.309176,1.931118,2.278467]",
2050,"[5.305057,1.929761,2.278899]",
2051,"[5.301322,1.927338,2.279586]",
2052,"[5.309896,1.934034,2.279078]",
2053,"[5.313927,1.937083,2.278884]",
2054,"[5.319084,1.941499,2.280526]",
2055,"[5.319879,1.942734,2.28139]",
2056,"[5.317456,1.942286,2.283275]",
2057,"[5.311573,1.939247,2.284329]",
2058,"[5.302642,1.933835,2.285539]",
2059,"[5.293256,1.928997,2.286213]",
2060,"[5.290796,1.928428,2.28627]",
2061,"[5.287661,1.929138,2.286389]",
2062,"[5.285416,1.928901,2.286432]",
2063,"[5.280535,1.92817,2.286355]",
2064,"[5.280387,1.930051,2.286176]",
2065,"[5.279873,1.931628,2.285977]",
2066,"[5.282829,1.9378,2.284965]",
2067,"[5.28494,1.940502,2.284274]",
2068,"[5.284159,1.942323,2.283196]",
2069,"[5.28414,1.943624,2.282526]",
2070,"[5.289707,1.950573,2.280899]",
2071,"[5.289871,1.95215,2.28041]",
2072,"[5.297073,1.962938,2.282201]",
2073,"[5.300515,1.967686,2.282566]",
2074,"[5.306319,1.978224,2.285128]",
2075,"[5.318019,1.995757,2.287643]",
2076,"[5.32361,2.003182,2.28815]",
2077,"[5.334759,2.015732,2.289007]",
2078,"[5.339478,2.02049,2.289377]",
2079,"[5.349111,2.0297,2.28903]",
2080,"[5.353119,2.033635,2.288526]",
2081,"[5.35544,2.035979,2.28692]",
2082,"[5.343544,2.015248,2.237869]",
2083,"[5.340245,2.009169,2.224215]",
2084,"[5.681547,2.204774,2.028687]",
2085,"[5.679342,2.195029,2.017315]",
2086,"[5.668157,2.09883,1.959631]",
2087,"[5.666062,2.081987,1.948825]",
2088,"[5.66457,2.070689,1.941131]",
2089,"[5.662257,2.05618,1.929204]",
2090,"[5.661219,2.050741,1.92385]",
2091,"[5.660872,2.04528,1.922057]",
2092,"[5.660623,2.042291,1.920772]",
2093,"[5.6597,2.035696,1.916016]",
2094,"[5.659362,2.035276,1.914271]",
2095,"[5.658533,2.037534,1.909995]",
2096,"[5.658073,2.03986,1.907624]",
2097,"[5.657464,2.041733,1.904483]",
2098,"[5.656885,2.050196,1.901495]",
2099,"[5.656745,2.054311,1.900775]",
2100,"[5.656419,2.060182,1.899094]",
2101,"[5.65626,2.062084,1.898273]",
2102,"[5.655927,2.063681,1.896557]",
2103,"[5.655661,2.063819,1.895184]",
2104,"[5.655856,2.063785,1.89619]",
2105,"[5.655968,2.066407,1.896766]",
2106,"[5.655907,2.068205,1.896452]",
2107,"[5.655673,2.071169,1.895246]",
2108,"[5.655525,2.072277,1.894482]",
2109,"[5.655328,2.074363,1.893468]",
2110,"[5.655188,2.074561,1.892743]",
2111,"[5.655972,2.073548,1.89679]",
2112,"[5.656497,2.07284,1.899499]",
2113,"[5.656881,2.072026,1.901478]",
2114,"[5.657781,2.071034,1.906115]",
2115,"[5.658156,2.070455,1.908053]",
2116,"[5.658444,2.070031,1.909536]",
2117,"[5.658352,2.069824,1.909063]",
2118,"[5.658177,2.0697,1.908163]",
2119,"[5.658002,2.069375,1.907258]",
2120,"[5.656355,2.063489,1.898763]",
2121,"[5.655141,2.059434,1.892502]",
2122,"[5.654269,2.056935,1.888008]",
2123,"[5.65308,2.055139,1.881876]",
2124,"[5.652894,2.054526,1.880915]",
2125,"[5.65318,2.052413,1.882389]",
2126,"[5.65371,2.050458,1.885121]",
2127,"[5.654726,2.046581,1.890359]",
2128,"[5.655238,2.044713,1.893004]",
2129,"[5.655663,2.04372,1.895198]",
2130,"[5.656414,2.042229,1.899069]",
2131,"[5.656805,2.041229,1.901082]",
2132,"[5.65733,2.039131,1.90379]",
2133,"[5.657471,2.038011,1.904517]",
2134,"[5.657616,2.036399,1.905266]",
2135,"[5.657641,2.035667,1.905394]",
2136,"[5.648507,2.031204,1.9115]",
2137,"[5.552502,1.976939,1.970081]",
2138,"[5.519874,1.958376,1.989991]",
2139,"[5.522375,1.959966,1.988935]",
2140,"[5.52305,1.960366,1.98866]",
2141,"[5.522747,1.964219,1.989191]",
2142,"[5.523233,1.96617,1.989738]",
2143,"[5.523685,1.969384,1.990959]",
2144,"[5.524013,1.971224,1.991473]",
2145,"[5.524477,1.972906,1.991815]",
2146,"[5.526425,1.975598,1.990863]",
2147,"[5.52753,1.977204,1.99039]",
2148,"[5.530303,1.980645,1.989158]",
2149,"[5.531763,1.982624,1.988462]",
2150,"[5.789418,2.142023,1.855331]",
2151,"[5.95,2.241384,1.772967]",
2152,"[5.95,2.24327,1.772695]",
2153,"[5.95,2.24406,1.772398]",
2154,"[5.95,2.245189,1.77122]",
2155,"[5.95,2.246325,1.769316]",
2156,"[5.95,2.246929,1.768185]",
2157,"[5.95,2.247333,1.766772]",
2158,"[5.95,2.247321,1.766327]",
2159,"[5.95,2.247962,1.765206]",
2160,"[5.95,2.24867,1.761828]",
2161,"[5.95,2.249103,1.759042]",
2162,"[5.95,2.249913,1.753874]",
2163,"[5.95,2.249889,1.75141]",
2164,"[5.95,2.249242,1.748416]",
2165,"[5.95,2.248727,1.747648]",
2166,"[5.95,2.247854,1.744293]",
2167,"[5.95,2.247641,1.741697]",
2168,"[5.95,2.247571,1.739196]",
2169,"[5.95,2.248139,1.734042]",
2170,"[5.95,2.248865,1.730936]",
2171,"[5.95,2.249947,1.728199]",
2172,"[5.95,2.252333,1.725689]",
2173,"[5.379689,1.903308,1.990085]",
2174,"[5.371876,1.899283,1.989592]",
2175,"[5.357135,1.892175,1.989469]",
2176,"[5.359254,1.894562,1.985218]",
2177,"[5.373505,1.904284,1.975526]",
2178,"[5.384542,1.914855,1.952118]",
2179,"[5.395354,1.922587,1.941084]",
2180,"[5.429688,1.945545,1.915111]",
2181,"[5.442323,1.954165,1.904505]",
2182,"[5.450426,1.959899,1.892018]",
2183,"[5.451029,1.960547,1.887511]",
2184,"[5.448944,1.958815,1.885235]",
2185,"[5.434366,1.949529,1.886715]",
2186,"[5.415768,1.93772,1.894041]",
2187,"[5.377786,1.910149,1.909158]",
2188,"[5.368452,1.901834,1.911424]",
2189,"[5.315469,1.861396,1.902427]",
2190,"[5.30663,1.850161,1.9006]",
2191,"[5.301766,1.843802,1.898916]",
2192,"[5.324628,1.852739,1.876024]",
2193,"[5.352196,1.866699,1.853265]",
2194,"[5.394943,1.888418,1.818758]",
2195,"[5.414139,1.897914,1.8031]",
2196,"[5.44929,1.915128,1.774632]",
2197,"[5.457807,1.918586,1.767248]",
2198,"[5.465985,1.918227,1.760777]",
2199,"[5.504429,1.93683,1.732281]",
2200,"[5.600189,1.986533,1.661388]",
2201,"[5.606979,1.980644,1.661626]",
2202,"[5.51826,1.863003,1.747736]",
2203,"[5.487126,1.825815,1.775531]",
2204,"[5.46455,1.79946,1.7949]",
2205,"[5.426925,1.770518,1.82196]",
2206,"[5.410816,1.759964,1.83264]",
2207,"[5.396699,1.751454,1.841549]",
2208,"[5.377326,1.739732,1.853382]",
2209,"[5.370568,1.7353,1.857249]",
2210,"[5.359278,1.727811,1.863773]",
2211,"[5.354435,1.724387,1.866642]",
2212,"[5.341748,1.717705,1.874488]",
2213,"[5.33317,1.715354,1.880177]",
2214,"[5.30897,1.708848,1.896281]",
2215,"[5.294216,1.704915,1.906109]",
2216,"[5.278706,1.70164,1.916515]",
2217,"[5.255323,1.701133,1.931955]",
2218,"[5.246634,1.700398,1.937692]",
2219,"[5.232589,1.699449,1.947003]",
2220,"[5.225714,1.700554,1.951446]",
2221,"[5.213425,1.700743,1.959336]",
2222,"[5.209968,1.701006,1.961486]",
2223,"[5.207637,1.701225,1.962935]",
2224,"[5.205988,1.702235,1.963841]",
2225,"[5.205539,1.703416,1.96395]",
2226,"[5.205723,1.704912,1.963762]",
2227,"[5.204849,1.705594,1.964416]",
2228,"[5.203607,1.705942,1.965629]",
2229,"[5.203241,1.705669,1.966385]",
2230,"[5.206245,1.703721,1.973312]",
2231,"[5.20883,1.702334,1.976894]",
2232,"[5.234128,1.697037,2.011979]",
2233,"[5.244729,1.693849,2.020126]",
2234,"[5.26864,1.681081,2.019324]",
2235,"[5.386358,1.633153,1.982374]",
2236,"[5.658752,1.628206,1.88033]",
2237,"[5.657737,1.571388,1.879475]",
2238,"[5.658391,1.558291,1.880026]",
2239,"[5.652301,1.541827,1.874899]",
2240,"[5.643261,1.517795,1.867289]",
2241,"[5.639938,1.50872,1.864492]",
2242,"[5.63589,1.496861,1.861085]",
2243,"[5.6345,1.49103,1.859915]",
2244,"[5.631115,1.486304,1.857066]",
2245,"[5.629003,1.486851,1.855287]",
2246,"[5.626308,1.487162,1.853019]",
2247,"[5.623384,1.489325,1.850557]",
2248,"[5.621084,1.490772,1.848622]",
2249,"[5.617341,1.493269,1.84547]",
2250,"[5.614683,1.495422,1.843233]",
2251,"[5.612268,1.496364,1.839045]",
2252,"[5.616012,1.496255,1.834598]",
2253,"[5.622535,1.494152,1.826849]",
2254,"[5.625765,1.491346,1.823012]",
2255,"[5.629766,1.48688,1.818259]",
2256,"[5.631168,1.483674,1.816592]",
2257,"[5.633975,1.478904,1.813259]",
2258,"[5.641712,1.451829,1.804067]",
2259,"[5.645867,1.433661,1.799131]",
2260,"[5.625756,1.264227,1.807676]",
2261,"[5.589251,1.262951,1.826193]",
2262,"[5.704082,1.153,1.765396]",
2263,"[5.656182,1.153,1.787169]",
2264,"[5.624534,1.151985,1.801605]",
2265,"[5.624534,1.12577,1.798867]",
2266,"[5.624534,1.115444,1.797711]",
2267,"[5.624534,1.105257,1.793735]",
2268,"[5.624534,1.095606,1.791506]",
2269,"[5.624534,1.083216,1.7874]",
2270,"[5.624534,1.074468,1.785756]",
2271,"[5.624534,1.065444,1.784767]",
2272,"[5.624534,1.025577,1.784637]",
2273,"[5.624534,1.006009,1.785572]",
2274,"[5.624534,0.922159,1.795275]",
2275,"[5.624534,0.9031851,1.802455]",
2276,"[5.624534,0.8793028,1.81121]",
2277,"[5.624534,0.8713208,1.814555]",
2278,"[5.624534,0.8634431,1.817522]",
2279,"[5.624534,0.8567721,1.819321]",
2280,"[5.624534,0.8540107,1.820237]",
2281,"[5.624534,0.8507101,1.81819]",
2282,"[5.624534,0.8510076,1.816988]",
2283,"[5.624534,0.8521298,1.814389]",
2284,"[5.624534,0.8527208,1.813173]",
2285,"[5.624534,0.8531705,1.812526]",
2286,"[5.624534,0.8591288,1.811714]",
2287,"[5.624534,0.863025,1.812979]",
2288,"[5.624534,0.8358766,1.820858]",
2289,"[5.624534,0.8176493,1.825813]",
2290,"[5.624534,0.7865038,1.838094]",
2291,"[5.624534,0.7724126,1.844797]",
2292,"[5.624534,0.7423497,1.849959]",
2293,"[5.624534,0.7310004,1.853084]",
2294,"[5.624534,0.7162602,1.857019]",
2295,"[5.624534,0.6978843,1.862019]",
2296,"[5.624534,0.6895384,1.864082]",
2297,"[5.624534,0.6752033,1.86583]",
2298,"[5.624534,0.6663067,1.865631]",
2299,"[5.612773,0.6622185,1.870788]",
2300,"[5.598762,0.6622184,1.875965]",
2301,"[5.586449,0.6459667,1.879634]",
2302,"[5.592412,0.622529,1.874933]",
2303,"[5.583134,0.622529,1.877563]",
2304,"[5.576252,0.6135651,1.876002]",
2305,"[5.576337,0.6030014,1.873586]",
2306,"[5.576568,0.5897816,1.866969]",
2307,"[5.576662,0.5864251,1.864278]",
2308,"[5.576817,0.5792488,1.859841]",
2309,"[5.57689,0.5750612,1.85776]",
2310,"[5.576952,0.5705532,1.855984]",
2311,"[5.577053,0.5616766,1.853084]",
2312,"[5.577108,0.5553156,1.851509]",
2313,"[5.577158,0.5464379,1.850056]",
2314,"[5.577147,0.5408881,1.850394]",
2315,"[5.576925,0.5285204,1.856735]",
2316,"[5.576764,0.521853,1.861372]",
2317,"[5.576366,0.510609,1.872749]",
2318,"[5.576243,0.5051548,1.876283]",
2319,"[5.576183,0.5045548,1.878002]",
2320,"[5.576085,0.5028769,1.880803]",
2321,"[5.576045,0.50195,1.88195]",
2322,"[5.575969,0.5027582,1.884118]",
2323,"[5.575931,0.5041258,1.885204]",
2324,"[5.575887,0.5058891,1.886481]",
2325,"[5.575863,0.5067568,1.887151]",
2326,"[5.575842,0.507111,1.887762]",
2327,"[5.575805,0.5099996,1.888814]",
2328,"[5.575786,0.512464,1.889363]",
2329,"[5.575776,0.5150071,1.889641]",
2330,"[5.57577,0.5155404,1.889808]",
2331,"[5.575756,0.5160331,1.890234]",
2332,"[5.575693,0.5178087,1.89204]",
2333,"[5.575638,0.5187602,1.893605]",
2334,"[5.575547,0.5200413,1.896205]",
2335,"[5.575507,0.5200568,1.897356]",
2336,"[5.576616,0.5214778,1.897845]",
2337,"[5.576921,0.5220678,1.898181]",
2338,"[5.580306,0.5184239,1.897699]",
2339,"[5.581987,0.516749,1.897544]",
2340,"[5.582501,0.5168692,1.897643]",
2341,"[5.581708,0.5182891,1.89784]",
2342,"[5.580849,0.5202056,1.898102]",
2343,"[5.576237,0.5285944,1.899858]",
2344,"[5.572335,0.5353611,1.901326]",
2345,"[5.565791,0.5466202,1.903807]",
2346,"[5.562315,0.5525357,1.905149]",
2347,"[5.551782,0.5699763,1.908784]",
2348,"[5.546681,0.5780921,1.910211]",
2349,"[5.541308,0.5879688,1.911755]",
2350,"[5.530108,0.6079395,1.914857]",
2351,"[5.52372,0.6190615,1.916592]",
2352,"[5.522323,0.622529,1.915642]",
2353,"[5.522803,0.622529,1.914805]",
2354,"[5.578791,0.5288492,1.889781]",
2355,"[5.578663,0.5293048,1.888799]",
2356,"[5.57753,0.5307228,1.885717]",
2357,"[5.576536,0.5314407,1.884142]",
2358,"[5.575243,0.5322437,1.882373]",
2359,"[5.573096,0.5334271,1.879759]",
2360,"[5.571719,0.5341046,1.878257]",
2361,"[5.570635,0.5343518,1.877689]",
2362,"[5.569582,0.5345573,1.877211]",
2363,"[5.56742,0.5350431,1.876093]",
2364,"[5.565846,0.5353335,1.875415]",
2365,"[5.564053,0.535661,1.87465]",
2366,"[5.557254,0.5360703,1.873534]",
2367,"[5.551772,0.5359578,1.873584]",
2368,"[5.544313,0.5359774,1.873281]",
2369,"[5.540679,0.5357024,1.873745]",
2370,"[5.519792,0.5334701,1.877805]",
2371,"[5.507577,0.5322417,1.880015]",
2372,"[5.4983,0.5314384,1.881415]",
2373,"[5.481911,0.5305122,1.882829]",
2374,"[5.470563,0.5297661,1.884034]",
2375,"[5.452836,0.5283587,1.886435]",
2376,"[5.444927,0.5276501,1.88768]",
2377,"[5.617919,0.1,1.787484]",
2378,"[5.609719,0.1,1.788262]",
2379,"[5.581528,0.1,1.792808]",
2380,"[5.571043,0.0999999,1.794197]",
2381,"[5.559018,0.1,1.793029]",
2382,"[5.539634,0.1,1.791252]",
2383,"[5.530919,0.1,1.790651]",
2384,"[5.510696,0.1,1.791045]",
2385,"[5.501925,0.1,1.7913]",
2386,"[5.487445,0.1,1.791813]",
2387,"[5.486014,0.1,1.792253]",
2388,"[5.484289,0.1,1.792677]",
2389,"[5.481415,0.1,1.793168]",
2390,"[5.480223,0.1,1.79321]",
2391,"[5.478245,0.1,1.793571]",
2392,"[5.471544,0.1,1.794872]",
2393,"[5.461154,0.1,1.796425]",
2394,"[5.456896,0.1,1.796537]",
2395,"[5.448866,0.1,1.796662]",
2396,"[5.444979,0.1,1.79673]",
2397,"[5.441551,0.1000001,1.796747]",
2398,"[5.436163,0.1,1.796554]",
2399,"[5.434685,0.1,1.79706]",
2400,"[5.432903,0.1,1.79726]",
2401,"[5.432125,0.1,1.797164]",
2402,"[5.430926,0.1,1.797096]",
2403,"[5.430521,0.1000001,1.797093]",
2404,"[5.430292,0.0999999,1.797088]",
2405,"[5.429518,0.1,1.797174]",
2406,"[5.428491,0.1,1.798294]",
2407,"[5.42725,0.1,1.799974]",
2408,"[5.427044,0.1,1.800665]",
2409,"[5.42648,0.1000001,1.801875]",
2410,"[5.426326,0.1,1.802215]",
2411,"[5.426289,0.0999999,1.80252]",
2412,"[5.42627,0.1,1.802634]",
2413,"[5.426091,0.1,1.802757]",
2414,"[5.424752,0.1,1.803103]",
2415,"[5.424293,0.1,1.803199]",
2416,"[5.424783,0.1,1.809272]",
2417,"[5.422799,0.1,1.812873]",
2418,"[5.354348,0.4080001,1.873954]",
2419,"[5.348258,0.4080001,1.877319]",
2420,"[5.345294,0.4080001,1.87873]",
2421,"[5.342391,0.4080001,1.879961]",
2422,"[5.341703,0.4080001,1.880167]",
2423,"[5.345412,0.4080001,1.878025]",
2424,"[5.34767,0.4080001,1.876993]",
2425,"[5.352101,0.4080001,1.875022]",
2426,"[5.353898,0.4080001,1.874039]",
2427,"[5.35327,0.4080001,1.873977]",
2428,"[5.352359,0.4080001,1.873849]",
2429,"[5.405113,0.1,1.82108]",
2430,"[5.40288,0.1,1.817231]",
2431,"[5.4034,0.0999999,1.814534]",
2432,"[5.330809,0.5271679,1.884729]",
2433,"[5.32994,0.5276351,1.883697]",
2434,"[5.32969,0.5274917,1.883996]",
2435,"[5.329438,0.5274721,1.884029]",
2436,"[5.329404,0.5274172,1.884145]",
2437,"[5.328713,0.5273503,1.884265]",
2438,"[5.327924,0.5275313,1.883849]",
2439,"[5.326399,0.528726,1.881232]",
2440,"[5.325704,0.5295568,1.879425]",
2441,"[5.324802,0.5336501,1.87061]",
2442,"[5.324877,0.5358156,1.865966]",
2443,"[5.324905,0.5380424,1.861188]",
2444,"[5.325416,0.5390582,1.859027]",
2445,"[5.32577,0.5398097,1.857426]",
2446,"[5.326298,0.5406507,1.85564]",
2447,"[5.32645,0.5408915,1.855129]",
2448,"[5.326981,0.5414722,1.853901]",
2449,"[5.327138,0.5417671,1.853274]",
2450,"[5.32755,0.5425818,1.85154]",
2451,"[5.327812,0.543084,1.850472]",
2452,"[5.328055,0.5435556,1.849468]",
2453,"[5.328848,0.5445794,1.847299]",
2454,"[5.329148,0.5450674,1.846262]",
2455,"[5.329421,0.5458087,1.844681]",
2456,"[5.329191,0.5464313,1.843337]",
2457,"[5.328984,0.5474793,1.841081]",
2458,"[5.328968,0.5479648,1.840039]",
2459,"[5.394488,0.1,1.721333]",
2460,"[5.394897,0.1,1.720873]",
2461,"[5.395774,0.1,1.720093]",
2462,"[5.397201,0.1,1.718124]",
2463,"[5.397986,0.1000001,1.716541]",
2464,"[5.399034,0.1,1.714376]",
2465,"[5.399587,0.0999999,1.713193]",
2466,"[5.40436,0.1,1.709927]",
2467,"[5.405986,0.1,1.708751]",
2468,"[5.407291,0.1,1.707838]",
2469,"[5.409075,0.1,1.706071]",
2470,"[5.409861,0.1,1.705142]",
2471,"[5.410796,0.1,1.704262]",
2472,"[5.411047,0.1,1.704063]",
2473,"[5.411907,0.0999999,1.703524]",
2474,"[5.412206,0.1,1.703156]",
2475,"[5.413056,0.1000001,1.702169]",
2476,"[5.413639,0.1,1.701527]",
2477,"[5.414146,0.1,1.70093]",
2478,"[5.415561,0.1,1.69922]",
2479,"[5.416409,0.1,1.697283]",
2480,"[5.418394,0.1,1.693439]",
2481,"[5.421311,0.1,1.690212]",
2482,"[5.43432,0.1000001,1.680605]",
2483,"[5.442122,0.1,1.675288]",
2484,"[5.484022,0.0999999,1.64735]",
2485,"[5.496964,0.1,1.638123]",
2486,"[5.504885,0.1000001,1.63225]",
2487,"[5.514278,0.1,1.623773]",
2488,"[5.517119,0.1,1.620516]",
2489,"[5.522393,0.1,1.614126]",
2490,"[5.524834,0.0999999,1.611251]",
2491,"[5.528071,0.1,1.606784]",
2492,"[5.528859,0.1,1.604391]",
2493,"[5.529413,0.1,1.602352]",
2494,"[5.529635,0.1,1.598286]",
2495,"[5.529483,0.1,1.596508]",
2496,"[5.52985,0.1,1.591166]",
2497,"[5.530077,0.1,1.589908]",
2498,"[5.526989,0.1,1.599649]",
2499,"[5.523962,0.1,1.609048]",
2500,"[5.479465,0.1,1.701516]",
2501,"[5.373131,0.5384033,1.862098]",
2502,"[5.369599,0.5347149,1.869889]",
2503,"[5.367371,0.5289446,1.882194]",
2504,"[5.366834,0.5271158,1.886099]",
2505,"[5.450667,0.1000001,1.779598]",
2506,"[5.450251,0.1,1.779418]",
2507,"[5.4497,0.1,1.779089]",
2508,"[5.449431,0.1,1.778957]",
2509,"[5.449203,0.1,1.778909]",
2510,"[5.449086,0.1,1.779455]",
2511,"[5.449108,0.1,1.780129]",
2512,"[5.448939,0.1,1.782586]",
2513,"[5.448868,0.1000001,1.783988]",
2514,"[5.448193,0.1,1.788413]",
2515,"[5.388121,0.4080001,1.876365]",
2516,"[5.388026,0.4080001,1.882765]",
2517,"[5.388372,0.4080001,1.891587]",
2518,"[5.388831,0.4080001,1.895031]",
2519,"[5.39008,0.4080001,1.900382]",
2520,"[5.390808,0.4080001,1.902716]",
2521,"[5.392391,0.4080001,1.906074]",
2522,"[5.393288,0.4080001,1.907838]",
2523,"[5.393616,0.4080001,1.909901]",
2524,"[5.393307,0.4080001,1.910261]",
2525,"[5.39299,0.4080001,1.910748]",
2526,"[5.394443,0.4080001,1.913356]",
2527,"[5.395172,0.4080001,1.914778]",
2528,"[5.396531,0.4080001,1.917611]",
2529,"[5.393646,0.4289483,1.923105]",
2530,"[5.387252,0.4730972,1.934552]",
2531,"[5.38381,0.4970466,1.940757]",
2532,"[5.38282,0.5022829,1.941852]",
2533,"[5.383677,0.5003494,1.941854]",
2534,"[5.383716,0.499544,1.941329]",
2535,"[5.382761,0.4978763,1.939007]",
2536,"[5.381988,0.4971258,1.937513]",
2537,"[5.444769,0.1,1.845826]",
2538,"[5.444089,0.1,1.844706]",
2539,"[5.442426,0.0999999,1.843034]",
2540,"[5.440796,0.1,1.84053]",
2541,"[5.439484,0.1,1.838568]",
2542,"[5.437441,0.1,1.835609]",
2543,"[5.436643,0.1000001,1.834471]",
2544,"[5.436531,0.1,1.832481]",
2545,"[5.436664,0.1,1.831768]",
2546,"[5.437048,0.1,1.830628]",
2547,"[5.43718,0.0999999,1.83026]",
2548,"[5.437327,0.1,1.829991]",
2549,"[5.438058,0.1,1.828169]",
2550,"[5.438071,0.1,1.827632]",
2551,"[5.4382,0.1000001,1.826914]",
2552,"[5.438276,0.1000001,1.826686]",
2553,"[5.438496,0.1000001,1.826128]",
2554,"[5.438621,0.1,1.825832]",
2555,"[5.439532,0.1,1.823667]",
2556,"[5.440311,0.1,1.822014]",
2557,"[5.440979,0.1,1.819352]",
2558,"[5.442173,0.1,1.815173]",
2559,"[5.442699,0.1,1.813486]",
2560,"[5.44357,0.1,1.811219]",
2561,"[5.444064,0.1,1.810236]",
2562,"[5.445162,0.1,1.808321]",
2563,"[5.445776,0.1,1.807516]",
2564,"[5.446318,0.1,1.806152]",
2565,"[5.447259,0.1,1.804012]",
2566,"[5.44775,0.0999999,1.803057]",
2567,"[5.44873,0.0999999,1.80078]",
2568,"[5.449073,0.1,1.800077]",
2569,"[5.449656,0.1,1.799245]",
2570,"[5.449831,0.1,1.799318]",
2571,"[5.45031,0.0999999,1.799566]",
2572,"[5.444612,0.1,1.81093]",
2573,"[5.44108,0.1,1.818632]",
2574,"[5.437217,0.1,1.828547]",
2575,"[5.435126,0.1,1.831948]",
2576,"[5.432615,0.1000001,1.836704]",
2577,"[5.431557,0.1,1.838678]",
2578,"[5.430096,0.1,1.841751]",
2579,"[5.429533,0.1,1.843189]",
2580,"[5.429212,0.1,1.84482]",
2581,"[5.430539,0.1,1.849756]",
2582,"[5.432665,0.1,1.853648]",
2583,"[5.391992,0.4080001,1.946594]",
2584,"[5.396868,0.4080001,1.954625]",
2585,"[5.471875,0.2224944,1.968854]",
2586,"[5.510782,0.0999999,1.962363]",
2587,"[5.573231,0.2450216,2.1631]",
2588,"[5.571929,0.2930823,2.200401]",
2589,"[5.570473,0.3676621,2.242066]",
2590,"[5.56949,0.4108673,2.270231]",
2591,"[5.569144,0.4243301,2.280129]",
2592,"[5.569069,0.4313026,2.282269]",
2593,"[5.568954,0.4369248,2.285575]",
2594,"[5.568862,0.4406671,2.288199]",
2595,"[5.568788,0.4504713,2.290324]",
2596,"[5.568701,0.4559178,2.292825]",
2597,"[5.568668,0.4666855,2.293763]",
2598,"[5.568713,0.4710319,2.292471]",
2599,"[5.569026,0.4853676,2.283503]",
2600,"[5.569225,0.4905865,2.277808]",
2601,"[5.569386,0.4982917,2.273216]",
2602,"[5.569446,0.4985653,2.271478]",
2603,"[5.569481,0.4988126,2.270468]",
2604,"[5.569499,0.4975889,2.269947]",
2605,"[5.569427,0.496186,2.272013]",
2606,"[5.567941,0.4957138,2.279435]",
2607,"[5.566357,0.4978293,2.282518]",
2608,"[5.563362,0.5016266,2.286568]",
2609,"[5.560547,0.506957,2.286131]",
2610,"[5.558988,0.5090429,2.287441]",
2611,"[5.553796,0.5191696,2.285655]",
2612,"[5.551366,0.5238277,2.284686]",
2613,"[5.546947,0.5325501,2.283423]",
2614,"[5.544685,0.5373728,2.281967]",
2615,"[5.540399,0.5477942,2.279626]",
2616,"[5.538478,0.5530903,2.278549]",
2617,"[5.536504,0.559069,2.27762]",
2618,"[5.533211,0.5690634,2.276368]",
2619,"[5.53172,0.573925,2.275873]",
2620,"[5.527695,0.5848373,2.274928]",
2621,"[5.525435,0.5904727,2.274475]",
2622,"[5.519478,0.6013557,2.273365]",
2623,"[5.515833,0.6064358,2.272698]",
2624,"[5.506711,0.6193619,2.27024]",
2625,"[5.50333,0.622529,2.269372]",
2626,"[5.501809,0.622529,2.268901]",
2627,"[5.498939,0.622529,2.269329]",
2628,"[5.497569,0.622529,2.270115]",
2629,"[5.579611,0.426229,2.27562]",
2630,"[5.577688,0.4270749,2.276592]",
2631,"[5.574145,0.4284286,2.27813]",
2632,"[5.572521,0.4282586,2.277864]",
2633,"[5.570155,0.4288369,2.278492]",
2634,"[5.560845,0.4303702,2.280049]",
2635,"[5.556877,0.4312349,2.280972]",
2636,"[5.54908,0.4333242,2.283265]",
2637,"[5.544032,0.434646,2.284712]",
2638,"[5.535184,0.4371502,2.287477]",
2639,"[5.530874,0.4383948,2.288855]",
2640,"[5.519567,0.4396098,2.289952]",
2641,"[5.512941,0.4398248,2.289984]",
2642,"[5.50599,0.4401115,2.290093]",
2643,"[5.495898,0.4412366,2.291122]",
2644,"[5.490221,0.4421297,2.292021]",
2645,"[5.482505,0.4432757,2.293158]",
2646,"[5.478146,0.4438723,2.293738]",
2647,"[5.470267,0.4454222,2.295366]",
2648,"[5.466541,0.4465429,2.296612]",
2649,"[5.462902,0.4479861,2.298257]",
2650,"[5.455766,0.45142,2.302224]",
2651,"[5.451857,0.4535112,2.304655]",
2652,"[5.444913,0.4578809,2.309777]",
2653,"[5.441551,0.4603313,2.312668]",
2654,"[5.435799,0.4651808,2.318421]",
2655,"[5.433165,0.4677621,2.321498]",
2656,"[5.431583,0.4665636,2.319972]",
2657,"[5.43049,0.465025,2.318044]",
2658,"[5.429412,0.4639888,2.316735]",
2659,"[5.427592,0.4618556,2.314052]",
2660,"[5.426686,0.4612941,2.313331]",
2661,"[5.425263,0.460454,2.31225]",
2662,"[5.424377,0.4601475,2.311843]",
2663,"[5.422852,0.459971,2.311573]",
2664,"[5.422668,0.4598594,2.311429]",
2665,"[5.42244,0.4598042,2.311353]",
2666,"[5.421816,0.4596976,2.311201]",
2667,"[5.421754,0.4593949,2.310827]",
2668,"[5.421753,0.4590003,2.310343]",
2669,"[5.422883,0.4576141,2.30868]",
2670,"[5.425373,0.4554489,2.306109]",
2671,"[5.426785,0.4545811,2.305093]",
2672,"[5.428013,0.4539575,2.30437]",
2673,"[5.430028,0.4533819,2.303734]",
2674,"[5.431461,0.4524939,2.302693]",
2675,"[5.432757,0.4517544,2.301831]",
2676,"[5.441703,0.4218181,2.298714]",
2677,"[5.53623,0.1,2.264262]",
2678,"[5.536221,0.1,2.264201]",
2679,"[5.53617,0.1,2.264169]",
2680,"[5.536056,0.1,2.264169]",
2681,"[5.535975,0.1,2.264195]",
2682,"[5.535814,0.1,2.264236]",
2683,"[5.535769,0.1,2.264222]",
2684,"[5.535769,0.1,2.264119]",
2685,"[5.535797,0.1,2.264102]",
2686,"[5.536019,0.1,2.263307]",
2687,"[5.536008,0.1,2.262149]",
2688,"[5.535984,0.1,2.261297]",
2689,"[5.53597,0.1,2.260013]",
2690,"[5.536024,0.1,2.259396]",
2691,"[5.537455,0.1,2.257132]",
2692,"[5.538493,0.1,2.255971]",
2693,"[5.540905,0.1,2.254084]",
2694,"[5.541567,0.1,2.253483]",
2695,"[5.541019,0.1,2.25244]",
2696,"[5.539989,0.1,2.251985]",
2697,"[5.539161,0.1000001,2.251601]",
2698,"[5.509994,0.1000001,2.263684]",
2699,"[5.499621,0.1000001,2.268806]",
2700,"[5.48654,0.0999999,2.275472]",
2701,"[5.481737,0.1,2.278171]",
2702,"[5.47288,0.1,2.282732]",
2703,"[5.468177,0.1,2.285069]",
2704,"[5.464268,0.1,2.287122]",
2705,"[5.457666,0.1,2.291289]",
2706,"[5.454352,0.1,2.293864]",
2707,"[5.449974,0.1000001,2.29862]",
2708,"[5.338569,0.622529,2.362935]",
2709,"[5.337994,0.622529,2.368641]",
2710,"[5.338026,0.622529,2.371459]",
2711,"[5.510937,0.1,2.412482]",
2712,"[5.538447,0.2318512,2.565994]",
2713,"[5.537892,0.2553601,2.581906]",
2714,"[5.536042,0.3779166,2.634887]",
2715,"[5.53555,0.410789,2.648959]",
2716,"[5.535151,0.4553327,2.660399]",
2717,"[5.535354,0.4708768,2.654577]",
2718,"[5.535554,0.4900333,2.648844]",
2719,"[5.535677,0.4942172,2.645329]",
2720,"[5.535759,0.4972409,2.642973]",
2721,"[5.535862,0.499392,2.640034]",
2722,"[5.535954,0.5028117,2.637388]",
2723,"[5.536139,0.5092486,2.632107]",
2724,"[5.53623,0.5124497,2.629491]",
2725,"[5.536374,0.5222259,2.62536]",
2726,"[5.536434,0.5283359,2.623651]",
2727,"[5.536477,0.5333534,2.622425]",
2728,"[5.536535,0.540892,2.620744]",
2729,"[5.536612,0.5443889,2.618565]",
2730,"[5.536701,0.54901,2.615992]",
2731,"[5.536712,0.5519908,2.615703]",
2732,"[5.536714,0.5563526,2.615643]",
2733,"[5.536708,0.5583175,2.615796]",
2734,"[5.536693,0.5621083,2.616248]",
2735,"[5.536684,0.564533,2.616504]",
2736,"[5.536731,0.5670351,2.615136]",
2737,"[5.536788,0.5729043,2.613502]",
2738,"[5.536804,0.5766078,2.613063]",
2739,"[5.536797,0.5807003,2.613261]",
2740,"[5.536788,0.5829268,2.613499]",
2741,"[5.536761,0.5866361,2.614282]",
2742,"[5.536752,0.5884705,2.614547]",
2743,"[5.536741,0.5905885,2.614856]",
2744,"[5.536718,0.5943556,2.615525]",
2745,"[5.536707,0.5959513,2.615836]",
2746,"[5.536685,0.6014088,2.616472]",
2747,"[5.536677,0.6038809,2.616683]",
2748,"[5.536745,0.6104459,2.614762]",
2749,"[5.536795,0.6140658,2.613314]",
2750,"[5.536844,0.6183185,2.611906]",
2751,"[5.540809,0.622529,2.611636]",
2752,"[5.544651,0.622529,2.612123]",
2753,"[5.557249,0.622529,2.622693]",
2754,"[5.567356,0.6622185,2.650101]",
2755,"[5.576019,0.6862898,2.668417]",
2756,"[5.576019,0.7059426,2.676223]",
2757,"[5.576019,0.7399033,2.685235]",
2758,"[5.576019,0.7594845,2.68887]",
2759,"[5.576078,0.7800756,2.679333]",
2760,"[5.599814,0.7800756,2.678335]",
2761,"[5.612408,0.7800756,2.679249]",
2762,"[5.641211,0.7800756,2.682366]",
2763,"[5.660239,0.7800756,2.685404]",
2764,"[5.782506,0.6622185,2.733833]",
2765,"[5.790864,0.6622184,2.738348]",
2766,"[5.815647,0.6622185,2.749026]",
2767,"[5.839638,0.6622184,2.761421]",
2768,"[5.859217,0.6622184,2.772569]",
2769,"[5.677019,0.9001347,2.743491]",
2770,"[5.711943,0.9001347,2.821808]",
2771,"[5.95,0.7104753,3.009534]",
2772,"[5.876915,0.8118697,2.976509]",
2773,"[5.846272,0.881731,2.975439]",
2774,"[5.847472,0.8884717,2.975481]",
2775,"[5.846812,0.8996871,2.975458]",
2776,"[5.84595,0.9300342,2.975428]",
2777,"[5.848659,0.9371088,2.975522]",
2778,"[5.8484,0.9613105,2.975513]",
2779,"[5.847081,0.9620676,2.975467]",
2780,"[5.838961,0.9692785,2.975183]",
2781,"[5.838923,0.9726539,2.975182]",
2782,"[5.554166,1.237787,2.804107]",
2783,"[5.554319,1.261523,2.813699]",
2784,"[5.586248,1.264227,2.868228]",
2785,"[5.567111,1.295805,2.96569]",
2786,"[5.531429,1.317236,2.969977]",
2787,"[5.95,1.187333,3.546783]",
2788,"[5.589127,1.339165,3.195379]",
2789,"[5.95,1.312635,3.868308]",
2790,"[5.949999,1.34428,4.001445]",
2791,"[5.627227,1.522658,3.957235]",
2792,"[5.37667,1.634338,3.98285]",
2793,"[5.270375,1.673645,3.982933]",
2794,"[4.963859,1.757429,3.983108]",
2795,"[4.836374,1.793044,3.983183]",
2796,"[4.664977,1.852391,3.983307]",
2797,"[4.583675,1.881851,3.983369]",
2798,"[4.497377,1.915765,3.98344]",
2799,"[4.468726,1.929435,3.983469]",
2800,"[4.480486,1.92212,3.983453]",
2801,"[4.468914,1.919523,3.983448]",
2802,"[4.441988,1.920087,3.983449]",
2803,"[4.434159,1.909448,3.983427]",
2804,"[4.487643,1.860996,3.983325]",
2805,"[4.618489,1.782527,3.983161]",
2806,"[4.64921,1.765603,3.983125]",
2807,"[4.659154,1.75866,3.983111]",
2808,"[4.752685,1.728469,3.983047]",
2809,"[4.770401,1.719701,3.983029]",
2810,"[4.768694,1.713643,3.983016]",
2811,"[4.759995,1.712093,3.983013]",
2812,"[4.745305,1.712251,3.983014]",
2813,"[4.74131,1.712044,3.983013]",
2814,"[4.736227,1.711689,3.983012]",
2815,"[4.724017,1.712284,3.983014]",
2816,"[4.717041,1.713721,3.983017]",
2817,"[4.708249,1.716523,3.983022]",
2818,"[4.705666,1.717867,3.983025]",
2819,"[4.705872,1.719841,3.98303]",
2820,"[4.706564,1.72144,3.983033]",
2821,"[4.708468,1.72551,3.983041]",
2822,"[4.709457,1.727764,3.983046]",
2823,"[4.710064,1.729523,3.98305]",
2824,"[4.711423,1.737177,3.983066]",
2825,"[4.607312,1.834591,3.98327]",
2826,"[4.57267,1.866829,3.983337]",
2827,"[4.563556,1.874749,3.983354]",
2828,"[4.581069,1.863141,3.98333]",
2829,"[4.596009,1.852617,3.983308]",
2830,"[4.606723,1.84532,3.983292]",
2831,"[4.682474,1.827719,3.983255]",
2832,"[4.704166,1.823585,3.983247]",
2833,"[4.745442,1.808245,3.983215]",
2834,"[4.762588,1.80018,3.983198]",
2835,"[4.78884,1.789603,3.983176]",
2836,"[4.799835,1.785936,3.983168]",
2837,"[4.814853,1.783669,3.983163]",
2838,"[4.82043,1.783665,3.983163]",
2839,"[4.820622,1.783718,3.983163]",
2840,"[4.821738,1.783637,3.983163]",
2841,"[4.823034,1.783467,3.983163]",
2842,"[4.870312,1.770762,3.983136]",
2843,"[4.884423,1.767317,3.983129]",
2844,"[4.908583,1.761979,3.983118]",
2845,"[4.917377,1.760073,3.983114]",
2846,"[4.933356,1.75673,3.983107]",
2847,"[4.940684,1.755391,3.983104]",
2848,"[4.947252,1.754153,3.983101]",
2849,"[4.949952,1.754902,3.983103]",
2850,"[4.952006,1.755731,3.983105]",
2851,"[4.957127,1.75727,3.983108]",
2852,"[4.959422,1.760457,3.983114]",
2853,"[4.962273,1.764628,3.983123]",
2854,"[4.962886,1.765876,3.983126]",
2855,"[4.963575,1.766846,3.983128]",
2856,"[4.962924,1.767946,3.98313]",
2857,"[4.962347,1.768383,3.983131]",
2858,"[4.961689,1.768918,3.983132]",
2859,"[4.961481,1.769088,3.983133]",
2860,"[4.963523,1.769832,3.983134]",
2861,"[4.965664,1.770306,3.983135]",
2862,"[4.96923,1.770617,3.983136]",
2863,"[4.970311,1.77071,3.983136]",
2864,"[4.971276,1.770787,3.983136]",
2865,"[4.973038,1.770902,3.983136]",
2866,"[4.973918,1.771068,3.983137]",
2867,"[4.974981,1.77302,3.983141]",
2868,"[4.975541,1.774078,3.983143]",
2869,"[4.976664,1.776486,3.983148]",
2870,"[4.976834,1.776998,3.983149]",
2871,"[4.977016,1.777454,3.98315]",
2872,"[4.977433,1.778598,3.983153]",
2873,"[4.977652,1.779223,3.983154]",
2874,"[4.977698,1.779324,3.983154]",
2875,"[4.970725,1.781624,3.983159]",
2876,"[4.960982,1.784746,3.983166]",
2877,"[4.957379,1.785851,3.983168]",
2878,"[4.951927,1.787426,3.983171]",
2879,"[4.949723,1.788013,3.983172]",
2880,"[4.590844,1.811866,3.983222]",
2881,"[4.549353,1.808863,3.983216]",
2882,"[4.538085,1.807148,3.983212]",
2883,"[4.523199,1.803731,3.983205]",
2884,"[4.517107,1.801923,3.983202]",
2885,"[4.50808,1.798813,3.983195]",
2886,"[4.504727,1.797497,3.983192]",
2887,"[4.50196,1.79619,3.983189]",
2888,"[4.498174,1.79398,3.983185]",
2889,"[4.508069,1.789341,3.983175]",
2890,"[4.726336,1.725896,3.983042]",
2891,"[4.759619,1.715824,3.983021]",
2892,"[4.788373,1.707513,3.983004]",
2893,"[4.797637,1.704992,3.982998]",
2894,"[4.809357,1.705378,3.982999]",
2895,"[4.813284,1.705884,3.983]",
2896,"[4.816473,1.70615,3.983001]",
2897,"[4.819319,1.706473,3.983001]",
2898,"[4.820598,1.706578,3.983002]",
2899,"[4.822475,1.706192,3.983001]",
2900,"[4.823377,1.705571,3.983]",
2901,"[4.824802,1.704052,3.982996]",
2902,"[4.824825,1.703608,3.982996]",
2903,"[4.824807,1.70299,3.982994]",
2904,"[4.824511,1.701102,3.98299]",
2905,"[4.824281,1.699971,3.982988]",
2906,"[4.823684,1.697632,3.982983]",
2907,"[4.823482,1.696493,3.982981]",
2908,"[4.823294,1.695421,3.982978]",
2909,"[4.823298,1.69541,3.982978]",
2910,"[4.82318,1.695378,3.982978]",
2911,"[4.823095,1.695368,3.982978]",
2912,"[4.816598,1.688285,3.982963]",
2913,"[4.808683,1.679683,3.982945]",
2914,"[4.805483,1.674948,3.982935]",
2915,"[4.799933,1.669078,3.982923]",
2916,"[4.797178,1.666997,3.982919]",
2917,"[4.793883,1.664126,3.982913]",
2918,"[4.792575,1.662926,3.98291]",
2919,"[4.791365,1.6619,3.982908]",
2920,"[4.788369,1.659936,3.982904]",
2921,"[4.786525,1.658905,3.982902]",
2922,"[4.783491,1.65765,3.982899]",
2923,"[4.782237,1.657353,3.982899]",
2924,"[4.780797,1.657056,3.982898]",
2925,"[4.780631,1.656876,3.982898]",
2926,"[4.78045,1.656595,3.982897]",
2927,"[4.780117,1.655108,3.982894]",
2928,"[4.779981,1.654119,3.982892]",
2929,"[4.786435,1.649697,3.982882]",
2930,"[4.810552,1.650065,3.982883]",
2931,"[4.834941,1.648923,3.982881]",
2932,"[4.842325,1.648401,3.98288]",
2933,"[4.853133,1.647022,3.982877]",
2934,"[4.85758,1.645336,3.982873]",
2935,"[4.861591,1.642542,3.982868]",
2936,"[4.868242,1.631198,3.982844]",
2937,"[4.874053,1.620433,3.982821]",
2938,"[4.886338,1.591963,3.982762]",
2939,"[4.909898,1.570797,3.982717]",
2940,"[5.011391,1.525272,3.982622]",
2941,"[5.047483,1.509709,3.982589]",
2942,"[5.068527,1.508567,3.982587]",
2943,"[5.093831,1.505791,3.982581]",
2944,"[5.104007,1.508525,3.982587]",
2945,"[5.119855,1.518433,3.982608]",
2946,"[5.127003,1.525931,3.982623]",
2947,"[5.134775,1.548675,3.982671]",
2948,"[5.136344,1.561561,3.982698]",
2949,"[5.137573,1.571232,3.982718]",
2950,"[5.200244,1.606861,3.982793]",
2951,"[5.226948,1.619452,3.982819]",
2952,"[5.256319,1.633103,3.982848]",
2953,"[5.26597,1.637343,3.982857]",
2954,"[5.280166,1.643376,3.982869]",
2955,"[5.28513,1.645154,3.982873]",
2956,"[5.293118,1.647831,3.982879]",
2957,"[5.296124,1.650126,3.982883]",
2958,"[5.299074,1.652465,3.982888]",
2959,"[5.304504,1.656397,3.982897]",
2960,"[5.307141,1.657982,3.9829]",
2961,"[5.311689,1.66003,3.982904]",
2962,"[5.313162,1.660505,3.982905]",
2963,"[5.315686,1.661033,3.982906]",
2964,"[5.316743,1.660897,3.982906]",
2965,"[5.318848,1.660206,3.982905]",
2966,"[5.319728,1.659707,3.982903]",
2967,"[5.320349,1.659119,3.982902]",
2968,"[5.321663,1.65727,3.982898]",
2969,"[5.32238,1.656004,3.982896]",
2970,"[5.323787,1.653101,3.98289]",
2971,"[5.324534,1.651329,3.982886]",
2972,"[5.325851,1.64778,3.982879]",
2973,"[5.326526,1.645733,3.982874]",
2974,"[5.32719,1.643565,3.98287]",
2975,"[5.328409,1.639146,3.982861]",
2976,"[4.985295,1.708572,3.983006]",
2977,"[4.955154,1.715037,3.983019]",
2978,"[4.948134,1.716527,3.983022]",
2979,"[4.935836,1.710078,3.983009]",
2980,"[4.932269,1.703192,3.982995]",
2981,"[4.900797,1.695025,3.982978]",
2982,"[4.877729,1.669907,3.982925]",
2983,"[4.873786,1.65315,3.98289]",
2984,"[4.874891,1.615931,3.982812]",
2985,"[4.879056,1.595207,3.982769]",
2986,"[4.891893,1.552975,3.98268]",
2987,"[4.950202,1.457766,3.982481]",
2988,"[5.253487,1.140069,3.904951]",
2989,"[5.33485,0.7565653,3.914652]",
2990,"[5.348646,0.7186779,3.916297]",
2991,"[5.246964,0.7987495,3.312557]",
2992,"[5.275048,0.8320109,3.179288]",
2993,"[5.28742,0.8438159,3.1318]",
2994,"[5.301569,0.8322504,3.134782]",
2995,"[5.313224,0.8252617,3.137238]",
2996,"[5.315166,0.8258976,3.137647]",
2997,"[5.318914,0.8264249,3.138437]",
2998,"[5.321426,0.8261366,3.138966]",
2999,"[5.323964,0.8255427,3.139501]",
3000,"[5.330118,0.8232778,3.140798]",
3001,"[5.333658,0.8216218,3.141544]",
3002,"[5.340992,0.8176417,3.14309]",
3003,"[5.336984,0.8244883,3.142245]",
3004,"[5.316636,0.8432221,3.137957]",
3005,"[5.31269,0.8474404,3.137125]",
3006,"[5.311235,0.8501169,3.136819]",
3007,"[5.30888,0.8580251,3.136322]",
3008,"[5.307295,0.8647226,3.135988]",
3009,"[5.299633,0.8882746,3.134374]",
3010,"[5.293817,0.9057854,3.133148]",
3011,"[5.283541,0.9415134,3.138986]",
3012,"[5.282396,0.9525298,3.144419]",
3013,"[5.280537,0.9725903,3.153239]",
3014,"[5.279743,0.9820726,3.157009]",
3015,"[5.278972,0.9917867,3.160666]",
3016,"[5.277578,1.010547,3.167283]",
3017,"[5.276581,1.022775,3.172013]",
3018,"[4.596082,1.695806,3.982979]",
3019,"[4.578119,1.745098,3.983082]",
3020,"[4.562794,1.778173,3.983152]",
3021,"[4.547225,1.815789,3.983231]",
3022,"[4.539167,1.831591,3.983263]",
3023,"[4.532264,1.850692,3.983304]",
3024,"[4.538281,1.853367,3.983309]",
3025,"[4.544218,1.86057,3.983324]",
3026,"[4.545364,1.866515,3.983337]",
3027,"[4.543463,1.88142,3.983368]",
3028,"[4.540326,1.891194,3.983388]",
3029,"[4.535909,1.901826,3.983411]",
3030,"[4.52367,1.925226,3.98346]",
3031,"[4.516049,1.937854,3.983486]",
3032,"[4.67585,1.876881,3.983358]",
3033,"[4.707452,1.867003,3.983338]",
3034,"[4.75946,1.859286,3.983322]",
3035,"[4.78788,1.85824,3.983319]",
3036,"[4.855803,1.837087,3.983275]",
3037,"[4.89447,1.834478,3.98327]",
3038,"[4.937292,1.835743,3.983272]",
3039,"[5.464575,2.010883,3.983639]",
3040,"[5.504551,2.024137,3.983667]",
3041,"[5.573061,2.042826,3.951031]",
3042,"[5.618721,2.058051,3.950588]",
3043,"[5.95,2.218035,4.349716]",
3044,"[5.95,2.207309,4.258008]",
3045,"[5.95,2.19611,4.160508]",
3046,"[5.95,1.768265,2.671293]",
3047,"[5.95,1.76642,2.661508]",
3048,"[5.95,1.750247,2.647781]",
3049,"[5.95,1.745049,2.64606]",
3050,"[5.638291,1.690963,2.584203]",
3051,"[5.640615,1.68757,2.58092]",
3052,"[5.626927,1.683324,2.580469]",
3053,"[5.635203,1.680717,2.576517]",
3054,"[5.652132,1.679333,2.571654]",
3055,"[5.560196,1.663168,2.52404]",
3056,"[5.66205,1.669876,2.524049]",
3057,"[5.559362,1.667681,2.530892]",
3058,"[5.628775,1.675642,2.573789]",
3059,"[5.614849,1.674068,2.575574]",
3060,"[5.621404,1.674678,2.574627]",
3061,"[5.614894,1.674189,2.575663]",
3062,"[5.623536,1.675061,2.57447]",
3063,"[5.55974,1.668051,2.549457]",
3064,"[5.645168,1.673708,2.52346]",
3065,"[5.80898,1.688552,2.52918]",
3066,"[5.95,1.699348,2.497818]",
3067,"[5.95,1.697868,2.470018]",
3068,"[5.95,1.694962,2.413763]",
3069,"[5.95,1.693521,2.385739]",
3070,"[5.95,1.692113,2.358609]",
3071,"[5.95,1.690674,2.304123]",
3072,"[5.95,1.685907,2.245421]",
3073,"[5.95,1.659919,2.202188]",
3074,"[5.95,1.643288,2.195414]",
3075,"[5.638988,1.494135,2.002801]",
3076,"[5.578642,1.491102,1.999601]",
3077,"[5.634387,1.431653,1.81277]",
3078,"[5.745591,1.385981,1.666466]",
3079,"[5.691089,1.386101,1.664563]",
3080,"[5.594943,1.38644,1.661205]",
3081,"[5.579356,1.377874,1.631325]",
3082,"[5.950001,1.235472,1.181822]",
3083,"[5.95,1.214954,1.117295]",
3084,"[5.950001,1.175947,1.056364]",
3085,"[5.95,1.175609,1.074604]",
3086,"[5.95,1.173241,1.076495]",
3087,"[5.950001,1.153656,1.051187]",
3088,"[5.950001,1.132209,1.012139]",
3089,"[5.950001,1.053257,0.8375367]",
3090,"[5.440781,1.118351,1.048156]",
3091,"[5.370266,1.102363,1.018387]",
3092,"[5.370266,1.060836,0.9175634]",
3093,"[5.454601,0.925911,0.5787815]",
3094,"[5.062145,1.290685,1.518633]",
3095,"[5.036898,1.289166,1.518633]",
3096,"[4.997338,1.286479,1.518633]",
3097,"[5.002762,1.274823,1.518633]",
3098,"[5.014758,1.256179,1.518633]",
3099,"[5.018054,1.24877,1.518633]",
3100,"[5.029618,1.238458,1.518633]",
3101,"[5.03244,1.226471,1.518633]",
3102,"[5.030442,1.183356,1.518633]",
3103,"[4.989372,1.137909,1.518633]",
3104,"[4.968577,1.123069,1.518633]",
3105,"[4.936205,1.102726,1.518633]",
3106,"[4.921174,1.094128,1.518633]",
3107,"[4.892725,1.078683,1.518633]",
3108,"[4.877505,1.070625,1.518633]",
3109,"[4.862522,1.062724,1.518633]",
3110,"[4.833168,1.063683,1.518633]",
3111,"[4.834003,1.101667,1.518633]",
3112,"[4.853895,1.133949,1.518633]",
3113,"[4.869341,1.141511,1.518633]",
3114,"[4.878519,1.145906,1.518633]",
3115,"[4.883537,1.147167,1.518633]",
3116,"[4.886468,1.147494,1.518633]",
3117,"[4.896228,1.147263,1.518633]",
3118,"[4.897945,1.146691,1.518633]",
3119,"[4.899177,1.145438,1.518633]",
3120,"[4.899328,1.144606,1.518633]",
3121,"[4.898551,1.141882,1.518633]",
3122,"[4.897305,1.139745,1.518633]",
3123,"[4.873643,1.045254,1.518633]",
3124,"[4.860614,1.008765,1.518633]",
3125,"[4.85475,0.9941114,1.518633]",
3126,"[4.848412,0.9790698,1.518633]",
3127,"[4.845579,0.9740999,1.518633]",
3128,"[4.842457,0.9675022,1.518633]",
3129,"[4.841588,0.9646419,1.518633]",
3130,"[4.840562,0.9598397,1.518633]",
3131,"[4.840355,0.9576074,1.518633]",
3132,"[4.839877,0.9552651,1.518633]",
3133,"[4.838155,0.9504619,1.518633]",
3134,"[4.836802,0.9477395,1.518633]",
3135,"[4.833086,0.9425761,1.518633]",
3136,"[4.830943,0.9399617,1.518633]",
3137,"[4.834976,0.9167992,1.518633]",
3138,"[4.837767,0.9017425,1.518633]",
3139,"[4.84726,0.8860109,1.518633]",
3140,"[4.858892,0.8589757,1.518633]",
3141,"[4.862743,0.8464605,1.518633]",
3142,"[4.87019,0.825111,1.52847]",
3143,"[4.871728,0.825111,1.540173]",
3144,"[4.873726,0.825111,1.557731]",
3145,"[4.874074,0.825111,1.567081]",
3146,"[4.874497,0.8090101,1.56998]",
3147,"[4.874368,0.7987182,1.57004]",
3148,"[4.874035,0.7870734,1.569215]",
3149,"[4.87182,0.7874001,1.58743]",
3150,"[4.871953,0.7874001,1.579158]",
3151,"[4.871308,0.7821718,1.561359]",
3152,"[4.871224,0.7961227,1.560105]",
3153,"[4.872177,0.825111,1.54828]",
3154,"[4.877043,0.8273978,1.518633]",
3155,"[4.879304,0.8435457,1.518633]",
3156,"[4.881659,0.8465451,1.518633]",
3157,"[4.885234,0.8447343,1.518633]",
3158,"[4.890866,0.8407481,1.518633]",
3159,"[4.893372,0.8385578,1.518633]",
3160,"[4.897496,0.8343134,1.518633]",
3161,"[4.899536,0.8318757,1.518633]",
3162,"[4.903028,0.8271037,1.518633]",
3163,"[4.909116,0.825111,1.525047]",
3164,"[4.911856,0.825111,1.537177]",
3165,"[4.914786,0.825111,1.551152]",
3166,"[4.915715,0.825111,1.556857]",
3167,"[4.913155,0.8250811,1.563826]",
3168,"[4.913327,0.8230148,1.565687]",
3169,"[4.912096,0.8225562,1.566485]",
3170,"[4.916645,0.8192363,1.567861]",
3171,"[4.920672,0.8139538,1.56763]",
3172,"[4.927505,0.8033863,1.567402]",
3173,"[4.9306,0.7977911,1.567382]",
3174,"[4.935687,0.7871819,1.567492]",
3175,"[4.938169,0.7812406,1.567625]",
3176,"[4.955947,0.7653041,1.56585]",
3177,"[4.965116,0.7723208,1.563378]",
3178,"[4.970257,0.7756079,1.562057]",
3179,"[4.971511,0.7823077,1.561132]",
3180,"[4.972313,0.78442,1.560762]",
3181,"[4.975079,0.7988293,1.55876]",
3182,"[4.981889,0.8075109,1.556568]",
3183,"[4.990346,0.813894,1.55074]",
3184,"[4.993371,0.8155155,1.548321]",
3185,"[4.998191,0.8179981,1.544559]",
3186,"[5.000449,0.8191199,1.542834]",
3187,"[5.002391,0.8200653,1.541369]",
3188,"[5.00605,0.8218008,1.538651]",
3189,"[5.007683,0.8225583,1.537454]",
3190,"[4.992613,0.8368815,1.518633]",
3191,"[4.983172,0.8522462,1.518633]",
3192,"[4.970047,0.8777053,1.518633]",
3193,"[4.965098,0.8896713,1.518633]",
3194,"[4.962842,0.8968564,1.518633]",
3195,"[4.959372,0.9063051,1.518633]",
3196,"[4.957457,0.9095702,1.518633]",
3197,"[4.951624,0.9161521,1.518633]",
3198,"[4.948527,0.9197003,1.518633]",
3199,"[4.943204,0.9263832,1.518633]",
3200,"[4.940669,0.9297926,1.518633]",
3201,"[4.935711,0.9367958,1.518633]",
3202,"[4.933329,0.9402986,1.518633]",
3203,"[4.94953,0.9288006,1.518633]",
3204,"[4.958471,0.9180781,1.518633]",
3205,"[4.960856,0.916362,1.518633]",
3206,"[4.964834,0.9129041,1.518633]",
3207,"[4.966867,0.9099029,1.518633]",
3208,"[4.969406,0.9063123,1.518633]",
3209,"[4.9701,0.9054031,1.518633]",
3210,"[4.970469,0.9050352,1.518633]",
3211,"[4.970885,0.9049497,1.518633]",
3212,"[4.970975,0.9051895,1.518633]",
3213,"[4.967762,0.9102818,1.518633]",
3214,"[4.964042,0.9158109,1.518633]",
3215,"[4.961349,0.9205722,1.518633]",
3216,"[4.959248,0.9237477,1.518633]",
3217,"[4.960029,0.9294567,1.518633]",
3218,"[4.961204,0.9302239,1.518633]",
3219,"[4.961565,0.9305308,1.518633]",
3220,"[4.960174,0.9329332,1.518633]",
3221,"[4.958572,0.9347993,1.518633]",
3222,"[4.955105,0.9360404,1.518633]",
3223,"[4.952088,0.9378071,1.518633]",
3224,"[4.947256,0.9413846,1.518633]",
3225,"[4.944927,0.9433637,1.518633]",
3226,"[4.942864,0.9452473,1.518633]",
3227,"[4.93881,0.949306,1.518633]",
3228,"[4.93858,0.9491021,1.518633]",
3229,"[4.936449,0.9509586,1.518633]",
3230,"[4.941687,0.9494994,1.518633]",
3231,"[4.952763,0.9475717,1.518633]",
3232,"[4.95637,0.9467667,1.518633]",
3233,"[4.958905,0.946599,1.518633]",
3234,"[4.961765,0.945568,1.518633]",
3235,"[4.962788,0.945724,1.518633]",
3236,"[4.96349,0.9459894,1.518633]",
3237,"[4.929677,1.061722,1.620941]",
3238,"[4.900935,1.157853,1.703312]",
3239,"[4.900505,1.158667,1.702413]",
3240,"[4.90062,1.159086,1.700877]",
3241,"[4.900359,1.159662,1.699663]",
3242,"[4.900099,1.160338,1.69837]",
3243,"[4.900232,1.159643,1.698118]",
3244,"[4.900148,1.159089,1.698023]",
3245,"[4.900004,1.158567,1.69723]",
3246,"[4.899839,1.158558,1.696637]",
3247,"[4.89917,1.158281,1.695396]",
3248,"[4.898685,1.158086,1.694741]",
3249,"[4.898207,1.15721,1.694812]",
3250,"[4.897614,1.155903,1.694763]",
3251,"[4.89739,1.155384,1.694705]",
3252,"[4.897114,1.154586,1.694507]",
3253,"[4.897016,1.154283,1.694403]",
3254,"[4.896895,1.153824,1.694176]",
3255,"[4.896859,1.153645,1.694053]",
3256,"[4.895037,1.15584,1.697797]",
3257,"[4.894741,1.155735,1.698467]",
3258,"[4.894616,1.155032,1.698655]",
3259,"[4.955199,0.9354458,1.518633]",
3260,"[4.954925,0.9342857,1.518633]",
3261,"[4.952996,0.9311758,1.518633]",
3262,"[4.951364,0.9280294,1.518633]",
3263,"[4.948893,0.9225683,1.518633]",
3264,"[4.948271,0.9207728,1.518633]",
3265,"[4.947647,0.9190382,1.518633]",
3266,"[4.945319,0.9143443,1.518633]",
3267,"[4.943549,0.9129357,1.518633]",
3268,"[4.940681,0.9121999,1.518633]",
3269,"[4.937687,0.9143403,1.518633]",
3270,"[4.932999,0.9188398,1.518633]",
3271,"[4.930899,0.9206447,1.518633]",
3272,"[4.928565,0.9233421,1.518633]",
3273,"[4.927945,0.9248018,1.518633]",
3274,"[4.927009,0.9280469,1.518633]",
3275,"[4.92627,0.9313338,1.518633]",
3276,"[4.926266,0.9317368,1.518633]",
3277,"[4.926516,0.932578,1.518633]",
3278,"[4.926781,0.9331331,1.518633]",
3279,"[4.927327,0.9343576,1.518633]",
3280,"[4.92759,0.9351647,1.518633]",
3281,"[4.927832,0.9360024,1.518633]",
3282,"[4.928184,0.9372386,1.518633]",
3283,"[4.928301,0.9376463,1.518633]",
3284,"[4.928436,0.9385579,1.518633]",
3285,"[4.928489,0.939205,1.518633]",
3286,"[4.928604,0.9404982,1.518633]",
3287,"[4.928696,0.9410894,1.518633]",
3288,"[4.928766,0.9416744,1.518633]",
3289,"[4.92834,0.9426771,1.518633]",
3290,"[4.927838,0.9433072,1.518633]",
3291,"[4.880665,1.149322,1.687738]",
3292,"[4.881248,1.146992,1.685501]",
3293,"[4.882771,1.140904,1.679752]",
3294,"[4.883399,1.139455,1.678315]",
3295,"[4.884198,1.138793,1.677487]",
3296,"[4.884616,1.138168,1.676976]",
3297,"[4.885178,1.137074,1.676084]",
3298,"[4.886839,1.133384,1.673199]",
3299,"[4.887736,1.131671,1.671859]",
3300,"[4.889215,1.130048,1.670717]",
3301,"[4.889903,1.129571,1.67044]",
3302,"[4.890855,1.129617,1.67064]",
3303,"[4.891225,1.129525,1.670613]",
3304,"[4.891399,1.130794,1.671462]",
3305,"[4.890647,1.13465,1.674429]",
3306,"[4.889542,1.138139,1.676821]",
3307,"[4.887106,1.143866,1.679624]",
3308,"[4.88692,1.141609,1.676371]",
3309,"[4.890247,0.9943816,1.518633]",
3310,"[4.883635,1.000466,1.518633]",
3311,"[4.871243,1.008191,1.518633]",
3312,"[4.867408,1.009467,1.518633]",
3313,"[4.864348,1.010585,1.518633]",
3314,"[4.861054,1.011184,1.518633]",
3315,"[4.85964,1.011635,1.518633]",
3316,"[4.856933,1.013117,1.518633]",
3317,"[4.855775,1.014576,1.518633]",
3318,"[4.853753,1.018147,1.518633]",
3319,"[4.853019,1.019915,1.518633]",
3320,"[4.852299,1.021671,1.518633]",
3321,"[4.852728,1.024546,1.518633]",
3322,"[4.852973,1.025345,1.518633]",
3323,"[4.853373,1.026472,1.518633]",
3324,"[4.853508,1.026817,1.518633]",
3325,"[4.853781,1.027815,1.518633]",
3326,"[4.853919,1.028361,1.518633]",
3327,"[4.853175,1.02891,1.518633]",
3328,"[4.85231,1.0291,1.518633]",
3329,"[4.851558,1.029671,1.518633]",
3330,"[4.849727,1.031556,1.518633]",
3331,"[4.849728,1.032265,1.518633]",
3332,"[4.84881,1.03372,1.518633]",
3333,"[4.847733,1.03468,1.518633]",
3334,"[4.847128,1.03742,1.518633]",
3335,"[4.846082,1.039649,1.518633]",
3336,"[4.851382,1.068571,1.518633]",
3337,"[4.85351,1.178581,1.518633]",
3338,"[4.852062,1.196055,1.518633]",
3339,"[4.848411,1.213852,1.518633]",
3340,"[4.847495,1.216928,1.518633]",
3341,"[4.845269,1.222672,1.518633]",
3342,"[4.843983,1.225458,1.518633]",
3343,"[4.842443,1.22864,1.518633]",
3344,"[4.840012,1.234263,1.518633]",
3345,"[4.840699,1.239805,1.518633]",
3346,"[4.83945,1.250531,1.518633]",
3347,"[4.838449,1.256106,1.518633]",
3348,"[4.837138,1.267244,1.518633]",
3349,"[4.835621,1.272933,1.518633]",
3350,"[4.826324,1.303331,1.518633]",
3351,"[4.82476,1.307631,1.518633]",
3352,"[4.823658,1.310281,1.518633]",
3353,"[4.812148,1.3182,1.511182]",
3354,"[4.808466,1.3182,1.501261]",
3355,"[4.803303,1.3182,1.485733]",
3356,"[4.800976,1.3182,1.477085]",
3357,"[4.797365,1.3182,1.468207]",
3358,"[4.795703,1.3182,1.463253]",
3359,"[4.791903,1.3182,1.450557]",
3360,"[4.791646,1.3182,1.444006]",
3361,"[4.791111,1.3182,1.437072]",
3362,"[4.7904,1.3182,1.435314]",
3363,"[4.789447,1.3182,1.4328]",
3364,"[4.788091,1.3182,1.428827]",
3365,"[4.787131,1.3182,1.428473]",
3366,"[4.785272,1.3182,1.427863]",
3367,"[4.784506,1.3182,1.427885]",
3368,"[4.783297,1.3182,1.427216]",
3369,"[4.780968,1.3182,1.427749]",
3370,"[4.779959,1.3182,1.430533]",
3371,"[4.778363,1.3182,1.436472]",
3372,"[4.77773,1.3182,1.44023]",
3373,"[4.778629,1.3182,1.446029]",
3374,"[4.779923,1.3182,1.44728]",
3375,"[4.795154,1.3182,1.422012]",
3376,"[4.806548,1.3182,1.402761]",
3377,"[4.809489,1.3182,1.397568]",
3378,"[4.808111,1.3182,1.400131]",
3379,"[4.805184,1.3182,1.405698]",
3380,"[4.792901,1.3182,1.442039]",
3381,"[4.786696,1.3182,1.462655]",
3382,"[4.779623,1.3182,1.478676]",
3383,"[4.77199,1.3182,1.490831]",
3384,"[4.769351,1.3182,1.492283]",
3385,"[4.765255,1.3182,1.493093]",
3386,"[4.763573,1.3182,1.492799]",
3387,"[4.763518,1.3182,1.495025]",
3388,"[4.763625,1.3182,1.495907]",
3389,"[4.766137,1.3182,1.50018]",
3390,"[4.776227,1.3182,1.511446]",
3391,"[4.782027,1.3182,1.516202]",
3392,"[4.820564,1.3182,1.517993]",
3393,"[4.82797,1.3182,1.516756]",
3394,"[4.836954,1.3182,1.514465]",
3395,"[4.838638,1.3182,1.513868]",
3396,"[4.842181,1.3182,1.511751]",
3397,"[4.843444,1.3182,1.511486]",
3398,"[4.841271,1.3182,1.511395]",
3399,"[4.841232,1.3182,1.51292]",
3400,"[4.8369,1.3182,1.513967]",
3401,"[4.837768,1.3182,1.518107]",
3402,"[4.837338,1.317423,1.518633]",
3403,"[4.832809,1.314865,1.518633]",
3404,"[4.832745,1.312621,1.518633]",
3405,"[4.833416,1.307575,1.518633]",
3406,"[4.833881,1.305251,1.518633]",
3407,"[4.838622,1.300021,1.518633]",
3408,"[4.843795,1.294097,1.518633]",
3409,"[4.845334,1.292158,1.518633]",
3410,"[4.84247,1.29113,1.518633]",
3411,"[4.84237,1.290526,1.518633]",
3412,"[4.834773,1.293613,1.518633]",
3413,"[4.828398,1.295341,1.518633]",
3414,"[4.823242,1.296841,1.518633]",
3415,"[4.815026,1.29968,1.518633]",
3416,"[4.811679,1.301225,1.518633]",
3417,"[4.805806,1.304716,1.518633]",
3418,"[4.803205,1.306581,1.518633]",
3419,"[4.803048,1.306435,1.518633]",
3420,"[4.802934,1.30616,1.518633]",
3421,"[4.802804,1.305965,1.518633]",
3422,"[4.802556,1.305797,1.518633]",
3423,"[4.801221,1.308121,1.518633]",
3424,"[4.799306,1.31293,1.518633]",
3425,"[4.798716,1.312961,1.518633]",
3426,"[4.798022,1.313126,1.518633]",
3427,"[4.797257,1.313387,1.518633]",
3428,"[4.795508,1.314334,1.518633]",
3429,"[4.794599,1.31512,1.518633]",
3430,"[4.795726,1.3182,1.517815]",
3431,"[4.793749,1.3182,1.510786]",
3432,"[4.797388,1.3182,1.501928]",
3433,"[4.801495,1.3182,1.491681]",
3434,"[4.806205,1.3182,1.484231]",
3435,"[4.816681,1.3182,1.468796]",
3436,"[4.823157,1.3182,1.458933]",
3437,"[4.836427,1.3182,1.439248]",
3438,"[4.84359,1.3182,1.428427]",
3439,"[4.851456,1.3182,1.415842]",
3440,"[4.86671,1.3182,1.392535]",
3441,"[4.866699,1.3182,1.392411]",
3442,"[4.867137,1.3182,1.393875]",
3443,"[4.867972,1.3182,1.395701]",
3444,"[4.867148,1.3182,1.404023]",
3445,"[4.86785,1.3182,1.405123]",
3446,"[4.875152,1.3182,1.396832]",
3447,"[4.88822,1.3182,1.381365]",
3448,"[4.895311,1.3182,1.372722]",
3449,"[4.906383,1.3182,1.357384]",
3450,"[4.911441,1.3182,1.349921]",
3451,"[4.916172,1.3182,1.342635]",
3452,"[4.916154,1.3182,1.342435]",
3453,"[4.920998,1.3182,1.33654]",
3454,"[4.925597,1.3182,1.331915]",
3455,"[4.925719,1.3182,1.332085]",
3456,"[4.934127,1.3182,1.323175]",
3457,"[4.93403,1.3182,1.323271]",
3458,"[4.937626,1.3182,1.319367]",
3459,"[4.937654,1.3182,1.319356]",
3460,"[4.944591,1.3182,1.312138]",
3461,"[4.94846,1.3182,1.308308]",
3462,"[4.951901,1.3182,1.305]",
3463,"[4.958524,1.3182,1.298695]",
3464,"[4.958571,1.3182,1.298751]",
3465,"[4.964394,1.3182,1.293412]",
3466,"[4.967451,1.3182,1.290816]",
3467,"[4.970438,1.3182,1.289022]",
3468,"[4.973193,1.3182,1.287251]",
3469,"[4.97585,1.3182,1.285704]",
3470,"[4.978619,1.3182,1.285204]",
3471,"[4.981031,1.3182,1.284395]",
3472,"[4.98367,1.3182,1.284585]",
3473,"[4.986024,1.3182,1.283894]",
3474,"[4.97957,1.392546,1.377252]",
3475,"[4.981889,1.386521,1.368744]",
3476,"[4.983277,1.390758,1.373125]",
3477,"[5.020234,0.9346769,0.8123615]",
3478,"[5.02009,0.9346526,0.8134259]",
3479,"[5.019613,0.9346263,0.8149243]",
3480,"[5.019347,0.9346076,0.8159115]",
3481,"[5.01884,0.9345862,0.8172629]",
3482,"[5.018573,0.9346079,0.8167356]",
3483,"[5.018931,0.934628,0.8155949]",
3484,"[5.019475,0.934711,0.8119]",
3485,"[5.019545,0.9347554,0.8101595]",
3486,"[5.019519,0.9348187,0.8078147]",
3487,"[5.019458,0.9348438,0.8069385]",
3488,"[5.018663,0.934846,0.8077093]",
3489,"[5.018691,0.9348224,0.8085669]",
3490,"[5.018646,0.9347732,0.8104588]",
3491,"[5.018668,0.9347596,0.8109445]",
3492,"[5.018168,0.9347954,0.8101423]",
3493,"[5.016836,0.9348713,0.808728]",
3494,"[5.015971,0.9349131,0.8080908]",
3495,"[5.014822,0.9349489,0.8079863]",
3496,"[5.014094,0.9348975,0.8106958]",
3497,"[5.013948,0.9346501,0.8201276]",
3498,"[5.013832,0.9345426,0.8242811]",
3499,"[5.013653,0.934444,0.8281707]",
3500,"[5.013556,0.9343783,0.8307396]",
3501,"[5.013635,0.9343233,0.8327143]",
3502,"[5.01461,0.9342444,0.8346235]",
3503,"[5.015529,0.9342085,0.8349844]",
3504,"[5.028457,0.9337851,0.8369521]",
3505,"[5.032602,0.9336413,0.8378865]",
3506,"[5.042471,0.9333562,0.8379608]",
3507,"[4.973,1.359728,1.31548]",
3508,"[4.967153,1.392043,1.350977]",
3509,"[4.949768,1.456019,1.420096]",
3510,"[4.951756,1.430799,1.390076]",
3511,"[4.952632,1.397014,1.348412]",
3512,"[4.967325,1.3182,1.256081]",
3513,"[4.962164,1.3182,1.250458]",
3514,"[4.96287,1.3182,1.248643]",
3515,"[4.961472,1.3182,1.244827]",
3516,"[4.961511,1.3182,1.24442]",
3517,"[4.961863,1.3182,1.244293]",
3518,"[4.96184,1.3182,1.244303]",
3519,"[4.961309,1.3182,1.245268]",
3520,"[4.96045,1.3182,1.246341]",
3521,"[4.956833,1.3182,1.244086]",
3522,"[4.955282,1.3182,1.242095]",
3523,"[4.952675,1.3182,1.23734]",
3524,"[4.951679,1.3182,1.234731]",
3525,"[4.950854,1.3182,1.231884]",
3526,"[4.950654,1.3182,1.22883]",
3527,"[4.950693,1.3182,1.222671]",
3528,"[4.950943,1.3182,1.219394]",
3529,"[4.951361,1.3182,1.216186]",
3530,"[4.952153,1.3182,1.212795]",
3531,"[4.953279,1.3182,1.209274]",
3532,"[4.954725,1.3182,1.205373]",
3533,"[4.956349,1.3182,1.201262]",
3534,"[4.96018,1.3182,1.192433]",
3535,"[4.962304,1.3182,1.187799]",
3536,"[4.962235,1.3182,1.18776]",
3537,"[4.96438,1.3182,1.183647]",
3538,"[4.966386,1.3182,1.1797]",
3539,"[4.966244,1.3182,1.179391]",
3540,"[4.968229,1.3182,1.175362]",
3541,"[4.953726,1.38642,1.237222]",
3542,"[4.969353,1.314835,1.169402]",
3543,"[4.970611,1.317794,1.168307]",
3544,"[4.966228,1.338258,1.187037]",
3545,"[4.969904,1.327242,1.17426]",
3546,"[4.972355,1.32275,1.167434]",
3547,"[4.974551,1.319111,1.161553]",
3548,"[4.977874,1.317486,1.155228]",
3549,"[4.979863,1.31739,1.152005]",
3550,"[4.984039,1.312645,1.142538]",
3551,"[4.985929,1.310776,1.138455]",
3552,"[4.988841,1.309555,1.133312]",
3553,"[4.990183,1.309499,1.131344]",
3554,"[4.992975,1.306751,1.125736]",
3555,"[4.99464,1.30461,1.122143]",
3556,"[4.996278,1.30209,1.118356]",
3557,"[4.999142,1.29836,1.11236]",
3558,"[4.999823,1.295282,1.109589]",
3559,"[5.002203,1.293734,1.106163]",
3560,"[5.003394,1.292607,1.104307]",
3561,"[5.005807,1.286049,1.097826]",
3562,"[5.008354,1.279137,1.091084]",
3563,"[5.011083,1.270856,1.083156]",
3564,"[5.083675,0.9337743,0.7779709]",
3565,"[5.084515,0.9337569,0.7777196]",
3566,"[5.08634,0.9337134,0.7773877]",
3567,"[5.087235,0.9337041,0.776772]",
3568,"[5.088681,0.9336849,0.7759359]",
3569,"[5.089302,0.9336739,0.7756833]",
3570,"[5.090284,0.9336502,0.7755162]",
3571,"[5.090781,0.9336362,0.7755058]",
3572,"[5.091277,0.9336222,0.7754964]",
3573,"[5.091173,0.9336192,0.775721]",
3574,"[5.091878,0.9335936,0.7759241]",
3575,"[5.093538,0.9335182,0.7769626]",
3576,"[5.094515,0.9334267,0.7793439]",
3577,"[5.096906,0.9332521,0.7833194]",
3578,"[5.098385,0.9331533,0.7854329]",
3579,"[5.099661,0.9330857,0.7865947]",
3580,"[5.102423,0.932925,0.7896453]",
3581,"[5.103623,0.932847,0.7912798]",
3582,"[5.106058,0.9326871,0.7946565]",
3583,"[5.107327,0.9326108,0.7961514]",
3584,"[5.105347,0.9326217,0.7978721]",
3585,"[5.104559,0.9326169,0.7989]",
3586,"[5.103569,0.9326065,0.800358]",
3587,"[5.101803,0.9326398,0.8010076]",
3588,"[5.100382,0.9326612,0.8017326]",
3589,"[5.098445,0.9327093,0.802013]",
3590,"[5.097767,0.9327402,0.8015848]",
3591,"[5.096784,0.932782,0.8010749]",
3592,"[5.096342,0.9327978,0.8009549]",
3593,"[5.095493,0.9359768,0.8037426]",
3594,"[5.081548,1.02326,0.8799878]",
3595,"[5.067534,1.115841,0.9598511]",
3596,"[5.067904,1.108106,0.9525739]",
3597,"[5.07018,1.087472,0.9337835]",
3598,"[5.074933,1.042246,0.8921006]",
3599,"[5.078336,1.01119,0.8636497]",
3600,"[5.087307,0.9239447,0.784636]",
3601,"[5.094373,0.8540702,0.7218114]",
3602,"[5.096539,0.8295541,0.6995167]",
3603,"[5.096756,0.8295541,0.6944366]",
3604,"[5.097838,0.8295541,0.6925486]",
3605,"[5.098659,0.8295541,0.6882126]",
3606,"[5.099068,0.8295541,0.6858624]",
3607,"[5.098399,0.8295541,0.6796368]",
3608,"[5.097482,0.8295541,0.675856]",
3609,"[5.095733,0.8295541,0.6690763]",
3610,"[5.094819,0.8295541,0.666441]",
3611,"[5.093469,0.8295541,0.6636943]",
3612,"[5.090635,0.8295541,0.6590695]",
3613,"[5.088834,0.8295541,0.656795]",
3614,"[5.034762,0.8295541,0.6382298]",
3615,"[5.0238,0.8295541,0.6343588]",
3616,"[4.993257,0.9173843,0.7107282]",
3617,"[4.984137,0.9173843,0.7073856]",
3618,"[4.977886,0.9173843,0.7049482]",
3619,"[4.972939,0.9173843,0.7046551]",
3620,"[4.972058,0.9173843,0.704868]",
3621,"[4.969941,0.9173843,0.7045128]",
3622,"[5.019704,1.409028,1.204715]",
3623,"[5.021477,1.433822,1.229507]",
3624,"[5.021028,1.43441,1.229859]",
3625,"[5.019037,1.418173,1.213127]",
3626,"[5.017857,1.404176,1.198954]",
3627,"[5.016679,1.389175,1.183812]",
3628,"[5.015758,1.387233,1.181306]",
3629,"[5.01509,1.388743,1.182248]",
3630,"[5.013055,1.383308,1.175371]",
3631,"[4.981578,0.9173843,0.7056182]",
3632,"[4.979853,0.9173843,0.7024918]",
3633,"[4.978673,0.9173843,0.7007354]",
3634,"[4.977179,0.9173843,0.698769]",
3635,"[4.974195,0.9173843,0.6945412]",
3636,"[4.972951,0.9173843,0.6924958]",
3637,"[4.974378,0.9173843,0.6908169]",
3638,"[4.973678,0.9173843,0.688998]",
3639,"[4.975303,0.9173843,0.6903123]",
3640,"[4.975796,0.9173843,0.6905911]",
3641,"[4.976042,0.9173843,0.6905941]",
3642,"[4.977228,0.9173843,0.6929854]",
3643,"[4.977496,0.9173843,0.6938608]",
3644,"[4.979022,0.9173843,0.6941773]",
3645,"[4.979525,0.9173843,0.6943694]",
3646,"[4.980561,0.9173843,0.6956891]",
3647,"[4.980916,0.9173843,0.6964065]",
3648,"[4.981802,0.9173843,0.6987079]",
3649,"[4.982482,0.9173843,0.7002833]",
3650,"[4.983378,0.9173843,0.701649]",
3651,"[4.984986,0.9173843,0.704722]",
3652,"[4.985621,0.9173843,0.7061537]",
3653,"[4.98826,0.9173843,0.7086981]",
3654,"[4.989384,0.9173843,0.7097217]",
3655,"[4.990937,0.9173843,0.7111486]",
3656,"[4.991786,0.9173843,0.7116669]",
3657,"[4.99249,0.9173843,0.7117547]",
3658,"[4.99405,0.9173843,0.7118307]",
3659,"[4.99489,0.9173843,0.7118015]",
3660,"[4.996152,0.9173843,0.7116316]",
3661,"[4.996611,0.9173843,0.711459]",
3662,"[4.995422,0.9173843,0.7102056]",
3663,"[4.994812,0.9173843,0.7094423]",
3664,"[4.994237,0.9173843,0.7089782]",
3665,"[4.99329,0.9173843,0.7080156]",
3666,"[4.992874,0.9173843,0.7074574]",
3667,"[4.992043,0.9173843,0.7060296]",
3668,"[4.991596,0.9173843,0.7051434]",
3669,"[4.990474,0.9173843,0.7039884]",
3670,"[4.99013,0.9173843,0.7042091]",
3671,"[4.989698,0.9173843,0.7044232]",
3672,"[4.989388,0.9173843,0.7038412]",
3673,"[4.988989,0.9173843,0.7033036]",
3674,"[4.988606,0.9173843,0.7039092]",
3675,"[4.988347,0.9173843,0.7044122]",
3676,"[4.987523,0.9173843,0.7053387]",
3677,"[4.98744,0.9173843,0.7055453]",
3678,"[4.98651,0.9173843,0.7048523]",
3679,"[4.985928,0.9173843,0.7045282]",
3680,"[4.985204,0.9173843,0.7042]",
3681,"[4.983605,0.9173843,0.703393]",
3682,"[4.983038,0.9173843,0.7029256]",
3683,"[4.982999,0.9173843,0.7023711]",
3684,"[4.983491,0.9173843,0.7022133]",
3685,"[4.984205,0.9173843,0.7017531]",
3686,"[4.984469,0.9173843,0.7014226]",
3687,"[4.984847,0.9173843,0.7019519]",
3688,"[4.985405,0.9173843,0.7027191]",
3689,"[4.985928,0.9168672,0.7028801]",
3690,"[4.986681,0.9253454,0.7114475]",
3691,"[4.987004,0.9290182,0.7149829]",
3692,"[4.987063,0.929801,0.7154384]",
3693,"[4.986902,0.9299744,0.7152432]",
3694,"[4.98646,0.9303211,0.7148932]",
3695,"[4.986204,0.9303769,0.714824]",
3696,"[4.98587,0.9304538,0.7147476]",
3697,"[4.985751,0.9304969,0.7145313]",
3698,"[4.985913,0.930546,0.7143799]",
3699,"[4.986016,0.9308698,0.7139104]",
3700,"[4.986455,0.9310321,0.7136378]",
3701,"[4.987189,0.9313455,0.7131768]",
3702,"[4.987819,0.9316517,0.7128046]",
3703,"[4.988368,0.9319436,0.7124709]",
3704,"[4.99081,0.9323288,0.7117776]",
3705,"[4.991924,0.9326109,0.7114507]",
3706,"[4.994521,0.9333423,0.7107275]",
3707,"[4.995495,0.9335477,0.7105764]",
3708,"[4.996733,0.9340406,0.7103539]",
3709,"[4.997183,0.9342914,0.7102972]",
3710,"[4.998128,0.9349644,0.7102637]",
3711,"[4.998546,0.9354954,0.7102289]",
3712,"[4.998917,0.9358857,0.7104443]",
3713,"[4.999771,0.937063,0.7110239]",
3714,"[5.000234,0.9377028,0.711434]",
3715,"[5.001068,0.9390899,0.7125456]",
3716,"[5.001483,0.939794,0.7131693]",
3717,"[5.001095,0.9421819,0.7145876]",
3718,"[5.000891,0.943453,0.7152923]",
3719,"[5.000333,0.9469044,0.7166506]",
3720,"[5.000517,0.9491671,0.7170092]",
3721,"[5.000676,0.9514627,0.7175509]",
3722,"[5.001462,0.9571182,0.7181408]",
3723,"[5.002085,0.9604042,0.7182081]",
3724,"[5.00326,0.967209,0.7191665]",
3725,"[5.011373,0.8295541,0.5786699]",
3726,"[5.015374,0.8295541,0.5706001]",
3727,"[5.015696,0.8295541,0.5665749]",
3728,"[5.01614,0.8295541,0.5626227]",
3729,"[5.017144,0.8295541,0.5526153]",
3730,"[5.017957,0.8295541,0.5474892]",
3731,"[5.019946,0.8295541,0.5359457]",
3732,"[5.022162,0.8295541,0.5073834]",
3733,"[5.026936,0.8295541,0.4665222]",
3734,"[5.029611,0.8295541,0.4491816]",
3735,"[5.034454,0.8295541,0.4259442]",
3736,"[5.036796,0.8295541,0.4170523]",
3737,"[5.037411,0.8295541,0.4110441]",
3738,"[5.038979,0.8295541,0.401166]",
3739,"[5.03966,0.8295541,0.3994782]",
3740,"[5.041131,0.8295541,0.3958024]",
3741,"[5.04204,0.8295541,0.3934614]",
3742,"[5.020546,1.099712,0.7330588]",
3743,"[5.021451,1.103094,0.7345198]",
3744,"[5.018375,1.161793,0.8069664]",
3745,"[5.022255,1.167948,0.8077212]",
3746,"[5.024619,1.165209,0.8005235]",
3747,"[5.030195,1.153823,0.7776158]",
3748,"[5.033494,1.146095,0.7627404]",
3749,"[5.040424,1.126498,0.7274145]",
3750,"[5.04681,1.118575,0.7105671]",
3751,"[5.055285,1.112718,0.6934289]",
3752,"[5.062385,1.112247,0.6899415]",
3753,"[5.067647,1.112195,0.687499]",
3754,"[5.076138,1.109352,0.6794825]",
3755,"[5.079887,1.107199,0.674536]",
3756,"[5.086792,1.102474,0.6652323]",
3757,"[5.091814,1.09615,0.6541961]",
3758,"[5.170724,0.8295541,0.2540747]",
3759,"[5.17571,0.8295541,0.2509573]",
3760,"[5.179547,0.8295541,0.2480454]",
3761,"[5.186944,0.8295541,0.2412716]",
3762,"[5.117676,1.194901,0.7669451]",
3763,"[5.133358,1.203432,0.7664748]",
3764,"[5.137027,1.206495,0.7665918]",
3765,"[5.139821,1.209532,0.766836]",
3766,"[5.141768,1.213133,0.7677798]",
3767,"[5.141905,1.213992,0.7681831]",
3768,"[5.141386,1.215677,0.7690188]",
3769,"[5.14115,1.216137,0.7693508]",
3770,"[5.140326,1.217,0.7698057]",
3771,"[5.139648,1.217441,0.7699186]",
3772,"[5.137949,1.218232,0.7699052]",
3773,"[5.136844,1.218592,0.7698416]",
3774,"[5.13214,1.220149,0.7698517]",
3775,"[5.127748,1.221459,0.7700211]",
3776,"[5.122073,1.222931,0.770142]",
3777,"[5.107451,1.226115,0.7700849]",
3778,"[5.198003,0.9805321,0.3429303]",
3779,"[4.997076,1.246925,0.8027706]",
3780,"[5.00188,0.9752168,0.3340316]",
3781,"[4.825809,1.220598,0.811876]",
3782,"[4.814532,1.220598,0.8139213]",
3783,"[4.791692,1.220598,0.8072423]",
3784,"[4.780304,1.220598,0.8015154]",
3785,"[4.770669,1.220598,0.7977181]",
3786,"[4.763186,1.220598,0.7922467]",
3787,"[4.759193,1.220598,0.7894399]",
3788,"[4.749571,1.220598,0.7853026]",
3789,"[4.747322,1.220598,0.7842371]",
3790,"[4.744115,1.220598,0.7833116]",
3791,"[4.741954,1.220598,0.7835274]",
3792,"[4.742437,1.220598,0.7835016]",
3793,"[4.738822,1.220598,0.7841621]",
3794,"[4.736638,1.220598,0.7840286]",
3795,"[4.734008,1.220598,0.784296]",
3796,"[4.732025,1.220598,0.7850606]",
3797,"[4.727947,1.220598,0.78958]",
3798,"[4.725344,1.220598,0.793743]",
3799,"[4.717641,1.220598,0.8243043]",
3800,"[4.712732,1.220598,0.8378757]",
3801,"[4.706043,1.215968,0.8405682]",
3802,"[4.692612,1.203772,0.8405682]",
3803,"[4.686573,1.197998,0.8405682]",
3804,"[4.676112,1.188721,0.8405682]",
3805,"[4.670564,1.184244,0.8405682]",
3806,"[4.663995,1.179574,0.8405682]",
3807,"[4.664896,1.179109,0.8405682]",
3808,"[4.665309,1.178475,0.8405682]",
3809,"[4.665948,1.177072,0.8405682]",
3810,"[4.661752,1.173862,0.8405682]",
3811,"[4.665308,1.170926,0.8405682]",
3812,"[4.666172,1.169071,0.8405682]",
3813,"[4.662871,1.161505,0.8405682]",
3814,"[4.664977,1.158831,0.8405682]",
3815,"[4.668777,1.154388,0.8405682]",
3816,"[4.670692,1.152172,0.8405682]",
3817,"[4.674877,1.151121,0.8405682]",
3818,"[4.678897,1.148537,0.8405682]",
3819,"[4.679082,1.1492,0.8405682]",
3820,"[4.672854,1.147066,0.8405682]",
3821,"[4.665506,1.145302,0.8405682]",
3822,"[4.644623,1.150596,0.8405682]",
3823,"[4.485659,0.8295541,0.3564258]",
3824,"[4.467242,0.8321708,0.3441338]",
3825,"[4.642313,1.251019,0.9776742]",
3826,"[4.635883,1.26303,0.9981941]",
3827,"[4.624686,1.282713,1.033924]",
3828,"[4.618765,1.292564,1.052819]",
3829,"[4.607434,1.310608,1.088976]",
3830,"[4.601581,1.31955,1.107654]",
3831,"[4.595502,1.328595,1.127051]",
3832,"[4.585944,1.342367,1.157551]",
3833,"[4.567353,1.363375,1.216429]",
3834,"[4.474735,1.363375,1.382819]",
3835,"[4.471768,1.363375,1.389462]",
3836,"[4.468254,1.363375,1.39507]",
3837,"[4.468338,1.363375,1.394099]",
3838,"[4.463298,1.363375,1.398797]",
3839,"[4.462727,1.363375,1.39861]",
3840,"[4.457657,1.363375,1.403143]",
3841,"[4.448729,1.363375,1.411919]",
3842,"[4.448637,1.363375,1.411855]",
3843,"[4.440059,1.363375,1.420383]",
3844,"[4.435511,1.363375,1.424636]",
3845,"[4.424316,1.363375,1.431109]",
3846,"[4.417068,1.363375,1.434039]",
3847,"[4.410127,1.363375,1.436889]",
3848,"[4.392967,1.363375,1.440759]",
3849,"[4.379688,1.357414,1.438034]",
3850,"[3.151952,0.4191663,0.6029561]",
3851,"[3.149328,0.422708,0.6029561]",
3852,"[3.145242,0.4271781,0.6029561]",
3853,"[3.144213,0.4285527,0.6029561]",
3854,"[3.148776,0.430679,0.6029561]",
3855,"[3.150807,0.4306901,0.6029561]",
3856,"[3.152925,0.4295122,0.6029561]",
3857,"[3.173675,0.4340149,0.6029561]",
3858,"[3.190521,0.4392681,0.6029561]",
3859,"[3.220873,0.4476157,0.6029561]",
3860,"[3.23431,0.4518291,0.6029561]",
3861,"[3.270186,0.4543465,0.6029561]",
3862,"[4.375382,1.363375,1.435483]",
3863,"[4.378583,1.363375,1.430864]",
3864,"[4.389226,1.363375,1.415092]",
3865,"[4.391778,1.363375,1.411059]",
3866,"[4.39348,1.363375,1.407187]",
3867,"[4.393009,1.363375,1.405446]",
3868,"[4.387915,1.363375,1.404836]",
3869,"[4.383325,1.363375,1.404669]",
3870,"[4.373713,1.363375,1.40377]",
3871,"[4.054529,0.9625645,0.7841782]",
3872,"[4.055842,0.9673212,0.7852231]",
3873,"[4.056937,0.9732275,0.7860945]",
3874,"[4.059289,0.9775609,0.7879673]",
3875,"[4.061554,0.9806144,0.7897704]",
3876,"[4.062243,0.9796981,0.7903181]",
3877,"[4.068321,0.9733157,0.7951568]",
3878,"[4.072252,0.96913,0.7982856]",
3879,"[4.079957,0.9580078,0.8044189]",
3880,"[4.096434,0.9317562,0.8175347]",
3881,"[4.103734,0.9196286,0.8233459]",
3882,"[4.049413,0.7591512,0.6911662]",
3883,"[4.04739,0.7379822,0.6911662]",
3884,"[4.050059,0.7169474,0.6911662]",
3885,"[4.05343,0.709798,0.6911662]",
3886,"[4.189708,0.9096379,0.8917809]",
3887,"[4.207845,0.9356492,0.9062183]",
3888,"[4.215577,0.9397859,0.898155]",
3889,"[4.226342,0.9470288,0.8846315]",
3890,"[4.230983,0.9511117,0.878801]",
3891,"[4.234463,0.9592756,0.8744295]",
3892,"[4.231991,0.9633431,0.8775345]",
3893,"[4.233163,0.9651881,0.8760625]",
3894,"[4.230107,0.9663246,0.8799011]",
3895,"[4.230345,0.9645976,0.8796028]",
3896,"[4.223528,0.9627567,0.8881665]",
3897,"[4.221129,0.9590548,0.8911793]",
3898,"[4.207844,0.9020803,0.9062176]",
3899,"[4.187325,0.8144361,0.8380379]",
3900,"[4.155775,0.6639966,0.8599696]",
3901,"[4.152468,0.6343327,0.8599696]",
3902,"[4.149846,0.5983051,0.8599696]",
3903,"[4.145689,0.5821325,0.8599696]",
3904,"[4.122106,0.4579883,0.7640808]",
3905,"[4.11809,0.4579883,0.7792209]",
3906,"[4.114937,0.4579883,0.7830558]",
3907,"[4.109278,0.4579883,0.7865115]",
3908,"[4.104347,0.4579883,0.7833737]",
3909,"[4.09562,0.4579883,0.7755896]",
3910,"[4.09175,0.4579883,0.771064]",
3911,"[4.085859,0.4579883,0.7648498]",
3912,"[4.083839,0.4579883,0.7634978]",
3913,"[4.082568,0.4579883,0.7634431]",
3914,"[4.082448,0.4579883,0.770054]",
3915,"[4.08276,0.4579883,0.7823768]",
3916,"[4.084456,0.4579883,0.8033076]",
3917,"[4.085758,0.4579883,0.8121874]",
3918,"[4.087916,0.4579883,0.8207241]",
3919,"[4.089385,0.4579883,0.8229036]",
3920,"[4.090249,0.4579883,0.8254488]",
3921,"[4.108015,0.5514361,0.9071599]",
3922,"[4.109421,0.5514361,0.9102403]",
3923,"[4.111884,0.5514361,0.9163334]",
3924,"[4.112852,0.5514361,0.9191076]",
3925,"[4.115409,0.5514361,0.9223791]",
3926,"[4.117017,0.5514361,0.922852]",
3927,"[4.117924,0.5514361,0.9233665]",
3928,"[4.119689,0.5514361,0.9242045]",
3929,"[4.120554,0.5514361,0.9245294]",
3930,"[4.122197,0.5514361,0.9244471]",
3931,"[4.122972,0.5514361,0.9239862]",
3932,"[4.124723,0.5514361,0.9229391]",
3933,"[4.127098,0.5514361,0.9238728]",
3934,"[4.128999,0.5514361,0.9243193]",
3935,"[4.131824,0.5514361,0.9244937]",
3936,"[4.132816,0.5514361,0.924234]",
3937,"[4.131843,0.5514361,0.9203601]",
3938,"[4.13101,0.5514361,0.9164321]",
3939,"[4.129696,0.5514361,0.9086887]",
3940,"[4.129601,0.5514361,0.9086775]",
3941,"[4.128766,0.5514361,0.9120281]",
3942,"[4.128275,0.5514361,0.9147697]",
3943,"[4.127839,0.5514361,0.916505]",
3944,"[4.127312,0.5514361,0.9177201]",
3945,"[4.127024,0.5514361,0.9178138]",
3946,"[4.126159,0.5514361,0.9173445]",
3947,"[4.125454,0.5514361,0.916602]",
3948,"[4.123452,0.5514361,0.9150478]",
3949,"[4.122137,0.5514361,0.914095]",
3950,"[4.119262,0.5417588,0.9069114]",
3951,"[4.117616,0.5336474,0.9011684]",
3952,"[4.116015,0.5263665,0.8962455]",
3953,"[4.112109,0.5109854,0.887363]",
3954,"[4.110404,0.5062363,0.8853899]",
3955,"[4.107708,0.49564,0.8813797]",
3956,"[4.107151,0.4938805,0.8814664]",
3957,"[4.107053,0.4970239,0.8840433]",
3958,"[4.107502,0.5015447,0.886828]",
3959,"[4.108196,0.5069492,0.8902183]",
3960,"[4.110146,0.5216672,0.8996006]",
3961,"[4.111168,0.5293928,0.9052053]",
3962,"[4.112167,0.5466454,0.9187008]",
3963,"[4.112256,0.5514361,0.9233961]",
3964,"[4.111226,0.5514361,0.9270568]",
3965,"[4.1111,0.5514361,0.928129]",
3966,"[4.110916,0.5514361,0.9287639]",
3967,"[4.110286,0.5514361,0.9287513]",
3968,"[4.097115,0.4579883,0.8763372]",
3969,"[4.096996,0.4579883,0.8759391]",
3970,"[4.096797,0.4579883,0.8759598]",
3971,"[4.096359,0.4579883,0.8765506]",
3972,"[4.096271,0.4579883,0.8774689]",
3973,"[4.096272,0.4579883,0.8784304]",
3974,"[4.096259,0.4579883,0.8805205]",
3975,"[4.09638,0.4579883,0.8826994]",
3976,"[4.096964,0.4579883,0.8884572]",
3977,"[4.09714,0.4579883,0.8945504]",
3978,"[4.096893,0.4579883,0.9059036]",
3979,"[4.096451,0.4579883,0.9106821]",
3980,"[4.095445,0.4579883,0.9167591]",
3981,"[4.094881,0.4579883,0.9185925]",
3982,"[4.094934,0.4579883,0.9199224]",
3983,"[4.094626,0.4579883,0.9219502]",
3984,"[4.09429,0.4579883,0.9228466]",
3985,"[4.093258,0.4579883,0.9256399]",
3986,"[4.092309,0.4579883,0.9280192]",
3987,"[4.088546,0.4579883,0.933944]",
3988,"[4.086626,0.4579883,0.9369879]",
3989,"[4.083955,0.4579883,0.9441825]",
3990,"[4.07971,0.4579883,0.9532635]",
3991,"[4.077909,0.4579883,0.9562643]",
3992,"[4.076408,0.4579883,0.9603579]",
3993,"[4.075568,0.4579883,0.9619325]",
3994,"[4.073682,0.4579883,0.9642853]",
3995,"[4.073257,0.4579883,0.9648663]",
3996,"[4.072775,0.4579883,0.9653379]",
3997,"[4.072419,0.4579883,0.9656019]",
3998,"[4.072526,0.4579883,0.965454]",
3999,"[4.073104,0.4579883,0.964429]",
4000,"[4.07326,0.4579883,0.9637015]",
4001,"[4.073195,0.4579883,0.961987]",
4002,"[4.072838,0.4579883,0.9607675]",
4003,"[4.071536,0.4579883,0.9578872]",
4004,"[4.070451,0.4579883,0.9561213]",
4005,"[4.069143,0.4579883,0.9542987]",
4006,"[4.068873,0.4579883,0.9510319]",
4007,"[4.070216,0.4579883,0.9495673]",
4008,"[4.071638,0.4579883,0.9473848]",
4009,"[4.071963,0.4579883,0.9465863]",
4010,"[4.071799,0.4579883,0.9458238]",
4011,"[4.071331,0.4579883,0.9456294]",
4012,"[4.069219,0.4579883,0.9445861]",
4013,"[4.068206,0.4579883,0.9442263]",
4014,"[4.067007,0.4579883,0.9439247]",
4015,"[4.065771,0.4579883,0.9436069]",
4016,"[4.065465,0.4579883,0.943489]",
4017,"[4.065094,0.4579883,0.9433296]",
4018,"[4.064819,0.4579883,0.9432882]",
4019,"[4.064803,0.4579883,0.9433904]",
4020,"[4.064833,0.4579883,0.9433234]",
4021,"[4.064875,0.4579883,0.9432759]",
4022,"[4.064998,0.4579883,0.9431833]",
4023,"[4.065135,0.4579883,0.943105]",
4024,"[4.066072,0.4579883,0.9427571]",
4025,"[4.067982,0.4579883,0.9419074]",
4026,"[4.071105,0.4579883,0.9405363]",
4027,"[4.072492,0.4579883,0.9400973]",
4028,"[4.07371,0.4579883,0.939723]",
4029,"[4.073959,0.4579883,0.9393541]",
4030,"[4.074038,0.4579883,0.9391832]",
4031,"[4.073958,0.4579883,0.9387281]",
4032,"[4.073972,0.4579883,0.9383418]",
4033,"[4.074441,0.4579883,0.9388471]",
4034,"[4.074854,0.4579883,0.9397454]",
4035,"[4.075319,0.4579883,0.9412194]",
4036,"[4.075449,0.4579883,0.9417225]",
4037,"[4.074847,0.4579883,0.9425331]",
4038,"[4.073745,0.4579883,0.9436393]",
4039,"[4.073008,0.4579883,0.9440686]",
4040,"[4.0719,0.4579883,0.9443426]",
4041,"[4.071383,0.4579883,0.9442579]",
4042,"[4.071209,0.4579883,0.944461]",
4043,"[4.071105,0.4579883,0.944617]",
4044,"[4.071058,0.4579883,0.9454557]",
4045,"[4.070868,0.4579883,0.9469998]",
4046,"[4.070701,0.4579883,0.9472879]",
4047,"[4.070061,0.4579883,0.9437946]",
4048,"[4.069643,0.4579883,0.9434891]",
4049,"[4.06821,0.4579883,0.943584]",
4050,"[4.06737,0.4579883,0.944293]",
4051,"[4.065528,0.4579882,0.9439591]",
4052,"[4.065385,0.4579881,0.9434693]",
4053,"[4.065539,0.4579881,0.9432802]",
4054,"[4.066355,0.4579882,0.9442015]",
4055,"[4.070105,0.4860204,0.9552754]",
4056,"[4.084275,0.6052628,0.9973083]",
4057,"[4.030641,0.1303498,0.8378823]",
4058,"[4.031947,0.1,0.8424081]",
4059,"[4.035378,0.1,0.8549587]",
4060,"[4.038075,0.1,0.8661987]",
4061,"[4.039396,0.1,0.8807303]",
4062,"[4.040586,0.1,0.8863038]",
4063,"[4.042029,0.1,0.894335]",
4064,"[4.041823,0.1,0.8944355]",
4065,"[4.041142,0.1,0.8923789]",
4066,"[4.040939,0.1,0.8910744]",
4067,"[4.041898,0.1,0.8872675]",
4068,"[4.042668,0.1000001,0.8867552]",
4069,"[4.044691,0.1,0.8863929]",
4070,"[4.050423,0.1,0.8857256]",
4071,"[4.053869,0.1,0.8850279]",
4072,"[4.059679,0.1,0.8800151]",
4073,"[4.061862,0.1,0.8750559]",
4074,"[4.065351,0.1,0.8606788]",
4075,"[4.064816,0.1,0.8492483]",
4076,"[4.064469,0.1,0.8405451]",
4077,"[4.068129,0.1894203,0.8378823]",
4078,"[4.069595,0.2328989,0.8378823]",
4079,"[4.069613,0.2859381,0.8378823]",
4080,"[4.06854,0.2924361,0.8333972]",
4081,"[4.110167,0.7295697,0.9905956]",
4082,"[4.109471,0.7384017,0.9922769]",
4083,"[4.109339,0.7507619,0.9952511]",
4084,"[4.108948,0.7636333,0.9978049]",
4085,"[4.108474,0.7657879,0.9973688]",
4086,"[4.108263,0.771993,0.9973973]",
4087,"[4.107997,0.768837,0.9947407]",
4088,"[4.110262,0.7842997,0.9977576]",
4089,"[4.112741,0.8026307,1.004413]",
4090,"[4.118525,0.8435366,1.019109]",
4091,"[4.120882,0.8588659,1.024243]",
4092,"[4.122641,0.8719497,1.028951]",
4093,"[4.126644,0.9007934,1.039241]",
4094,"[4.128203,0.9122689,1.043533]",
4095,"[4.130758,0.9305019,1.0484]",
4096,"[4.132066,0.9400955,1.0505]",
4097,"[4.134304,0.9558359,1.054262]",
4098,"[4.134966,0.9604036,1.054756]",
4099,"[4.134994,0.9609046,1.052443]",
4100,"[4.137364,0.9632082,1.046808]",
4101,"[4.139122,0.964662,1.04425]",
4102,"[4.141431,0.9653212,1.039902]",
4103,"[4.142168,0.9638902,1.03702]",
4104,"[4.136782,0.9094815,1.004893]",
4105,"[4.127846,0.833497,0.961613]",
4106,"[4.106665,0.6553083,0.8599696]",
4107,"[4.108193,0.6564198,0.8599696]",
4108,"[4.109778,0.6573982,0.8599696]",
4109,"[4.11244,0.6592635,0.8599696]",
4110,"[4.113732,0.6599324,0.8599696]",
4111,"[4.116198,0.6598401,0.8599696]",
4112,"[4.117341,0.6600764,0.8599696]",
4113,"[4.119543,0.6605245,0.8599696]",
4114,"[4.118438,0.6560948,0.8599696]",
4115,"[4.117429,0.6522096,0.8599696]",
4116,"[4.117458,0.6525531,0.8599696]",
4117,"[4.117429,0.6526369,0.8599696]",
4118,"[4.117453,0.6538379,0.8599696]",
4119,"[4.117269,0.6562602,0.8599696]",
4120,"[4.115067,0.6558313,0.8599696]",
4121,"[4.113151,0.6538332,0.8599696]",
4122,"[4.111246,0.6522214,0.8599696]",
4123,"[4.107516,0.646311,0.8599696]",
4124,"[4.105323,0.6427034,0.8599696]",
4125,"[4.100576,0.6367328,0.8599696]",
4126,"[4.097805,0.6341577,0.8599696]",
4127,"[4.093507,0.6308303,0.8599696]",
4128,"[4.091685,0.6298741,0.8599696]",
4129,"[4.090794,0.6321026,0.8599696]",
4130,"[4.090269,0.6338345,0.8599696]",
4131,"[4.088577,0.6331409,0.8599696]",
4132,"[4.086635,0.6334848,0.8599696]",
4133,"[4.086371,0.6343429,0.8599696]",
4134,"[4.084627,0.6492801,0.8599696]",
4135,"[4.084047,0.6540564,0.8599696]",
4136,"[4.084863,0.6615733,0.8599696]",
4137,"[4.088961,0.6733402,0.8599696]",
4138,"[4.091778,0.6813372,0.8599696]",
4139,"[4.095401,0.6916661,0.8599696]",
4140,"[4.096608,0.6952011,0.8599696]",
4141,"[4.097935,0.7115093,0.8599696]",
4142,"[4.09825,0.7173845,0.8599696]",
4143,"[4.098529,0.7230136,0.8599696]",
4144,"[4.098544,0.7252996,0.8599696]",
4145,"[4.098537,0.7268932,0.8599696]",
4146,"[4.095311,0.7282051,0.8599696]",
4147,"[4.09385,0.7284988,0.8599696]",
4148,"[4.091273,0.7295007,0.8599696]",
4149,"[4.091712,0.7321798,0.8599696]",
4150,"[4.092236,0.7383926,0.8599696]",
4151,"[4.092287,0.7416115,0.8599696]",
4152,"[4.092115,0.7458237,0.8599696]",
4153,"[4.091906,0.7470752,0.8599696]",
4154,"[4.091667,0.7480064,0.8599696]",
4155,"[4.09079,0.7484747,0.8599696]",
4156,"[4.090127,0.7481006,0.8599696]",
4157,"[4.088978,0.7474382,0.8599696]",
4158,"[4.088385,0.7471057,0.8599696]",
4159,"[4.087544,0.7504289,0.8599696]",
4160,"[4.086675,0.751283,0.8599696]",
4161,"[4.085871,0.7518545,0.8599696]",
4162,"[4.084838,0.7528459,0.8599696]",
4163,"[4.083935,0.7531983,0.8599696]",
4164,"[4.083247,0.7545964,0.8599696]",
4165,"[4.083089,0.7562858,0.8599696]",
4166,"[4.082635,0.7596694,0.8599696]",
4167,"[4.082345,0.7613835,0.8599696]",
4168,"[4.082067,0.7628897,0.8599696]",
4169,"[4.081553,0.7649435,0.8599696]",
4170,"[4.081244,0.7657989,0.8599696]",
4171,"[4.080753,0.7645858,0.8599696]",
4172,"[4.080774,0.763941,0.8599696]",
4173,"[4.080848,0.7627458,0.8599696]",
4174,"[4.080611,0.7620947,0.8599696]",
4175,"[4.080554,0.7609904,0.8599696]",
4176,"[4.08071,0.7605599,0.8599696]",
4177,"[4.080742,0.7607499,0.8599696]",
4178,"[4.080084,0.7616304,0.8599696]",
4179,"[4.080091,0.7638174,0.8599696]",
4180,"[4.080453,0.7674459,0.8599696]",
4181,"[4.08042,0.7685168,0.8599696]",
4182,"[4.08074,0.7699348,0.8599696]",
4183,"[4.081698,0.7695738,0.8599696]",
4184,"[4.081367,0.7700918,0.8599696]",
4185,"[4.081488,0.7705394,0.8599696]",
4186,"[4.081333,0.7710218,0.8599696]",
4187,"[4.082192,0.7710442,0.8599696]",
4188,"[4.083288,0.7705997,0.8599696]",
4189,"[4.085853,0.7701448,0.8599696]",
4190,"[4.087452,0.7701014,0.8599696]",
4191,"[4.087151,0.7715827,0.8599696]",
4192,"[4.087339,0.7724028,0.8599696]",
4193,"[4.088376,0.772787,0.8599696]",
4194,"[4.096199,0.7718305,0.8599696]",
4195,"[4.101892,0.7705829,0.8599696]",
4196,"[4.1104,0.7686556,0.8599696]",
4197,"[4.113965,0.7677819,0.8599696]",
4198,"[4.11729,0.7659429,0.8599696]",
4199,"[4.118782,0.764987,0.8599696]",
4200,"[4.1208,0.7625222,0.8599696]",
4201,"[4.12165,0.7612014,0.8599696]",
4202,"[4.122353,0.7600113,0.8599696]",
4203,"[4.121246,0.7572001,0.8599696]",
4204,"[4.120261,0.7554634,0.8599696]",
4205,"[4.117656,0.7519199,0.8599696]",
4206,"[4.116073,0.750165,0.8599696]",
4207,"[4.112764,0.7451072,0.8599696]",
4208,"[4.112284,0.743462,0.8599696]",
4209,"[4.111597,0.7411212,0.8599696]",
4210,"[4.110066,0.7363764,0.8599696]",
4211,"[4.109308,0.734546,0.8599696]",
4212,"[4.107794,0.7323759,0.8599696]",
4213,"[4.107061,0.7316114,0.8599696]",
4214,"[4.107045,0.7317578,0.8599696]",
4215,"[4.107016,0.7320072,0.8599696]",
4216,"[4.106983,0.7321766,0.8599696]",
4217,"[4.106822,0.732465,0.8599696]",
4218,"[4.10662,0.7326523,0.8599696]",
4219,"[4.106492,0.7332202,0.8599696]",
4220,"[4.10653,0.733474,0.8599696]",
4221,"[4.10678,0.7340766,0.8599696]",
4222,"[4.106908,0.7355693,0.8599696]",
4223,"[4.107195,0.739566,0.8599696]",
4224,"[4.107393,0.7421519,0.8599696]",
4225,"[4.107616,0.7447215,0.8599696]",
4226,"[4.109975,0.7500423,0.8599696]",
4227,"[4.110634,0.7513861,0.8599696]",
4228,"[4.112648,0.7544843,0.8599696]",
4229,"[4.113953,0.7562457,0.8599696]",
4230,"[4.116529,0.7595596,0.8599696]",
4231,"[4.117783,0.761081,0.8599696]",
4232,"[4.11903,0.762608,0.8599696]",
4233,"[4.120959,0.7640403,0.8599696]",
4234,"[4.121762,0.7642172,0.8599696]",
4235,"[4.122579,0.7642165,0.8599696]",
4236,"[4.122687,0.7638999,0.8599696]",
4237,"[4.12211,0.7629339,0.8599696]",
4238,"[4.122,0.7621495,0.8599696]",
4239,"[4.121611,0.7623178,0.8599696]",
4240,"[4.120792,0.7619622,0.8599696]",
4241,"[4.120278,0.761395,0.8599696]",
4242,"[4.118504,0.7429747,0.8599696]",
4243,"[4.117661,0.7353779,0.8599696]",
4244,"[4.056784,0.3006311,0.6911662]",
4245,"[4.069346,0.4763843,0.8154813]",
4246,"[4.065465,0.4763843,0.8348864]",
4247,"[4.06269,0.4763843,0.8413979]",
4248,"[4.060085,0.4763843,0.8472487]",
4249,"[4.058577,0.4763843,0.8510244]",
4250,"[4.057614,0.4763843,0.8530135]",
4251,"[4.055664,0.4763843,0.856108]",
4252,"[4.055573,0.4763843,0.8560657]",
4253,"[4.055324,0.4763843,0.8562191]",
4254,"[4.055141,0.4763843,0.8564339]",
4255,"[4.054887,0.4763843,0.8566228]",
4256,"[4.05408,0.4763843,0.8567513]",
4257,"[4.05373,0.4763843,0.8569447]",
4258,"[4.05284,0.4763843,0.8574247]",
4259,"[4.052238,0.4763843,0.8576843]",
4260,"[4.050762,0.4763843,0.8571238]",
4261,"[4.049789,0.4763843,0.8560524]",
4262,"[4.048628,0.5937928,0.8599696]",
4263,"[4.048117,0.6155043,0.8599696]",
4264,"[4.04732,0.650198,0.8599696]",
4265,"[4.048152,0.6918414,0.8599696]",
4266,"[4.049127,0.7089953,0.8599696]",
4267,"[4.051024,0.7313058,0.8599696]",
4268,"[4.05163,0.7414548,0.8599696]",
4269,"[4.052594,0.7595611,0.8599696]",
4270,"[4.05296,0.765528,0.8599696]",
4271,"[4.053432,0.7770746,0.8599696]",
4272,"[4.053505,0.7828543,0.8599696]",
4273,"[4.053477,0.7864068,0.8599696]",
4274,"[4.053342,0.7869491,0.8599696]",
4275,"[4.053157,0.781838,0.8599696]",
4276,"[4.052124,0.7668936,0.8599696]",
4277,"[4.050856,0.7592654,0.8599696]",
4278,"[4.048374,0.7500228,0.8599696]",
4279,"[4.047214,0.7474988,0.8599696]",
4280,"[4.04608,0.7455035,0.8599696]",
4281,"[4.047762,0.7462433,0.8599696]",
4282,"[4.048908,0.750398,0.8599696]",
4283,"[4.052437,0.7605422,0.8599696]",
4284,"[4.054789,0.7659534,0.8599696]",
4285,"[4.060181,0.7750478,0.8599696]",
4286,"[4.063176,0.7783015,0.8599696]",
4287,"[4.066174,0.7812834,0.8599696]",
4288,"[4.071579,0.7829893,0.8599696]",
4289,"[4.074779,0.7804074,0.8599696]",
4290,"[4.078821,0.7763001,0.8599696]",
4291,"[4.080254,0.7743899,0.8599696]",
4292,"[4.077146,0.7633485,0.8599696]",
4293,"[4.076153,0.7559181,0.8599696]",
4294,"[4.071843,0.7454526,0.8599696]",
4295,"[4.06969,0.7390478,0.8599696]",
4296,"[4.066725,0.7339377,0.8599696]",
4297,"[4.059548,0.7281417,0.8599696]",
4298,"[4.055291,0.7258649,0.8599696]",
4299,"[4.048263,0.7191982,0.8599696]",
4300,"[4.026693,0.703633,0.8599696]",
4301,"[4.004439,0.6836377,0.8599696]",
4302,"[3.996542,0.6745029,0.8599696]",
4303,"[3.989707,0.666514,0.8599696]",
4304,"[3.981516,0.6557531,0.8599696]",
4305,"[3.977678,0.6513563,0.8599696]",
4306,"[3.973103,0.6528256,0.8599696]",
4307,"[3.970641,0.6603034,0.8599696]",
4308,"[3.969227,0.6786638,0.8599696]",
4309,"[3.969831,0.6903818,0.8599696]",
4310,"[3.970607,0.7076618,0.8599696]",
4311,"[3.971037,0.7173086,0.8599696]",
4312,"[3.971484,0.7261382,0.8599696]",
4313,"[3.972863,0.7422765,0.8599696]",
4314,"[3.973406,0.7497959,0.8599696]",
4315,"[3.97581,0.7603459,0.8599696]",
4316,"[3.977795,0.7632645,0.8599696]",
4317,"[4.008479,0.7752749,0.8599696]",
4318,"[4.016934,0.7797199,0.8599696]",
4319,"[4.032278,0.7889166,0.8599696]",
4320,"[4.037753,0.7929349,0.8599696]",
4321,"[4.041764,0.7938876,0.8599696]",
4322,"[4.047142,0.7903913,0.8599696]",
4323,"[4.049438,0.7897363,0.8599696]",
4324,"[4.049985,0.7897879,0.8599696]",
4325,"[4.050073,0.7902066,0.8599696]",
4326,"[4.05039,0.7937349,0.8599696]",
4327,"[4.050875,0.7959995,0.8599696]",
4328,"[4.051468,0.7989739,0.8599696]",
4329,"[4.052682,0.8004577,0.8599696]",
4330,"[4.053298,0.8011541,0.8599696]",
4331,"[4.054272,0.8014423,0.8599696]",
4332,"[4.054173,0.7980252,0.8599696]",
4333,"[4.053123,0.7900535,0.8599696]",
4334,"[4.05261,0.7834917,0.8599696]",
4335,"[4.052499,0.7764233,0.8599696]",
4336,"[4.052216,0.7421324,0.8431734]",
4337,"[4.055991,0.7163204,0.8352084]",
4338,"[4.060686,0.6786661,0.8224005]",
4339,"[4.062807,0.660386,0.8154959]",
4340,"[4.065941,0.6353453,0.8103861]",
4341,"[4.066608,0.6237175,0.808515]",
4342,"[4.067029,0.606141,0.8062376]",
4343,"[4.067566,0.6022221,0.8083596]",
4344,"[4.065317,0.6061797,0.8096842]",
4345,"[4.059681,0.6177421,0.8133263]",
4346,"[4.056895,0.6215882,0.8135123]",
4347,"[4.049674,0.635498,0.814342]",
4348,"[4.046277,0.6411608,0.8140129]",
4349,"[4.042132,0.6517227,0.8147787]",
4350,"[4.040523,0.6610357,0.8165249]",
4351,"[4.039582,0.6734941,0.8218665]",
4352,"[4.039694,0.6799875,0.8266215]",
4353,"[4.041508,0.6985764,0.8455262]",
4354,"[4.045084,0.7389423,0.8874897]",
4355,"[4.046657,0.7566287,0.905951]",
4356,"[4.05145,0.8051361,0.9556956]",
4357,"[4.052795,0.8144361,0.9621265]",
4358,"[4.020053,0.5684674,0.6911662]",
4359,"[4.021152,0.5762345,0.6911662]",
4360,"[4.022246,0.5824818,0.6911662]",
4361,"[4.028323,0.5939298,0.6911662]",
4362,"[4.035776,0.6391773,0.7363299]",
4363,"[4.041772,0.6694273,0.7635382]",
4364,"[4.044139,0.6796176,0.7757529]",
4365,"[4.048723,0.6927198,0.7958049]",
4366,"[4.049819,0.6911421,0.7988147]",
4367,"[4.051425,0.6890892,0.8034285]",
4368,"[4.052569,0.6839103,0.8089961]",
4369,"[4.053311,0.6801097,0.8103055]",
4370,"[4.053213,0.6709488,0.8128823]",
4371,"[4.051855,0.661223,0.8090485]",
4372,"[4.064496,0.7377975,0.9328054]",
4373,"[4.06301,0.7135566,0.9302869]",
4374,"[4.024874,0.3868255,0.6911662]",
4375,"[4.023953,0.3781225,0.6911662]",
4376,"[4.023161,0.3725132,0.6911662]",
4377,"[4.022501,0.3647887,0.6911662]",
4378,"[4.022566,0.3625184,0.6911662]",
4379,"[4.022902,0.3603747,0.6911662]",
4380,"[4.023202,0.359592,0.6911662]",
4381,"[4.075284,0.8144361,1.036549]",
4382,"[4.076912,0.8144361,1.035566]",
4383,"[4.078412,0.8144361,1.034607]",
4384,"[4.078056,0.784533,1.008636]",
4385,"[4.077602,0.7658904,0.9931387]",
4386,"[4.07648,0.7245088,0.9599976]",
4387,"[4.075885,0.7031797,0.9434618]",
4388,"[4.074039,0.6547775,0.9071278]",
4389,"[4.072781,0.6297119,0.8878703]",
4390,"[4.070385,0.5815501,0.8518395]",
4391,"[4.053038,0.3693357,0.6911662]",
4392,"[4.05303,0.365312,0.6911662]",
4393,"[4.053403,0.3569394,0.6911662]",
4394,"[4.054312,0.3471532,0.6911662]",
4395,"[4.061406,0.3281004,0.6911662]",
4396,"[4.066518,0.3186369,0.6911662]",
4397,"[4.072524,0.3074943,0.6911662]",
4398,"[4.075054,0.3029569,0.6911662]",
4399,"[4.071665,0.2958843,0.6911662]",
4400,"[4.080086,0.4763843,0.8287187]",
4401,"[4.079145,0.4763843,0.8334402]",
4402,"[4.076721,0.4763843,0.8381831]",
4403,"[4.07519,0.4763843,0.8386657]",
4404,"[4.071598,0.4763843,0.8362055]",
4405,"[4.070336,0.4763843,0.8351589]",
4406,"[4.065571,0.4763843,0.8281943]",
4407,"[4.059732,0.4763843,0.820283]",
4408,"[4.057634,0.4763843,0.8179575]",
4409,"[4.055119,0.4763843,0.8148494]",
4410,"[4.054141,0.4763843,0.8138734]",
4411,"[4.052676,0.4763843,0.8131555]",
4412,"[4.052318,0.4763843,0.8128952]",
4413,"[4.051753,0.4763843,0.8131015]",
4414,"[4.051145,0.4763843,0.8137998]",
4415,"[4.050684,0.4763843,0.8148499]",
4416,"[4.045434,0.4763843,0.8541613]",
4417,"[4.05127,0.4579882,0.9362517]",
4418,"[4.054964,0.4579882,0.9666236]",
4419,"[4.0567,0.4579882,0.9775315]",
4420,"[4.059294,0.4579882,0.9928426]",
4421,"[4.060158,0.4579882,0.9990983]",
4422,"[4.060772,0.4579882,1.004201]",
4423,"[4.059714,0.4579882,1.012663]",
4424,"[4.057966,0.4579882,1.014949]",
4425,"[4.055746,0.4579882,1.017754]",
4426,"[4.054644,0.4579882,1.018412]",
4427,"[4.053699,0.4579882,1.019965]",
4428,"[4.053704,0.4579882,1.020887]",
4429,"[4.066138,0.4579882,1.053069]",
4430,"[4.069062,0.4579882,1.061148]",
4431,"[4.08144,0.5514361,1.102818]",
4432,"[4.083312,0.5514361,1.107691]",
4433,"[4.083753,0.5514361,1.108729]",
4434,"[4.085165,0.5514361,1.110402]",
4435,"[4.085698,0.5514361,1.111128]",
4436,"[4.086291,0.5514361,1.111119]",
4437,"[4.086963,0.5514361,1.110947]",
4438,"[4.087529,0.5514361,1.110835]",
4439,"[4.088406,0.5514361,1.110664]",
4440,"[4.088817,0.5514361,1.110574]",
4441,"[4.089877,0.5514361,1.110237]",
4442,"[4.090308,0.5514361,1.110187]",
4443,"[4.091038,0.5514361,1.110143]",
4444,"[4.091494,0.5514361,1.110144]",
4445,"[4.092005,0.5514361,1.110852]",
4446,"[4.092983,0.5514361,1.112164]",
4447,"[4.092968,0.5467648,1.110271]",
4448,"[4.092455,0.5213395,1.099682]",
4449,"[4.091756,0.50555,1.093084]",
4450,"[4.089715,0.4680534,1.076458]",
4451,"[4.088187,0.4449343,1.065912]",
4452,"[4.083389,0.390867,1.042473]",
4453,"[4.080844,0.3616837,1.029953]",
4454,"[4.077971,0.330335,1.016731]",
4455,"[4.056626,0.1,0.9197804]",
4456,"[4.056593,0.1,0.9194702]",
4457,"[4.056612,0.1,0.9158461]",
4458,"[4.061251,0.1000001,0.8856475]",
4459,"[4.065818,0.1,0.8562589]",
4460,"[4.067595,0.1000001,0.8461857]",
4461,"[4.069922,0.1092121,0.8378823]",
4462,"[4.073381,0.1433887,0.8378823]",
4463,"[4.074835,0.1558244,0.8378823]",
4464,"[4.076639,0.186405,0.8378823]",
4465,"[4.077365,0.1980449,0.8378823]",
4466,"[4.07846,0.2136033,0.8378823]",
4467,"[4.078779,0.2162304,0.8378823]",
4468,"[4.079573,0.2203371,0.8378823]",
4469,"[4.080009,0.222383,0.8378823]",
4470,"[4.08077,0.2252251,0.8378823]",
4471,"[4.083345,0.2310762,0.8378823]",
4472,"[4.085203,0.2334632,0.8378823]",
4473,"[4.088148,0.2370437,0.8378823]",
4474,"[4.089709,0.2393696,0.8378823]",
4475,"[4.092804,0.2458848,0.8378823]",
4476,"[4.094663,0.2505338,0.8378823]",
4477,"[4.09632,0.2545063,0.8378823]",
4478,"[4.097495,0.2571981,0.8378823]",
4479,"[4.097689,0.2585752,0.8378823]",
4480,"[4.097847,0.261791,0.8378823]",
4481,"[4.097763,0.2642478,0.8378823]",
4482,"[4.097607,0.2695543,0.8378823]",
4483,"[4.097557,0.2721679,0.8378823]",
4484,"[4.097567,0.2740237,0.8378823]",
4485,"[4.097843,0.2786296,0.8378823]",
4486,"[4.098308,0.2803486,0.8378823]",
4487,"[4.099489,0.2845533,0.8378823]",
4488,"[4.100332,0.2872353,0.8378823]",
4489,"[4.102,0.2917133,0.8378823]",
4490,"[4.102508,0.2923505,0.8378823]",
4491,"[4.10323,0.2924361,0.8377923]",
4492,"[4.103063,0.2884449,0.8378823]",
4493,"[4.102908,0.2842929,0.8378823]",
4494,"[4.103372,0.2801285,0.8378823]",
4495,"[4.103248,0.2762861,0.8378823]",
4496,"[4.104312,0.2762929,0.8378823]",
4497,"[4.1049,0.2763005,0.8378823]",
4498,"[4.106237,0.2769787,0.8378823]",
4499,"[4.107058,0.2774043,0.8378823]",
4500,"[4.107767,0.2776928,0.8378823]",
4501,"[4.108196,0.2784721,0.838507]",
4502,"[4.108405,0.2790288,0.8390458]",
4503,"[4.109337,0.284397,0.8433669]",
4504,"[4.109808,0.2881973,0.8462318]",
4505,"[4.110333,0.2924361,0.8494817]",
4506,"[4.110411,0.2924361,0.8494637]",
4507,"[4.108724,0.2924361,0.8529263]",
4508,"[4.107863,0.2924361,0.8547501]",
4509,"[4.107033,0.2924361,0.8563809]",
4510,"[4.098101,0.1914078,0.7772791]",
4511,"[4.098734,0.2035764,0.7888338]",
4512,"[4.098817,0.2129298,0.7996572]",
4513,"[4.098534,0.2129298,0.8017394]",
4514,"[4.098404,0.2129298,0.8072013]",
4515,"[4.098216,0.2129298,0.8094604]",
4516,"[4.097988,0.2129298,0.8118764]",
4517,"[4.097513,0.2129298,0.8182464]",
4518,"[4.097066,0.2129298,0.8227081]",
4519,"[4.094968,0.2129298,0.8338571]",
4520,"[4.093462,0.2129298,0.8401494]",
4521,"[4.090282,0.2129298,0.8533328]",
4522,"[4.08856,0.2129298,0.8597917]",
4523,"[4.087421,0.2129298,0.8690636]",
4524,"[4.087505,0.2129298,0.8735069]",
4525,"[4.087627,0.2129298,0.8780349]",
4526,"[4.087022,0.2129298,0.8856278]",
4527,"[4.086686,0.2129298,0.8891985]",
4528,"[4.086872,0.2129298,0.8965652]",
4529,"[4.087163,0.2129298,0.9002154]",
4530,"[4.087189,0.2129298,0.9060491]",
4531,"[4.086954,0.2129298,0.9079395]",
4532,"[4.086619,0.2129298,0.9093328]",
4533,"[4.086667,0.2129298,0.9134947]",
4534,"[4.086661,0.2129298,0.9150079]",
4535,"[4.087188,0.2129298,0.91732]",
4536,"[4.087658,0.2129298,0.9181459]",
4537,"[4.088159,0.2129298,0.9191318]",
4538,"[4.087778,0.2129298,0.9204205]",
4539,"[4.086508,0.2129298,0.9221427]",
4540,"[4.085568,0.2129298,0.9226353]",
4541,"[4.084419,0.2129298,0.9228618]",
4542,"[4.048207,0.2129298,0.8704123]",
4543,"[4.039779,0.2129298,0.8597758]",
4544,"[4.024758,0.2129298,0.8388287]",
4545,"[4.019968,0.2129298,0.8308223]",
4546,"[4.009467,0.2129298,0.8156903]",
4547,"[4.004128,0.2129298,0.8088284]",
4548,"[3.998068,0.2129298,0.8018892]",
4549,"[3.984506,0.2129298,0.7893097]",
4550,"[3.927217,0.1211998,0.6911662]",
4551,"[3.89812,0.1362047,0.6911662]",
4552,"[3.824986,0.1,0.661612]",
4553,"[3.782301,0.1,0.6649753]",
4554,"[3.77229,0.1114746,0.6765422]",
4555,"[3.760476,0.1256648,0.6882748]",
4556,"[3.756416,0.1310813,0.6911766]",
4557,"[3.753293,0.1347426,0.6935599]",
4558,"[3.743495,0.144069,0.6998519]",
4559,"[3.737041,0.1491338,0.7036785]",
4560,"[3.716171,0.1539835,0.7096508]",
4561,"[3.702192,0.1539834,0.7112573]",
4562,"[3.662815,0.1539835,0.7165183]",
4563,"[3.650025,0.1539834,0.7182248]",
4564,"[3.639398,0.1539834,0.7195198]",
4565,"[3.622688,0.1539834,0.7203394]",
4566,"[3.614875,0.1539834,0.720166]",
4567,"[3.613634,0.1539834,0.7193506]",
4568,"[3.610983,0.1539835,0.7193161]",
4569,"[3.607181,0.1539835,0.7191277]",
4570,"[3.609054,0.1539835,0.7181988]",
4571,"[3.603133,0.1539835,0.7179191]",
4572,"[3.594912,0.1539835,0.7216223]",
4573,"[3.581989,0.153808,0.7263829]",
4574,"[3.510835,0.1,0.6989933]",
4575,"[3.330438,0.1,0.8381829]",
4576,"[3.286996,0.1,0.8739153]",
4577,"[3.18191,0.2306901,1.116567]",
4578,"[3.178157,0.2755286,1.164939]",
4579,"[3.158188,0.2806118,1.177624]",
4580,"[3.140952,0.2848828,1.188572]",
4581,"[3.116521,0.2908633,1.204091]",
4582,"[3.115794,0.2906452,1.204552]",
4583,"[3.116527,0.2915094,1.204086]",
4584,"[3.117872,0.2924407,1.203232]",
4585,"[3.133031,0.2967529,1.193603]",
4586,"[3.140679,0.2987546,1.188745]",
4587,"[3.153504,0.3005455,1.180599]",
4588,"[3.156429,0.3005156,1.178741]",
4589,"[3.162304,0.2995797,1.175009]",
4590,"[3.170394,0.2992162,1.169871]",
4591,"[3.174538,0.3000137,1.167238]",
4592,"[3.201459,0.3068953,1.147344]",
4593,"[3.187163,0.288834,1.124838]",
4594,"[3.145432,0.2269965,1.059139]",
4595,"[3.20384,0.1,0.8028287]",
4596,"[3.226382,0.1,0.7862649]",
4597,"[3.544613,0.1842697,0.6952099]",
4598,"[3.57441,0.199005,0.6984106]",
4599,"[3.635927,0.229173,0.7008125]",
4600,"[3.653254,0.2371665,0.7009565]",
4601,"[3.676391,0.2396507,0.6914687]",
4602,"[3.67699,0.2390728,0.6911227]",
4603,"[3.678391,0.2382771,0.6902909]",
4604,"[3.67784,0.2377043,0.690652]",
4605,"[3.677821,0.2375965,0.6906679]",
4606,"[3.672251,0.2430124,0.6938871]",
4607,"[3.657304,0.2444388,0.7002838]",
4608,"[3.639172,0.2412739,0.6994532]",
4609,"[3.633901,0.2408539,0.6991464]",
4610,"[3.626547,0.2410448,0.698617]",
4611,"[3.622822,0.2415835,0.6982909]",
4612,"[3.618555,0.241886,0.6979586]",
4613,"[3.612924,0.2427118,0.6974642]",
4614,"[3.609578,0.244058,0.6970588]",
4615,"[3.603216,0.2438861,0.6966445]",
4616,"[3.599934,0.2426435,0.6965818]",
4617,"[3.596076,0.2386743,0.6968359]",
4618,"[3.594141,0.2369023,0.6969348]",
4619,"[3.594849,0.2354128,0.697178]",
4620,"[3.595879,0.2332607,0.69753]",
4621,"[3.596232,0.2325528,0.6976468]",
4622,"[3.597064,0.2330191,0.6976429]",
4623,"[3.597659,0.235667,0.6973376]",
4624,"[3.597206,0.2521365,0.6951537]",
4625,"[3.567269,0.4636787,0.6988658]",
4626,"[3.568466,0.5170793,0.708802]",
4627,"[3.552358,0.6933019,0.7333963]",
4628,"[3.549807,0.7101424,0.7325771]",
4629,"[3.545052,0.7374398,0.7306964]",
4630,"[3.543625,0.7488516,0.7298028]",
4631,"[3.544313,0.7565047,0.7280897]",
4632,"[3.544422,0.7575695,0.7270709]",
4633,"[3.545131,0.7614929,0.7232231]",
4634,"[3.545621,0.764132,0.7206308]",
4635,"[3.545879,0.7670735,0.7178292]",
4636,"[3.547082,0.828523,0.7211945]",
4637,"[3.547836,0.8399072,0.7214676]",
4638,"[3.549183,0.854999,0.721629]",
4639,"[3.549926,0.8593132,0.7214695]",
4640,"[3.551361,0.8642989,0.7209536]",
4641,"[3.552139,0.8657003,0.7205936]",
4642,"[3.553876,0.8689488,0.7197963]",
4643,"[3.554879,0.8711821,0.7193583]",
4644,"[3.555594,0.8727492,0.7190443]",
4645,"[3.556995,0.8759533,0.7184377]",
4646,"[3.557645,0.8776153,0.7181668]",
4647,"[3.558956,0.8814671,0.7176524]",
4648,"[3.559619,0.8836539,0.7174069]",
4649,"[3.559999,0.8862302,0.717348]",
4650,"[3.560897,0.889335,0.7170246]",
4651,"[3.56154,0.8905534,0.7167304]",
4652,"[3.562119,0.8916957,0.7164682]",
4653,"[3.562836,0.8924899,0.7161053]",
4654,"[3.585145,0.8959602,0.7479228]",
4655,"[3.668879,0.9095289,0.8663611]",
4656,"[3.771451,0.9262615,1.011824]",
4657,"[3.776102,0.9268531,1.01875]",
4658,"[3.775474,0.9265576,1.018294]",
4659,"[3.775006,0.9264128,1.017758]",
4660,"[3.774415,0.9263048,1.017008]",
4661,"[3.772289,0.9184096,1.012595]",
4662,"[3.331301,0.8176106,0.4054619]",
4663,"[3.331301,0.8056241,0.4071306]",
4664,"[3.331301,0.8004718,0.4076109]",
4665,"[3.331301,0.7919565,0.4080116]",
4666,"[3.331301,0.7880778,0.4080901]",
4667,"[3.331301,0.7846901,0.4078484]",
4668,"[3.331301,0.7785173,0.4076791]",
4669,"[3.331301,0.7754185,0.4077494]",
4670,"[3.331301,0.7706591,0.4088125]",
4671,"[3.331301,0.7690493,0.4097048]",
4672,"[3.331301,0.7641173,0.4141186]",
4673,"[3.331301,0.760884,0.417701]",
4674,"[3.369801,0.7701111,0.4760599]",
4675,"[3.37315,0.7701111,0.4832026]",
4676,"[3.375876,0.7701111,0.489057]",
4677,"[3.381295,0.7701111,0.5004677]",
4678,"[3.384202,0.7701111,0.5062661]",
4679,"[3.392902,0.7701111,0.5203975]",
4680,"[3.397704,0.7701111,0.528165]",
4681,"[3.433496,0.7701111,0.5788305]",
4682,"[3.450636,0.7701111,0.6023889]",
4683,"[3.462632,0.770111,0.6188776]",
4684,"[3.478283,0.770111,0.6372899]",
4685,"[3.483698,0.770111,0.6436366]",
4686,"[3.484741,0.770111,0.6436402]",
4687,"[3.48464,0.770111,0.6427709]",
4688,"[3.4845,0.770111,0.6414775]",
4689,"[3.484151,0.770111,0.6386634]",
4690,"[3.483991,0.770111,0.636324]",
4691,"[3.483042,0.770111,0.6339583]",
4692,"[3.482649,0.770111,0.632375]",
4693,"[3.482773,0.770111,0.6312464]",
4694,"[3.484077,0.770111,0.6327065]",
4695,"[3.487453,0.770111,0.6367372]",
4696,"[3.48986,0.770111,0.6397762]",
4697,"[3.496451,0.770111,0.6488493]",
4698,"[3.50114,0.770111,0.6556576]",
4699,"[3.506435,0.770111,0.6632982]",
4700,"[3.51815,0.770111,0.6801009]",
4701,"[3.52283,0.770111,0.6864321]",
4702,"[3.534525,0.770111,0.7014763]",
4703,"[3.54229,0.770111,0.711386]",
4704,"[3.558125,0.7555554,0.7247742]",
4705,"[3.561071,0.7499799,0.7263473]",
4706,"[3.565506,0.7362484,0.726902]",
4707,"[3.567711,0.7309265,0.727024]",
4708,"[3.550094,0.7176288,0.7012477]",
4709,"[3.331301,0.6141928,0.4042228]",
4710,"[3.331301,0.6125429,0.4034681]",
4711,"[3.331301,0.6090351,0.3994142]",
4712,"[3.331301,0.6076912,0.3979161]",
4713,"[3.331301,0.6052479,0.3959202]",
4714,"[3.331301,0.6044901,0.3954222]",
4715,"[3.331301,0.603897,0.3951405]",
4716,"[3.331301,0.6035333,0.3943683]",
4717,"[3.331301,0.603465,0.3943521]",
4718,"[3.331301,0.6033813,0.394383]",
4719,"[3.331301,0.6033728,0.39431]",
4720,"[3.331301,0.6036944,0.3942512]",
4721,"[3.331301,0.6041814,0.3942412]",
4722,"[3.331301,0.6046118,0.3942747]",
4723,"[3.331301,0.6053879,0.3927326]",
4724,"[3.331301,0.6056827,0.3922929]",
4725,"[3.331301,0.6061649,0.3918121]",
4726,"[3.331301,0.6063676,0.3916652]",
4727,"[3.331301,0.6062267,0.3913994]",
4728,"[3.331301,0.605827,0.3912334]",
4729,"[3.331301,0.6055496,0.3911656]",
4730,"[3.331301,0.605293,0.3911053]",
4731,"[3.331301,0.6042502,0.3904474]",
4732,"[3.331301,0.6025921,0.38928]",
4733,"[3.331301,0.6020186,0.388826]",
4734,"[3.331301,0.6014557,0.3867648]",
4735,"[3.331301,0.6011348,0.3857327]",
4736,"[3.331301,0.6002028,0.3822355]",
4737,"[3.331301,0.5998083,0.3815]",
4738,"[3.331301,0.5988597,0.3800797]",
4739,"[3.331301,0.5981309,0.3802512]",
4740,"[3.331301,0.5972949,0.380409]",
4741,"[3.331301,0.5571462,0.3894415]",
4742,"[3.331301,0.5054029,0.4046087]",
4743,"[3.414129,0.522711,0.5245707]",
4744,"[3.428123,0.522711,0.5456574]",
4745,"[3.446019,0.522711,0.5713197]",
4746,"[3.452715,0.5227109,0.580407]",
4747,"[3.458398,0.522711,0.5879273]",
4748,"[3.4622,0.522711,0.5930635]",
4749,"[3.464018,0.522711,0.5954922]",
4750,"[3.468994,0.522711,0.6021035]",
4751,"[3.47221,0.522711,0.606326]",
4752,"[3.477762,0.522711,0.6141107]",
4753,"[3.48016,0.522711,0.6178272]",
4754,"[3.480768,0.522711,0.6190601]",
4755,"[3.482106,0.522711,0.6217711]",
4756,"[3.481917,0.522711,0.621976]",
4757,"[3.481886,0.522711,0.6222962]",
4758,"[3.562746,0.5795927,0.7288197]",
4759,"[3.562809,0.5791082,0.7287931]",
4760,"[3.562836,0.5787334,0.7287779]",
4761,"[3.562836,0.5784159,0.7287712]",
4762,"[3.562783,0.5774909,0.7287648]",
4763,"[3.562721,0.5768819,0.7287674]",
4764,"[3.562624,0.5768487,0.7287915]",
4765,"[3.562549,0.5767787,0.7288092]",
4766,"[3.562525,0.5766126,0.728812]",
4767,"[3.562618,0.5766822,0.7287894]",
4768,"[3.562786,0.576637,0.7287456]",
4769,"[3.562871,0.5765265,0.7287216]",
4770,"[3.562984,0.5763853,0.7286896]",
4771,"[3.563283,0.5761732,0.7286083]",
4772,"[3.563999,0.5763292,0.7284282]",
4773,"[3.565365,0.5764697,0.7280815]",
4774,"[3.566005,0.5767912,0.7279246]",
4775,"[3.56701,0.5771112,0.7276743]",
4776,"[3.567461,0.5771308,0.7275592]",
4777,"[3.568719,0.5757567,0.7272075]",
4778,"[3.569535,0.5743769,0.7269687]",
4779,"[3.573759,0.5507715,0.7237486]",
4780,"[3.571223,0.5227152,0.7113016]",
4781,"[3.571622,0.5124972,0.7067685]",
4782,"[3.569744,0.4978675,0.6989768]",
4783,"[3.570231,0.4937361,0.6983434]",
4784,"[3.570962,0.4871105,0.6973941]",
4785,"[3.57122,0.4842653,0.6970593]",
4786,"[3.570904,0.4823911,0.6974706]",
4787,"[3.570244,0.4795767,0.6981059]",
4788,"[3.569893,0.4785659,0.6983635]",
4789,"[3.569355,0.4765271,0.6986651]",
4790,"[3.569162,0.4755109,0.6987172]",
4791,"[3.568812,0.4741098,0.6988978]",
4792,"[3.568622,0.4735005,0.6990259]",
4793,"[3.568429,0.4729023,0.6991594]",
4794,"[3.567951,0.4718577,0.699576]",
4795,"[3.567642,0.4713501,0.6998791]",
4796,"[3.56564,0.4703026,0.702273]",
4797,"[3.564707,0.4697521,0.7033781]",
4798,"[3.563156,0.4694403,0.7053306]",
4799,"[3.563062,0.4692293,0.7054113]",
4800,"[3.562929,0.4689737,0.7055347]",
4801,"[3.562865,0.4688431,0.7055924]",
4802,"[3.562796,0.4686866,0.7056509]",
4803,"[3.562719,0.4684311,0.7057019]",
4804,"[3.562581,0.4684321,0.7058805]",
4805,"[3.56236,0.468782,0.7062364]",
4806,"[3.562273,0.4690821,0.7064083]",
4807,"[3.562669,0.4696905,0.7060124]",
4808,"[3.562798,0.4697308,0.7058533]",
4809,"[3.56292,0.4697543,0.7056994]",
4810,"[3.563138,0.469902,0.7054439]",
4811,"[3.563234,0.4699218,0.7053246]",
4812,"[3.563385,0.4702144,0.7051849]",
4813,"[3.563431,0.4702929,0.7051407]",
4814,"[3.563362,0.4704432,0.7052591]",
4815,"[3.563265,0.4705099,0.705398]",
4816,"[3.563289,0.4722848,0.7057135]",
4817,"[3.563424,0.4732323,0.7057231]",
4818,"[3.563537,0.4740053,0.7057273]",
4819,"[3.563648,0.4748846,0.7057543]",
4820,"[3.563464,0.4751052,0.7060372]",
4821,"[3.563103,0.4753126,0.7065462]",
4822,"[3.562927,0.4753534,0.7067828]",
4823,"[3.562621,0.4753807,0.7071855]",
4824,"[3.562699,0.4755775,0.707123]",
4825,"[3.562783,0.4757422,0.7070457]",
4826,"[3.562923,0.47592,0.7068981]",
4827,"[3.563029,0.4763712,0.7068482]",
4828,"[3.563229,0.4770075,0.7067133]",
4829,"[3.563243,0.4775691,0.7068046]",
4830,"[3.563446,0.4781754,0.7066596]",
4831,"[3.563595,0.4783506,0.7065008]",
4832,"[3.563918,0.4785247,0.7061143]",
4833,"[3.564539,0.4798263,0.705562]",
4834,"[3.564861,0.480956,0.7053169]",
4835,"[3.565308,0.4830468,0.7047365]",
4836,"[3.565534,0.4843185,0.704443]",
4837,"[3.565439,0.4858866,0.7045658]",
4838,"[3.565344,0.4866186,0.7046897]",
4839,"[3.566226,0.488135,0.7035445]",
4840,"[3.566391,0.4885171,0.7033306]",
4841,"[3.566514,0.488691,0.7031699]",
4842,"[3.566555,0.4895812,0.703118]",
4843,"[3.566552,0.4898941,0.7031211]",
4844,"[3.597437,0.516649,0.7463542]",
4845,"[3.680832,0.5879372,0.8634902]",
4846,"[3.739617,0.6378486,0.9461123]",
4847,"[3.741263,0.6392214,0.9483389]",
4848,"[3.739547,0.6374238,0.9457897]",
4849,"[3.736852,0.6348057,0.9415631]",
4850,"[3.735837,0.6336386,0.9397635]",
4851,"[3.735257,0.6321457,0.9374717]",
4852,"[3.735384,0.631418,0.9364932]",
4853,"[3.735472,0.6304967,0.9353329]",
4854,"[3.735662,0.630139,0.935017]",
4855,"[3.735946,0.6297667,0.9347278]",
4856,"[3.736725,0.6288942,0.9339937]",
4857,"[3.736903,0.6282884,0.933563]",
4858,"[3.736619,0.6264421,0.93167]",
4859,"[3.7358,0.6247581,0.9295181]",
4860,"[3.72926,0.6182038,0.9193958]",
4861,"[3.724594,0.6141667,0.9128749]",
4862,"[3.331301,0.2732848,0.3542306]",
4863,"[3.331301,0.2715526,0.3534522]",
4864,"[3.331301,0.2664018,0.3512788]",
4865,"[3.331301,0.2549853,0.3452417]",
4866,"[3.331301,0.2323577,0.339678]",
4867,"[3.331301,0.2028776,0.3332119]",
4868,"[3.236275,0.1,0.1937111]",
4869,"[3.331301,0.1834736,0.3350844]",
4870,"[3.449827,0.2949018,0.506089]",
4871,"[3.451231,0.2949019,0.5096737]",
4872,"[3.452509,0.2949019,0.5140355]",
4873,"[3.452735,0.2949019,0.5157016]",
4874,"[3.452513,0.2949019,0.5177674]",
4875,"[3.452454,0.2949019,0.5188715]",
4876,"[3.474387,0.3163843,0.5518303]",
4877,"[3.474653,0.3163843,0.5531263]",
4878,"[3.477177,0.3163843,0.55816]",
4879,"[3.479253,0.3163843,0.5616639]",
4880,"[3.481009,0.3163843,0.5646538]",
4881,"[3.484538,0.3163843,0.5699905]",
4882,"[3.486094,0.3163843,0.5717728]",
4883,"[3.489334,0.3163843,0.575624]",
4884,"[3.49101,0.3163843,0.5777042]",
4885,"[3.493618,0.3163843,0.5808113]",
4886,"[3.494581,0.3163843,0.5818422]",
4887,"[3.496017,0.3163843,0.5827902]",
4888,"[3.498147,0.3163843,0.5843002]",
4889,"[3.499186,0.3163843,0.5850127]",
4890,"[3.501162,0.3163843,0.586438]",
4891,"[3.502107,0.3163843,0.587163]",
4892,"[3.505434,0.3163843,0.5900981]",
4893,"[3.506918,0.3163843,0.5915261]",
4894,"[3.507635,0.3163843,0.5920909]",
4895,"[3.507979,0.3163843,0.5924498]",
4896,"[3.510091,0.3163843,0.5930442]",
4897,"[3.51245,0.3163843,0.5935819]",
4898,"[3.51311,0.3163843,0.5935954]",
4899,"[3.514157,0.3163843,0.5937369]",
4900,"[3.514138,0.3163843,0.593037]",
4901,"[3.514084,0.3163843,0.5920883]",
4902,"[3.513903,0.3163843,0.5908571]",
4903,"[3.513739,0.3163843,0.5898933]",
4904,"[3.513414,0.3163843,0.5881835]",
4905,"[3.513219,0.3163843,0.5874141]",
4906,"[3.513702,0.3163843,0.5855982]",
4907,"[3.513881,0.3163843,0.58476]",
4908,"[3.513482,0.3163843,0.5821906]",
4909,"[3.513047,0.3163843,0.5806134]",
4910,"[3.512245,0.3163843,0.5778208]",
4911,"[3.516276,0.3209397,0.5829837]",
4912,"[3.523035,0.3284,0.5923024]",
4913,"[3.520098,0.3261712,0.5872033]",
4914,"[3.519791,0.3255717,0.5864547]",
4915,"[3.520286,0.3253304,0.5859295]",
4916,"[3.520684,0.3252391,0.5855989]",
4917,"[3.521392,0.3250821,0.5850429]",
4918,"[3.521732,0.3249993,0.5847815]",
4919,"[3.522088,0.3249091,0.5845083]",
4920,"[3.522671,0.3248743,0.583998]",
4921,"[3.522918,0.3249128,0.5837515]",
4922,"[3.523329,0.3254333,0.5831023]",
4923,"[3.523511,0.3259357,0.582689]",
4924,"[3.523829,0.3267976,0.5819675]",
4925,"[3.524135,0.3270472,0.5815924]",
4926,"[3.524582,0.3274431,0.5810011]",
4927,"[3.525471,0.327821,0.5801225]",
4928,"[3.526169,0.3281148,0.5793763]",
4929,"[3.527007,0.3286851,0.5776533]",
4930,"[3.494792,0.2949018,0.5282308]",
4931,"[3.494515,0.2949018,0.5272123]",
4932,"[3.494374,0.2949018,0.5267446]",
4933,"[3.494186,0.2949018,0.5259597]",
4934,"[3.49411,0.2949018,0.525591]",
4935,"[3.494015,0.2949018,0.5252259]",
4936,"[3.494177,0.2949018,0.5251909]",
4937,"[3.494289,0.2949018,0.5252175]",
4938,"[3.49448,0.2949018,0.5252521]",
4939,"[3.585125,0.3895934,0.6612184]",
4940,"[3.585338,0.389713,0.6609653]",
4941,"[3.585481,0.389856,0.6608072]",
4942,"[3.585811,0.3904722,0.6604998]",
4943,"[3.585987,0.390743,0.6603242]",
4944,"[3.586427,0.39116,0.6598341]",
4945,"[3.587027,0.3916546,0.6591518]",
4946,"[3.587365,0.3918924,0.6587588]",
4947,"[3.588011,0.3922639,0.6579928]",
4948,"[3.588394,0.392455,0.6575328]",
4949,"[3.589108,0.3927112,0.6566548]",
4950,"[3.589199,0.3927521,0.656545]",
4951,"[3.589289,0.3927632,0.656431]",
4952,"[3.589421,0.3924762,0.6562037]",
4953,"[3.589454,0.3920641,0.6560792]",
4954,"[3.589518,0.3908649,0.6557626]",
4955,"[3.589572,0.3900544,0.6555347]",
4956,"[3.575986,0.2949018,0.6306024]",
4957,"[3.612186,0.2943085,0.6896482]",
4958,"[3.614222,0.2604828,0.6952302]",
4959,"[3.614565,0.2512444,0.6964614]",
4960,"[3.614664,0.2450937,0.6972722]",
4961,"[3.615472,0.2359433,0.6985238]",
4962,"[3.616489,0.2331333,0.6989608]",
4963,"[3.617686,0.2292864,0.6995459]",
4964,"[3.617951,0.2282174,0.6997038]",
4965,"[3.618298,0.226509,0.6999511]",
4966,"[3.618427,0.2257468,0.7000594]",
4967,"[3.618458,0.2249109,0.7001709]",
4968,"[3.618515,0.2231711,0.7004022]",
4969,"[3.618483,0.2216878,0.7005939]",
4970,"[3.617693,0.2181802,0.7009982]",
4971,"[3.616953,0.2161628,0.7012111]",
4972,"[3.615798,0.2135995,0.7012506]",
4973,"[3.615386,0.212921,0.7012223]",
4974,"[3.614296,0.2118111,0.7011474]",
4975,"[3.613664,0.2112636,0.7011043]",
4976,"[3.61292,0.2106474,0.7010531]",
4977,"[3.61107,0.2091262,0.7009262]",
4978,"[3.60982,0.2080173,0.7008404]",
4979,"[3.612631,0.1962228,0.7010332]",
4980,"[3.613136,0.1922996,0.7010679]",
4981,"[3.610888,0.1539834,0.6865611]",
4982,"[3.618113,0.1539834,0.6949081]",
4983,"[3.622474,0.1539834,0.7003838]",
4984,"[3.626415,0.1539835,0.7061769]",
4985,"[3.627173,0.1539834,0.7081587]",
4986,"[3.627565,0.1539834,0.7115878]",
4987,"[3.625492,0.1539834,0.713922]",
4988,"[3.609106,0.1539834,0.7198625]",
4989,"[3.584819,0.1539445,0.7287544]",
4990,"[3.556501,0.1428091,0.725958]",
4991,"[3.149454,0.1856034,0.6029561]",
4992,"[3.07261,0.1815577,0.6029561]",
4993,"[2.881254,0.1,0.5316513]",
4994,"[3.068119,0.3677116,1.047436]",
4995,"[3.037957,0.3581124,1.146017]",
4996,"[2.994678,0.3360156,1.173508]",
4997,"[2.982337,0.3329571,1.219848]",
4998,"[3.290489,0.5198902,1.288755]",
4999,"[2.988161,0.3329572,1.250042]",
5000,"[3.006382,0.3329572,1.266788]",
5001,"[3.010494,0.32953,1.271439]",
5002,"[3.014017,0.3215086,1.2692]",
5003,"[3.017701,0.3213048,1.26686]",
5004,"[3.032926,0.3246416,1.257189]",
5005,"[3.035307,0.3263584,1.255677]",
5006,"[3.039991,0.328982,1.252702]",
5007,"[3.290457,0.5218848,1.28522]",
5008,"[3.290421,0.5233968,1.281314]",
5009,"[3.290448,0.5463808,1.284234]",
5010,"[3.290479,0.5592435,1.287628]",
5011,"[3.290597,0.5796531,1.300765]",
5012,"[3.290827,0.593392,1.326159]",
5013,"[3.28155,0.6002311,1.340775]",
5014,"[3.133209,0.5943223,1.473664]",
5015,"[3.094434,0.5923105,1.496022]",
5016,"[3.049673,0.5899925,1.523549]",
5017,"[3.047214,0.5898653,1.525116]",
5018,"[3.033658,0.5891585,1.531514]",
5019,"[3.035116,0.5892302,1.529027]",
5020,"[3.035627,0.5892534,1.527382]",
5021,"[3.035784,0.5892618,1.527385]",
5022,"[3.035306,0.589238,1.528091]",
5023,"[3.041057,0.5895355,1.524379]",
5024,"[3.047321,0.5898595,1.520392]",
5025,"[3.059566,0.5904839,1.508866]",
5026,"[3.064548,0.5907374,1.50392]",
5027,"[3.071527,0.5910993,1.499847]",
5028,"[3.074928,0.5912787,1.499055]",
5029,"[3.079401,0.5915129,1.497395]",
5030,"[3.089673,0.5920579,1.496434]",
5031,"[3.093592,0.5922674,1.496707]",
5032,"[3.106236,0.592938,1.495447]",
5033,"[3.114922,0.5933975,1.494092]",
5034,"[3.179994,0.6002311,1.395934]",
5035,"[3.194948,0.6002311,1.38483]",
5036,"[3.261509,0.6002311,1.237768]",
5037,"[3.270284,0.6002311,1.224783]",
5038,"[3.28015,0.6002311,1.216744]",
5039,"[3.289722,0.5915663,1.203939]",
5040,"[3.28966,0.5818267,1.197156]",
5041,"[3.289617,0.5840649,1.192396]",
5042,"[3.289602,0.5907476,1.190675]",
5043,"[3.28231,0.6002311,1.188858]",
5044,"[3.231719,0.6002311,1.192768]",
5045,"[3.170114,0.6002311,1.21516]",
5046,"[3.34943,0.7904345,1.302057]",
5047,"[3.339695,0.8056279,1.330442]",
5048,"[3.318223,0.8428075,1.394884]",
5049,"[3.00772,0.6298554,1.391307]",
5050,"[2.807414,0.605057,1.645309]",
5051,"[2.794158,0.6160836,1.717047]",
5052,"[2.675372,0.5806856,1.943794]",
5053,"[2.664814,0.5806856,2.021051]",
5054,"[3.005,0.6719662,2.476416]",
5055,"[3.005,0.646351,2.547497]",
5056,"[3.001755,0.5806857,2.63486]",
5057,"[3.11367,0.5806857,2.648283]",
5058,"[3.155818,0.5806857,2.651174]",
5059,"[3.220588,0.6002312,2.605479]",
5060,"[3.242571,0.6002312,2.598315]",
5061,"[3.248797,0.6002312,2.579367]",
5062,"[3.249498,0.6002312,2.53903]",
5063,"[3.248625,0.6002312,2.522653]",
5064,"[3.253368,0.6002312,2.505583]",
5065,"[3.258628,0.6002312,2.498858]",
5066,"[3.123995,0.214216,2.629522]",
5067,"[3.125861,0.178526,2.634272]",
5068,"[3.127531,0.1589247,2.638523]",
5069,"[3.126272,0.1422572,2.63532]",
5070,"[3.124459,0.1401981,2.630704]",
5071,"[3.123021,0.1424065,2.627046]",
5072,"[3.120741,0.1463627,2.62124]",
5073,"[3.118662,0.1544213,2.61595]",
5074,"[3.117687,0.1573094,2.613469]",
5075,"[3.115702,0.1664686,2.608417]",
5076,"[3.114684,0.1736021,2.605825]",
5077,"[3.113466,0.1848463,2.602726]",
5078,"[3.105803,0.2003066,2.605309]",
5079,"[3.243876,0.6002312,2.483983]",
5080,"[3.130321,0.5806857,2.558126]",
5081,"[3.102539,0.5806857,2.576675]",
5082,"[3.071529,0.5806857,2.599942]",
5083,"[3.063966,0.5806857,2.602897]",
5084,"[3.057006,0.5806857,2.606467]",
5085,"[3.046585,0.5806857,2.613407]",
5086,"[3.043025,0.5806857,2.614318]",
5087,"[3.042499,0.5806857,2.610184]",
5088,"[3.042907,0.5806857,2.608514]",
5089,"[3.045464,0.5806857,2.600209]",
5090,"[3.047439,0.5806857,2.595061]",
5091,"[3.050597,0.5806857,2.587054]",
5092,"[3.051986,0.5806857,2.584456]",
5093,"[3.05345,0.5806857,2.582609]",
5094,"[3.054965,0.5806857,2.575654]",
5095,"[3.055604,0.5806857,2.57326]",
5096,"[3.058481,0.5806857,2.569201]",
5097,"[3.059672,0.5806857,2.566702]",
5098,"[3.061729,0.5806857,2.558774]",
5099,"[3.063388,0.5806857,2.553905]",
5100,"[3.066349,0.5806857,2.54995]",
5101,"[3.077979,0.5806857,2.542532]",
5102,"[3.301898,0.5785552,2.550078]",
5103,"[3.17395,0.3263967,2.756668]",
5104,"[3.192603,0.3019268,2.804142]",
5105,"[3.228727,0.2874414,2.896084]",
5106,"[3.250371,0.2907653,2.951171]",
5107,"[3.126102,0.0999999,3.247564]",
5108,"[3.147879,0.1,3.345869]",
5109,"[3.174045,0.1,3.439574]",
5110,"[3.377645,0.1793496,3.808864]",
5111,"[3.464756,0.234419,3.853248]",
5112,"[4.025981,0.6704291,3.957193]",
5113,"[4.095815,0.7177172,3.93461]",
5114,"[4.247272,0.7802051,3.922318]",
5115,"[4.299132,0.7833359,3.917443]",
5116,"[4.34791,0.7932366,3.912858]",
5117,"[4.355015,0.7989978,3.91219]",
5118,"[4.374036,0.8126413,3.910403]",
5119,"[4.403237,0.8376475,3.907658]",
5120,"[4.409304,0.847472,3.907087]",
5121,"[4.413089,1.079375,3.906732]",
5122,"[4.430103,1.139507,3.905132]",
5123,"[4.500013,1.200446,3.957912]",
5124,"[4.53583,1.225539,3.94417]",
5125,"[4.565109,1.244268,3.929475]",
5126,"[4.61408,1.255522,3.938601]",
5127,"[4.614303,1.255675,3.938774]",
5128,"[4.603846,1.26318,3.946177]",
5129,"[4.597745,1.270035,3.950822]",
5130,"[4.57557,1.289584,3.959077]",
5131,"[4.568187,1.296798,3.982143]",
5132,"[4.563475,1.307391,3.982166]",
5133,"[4.593387,1.372676,3.982302]",
5134,"[4.615138,1.406035,3.982372]",
5135,"[4.708842,1.556458,3.982687]",
5136,"[4.736786,1.599742,3.982778]",
5137,"[4.769229,1.645623,3.982874]",
5138,"[4.781571,1.662909,3.98291]",
5139,"[4.779068,1.672265,3.98293]",
5140,"[4.775872,1.687558,3.982962]",
5141,"[4.774335,1.695165,3.982978]",
5142,"[4.765496,1.705351,3.982999]",
5143,"[4.760783,1.712185,3.983013]",
5144,"[4.743303,1.715942,3.983021]",
5145,"[4.730877,1.717599,3.983025]",
5146,"[4.711129,1.723652,3.983037]",
5147,"[4.701056,1.720325,3.983031]",
5148,"[4.690742,1.718012,3.983026]",
5149,"[4.683974,1.711322,3.983012]",
5150,"[4.679306,1.707144,3.983003]",
5151,"[4.670471,1.697987,3.982984]",
5152,"[4.670153,1.688587,3.982964]",
5153,"[4.675678,1.666088,3.982917]",
5154,"[4.681001,1.653112,3.98289]",
5155,"[4.690207,1.626838,3.982835]",
5156,"[4.694872,1.611852,3.982803]",
5157,"[4.69588,1.598087,3.982774]",
5158,"[4.68367,1.574881,3.982726]",
5159,"[4.675062,1.56645,3.982708]",
5160,"[4.660175,1.553199,3.982681]",
5161,"[4.652428,1.546231,3.982666]",
5162,"[4.641157,1.54177,3.982656]",
5163,"[4.638088,1.539789,3.982652]",
5164,"[4.63343,1.53873,3.98265]",
5165,"[4.62131,1.538094,3.982649]",
5166,"[4.615392,1.538012,3.982649]",
5167,"[4.607556,1.539874,3.982653]",
5168,"[4.604368,1.541188,3.982655]",
5169,"[4.594193,1.546302,3.982666]",
5170,"[4.58596,1.55098,3.982676]",
5171,"[4.582535,1.55295,3.98268]",
5172,"[4.57056,1.559413,3.982693]",
5173,"[4.565104,1.562537,3.9827]",
5174,"[4.556189,1.567019,3.982709]",
5175,"[4.545436,1.571793,3.982719]",
5176,"[4.537375,1.572569,3.982721]",
5177,"[4.526927,1.572316,3.982721]",
5178,"[4.521915,1.57337,3.982723]",
5179,"[4.514168,1.577228,3.982731]",
5180,"[4.509605,1.581721,3.98274]",
5181,"[4.505293,1.589692,3.982757]",
5182,"[4.503369,1.593677,3.982765]",
5183,"[4.502,1.599771,3.982778]",
5184,"[4.502405,1.602288,3.982783]",
5185,"[4.504025,1.604397,3.982788]",
5186,"[4.505525,1.605189,3.982789]",
5187,"[4.509231,1.606965,3.982793]",
5188,"[4.511906,1.608335,3.982796]",
5189,"[4.512439,1.609059,3.982797]",
5190,"[4.512723,1.609046,3.982797]",
5191,"[4.512437,1.608344,3.982796]",
5192,"[4.512487,1.607174,3.982794]",
5193,"[4.512777,1.606617,3.982792]",
5194,"[4.513985,1.600908,3.98278]",
5195,"[4.512711,1.597944,3.982774]",
5196,"[4.511764,1.59543,3.982769]",
5197,"[4.509734,1.590738,3.982759]",
5198,"[4.508332,1.588556,3.982754]",
5199,"[4.504369,1.583679,3.982744]",
5200,"[4.497538,1.580767,3.982738]",
5201,"[4.486153,1.576064,3.982728]",
5202,"[4.481534,1.574442,3.982725]",
5203,"[4.475494,1.572297,3.98272]",
5204,"[4.472661,1.571244,3.982718]",
5205,"[4.46916,1.570081,3.982716]",
5206,"[4.463923,1.568685,3.982713]",
5207,"[4.463491,1.568622,3.982713]",
5208,"[4.462656,1.56795,3.982711]",
5209,"[4.462389,1.567291,3.98271]",
5210,"[4.463274,1.566438,3.982708]",
5211,"[4.464489,1.566154,3.982708]",
5212,"[4.47682,1.563047,3.982701]",
5213,"[4.481216,1.561091,3.982697]",
5214,"[4.539136,1.583351,3.982744]",
5215,"[4.61743,1.601092,3.982781]",
5216,"[4.640946,1.60429,3.982788]",
5217,"[4.669478,1.613159,3.982806]",
5218,"[4.678526,1.614242,3.982808]",
5219,"[4.692329,1.613705,3.982807]",
5220,"[4.695534,1.613038,3.982806]",
5221,"[4.698665,1.612105,3.982804]",
5222,"[4.705401,1.615059,3.98281]",
5223,"[4.708615,1.617783,3.982816]",
5224,"[4.713248,1.650402,3.982884]",
5225,"[4.709546,1.660648,3.982906]",
5226,"[4.705822,1.671052,3.982927]",
5227,"[4.704298,1.671275,3.982928]",
5228,"[4.70808,1.668127,3.982921]",
5229,"[4.712468,1.665286,3.982915]",
5230,"[4.71594,1.662985,3.98291]",
5231,"[4.721728,1.661659,3.982908]",
5232,"[4.724048,1.662643,3.98291]",
5233,"[4.727158,1.664355,3.982913]",
5234,"[4.728539,1.66511,3.982915]",
5235,"[4.729877,1.665656,3.982916]",
5236,"[4.733012,1.668348,3.982922]",
5237,"[4.734492,1.669952,3.982925]",
5238,"[4.737686,1.673326,3.982932]",
5239,"[4.739545,1.675947,3.982938]",
5240,"[4.743948,1.682745,3.982952]",
5241,"[4.747179,1.689021,3.982965]",
5242,"[4.74857,1.701698,3.982991]",
5243,"[4.749837,1.708065,3.983005]",
5244,"[4.746975,1.722586,3.983035]",
5245,"[4.746532,1.725709,3.983042]",
5246,"[4.746504,1.728205,3.983047]",
5247,"[4.747142,1.73184,3.983055]",
5248,"[4.747683,1.73342,3.983058]",
5249,"[4.746758,1.735732,3.983063]",
5250,"[4.746167,1.736258,3.983064]",
5251,"[4.745936,1.736566,3.983065]",
5252,"[4.745929,1.737124,3.983066]",
5253,"[4.746201,1.737448,3.983066]",
5254,"[4.788734,1.734191,3.98306]",
5255,"[4.801189,1.73395,3.983059]",
5256,"[4.817824,1.734614,3.98306]",
5257,"[4.820114,1.73493,3.983061]",
5258,"[4.824667,1.736298,3.983064]",
5259,"[4.826904,1.737569,3.983067]",
5260,"[4.829334,1.739015,3.98307]",
5261,"[4.83302,1.741902,3.983076]",
5262,"[4.83555,1.744309,3.983081]",
5263,"[4.840275,1.748316,3.983089]",
5264,"[4.84208,1.750176,3.983093]",
5265,"[4.84415,1.75229,3.983098]",
5266,"[4.844582,1.752666,3.983098]",
5267,"[4.844404,1.752462,3.983098]",
5268,"[4.843763,1.751479,3.983096]",
5269,"[4.842275,1.748363,3.983089]",
5270,"[4.803329,1.732244,3.983056]",
5271,"[4.781351,1.724414,3.983039]",
5272,"[4.755423,1.716281,3.983022]",
5273,"[4.746052,1.713719,3.983017]",
5274,"[4.732057,1.711009,3.983011]",
5275,"[4.726859,1.710752,3.983011]",
5276,"[4.722769,1.710991,3.983011]",
5277,"[4.716607,1.712776,3.983015]",
5278,"[4.71405,1.714176,3.983018]",
5279,"[4.710632,1.716826,3.983023]",
5280,"[4.709417,1.718001,3.983026]",
5281,"[4.709667,1.71895,3.983028]",
5282,"[4.709873,1.719017,3.983028]",
5283,"[4.710073,1.719058,3.983028]",
5284,"[4.71048,1.718726,3.983027]",
5285,"[4.710696,1.718416,3.983027]",
5286,"[4.711044,1.715918,3.983021]",
5287,"[4.712084,1.714208,3.983018]",
5288,"[4.71345,1.711718,3.983012]",
5289,"[4.741322,1.704632,3.982998]",
5290,"[4.756444,1.700635,3.982989]",
5291,"[4.781292,1.700288,3.982989]",
5292,"[4.789035,1.699971,3.982988]",
5293,"[4.799502,1.699321,3.982986]",
5294,"[4.80329,1.698002,3.982984]",
5295,"[4.807816,1.69614,3.98298]",
5296,"[4.809212,1.695364,3.982978]",
5297,"[4.812956,1.693497,3.982974]",
5298,"[4.815188,1.692402,3.982972]",
5299,"[4.81593,1.692903,3.982973]",
5300,"[4.816993,1.693849,3.982975]",
5301,"[4.81729,1.694261,3.982976]",
5302,"[4.81746,1.694801,3.982977]",
5303,"[4.817386,1.695027,3.982978]",
5304,"[4.816829,1.695518,3.982979]",
5305,"[4.816151,1.695835,3.982979]",
5306,"[4.802338,1.694501,3.982976]",
5307,"[4.763805,1.694256,3.982976]",
5308,"[4.745754,1.694719,3.982977]",
5309,"[4.722709,1.694543,3.982976]",
5310,"[4.714411,1.69407,3.982975]",
5311,"[4.701816,1.691521,3.98297]",
5312,"[4.698089,1.689394,3.982966]",
5313,"[4.690743,1.685089,3.982957]",
5314,"[4.686499,1.682212,3.982951]",
5315,"[4.68225,1.679359,3.982945]",
5316,"[4.678949,1.674945,3.982935]",
5317,"[4.67958,1.673256,3.982932]",
5318,"[4.679883,1.670068,3.982925]",
5319,"[4.680136,1.669348,3.982924]",
5320,"[4.6802,1.668167,3.982921]",
5321,"[4.679924,1.667522,3.98292]",
5322,"[4.679206,1.666538,3.982918]",
5323,"[4.676749,1.663852,3.982912]",
5324,"[4.674638,1.662874,3.98291]",
5325,"[4.666668,1.665677,3.982916]",
5326,"[4.660604,1.668557,3.982922]",
5327,"[4.645331,1.673482,3.982932]",
5328,"[4.641227,1.674602,3.982935]",
5329,"[4.620335,1.672453,3.98293]",
5330,"[4.598724,1.666923,3.982919]",
5331,"[4.574632,1.661747,3.982908]",
5332,"[4.350047,1.641835,3.982866]",
5333,"[4.294731,1.632279,3.982846]",
5334,"[3.710289,1.351175,5.04]",
5335,"[3.660327,1.322117,5.04]",
5336,"[3.413651,0.7831193,5.04]",
5337,"[3.363581,0.72165,5.04]",
5338,"[3.317,0.6718165,5.04]",
5339,"[3.24156,0.5956042,5.04]",
5340,"[3.204739,0.5630691,5.04]",
5341,"[3.128936,0.4810921,5.04]",
5342,"[3.103822,0.4191742,5.04]",
5343,"[3.453077,0.7130653,4.284716]",
5344,"[3.46456,0.7130653,4.234419]",
5345,"[3.473279,0.7130653,4.192622]",
5346,"[3.48651,0.7130653,4.148078]",
5347,"[3.49263,0.7130653,4.124849]",
5348,"[3.506813,0.7130653,4.113819]",
5349,"[3.522359,0.7130653,4.109543]",
5350,"[3.541975,0.7130653,4.113104]",
5351,"[3.547424,0.7130653,4.112036]",
5352,"[3.554295,0.7130653,4.108349]",
5353,"[3.556863,0.7130653,4.105502]",
5354,"[3.567096,0.7130653,4.083593]",
5355,"[3.613994,0.7519917,3.98181]",
5356,"[3.61421,0.7519917,3.965371]",
5357,"[3.613338,0.7519917,3.946274]",
5358,"[3.61359,0.7519917,3.943871]",
5359,"[3.610814,0.7519917,3.935207]",
5360,"[3.608487,0.7519917,3.93394]",
5361,"[3.603206,0.7519917,3.93176]",
5362,"[3.585166,0.7463776,3.937767]",
5363,"[3.574137,0.7421251,3.94321]",
5364,"[3.56379,0.7393617,3.948317]",
5365,"[3.538518,0.7130653,3.987894]",
5366,"[3.530242,0.7130653,3.971453]",
5367,"[3.530803,0.7130653,3.96632]",
5368,"[3.535905,0.7130653,3.955301]",
5369,"[3.538975,0.7130653,3.951877]",
5370,"[3.544858,0.7130653,3.948391]",
5371,"[3.547715,0.7130653,3.945184]",
5372,"[3.547289,0.7130653,3.943817]",
5373,"[3.545009,0.7130653,3.943799]",
5374,"[3.543117,0.7130653,3.944488]",
5375,"[3.53525,0.7130653,3.945986]",
5376,"[3.529196,0.7130654,3.946958]",
5377,"[3.513538,0.7130654,3.944767]",
5378,"[3.483353,0.7130654,3.945416]",
5379,"[3.455472,0.7130654,3.938287]",
5380,"[3.408209,0.7130654,3.915258]",
5381,"[3.383742,0.7130654,3.899123]",
5382,"[3.250665,0.642165,3.970297]",
5383,"[2.768909,0.2912908,4.476666]",
5384,"[2.742404,0.3270488,4.403489]",
5385,"[2.107025,0.2184112,4.146994]",
5386,"[2.050001,0.2312703,4.046106]",
5387,"[2.386196,0.6002312,3.028649]",
5388,"[2.371064,0.6002312,2.952888]",
5389,"[2.323874,0.5946264,2.710912]",
5390,"[2.323236,0.5944005,2.640401]",
5391,"[2.957037,0.8988907,2.404247]",
5392,"[3.001448,0.8988907,2.329522]",
5393,"[3.005,0.8895744,2.290332]",
5394,"[3.005,0.8600854,2.226422]",
5395,"[3.005,0.8488522,2.224846]",
5396,"[3.005,0.826522,2.210668]",
5397,"[3.005,0.8143935,2.197027]",
5398,"[3.005,0.7980739,2.237086]",
5399,"[3.005,0.7925818,2.246749]",
5400,"[3.005,0.7827477,2.297392]",
5401,"[3.005,0.7743353,2.315166]",
5402,"[3.005,0.7730086,2.324709]",
5403,"[3.005,0.771214,2.326583]",
5404,"[3.005,0.7703065,2.323457]",
5405,"[3.005,0.7632561,2.265863]",
5406,"[3.005,0.7572957,2.226662]",
5407,"[2.731785,0.5806856,2.018852]",
5408,"[2.736367,0.5806856,1.96951]",
5409,"[2.730519,0.5806856,1.927034]",
5410,"[2.73697,0.5806856,1.857436]",
5411,"[2.737794,0.5806856,1.857436]",
5412,"[2.745446,0.5806856,1.863274]",
5413,"[2.749915,0.5806856,1.8668]",
5414,"[2.75749,0.5806856,1.875244]",
5415,"[2.768519,0.5806856,1.87692]",
5416,"[2.78774,0.5806856,1.876147]",
5417,"[2.936482,0.5806856,1.859956]",
5418,"[2.999382,0.5806856,1.850623]",
5419,"[3.217447,0.6002311,1.812985]",
5420,"[3.252028,0.6002311,1.799763]",
5421,"[3.293701,0.6021826,1.777567]",
5422,"[3.296257,0.6037472,1.777364]",
5423,"[3.298174,0.6038326,1.770455]",
5424,"[3.298338,0.603824,1.763326]",
5425,"[3.293042,0.6035435,1.764]",
5426,"[3.284198,0.6030568,1.75763]",
5427,"[3.276135,0.6026083,1.74982]",
5428,"[3.257083,0.6015382,1.727205]",
5429,"[3.247174,0.6009744,1.712444]",
5430,"[3.237006,0.6002738,1.647065]",
5431,"[3.237962,0.6002311,1.597778]",
5432,"[3.290113,0.5386159,1.247219]",
5433,"[2.994896,0.1566393,0.6029561]",
5434,"[3.653762,0.4963428,0.5898764]",
5435,"[4.029869,0.7279735,0.7478203]",
5436,"[4.106984,0.7567611,0.7478203]",
5437,"[4.202105,0.7906624,0.7478203]",
5438,"[4.236304,0.8039246,0.7478203]",
5439,"[4.239945,0.8102899,0.7478203]",
5440,"[4.246257,0.8144361,0.7182937]",
5441,"[4.248975,0.8295541,0.7325976]",
5442,"[4.231174,0.9091863,0.87856]",
5443,"[4.225605,0.9199601,0.8855578]",
5444,"[4.178339,0.9340554,0.8827314]",
5445,"[4.144948,0.9242507,0.8561522]",
5446,"[4.121114,0.9217546,0.8371802]",
5447,"[4.100846,0.9152651,0.8210462]",
5448,"[4.091213,0.9133174,0.8133789]",
5449,"[4.086845,0.9163016,0.8099016]",
5450,"[4.091148,0.9223943,0.813327]",
5451,"[4.12782,0.9644926,0.8425183]",
5452,"[4.337381,0.9324742,0.3340316]",
5453,"[4.398375,1.296003,1.44389]",
5454,"[4.418417,1.308084,1.450171]",
5455,"[4.43818,1.322704,1.456365]",
5456,"[4.441266,1.328263,1.457332]",
5457,"[4.441034,1.332944,1.457259]",
5458,"[4.445105,1.340052,1.458534]",
5459,"[4.450323,1.34298,1.46017]",
5460,"[4.461008,1.343532,1.463518]",
5461,"[4.465799,1.340171,1.46502]",
5462,"[4.472332,1.330839,1.467067]",
5463,"[4.479732,1.324827,1.469386]",
5464,"[4.490676,1.315181,1.461551]",
5465,"[4.478168,1.30731,1.468896]",
5466,"[4.474193,1.303931,1.46765]",
5467,"[4.47314,1.299134,1.46732]",
5468,"[4.474137,1.297198,1.467633]",
5469,"[4.513371,1.265082,1.389131]",
5470,"[4.62743,1.15304,1.025169]",
5471,"[4.71945,1.0964,0.8405682]",
5472,"[4.73743,1.09877,0.8405682]",
5473,"[4.754203,1.101165,0.8405682]",
5474,"[4.757426,1.104118,0.8405682]",
5475,"[4.76258,1.108736,0.8405682]",
5476,"[4.778346,1.117124,0.8405682]",
5477,"[4.782136,1.119503,0.8405682]",
5478,"[4.800103,1.126226,0.8405682]",
5479,"[4.815909,1.132849,0.8405682]",
5480,"[4.83302,1.141074,0.8405682]",
5481,"[4.740627,1.281339,1.216226]",
5482,"[5.329394,1.217884,0.463698]",
5483,"[5.388456,1.273874,0.517985]",
5484,"[5.419332,1.301666,0.546364]",
5485,"[5.462067,1.34252,0.5856438]",
5486,"[5.481087,1.360005,0.6031262]",
5487,"[5.482114,1.360395,0.6040698]",
5488,"[5.489707,1.36309,0.6110487]",
5489,"[5.493081,1.361866,0.6141505]",
5490,"[5.500398,1.356334,0.6208757]",
5491,"[5.502961,1.353243,0.6232314]",
5492,"[5.512905,1.3495,0.6323715]",
5493,"[5.521204,1.350512,0.6399999]",
5494,"[5.529993,1.353154,0.6480778]",
5495,"[5.541248,1.360641,0.6584225]",
5496,"[5.55696,1.371522,0.6728643]",
5497,"[5.653966,1.515321,0.7620275]",
5498,"[5.950001,1.557643,0.4996135]",
5499,"[5.950001,1.72476,0.6573326]",
5500,"[5.950001,1.766473,0.699399]",
5501,"[5.950001,1.828561,0.7653909]",
5502,"[5.950001,1.846974,0.7673388]",
5503,"[5.950001,1.866022,0.7731428]",
5504,"[5.950001,1.899618,0.7587717]",
5505,"[5.92556,1.909078,0.7824677]",
5506,"[5.829885,1.910873,0.8769695]",
5507,"[5.829885,1.935726,0.8841042]",
5508,"[5.829885,1.970157,0.9047166]",
5509,"[5.829885,1.983243,0.9183365]",
5510,"[5.829885,1.995276,0.948624]",
5511,"[5.829885,1.997683,0.9674421]",
5512,"[5.829885,1.998468,0.981381]",
5513,"[5.868993,2.005908,1.005512]",
5514,"[5.892728,2.009024,1.015154]",
5515,"[5.95,2.016688,1.033893]",
5516,"[5.95,2.012706,1.075377]",
5517,"[5.95,2.005985,1.198899]",
5518,"[5.95,2.003724,1.258673]",
5519,"[5.644569,1.9508,1.83798]",
5520,"[5.653603,1.953193,1.884569]",
5521,"[5.572861,1.9527,2.131383]",
5522,"[5.575709,1.962227,2.196597]",
5523,"[5.576414,1.968409,2.212756]",
5524,"[5.577089,1.981005,2.228203]",
5525,"[5.576534,1.990576,2.215498]",
5526,"[5.575929,2.008413,2.201646]",
5527,"[5.575097,2.023435,2.182582]",
5528,"[5.574648,2.034412,2.172298]",
5529,"[5.572538,2.055455,2.123976]",
5530,"[5.572057,2.06231,2.112962]",
5531,"[5.571329,2.067858,2.096284]",
5532,"[5.575079,2.071812,2.080816]",
5533,"[5.682724,2.109147,2.034756]",
5534,"[5.680621,2.107499,2.02391]",
5535,"[5.678044,2.106951,2.01062]",
5536,"[5.671576,2.094917,1.97726]",
5537,"[5.667104,2.089741,1.9542]",
5538,"[5.656484,2.085549,1.89943]",
5539,"[5.95,2.200927,1.390859]",
5540,"[5.863875,2.185554,1.005512]",
5541,"[5.829885,2.174369,0.9243632]",
5542,"[5.829885,2.169522,0.7324899]",
5543,"[5.829885,2.172163,0.6392244]",
5544,"[5.829885,2.171331,0.6282776]",
5545,"[5.829885,2.171322,0.5940848]",
5546,"[5.829885,2.172277,0.567219]",
5547,"[5.950001,2.223074,0.3697795]",
5548,"[5.950001,2.233226,0.3376296]",
5549,"[5.950001,2.310537,0.1841674]",
5550,"[5.909518,2.361921,0.05000105]",
5551,"[5.726406,2.362699,0.05000094]",
5552,"[4.826257,2.33809,0.0500004]",
5553,"[4.695406,2.332714,0.05000027]",
5554,"[3.986146,2.291014,0.05000103]",
5555,"[3.875654,2.289433,0.05000103]",
5556,"[3.419014,2.289427,0.05000082]",
5557,"[3.326663,2.283341,0.05000059]",
5558,"[3.183054,2.265485,0.0500006]",
5559,"[3.125503,2.259639,0.0500006]",
5560,"[3.074515,2.258584,0.0500006]",
5561,"[3.113153,2.24566,0.05000036]",
5562,"[3.208835,2.253946,0.0500006]",
5563,"[3.277705,2.257618,0.05000059]",
5564,"[3.377509,2.248205,0.05000082]",
5565,"[3.519003,2.24295,0.05000082]",
5566,"[3.568458,2.241888,0.05000081]",
5567,"[3.668266,2.248179,0.05000081]",
5568,"[3.762899,2.252166,0.0500008]",
5569,"[3.816182,2.248245,0.0500008]",
5570,"[3.894193,2.239993,0.05000103]",
5571,"[3.929171,2.235182,0.05000103]",
5572,"[3.995867,2.225904,0.05000103]",
5573,"[4.029884,2.221333,0.04999988]",
5574,"[4.049498,2.221668,0.04999989]",
5575,"[4.09616,2.22246,0.04999992]",
5576,"[4.127555,2.222758,0.04999994]",
5577,"[4.226592,2.219139,0.05]",
5578,"[4.294493,2.215271,0.05000003]",
5579,"[4.463017,2.228023,0.05000014]",
5580,"[4.559984,2.228013,0.05000028]",
5581,"[5.359244,2.386271,0.0500007]",
5582,"[5.829885,2.111392,0.6492727]",
5583,"[5.829885,2.065965,0.7910537]",
5584,"[5.889952,2.011871,1.015154]",
5585,"[5.95,1.998877,1.096373]",
5586,"[5.95,1.9524,1.330537]",
5587,"[5.603567,1.830737,2.200319]",
5588,"[5.667079,1.830737,2.259223]",
5589,"[5.690854,1.830737,2.309018]",
5590,"[5.778344,1.830737,2.431653]",
5591,"[5.831799,1.830737,2.490629]",
5592,"[5.869034,1.830737,2.521675]",
5593,"[5.95,1.835085,2.604249]",
5594,"[5.95,1.835084,2.605224]",
5595,"[5.560317,1.783021,2.523666]",
5596,"[5.880409,1.830737,2.5282]",
5597,"[5.817165,1.830737,2.446198]",
5598,"[5.792957,1.830737,2.421153]",
5599,"[5.657128,1.830737,2.340222]",
5600,"[5.582596,1.830737,2.271789]",
5601,"[5.574111,1.833044,2.249957]",
5602,"[5.575391,1.832583,2.216817]",
5603,"[5.576447,1.831746,2.204717]",
5604,"[5.590219,1.830737,2.162195]",
5605,"[5.59812,1.830736,2.153536]",
5606,"[5.617132,1.830737,2.123115]",
5607,"[5.621824,1.827245,2.1071]",
5608,"[5.614785,1.824316,2.106855]",
5609,"[5.656533,1.830737,2.189096]",
5610,"[5.656905,1.830737,2.210475]",
5611,"[5.634675,1.830737,2.27287]",
5612,"[5.593324,1.830737,2.296383]",
5613,"[5.570934,1.839402,2.323928]",
5614,"[5.5706,1.844927,2.333517]",
5615,"[5.570414,1.848461,2.338836]",
5616,"[5.56994,1.854634,2.352409]",
5617,"[5.569869,1.856008,2.354439]",
5618,"[5.569626,1.858686,2.361389]",
5619,"[5.569571,1.859393,2.362952]",
5620,"[5.56949,1.859816,2.367002]",
5621,"[5.569334,1.859064,2.369765]",
5622,"[5.569189,1.857704,2.373909]",
5623,"[5.568827,1.853437,2.384266]",
5624,"[5.568788,1.851789,2.385399]",
5625,"[5.568586,1.843877,2.391165]",
5626,"[5.568401,1.836231,2.396468]",
5627,"[5.701687,1.830737,2.410268]",
5628,"[5.55925,1.627983,2.534113]",
5629,"[5.559555,1.60392,2.548711]",
5630,"[5.590924,1.566548,2.571541]",
5631,"[5.579335,1.551288,2.57843]",
5632,"[5.569897,1.533353,2.586708]",
5633,"[5.57041,1.528405,2.590538]",
5634,"[5.577358,1.508479,2.601877]",
5635,"[5.736477,1.479435,2.629906]",
5636,"[5.618516,1.424918,2.650771]",
5637,"[5.583589,1.403422,2.656257]",
5638,"[5.558578,1.387259,2.660086]",
5639,"[5.583751,1.264227,2.653354]",
5640,"[5.95,1.089647,2.665658]",
5641,"[5.95,1.031993,2.6338]",
5642,"[5.95,1.014808,2.611793]",
5643,"[5.558928,1.144094,2.543318]",
5644,"[5.559237,1.135494,2.534467]",
5645,"[5.55949,1.133063,2.527238]",
5646,"[5.697242,1.062701,2.525278]",
5647,"[5.879109,0.9731407,2.531629]",
5648,"[5.533452,0.9747443,2.402651]",
5649,"[5.537759,0.9421175,2.383815]",
5650,"[5.542937,0.8936948,2.364938]",
5651,"[5.544521,0.8779637,2.359543]",
5652,"[5.545328,0.8691151,2.357131]",
5653,"[5.546628,0.8542246,2.353512]",
5654,"[5.546681,0.8516626,2.354171]",
5655,"[5.546721,0.8474249,2.35561]",
5656,"[5.54671,0.8451197,2.356632]",
5657,"[5.54667,0.842584,2.357971]",
5658,"[5.546539,0.8432632,2.358678]",
5659,"[5.546135,0.8448333,2.36105]",
5660,"[5.545633,0.8486341,2.36325]",
5661,"[5.54513,0.8521848,2.365554]",
5662,"[5.54394,0.8660621,2.368772]",
5663,"[5.543267,0.8753702,2.369987]",
5664,"[5.54222,0.8917556,2.371096]",
5665,"[5.541676,0.8982414,2.372507]",
5666,"[5.540859,0.9061301,2.375383]",
5667,"[5.540669,0.9069278,2.376474]",
5668,"[5.540472,0.9072359,2.377824]",
5669,"[5.540422,0.9072229,2.378201]",
5670,"[5.540341,0.9074343,2.378721]",
5671,"[5.539886,0.911743,2.380357]",
5672,"[5.539334,0.9165564,2.382512]",
5673,"[5.538289,0.9277962,2.385719]",
5674,"[5.537314,0.9364889,2.389446]",
5675,"[5.531768,0.9751165,2.415093]",
5676,"[5.57237,0.9823669,2.447159]",
5677,"[5.651913,0.979528,2.502719]",
5678,"[5.95,0.9132249,2.707016]",
5679,"[5.50972,1.344728,3.187073]",
5680,"[5.950001,1.314743,4.105351]",
5681,"[5.95,1.337839,4.321795]",
5682,"[5.049161,1.589954,3.982758]",
5683,"[4.926972,1.620756,3.982822]",
5684,"[4.38825,1.76795,3.98313]",
5685,"[4.320777,1.803148,3.983204]",
5686,"[4.257118,1.832903,3.983266]",
5687,"[4.159881,1.866462,3.983337]",
5688,"[4.122387,1.875502,3.97374]",
5689,"[4.088908,1.881654,3.934491]",
5690,"[4.075801,1.888337,3.937745]",
5691,"[3.734279,2.143745,5.04]",
5692,"[3.666246,2.167585,5.04]",
5693,"[4.162146,1.870603,3.983345]",
5694,"[4.297729,1.822634,3.983245]",
5695,"[4.413405,1.767925,3.98313]",
5696,"[4.465871,1.740285,3.983072]",
5697,"[4.517838,1.722831,3.983036]",
5698,"[4.556962,1.711793,3.983013]",
5699,"[4.56981,1.709462,3.983008]",
5700,"[4.568295,1.710488,3.98301]",
5701,"[4.567249,1.711823,3.983013]",
5702,"[4.567007,1.712373,3.983014]",
5703,"[4.566182,1.713467,3.983016]",
5704,"[4.565732,1.713903,3.983017]",
5705,"[4.565159,1.71483,3.983019]",
5706,"[4.564918,1.715348,3.98302]",
5707,"[4.564581,1.716224,3.983022]",
5708,"[4.564779,1.716219,3.983022]",
5709,"[4.565226,1.716184,3.983022]",
5710,"[4.567037,1.71571,3.983021]",
5711,"[4.568677,1.715083,3.98302]",
5712,"[4.575984,1.71095,3.983011]",
5713,"[4.581406,1.709105,3.983007]",
5714,"[4.598324,1.705066,3.982999]",
5715,"[4.744691,1.699739,3.982987]",
5716,"[4.781626,1.697642,3.982983]",
5717,"[4.828948,1.6952,3.982978]",
5718,"[4.848096,1.69443,3.982976]",
5719,"[4.874826,1.693223,3.982974]",
5720,"[4.883131,1.693925,3.982975]",
5721,"[4.907796,1.694325,3.982976]",
5722,"[4.916955,1.697047,3.982982]",
5723,"[4.931422,1.701735,3.982992]",
5724,"[4.937266,1.704063,3.982996]",
5725,"[4.945218,1.706961,3.983002]",
5726,"[4.969625,1.712116,3.983013]",
5727,"[4.990759,1.716213,3.983022]",
5728,"[5.030468,1.719124,3.983028]",
5729,"[5.05548,1.717411,3.983024]",
5730,"[5.121913,1.705152,3.982999]",
5731,"[5.162288,1.695268,3.982978]",
5732,"[5.177894,1.684971,3.982956]",
5733,"[5.214916,1.663694,3.982912]",
5734,"[5.245747,1.648192,3.982879]",
5735,"[5.412909,1.609449,3.982798]",
5736,"[5.537612,1.583871,3.978382]",
5737,"[5.95,1.512386,3.655596]",
5738,"[5.95,1.486466,3.513491]",
5739,"[5.608226,1.482044,2.918963]",
5740,"[5.551486,1.46384,2.722751]",
5741,"[5.589961,1.445523,2.660188]",
5742,"[5.559174,1.419263,2.536273]",
5743,"[5.57932,1.396863,2.486106]",
5744,"[5.62727,1.001657,2.107291]",
5745,"[5.575443,0.8801981,2.079037]",
5746,"[5.795958,0.6670234,1.981407]",
5747,"[5.721714,0.6622185,1.99504]",
5748,"[5.673511,0.6622185,2.000914]",
5749,"[5.632696,0.6622185,2.028017]",
5750,"[5.574902,0.7125583,2.085894]",
5751,"[5.606773,0.6882766,2.106575]",
5752,"[5.667141,0.6622185,2.126529]",
5753,"[5.697075,0.6622186,2.171551]",
5754,"[5.704835,0.6622186,2.188652]",
5755,"[5.708497,0.6622185,2.199835]",
5756,"[5.596,0.7512468,2.244178]",
5757,"[5.596,0.7536274,2.254344]",
5758,"[5.722601,0.6622186,2.258469]",
5759,"[5.722039,0.6622186,2.266566]",
5760,"[5.716351,0.6622186,2.280904]",
5761,"[5.711981,0.6622186,2.287138]",
5762,"[5.720262,0.6622186,2.293115]",
5763,"[5.722664,0.6622186,2.295216]",
5764,"[5.725116,0.6622186,2.296222]",
5765,"[5.729972,0.6622186,2.296826]",
5766,"[5.733128,0.6622186,2.296635]",
5767,"[5.743518,0.6622186,2.297325]",
5768,"[5.749271,0.6622185,2.297481]",
5769,"[5.772038,0.6622185,2.296284]",
5770,"[5.782212,0.6622186,2.295557]",
5771,"[5.791241,0.6622186,2.294871]",
5772,"[5.803779,0.6622185,2.294142]",
5773,"[5.808058,0.6622186,2.294132]",
5774,"[5.823355,0.6622185,2.308951]",
5775,"[5.55442,0.8561759,2.335635]",
5776,"[5.546715,0.8656695,2.348168]",
5777,"[5.546055,0.8650678,2.353356]",
5778,"[5.544996,0.8611017,2.3629]",
5779,"[5.544584,0.8580801,2.367224]",
5780,"[5.544336,0.8547933,2.370424]",
5781,"[5.544235,0.842495,2.376225]",
5782,"[5.543967,0.8385143,2.379864]",
5783,"[5.543788,0.8348503,2.382699]",
5784,"[5.543801,0.834217,2.382864]",
5785,"[5.543005,0.8391774,2.386782]",
5786,"[5.542937,0.8402237,2.386869]",
5787,"[5.542746,0.8433588,2.387009]",
5788,"[5.542368,0.8484624,2.387743]",
5789,"[5.541565,0.853331,2.391755]",
5790,"[5.540217,0.8610766,2.39866]",
5791,"[5.540204,0.8612307,2.398696]",
5792,"[5.540535,0.8567377,2.398057]",
5793,"[5.540792,0.8526235,2.39783]",
5794,"[5.541781,0.8453454,2.393409]",
5795,"[5.543355,0.8328872,2.386744]",
5796,"[5.544016,0.827449,2.384033]",
5797,"[5.545396,0.814593,2.378979]",
5798,"[5.546268,0.80515,2.37633]",
5799,"[5.950001,0.215887,2.271314]",
5800,"[5.950001,0.1175996,2.247721]",
5801,"[5.89317,0.1,2.238862]",
5802,"[5.596018,0.4429739,2.296752]",
5803,"[5.582937,0.441822,2.294881]",
5804,"[5.567182,0.4335038,2.284118]",
5805,"[5.560741,0.4308228,2.280601]",
5806,"[5.554021,0.4312529,2.280895]",
5807,"[5.552706,0.4303047,2.279685]",
5808,"[5.554686,0.4285822,2.277639]",
5809,"[5.556925,0.4276873,2.276618]",
5810,"[5.558312,0.427072,2.275911]",
5811,"[5.559756,0.4260836,2.274748]",
5812,"[5.560062,0.4257258,2.27432]",
5813,"[5.560484,0.4251119,2.273581]",
5814,"[5.560686,0.4248912,2.273317]",
5815,"[5.561977,0.4244674,2.272842]",
5816,"[5.564382,0.4241986,2.272596]",
5817,"[5.575799,0.4250163,2.273998]",
5818,"[5.583469,0.4255709,2.274947]",
5819,"[5.592069,0.4265969,2.276507]",
5820,"[5.570991,0.6395229,2.322296]",
5821,"[5.588277,0.6622186,2.327379]",
5822,"[5.554254,0.7851821,2.348594]",
5823,"[5.548488,0.8195618,2.353892]",
5824,"[5.546026,0.8520606,2.358909]",
5825,"[5.545349,0.86273,2.359596]",
5826,"[5.544761,0.872151,2.360134]",
5827,"[5.543325,0.893554,2.362096]",
5828,"[5.54241,0.9067156,2.363539]",
5829,"[5.541721,0.9214348,2.362655]",
5830,"[5.541146,0.9319978,2.362628]",
5831,"[5.539347,0.9544266,2.366884]",
5832,"[5.538795,0.9613845,2.368158]",
5833,"[5.538237,0.9691206,2.369167]",
5834,"[5.542061,0.9729856,2.37198]",
5835,"[5.550952,0.9734027,2.371455]",
5836,"[5.565712,0.9739121,2.369012]",
5837,"[5.579845,0.9744975,2.36751]",
5838,"[5.623558,0.9762775,2.362602]",
5839,"[5.722062,0.9798443,2.347733]",
5840,"[5.581502,1.375171,2.330994]",
5841,"[5.580183,1.381528,2.329473]",
5842,"[5.579989,1.389673,2.329249]",
5843,"[5.579646,1.407993,2.328854]",
5844,"[5.579455,1.412066,2.328634]",
5845,"[5.579281,1.41919,2.328434]",
5846,"[5.579298,1.422033,2.328454]",
5847,"[5.580305,1.425328,2.329614]",
5848,"[5.581059,1.425537,2.330483]",
5849,"[5.588413,1.423429,2.332421]",
5850,"[5.601068,1.419088,2.332421]",
5851,"[5.609099,1.416678,2.332421]",
5852,"[5.618303,1.413756,2.332421]",
5853,"[5.620733,1.412949,2.332421]",
5854,"[5.582665,1.422482,2.332334]",
5855,"[5.580839,1.424055,2.33023]",
5856,"[5.57596,1.462978,2.300603]",
5857,"[5.57596,1.476855,2.291788]",
5858,"[5.57596,1.486468,2.285753]",
5859,"[5.57596,1.499141,2.278482]",
5860,"[5.57596,1.504899,2.275283]",
5861,"[5.57596,1.508305,2.273147]",
5862,"[5.57596,1.509693,2.272665]",
5863,"[5.57596,1.51314,2.271571]",
5864,"[5.57596,1.514827,2.27103]",
5865,"[5.57596,1.517079,2.270387]",
5866,"[5.57596,1.519426,2.269396]",
5867,"[5.57596,1.520208,2.269022]",
5868,"[5.57596,1.523585,2.26811]",
5869,"[5.57596,1.524174,2.26784]",
5870,"[5.57596,1.529141,2.267745]",
5871,"[5.57596,1.536067,2.267753]",
5872,"[5.95,1.640079,2.18113]",
5873,"[5.95,1.671292,2.17929]",
5874,"[5.664099,1.830737,2.223307]",
5875,"[5.573785,1.838768,2.242296]",
5876,"[5.573833,1.854499,2.240898]",
5877,"[5.577481,1.880506,2.237182]",
5878,"[5.577414,1.892888,2.23564]",
5879,"[5.577325,1.904112,2.233628]",
5880,"[5.577281,1.911658,2.232624]",
5881,"[5.577275,1.912905,2.23248]",
5882,"[5.577321,1.91214,2.23353]",
5883,"[5.577356,1.910864,2.234333]",
5884,"[5.577454,1.906435,2.236571]",
5885,"[5.577486,1.905398,2.237306]",
5886,"[5.577561,1.900512,2.239015]",
5887,"[5.577608,1.894787,2.240095]",
5888,"[5.577616,1.892079,2.240291]",
5889,"[5.577631,1.886362,2.240623]",
5890,"[5.577633,1.880486,2.240682]",
5891,"[5.577592,1.87277,2.239725]",
5892,"[5.577552,1.870005,2.238819]",
5893,"[5.584361,1.868831,2.235601]",
5894,"[5.588056,1.868831,2.234013]",
5895,"[5.574792,1.862614,2.236574]",
5896,"[5.574598,1.86187,2.236431]",
5897,"[5.574325,1.862155,2.246456]",
5898,"[5.573997,1.862165,2.255906]",
5899,"[5.573748,1.8616,2.258716]",
5900,"[5.573086,1.857818,2.262314]",
5901,"[5.573024,1.853416,2.264071]",
5902,"[5.572929,1.836434,2.266795]",
5903,"[5.598881,1.830737,2.262149]",
5904,"[5.95,1.707288,2.160073]",
5905,"[5.95,1.663535,2.155462]",
5906,"[5.57596,1.472341,2.265723]",
5907,"[5.57596,1.447073,2.268565]",
5908,"[5.57596,1.434948,2.270074]",
5909,"[5.57596,1.41594,2.272252]",
5910,"[5.57596,1.406567,2.27304]",
5911,"[5.57596,1.398489,2.274806]",
5912,"[5.57596,1.397388,2.275224]",
5913,"[5.57596,1.395815,2.275678]",
5914,"[5.57596,1.399354,2.274877]",
5915,"[5.57596,1.400442,2.274677]",
5916,"[5.57596,1.40572,2.274059]",
5917,"[5.57596,1.41122,2.273734]",
5918,"[5.57596,1.416143,2.273969]",
5919,"[5.57596,1.424467,2.274818]",
5920,"[5.57596,1.43199,2.277383]",
5921,"[5.57596,1.434193,2.279011]",
5922,"[5.57596,1.43568,2.280499]",
5923,"[5.57596,1.434709,2.285158]",
5924,"[5.57596,1.432688,2.287954]",
5925,"[5.57596,1.429608,2.291249]",
5926,"[5.57596,1.428047,2.292233]",
5927,"[5.57596,1.425242,2.293434]",
5928,"[5.57596,1.423486,2.293697]",
5929,"[5.57596,1.422068,2.292946]",
5930,"[5.57596,1.418738,2.291486]",
5931,"[5.553844,1.422113,2.294222]",
5932,"[5.545938,1.422245,2.293324]",
5933,"[5.372664,1.463875,2.321727]",
5934,"[5.347993,1.470271,2.322599]",
5935,"[5.357052,1.46862,2.318515]",
5936,"[5.369079,1.466223,2.314198]",
5937,"[5.376698,1.465349,2.309251]",
5938,"[5.37306,1.466605,2.308499]",
5939,"[5.368382,1.468366,2.307619]",
5940,"[5.366827,1.469037,2.307431]",
5941,"[5.364564,1.470958,2.306767]",
5942,"[5.361596,1.472292,2.307133]",
5943,"[5.368426,1.471802,2.304945]",
5944,"[5.385626,1.468493,2.301154]",
5945,"[5.950001,1.342258,2.174869]",
5946,"[5.950001,1.342483,2.175011]",
5947,"[5.950001,1.342646,2.175043]",
5948,"[5.950001,1.34357,2.175819]",
5949,"[5.950001,1.344169,2.176367]",
5950,"[5.950001,1.346218,2.177402]",
5951,"[5.950001,1.346918,2.17777]",
5952,"[5.950001,1.347428,2.178062]",
5953,"[5.675739,1.410161,2.254216]",
5954,"[5.724036,1.401028,2.254216]",
5955,"[5.770186,1.392137,2.254216]",
5956,"[5.814855,1.381314,2.254216]",
5957,"[5.950001,1.350221,2.241129]",
5958,"[5.950001,1.349692,2.244849]",
5959,"[5.950001,1.349503,2.24932]",
5960,"[5.950001,1.350001,2.25847]",
5961,"[5.95,1.350403,2.263123]",
5962,"[5.95,1.350728,2.26754]",
5963,"[5.95,1.350948,2.269899]",
5964,"[5.95,1.351278,2.273242]",
5965,"[5.95,1.351357,2.273822]",
5966,"[5.950001,1.352598,2.275638]",
5967,"[5.95,1.353749,2.276885]",
5968,"[5.95,1.356165,2.279947]",
5969,"[5.95,1.35754,2.281845]",
5970,"[5.95,1.358952,2.283883]",
5971,"[5.950001,1.360025,2.286504]",
5972,"[5.95,1.360753,2.288298]",
5973,"[5.95,1.361145,2.289026]",
5974,"[5.95,1.361372,2.289047]",
5975,"[5.95,1.361833,2.288906]",
5976,"[5.95,1.36203,2.288788]",
5977,"[5.95,1.362193,2.288749]",
5978,"[5.95,1.36213,2.288539]",
5979,"[5.95,1.361998,2.28847]",
5980,"[5.578732,1.439178,2.336712]",
5981,"[5.552821,1.444532,2.340335]",
5982,"[5.550869,1.444565,2.34052]",
5983,"[5.551801,1.444369,2.340287]",
5984,"[5.95,1.360786,2.287673]",
5985,"[5.609948,1.432176,2.332421]",
5986,"[5.609373,1.432299,2.332421]",
5987,"[5.607699,1.432673,2.332421]",
5988,"[5.606372,1.432985,2.332421]",
5989,"[5.593376,1.436013,2.332421]",
5990,"[5.582671,1.438492,2.332341]",
5991,"[5.580709,1.439581,2.33008]",
5992,"[5.579775,1.440108,2.329002]",
5993,"[5.578685,1.440672,2.327747]",
5994,"[5.578082,1.441192,2.326154]",
5995,"[5.577893,1.44131,2.32555]",
5996,"[5.577327,1.441701,2.323737]",
5997,"[5.576925,1.442068,2.322448]",
5998,"[5.57644,1.443248,2.320895]",
5999,"[5.576122,1.443984,2.319876]",
6000,"[5.57596,1.445333,2.317742]",
6001,"[5.57596,1.445971,2.31655]",
6002,"[5.57596,1.446714,2.315166]",
6003,"[5.57596,1.447513,2.313966]",
6004,"[5.57596,1.447705,2.313613]",
6005,"[5.57596,1.44846,2.312675]",
6006,"[5.57596,1.448908,2.312792]",
6007,"[5.57596,1.449536,2.31585]",
6008,"[5.57596,1.449386,2.316984]",
6009,"[5.57596,1.449275,2.317846]",
6010,"[5.57596,1.449082,2.318978]",
6011,"[5.576266,1.447936,2.320338]",
6012,"[5.577493,1.445515,2.324267]",
6013,"[5.578173,1.444359,2.326445]",
6014,"[5.582541,1.442086,2.332192]",
6015,"[5.59682,1.438582,2.332421]",
6016,"[5.629395,1.430653,2.332421]",
6017,"[5.643172,1.426817,2.332421]",
6018,"[5.652425,1.424132,2.332421]",
6019,"[5.656985,1.421358,2.332421]",
6020,"[5.654755,1.420909,2.332421]",
6021,"[5.644531,1.421551,2.332421]",
6022,"[5.638683,1.422541,2.332421]",
6023,"[5.615532,1.428519,2.332421]",
6024,"[5.595403,1.434315,2.332421]",
6025,"[5.585153,1.438963,2.332421]",
6026,"[5.578115,1.447877,2.32626]",
6027,"[5.576325,1.453561,2.320529]",
6028,"[5.814801,1.573163,2.113839]",
6029,"[5.789894,1.582451,2.112969]",
6030,"[5.373707,1.621794,2.221106]",
6031,"[5.364867,1.630996,2.21307]",
6032,"[5.359373,1.636585,2.207689]",
6033,"[5.382975,1.644182,2.188699]",
6034,"[5.389775,1.645895,2.183843]",
6035,"[5.403035,1.648028,2.17484]",
6036,"[5.409273,1.648389,2.170707]",
6037,"[5.417142,1.646046,2.164798]",
6038,"[5.417215,1.643208,2.164018]",
6039,"[5.416815,1.637944,2.164216]",
6040,"[5.416976,1.63476,2.165399]",
6041,"[5.418582,1.631809,2.165952]",
6042,"[5.422331,1.626717,2.168372]",
6043,"[5.421284,1.622462,2.172674]",
6044,"[5.420183,1.614244,2.185117]",
6045,"[5.422092,1.609006,2.195479]",
6046,"[5.423858,1.597638,2.215713]",
6047,"[5.449207,1.589776,2.222756]",
6048,"[5.518626,1.582793,2.20996]",
6049,"[5.95,1.458147,2.363494]",
6050,"[5.57932,1.471479,2.479542]",
6051,"[5.740108,1.428103,2.526775]",
6052,"[5.566661,1.455634,2.520718]",
6053,"[5.559479,1.453037,2.527539]",
6054,"[5.559352,1.450286,2.531188]",
6055,"[5.559259,1.448495,2.533849]",
6056,"[5.55934,1.449063,2.531536]",
6057,"[5.559422,1.450828,2.529155]",
6058,"[5.582846,1.451554,2.521283]",
6059,"[5.679399,1.436155,2.524655]",
6060,"[5.746496,1.425437,2.526998]",
6061,"[5.57932,1.462151,2.493876]",
6062,"[5.57932,1.463361,2.489944]",
6063,"[5.57932,1.465768,2.483655]",
6064,"[5.57932,1.465768,2.483655]",
6065,"[5.57932,1.468608,2.476249]",
6066,"[5.57932,1.473108,2.461732]",
6067,"[5.57932,1.473108,2.461732]",
6068,"[5.57932,1.474934,2.454551]",
6069,"[5.57932,1.475292,2.451698]",
6070,"[5.57932,1.475173,2.449244]",
6071,"[5.57932,1.474939,2.447825]",
6072,"[5.57932,1.474367,2.445715]",
6073,"[5.57932,1.474024,2.444963]",
6074,"[5.57932,1.472836,2.444111]",
6075,"[5.57932,1.461772,2.44447]",
6076,"[5.57932,1.450122,2.445301]",
6077,"[5.57932,1.433131,2.446618]",
6078,"[5.57932,1.418728,2.448075]",
6079,"[5.57932,1.414328,2.448741]",
6080,"[5.57932,1.410133,2.449957]",
6081,"[5.57932,1.409016,2.450619]",
6082,"[5.57932,1.408006,2.45146]",
6083,"[5.57932,1.406356,2.453359]",
6084,"[5.57932,1.405532,2.454553]",
6085,"[5.57932,1.404687,2.457774]",
6086,"[5.57932,1.404316,2.459525]",
6087,"[5.57932,1.403324,2.462077]",
6088,"[5.57932,1.402962,2.462745]",
6089,"[5.57932,1.403291,2.463728]",
6090,"[5.57932,1.4035,2.464123]",
6091,"[5.57932,1.403764,2.464556]",
6092,"[5.57932,1.404152,2.465302]",
6093,"[5.57932,1.404529,2.465811]",
6094,"[5.57932,1.405416,2.466833]",
6095,"[5.57932,1.405554,2.466976]",
6096,"[5.57932,1.405868,2.467435]",
6097,"[5.565123,1.409541,2.467232]",
6098,"[5.496345,1.427016,2.465439]",
6099,"[5.464156,1.435197,2.464557]",
6100,"[5.464445,1.435764,2.463683]",
6101,"[5.467204,1.435928,2.462736]",
6102,"[5.471808,1.435954,2.461286]",
6103,"[5.474689,1.436426,2.45868]",
6104,"[5.475906,1.436559,2.457194]",
6105,"[5.477182,1.436898,2.454358]",
6106,"[5.477587,1.437048,2.452887]",
6107,"[5.478106,1.437046,2.451792]",
6108,"[5.47911,1.437162,2.449543]",
6109,"[5.479406,1.437367,2.448293]",
6110,"[5.479729,1.437758,2.446128]",
6111,"[5.479491,1.438044,2.445097]",
6112,"[5.47869,1.438699,2.444555]",
6113,"[5.95,1.325523,2.452979]",
6114,"[5.95,1.326346,2.453015]",
6115,"[5.95,1.328847,2.452413]",
6116,"[5.95,1.330553,2.451773]",
6117,"[5.95,1.356173,2.434064]",
6118,"[5.95,1.369972,2.424388]",
6119,"[5.95,1.416432,2.400762]",
6120,"[5.95,1.426085,2.396054]",
6121,"[5.95,1.432711,2.392953]",
6122,"[5.95,1.441426,2.390121]",
6123,"[5.95,1.445093,2.389714]",
6124,"[5.95,1.449272,2.389758]",
6125,"[5.95,1.450728,2.391093]",
6126,"[5.95,1.453449,2.393867]",
6127,"[5.95,1.454201,2.39425]",
6128,"[5.950001,1.456295,2.396522]",
6129,"[5.95,1.457665,2.398405]",
6130,"[5.95,1.459047,2.400367]",
6131,"[5.95,1.460638,2.401694]",
6132,"[5.95,1.460748,2.402075]",
6133,"[5.950001,1.460822,2.402669]",
6134,"[5.95,1.460768,2.402828]",
6135,"[5.950001,1.460757,2.403109]",
6136,"[5.95,1.46079,2.403233]",
6137,"[5.95,1.460771,2.402614]",
6138,"[5.643512,1.497831,2.406604]",
6139,"[5.632222,1.499515,2.40641]",
6140,"[5.66687,1.496032,2.405246]",
6141,"[5.666577,1.496501,2.404941]",
6142,"[5.666031,1.497475,2.404312]",
6143,"[5.665695,1.497962,2.404079]",
6144,"[5.669083,1.497995,2.403571]",
6145,"[5.95,1.465979,2.397748]",
6146,"[5.95,1.466339,2.39754]",
6147,"[5.95,1.466991,2.396706]",
6148,"[5.950001,1.467151,2.396271]",
6149,"[5.95,1.467202,2.395557]",
6150,"[5.95,1.467461,2.394384]",
6151,"[5.95,1.468079,2.392605]",
6152,"[5.95,1.467986,2.39234]",
6153,"[5.95,1.467944,2.392169]",
6154,"[5.95,1.468299,2.391859]",
6155,"[5.95,1.468503,2.391775]",
6156,"[5.95,1.469144,2.391764]",
6157,"[5.95,1.469594,2.391598]",
6158,"[5.95,1.470988,2.391296]",
6159,"[5.95,1.472028,2.39116]",
6160,"[5.95,1.473308,2.39118]",
6161,"[5.95,1.475094,2.391531]",
6162,"[5.95,1.476433,2.392378]",
6163,"[5.38005,1.540119,2.404764]",
6164,"[5.383679,1.541062,2.406967]",
6165,"[5.392333,1.544009,2.416181]",
6166,"[5.394678,1.545923,2.421958]",
6167,"[5.57932,1.531435,2.430846]",
6168,"[5.57932,1.534468,2.439135]",
6169,"[5.57932,1.534645,2.442328]",
6170,"[5.57932,1.534814,2.446177]",
6171,"[5.57932,1.535385,2.449626]",
6172,"[5.57932,1.535247,2.453008]",
6173,"[5.57932,1.53487,2.45429]",
6174,"[5.57932,1.533364,2.455693]",
6175,"[5.57932,1.532118,2.454577]",
6176,"[5.57932,1.531328,2.453889]",
6177,"[5.57932,1.530687,2.452816]",
6178,"[5.57932,1.530616,2.452353]",
6179,"[5.57932,1.53057,2.4518]",
6180,"[5.57932,1.530687,2.451637]",
6181,"[5.57932,1.531467,2.451075]",
6182,"[5.57932,1.531667,2.451114]",
6183,"[5.57932,1.532486,2.454224]",
6184,"[5.57932,1.534726,2.46091]",
6185,"[5.57932,1.536144,2.464662]",
6186,"[5.57932,1.538674,2.472568]",
6187,"[5.63481,1.547525,2.523098]",
6188,"[5.558858,1.560713,2.545323]",
6189,"[5.551114,1.588281,2.597838]",
6190,"[5.546974,1.59562,2.613272]",
6191,"[5.544374,1.603076,2.631509]",
6192,"[5.544035,1.604047,2.635862]",
6193,"[5.543172,1.606524,2.64428]",
6194,"[5.543004,1.607005,2.644156]",
6195,"[5.542398,1.608744,2.646557]",
6196,"[5.542122,1.609536,2.645985]",
6197,"[5.541544,1.611194,2.644818]",
6198,"[5.541249,1.612041,2.644251]",
6199,"[5.541163,1.612286,2.643]",
6200,"[5.541104,1.612454,2.640905]",
6201,"[5.541098,1.612473,2.640074]",
6202,"[5.541049,1.612614,2.639087]",
6203,"[5.541009,1.612726,2.638756]",
6204,"[5.540965,1.612855,2.637498]",
6205,"[5.540931,1.612953,2.637287]",
6206,"[5.540892,1.613062,2.636893]",
6207,"[5.540845,1.613198,2.636602]",
6208,"[5.540842,1.613208,2.636594]",
6209,"[5.540868,1.613132,2.636527]",
6210,"[5.540927,1.612961,2.639165]",
6211,"[5.541222,1.612118,2.644363]",
6212,"[5.541689,1.610778,2.647331]",
6213,"[5.542206,1.609294,2.65021]",
6214,"[5.547812,1.593217,2.666333]",
6215,"[5.550902,1.584353,2.674888]",
6216,"[5.554926,1.572812,2.686415]",
6217,"[5.555961,1.569846,2.690448]",
6218,"[5.444757,1.571168,2.679769]",
6219,"[5.165283,1.586101,2.641869]",
6220,"[5.136732,1.585945,2.639166]",
6221,"[5.138363,1.585163,2.639014]",
6222,"[5.14005,1.585032,2.639086]",
6223,"[5.145348,1.584484,2.639621]",
6224,"[5.147235,1.583968,2.641441]",
6225,"[5.149956,1.583426,2.643066]",
6226,"[5.151651,1.582933,2.645002]",
6227,"[5.156214,1.582567,2.645398]",
6228,"[5.159649,1.582335,2.645618]",
6229,"[5.166565,1.581327,2.647703]",
6230,"[5.170352,1.580477,2.64951]",
6231,"[5.174482,1.580234,2.649657]",
6232,"[5.182536,1.579643,2.649951]",
6233,"[5.186493,1.579278,2.650107]",
6234,"[5.198819,1.578947,2.650441]",
6235,"[5.206037,1.578591,2.650653]",
6236,"[5.224065,1.577002,2.653874]",
6237,"[5.95,1.529444,2.680403]",
6238,"[5.95,1.523092,2.683079]",
6239,"[5.896347,1.501627,2.695454]",
6240,"[5.768521,1.501627,2.698371]",
6241,"[5.650167,1.501627,2.702168]",
6242,"[5.614524,1.501627,2.703568]",
6243,"[5.569884,1.501627,2.705799]",
6244,"[5.56827,1.499661,2.707847]",
6245,"[5.56757,1.497522,2.710015]",
6246,"[5.56711,1.495356,2.71326]",
6247,"[5.566812,1.494154,2.714882]",
6248,"[5.566787,1.492917,2.717741]",
6249,"[5.566898,1.492593,2.718986]",
6250,"[5.567026,1.492349,2.72011]",
6251,"[5.567042,1.492386,2.720092]",
6252,"[5.567058,1.492416,2.720086]",
6253,"[5.567567,1.49391,2.718658]",
6254,"[5.567809,1.494837,2.717461]",
6255,"[5.52531,1.502196,2.712715]",
6256,"[5.52123,1.503564,2.711419]",
6257,"[5.95,1.450408,2.727085]",
6258,"[5.95,1.433703,2.704715]",
6259,"[5.95,1.420576,2.685921]",
6260,"[5.95,1.416801,2.679644]",
6261,"[5.95,1.414111,2.674911]",
6262,"[5.95,1.410914,2.667459]",
6263,"[5.95,1.410481,2.665226]",
6264,"[5.95,1.410654,2.663667]",
6265,"[5.95,1.410498,2.662967]",
6266,"[5.95,1.410167,2.662014]",
6267,"[5.95,1.410005,2.661702]",
6268,"[5.95,1.409879,2.661437]",
6269,"[5.95,1.409839,2.66123]",
6270,"[5.95,1.409958,2.661206]",
6271,"[5.95,1.410328,2.661272]",
6272,"[5.95,1.410605,2.661465]",
6273,"[5.95,1.411059,2.661991]",
6274,"[5.95,1.411247,2.662348]",
6275,"[5.95,1.412247,2.66525]",
6276,"[5.95,1.412969,2.666835]",
6277,"[5.95,1.413962,2.66868]",
6278,"[5.95,1.425698,2.67766]",
6279,"[5.95,1.433518,2.683091]",
6280,"[5.95,1.455167,2.696357]",
6281,"[5.95,1.465397,2.702169]",
6282,"[5.95,1.480981,2.710084]",
6283,"[5.95,1.486573,2.712294]",
6284,"[5.95,1.491712,2.714255]",
6285,"[5.95,1.502796,2.717958]",
6286,"[5.95,1.509394,2.719958]",
6287,"[5.95,1.63137,2.752611]",
6288,"[5.95,1.649984,2.757017]",
6289,"[5.95,1.736924,2.762316]",
6290,"[5.95,1.797433,2.768159]",
6291,"[5.95,1.82414,2.770563]",
6292,"[5.759135,1.830736,2.757871]",
6293,"[5.69767,1.830736,2.753547]",
6294,"[5.556411,1.851941,2.739824]",
6295,"[5.608872,1.888756,2.744397]",
6296,"[5.608872,1.914468,2.744444]",
6297,"[5.862098,2.039241,2.772456]",
6298,"[5.862098,2.05572,2.778787]",
6299,"[5.862098,2.061406,2.78112]",
6300,"[5.862098,2.06269,2.781758]",
6301,"[5.862098,2.066346,2.782955]",
6302,"[5.862098,2.066,2.782952]",
6303,"[5.862098,2.065586,2.783062]",
6304,"[5.862098,2.065547,2.783151]",
6305,"[5.862098,2.06528,2.782981]",
6306,"[5.862098,2.065063,2.782762]",
6307,"[5.862098,2.064336,2.781421]",
6308,"[5.862098,2.063002,2.779157]",
6309,"[5.862098,2.062569,2.778175]",
6310,"[5.862098,2.06238,2.777134]",
6311,"[5.862098,2.062367,2.776978]",
6312,"[5.862098,2.063081,2.776928]",
6313,"[5.862098,2.064043,2.777072]",
6314,"[5.862098,2.158348,2.783312]",
6315,"[5.862098,2.177401,2.785938]",
6316,"[5.862098,2.187692,2.787399]",
6317,"[5.862098,2.198719,2.789437]",
6318,"[5.862098,2.203469,2.790442]",
6319,"[5.862098,2.208286,2.790838]",
6320,"[5.862098,2.208748,2.790895]",
6321,"[5.862098,2.210169,2.791151]",
6322,"[5.862098,2.210169,2.791024]",
6323,"[5.862098,2.210212,2.790691]",
6324,"[5.862098,2.210251,2.790478]",
6325,"[5.862098,2.2108,2.789296]",
6326,"[5.862098,2.212006,2.787519]",
6327,"[5.862098,2.212796,2.786625]",
6328,"[5.862098,2.214003,2.785368]",
6329,"[5.862098,2.214502,2.784924]",
6330,"[5.862098,2.215076,2.784304]",
6331,"[5.862098,2.215144,2.784116]",
6332,"[5.862098,2.208646,2.770709]",
6333,"[5.608872,2.053522,2.738794]",
6334,"[5.608872,2.051584,2.735858]",
6335,"[5.608872,2.050031,2.733697]",
6336,"[5.608872,2.049783,2.733508]",
6337,"[5.608872,2.049443,2.733254]",
6338,"[5.608872,2.049291,2.733193]",
6339,"[5.608872,2.048828,2.733064]",
6340,"[5.608872,2.048203,2.732642]",
6341,"[5.608872,2.048057,2.732373]",
6342,"[5.608872,2.047493,2.731961]",
6343,"[5.608872,2.047267,2.731799]",
6344,"[5.608872,2.046412,2.731307]",
6345,"[5.608872,2.045906,2.73112]",
6346,"[5.608872,2.04556,2.730982]",
6347,"[5.608872,2.045029,2.729919]",
6348,"[5.608872,2.044882,2.729072]",
6349,"[5.608872,2.044446,2.727774]",
6350,"[5.608872,2.044017,2.727193]",
6351,"[5.608872,2.043522,2.726277]",
6352,"[5.608872,2.043355,2.725823]",
6353,"[5.608872,2.043261,2.725237]",
6354,"[5.608872,2.043288,2.725064]",
6355,"[5.608872,2.04337,2.724972]",
6356,"[5.608872,2.043959,2.725841]",
6357,"[5.608872,2.04421,2.725724]",
6358,"[5.608872,2.04503,2.726704]",
6359,"[5.608872,2.04556,2.727775]",
6360,"[5.608872,2.046027,2.729924]",
6361,"[5.608872,2.046132,2.731118]",
6362,"[5.608872,2.046185,2.730989]",
6363,"[5.608872,2.046508,2.731843]",
6364,"[5.608872,2.046366,2.731781]",
6365,"[5.608872,2.046188,2.733468]",
6366,"[5.608872,2.046113,2.734413]",
6367,"[5.608872,2.046083,2.736626]",
6368,"[5.608872,2.046088,2.737813]",
6369,"[5.608872,2.046109,2.738902]",
6370,"[5.608872,2.046189,2.741076]",
6371,"[5.608872,2.046231,2.742073]",
6372,"[5.608872,2.045781,2.743558]",
6373,"[5.608872,2.045281,2.744068]",
6374,"[5.608872,2.043113,2.740559]",
6375,"[5.608872,2.03245,2.713089]",
6376,"[5.608872,2.025031,2.691107]",
6377,"[5.608872,2.022008,2.683679]",
6378,"[5.608872,2.01985,2.677791]",
6379,"[5.608872,2.017156,2.668298]",
6380,"[5.608872,2.01612,2.663218]",
6381,"[5.608872,2.014909,2.654523]",
6382,"[5.608872,2.014683,2.65108]",
6383,"[5.608872,2.013821,2.646104]",
6384,"[5.608872,2.012897,2.64386]",
6385,"[5.608872,2.012294,2.641229]",
6386,"[5.608872,2.011984,2.634984]",
6387,"[5.608872,2.012356,2.634136]",
6388,"[5.608872,2.013283,2.630865]",
6389,"[5.608872,2.013824,2.630011]",
6390,"[5.608872,2.015242,2.628592]",
6391,"[5.608872,2.016098,2.628153]",
6392,"[5.608872,2.01832,2.628059]",
6393,"[5.608872,2.019661,2.627984]",
6394,"[5.608872,2.021143,2.627989]",
6395,"[5.608872,2.024238,2.62965]",
6396,"[5.608872,2.025782,2.631047]",
6397,"[5.608872,2.027997,2.632924]",
6398,"[5.608872,2.029093,2.633625]",
6399,"[5.608872,2.031917,2.635912]",
6400,"[5.608872,2.034265,2.641101]",
6401,"[5.608872,2.036234,2.645014]",
6402,"[5.608872,2.039643,2.651348]",
6403,"[5.608872,2.041244,2.654086]",
6404,"[5.608872,2.0407,2.661908]",
6405,"[5.608872,2.040747,2.664911]",
6406,"[5.608872,2.040577,2.668655]",
6407,"[5.608872,2.039624,2.670789]",
6408,"[5.608872,2.038946,2.672732]",
6409,"[5.608872,2.038051,2.672696]",
6410,"[5.608872,2.037717,2.672784]",
6411,"[5.608872,2.037586,2.674083]",
6412,"[5.608872,2.037685,2.674829]",
6413,"[5.608872,2.03796,2.676428]",
6414,"[5.608872,2.038054,2.677048]",
6415,"[5.608872,2.038314,2.678281]",
6416,"[5.608872,2.038481,2.678888]",
6417,"[5.608872,2.038032,2.678306]",
6418,"[5.608872,2.037343,2.677589]",
6419,"[5.608872,2.036982,2.677351]",
6420,"[5.608872,2.036079,2.676939]",
6421,"[5.608872,2.035557,2.676807]",
6422,"[5.608872,2.03465,2.676725]",
6423,"[5.608872,2.034137,2.677289]",
6424,"[5.608872,2.03387,2.677138]",
6425,"[5.608872,2.033757,2.67682]",
6426,"[5.608872,2.033936,2.676607]",
6427,"[5.608872,2.034083,2.675354]",
6428,"[5.608872,2.033951,2.674384]",
6429,"[5.608872,2.033982,2.672669]",
6430,"[5.608872,2.034057,2.671869]",
6431,"[5.608872,2.034142,2.671316]",
6432,"[5.608872,2.034319,2.671068]",
6433,"[5.608872,2.034488,2.670814]",
6434,"[5.608872,2.034863,2.668808]",
6435,"[5.608872,2.034996,2.667835]",
6436,"[5.608872,2.035248,2.66626]",
6437,"[5.608872,2.035207,2.665712]",
6438,"[5.608872,2.032879,2.664945]",
6439,"[5.608872,2.032976,2.665419]",
6440,"[5.608872,2.033111,2.665936]",
6441,"[5.608872,2.033112,2.667329]",
6442,"[5.608872,2.032939,2.668597]",
6443,"[5.608872,2.032044,2.670364]",
6444,"[5.608872,2.029546,2.670697]",
6445,"[5.608872,2.025968,2.673854]",
6446,"[5.608872,2.024935,2.676574]",
6447,"[5.608872,2.023008,2.681331]",
6448,"[5.608872,2.020295,2.680608]",
6449,"[5.608872,2.017852,2.680183]",
6450,"[5.597792,2.007473,2.680336]",
6451,"[5.604506,2.009492,2.679611]",
6452,"[5.862098,2.154502,2.662828]",
6453,"[5.862098,2.155925,2.66433]",
6454,"[5.862098,2.157233,2.665374]",
6455,"[5.862098,2.159087,2.667807]",
6456,"[5.862098,2.159766,2.669523]",
6457,"[5.862098,2.160449,2.671124]",
6458,"[5.862098,2.160502,2.671892]",
6459,"[5.862098,2.160192,2.67233]",
6460,"[5.862098,2.159924,2.672635]",
6461,"[5.862098,2.161612,2.674069]",
6462,"[5.862098,2.161989,2.674147]",
6463,"[5.862098,2.161951,2.674033]",
6464,"[5.862098,2.161346,2.672695]",
6465,"[5.862098,2.160564,2.671378]",
6466,"[5.862098,2.156286,2.668499]",
6467,"[5.862098,2.15557,2.66722]",
6468,"[5.862098,2.154127,2.664966]",
6469,"[5.862098,2.152923,2.662837]",
6470,"[5.862098,2.153061,2.659937]",
6471,"[5.862098,2.154055,2.658739]",
6472,"[5.862098,2.155067,2.657724]",
6473,"[5.862098,2.157505,2.656018]",
6474,"[5.862098,2.158447,2.655477]",
6475,"[5.862098,2.160172,2.655117]",
6476,"[5.862098,2.160963,2.655304]",
6477,"[5.862098,2.169281,2.700094]",
6478,"[5.862098,2.172935,2.71936]",
6479,"[5.862098,2.17276,2.737313]",
6480,"[5.862098,2.171273,2.744258]",
6481,"[5.862098,2.170133,2.749035]",
6482,"[5.862098,2.167949,2.756503]",
6483,"[5.862098,2.16665,2.759594]",
6484,"[5.862098,2.164173,2.764301]",
6485,"[5.862098,2.16291,2.7666]",
6486,"[5.862098,2.161884,2.769558]",
6487,"[5.862098,2.161808,2.770296]",
6488,"[5.862098,2.161427,2.771577]",
6489,"[5.862098,2.161227,2.772336]",
6490,"[5.862098,2.161001,2.773051]",
6491,"[5.862098,2.160429,2.774128]",
6492,"[5.862098,2.160347,2.774226]",
6493,"[5.862098,2.160004,2.774634]",
6494,"[5.862098,2.15981,2.774726]",
6495,"[5.862098,2.159804,2.775113]",
6496,"[5.862098,2.159731,2.775287]",
6497,"[5.862098,2.160042,2.775701]",
6498,"[5.862098,2.160319,2.776561]",
6499,"[5.862098,2.16042,2.777303]",
6500,"[5.862098,2.151935,2.811282]",
6501,"[5.7913,2.107888,2.81172]",
6502,"[5.862098,2.147043,2.831752]",
6503,"[5.862098,2.146117,2.835871]",
6504,"[5.862098,2.143812,2.840781]",
6505,"[5.862098,2.141211,2.846821]",
6506,"[5.862098,2.140152,2.849397]",
6507,"[5.862098,2.139265,2.851995]",
6508,"[5.862098,2.138821,2.853757]",
6509,"[5.862098,2.138932,2.854533]",
6510,"[5.862098,2.13856,2.854831]",
6511,"[5.862098,2.138206,2.85505]",
6512,"[5.862098,2.13846,2.855306]",
6513,"[5.862098,2.138523,2.855268]",
6514,"[5.862098,2.138334,2.855805]",
6515,"[5.862098,2.138241,2.855976]",
6516,"[5.862098,2.138114,2.856169]",
6517,"[5.862098,2.138064,2.856091]",
6518,"[5.862098,2.138023,2.855902]",
6519,"[5.862098,2.137941,2.855762]",
6520,"[5.862098,2.137896,2.855603]",
6521,"[5.862098,2.137779,2.855197]",
6522,"[5.862098,2.137767,2.854974]",
6523,"[5.862098,2.137918,2.854564]",
6524,"[5.862098,2.138101,2.854385]",
6525,"[5.862098,2.138882,2.854609]",
6526,"[5.862098,2.139783,2.855176]",
6527,"[5.862098,2.143123,2.858152]",
6528,"[5.862098,2.147005,2.862464]",
6529,"[5.862098,2.151826,2.867642]",
6530,"[5.862098,2.161959,2.879789]",
6531,"[5.95,2.266071,2.971606]",
6532,"[5.370877,1.926979,2.863614]",
6533,"[5.365638,1.930067,2.86896]",
6534,"[5.35851,1.933557,2.876098]",
6535,"[5.355694,1.934692,2.878905]",
6536,"[5.35457,1.934358,2.879329]",
6537,"[5.354618,1.933191,2.880646]",
6538,"[5.355446,1.933656,2.881931]",
6539,"[5.357957,1.933934,2.881643]",
6540,"[5.3596,1.932436,2.880661]",
6541,"[5.361199,1.929657,2.878192]",
6542,"[5.362141,1.928588,2.876889]",
6543,"[5.363933,1.927874,2.87561]",
6544,"[5.364769,1.927788,2.875217]",
6545,"[5.365073,1.927178,2.874768]",
6546,"[5.364017,1.925291,2.873665]",
6547,"[5.363231,1.923741,2.872851]",
6548,"[5.368856,1.926461,2.874085]",
6549,"[5.373884,1.928551,2.874301]",
6550,"[5.379405,1.928422,2.872454]",
6551,"[5.381692,1.928596,2.872054]",
6552,"[5.384321,1.929319,2.872108]",
6553,"[5.390951,1.931991,2.873176]",
6554,"[5.391589,1.931334,2.872948]",
6555,"[5.391448,1.929238,2.87239]",
6556,"[5.391219,1.928056,2.87213]",
6557,"[5.392402,1.927325,2.872356]",
6558,"[5.393211,1.927338,2.872622]",
6559,"[5.393883,1.927273,2.872879]",
6560,"[5.395191,1.927641,2.873199]",
6561,"[5.395984,1.928098,2.87331]",
6562,"[5.400188,1.93093,2.874429]",
6563,"[5.40375,1.933361,2.875426]",
6564,"[5.414725,1.941001,2.878741]",
6565,"[5.428928,1.9512,2.883059]",
6566,"[5.464697,1.976802,2.89387]",
6567,"[5.95,2.292776,2.929324]",
6568,"[5.862098,2.229423,2.891401]",
6569,"[5.862098,2.21292,2.823601]",
6570,"[5.862098,2.20996,2.812032]",
6571,"[5.862098,2.206421,2.798709]",
6572,"[5.862098,2.206355,2.796127]",
6573,"[5.862098,2.206128,2.792366]",
6574,"[5.862098,2.205997,2.790893]",
6575,"[5.862098,2.205917,2.790226]",
6576,"[5.862098,2.205727,2.788979]",
6577,"[5.862098,2.205648,2.788381]",
6578,"[5.862098,2.205566,2.787404]",
6579,"[5.862098,2.205565,2.786953]",
6580,"[5.862098,2.211938,2.7928]",
6581,"[5.862098,2.216553,2.79735]",
6582,"[5.95,2.380113,2.864892]",
6583,"[5.95,2.422465,2.892081]",
6584,"[5.364714,1.952502,2.802733]",
6585,"[5.355673,1.948937,2.804873]",
6586,"[5.351437,1.946104,2.80548]",
6587,"[5.344918,1.941547,2.806198]",
6588,"[5.342871,1.940195,2.806574]",
6589,"[5.338641,1.937649,2.808125]",
6590,"[5.335358,1.935307,2.810888]",
6591,"[5.330194,1.931239,2.812136]",
6592,"[5.313295,1.922161,2.827619]",
6593,"[5.31104,1.921304,2.830828]",
6594,"[5.305132,1.919306,2.838687]",
6595,"[5.301028,1.916516,2.840005]",
6596,"[5.291963,1.909612,2.840274]",
6597,"[5.295078,1.911919,2.841675]",
6598,"[5.300592,1.916383,2.843822]",
6599,"[5.311474,1.92521,2.847819]",
6600,"[5.318199,1.930805,2.850219]",
6601,"[5.334189,1.940874,2.855166]",
6602,"[5.33769,1.941829,2.856171]",
6603,"[5.346621,1.946185,2.859327]",
6604,"[5.350203,1.947741,2.860795]",
6605,"[5.357878,1.951178,2.86383]",
6606,"[5.361195,1.952245,2.865198]",
6607,"[5.364364,1.953186,2.866195]",
6608,"[5.369825,1.955382,2.867978]",
6609,"[5.372109,1.956287,2.868752]",
6610,"[5.376799,1.960255,2.870572]",
6611,"[5.379133,1.963115,2.87156]",
6612,"[5.382565,1.967206,2.87299]",
6613,"[5.383911,1.968779,2.873575]",
6614,"[5.385171,1.969738,2.874025]",
6615,"[5.387741,1.971589,2.874992]",
6616,"[5.388929,1.972338,2.875477]",
6617,"[5.391101,1.973471,2.876066]",
6618,"[5.392123,1.974008,2.87638]",
6619,"[5.394075,1.975095,2.877123]",
6620,"[5.394673,1.974964,2.877166]",
6621,"[5.396056,1.975107,2.877363]",
6622,"[5.396252,1.973989,2.877431]",
6623,"[5.396753,1.9733,2.877609]",
6624,"[5.397889,1.972428,2.877934]",
6625,"[5.398499,1.972545,2.878115]",
6626,"[5.399445,1.972588,2.878356]",
6627,"[5.400079,1.972977,2.878531]",
6628,"[5.401553,1.973933,2.878494]",
6629,"[5.402312,1.974429,2.878282]",
6630,"[5.402944,1.974811,2.87799]",
6631,"[5.410397,1.980734,2.837352]",
6632,"[5.41763,1.969842,2.714311]",
6633,"[5.418264,1.969482,2.70668]",
6634,"[5.418231,1.969236,2.703961]",
6635,"[5.418069,1.969943,2.698623]",
6636,"[5.41794,1.970638,2.696146]",
6637,"[5.417705,1.971173,2.694438]",
6638,"[5.417071,1.972082,2.691026]",
6639,"[5.41613,1.971733,2.689488]",
6640,"[5.412424,1.969574,2.687197]",
6641,"[5.410465,1.968446,2.686055]",
6642,"[5.406867,1.966474,2.683887]",
6643,"[5.403185,1.964155,2.682497]",
6644,"[5.378944,1.945567,2.684741]",
6645,"[5.608872,2.123486,2.650192]",
6646,"[5.608872,2.1239,2.647526]",
6647,"[5.608872,2.122663,2.597328]",
6648,"[5.608872,2.121808,2.577682]",
6649,"[5.583111,2.046042,2.366143]",
6650,"[5.582898,2.043905,2.361263]",
6651,"[5.582401,2.039977,2.34988]",
6652,"[5.582129,2.037113,2.34363]",
6653,"[5.581835,2.034431,2.336923]",
6654,"[5.581394,2.029586,2.326802]",
6655,"[5.581133,2.027608,2.320838]",
6656,"[5.581105,2.027512,2.320189]",
6657,"[5.581109,2.027382,2.32027]",
6658,"[5.581148,2.027144,2.321168]",
6659,"[5.581179,2.027203,2.321886]",
6660,"[5.581348,2.028245,2.325752]",
6661,"[5.581442,2.028884,2.327919]",
6662,"[5.581826,2.031848,2.336697]",
6663,"[5.582115,2.034822,2.34332]",
6664,"[5.582286,2.036299,2.347245]",
6665,"[5.582653,2.039474,2.355649]",
6666,"[5.582818,2.040993,2.359431]",
6667,"[5.583024,2.04126,2.36414]",
6668,"[5.58307,2.041358,2.365192]",
6669,"[5.583184,2.042023,2.367819]",
6670,"[5.583299,2.043033,2.370438]",
6671,"[5.583327,2.043437,2.371078]",
6672,"[5.58336,2.044158,2.371845]",
6673,"[5.583371,2.044493,2.372095]",
6674,"[5.583401,2.045017,2.372774]",
6675,"[5.583411,2.044889,2.373018]",
6676,"[5.583418,2.044649,2.373162]",
6677,"[5.583421,2.044539,2.373242]",
6678,"[5.583398,2.044403,2.372715]",
6679,"[5.583406,2.044376,2.372909]",
6680,"[5.58338,2.044352,2.372306]",
6681,"[5.58343,2.044568,2.373441]",
6682,"[5.583451,2.044644,2.373935]",
6683,"[5.58348,2.044701,2.374595]",
6684,"[5.583488,2.044678,2.374779]",
6685,"[5.58349,2.044654,2.37482]",
6686,"[5.583467,2.043905,2.374305]",
6687,"[5.58348,2.035064,2.374581]",
6688,"[5.583415,2.024084,2.373087]",
6689,"[5.583378,2.014324,2.37225]",
6690,"[5.583287,2.00211,2.370166]",
6691,"[5.583231,1.997385,2.368885]",
6692,"[5.583208,1.993888,2.368349]",
6693,"[5.583113,1.988174,2.366177]",
6694,"[5.583069,1.986502,2.365184]",
6695,"[5.582961,1.984045,2.362696]",
6696,"[5.582893,1.983111,2.36114]",
6697,"[5.582775,1.982046,2.358428]",
6698,"[5.582721,1.98173,2.357195]",
6699,"[5.582697,1.981629,2.356663]",
6700,"[5.582632,1.981534,2.355159]",
6701,"[5.582598,1.981661,2.354392]",
6702,"[5.58251,1.982132,2.352362]",
6703,"[5.582437,1.982574,2.350686]",
6704,"[5.582361,1.984384,2.348961]",
6705,"[5.582302,1.985578,2.347612]",
6706,"[5.582242,1.989394,2.346224]",
6707,"[5.582196,1.991746,2.345175]",
6708,"[5.582082,1.995394,2.34258]",
6709,"[5.582014,1.996864,2.340999]",
6710,"[5.581916,1.998284,2.338779]",
6711,"[5.581694,1.997954,2.333675]",
6712,"[5.581559,1.99759,2.330581]",
6713,"[5.581264,1.996611,2.323848]",
6714,"[5.575126,1.990786,2.32197]",
6715,"[5.439974,1.910081,2.395661]",
6716,"[5.408769,1.890937,2.415284]",
6717,"[5.409116,1.890543,2.41565]",
6718,"[5.410366,1.89052,2.41539]",
6719,"[5.411749,1.890809,2.416937]",
6720,"[5.423858,1.896546,2.413371]",
6721,"[5.500476,1.938759,2.375752]",
6722,"[5.61319,2.001082,2.320711]",
6723,"[5.771719,2.08557,2.24854]",
6724,"[5.771719,2.082157,2.251053]",
6725,"[5.771719,2.077758,2.255098]",
6726,"[5.771719,2.076622,2.256597]",
6727,"[5.771719,2.077227,2.258292]",
6728,"[5.771719,2.078698,2.258884]",
6729,"[5.771719,2.082869,2.260219]",
6730,"[5.771719,2.085204,2.260476]",
6731,"[5.771719,2.093667,2.267879]",
6732,"[5.771719,2.095556,2.269789]",
6733,"[5.771719,2.096508,2.270845]",
6734,"[5.771719,2.096983,2.256439]",
6735,"[5.771719,2.097203,2.249348]",
6736,"[5.771719,2.080572,2.245139]",
6737,"[5.771719,2.071509,2.235242]",
6738,"[5.95,2.155909,2.16829]",
6739,"[5.95,2.151099,2.161544]",
6740,"[5.95,2.143951,2.148717]",
6741,"[5.95,2.141415,2.142261]",
6742,"[5.95,2.13946,2.136582]",
6743,"[5.95,2.136406,2.126671]",
6744,"[5.95,2.134782,2.125452]",
6745,"[5.95,2.131925,2.122153]",
6746,"[5.95,2.130745,2.115398]",
6747,"[5.902844,2.106064,2.116914]",
6748,"[5.883007,2.096138,2.116221]",
6749,"[5.799475,2.054266,2.113304]",
6750,"[5.676573,2.022726,2.003035]",
6751,"[5.672348,2.025068,1.981242]",
6752,"[5.667801,2.027582,1.957796]",
6753,"[5.666106,2.028445,1.949051]",
6754,"[5.663781,2.029771,1.93706]",
6755,"[5.662717,2.030447,1.931575]",
6756,"[5.661623,2.032974,1.925935]",
6757,"[5.661625,2.033174,1.925943]",
6758,"[5.661172,2.03329,1.923606]",
6759,"[5.661413,2.033982,1.924849]",
6760,"[5.661466,2.034141,1.925123]",
6761,"[5.661633,2.033741,1.925987]",
6762,"[5.661695,2.03351,1.926307]",
6763,"[5.661738,2.032847,1.926524]",
6764,"[5.661369,2.031844,1.924625]",
6765,"[5.661027,2.030384,1.922858]",
6766,"[5.661539,2.02702,1.925499]",
6767,"[5.661829,2.024941,1.926994]",
6768,"[5.662014,2.019519,1.927946]",
6769,"[5.662305,2.0161,1.929448]",
6770,"[5.662343,2.007444,1.929642]",
6771,"[5.662355,2.002321,1.929711]",
6772,"[5.662367,1.997315,1.929772]",
6773,"[5.662116,1.951934,1.928473]",
6774,"[5.662081,1.936097,1.928293]",
6775,"[5.662144,1.920086,1.928621]",
6776,"[5.66221,1.914571,1.928962]",
6777,"[5.662051,1.908964,1.928137]",
6778,"[5.661872,1.907629,1.927218]",
6779,"[5.661636,1.905266,1.926002]",
6780,"[5.661444,1.903914,1.925008]",
6781,"[5.661221,1.903442,1.923859]",
6782,"[5.659509,1.914921,1.915028]",
6783,"[5.65826,1.924984,1.908588]",
6784,"[5.656682,1.936002,1.900447]",
6785,"[5.65576,1.940882,1.895694]",
6786,"[5.654422,1.947092,1.888796]",
6787,"[5.653888,1.949391,1.886042]",
6788,"[5.65345,1.951632,1.88378]",
6789,"[5.652376,1.958644,1.87824]",
6790,"[5.651865,1.962064,1.875607]",
6791,"[5.651847,1.966447,1.875515]",
6792,"[5.651929,1.968442,1.875941]",
6793,"[5.652111,1.972924,1.876874]",
6794,"[5.652204,1.975435,1.877353]",
6795,"[5.652285,1.977535,1.877771]",
6796,"[5.652807,1.982799,1.880466]",
6797,"[5.65303,1.983966,1.881617]",
6798,"[5.653458,1.985062,1.883823]",
6799,"[5.653599,1.98545,1.884551]",
6800,"[5.653732,1.986256,1.885236]",
6801,"[5.653772,1.986579,1.885443]",
6802,"[5.653869,1.98556,1.88594]",
6803,"[5.653879,1.984062,1.885994]",
6804,"[5.654028,1.978147,1.886766]",
6805,"[5.654383,1.965498,1.888592]",
6806,"[5.584814,1.853318,1.926454]",
6807,"[5.95,1.776219,1.733375]",
6808,"[5.95,1.758634,1.73524]",
6809,"[5.677664,1.634536,1.89625]",
6810,"[5.686,1.576245,1.903267]",
6811,"[5.694643,1.542794,1.910542]",
6812,"[5.699059,1.530824,1.914259]",
6813,"[5.701769,1.521665,1.916541]",
6814,"[5.70584,1.507649,1.919967]",
6815,"[5.706615,1.506024,1.92062]",
6816,"[5.707789,1.501206,1.921608]",
6817,"[5.706388,1.501233,1.920428]",
6818,"[5.703208,1.502673,1.917752]",
6819,"[5.701741,1.503682,1.916516]",
6820,"[5.700646,1.503908,1.915595]",
6821,"[5.69788,1.50779,1.913266]",
6822,"[5.695843,1.511845,1.911552]",
6823,"[5.691821,1.519013,1.908166]",
6824,"[5.68941,1.523237,1.906137]",
6825,"[5.677396,1.557183,1.896024]",
6826,"[5.673854,1.566673,1.893042]",
6827,"[5.761773,1.830736,1.787486]",
6828,"[5.585926,1.852931,1.894624]",
6829,"[5.646466,1.898565,1.847762]",
6830,"[5.645787,1.917551,1.844261]",
6831,"[5.64555,1.923735,1.843042]",
6832,"[5.645342,1.930892,1.841969]",
6833,"[5.6453,1.934129,1.841751]",
6834,"[5.64525,1.942596,1.841495]",
6835,"[5.645218,1.949238,1.841326]",
6836,"[5.64536,1.956858,1.842063]",
6837,"[5.64553,1.970394,1.842937]",
6838,"[5.645548,1.976723,1.843031]",
6839,"[5.645034,1.984378,1.840377]",
6840,"[5.644835,1.986336,1.839349]",
6841,"[5.644502,1.989483,1.837634]",
6842,"[5.628948,1.982352,1.848076]",
6843,"[5.559235,1.944067,1.898599]",
6844,"[5.509048,1.91689,1.934743]",
6845,"[5.509094,1.917675,1.935548]",
6846,"[5.514384,1.923442,1.933217]",
6847,"[5.518028,1.927733,1.932824]",
6848,"[5.882771,2.156621,1.671256]",
6849,"[5.8844,2.16495,1.671313]",
6850,"[5.887256,2.179128,1.671413]",
6851,"[5.888008,2.185817,1.671439]",
6852,"[5.889968,2.190981,1.671508]",
6853,"[5.892202,2.198216,1.671586]",
6854,"[5.892745,2.201283,1.671605]",
6855,"[5.892477,2.208107,1.671595]",
6856,"[5.89166,2.211846,1.671567]",
6857,"[5.889456,2.216421,1.67149]",
6858,"[5.891624,2.220662,1.671566]",
6859,"[5.892718,2.224398,1.671604]",
6860,"[5.89303,2.228659,1.671615]",
6861,"[5.892831,2.229044,1.671608]",
6862,"[5.891398,2.229272,1.671557]",
6863,"[5.890029,2.229262,1.67151]",
6864,"[5.890697,2.228289,1.671533]",
6865,"[5.891685,2.228628,1.671568]",
6866,"[5.89255,2.22955,1.671598]",
6867,"[5.892457,2.230577,1.671595]",
6868,"[5.8917,2.232624,1.671568]",
6869,"[5.868568,2.232828,1.67076]",
6870,"[5.338876,2.01574,1.895642]",
6871,"[5.312541,2.008601,1.906166]",
6872,"[5.276641,2.006586,1.914442]",
6873,"[5.250641,2.003403,1.924023]",
6874,"[5.243098,2.002199,1.927486]",
6875,"[5.239506,2.001188,1.930852]",
6876,"[5.233066,1.999694,1.936673]",
6877,"[5.231718,1.999163,1.939343]",
6878,"[5.232643,1.997613,1.942232]",
6879,"[5.235086,1.996608,1.942547]",
6880,"[5.241367,1.99416,1.942618]",
6881,"[5.245092,1.99294,1.942446]",
6882,"[5.25323,1.991544,1.943464]",
6883,"[5.26453,1.989286,1.945721]",
6884,"[5.270327,1.988186,1.947245]",
6885,"[5.283424,1.985622,1.950428]",
6886,"[5.292019,1.984019,1.952311]",
6887,"[5.315082,1.979033,1.957499]",
6888,"[5.32867,1.975832,1.961257]",
6889,"[5.95,2.262587,1.677158]",
6890,"[5.573369,1.885879,2.143002]",
6891,"[5.573892,1.878158,2.154981]",
6892,"[5.887506,1.830737,2.166456]",
6893,"[5.95,1.827602,2.168402]",
6894,"[5.95,1.675018,2.327879]",
6895,"[5.95,1.665483,2.342058]",
6896,"[5.95,1.65281,2.369626]",
6897,"[5.95,1.667839,2.391857]",
6898,"[5.95,1.673684,2.404757]",
6899,"[5.95,1.698088,2.417791]",
6900,"[5.95,1.716699,2.428618]",
6901,"[5.95,1.744222,2.466315]",
6902,"[5.95,1.751374,2.470297]",
6903,"[5.95,1.770989,2.497361]",
6904,"[5.95,1.783618,2.522218]",
6905,"[5.559017,1.788627,2.540773]",
6906,"[5.647922,1.830736,2.585524]",
6907,"[5.608872,1.909661,2.650199]",
6908,"[5.608872,1.935014,2.682499]",
6909,"[5.608872,1.943352,2.696473]",
6910,"[5.608872,1.94903,2.705029]",
6911,"[5.608872,1.949581,2.704474]",
6912,"[5.608872,1.950205,2.696344]",
6913,"[5.608872,1.95083,2.695091]",
6914,"[5.608872,1.951465,2.689254]",
6915,"[5.608872,1.954402,2.667979]",
6916,"[5.608872,1.956036,2.65943]",
6917,"[5.608872,1.959722,2.652224]",
6918,"[5.608872,1.961425,2.650368]",
6919,"[5.608872,1.972945,2.650583]",
6920,"[5.608872,1.978786,2.655949]",
6921,"[5.608872,1.986849,2.665485]",
6922,"[5.608872,1.988603,2.665082]",
6923,"[5.608872,1.990355,2.664926]",
6924,"[5.608872,1.993736,2.66414]",
6925,"[5.608872,1.994686,2.663056]",
6926,"[5.608872,1.995743,2.662366]",
6927,"[5.608872,1.99648,2.662375]",
6928,"[5.608872,1.998316,2.667241]",
6929,"[5.608872,1.999426,2.667404]",
6930,"[5.608872,2.00098,2.672648]",
6931,"[5.608872,2.006003,2.671236]",
6932,"[5.608872,2.007913,2.670464]",
6933,"[5.608872,2.012536,2.669977]",
6934,"[5.608872,2.015857,2.67005]",
6935,"[5.608872,2.021572,2.675135]",
6936,"[5.608872,2.023578,2.675191]",
6937,"[5.608872,2.025073,2.675215]",
6938,"[5.608872,2.030124,2.685282]",
6939,"[5.608872,2.032612,2.683086]",
6940,"[5.608872,2.037413,2.680628]",
6941,"[5.608872,2.039967,2.679844]",
6942,"[5.608872,2.04138,2.679043]",
6943,"[5.608872,2.041995,2.678799]",
6944,"[5.608872,2.034098,2.690393]",
6945,"[5.608872,2.024223,2.695714]",
6946,"[5.608872,2.018145,2.699957]",
6947,"[5.608872,2.010473,2.704103]",
6948,"[5.608872,2.007686,2.708479]",
6949,"[5.608872,2.004788,2.708067]",
6950,"[5.608872,2.003854,2.70817]",
6951,"[5.608872,2.002957,2.711554]",
6952,"[5.608872,2.001964,2.711652]",
6953,"[5.608872,2.001153,2.711772]",
6954,"[5.608872,1.998065,2.711345]",
6955,"[5.608872,1.996847,2.711204]",
6956,"[5.608872,1.994419,2.709841]",
6957,"[5.608872,1.993279,2.709064]",
6958,"[5.608872,1.991067,2.707144]",
6959,"[5.608872,1.990173,2.706298]",
6960,"[5.608872,1.988925,2.704717]",
6961,"[5.608872,1.988352,2.703562]",
6962,"[5.608872,1.98799,2.702187]",
6963,"[5.608872,1.987126,2.69874]",
6964,"[5.608872,1.985994,2.697281]",
6965,"[5.608872,1.985151,2.694355]",
6966,"[5.608872,1.985128,2.692648]",
6967,"[5.608872,1.984955,2.689213]",
6968,"[5.608872,1.984913,2.687567]",
6969,"[5.608872,1.985909,2.68568]",
6970,"[5.608872,1.994195,2.670307]",
6971,"[5.608872,1.999067,2.661615]",
6972,"[5.608872,2.00439,2.652485]",
6973,"[5.608872,2.00633,2.649466]",
6974,"[5.608872,2.010655,2.651035]",
6975,"[5.608872,2.012919,2.651666]",
6976,"[5.608872,2.016819,2.651964]",
6977,"[5.608872,2.018903,2.651684]",
6978,"[5.608872,2.020686,2.651428]",
6979,"[5.608872,2.024347,2.652824]",
6980,"[5.608872,2.026324,2.653429]",
6981,"[5.608872,2.027155,2.654062]",
6982,"[5.608872,2.027563,2.653987]",
6983,"[5.608872,2.028442,2.654647]",
6984,"[5.608872,2.028967,2.655401]",
6985,"[5.595226,2.021174,2.657591]",
6986,"[5.95,2.236042,2.62024]",
6987,"[5.95,2.235907,2.62042]",
6988,"[5.95,2.235392,2.620934]",
6989,"[5.95,2.234111,2.621154]",
6990,"[5.95,2.233364,2.621306]",
6991,"[5.95,2.231976,2.622309]",
6992,"[5.95,2.231204,2.622575]",
6993,"[5.95,2.229534,2.623307]",
6994,"[5.95,2.229199,2.624088]",
6995,"[5.95,2.228435,2.626086]",
6996,"[5.95,2.227987,2.627293]",
6997,"[5.95,2.226907,2.629652]",
6998,"[5.95,2.226136,2.63092]",
6999,"[5.95,2.227396,2.6321]",
7000,"[5.95,2.227912,2.632058]",
7001,"[5.95,2.228425,2.63181]",
7002,"[5.95,2.229274,2.63081]",
7003,"[5.95,2.229717,2.63013]",
7004,"[5.95,2.230501,2.628962]",
7005,"[5.95,2.230757,2.628317]",
7006,"[5.95,2.228477,2.62944]",
7007,"[5.95,2.218152,2.633214]",
7008,"[5.95,2.203339,2.638431]",
7009,"[5.95,2.194469,2.641426]",
7010,"[5.95,2.188019,2.643481]",
7011,"[5.862098,2.126478,2.655582]",
7012,"[5.862098,2.121505,2.657829]",
7013,"[5.862098,2.114551,2.660652]",
7014,"[5.862098,2.112389,2.661413]",
7015,"[5.862098,2.10903,2.663664]",
7016,"[5.862098,2.107467,2.665362]",
7017,"[5.862098,2.106881,2.666754]",
7018,"[5.862098,2.106049,2.668588]",
7019,"[5.862098,2.105872,2.669371]",
7020,"[5.862098,2.10605,2.670792]",
7021,"[5.862098,2.106551,2.671482]",
7022,"[5.862098,2.109058,2.672573]",
7023,"[5.862098,2.111655,2.672979]",
7024,"[5.862098,2.114206,2.673686]",
7025,"[5.862098,2.119915,2.675989]",
7026,"[5.862098,2.122749,2.677259]",
7027,"[5.862098,2.126138,2.678977]",
7028,"[5.862098,2.127107,2.679669]",
7029,"[5.862098,2.130068,2.685408]",
7030,"[5.862098,2.131444,2.686892]",
7031,"[5.862098,2.132655,2.688401]",
7032,"[5.862098,2.132815,2.689173]",
7033,"[5.862098,2.13309,2.689766]",
7034,"[5.862098,2.133707,2.690775]",
7035,"[5.862098,2.133964,2.691111]",
7036,"[5.862098,2.134557,2.691839]",
7037,"[5.862098,2.135606,2.692249]",
7038,"[5.862098,2.137962,2.692888]",
7039,"[5.862098,2.138496,2.69317]",
7040,"[5.862098,2.138992,2.693491]",
7041,"[5.862098,2.139871,2.694262]",
7042,"[5.862098,2.13903,2.694425]",
7043,"[5.862098,2.137667,2.69489]",
7044,"[5.862098,2.137126,2.695682]",
7045,"[5.862098,2.137063,2.696806]",
7046,"[5.862098,2.137133,2.69711]",
7047,"[5.862098,2.137309,2.697394]",
7048,"[5.862098,2.137419,2.697474]",
7049,"[5.862098,2.137578,2.69743]",
7050,"[5.862098,2.13754,2.694256]",
7051,"[5.862098,2.137507,2.692574]",
7052,"[5.862098,2.137575,2.690972]",
7053,"[5.862098,2.137668,2.690929]",
7054,"[5.862098,2.137595,2.691524]",
7055,"[5.862098,2.137343,2.692022]",
7056,"[5.862098,2.134369,2.693308]",
7057,"[5.862098,2.128583,2.693878]",
7058,"[5.862098,2.125999,2.692968]",
7059,"[5.862098,2.123076,2.691069]",
7060,"[5.862098,2.122301,2.690091]",
7061,"[5.862098,2.121455,2.692067]",
7062,"[5.862098,2.121441,2.693391]",
7063,"[5.862098,2.121358,2.695142]",
7064,"[5.862098,2.121296,2.695793]",
7065,"[5.862098,2.121208,2.696344]",
7066,"[5.862098,2.121614,2.697106]",
7067,"[5.862098,2.121993,2.697619]",
7068,"[5.862098,2.122727,2.700085]",
7069,"[5.862098,2.122969,2.702074]",
7070,"[5.862098,2.126615,2.707501]",
7071,"[5.862098,2.127943,2.709799]",
7072,"[5.862098,2.129205,2.712015]",
7073,"[5.862098,2.131049,2.714725]",
7074,"[5.862098,2.131807,2.715527]",
7075,"[5.862098,2.13137,2.714265]",
7076,"[5.862098,2.131181,2.713876]",
7077,"[5.862098,2.130954,2.714153]",
7078,"[5.862098,2.129663,2.71293]",
7079,"[5.862098,2.129113,2.712001]",
7080,"[5.862098,2.129112,2.710841]",
7081,"[5.862098,2.129197,2.71043]",
7082,"[5.862098,2.1287,2.709914]",
7083,"[5.862098,2.128532,2.709205]",
7084,"[5.862098,2.128607,2.708077]",
7085,"[5.862098,2.128683,2.706833]",
7086,"[5.862098,2.129323,2.704323]",
7087,"[5.862098,2.128959,2.702309]",
7088,"[5.862098,2.128866,2.700524]",
7089,"[5.862098,2.129014,2.696671]",
7090,"[5.862098,2.129234,2.694304]",
7091,"[5.862098,2.127742,2.690252]",
7092,"[5.862098,2.127425,2.688714]",
7093,"[5.838467,2.112681,2.684689]",
7094,"[5.759072,2.067282,2.676772]",
7095,"[5.743812,2.05829,2.674642]",
7096,"[5.95,2.171463,2.694117]",
7097,"[5.95,2.170914,2.694081]",
7098,"[5.95,2.167876,2.693277]",
7099,"[5.95,2.166247,2.692531]",
7100,"[5.95,2.161578,2.691002]",
7101,"[5.95,2.159111,2.690208]",
7102,"[5.95,2.154633,2.688473]",
7103,"[5.95,2.152516,2.687438]",
7104,"[5.95,2.149564,2.686182]",
7105,"[5.826757,2.079173,2.673093]",
7106,"[5.95,2.140122,2.682049]",
7107,"[5.95,2.137906,2.681002]",
7108,"[5.881835,2.10189,2.675006]",
7109,"[5.774265,2.044421,2.665925]",
7110,"[5.774502,2.043754,2.666204]",
7111,"[5.774758,2.042902,2.666668]",
7112,"[5.785722,2.046346,2.669752]",
7113,"[5.814691,2.059971,2.674375]",
7114,"[5.914162,2.10964,2.688034]",
7115,"[5.95,2.129483,2.696199]",
7116,"[5.95,2.13119,2.703537]",
7117,"[5.95,2.134692,2.7106]",
7118,"[5.95,2.178931,2.725958]",
7119,"[5.95,2.197432,2.73067]",
7120,"[5.95,2.212856,2.741838]",
7121,"[5.95,2.22831,2.755217]",
7122,"[5.95,2.233492,2.760818]",
7123,"[5.95,2.23031,2.769958]",
7124,"[5.95,2.229031,2.774115]",
7125,"[5.95,2.228639,2.780905]",
7126,"[5.95,2.228478,2.785326]",
7127,"[5.95,2.228646,2.789849]",
7128,"[5.95,2.233134,2.799575]",
7129,"[5.95,2.237491,2.805106]",
7130,"[5.95,2.244793,2.815687]",
7131,"[5.608872,2.025988,2.738357]",
7132,"[5.608872,2.027652,2.738138]",
7133,"[5.608872,2.028688,2.738107]",
7134,"[5.608872,2.030466,2.740462]",
7135,"[5.608872,2.030967,2.739634]",
7136,"[5.608872,2.031244,2.736843]",
7137,"[5.608872,2.031133,2.735587]",
7138,"[5.608872,2.030968,2.734996]",
7139,"[5.608872,2.030296,2.735747]",
7140,"[5.608872,2.029788,2.737097]",
7141,"[5.608872,2.029667,2.740167]",
7142,"[5.608872,2.027973,2.740916]",
7143,"[5.608872,2.026073,2.742277]",
7144,"[5.608872,2.022829,2.746262]",
7145,"[5.95,2.240233,2.824274]",
7146,"[5.95,2.23147,2.831803]",
7147,"[5.95,2.225645,2.841083]",
7148,"[5.776822,2.110277,2.81172]",
7149,"[5.731343,2.077739,2.81172]",
7150,"[5.616,2.001057,2.821278]",
7151,"[5.616,1.998446,2.838866]",
7152,"[5.616,2.000795,2.868542]",
7153,"[5.616,2.002673,2.910116]",
7154,"[5.616,2.004742,2.933033]",
7155,"[5.614987,2.005874,2.967362]",
7156,"[5.585533,1.988045,2.966334]",
7157,"[5.542007,1.963174,2.964814]",
7158,"[5.531379,1.958076,2.970579]",
7159,"[5.531567,1.957518,2.993009]",
7160,"[5.95,2.220833,3.316085]",
7161,"[5.95,2.219247,3.325666]",
7162,"[5.95,2.210844,3.388168]",
7163,"[5.95,2.204538,3.437471]",
7164,"[5.949999,2.282076,3.797108]",
7165,"[5.476212,2.123582,3.983875]",
7166,"[5.203336,1.906575,3.983421]",
7167,"[5.165048,1.880357,3.983366]",
7168,"[5.131673,1.86029,3.983324]",
7169,"[4.990923,1.738427,3.983068]",
7170,"[4.950735,1.708376,3.983006]",
7171,"[4.900316,1.682231,3.982951]",
7172,"[4.878134,1.672649,3.982931]",
7173,"[4.836011,1.658714,3.982902]",
7174,"[4.830117,1.655172,3.982894]",
7175,"[4.830634,1.649312,3.982882]",
7176,"[4.827368,1.64617,3.982875]",
7177,"[4.829672,1.645705,3.982874]",
7178,"[4.840009,1.647392,3.982878]",
7179,"[4.844036,1.647657,3.982878]",
7180,"[4.85298,1.646115,3.982875]",
7181,"[4.855878,1.644266,3.982871]",
7182,"[4.876561,1.636586,3.982855]",
7183,"[4.884573,1.631973,3.982846]",
7184,"[4.900013,1.626249,3.982833]",
7185,"[4.910745,1.614888,3.98281]",
7186,"[4.911627,1.607681,3.982795]",
7187,"[4.785209,1.580906,3.982738]",
7188,"[4.761284,1.575426,3.982727]",
7189,"[4.731615,1.570044,3.982716]",
7190,"[4.729776,1.569681,3.982715]",
7191,"[4.724142,1.570039,3.982716]",
7192,"[4.721896,1.572089,3.98272]",
7193,"[4.718885,1.574626,3.982725]",
7194,"[4.730429,1.579724,3.982736]",
7195,"[4.738266,1.581956,3.982741]",
7196,"[4.746163,1.584591,3.982746]",
7197,"[4.756063,1.585173,3.982748]",
7198,"[4.770339,1.581499,3.98274]",
7199,"[4.775217,1.578427,3.982733]",
7200,"[4.778197,1.577606,3.982732]",
7201,"[4.878152,1.581864,3.454447]",
7202,"[4.876079,1.58149,3.467797]",
7203,"[4.781383,1.575008,3.982726]",
7204,"[4.781094,1.574657,3.982725]",
7205,"[4.780286,1.573619,3.982723]",
7206,"[4.779887,1.573092,3.982722]",
7207,"[4.780936,1.571812,3.982719]",
7208,"[4.783036,1.571922,3.98272]",
7209,"[4.783819,1.571959,3.98272]",
7210,"[4.784026,1.571972,3.98272]",
7211,"[4.778287,1.571129,3.982718]",
7212,"[4.705178,1.571473,3.982719]",
7213,"[4.688304,1.571949,3.98272]",
7214,"[4.639816,1.573334,3.982723]",
7215,"[4.620315,1.575055,3.982726]",
7216,"[4.605284,1.578474,3.982733]",
7217,"[4.589938,1.582744,3.982742]",
7218,"[4.582304,1.585619,3.982749]",
7219,"[4.560699,1.59293,3.982764]",
7220,"[4.542227,1.585922,3.982749]",
7221,"[4.531259,1.581774,3.98274]",
7222,"[4.56513,1.571911,3.805796]",
7223,"[4.552853,1.569719,3.81253]",
7224,"[4.53573,1.56764,3.830676]",
7225,"[4.529164,1.566532,3.839095]",
7226,"[4.518909,1.562532,3.859909]",
7227,"[4.514542,1.558367,3.871817]",
7228,"[4.508485,1.553388,3.88785]",
7229,"[4.5047,1.550738,3.897787]",
7230,"[4.497965,1.545011,3.915653]",
7231,"[4.495011,1.543427,3.924271]",
7232,"[4.492382,1.542728,3.932409]",
7233,"[4.484833,1.545862,3.941688]",
7234,"[4.481192,1.547425,3.94635]",
7235,"[4.474995,1.550552,3.955058]",
7236,"[4.472528,1.552408,3.958506]",
7237,"[4.466579,1.559997,3.972924]",
7238,"[4.463507,1.563765,3.982703]",
7239,"[4.464727,1.573975,3.982724]",
7240,"[4.471958,1.612796,3.982805]",
7241,"[4.475871,1.627257,3.982836]",
7242,"[4.479769,1.638955,3.98286]",
7243,"[4.481052,1.642077,3.982867]",
7244,"[4.481332,1.643023,3.982869]",
7245,"[4.481437,1.643369,3.982869]",
7246,"[4.481499,1.643606,3.98287]",
7247,"[4.482706,1.644094,3.982871]",
7248,"[4.483801,1.644623,3.982872]",
7249,"[4.486158,1.646666,3.982876]",
7250,"[4.484832,1.647315,3.982878]",
7251,"[4.482551,1.648768,3.982881]",
7252,"[4.481199,1.649755,3.982883]",
7253,"[4.478753,1.652566,3.982889]",
7254,"[4.477564,1.654283,3.982892]",
7255,"[4.47648,1.655957,3.982896]",
7256,"[4.479834,1.658893,3.982902]",
7257,"[4.482332,1.659631,3.982903]",
7258,"[4.486235,1.660897,3.982906]",
7259,"[4.488252,1.66167,3.982908]",
7260,"[4.493702,1.664642,3.982914]",
7261,"[4.49703,1.66675,3.982918]",
7262,"[4.701963,1.729598,3.98305]",
7263,"[4.708894,1.73197,3.983055]",
7264,"[4.717196,1.734392,3.98306]",
7265,"[4.729589,1.737809,3.983067]",
7266,"[4.735302,1.739186,3.98307]",
7267,"[4.74488,1.741222,3.983074]",
7268,"[4.749882,1.742147,3.983076]",
7269,"[4.758327,1.740855,3.983073]",
7270,"[4.762125,1.740604,3.983073]",
7271,"[4.765991,1.740422,3.983073]",
7272,"[4.772075,1.73975,3.983071]",
7273,"[4.774852,1.739306,3.98307]",
7274,"[4.778894,1.738566,3.983069]",
7275,"[4.779202,1.737942,3.983068]",
7276,"[4.781912,1.735947,3.983063]",
7277,"[4.782094,1.735294,3.983062]",
7278,"[4.792836,1.76199,3.983118]",
7279,"[4.799266,1.774908,3.983145]",
7280,"[4.804378,1.78269,3.983161]",
7281,"[4.845391,1.795528,3.983188]",
7282,"[4.873468,1.792152,3.983181]",
7283,"[4.904715,1.775435,3.983146]",
7284,"[4.91503,1.765194,3.983124]",
7285,"[4.932642,1.748497,3.983089]",
7286,"[4.940455,1.740441,3.983073]",
7287,"[4.946821,1.733764,3.983059]",
7288,"[4.957648,1.715565,3.983021]",
7289,"[4.959593,1.707633,3.983004]",
7290,"[4.958729,1.688059,3.982963]",
7291,"[4.957832,1.678691,3.982943]",
7292,"[4.955099,1.673017,3.982931]",
7293,"[4.954481,1.669765,3.982925]",
7294,"[4.954869,1.668629,3.982922]",
7295,"[4.958686,1.672562,3.98293]",
7296,"[4.962132,1.678741,3.982944]",
7297,"[4.981874,1.701125,3.98299]",
7298,"[4.992015,1.711599,3.983012]",
7299,"[5.026949,1.733205,3.983057]",
7300,"[5.03571,1.739506,3.983071]",
7301,"[5.047078,1.74924,3.983091]",
7302,"[5.050727,1.753841,3.983101]",
7303,"[5.05393,1.758145,3.98311]",
7304,"[5.057459,1.761995,3.983118]",
7305,"[5.059244,1.764034,3.983122]",
7306,"[5.060625,1.764477,3.983123]",
7307,"[5.060638,1.764444,3.983123]",
7308,"[5.059999,1.762254,3.983118]",
7309,"[5.059275,1.760008,3.983114]",
7310,"[5.0585,1.757835,3.983109]",
7311,"[5.056139,1.753557,3.9831]",
7312,"[5.055015,1.751531,3.983096]",
7313,"[5.053298,1.748159,3.983089]",
7314,"[5.052872,1.747325,3.983087]",
7315,"[5.052472,1.746253,3.983085]",
7316,"[5.052432,1.745774,3.983084]",
7317,"[5.052515,1.745762,3.983084]",
7318,"[5.052986,1.745654,3.983083]",
7319,"[5.053373,1.745587,3.983083]",
7320,"[5.05579,1.745417,3.983083]",
7321,"[5.05789,1.745332,3.983083]",
7322,"[5.0649,1.744939,3.983082]",
7323,"[5.06941,1.744454,3.983081]",
7324,"[5.114374,1.740701,3.983073]",
7325,"[5.126455,1.740526,3.983073]",
7326,"[5.134745,1.740383,3.983073]",
7327,"[5.147612,1.740411,3.983073]",
7328,"[5.152385,1.740707,3.983073]",
7329,"[5.155362,1.741193,3.983074]",
7330,"[5.156639,1.741443,3.983075]",
7331,"[5.156693,1.743027,3.983078]",
7332,"[5.156362,1.743687,3.983079]",
7333,"[5.155807,1.744298,3.983081]",
7334,"[5.151889,1.74452,3.983081]",
7335,"[5.148761,1.744363,3.983081]",
7336,"[5.002926,1.738888,3.983069]",
7337,"[4.830442,1.714653,3.983019]",
7338,"[4.801998,1.710631,3.98301]",
7339,"[4.792706,1.709408,3.983008]",
7340,"[4.781387,1.708048,3.983005]",
7341,"[4.777061,1.707636,3.983004]",
7342,"[4.773832,1.707444,3.983004]",
7343,"[4.767828,1.70692,3.983002]",
7344,"[4.767942,1.706583,3.983002]",
7345,"[4.767864,1.705993,3.983001]",
7346,"[4.767606,1.705614,3.983]",
7347,"[4.766629,1.704625,3.982998]",
7348,"[4.765822,1.703981,3.982996]",
7349,"[4.764963,1.703309,3.982995]",
7350,"[4.762488,1.701749,3.982992]",
7351,"[4.760748,1.700817,3.98299]",
7352,"[4.721646,1.699487,3.982987]",
7353,"[4.704046,1.699012,3.982986]",
7354,"[4.685913,1.698113,3.982984]",
7355,"[4.679597,1.69765,3.982983]",
7356,"[4.6752,1.697067,3.982982]",
7357,"[4.670898,1.69628,3.98298]",
7358,"[4.669785,1.695898,3.982979]",
7359,"[4.66898,1.695176,3.982978]",
7360,"[4.668473,1.694755,3.982977]",
7361,"[4.67993,1.682573,3.982951]",
7362,"[4.687208,1.674841,3.982935]",
7363,"[4.694311,1.667069,3.982919]",
7364,"[4.696953,1.664268,3.982913]",
7365,"[4.699188,1.661845,3.982908]",
7366,"[4.702332,1.658906,3.982902]",
7367,"[4.703607,1.657894,3.9829]",
7368,"[4.705666,1.656037,3.982896]",
7369,"[4.706639,1.655586,3.982895]",
7370,"[4.708278,1.654645,3.982893]",
7371,"[4.710053,1.653827,3.982891]",
7372,"[4.711585,1.65304,3.98289]",
7373,"[4.713962,1.65164,3.982887]",
7374,"[4.715219,1.650795,3.982885]",
7375,"[4.717186,1.64937,3.982882]",
7376,"[4.718807,1.648571,3.98288]",
7377,"[4.834228,1.643701,3.98287]",
7378,"[4.847836,1.645381,3.982873]",
7379,"[4.855802,1.649136,3.982881]",
7380,"[4.858831,1.65055,3.982884]",
7381,"[4.860998,1.651646,3.982887]",
7382,"[4.864704,1.653638,3.982891]",
7383,"[4.865523,1.653665,3.982891]",
7384,"[4.866762,1.653808,3.982891]",
7385,"[4.867182,1.65408,3.982892]",
7386,"[4.867683,1.654443,3.982893]",
7387,"[4.867839,1.654551,3.982893]",
7388,"[4.867881,1.654677,3.982893]",
7389,"[4.77172,1.660659,3.982906]",
7390,"[4.760343,1.660736,3.982906]",
7391,"[4.750369,1.660641,3.982905]",
7392,"[4.748211,1.660495,3.982905]",
7393,"[4.745051,1.660228,3.982905]",
7394,"[4.743975,1.661195,3.982907]",
7395,"[4.743168,1.662262,3.982909]",
7396,"[4.742762,1.662725,3.98291]",
7397,"[4.742473,1.663071,3.982911]",
7398,"[4.741999,1.663591,3.982912]",
7399,"[4.741639,1.663389,3.982911]",
7400,"[4.740983,1.662959,3.98291]",
7401,"[4.740707,1.662779,3.98291]",
7402,"[4.740155,1.66219,3.982909]",
7403,"[4.739845,1.661754,3.982908]",
7404,"[4.739527,1.661353,3.982907]",
7405,"[4.720965,1.678165,3.982942]",
7406,"[4.711357,1.687066,3.982961]",
7407,"[4.699897,1.699607,3.982987]",
7408,"[4.69672,1.704712,3.982998]",
7409,"[4.692374,1.711432,3.983012]",
7410,"[4.690838,1.714167,3.983018]",
7411,"[4.688585,1.717507,3.983025]",
7412,"[4.687635,1.718637,3.983027]",
7413,"[4.686845,1.719549,3.983029]",
7414,"[4.686024,1.72135,3.983033]",
7415,"[4.684897,1.723126,3.983036]",
7416,"[4.683511,1.725713,3.983042]",
7417,"[4.683118,1.726774,3.983044]",
7418,"[4.682638,1.728215,3.983047]",
7419,"[4.682503,1.728757,3.983048]",
7420,"[4.68309,1.729291,3.983049]",
7421,"[4.684136,1.730242,3.983051]",
7422,"[4.791284,1.733763,3.983059]",
7423,"[4.822093,1.73735,3.983066]",
7424,"[4.830271,1.739137,3.98307]",
7425,"[4.840275,1.741339,3.983074]",
7426,"[4.843762,1.742153,3.983076]",
7427,"[4.846571,1.742607,3.983077]",
7428,"[4.850338,1.743375,3.983079]",
7429,"[4.851763,1.743747,3.98308]",
7430,"[4.853923,1.744419,3.983081]",
7431,"[4.854752,1.744752,3.983082]",
7432,"[4.856597,1.745871,3.983084]",
7433,"[4.8589,1.747625,3.983088]",
7434,"[4.862694,1.750375,3.983094]",
7435,"[4.893973,1.7525,3.983098]",
7436,"[4.90766,1.753527,3.9831]",
7437,"[5.038419,1.761815,3.983117]",
7438,"[5.051428,1.76292,3.98312]",
7439,"[5.067249,1.76701,3.983128]",
7440,"[5.071961,1.767984,3.98313]",
7441,"[5.078874,1.76957,3.983134]",
7442,"[5.081754,1.770349,3.983135]",
7443,"[5.084373,1.771128,3.983137]",
7444,"[5.08754,1.772178,3.983139]",
7445,"[5.088677,1.772303,3.983139]",
7446,"[5.090789,1.772681,3.98314]",
7447,"[5.091054,1.772867,3.98314]",
7448,"[5.091636,1.773308,3.983141]",
7449,"[5.091984,1.77358,3.983142]",
7450,"[5.093313,1.775377,3.983146]",
7451,"[5.093862,1.77618,3.983148]",
7452,"[5.093994,1.776151,3.983147]",
7453,"[5.093992,1.776098,3.983147]",
7454,"[5.093839,1.776063,3.983147]",
7455,"[5.082934,1.771448,3.983138]",
7456,"[5.074311,1.767925,3.98313]",
7457,"[4.778573,1.728169,3.983047]",
7458,"[4.696597,1.718777,3.983027]",
7459,"[4.677665,1.716787,3.983023]",
7460,"[4.656878,1.712554,3.983014]",
7461,"[4.649844,1.710129,3.983009]",
7462,"[4.640592,1.706107,3.983001]",
7463,"[4.636677,1.704361,3.982997]",
7464,"[4.631312,1.701595,3.982991]",
7465,"[4.629853,1.701286,3.982991]",
7466,"[4.628401,1.700976,3.98299]",
7467,"[4.627616,1.701318,3.982991]",
7468,"[4.627162,1.701509,3.982991]",
7469,"[4.626211,1.701882,3.982992]",
7470,"[4.625878,1.701887,3.982992]",
7471,"[4.625272,1.701924,3.982992]",
7472,"[4.624858,1.701992,3.982992]",
7473,"[4.624104,1.702271,3.982993]",
7474,"[4.623729,1.702491,3.982993]",
7475,"[4.637422,1.703228,3.982995]",
7476,"[4.651119,1.704375,3.982997]",
7477,"[4.765491,1.699439,3.982987]",
7478,"[4.793689,1.698375,3.982985]",
7479,"[4.800073,1.698288,3.982984]",
7480,"[4.808396,1.699768,3.982987]",
7481,"[4.811148,1.7009,3.98299]",
7482,"[4.812908,1.700601,3.982989]",
7483,"[4.815996,1.700386,3.982989]",
7484,"[4.817429,1.700498,3.982989]",
7485,"[4.819786,1.700443,3.982989]",
7486,"[4.820912,1.700272,3.982989]",
7487,"[4.825605,1.699791,3.982987]",
7488,"[4.827471,1.699651,3.982987]",
7489,"[4.831387,1.69937,3.982987]",
7490,"[4.919728,1.709054,3.983007]",
7491,"[4.939635,1.71136,3.983012]",
7492,"[4.972572,1.714784,3.983019]",
7493,"[4.980801,1.715716,3.983021]",
7494,"[4.994254,1.717803,3.983025]",
7495,"[5.000124,1.718526,3.983027]",
7496,"[5.00841,1.719418,3.983029]",
7497,"[5.011441,1.71882,3.983027]",
7498,"[5.013968,1.718332,3.983026]",
7499,"[5.016576,1.717244,3.983024]",
7500,"[5.017769,1.716833,3.983023]",
7501,"[5.019729,1.716342,3.983022]",
7502,"[5.02051,1.71616,3.983022]",
7503,"[5.021317,1.716128,3.983022]",
7504,"[5.0214,1.716202,3.983022]",
7505,"[5.021588,1.716379,3.983022]",
7506,"[5.021719,1.716504,3.983022]",
7507,"[5.021808,1.716608,3.983023]",
7508,"[5.008898,1.71151,3.983012]",
7509,"[4.999253,1.707561,3.983004]",
7510,"[4.848147,1.65877,3.982902]",
7511,"[4.830115,1.653077,3.98289]",
7512,"[4.809629,1.647821,3.982879]",
7513,"[4.803998,1.646391,3.982876]",
7514,"[4.798767,1.645851,3.982875]",
7515,"[4.792162,1.645065,3.982873]",
7516,"[4.790072,1.644777,3.982872]",
7517,"[4.78676,1.64438,3.982872]",
7518,"[4.785222,1.644225,3.982871]",
7519,"[4.782633,1.64413,3.982871]",
7520,"[4.781368,1.644107,3.982871]",
7521,"[4.780318,1.6441,3.982871]",
7522,"[4.77817,1.643553,3.98287]",
7523,"[4.777065,1.643059,3.982869]",
7524,"[4.774837,1.641628,3.982866]",
7525,"[4.731109,1.641028,3.982864]",
7526,"[4.704739,1.640498,3.982863]",
7527,"[4.698009,1.640393,3.982863]",
7528,"[4.688824,1.639953,3.982862]",
7529,"[4.685735,1.639735,3.982862]",
7530,"[4.683035,1.639615,3.982862]",
7531,"[4.68095,1.639333,3.982861]",
7532,"[4.679884,1.63904,3.98286]",
7533,"[4.678195,1.638521,3.982859]",
7534,"[4.677421,1.638298,3.982859]",
7535,"[4.676311,1.63807,3.982858]",
7536,"[4.675936,1.638065,3.982858]",
7537,"[4.675279,1.638083,3.982858]",
7538,"[4.673969,1.638145,3.982858]",
7539,"[4.673762,1.638056,3.982858]",
7540,"[4.673376,1.63791,3.982858]",
7541,"[4.67318,1.637842,3.982858]",
7542,"[4.672773,1.637678,3.982857]",
7543,"[4.672561,1.637585,3.982857]",
7544,"[4.672371,1.638054,3.982858]",
7545,"[4.672405,1.638299,3.982859]",
7546,"[4.672437,1.638538,3.982859]",
7547,"[4.739388,1.644849,3.982872]",
7548,"[4.759087,1.646508,3.982876]",
7549,"[4.817602,1.645119,3.982873]",
7550,"[4.828238,1.644835,3.982872]",
7551,"[4.839765,1.644574,3.982872]",
7552,"[4.844163,1.644929,3.982872]",
7553,"[4.847544,1.645139,3.982873]",
7554,"[4.853981,1.645295,3.982873]",
7555,"[4.856246,1.645371,3.982873]",
7556,"[4.859334,1.644501,3.982872]",
7557,"[4.860423,1.644211,3.982871]",
7558,"[4.862234,1.643842,3.98287]",
7559,"[4.862957,1.643722,3.98287]",
7560,"[4.864279,1.64344,3.982869]",
7561,"[4.864984,1.643296,3.982869]",
7562,"[4.865358,1.643221,3.982869]",
7563,"[4.866002,1.643032,3.982869]",
7564,"[4.866464,1.643276,3.982869]",
7565,"[4.867093,1.643635,3.98287]",
7566,"[4.867286,1.64377,3.98287]",
7567,"[4.867915,1.64366,3.98287]",
7568,"[4.868209,1.643604,3.98287]",
7569,"[4.879018,1.641928,3.982866]",
7570,"[4.891261,1.640208,3.982863]",
7571,"[4.895669,1.639702,3.982862]",
7572,"[4.901036,1.639029,3.98286]",
7573,"[4.902996,1.638757,3.98286]",
7574,"[4.905241,1.636994,3.982856]",
7575,"[4.905902,1.635195,3.982852]",
7576,"[4.906423,1.633574,3.982849]",
7577,"[4.752486,1.5716,3.982719]",
7578,"[4.738139,1.565892,3.982707]",
7579,"[4.596565,1.558286,3.982691]",
7580,"[4.587048,1.556947,3.982688]",
7581,"[4.561082,1.547406,3.982668]",
7582,"[4.552645,1.543898,3.982661]",
7583,"[4.541168,1.53836,3.982649]",
7584,"[4.536821,1.535796,3.982644]",
7585,"[4.532907,1.533264,3.982639]",
7586,"[4.529461,1.528826,3.98263]",
7587,"[4.527491,1.52563,3.982623]",
7588,"[4.523617,1.518945,3.982609]",
7589,"[4.522563,1.512129,3.982594]",
7590,"[4.555251,1.477533,3.982522]",
7591,"[4.569497,1.462889,3.982491]",
7592,"[4.607007,1.321892,3.982196]",
7593,"[4.609497,1.307056,3.982165]",
7594,"[4.631233,1.203176,3.957912]",
7595,"[4.639326,1.183881,3.885465]",
7596,"[4.642974,1.164551,3.885123]",
7597,"[4.647375,1.138571,3.884709]",
7598,"[4.649568,1.125807,3.884503]",
7599,"[4.651474,1.119789,3.884324]",
7600,"[4.662423,1.108025,3.883294]",
7601,"[4.669814,1.101326,3.8826]",
7602,"[4.68172,1.08532,3.88148]",
7603,"[4.687482,1.074582,3.880939]",
7604,"[4.706504,1.055711,3.879151]",
7605,"[4.714438,1.043801,3.878405]",
7606,"[4.729316,1.019927,3.877007]",
7607,"[4.734398,1.01748,3.876529]",
7608,"[4.740281,1.013506,3.875976]",
7609,"[4.749735,1.005548,3.875087]",
7610,"[4.754001,1.001451,3.874686]",
7611,"[4.763938,0.9893999,3.873752]",
7612,"[4.830894,0.9532309,3.854559]",
7613,"[4.866847,0.9205207,3.858846]",
7614,"[4.877526,0.9094563,3.86012]",
7615,"[4.88591,0.9002268,3.86112]",
7616,"[4.889294,0.8935481,3.861523]",
7617,"[4.889553,0.8936303,3.861554]",
7618,"[4.890337,0.8935419,3.861647]",
7619,"[4.890678,0.8942931,3.861688]",
7620,"[4.889596,0.8989519,3.861559]",
7621,"[4.888202,0.9021319,3.861393]",
7622,"[4.886638,0.9061719,3.861206]",
7623,"[4.882696,0.9123087,3.860736]",
7624,"[4.88036,0.9149703,3.860458]",
7625,"[4.875341,0.9194729,3.859859]",
7626,"[4.872723,0.9212896,3.859547]",
7627,"[4.866569,0.9279921,3.858813]",
7628,"[4.863201,0.9308584,3.858412]",
7629,"[4.860751,0.9330348,3.858119]",
7630,"[4.859107,0.9342097,3.857923]",
7631,"[4.858261,0.9349417,3.857696]",
7632,"[4.855783,0.9385036,3.854939]",
7633,"[4.855689,0.9423974,3.852134]",
7634,"[4.853152,0.9535028,3.839281]",
7635,"[4.851455,0.9614416,3.829788]",
7636,"[4.848466,0.9758638,3.811788]",
7637,"[4.846709,0.9840395,3.801134]",
7638,"[4.844672,0.9927331,3.789468]",
7639,"[4.84059,1.010615,3.765829]",
7640,"[4.841213,1.010983,3.765856]",
7641,"[4.98021,0.6227229,4.337654]",
7642,"[4.98171,0.6226953,4.338382]",
7643,"[4.983876,0.6226634,4.338744]",
7644,"[4.984735,0.6226546,4.338545]",
7645,"[4.9868,0.6226267,4.338664]",
7646,"[4.987972,0.6226077,4.339005]",
7647,"[4.988853,0.622595,4.339125]",
7648,"[4.989925,0.6225845,4.338835]",
7649,"[4.990352,0.6225803,4.338719]",
7650,"[4.991341,0.6225782,4.337783]",
7651,"[4.991804,0.6225799,4.337106]",
7652,"[4.992393,0.6225735,4.337005]",
7653,"[4.992899,0.6226352,4.337871]",
7654,"[4.993356,0.622589,4.339115]",
7655,"[4.994373,0.6225023,4.341802]",
7656,"[4.994919,0.6224378,4.343341]",
7657,"[4.996089,0.6224081,4.341699]",
7658,"[4.997697,0.62238,4.340085]",
7659,"[4.999462,0.6223691,4.33743]",
7660,"[5.000248,0.6223456,4.337507]",
7661,"[5.000408,0.6223352,4.337549]",
7662,"[4.999873,0.6223376,4.337572]",
7663,"[4.999013,0.6223478,4.337494]",
7664,"[4.795455,0.6259799,4.261413]",
7665,"[4.689347,0.6277741,4.229833]",
7666,"[4.630909,0.4301796,4.478653]",
7667,"[4.613395,0.4253674,4.478652]",
7668,"[4.588414,0.4165425,4.478652]",
7669,"[4.578218,0.411877,4.478652]",
7670,"[4.573388,0.4075878,4.478652]",
7671,"[4.561627,0.3971354,4.478652]",
7672,"[4.554408,0.3910262,4.478651]",
7673,"[4.522657,0.7732653,3.923566]",
7674,"[4.494444,0.7547527,3.923571]",
7675,"[4.466751,0.7347805,3.923577]",
7676,"[4.455698,0.7260462,3.923581]",
7677,"[4.453187,0.724717,3.923581]",
7678,"[4.448756,0.7214263,3.923582]",
7679,"[4.447038,0.7196534,3.923583]",
7680,"[4.444289,0.7170058,3.923584]",
7681,"[4.443567,0.7163773,3.923584]",
7682,"[4.44382,0.7156633,3.923585]",
7683,"[4.443727,0.7152461,3.923585]",
7684,"[4.443718,0.7149837,3.923585]",
7685,"[4.443363,0.715073,3.923585]",
7686,"[4.443022,0.7151842,3.923585]",
7687,"[4.444447,0.7149289,3.923586]",
7688,"[4.444851,0.7147898,3.923586]",
7689,"[4.446287,0.7140926,3.923587]",
7690,"[4.44681,0.7136694,3.923588]",
7691,"[4.449356,0.7041947,3.923597]",
7692,"[4.451031,0.6974064,3.923604]",
7693,"[4.452251,0.6921932,3.923609]",
7694,"[4.454089,0.6835198,3.923618]",
7695,"[4.454865,0.67997,3.923621]",
7696,"[4.457329,0.6750861,3.923626]",
7697,"[4.458413,0.6733443,3.923628]",
7698,"[4.460091,0.6709435,3.923631]",
7699,"[4.46083,0.6700035,3.923632]",
7700,"[4.461569,0.6689036,3.923634]",
7701,"[4.462109,0.6684137,3.923634]",
7702,"[4.462845,0.6679815,3.923635]",
7703,"[4.464878,0.6678492,3.923636]",
7704,"[4.46616,0.6681633,3.923636]",
7705,"[4.469144,0.6719307,3.920512]",
7706,"[4.477404,0.7112827,3.879406]",
7707,"[4.489063,0.7744597,3.81334]",
7708,"[4.495173,0.810707,3.775527]",
7709,"[4.494517,0.8106481,3.776062]",
7710,"[4.493673,0.8102624,3.777274]",
7711,"[4.493317,0.8103255,3.778062]",
7712,"[4.493184,0.8103147,3.779033]",
7713,"[4.49299,0.8103659,3.780932]",
7714,"[4.492656,0.8098871,3.782335]",
7715,"[4.492445,0.8096728,3.783007]",
7716,"[4.492192,0.8094825,3.783759]",
7717,"[4.492226,0.8088589,3.785439]",
7718,"[4.492188,0.8085106,3.78634]",
7719,"[4.491845,0.8076747,3.788241]",
7720,"[4.491592,0.8072146,3.789279]",
7721,"[4.491377,0.8058966,3.792251]",
7722,"[4.490818,0.8043419,3.794804]",
7723,"[4.489613,0.7996418,3.801396]",
7724,"[4.489044,0.797138,3.805056]",
7725,"[4.487768,0.7920307,3.812751]",
7726,"[4.487376,0.7901515,3.816626]",
7727,"[4.486351,0.7889073,3.820501]",
7728,"[4.485011,0.7881787,3.82575]",
7729,"[4.484893,0.7896848,3.82603]",
7730,"[4.485405,0.7936116,3.826468]",
7731,"[4.486041,0.7961714,3.82692]",
7732,"[4.485378,0.8012711,3.827878]",
7733,"[4.484653,0.8043181,3.828888]",
7734,"[4.484249,0.808832,3.830953]",
7735,"[4.484331,0.8204932,3.836248]",
7736,"[4.484639,0.8316954,3.843014]",
7737,"[4.484906,0.8701888,3.870286]",
7738,"[4.483293,0.8979279,3.891921]",
7739,"[4.420038,1.028447,4.005826]",
7740,"[4.398553,1.579611,3.982736]",
7741,"[4.394507,1.604567,3.982788]",
7742,"[4.386778,1.665385,3.982915]",
7743,"[4.380335,1.70296,3.982994]",
7744,"[4.376994,1.795902,3.983189]",
7745,"[4.388155,1.817809,3.983235]",
7746,"[4.396183,1.849625,3.983301]",
7747,"[4.396122,1.849537,3.983301]",
7748,"[4.405048,1.82728,3.983254]",
7749,"[4.40905,1.816034,3.983231]",
7750,"[4.410878,1.810654,3.98322]",
7751,"[4.4381,1.764589,3.983123]",
7752,"[4.44975,1.742617,3.983077]",
7753,"[4.460673,1.716603,3.983023]",
7754,"[4.464157,1.706462,3.983001]",
7755,"[4.471791,1.691668,3.98297]",
7756,"[4.475874,1.685391,3.982957]",
7757,"[4.478736,1.676457,3.982939]",
7758,"[4.481247,1.666245,3.982917]",
7759,"[4.481864,1.662865,3.98291]",
7760,"[4.478956,1.65891,3.982902]",
7761,"[4.476408,1.657987,3.9829]",
7762,"[4.460915,1.680648,3.982947]",
7763,"[4.457178,1.686858,3.98296]",
7764,"[4.450041,1.702371,3.982993]",
7765,"[4.448543,1.706928,3.983002]",
7766,"[4.447468,1.710352,3.98301]",
7767,"[4.443641,1.715258,3.98302]",
7768,"[4.442043,1.716867,3.983023]",
7769,"[4.440246,1.71843,3.983027]",
7770,"[4.439515,1.718779,3.983027]",
7771,"[4.438735,1.718767,3.983027]",
7772,"[4.438577,1.718454,3.983027]",
7773,"[4.438856,1.717693,3.983025]",
7774,"[4.441289,1.71075,3.983011]",
7775,"[4.444728,1.703913,3.982996]",
7776,"[4.462086,1.675525,3.982937]",
7777,"[4.475806,1.654798,3.982893]",
7778,"[4.54295,1.583401,3.982744]",
7779,"[4.574626,1.550748,3.982675]",
7780,"[4.686545,1.434771,3.982432]",
7781,"[4.713227,1.405332,3.982371]",
7782,"[4.786853,1.339128,3.982232]",
7783,"[4.904973,0.615603,4.47866]",
7784,"[4.907837,0.6069892,4.478659]",
7785,"[5.031156,0.4776412,4.076042]",
7786,"[5.04497,0.4516713,4.073916]",
7787,"[5.068115,0.4153605,4.07069]",
7788,"[5.081175,0.3960115,4.068923]",
7789,"[5.086298,0.3948137,4.068527]",
7790,"[5.089236,0.4048284,4.068798]",
7791,"[5.091944,0.4110212,4.068907]",
7792,"[5.090168,0.4265749,4.069748]",
7793,"[5.089664,0.4314073,4.070007]",
7794,"[5.082213,0.4492885,4.071334]",
7795,"[5.075382,0.4575197,4.07217]",
7796,"[5.068015,0.4674356,4.073121]",
7797,"[5.065066,0.4741923,4.073631]",
7798,"[5.063261,0.4786732,4.073959]",
7799,"[5.060285,0.503487,4.075312]",
7800,"[5.056779,0.5141143,4.076039]",
7801,"[5.053647,0.5243365,4.076723]",
7802,"[5.051366,0.5278021,4.077035]",
7803,"[5.048838,0.5317582,4.077387]",
7804,"[5.048196,0.5329465,4.077485]",
7805,"[5.047211,0.5342748,4.077612]",
7806,"[5.046801,0.5346782,4.077659]",
7807,"[5.046712,0.5351363,4.077686]",
7808,"[5.045205,0.5362676,4.077838]",
7809,"[5.044089,0.5367846,4.077937]",
7810,"[5.029716,0.5305836,4.078602]",
7811,"[5.020951,0.5256224,4.078953]",
7812,"[4.979049,0.5003302,4.080557]",
7813,"[4.970582,0.4941463,4.080831]",
7814,"[4.963297,0.4892917,4.081089]",
7815,"[4.955364,0.4825601,4.081302]",
7816,"[4.953333,0.4802088,4.081327]",
7817,"[4.95184,0.4794752,4.081392]",
7818,"[4.951426,0.4790206,4.081398]",
7819,"[4.951041,0.477941,4.081374]",
7820,"[4.950956,0.4771289,4.081341]",
7821,"[4.950932,0.4762555,4.081302]",
7822,"[4.936456,0.5238507,4.034401]",
7823,"[4.906592,0.6327925,3.930628]",
7824,"[4.906954,0.6238364,3.938946]",
7825,"[4.9042,0.6230514,3.939517]",
7826,"[4.902434,0.6223556,3.940099]",
7827,"[4.89974,0.6213523,3.941467]",
7828,"[4.898252,0.6210427,3.942344]",
7829,"[4.895666,0.620923,3.94433]",
7830,"[4.894622,0.6208333,3.945139]",
7831,"[4.891907,0.6206247,3.947086]",
7832,"[4.890594,0.6202549,3.947842]",
7833,"[4.888733,0.6190909,3.949551]",
7834,"[4.888013,0.6184314,3.95041]",
7835,"[4.887512,0.6167259,3.952265]",
7836,"[4.887594,0.6156682,3.95328]",
7837,"[4.887781,0.6143344,3.954552]",
7838,"[4.888278,0.6116114,3.957149]",
7839,"[4.885007,0.6112362,3.95984]",
7840,"[4.880966,0.6095656,3.964748]",
7841,"[4.879679,0.6083764,3.967237]",
7842,"[4.878901,0.6056412,3.972172]",
7843,"[4.878677,0.6047228,3.974002]",
7844,"[4.879251,0.6030005,3.977087]",
7845,"[4.879639,0.602293,3.978529]",
7846,"[4.88015,0.6014217,3.980124]",
7847,"[4.880952,0.5992716,3.983657]",
7848,"[4.881126,0.5986005,3.985141]",
7849,"[4.94215,0.3221402,4.251254]",
7850,"[4.94194,0.3221403,4.251109]",
7851,"[4.941775,0.3221402,4.25089]",
7852,"[4.941567,0.3221402,4.250995]",
7853,"[4.941459,0.3221403,4.251122]",
7854,"[4.943112,0.3221402,4.250683]",
7855,"[4.944429,0.3221402,4.250539]",
7856,"[5.118465,0.3221402,4.264199]",
7857,"[5.21584,0.4765903,4.092765]",
7858,"[5.247227,0.5181134,4.044724]",
7859,"[5.263183,0.5186443,4.041893]",
7860,"[5.2835,0.5180565,4.038287]",
7861,"[5.291365,0.5173115,4.03689]",
7862,"[5.297258,0.5153437,4.035839]",
7863,"[5.306814,0.5125983,4.034137]",
7864,"[5.307779,0.5126956,4.033966]",
7865,"[5.310567,0.512659,4.033471]",
7866,"[5.312391,0.5125574,4.033147]",
7867,"[5.313766,0.5140774,4.032907]",
7868,"[5.314887,0.5153425,4.032501]",
7869,"[5.316172,0.5159935,4.032222]",
7870,"[5.319719,0.5180252,4.031584]",
7871,"[5.321424,0.5190565,4.031272]",
7872,"[5.323477,0.5223007,4.030912]",
7873,"[5.323144,0.5245569,4.030864]",
7874,"[5.322595,0.5288402,4.030928]",
7875,"[5.321997,0.5308853,4.031022]",
7876,"[5.322029,0.5343779,4.031006]",
7877,"[5.32189,0.5346864,4.03103]",
7878,"[5.322059,0.5350111,4.031]",
7879,"[5.322675,0.5391319,4.030893]",
7880,"[5.32364,0.5412812,4.030722]",
7881,"[5.323251,0.5463888,4.030793]",
7882,"[5.323308,0.5492815,4.030785]",
7883,"[5.32457,0.5550494,4.030563]",
7884,"[5.326097,0.5583186,4.030293]",
7885,"[5.328503,0.5613337,4.029868]",
7886,"[5.337221,0.5668733,4.028323]",
7887,"[5.545682,0.6175756,3.910624]",
7888,"[5.563473,0.6519954,3.861475]",
7889,"[5.607593,0.7329864,3.739595]",
7890,"[5.625599,0.762045,3.689855]",
7891,"[5.631234,0.7698097,3.674288]",
7892,"[5.633081,0.7732698,3.669187]",
7893,"[5.63766,0.7793614,3.656538]",
7894,"[5.638994,0.7793241,3.652852]",
7895,"[5.641253,0.7795035,3.64661]",
7896,"[5.642444,0.7798481,3.643321]",
7897,"[5.644131,0.7812094,3.638662]",
7898,"[5.644704,0.7823701,3.637077]",
7899,"[5.644882,0.7862772,3.636585]",
7900,"[5.644033,0.7885239,3.638931]",
7901,"[5.643559,0.7911572,3.640242]",
7902,"[5.642746,0.7963842,3.642485]",
7903,"[5.642428,0.7988175,3.643365]",
7904,"[5.640915,0.8024883,3.647544]",
7905,"[5.640678,0.8041945,3.648199]",
7906,"[5.640418,0.8075895,3.648919]",
7907,"[5.639874,0.806937,3.650422]",
7908,"[5.639639,0.8065871,3.65107]",
7909,"[5.638866,0.8054474,3.653206]",
7910,"[5.638929,0.805293,3.653031]",
7911,"[5.640121,0.8052061,3.649737]",
7912,"[5.231036,1.126696,3.388143]",
7913,"[5.235332,1.12413,3.367751]",
7914,"[5.236866,1.121193,3.360476]",
7915,"[5.239153,1.114458,3.349621]",
7916,"[5.240135,1.110699,3.344961]",
7917,"[5.240519,1.108133,3.343143]",
7918,"[5.241541,1.103342,3.338291]",
7919,"[5.24176,1.100713,3.337252]",
7920,"[5.241998,1.095882,3.336121]",
7921,"[5.242013,1.093697,3.33605]",
7922,"[5.242424,1.088945,3.334101]",
7923,"[5.242795,1.086555,3.332343]",
7924,"[5.25128,1.054651,3.292073]",
7925,"[5.25597,1.037651,3.26982]",
7926,"[5.257517,1.032578,3.262479]",
7927,"[5.259522,1.026231,3.252962]",
7928,"[5.260271,1.023796,3.249411]",
7929,"[5.260957,1.021147,3.246157]",
7930,"[5.261464,1.019302,3.243749]",
7931,"[5.262341,1.016606,3.239587]",
7932,"[5.262629,1.016119,3.238219]",
7933,"[5.262607,1.016124,3.238326]",
7934,"[5.262603,1.016277,3.238343]",
7935,"[5.26301,1.016123,3.236414]",
7936,"[5.262926,1.016981,3.236814]",
7937,"[5.262877,1.017888,3.237043]",
7938,"[5.26287,1.019672,3.237078]",
7939,"[5.262798,1.020066,3.23742]",
7940,"[5.262711,1.020026,3.237834]",
7941,"[5.262656,1.019754,3.238091]",
7942,"[5.263223,1.016815,3.235403]",
7943,"[5.264712,0.9931303,3.228336]",
7944,"[5.265668,0.977911,3.2238]",
7945,"[5.267343,0.9603642,3.215854]",
7946,"[5.268218,0.9543199,3.211698]",
7947,"[5.269009,0.9501085,3.207945]",
7948,"[5.270563,0.9449386,3.200571]",
7949,"[5.271264,0.9442415,3.197246]",
7950,"[5.271173,0.9436143,3.197673]",
7951,"[5.271864,0.9425028,3.194398]",
7952,"[5.273166,0.9387638,3.18822]",
7953,"[5.273858,0.9356222,3.184935]",
7954,"[5.274306,0.9284576,3.182809]",
7955,"[5.274954,0.923855,3.179733]",
7956,"[5.275634,0.9195645,3.176509]",
7957,"[5.276972,0.9117926,3.170156]",
7958,"[5.277707,0.9092988,3.166672]",
7959,"[5.278907,0.9049914,3.160975]",
7960,"[5.279538,0.9023865,3.15798]",
7961,"[5.280091,0.8989228,3.155357]",
7962,"[5.280643,0.8961146,3.152738]",
7963,"[5.281707,0.8911915,3.147687]",
7964,"[5.28161,0.892961,3.148152]",
7965,"[5.280953,0.8963985,3.151268]",
7966,"[5.279696,0.9029506,3.157229]",
7967,"[5.279084,0.9061731,3.160135]",
7968,"[5.278257,0.9112487,3.164058]",
7969,"[5.277852,0.9144714,3.165985]",
7970,"[5.277305,0.9174533,3.168576]",
7971,"[5.277109,0.9184675,3.16951]",
7972,"[5.276961,0.9192305,3.170208]",
7973,"[5.276644,0.9200051,3.171714]",
7974,"[5.276431,0.92022,3.172727]",
7975,"[5.276187,0.9198586,3.173884]",
7976,"[5.276114,0.9192768,3.174229]",
7977,"[5.276591,0.9158577,3.171968]",
7978,"[5.27686,0.9139088,3.170691]",
7979,"[5.277136,0.9117755,3.169381]",
7980,"[5.277593,0.9070194,3.167212]",
7981,"[5.277791,0.904304,3.166272]",
7982,"[5.277917,0.896966,3.165673]",
7983,"[5.278063,0.8922809,3.164981]",
7984,"[5.278347,0.8821014,3.163632]",
7985,"[5.278491,0.8767276,3.162948]",
7986,"[5.278478,0.8634444,3.163012]",
7987,"[5.278389,0.8377404,3.163433]",
7988,"[5.278388,0.8278685,3.163438]",
7989,"[5.278379,0.8129911,3.163479]",
7990,"[5.278466,0.8068822,3.163068]",
7991,"[5.278594,0.7982908,3.162464]",
7992,"[5.278644,0.7950772,3.162223]",
7993,"[5.27856,0.7900799,3.162624]",
7994,"[5.278232,0.7882199,3.164178]",
7995,"[5.2779,0.7862982,3.165756]",
7996,"[5.277173,0.7838463,3.169205]",
7997,"[5.276855,0.7831947,3.170711]",
7998,"[5.27639,0.7836535,3.172921]",
7999,"[5.276219,0.7845497,3.173728]",
8000,"[5.276224,0.7861494,3.17371]",
8001,"[5.276227,0.7868144,3.173693]",
8002,"[5.276238,0.7874087,3.173638]",
8003,"[5.276289,0.7883727,3.1734]",
8004,"[5.276327,0.7888144,3.173221]",
8005,"[5.276441,0.7903748,3.17268]",
8006,"[5.276522,0.7915285,3.172295]",
8007,"[5.276637,0.7929973,3.17175]",
8008,"[5.27665,0.7934137,3.171683]",
8009,"[5.276681,0.7939977,3.171538]",
8010,"[5.276679,0.7940209,3.171551]",
8011,"[5.276679,0.7940522,3.171551]",
8012,"[5.276674,0.7942178,3.171571]",
8013,"[5.276677,0.7943736,3.171558]",
8014,"[5.276692,0.7954353,3.171488]",
8015,"[5.27671,0.7960652,3.171404]",
8016,"[5.276767,0.797472,3.171131]",
8017,"[5.276805,0.798207,3.17095]",
8018,"[5.276852,0.7990411,3.170727]",
8019,"[5.27687,0.8003098,3.170641]",
8020,"[5.276827,0.800738,3.170846]",
8021,"[5.276742,0.8018676,3.171251]",
8022,"[5.276697,0.8022667,3.171463]",
8023,"[5.276594,0.8033975,3.171952]",
8024,"[5.27653,0.8041004,3.172254]",
8025,"[5.276334,0.8047572,3.173185]",
8026,"[5.276225,0.80515,3.173704]",
8027,"[5.276092,0.8045834,3.174336]",
8028,"[5.275851,0.8036865,3.175476]",
8029,"[5.275734,0.8033565,3.176033]",
8030,"[5.275602,0.8028803,3.17666]",
8031,"[5.275572,0.8026588,3.176803]",
8032,"[5.275571,0.8022366,3.176808]",
8033,"[5.275571,0.8021048,3.176807]",
8034,"[5.275568,0.8019762,3.176817]",
8035,"[5.27555,0.8017265,3.176906]",
8036,"[5.275527,0.8014941,3.177017]",
8037,"[5.275495,0.8003135,3.17717]",
8038,"[5.275461,0.7995753,3.177328]",
8039,"[5.275393,0.7985,3.177654]",
8040,"[5.275336,0.7978865,3.177922]",
8041,"[5.275261,0.7972394,3.178278]",
8042,"[5.275126,0.7968813,3.178917]",
8043,"[5.27502,0.7965783,3.179422]",
8044,"[5.274617,0.7956684,3.181335]",
8045,"[5.27437,0.7951915,3.182508]",
8046,"[5.273847,0.7941726,3.184986]",
8047,"[5.273824,0.7939317,3.185098]",
8048,"[5.273787,0.7934155,3.185274]",
8049,"[5.273781,0.793143,3.185302]",
8050,"[5.273728,0.7924427,3.185551]",
8051,"[5.273674,0.7919605,3.185807]",
8052,"[5.273569,0.7915888,3.186308]",
8053,"[5.273153,0.790117,3.188281]",
8054,"[5.272861,0.7890946,3.189669]",
8055,"[5.272241,0.7861866,3.19261]",
8056,"[5.271931,0.7843975,3.194082]",
8057,"[5.271476,0.7784392,3.196239]",
8058,"[5.270907,0.7683262,3.19894]",
8059,"[5.270744,0.7642079,3.199712]",
8060,"[5.270541,0.7569266,3.200674]",
8061,"[5.270489,0.7535801,3.200922]",
8062,"[5.270447,0.7477647,3.201119]",
8063,"[5.270403,0.7446398,3.201329]",
8064,"[5.270303,0.7390759,3.201804]",
8065,"[5.270271,0.73775,3.201956]",
8066,"[5.270224,0.7364316,3.202178]",
8067,"[5.270393,0.7361891,3.201378]",
8068,"[5.270467,0.7361239,3.201026]",
8069,"[5.269227,0.7384448,3.19875]",
8070,"[5.220236,0.7994047,3.173882]",
8071,"[5.198099,0.8276946,3.162175]",
8072,"[5.195364,0.8313271,3.160537]",
8073,"[5.322596,0.6749454,3.222136]",
8074,"[5.323164,0.6753501,3.222229]",
8075,"[5.323627,0.6756469,3.22207]",
8076,"[5.324556,0.6763366,3.222413]",
8077,"[5.324902,0.6766177,3.222709]",
8078,"[5.325922,0.6772992,3.222557]",
8079,"[5.326479,0.6776231,3.222142]",
8080,"[5.326962,0.6779256,3.221937]",
8081,"[5.271586,0.7463434,3.195717]",
8082,"[5.271515,0.7459463,3.196051]",
8083,"[5.271221,0.7438588,3.197449]",
8084,"[5.270919,0.7417606,3.198882]",
8085,"[5.27058,0.7404656,3.200492]",
8086,"[5.270463,0.7406074,3.201045]",
8087,"[5.26913,0.7424995,3.200258]",
8088,"[5.208117,0.8180149,3.171735]",
8089,"[5.180468,0.8525476,3.159468]",
8090,"[5.324961,0.676976,3.224893]",
8091,"[5.325788,0.6773567,3.223588]",
8092,"[5.328029,0.6781675,3.218537]",
8093,"[5.32858,0.6783352,3.217077]",
8094,"[5.329184,0.6781403,3.212869]",
8095,"[5.330077,0.6781028,3.208375]",
8096,"[5.275336,0.7466652,3.177922]",
8097,"[5.276078,0.7469818,3.1744]",
8098,"[5.276671,0.7472613,3.171587]",
8099,"[5.277812,0.7477704,3.16617]",
8100,"[5.278111,0.7483168,3.164751]",
8101,"[5.278616,0.7490955,3.162355]",
8102,"[5.27879,0.7501099,3.161533]",
8103,"[5.219605,0.8232485,3.137723]",
8104,"[5.210957,0.8340768,3.134083]",
8105,"[5.338637,0.6802385,3.182456]",
8106,"[5.338786,0.6803203,3.182312]",
8107,"[5.338893,0.6804138,3.182445]",
8108,"[5.338919,0.6804644,3.182673]",
8109,"[5.338868,0.6804549,3.182849]",
8110,"[5.338889,0.6805665,3.183516]",
8111,"[5.338997,0.6807159,3.184033]",
8112,"[5.339134,0.6811554,3.186407]",
8113,"[5.339236,0.681361,3.187338]",
8114,"[5.339385,0.6815735,3.188098]",
8115,"[5.340007,0.6823957,3.190803]",
8116,"[5.340446,0.6829545,3.192566]",
8117,"[5.340511,0.6832896,3.194565]",
8118,"[5.340603,0.6834618,3.195315]",
8119,"[5.34081,0.6838446,3.196967]",
8120,"[5.340611,0.6839148,3.198391]",
8121,"[5.340312,0.6839831,3.200282]",
8122,"[5.339858,0.683817,3.201297]",
8123,"[5.339432,0.6836327,3.202049]",
8124,"[5.338047,0.6830581,3.204664]",
8125,"[5.337341,0.6827261,3.20573]",
8126,"[5.336251,0.6821176,3.206711]",
8127,"[5.335531,0.6817056,3.207294]",
8128,"[5.334694,0.6812378,3.208045]",
8129,"[5.334532,0.6811628,3.208299]",
8130,"[5.334333,0.6810281,3.208317]",
8131,"[5.333864,0.6805878,3.207508]",
8132,"[5.333499,0.6803563,3.207647]",
8133,"[5.33221,0.6794183,3.207306]",
8134,"[5.331322,0.6787297,3.20678]",
8135,"[5.330237,0.6777937,3.205485]",
8136,"[5.33005,0.677559,3.204754]",
8137,"[5.330183,0.6774833,3.203606]",
8138,"[5.330626,0.6773231,3.2004]",
8139,"[5.330694,0.6772662,3.199688]",
8140,"[5.331319,0.6771523,3.195935]",
8141,"[5.331908,0.6771029,3.192799]",
8142,"[5.33371,0.6774835,3.186869]",
8143,"[5.334689,0.6776717,3.183522]",
8144,"[5.335575,0.6778178,3.180322]",
8145,"[5.33757,0.6781392,3.173068]",
8146,"[5.338656,0.6782829,3.168903]",
8147,"[5.340001,0.6783172,3.162758]",
8148,"[5.340419,0.6782112,3.160043]",
8149,"[5.342411,0.6790395,3.156295]",
8150,"[5.343344,0.6794963,3.155009]",
8151,"[5.345304,0.6804119,3.15201]",
8152,"[5.346088,0.6809705,3.152138]",
8153,"[5.346883,0.6815122,3.152091]",
8154,"[5.347932,0.6824376,3.153485]",
8155,"[5.348379,0.6828101,3.153929]",
8156,"[5.348543,0.6830875,3.155059]",
8157,"[5.348565,0.6831846,3.155626]",
8158,"[5.348386,0.6833904,3.157891]",
8159,"[5.348228,0.6834666,3.159164]",
8160,"[5.348066,0.683534,3.160398]",
8161,"[5.347157,0.6838403,3.16682]",
8162,"[5.347297,0.6845725,3.171198]",
8163,"[5.347452,0.6856523,3.177894]",
8164,"[5.347425,0.686021,3.18056]",
8165,"[5.346826,0.6862587,3.185042]",
8166,"[5.346329,0.6862235,3.187155]",
8167,"[5.345974,0.6861686,3.188462]",
8168,"[5.345809,0.6861719,3.189267]",
8169,"[5.345679,0.6862223,3.19023]",
8170,"[5.345501,0.686404,3.192329]",
8171,"[5.345438,0.6865367,3.193536]",
8172,"[5.345421,0.6866771,3.194585]",
8173,"[5.345447,0.6866738,3.19444]",
8174,"[5.345362,0.6865886,3.194257]",
8175,"[5.345284,0.6865827,3.194584]",
8176,"[5.345257,0.6866288,3.195034]",
8177,"[5.345406,0.6869411,3.196478]",
8178,"[5.345547,0.6871873,3.197501]",
8179,"[5.346528,0.6879742,3.198261]",
8180,"[5.347079,0.6884466,3.198902]",
8181,"[5.34804,0.6890664,3.198604]",
8182,"[5.34848,0.6893182,3.19825]",
8183,"[5.348947,0.6896017,3.197986]",
8184,"[5.349768,0.6901349,3.197762]",
8185,"[5.350182,0.6904193,3.197757]",
8186,"[5.35058,0.6907055,3.197837]",
8187,"[5.351152,0.6910298,3.197355]",
8188,"[5.352081,0.6915763,3.196711]",
8189,"[5.352334,0.6913947,3.194259]",
8190,"[5.352427,0.6909209,3.190556]",
8191,"[5.352291,0.6906075,3.189045]",
8192,"[5.352079,0.6902618,3.187669]",
8193,"[5.351688,0.6896988,3.185651]",
8194,"[5.351459,0.6894827,3.185251]",
8195,"[5.350909,0.6890019,3.18455]",
8196,"[5.350559,0.6887154,3.184237]",
8197,"[5.350014,0.6882756,3.183794]",
8198,"[5.349798,0.6881048,3.183646]",
8199,"[5.3496,0.6879307,3.183384]",
8200,"[5.349204,0.6876051,3.183025]",
8201,"[5.348984,0.6874438,3.182958]",
8202,"[5.348493,0.6871033,3.182946]",
8203,"[5.348184,0.6869308,3.183223]",
8204,"[5.348399,0.6877474,3.187821]",
8205,"[5.348355,0.6881742,3.190969]",
8206,"[5.347602,0.6908324,3.212842]",
8207,"[5.349831,0.6983612,3.254094]",
8208,"[5.351192,0.7024619,3.275868]",
8209,"[5.349964,0.707227,3.314497]",
8210,"[5.347581,0.7084596,3.334286]",
8211,"[5.344448,0.7099169,3.35919]",
8212,"[5.341819,0.7096812,3.370041]",
8213,"[5.329113,0.7067297,3.410017]",
8214,"[5.323748,0.7068315,3.436177]",
8215,"[5.315406,0.7052367,3.464786]",
8216,"[5.58242,0.3831295,3.809135]",
8217,"[5.554717,0.382659,3.885666]",
8218,"[5.509035,0.3575329,4.011859]",
8219,"[5.43216,0.4088208,4.011397]",
8220,"[5.357489,0.4560278,4.024674]",
8221,"[5.326541,0.4832495,4.03018]",
8222,"[5.276019,0.513393,4.039162]",
8223,"[5.164463,0.5414312,4.089749]",
8224,"[5.05729,0.5646982,4.098923]",
8225,"[4.68991,0.3592585,4.47865]",
8226,"[4.630437,0.3637815,4.47865]",
8227,"[4.432351,0.7848886,3.917706]",
8228,"[4.337791,0.7454417,3.90854]",
8229,"[4.258643,0.7168372,3.900864]",
8230,"[4.22535,0.7058462,3.897634]",
8231,"[4.131328,0.61594,3.979955]",
8232,"[4.07971,0.6399597,3.925989]",
8233,"[4.051028,0.6369897,3.914651]",
8234,"[4.052572,0.6392754,3.915906]",
8235,"[4.050743,0.6417323,3.914419]",
8236,"[4.088451,0.6406546,3.928861]",
8237,"[4.097144,0.6356905,3.93754]",
8238,"[4.098004,0.6270901,3.948589]",
8239,"[4.110604,0.6276081,3.957713]",
8240,"[4.118454,0.6337061,3.957761]",
8241,"[4.086688,0.6671704,3.927995]",
8242,"[4.060703,0.6731694,3.922518]",
8243,"[4.038604,0.6889414,3.904547]",
8244,"[4.030973,0.6990382,3.898341]",
8245,"[4.025382,0.7063688,3.893793]",
8246,"[4.020782,0.715139,3.890053]",
8247,"[4.018632,0.7191857,3.888305]",
8248,"[4.022077,0.7219183,3.891106]",
8249,"[4.024409,0.7229336,3.893003]",
8250,"[4.033665,0.7205436,3.90053]",
8251,"[4.037369,0.7197017,3.903542]",
8252,"[4.043156,0.7187604,3.908248]",
8253,"[4.045671,0.7183324,3.910294]",
8254,"[4.04758,0.7179953,3.911847]",
8255,"[4.050528,0.7173162,3.914244]",
8256,"[4.051857,0.7176996,3.915325]",
8257,"[4.054045,0.7170038,3.917104]",
8258,"[4.055121,0.7159596,3.917979]",
8259,"[4.060977,0.7115185,3.922741]",
8260,"[4.063365,0.7091469,3.924683]",
8261,"[4.065031,0.7076111,3.925725]",
8262,"[4.069664,0.7074497,3.925193]",
8263,"[4.071766,0.7069837,3.924952]",
8264,"[4.074087,0.7070798,3.925148]",
8265,"[4.075083,0.7075002,3.925297]",
8266,"[4.076564,0.7077162,3.925518]",
8267,"[4.076819,0.7081969,3.925557]",
8268,"[4.076143,0.7102583,3.925455]",
8269,"[4.07521,0.7123166,3.925316]",
8270,"[4.074091,0.7139916,3.925148]",
8271,"[4.068151,0.7179822,3.925367]",
8272,"[4.065752,0.7188858,3.925642]",
8273,"[4.062797,0.7211795,3.924222]",
8274,"[4.061566,0.7224246,3.923221]",
8275,"[4.059722,0.7259381,3.921721]",
8276,"[4.058609,0.7289299,3.920816]",
8277,"[4.055796,0.7358716,3.918528]",
8278,"[4.054143,0.7395515,3.917184]",
8279,"[4.054106,0.7415168,3.917154]",
8280,"[4.053302,0.7455852,3.9165]",
8281,"[4.052474,0.747755,3.915827]",
8282,"[4.048894,0.753004,3.912915]",
8283,"[4.046441,0.7557195,3.91092]",
8284,"[4.041937,0.7605143,3.907257]",
8285,"[4.039572,0.7628624,3.905334]",
8286,"[4.039236,0.763664,3.90506]",
8287,"[4.038282,0.7659709,3.904285]",
8288,"[4.037663,0.7676541,3.903782]",
8289,"[4.037698,0.7723583,3.90381]",
8290,"[4.037539,0.7757614,3.90368]",
8291,"[4.040754,0.7818495,3.906296]",
8292,"[4.041902,0.7849594,3.907229]",
8293,"[4.043363,0.7911092,3.908417]",
8294,"[4.044385,0.7929414,3.909248]",
8295,"[4.045188,0.7948962,3.909902]",
8296,"[4.05244,0.7971056,3.915799]",
8297,"[4.054937,0.7974825,3.91783]",
8298,"[4.060194,0.7981328,3.922104]",
8299,"[4.062971,0.7985315,3.924363]",
8300,"[4.068379,0.8008589,3.925341]",
8301,"[4.070547,0.802368,3.925092]",
8302,"[4.072555,0.8036058,3.924919]",
8303,"[4.075596,0.8037829,3.925374]",
8304,"[4.077177,0.8030253,3.92561]",
8305,"[4.080309,0.7998954,3.926079]",
8306,"[4.081937,0.79759,3.926322]",
8307,"[4.083923,0.7926995,3.926638]",
8308,"[4.084571,0.7890012,3.926956]",
8309,"[4.085481,0.7832206,3.927402]",
8310,"[4.085833,0.7804297,3.927575]",
8311,"[4.086007,0.778411,3.927661]",
8312,"[4.085906,0.7754637,3.927611]",
8313,"[4.085589,0.7742457,3.927455]",
8314,"[4.083111,0.7725778,3.926498]",
8315,"[4.081491,0.7714336,3.926255]",
8316,"[4.079505,0.7695733,3.925958]",
8317,"[4.078978,0.7687831,3.925879]",
8318,"[4.078318,0.7680603,3.925781]",
8319,"[4.076754,0.7646668,3.925547]",
8320,"[4.076375,0.7625149,3.92549]",
8321,"[4.074456,0.7581407,3.925203]",
8322,"[4.072796,0.7556372,3.924955]",
8323,"[4.069539,0.7508669,3.925208]",
8324,"[4.068924,0.7490661,3.925278]",
8325,"[4.068027,0.7472463,3.925381]",
8326,"[4.065659,0.7445285,3.925653]",
8327,"[4.065026,0.744912,3.925726]",
8328,"[4.064745,0.7465737,3.925758]",
8329,"[4.065023,0.7478408,3.925726]",
8330,"[4.065526,0.7508876,3.925668]",
8331,"[4.065779,0.7528846,3.925639]",
8332,"[4.06393,0.7512394,3.925143]",
8333,"[4.063235,0.7510151,3.924578]",
8334,"[4.054788,0.7497078,3.917708]",
8335,"[4.043362,0.746435,3.908416]",
8336,"[4.039432,0.7447109,3.90522]",
8337,"[4.032992,0.7404284,3.899983]",
8338,"[4.030366,0.738206,3.897847]",
8339,"[4.026065,0.7327846,3.89435]",
8340,"[4.023596,0.7277595,3.892341]",
8341,"[4.021456,0.723068,3.890601]",
8342,"[4.021591,0.7072191,3.890711]",
8343,"[4.021446,0.6986133,3.890593]",
8344,"[4.016181,0.5469724,3.886311]",
8345,"[4.016756,0.5021164,3.886778]",
8346,"[4.01673,0.45391,3.886757]",
8347,"[4.016374,0.4374349,3.886468]",
8348,"[4.015661,0.4196866,3.885888]",
8349,"[4.015319,0.4153445,3.88561]",
8350,"[4.015143,0.4138054,3.885467]",
8351,"[4.014778,0.4100053,3.88517]",
8352,"[4.014689,0.409251,3.885098]",
8353,"[4.014347,0.4085077,3.88482]",
8354,"[4.014063,0.4084778,3.884588]",
8355,"[4.013403,0.4090416,3.884052]",
8356,"[4.012989,0.4096093,3.883715]",
8357,"[4.012133,0.4110809,3.883019]",
8358,"[4.01093,0.4140288,3.88204]",
8359,"[4.010491,0.4156303,3.881684]",
8360,"[4.009634,0.4183984,3.880986]",
8361,"[4.009081,0.4198934,3.880537]",
8362,"[4.008677,0.4209541,3.880208]",
8363,"[4.008425,0.4214025,3.880003]",
8364,"[4.008894,0.4210198,3.880385]",
8365,"[4.009063,0.4206399,3.880522]",
8366,"[4.009253,0.4204431,3.880677]",
8367,"[4.008935,0.4208419,3.880419]",
8368,"[4.008873,0.4210388,3.880368]",
8369,"[4.008886,0.4241523,3.880378]",
8370,"[4.00917,0.4255033,3.880609]",
8371,"[4.010326,0.42864,3.88155]",
8372,"[4.010931,0.4289689,3.882041]",
8373,"[4.011628,0.429689,3.882608]",
8374,"[4.014128,0.4320066,3.884641]",
8375,"[4.015558,0.4339627,3.885804]",
8376,"[4.018566,0.4387045,3.888251]",
8377,"[4.019359,0.4414095,3.888896]",
8378,"[4.020251,0.446328,3.889621]",
8379,"[4.020491,0.4492643,3.889816]",
8380,"[4.020739,0.454459,3.890018]",
8381,"[4.020751,0.4569939,3.890028]",
8382,"[4.020265,0.4681398,3.889632]",
8383,"[4.015207,0.4980671,3.885519]",
8384,"[4.011332,0.5149117,3.882367]",
8385,"[3.972482,0.6826994,3.850772]",
8386,"[3.961752,0.726448,3.842046]",
8387,"[3.94752,0.784447,3.830472]",
8388,"[3.94351,0.7988479,3.827211]",
8389,"[3.939018,0.8115023,3.823558]",
8390,"[3.932605,0.8271026,3.818342]",
8391,"[3.929622,0.8335402,3.815916]",
8392,"[3.925337,0.8414365,3.812432]",
8393,"[3.923141,0.845615,3.810646]",
8394,"[3.922017,0.8511037,3.809731]",
8395,"[3.92181,0.8539457,3.809563]",
8396,"[3.921249,0.8603031,3.809107]",
8397,"[3.921005,0.8616071,3.808908]",
8398,"[3.920728,0.8630625,3.808683]",
8399,"[3.920272,0.8636496,3.808312]",
8400,"[3.919713,0.8639273,3.807858]",
8401,"[3.918254,0.8650916,3.806671]",
8402,"[3.917233,0.8660901,3.80584]",
8403,"[3.915933,0.8676305,3.804783]",
8404,"[3.915682,0.8682194,3.804579]",
8405,"[3.915361,0.8688896,3.804318]",
8406,"[3.914967,0.8702761,3.803998]",
8407,"[3.914831,0.8709614,3.803887]",
8408,"[3.914649,0.8718638,3.803739]",
8409,"[3.914661,0.8719547,3.803749]",
8410,"[3.914651,0.8721624,3.803741]",
8411,"[3.914644,0.8722935,3.803735]",
8412,"[3.915143,0.8719355,3.804141]",
8413,"[3.915787,0.8715646,3.804665]",
8414,"[3.916305,0.8709459,3.805086]",
8415,"[3.918028,0.8686543,3.806488]",
8416,"[3.919167,0.8672878,3.807413]",
8417,"[3.92117,0.8653794,3.809043]",
8418,"[3.922121,0.8648755,3.809816]",
8419,"[3.924032,0.8637074,3.81137]",
8420,"[3.925085,0.8634185,3.812226]",
8421,"[3.926504,0.8626473,3.813381]",
8422,"[3.929911,0.8615665,3.816151]",
8423,"[3.931919,0.8611689,3.817785]",
8424,"[3.933643,0.8606702,3.819186]",
8425,"[3.934744,0.8596158,3.820082]",
8426,"[3.937152,0.8575246,3.82204]",
8427,"[3.937782,0.8569445,3.822552]",
8428,"[3.938455,0.8563414,3.8231]",
8429,"[3.93957,0.855841,3.824007]",
8430,"[3.940107,0.8556404,3.824443]",
8431,"[3.940681,0.8555074,3.82491]",
8432,"[3.940573,0.8555773,3.824822]",
8433,"[3.940145,0.8567181,3.824474]",
8434,"[3.939802,0.857712,3.824195]",
8435,"[3.785872,0.998859,3.699011]",
8436,"[3.769711,1.012031,3.685867]",
8437,"[3.737641,1.034979,3.659786]",
8438,"[3.717562,1.047673,3.643457]",
8439,"[3.709488,1.051273,3.636891]",
8440,"[3.700887,1.05353,3.629896]",
8441,"[3.698298,1.053491,3.62779]",
8442,"[3.694132,1.052778,3.624403]",
8443,"[3.692786,1.052245,3.623307]",
8444,"[3.692328,1.053007,3.622935]",
8445,"[3.692594,1.054781,3.623152]",
8446,"[3.693697,1.05622,3.624048]",
8447,"[3.6986,1.059766,3.628036]",
8448,"[3.701871,1.061726,3.630696]",
8449,"[3.705453,1.065474,3.633609]",
8450,"[3.705657,1.068055,3.633775]",
8451,"[3.708932,1.074453,3.636438]",
8452,"[3.712985,1.078031,3.639734]",
8453,"[3.72071,1.082281,3.646017]",
8454,"[4.000676,0.9814001,3.873702]",
8455,"[4.019179,0.9748799,3.888749]",
8456,"[4.391425,0.8769668,3.913654]",
8457,"[4.844171,0.4972618,4.418305]",
8458,"[4.831579,0.607649,4.191669]",
8459,"[4.837776,0.6271875,4.142489]",
8460,"[4.853433,0.6261764,4.129996]",
8461,"[4.854431,0.6222458,4.116299]",
8462,"[4.852267,0.6181104,4.11648]",
8463,"[4.850914,0.6112038,4.11659]",
8464,"[4.843592,0.6090004,4.117214]",
8465,"[4.825381,0.6079029,4.118979]",
8466,"[4.826329,0.5956625,4.138863]",
8467,"[4.827671,0.5807008,4.165317]",
8468,"[4.827934,0.5779111,4.170393]",
8469,"[4.828214,0.5775816,4.173913]",
8470,"[4.82842,0.5777961,4.176161]",
8471,"[4.828424,0.5779923,4.17607]",
8472,"[4.828502,0.5776864,4.177208]",
8473,"[4.828564,0.5771633,4.178309]",
8474,"[4.828692,0.5749524,4.181395]",
8475,"[4.828971,0.5680542,4.189615]",
8476,"[4.829132,0.5628747,4.195222]",
8477,"[4.8298,0.5395289,4.219809]",
8478,"[4.830139,0.5252579,4.234026]",
8479,"[4.830429,0.5058976,4.251331]",
8480,"[4.8304,0.5002075,4.255084]",
8481,"[4.830759,0.4932447,4.264288]",
8482,"[4.830955,0.4900572,4.268867]",
8483,"[4.831051,0.488097,4.271405]",
8484,"[4.831145,0.487814,4.272705]",
8485,"[4.831111,0.4882881,4.27197]",
8486,"[4.830557,0.4891661,4.264854]",
8487,"[4.842212,0.5519619,4.117287]",
8488,"[4.899498,0.5213408,4.112369]",
8489,"[4.916817,0.5084085,4.110879]",
8490,"[4.938134,0.4892658,4.109043]",
8491,"[4.946144,0.4802807,4.108352]",
8492,"[4.949807,0.4737864,4.108034]",
8493,"[4.955811,0.4618592,4.107511]",
8494,"[4.95655,0.4579837,4.107445]",
8495,"[4.957473,0.4538629,4.107363]",
8496,"[4.957732,0.4533333,4.10734]",
8497,"[4.957675,0.4527244,4.107345]",
8498,"[4.95721,0.4527184,4.107384]",
8499,"[4.95586,0.4541522,4.107501]",
8500,"[4.947375,0.4571859,4.108228]",
8501,"[4.935867,0.4598623,4.109213]",
8502,"[4.885943,0.4735307,4.113489]",
8503,"[4.84923,0.4821012,4.116632]",
8504,"[4.710164,0.3221402,4.39066]",
8505,"[4.518544,0.661485,3.926187]",
8506,"[4.029588,0.7594795,3.897214]",
8507,"[3.868747,0.8494593,3.766409]",
8508,"[3.837528,0.8656477,3.74102]",
8509,"[3.725916,0.9255476,3.650251]",
8510,"[3.707816,0.9346253,3.635531]",
8511,"[3.680803,0.9545004,3.613562]",
8512,"[3.682081,0.9585562,3.614601]",
8513,"[3.68067,0.9664233,3.613454]",
8514,"[3.680952,0.9685479,3.613683]",
8515,"[3.68353,0.9692655,3.61578]",
8516,"[3.691064,0.9677294,3.621907]",
8517,"[3.69434,0.9666808,3.624571]",
8518,"[3.702053,0.9614613,3.630844]",
8519,"[3.705476,0.9585708,3.633628]",
8520,"[3.713958,0.9512098,3.640526]",
8521,"[3.715695,0.9497893,3.641938]",
8522,"[3.716659,0.9489527,3.642722]",
8523,"[3.734225,0.9344438,3.657008]",
8524,"[3.739686,0.9300384,3.661449]",
8525,"[3.747636,0.9248879,3.667915]",
8526,"[3.750556,0.9232426,3.670289]",
8527,"[3.752782,0.9219805,3.6721]",
8528,"[3.753153,0.9218399,3.672402]",
8529,"[3.730828,0.9231441,3.654245]",
8530,"[3.723159,0.9243418,3.648009]",
8531,"[3.717239,0.9252903,3.643194]",
8532,"[3.714905,0.9250064,3.641296]",
8533,"[3.71331,0.924504,3.639998]",
8534,"[3.709385,0.9243358,3.636806]",
8535,"[3.707954,0.9223802,3.635643]",
8536,"[3.70531,0.9205842,3.62993]",
8537,"[3.706747,0.9210001,3.626423]",
8538,"[3.708099,0.9215193,3.622057]",
8539,"[3.713829,0.9249577,3.609292]",
8540,"[3.718096,0.9280136,3.602355]",
8541,"[3.727686,0.9387068,3.582725]",
8542,"[3.733924,0.9454781,3.571942]",
8543,"[3.748221,0.9639862,3.544898]",
8544,"[3.7559,0.9747076,3.529964]",
8545,"[3.77107,0.9822342,3.51958]",
8546,"[3.790384,1.010846,3.478438]",
8547,"[3.801338,1.026541,3.455917]",
8548,"[3.815835,1.043088,3.431827]",
8549,"[3.634475,0.7130653,3.907857]",
8550,"[3.642125,0.7130653,3.899678]",
8551,"[3.645165,0.7130653,3.896067]",
8552,"[3.650717,0.7130653,3.889397]",
8553,"[3.655282,0.7130653,3.887355]",
8554,"[3.658809,0.7130653,3.885567]",
8555,"[3.665018,0.7130653,3.882314]",
8556,"[3.667951,0.7130653,3.880773]",
8557,"[3.67128,0.7130653,3.878826]",
8558,"[3.672238,0.7130653,3.87817]",
8559,"[3.673816,0.7130653,3.8793]",
8560,"[3.674502,0.7130653,3.879807]",
8561,"[3.674984,0.7130653,3.880126]",
8562,"[3.675568,0.7130653,3.880769]",
8563,"[3.675706,0.7130653,3.881039]",
8564,"[3.675855,0.7130653,3.880357]",
8565,"[3.675714,0.7130653,3.880286]",
8566,"[3.675177,0.7130653,3.879545]",
8567,"[3.676132,0.7130653,3.878832]",
8568,"[3.677176,0.7130653,3.878154]",
8569,"[3.6774,0.7130653,3.878514]",
8570,"[3.677674,0.7130653,3.87831]",
8571,"[3.677663,0.7130653,3.879378]",
8572,"[3.677674,0.7130653,3.880342]",
8573,"[3.677663,0.7130653,3.88253]",
8574,"[3.6777,0.7130653,3.883789]",
8575,"[3.677952,0.7130653,3.889611]",
8576,"[3.67816,0.7130653,3.894808]",
8577,"[3.678397,0.7130653,3.901533]",
8578,"[3.669959,0.7130653,3.930219]",
8579,"[3.664348,0.7130653,3.951406]",
8580,"[3.651235,0.7130653,3.999326]",
8581,"[3.644075,0.7130653,4.031166]",
8582,"[3.634329,0.7130653,4.098967]",
8583,"[3.633446,0.7130653,4.120825]",
8584,"[3.63062,0.7130653,4.243189]",
8585,"[3.59773,0.6467683,4.465419]",
8586,"[3.477487,0.3997774,5.04]",
8587,"[3.744464,1.026226,5.04]",
8588,"[3.780636,1.093171,5.04]",
8589,"[4.068672,1.694805,3.93097]",
8590,"[4.256042,1.777683,3.983151]",
8591,"[4.353776,1.803975,3.983206]",
8592,"[4.383741,1.812266,3.983223]",
8593,"[4.403387,1.818982,3.983237]",
8594,"[4.423725,1.814551,3.983228]",
8595,"[4.421112,1.799468,3.983196]",
8596,"[4.421056,1.787686,3.983172]",
8597,"[4.419295,1.770182,3.983135]",
8598,"[4.417432,1.753459,3.9831]",
8599,"[4.41701,1.748983,3.983091]",
8600,"[4.409438,1.735081,3.983061]",
8601,"[4.408329,1.730746,3.983052]",
8602,"[4.403809,1.721981,3.983034]",
8603,"[4.398076,1.702746,3.982994]",
8604,"[4.397039,1.693996,3.982975]",
8605,"[4.398148,1.681601,3.982949]",
8606,"[4.399513,1.67568,3.982937]",
8607,"[4.396061,1.66476,3.982914]",
8608,"[4.390246,1.65968,3.982903]",
8609,"[4.378553,1.649251,3.982882]",
8610,"[4.371823,1.643886,3.98287]",
8611,"[4.358722,1.633275,3.982848]",
8612,"[4.320428,1.61152,3.982803]",
8613,"[4.297895,1.594215,3.982766]",
8614,"[4.237757,1.538203,3.982649]",
8615,"[4.181576,1.495504,3.98256]",
8616,"[3.953107,1.21903,5.04]",
8617,"[3.89372,1.18015,5.04]",
8618,"[3.829612,1.123996,5.04]",
8619,"[3.630139,0.9027137,5.04]",
8620,"[3.519152,0.8141135,5.04]",
8621,"[3.382537,0.6909061,5.04]",
8622,"[3.183861,0.507387,5.04]",
8623,"[3.486944,0.6925373,3.832469]",
8624,"[3.4918,0.6925373,3.793282]",
8625,"[3.491728,0.6925373,3.776991]",
8626,"[3.485822,0.6868831,3.759677]",
8627,"[3.486256,0.6870583,3.759908]",
8628,"[3.48884,0.6925373,3.76905]",
8629,"[3.487934,0.6925373,3.778126]",
8630,"[3.503914,0.6925373,3.806525]",
8631,"[3.513286,0.6925373,3.818601]",
8632,"[3.526407,0.6925373,3.841301]",
8633,"[3.554227,0.7008487,3.861173]",
8634,"[3.568763,0.7100123,3.861173]",
8635,"[3.591297,0.7130654,3.873378]",
8636,"[3.600253,0.7130653,3.878762]",
8637,"[3.611865,0.7130653,3.88393]",
8638,"[3.615873,0.7130653,3.88582]",
8639,"[3.624699,0.7130653,3.876905]",
8640,"[3.629497,0.7130653,3.869881]",
8641,"[3.63268,0.7130653,3.865365]",
8642,"[3.635191,0.7130653,3.862373]",
8643,"[3.636048,0.7130653,3.861426]",
8644,"[3.636587,0.7101181,3.861173]",
8645,"[3.636564,0.7071362,3.861173]",
8646,"[3.636249,0.7001532,3.861173]",
8647,"[3.636077,0.6947221,3.861173]",
8648,"[3.63889,0.6925373,3.853573]",
8649,"[3.640568,0.6925373,3.849683]",
8650,"[3.641646,0.6925373,3.847566]",
8651,"[3.642684,0.6925373,3.845625]",
8652,"[3.6428,0.6925373,3.845269]",
8653,"[3.642675,0.6925373,3.844996]",
8654,"[3.642337,0.6925373,3.844971]",
8655,"[3.641124,0.6925373,3.842351]",
8656,"[3.639673,0.6902492,3.841516]",
8657,"[3.638676,0.6850502,3.840985]",
8658,"[3.635715,0.6726196,3.839411]",
8659,"[3.633798,0.665507,3.838391]",
8660,"[3.629531,0.6501635,3.836121]",
8661,"[3.62744,0.6424859,3.835008]",
8662,"[3.627215,0.6298962,3.834889]",
8663,"[3.626982,0.6242738,3.834765]",
8664,"[3.627449,0.6158622,3.835013]",
8665,"[3.627603,0.6142865,3.835095]",
8666,"[3.627684,0.6128573,3.835138]",
8667,"[3.627193,0.6135737,3.834877]",
8668,"[3.626931,0.613919,3.834738]",
8669,"[3.626265,0.6157163,3.834383]",
8670,"[3.626819,0.6166245,3.834678]",
8671,"[3.627546,0.6179212,3.835065]",
8672,"[3.628231,0.6190608,3.835429]",
8673,"[3.628755,0.6199734,3.835708]",
8674,"[3.629112,0.6217374,3.835898]",
8675,"[3.629406,0.6225044,3.836054]",
8676,"[3.629736,0.6237078,3.83623]",
8677,"[3.63124,0.6263163,3.83703]",
8678,"[3.633264,0.6307914,3.838106]",
8679,"[3.633994,0.6327413,3.838495]",
8680,"[3.634887,0.6355744,3.83897]",
8681,"[3.635135,0.6366486,3.839102]",
8682,"[3.634954,0.6377527,3.839005]",
8683,"[3.634061,0.6398423,3.83853]",
8684,"[3.633245,0.6409141,3.838096]",
8685,"[3.631361,0.642482,3.83708]",
8686,"[3.630241,0.642997,3.836462]",
8687,"[3.628319,0.6437939,3.835414]",
8688,"[3.627247,0.644118,3.83483]",
8689,"[3.627351,0.6441288,3.834865]",
8690,"[3.627609,0.6445022,3.834957]",
8691,"[3.627773,0.6448446,3.835005]",
8692,"[3.628247,0.646996,3.835203]",
8693,"[3.628441,0.6480309,3.835278]",
8694,"[3.630798,0.6508206,3.836474]",
8695,"[3.633536,0.6544148,3.8379]",
8696,"[3.635608,0.6568323,3.838966]",
8697,"[3.638796,0.6591127,3.840593]",
8698,"[3.64019,0.6593948,3.841298]",
8699,"[3.641775,0.658079,3.84206]",
8700,"[3.642674,0.657001,3.842503]",
8701,"[3.644796,0.6541892,3.843565]",
8702,"[3.645964,0.6534099,3.844157]",
8703,"[3.647498,0.65296,3.844946]",
8704,"[3.647897,0.6532282,3.845136]",
8705,"[3.648069,0.6531829,3.845215]",
8706,"[3.648723,0.6522502,3.845548]",
8707,"[3.648915,0.6524409,3.845626]",
8708,"[3.649386,0.6519451,3.845798]",
8709,"[3.649724,0.6512823,3.845912]",
8710,"[3.650199,0.6502992,3.846107]",
8711,"[3.650713,0.6487568,3.846198]",
8712,"[3.65106,0.6476997,3.846284]",
8713,"[3.652021,0.6449559,3.84659]",
8714,"[3.652523,0.6443942,3.846733]",
8715,"[3.6539,0.6432726,3.84726]",
8716,"[3.655028,0.6426212,3.84775]",
8717,"[3.658437,0.6435034,3.849355]",
8718,"[3.661148,0.6441932,3.850696]",
8719,"[3.708484,0.6938846,3.861173]",
8720,"[3.801608,0.6925373,3.945167]",
8721,"[3.822726,0.6925373,3.961071]",
8722,"[3.846575,0.6925373,3.977593]",
8723,"[3.85633,0.6925373,3.983682]",
8724,"[3.868341,0.6925373,3.991819]",
8725,"[3.873718,0.6925373,3.995011]",
8726,"[3.885938,0.6925373,4.000494]",
8727,"[3.88893,0.6925373,4.000609]",
8728,"[3.892852,0.6925373,4.001072]",
8729,"[3.901202,0.6925373,4.002181]",
8730,"[3.9069,0.6925373,4.00322]",
8731,"[3.912226,0.6925373,4.005024]",
8732,"[3.914419,0.6925373,4.006138]",
8733,"[3.917531,0.6925373,4.008353]",
8734,"[3.91851,0.6925373,4.009608]",
8735,"[3.92023,0.6925373,4.012578]",
8736,"[3.920867,0.6925373,4.013947]",
8737,"[3.920297,0.6925373,4.015953]",
8738,"[3.920595,0.6925373,4.018527]",
8739,"[3.920541,0.6925373,4.019354]",
8740,"[3.919785,0.6925373,4.020769]",
8741,"[3.919013,0.6925373,4.021356]",
8742,"[3.917696,0.6925373,4.020821]",
8743,"[3.917233,0.6925373,4.020442]",
8744,"[3.916787,0.6925373,4.019145]",
8745,"[3.915768,0.6925373,4.017274]",
8746,"[3.915177,0.6925373,4.016626]",
8747,"[3.913903,0.6925373,4.015758]",
8748,"[3.913195,0.6925373,4.015477]",
8749,"[3.911324,0.6925373,4.01575]",
8750,"[3.909134,0.6925373,4.017798]",
8751,"[3.907358,0.6925373,4.019553]",
8752,"[3.904947,0.6925373,4.022232]",
8753,"[3.904026,0.6925373,4.023355]",
8754,"[3.903918,0.6925373,4.02501]",
8755,"[3.903901,0.6925373,4.025671]",
8756,"[3.904928,0.6925373,4.026867]",
8757,"[3.905224,0.6925373,4.026958]",
8758,"[3.905287,0.6925373,4.02696]",
8759,"[3.905116,0.6925373,4.02686]",
8760,"[3.904825,0.6925373,4.026647]",
8761,"[3.903917,0.6925373,4.026508]",
8762,"[3.903106,0.6925373,4.02648]",
8763,"[3.899894,0.6925373,4.024997]",
8764,"[3.898745,0.6925373,4.023705]",
8765,"[3.89338,0.6925373,4.016539]",
8766,"[3.889172,0.6925373,4.010425]",
8767,"[3.88341,0.6925373,3.999722]",
8768,"[3.871699,0.6925373,3.979443]",
8769,"[3.731451,0.5232588,3.949727]",
8770,"[3.679323,0.4950385,3.91077]",
8771,"[3.659177,0.4802158,3.900054]",
8772,"[3.637561,0.4655235,3.888555]",
8773,"[3.630381,0.4612844,3.884736]",
8774,"[3.624488,0.4621213,3.881602]",
8775,"[3.62231,0.4661388,3.880443]",
8776,"[3.620397,0.4695881,3.879425]",
8777,"[3.619862,0.4741265,3.879141]",
8778,"[3.620996,0.4756476,3.879744]",
8779,"[3.626729,0.4786164,3.882794]",
8780,"[3.628737,0.4798167,3.883862]",
8781,"[3.631819,0.4810664,3.885501]",
8782,"[3.633737,0.4810561,3.886521]",
8783,"[3.635396,0.4808235,3.887404]",
8784,"[3.637827,0.4800097,3.888697]",
8785,"[3.638795,0.4795121,3.889212]",
8786,"[3.629432,0.4697981,3.884231]",
8787,"[3.625301,0.46647,3.882034]",
8788,"[3.619989,0.4620818,3.879208]",
8789,"[3.618398,0.4607752,3.878362]",
8790,"[3.616055,0.458244,3.877115]",
8791,"[3.615246,0.4571081,3.876685]",
8792,"[3.614591,0.4556612,3.876337]",
8793,"[3.613659,0.4531882,3.875841]",
8794,"[3.613167,0.4517943,3.87558]",
8795,"[3.612191,0.4491395,3.87506]",
8796,"[3.611652,0.4478728,3.874774]",
8797,"[3.610677,0.4467731,3.874255]",
8798,"[3.610155,0.4468438,3.873977]",
8799,"[3.60966,0.4486469,3.873714]",
8800,"[3.608565,0.4515373,3.873132]",
8801,"[3.607832,0.452841,3.872742]",
8802,"[3.606666,0.4546873,3.872121]",
8803,"[3.606132,0.4553678,3.871837]",
8804,"[3.604435,0.4531715,3.870935]",
8805,"[3.603631,0.4521563,3.870507]",
8806,"[3.602964,0.4515316,3.870152]",
8807,"[3.601434,0.4505507,3.869339]",
8808,"[3.600552,0.4501293,3.868869]",
8809,"[3.598907,0.4507842,3.867994]",
8810,"[3.598222,0.4515902,3.86763]",
8811,"[3.597099,0.4533843,3.867032]",
8812,"[3.596761,0.4559077,3.866852]",
8813,"[3.596214,0.4599881,3.866562]",
8814,"[3.596193,0.4614874,3.86655]",
8815,"[3.596187,0.4629114,3.866547]",
8816,"[3.596787,0.4647785,3.866866]",
8817,"[3.596945,0.4644023,3.86695]",
8818,"[3.597311,0.4638404,3.867145]",
8819,"[3.597494,0.463688,3.867243]",
8820,"[3.597978,0.4636489,3.8675]",
8821,"[3.598286,0.4636182,3.867664]",
8822,"[3.598588,0.4635146,3.867824]",
8823,"[3.598714,0.4616311,3.867891]",
8824,"[3.599018,0.4607253,3.868053]",
8825,"[3.605577,0.4572672,3.871542]",
8826,"[3.610835,0.4549915,3.874339]",
8827,"[3.631424,0.4519947,3.885291]",
8828,"[3.642213,0.4514804,3.89103]",
8829,"[3.655056,0.4490794,3.897862]",
8830,"[3.659564,0.4496016,3.90026]",
8831,"[3.661185,0.4510128,3.901122]",
8832,"[3.664022,0.4557449,3.902631]",
8833,"[3.66526,0.4586497,3.90329]",
8834,"[3.667829,0.462695,3.904656]",
8835,"[3.66859,0.4645675,3.905061]",
8836,"[3.669503,0.4672946,3.905547]",
8837,"[3.669791,0.4695835,3.905699]",
8838,"[3.670038,0.4748519,3.905831]",
8839,"[3.66975,0.4842283,3.905678]",
8840,"[3.669533,0.4846036,3.905562]",
8841,"[3.669607,0.4812776,3.905602]",
8842,"[3.669988,0.4768393,3.905804]",
8843,"[3.670254,0.4701058,3.905946]",
8844,"[3.670162,0.4639786,3.905897]",
8845,"[3.669983,0.4565618,3.905802]",
8846,"[3.670008,0.4549774,3.905815]",
8847,"[3.670421,0.4588883,3.906034]",
8848,"[3.671064,0.469494,3.906377]",
8849,"[3.671563,0.4721858,3.906642]",
8850,"[3.674891,0.4686317,3.908412]",
8851,"[3.676564,0.4646764,3.909302]",
8852,"[3.679493,0.4547513,3.910861]",
8853,"[3.680834,0.4497718,3.911574]",
8854,"[3.683952,0.4406373,3.913232]",
8855,"[3.685224,0.4377293,3.913909]",
8856,"[3.686846,0.4328711,3.914772]",
8857,"[3.688038,0.4172017,3.915406]",
8858,"[3.688254,0.4086166,3.915521]",
8859,"[3.68874,0.3908778,3.91578]",
8860,"[3.689042,0.3816683,3.91594]",
8861,"[3.689561,0.381433,3.916216]",
8862,"[3.690531,0.3816356,3.916732]",
8863,"[3.690759,0.381813,3.916853]",
8864,"[3.691688,0.3869624,3.917347]",
8865,"[3.692388,0.3912435,3.917698]",
8866,"[3.693537,0.4005961,3.918272]",
8867,"[3.693861,0.4040344,3.918424]",
8868,"[3.693844,0.4074892,3.918329]",
8869,"[3.69367,0.4085148,3.918192]",
8870,"[3.69351,0.4091072,3.918059]",
8871,"[3.69276,0.4109317,3.91755]",
8872,"[3.692563,0.410051,3.917394]",
8873,"[3.692202,0.4095924,3.917049]",
8874,"[3.691862,0.4094761,3.916782]",
8875,"[3.691979,0.4115752,3.916651]",
8876,"[3.692124,0.4124781,3.916619]",
8877,"[3.692651,0.4163013,3.916779]",
8878,"[3.693415,0.4215191,3.916918]",
8879,"[3.694352,0.4262625,3.917252]",
8880,"[3.697085,0.4348779,3.918331]",
8881,"[3.698809,0.438592,3.919099]",
8882,"[3.702378,0.4445893,3.920601]",
8883,"[3.704672,0.4479038,3.921641]",
8884,"[3.708678,0.4527666,3.923386]",
8885,"[3.710353,0.4549331,3.9241]",
8886,"[3.711725,0.4566122,3.92465]",
8887,"[3.713352,0.4602998,3.925179]",
8888,"[3.714021,0.4617171,3.925372]",
8889,"[3.71503,0.4645309,3.92559]",
8890,"[3.715636,0.4664541,3.925762]",
8891,"[3.716584,0.4694185,3.925989]",
8892,"[3.717022,0.4707767,3.926078]",
8893,"[3.717556,0.4720345,3.926227]",
8894,"[3.711377,0.4222579,3.966806]",
8895,"[3.708693,0.4014503,3.983483]",
8896,"[3.708838,0.4022885,3.98358]",
8897,"[3.709815,0.402198,3.984082]",
8898,"[3.711652,0.4013748,3.985009]",
8899,"[3.712587,0.4005859,3.985472]",
8900,"[3.71559,0.398372,3.986967]",
8901,"[3.717094,0.3969668,3.987707]",
8902,"[3.718056,0.3961041,3.988182]",
8903,"[3.719863,0.3938681,3.989058]",
8904,"[3.72084,0.3925243,3.989529]",
8905,"[3.723928,0.3973884,3.984704]",
8906,"[3.725702,0.4011307,3.981369]",
8907,"[3.729621,0.4103773,3.974001]",
8908,"[3.73078,0.4152065,3.971822]",
8909,"[3.73354,0.4230438,3.966635]",
8910,"[3.737529,0.4375393,3.959135]",
8911,"[3.738643,0.4431663,3.95704]",
8912,"[3.741206,0.4550407,3.952223]",
8913,"[3.74488,0.4664238,3.945317]",
8914,"[3.838069,0.4621339,3.989769]",
8915,"[3.854464,0.4624848,3.998489]",
8916,"[3.872426,0.4625078,4.008044]",
8917,"[3.879461,0.4625544,4.011786]",
8918,"[3.885352,0.4627948,4.01492]",
8919,"[3.894007,0.4624691,4.019689]",
8920,"[3.897391,0.4608581,4.021641]",
8921,"[3.904076,0.459059,4.025535]",
8922,"[3.904164,0.4602825,4.025764]",
8923,"[3.905988,0.4616841,4.027113]",
8924,"[3.90531,0.4630657,4.026967]",
8925,"[3.904936,0.4633262,4.027009]",
8926,"[3.90438,0.4658346,4.027162]",
8927,"[3.904045,0.4666089,4.027223]",
8928,"[3.902296,0.5248916,3.975954]",
8929,"[3.90183,0.5281589,3.975707]",
8930,"[3.9029,0.5335683,3.976275]",
8931,"[3.901861,0.5366993,3.975723]",
8932,"[3.898661,0.5440101,3.974021]",
8933,"[3.89638,0.5478589,3.972807]",
8934,"[3.894081,0.552945,3.971584]",
8935,"[3.888752,0.5647539,3.96875]",
8936,"[3.885245,0.5718414,3.966885]",
8937,"[3.879093,0.5815247,3.963612]",
8938,"[3.87509,0.5896962,3.961483]",
8939,"[3.868378,0.5957159,3.957912]",
8940,"[3.864086,0.5999962,3.95563]",
8941,"[3.859307,0.6059681,3.953087]",
8942,"[3.849091,0.6207795,3.947653]",
8943,"[3.84292,0.6311593,3.94437]",
8944,"[3.839595,0.6335315,3.942602]",
8945,"[3.83764,0.6337793,3.941562]",
8946,"[3.830766,0.6389807,3.937905]",
8947,"[3.828118,0.6395304,3.936497]",
8948,"[3.824645,0.6416904,3.934649]",
8949,"[3.814408,0.6478478,3.929204]",
8950,"[3.759565,0.6781039,3.900031]",
8951,"[3.723859,0.7082216,3.87749]",
8952,"[3.707087,0.7065889,3.880707]",
8953,"[3.687141,0.7045978,3.883675]",
8954,"[3.679206,0.703779,3.884394]",
8955,"[3.661694,0.7019575,3.885728]",
8956,"[3.650315,0.7008161,3.887326]",
8957,"[3.649476,0.7007676,3.888063]",
8958,"[3.637787,0.6998537,3.89419]",
8959,"[3.626345,0.698901,3.899177]",
8960,"[3.590003,0.6954371,3.907432]",
8961,"[3.571797,0.6936613,3.91086]",
8962,"[3.43538,0.6795229,3.922134]",
8963,"[3.397242,0.675624,3.926218]",
8964,"[2.749664,0.1,4.438084]",
8965,"[2.641582,0.1,4.404427]",
8966,"[2.598369,0.1,4.386675]",
8967,"[2.631442,0.1,4.344228]",
8968,"[2.640759,0.1,4.322031]",
8969,"[2.861513,0.1,4.20486]",
8970,"[3.337294,0.5730225,3.801851]",
8971,"[3.358494,0.5556171,3.808838]",
8972,"[3.392641,0.526144,3.825397]",
8973,"[3.404836,0.5143525,3.831271]",
8974,"[3.427336,0.5032914,3.837473]",
8975,"[3.448379,0.5032914,3.845531]",
8976,"[3.46558,0.5032914,3.847814]",
8977,"[3.472112,0.5032914,3.849765]",
8978,"[3.478725,0.5032914,3.852555]",
8979,"[3.480117,0.5032914,3.853369]",
8980,"[3.480124,0.5032914,3.852989]",
8981,"[3.472825,0.5032914,3.848791]",
8982,"[3.467766,0.5032914,3.856486]",
8983,"[3.445633,0.5164527,3.852249]",
8984,"[3.422671,0.5253654,3.840765]",
8985,"[3.349706,0.5451251,3.803998]",
8986,"[3.051261,0.1,4.188476]",
8987,"[2.599082,0.1,3.773762]",
8988,"[2.551704,0.1,3.695502]",
8989,"[2.351441,0.1,3.308815]",
8990,"[2.77923,0.6002312,2.979673]",
8991,"[2.728147,0.5806857,2.927786]",
8992,"[2.667279,0.5806857,2.701998]",
8993,"[2.66203,0.5806857,2.66146]",
8994,"[2.902213,0.7652795,2.614488]",
8995,"[3.000464,0.8436183,2.614488]",
8996,"[3.005,0.8472233,2.598764]",
8997,"[3.005,0.8464562,2.583255]",
8998,"[3.005,0.8462916,2.583341]",
8999,"[3.005,0.8428125,2.59863]",
9000,"[3.002576,0.8368932,2.614488]",
9001,"[2.956424,0.7971225,2.614488]",
9002,"[2.871129,0.725805,2.614488]",
9003,"[2.836356,0.6964264,2.614488]",
9004,"[2.697609,0.5806857,2.612662]",
9005,"[2.698896,0.5806857,2.614301]",
9006,"[2.699629,0.5806857,2.619056]",
9007,"[2.702238,0.5806857,2.616615]",
9008,"[3.005,0.805944,2.601841]",
9009,"[3.005,0.792688,2.571533]",
9010,"[3.005,0.7845746,2.551695]",
9011,"[3.005,0.7365916,2.365393]",
9012,"[3.005,0.7264609,2.338784]",
9013,"[3.005,0.7053516,2.296149]",
9014,"[3.005,0.7044085,2.296188]",
9015,"[3.005,0.6983775,2.294883]",
9016,"[3.005,0.6930473,2.293268]",
9017,"[3.005,0.6854506,2.299565]",
9018,"[3.005,0.6820856,2.299882]",
9019,"[3.005,0.6823205,2.310153]",
9020,"[3.005,0.6865258,2.317454]",
9021,"[3.005,0.6894968,2.321098]",
9022,"[3.005,0.694509,2.324212]",
9023,"[3.005,0.696664,2.32469]",
9024,"[3.005,0.7065517,2.334]",
9025,"[3.005,0.7080777,2.335151]",
9026,"[3.005,0.7085285,2.33529]",
9027,"[3.005,0.6925288,2.297265]",
9028,"[3.005,0.6820145,2.276161]",
9029,"[3.005,0.6654012,2.251616]",
9030,"[3.005,0.6595563,2.243809]",
9031,"[3.005,0.6512728,2.234958]",
9032,"[3.005,0.6513372,2.235482]",
9033,"[3.005,0.6528831,2.238617]",
9034,"[3.005,0.6543564,2.241316]",
9035,"[3.005,0.6556804,2.244255]",
9036,"[3.005,0.6599668,2.260139]",
9037,"[3.005,0.6606166,2.26588]",
9038,"[3.005,0.6609748,2.272621]",
9039,"[3.005,0.6181561,2.269643]",
9040,"[3.052737,0.5806857,2.270384]",
9041,"[3.081854,0.5806857,2.274236]",
9042,"[3.100193,0.5806857,2.275592]",
9043,"[3.123356,0.5806857,2.276213]",
9044,"[3.128178,0.5806857,2.274312]",
9045,"[3.135423,0.5806857,2.27106]",
9046,"[3.138303,0.5806857,2.269629]",
9047,"[3.141413,0.5806857,2.267833]",
9048,"[3.141966,0.5806857,2.2672]",
9049,"[3.141681,0.5806857,2.267116]",
9050,"[3.140591,0.5806857,2.26734]",
9051,"[3.139271,0.5806857,2.267438]",
9052,"[3.135439,0.5806857,2.267914]",
9053,"[3.132955,0.5806857,2.268175]",
9054,"[3.124089,0.5806857,2.264239]",
9055,"[3.119479,0.5806857,2.261433]",
9056,"[2.966743,0.5806857,2.16767]",
9057,"[2.816502,0.5806857,2.079538]",
9058,"[2.770288,0.5806856,2.04908]",
9059,"[2.723193,0.5806856,2.02076]",
9060,"[2.706225,0.5806856,2.006436]",
9061,"[2.670679,0.5806856,1.968962]",
9062,"[2.66087,0.5806856,1.952631]",
9063,"[2.724398,0.6420436,1.962085]",
9064,"[2.718472,0.6415766,1.946324]",
9065,"[2.70232,0.634069,1.902724]",
9066,"[2.692528,0.6273372,1.876064]",
9067,"[2.679681,0.6289284,1.842167]",
9068,"[2.656803,0.6213146,1.780722]",
9069,"[2.651755,0.6160836,1.686924]",
9070,"[2.732169,0.6679366,1.664934]",
9071,"[2.753255,0.6787498,1.648564]",
9072,"[2.630579,0.5806856,1.50149]",
9073,"[2.632081,0.5806856,1.497226]",
9074,"[2.638575,0.5806856,1.493612]",
9075,"[2.638922,0.5806856,1.493663]",
9076,"[2.640931,0.5806856,1.487767]",
9077,"[2.652593,0.5806856,1.440402]",
9078,"[2.663557,0.5806856,1.400627]",
9079,"[3.150305,0.715304,1.103441]",
9080,"[3.176089,0.7080527,1.053465]",
9081,"[3.323504,0.5852553,0.6029561]",
9082,"[3.594471,0.6754087,0.7227659]",
9083,"[3.670869,0.6770468,0.6979444]",
9084,"[3.702261,0.414127,0.05000057]",
9085,"[3.749127,0.4219353,0.05000032]",
9086,"[3.745529,0.420662,0.05000056]",
9087,"[3.718868,0.4074486,0.05000056]",
9088,"[3.700801,0.3961705,0.05000057]",
9089,"[3.642934,0.370476,0.05000057]",
9090,"[3.654184,0.6370687,0.7062232]",
9091,"[3.630698,0.6313475,0.7125399]",
9092,"[3.594845,0.6221594,0.7215209]",
9093,"[3.576241,0.6159984,0.7261505]",
9094,"[3.566898,0.6141165,0.728502]",
9095,"[3.564055,0.6130344,0.7292066]",
9096,"[3.565684,0.6127279,0.7287829]",
9097,"[3.590654,0.6141062,0.7224197]",
9098,"[3.612269,0.615773,0.716922]",
9099,"[3.71345,0.3573656,0.05000057]",
9100,"[3.885054,0.6969305,0.7478203]",
9101,"[3.915408,0.7060547,0.7478203]",
9102,"[3.938748,0.7131124,0.7478203]",
9103,"[3.940459,0.714104,0.7478203]",
9104,"[3.936036,0.7115021,0.7478203]",
9105,"[3.934964,0.7106939,0.7478203]",
9106,"[3.92909,0.7066818,0.7478203]",
9107,"[3.912074,0.6957234,0.7478203]",
9108,"[3.90366,0.6902022,0.7478203]",
9109,"[3.880425,0.678331,0.7478203]",
9110,"[3.873976,0.6746777,0.7478203]",
9111,"[3.856186,0.6445397,0.6911662]",
9112,"[3.852216,0.6434122,0.6911662]",
9113,"[3.846935,0.6413314,0.6911662]",
9114,"[3.845124,0.6413209,0.6911662]",
9115,"[3.843677,0.6412616,0.6911662]",
9116,"[3.843151,0.6412275,0.6911662]",
9117,"[3.8838,0.6754567,0.7478203]",
9118,"[3.919723,0.6829379,0.7478203]",
9119,"[3.931255,0.6849951,0.7478203]",
9120,"[3.95117,0.6898725,0.7478203]",
9121,"[3.960085,0.6922632,0.7478203]",
9122,"[3.975334,0.6969238,0.7478203]",
9123,"[3.982296,0.6993359,0.7478203]",
9124,"[3.987542,0.7036318,0.7478203]",
9125,"[3.99662,0.7128806,0.7478203]",
9126,"[4.000555,0.7171484,0.7478203]",
9127,"[4.012643,0.7268834,0.7478203]",
9128,"[4.020628,0.7317907,0.7478203]",
9129,"[4.033531,0.7378917,0.7478203]",
9130,"[4.041974,0.7398652,0.7478203]",
9131,"[4.050675,0.7392542,0.7478203]",
9132,"[4.068365,0.7350059,0.7478203]",
9133,"[4.079045,0.7309282,0.7478203]",
9134,"[4.114682,0.7133392,0.7478203]",
9135,"[4.136019,0.7054283,0.7478203]",
9136,"[4.486425,0.9890277,1.471484]",
9137,"[4.533809,0.9919717,1.486333]",
9138,"[4.698395,0.8371699,1.144983]",
9139,"[4.803712,0.7697959,1.007825]",
9140,"[4.740627,0.8530587,1.199187]",
9141,"[4.740627,0.8679253,1.237937]",
9142,"[4.740627,0.8719093,1.250708]",
9143,"[4.740627,0.880812,1.278635]",
9144,"[4.740627,0.8808858,1.28225]",
9145,"[4.740627,0.8721363,1.276067]",
9146,"[4.740627,0.865001,1.267982]",
9147,"[4.740627,0.8595428,1.262569]",
9148,"[4.740627,0.8435537,1.241752]",
9149,"[4.740627,0.8274909,1.215517]",
9150,"[4.802532,0.7171915,1.007455]",
9151,"[4.79011,0.7094969,1.003562]",
9152,"[4.655099,0.8371699,1.279975]",
9153,"[4.644144,0.8371699,1.283984]",
9154,"[4.637393,0.8371699,1.278297]",
9155,"[4.544673,0.9445542,1.489738]",
9156,"[4.54063,0.9460628,1.48847]",
9157,"[4.535275,0.9487977,1.486792]",
9158,"[4.533884,0.9497612,1.486356]",
9159,"[4.533445,0.9513252,1.486219]",
9160,"[4.532789,0.9519224,1.486013]",
9161,"[4.533276,0.9527461,1.486166]",
9162,"[4.537521,0.9545079,1.487496]",
9163,"[4.541849,0.9560316,1.488853]",
9164,"[4.548026,0.9598863,1.490788]",
9165,"[4.549961,0.9625232,1.491395]",
9166,"[4.549816,0.9669559,1.491349]",
9167,"[4.549692,0.9692448,1.49131]",
9168,"[4.549988,0.9737319,1.491403]",
9169,"[4.549756,0.9757617,1.49133]",
9170,"[4.549369,0.9774976,1.491209]",
9171,"[4.546963,0.9829709,1.490455]",
9172,"[4.544427,0.986228,1.48966]",
9173,"[4.510229,1.003875,1.478944]",
9174,"[4.476935,1.016713,1.46851]",
9175,"[4.547021,0.7455796,0.7996454]",
9176,"[4.51549,0.7552205,0.7996454]",
9177,"[4.395164,0.7406976,0.7996454]",
9178,"[4.303633,0.7299089,0.7996454]",
9179,"[4.086154,0.6693936,0.7478203]",
9180,"[3.992326,0.6472189,0.7478203]",
9181,"[3.962321,0.6353813,0.7478203]",
9182,"[3.919561,0.6068451,0.7478203]",
9183,"[3.901969,0.5896351,0.7478203]",
9184,"[3.861849,0.525546,0.6911662]",
9185,"[3.848646,0.5120161,0.6911662]",
9186,"[3.847849,0.5094591,0.6911662]",
9187,"[3.849759,0.5049395,0.6911662]",
9188,"[3.850466,0.5004215,0.6911662]",
9189,"[3.882336,0.5514361,0.8007307]",
9190,"[3.888972,0.5514361,0.8125051]",
9191,"[3.919111,0.5514361,0.829499]",
9192,"[3.930444,0.5514361,0.8328282]",
9193,"[3.940237,0.5514361,0.8340561]",
9194,"[3.95826,0.5514361,0.8166174]",
9195,"[3.964225,0.5514361,0.8031563]",
9196,"[3.960157,0.4963512,0.6911662]",
9197,"[3.963738,0.4975716,0.6911662]",
9198,"[3.968395,0.4946391,0.6911662]",
9199,"[3.969686,0.4902802,0.6911662]",
9200,"[3.986961,0.5514361,0.8007983]",
9201,"[3.989347,0.5187929,0.8396106]",
9202,"[3.979779,0.4858024,0.8396106]",
9203,"[3.96747,0.4581778,0.8396106]",
9204,"[3.962468,0.453068,0.8396106]",
9205,"[3.954,0.4479471,0.8396106]",
9206,"[3.950692,0.4473996,0.8396106]",
9207,"[3.945931,0.4472833,0.8396106]",
9208,"[3.945464,0.4476377,0.8396106]",
9209,"[3.945114,0.4482756,0.8396106]",
9210,"[3.944767,0.4509207,0.8396106]",
9211,"[3.944894,0.452856,0.8396106]",
9212,"[3.94675,0.4584887,0.8396106]",
9213,"[3.948245,0.4632169,0.8396106]",
9214,"[3.958944,0.4772208,0.8396106]",
9215,"[3.962812,0.4804623,0.8396106]",
9216,"[3.969274,0.4872779,0.8396106]",
9217,"[3.972262,0.4892392,0.8396106]",
9218,"[3.974722,0.4915039,0.8396106]",
9219,"[3.986202,0.5171211,0.8396106]",
9220,"[3.991355,0.531565,0.8396106]",
9221,"[4.001199,0.5514361,0.8263395]",
9222,"[4.007283,0.5514361,0.8189563]",
9223,"[4.017142,0.5514361,0.806688]",
9224,"[4.021613,0.5514361,0.8037444]",
9225,"[4.028495,0.5514361,0.8112098]",
9226,"[4.039205,0.5514361,0.8176066]",
9227,"[4.042048,0.5514361,0.8167336]",
9228,"[4.043954,0.5514361,0.8109224]",
9229,"[4.043691,0.5514361,0.8064154]",
9230,"[4.026781,0.5294274,0.6911662]",
9231,"[4.023634,0.6097192,0.7478203]",
9232,"[4.019715,0.6306819,0.7478203]",
9233,"[4.014927,0.6538141,0.7478203]",
9234,"[4.014312,0.6567613,0.7478203]",
9235,"[4.014556,0.658303,0.7478203]",
9236,"[4.015111,0.6579317,0.7478203]",
9237,"[4.015686,0.6577395,0.7478203]",
9238,"[4.015766,0.6580892,0.7478203]",
9239,"[4.015646,0.6583692,0.7478203]",
9240,"[4.015607,0.6583955,0.7478203]",
9241,"[4.015607,0.6583952,0.7478203]",
9242,"[4.015661,0.6584302,0.7478203]",
9243,"[4.015639,0.6590242,0.7478203]",
9244,"[4.015405,0.6597859,0.7478203]",
9245,"[4.015398,0.6597862,0.7478203]",
9246,"[4.015198,0.6582713,0.7478203]",
9247,"[4.015137,0.6536213,0.7478203]",
9248,"[4.014916,0.6486865,0.7478203]",
9249,"[4.014733,0.6427239,0.7478203]",
9250,"[4.014672,0.6433851,0.7478203]",
9251,"[4.0146,0.6478714,0.7478203]",
9252,"[4.014102,0.6607625,0.7478203]",
9253,"[4.017003,0.6801544,0.7478203]",
9254,"[4.020687,0.6873329,0.7478203]",
9255,"[4.023875,0.6907535,0.7478203]",
9256,"[4.027763,0.6899022,0.7478203]",
9257,"[4.031406,0.6818721,0.7478203]",
9258,"[4.038233,0.6666375,0.7478203]",
9259,"[4.041392,0.6588896,0.7478203]",
9260,"[4.044732,0.6507864,0.7478203]",
9261,"[4.04544,0.6494338,0.7478203]",
9262,"[4.045217,0.6483806,0.7478203]",
9263,"[4.045117,0.6471245,0.7478203]",
9264,"[4.044995,0.646596,0.7478203]",
9265,"[4.044728,0.6444268,0.7478203]",
9266,"[4.04462,0.6420776,0.7478203]",
9267,"[4.045009,0.6377082,0.7478203]",
9268,"[4.045226,0.6337162,0.7478203]",
9269,"[4.046023,0.6311585,0.7478203]",
9270,"[4.046192,0.6290674,0.7478203]",
9271,"[4.046264,0.6258997,0.7478203]",
9272,"[4.04641,0.6169198,0.7478203]",
9273,"[4.046413,0.6109718,0.7478203]",
9274,"[4.045928,0.6095589,0.7478203]",
9275,"[4.046022,0.6090415,0.7478203]",
9276,"[4.046006,0.6082845,0.7478203]",
9277,"[4.045987,0.6071756,0.7478203]",
9278,"[4.045259,0.6038526,0.7478203]",
9279,"[4.044467,0.6015372,0.7478203]",
9280,"[4.043419,0.5991117,0.7478203]",
9281,"[4.0407,0.5949143,0.7478203]",
9282,"[4.0394,0.5936862,0.7478203]",
9283,"[4.038002,0.5931096,0.7478203]",
9284,"[4.036635,0.5947219,0.7478203]",
9285,"[4.036572,0.5947738,0.7478203]",
9286,"[4.036637,0.5945069,0.7478203]",
9287,"[4.036917,0.593776,0.7478203]",
9288,"[4.037483,0.5917665,0.7478203]",
9289,"[4.038307,0.5889271,0.7478203]",
9290,"[4.039523,0.5842016,0.7478203]",
9291,"[4.040153,0.5820618,0.7478203]",
9292,"[4.046021,0.5793498,0.7478203]",
9293,"[4.048108,0.5783029,0.7478203]",
9294,"[4.050752,0.5814512,0.7478203]",
9295,"[4.051842,0.5830873,0.7478203]",
9296,"[4.052753,0.5843706,0.7478203]",
9297,"[4.05501,0.5865018,0.7478203]",
9298,"[4.056278,0.5855969,0.7461628]",
9299,"[4.058553,0.5842472,0.7439427]",
9300,"[4.059687,0.5835408,0.7426714]",
9301,"[4.061952,0.5858303,0.7437386]",
9302,"[4.064702,0.5940983,0.7466759]",
9303,"[4.067118,0.5997884,0.7478756]",
9304,"[4.071392,0.6162519,0.7564339]",
9305,"[4.073257,0.623737,0.7605996]",
9306,"[4.07577,0.6351586,0.7688889]",
9307,"[4.076127,0.6426358,0.7753538]",
9308,"[4.076409,0.6551414,0.7866473]",
9309,"[4.076397,0.6630784,0.7941584]",
9310,"[4.076333,0.6754616,0.80621]",
9311,"[4.076286,0.6817343,0.8124642]",
9312,"[4.076038,0.6884173,0.8186154]",
9313,"[4.075531,0.701824,0.8310503]",
9314,"[4.074582,0.7087684,0.8377041]",
9315,"[4.072772,0.7253584,0.8532557]",
9316,"[4.071934,0.7354428,0.8624329]",
9317,"[4.071644,0.7578222,0.882872]",
9318,"[4.071636,0.772753,0.8966507]",
9319,"[4.071697,0.787228,0.9100403]",
9320,"[4.071828,0.8144361,0.9355799]",
9321,"[4.071478,0.8144361,0.9358439]",
9322,"[4.062202,0.550555,0.6911662]",
9323,"[4.061747,0.5501864,0.6911662]",
9324,"[4.064265,0.657872,0.7934681]",
9325,"[4.064353,0.670709,0.8076856]",
9326,"[4.064671,0.6950617,0.8332447]",
9327,"[4.064005,0.7048062,0.8440868]",
9328,"[4.063546,0.7133246,0.8534449]",
9329,"[4.063549,0.7314073,0.8737314]",
9330,"[4.063486,0.737426,0.8809564]",
9331,"[4.06343,0.7456546,0.8946331]",
9332,"[4.063389,0.7462438,0.8993446]",
9333,"[4.063155,0.7468873,0.9072593]",
9334,"[4.062695,0.7436718,0.9076352]",
9335,"[4.062407,0.7436918,0.9104862]",
9336,"[4.061045,0.7291153,0.9096687]",
9337,"[4.061084,0.7263959,0.9117617]",
9338,"[4.060339,0.7163328,0.9097677]",
9339,"[4.059812,0.7132069,0.9086601]",
9340,"[4.058966,0.7070436,0.905946]",
9341,"[4.058676,0.70486,0.9051406]",
9342,"[4.058588,0.7010143,0.9024953]",
9343,"[4.058259,0.6931158,0.8969507]",
9344,"[4.058996,0.6888977,0.8944831]",
9345,"[4.0597,0.6790529,0.8875151]",
9346,"[4.059874,0.6737503,0.8834262]",
9347,"[4.061261,0.7086267,0.8772716]",
9348,"[4.061723,0.7223275,0.8727454]",
9349,"[4.062179,0.7312416,0.8644798]",
9350,"[4.062638,0.7331493,0.8610013]",
9351,"[4.063029,0.7327461,0.8563097]",
9352,"[4.065316,0.7299779,0.8479888]",
9353,"[4.06713,0.7279458,0.8441101]",
9354,"[4.069403,0.7121208,0.8263094]",
9355,"[4.070466,0.7032163,0.8166179]",
9356,"[4.071339,0.6721588,0.7855581]",
9357,"[4.071085,0.6555647,0.7688229]",
9358,"[4.068417,0.5752265,0.6911662]",
9359,"[4.077806,0.8144361,0.9199587]",
9360,"[4.077941,0.8126385,0.9180359]",
9361,"[4.08031,0.7720808,0.8757309]",
9362,"[4.090791,0.754849,0.8556141]",
9363,"[4.103552,0.7174232,0.8169283]",
9364,"[4.122486,0.6454401,0.7992653]",
9365,"[4.145096,0.4579881,0.6949657]",
9366,"[4.1485,0.4579882,0.7151183]",
9367,"[4.124288,0.5514361,0.8385555]",
9368,"[4.114998,0.5086313,0.8396106]",
9369,"[4.099591,0.4839402,0.8396106]",
9370,"[4.084512,0.4578837,0.8396106]",
9371,"[4.080275,0.4503063,0.8396106]",
9372,"[4.070998,0.4376211,0.8396106]",
9373,"[4.067366,0.4338621,0.8396106]",
9374,"[4.063213,0.43081,0.8396106]",
9375,"[4.057462,0.4253926,0.8396106]",
9376,"[4.055426,0.4233608,0.8396106]",
9377,"[4.052118,0.4213351,0.8396106]",
9378,"[4.050727,0.4210763,0.8396106]",
9379,"[4.047196,0.4215213,0.8396106]",
9380,"[4.045689,0.4217171,0.8396106]",
9381,"[4.042915,0.4234243,0.8396106]",
9382,"[4.038567,0.4283688,0.8396106]",
9383,"[4.037109,0.4310051,0.8396106]",
9384,"[4.034827,0.4358784,0.8396106]",
9385,"[4.034264,0.4377653,0.8396106]",
9386,"[4.034005,0.4397681,0.8396106]",
9387,"[4.034163,0.4413879,0.8396106]",
9388,"[4.035355,0.4415208,0.8396106]",
9389,"[4.036323,0.4403186,0.8396106]",
9390,"[4.037356,0.4389555,0.8396106]",
9391,"[4.037481,0.4371986,0.8396106]",
9392,"[4.037704,0.4361586,0.8396106]",
9393,"[4.038286,0.4338754,0.8396106]",
9394,"[4.038333,0.4340281,0.8396106]",
9395,"[4.038221,0.4342711,0.8396106]",
9396,"[4.038186,0.434393,0.8396106]",
9397,"[4.037787,0.4348131,0.8396106]",
9398,"[4.036574,0.436652,0.8401589]",
9399,"[4.035893,0.4398744,0.8419404]",
9400,"[4.03448,0.4449941,0.8451791]",
9401,"[4.034191,0.4518292,0.8496175]",
9402,"[4.034389,0.4698648,0.8612494]",
9403,"[4.034787,0.4813359,0.868587]",
9404,"[4.037276,0.5074975,0.8851123]",
9405,"[4.038521,0.5213925,0.8937945]",
9406,"[4.039805,0.5357755,0.9025741]",
9407,"[4.041265,0.5514361,0.9117678]",
9408,"[4.041074,0.5514361,0.9111428]",
9409,"[4.041045,0.5514361,0.910525]",
9410,"[4.031691,0.4579882,0.8472272]",
9411,"[4.031697,0.4579882,0.8470299]",
9412,"[4.031734,0.4579883,0.8473365]",
9413,"[4.031793,0.4579883,0.8477566]",
9414,"[4.031982,0.4579882,0.849061]",
9415,"[4.032146,0.4579883,0.8500149]",
9416,"[4.033889,0.4579883,0.8533307]",
9417,"[4.035286,0.4633746,0.8590726]",
9418,"[4.037753,0.4763843,0.8712525]",
9419,"[4.036283,0.4763843,0.8740454]",
9420,"[4.033886,0.4763843,0.8786383]",
9421,"[4.032743,0.4763843,0.8806559]",
9422,"[4.031664,0.4763843,0.8824166]",
9423,"[4.032146,0.4763843,0.8849128]",
9424,"[4.032632,0.4763843,0.8871174]",
9425,"[4.034529,0.4763843,0.8933369]",
9426,"[4.035224,0.4763843,0.8960459]",
9427,"[4.036398,0.4763843,0.9008613]",
9428,"[4.036769,0.4763843,0.9039996]",
9429,"[4.03705,0.4763843,0.906532]",
9430,"[4.037577,0.4763843,0.9107686]",
9431,"[4.037731,0.4763843,0.9125131]",
9432,"[4.036558,0.4763843,0.9159504]",
9433,"[4.036524,0.4763843,0.9182284]",
9434,"[4.036186,0.4763843,0.9212809]",
9435,"[4.035988,0.4763843,0.9221577]",
9436,"[4.039078,0.4763843,0.9245018]",
9437,"[4.040406,0.4763843,0.9257205]",
9438,"[4.041709,0.4763843,0.9271837]",
9439,"[4.042645,0.4579882,0.9205006]",
9440,"[4.043863,0.4579882,0.9226414]",
9441,"[4.0449,0.4579883,0.9255351]",
9442,"[4.04548,0.4579883,0.9267414]",
9443,"[4.045944,0.4579883,0.9287229]",
9444,"[4.045939,0.4579883,0.9295105]",
9445,"[4.054005,0.5514361,0.9840064]",
9446,"[4.0517,0.5244153,0.9679217]",
9447,"[4.048421,0.4876927,0.9446435]",
9448,"[4.042419,0.4194256,0.9008746]",
9449,"[4.039616,0.3869764,0.879766]",
9450,"[4.034132,0.3221964,0.8379025]",
9451,"[4.031629,0.2924361,0.8188195]",
9452,"[4.03217,0.2924361,0.8180228]",
9453,"[4.03312,0.2924361,0.8171299]",
9454,"[4.03364,0.2924361,0.8169169]",
9455,"[4.030663,0.2924361,0.8312919]",
9456,"[4.028332,0.2924361,0.8416721]",
9457,"[4.025904,0.2924361,0.8535011]",
9458,"[4.025331,0.2924361,0.8568787]",
9459,"[4.023965,0.2875092,0.8595193]",
9460,"[4.02326,0.28449,0.8595193]",
9461,"[4.022548,0.2814429,0.8595193]",
9462,"[4.021314,0.275955,0.8595193]",
9463,"[4.020767,0.2733346,0.8595193]",
9464,"[4.019998,0.2711447,0.8595193]",
9465,"[4.018837,0.2699598,0.8595193]",
9466,"[4.017073,0.2685095,0.8595193]",
9467,"[4.016407,0.2682104,0.8595193]",
9468,"[4.015862,0.2681785,0.8595193]",
9469,"[4.016482,0.2689823,0.8595193]",
9470,"[4.016967,0.2703789,0.8595193]",
9471,"[4.018296,0.2738723,0.8595193]",
9472,"[4.018644,0.2743371,0.8595193]",
9473,"[4.019244,0.2744493,0.8595193]",
9474,"[4.01954,0.2741237,0.8595193]",
9475,"[4.019966,0.2731035,0.8595193]",
9476,"[4.020123,0.2723854,0.8595193]",
9477,"[4.01967,0.2713215,0.8595193]",
9478,"[4.018259,0.2690651,0.8595193]",
9479,"[4.017272,0.2676919,0.8595193]",
9480,"[4.015495,0.26539,0.8595193]",
9481,"[4.014584,0.2642508,0.8595193]",
9482,"[4.011766,0.261819,0.8595193]",
9483,"[4.010346,0.2601856,0.8595193]",
9484,"[4.009051,0.2584434,0.8595193]",
9485,"[4.007489,0.2558198,0.8595193]",
9486,"[4.007098,0.2548368,0.8595193]",
9487,"[4.008491,0.2532699,0.8595193]",
9488,"[4.009125,0.2524015,0.8595193]",
9489,"[4.010022,0.2513807,0.8595193]",
9490,"[4.010255,0.2517153,0.8595193]",
9491,"[4.010646,0.2525498,0.8595193]",
9492,"[4.01088,0.2532741,0.8595193]",
9493,"[4.011126,0.2541611,0.8595193]",
9494,"[4.011453,0.2555889,0.8595193]",
9495,"[4.011609,0.2562014,0.8595193]",
9496,"[4.011852,0.2574917,0.8595193]",
9497,"[4.011913,0.2581176,0.8595193]",
9498,"[4.012093,0.2646166,0.8595193]",
9499,"[4.01218,0.2747054,0.8595193]",
9500,"[4.012949,0.2924361,0.8594807]",
9501,"[4.010823,0.2924361,0.8441246]",
9502,"[4.01009,0.2924361,0.8397239]",
9503,"[4.009981,0.2924361,0.8428932]",
9504,"[4.010459,0.2924361,0.8485213]",
9505,"[4.012136,0.2924361,0.8585356]",
9506,"[4.01267,0.2831478,0.8595193]",
9507,"[4.015342,0.270376,0.8595193]",
9508,"[4.019247,0.2479576,0.8595193]",
9509,"[4.020512,0.2467209,0.8595193]",
9510,"[4.023848,0.2529379,0.8595193]",
9511,"[4.025366,0.2574981,0.8595193]",
9512,"[4.023661,0.2687662,0.8595193]",
9513,"[4.023108,0.2729722,0.8595193]",
9514,"[4.022871,0.2836519,0.8595193]",
9515,"[4.023198,0.288767,0.8595193]",
9516,"[4.023551,0.292025,0.8595193]",
9517,"[4.024519,0.2924361,0.8574594]",
9518,"[4.02497,0.2924361,0.8571768]",
9519,"[4.02749,0.2908308,0.8595193]",
9520,"[4.028188,0.2920463,0.8595193]",
9521,"[4.029309,0.2924361,0.8584844]",
9522,"[4.031593,0.2885662,0.8595193]",
9523,"[4.03351,0.2836478,0.8595193]",
9524,"[4.035285,0.2861884,0.8595193]",
9525,"[4.035822,0.2871341,0.8595193]",
9526,"[4.036656,0.2880272,0.8595193]",
9527,"[4.037224,0.2894974,0.8595193]",
9528,"[4.037212,0.2863389,0.8562797]",
9529,"[4.036994,0.2828522,0.8533805]",
9530,"[4.038643,0.2747905,0.8508285]",
9531,"[4.040668,0.2721368,0.8455442]",
9532,"[4.043651,0.272456,0.843015]",
9533,"[4.053294,0.2705134,0.8385919]",
9534,"[4.059616,0.2688533,0.8368486]",
9535,"[4.069018,0.2745875,0.8345788]",
9536,"[4.073353,0.2798732,0.8364356]",
9537,"[4.076127,0.2883663,0.8411744]",
9538,"[4.077728,0.2924361,0.8430188]",
9539,"[4.077477,0.2924361,0.8413746]",
9540,"[4.0755,0.2924361,0.8375967]",
9541,"[4.073918,0.2924361,0.8357404]",
9542,"[4.060806,0.2129298,0.7610627]",
9543,"[4.059275,0.2129298,0.7601268]",
9544,"[4.054547,0.2129298,0.7587978]",
9545,"[4.051995,0.2129298,0.7591389]",
9546,"[4.049685,0.2129298,0.7595611]",
9547,"[4.04558,0.2129298,0.7610015]",
9548,"[4.043564,0.2129298,0.7620834]",
9549,"[4.038644,0.2129298,0.7673655]",
9550,"[4.03724,0.2129298,0.7701099]",
9551,"[4.034264,0.2129298,0.7774004]",
9552,"[4.032577,0.2129298,0.783577]",
9553,"[4.029834,0.2129298,0.7953021]",
9554,"[4.02879,0.2129298,0.8008736]",
9555,"[4.027812,0.2129298,0.8062492]",
9556,"[4.028051,0.2129298,0.8260485]",
9557,"[4.031199,0.2129298,0.8354932]",
9558,"[4.036486,0.2129298,0.84913]",
9559,"[4.038976,0.2129298,0.854659]",
9560,"[4.041465,0.2129298,0.8625438]",
9561,"[4.041882,0.2129298,0.8648735]",
9562,"[4.042977,0.2129298,0.8666664]",
9563,"[4.04422,0.2129298,0.8681933]",
9564,"[4.044811,0.2129298,0.868591]",
9565,"[4.045811,0.2129298,0.8689566]",
9566,"[4.046299,0.2129298,0.86893]",
9567,"[4.047044,0.2129298,0.8684883]",
9568,"[4.047535,0.2129298,0.8678832]",
9569,"[4.048814,0.2129298,0.8663005]",
9570,"[4.051563,0.2129298,0.8641233]",
9571,"[4.054377,0.2129298,0.8617471]",
9572,"[4.062033,0.2129298,0.8579308]",
9573,"[4.067174,0.2129298,0.8563827]",
9574,"[4.0834,0.2129298,0.8510593]",
9575,"[4.316752,0.1513976,0.6911662]",
9576,"[4.342548,0.1,0.6386361]",
9577,"[4.447974,0.1265361,0.5953203]",
9578,"[4.47122,0.1401271,0.5953202]",
9579,"[4.501132,0.1546998,0.59532]",
9580,"[4.513484,0.1595122,0.5953199]",
9581,"[4.51563,0.1634788,0.5953199]",
9582,"[4.510916,0.1664942,0.5953199]",
9583,"[4.500656,0.1695208,0.5953198]",
9584,"[4.496058,0.1703859,0.5953198]",
9585,"[4.493585,0.1713889,0.5953198]",
9586,"[4.481404,0.1753487,0.5953198]",
9587,"[4.467439,0.1797888,0.5953197]",
9588,"[4.456088,0.1856158,0.5953197]",
9589,"[4.452703,0.1882392,0.5953197]",
9590,"[4.4455,0.1909716,0.5953196]",
9591,"[4.4422,0.1918523,0.5953196]",
9592,"[4.439505,0.1940086,0.5953196]",
9593,"[4.438932,0.1954226,0.5953196]",
9594,"[4.462783,0.2574534,0.5953189]",
9595,"[4.48098,0.2969401,0.5953184]",
9596,"[4.487731,0.3089189,0.5953183]",
9597,"[4.498609,0.327386,0.5953181]",
9598,"[4.504464,0.3361373,0.595318]",
9599,"[4.506123,0.3430812,0.5953179]",
9600,"[4.504633,0.3447823,0.5953179]",
9601,"[4.504028,0.3505386,0.5953178]",
9602,"[4.504059,0.3512166,0.5953178]",
9603,"[4.504895,0.352837,0.5953178]",
9604,"[4.506473,0.3583292,0.5953177]",
9605,"[4.50883,0.3627283,0.5953177]",
9606,"[4.510923,0.3830397,0.5953175]",
9607,"[4.508667,0.3963495,0.5953174]",
9608,"[4.503116,0.4133829,0.5953171]",
9609,"[4.499848,0.4200258,0.5953171]",
9610,"[4.497619,0.4257827,0.595317]",
9611,"[4.494748,0.433969,0.5953169]",
9612,"[4.488739,0.4393987,0.5953169]",
9613,"[4.482985,0.4464688,0.5953168]",
9614,"[4.480005,0.4471725,0.5953168]",
9615,"[4.473424,0.4478442,0.5953168]",
9616,"[4.470199,0.4481126,0.5953168]",
9617,"[4.466867,0.4490842,0.5953168]",
9618,"[4.46566,0.449862,0.5953168]",
9619,"[4.464932,0.4505737,0.5953168]",
9620,"[4.460594,0.4489677,0.5953168]",
9621,"[4.457356,0.4450319,0.5953169]",
9622,"[4.453193,0.4405314,0.5953169]",
9623,"[4.451354,0.439107,0.5953169]",
9624,"[4.447601,0.4366654,0.595317]",
9625,"[4.44575,0.4361713,0.595317]",
9626,"[4.444071,0.4359986,0.595317]",
9627,"[4.441692,0.4361289,0.595317]",
9628,"[4.440834,0.4363563,0.595317]",
9629,"[4.44042,0.4365458,0.595317]",
9630,"[4.44026,0.436684,0.595317]",
9631,"[4.447915,0.4278548,0.5953171]",
9632,"[4.452265,0.4235803,0.5953171]",
9633,"[4.455513,0.4204479,0.5953171]",
9634,"[4.462035,0.4098329,0.5953172]",
9635,"[4.464587,0.4058768,0.5953172]",
9636,"[4.465904,0.4045895,0.5953173]",
9637,"[4.466752,0.4037474,0.5953173]",
9638,"[4.468457,0.4023364,0.5953173]",
9639,"[4.469312,0.4016882,0.5953173]",
9640,"[4.465538,0.4145196,0.6197647]",
9641,"[4.46495,0.4190262,0.6292044]",
9642,"[4.463941,0.4226088,0.6363617]",
9643,"[4.464508,0.4255676,0.6435219]",
9644,"[4.618684,0.1,0.1146411]",
9645,"[4.623228,0.1,0.116967]",
9646,"[4.625464,0.1,0.1185697]",
9647,"[4.627052,0.1,0.1201741]",
9648,"[4.629236,0.1,0.122046]",
9649,"[4.62993,0.1,0.122803]",
9650,"[4.631119,0.1,0.1240222]",
9651,"[4.631687,0.1,0.1243553]",
9652,"[4.633007,0.1,0.1247009]",
9653,"[4.633907,0.1,0.1248237]",
9654,"[4.634779,0.1,0.1246693]",
9655,"[4.636312,0.1,0.1234061]",
9656,"[4.642424,0.1,0.1203369]",
9657,"[4.646107,0.1,0.1201212]",
9658,"[4.652582,0.1,0.1193921]",
9659,"[4.67622,0.1,0.1063207]",
9660,"[4.691715,0.1,0.1000136]",
9661,"[5.023228,0.1616473,0.0499999]",
9662,"[5.197683,0.2406857,0.05000003]",
9663,"[5.279779,0.2701664,0.05000009]",
9664,"[5.306374,0.2786449,0.05000011]",
9665,"[4.627328,0.7084266,0.9790116]",
9666,"[4.625445,0.7119339,0.9850214]",
9667,"[4.624183,0.7142648,0.989047]",
9668,"[4.621162,0.7197874,0.9986866]",
9669,"[4.622005,0.7191671,0.9959992]",
9670,"[4.623778,0.716902,0.9903401]",
9671,"[4.624589,0.7156054,0.9877535]",
9672,"[4.624936,0.7149643,0.986645]",
9673,"[4.622922,0.7176244,0.993072]",
9674,"[4.617428,0.7304382,1.010604]",
9675,"[4.614186,0.7366042,1.020947]",
9676,"[4.61087,0.7423725,1.03153]",
9677,"[4.604589,0.7522183,1.051571]",
9678,"[4.601273,0.7568989,1.062154]",
9679,"[4.595877,0.7641701,1.079373]",
9680,"[4.59241,0.7685655,1.090436]",
9681,"[4.587821,0.7747751,1.105082]",
9682,"[4.584611,0.778914,1.115323]",
9683,"[4.581233,0.7831477,1.126102]",
9684,"[4.566444,0.7812876,1.173294]",
9685,"[4.56215,0.783193,1.186995]",
9686,"[4.551284,0.7812501,1.22167]",
9687,"[4.54591,0.781282,1.238818]",
9688,"[4.537118,0.7847831,1.266873]",
9689,"[4.534285,0.7859714,1.275915]",
9690,"[4.528319,0.7890689,1.294952]",
9691,"[4.52449,0.7913854,1.307168]",
9692,"[4.520503,0.7942045,1.319891]",
9693,"[4.436316,0.8558446,1.420914]",
9694,"[4.429886,0.859372,1.441432]",
9695,"[4.47887,0.8333758,1.452744]",
9696,"[4.477701,0.8371699,1.463477]",
9697,"[4.509682,0.8262973,1.478772]",
9698,"[4.524021,0.8206909,1.483265]",
9699,"[4.535348,0.8174736,1.486815]",
9700,"[4.552596,0.8123257,1.49222]",
9701,"[4.560216,0.8102397,1.494608]",
9702,"[4.573962,0.806259,1.498916]",
9703,"[4.580287,0.8043814,1.500898]",
9704,"[4.57926,0.8048905,1.500576]",
9705,"[4.585019,0.8033893,1.502381]",
9706,"[4.584518,0.803844,1.502224]",
9707,"[4.587357,0.8040397,1.503114]",
9708,"[4.586965,0.804628,1.502991]",
9709,"[4.590022,0.8044984,1.503949]",
9710,"[4.594706,0.803244,1.505417]",
9711,"[4.622533,0.7874001,1.499411]",
9712,"[4.624166,0.7874001,1.502342]",
9713,"[4.627115,0.7874001,1.509138]",
9714,"[4.638905,0.7874001,1.512254]",
9715,"[4.646447,0.7874001,1.515426]",
9716,"[4.67095,0.7874001,1.518698]",
9717,"[4.675745,0.7874001,1.519405]",
9718,"[4.684072,0.7874001,1.521825]",
9719,"[4.6889,0.7874001,1.522223]",
9720,"[4.696449,0.7874001,1.520743]",
9721,"[4.841944,0.7125829,1.46954]",
9722,"[4.842194,0.7144145,1.470236]",
9723,"[4.840853,0.7199984,1.465428]",
9724,"[4.840367,0.722544,1.463651]",
9725,"[4.839133,0.7269647,1.459277]",
9726,"[4.838853,0.7288378,1.458223]",
9727,"[4.838637,0.7330725,1.457217]",
9728,"[4.840837,0.7371265,1.464177]",
9729,"[4.842247,0.7399628,1.468622]",
9730,"[4.84414,0.7441792,1.474557]",
9731,"[4.85078,0.7496889,1.496037]",
9732,"[4.855203,0.7532163,1.510352]",
9733,"[4.8562,0.7526668,1.513674]",
9734,"[4.857546,0.7522193,1.518139]",
9735,"[4.858077,0.7522312,1.519886]",
9736,"[4.858987,0.7526635,1.522852]",
9737,"[4.859439,0.7531291,1.524306]",
9738,"[4.859784,0.7536705,1.525406]",
9739,"[4.860258,0.7553443,1.52685]",
9740,"[4.860328,0.7559877,1.527034]",
9741,"[4.860032,0.7572296,1.525973]",
9742,"[4.859647,0.7578627,1.524661]",
9743,"[4.859296,0.758919,1.523429]",
9744,"[4.859297,0.7595116,1.523392]",
9745,"[4.858881,0.7600316,1.521986]",
9746,"[4.859059,0.7613243,1.522483]",
9747,"[4.862502,0.7815468,1.532402]",
9748,"[4.864467,0.7940973,1.537992]",
9749,"[4.864897,0.7972825,1.539185]",
9750,"[4.866095,0.7694727,1.545079]",
9751,"[4.866214,0.7637115,1.545873]",
9752,"[4.767096,0.7874001,1.555123]",
9753,"[4.745196,0.7874001,1.552747]",
9754,"[4.733991,0.7874001,1.551008]",
9755,"[4.719605,0.7874001,1.547627]",
9756,"[4.714441,0.7874001,1.546105]",
9757,"[4.708035,0.7874001,1.543782]",
9758,"[4.706102,0.7874001,1.542937]",
9759,"[4.704797,0.7874001,1.541485]",
9760,"[4.704662,0.7874001,1.541851]",
9761,"[4.704307,0.7874001,1.542473]",
9762,"[4.703158,0.7874001,1.544491]",
9763,"[4.702284,0.7874001,1.545693]",
9764,"[4.699541,0.7874001,1.549511]",
9765,"[4.698326,0.7874001,1.55136]",
9766,"[4.692311,0.7874001,1.557178]",
9767,"[4.689954,0.7864984,1.558296]",
9768,"[4.693921,0.7823164,1.55954]",
9769,"[4.707547,0.7769083,1.56381]",
9770,"[4.716824,0.7728413,1.566717]",
9771,"[4.851846,0.7209163,1.60903]",
9772,"[4.934435,0.6890272,1.634912]",
9773,"[5.022245,0.6600651,1.66243]",
9774,"[5.258369,0.5648697,1.692918]",
9775,"[5.258062,0.570507,1.701704]",
9776,"[5.25803,0.5713425,1.702642]",
9777,"[5.258033,0.5715844,1.702558]",
9778,"[5.258019,0.5721881,1.702935]",
9779,"[5.25799,0.5731016,1.703773]",
9780,"[5.257963,0.5753526,1.704564]",
9781,"[5.257966,0.5764879,1.704465]",
9782,"[5.258058,0.5787832,1.701844]",
9783,"[5.258168,0.5795959,1.698673]",
9784,"[5.258212,0.579726,1.697418]",
9785,"[5.258169,0.5787717,1.698656]",
9786,"[5.258078,0.5767262,1.701264]",
9787,"[5.256617,0.5723467,1.743112]",
9788,"[5.256018,0.5689293,1.760246]",
9789,"[5.254928,0.5639811,1.791463]",
9790,"[5.254763,0.5633765,1.796191]",
9791,"[5.254286,0.5625196,1.809839]",
9792,"[5.25396,0.5616283,1.819179]",
9793,"[5.253403,0.5598819,1.835142]",
9794,"[5.252053,0.5567015,1.873805]",
9795,"[5.250367,0.5591298,1.922087]",
9796,"[5.248566,0.5627294,1.973647]",
9797,"[5.312998,0.5606273,2.12987]",
9798,"[5.311077,0.5764557,2.18489]",
9799,"[5.310483,0.58371,2.20192]",
9800,"[5.310606,0.5852301,2.198365]",
9801,"[5.310701,0.5872033,2.195647]",
9802,"[5.310917,0.5871958,2.189461]",
9803,"[5.311443,0.5843493,2.174415]",
9804,"[5.311697,0.582182,2.16715]",
9805,"[5.31223,0.575201,2.151879]",
9806,"[5.312504,0.5716666,2.144037]",
9807,"[5.313749,0.565298,2.108367]",
9808,"[5.314015,0.5640858,2.100754]",
9809,"[5.314172,0.5639072,2.096272]",
9810,"[5.311509,0.5764356,2.172519]",
9811,"[5.310693,0.5801894,2.195895]",
9812,"[5.309827,0.5844743,2.220696]",
9813,"[5.309592,0.5852574,2.227423]",
9814,"[5.309062,0.5864389,2.242581]",
9815,"[5.308851,0.585528,2.248625]",
9816,"[5.308459,0.5820698,2.259851]",
9817,"[5.308224,0.5785522,2.26658]",
9818,"[5.307987,0.5752871,2.273383]",
9819,"[5.307795,0.5717149,2.278883]",
9820,"[5.307708,0.5715507,2.281379]",
9821,"[5.307487,0.5716839,2.287698]",
9822,"[5.307398,0.5722388,2.290254]",
9823,"[5.307299,0.5736126,2.293091]",
9824,"[5.307287,0.5743184,2.293434]",
9825,"[5.307316,0.575279,2.292585]",
9826,"[5.307333,0.5770729,2.292106]",
9827,"[5.307425,0.5774019,2.289479]",
9828,"[5.307549,0.5772672,2.285914]",
9829,"[5.307603,0.5768982,2.284374]",
9830,"[5.307684,0.5767674,2.282056]",
9831,"[5.307716,0.5771939,2.281136]",
9832,"[5.307751,0.5782312,2.280135]",
9833,"[5.307859,0.5810161,2.27705]",
9834,"[5.307919,0.5826585,2.275326]",
9835,"[5.307988,0.5841987,2.273354]",
9836,"[5.308007,0.5843412,2.272809]",
9837,"[5.308029,0.5844921,2.272177]",
9838,"[5.308032,0.5845553,2.272098]",
9839,"[5.307639,0.5852938,2.283343]",
9840,"[5.307425,0.5857071,2.289488]",
9841,"[5.307211,0.5859382,2.2956]",
9842,"[5.307063,0.5885051,2.299839]",
9843,"[5.306951,0.5898766,2.303038]",
9844,"[5.306806,0.5922111,2.307213]",
9845,"[5.306593,0.5933813,2.313289]",
9846,"[5.306182,0.5961848,2.325052]",
9847,"[5.30617,0.5962588,2.325402]",
9848,"[5.306126,0.5961757,2.32668]",
9849,"[5.306099,0.5961465,2.327426]",
9850,"[5.30604,0.595807,2.329129]",
9851,"[5.305765,0.5957315,2.336998]",
9852,"[5.304646,0.596476,2.369063]",
9853,"[5.302192,0.5964824,2.43934]",
9854,"[5.301231,0.5963297,2.466831]",
9855,"[5.300054,0.5993348,2.500568]",
9856,"[5.299553,0.602456,2.514897]",
9857,"[5.536183,0.5203173,2.630845]",
9858,"[5.535595,0.5330176,2.647661]",
9859,"[5.535353,0.5391341,2.654602]",
9860,"[5.5349,0.5470948,2.667593]",
9861,"[5.534674,0.5491451,2.674066]",
9862,"[5.534556,0.5479311,2.677431]",
9863,"[5.534441,0.5463559,2.680733]",
9864,"[5.534592,0.5431277,2.676408]",
9865,"[5.534741,0.5353391,2.672134]",
9866,"[5.534776,0.5300121,2.671122]",
9867,"[5.53422,0.4995596,2.687063]",
9868,"[5.533967,0.4816471,2.694289]",
9869,"[5.533581,0.4371727,2.70534]",
9870,"[5.533476,0.4166432,2.708365]",
9871,"[5.533327,0.380346,2.712626]",
9872,"[5.53336,0.3735367,2.71169]",
9873,"[5.533404,0.3655198,2.710403]",
9874,"[5.533729,0.3538719,2.701107]",
9875,"[5.533885,0.3507494,2.696655]",
9876,"[5.53421,0.3471247,2.687339]",
9877,"[5.534269,0.3511137,2.685643]",
9878,"[5.53432,0.3622376,2.684176]",
9879,"[5.534317,0.3707777,2.684268]",
9880,"[5.534312,0.3777413,2.684422]",
9881,"[5.534121,0.3934238,2.689894]",
9882,"[5.533931,0.3991544,2.695327]",
9883,"[5.533443,0.4097498,2.709301]",
9884,"[5.533137,0.4168209,2.718055]",
9885,"[5.532575,0.4299749,2.734156]",
9886,"[5.532239,0.4409167,2.743773]",
9887,"[5.532077,0.456044,2.748407]",
9888,"[5.531575,0.5010452,2.762796]",
9889,"[5.531316,0.5137084,2.770223]",
9890,"[5.531003,0.5248054,2.77917]",
9891,"[5.530982,0.525233,2.779794]",
9892,"[5.531006,0.5298085,2.779082]",
9893,"[5.531027,0.5354423,2.778476]",
9894,"[5.531112,0.5346564,2.776065]",
9895,"[5.531445,0.5321811,2.766519]",
9896,"[5.531709,0.5288723,2.758966]",
9897,"[5.532022,0.5158788,2.750014]",
9898,"[5.532079,0.5078418,2.748366]",
9899,"[5.532089,0.4964421,2.74807]",
9900,"[5.532064,0.4929328,2.748775]",
9901,"[5.53203,0.4915187,2.749761]",
9902,"[5.532011,0.4914502,2.750314]",
9903,"[5.531986,0.4913236,2.751034]",
9904,"[5.531944,0.490004,2.752217]",
9905,"[5.531925,0.4890991,2.752774]",
9906,"[5.531899,0.4870277,2.753505]",
9907,"[5.531935,0.4860407,2.752474]",
9908,"[5.531991,0.4839678,2.750874]",
9909,"[5.53201,0.4828548,2.750338]",
9910,"[5.532039,0.4805378,2.7495]",
9911,"[5.532042,0.4794025,2.749441]",
9912,"[5.532044,0.4786083,2.749346]",
9913,"[5.532133,0.4886065,2.746813]",
9914,"[5.532219,0.4937515,2.744342]",
9915,"[5.532247,0.4889903,2.743547]",
9916,"[5.53224,0.4849945,2.743751]",
9917,"[5.532307,0.4802186,2.741825]",
9918,"[5.532345,0.479225,2.74074]",
9919,"[5.532362,0.4790185,2.740261]",
9920,"[5.532578,0.4945453,2.734053]",
9921,"[5.532506,0.4962287,2.736115]",
9922,"[5.532301,0.4997178,2.741988]",
9923,"[5.532205,0.5012174,2.744749]",
9924,"[5.532257,0.5132174,2.743275]",
9925,"[5.532916,0.5136365,2.724411]",
9926,"[5.533657,0.5128938,2.703186]",
9927,"[5.534079,0.5111246,2.691104]",
9928,"[5.534467,0.5094386,2.679984]",
9929,"[5.535102,0.5011827,2.661795]",
9930,"[5.535428,0.4962265,2.652476]",
9931,"[5.535885,0.4756081,2.639374]",
9932,"[5.53602,0.4684739,2.635507]",
9933,"[5.535924,0.4610953,2.638257]",
9934,"[5.535757,0.4599433,2.64305]",
9935,"[5.535648,0.459084,2.646167]",
9936,"[5.535376,0.4627057,2.653951]",
9937,"[5.535231,0.4680451,2.658114]",
9938,"[5.534964,0.4777605,2.665748]",
9939,"[5.534857,0.4831552,2.668818]",
9940,"[5.53467,0.4897646,2.674172]",
9941,"[5.534593,0.4912598,2.676374]",
9942,"[5.534587,0.4924041,2.676549]",
9943,"[5.534566,0.4922008,2.677148]",
9944,"[5.534578,0.4905565,2.6768]",
9945,"[5.5346,0.4892291,2.67616]",
9946,"[5.534616,0.4898479,2.675727]",
9947,"[5.534678,0.497612,2.673955]",
9948,"[5.534758,0.5070961,2.671655]",
9949,"[5.535018,0.5271675,2.664184]",
9950,"[5.535136,0.5349247,2.660823]",
9951,"[5.53522,0.5407393,2.658409]",
9952,"[5.535108,0.5455238,2.66164]",
9953,"[5.534999,0.5463702,2.664727]",
9954,"[5.534828,0.5462165,2.669633]",
9955,"[5.534831,0.5458468,2.669571]",
9956,"[5.534821,0.5435714,2.669848]",
9957,"[5.534812,0.5423551,2.670087]",
9958,"[5.534714,0.5425454,2.672919]",
9959,"[5.534624,0.5448521,2.675492]",
9960,"[5.534538,0.5478628,2.677953]",
9961,"[5.534483,0.5534245,2.679524]",
9962,"[5.534389,0.5549082,2.68223]",
9963,"[5.53441,0.5561038,2.681617]",
9964,"[5.534415,0.5562366,2.681454]",
9965,"[5.534416,0.5560043,2.681451]",
9966,"[5.534408,0.5548709,2.681659]",
9967,"[5.534399,0.5538499,2.681936]",
9968,"[5.534299,0.5531044,2.684781]",
9969,"[5.534278,0.5511663,2.6854]",
9970,"[5.534242,0.5481864,2.686416]",
9971,"[5.534224,0.5470679,2.686956]",
9972,"[5.53421,0.5460748,2.687348]",
9973,"[5.534131,0.5472369,2.689595]",
9974,"[5.534058,0.5483994,2.691706]",
9975,"[5.533928,0.5514754,2.695419]",
9976,"[5.533915,0.5511622,2.695794]",
9977,"[5.533879,0.5489343,2.696807]",
9978,"[5.533857,0.5484425,2.697455]",
9979,"[5.533778,0.5501821,2.699707]",
9980,"[5.533731,0.5524287,2.701075]",
9981,"[5.533702,0.5507687,2.701882]",
9982,"[5.533679,0.5500049,2.702544]",
9983,"[5.53367,0.5498898,2.702798]",
9984,"[5.533626,0.5547152,2.704058]",
9985,"[5.533617,0.5545205,2.704299]",
9986,"[5.533544,0.5524701,2.706426]",
9987,"[5.533485,0.5509596,2.708104]",
9988,"[5.533417,0.5491215,2.71006]",
9989,"[5.533394,0.5485306,2.710708]",
9990,"[5.533357,0.5478355,2.711759]",
9991,"[5.53329,0.5464047,2.713677]",
9992,"[5.533254,0.5456286,2.714715]",
9993,"[5.533197,0.5446565,2.716333]",
9994,"[5.533173,0.5443014,2.717031]",
9995,"[5.533129,0.5430365,2.718287]",
9996,"[5.53311,0.5422096,2.718844]",
9997,"[5.533102,0.5416622,2.719059]",
9998,"[5.533091,0.5403475,2.719393]",
9999,"[5.533087,0.5396167,2.719488]",
10000,"[5.533094,0.5386475,2.719293]",
10001,"[5.533106,0.5383005,2.718944]",
10002,"[5.533174,0.5390892,2.717006]",
10003,"[5.533209,0.5397899,2.715987]",
10004,"[5.533281,0.5411746,2.713933]",
10005,"[5.533322,0.5419124,2.712768]",
10006,"[5.533373,0.5431013,2.711296]",
10007,"[5.533471,0.5452844,2.708517]",
10008,"[5.533513,0.5461177,2.70731]",
10009,"[5.533598,0.5476228,2.704869]",
10010,"[5.533627,0.5482522,2.704052]",
10011,"[5.53368,0.5494602,2.702499]",
10012,"[5.533706,0.5500771,2.701778]",
10013,"[5.533706,0.550123,2.70177]",
10014,"[5.533669,0.5502805,2.702843]",
10015,"[5.53365,0.5502582,2.703381]",
10016,"[5.5336,0.5512198,2.704793]",
10017,"[5.533576,0.5516062,2.705488]",
10018,"[5.533538,0.5520899,2.706567]",
10019,"[5.533521,0.5521835,2.707066]",
10020,"[5.526866,0.5579032,2.706261]",
10021,"[5.521032,0.5627643,2.704984]",
10022,"[5.513984,0.5688906,2.702841]",
10023,"[5.498245,0.5827281,2.697823]",
10024,"[5.489497,0.591231,2.693872]",
10025,"[5.47256,0.6081027,2.686116]",
10026,"[5.462347,0.6174635,2.682849]",
10027,"[5.459046,0.622529,2.679477]",
10028,"[5.459653,0.622529,2.679738]",
10029,"[5.460651,0.622529,2.678949]",
10030,"[5.461397,0.622529,2.678176]",
10031,"[5.681588,0.434659,2.753643]",
10032,"[5.69443,0.4233797,2.759574]",
10033,"[5.702359,0.415942,2.763405]",
10034,"[5.95,0.20055,2.854325]",
10035,"[5.95,0.1979473,2.857686]",
10036,"[5.95,0.1956741,2.861306]",
10037,"[5.95,0.1915889,2.87098]",
10038,"[5.95,0.1885154,2.876891]",
10039,"[5.95,0.1738246,2.891464]",
10040,"[5.95,0.1345989,2.910722]",
10041,"[5.57515,0.4153896,2.776087]",
10042,"[5.532781,0.4281586,2.765652]",
10043,"[5.484321,0.4388561,2.752254]",
10044,"[5.474935,0.4326308,2.750567]",
10045,"[5.466122,0.4287508,2.748085]",
10046,"[5.448124,0.4197882,2.742824]",
10047,"[5.441275,0.4189977,2.739593]",
10048,"[5.428375,0.415749,2.733715]",
10049,"[5.422257,0.4131829,2.731065]",
10050,"[5.395377,0.367835,2.723963]",
10051,"[5.38656,0.3573588,2.721995]",
10052,"[5.380576,0.3483506,2.720855]",
10053,"[5.373223,0.3476965,2.719072]",
10054,"[5.371436,0.3497035,2.71906]",
10055,"[5.370469,0.3474439,2.722701]",
10056,"[5.369689,0.3455963,2.725367]",
10057,"[5.36835,0.3423232,2.728866]",
10058,"[5.363573,0.3296469,2.730741]",
10059,"[5.360122,0.3204842,2.732009]",
10060,"[5.355415,0.3079028,2.732879]",
10061,"[5.353671,0.3032088,2.732853]",
10062,"[5.353013,0.3014049,2.732499]",
10063,"[5.352808,0.3008449,2.73239]",
10064,"[5.352746,0.3006707,2.732309]",
10065,"[5.352909,0.3011262,2.732507]",
10066,"[5.35437,0.3000576,2.733626]",
10067,"[5.355457,0.2989965,2.734416]",
10068,"[5.356119,0.2990143,2.734908]",
10069,"[5.357759,0.2982681,2.736233]",
10070,"[5.358801,0.2980148,2.736848]",
10071,"[5.361388,0.2964253,2.738349]",
10072,"[5.362499,0.2956905,2.738914]",
10073,"[5.365383,0.2919475,2.740247]",
10074,"[5.367483,0.2912424,2.740368]",
10075,"[5.369638,0.2907554,2.73896]",
10076,"[5.222643,0.622529,2.642574]",
10077,"[5.224973,0.622529,2.641775]",
10078,"[5.230282,0.622529,2.640482]",
10079,"[5.233976,0.622529,2.63993]",
10080,"[5.446059,0.3669606,2.728222]",
10081,"[5.460792,0.3755631,2.728907]",
10082,"[5.907821,0.1,2.850971]",
10083,"[5.95,0.1112441,2.853936]",
10084,"[5.95,0.1328468,2.848679]",
10085,"[5.95,0.1734189,2.836816]",
10086,"[5.95,0.1952688,2.829472]",
10087,"[5.95,0.2274469,2.816957]",
10088,"[5.95,0.2456709,2.809602]",
10089,"[5.95,0.2593921,2.805141]",
10090,"[5.95,0.2723747,2.799008]",
10091,"[5.95,0.2769608,2.796567]",
10092,"[5.95,0.2947482,2.783618]",
10093,"[5.95,0.3069819,2.772005]",
10094,"[5.95,0.3695702,2.720923]",
10095,"[5.561459,0.6413422,2.595275]",
10096,"[5.562423,0.6498288,2.567671]",
10097,"[5.564635,0.6315151,2.518447]",
10098,"[5.950001,0.3039644,2.349175]",
10099,"[5.950001,0.291502,2.320347]",
10100,"[5.950001,0.2598012,2.281524]",
10101,"[5.950001,0.2318875,2.236101]",
10102,"[5.950001,0.2228407,2.215941]",
10103,"[5.950001,0.2152828,2.196873]",
10104,"[5.950001,0.213844,2.194864]",
10105,"[5.950001,0.2088048,2.183114]",
10106,"[5.950001,0.205191,2.173187]",
10107,"[5.950001,0.1717839,2.155515]",
10108,"[5.950001,0.1147834,2.127399]",
10109,"[5.93877,0.1,2.119059]",
10110,"[5.911639,0.1,2.118415]",
10111,"[5.606114,0.4064161,2.252221]",
10112,"[5.591842,0.4170023,2.264719]",
10113,"[5.58688,0.4198606,2.268055]",
10114,"[5.577687,0.4224153,2.270871]",
10115,"[5.56424,0.4277266,2.276922]",
10116,"[5.559411,0.4305554,2.280227]",
10117,"[5.547406,0.4406143,2.292157]",
10118,"[5.543449,0.4434521,2.295503]",
10119,"[5.532925,0.453349,2.307286]",
10120,"[5.529925,0.4566294,2.311209]",
10121,"[5.526126,0.4602921,2.315573]",
10122,"[5.52603,0.4613468,2.316865]",
10123,"[5.525957,0.4620703,2.31775]",
10124,"[5.525929,0.4637628,2.319828]",
10125,"[5.52623,0.4643137,2.320514]",
10126,"[5.526353,0.4649817,2.321339]",
10127,"[5.52547,0.4658711,2.3224]",
10128,"[5.521077,0.4671243,2.323785]",
10129,"[5.517767,0.4676394,2.324302]",
10130,"[5.514724,0.4680917,2.324751]",
10131,"[5.511022,0.4683617,2.324953]",
10132,"[5.511244,0.4682325,2.324802]",
10133,"[5.513412,0.4665793,2.322849]",
10134,"[5.515822,0.465269,2.321324]",
10135,"[5.518903,0.4624403,2.317958]",
10136,"[5.519426,0.4611982,2.316452]",
10137,"[5.515867,0.4595522,2.314306]",
10138,"[5.510337,0.4593154,2.313823]",
10139,"[5.496059,0.4659427,2.321461]",
10140,"[5.464929,0.4781401,2.335349]",
10141,"[5.445444,0.484727,2.342756]",
10142,"[5.259852,0.622529,2.399425]",
10143,"[5.249774,0.622529,2.402275]",
10144,"[5.234445,0.622529,2.403544]",
10145,"[5.331932,0.4565462,2.37941]",
10146,"[5.325027,0.4565085,2.3792]",
10147,"[5.317384,0.4554321,2.37981]",
10148,"[5.514255,0.1,2.336011]",
10149,"[5.504022,0.1,2.338612]",
10150,"[5.497293,0.1,2.339521]",
10151,"[5.302191,0.4553809,2.379322]",
10152,"[5.458714,0.1,2.344121]",
10153,"[5.278324,0.4573342,2.376895]",
10154,"[5.27382,0.4595865,2.374901]",
10155,"[5.271063,0.4613435,2.373372]",
10156,"[5.267745,0.4643933,2.370769]",
10157,"[5.266964,0.4653371,2.369972]",
10158,"[5.267871,0.4673539,2.368359]",
10159,"[5.269512,0.4684947,2.367486]",
10160,"[5.2694,0.4680059,2.367881]",
10161,"[5.269296,0.467514,2.368278]",
10162,"[5.269262,0.4666874,2.368951]",
10163,"[5.269248,0.4650874,2.370255]",
10164,"[5.267829,0.4627784,2.372089]",
10165,"[5.264563,0.4581688,2.375734]",
10166,"[5.263144,0.456246,2.377253]",
10167,"[5.378349,0.1,2.355664]",
10168,"[5.377543,0.1,2.356605]",
10169,"[5.376686,0.1,2.357433]",
10170,"[5.37487,0.1,2.358597]",
10171,"[5.373568,0.1,2.359066]",
10172,"[5.370047,0.1,2.359887]",
10173,"[5.368023,0.1,2.360182]",
10174,"[5.362679,0.1,2.358638]",
10175,"[5.359028,0.1,2.356876]",
10176,"[5.352904,0.1,2.354782]",
10177,"[5.351349,0.1,2.354344]",
10178,"[5.350049,0.1,2.354156]",
10179,"[5.350371,0.1,2.353555]",
10180,"[5.350235,0.1,2.35357]",
10181,"[5.354908,0.1,2.355733]",
10182,"[5.357095,0.1,2.356578]",
10183,"[5.362034,0.1,2.358429]",
10184,"[5.364708,0.1,2.359454]",
10185,"[5.367091,0.1,2.360493]",
10186,"[5.37138,0.1,2.362098]",
10187,"[5.372776,0.1,2.361495]",
10188,"[5.375268,0.1,2.360794]",
10189,"[5.376363,0.1,2.360397]",
10190,"[5.379192,0.1,2.359609]",
10191,"[5.3815,0.1,2.359103]",
10192,"[5.385828,0.1,2.358544]",
10193,"[5.387661,0.1,2.358506]",
10194,"[5.389274,0.09999996,2.358605]",
10195,"[5.392165,0.1,2.358849]",
10196,"[5.393902,0.1,2.358948]",
10197,"[5.397105,0.1,2.35881]",
10198,"[5.398625,0.1,2.358545]",
10199,"[5.401947,0.1,2.35692]",
10200,"[5.403664,0.1,2.35568]",
10201,"[5.40589,0.1,2.354219]",
10202,"[5.410553,0.1,2.350888]",
10203,"[5.412924,0.1,2.348972]",
10204,"[5.416295,0.1,2.345682]",
10205,"[5.418812,0.1,2.34356]",
10206,"[5.423783,0.1,2.342211]",
10207,"[5.427184,0.1,2.341804]",
10208,"[5.434309,0.1,2.339849]",
10209,"[5.438189,0.1,2.338059]",
10210,"[5.441417,0.1,2.336181]",
10211,"[5.447948,0.1,2.335677]",
10212,"[5.451017,0.1,2.335069]",
10213,"[5.457323,0.1,2.332133]",
10214,"[5.299166,0.4559407,2.37876]",
10215,"[5.301517,0.4587305,2.376566]",
10216,"[5.30278,0.4604133,2.375238]",
10217,"[5.303613,0.4616114,2.37429]",
10218,"[5.306233,0.464956,2.371654]",
10219,"[5.308826,0.4668233,2.370222]",
10220,"[5.331557,0.470594,2.367941]",
10221,"[5.344025,0.4726493,2.3667]",
10222,"[5.46326,0.4659415,2.320314]",
10223,"[5.805946,0.1,2.209506]",
10224,"[5.950001,0.2998185,2.136797]",
10225,"[5.950001,0.3223312,2.13445]",
10226,"[5.950001,0.3414842,2.13151]",
10227,"[5.950001,0.3623039,2.126632]",
10228,"[5.950001,0.3668473,2.124436]",
10229,"[5.950001,0.3774719,2.118724]",
10230,"[5.950001,0.376144,2.11497]",
10231,"[5.950001,0.3729052,2.107032]",
10232,"[5.912374,0.3955989,2.117247]",
10233,"[5.90365,0.400717,2.116942]",
10234,"[5.906646,0.397923,2.117047]",
10235,"[5.906991,0.3980719,2.117059]",
10236,"[5.910219,0.3975999,2.117172]",
10237,"[5.914099,0.3960638,2.117307]",
10238,"[5.950001,0.3760999,2.106273]",
10239,"[5.950001,0.3763437,2.10713]",
10240,"[5.950001,0.376311,2.108679]",
10241,"[5.950001,0.3756553,2.108454]",
10242,"[5.950001,0.3754366,2.107871]",
10243,"[5.586668,0.5664619,2.105873]",
10244,"[5.574658,0.5689474,2.092857]",
10245,"[5.865645,0.2910023,1.670658]",
10246,"[5.830436,0.3112555,1.669429]",
10247,"[5.794736,0.3335718,1.668182]",
10248,"[5.782709,0.3421853,1.667762]",
10249,"[5.781063,0.3431177,1.667705]",
10250,"[5.781283,0.3443065,1.667712]",
10251,"[5.7837,0.3447028,1.667797]",
10252,"[5.795302,0.3439519,1.668202]",
10253,"[5.804745,0.3427296,1.668532]",
10254,"[5.830914,0.3328978,1.669446]",
10255,"[5.843592,0.3285115,1.669888]",
10256,"[5.854115,0.3246956,1.670256]",
10257,"[5.860435,0.3174343,1.670476]",
10258,"[5.863227,0.3145248,1.670574]",
10259,"[5.863614,0.3119462,1.670587]",
10260,"[5.863373,0.3112082,1.670579]",
10261,"[5.855236,0.3116489,1.670295]",
10262,"[5.849917,0.3125892,1.670109]",
10263,"[5.835119,0.3169441,1.669592]",
10264,"[5.827097,0.3196697,1.669312]",
10265,"[5.820458,0.3220301,1.66908]",
10266,"[5.810461,0.3255661,1.668731]",
10267,"[5.808591,0.3248058,1.668666]",
10268,"[5.807374,0.3229278,1.668623]",
10269,"[5.808014,0.3215613,1.668646]",
10270,"[5.81331,0.3171148,1.668831]",
10271,"[5.819621,0.3132286,1.669051]",
10272,"[5.827688,0.3088549,1.669333]",
10273,"[5.850268,0.2983609,1.670121]",
10274,"[5.867378,0.2915612,1.670719]",
10275,"[5.906496,0.2759911,1.672085]",
10276,"[5.93735,0.2650729,1.673162]",
10277,"[5.95,0.3039205,1.751941]",
10278,"[5.95,0.3228769,1.781028]",
10279,"[5.575058,0.6062785,2.081431]",
10280,"[5.579783,0.6622186,2.182092]",
10281,"[5.596,0.6829921,2.234868]",
10282,"[5.95,0.8222783,2.611483]",
10283,"[5.95,1.051458,2.926443]",
10284,"[5.798654,1.086417,2.973776]",
10285,"[5.610289,1.107044,2.967198]",
10286,"[5.577927,1.188474,3.193019]",
10287,"[5.370237,1.208752,3.149252]",
10288,"[5.281913,1.223715,3.14671]",
10289,"[4.854035,1.764777,3.983124]",
10290,"[4.805304,1.784154,3.983164]",
10291,"[4.544465,1.889075,3.983384]",
10292,"[4.368131,1.948607,3.983509]",
10293,"[4.171033,2.021508,3.983661]",
10294,"[4.09824,1.964763,3.950086]",
10295,"[4.0609,1.82998,3.93711]",
10296,"[4.033937,1.831828,3.955448]",
10297,"[4.021826,1.831212,3.957168]",
10298,"[4.115025,1.76802,3.95774]",
10299,"[4.310837,1.666302,3.982917]",
10300,"[4.469769,1.589837,3.982757]",
10301,"[4.519099,1.56889,3.982713]",
10302,"[4.653718,1.512627,3.982595]",
10303,"[4.679459,1.502032,3.982573]",
10304,"[4.709853,1.488544,3.982545]",
10305,"[4.744412,1.470301,3.982507]",
10306,"[4.755734,1.46328,3.982492]",
10307,"[4.666905,1.470357,3.982507]",
10308,"[4.633785,1.47391,3.982514]",
10309,"[4.605038,1.480806,3.982529]",
10310,"[4.600635,1.481956,3.982531]",
10311,"[4.59397,1.482857,3.982533]",
10312,"[4.591527,1.4831,3.982534]",
10313,"[4.589663,1.483139,3.982534]",
10314,"[4.587013,1.48259,3.982533]",
10315,"[4.58349,1.482791,3.982533]",
10316,"[4.580504,1.48211,3.982532]",
10317,"[4.580263,1.48147,3.98253]",
10318,"[4.585292,1.476225,3.982519]",
10319,"[4.595742,1.468932,3.982504]",
10320,"[4.606657,1.46311,3.982492]",
10321,"[4.675487,1.431296,3.982425]",
10322,"[4.697012,1.419728,3.982401]",
10323,"[4.811227,1.36894,3.982295]",
10324,"[4.88849,1.342607,3.982239]",
10325,"[5.284533,1.210985,3.953634]",
10326,"[5.346102,1.185805,3.915994]",
10327,"[5.262533,1.125312,3.238678]",
10328,"[5.281116,1.135103,3.150492]",
10329,"[5.330788,1.138011,3.140939]",
10330,"[5.49801,1.138403,3.176178]",
10331,"[5.611073,1.135309,3.200005]",
10332,"[5.739731,1.061739,2.971718]",
10333,"[5.95,1.045723,2.987644]",
10334,"[5.95,1.019833,2.831451]",
10335,"[5.95,0.9948005,2.754072]",
10336,"[5.95,0.978552,2.685204]",
10337,"[5.558866,0.9886919,2.5451]",
10338,"[5.647562,0.9768029,2.508409]",
10339,"[5.529062,0.973971,2.435804]",
10340,"[5.624534,0.808126,1.976993]",
10341,"[5.624534,0.7991177,1.953691]",
10342,"[5.624534,0.7901011,1.930159]",
10343,"[5.624534,0.7814469,1.903782]",
10344,"[5.624534,0.7549256,1.850657]",
10345,"[5.624534,0.7414726,1.874229]",
10346,"[5.624534,0.7313734,1.883131]",
10347,"[5.624534,0.7308097,1.940629]",
10348,"[5.63586,0.7295719,1.981407]",
10349,"[5.657677,0.7207237,1.981407]",
10350,"[5.575088,0.7605758,2.080552]",
10351,"[5.574893,0.7602815,2.086148]",
10352,"[5.586116,0.7599074,2.105854]",
10353,"[5.641868,0.7421091,2.1078]",
10354,"[5.658996,0.7357988,2.108399]",
10355,"[5.666453,0.7325564,2.108659]",
10356,"[5.663509,0.7329382,2.108556]",
10357,"[5.645661,0.7416981,2.107933]",
10358,"[5.624534,0.7405293,1.881829]",
10359,"[5.624534,0.7388098,1.865556]",
10360,"[5.624534,0.7357076,1.828356]",
10361,"[5.624534,0.7346169,1.808443]",
10362,"[5.624534,0.7359403,1.793195]",
10363,"[5.624534,0.7357308,1.780968]",
10364,"[5.624534,0.7378522,1.772204]",
10365,"[5.624534,0.7413502,1.77398]",
10366,"[5.624534,0.7475144,1.77562]",
10367,"[5.624534,0.7500504,1.775585]",
10368,"[5.624534,0.7527825,1.773682]",
10369,"[5.624534,0.7616978,1.776476]",
10370,"[5.624534,0.7665691,1.781782]",
10371,"[5.624534,0.7732644,1.780705]",
10372,"[5.624534,0.7762588,1.775431]",
10373,"[5.624534,0.7757591,1.736567]",
10374,"[5.624534,0.769845,1.702357]",
10375,"[5.436366,0.6726176,1.405473]",
10376,"[5.383041,0.6726176,1.413534]",
10377,"[5.253478,0.5773456,1.147667]",
10378,"[5.08395,0.7085694,1.53637]",
10379,"[5.03031,0.7513507,1.664957]",
10380,"[5.002511,0.7450989,1.656245]",
10381,"[4.992065,0.7425854,1.652972]",
10382,"[4.992235,0.7419101,1.653025]",
10383,"[4.993589,0.7405115,1.65345]",
10384,"[4.993712,0.7404664,1.653488]",
10385,"[4.994682,0.7412943,1.653792]",
10386,"[4.994883,0.7417854,1.653855]",
10387,"[5.001528,0.7482399,1.655938]",
10388,"[4.998132,0.7499559,1.654873]",
10389,"[4.982485,0.7533528,1.64997]",
10390,"[4.949215,0.7541913,1.639544]",
10391,"[4.92473,0.7549777,1.631871]",
10392,"[4.755762,0.7334202,1.578919]",
10393,"[4.730211,0.7316949,1.570912]",
10394,"[4.676911,0.7285368,1.554209]",
10395,"[4.671002,0.7304013,1.552357]",
10396,"[4.637148,0.7361287,1.541748]",
10397,"[4.628502,0.7391327,1.539039]",
10398,"[4.590294,0.7423738,1.527065]",
10399,"[4.564631,0.7415555,1.519023]",
10400,"[3.687101,0.3160566,0.5144467]",
10401,"[3.652475,0.3295244,0.5620388]",
10402,"[3.528903,0.3589254,0.7282386]",
10403,"[3.278598,0.2903042,0.6029561]",
10404,"[3.231934,0.285948,0.6029561]",
10405,"[3.189948,0.283617,0.6029561]",
10406,"[3.189834,0.2833973,0.6029561]",
10407,"[3.193242,0.2817552,0.6029561]",
10408,"[3.220459,0.2599759,0.6029561]",
10409,"[3.231894,0.243517,0.6029561]",
10410,"[3.248693,0.2123174,0.6029561]",
10411,"[3.254066,0.1997864,0.6029561]",
10412,"[3.286024,0.182651,0.6029561]",
10413,"[3.288621,0.1749985,0.6029561]",
10414,"[3.299216,0.1683437,0.6029561]",
10415,"[3.313026,0.1537158,0.6029561]",
10416,"[3.316382,0.146884,0.6029561]",
10417,"[3.331301,0.1340219,0.5967375]",
10418,"[3.331301,0.1292998,0.596153]",
10419,"[3.331301,0.1190681,0.5801296]",
10420,"[3.331301,0.1176403,0.5800669]",
10421,"[3.330102,0.1278319,0.6029561]",
10422,"[3.303752,0.1248066,0.6029561]",
10423,"[3.267517,0.1185375,0.6029561]",
10424,"[3.184464,0.231081,1.120587]",
10425,"[3.084617,0.2076234,1.224356]",
10426,"[3.347684,0.3928774,1.479695]",
10427,"[3.347628,0.4015358,1.512704]",
10428,"[3.347472,0.4116846,1.544046]",
10429,"[3.347317,0.4167321,1.553292]",
10430,"[3.347143,0.4227817,1.565345]",
10431,"[3.34703,0.424999,1.565781]",
10432,"[3.347002,0.4253775,1.565159]",
10433,"[3.346684,0.4307289,1.56248]",
10434,"[3.346694,0.4303508,1.561589]",
10435,"[3.346808,0.4260156,1.552114]",
10436,"[3.346921,0.4227466,1.547143]",
10437,"[3.346915,0.4207096,1.537821]",
10438,"[3.346821,0.4221038,1.536146]",
10439,"[3.346495,0.4278274,1.534444]",
10440,"[3.345694,0.442904,1.53457]",
10441,"[3.34533,0.4502631,1.536839]",
10442,"[3.344892,0.4574699,1.532418]",
10443,"[3.34476,0.4598929,1.532192]",
10444,"[3.344589,0.4623414,1.528901]",
10445,"[3.344648,0.4605932,1.526152]",
10446,"[3.344744,0.4585009,1.52486]",
10447,"[3.344899,0.4571153,1.531525]",
10448,"[3.344856,0.4599094,1.540077]",
10449,"[3.34464,0.469899,1.565871]",
10450,"[3.348381,0.4314345,1.703758]",
10451,"[3.349566,0.4222608,1.760546]",
10452,"[3.349716,0.422971,1.775873]",
10453,"[3.314247,0.3949006,1.777956]",
10454,"[3.30671,0.3896607,1.778063]",
10455,"[3.30039,0.3859853,1.778151]",
10456,"[3.30055,0.3877058,1.778143]",
10457,"[3.299098,0.3871437,1.778163]",
10458,"[3.295447,0.3867474,1.778208]",
10459,"[3.291838,0.3861472,1.778254]",
10460,"[3.291992,0.3939237,1.778228]",
10461,"[3.296609,0.4025295,1.778146]",
10462,"[3.305282,0.4143098,1.778004]",
10463,"[3.315546,0.4349235,1.777817]",
10464,"[3.322211,0.4486471,1.777694]",
10465,"[3.327045,0.4599859,1.7776]",
10466,"[3.330058,0.4655806,1.777547]",
10467,"[3.346353,0.4859324,1.774995]",
10468,"[3.346002,0.4913922,1.7701]",
10469,"[3.345733,0.4947742,1.762863]",
10470,"[3.344902,0.5070617,1.74845]",
10471,"[3.344229,0.5179358,1.740792]",
10472,"[3.18819,0.6002311,1.690187]",
10473,"[3.109904,0.593551,1.667388]",
10474,"[2.989955,0.5806856,1.63532]",
10475,"[2.980375,0.5806856,1.632043]",
10476,"[2.971287,0.5806856,1.627418]",
10477,"[2.973721,0.5806856,1.626036]",
10478,"[2.97573,0.5806856,1.624259]",
10479,"[2.982229,0.5806856,1.624271]",
10480,"[2.982284,0.5806856,1.624267]",
10481,"[2.986629,0.5806856,1.625568]",
10482,"[2.98803,0.5806856,1.626113]",
10483,"[2.990253,0.5806856,1.62735]",
10484,"[2.9926,0.5806856,1.628381]",
10485,"[2.996666,0.5806856,1.629799]",
10486,"[3.033992,0.5894292,1.635643]",
10487,"[3.060768,0.5908625,1.638376]",
10488,"[3.11184,0.5935985,1.644491]",
10489,"[3.221461,0.6002311,1.662736]",
10490,"[3.339236,0.5984488,1.683371]",
10491,"[3.340713,0.5708257,1.683798]",
10492,"[3.342577,0.5370907,1.689287]",
10493,"[3.34329,0.5243429,1.692136]",
10494,"[3.343339,0.5235541,1.692652]",
10495,"[3.343407,0.5225772,1.693958]",
10496,"[3.343376,0.5233615,1.694844]",
10497,"[3.343258,0.5263075,1.698002]",
10498,"[3.343186,0.5283214,1.7009]",
10499,"[3.342968,0.5340007,1.707748]",
10500,"[3.342855,0.5372345,1.712595]",
10501,"[3.342584,0.5435866,1.718107]",
10502,"[3.342257,0.5525449,1.730284]",
10503,"[3.342166,0.555935,1.73764]",
10504,"[3.342242,0.5582653,1.753937]",
10505,"[3.342321,0.5586692,1.762083]",
10506,"[3.124859,0.3580402,1.780362]",
10507,"[2.895711,0.1103477,1.996642]",
10508,"[2.89637,0.1,2.024733]",
10509,"[2.935648,0.1,2.106148]",
10510,"[2.946363,0.1,2.126541]",
10511,"[2.960299,0.1,2.155173]",
10512,"[2.96247,0.1,2.162848]",
10513,"[2.96693,0.1,2.176064]",
10514,"[2.964317,0.1,2.180143]",
10515,"[2.951975,0.1,2.192355]",
10516,"[2.94215,0.1,2.20091]",
10517,"[2.928989,0.1,2.207418]",
10518,"[2.894413,0.1,2.228272]",
10519,"[2.874864,0.1,2.239952]",
10520,"[2.837583,0.1,2.257158]",
10521,"[2.818065,0.1,2.264351]",
10522,"[2.781356,0.1,2.276391]",
10523,"[2.770093,0.1,2.279256]",
10524,"[2.765548,0.1,2.279431]",
10525,"[2.762996,0.1,2.272074]",
10526,"[2.76523,0.1,2.267367]",
10527,"[2.780308,0.1,2.259353]",
10528,"[2.796567,0.1,2.253789]",
10529,"[2.843131,0.1,2.21074]",
10530,"[2.855344,0.1,2.201708]",
10531,"[2.860753,0.1,2.195013]",
10532,"[2.863112,0.1,2.19222]",
10533,"[2.865317,0.1,2.190442]",
10534,"[2.855158,0.1,2.190147]",
10535,"[2.848474,0.1,2.191262]",
10536,"[2.829621,0.1,2.193353]",
10537,"[2.82181,0.09999996,2.195234]",
10538,"[2.8161,0.1,2.199607]",
10539,"[2.815391,0.1,2.201155]",
10540,"[2.815516,0.09999996,2.204206]",
10541,"[2.821569,0.1,2.215474]",
10542,"[2.820475,0.1,2.227491]",
10543,"[3.106325,0.2796303,2.164738]",
10544,"[3.124726,0.2906039,2.180738]",
10545,"[3.278489,0.3831009,2.314415]",
10546,"[3.290453,0.3894297,2.324842]",
10547,"[3.295537,0.3922197,2.350484]",
10548,"[3.29391,0.3911425,2.366541]",
10549,"[3.243957,0.3600312,2.417595]",
10550,"[3.117218,0.2868585,2.543484]",
10551,"[3.080457,0.2703378,2.581026]",
10552,"[3.023091,0.2450243,2.637806]",
10553,"[3.080197,0.2851566,2.584549]",
10554,"[3.029804,0.265962,2.635169]",
10555,"[3.13271,0.3430806,2.651703]",
10556,"[3.141804,0.3541956,2.674851]",
10557,"[3.155529,0.3690116,2.709784]",
10558,"[3.159246,0.372195,2.719244]",
10559,"[3.162483,0.3750363,2.727482]",
10560,"[3.163163,0.3774413,2.729214]",
10561,"[3.158182,0.3756892,2.716535]",
10562,"[3.155805,0.3739091,2.710486]",
10563,"[3.15412,0.3719751,2.706197]",
10564,"[3.14995,0.3672617,2.695582]",
10565,"[3.148126,0.3653446,2.690941]",
10566,"[3.146538,0.3526009,2.686898]",
10567,"[3.146265,0.3447428,2.686203]",
10568,"[3.144385,0.3315459,2.68142]",
10569,"[3.142421,0.3249772,2.676422]",
10570,"[3.136769,0.3127621,2.662034]",
10571,"[3.132854,0.3066775,2.652072]",
10572,"[3.127474,0.299885,2.638378]",
10573,"[3.118164,0.2880005,2.614682]",
10574,"[3.101659,0.2754952,2.606937]",
10575,"[3.261778,0.3974904,2.299148]",
10576,"[3.246027,0.3910305,2.285364]",
10577,"[2.513166,0.1,2.377115]",
10578,"[2.504139,0.1,2.364588]",
10579,"[2.496601,0.1,2.356125]",
10580,"[2.512231,0.1,2.355105]",
10581,"[2.526549,0.1,2.358413]",
10582,"[2.55818,0.1,2.400403]",
10583,"[2.569068,0.1,2.422582]",
10584,"[3.123838,0.3740099,2.177429]",
10585,"[3.128135,0.3752135,2.181206]",
10586,"[3.132071,0.3783906,2.184603]",
10587,"[3.132929,0.3801016,2.185313]",
10588,"[3.133414,0.3809811,2.185717]",
10589,"[3.13382,0.3818361,2.186051]",
10590,"[3.133814,0.382045,2.18604]",
10591,"[3.134008,0.3825521,2.186197]",
10592,"[3.134464,0.383206,2.186581]",
10593,"[3.139055,0.387947,2.190513]",
10594,"[3.14392,0.3927016,2.194687]",
10595,"[3.151091,0.3993068,2.200852]",
10596,"[3.168258,0.4119648,2.215705]",
10597,"[3.17587,0.4169948,2.225355]",
10598,"[3.172794,0.414809,2.257589]",
10599,"[3.170037,0.4133864,2.279743]",
10600,"[3.135484,0.3454408,2.658765]",
10601,"[3.141565,0.345083,2.674242]",
10602,"[3.158312,0.3416711,2.716866]",
10603,"[3.163868,0.340782,2.731007]",
10604,"[3.168601,0.3399481,2.743053]",
10605,"[3.173959,0.3382574,2.756691]",
10606,"[3.1754,0.3375826,2.760357]",
10607,"[3.176001,0.3368364,2.761887]",
10608,"[3.175833,0.3362893,2.761459]",
10609,"[3.176185,0.3349684,2.762354]",
10610,"[3.176549,0.3343976,2.763283]",
10611,"[3.177145,0.333846,2.764799]",
10612,"[3.178031,0.3327954,2.767055]",
10613,"[3.178982,0.3322334,2.769474]",
10614,"[3.179953,0.330197,2.771945]",
10615,"[3.179769,0.3281246,2.771476]",
10616,"[3.179911,0.3249552,2.771839]",
10617,"[3.17852,0.3221626,2.768298]",
10618,"[3.175717,0.3176304,2.761164]",
10619,"[3.174382,0.3155162,2.757766]",
10620,"[3.173439,0.3137255,2.755366]",
10621,"[3.169753,0.3105094,2.745985]",
10622,"[3.167132,0.3091401,2.739314]",
10623,"[3.163597,0.3067083,2.730318]",
10624,"[3.16131,0.3075672,2.724496]",
10625,"[3.157202,0.3086781,2.71404]",
10626,"[3.155468,0.3091989,2.709628]",
10627,"[3.153695,0.3094023,2.705115]",
10628,"[3.150364,0.3098999,2.696637]",
10629,"[3.148835,0.3099862,2.692746]",
10630,"[3.146888,0.3102686,2.687791]",
10631,"[3.146288,0.3105064,2.686263]",
10632,"[3.145765,0.310045,2.684932]",
10633,"[3.145599,0.309442,2.684509]",
10634,"[3.145237,0.3081306,2.683589]",
10635,"[3.145033,0.3073281,2.683068]",
10636,"[3.14492,0.3065906,2.682781]",
10637,"[3.144371,0.3011876,2.681385]",
10638,"[3.144099,0.2986359,2.680691]",
10639,"[3.143563,0.2936344,2.679327]",
10640,"[3.143437,0.2919132,2.679008]",
10641,"[3.142968,0.2904443,2.677813]",
10642,"[3.142615,0.2905703,2.676914]",
10643,"[3.14227,0.2907784,2.676037]",
10644,"[3.142134,0.2913839,2.675691]",
10645,"[3.142148,0.2915041,2.675727]",
10646,"[3.142134,0.2918267,2.675691]",
10647,"[3.142321,0.2918822,2.676167]",
10648,"[3.14258,0.2919622,2.676825]",
10649,"[3.142697,0.292026,2.677122]",
10650,"[3.142929,0.2922645,2.677713]",
10651,"[3.143042,0.2923996,2.678002]",
10652,"[3.143995,0.2930866,2.680428]",
10653,"[3.146206,0.2944613,2.686055]",
10654,"[3.147522,0.2952229,2.689404]",
10655,"[3.150674,0.2950293,2.697426]",
10656,"[3.152564,0.2942402,2.702235]",
10657,"[3.155833,0.2924347,2.710557]",
10658,"[3.15749,0.2913029,2.714773]",
10659,"[3.158865,0.2904638,2.718273]",
10660,"[3.160464,0.2892464,2.722342]",
10661,"[3.16066,0.2888262,2.722842]",
10662,"[3.160942,0.2881809,2.723559]",
10663,"[3.161057,0.2879403,2.723853]",
10664,"[3.161035,0.2880176,2.723797]",
10665,"[3.161011,0.2880253,2.723734]",
10666,"[3.160927,0.2880293,2.723521]",
10667,"[3.160866,0.2880193,2.723366]",
10668,"[3.160815,0.2880102,2.723237]",
10669,"[3.160701,0.2879313,2.722947]",
10670,"[3.160634,0.2879121,2.722775]",
10671,"[3.160444,0.2878975,2.722293]",
10672,"[3.160312,0.28796,2.721957]",
10673,"[3.159984,0.2882861,2.72112]",
10674,"[3.159742,0.2885803,2.720506]",
10675,"[3.159456,0.2888875,2.719776]",
10676,"[3.159068,0.2891583,2.718791]",
10677,"[3.158837,0.2892327,2.718202]",
10678,"[3.158407,0.2889811,2.717107]",
10679,"[3.158197,0.2886186,2.716572]",
10680,"[3.157888,0.2881438,2.715786]",
10681,"[3.157768,0.287933,2.715481]",
10682,"[3.157622,0.2879148,2.715109]",
10683,"[3.157346,0.2880618,2.714407]",
10684,"[3.157226,0.2882311,2.714101]",
10685,"[3.157026,0.2884834,2.713593]",
10686,"[3.156953,0.2885848,2.713407]",
10687,"[3.156811,0.2886749,2.713045]",
10688,"[3.156669,0.2887486,2.712683]",
10689,"[3.156422,0.2892222,2.712056]",
10690,"[3.156416,0.2892256,2.71204]",
10691,"[3.156379,0.2892359,2.711946]",
10692,"[3.155783,0.2904465,2.710429]",
10693,"[3.155329,0.2911059,2.709272]",
10694,"[3.130427,0.2853402,2.645895]",
10695,"[3.114691,0.2790091,2.605843]",
10696,"[3.04073,0.2375485,2.630876]",
10697,"[3.013864,0.2205308,2.641432]",
10698,"[3.156264,0.3039729,2.503516]",
10699,"[3.224903,0.3438145,2.435384]",
10700,"[3.243033,0.3542309,2.417363]",
10701,"[3.29495,0.3844963,2.365858]",
10702,"[3.30573,0.3906907,2.353839]",
10703,"[3.307013,0.3910907,2.346821]",
10704,"[3.307507,0.3913417,2.342902]",
10705,"[3.290113,0.3822824,2.324757]",
10706,"[3.279641,0.3767016,2.315631]",
10707,"[3.272832,0.3718781,2.309733]",
10708,"[3.264592,0.3669649,2.302569]",
10709,"[3.261394,0.3656249,2.299771]",
10710,"[3.256319,0.3627689,2.295352]",
10711,"[3.253728,0.360963,2.293108]",
10712,"[3.249313,0.3595815,2.289231]",
10713,"[3.246753,0.3587211,2.286984]",
10714,"[3.245922,0.3582045,2.286263]",
10715,"[3.244294,0.3572873,2.284845]",
10716,"[3.243669,0.3570097,2.284299]",
10717,"[3.241392,0.3556323,2.28232]",
10718,"[3.239002,0.3542414,2.280241]",
10719,"[3.237042,0.3519998,2.278569]",
10720,"[3.234048,0.3497232,2.27598]",
10721,"[3.228924,0.3463008,2.271536]",
10722,"[3.209466,0.337868,2.254521]",
10723,"[3.195432,0.3320572,2.242241]",
10724,"[2.799889,0.1,2.255804]",
10725,"[2.802418,0.09999996,2.214618]",
10726,"[2.812084,0.1,2.14137]",
10727,"[2.815259,0.1,2.122787]",
10728,"[2.820522,0.1,2.097654]",
10729,"[2.824755,0.1,2.085913]",
10730,"[2.833837,0.1020949,2.068]",
10731,"[2.865771,0.1147609,2.022661]",
10732,"[3.351,0.3956494,1.761954]",
10733,"[3.350386,0.386632,1.672756]",
10734,"[3.350222,0.3844952,1.650119]",
10735,"[3.350067,0.3825331,1.628975]",
10736,"[3.350027,0.3813512,1.620557]",
10737,"[3.350028,0.3810076,1.619202]",
10738,"[3.350027,0.3804259,1.616535]",
10739,"[3.350019,0.3810183,1.618494]",
10740,"[3.350016,0.3822727,1.623664]",
10741,"[3.350006,0.3831396,1.626624]",
10742,"[3.349966,0.3844991,1.629313]",
10743,"[3.349955,0.3847435,1.629445]",
10744,"[3.349934,0.3849406,1.628598]",
10745,"[3.349926,0.3851527,1.628814]",
10746,"[3.349916,0.3851236,1.627953]",
10747,"[3.349885,0.3851067,1.625324]",
10748,"[3.349864,0.3851056,1.623587]",
10749,"[3.349602,0.3879077,1.614431]",
10750,"[3.348103,0.3704906,1.416702]",
10751,"[3.043744,0.1670722,1.250318]",
10752,"[3.076604,0.1855304,1.229445]",
10753,"[3.097812,0.1965993,1.215974]",
10754,"[3.12232,0.2081743,1.200407]",
10755,"[3.132764,0.2128883,1.193773]",
10756,"[3.14245,0.2173347,1.187621]",
10757,"[3.143535,0.2186272,1.186931]",
10758,"[3.145906,0.2215855,1.185425]",
10759,"[3.147311,0.2235748,1.184533]",
10760,"[3.149938,0.2273189,1.182864]",
10761,"[3.150396,0.2285229,1.182573]",
10762,"[3.148843,0.229624,1.18356]",
10763,"[3.148302,0.230983,1.183903]",
10764,"[3.148161,0.2310219,1.183993]",
10765,"[3.146835,0.2305755,1.184835]",
10766,"[3.145922,0.2301163,1.185415]",
10767,"[3.144968,0.2281609,1.186021]",
10768,"[3.14471,0.2271724,1.186185]",
10769,"[3.147437,0.2253432,1.184453]",
10770,"[3.151674,0.2224604,1.181761]",
10771,"[3.152909,0.2213558,1.180977]",
10772,"[3.153745,0.2206265,1.180446]",
10773,"[3.153695,0.2205997,1.180478]",
10774,"[3.152545,0.222785,1.181208]",
10775,"[3.151271,0.2257464,1.182017]",
10776,"[3.150323,0.2284482,1.18262]",
10777,"[3.148426,0.2333525,1.183825]",
10778,"[3.147343,0.2356559,1.184512]",
10779,"[3.145622,0.2362535,1.185606]",
10780,"[3.144969,0.2366607,1.18602]",
10781,"[3.143909,0.2369703,1.186694]",
10782,"[3.143446,0.2371762,1.186988]",
10783,"[3.14221,0.2381414,1.187773]",
10784,"[3.141323,0.2389563,1.188337]",
10785,"[3.140426,0.2397771,1.188906]",
10786,"[3.165363,0.2583525,1.2059]",
10787,"[3.199373,0.280883,1.226556]",
10788,"[3.234903,0.3048048,1.248354]",
10789,"[3.23637,0.3064579,1.249714]",
10790,"[3.235705,0.3065596,1.249346]",
10791,"[3.23549,0.3067739,1.249269]",
10792,"[3.235302,0.3068835,1.24897]",
10793,"[3.23499,0.3068753,1.248621]",
10794,"[3.234957,0.3068244,1.248516]",
10795,"[3.234949,0.3068354,1.24853]",
10796,"[3.234904,0.3068712,1.248626]",
10797,"[3.235137,0.3068874,1.248659]",
10798,"[3.235439,0.3068841,1.24864]",
10799,"[3.236217,0.3074508,1.24863]",
10800,"[3.236925,0.3075626,1.248443]",
10801,"[3.237789,0.3077341,1.248404]",
10802,"[3.239994,0.3085471,1.248701]",
10803,"[3.241671,0.3094686,1.249236]",
10804,"[3.246245,0.3122127,1.251239]",
10805,"[3.248401,0.3135773,1.252113]",
10806,"[3.254175,0.3174484,1.254882]",
10807,"[3.256964,0.3193743,1.255472]",
10808,"[3.259796,0.3212976,1.256085]",
10809,"[3.26509,0.3264745,1.25581]",
10810,"[3.267256,0.3285499,1.255456]",
10811,"[3.272178,0.3328343,1.254466]",
10812,"[3.274451,0.334533,1.253772]",
10813,"[3.252065,0.3204391,1.236173]",
10814,"[3.254181,0.3219292,1.23598]",
10815,"[3.258727,0.3247306,1.236305]",
10816,"[3.260961,0.3260455,1.236559]",
10817,"[3.263491,0.3275296,1.237299]",
10818,"[3.268382,0.3301756,1.23898]",
10819,"[3.270727,0.331328,1.240263]",
10820,"[3.275691,0.3334951,1.242905]",
10821,"[3.277999,0.3341897,1.244069]",
10822,"[3.28279,0.3341938,1.245984]",
10823,"[3.285355,0.3335969,1.246697]",
10824,"[3.287993,0.3165541,1.258375]",
10825,"[3.292901,0.3113157,1.265574]",
10826,"[3.295613,0.3074743,1.269827]",
10827,"[3.300926,0.3036553,1.275491]",
10828,"[3.303849,0.3027939,1.277943]",
10829,"[3.309646,0.3043643,1.282853]",
10830,"[3.312565,0.3053162,1.285218]",
10831,"[3.31858,0.3073689,1.289664]",
10832,"[3.32191,0.3077806,1.292267]",
10833,"[3.325336,0.308454,1.294756]",
10834,"[3.333338,0.3097961,1.300017]",
10835,"[3.337097,0.3106069,1.302394]",
10836,"[3.34515,0.3120499,1.307139]",
10837,"[3.349271,0.3094922,1.311298]",
10838,"[3.369558,0.3179873,1.325726]",
10839,"[3.386562,0.3282682,1.337491]",
10840,"[3.391405,0.3298552,1.341404]",
10841,"[3.399422,0.3350341,1.347901]",
10842,"[3.403589,0.3379323,1.351031]",
10843,"[3.412233,0.343942,1.356919]",
10844,"[3.416196,0.3471521,1.360268]",
10845,"[3.424484,0.354293,1.367766]",
10846,"[3.428325,0.3577558,1.371529]",
10847,"[3.432386,0.3611958,1.375071]",
10848,"[3.427724,0.3596529,1.374709]",
10849,"[3.421024,0.3557428,1.372009]",
10850,"[3.420289,0.3593968,1.377121]",
10851,"[3.421684,0.3628355,1.381452]",
10852,"[3.424424,0.3686873,1.389898]",
10853,"[3.425176,0.3708572,1.394077]",
10854,"[3.426545,0.3738776,1.405458]",
10855,"[3.427687,0.3751392,1.409236]",
10856,"[3.429022,0.3754173,1.420029]",
10857,"[3.429926,0.3743997,1.425128]",
10858,"[3.431628,0.3729712,1.428982]",
10859,"[3.434503,0.3716257,1.433571]",
10860,"[3.435826,0.3712124,1.435087]",
10861,"[3.438234,0.3705772,1.436723]",
10862,"[3.43924,0.3701978,1.437283]",
10863,"[3.440456,0.3690467,1.438453]",
10864,"[3.442891,0.3698761,1.43979]",
10865,"[3.44418,0.369793,1.440435]",
10866,"[3.445958,0.3695398,1.441111]",
10867,"[3.446809,0.3695969,1.441083]",
10868,"[3.448998,0.3689857,1.440828]",
10869,"[3.450146,0.3683935,1.440557]",
10870,"[3.452005,0.3611005,1.445679]",
10871,"[3.461106,0.3651957,1.451315]",
10872,"[3.470236,0.3700795,1.456535]",
10873,"[3.481798,0.3709755,1.464919]",
10874,"[3.482517,0.3676263,1.466949]",
10875,"[3.483526,0.3631861,1.470058]",
10876,"[3.483932,0.3612823,1.47147]",
10877,"[3.484435,0.3593661,1.473522]",
10878,"[3.484691,0.3584197,1.474533]",
10879,"[3.504379,0.3735616,1.484208]",
10880,"[3.491946,0.3613307,1.480321]",
10881,"[3.525216,0.388129,1.495809]",
10882,"[3.530688,0.39285,1.498927]",
10883,"[3.530542,0.3927886,1.49906]",
10884,"[3.530305,0.3926737,1.49926]",
10885,"[3.530233,0.3926244,1.499304]",
10886,"[3.530103,0.3925348,1.499397]",
10887,"[3.53,0.3925571,1.499468]",
10888,"[3.529888,0.3926336,1.499574]",
10889,"[3.529788,0.3926912,1.499705]",
10890,"[3.529721,0.3927421,1.4998]",
10891,"[3.529258,0.3934413,1.500133]",
10892,"[3.529314,0.3934749,1.500187]",
10893,"[3.529752,0.3939033,1.500497]",
10894,"[3.53015,0.3943581,1.500754]",
10895,"[3.531032,0.3950813,1.500804]",
10896,"[3.533931,0.3975992,1.501376]",
10897,"[3.536464,0.3998479,1.502085]",
10898,"[3.542859,0.4056176,1.503775]",
10899,"[3.546702,0.4093884,1.504616]",
10900,"[3.555601,0.4181302,1.50656]",
10901,"[3.56019,0.4225723,1.507616]",
10902,"[3.56461,0.4272723,1.508728]",
10903,"[3.573563,0.4363182,1.511096]",
10904,"[3.576783,0.4398506,1.511648]",
10905,"[3.586294,0.4489244,1.515698]",
10906,"[3.588495,0.4512352,1.51709]",
10907,"[3.543674,0.4159589,1.498623]",
10908,"[3.521187,0.398422,1.48959]",
10909,"[3.144629,0.1,1.331258]",
10910,"[3.143458,0.1,1.331926]",
10911,"[3.141856,0.1,1.332786]",
10912,"[3.13844,0.09999996,1.334182]",
10913,"[3.135948,0.09999996,1.335324]",
10914,"[3.12937,0.1,1.338974]",
10915,"[3.123455,0.09999996,1.341893]",
10916,"[3.113359,0.1,1.346899]",
10917,"[3.107327,0.1,1.350693]",
10918,"[3.093764,0.1,1.3555]",
10919,"[3.082414,0.1,1.356523]",
10920,"[3.067037,0.1,1.358076]",
10921,"[2.834074,0.1,1.28731]",
10922,"[2.556822,0.1,1.209281]",
10923,"[2.392601,0.1,1.168917]",
10924,"[3.292239,0.5321072,1.482226]",
10925,"[3.292266,0.5513672,1.485219]",
10926,"[3.361426,0.5933608,1.510679]",
10927,"[3.292259,0.5752947,1.484482]",
10928,"[3.030136,0.6183963,1.393798]",
10929,"[2.944272,0.6298554,1.367429]",
10930,"[2.667568,0.5942996,1.27914]",
10931,"[2.563477,0.5806856,1.249166]",
10932,"[2.488121,0.5806856,1.273234]",
10933,"[2.452882,0.5806856,1.2805]",
10934,"[2.326791,0.5806856,1.281025]",
10935,"[2.310927,0.5856416,1.279735]",
10936,"[2.304254,0.6002311,1.284352]",
10937,"[2.246297,0.6002311,1.275856]",
10938,"[2.05,0.5640094,1.230105]",
10939,"[2.05,0.5676897,1.237023]",
10940,"[2.05,0.5668803,1.243513]",
10941,"[2.05,0.5699821,1.265295]",
10942,"[2.05,0.5733989,1.282394]",
10943,"[2.05,0.5784501,1.304824]",
10944,"[2.239891,0.6002311,1.428431]",
10945,"[2.255562,0.6002311,1.460594]",
10946,"[2.710224,0.6906927,1.929537]",
10947,"[2.724266,0.6813189,1.965799]",
10948,"[2.649315,0.6298806,2.02899]",
10949,"[2.662132,0.6298806,2.051093]",
10950,"[2.678861,0.6298806,2.056836]",
10951,"[2.686378,0.6298806,2.066012]",
10952,"[2.68915,0.6298806,2.067241]",
10953,"[2.691216,0.6298806,2.074167]",
10954,"[2.687972,0.6298806,2.079722]",
10955,"[2.677729,0.6298806,2.093644]",
10956,"[2.67139,0.6298806,2.102363]",
10957,"[2.671123,0.6298806,2.131055]",
10958,"[2.924239,0.7403072,2.193371]",
10959,"[3.005,0.7791009,2.205436]",
10960,"[3.005,0.7672288,2.275101]",
10961,"[3.005,0.7625258,2.305927]",
10962,"[3.005,0.7585993,2.349339]",
10963,"[3.005,0.7554869,2.369078]",
10964,"[3.005,0.7590551,2.374808]",
10965,"[3.005,0.7589939,2.374586]",
10966,"[3.005,0.7585229,2.374799]",
10967,"[3.005,0.7458642,2.382097]",
10968,"[3.005,0.7345368,2.391928]",
10969,"[3.005,0.7175266,2.417886]",
10970,"[3.005,0.6960943,2.459055]",
10971,"[3.005,0.6681694,2.520503]",
10972,"[2.978298,0.5806857,2.797878]",
10973,"[2.995932,0.5806857,2.846801]",
10974,"[3.013667,0.5806857,2.90789]",
10975,"[3.008006,0.5806857,2.908459]",
10976,"[3.001229,0.5806857,2.917164]",
10977,"[2.997716,0.5806857,2.921925]",
10978,"[2.992306,0.5806857,2.931424]",
10979,"[2.991257,0.5806857,2.936077]",
10980,"[2.993799,0.5806857,2.949934]",
10981,"[3.005842,0.5867077,2.955389]",
10982,"[3.026377,0.5992905,2.955203]",
10983,"[3.046348,0.6002312,3.002524]",
10984,"[3.06134,0.6002312,3.038967]",
10985,"[2.493513,0.0999999,3.777157]",
10986,"[2.519106,0.1,3.865713]",
10987,"[3.968274,1.306602,2.510444]",
10988,"[3.990146,1.314085,2.52389]",
10989,"[3.602542,0.7124082,4.178186]",
10990,"[3.795146,0.6925373,4.241434]",
10991,"[3.88582,0.6925373,4.236737]",
10992,"[4.083602,0.8036116,3.926571]",
10993,"[4.14686,0.805954,3.931757]",
10994,"[4.253085,0.7874874,3.921772]",
10995,"[4.251254,0.7816952,3.921944]",
10996,"[4.261887,0.7766264,3.920944]",
10997,"[4.261102,0.773572,3.921018]",
10998,"[4.264312,0.7722183,3.920717]",
10999,"[4.26417,1.297425,2.610104]",
11000,"[4.253341,1.297192,2.606857]",
11001,"[4.252137,1.29996,2.608408]",
11002,"[4.253049,1.303154,2.610244]",
11003,"[4.249876,1.311854,2.613723]",
11004,"[4.250118,1.318332,2.616631]",
11005,"[4.168486,0.8445546,3.929724]",
11006,"[4.178719,0.8684057,3.928762]",
11007,"[4.493528,1.205837,3.957912]",
11008,"[4.734096,1.437412,3.982438]",
11009,"[4.778883,1.477164,3.982521]",
11010,"[4.837045,1.520583,3.982612]",
11011,"[4.859227,1.534212,3.982641]",
11012,"[4.862953,1.533896,3.98264]",
11013,"[4.867149,1.534107,3.982641]",
11014,"[4.863816,1.53279,3.982638]",
11015,"[4.852495,1.524355,3.98262]",
11016,"[4.845716,1.518725,3.982608]",
11017,"[4.819459,1.508977,3.982588]",
11018,"[4.811789,1.506306,3.982582]",
11019,"[4.794106,1.487428,3.982543]",
11020,"[4.778036,1.481297,3.98253]",
11021,"[4.769168,1.477907,3.982523]",
11022,"[4.757618,1.470787,3.982508]",
11023,"[4.754222,1.4679,3.982502]",
11024,"[4.748822,1.466288,3.982498]",
11025,"[4.747848,1.466629,3.982499]",
11026,"[4.747164,1.469003,3.982504]",
11027,"[4.738096,1.474554,3.982516]",
11028,"[4.726578,1.480404,3.982528]",
11029,"[4.722894,1.481257,3.98253]",
11030,"[4.72048,1.481686,3.982531]",
11031,"[4.710364,1.481947,3.982531]",
11032,"[4.705006,1.479267,3.982526]",
11033,"[4.695458,1.472574,3.982512]",
11034,"[4.691391,1.468676,3.982503]",
11035,"[4.686244,1.461153,3.982488]",
11036,"[4.684625,1.456798,3.982479]",
11037,"[4.680147,1.448003,3.98246]",
11038,"[4.67557,1.432394,3.982427]",
11039,"[4.674422,1.423331,3.982409]",
11040,"[4.668686,1.405136,3.98237]",
11041,"[4.663545,1.395015,3.982349]",
11042,"[4.598436,1.332668,3.982219]",
11043,"[4.575701,1.30659,3.982164]",
11044,"[4.286838,1.001851,3.918599]",
11045,"[4.025274,0.7668079,3.957189]",
11046,"[3.963735,0.6925373,4.026494]",
11047,"[3.893915,0.6474327,3.971497]",
11048,"[3.864568,0.6314327,3.955886]",
11049,"[3.822225,0.60701,3.933362]",
11050,"[3.818969,0.6029065,3.93163]",
11051,"[3.811206,0.5923983,3.927501]",
11052,"[3.811574,0.5940115,3.927696]",
11053,"[3.811764,0.5945897,3.927797]",
11054,"[3.81904,0.596885,3.931668]",
11055,"[3.823184,0.5981283,3.933872]",
11056,"[3.850437,0.6120551,3.948369]",
11057,"[3.869631,0.6254807,3.958579]",
11058,"[3.914766,0.6516525,3.982588]",
11059,"[3.93941,0.6636871,3.995697]",
11060,"[3.981355,0.683048,4.018009]",
11061,"[4.023901,0.7288302,3.957181]",
11062,"[4.03027,0.7350422,3.95722]",
11063,"[4.060524,0.7673182,3.926243]",
11064,"[4.073062,0.7758263,3.924994]",
11065,"[4.086586,0.7861426,3.927945]",
11066,"[4.088971,0.7904842,3.929116]",
11067,"[4.084792,0.8016503,3.927064]",
11068,"[4.085815,0.8101503,3.927566]",
11069,"[4.088988,0.8216991,3.929125]",
11070,"[4.308534,1.075193,3.91656]",
11071,"[4.338006,1.110281,3.913789]",
11072,"[4.642362,1.634928,3.982852]",
11073,"[4.64644,1.642692,3.982868]",
11074,"[4.657855,1.662206,3.982909]",
11075,"[4.703847,1.656087,3.982896]",
11076,"[4.742404,1.657241,3.982898]",
11077,"[4.754733,1.647862,3.982879]",
11078,"[4.762622,1.644402,3.982872]",
11079,"[4.764938,1.639321,3.982861]",
11080,"[4.765798,1.638983,3.98286]",
11081,"[4.76729,1.638704,3.98286]",
11082,"[4.767433,1.638284,3.982859]",
11083,"[4.766661,1.637063,3.982856]",
11084,"[4.765951,1.636587,3.982855]",
11085,"[4.765232,1.636912,3.982856]",
11086,"[4.763329,1.634431,3.982851]",
11087,"[4.762523,1.618496,3.982817]",
11088,"[4.761904,1.600326,3.982779]",
11089,"[4.761829,1.586702,3.982751]",
11090,"[4.763374,1.566307,3.982708]",
11091,"[4.764627,1.557221,3.982689]",
11092,"[4.766023,1.547852,3.982669]",
11093,"[4.768919,1.533525,3.982639]",
11094,"[4.77046,1.521288,3.982614]",
11095,"[4.771881,1.505612,3.982581]",
11096,"[4.772199,1.499961,3.982569]",
11097,"[4.771749,1.492185,3.982553]",
11098,"[4.770949,1.488636,3.982545]",
11099,"[4.769924,1.482901,3.982533]",
11100,"[4.769597,1.480735,3.982529]",
11101,"[4.76947,1.477655,3.982522]",
11102,"[4.767275,1.467323,3.982501]",
11103,"[4.654904,1.525164,3.368804]",
11104,"[4.656781,1.519218,3.385527]",
11105,"[4.659111,1.51482,3.398451]",
11106,"[4.662017,1.509859,3.42773]",
11107,"[4.663127,1.506932,3.444508]",
11108,"[4.664608,1.503761,3.462452]",
11109,"[4.667096,1.498189,3.496827]",
11110,"[4.668381,1.495757,3.514454]",
11111,"[4.669607,1.49577,3.549275]",
11112,"[4.669791,1.499843,3.566773]",
11113,"[4.667627,1.518187,3.605014]",
11114,"[4.665909,1.530343,3.621746]",
11115,"[4.666977,1.548502,3.664358]",
11116,"[4.668886,1.555172,3.686827]",
11117,"[4.671037,1.561821,3.705925]",
11118,"[4.677178,1.566523,3.745409]",
11119,"[4.678396,1.566457,3.762443]",
11120,"[4.685506,1.566726,3.793248]",
11121,"[4.687384,1.565192,3.806664]",
