frame,gazeStartPos,
0,"[4.252315,2.171547,3.983976]",
1,"[4.250633,2.171823,3.983976]",
2,"[4.248898,2.172137,3.983977]",
3,"[4.247197,2.17256,3.983978]",
4,"[4.244288,2.173451,3.983979]",
5,"[4.243253,2.1737,3.98398]",
6,"[4.241697,2.173728,3.98398]",
7,"[4.240975,2.173726,3.98398]",
8,"[4.239704,2.173794,3.98398]",
9,"[4.239267,2.173819,3.98398]",
10,"[4.238844,2.17382,3.98398]",
11,"[4.237852,2.173765,3.98398]",
12,"[4.237246,2.173782,3.98398]",
13,"[4.236176,2.173769,3.98398]",
14,"[4.235689,2.173676,3.98398]",
15,"[4.234726,2.173058,3.983979]",
16,"[4.234214,2.172516,3.983978]",
17,"[4.233727,2.171875,3.983976]",
18,"[4.232783,2.169789,3.983972]",
19,"[4.232376,2.167993,3.983968]",
20,"[4.231978,2.160539,3.983953]",
21,"[4.23225,2.154854,3.983941]",
22,"[4.233638,2.140702,3.983911]",
23,"[4.234745,2.132795,3.983894]",
24,"[4.238025,2.116284,3.98386]",
25,"[4.240391,2.10722,3.983841]",
26,"[4.243908,2.096164,3.983818]",
27,"[4.252347,2.072444,3.983768]",
28,"[4.258002,2.057883,3.983737]",
29,"[4.269921,2.027585,3.983674]",
30,"[4.27678,2.009552,3.983636]",
31,"[4.292026,1.965548,3.983544]",
32,"[4.299645,1.943377,3.983498]",
33,"[4.316974,1.885433,3.983376]",
34,"[4.326542,1.858459,3.98332]",
35,"[4.335828,1.838291,3.983278]",
36,"[4.35409,1.809576,3.983217]",
37,"[4.364722,1.797514,3.983192]",
38,"[4.383388,1.777564,3.98315]",
39,"[4.393054,1.766886,3.983128]",
40,"[4.409949,1.748719,3.98309]",
41,"[4.416557,1.741763,3.983075]",
42,"[4.422075,1.735864,3.983063]",
43,"[4.43224,1.724587,3.983039]",
44,"[4.437894,1.718004,3.983026]",
45,"[4.449382,1.704285,3.982997]",
46,"[4.455594,1.696926,3.982981]",
47,"[4.467875,1.681964,3.98295]",
48,"[4.473751,1.67445,3.982934]",
49,"[4.485064,1.659423,3.982903]",
50,"[4.49082,1.65171,3.982887]",
51,"[4.495445,1.645043,3.982873]",
52,"[4.502887,1.632669,3.982847]",
53,"[4.506048,1.626155,3.982833]",
54,"[4.510538,1.615686,3.982811]",
55,"[4.512378,1.611109,3.982802]",
56,"[4.513669,1.607515,3.982794]",
57,"[4.51511,1.600929,3.98278]",
58,"[4.515532,1.596642,3.982771]",
59,"[4.516749,1.582928,3.982743]",
60,"[4.517913,1.573973,3.982724]",
61,"[4.520439,1.554166,3.982682]",
62,"[4.522232,1.540106,3.982653]",
63,"[4.526753,1.505582,3.982581]",
64,"[4.529356,1.486914,3.982542]",
65,"[4.531044,1.471792,3.98251]",
66,"[4.533702,1.450084,3.982465]",
67,"[4.535159,1.442007,3.982448]",
68,"[4.541261,1.425425,3.982413]",
69,"[4.545545,1.416759,3.982395]",
70,"[4.559319,1.396182,3.982352]",
71,"[4.56715,1.388007,3.982335]",
72,"[4.58277,1.379145,3.982316]",
73,"[4.591031,1.376007,3.982309]",
74,"[4.598574,1.373412,3.982304]",
75,"[4.611317,1.369378,3.982296]",
76,"[4.618641,1.367193,3.982291]",
77,"[4.631991,1.363368,3.982283]",
78,"[4.639125,1.361417,3.982279]",
79,"[4.650128,1.371055,3.982299]",
80,"[4.655725,1.374913,3.982307]",
81,"[4.660947,1.377161,3.982312]",
82,"[4.672225,1.378514,3.982315]",
83,"[4.679238,1.377427,3.982312]",
84,"[4.695611,1.37221,3.982301]",
85,"[4.706038,1.368697,3.982294]",
86,"[4.726493,1.366102,3.982289]",
87,"[4.738496,1.368633,3.982294]",
88,"[4.765073,1.382151,3.982322]",
89,"[4.778302,1.391487,3.982342]",
90,"[4.791883,1.401998,3.982364]",
91,"[4.816876,1.423468,3.982409]",
92,"[4.829392,1.435833,3.982435]",
93,"[4.851151,1.458992,3.982483]",
94,"[4.860406,1.469045,3.982504]",
95,"[4.87726,1.487875,3.982544]",
96,"[4.884887,1.49742,3.982564]",
97,"[4.889853,1.504853,3.982579]",
98,"[4.894742,1.516582,3.982604]",
99,"[4.893639,1.519093,3.982609]",
100,"[4.887724,1.518901,3.982609]",
101,"[4.882985,1.518109,3.982607]",
102,"[4.876725,1.516968,3.982605]",
103,"[4.866948,1.512604,3.982595]",
104,"[4.862859,1.50944,3.982589]",
105,"[4.860525,1.505803,3.982581]",
106,"[4.860851,1.504233,3.982578]",
107,"[4.864922,1.497991,3.982565]",
108,"[4.870638,1.491381,3.982551]",
109,"[4.889501,1.472508,3.982512]",
110,"[4.90745,1.455147,3.982475]",
111,"[4.958356,1.405493,3.982371]",
112,"[4.988345,1.375364,3.982308]",
113,"[5.027001,1.33408,3.982222]",
114,"[5.088488,1.251501,3.932285]",
115,"[5.13893,1.191984,3.957912]",
116,"[5.186453,1.10592,3.896957]",
117,"[5.221902,1.052526,3.901184]",
118,"[5.286946,0.9500381,3.90894]",
119,"[5.318218,0.8995191,3.912669]",
120,"[5.33924,0.8632262,3.915176]",
121,"[5.361123,0.8224453,3.917785]",
122,"[5.368208,0.8090476,3.91863]",
123,"[5.375769,0.7958236,3.919532]",
124,"[5.377384,0.7937028,3.919724]",
125,"[5.378022,0.7951352,3.9198]",
126,"[5.377751,0.7981221,3.919768]",
127,"[5.376752,0.8022642,3.919649]",
128,"[5.374004,0.8086894,3.919321]",
129,"[5.372709,0.8103537,3.919167]",
130,"[5.36993,0.812304,3.918835]",
131,"[5.365977,0.8152624,3.918364]",
132,"[5.350767,0.827771,3.91655]",
133,"[5.337606,0.8389515,3.914981]",
134,"[5.303896,0.870039,3.910961]",
135,"[5.282194,0.8910504,3.908374]",
136,"[5.262403,0.9103667,3.906013]",
137,"[5.224151,0.944559,3.901452]",
138,"[5.205863,0.9589696,3.899272]",
139,"[5.174752,0.9847313,3.895562]",
140,"[5.159115,1.000028,3.893697]",
141,"[5.124514,1.043795,3.889571]",
142,"[5.105041,1.076886,3.887249]",
143,"[5.066316,1.154214,3.882632]",
144,"[5.052922,1.188573,3.907429]",
145,"[5.048601,1.206406,3.957912]",
146,"[5.019377,1.268453,3.949809]",
147,"[5.007739,1.293891,3.961129]",
148,"[4.98423,1.340697,3.982235]",
149,"[4.970561,1.363714,3.982284]",
150,"[4.942715,1.402458,3.982365]",
151,"[4.927759,1.420275,3.982402]",
152,"[4.91082,1.439669,3.982443]",
153,"[4.877638,1.473973,3.982515]",
154,"[4.859445,1.490156,3.982548]",
155,"[4.819926,1.521027,3.982613]",
156,"[4.798162,1.536546,3.982646]",
157,"[4.7568,1.567941,3.982711]",
158,"[4.737804,1.584056,3.982745]",
159,"[4.724293,1.596594,3.982771]",
160,"[4.709375,1.614248,3.982808]",
161,"[4.70622,1.620517,3.982821]",
162,"[4.705082,1.628911,3.982839]",
163,"[4.705704,1.633206,3.982848]",
164,"[4.708937,1.644304,3.982871]",
165,"[4.711575,1.650764,3.982885]",
166,"[4.717636,1.660984,3.982906]",
167,"[4.721424,1.665525,3.982916]",
168,"[4.726076,1.670184,3.982925]",
169,"[4.736579,1.67936,3.982945]",
170,"[4.743042,1.684649,3.982956]",
171,"[4.754058,1.695404,3.982978]",
172,"[4.757514,1.701536,3.982991]",
173,"[4.758382,1.718803,3.983027]",
174,"[4.754707,1.729489,3.98305]",
175,"[4.749605,1.739579,3.983071]",
176,"[4.741021,1.753131,3.983099]",
177,"[4.738128,1.757838,3.983109]",
178,"[4.735169,1.76468,3.983123]",
179,"[4.734375,1.767591,3.98313]",
180,"[4.73347,1.770732,3.983136]",
181,"[4.733119,1.77128,3.983137]",
182,"[4.732879,1.771639,3.983138]",
183,"[4.73209,1.773578,3.983142]",
184,"[4.731319,1.775493,3.983146]",
185,"[4.72974,1.778731,3.983153]",
186,"[4.729239,1.779459,3.983154]",
187,"[4.722711,1.779164,3.983154]",
188,"[4.722786,1.779205,3.983154]",
189,"[4.723502,1.779753,3.983155]",
190,"[4.724119,1.780145,3.983156]",
191,"[4.724783,1.78043,3.983156]",
192,"[4.726121,1.780251,3.983156]",
193,"[4.726832,1.779744,3.983155]",
194,"[4.728138,1.777727,3.983151]",
195,"[4.728683,1.776635,3.983149]",
196,"[4.729235,1.775981,3.983147]",
197,"[4.729455,1.776207,3.983148]",
198,"[4.729726,1.776645,3.983149]",
199,"[4.730132,1.776786,3.983149]",
200,"[4.730374,1.775399,3.983146]",
201,"[4.730919,1.769172,3.983133]",
202,"[4.730959,1.765151,3.983124]",
203,"[4.730565,1.759771,3.983113]",
204,"[4.730111,1.756422,3.983106]",
205,"[4.728075,1.747743,3.983088]",
206,"[4.726377,1.742287,3.983077]",
207,"[4.724105,1.735516,3.983062]",
208,"[4.716974,1.71312,3.983016]",
209,"[4.711576,1.693945,3.982975]",
210,"[4.696284,1.636855,3.982856]",
211,"[4.686955,1.599697,3.982778]",
212,"[4.668131,1.521207,3.982614]",
213,"[4.659411,1.483437,3.982534]",
214,"[4.652185,1.44865,3.982461]",
215,"[4.642501,1.395425,3.98235]",
216,"[4.639229,1.376603,3.982311]",
217,"[4.633769,1.348239,3.982251]",
218,"[4.631401,1.337896,3.982229]",
219,"[4.625723,1.315509,3.982183]",
220,"[4.621688,1.300619,3.982152]",
221,"[4.617223,1.29184,3.960152]",
222,"[4.609295,1.269183,3.950276]",
223,"[4.605679,1.260224,3.943875]",
224,"[4.600489,1.244233,3.929473]",
225,"[4.598409,1.228269,3.942314]",
226,"[4.595625,1.201299,3.957912]",
227,"[4.595342,1.195121,3.957912]",
228,"[4.595568,1.188259,3.957912]",
229,"[4.579989,1.00113,4.478674]",
230,"[4.580493,0.9984506,4.478673]",
231,"[4.581281,0.9952875,4.478673]",
232,"[4.581832,0.9932024,4.478673]",
233,"[4.606049,1.188573,3.915715]",
234,"[4.60752,1.188573,3.901555]",
235,"[4.609067,1.180977,3.88831]",
236,"[4.609416,1.173379,3.888277]",
237,"[4.609603,1.167045,3.888259]",
238,"[4.609606,1.15739,3.888259]",
239,"[4.609583,1.153519,3.888261]",
240,"[4.610119,1.147969,3.888211]",
241,"[4.610654,1.143669,3.88816]",
242,"[4.612173,1.128506,3.888018]",
243,"[4.613307,1.117437,3.887911]",
244,"[4.61596,1.098987,3.887662]",
245,"[4.617528,1.091422,3.887515]",
246,"[4.618853,1.086349,3.88739]",
247,"[4.620966,1.082035,3.887191]",
248,"[4.621802,1.082351,3.887113]",
249,"[4.626472,1.091577,3.886674]",
250,"[4.630289,1.10136,3.886315]",
251,"[4.638915,1.121794,3.885504]",
252,"[4.64307,1.129438,3.885113]",
253,"[4.646837,1.134568,3.884759]",
254,"[4.654222,1.140803,3.884065]",
255,"[4.658877,1.144275,3.883628]",
256,"[4.671179,1.158183,3.882471]",
257,"[4.679312,1.171974,3.881707]",
258,"[4.701867,1.200163,3.957912]",
259,"[4.712747,1.247313,3.929654]",
260,"[4.736109,1.332793,3.982219]",
261,"[4.744346,1.37876,3.982315]",
262,"[4.749748,1.416479,3.982394]",
263,"[4.75705,1.472881,3.982512]",
264,"[4.759666,1.496195,3.982561]",
265,"[4.762653,1.528946,3.98263]",
266,"[4.762855,1.543502,3.98266]",
267,"[4.761279,1.569798,3.982715]",
268,"[4.760231,1.580416,3.982738]",
269,"[4.759406,1.589436,3.982756]",
270,"[4.757892,1.600815,3.98278]",
271,"[4.757068,1.603784,3.982786]",
272,"[4.755134,1.608793,3.982797]",
273,"[4.75407,1.611459,3.982802]",
274,"[4.752595,1.616288,3.982813]",
275,"[4.752422,1.617972,3.982816]",
276,"[4.752576,1.618882,3.982818]",
277,"[4.753237,1.619643,3.98282]",
278,"[4.753616,1.62001,3.982821]",
279,"[4.75342,1.623894,3.982829]",
280,"[4.75026,1.631179,3.982844]",
281,"[4.734458,1.652339,3.982888]",
282,"[4.724288,1.661744,3.982908]",
283,"[4.716576,1.666961,3.982919]",
284,"[4.707341,1.668944,3.982923]",
285,"[4.704749,1.667475,3.98292]",
286,"[4.700451,1.660165,3.982904]",
287,"[4.69879,1.656799,3.982898]",
288,"[4.694983,1.653826,3.982891]",
289,"[4.690824,1.653149,3.98289]",
290,"[4.674307,1.651217,3.982886]",
291,"[4.658525,1.647465,3.982878]",
292,"[4.642066,1.641928,3.982866]",
293,"[4.605692,1.621414,3.982823]",
294,"[4.586923,1.607698,3.982795]",
295,"[4.559891,1.590585,3.982759]",
296,"[4.549063,1.587207,3.982752]",
297,"[4.533303,1.583696,3.982744]",
298,"[4.52884,1.58286,3.982743]",
299,"[4.525258,1.581089,3.982739]",
300,"[4.518082,1.57627,3.982729]",
301,"[4.514951,1.574133,3.982724]",
302,"[4.509024,1.570331,3.982716]",
303,"[4.506578,1.568702,3.982713]",
304,"[4.499574,1.563499,3.982702]",
305,"[4.495067,1.560111,3.982695]",
306,"[4.48578,1.553481,3.982681]",
307,"[4.481496,1.550669,3.982675]",
308,"[4.477825,1.548458,3.982671]",
309,"[4.472412,1.545698,3.982665]",
310,"[4.470258,1.544744,3.982663]",
311,"[4.468028,1.543669,3.982661]",
312,"[4.467547,1.543368,3.98266]",
313,"[4.467426,1.543201,3.98266]",
314,"[4.467483,1.543213,3.98266]",
315,"[4.467753,1.543386,3.98266]",
316,"[4.469464,1.544609,3.982662]",
317,"[4.470986,1.545592,3.982665]",
318,"[4.474739,1.547471,3.982668]",
319,"[4.476586,1.548125,3.98267]",
320,"[4.479085,1.548365,3.98267]",
321,"[4.479871,1.547943,3.982669]",
322,"[4.480507,1.546942,3.982667]",
323,"[4.478311,1.536313,3.982645]",
324,"[4.471173,1.520337,3.982612]",
325,"[4.443151,1.467139,3.9825]",
326,"[4.425147,1.436418,3.982436]",
327,"[4.385403,1.38284,3.982324]",
328,"[4.367349,1.366172,3.982289]",
329,"[4.331409,1.3391,3.982232]",
330,"[4.317729,1.330539,3.982214]",
331,"[4.307236,1.324346,3.982201]",
332,"[4.289038,1.312155,3.982176]",
333,"[4.280044,1.305084,3.982161]",
334,"[4.267235,1.293672,3.961025]",
335,"[4.257635,1.285336,3.958513]",
336,"[4.242155,1.274019,3.953003]",
337,"[4.233478,1.269864,3.950712]",
338,"[4.224493,1.26669,3.948621]",
339,"[4.205987,1.261558,3.945048]",
340,"[4.195594,1.258825,3.942307]",
341,"[4.174531,1.252956,3.934739]",
342,"[4.163582,1.249643,3.930794]",
343,"[4.134748,1.238257,3.93265]",
344,"[4.120496,1.232878,3.926898]",
345,"[4.094256,1.222762,3.91357]",
346,"[4.074968,1.21398,3.9196]",
347,"[4.056446,1.205803,3.925218]",
348,"[3.55439,0.8770792,5.04]",
349,"[3.531955,0.8673033,5.04]",
350,"[3.488479,0.8487985,5.04]",
351,"[3.467507,0.8404275,5.04]",
352,"[3.430138,0.8262692,5.04]",
353,"[3.411673,0.8193226,5.04]",
354,"[3.37233,0.8046126,5.04]",
355,"[3.357368,0.7970096,5.04]",
356,"[3.348364,0.7912291,5.04]",
357,"[3.333301,0.7813705,5.04]",
358,"[3.326338,0.7765983,5.04]",
359,"[3.310899,0.7651069,5.04]",
360,"[3.301869,0.7576033,5.04]",
361,"[3.281362,0.740622,5.04]",
362,"[3.271047,0.732638,5.04]",
363,"[3.260608,0.7255183,5.04]",
364,"[3.238244,0.7130286,5.04]",
365,"[3.226497,0.7071403,5.04]",
366,"[3.203693,0.6954922,5.04]",
367,"[3.192819,0.6896102,5.04]",
368,"[3.173595,0.6776819,5.039752]",
369,"[3.167418,0.6729184,5.034875]",
370,"[3.161709,0.6676723,5.03006]",
371,"[3.150937,0.6564736,5.020462]",
372,"[3.145823,0.6506994,5.015704]",
373,"[3.1362,0.6398057,5.006647]",
374,"[3.131452,0.6350427,5.0024]",
375,"[3.123037,0.6274626,4.995078]",
376,"[3.119182,0.6240461,4.991783]",
377,"[3.110991,0.6172328,4.984881]",
378,"[3.106469,0.613924,4.981225]",
379,"[3.101328,0.6105521,4.977158]",
380,"[3.089317,0.6028011,4.967674]",
381,"[3.083106,0.5976545,4.962292]",
382,"[3.07054,0.5840877,4.950178]",
383,"[3.06432,0.5751672,4.943315]",
384,"[3.05227,0.5554137,4.928988]",
385,"[3.046593,0.5453885,4.922049]",
386,"[3.040997,0.5360709,4.915455]",
387,"[3.029824,0.5200008,4.90342]",
388,"[3.02393,0.5128638,4.897825]",
389,"[3.012109,0.4977945,4.886414]",
390,"[3.006488,0.4886793,4.880135]",
391,"[2.996414,0.4657965,4.866116]",
392,"[2.991926,0.4551014,4.859896]",
393,"[3.382067,0.7130653,4.289573]",
394,"[3.388496,0.7130653,4.27349]",
395,"[3.396119,0.7130653,4.256688]",
396,"[3.412675,0.7130653,4.221967]",
397,"[3.419748,0.7130653,4.206775]",
398,"[3.430579,0.7130653,4.182805]",
399,"[3.435769,0.7130653,4.17144]",
400,"[3.448941,0.7130653,4.147486]",
401,"[3.456635,0.7130653,4.135062]",
402,"[3.465069,0.7130653,4.122473]",
403,"[3.535188,0.7519917,4.02635]",
404,"[3.54671,0.7519917,4.010788]",
405,"[3.572498,0.7519917,3.976534]",
406,"[3.585331,0.7519917,3.959893]",
407,"[3.608105,0.7519917,3.930886]",
408,"[3.610951,0.7467478,3.928232]",
409,"[3.611312,0.7400881,3.928963]",
410,"[3.596575,0.7130653,3.953197]",
411,"[3.604953,0.7130653,3.942768]",
412,"[3.631493,0.7130653,3.911532]",
413,"[3.6469,0.7130653,3.893488]",
414,"[3.67626,0.702267,3.861173]",
415,"[3.679844,0.677417,3.862884]",
416,"[3.686211,0.6126192,3.866271]",
417,"[3.688796,0.5714177,3.867646]",
418,"[3.690902,0.5293912,3.868766]",
419,"[3.670415,0.3729711,3.906031]",
420,"[3.645721,0.2628734,3.947429]",
421,"[3.638715,0.1350314,3.945395]",
422,"[3.638964,0.1,3.933428]",
423,"[3.661956,0.1,3.868702]",
424,"[3.672406,0.1,3.839356]",
425,"[3.679007,0.1,3.819674]",
426,"[3.678001,0.1,3.811944]",
427,"[3.671325,0.1,3.815835]",
428,"[3.649934,0.1,3.835293]",
429,"[3.646139,0.1,3.839017]",
430,"[3.644981,0.1,3.840279]",
431,"[3.646794,0.1,3.838907]",
432,"[3.648958,0.1,3.840044]",
433,"[3.646492,0.1,3.849281]",
434,"[3.63505,0.1,3.875291]",
435,"[3.607713,0.1471705,3.928885]",
436,"[3.607985,0.2007032,3.926867]",
437,"[3.629212,0.3389483,3.884114]",
438,"[3.62857,0.3803268,3.883773]",
439,"[3.626801,0.4269024,3.882832]",
440,"[3.625689,0.4431962,3.88224]",
441,"[3.624444,0.4556234,3.881578]",
442,"[3.638881,0.5227286,3.841095]",
443,"[3.635098,0.5448321,3.839082]",
444,"[3.628703,0.5800532,3.83568]",
445,"[3.626375,0.5916042,3.834442]",
446,"[3.623665,0.6046733,3.833001]",
447,"[3.622771,0.6104149,3.832525]",
448,"[3.622061,0.6155857,3.832147]",
449,"[3.621093,0.6284277,3.831632]",
450,"[3.620773,0.6362954,3.831462]",
451,"[3.621043,0.653514,3.831606]",
452,"[3.621737,0.6631067,3.831975]",
453,"[3.62376,0.6830034,3.833051]",
454,"[3.622912,0.6925373,3.837939]",
455,"[3.612278,0.7005829,3.861173]",
456,"[3.612242,0.7130654,3.862514]",
457,"[3.602963,0.7130654,3.878688]",
458,"[3.585304,0.7130653,3.908864]",
459,"[3.574877,0.7130653,3.92698]",
460,"[3.557453,0.7130653,3.957513]",
461,"[3.548773,0.7130653,3.972579]",
462,"[3.564183,0.7499177,3.948123]",
463,"[3.559956,0.7519917,3.955543]",
464,"[3.555391,0.7519917,3.963759]",
465,"[3.548297,0.7519917,3.97707]",
466,"[3.545723,0.7519917,3.982106]",
467,"[3.542329,0.7519917,3.989861]",
468,"[3.540238,0.7519917,3.994871]",
469,"[3.534389,0.7519917,4.008]",
470,"[3.530925,0.7519917,4.015837]",
471,"[3.526919,0.7519917,4.026844]",
472,"[3.526017,0.7519917,4.031008]",
473,"[3.490894,0.7130653,4.089733]",
474,"[3.491007,0.7130653,4.095655]",
475,"[3.490656,0.7130653,4.09991]",
476,"[3.488972,0.7130653,4.109192]",
477,"[3.487766,0.7130653,4.11467]",
478,"[3.486198,0.7130653,4.12332]",
479,"[3.485726,0.7130653,4.127032]",
480,"[3.485553,0.7130653,4.129714]",
481,"[3.486441,0.7130653,4.133786]",
482,"[3.487546,0.7130653,4.135658]",
483,"[3.490444,0.7130653,4.140254]",
484,"[3.491687,0.7130653,4.143767]",
485,"[3.491767,0.7130653,4.157961]",
486,"[3.490505,0.7130653,4.167729]",
487,"[3.487299,0.7130653,4.187644]",
488,"[3.486183,0.7130653,4.195706]",
489,"[3.485658,0.7130653,4.202132]",
490,"[3.486915,0.7130653,4.20897]",
491,"[3.487981,0.7130653,4.211066]",
492,"[3.49047,0.7130653,4.214952]",
493,"[3.491299,0.7130653,4.216971]",
494,"[3.491083,0.7130653,4.224523]",
495,"[3.489521,0.7130653,4.231149]",
496,"[3.486835,0.7130653,4.239538]",
497,"[3.480461,0.7130653,4.25546]",
498,"[3.477866,0.7130653,4.261343]",
499,"[3.475932,0.7130653,4.266178]",
500,"[3.475906,0.7130653,4.26639]",
501,"[3.476383,0.7130653,4.264728]",
502,"[3.476905,0.7130653,4.262717]",
503,"[3.47801,0.7130653,4.259003]",
504,"[3.478402,0.7130653,4.258004]",
505,"[3.478605,0.7130653,4.257854]",
506,"[3.478697,0.7130653,4.258523]",
507,"[3.478765,0.7130653,4.258748]",
508,"[3.479076,0.7130653,4.258511]",
509,"[3.479428,0.7130653,4.257977]",
510,"[3.480778,0.7130653,4.255681]",
511,"[3.481634,0.7130653,4.254251]",
512,"[3.482504,0.7130653,4.252858]",
513,"[3.484833,0.7130653,4.249287]",
514,"[3.486191,0.7130653,4.247323]",
515,"[3.487888,0.7130653,4.245027]",
516,"[3.488201,0.7130653,4.244648]",
517,"[3.488543,0.7130653,4.244129]",
518,"[3.488766,0.7130653,4.243639]",
519,"[3.489513,0.7130653,4.241987]",
520,"[3.48978,0.7130653,4.241352]",
521,"[3.48995,0.7130653,4.240697]",
522,"[3.490401,0.7130653,4.238274]",
523,"[3.490773,0.7130653,4.236059]",
524,"[3.491148,0.7130653,4.232084]",
525,"[3.490797,0.7130653,4.230925]",
526,"[3.488486,0.7130653,4.230808]",
527,"[3.48629,0.7130653,4.23133]",
528,"[3.483979,0.7130653,4.23155]",
529,"[3.479436,0.7130653,4.229664]",
530,"[3.476944,0.7130653,4.227875]",
531,"[3.470821,0.7130653,4.225391]",
532,"[3.467124,0.7130653,4.225318]",
533,"[3.461238,0.7130653,4.225397]",
534,"[3.459377,0.7130653,4.224607]",
535,"[3.457211,0.7130653,4.221699]",
536,"[3.456279,0.7130653,4.219696]",
537,"[3.455277,0.7130653,4.218116]",
538,"[3.452169,0.7130653,4.21689]",
539,"[3.449909,0.7130653,4.216827]",
540,"[3.445763,0.7130653,4.21613]",
541,"[3.444598,0.7130653,4.214699]",
542,"[3.443112,0.7130653,4.211021]",
543,"[3.442419,0.7130653,4.209548]",
544,"[3.441691,0.7130653,4.208578]",
545,"[3.440127,0.7130653,4.206935]",
546,"[3.439134,0.7130653,4.205995]",
547,"[3.437483,0.7130653,4.203236]",
548,"[3.436935,0.7130653,4.20102]",
549,"[3.436385,0.7130653,4.196453]",
550,"[3.436312,0.7130653,4.194228]",
551,"[3.435477,0.7130653,4.192129]",
552,"[3.434786,0.7130653,4.192141]",
553,"[3.43372,0.7130653,4.192466]",
554,"[3.432302,0.7130653,4.192928]",
555,"[3.431824,0.7130653,4.193092]",
556,"[3.431115,0.7130653,4.193459]",
557,"[3.430933,0.7130653,4.193588]",
558,"[3.429023,0.7130653,4.19462]",
559,"[3.427154,0.7130653,4.195403]",
560,"[3.427325,0.7130653,4.195291]",
561,"[3.42829,0.7130653,4.194717]",
562,"[3.428954,0.7130653,4.19454]",
563,"[3.429703,0.7130653,4.19497]",
564,"[3.429791,0.7130653,4.195947]",
565,"[3.429416,0.7130653,4.199681]",
566,"[3.429225,0.7130653,4.201834]",
567,"[3.429386,0.7130653,4.205238]",
568,"[3.429561,0.7130653,4.206923]",
569,"[3.429632,0.7130653,4.209156]",
570,"[3.429682,0.7130653,4.215055]",
571,"[3.429997,0.7130653,4.218586]",
572,"[3.431306,0.7130653,4.22468]",
573,"[3.431768,0.7130653,4.227855]",
574,"[3.431603,0.7130653,4.237088]",
575,"[3.430784,0.7130653,4.242576]",
576,"[3.429968,0.7130653,4.24702]",
577,"[3.428946,0.7130653,4.252524]",
578,"[3.428865,0.7130653,4.253053]",
579,"[3.428977,0.7130653,4.252835]",
580,"[3.429061,0.7130653,4.252417]",
581,"[3.429184,0.7130653,4.250689]",
582,"[3.429232,0.7130653,4.249282]",
583,"[3.42933,0.7130653,4.247682]",
584,"[3.429912,0.7130653,4.24338]",
585,"[3.430524,0.7130653,4.24049]",
586,"[3.431536,0.7130653,4.236602]",
587,"[3.431815,0.7130653,4.235609]",
588,"[3.432166,0.7130653,4.234574]",
589,"[3.432399,0.7130653,4.234171]",
590,"[3.432763,0.7130653,4.233622]",
591,"[3.432831,0.7130653,4.233547]",
592,"[3.432828,0.7130653,4.233552]",
593,"[3.428179,0.7130653,4.238089]",
594,"[3.428179,0.7130653,4.238089]",
595,"[3.42847,0.7130653,4.236941]",
596,"[3.428807,0.7130653,4.235583]",
597,"[3.429279,0.7130653,4.233431]",
598,"[3.429337,0.7130653,4.232516]",
599,"[3.428766,0.7130653,4.231526]",
600,"[3.428342,0.7130653,4.230842]",
601,"[3.428127,0.7130653,4.230394]",
602,"[3.427641,0.7130653,4.230173]",
603,"[3.427275,0.7130653,4.230433]",
604,"[3.426617,0.7130653,4.230937]",
605,"[3.426099,0.7130653,4.231292]",
606,"[3.423522,0.7130653,4.233887]",
607,"[3.421094,0.7130653,4.236702]",
608,"[3.418272,0.7130653,4.23948]",
609,"[3.414511,0.7130653,4.241091]",
610,"[3.41349,0.7130653,4.240535]",
611,"[3.412438,0.7130653,4.239202]",
612,"[3.41213,0.7130653,4.23879]",
613,"[3.411874,0.7130653,4.238565]",
614,"[3.411814,0.7130653,4.238552]",
615,"[3.410571,0.7130653,4.242194]",
616,"[3.409904,0.7130653,4.244082]",
617,"[3.409837,0.7130653,4.244105]",
618,"[3.409571,0.7130653,4.243769]",
619,"[3.409424,0.7130653,4.243424]",
620,"[3.408999,0.7130653,4.242844]",
621,"[3.40869,0.7130653,4.242719]",
622,"[3.408007,0.7130653,4.242699]",
623,"[3.407778,0.7130653,4.242554]",
624,"[3.407603,0.7130653,4.242327]",
625,"[3.407541,0.7130653,4.241454]",
626,"[3.407502,0.7130653,4.240972]",
627,"[3.407272,0.7130653,4.239814]",
628,"[3.407112,0.7130653,4.23918]",
629,"[3.406893,0.7130653,4.237761]",
630,"[3.40686,0.7130653,4.237036]",
631,"[3.406842,0.7130653,4.236565]",
632,"[3.406794,0.7130653,4.236089]",
633,"[3.406708,0.7130653,4.236014]",
634,"[3.406471,0.7130653,4.236065]",
635,"[3.406358,0.7130653,4.236156]",
636,"[3.406157,0.7130653,4.23638]",
637,"[3.406063,0.7130653,4.236512]",
638,"[3.405753,0.7130653,4.237162]",
639,"[3.405591,0.7130653,4.237704]",
640,"[3.405463,0.7130653,4.238337]",
641,"[3.405233,0.7130653,4.240409]",
642,"[3.405108,0.7130653,4.241863]",
643,"[3.404563,0.7130653,4.2458]",
644,"[3.404273,0.7130653,4.248108]",
645,"[3.403774,0.7130653,4.252716]",
646,"[3.403452,0.7130653,4.255666]",
647,"[3.403121,0.7130653,4.25877]",
648,"[3.403341,0.7130653,4.263298]",
649,"[3.403831,0.7130653,4.265454]",
650,"[3.405023,0.7130653,4.269867]",
651,"[3.405744,0.7130653,4.272382]",
652,"[3.406901,0.7130653,4.276721]",
653,"[3.407597,0.7130653,4.279445]",
654,"[3.408741,0.7130653,4.282692]",
655,"[3.409421,0.7130653,4.283968]",
656,"[3.410095,0.7130653,4.284749]",
657,"[3.41175,0.7130653,4.285047]",
658,"[3.412565,0.7130653,4.284883]",
659,"[3.413924,0.7130653,4.284555]",
660,"[3.414507,0.7130653,4.284518]",
661,"[3.415406,0.7130653,4.284544]",
662,"[3.415804,0.7130653,4.284548]",
663,"[3.416177,0.7130653,4.284551]",
664,"[3.416834,0.7130653,4.284577]",
665,"[3.417027,0.7130653,4.28461]",
666,"[3.417245,0.7130653,4.284642]",
667,"[3.417326,0.7130653,4.284594]",
668,"[3.417354,0.7130653,4.284559]",
669,"[3.41731,0.7130653,4.284596]",
670,"[3.417119,0.7130653,4.284739]",
671,"[3.416902,0.7130653,4.284858]",
672,"[3.416472,0.7130653,4.285039]",
673,"[3.414793,0.7130653,4.285635]",
674,"[3.413445,0.7130653,4.286037]",
675,"[3.41033,0.7130653,4.286551]",
676,"[3.408117,0.7130653,4.286496]",
677,"[3.402986,0.7130653,4.285914]",
678,"[3.399849,0.7130653,4.285286]",
679,"[3.396782,0.7130653,4.2845]",
680,"[3.391013,0.7130653,4.281554]",
681,"[3.387268,0.7130653,4.278694]",
682,"[3.377331,0.7130653,4.271928]",
683,"[3.372576,0.7130653,4.269809]",
684,"[3.362083,0.7130653,4.267455]",
685,"[3.357156,0.7130653,4.267072]",
686,"[3.350507,0.7130653,4.26795]",
687,"[3.346149,0.7130653,4.268896]",
688,"[3.341303,0.7130653,4.269193]",
689,"[3.302114,0.6482332,4.340228]",
690,"[3.299442,0.6482558,4.33781]",
691,"[3.295539,0.648286,4.334657]",
692,"[3.294185,0.6482925,4.334107]",
693,"[3.29131,0.6483025,4.333467]",
694,"[3.289533,0.6483089,4.333047]",
695,"[3.288371,0.6483126,4.332847]",
696,"[3.287135,0.6483151,4.332826]",
697,"[3.28653,0.6483182,4.332535]",
698,"[3.286009,0.6483223,4.332112]",
699,"[3.285949,0.6483226,4.332108]",
700,"[3.286452,0.6483244,4.331712]",
701,"[3.287624,0.6483311,4.330511]",
702,"[3.290858,0.6483498,4.327107]",
703,"[3.29903,0.6484011,4.31797]",
704,"[3.30277,0.6484029,4.313787]",
705,"[3.338331,0.7130653,4.236287]",
706,"[3.34009,0.7130653,4.234888]",
707,"[3.342158,0.7130653,4.233371]",
708,"[3.342991,0.7130653,4.232764]",
709,"[3.344415,0.7130653,4.231576]",
710,"[3.345073,0.7130653,4.230947]",
711,"[3.345834,0.7130653,4.230192]",
712,"[3.347968,0.7130653,4.22799]",
713,"[3.349392,0.7130653,4.226776]",
714,"[3.352715,0.7130653,4.224619]",
715,"[3.355833,0.7130653,4.223168]",
716,"[3.361902,0.7130653,4.221983]",
717,"[3.364677,0.7130653,4.222086]",
718,"[3.367401,0.7130653,4.22237]",
719,"[3.371879,0.7130653,4.223203]",
720,"[3.373775,0.7130653,4.223845]",
721,"[3.376694,0.7130653,4.226001]",
722,"[3.37772,0.7130653,4.227364]",
723,"[3.379467,0.7130653,4.229517]",
724,"[3.380238,0.7130653,4.230933]",
725,"[3.380725,0.7130653,4.232512]",
726,"[3.381448,0.7130653,4.23604]",
727,"[3.382042,0.7130653,4.237509]",
728,"[3.383936,0.7130653,4.239748]",
729,"[3.385247,0.7130653,4.24085]",
730,"[3.388445,0.7130653,4.243157]",
731,"[3.390777,0.7130653,4.244313]",
732,"[3.395954,0.7130653,4.24598]",
733,"[3.39845,0.7130653,4.246322]",
734,"[3.400803,0.7130653,4.246233]",
735,"[3.406497,0.7130653,4.24473]",
736,"[3.409506,0.7130653,4.243569]",
737,"[3.415217,0.7130653,4.240478]",
738,"[3.418081,0.7130653,4.238166]",
739,"[3.42269,0.7130653,4.232256]",
740,"[3.424741,0.7130653,4.228984]",
741,"[3.426742,0.7130653,4.225774]",
742,"[3.432058,0.7130653,4.216636]",
743,"[3.435972,0.7130653,4.209607]",
744,"[3.445024,0.7130653,4.191695]",
745,"[3.450562,0.7130653,4.18054]",
746,"[3.464369,0.7130653,4.154493]",
747,"[3.470548,0.7130653,4.14177]",
748,"[3.47866,0.7130653,4.123098]",
749,"[3.481076,0.7130653,4.117007]",
750,"[3.482404,0.7130653,4.113311]",
751,"[3.484158,0.7130653,4.107994]",
752,"[3.484842,0.7130653,4.106127]",
753,"[3.48552,0.7130653,4.103377]",
754,"[3.485623,0.7130653,4.102561]",
755,"[3.486377,0.7130653,4.102379]",
756,"[3.486755,0.7130653,4.102448]",
757,"[3.487573,0.7130653,4.103642]",
758,"[3.488003,0.7130653,4.105078]",
759,"[3.488356,0.7130653,4.107223]",
760,"[3.488831,0.7130653,4.112322]",
761,"[3.489052,0.7130653,4.114807]",
762,"[3.489542,0.7130653,4.118744]",
763,"[3.489833,0.7130653,4.120203]",
764,"[3.490479,0.7130653,4.122416]",
765,"[3.49081,0.7130653,4.123356]",
766,"[3.491104,0.7130653,4.124147]",
767,"[3.491643,0.7130653,4.125929]",
768,"[3.491781,0.7130653,4.126944]",
769,"[3.491901,0.7130653,4.129245]",
770,"[3.491988,0.7130653,4.130436]",
771,"[3.492243,0.7130653,4.132478]",
772,"[3.492385,0.7130653,4.133632]",
773,"[3.492541,0.7130653,4.134694]",
774,"[3.492872,0.7130653,4.136253]",
775,"[3.493067,0.7130653,4.136854]",
776,"[3.493395,0.7130653,4.138015]",
777,"[3.493537,0.7130653,4.138718]",
778,"[3.49373,0.7130653,4.140418]",
779,"[3.493747,0.7130653,4.141232]",
780,"[3.493682,0.7130653,4.14254]",
781,"[3.493542,0.7130653,4.143178]",
782,"[3.493369,0.7130653,4.143826]",
783,"[3.493013,0.7130653,4.145193]",
784,"[3.492881,0.7130653,4.145804]",
785,"[3.492678,0.7130653,4.146616]",
786,"[3.492555,0.7130653,4.14703]",
787,"[3.492142,0.7130653,4.148549]",
788,"[3.491807,0.7130653,4.149787]",
789,"[3.491401,0.7130653,4.151237]",
790,"[3.490377,0.7130653,4.155362]",
791,"[3.489891,0.7130653,4.157815]",
792,"[3.489272,0.7130653,4.16239]",
793,"[3.489146,0.7130653,4.164626]",
794,"[3.489245,0.7130653,4.169219]",
795,"[3.489409,0.7130653,4.171973]",
796,"[3.489669,0.7130653,4.177504]",
797,"[3.489726,0.7130653,4.179965]",
798,"[3.489777,0.7130653,4.182153]",
799,"[3.490124,0.7130653,4.18617]",
800,"[3.490273,0.7130653,4.188338]",
801,"[3.490279,0.7130653,4.192674]",
802,"[3.490093,0.7130653,4.194709]",
803,"[3.489512,0.7130653,4.198224]",
804,"[3.48921,0.7130653,4.19991]",
805,"[3.489077,0.7130653,4.201499]",
806,"[3.488785,0.7130653,4.20494]",
807,"[3.488474,0.7130653,4.207108]",
808,"[3.488045,0.7130653,4.210492]",
809,"[3.488028,0.7130653,4.211704]",
810,"[3.488467,0.7130653,4.21319]",
811,"[3.488866,0.7130653,4.213729]",
812,"[3.490038,0.7130653,4.214065]",
813,"[3.491101,0.7130653,4.213524]",
814,"[3.492409,0.7130653,4.212363]",
815,"[3.495332,0.7130653,4.208063]",
816,"[3.496893,0.7130653,4.205075]",
817,"[3.50138,0.7130653,4.196242]",
818,"[3.504086,0.7130653,4.190562]",
819,"[3.508795,0.7130653,4.179323]",
820,"[3.51065,0.7130653,4.174614]",
821,"[3.511861,0.7130653,4.171701]",
822,"[3.513455,0.7130653,4.167883]",
823,"[3.513978,0.7130653,4.166437]",
824,"[3.515582,0.7130653,4.162408]",
825,"[3.516933,0.7130653,4.159721]",
826,"[3.519247,0.7130653,4.156173]",
827,"[3.520094,0.7130653,4.155228]",
828,"[3.521551,0.7130653,4.153925]",
829,"[3.522187,0.7130653,4.153376]",
830,"[3.522911,0.7130653,4.152812]",
831,"[3.524111,0.7130653,4.152042]",
832,"[3.524759,0.7130653,4.151645]",
833,"[3.525845,0.7130653,4.150774]",
834,"[3.526403,0.7130653,4.150203]",
835,"[3.527772,0.7130653,4.148544]",
836,"[3.528499,0.7130653,4.147652]",
837,"[3.529118,0.7130653,4.146898]",
838,"[3.530099,0.7130653,4.145769]",
839,"[3.530479,0.7130653,4.145329]",
840,"[3.53099,0.7130653,4.144618]",
841,"[3.531156,0.7130653,4.144349]",
842,"[3.531288,0.7130653,4.144067]",
843,"[3.531288,0.7130653,4.143983]",
844,"[3.531257,0.7130653,4.143905]",
845,"[3.531094,0.7130653,4.143652]",
846,"[3.530939,0.7130653,4.143422]",
847,"[3.530436,0.7130653,4.142823]",
848,"[3.530108,0.7130653,4.142431]",
849,"[3.529303,0.7130653,4.141339]",
850,"[3.528854,0.7130653,4.140576]",
851,"[3.528277,0.7130653,4.139577]",
852,"[3.52802,0.7130653,4.139351]",
853,"[3.527769,0.7130653,4.139275]",
854,"[3.527192,0.7130653,4.139208]",
855,"[3.526928,0.7130653,4.139135]",
856,"[3.526459,0.7130653,4.139099]",
857,"[3.526179,0.7130653,4.139233]",
858,"[3.525564,0.7130653,4.139795]",
859,"[3.525279,0.7130653,4.140202]",
860,"[3.524967,0.7130653,4.140807]",
861,"[3.52425,0.7130653,4.143254]",
862,"[3.523792,0.7130653,4.145623]",
863,"[3.523044,0.7130653,4.15062]",
864,"[3.522815,0.7130653,4.152746]",
865,"[3.522587,0.7130653,4.156328]",
866,"[3.522594,0.7130653,4.157931]",
867,"[3.522666,0.7130653,4.159635]",
868,"[3.523066,0.7130653,4.162498]",
869,"[3.523511,0.7130653,4.163797]",
870,"[3.525406,0.7130653,4.165375]",
871,"[3.52694,0.7130653,4.165948]",
872,"[3.530891,0.7130653,4.166655]",
873,"[3.533817,0.7130653,4.166912]",
874,"[3.540743,0.7130653,4.166558]",
875,"[3.545845,0.7130653,4.165761]",
876,"[3.551383,0.7130653,4.165314]",
877,"[3.563576,0.7130653,4.165862]",
878,"[3.571369,0.7130653,4.167205]",
879,"[3.588071,0.7130653,4.170006]",
880,"[3.597907,0.7130653,4.171505]",
881,"[3.617946,0.7130653,4.174989]",
882,"[3.630515,0.7130653,4.180081]",
883,"[3.644673,0.7130653,4.187619]",
884,"[3.682719,0.7130652,4.217042]",
885,"[3.712168,0.7130652,4.254367]",
886,"[3.830277,0.2307789,5.04]",
887,"[3.886979,0.3106043,5.04]",
888,"[3.995642,0.4723097,5.04]",
889,"[4.047997,0.5468491,5.039999]",
890,"[4.019976,0.9519633,4.479487]",
891,"[4.034428,1.026333,4.405078]",
892,"[4.019976,1.120068,4.256527]",
893,"[3.980246,1.252774,4.011315]",
894,"[4.002429,1.264744,4.03079]",
895,"[4.019976,1.302469,4.010546]",
896,"[4.019976,1.324798,3.98017]",
897,"[4.029253,1.356522,3.950838]",
898,"[4.03743,1.369243,3.944273]",
899,"[4.050587,1.388666,3.933708]",
900,"[4.057597,1.398665,3.928078]",
901,"[4.0641,1.408083,3.922852]",
902,"[4.081959,1.425023,3.926693]",
903,"[4.097181,1.43237,3.944731]",
904,"[4.118364,1.462523,3.957761]",
905,"[4.138272,1.481934,3.982889]",
906,"[4.156322,1.51881,3.982609]",
907,"[4.16417,1.530887,3.982634]",
908,"[4.172941,1.54213,3.982657]",
909,"[4.190363,1.562946,3.982701]",
910,"[4.199228,1.573512,3.982723]",
911,"[4.214559,1.592066,3.982762]",
912,"[4.222334,1.60117,3.982781]",
913,"[4.237757,1.614151,3.982808]",
914,"[4.24701,1.621879,3.982824]",
915,"[4.2564,1.629086,3.982839]",
916,"[4.278663,1.643286,3.982869]",
917,"[4.290018,1.649404,3.982882]",
918,"[4.313587,1.661746,3.982908]",
919,"[4.323759,1.667781,3.98292]",
920,"[4.343484,1.679244,3.982944]",
921,"[4.354021,1.684373,3.982955]",
922,"[4.373701,1.691963,3.982971]",
923,"[4.384004,1.695457,3.982978]",
924,"[4.393759,1.698612,3.982985]",
925,"[4.413569,1.704542,3.982997]",
926,"[4.422222,1.7072,3.983003]",
927,"[4.436492,1.712001,3.983013]",
928,"[4.442648,1.714776,3.983019]",
929,"[4.440189,1.72222,3.983035]",
930,"[4.43456,1.730824,3.983052]",
931,"[4.425945,1.741242,3.983074]",
932,"[4.404484,1.761929,3.983118]",
933,"[4.391899,1.77056,3.983136]",
934,"[4.364421,1.784557,3.983165]",
935,"[4.348234,1.790689,3.983178]",
936,"[4.319547,1.800095,3.983198]",
937,"[4.307189,1.803358,3.983204]",
938,"[4.285951,1.808247,3.983215]",
939,"[4.27751,1.810342,3.983219]",
940,"[4.272459,1.812282,3.983223]",
941,"[4.266479,1.816092,3.983231]",
942,"[4.264709,1.817864,3.983235]",
943,"[4.262686,1.820726,3.983241]",
944,"[4.261934,1.822314,3.983244]",
945,"[4.261426,1.825893,3.983252]",
946,"[4.264984,1.829137,3.983258]",
947,"[4.265035,1.831273,3.983263]",
948,"[4.265066,1.835764,3.983272]",
949,"[4.265155,1.838055,3.983277]",
950,"[4.265886,1.841469,3.983284]",
951,"[4.266429,1.842997,3.983287]",
952,"[4.267324,1.846655,3.983295]",
953,"[4.267664,1.849674,3.983301]",
954,"[4.268057,1.85316,3.983309]",
955,"[4.268991,1.857405,3.983318]",
956,"[4.269719,1.858695,3.98332]",
957,"[4.276209,1.860401,3.983324]",
958,"[4.278977,1.860761,3.983325]",
959,"[4.28471,1.861202,3.983325]",
960,"[4.287941,1.861449,3.983326]",
961,"[4.294471,1.861694,3.983327]",
962,"[4.297675,1.86144,3.983326]",
963,"[4.300959,1.860714,3.983325]",
964,"[4.30771,1.858125,3.983319]",
965,"[4.310973,1.856755,3.983316]",
966,"[4.315307,1.854715,3.983312]",
967,"[4.316981,1.853267,3.983309]",
968,"[4.316888,1.849915,3.983302]",
969,"[4.316785,1.847551,3.983297]",
970,"[4.31672,1.845363,3.983292]",
971,"[4.316777,1.843083,3.983288]",
972,"[4.317813,1.842902,3.983287]",
973,"[4.319724,1.842761,3.983287]",
974,"[4.320664,1.842477,3.983286]",
975,"[4.321371,1.841997,3.983285]",
976,"[4.32198,1.841218,3.983284]",
977,"[4.323245,1.839873,3.983281]",
978,"[4.324262,1.839041,3.983279]",
979,"[4.324929,1.838395,3.983278]",
980,"[4.326945,1.837029,3.983275]",
981,"[4.32792,1.837002,3.983275]",
982,"[4.327835,1.837896,3.983277]",
983,"[4.327793,1.838845,3.983279]",
984,"[4.329309,1.840793,3.983283]",
985,"[4.331427,1.842141,3.983286]",
986,"[4.333737,1.843591,3.983289]",
987,"[4.338778,1.845493,3.983293]",
988,"[4.341423,1.845683,3.983293]",
989,"[4.346762,1.844375,3.98329]",
990,"[4.34943,1.842908,3.983287]",
991,"[4.351844,1.839425,3.98328]",
992,"[4.355085,1.836043,3.983273]",
993,"[4.360394,1.827942,3.983256]",
994,"[4.359828,1.822559,3.983245]",
995,"[4.363532,1.816949,3.983233]",
996,"[4.371845,1.806154,3.98321]",
997,"[4.377037,1.80154,3.983201]",
998,"[4.389289,1.793282,3.983183]",
999,"[4.396242,1.789535,3.983176]",
1000,"[4.4126,1.781755,3.983159]",
1001,"[4.423306,1.776551,3.983148]",
1002,"[4.436201,1.770024,3.983135]",
1003,"[4.468398,1.751346,3.983095]",
1004,"[4.490017,1.737155,3.983066]",
1005,"[4.535839,1.707466,3.983004]",
1006,"[4.565003,1.69107,3.982969]",
1007,"[4.628914,1.658927,3.982902]",
1008,"[4.6613,1.642977,3.982868]",
1009,"[4.749807,1.594061,3.982766]",
1010,"[4.781707,1.574685,3.982725]",
1011,"[4.815507,1.55487,3.982684]",
1012,"[5.038274,1.405579,3.982371]",
1013,"[5.117906,1.345301,3.982245]",
1014,"[5.265171,1.216388,3.95026]",
1015,"[5.32781,1.156497,3.913813]",
1016,"[5.556753,1.022652,3.957668]",
1017,"[5.950001,0.8295875,4.187883]",
1018,"[5.95,0.8336514,4.008069]",
1019,"[5.95,0.8367188,3.933049]",
1020,"[5.95,0.8383707,3.865442]",
1021,"[5.236189,1.178154,3.363686]",
1022,"[5.242228,1.169394,3.335031]",
1023,"[5.251977,1.153526,3.288769]",
1024,"[5.256433,1.147246,3.267625]",
1025,"[5.260888,1.141904,3.246482]",
1026,"[5.266724,1.132337,3.218789]",
1027,"[5.268967,1.126129,3.208143]",
1028,"[5.272489,1.113803,3.191432]",
1029,"[5.274173,1.107933,3.18344]",
1030,"[5.277775,1.097187,3.166349]",
1031,"[5.280248,1.090744,3.154614]",
1032,"[5.35035,1.036279,3.145061]",
1033,"[5.605731,0.8762071,3.198879]",
1034,"[5.605352,0.8629678,3.176784]",
1035,"[5.591943,0.8470115,3.131821]",
1036,"[5.589008,0.841182,3.108227]",
1037,"[5.608616,0.82796,3.070227]",
1038,"[5.735921,0.7504289,3.066844]",
1039,"[5.95,0.6161268,3.043192]",
1040,"[5.531227,0.8769855,2.974919]",
1041,"[5.848989,0.6622182,2.948106]",
1042,"[5.842895,0.6622185,2.92453]",
1043,"[5.837892,0.6622185,2.897775]",
1044,"[5.606642,0.8074166,2.847187]",
1045,"[5.606642,0.8038506,2.817699]",
1046,"[5.606642,0.797237,2.755364]",
1047,"[5.638176,0.7800756,2.712515]",
1048,"[5.664681,0.7800756,2.631282]",
1049,"[5.795795,0.7086264,2.559737]",
1050,"[5.666193,0.8011258,2.555212]",
1051,"[5.559521,0.8823398,2.526351]",
1052,"[5.540492,0.89954,2.507572]",
1053,"[5.533696,0.9130684,2.473191]",
1054,"[5.530788,0.9218084,2.453513]",
1055,"[5.532114,0.9375589,2.42791]",
1056,"[5.533421,0.9485152,2.413639]",
1057,"[5.53554,0.9687504,2.389488]",
1058,"[5.542437,0.9735531,2.376677]",
1059,"[5.561178,0.9723338,2.357565]",
1060,"[5.587556,0.9706213,2.330694]",
1061,"[5.596,0.9715341,2.321352]",
1062,"[5.596,0.9793462,2.315379]",
1063,"[5.596,0.9833423,2.313469]",
1064,"[5.596,0.9998367,2.312798]",
1065,"[5.596,1.022517,2.317374]",
1066,"[5.950001,0.9131483,2.17097]",
1067,"[5.950001,1.080909,2.226447]",
1068,"[5.570481,1.263825,2.402652]",
1069,"[5.57932,1.341467,2.430756]",
1070,"[5.57932,1.36583,2.442191]",
1071,"[5.57932,1.388711,2.457464]",
1072,"[5.57932,1.397566,2.466055]",
1073,"[5.57932,1.406503,2.475035]",
1074,"[5.57932,1.423438,2.491283]",
1075,"[5.580164,1.430226,2.497809]",
1076,"[5.604263,1.44077,2.505306]",
1077,"[5.559947,1.454909,2.524811]",
1078,"[5.558997,1.472596,2.541342]",
1079,"[5.559273,1.479077,2.547575]",
1080,"[5.57431,1.484438,2.552003]",
1081,"[5.580148,1.484665,2.552207]",
1082,"[5.581958,1.484385,2.55227]",
1083,"[5.579163,1.482818,2.552172]",
1084,"[5.559565,1.483387,2.548752]",
1085,"[5.5592,1.482955,2.535545]",
1086,"[5.559417,1.484184,2.529315]",
1087,"[5.559356,1.496265,2.531068]",
1088,"[5.559323,1.505187,2.532002]",
1089,"[5.559294,1.516946,2.532845]",
1090,"[5.559312,1.519866,2.53233]",
1091,"[5.559772,1.521117,2.52535]",
1092,"[5.618016,1.511527,2.505306]",
1093,"[5.58007,1.496978,2.49761]",
1094,"[5.57932,1.426966,2.448648]",
1095,"[5.58336,1.357668,2.409448]",
1096,"[5.569877,1.238526,2.354199]",
1097,"[5.950001,1.023362,2.219136]",
1098,"[5.950001,0.9624949,2.188733]",
1099,"[5.950001,0.9032812,2.144905]",
1100,"[5.950001,0.8835579,2.124873]",
1101,"[5.853701,0.8844399,2.115198]",
1102,"[5.798512,0.8863825,2.113271]",
1103,"[5.72822,0.8961341,2.110816]",
1104,"[5.703731,0.9031308,2.109961]",
1105,"[5.682634,0.9101164,2.109224]",
1106,"[5.6443,0.920423,2.107885]",
1107,"[5.62552,0.9222095,2.107229]",
1108,"[5.594655,0.9206935,2.106152]",
1109,"[5.580547,0.91824,2.105659]",
1110,"[5.574511,0.903167,2.097098]",
1111,"[5.574704,0.8947859,2.09156]",
1112,"[5.575085,0.880066,2.080645]",
1113,"[5.778423,0.7328345,1.981407]",
1114,"[5.767502,0.7345606,1.981407]",
1115,"[5.747222,0.7377098,1.981407]",
1116,"[5.733493,0.7390818,1.981407]",
1117,"[5.704772,0.7396005,1.981407]",
1118,"[5.688551,0.7406816,1.981407]",
1119,"[5.664494,0.7456725,1.981407]",
1120,"[5.654819,0.7488621,1.981407]",
1121,"[5.643981,0.7525699,1.981407]",
1122,"[5.624534,0.7600943,1.981401]",
1123,"[5.624534,0.7576711,1.976472]",
1124,"[5.624534,0.7564188,1.96609]",
1125,"[5.624534,0.7574883,1.961153]",
1126,"[5.624534,0.7588125,1.951666]",
1127,"[5.624534,0.7582697,1.946118]",
1128,"[5.624534,0.7561716,1.934216]",
1129,"[5.624534,0.7572858,1.927891]",
1130,"[5.624534,0.7607267,1.92147]",
1131,"[5.624534,0.7733544,1.904799]",
1132,"[5.624534,0.7824534,1.894887]",
1133,"[5.624534,0.7973595,1.874672]",
1134,"[5.624534,0.8046071,1.863708]",
1135,"[5.624534,0.8147807,1.845974]",
1136,"[5.624534,0.8176017,1.838341]",
1137,"[5.624534,0.8183827,1.832846]",
1138,"[5.624534,0.8175026,1.825039]",
1139,"[5.624534,0.81617,1.821334]",
1140,"[5.624534,0.8096163,1.813668]",
1141,"[5.624534,0.8043815,1.809381]",
1142,"[5.624534,0.7963742,1.802946]",
1143,"[5.624534,0.7932044,1.799914]",
1144,"[5.624534,0.782868,1.790913]",
1145,"[5.624534,0.7712696,1.783489]",
1146,"[5.624534,0.7575851,1.775693]",
1147,"[5.624534,0.7327971,1.762456]",
1148,"[5.624534,0.725168,1.758355]",
1149,"[5.624534,0.7196953,1.755279]",
1150,"[5.624534,0.7183294,1.754662]",
1151,"[5.624534,0.7140036,1.752922]",
1152,"[5.624534,0.7110693,1.75178]",
1153,"[5.624534,0.7084881,1.751013]",
1154,"[5.624534,0.7027487,1.749991]",
1155,"[5.624534,0.7008828,1.749941]",
1156,"[5.624534,0.6974237,1.751261]",
1157,"[5.624534,0.696341,1.752432]",
1158,"[5.624534,0.6955234,1.756427]",
1159,"[5.624534,0.6959422,1.759332]",
1160,"[5.624534,0.6970786,1.763251]",
1161,"[5.624534,0.7004889,1.773885]",
1162,"[5.624534,0.7015365,1.779214]",
1163,"[5.624534,0.7009985,1.786537]",
1164,"[5.624534,0.7010201,1.788923]",
1165,"[5.624534,0.7034571,1.792679]",
1166,"[5.624534,0.706928,1.79561]",
1167,"[5.624534,0.7179096,1.804848]",
1168,"[5.624534,0.7201018,1.810031]",
1169,"[5.624534,0.7189947,1.815667]",
1170,"[5.624534,0.7118583,1.826365]",
1171,"[5.624534,0.7088066,1.83058]",
1172,"[5.624534,0.7077485,1.835952]",
1173,"[5.624534,0.710102,1.838573]",
1174,"[5.624534,0.7192717,1.841302]",
1175,"[5.624534,0.7216772,1.843698]",
1176,"[5.624534,0.7229766,1.845843]",
1177,"[5.624534,0.7213361,1.84949]",
1178,"[5.624534,0.7193132,1.851288]",
1179,"[5.624534,0.7177635,1.855043]",
1180,"[5.624534,0.7177778,1.857062]",
1181,"[5.624534,0.7186798,1.860547]",
1182,"[5.624534,0.7173291,1.861901]",
1183,"[5.624534,0.7135019,1.863347]",
1184,"[5.624534,0.7117795,1.863489]",
1185,"[5.624534,0.7097694,1.863663]",
1186,"[5.624534,0.7049859,1.863936]",
1187,"[5.624534,0.7017427,1.863986]",
1188,"[5.624534,0.6961379,1.86418]",
1189,"[5.624534,0.693715,1.864252]",
1190,"[5.624534,0.6892139,1.8641]",
1191,"[5.624534,0.6865009,1.863923]",
1192,"[5.624534,0.6835763,1.863608]",
1193,"[5.624534,0.6767464,1.862215]",
1194,"[5.624534,0.6742057,1.860654]",
1195,"[5.624534,0.6720219,1.860107]",
1196,"[5.624534,0.6715948,1.859997]",
1197,"[5.624534,0.6704404,1.857873]",
1198,"[5.624534,0.6685439,1.856317]",
1199,"[5.624534,0.6659474,1.854441]",
1200,"[5.624096,0.6622185,1.850804]",
1201,"[5.623428,0.6622184,1.849536]",
1202,"[5.623283,0.6622183,1.846611]",
1203,"[5.62374,0.6622184,1.845013]",
1204,"[5.624534,0.6625414,1.842474]",
1205,"[5.624534,0.6631406,1.841592]",
1206,"[5.624534,0.6640975,1.840297]",
1207,"[5.624534,0.6642909,1.839836]",
1208,"[5.624534,0.6642985,1.839483]",
1209,"[5.624534,0.6638268,1.838958]",
1210,"[5.624534,0.6633624,1.838635]",
1211,"[5.624534,0.662855,1.838027]",
1212,"[5.624534,0.6628644,1.837746]",
1213,"[5.624534,0.6625941,1.837343]",
1214,"[5.623152,0.6622185,1.838645]",
1215,"[5.621081,0.6622185,1.840271]",
1216,"[5.616627,0.6622183,1.843929]",
1217,"[5.614479,0.6622184,1.846085]",
1218,"[5.609765,0.6622185,1.851007]",
1219,"[5.606936,0.6622185,1.853879]",
1220,"[5.60046,0.6622185,1.859823]",
1221,"[5.596993,0.6622184,1.863178]",
1222,"[5.596688,0.6622184,1.863047]",
1223,"[5.596382,0.6622185,1.862948]",
1224,"[5.592317,0.6622184,1.867297]",
1225,"[5.586666,0.6552377,1.873439]",
1226,"[5.586647,0.6478766,1.873973]",
1227,"[5.587153,0.6312492,1.875646]",
1228,"[5.588624,0.622529,1.876319]",
1229,"[5.577872,0.622529,1.885979]",
1230,"[5.575824,0.6172051,1.8883]",
1231,"[5.575804,0.6092196,1.888852]",
1232,"[5.57577,0.5946347,1.889823]",
1233,"[5.5758,0.5938956,1.888962]",
1234,"[5.575816,0.594306,1.888508]",
1235,"[5.575778,0.588625,1.889587]",
1236,"[5.575746,0.5764098,1.89052]",
1237,"[5.575734,0.5705187,1.890869]",
1238,"[5.575728,0.5661207,1.891021]",
1239,"[5.575797,0.564414,1.889056]",
1240,"[5.575815,0.5598199,1.888546]",
1241,"[5.575845,0.5512626,1.887691]",
1242,"[5.575852,0.5467757,1.887479]",
1243,"[5.575871,0.5384941,1.886928]",
1244,"[5.575881,0.5351904,1.886645]",
1245,"[5.575881,0.5310887,1.886669]",
1246,"[5.575871,0.5299201,1.886955]",
1247,"[5.575861,0.5289831,1.887223]",
1248,"[5.575866,0.5267374,1.887085]",
1249,"[5.575878,0.5258061,1.886743]",
1250,"[5.575911,0.5274825,1.885816]",
1251,"[5.575944,0.5309556,1.884855]",
1252,"[5.576091,0.5399651,1.880642]",
1253,"[5.576234,0.5454134,1.876556]",
1254,"[5.576428,0.551634,1.870975]",
1255,"[5.577371,0.5706484,1.844002]",
1256,"[5.57829,0.5815294,1.817655]",
1257,"[5.580561,0.6018543,1.75265]",
1258,"[5.581857,0.6124923,1.715521]",
1259,"[5.578906,0.636902,1.659285]",
1260,"[5.693556,0.497895,1.476214]",
1261,"[5.66124,0.5448434,1.476214]",
1262,"[5.611103,0.6142213,1.476214]",
1263,"[5.587135,0.6458091,1.476214]",
1264,"[5.568023,0.6726176,1.437851]",
1265,"[5.568011,0.6726176,1.399669]",
1266,"[5.450183,0.8344856,1.563032]",
1267,"[5.434248,0.8538085,1.563032]",
1268,"[5.406302,0.889851,1.563032]",
1269,"[5.395339,0.9005975,1.555267]",
1270,"[5.387576,0.9005975,1.537143]",
1271,"[5.355959,0.9005975,1.516322]",
1272,"[5.333088,0.9005975,1.514528]",
1273,"[5.295354,0.9005975,1.512044]",
1274,"[5.291712,0.8662536,1.461568]",
1275,"[5.365076,0.5079818,0.9839457]",
1276,"[5.365076,0.4304062,0.8883698]",
1277,"[5.365076,0.3491922,0.7842979]",
1278,"[5.358132,0.1000001,0.4590616]",
1279,"[5.32314,0.1000001,0.4530807]",
1280,"[5.18841,0.6330521,1.128382]",
1281,"[5.165714,0.6237227,1.121269]",
1282,"[5.132505,0.612281,1.110862]",
1283,"[5.117342,0.6081235,1.10611]",
1284,"[5.076524,0.7610587,1.295689]",
1285,"[5.063152,0.9476181,1.518633]",
1286,"[5.051072,0.9476702,1.518633]",
1287,"[5.034191,0.9491075,1.518633]",
1288,"[5.026342,0.9475703,1.518633]",
1289,"[5.011853,0.9441416,1.518633]",
1290,"[5.00691,0.9453169,1.518633]",
1291,"[5.0066,0.9452767,1.518633]",
1292,"[5.003138,0.9479506,1.518633]",
1293,"[4.998809,0.9496788,1.518633]",
1294,"[4.990029,0.9528781,1.518633]",
1295,"[4.98588,0.9547815,1.518633]",
1296,"[4.985615,0.9533997,1.518633]",
1297,"[4.986219,0.9530745,1.518633]",
1298,"[4.991146,0.9564599,1.518633]",
1299,"[4.996094,0.9607913,1.518633]",
1300,"[5.005586,0.9698906,1.518633]",
1301,"[5.007937,0.9730396,1.518633]",
1302,"[5.009446,0.9759322,1.518633]",
1303,"[5.012544,0.9815297,1.518633]",
1304,"[5.015718,0.9849129,1.518633]",
1305,"[5.029555,0.9959468,1.518633]",
1306,"[5.046011,1.009796,1.518633]",
1307,"[5.180591,0.7343575,1.125932]",
1308,"[5.365076,0.3367931,0.5955818]",
1309,"[5.365076,0.4758562,0.7519497]",
1310,"[5.365076,0.6261299,0.9300766]",
1311,"[5.291712,0.8329787,1.19042]",
1312,"[5.295242,0.9005975,1.263818]",
1313,"[5.316422,0.9005975,1.255108]",
1314,"[5.355975,0.9005975,1.243589]",
1315,"[5.376967,0.9005975,1.241034]",
1316,"[5.403615,0.9005975,1.241719]",
1317,"[5.415612,0.9005975,1.241598]",
1318,"[5.427468,0.9005975,1.241013]",
1319,"[5.452008,0.9005975,1.240129]",
1320,"[5.465438,0.9005975,1.241206]",
1321,"[5.488284,0.9005975,1.247424]",
1322,"[5.502821,0.9005975,1.253802]",
1323,"[5.534093,0.9005975,1.269882]",
1324,"[5.549866,0.9005975,1.280428]",
1325,"[5.566407,0.9005975,1.29399]",
1326,"[5.598915,0.9005975,1.333211]",
1327,"[5.615162,0.9005975,1.360643]",
1328,"[5.644449,0.9005975,1.427808]",
1329,"[5.656828,0.9005975,1.468709]",
1330,"[5.671183,0.9005975,1.546281]",
1331,"[5.577872,0.9796554,1.639172]",
1332,"[5.624534,0.9440488,1.673127]",
1333,"[5.624534,0.9423013,1.699759]",
1334,"[5.624534,0.9405167,1.725502]",
1335,"[5.624534,0.9310588,1.757638]",
1336,"[5.624534,0.9258799,1.771222]",
1337,"[5.624534,0.9150007,1.791878]",
1338,"[5.624534,0.9089381,1.799755]",
1339,"[5.624534,0.8972685,1.809814]",
1340,"[5.624534,0.8918274,1.813271]",
1341,"[5.624534,0.8865748,1.815888]",
1342,"[5.624534,0.8778359,1.819773]",
1343,"[5.624534,0.8733288,1.8222]",
1344,"[5.624534,0.864736,1.826664]",
1345,"[5.624534,0.8604981,1.828744]",
1346,"[5.624534,0.8539875,1.832773]",
1347,"[5.624534,0.850919,1.835037]",
1348,"[5.624534,0.8484763,1.837262]",
1349,"[5.624534,0.8453221,1.841615]",
1350,"[5.624534,0.8443726,1.844028]",
1351,"[5.624534,0.8432508,1.848827]",
1352,"[5.624534,0.8425879,1.851734]",
1353,"[5.624534,0.8405544,1.857379]",
1354,"[5.624534,0.838554,1.860272]",
1355,"[5.624534,0.8343963,1.863233]",
1356,"[5.624534,0.8260496,1.865186]",
1357,"[5.624534,0.8230898,1.869111]",
1358,"[5.624534,0.8195654,1.872608]",
1359,"[5.624534,0.8185568,1.875976]",
1360,"[5.624534,0.8139042,1.883146]",
1361,"[5.624534,0.8105353,1.886784]",
1362,"[5.624534,0.8033874,1.889949]",
1363,"[5.624534,0.8001708,1.892763]",
1364,"[5.624534,0.7960845,1.892678]",
1365,"[5.624534,0.7903336,1.895029]",
1366,"[5.624534,0.7882435,1.894808]",
1367,"[5.624534,0.7861809,1.894684]",
1368,"[5.624534,0.7858452,1.894752]",
1369,"[5.624534,0.7870865,1.897245]",
1370,"[5.624534,0.7884791,1.899504]",
1371,"[5.624534,0.7886652,1.899529]",
1372,"[5.624534,0.7896194,1.90258]",
1373,"[5.624534,0.7879344,1.90287]",
1374,"[5.624534,0.7848015,1.903562]",
1375,"[5.624534,0.7857846,1.906076]",
1376,"[5.624534,0.7872646,1.91048]",
1377,"[5.624534,0.7861307,1.912494]",
1378,"[5.624534,0.7771587,1.915692]",
1379,"[5.624534,0.7712819,1.916084]",
1380,"[5.624534,0.7632755,1.916989]",
1381,"[5.624534,0.7611703,1.917677]",
1382,"[5.624534,0.7593969,1.918383]",
1383,"[5.624534,0.7562517,1.92002]",
1384,"[5.624534,0.7564406,1.922076]",
1385,"[5.624534,0.7563217,1.926102]",
1386,"[5.624534,0.7521788,1.930455]",
1387,"[5.624534,0.7480409,1.932677]",
1388,"[5.624534,0.7421604,1.935255]",
1389,"[5.624534,0.7386294,1.935492]",
1390,"[5.624534,0.7316628,1.935069]",
1391,"[5.624534,0.7286633,1.934591]",
1392,"[5.624534,0.7253802,1.934095]",
1393,"[5.624534,0.720668,1.933525]",
1394,"[5.624534,0.7140548,1.932544]",
1395,"[5.624534,0.711697,1.932012]",
1396,"[5.624534,0.7103558,1.931471]",
1397,"[5.624534,0.7096344,1.930646]",
1398,"[5.624534,0.711927,1.930588]",
1399,"[5.624534,0.7119678,1.930527]",
1400,"[5.624534,0.7155291,1.930696]",
1401,"[5.624534,0.719368,1.930984]",
1402,"[5.624534,0.719368,1.930984]",
1403,"[5.624534,0.719368,1.930984]",
1404,"[5.624534,0.7241347,1.931297]",
1405,"[5.624534,0.726409,1.93138]",
1406,"[5.624534,0.7327074,1.931052]",
1407,"[5.624534,0.7364633,1.930888]",
1408,"[5.624534,0.7439852,1.930952]",
1409,"[5.624534,0.7477822,1.931091]",
1410,"[5.624534,0.7534969,1.931331]",
1411,"[5.624534,0.7558765,1.931359]",
1412,"[5.624534,0.759467,1.930965]",
1413,"[5.624534,0.7601342,1.930344]",
1414,"[5.624534,0.7601348,1.929287]",
1415,"[5.624534,0.7597457,1.928358]",
1416,"[5.624534,0.7595102,1.927348]",
1417,"[5.624534,0.7593207,1.925467]",
1418,"[5.624534,0.7593695,1.924041]",
1419,"[5.624534,0.7603035,1.921038]",
1420,"[5.624534,0.761545,1.919714]",
1421,"[5.624534,0.7633398,1.917737]",
1422,"[5.624534,0.7645168,1.917537]",
1423,"[5.624534,0.7648523,1.916077]",
1424,"[5.624534,0.7646061,1.915239]",
1425,"[5.624534,0.7641583,1.914464]",
1426,"[5.624534,0.7636305,1.913709]",
1427,"[5.629092,0.756079,1.910955]",
1428,"[5.616364,0.7706742,1.914989]",
1429,"[5.584257,0.8068644,1.925161]",
1430,"[5.590033,0.7909774,1.920074]",
1431,"[5.590308,0.7857884,1.918349]",
1432,"[5.588853,0.7765918,1.915716]",
1433,"[5.587765,0.772878,1.915063]",
1434,"[5.586672,0.7696157,1.914639]",
1435,"[5.585275,0.764582,1.914789]",
1436,"[5.585049,0.7623982,1.915201]",
1437,"[5.586574,0.7549803,1.915513]",
1438,"[5.587052,0.7513775,1.915885]",
1439,"[5.587098,0.745594,1.917636]",
1440,"[5.586478,0.743964,1.919213]",
1441,"[5.585763,0.7429507,1.920831]",
1442,"[5.583871,0.742546,1.924397]",
1443,"[5.583527,0.7421296,1.926303]",
1444,"[5.585056,0.7429459,1.927313]",
1445,"[5.586553,0.7436517,1.927953]",
1446,"[5.589449,0.7486444,1.930138]",
1447,"[5.590445,0.753583,1.931933]",
1448,"[5.593004,0.7668722,1.936805]",
1449,"[5.594143,0.7733251,1.940467]",
1450,"[5.59381,0.7798693,1.943844]",
1451,"[5.592742,0.7920552,1.947545]",
1452,"[5.592317,0.7982967,1.949015]",
1453,"[5.589864,0.8121883,1.952027]",
1454,"[5.588326,0.8194597,1.953354]",
1455,"[5.582798,0.8369539,1.957154]",
1456,"[5.580313,0.8473957,1.959365]",
1457,"[5.577779,0.8584112,1.961643]",
1458,"[5.575949,0.8784807,1.965204]",
1459,"[5.576066,0.886744,1.966388]",
1460,"[5.577331,0.9018447,1.967877]",
1461,"[5.580287,0.908197,1.967595]",
1462,"[5.853917,0.6622185,1.868623]",
1463,"[5.871927,0.6622185,1.86235]",
1464,"[5.889195,0.6622184,1.856084]",
1465,"[5.594185,0.9576498,1.961531]",
1466,"[5.592113,0.9714971,1.960514]",
1467,"[5.586454,0.9993426,1.958774]",
1468,"[5.584122,1.013841,1.957234]",
1469,"[5.581687,1.038428,1.952858]",
1470,"[5.580594,1.050629,1.95032]",
1471,"[5.579298,1.060217,1.947883]",
1472,"[5.577044,1.073956,1.942744]",
1473,"[5.57609,1.07992,1.939932]",
1474,"[5.571884,1.091541,1.936361]",
1475,"[5.567463,1.099291,1.935466]",
1476,"[5.548829,1.119176,1.939413]",
1477,"[5.539825,1.129076,1.941464]",
1478,"[5.519607,1.148294,1.947082]",
1479,"[5.510868,1.15679,1.949187]",
1480,"[5.50234,1.164408,1.951201]",
1481,"[5.490497,1.174874,1.952524]",
1482,"[5.486389,1.178236,1.95222]",
1483,"[5.476014,1.185908,1.952095]",
1484,"[5.470299,1.190086,1.951862]",
1485,"[5.462816,1.195577,1.949485]",
1486,"[5.459701,1.197668,1.948009]",
1487,"[5.458219,1.19879,1.946357]",
1488,"[5.455707,1.20136,1.943698]",
1489,"[5.454608,1.202926,1.942417]",
1490,"[5.452446,1.205852,1.940206]",
1491,"[5.450952,1.207489,1.939267]",
1492,"[5.447595,1.211859,1.937792]",
1493,"[5.446873,1.214218,1.936577]",
1494,"[5.446751,1.21613,1.935239]",
1495,"[5.446392,1.220541,1.931287]",
1496,"[5.448432,1.221486,1.927484]",
1497,"[5.95,0.9166381,1.69264]",
1498,"[5.95,0.9199224,1.688814]",
1499,"[5.95,0.9232345,1.681604]",
1500,"[5.95,0.9227678,1.677764]",
1501,"[5.940902,0.9234982,1.673286]",
1502,"[5.928865,0.9260464,1.672866]",
1503,"[5.918356,0.9279976,1.672499]",
1504,"[5.901727,0.9310374,1.671918]",
1505,"[5.893767,0.9324796,1.67164]",
1506,"[5.886127,0.9337739,1.671374]",
1507,"[5.882398,0.9343976,1.671243]",
1508,"[5.875469,0.9368751,1.671001]",
1509,"[5.872567,0.9388307,1.6709]",
1510,"[5.870458,0.9405797,1.670826]",
1511,"[5.651415,1.083533,1.78229]",
1512,"[5.51637,1.171513,1.85185]",
1513,"[5.476523,1.199315,1.874313]",
1514,"[5.881892,0.9420251,1.671226]",
1515,"[5.899832,0.9356499,1.671852]",
1516,"[5.911352,0.9306371,1.672254]",
1517,"[5.923906,0.9245363,1.672693]",
1518,"[5.51707,1.181677,1.877333]",
1519,"[5.515713,1.183032,1.882186]",
1520,"[5.515481,1.183941,1.888773]",
1521,"[5.522277,1.180027,1.888877]",
1522,"[5.546721,1.164966,1.883567]",
1523,"[5.555368,1.159431,1.882154]",
1524,"[5.563739,1.153679,1.883477]",
1525,"[5.566588,1.151608,1.885044]",
1526,"[5.5693,1.149749,1.886242]",
1527,"[5.57333,1.147354,1.88886]",
1528,"[5.574769,1.146738,1.890135]",
1529,"[5.578318,1.145446,1.891176]",
1530,"[5.580801,1.144439,1.891085]",
1531,"[5.586105,1.142334,1.890369]",
1532,"[5.587926,1.141804,1.890087]",
1533,"[5.588645,1.141323,1.889921]",
1534,"[5.589801,1.140507,1.889639]",
1535,"[5.590703,1.139837,1.88936]",
1536,"[5.592557,1.138308,1.888817]",
1537,"[5.593364,1.137516,1.888667]",
1538,"[5.594134,1.136242,1.889291]",
1539,"[5.594113,1.135502,1.890156]",
1540,"[5.593491,1.133069,1.892216]",
1541,"[5.59296,1.130416,1.893513]",
1542,"[5.591832,1.125906,1.894935]",
1543,"[5.586528,1.111723,1.898433]",
1544,"[5.581258,1.099593,1.900808]",
1545,"[5.567679,1.075738,1.909853]",
1546,"[5.558508,1.062709,1.917182]",
1547,"[5.53656,1.044889,1.933017]",
1548,"[5.52448,1.042619,1.941101]",
1549,"[5.512993,1.044853,1.947509]",
1550,"[5.490486,1.057973,1.9578]",
1551,"[5.478501,1.064435,1.963534]",
1552,"[5.459435,1.07166,1.972805]",
1553,"[5.452985,1.071488,1.975662]",
1554,"[5.430295,1.082363,1.983646]",
1555,"[5.412425,1.093037,1.990078]",
1556,"[5.3969,1.100215,1.995697]",
1557,"[5.7418,0.6622184,1.871578]",
1558,"[5.703287,0.6622185,1.874358]",
1559,"[5.627166,0.6622184,1.882488]",
1560,"[5.600575,0.6622185,1.886648]",
1561,"[5.575926,0.6135965,1.885353]",
1562,"[5.576118,0.5760216,1.879882]",
1563,"[5.576195,0.5551076,1.877674]",
1564,"[5.576209,0.5558801,1.877256]",
1565,"[5.576219,0.5589954,1.876983]",
1566,"[5.576214,0.5640845,1.877111]",
1567,"[5.576257,0.5599412,1.875894]",
1568,"[5.576485,0.5346192,1.86937]",
1569,"[5.576587,0.5201598,1.866427]",
1570,"[5.576684,0.503001,1.863654]",
1571,"[5.576763,0.4905614,1.861397]",
1572,"[5.576861,0.4772306,1.858601]",
1573,"[5.57726,0.4358451,1.84718]",
1574,"[5.578082,0.3712158,1.823634]",
1575,"[5.579092,0.2941138,1.794703]",
1576,"[5.579355,0.2767059,1.787166]",
1577,"[5.579353,0.2996458,1.787223]",
1578,"[5.579254,0.3217586,1.790059]",
1579,"[5.578686,0.3636621,1.806328]",
1580,"[5.578553,0.3606232,1.81014]",
1581,"[5.578564,0.3329988,1.809827]",
1582,"[5.579083,0.2471142,1.794951]",
1583,"[5.579297,0.2175446,1.788827]",
1584,"[5.579423,0.1986739,1.785228]",
1585,"[5.57946,0.1956087,1.784178]",
1586,"[5.579613,0.19075,1.779793]",
1587,"[5.579746,0.1865676,1.775989]",
1588,"[5.580112,0.1686133,1.765506]",
1589,"[5.580305,0.153688,1.759967]",
1590,"[5.580543,0.1343901,1.753156]",
1591,"[5.581071,0.1006214,1.738039]",
1592,"[5.577656,0.1,1.734837]",
1593,"[5.577773,0.1,1.727143]",
1594,"[5.581444,0.1447452,1.727357]",
1595,"[5.580658,0.350991,1.749867]",
1596,"[5.580269,0.4585568,1.760998]",
1597,"[5.579995,0.5444965,1.768841]",
1598,"[5.624534,0.6786967,1.77147]",
1599,"[5.624534,0.7544119,1.781616]",
1600,"[5.624534,0.8655785,1.801852]",
1601,"[5.624534,0.9111502,1.808698]",
1602,"[5.624534,0.9577592,1.812659]",
1603,"[5.624534,0.9738832,1.812697]",
1604,"[5.624534,0.9852272,1.812349]",
1605,"[5.624534,0.99973,1.811309]",
1606,"[5.624534,1.006293,1.811091]",
1607,"[5.624534,1.017003,1.810839]",
1608,"[5.624534,1.019326,1.810702]",
1609,"[5.624534,1.023106,1.810532]",
1610,"[5.624534,1.024323,1.810642]",
1611,"[5.624534,1.025674,1.81085]",
1612,"[5.624534,1.027853,1.811607]",
1613,"[5.624534,1.02881,1.81215]",
1614,"[5.624534,1.029788,1.812727]",
1615,"[5.624534,1.029804,1.812597]",
1616,"[5.624534,1.02971,1.812296]",
1617,"[5.624534,1.029432,1.811999]",
1618,"[5.624534,1.027945,1.811473]",
1619,"[5.624534,1.027021,1.811371]",
1620,"[5.624534,1.026523,1.811479]",
1621,"[5.613894,1.032218,1.815652]",
1622,"[5.559074,1.063887,1.835851]",
1623,"[5.5928,1.043575,1.823432]",
1624,"[5.597481,1.04025,1.821747]",
1625,"[5.600456,1.036467,1.820431]",
1626,"[5.600996,1.034496,1.819729]",
1627,"[5.602648,1.031372,1.818189]",
1628,"[5.604738,1.025499,1.814475]",
1629,"[5.604259,1.023385,1.812549]",
1630,"[5.600561,1.023208,1.809754]",
1631,"[5.596838,1.024956,1.807618]",
1632,"[5.902047,0.8382521,1.67193]",
1633,"[5.877725,0.8562257,1.67108]",
1634,"[5.804905,0.9142888,1.668537]",
1635,"[5.751278,0.9586352,1.666665]",
1636,"[5.700036,1.000646,1.664875]",
1637,"[5.593392,1.081757,1.661151]",
1638,"[5.578005,1.097586,1.635369]",
1639,"[5.950001,0.9013463,1.316974]",
1640,"[5.950001,0.9021347,1.273113]",
1641,"[5.935468,0.9005975,1.201931]",
1642,"[5.914869,0.9005975,1.180396]",
1643,"[5.891183,0.9005975,1.167647]",
1644,"[5.819333,0.9005975,1.149977]",
1645,"[5.799086,0.9005975,1.14262]",
1646,"[5.776416,0.9005975,1.112662]",
1647,"[5.772989,0.9005975,1.084238]",
1648,"[5.794887,0.9005975,1.018989]",
1649,"[5.806757,0.9005975,0.9956602]",
1650,"[5.810356,0.9005975,0.9901683]",
1651,"[5.807845,0.9005975,0.9919243]",
1652,"[5.802607,0.9005975,0.9958943]",
1653,"[5.794968,0.9005975,1.001772]",
1654,"[5.794712,0.9005975,1.002166]",
1655,"[5.805618,0.9005975,0.9936996]",
1656,"[5.816228,0.9005975,0.9856817]",
1657,"[5.852977,0.9005975,0.966421]",
1658,"[5.876433,0.9005975,0.959789]",
1659,"[5.903988,0.9005975,0.956172]",
1660,"[5.950001,0.9058844,0.9704427]",
1661,"[5.950001,0.9196339,1.014193]",
1662,"[5.950001,0.9342836,1.113343]",
1663,"[5.950001,0.9358298,1.175313]",
1664,"[5.950001,0.9331257,1.279966]",
1665,"[5.950001,0.9329777,1.336585]",
1666,"[5.95,0.9374095,1.409985]",
1667,"[5.577754,1.127311,1.642546]",
1668,"[5.586279,1.122346,1.660903]",
1669,"[5.624534,1.096827,1.680467]",
1670,"[5.624534,1.093419,1.700054]",
1671,"[5.624534,1.091395,1.723732]",
1672,"[5.624534,1.091278,1.734332]",
1673,"[5.624534,1.092367,1.751135]",
1674,"[5.624534,1.092983,1.75877]",
1675,"[5.624534,1.093095,1.765534]",
1676,"[5.604722,1.103174,1.783827]",
1677,"[5.564929,1.124762,1.803664]",
1678,"[5.565012,1.125712,1.807003]",
1679,"[5.571743,1.12327,1.808805]",
1680,"[5.596814,1.110105,1.804693]",
1681,"[5.603047,1.105848,1.805254]",
1682,"[5.60738,1.10135,1.807784]",
1683,"[5.610468,1.095158,1.812914]",
1684,"[5.608961,1.092264,1.817453]",
1685,"[5.591365,1.093344,1.830357]",
1686,"[5.578321,1.095353,1.838676]",
1687,"[5.503114,1.126188,1.87144]",
1688,"[5.451055,1.150965,1.892809]",
1689,"[5.95,0.8618897,1.759311]",
1690,"[5.95,0.8587354,1.769274]",
1691,"[5.95,0.8525451,1.782024]",
1692,"[5.95,0.8282312,1.807862]",
1693,"[5.95,0.8093815,1.81998]",
1694,"[5.95,0.7778811,1.833492]",
1695,"[5.95,0.7610629,1.837112]",
1696,"[5.95,0.7195824,1.837834]",
1697,"[5.95,0.6916402,1.835665]",
1698,"[5.869267,0.6622185,1.84247]",
1699,"[5.781314,0.6622184,1.853463]",
1700,"[5.711262,0.6622185,1.861995]",
1701,"[5.415931,0.8427352,1.92741]",
1702,"[5.576626,0.6012533,1.86533]",
1703,"[5.577809,0.4594313,1.831451]",
1704,"[5.578423,0.3997164,1.813861]",
1705,"[5.579274,0.3357757,1.789491]",
1706,"[5.579424,0.3295968,1.785192]",
1707,"[5.579448,0.3294927,1.784521]",
1708,"[5.579329,0.3339133,1.787914]",
1709,"[5.57931,0.3332183,1.788464]",
1710,"[5.57947,0.3069888,1.78389]",
1711,"[5.579553,0.2978691,1.7815]",
1712,"[5.579607,0.303834,1.779969]",
1713,"[5.579584,0.3273145,1.780624]",
1714,"[5.579512,0.3826101,1.782694]",
1715,"[5.579456,0.4092435,1.784289]",
1716,"[5.579352,0.4273798,1.787251]",
1717,"[5.57896,0.4599033,1.798474]",
1718,"[5.578579,0.4837942,1.809394]",
1719,"[5.577482,0.5590174,1.840797]",
1720,"[5.576754,0.6136072,1.861663]",
1721,"[5.624534,0.6761975,1.895921]",
1722,"[5.624534,0.7292711,1.922907]",
1723,"[5.624534,0.7809243,1.953787]",
1724,"[5.85269,0.6871465,1.981407]",
1725,"[5.95,0.6613405,2.008348]",
1726,"[5.575013,0.9752402,2.082703]",
1727,"[5.57523,0.9950887,2.103098]",
1728,"[5.950001,0.793832,2.140924]",
1729,"[5.950001,0.814234,2.160015]",
1730,"[5.950001,0.8334576,2.175043]",
1731,"[5.950001,0.8679495,2.195049]",
1732,"[5.950001,0.8883634,2.203657]",
1733,"[5.950001,0.9272656,2.216449]",
1734,"[5.950001,0.9427703,2.220822]",
1735,"[5.950001,0.9651151,2.227743]",
1736,"[5.950001,0.9732919,2.230753]",
1737,"[5.950001,0.9797484,2.233562]",
1738,"[5.950001,0.9935487,2.24043]",
1739,"[5.950001,1.001479,2.245237]",
1740,"[5.950001,1.011858,2.25656]",
1741,"[5.950001,1.015922,2.264282]",
1742,"[5.950001,1.014737,2.284783]",
1743,"[5.950001,1.011416,2.295594]",
1744,"[5.950001,0.9992991,2.316574]",
1745,"[5.950001,0.9908228,2.330561]",
1746,"[5.950001,0.984746,2.344976]",
1747,"[5.95,0.983255,2.373988]",
1748,"[5.95,0.9836794,2.388554]",
1749,"[5.95,0.9790103,2.413015]",
1750,"[5.95,0.9743171,2.426824]",
1751,"[5.95,0.9595579,2.449076]",
1752,"[5.865046,0.9944037,2.439012]",
1753,"[5.841506,0.9937245,2.450541]",
1754,"[5.830731,0.99327,2.454888]",
1755,"[5.818927,0.9927717,2.459013]",
1756,"[5.804737,0.992173,2.465825]",
1757,"[5.80199,0.992057,2.468946]",
1758,"[5.79982,0.9919654,2.476759]",
1759,"[5.798998,0.9919307,2.479273]",
1760,"[5.798488,0.990818,2.487702]",
1761,"[5.793402,0.9903497,2.48944]",
1762,"[5.78648,0.9897234,2.491727]",
1763,"[5.774832,0.9884896,2.496809]",
1764,"[5.770236,0.9876587,2.501169]",
1765,"[5.823942,0.9527,2.529703]",
1766,"[5.800894,0.9644023,2.528898]",
1767,"[5.743117,0.996194,2.52688]",
1768,"[5.694009,1.023707,2.525165]",
1769,"[5.653276,1.045515,2.523743]",
1770,"[5.580758,1.080265,2.52121]",
1771,"[5.560377,1.086961,2.52348]",
1772,"[5.559133,1.075075,2.537444]",
1773,"[5.558958,1.064409,2.546306]",
1774,"[5.95,0.7773558,2.689531]",
1775,"[5.95,0.7619089,2.696785]",
1776,"[5.95,0.7524825,2.702395]",
1777,"[5.95,0.745346,2.710872]",
1778,"[5.95,0.743893,2.715842]",
1779,"[5.95,0.7410545,2.724982]",
1780,"[5.95,0.7383497,2.728895]",
1781,"[5.95,0.7303461,2.739738]",
1782,"[5.95,0.7262203,2.747211]",
1783,"[5.95,0.7294692,2.765845]",
1784,"[5.95,0.7299587,2.773772]",
1785,"[5.95,0.7281694,2.778776]",
1786,"[5.95,0.7212827,2.783838]",
1787,"[5.95,0.7166563,2.785585]",
1788,"[5.95,0.7081119,2.790929]",
1789,"[5.95,0.7053819,2.794475]",
1790,"[5.95,0.7030687,2.807182]",
1791,"[5.95,0.7024127,2.815959]",
1792,"[5.95,0.7020237,2.824635]",
1793,"[5.726904,0.8881885,2.74299]",
1794,"[5.722469,0.9001347,2.749243]",
1795,"[5.95,0.7373381,2.882482]",
1796,"[5.95,0.7452829,2.89114]",
1797,"[5.95,0.7521302,2.899613]",
1798,"[5.95,0.753,2.901818]",
1799,"[5.95,0.7536706,2.90401]",
1800,"[5.95,0.7593985,2.911211]",
1801,"[5.95,0.7671003,2.915855]",
1802,"[5.95,0.7831922,2.921174]",
1803,"[5.95,0.7969314,2.92191]",
1804,"[5.95,0.8948102,2.915705]",
1805,"[5.95,0.9644871,2.90879]",
1806,"[5.569221,1.269964,2.687054]",
1807,"[5.55556,1.304096,2.676356]",
1808,"[5.552299,1.322067,2.672298]",
1809,"[5.549286,1.339518,2.668174]",
1810,"[5.548737,1.341402,2.667996]",
1811,"[5.54748,1.342783,2.668881]",
1812,"[5.545797,1.344209,2.670255]",
1813,"[5.540845,1.347923,2.674508]",
1814,"[5.538464,1.350163,2.676819]",
1815,"[5.539018,1.353417,2.684577]",
1816,"[5.539066,1.355375,2.687949]",
1817,"[5.53908,1.357126,2.690836]",
1818,"[5.539279,1.359277,2.695203]",
1819,"[5.539651,1.359542,2.697323]",
1820,"[5.540343,1.359062,2.699683]",
1821,"[5.540769,1.358056,2.699994]",
1822,"[5.542879,1.354644,2.704065]",
1823,"[5.55017,1.339602,2.712894]",
1824,"[5.557998,1.321279,2.718862]",
1825,"[5.578459,1.264227,2.732733]",
1826,"[5.557004,1.24397,2.722845]",
1827,"[5.95,0.9549041,2.937193]",
1828,"[5.95,0.9381695,2.937609]",
1829,"[5.95,0.9161267,2.936751]",
1830,"[5.95,0.9049574,2.935305]",
1831,"[5.95,0.8943959,2.933414]",
1832,"[5.95,0.8747675,2.930736]",
1833,"[5.95,0.8650733,2.930131]",
1834,"[5.95,0.8476321,2.929432]",
1835,"[5.95,0.8391283,2.928644]",
1836,"[5.95,0.828162,2.926222]",
1837,"[5.95,0.8244881,2.924792]",
1838,"[5.95,0.8206396,2.92336]",
1839,"[5.95,0.8085525,2.919737]",
1840,"[5.95,0.8008628,2.917322]",
1841,"[5.95,0.7894389,2.912938]",
1842,"[5.95,0.7858794,2.911035]",
1843,"[5.95,0.7798253,2.908433]",
1844,"[5.95,0.7750657,2.907059]",
1845,"[5.95,0.7616963,2.904344]",
1846,"[5.95,0.7570632,2.90319]",
1847,"[5.95,0.7525167,2.902045]",
1848,"[5.95,0.7400628,2.900483]",
1849,"[5.733317,0.9001347,2.839195]",
1850,"[5.628649,0.9665145,2.81992]",
1851,"[5.613571,0.9726888,2.819444]",
1852,"[5.61468,0.9571222,2.823663]",
1853,"[5.61346,0.9490027,2.822211]",
1854,"[5.612224,0.9426928,2.821165]",
1855,"[5.603569,0.9317916,2.82011]",
1856,"[5.599386,0.926824,2.820961]",
1857,"[5.563378,0.9389145,2.809948]",
1858,"[5.855119,0.6622183,2.880318]",
1859,"[5.837822,0.6622185,2.874743]",
1860,"[5.825086,0.6622184,2.870482]",
1861,"[5.798007,0.6622184,2.862192]",
1862,"[5.783393,0.6622183,2.858503]",
1863,"[5.769464,0.6622184,2.854882]",
1864,"[5.75184,0.6622183,2.851444]",
1865,"[5.747056,0.6622185,2.851765]",
1866,"[5.739223,0.6622184,2.857414]",
1867,"[5.733776,0.6622184,2.8661]",
1868,"[5.716439,0.6622185,2.891701]",
1869,"[5.700708,0.6622183,2.910755]",
1870,"[5.599043,0.7140858,2.966805]",
1871,"[5.530988,0.7682931,2.981763]",
1872,"[5.555138,0.7183365,3.031029]",
1873,"[5.491344,0.7680511,3.06516]",
1874,"[5.480159,0.7649935,3.095337]",
1875,"[5.455462,0.7561498,3.150659]",
1876,"[5.41082,0.7900378,3.157804]",
1877,"[5.307593,0.8956961,3.136051]",
1878,"[5.281652,0.9151604,3.147951]",
1879,"[5.276589,0.9094158,3.171977]",
1880,"[5.269238,0.9005427,3.206858]",
1881,"[5.265988,0.8947886,3.22228]",
1882,"[5.260905,0.8809387,3.246399]",
1883,"[5.258072,0.8702829,3.259845]",
1884,"[5.252593,0.8387603,3.285846]",
1885,"[5.248981,0.812447,3.302987]",
1886,"[5.246244,0.7910362,3.315974]",
1887,"[5.242824,0.7641351,3.332203]",
1888,"[5.241245,0.7556774,3.339697]",
1889,"[5.238417,0.7470052,3.353114]",
1890,"[5.237785,0.7451273,3.356111]",
1891,"[5.237107,0.7410104,3.359333]",
1892,"[5.237004,0.7395715,3.35982]",
1893,"[5.237094,0.7392226,3.359394]",
1894,"[5.23719,0.7396323,3.358938]",
1895,"[5.237408,0.7400593,3.357904]",
1896,"[5.2399,0.7400254,3.34608]",
1897,"[5.243472,0.741244,3.329126]",
1898,"[5.253592,0.7534188,3.281106]",
1899,"[5.261774,0.7719911,3.242277]",
1900,"[5.27664,0.8221439,3.171735]",
1901,"[5.284147,0.8565388,3.136112]",
1902,"[5.381407,0.7903147,3.151606]",
1903,"[5.438497,0.7471972,3.163637]",
1904,"[5.457313,0.7567118,3.145746]",
1905,"[5.488882,0.7734129,3.111583]",
1906,"[5.503408,0.7804758,3.092472]",
1907,"[5.528193,0.7888649,3.052698]",
1908,"[5.560843,0.7652099,3.04474]",
1909,"[5.531744,0.8164276,2.99367]",
1910,"[5.531218,0.8285792,2.975183]",
1911,"[5.545299,0.823474,2.964929]",
1912,"[5.654822,0.7250593,2.968753]",
1913,"[5.712609,0.6690381,2.970771]",
1914,"[5.730748,0.6622183,2.94193]",
1915,"[5.737453,0.6622183,2.926797]",
1916,"[5.750112,0.6622183,2.903929]",
1917,"[5.756614,0.6622183,2.894526]",
1918,"[5.606642,0.8268788,2.852378]",
1919,"[5.606642,0.844009,2.83346]",
1920,"[5.606642,0.8510988,2.825985]",
1921,"[5.606642,0.8613467,2.813897]",
1922,"[5.606642,0.8646562,2.808363]",
1923,"[5.606642,0.8685839,2.796597]",
1924,"[5.606642,0.8696856,2.78964]",
1925,"[5.606642,0.8712513,2.776536]",
1926,"[5.606642,0.8719006,2.770147]",
1927,"[5.606642,0.8724133,2.764746]",
1928,"[5.606642,0.8731511,2.756385]",
1929,"[5.606642,0.8736461,2.752465]",
1930,"[5.606642,0.8761328,2.746016]",
1931,"[5.608492,0.8765264,2.74299]",
1932,"[5.699751,0.7888876,2.74299]",
1933,"[5.82809,0.6622184,2.7468]",
1934,"[5.828469,0.6622184,2.746014]",
1935,"[5.828956,0.6622185,2.744966]",
1936,"[5.829145,0.6622184,2.744648]",
1937,"[5.829237,0.6622184,2.744378]",
1938,"[5.829205,0.6622185,2.744318]",
1939,"[5.829032,0.6622184,2.74432]",
1940,"[5.828866,0.6622184,2.744477]",
1941,"[5.828618,0.6622185,2.744789]",
1942,"[5.828399,0.6622184,2.745571]",
1943,"[5.828421,0.6622184,2.746282]",
1944,"[5.731601,0.7603431,2.74299]",
1945,"[5.702195,0.7902489,2.74299]",
1946,"[5.637823,0.8555626,2.742987]",
1947,"[5.602267,0.891534,2.742308]",
1948,"[5.589664,0.9043256,2.744661]",
1949,"[5.589877,0.9043856,2.746744]",
1950,"[5.590198,0.9045587,2.748413]",
1951,"[5.590648,0.9046615,2.749785]",
1952,"[5.832171,0.6622185,2.770669]",
1953,"[5.83427,0.6622185,2.772792]",
1954,"[5.83494,0.6622185,2.773967]",
1955,"[5.835416,0.6622184,2.776654]",
1956,"[5.835138,0.6622185,2.778503]",
1957,"[5.834568,0.6622184,2.780433]",
1958,"[5.833411,0.6622184,2.784132]",
1959,"[5.833021,0.6622185,2.786322]",
1960,"[5.833051,0.6622184,2.790055]",
1961,"[5.833928,0.6622184,2.791613]",
1962,"[5.838066,0.6622185,2.795041]",
1963,"[5.841864,0.6622183,2.797449]",
1964,"[5.850164,0.6622183,2.803859]",
1965,"[5.853538,0.6622184,2.810031]",
1966,"[5.855551,0.6622185,2.816971]",
1967,"[5.856375,0.6622185,2.83302]",
1968,"[5.855944,0.6622184,2.841066]",
1969,"[5.854366,0.6622184,2.853497]",
1970,"[5.853682,0.6622184,2.857318]",
1971,"[5.608539,0.9001347,2.825583]",
1972,"[5.608696,0.9001347,2.827709]",
1973,"[5.609055,0.9001347,2.830786]",
1974,"[5.609137,0.9001347,2.838537]",
1975,"[5.608182,0.9001347,2.845947]",
1976,"[5.845378,0.6622183,2.917079]",
1977,"[5.839722,0.6622183,2.932048]",
1978,"[5.825333,0.6622183,2.966091]",
1979,"[5.786908,0.6929706,2.973366]",
1980,"[5.639822,0.8229382,2.96823]",
1981,"[5.586229,0.8694749,2.966358]",
1982,"[5.535785,0.9126039,2.964597]",
1983,"[5.664628,0.7525023,3.056761]",
1984,"[5.634656,0.7762619,3.058801]",
1985,"[5.576928,0.8212038,3.066244]",
1986,"[5.569564,0.8222944,3.077057]",
1987,"[5.559064,0.8197626,3.100358]",
1988,"[5.554052,0.8180014,3.111437]",
1989,"[5.546179,0.8149261,3.126786]",
1990,"[5.542815,0.8136722,3.133745]",
1991,"[5.539865,0.8127211,3.140834]",
1992,"[5.535374,0.8113827,3.152348]",
1993,"[5.533165,0.8105895,3.15712]",
1994,"[5.528261,0.8085621,3.166018]",
1995,"[5.525814,0.8075135,3.170408]",
1996,"[5.522408,0.8062286,3.177728]",
1997,"[5.519682,0.8076745,3.180745]",
1998,"[5.501968,0.8272409,3.177012]",
1999,"[5.494067,0.8361078,3.175347]",
2000,"[5.485183,0.8461112,3.173475]",
2001,"[5.471043,0.8607514,3.170496]",
2002,"[5.464064,0.8675382,3.169025]",
2003,"[5.448736,0.881965,3.165795]",
2004,"[5.440792,0.8888954,3.164121]",
2005,"[5.425258,0.9011794,3.160847]",
2006,"[5.41794,0.9065371,3.159305]",
2007,"[5.411426,0.9114546,3.157932]",
2008,"[5.399944,0.9210985,3.155513]",
2009,"[5.39355,0.9271018,3.154165]",
2010,"[5.381335,0.938877,3.151591]",
2011,"[5.375058,0.9446242,3.150268]",
2012,"[5.367523,0.9512225,3.14868]",
2013,"[5.354939,0.9612364,3.146029]",
2014,"[5.342454,0.9713122,3.143398]",
2015,"[5.335371,0.9770833,3.141905]",
2016,"[5.329465,0.9818053,3.14066]",
2017,"[5.31918,0.9894785,3.138493]",
2018,"[5.31428,0.9930751,3.13746]",
2019,"[5.305658,0.9997247,3.135643]",
2020,"[5.301941,1.002746,3.13486]",
2021,"[5.298611,1.005429,3.134158]",
2022,"[5.292922,1.009824,3.132959]",
2023,"[5.290146,1.011862,3.132374]",
2024,"[5.285132,1.016296,3.131437]",
2025,"[5.284812,1.016392,3.132956]",
2026,"[5.284194,1.017084,3.135888]",
2027,"[5.283911,1.017241,3.137231]",
2028,"[5.283445,1.016679,3.139442]",
2029,"[5.283247,1.01616,3.140381]",
2030,"[5.283086,1.015635,3.141143]",
2031,"[5.282772,1.014606,3.142636]",
2032,"[5.282615,1.014094,3.143381]",
2033,"[5.282398,1.013116,3.144412]",
2034,"[5.282309,1.012659,3.144833]",
2035,"[5.282159,1.011642,3.145545]",
2036,"[5.282125,1.011223,3.145707]",
2037,"[5.282105,1.010887,3.1458]",
2038,"[5.282101,1.010451,3.145821]",
2039,"[5.282117,1.010255,3.145741]",
2040,"[5.282187,1.009774,3.145409]",
2041,"[5.282232,1.009555,3.145195]",
2042,"[5.321962,0.9570872,3.183745]",
2043,"[5.295285,0.9927833,3.155353]",
2044,"[5.279298,1.020363,3.129234]",
2045,"[5.284943,1.022257,3.121861]",
2046,"[5.292579,1.023656,3.113356]",
2047,"[5.32344,1.022299,3.0855]",
2048,"[5.346977,1.013456,3.072695]",
2049,"[5.402465,0.9828258,3.048259]",
2050,"[5.562371,0.8236974,3.111445]",
2051,"[5.596785,0.8141282,3.063795]",
2052,"[5.657415,0.7658893,3.059355]",
2053,"[5.530969,0.9046153,2.982311]",
2054,"[5.630747,0.8257841,2.967913]",
2055,"[5.707594,0.7574523,2.970596]",
2056,"[5.813003,0.6622183,2.960278]",
2057,"[5.817505,0.6622183,2.935477]",
2058,"[5.823655,0.6622183,2.904454]",
2059,"[5.606642,0.8745632,2.846701]",
2060,"[5.606642,0.881895,2.814087]",
2061,"[5.606642,0.8834711,2.801061]",
2062,"[5.606642,0.884252,2.788348]",
2063,"[5.606642,0.884281,2.761524]",
2064,"[5.606642,0.8842401,2.751023]",
2065,"[5.837246,0.6622184,2.741631]",
2066,"[5.837443,0.6622184,2.735502]",
2067,"[5.838325,0.6622185,2.726286]",
2068,"[5.838535,0.6622184,2.723029]",
2069,"[5.838309,0.6622185,2.721546]",
2070,"[5.837304,0.6622184,2.720108]",
2071,"[5.836725,0.6622185,2.720005]",
2072,"[5.835469,0.6622183,2.720911]",
2073,"[5.834023,0.6622184,2.722647]",
2074,"[5.82595,0.6622184,2.738649]",
2075,"[5.64047,0.8413014,2.74299]",
2076,"[5.606642,0.8635672,2.77242]",
2077,"[5.606642,0.8574395,2.790109]",
2078,"[5.606642,0.8503054,2.814739]",
2079,"[5.768687,0.6622184,2.920475]",
2080,"[5.761399,0.6622183,2.950551]",
2081,"[5.636416,0.781332,2.968111]",
2082,"[5.570964,0.8457248,2.965825]",
2083,"[5.530886,0.8773111,2.98469]",
2084,"[5.626729,0.7618434,3.053661]",
2085,"[5.601331,0.7844641,3.056072]",
2086,"[5.564025,0.8144725,3.06506]",
2087,"[5.558677,0.8147023,3.075183]",
2088,"[5.55141,0.813695,3.095127]",
2089,"[5.549233,0.8134269,3.102972]",
2090,"[5.546865,0.8131804,3.112092]",
2091,"[5.542863,0.81248,3.125618]",
2092,"[5.54041,0.811762,3.131995]",
2093,"[5.535155,0.8100083,3.144226]",
2094,"[5.532075,0.8089531,3.151211]",
2095,"[5.525862,0.8067833,3.165154]",
2096,"[5.52235,0.8055142,3.173085]",
2097,"[5.506072,0.8165577,3.177877]",
2098,"[5.491591,0.830475,3.174825]",
2099,"[5.466239,0.8552649,3.169483]",
2100,"[5.453993,0.8670698,3.166902]",
2101,"[5.444553,0.8757862,3.164913]",
2102,"[5.424874,0.8934619,3.160766]",
2103,"[5.41633,0.9010014,3.158966]",
2104,"[5.400455,0.9150922,3.15562]",
2105,"[5.393444,0.9214001,3.154143]",
2106,"[5.380607,0.9329667,3.151438]",
2107,"[5.375135,0.9377569,3.150285]",
2108,"[5.368261,0.9437332,3.148836]",
2109,"[5.357456,0.9533022,3.146559]",
2110,"[5.353071,0.9573711,3.145635]",
2111,"[5.34431,0.9657589,3.143789]",
2112,"[5.341022,0.9688355,3.143096]",
2113,"[5.335212,0.9740177,3.141871]",
2114,"[5.332549,0.9763536,3.14131]",
2115,"[5.330026,0.9786549,3.140778]",
2116,"[5.325668,0.9830374,3.13986]",
2117,"[5.323636,0.9851094,3.139432]",
2118,"[5.320154,0.9884375,3.138698]",
2119,"[5.318751,0.989575,3.138402]",
2120,"[5.315922,0.9917182,3.137806]",
2121,"[5.314728,0.9926434,3.137555]",
2122,"[5.312438,0.9943534,3.137072]",
2123,"[5.311375,0.9951063,3.136848]",
2124,"[5.310312,0.9958938,3.136624]",
2125,"[5.308424,0.9973677,3.136226]",
2126,"[5.307602,0.998016,3.136053]",
2127,"[5.306385,0.9989066,3.135797]",
2128,"[5.30576,0.9993781,3.135665]",
2129,"[5.304808,1.000157,3.135464]",
2130,"[5.304304,1.000602,3.135358]",
2131,"[5.303732,1.001123,3.135237]",
2132,"[5.302703,1.001999,3.135021]",
2133,"[5.302251,1.002373,3.134925]",
2134,"[5.301499,1.003073,3.134767]",
2135,"[5.301304,1.003387,3.134726]",
2136,"[5.30099,1.003911,3.13466]",
2137,"[5.314807,0.9858661,3.149636]",
2138,"[5.303174,1.001323,3.137226]",
2139,"[5.247899,1.074413,3.077771]",
2140,"[5.246094,1.076915,3.075927]",
2141,"[5.246496,1.076594,3.076489]",
2142,"[5.246177,1.07703,3.07625]",
2143,"[5.245238,1.078313,3.075508]",
2144,"[5.244827,1.078938,3.075238]",
2145,"[5.244831,1.079087,3.0755]",
2146,"[5.244994,1.079036,3.075994]",
2147,"[5.244786,1.079286,3.076375]",
2148,"[5.242881,1.081589,3.074613]",
2149,"[5.236678,1.089141,3.068594]",
2150,"[5.234666,1.091426,3.066949]",
2151,"[5.233228,1.092927,3.06601]",
2152,"[5.23185,1.093718,3.066077]",
2153,"[5.464455,0.7871087,3.321109]",
2154,"[5.46376,0.7869041,3.322998]",
2155,"[5.463415,0.7868347,3.324158]",
2156,"[5.463078,0.7867674,3.325294]",
2157,"[5.462425,0.786557,3.326943]",
2158,"[5.46212,0.7864313,3.327525]",
2159,"[5.461718,0.7863289,3.32873]",
2160,"[5.461646,0.7864113,3.329639]",
2161,"[5.461876,0.7867926,3.331169]",
2162,"[5.462033,0.7869921,3.331801]",
2163,"[5.462164,0.7871487,3.332256]",
2164,"[5.46225,0.7872847,3.332786]",
2165,"[5.462174,0.7872582,3.332961]",
2166,"[5.461742,0.7869716,3.33304]",
2167,"[5.461451,0.7867687,3.333025]",
2168,"[5.460819,0.7863184,3.332925]",
2169,"[5.460543,0.7861026,3.332749]",
2170,"[5.459996,0.7856382,3.332144]",
2171,"[5.459771,0.7854347,3.331814]",
2172,"[5.45961,0.7852777,3.331495]",
2173,"[5.459557,0.7851419,3.330813]",
2174,"[5.459694,0.785184,3.330453]",
2175,"[5.460487,0.7855078,3.328918]",
2176,"[5.461061,0.7857509,3.327866]",
2177,"[5.461851,0.7860612,3.326258]",
2178,"[5.46211,0.7861586,3.325697]",
2179,"[5.462355,0.7862583,3.325221]",
2180,"[5.463077,0.786568,3.323927]",
2181,"[5.463489,0.7867166,3.322995]",
2182,"[5.463983,0.7867139,3.320631]",
2183,"[5.464269,0.7866144,3.318592]",
2184,"[5.465103,0.7866009,3.314539]",
2185,"[5.465729,0.7866946,3.312215]",
2186,"[5.466396,0.7868407,3.310053]",
2187,"[5.468011,0.787344,3.305856]",
2188,"[5.469284,0.7878693,3.303431]",
2189,"[5.472721,0.789337,3.297222]",
2190,"[5.473964,0.7897645,3.294268]",
2191,"[5.475502,0.7902169,3.290087]",
2192,"[5.476207,0.7904933,3.288642]",
2193,"[5.478145,0.7914994,3.286375]",
2194,"[5.478836,0.7917523,3.284836]",
2195,"[5.479172,0.7916442,3.282496]",
2196,"[5.479277,0.7907224,3.27565]",
2197,"[5.479474,0.7903627,3.272239]",
2198,"[5.480893,0.7906239,3.267306]",
2199,"[5.481836,0.791022,3.265569]",
2200,"[5.482943,0.7913622,3.26266]",
2201,"[5.483258,0.7912899,3.260664]",
2202,"[5.483394,0.7910953,3.25868]",
2203,"[5.483669,0.7910118,3.256803]",
2204,"[5.484038,0.7912571,3.25674]",
2205,"[5.486446,0.7936066,3.261484]",
2206,"[5.487876,0.7948923,3.263552]",
2207,"[5.489406,0.7962303,3.265502]",
2208,"[5.491225,0.7977556,3.267372]",
2209,"[5.492376,0.798645,3.26803]",
2210,"[5.49472,0.8000608,3.266653]",
2211,"[5.496187,0.8009114,3.265549]",
2212,"[5.498901,0.8025274,3.263794]",
2213,"[5.500783,0.8038129,3.263714]",
2214,"[5.504923,0.80668,3.263803]",
2215,"[5.506892,0.8080793,3.264098]",
2216,"[5.509615,0.8100125,3.264479]",
2217,"[5.510452,0.8105972,3.264534]",
2218,"[5.511213,0.8111278,3.264575]",
2219,"[5.512529,0.8120764,3.264862]",
2220,"[5.513222,0.8125947,3.265143]",
2221,"[5.514734,0.8137168,3.265692]",
2222,"[5.515947,0.8145873,3.265926]",
2223,"[5.519386,0.8169701,3.266009]",
2224,"[5.522012,0.818733,3.265685]",
2225,"[5.524737,0.8205473,3.265245]",
2226,"[5.531946,0.8252501,3.26341]",
2227,"[5.537679,0.8289617,3.261756]",
2228,"[5.556485,0.8412632,3.257199]",
2229,"[5.573847,0.8528202,3.254368]",
2230,"[5.642188,0.8985126,3.245315]",
2231,"[5.697857,0.9353815,3.237103]",
2232,"[5.95,0.94805,3.267787]",
2233,"[5.95,1.02483,3.221884]",
2234,"[5.95,1.086955,3.183888]",
2235,"[5.536003,1.346368,2.964604]",
2236,"[5.684973,1.352303,2.969806]",
2237,"[5.581861,1.446561,2.892557]",
2238,"[5.594474,1.479094,2.867905]",
2239,"[5.576249,1.51166,2.838104]",
2240,"[5.56447,1.545441,2.803512]",
2241,"[5.559002,1.561124,2.78479]",
2242,"[5.550831,1.584558,2.754641]",
2243,"[5.548296,1.591827,2.744142]",
2244,"[5.543429,1.605787,2.7224]",
2245,"[5.542253,1.609158,2.716319]",
2246,"[5.54074,1.613498,2.707236]",
2247,"[5.540174,1.615122,2.703947]",
2248,"[5.539802,1.616191,2.705345]",
2249,"[5.539491,1.617081,2.706145]",
2250,"[5.538978,1.618553,2.706903]",
2251,"[5.53682,1.624742,2.705047]",
2252,"[5.535839,1.628056,2.70617]",
2253,"[5.533482,1.638268,2.701483]",
2254,"[5.53261,1.644474,2.699492]",
2255,"[5.532285,1.661119,2.697538]",
2256,"[5.534757,1.672112,2.697518]",
2257,"[5.540555,1.692182,2.698764]",
2258,"[5.95,1.76838,2.733137]",
2259,"[5.95,1.778777,2.739439]",
2260,"[5.95,1.796273,2.754969]",
2261,"[5.95,1.805466,2.766237]",
2262,"[5.95,1.823734,2.789689]",
2263,"[5.95,1.83298,2.798995]",
2264,"[5.864069,1.830736,2.795858]",
2265,"[5.83455,1.830736,2.79]",
2266,"[5.815174,1.830736,2.784384]",
2267,"[5.797224,1.830736,2.775858]",
2268,"[5.794026,1.830737,2.772178]",
2269,"[5.803555,1.830736,2.773288]",
2270,"[5.809766,1.830737,2.77117]",
2271,"[5.821061,1.830736,2.769752]",
2272,"[5.825432,1.830736,2.767625]",
2273,"[5.832309,1.830736,2.766084]",
2274,"[5.873485,1.830737,2.76797]",
2275,"[5.95,1.837386,2.781183]",
2276,"[5.95,1.808002,2.779066]",
2277,"[5.95,1.78724,2.778315]",
2278,"[5.95,1.763007,2.778153]",
2279,"[5.537416,1.681088,2.69911]",
2280,"[5.533715,1.667276,2.698221]",
2281,"[5.532366,1.64958,2.699755]",
2282,"[5.535027,1.631353,2.703707]",
2283,"[5.53662,1.625317,2.704905]",
2284,"[5.540939,1.612928,2.708412]",
2285,"[5.542369,1.608826,2.710897]",
2286,"[5.543446,1.605739,2.713074]",
2287,"[5.543951,1.60429,2.713919]",
2288,"[5.544904,1.601556,2.713843]",
2289,"[5.54607,1.598214,2.715594]",
2290,"[5.546687,1.596444,2.716535]",
2291,"[5.547693,1.593556,2.718236]",
2292,"[5.548359,1.591646,2.719406]",
2293,"[5.549049,1.589668,2.720638]",
2294,"[5.550199,1.58637,2.723343]",
2295,"[5.550656,1.585061,2.724747]",
2296,"[5.551761,1.581891,2.727773]",
2297,"[5.552857,1.578747,2.729012]",
2298,"[5.554122,1.575119,2.730343]",
2299,"[5.55617,1.569248,2.732457]",
2300,"[5.556694,1.567744,2.733501]",
2301,"[5.557428,1.565636,2.734926]",
2302,"[5.557652,1.564993,2.734686]",
2303,"[5.557671,1.564942,2.733712]",
2304,"[5.557266,1.566103,2.73288]",
2305,"[5.556436,1.568484,2.731697]",
2306,"[5.553842,1.575923,2.728362]",
2307,"[5.55222,1.580573,2.726192]",
2308,"[5.548799,1.590385,2.72162]",
2309,"[5.547378,1.594462,2.719718]",
2310,"[5.544969,1.601372,2.716456]",
2311,"[5.543894,1.604452,2.714971]",
2312,"[5.543018,1.606965,2.713797]",
2313,"[5.541571,1.611117,2.711972]",
2314,"[5.540882,1.613092,2.711115]",
2315,"[5.53978,1.616252,2.709671]",
2316,"[5.53941,1.617313,2.709224]",
2317,"[5.538888,1.618811,2.70871]",
2318,"[5.538626,1.619563,2.708507]",
2319,"[5.537974,1.621433,2.707972]",
2320,"[5.537659,1.622337,2.707675]",
2321,"[5.53741,1.623051,2.707407]",
2322,"[5.44494,1.620743,2.682404]",
2323,"[5.299889,1.615426,2.643713]",
2324,"[5.180975,1.61139,2.611923]",
2325,"[5.180724,1.611947,2.61169]",
2326,"[5.178582,1.613256,2.610712]",
2327,"[5.175952,1.613629,2.609899]",
2328,"[5.172654,1.614281,2.608882]",
2329,"[5.170654,1.614476,2.608327]",
2330,"[5.168962,1.614674,2.607864]",
2331,"[5.164577,1.614998,2.606723]",
2332,"[5.162519,1.61523,2.606212]",
2333,"[5.155614,1.615502,2.60456]",
2334,"[5.149399,1.615427,2.603066]",
2335,"[5.125114,1.614426,2.596989]",
2336,"[5.109392,1.613652,2.593011]",
2337,"[5.094175,1.612875,2.589154]",
2338,"[5.065368,1.611183,2.581914]",
2339,"[5.059348,1.610513,2.580534]",
2340,"[5.061017,1.609523,2.581449]",
2341,"[5.062323,1.608905,2.582068]",
2342,"[5.070781,1.607715,2.584892]",
2343,"[5.07505,1.60695,2.586358]",
2344,"[5.95,1.622515,2.82536]",
2345,"[5.95,1.615712,2.827868]",
2346,"[5.95,1.608774,2.83038]",
2347,"[5.95,1.58282,2.822037]",
2348,"[5.95,1.581863,2.820976]",
2349,"[5.95,1.58031,2.819046]",
2350,"[5.95,1.579377,2.817977]",
2351,"[5.95,1.578117,2.816709]",
2352,"[5.551851,1.581631,2.708465]",
2353,"[5.552501,1.579768,2.706712]",
2354,"[5.553091,1.578076,2.704437]",
2355,"[5.553259,1.577594,2.703384]",
2356,"[5.553376,1.577258,2.701224]",
2357,"[5.55333,1.577389,2.700501]",
2358,"[5.553306,1.577461,2.700402]",
2359,"[5.55333,1.577389,2.700664]",
2360,"[5.553562,1.576725,2.701989]",
2361,"[5.55376,1.576159,2.702961]",
2362,"[5.553961,1.57558,2.703969]",
2363,"[5.554353,1.574456,2.705341]",
2364,"[5.554483,1.574083,2.705778]",
2365,"[5.55452,1.573979,2.706115]",
2366,"[5.554458,1.574155,2.706048]",
2367,"[5.554207,1.574876,2.705473]",
2368,"[5.554019,1.575413,2.704875]",
2369,"[5.5538,1.576044,2.703895]",
2370,"[5.553297,1.577485,2.699293]",
2371,"[5.553243,1.577641,2.690777]",
2372,"[5.553723,1.576263,2.660123]",
2373,"[5.55387,1.575843,2.64045]",
2374,"[5.553735,1.57623,2.608594]",
2375,"[5.558038,1.576121,2.59316]",
2376,"[5.576082,1.575422,2.579506]",
2377,"[5.558868,1.57462,2.545047]",
2378,"[5.559501,1.573754,2.526915]",
2379,"[5.73485,1.565512,2.492333]",
2380,"[5.679651,1.565512,2.473409]",
2381,"[5.57932,1.563829,2.444364]",
2382,"[5.57932,1.559198,2.427948]",
2383,"[5.581436,1.553593,2.411913]",
2384,"[5.601959,1.539425,2.378618]",
2385,"[5.601988,1.534374,2.36516]",
2386,"[5.605745,1.526418,2.340754]",
2387,"[5.599889,1.52386,2.332421]",
2388,"[5.577466,1.522655,2.324179]",
2389,"[5.57596,1.521557,2.318812]",
2390,"[5.57596,1.519302,2.310012]",
2391,"[5.57596,1.51795,2.305824]",
2392,"[5.57596,1.517044,2.303021]",
2393,"[5.57596,1.515965,2.298674]",
2394,"[5.57596,1.51575,2.296997]",
2395,"[5.57596,1.515524,2.294573]",
2396,"[5.565535,1.516515,2.295995]",
2397,"[5.558463,1.517094,2.297705]",
2398,"[5.361887,1.538565,2.34391]",
2399,"[5.297413,1.545535,2.359317]",
2400,"[5.285352,1.546847,2.363012]",
2401,"[5.277359,1.547779,2.365282]",
2402,"[5.265249,1.549005,2.369084]",
2403,"[5.819745,1.485234,2.254216]",
2404,"[5.831057,1.483057,2.254216]",
2405,"[5.837516,1.481865,2.254216]",
2406,"[5.843071,1.480886,2.254216]",
2407,"[5.850633,1.479925,2.254216]",
2408,"[5.95,1.468967,2.235415]",
2409,"[5.95,1.470883,2.237187]",
2410,"[5.95,1.472145,2.238019]",
2411,"[5.95,1.474139,2.239149]",
2412,"[5.95,1.47497,2.239395]",
2413,"[5.57596,1.517148,2.311034]",
2414,"[5.57596,1.517699,2.310289]",
2415,"[5.57596,1.518066,2.309708]",
2416,"[5.57596,1.518652,2.308527]",
2417,"[5.57596,1.519181,2.306252]",
2418,"[5.57596,1.519461,2.304618]",
2419,"[5.57596,1.519683,2.303248]",
2420,"[5.57596,1.52019,2.300421]",
2421,"[5.57596,1.520956,2.298475]",
2422,"[5.57596,1.523614,2.29404]",
2423,"[5.57596,1.525459,2.291513]",
2424,"[5.57596,1.527559,2.28864]",
2425,"[5.57596,1.532008,2.282674]",
2426,"[5.57596,1.534359,2.279495]",
2427,"[5.57596,1.538388,2.274365]",
2428,"[5.57596,1.540409,2.271986]",
2429,"[5.57596,1.54383,2.268104]",
2430,"[5.57596,1.545218,2.26657]",
2431,"[5.57596,1.54665,2.265064]",
2432,"[5.576272,1.550157,2.261737]",
2433,"[5.577087,1.55276,2.259376]",
2434,"[5.580122,1.563221,2.252949]",
2435,"[5.95,1.564061,2.152668]",
2436,"[5.95,1.613011,2.140906]",
2437,"[5.95,1.641172,2.135468]",
2438,"[5.95,1.698275,2.127021]",
2439,"[5.95,1.734362,2.122867]",
2440,"[5.95,1.765875,2.119169]",
2441,"[5.90384,1.830737,2.124631]",
2442,"[5.748124,1.830737,2.167309]",
2443,"[5.574757,1.83952,2.214466]",
2444,"[5.575125,1.860681,2.212239]",
2445,"[5.576189,1.891821,2.207586]",
2446,"[5.576109,1.89947,2.205759]",
2447,"[5.576046,1.903711,2.204324]",
2448,"[5.575937,1.90935,2.201833]",
2449,"[5.575884,1.91178,2.200609]",
2450,"[5.575781,1.91629,2.198248]",
2451,"[5.575746,1.917873,2.197444]",
2452,"[5.57571,1.919853,2.196631]",
2453,"[5.575699,1.920666,2.196388]",
2454,"[5.57569,1.921464,2.196168]",
2455,"[5.575664,1.923568,2.195578]",
2456,"[5.575646,1.924863,2.195166]",
2457,"[5.575595,1.927472,2.193997]",
2458,"[5.575572,1.928279,2.193451]",
2459,"[5.575479,1.93033,2.191331]",
2460,"[5.575409,1.931378,2.18974]",
2461,"[5.575205,1.933698,2.185072]",
2462,"[5.575073,1.934785,2.182045]",
2463,"[5.574918,1.93581,2.178485]",
2464,"[5.574535,1.937341,2.169715]",
2465,"[5.574328,1.937845,2.164975]",
2466,"[5.573903,1.93952,2.155242]",
2467,"[5.573677,1.941164,2.150056]",
2468,"[5.573296,1.945282,2.141336]",
2469,"[5.573132,1.947526,2.137566]",
2470,"[5.573008,1.949399,2.134743]",
2471,"[5.572794,1.953087,2.129853]",
2472,"[5.572699,1.955247,2.127669]",
2473,"[5.572502,1.963339,2.123144]",
2474,"[5.572389,1.969085,2.120569]",
2475,"[5.572215,1.979,2.116575]",
2476,"[5.572152,1.982813,2.115136]",
2477,"[5.572074,1.988304,2.113352]",
2478,"[5.572056,1.990166,2.112929]",
2479,"[5.572051,1.991067,2.112818]",
2480,"[5.572061,1.991851,2.113054]",
2481,"[5.572083,1.992155,2.113543]",
2482,"[5.572152,1.993937,2.115136]",
2483,"[5.538826,1.979482,2.130166]",
2484,"[5.423293,1.925553,2.179286]",
2485,"[5.311177,1.872411,2.226856]",
2486,"[5.306594,1.870429,2.229552]",
2487,"[5.304004,1.869386,2.232403]",
2488,"[5.302921,1.868605,2.233742]",
2489,"[5.301455,1.866675,2.236296]",
2490,"[5.3003,1.865026,2.238096]",
2491,"[5.297308,1.861957,2.24194]",
2492,"[5.296078,1.860948,2.243745]",
2493,"[5.295636,1.860354,2.245379]",
2494,"[5.66359,2.03101,2.108559]",
2495,"[5.670451,2.032773,2.108799]",
2496,"[5.682799,2.035305,2.10923]",
2497,"[5.688004,2.036493,2.109411]",
2498,"[5.697028,2.039091,2.109727]",
2499,"[5.700896,2.040401,2.109862]",
2500,"[5.708529,2.042404,2.110128]",
2501,"[5.574131,1.980334,2.16046]",
2502,"[5.574262,1.978987,2.163451]",
2503,"[5.57451,1.977063,2.169136]",
2504,"[5.574663,1.976539,2.172642]",
2505,"[5.57507,1.975649,2.181981]",
2506,"[5.575336,1.974764,2.188053]",
2507,"[5.575823,1.9729,2.19922]",
2508,"[5.576073,1.972686,2.20495]",
2509,"[5.576622,1.974536,2.217529]",
2510,"[5.576882,1.975885,2.223473]",
2511,"[5.577096,1.976725,2.228364]",
2512,"[5.577497,1.976943,2.237546]",
2513,"[5.577682,1.976671,2.241779]",
2514,"[5.578005,1.976201,2.24919]",
2515,"[5.578168,1.9762,2.252922]",
2516,"[5.57846,1.97668,2.259617]",
2517,"[5.578608,1.976896,2.262998]",
2518,"[5.578741,1.97699,2.266046]",
2519,"[5.578953,1.976743,2.270897]",
2520,"[5.579048,1.976444,2.273071]",
2521,"[5.579145,1.975771,2.275302]",
2522,"[5.579162,1.975463,2.275693]",
2523,"[5.579055,1.974555,2.273237]",
2524,"[5.578798,1.974167,2.267365]",
2525,"[5.578395,1.974288,2.25812]",
2526,"[5.577116,1.976695,2.228815]",
2527,"[5.576406,1.97854,2.212567]",
2528,"[5.574875,1.983241,2.177495]",
2529,"[5.574173,1.985198,2.161434]",
2530,"[5.572822,1.987657,2.130472]",
2531,"[5.572097,1.98798,2.113879]",
2532,"[5.571468,1.988157,2.099477]",
2533,"[5.679983,2.03912,2.02062]",
2534,"[5.67739,2.038258,2.007246]",
2535,"[5.673713,2.036814,1.988281]",
2536,"[5.672144,2.036031,1.980194]",
2537,"[5.66967,2.034276,1.96743]",
2538,"[5.668533,2.03319,1.961567]",
2539,"[5.667803,2.032159,1.957806]",
2540,"[5.666782,2.029676,1.952538]",
2541,"[5.666109,2.027584,1.949065]",
2542,"[5.66523,2.023999,1.944537]",
2543,"[5.664716,2.022266,1.941883]",
2544,"[5.6605,2.017874,1.937415]",
2545,"[5.647693,2.0107,1.939574]",
2546,"[5.712579,2.038705,1.898712]",
2547,"[5.95,2.14315,1.755862]",
2548,"[5.95,2.142198,1.747408]",
2549,"[5.95,2.142001,1.74285]",
2550,"[5.95,2.141982,1.73945]",
2551,"[5.95,2.142376,1.733752]",
2552,"[5.95,2.142843,1.730158]",
2553,"[5.95,2.14361,1.723201]",
2554,"[5.95,2.143948,1.719463]",
2555,"[5.95,2.144365,1.713495]",
2556,"[5.95,2.144512,1.710562]",
2557,"[5.95,2.144641,1.707397]",
2558,"[5.95,2.144515,1.70076]",
2559,"[5.95,2.144085,1.69689]",
2560,"[5.95,2.141663,1.689518]",
2561,"[5.95,2.139552,1.685447]",
2562,"[5.650537,2.003724,1.868761]",
2563,"[5.650146,2.002404,1.866742]",
2564,"[5.649809,2.001141,1.865007]",
2565,"[5.648922,1.997272,1.86043]",
2566,"[5.648436,1.994756,1.857924]",
2567,"[5.647027,1.987086,1.850658]",
2568,"[5.646025,1.981519,1.845489]",
2569,"[5.643618,1.968064,1.833073]",
2570,"[5.641863,1.95814,1.824027]",
2571,"[5.639738,1.946108,1.813065]",
2572,"[5.634694,1.917752,1.787054]",
2573,"[5.631275,1.898355,1.76942]",
2574,"[5.590685,1.845915,1.758337]",
2575,"[5.622419,1.830736,1.706838]",
2576,"[5.619896,1.785493,1.662077]",
2577,"[5.584794,1.749834,1.660851]",
2578,"[5.95,1.691807,1.179431]",
2579,"[5.95,1.627538,1.100054]",
2580,"[5.95,1.572608,1.031869]",
2581,"[5.950001,1.443423,0.8752252]",
2582,"[5.950001,1.37826,0.7986622]",
2583,"[5.797702,1.300764,0.8941417]",
2584,"[5.772323,1.250178,0.870814]",
2585,"[5.726575,1.166471,0.8287657]",
2586,"[5.7035,1.129398,0.8075564]",
2587,"[5.668003,1.074305,0.7749288]",
2588,"[5.500543,1.149693,1.048156]",
2589,"[5.481565,1.13482,1.048156]",
2590,"[5.454427,1.114915,1.048156]",
2591,"[5.441591,1.105331,1.048156]",
2592,"[5.419487,1.088605,1.048156]",
2593,"[5.408769,1.081633,1.048156]",
2594,"[5.388378,1.070478,1.048156]",
2595,"[5.37983,1.065757,1.048156]",
2596,"[5.370266,1.058475,1.045113]",
2597,"[5.370266,1.024659,0.991557]",
2598,"[5.370266,1.003233,0.9563364]",
2599,"[5.483645,0.8295541,0.5888203]",
2600,"[5.458091,0.8295541,0.608151]",
2601,"[5.433113,0.8295541,0.6273943]",
2602,"[5.315429,0.9246918,0.8692266]",
2603,"[5.292249,0.9249021,0.8862723]",
2604,"[5.063774,1.213019,1.518633]",
2605,"[5.054262,1.209693,1.518633]",
2606,"[5.039043,1.202238,1.518633]",
2607,"[5.030819,1.196523,1.518633]",
2608,"[5.013628,1.18032,1.518633]",
2609,"[5.005622,1.170916,1.518633]",
2610,"[4.996982,1.159081,1.518633]",
2611,"[4.984415,1.139611,1.518633]",
2612,"[4.979326,1.132304,1.518633]",
2613,"[4.97051,1.123016,1.518633]",
2614,"[4.96678,1.120289,1.518633]",
2615,"[4.958103,1.114044,1.518633]",
2616,"[4.953033,1.109754,1.518633]",
2617,"[4.942586,1.099085,1.518633]",
2618,"[4.937737,1.093879,1.518633]",
2619,"[4.933994,1.089946,1.518633]",
2620,"[4.927725,1.083995,1.518633]",
2621,"[4.925036,1.081565,1.518633]",
2622,"[4.914463,1.107014,1.564431]",
2623,"[4.905714,1.13631,1.613353]",
2624,"[4.901556,1.145709,1.630729]",
2625,"[4.897028,1.151724,1.642298]",
2626,"[4.895294,1.152067,1.643294]",
2627,"[4.893004,1.15378,1.646263]",
2628,"[4.892012,1.154839,1.648131]",
2629,"[4.890121,1.158898,1.654681]",
2630,"[4.888971,1.161855,1.659232]",
2631,"[4.919121,0.7487758,1.043992]",
2632,"[4.916767,0.7487971,1.043254]",
2633,"[4.911691,0.7485601,1.041663]",
2634,"[4.909073,0.748199,1.040843]",
2635,"[4.9068,0.7476802,1.040131]",
2636,"[4.90201,0.7464081,1.03863]",
2637,"[4.890059,1.065236,1.518632]",
2638,"[4.888189,1.065187,1.518632]",
2639,"[4.884751,1.065321,1.518632]",
2640,"[4.882993,1.065327,1.518632]",
2641,"[4.881347,1.065168,1.518632]",
2642,"[4.88001,1.064844,1.518632]",
2643,"[4.878527,1.063832,1.518632]",
2644,"[4.87783,1.063025,1.518632]",
2645,"[4.87902,1.059514,1.518632]",
2646,"[4.880782,1.056381,1.518632]",
2647,"[4.882764,1.052087,1.518632]",
2648,"[4.885779,1.044428,1.518632]",
2649,"[4.887551,1.040603,1.518632]",
2650,"[4.89098,1.034604,1.518632]",
2651,"[4.892672,1.032054,1.518632]",
2652,"[4.895694,1.026727,1.518632]",
2653,"[4.897549,1.022359,1.518632]",
2654,"[4.902624,1.010097,1.518632]",
2655,"[4.905661,1.003625,1.518632]",
2656,"[4.911808,0.9940717,1.518632]",
2657,"[4.915862,0.9900847,1.518632]",
2658,"[4.920556,0.9861842,1.518632]",
2659,"[4.929618,0.9787243,1.518632]",
2660,"[4.933859,0.9749697,1.518632]",
2661,"[4.939941,0.9710022,1.518632]",
2662,"[4.942292,0.9701319,1.518632]",
2663,"[4.946985,0.9689909,1.518632]",
2664,"[4.949224,0.9680899,1.518632]",
2665,"[4.953619,0.9651389,1.518632]",
2666,"[4.95595,0.9631804,1.518632]",
2667,"[4.958027,0.9616632,1.518632]",
2668,"[4.961594,0.9600631,1.518632]",
2669,"[4.963089,0.9597065,1.518632]",
2670,"[4.965616,0.959436,1.518632]",
2671,"[4.966906,0.9594657,1.518632]",
2672,"[4.969219,0.9596097,1.518632]",
2673,"[4.970161,0.9595484,1.518632]",
2674,"[4.971088,0.9594398,1.518632]",
2675,"[4.972333,0.9596443,1.518632]",
2676,"[4.972893,0.9603116,1.518632]",
2677,"[4.970456,0.9661425,1.518632]",
2678,"[4.967341,0.972784,1.518632]",
2679,"[4.963287,0.9952312,1.518632]",
2680,"[4.962589,1.012388,1.518632]",
2681,"[4.96238,1.031863,1.518632]",
2682,"[4.962894,1.06913,1.518632]",
2683,"[4.963132,1.090624,1.518632]",
2684,"[4.961353,1.13406,1.518632]",
2685,"[4.958676,1.155177,1.518632]",
2686,"[4.948083,1.19087,1.518632]",
2687,"[4.94016,1.205801,1.518632]",
2688,"[4.931403,1.217971,1.518632]",
2689,"[4.913371,1.236517,1.518632]",
2690,"[4.903622,1.244952,1.518632]",
2691,"[4.883996,1.260347,1.518632]",
2692,"[4.873895,1.267797,1.518632]",
2693,"[4.854344,1.281497,1.518632]",
2694,"[4.844003,1.287976,1.518632]",
2695,"[4.825315,1.298402,1.518632]",
2696,"[4.815801,1.303548,1.518632]",
2697,"[4.805744,1.309129,1.518632]",
2698,"[4.788413,1.3182,1.517115]",
2699,"[4.78026,1.3182,1.505702]",
2700,"[4.765524,1.3182,1.487366]",
2701,"[4.758026,1.3182,1.478681]",
2702,"[4.747144,1.3182,1.46666]",
2703,"[4.74179,1.3182,1.460415]",
2704,"[4.740627,1.244195,1.253232]",
2705,"[4.739076,1.097659,0.8405682]",
2706,"[4.736823,1.099697,0.8405682]",
2707,"[4.732627,1.103577,0.8405682]",
2708,"[4.729806,1.105711,0.8405682]",
2709,"[4.726388,1.107988,0.8405682]",
2710,"[4.724351,1.109553,0.8405682]",
2711,"[4.720275,1.113751,0.8405682]",
2712,"[4.718486,1.115984,0.8405682]",
2713,"[4.716798,1.117865,0.8405682]",
2714,"[4.71417,1.119909,0.8405682]",
2715,"[4.712902,1.120645,0.8405682]",
2716,"[4.710158,1.12182,0.8405682]",
2717,"[4.708449,1.122303,0.8405682]",
2718,"[4.704388,1.12244,0.8405682]",
2719,"[4.702038,1.122475,0.8405682]",
2720,"[4.699395,1.122686,0.8405682]",
2721,"[4.694108,1.123845,0.8405682]",
2722,"[4.691658,1.124428,0.8405682]",
2723,"[4.687196,1.12545,0.8405682]",
2724,"[4.685393,1.126021,0.8405682]",
2725,"[4.681962,1.127825,0.8405682]",
2726,"[4.680249,1.129106,0.8405682]",
2727,"[4.677713,1.131573,0.8405682]",
2728,"[4.676633,1.132844,0.8405682]",
2729,"[4.675702,1.134134,0.8405682]",
2730,"[4.674264,1.136998,0.8405682]",
2731,"[4.673689,1.138735,0.8405682]",
2732,"[4.672631,1.143247,0.8405682]",
2733,"[4.672222,1.145952,0.8405682]",
2734,"[4.671706,1.153836,0.8405682]",
2735,"[4.671789,1.158667,0.8405682]",
2736,"[4.672107,1.163736,0.8405682]",
2737,"[4.67353,1.176635,0.8405682]",
2738,"[4.6746,1.183734,0.8405682]",
2739,"[4.677593,1.195883,0.8405682]",
2740,"[4.679521,1.201064,0.8405682]",
2741,"[4.683753,1.209993,0.8405682]",
2742,"[4.689038,1.217072,0.8405682]",
2743,"[4.692928,1.220598,0.8349706]",
2744,"[4.698331,1.220598,0.8087773]",
2745,"[4.700899,1.220598,0.7952915]",
2746,"[4.705475,1.220598,0.770915]",
2747,"[4.707808,1.220598,0.7593334]",
2748,"[4.712098,1.220598,0.7374501]",
2749,"[4.712103,1.220598,0.7319442]",
2750,"[4.712462,1.220598,0.7250785]",
2751,"[4.71426,1.220598,0.7108326]",
2752,"[4.715753,1.220598,0.7050892]",
2753,"[4.71863,1.220598,0.6994253]",
2754,"[4.720275,1.220598,0.6978879]",
2755,"[4.723395,1.220598,0.694997]",
2756,"[4.724796,1.220598,0.693434]",
2757,"[4.727334,1.220598,0.6905563]",
2758,"[4.72841,1.220598,0.6898832]",
2759,"[4.729595,1.220598,0.6898251]",
2760,"[4.732124,1.220598,0.6905146]",
2761,"[4.733413,1.220598,0.6913512]",
2762,"[4.735706,1.220598,0.6943583]",
2763,"[4.736827,1.220598,0.6970927]",
2764,"[4.739209,1.220598,0.7024245]",
2765,"[4.740316,1.220598,0.7044595]",
2766,"[4.741487,1.220598,0.7062777]",
2767,"[4.744077,1.220598,0.7098994]",
2768,"[4.745927,1.220598,0.7126501]",
2769,"[4.750258,1.220598,0.7193901]",
2770,"[4.752645,1.220598,0.7234304]",
2771,"[4.757472,1.220598,0.7317715]",
2772,"[4.76016,1.220598,0.7365786]",
2773,"[4.764714,1.220598,0.7480651]",
2774,"[4.766715,1.220598,0.7544759]",
2775,"[4.768498,1.220598,0.7602119]",
2776,"[4.771937,1.220598,0.7707469]",
2777,"[4.773754,1.220598,0.7765056]",
2778,"[4.776563,1.220598,0.7862943]",
2779,"[4.777937,1.220598,0.7910791]",
2780,"[4.781113,1.220598,0.800644]",
2781,"[4.783103,1.220598,0.8055093]",
2782,"[4.788459,1.220598,0.814647]",
2783,"[4.791567,1.220598,0.8188942]",
2784,"[4.794232,1.220598,0.8223289]",
2785,"[4.79949,1.220598,0.8301836]",
2786,"[4.801895,1.220598,0.8359367]",
2787,"[4.805147,1.218328,0.8405682]",
2788,"[4.80643,1.216598,0.8405682]",
2789,"[4.807729,1.214811,0.8405682]",
2790,"[4.807957,1.214025,0.8405682]",
2791,"[4.763255,1.401459,1.259652]",
2792,"[4.759979,1.413089,1.285476]",
2793,"[4.760531,1.391109,1.230574]",
2794,"[4.757948,1.385003,1.215976]",
2795,"[4.757951,1.382533,1.212408]",
2796,"[4.755064,1.380919,1.207121]",
2797,"[4.755406,1.378543,1.203307]",
2798,"[4.755404,1.377103,1.201434]",
2799,"[4.755495,1.374065,1.197293]",
2800,"[4.754097,1.373878,1.195593]",
2801,"[4.754591,1.37132,1.192131]",
2802,"[4.754775,1.37039,1.191388]",
2803,"[4.754302,1.371511,1.195924]",
2804,"[4.754012,1.37248,1.198848]",
2805,"[4.753736,1.37408,1.203471]",
2806,"[4.753726,1.374767,1.205575]",
2807,"[4.753749,1.376093,1.209963]",
2808,"[4.753973,1.376244,1.211704]",
2809,"[4.754332,1.376307,1.213535]",
2810,"[4.754777,1.377914,1.219568]",
2811,"[4.75354,1.382986,1.229276]",
2812,"[4.760885,1.36814,1.206971]",
2813,"[4.768011,1.353247,1.1844]",
2814,"[4.771048,1.352729,1.190241]",
2815,"[4.770621,1.357494,1.202996]",
2816,"[4.761428,1.384888,1.256395]",
2817,"[4.759166,1.392266,1.273157]",
2818,"[4.763431,1.384031,1.266375]",
2819,"[4.907581,1.060709,0.8405682]",
2820,"[4.963429,0.9394802,0.6933773]",
2821,"[4.970496,0.9388294,0.7101788]",
2822,"[4.97417,0.9386246,0.7139028]",
2823,"[4.980455,0.9383213,0.7185152]",
2824,"[4.982815,0.9382682,0.7179657]",
2825,"[4.98363,0.9383029,0.7157893]",
2826,"[4.98363,0.9386485,0.7028319]",
2827,"[4.982383,0.9389327,0.693521]",
2828,"[4.976716,0.9396313,0.6734242]",
2829,"[4.972494,0.9400204,0.6633761]",
2830,"[4.907176,1.076394,0.8405682]",
2831,"[4.903529,1.080214,0.8405682]",
2832,"[4.899438,1.084748,0.8405682]",
2833,"[4.898038,1.086266,0.8405682]",
2834,"[4.896367,1.087926,0.8405682]",
2835,"[4.892723,1.091717,0.8405682]",
2836,"[4.891334,1.093487,0.8405682]",
2837,"[4.890791,1.095602,0.8405682]",
2838,"[4.894463,1.094985,0.8405682]",
2839,"[4.820065,1.3182,1.187478]",
2840,"[4.824716,1.3182,1.189178]",
2841,"[4.828244,1.3182,1.190228]",
2842,"[4.835798,1.3182,1.192051]",
2843,"[4.84023,1.3182,1.19305]",
2844,"[4.848325,1.3182,1.195225]",
2845,"[4.85212,1.3182,1.196339]",
2846,"[4.858815,1.3182,1.19809]",
2847,"[4.862432,1.3182,1.198628]",
2848,"[4.869228,1.3182,1.199266]",
2849,"[4.872747,1.3182,1.199275]",
2850,"[4.876239,1.3182,1.198733]",
2851,"[4.880051,1.3182,1.196677]",
2852,"[4.883699,1.3182,1.196268]",
2853,"[4.890097,1.3182,1.196538]",
2854,"[4.893533,1.3182,1.196797]",
2855,"[4.84798,1.450104,1.408018]",
2856,"[4.840411,1.477605,1.452048]",
2857,"[4.836457,1.495316,1.480421]",
2858,"[4.835271,1.508108,1.501032]",
2859,"[4.833274,1.519859,1.519973]",
2860,"[4.836128,1.525638,1.529114]",
2861,"[4.841185,1.518987,1.51813]",
2862,"[4.849158,1.510033,1.503166]",
2863,"[4.851184,1.510327,1.503534]",
2864,"[4.852408,1.51683,1.514051]",
2865,"[4.853648,1.518985,1.51746]",
2866,"[4.855048,1.521066,1.520701]",
2867,"[4.856815,1.526274,1.528985]",
2868,"[4.857717,1.529271,1.533863]",
2869,"[5.103249,0.9391772,0.5543675]",
2870,"[5.103703,0.939179,0.553809]",
2871,"[5.105911,0.9391542,0.5523648]",
2872,"[5.10791,0.9391287,0.5511706]",
2873,"[5.11376,0.9390321,0.5485021]",
2874,"[5.116992,0.9389639,0.547578]",
2875,"[5.120514,0.9388767,0.5470637]",
2876,"[5.124992,0.9387172,0.5482239]",
2877,"[5.126024,0.9386494,0.5496574]",
2878,"[5.124748,0.938643,0.5512698]",
2879,"[4.895003,1.535207,1.55148]",
2880,"[5.123242,0.9386368,0.5531195]",
2881,"[5.122699,0.9386844,0.5519214]",
2882,"[5.12248,0.9387586,0.5493739]",
2883,"[5.122832,0.9389224,0.5428551]",
2884,"[5.12291,0.9389824,0.5405214]",
2885,"[5.122737,0.9390268,0.5390456]",
2886,"[5.122369,0.9390176,0.5397862]",
2887,"[5.121266,0.9389408,0.5438498]",
2888,"[5.120625,0.938881,0.5467815]",
2889,"[5.119916,0.9388195,0.5498515]",
2890,"[5.118449,0.9387241,0.5550051]",
2891,"[5.117584,0.9386769,0.5577032]",
2892,"[5.115353,0.9385825,0.5636438]",
2893,"[5.113609,0.9385257,0.567647]",
2894,"[5.110675,0.9384962,0.5719091]",
2895,"[5.110188,0.9385361,0.5709373]",
2896,"[5.110307,0.9386718,0.5657212]",
2897,"[5.110755,0.9387363,0.5628219]",
2898,"[5.111137,0.9387678,0.5612305]",
2899,"[5.111291,0.9387716,0.5609205]",
2900,"[5.111205,0.9387481,0.5618943]",
2901,"[5.110698,0.9386646,0.5655702]",
2902,"[5.110551,0.938631,0.5669889]",
2903,"[5.110343,0.9385735,0.5693681]",
2904,"[5.110308,0.9385631,0.5697953]",
2905,"[5.110216,0.9385442,0.5706028]",
2906,"[5.10995,0.9384637,0.573906]",
2907,"[5.109916,0.9383976,0.5764194]",
2908,"[5.110176,0.9382539,0.5815298]",
2909,"[5.110538,0.9381795,0.5839286]",
2910,"[5.111712,0.9380433,0.5877734]",
2911,"[5.112941,0.9379427,0.5902201]",
2912,"[5.11442,0.9378297,0.5928669]",
2913,"[5.117058,0.9376387,0.597192]",
2914,"[5.118883,0.9375262,0.5994456]",
2915,"[5.122398,0.9373341,0.6028684]",
2916,"[5.124277,0.9372267,0.6048724]",
2917,"[5.127276,0.9370435,0.6085165]",
2918,"[5.128771,0.9369557,0.6102007]",
2919,"[5.13192,0.936796,0.6128008]",
2920,"[5.133473,0.9367297,0.6136152]",
2921,"[5.135132,0.9366643,0.6142844]",
2922,"[5.138012,0.9365529,0.6153601]",
2923,"[5.13924,0.9365044,0.6158597]",
2924,"[4.999269,1.3182,1.220487]",
2925,"[4.999519,1.3182,1.220608]",
2926,"[4.999686,1.3182,1.220715]",
2927,"[4.999822,1.3182,1.220996]",
2928,"[4.999819,1.3182,1.221336]",
2929,"[4.999689,1.3182,1.221431]",
2930,"[4.999489,1.3182,1.22148]",
2931,"[4.998754,1.3182,1.221333]",
2932,"[4.998007,1.3182,1.220914]",
2933,"[4.995143,1.3182,1.218608]",
2934,"[4.992879,1.3182,1.216638]",
2935,"[4.987504,1.3182,1.212863]",
2936,"[4.984158,1.3182,1.211172]",
2937,"[4.980633,1.3182,1.209484]",
2938,"[4.972572,1.3182,1.205268]",
2939,"[4.968126,1.3182,1.20219]",
2940,"[4.958168,1.3182,1.194728]",
2941,"[4.952822,1.3182,1.191316]",
2942,"[4.941942,1.3182,1.185842]",
2943,"[4.935955,1.3182,1.183082]",
2944,"[4.930022,1.3182,1.180505]",
2945,"[4.918572,1.3182,1.175752]",
2946,"[4.913662,1.3182,1.173528]",
2947,"[4.9013,1.345061,1.214338]",
2948,"[4.893228,1.419924,1.341809]",
2949,"[4.889831,1.43379,1.36417]",
2950,"[4.884571,1.433973,1.361196]",
2951,"[4.879789,1.438869,1.367153]",
2952,"[4.877499,1.441043,1.369784]",
2953,"[4.875443,1.44233,1.370989]",
2954,"[4.871671,1.44525,1.374382]",
2955,"[4.869828,1.448172,1.378867]",
2956,"[4.867403,1.459721,1.39866]",
2957,"[4.866086,1.463509,1.405022]",
2958,"[4.863713,1.471404,1.4181]",
2959,"[4.862517,1.474419,1.422852]",
2960,"[4.861306,1.474867,1.423089]",
2961,"[4.859207,1.477286,1.426529]",
2962,"[4.858423,1.480803,1.432497]",
2963,"[4.856864,1.48315,1.43621]",
2964,"[4.856023,1.482813,1.435315]",
2965,"[4.854908,1.486441,1.441075]",
2966,"[4.854541,1.492668,1.451781]",
2967,"[4.853633,1.502916,1.469472]",
2968,"[4.852864,1.501069,1.465991]",
2969,"[4.851801,1.493741,1.452748]",
2970,"[4.848902,1.461276,1.39451]",
2971,"[4.847235,1.439402,1.355243]",
2972,"[4.834143,1.150065,0.8405682]",
2973,"[4.834364,1.150265,0.8405682]",
2974,"[4.834829,1.150429,0.8405682]",
2975,"[4.835023,1.150447,0.8405682]",
2976,"[4.835083,1.15045,0.8405682]",
2977,"[4.833949,1.150554,0.8405682]",
2978,"[4.832859,1.150896,0.8405682]",
2979,"[4.827827,1.153587,0.8405682]",
2980,"[4.822727,1.156664,0.8405682]",
2981,"[4.811202,1.16399,0.8405682]",
2982,"[4.804178,1.168533,0.8405682]",
2983,"[4.798793,1.172115,0.8405682]",
2984,"[4.788527,1.179423,0.8405682]",
2985,"[4.786395,1.181263,0.8405682]",
2986,"[4.783534,1.184638,0.8405682]",
2987,"[4.784106,1.185544,0.8405682]",
2988,"[4.800732,1.188459,0.8405682]",
2989,"[4.820441,1.188855,0.8405682]",
2990,"[4.903151,1.182149,0.8405682]",
2991,"[5.046204,0.9030839,0.3340316]",
2992,"[5.158272,0.8295541,0.228965]",
2993,"[5.284768,0.9101853,0.4226798]",
2994,"[5.352116,0.936013,0.4845827]",
2995,"[5.444981,0.9687281,0.5699393]",
2996,"[5.491467,0.9825611,0.6126665]",
2997,"[5.53579,0.9892427,0.6534063]",
2998,"[5.370266,1.146033,0.9223979]",
2999,"[5.370266,1.170061,0.9812733]",
3000,"[5.370266,1.176481,0.9984558]",
3001,"[5.370266,1.181431,1.012444]",
3002,"[5.370266,1.185494,1.02443]",
3003,"[5.370266,1.187024,1.028718]",
3004,"[5.370266,1.186423,1.02736]",
3005,"[5.370266,1.185954,1.026283]",
3006,"[5.370266,1.18541,1.023912]",
3007,"[5.370266,1.185256,1.022788]",
3008,"[5.370266,1.184873,1.021707]",
3009,"[5.370266,1.182841,1.019385]",
3010,"[5.370266,1.181397,1.018315]",
3011,"[5.370266,1.178756,1.016449]",
3012,"[5.370266,1.178425,1.015984]",
3013,"[5.370266,1.178185,1.014907]",
3014,"[5.370266,1.178146,1.014321]",
3015,"[5.370266,1.178103,1.013761]",
3016,"[5.370266,1.177999,1.013058]",
3017,"[5.370266,1.177988,1.012869]",
3018,"[5.370266,1.178309,1.012344]",
3019,"[5.370266,1.178785,1.011926]",
3020,"[5.370266,1.179798,1.010891]",
3021,"[5.370266,1.180185,1.010303]",
3022,"[5.370266,1.180366,1.009745]",
3023,"[5.370266,1.180368,1.008698]",
3024,"[5.370266,1.180302,1.008265]",
3025,"[5.370266,1.180189,1.00777]",
3026,"[5.370266,1.180198,1.007626]",
3027,"[5.370266,1.1803,1.007359]",
3028,"[5.370266,1.180403,1.007163]",
3029,"[5.370266,1.180718,1.006873]",
3030,"[5.370266,1.180999,1.006804]",
3031,"[5.370266,1.181725,1.007462]",
3032,"[5.370266,1.18348,1.00836]",
3033,"[5.370266,1.184721,1.008464]",
3034,"[5.370266,1.188293,1.007809]",
3035,"[5.370266,1.190715,1.006923]",
3036,"[5.375609,1.190878,0.9963195]",
3037,"[5.379057,1.190878,0.9885234]",
3038,"[5.383174,1.190878,0.9789268]",
3039,"[5.393875,1.190878,0.9520794]",
3040,"[5.402513,1.190878,0.9308921]",
3041,"[5.557918,1.089323,0.6737445]",
3042,"[5.553709,1.103859,0.6698764]",
3043,"[5.548176,1.124062,0.6647911]",
3044,"[5.546269,1.132276,0.6630382]",
3045,"[5.544593,1.145778,0.6614974]",
3046,"[5.545064,1.154152,0.6619308]",
3047,"[5.546566,1.164066,0.6633109]",
3048,"[5.552589,1.191237,0.668847]",
3049,"[5.556748,1.207364,0.6726694]",
3050,"[5.566626,1.239988,0.6817485]",
3051,"[5.572338,1.256334,0.6869985]",
3052,"[5.58191,1.279006,0.6957974]",
3053,"[5.586399,1.287119,0.6999232]",
3054,"[5.59086,1.294035,0.7040234]",
3055,"[5.59909,1.304036,0.711588]",
3056,"[5.603543,1.308942,0.7156809]",
3057,"[5.61224,1.318232,0.7236746]",
3058,"[5.6169,1.32319,0.7279581]",
3059,"[5.625876,1.330952,0.7362088]",
3060,"[5.630535,1.333628,0.7404908]",
3061,"[5.634848,1.335093,0.7444543]",
3062,"[5.000942,1.557213,1.589701]",
3063,"[5.040094,1.54408,1.540565]",
3064,"[5.039819,1.545081,1.545395]",
3065,"[5.041211,1.544965,1.545512]",
3066,"[5.043486,1.544592,1.545428]",
3067,"[5.041795,1.545309,1.54909]",
3068,"[5.03387,1.54812,1.561023]",
3069,"[5.025365,1.551016,1.572321]",
3070,"[5.019569,1.552951,1.58006]",
3071,"[5.000503,1.559367,1.604222]",
3072,"[4.985723,1.564504,1.622661]",
3073,"[4.958435,1.574282,1.657184]",
3074,"[5.659792,1.321231,0.7673825]",
3075,"[4.958802,1.574293,1.657333]",
3076,"[4.960168,1.573833,1.655807]",
3077,"[5.657272,1.312505,0.765066]",
3078,"[5.657006,1.311058,0.7648209]",
3079,"[5.656775,1.310393,0.7646093]",
3080,"[5.656167,1.309792,0.7640498]",
3081,"[4.967856,1.571398,1.647906]",
3082,"[5.644246,1.299706,0.7530925]",
3083,"[5.638455,1.289999,0.7477707]",
3084,"[5.617496,1.258891,0.7285055]",
3085,"[5.603119,1.23881,0.7152916]",
3086,"[5.588075,1.217894,0.7014635]",
3087,"[5.556836,1.176889,0.6727508]",
3088,"[5.537154,1.1558,0.6546595]",
3089,"[5.512136,1.137936,0.6316648]",
3090,"[5.497533,1.133048,0.6182423]",
3091,"[5.471845,1.129686,0.5946317]",
3092,"[5.454724,1.126913,0.5788944]",
3093,"[5.411387,1.113125,0.5390614]",
3094,"[5.386738,1.103328,0.516406]",
3095,"[5.361259,1.092208,0.4929864]",
3096,"[5.325953,1.072355,0.4605351]",
3097,"[5.299895,1.052895,0.4365838]",
3098,"[5.242396,1.003291,0.3837343]",
3099,"[5.196715,0.9638946,0.3417467]",
3100,"[5.092381,0.8295541,0.1451451]",
3101,"[5.008571,0.9117332,0.3340316]",
3102,"[4.944272,0.9038922,0.3340316]",
3103,"[4.873738,1.156013,0.8405682]",
3104,"[4.839715,1.154566,0.8405682]",
3105,"[4.786991,1.154351,0.8405682]",
3106,"[4.763741,1.155705,0.8405682]",
3107,"[4.721139,1.157898,0.8405682]",
3108,"[4.697297,1.157541,0.8405682]",
3109,"[4.678581,1.156367,0.8405682]",
3110,"[4.435347,0.8295541,0.233135]",
3111,"[4.410305,0.8295541,0.2409053]",
3112,"[4.642155,1.220702,0.9781806]",
3113,"[4.635112,1.230294,1.000656]",
3114,"[4.623131,1.247258,1.038887]",
3115,"[4.617144,1.256408,1.057992]",
3116,"[4.606003,1.274937,1.093543]",
3117,"[4.600163,1.284667,1.112178]",
3118,"[4.595292,1.292501,1.127722]",
3119,"[4.586702,1.305445,1.155133]",
3120,"[4.582395,1.311523,1.168875]",
3121,"[4.574554,1.322752,1.193894]",
3122,"[4.570716,1.328416,1.206143]",
3123,"[4.56358,1.338776,1.228913]",
3124,"[4.559483,1.344497,1.241988]",
3125,"[4.555801,1.349444,1.253736]",
3126,"[4.54753,1.360654,1.280131]",
3127,"[4.53998,1.363375,1.288682]",
3128,"[4.520066,1.363375,1.296592]",
3129,"[4.509863,1.363375,1.300473]",
3130,"[4.488535,1.363375,1.30841]",
3131,"[4.477117,1.363375,1.31266]",
3132,"[4.46582,1.363375,1.316537]",
3133,"[4.442056,1.363375,1.323479]",
3134,"[4.428871,1.363375,1.327019]",
3135,"[4.417084,1.363375,1.330351]",
3136,"[4.40398,1.363375,1.332365]",
3137,"[4.098028,0.9980045,0.7498661]",
3138,"[4.097547,0.9980045,0.7488067]",
3139,"[4.09549,0.9980045,0.7425197]",
3140,"[4.095908,0.9980045,0.7414963]",
3141,"[4.097531,0.9980045,0.7431644]",
3142,"[4.100369,0.9980045,0.7485293]",
3143,"[4.101168,0.9980045,0.7506702]",
3144,"[4.102316,0.9980045,0.754089]",
3145,"[4.103034,0.9980045,0.7556186]",
3146,"[4.105406,0.9980045,0.7584184]",
3147,"[4.106906,0.9980045,0.7584699]",
3148,"[4.108231,0.9980045,0.7571613]",
3149,"[4.110458,0.9980045,0.7494405]",
3150,"[4.112218,0.9980045,0.7419993]",
3151,"[4.117755,0.9980045,0.7268898]",
3152,"[4.122144,0.9980045,0.7186338]",
3153,"[4.13238,0.9980045,0.7008685]",
3154,"[4.138505,0.9980045,0.6882823]",
3155,"[4.149488,0.9980045,0.6652881]",
3156,"[4.154081,0.9980045,0.656374]",
3157,"[4.15801,0.9980045,0.6489977]",
3158,"[4.164626,0.9980045,0.6314977]",
3159,"[4.168296,0.9980045,0.6174491]",
3160,"[4.173758,0.9980045,0.5984497]",
3161,"[4.17725,0.9980045,0.5888543]",
3162,"[4.182791,0.9980045,0.5743505]",
3163,"[4.184822,0.9980045,0.5659106]",
3164,"[4.186302,0.9980045,0.5583093]",
3165,"[4.187496,0.9980045,0.5446061]",
3166,"[4.188116,0.9980045,0.5406122]",
3167,"[4.189361,0.9980045,0.5379968]",
3168,"[4.189744,0.9980045,0.5380363]",
3169,"[4.189613,0.9980045,0.5388722]",
3170,"[4.189271,0.9980045,0.5396715]",
3171,"[4.18835,0.9980045,0.5411075]",
3172,"[4.185779,0.9980045,0.5444797]",
3173,"[4.18406,0.9980045,0.5462875]",
3174,"[4.180305,0.9980045,0.5499799]",
3175,"[4.178021,0.9980045,0.5516955]",
3176,"[4.173102,0.9980045,0.5549746]",
3177,"[4.170397,0.9980045,0.5573153]",
3178,"[4.165576,0.9980045,0.5610543]",
3179,"[4.163539,0.9980045,0.5625798]",
3180,"[4.161687,0.9980045,0.5637505]",
3181,"[4.158669,0.9980045,0.56507]",
3182,"[4.157404,0.9980045,0.5660753]",
3183,"[4.155956,0.9980045,0.5679452]",
3184,"[4.155397,0.9980045,0.5678535]",
3185,"[4.153867,0.9980045,0.5618439]",
3186,"[4.152767,0.9980045,0.5614839]",
3187,"[4.151618,0.9980045,0.5613765]",
3188,"[4.149043,0.9980045,0.5621991]",
3189,"[4.14766,0.9980045,0.563015]",
3190,"[4.145277,0.9980045,0.5654895]",
3191,"[4.144491,0.9980045,0.5667973]",
3192,"[4.1439,0.9980045,0.5701675]",
3193,"[4.144114,0.9980045,0.573538]",
3194,"[4.146319,0.9980045,0.5896498]",
3195,"[4.148854,0.9980045,0.6048781]",
3196,"[4.151256,0.9980045,0.6206604]",
3197,"[4.155669,0.9980045,0.6529601]",
3198,"[4.157101,0.9980045,0.6660665]",
3199,"[4.158557,0.9980045,0.6846717]",
3200,"[4.158868,0.9980045,0.6927261]",
3201,"[4.159857,0.9980045,0.7110023]",
3202,"[4.162224,1.005317,0.7310399]",
3203,"[4.170439,1.039722,0.7868167]",
3204,"[4.187438,1.115133,0.8954161]",
3205,"[4.187784,1.101459,0.8989788]",
3206,"[4.18594,1.054797,0.8878922]",
3207,"[4.184676,1.040805,0.8797706]",
3208,"[4.151454,0.7948071,0.658635]",
3209,"[4.151532,0.790418,0.658635]",
3210,"[4.151356,0.7851647,0.658635]",
3211,"[4.149634,0.7730922,0.658635]",
3212,"[4.147636,0.7635508,0.658635]",
3213,"[4.14406,0.751004,0.658635]",
3214,"[4.142906,0.7492489,0.658635]",
3215,"[4.137537,0.7552931,0.658635]",
3216,"[4.134743,0.7595602,0.658635]",
3217,"[4.129103,0.772702,0.658635]",
3218,"[4.125638,0.7833577,0.658635]",
3219,"[4.121138,0.79782,0.6582545]",
3220,"[4.104091,0.79782,0.6250816]",
3221,"[4.094724,0.79782,0.6089846]",
3222,"[4.075705,0.79782,0.5810058]",
3223,"[4.068173,0.79782,0.5726182]",
3224,"[4.057294,0.79782,0.5627462]",
3225,"[4.051637,0.79782,0.5575969]",
3226,"[4.040597,0.79782,0.5448233]",
3227,"[4.035558,0.79782,0.5376103]",
3228,"[4.031558,0.79782,0.5318094]",
3229,"[4.026137,0.79782,0.5257162]",
3230,"[4.064688,0.9980045,0.7205281]",
3231,"[4.06495,0.9980045,0.7204936]",
3232,"[4.065026,0.9980045,0.7204802]",
3233,"[4.065081,0.9980045,0.7204334]",
3234,"[4.065138,0.9980045,0.7202185]",
3235,"[4.063228,0.9980045,0.7183366]",
3236,"[4.063383,0.9980045,0.7178143]",
3237,"[4.063548,0.9980045,0.7173668]",
3238,"[4.062546,0.9980045,0.714993]",
3239,"[4.06132,0.9980045,0.7126293]",
3240,"[4.058875,0.9980045,0.7079993]",
3241,"[4.057397,0.9980045,0.7061391]",
3242,"[4.053495,0.9980045,0.7032646]",
3243,"[4.049972,0.9980045,0.7016947]",
3244,"[4.045612,0.9980045,0.6998516]",
3245,"[4.035153,0.9980045,0.6939836]",
3246,"[4.03016,0.9980045,0.6903536]",
3247,"[4.020565,0.9980045,0.6825021]",
3248,"[4.012331,0.9980045,0.6767698]",
3249,"[3.98091,0.9980045,0.6607997]",
3250,"[3.960649,0.9980045,0.6518606]",
3251,"[3.935035,0.9980045,0.641799]",
3252,"[3.889044,0.9980045,0.626272]",
3253,"[3.866512,0.9980045,0.6195004]",
3254,"[3.810156,0.983816,0.589654]",
3255,"[3.502388,0.5147747,0.05000046]",
3256,"[3.434941,0.538777,0.05000034]",
3257,"[3.677818,0.9411628,0.5061116]",
3258,"[3.639609,0.9607772,0.5157256]",
3259,"[3.617959,0.9619835,0.5126365]",
3260,"[3.597723,0.9619835,0.5095263]",
3261,"[3.56041,0.9619835,0.5057601]",
3262,"[3.544869,0.9619835,0.5043812]",
3263,"[3.521934,0.9619835,0.5018947]",
3264,"[3.513492,0.9619835,0.5007802]",
3265,"[3.511071,0.9709893,0.5108376]",
3266,"[3.533852,0.9971675,0.5428621]",
3267,"[3.111472,0.5856239,0.05]",
3268,"[3.106065,0.5819409,0.05]",
3269,"[3.103878,0.5805063,0.05]",
3270,"[3.101716,0.5796933,0.05000012]",
3271,"[3.573727,1.042759,0.600764]",
3272,"[3.59179,1.061432,0.6226447]",
3273,"[3.662849,1.133145,0.7072177]",
3274,"[3.7251,1.196133,0.7811585]",
3275,"[3.744473,1.216087,0.8044571]",
3276,"[3.76074,1.232788,0.8241068]",
3277,"[3.783133,1.255915,0.8516238]",
3278,"[3.797072,1.269914,0.8684574]",
3279,"[3.818008,1.290925,0.8938233]",
3280,"[3.818926,1.292066,0.8953926]",
3281,"[3.751938,1.227494,0.8195307]",
3282,"[3.331301,0.8210709,0.3401902]",
3283,"[3.331301,0.820079,0.3405344]",
3284,"[3.331301,0.8173109,0.3406496]",
3285,"[3.481943,0.9619834,0.5122028]",
3286,"[3.48498,0.9619834,0.5152553]",
3287,"[3.485741,0.9619834,0.5158448]",
3288,"[3.486326,0.9619834,0.5159085]",
3289,"[3.486414,0.9619834,0.5156536]",
3290,"[3.486562,0.9619834,0.5150741]",
3291,"[3.486678,0.9619834,0.5148827]",
3292,"[3.486826,0.9619834,0.514762]",
3293,"[3.487241,0.9619834,0.5145007]",
3294,"[3.487629,0.9619834,0.5141203]",
3295,"[3.489421,0.9619834,0.5123228]",
3296,"[3.491888,0.9619834,0.5100141]",
3297,"[3.502497,0.9619835,0.497204]",
3298,"[3.512896,0.9619834,0.477452]",
3299,"[3.53552,0.9558617,0.3906119]",
3300,"[3.405779,0.7810757,0.05000035]",
3301,"[3.501938,0.8523213,0.05000034]",
3302,"[3.668242,0.9725115,0.05000069]",
3303,"[3.764203,1.035611,0.05000068]",
3304,"[3.908837,1.119506,0.05000079]",
3305,"[3.975248,1.153083,0.05000079]",
3306,"[4.029898,1.17732,0.04999959]",
3307,"[4.108172,1.288639,0.3340315]",
3308,"[4.13361,1.292312,0.3340316]",
3309,"[4.167406,1.294708,0.3340316]",
3310,"[4.181111,1.295708,0.3340316]",
3311,"[4.202806,1.300156,0.3340316]",
3312,"[4.21103,1.303576,0.3340316]",
3313,"[4.224668,1.310376,0.3340316]",
3314,"[4.231266,1.313288,0.3340316]",
3315,"[4.237042,1.315109,0.3340316]",
3316,"[4.24965,1.317529,0.3340316]",
3317,"[4.256702,1.318375,0.3340316]",
3318,"[4.273571,1.319578,0.3340316]",
3319,"[4.284452,1.320254,0.3340316]",
3320,"[4.306221,1.321412,0.3340316]",
3321,"[4.317297,1.321179,0.3340316]",
3322,"[4.32832,1.320049,0.3340316]",
3323,"[4.348069,1.316486,0.3340316]",
3324,"[4.359818,1.313527,0.3340316]",
3325,"[4.379152,1.307895,0.3340316]",
3326,"[4.38879,1.304858,0.3340316]",
3327,"[4.402833,1.299752,0.3340316]",
3328,"[4.410061,1.296774,0.3340316]",
3329,"[4.422879,1.290073,0.3340316]",
3330,"[4.429761,1.285985,0.3340316]",
3331,"[4.436486,1.281977,0.3340316]",
3332,"[4.448002,1.276135,0.3340316]",
3333,"[4.453277,1.273921,0.3340316]",
3334,"[4.463556,1.269922,0.3340316]",
3335,"[4.468629,1.267462,0.3340316]",
3336,"[4.478413,1.261036,0.3340316]",
3337,"[4.484127,1.256985,0.3340316]",
3338,"[4.489085,1.253532,0.3340316]",
3339,"[4.49797,1.247081,0.3340316]",
3340,"[4.502229,1.243473,0.3340316]",
3341,"[4.510353,1.234082,0.3340316]",
3342,"[4.514833,1.22807,0.3340316]",
3343,"[4.523267,1.218442,0.3340316]",
3344,"[4.528206,1.214052,0.3340316]",
3345,"[4.533398,1.210087,0.3340316]",
3346,"[4.54465,1.202868,0.3340316]",
3347,"[4.551746,1.198904,0.3340316]",
3348,"[4.566262,1.19105,0.3340316]",
3349,"[4.574026,1.186712,0.3340316]",
3350,"[4.592147,1.17449,0.3340316]",
3351,"[4.602997,1.166659,0.3340316]",
3352,"[4.626305,1.151707,0.3340316]",
3353,"[4.637255,1.146107,0.3340316]",
3354,"[4.648415,1.140986,0.3340316]",
3355,"[4.668951,1.134893,0.3340316]",
3356,"[4.67798,1.132387,0.3340316]",
3357,"[4.695343,1.125729,0.3340316]",
3358,"[4.704145,1.12059,0.3340316]",
3359,"[4.716333,1.110308,0.3340316]",
3360,"[4.718901,1.106451,0.3340316]",
3361,"[4.72797,1.100511,0.3340316]",
3362,"[4.72821,1.097858,0.3340316]",
3363,"[4.728478,1.095724,0.3340316]",
3364,"[4.729455,1.089995,0.3340316]",
3365,"[4.72999,1.086675,0.3340316]",
3366,"[4.730503,1.080911,0.3340316]",
3367,"[4.730337,1.078189,0.3340316]",
3368,"[4.640765,1.167523,0.4960034]",
3369,"[4.726665,1.070866,0.3340316]",
3370,"[4.640765,1.161984,0.4953648]",
3371,"[4.640765,1.158955,0.4954867]",
3372,"[4.722076,1.062644,0.3340316]",
3373,"[4.640765,1.15531,0.4950994]",
3374,"[4.718844,1.059609,0.3340316]",
3375,"[4.640765,1.154041,0.4964287]",
3376,"[4.640765,1.15278,0.496345]",
3377,"[4.640765,1.15106,0.4963903]",
3378,"[4.640765,1.147232,0.4975175]",
3379,"[4.640765,1.145389,0.4983404]",
3380,"[4.640765,1.141912,0.4998864]",
3381,"[4.640765,1.140198,0.5004637]",
3382,"[4.640765,1.137851,0.5015067]",
3383,"[4.640765,1.137103,0.5024268]",
3384,"[4.640765,1.13619,0.5042397]",
3385,"[4.633278,1.146247,0.5257888]",
3386,"[4.635345,1.142491,0.5241451]",
3387,"[4.638602,1.137132,0.5198002]",
3388,"[4.640765,1.137265,0.5230411]",
3389,"[4.640765,1.141167,0.5300104]",
3390,"[4.640765,1.145567,0.5424171]",
3391,"[4.640765,1.14945,0.5512363]",
3392,"[4.640765,1.158533,0.571785]",
3393,"[4.640765,1.161615,0.5809718]",
3394,"[4.640765,1.165192,0.5901635]",
3395,"[4.640765,1.172347,0.6078471]",
3396,"[4.640765,1.176275,0.6178187]",
3397,"[4.640765,1.183529,0.6346675]",
3398,"[4.640765,1.187306,0.6425425]",
3399,"[4.640765,1.190558,0.6483434]",
3400,"[4.640765,1.195044,0.6557335]",
3401,"[4.640765,1.196312,0.6575985]",
3402,"[4.640765,1.19716,0.6587757]",
3403,"[4.640765,1.199939,0.6583974]",
3404,"[4.640765,1.201854,0.6576191]",
3405,"[4.640765,1.206845,0.6569273]",
3406,"[4.640765,1.20892,0.6591018]",
3407,"[4.640765,1.212861,0.6636276]",
3408,"[4.640765,1.214504,0.6656182]",
3409,"[4.640765,1.218375,0.6706772]",
3410,"[4.640887,1.220598,0.6739224]",
3411,"[4.642251,1.220598,0.6746131]",
3412,"[4.64571,1.220598,0.6767133]",
3413,"[4.647629,1.220598,0.6781319]",
3414,"[4.650991,1.220598,0.6830765]",
3415,"[4.652387,1.220598,0.6864176]",
3416,"[4.653419,1.220598,0.6967701]",
3417,"[4.653077,1.220598,0.7025616]",
3418,"[4.652665,1.220598,0.7078832]",
3419,"[4.651691,1.220598,0.7168785]",
3420,"[4.65123,1.220598,0.7212577]",
3421,"[4.650168,1.220598,0.7314811]",
3422,"[4.650076,1.220598,0.7349619]",
3423,"[4.651083,1.220598,0.7404816]",
3424,"[4.651845,1.220598,0.7423851]",
3425,"[4.652689,1.220598,0.7446178]",
3426,"[4.653664,1.220598,0.7494816]",
3427,"[4.654002,1.220598,0.7525957]",
3428,"[4.65468,1.220598,0.7570314]",
3429,"[4.645726,1.233169,0.7694494]",
3430,"[4.597072,1.298529,0.8261301]",
3431,"[4.591578,1.306854,0.8345644]",
3432,"[4.589375,1.311044,0.8391857]",
3433,"[4.589116,1.312239,0.840774]",
3434,"[4.588803,1.313359,0.8421308]",
3435,"[4.588933,1.314639,0.8440136]",
3436,"[4.587614,1.317508,0.8469538]",
3437,"[4.582357,1.326792,0.8555145]",
3438,"[4.577684,1.334231,0.8620478]",
3439,"[4.559016,1.361308,0.8852335]",
3440,"[4.54742,1.377648,0.8992249]",
3441,"[4.540995,1.387516,0.9080327]",
3442,"[4.578477,1.346038,0.8763496]",
3443,"[4.926637,0.9300845,0.5436639]",
3444,"[4.927887,0.9440368,0.5596959]",
3445,"[4.93333,0.9438183,0.562081]",
3446,"[4.94339,0.9433809,0.5677568]",
3447,"[4.947358,0.9431959,0.5704631]",
3448,"[4.706364,1.220598,0.7896369]",
3449,"[4.708122,1.220598,0.7907706]",
3450,"[4.709529,1.220598,0.7914323]",
3451,"[4.712126,1.220598,0.7920787]",
3452,"[4.713996,1.220598,0.7924372]",
3453,"[4.717266,1.220598,0.792845]",
3454,"[4.71905,1.220598,0.7927194]",
3455,"[4.722702,1.220598,0.7921278]",
3456,"[4.724544,1.220598,0.791908]",
3457,"[4.725756,1.220598,0.7919871]",
3458,"[4.727558,1.220598,0.7923229]",
3459,"[4.728914,1.220598,0.7924423]",
3460,"[4.731789,1.220598,0.7925415]",
3461,"[4.733265,1.220598,0.7925943]",
3462,"[4.736754,1.220598,0.7929668]",
3463,"[4.739308,1.220598,0.7935948]",
3464,"[4.745391,1.220598,0.796001]",
3465,"[4.748967,1.220598,0.7978151]",
3466,"[4.752441,1.220598,0.7999907]",
3467,"[4.758853,1.220598,0.8042867]",
3468,"[4.76274,1.220598,0.8066869]",
3469,"[4.770101,1.220598,0.8102668]",
3470,"[4.773859,1.220598,0.8116892]",
3471,"[4.781365,1.220598,0.814035]",
3472,"[4.785616,1.220598,0.8151969]",
3473,"[4.789508,1.220598,0.8162009]",
3474,"[4.797222,1.220598,0.8185523]",
3475,"[4.800923,1.220598,0.8199489]",
3476,"[4.807569,1.220598,0.8223076]",
3477,"[4.811425,1.220598,0.8235244]",
3478,"[4.820616,1.220598,0.8253496]",
3479,"[4.826104,1.220598,0.8263532]",
3480,"[4.834947,1.220598,0.8282759]",
3481,"[4.839545,1.220598,0.8293689]",
3482,"[4.844777,1.220598,0.8306152]",
3483,"[4.853389,1.220598,0.8328056]",
3484,"[4.857427,1.220598,0.8340439]",
3485,"[4.776776,1.289212,0.8825962]",
3486,"[4.768646,1.297425,0.8891028]",
3487,"[4.791337,1.282052,0.8801859]",
3488,"[4.800273,1.278786,0.8802101]",
3489,"[4.805078,1.279134,0.8832431]",
3490,"[4.806898,1.279467,0.8850002]",
3491,"[4.808179,1.280021,0.8869225]",
3492,"[4.810522,1.281172,0.8905877]",
3493,"[4.811562,1.282056,0.8924406]",
3494,"[4.811332,1.285446,0.8968578]",
3495,"[4.810433,1.287665,0.8992779]",
3496,"[4.809744,1.289795,0.9015945]",
3497,"[4.808476,1.293681,0.9057498]",
3498,"[4.807202,1.296035,0.9080797]",
3499,"[4.805108,1.29982,0.9118697]",
3500,"[4.804395,1.300453,0.9121913]",
3501,"[4.804993,1.300243,0.9118063]",
3502,"[4.805712,1.299851,0.9113366]",
3503,"[4.80539,1.300354,0.9111136]",
3504,"[4.803664,1.301874,0.9117146]",
3505,"[4.799549,1.30523,0.9135384]",
3506,"[4.789065,1.313856,0.9184098]",
3507,"[4.784139,1.317982,0.9206898]",
3508,"[4.783373,1.319124,0.9206386]",
3509,"[4.793161,1.311828,0.9152653]",
3510,"[4.81079,1.298485,0.905676]",
3511,"[4.845202,1.272123,0.8869364]",
3512,"[4.858758,1.261523,0.8793245]",
3513,"[4.87036,1.251318,0.8714742]",
3514,"[4.86626,1.253232,0.8719365]",
3515,"[4.858759,1.257043,0.8722556]",
3516,"[4.85777,1.257125,0.8710378]",
3517,"[5.268513,0.9322602,0.6366973]",
3518,"[5.266029,0.9323912,0.6344308]",
3519,"[5.263138,0.9325115,0.6330106]",
3520,"[5.252722,0.9328689,0.6307535]",
3521,"[5.246046,0.9330914,0.6295563]",
3522,"[5.234605,0.9335149,0.6259098]",
3523,"[5.228999,0.9337547,0.6229056]",
3524,"[5.22061,0.9341519,0.616967]",
3525,"[5.2162,0.9343522,0.6141628]",
3526,"[5.205407,0.9347584,0.6104745]",
3527,"[5.197601,0.9350119,0.6093242]",
3528,"[5.190309,0.9352466,0.608327]",
3529,"[5.180373,0.9355979,0.6057864]",
3530,"[5.176966,0.9357347,0.604298]",
3531,"[5.16994,0.9359922,0.6021567]",
3532,"[5.165282,0.9361455,0.6013936]",
3533,"[5.156697,0.9364377,0.599625]",
3534,"[5.153413,0.9365727,0.5980685]",
3535,"[5.153554,0.9365695,0.5980396]",
3536,"[5.154237,0.9365523,0.5979543]",
3537,"[5.154254,0.9365422,0.5983159]",
3538,"[5.153337,0.936524,0.599988]",
3539,"[5.152905,0.9365135,0.6008521]",
3540,"[5.152114,0.9365027,0.6021104]",
3541,"[5.151808,0.9365025,0.6024487]",
3542,"[5.152211,0.9364915,0.6024276]",
3543,"[5.153042,0.9364839,0.6018183]",
3544,"[5.15277,0.9365619,0.5991682]",
3545,"[5.152174,0.9367166,0.5939777]",
3546,"[5.151374,0.9368047,0.5915192]",
3547,"[5.149311,0.9369616,0.5878267]",
3548,"[5.148372,0.9370341,0.5861027]",
3549,"[5.146338,0.9371779,0.5828731]",
3550,"[5.145204,0.9372513,0.5813257]",
3551,"[5.144124,0.937323,0.579786]",
3552,"[5.143124,0.9374459,0.576229]",
3553,"[5.143059,0.9375021,0.5741788]",
3554,"[5.143651,0.9375916,0.5701678]",
3555,"[5.143986,0.9376394,0.5680031]",
3556,"[5.144628,0.9377148,0.5644698]",
3557,"[5.145363,0.9377511,0.5623078]",
3558,"[5.148057,0.9377463,0.5595884]",
3559,"[5.149267,0.9377546,0.5579698]",
3560,"[5.150017,0.9377668,0.5567039]",
3561,"[5.149817,0.9378502,0.5537729]",
3562,"[5.148857,0.9379244,0.5520105]",
3563,"[5.147006,0.9380638,0.54875]",
3564,"[5.146141,0.9381322,0.5471013]",
3565,"[5.14553,0.9381987,0.545249]",
3566,"[5.144958,0.9382446,0.5441359]",
3567,"[5.144483,0.938288,0.5430137]",
3568,"[5.144117,0.9383554,0.5408624]",
3569,"[5.143984,0.9383683,0.5405231]",
3570,"[5.143395,0.938383,0.5406006]",
3571,"[5.143129,0.9383869,0.5407411]",
3572,"[5.143384,0.9383999,0.5399764]",
3573,"[5.144034,0.9384218,0.5384488]",
3574,"[5.145034,0.9384446,0.5365136]",
3575,"[5.282954,0.8295541,0.4497128]",
3576,"[5.284029,0.8295541,0.4488526]",
3577,"[4.794248,1.220598,0.7457602]",
3578,"[4.795228,1.220598,0.743962]",
3579,"[4.795973,1.220598,0.7437077]",
3580,"[4.797736,1.220598,0.7421719]",
3581,"[4.799374,1.220598,0.7416489]",
3582,"[4.803263,1.220598,0.7380593]",
3583,"[4.805994,1.220598,0.7352694]",
3584,"[4.808032,1.220598,0.7328838]",
3585,"[4.810945,1.220598,0.7286022]",
3586,"[4.812033,1.220598,0.7268729]",
3587,"[4.812602,1.220598,0.7257711]",
3588,"[4.72803,1.285552,0.7744359]",
3589,"[4.689528,1.31504,0.7966437]",
3590,"[4.672143,1.32867,0.8057038]",
3591,"[4.664219,1.334956,0.8094655]",
3592,"[4.660772,1.337801,0.8106354]",
3593,"[4.651873,1.345025,0.8145702]",
3594,"[4.645327,1.350274,0.8178896]",
3595,"[4.642873,1.352668,0.8183447]",
3596,"[4.643496,1.35235,0.8177165]",
3597,"[4.644399,1.351515,0.8167939]",
3598,"[4.645557,1.350564,0.8158956]",
3599,"[4.647572,1.349025,0.8145289]",
3600,"[4.651248,1.346513,0.8123171]",
3601,"[4.650012,1.347811,0.8132203]",
3602,"[4.637775,1.357955,0.8211637]",
3603,"[4.632658,1.362228,0.8246968]",
3604,"[4.639694,1.35748,0.8219128]",
3605,"[4.677776,1.328688,0.800092]",
3606,"[4.737335,1.283587,0.7655611]",
3607,"[5.058829,1.039296,0.5768355]",
3608,"[5.074182,1.028904,0.5699118]",
3609,"[5.093974,1.015773,0.5619541]",
3610,"[5.1168,0.9990041,0.5501641]",
3611,"[5.341357,0.8295541,0.4216439]",
3612,"[5.341935,0.8295541,0.4218669]",
3613,"[5.342607,0.8295541,0.4219252]",
3614,"[5.343404,0.8295541,0.4219576]",
3615,"[5.343612,0.8295541,0.4221078]",
3616,"[5.344697,0.8295541,0.4222471]",
3617,"[5.345616,0.8295541,0.4220164]",
3618,"[5.346951,0.8295541,0.4216612]",
3619,"[5.346978,0.8295541,0.4216168]",
3620,"[5.345926,0.8295541,0.4214633]",
3621,"[5.34489,0.8295541,0.4213794]",
3622,"[5.343226,0.8295541,0.4213872]",
3623,"[5.337584,0.8295541,0.4222795]",
3624,"[5.333991,0.8295541,0.4232399]",
3625,"[5.32994,0.8295541,0.424127]",
3626,"[5.328992,0.8295541,0.4242401]",
3627,"[5.326294,0.8295541,0.4249039]",
3628,"[5.324108,0.8295541,0.425434]",
3629,"[5.318936,0.8295541,0.4260174]",
3630,"[5.316875,0.8295541,0.4257821]",
3631,"[5.314759,0.8295541,0.4253424]",
3632,"[5.309569,0.8295541,0.4250069]",
3633,"[5.306077,0.8295541,0.4255989]",
3634,"[5.298353,0.8295541,0.4290921]",
3635,"[5.294837,0.8295541,0.4313954]",
3636,"[5.288557,0.8295541,0.4362321]",
3637,"[5.286021,0.8295541,0.4386682]",
3638,"[5.284434,0.8295541,0.4408047]",
3639,"[5.282585,0.8295541,0.4447629]",
3640,"[5.282052,0.8295541,0.4462282]",
3641,"[5.28371,0.8295541,0.4478017]",
3642,"[5.286003,0.8295541,0.4481181]",
3643,"[5.290889,0.8295541,0.4486448]",
3644,"[5.15663,0.9382036,0.5333146]",
3645,"[5.157839,0.9381322,0.5346972]",
3646,"[5.145047,0.9504142,0.5483863]",
3647,"[5.132072,0.962263,0.5601676]",
3648,"[5.303339,0.8295541,0.4661338]",
3649,"[5.305148,0.8295541,0.4690857]",
3650,"[5.139536,0.9645138,0.573855]",
3651,"[5.132336,0.9743645,0.5836809]",
3652,"[5.131215,0.9817492,0.5927601]",
3653,"[5.120752,0.9915913,0.6017816]",
3654,"[5.101667,1.007196,0.6147169]",
3655,"[5.071314,1.031954,0.6351705]",
3656,"[5.05873,1.042444,0.643694]",
3657,"[5.038882,1.059268,0.6569491]",
3658,"[5.026762,1.069221,0.664606]",
3659,"[4.998024,1.092275,0.6820413]",
3660,"[4.987247,1.101037,0.6887054]",
3661,"[4.972087,1.113181,0.6977375]",
3662,"[4.908761,1.162486,0.7338213]",
3663,"[4.869588,1.192612,0.7555112]",
3664,"[5.342755,0.8295541,0.4909225]",
3665,"[5.344114,0.8295541,0.4893306]",
3666,"[5.348728,0.8295541,0.4847616]",
3667,"[5.349941,0.8295541,0.4832837]",
3668,"[5.350038,0.8295541,0.4827882]",
3669,"[5.34939,0.8295541,0.4820105]",
3670,"[5.348859,0.8295541,0.4815155]",
3671,"[5.34817,0.8295541,0.4802248]",
3672,"[5.348035,0.8295541,0.4795432]",
3673,"[5.348035,0.8295541,0.478102]",
3674,"[5.348191,0.8295541,0.4773181]",
3675,"[5.348255,0.8295541,0.476304]",
3676,"[5.347955,0.8295541,0.4761015]",
3677,"[5.347433,0.8295541,0.4760412]",
3678,"[5.345264,0.8295541,0.4764067]",
3679,"[5.342912,0.8295541,0.4769665]",
3680,"[5.334644,0.8295541,0.4791593]",
3681,"[5.330061,0.8295541,0.4801641]",
3682,"[5.324173,0.8295541,0.4803554]",
3683,"[5.322709,0.8295541,0.4795837]",
3684,"[5.321492,0.8295541,0.4786887]",
3685,"[5.318284,0.8295541,0.4772853]",
3686,"[5.316168,0.8295541,0.4768856]",
3687,"[5.313696,0.8295541,0.4760712]",
3688,"[5.313406,0.8295541,0.4756917]",
3689,"[5.313507,0.8295541,0.4751044]",
3690,"[5.314816,0.8295541,0.4741814]",
3691,"[5.319545,0.8295541,0.4714703]",
3692,"[5.360614,0.8295541,0.4496396]",
3693,"[5.403071,0.8295541,0.4265834]",
3694,"[5.337967,0.9429898,0.471578]",
3695,"[5.339763,0.9744097,0.4732284]",
3696,"[5.344026,1.043899,0.4771467]",
3697,"[5.345681,1.063853,0.4786678]",
3698,"[5.348962,1.088767,0.4816844]",
3699,"[5.350681,1.097031,0.4832641]",
3700,"[5.352838,1.105613,0.4852462]",
3701,"[5.353639,1.10911,0.4859827]",
3702,"[5.354229,1.111909,0.4865254]",
3703,"[5.35511,1.116636,0.4873347]",
3704,"[5.355285,1.117332,0.4874959]",
3705,"[5.355942,1.118813,0.4880996]",
3706,"[5.356744,1.11988,0.4888371]",
3707,"[5.359135,1.121662,0.4910343]",
3708,"[5.361959,1.123005,0.4936299]",
3709,"[5.366284,1.125017,0.4976056]",
3710,"[5.377855,1.130527,0.5082408]",
3711,"[5.385057,1.133708,0.5148603]",
3712,"[5.398939,1.138488,0.5276199]",
3713,"[5.406323,1.140242,0.5344072]",
3714,"[5.419665,1.142507,0.5466705]",
3715,"[5.426709,1.143301,0.5531448]",
3716,"[5.434192,1.144141,0.5600228]",
3717,"[5.451495,1.147357,0.5759266]",
3718,"[5.462123,1.149253,0.5856957]",
3719,"[5.489248,1.150038,0.6106272]",
3720,"[5.511673,1.146756,0.6312394]",
3721,"[5.571251,1.133223,0.6859999]",
3722,"[5.607572,1.123248,0.7193845]",
3723,"[5.679755,1.098098,0.785731]",
3724,"[5.716705,1.081171,0.8196933]",
3725,"[5.750597,1.065414,0.8508452]",
3726,"[5.414552,1.190878,0.9614347]",
3727,"[5.424609,1.190878,0.9867763]",
3728,"[5.442657,1.190878,1.030976]",
3729,"[5.478925,1.179232,1.048156]",
3730,"[5.950001,1.008886,1.064749]",
3731,"[5.950001,1.006643,1.08383]",
3732,"[5.950001,1.004559,1.103758]",
3733,"[5.950001,1.002395,1.147578]",
3734,"[5.950001,1.002799,1.175662]",
3735,"[5.950001,1.002752,1.241056]",
3736,"[5.072035,1.3182,1.202789]",
3737,"[5.044623,1.3182,1.258684]",
3738,"[5.022488,1.3182,1.289676]",
3739,"[5.001921,1.3182,1.318741]",
3740,"[4.964118,1.3182,1.388395]",
3741,"[4.950969,1.3182,1.422246]",
3742,"[4.925385,1.3182,1.480151]",
3743,"[4.910062,1.3182,1.505259]",
3744,"[5.624534,0.9773828,1.961389]",
3745,"[5.765577,0.9000785,2.081103]",
3746,"[5.636097,0.9352533,2.076581]",
3747,"[5.584206,0.9485755,2.074769]",
3748,"[5.574638,0.9449788,2.093443]",
3749,"[5.748894,0.8484246,2.253409]",
3750,"[5.720309,0.8587148,2.256049]",
3751,"[5.697211,0.8655289,2.257797]",
3752,"[5.684544,0.8680103,2.258434]",
3753,"[5.669549,0.8696957,2.258866]",
3754,"[5.667076,0.8696883,2.258864]",
3755,"[5.666768,0.8692842,2.258761]",
3756,"[5.672991,0.8649626,2.257652]",
3757,"[5.680388,0.8609679,2.256627]",
3758,"[5.713636,0.845231,2.252589]",
3759,"[5.738114,0.8337556,2.249645]",
3760,"[5.801199,0.8016247,2.241401]",
3761,"[5.574911,0.9117392,2.10181]",
3762,"[5.596302,0.896709,2.075191]",
3763,"[5.633296,0.8741681,2.076483]",
3764,"[5.670524,0.8490642,2.077784]",
3765,"[5.743823,0.7941185,2.080343]",
3766,"[5.776566,0.7658635,2.081487]",
3767,"[5.817143,0.7245294,2.082904]",
3768,"[5.833399,0.7058468,2.083471]",
3769,"[5.859636,0.6719456,2.084388]",
3770,"[5.857579,0.6622185,2.08065]",
3771,"[5.83238,0.6622185,2.069636]",
3772,"[5.773468,0.6622184,2.048005]",
3773,"[5.743328,0.6622185,2.038645]",
3774,"[5.698378,0.6622184,2.022966]",
3775,"[5.677888,0.6622185,2.013825]",
3776,"[5.623287,0.6622185,1.982327]",
3777,"[5.589356,0.6622185,1.960734]",
3778,"[5.584121,0.643598,1.946295]",
3779,"[5.574634,0.6093792,1.922371]",
3780,"[5.57481,0.5920192,1.917329]",
3781,"[5.573856,0.5642744,1.944655]",
3782,"[5.572261,0.5539216,1.990321]",
3783,"[5.573641,0.5153738,2.151349]",
3784,"[5.569841,0.4814622,2.260176]",
3785,"[5.537014,0.3300636,2.607051]",
3786,"[5.528233,0.1912565,2.858506]",
3787,"[5.405956,0.113727,3.102482]",
3788,"[5.046745,0.1,3.45195]",
3789,"[4.862844,0.1,3.601727]",
3790,"[4.458403,0.1,3.838905]",
3791,"[4.279659,0.1000001,3.898125]",
3792,"[4.04621,0.1,3.889707]",
3793,"[3.986636,0.1,3.858552]",
3794,"[3.957909,0.1000001,3.827751]",
3795,"[3.940113,0.1,3.776028]",
3796,"[3.952464,0.1,3.751607]",
3797,"[4.002242,0.1000001,3.6892]",
3798,"[4.05943,0.1,3.640233]",
3799,"[4.158301,0.1,3.564735]",
3800,"[4.192935,0.1,3.542081]",
3801,"[4.224751,0.0999999,3.543113]",
3802,"[4.231452,0.1,3.554101]",
3803,"[4.231848,0.0999999,3.569752]",
3804,"[4.206709,0.1000001,3.609605]",
3805,"[4.168068,0.1,3.632755]",
3806,"[4.010203,0.1,3.693247]",
3807,"[3.900969,0.0999999,3.732242]",
3808,"[3.646104,0.1,3.808855]",
3809,"[3.495037,0.1,3.831055]",
3810,"[3.363122,0.1185077,3.804509]",
3811,"[3.049821,0.1,3.772086]",
3812,"[2.901613,0.1,3.717884]",
3813,"[3.135913,0.6002312,2.91533]",
3814,"[3.019004,0.5806857,2.911766]",
3815,"[2.854463,0.5806857,2.847642]",
3816,"[2.789186,0.5806857,2.813773]",
3817,"[3.005,0.7630174,2.559229]",
3818,"[3.005,0.8051118,2.47307]",
3819,"[3.005,0.8226241,2.438797]",
3820,"[3.005,0.8491388,2.391517]",
3821,"[3.005,0.8630924,2.371597]",
3822,"[3.005,0.8988845,2.328874]",
3823,"[2.966578,0.8988907,2.329145]",
3824,"[2.899895,0.8988907,2.325047]",
3825,"[2.871901,0.8988907,2.318094]",
3826,"[2.84792,0.8988907,2.307399]",
3827,"[2.222985,0.6002312,2.591559]",
3828,"[2.221367,0.6002312,2.565935]",
3829,"[2.225974,0.6002312,2.5096]",
3830,"[2.227214,0.6002312,2.478406]",
3831,"[2.275524,0.6298806,2.390999]",
3832,"[2.204198,0.6002312,2.387762]",
3833,"[2.050001,0.5302314,2.411005]",
3834,"[2.050001,0.5330052,2.327694]",
3835,"[2.050001,0.5289904,2.285209]",
3836,"[2.225287,0.6002312,2.153139]",
3837,"[2.618276,0.786768,2.0088]",
3838,"[2.705837,0.8177758,1.924033]",
3839,"[2.696243,0.8073208,1.897322]",
3840,"[2.677443,0.7850228,1.84489]",
3841,"[2.669092,0.7736956,1.821522]",
3842,"[2.660634,0.7621033,1.797849]",
3843,"[2.648495,0.7469904,1.763954]",
3844,"[2.641718,0.7371504,1.744956]",
3845,"[2.629033,0.7150502,1.709199]",
3846,"[2.622113,0.7017982,1.689625]",
3847,"[2.501655,0.6160836,1.651267]",
3848,"[2.514071,0.6160836,1.627724]",
3849,"[2.519876,0.6160836,1.606548]",
3850,"[2.525344,0.6160836,1.568433]",
3851,"[2.527255,0.6160836,1.553356]",
3852,"[2.470941,0.5806856,1.52462]",
3853,"[2.473232,0.5806856,1.512834]",
3854,"[2.477351,0.5806856,1.488799]",
3855,"[2.478692,0.5806856,1.478417]",
3856,"[2.481941,0.5806856,1.45958]",
3857,"[2.483241,0.5806856,1.451042]",
3858,"[2.48199,0.5806856,1.443059]",
3859,"[2.472044,0.5806856,1.427269]",
3860,"[2.466349,0.5806856,1.420161]",
3861,"[2.456494,0.5806856,1.407788]",
3862,"[2.45244,0.5806856,1.402187]",
3863,"[2.447134,0.5806856,1.393648]",
3864,"[2.444827,0.5806856,1.390683]",
3865,"[2.443168,0.5806856,1.388576]",
3866,"[2.442203,0.5806856,1.38668]",
3867,"[2.442239,0.5806856,1.386542]",
3868,"[2.441354,0.5806856,1.38744]",
3869,"[2.439812,0.5806856,1.389368]",
3870,"[2.436637,0.5806856,1.398479]",
3871,"[2.437298,0.5806856,1.411693]",
3872,"[2.440522,0.5806856,1.433326]",
3873,"[2.456121,0.5806856,1.507912]",
3874,"[2.516083,0.6120053,1.54844]",
3875,"[2.695158,0.7073249,1.627884]",
3876,"[2.620719,0.6413711,1.682574]",
3877,"[2.651276,0.6382483,1.765679]",
3878,"[2.665059,0.6414958,1.803414]",
3879,"[2.690908,0.6482774,1.874223]",
3880,"[2.704046,0.6519726,1.910226]",
3881,"[2.714874,0.6543229,1.939861]",
3882,"[2.677456,0.6120023,2.019998]",
3883,"[2.702389,0.6238924,2.042181]",
3884,"[2.725323,0.6298806,2.081782]",
3885,"[2.732057,0.6298806,2.098592]",
3886,"[2.719857,0.6092423,2.141174]",
3887,"[2.69052,0.5806857,2.171171]",
3888,"[2.694848,0.5806856,2.181875]",
3889,"[2.70041,0.5806857,2.200631]",
3890,"[2.701387,0.5806857,2.209447]",
3891,"[2.700942,0.5806857,2.224586]",
3892,"[2.700287,0.5806857,2.232108]",
3893,"[2.697418,0.5806857,2.245568]",
3894,"[2.695223,0.5806857,2.250793]",
3895,"[2.690162,0.5806857,2.258906]",
3896,"[2.686712,0.5806857,2.262856]",
3897,"[2.682406,0.5806857,2.266998]",
3898,"[2.839332,0.719006,2.193371]",
3899,"[2.842151,0.7322517,2.193371]",
3900,"[2.842628,0.7700906,2.193371]",
3901,"[2.841367,0.7903222,2.193371]",
3902,"[2.547554,0.6298806,2.320555]",
3903,"[2.50156,0.6298806,2.336941]",
3904,"[2.465531,0.6298806,2.349041]",
3905,"[2.418293,0.6298806,2.365348]",
3906,"[2.401733,0.6298806,2.371772]",
3907,"[2.381879,0.6298806,2.378184]",
3908,"[2.371521,0.6298806,2.381114]",
3909,"[2.351441,0.6298806,2.387347]",
3910,"[2.345774,0.6298806,2.389376]",
3911,"[2.343623,0.6298806,2.390449]",
3912,"[2.342467,0.6298806,2.401857]",
3913,"[2.345213,0.6298806,2.402037]",
3914,"[2.359764,0.6298806,2.402851]",
3915,"[2.370732,0.6298806,2.404447]",
3916,"[2.382414,0.6298806,2.406939]",
3917,"[2.394405,0.6298806,2.410039]",
3918,"[2.413787,0.6298806,2.41549]",
3919,"[2.419813,0.6298806,2.417552]",
3920,"[2.426607,0.6298806,2.419955]",
3921,"[2.429261,0.6298806,2.420679]",
3922,"[2.431687,0.6298806,2.421155]",
3923,"[2.435602,0.6298806,2.421016]",
3924,"[2.437912,0.6298806,2.420472]",
3925,"[2.441863,0.6298806,2.418258]",
3926,"[2.442704,0.6298806,2.416981]",
3927,"[2.441601,0.6298806,2.414224]",
3928,"[2.438317,0.6298806,2.413112]",
3929,"[2.433223,0.6298806,2.41196]",
3930,"[2.420272,0.6298806,2.409387]",
3931,"[2.413017,0.6298806,2.407663]",
3932,"[2.401286,0.6298806,2.403674]",
3933,"[2.397403,0.6298806,2.401816]",
3934,"[2.392334,0.6298806,2.399815]",
3935,"[2.390656,0.6298806,2.399282]",
3936,"[2.389988,0.6298806,2.399012]",
3937,"[2.389763,0.6298806,2.398885]",
3938,"[2.389687,0.6298806,2.398964]",
3939,"[2.389061,0.6298806,2.400149]",
3940,"[2.388527,0.6298806,2.401502]",
3941,"[2.388923,0.6298806,2.403553]",
3942,"[2.390747,0.6298806,2.406923]",
3943,"[2.393745,0.6298806,2.412036]",
3944,"[2.393966,0.6298806,2.415071]",
3945,"[2.394012,0.6298806,2.417846]",
3946,"[2.394165,0.6298806,2.422758]",
3947,"[2.393915,0.6298806,2.425147]",
3948,"[2.392247,0.6298806,2.429615]",
3949,"[2.390222,0.6298806,2.431861]",
3950,"[2.383963,0.6298806,2.436681]",
3951,"[2.379165,0.6298806,2.439282]",
3952,"[2.372428,0.6298806,2.442182]",
3953,"[2.348726,0.6298806,2.449435]",
3954,"[2.335726,0.6298806,2.452596]",
3955,"[2.319393,0.6298806,2.455363]",
3956,"[2.314306,0.6298806,2.45623]",
3957,"[2.307352,0.6298806,2.457634]",
3958,"[2.304658,0.6298806,2.458218]",
3959,"[2.303566,0.6298806,2.458419]",
3960,"[2.304094,0.6298806,2.458251]",
3961,"[2.305113,0.6298806,2.45786]",
3962,"[2.3065,0.6298806,2.457221]",
3963,"[2.30652,0.6298806,2.457185]",
3964,"[2.306392,0.6298806,2.457378]",
3965,"[2.306612,0.6298806,2.457406]",
3966,"[2.308379,0.6298806,2.457149]",
3967,"[2.310792,0.6298806,2.456657]",
3968,"[2.3148,0.6298806,2.455596]",
3969,"[2.32625,0.6298806,2.451939]",
3970,"[2.331154,0.6298806,2.450126]",
3971,"[2.336068,0.6298806,2.446968]",
3972,"[2.336484,0.6298806,2.445561]",
3973,"[2.335058,0.6298806,2.442824]",
3974,"[2.334691,0.6298806,2.441085]",
3975,"[2.335164,0.6298806,2.43835]",
3976,"[2.34025,0.6298806,2.42885]",
3977,"[2.34348,0.6298806,2.42338]",
3978,"[2.349573,0.6298806,2.413723]",
3979,"[2.352484,0.6298806,2.409851]",
3980,"[2.356234,0.6298806,2.404835]",
3981,"[2.357623,0.6298806,2.402844]",
3982,"[2.358713,0.6298806,2.401081]",
3983,"[2.359738,0.6298806,2.398658]",
3984,"[2.359472,0.6298806,2.397918]",
3985,"[2.357099,0.6298806,2.397455]",
3986,"[2.355055,0.6298806,2.397387]",
3987,"[2.338775,0.6190069,2.401744]",
3988,"[2.315419,0.6002312,2.409561]",
3989,"[2.395357,0.6650261,2.379892]",
3990,"[2.44306,0.7026116,2.361284]",
3991,"[2.450638,0.7083572,2.358054]",
3992,"[2.461659,0.7170165,2.353484]",
3993,"[2.462335,0.7173029,2.353028]",
3994,"[2.446818,0.7027486,2.358458]",
3995,"[2.321074,0.5970632,2.40138]",
3996,"[2.321077,0.5929857,2.40168]",
3997,"[2.321077,0.5905733,2.401693]",
3998,"[2.321076,0.588996,2.401597]",
3999,"[2.321069,0.5861028,2.400743]",
4000,"[2.321063,0.5853872,2.400128]",
4001,"[2.321044,0.5848271,2.398058]",
4002,"[2.321031,0.5847032,2.396585]",
4003,"[2.321005,0.5843849,2.393682]",
4004,"[2.320992,0.58398,2.392325]",
4005,"[2.375458,0.6298806,2.374917]",
4006,"[2.374247,0.6298806,2.373038]",
4007,"[2.370367,0.6298806,2.367576]",
4008,"[2.367438,0.6298806,2.362397]",
4009,"[2.364609,0.6298806,2.355261]",
4010,"[2.357127,0.6298806,2.335702]",
4011,"[2.350461,0.6298806,2.32319]",
4012,"[2.290376,0.6002312,2.285448]",
4013,"[2.275156,0.6002312,2.255229]",
4014,"[2.253608,0.6002312,2.199152]",
4015,"[2.246151,0.6002312,2.169689]",
4016,"[2.242627,0.6002311,2.141403]",
4017,"[2.242787,0.6002312,2.090542]",
4018,"[2.243222,0.6002312,2.066842]",
4019,"[2.49369,0.7967724,2.052212]",
4020,"[2.51681,0.8162629,2.040308]",
4021,"[2.553013,0.8484211,2.021358]",
4022,"[2.567304,0.8623258,2.013647]",
4023,"[2.582288,0.8771451,2.005504]",
4024,"[2.595691,0.8950757,1.997259]",
4025,"[2.601583,0.9030457,1.993616]",
4026,"[2.610242,0.9141646,1.988383]",
4027,"[2.613998,0.9182639,1.986261]",
4028,"[2.622046,0.9267648,1.981773]",
4029,"[2.625419,0.9306237,1.979832]",
4030,"[2.62763,0.9355358,1.978073]",
4031,"[2.626556,0.9365126,1.97824]",
4032,"[2.625472,0.9371732,1.978475]",
4033,"[2.623657,0.9383714,1.978851]",
4034,"[2.622687,0.9392848,1.978996]",
4035,"[2.624157,0.9459912,1.977123]",
4036,"[2.622344,0.9483414,1.977262]",
4037,"[2.623531,0.9549553,1.975505]",
4038,"[2.622774,0.95626,1.975497]",
4039,"[2.626452,0.9596378,1.97355]",
4040,"[2.634571,0.9658906,1.969497]",
4041,"[2.634619,0.9660574,1.969447]",
4042,"[2.643896,0.9728889,1.96488]",
4043,"[2.649611,0.9770373,1.962079]",
4044,"[2.66082,0.984739,1.956674]",
4045,"[2.668492,0.9896351,1.953051]",
4046,"[2.685356,0.9994092,1.945289]",
4047,"[2.696431,1.00527,1.940306]",
4048,"[2.709563,1.011816,1.93448]",
4049,"[2.712399,1.006791,1.917427]",
4050,"[2.708375,0.9989359,1.905626]",
4051,"[2.699703,0.9819612,1.880193]",
4052,"[2.693948,0.9708225,1.863315]",
4053,"[2.679132,0.9423789,1.819864]",
4054,"[2.669593,0.9232616,1.791885]",
4055,"[2.658714,0.9004631,1.759973]",
4056,"[2.632812,0.843241,1.683972]",
4057,"[2.345719,0.5806856,1.530947]",
4058,"[2.390665,0.5806856,1.478093]",
4059,"[2.410806,0.5806856,1.456407]",
4060,"[2.456946,0.5806856,1.430116]",
4061,"[2.488741,0.5806856,1.419405]",
4062,"[2.508222,0.5806856,1.414952]",
4063,"[2.541077,0.5806856,1.406666]",
4064,"[2.552359,0.5806856,1.402553]",
4065,"[2.568505,0.5806856,1.396706]",
4066,"[2.577018,0.5806856,1.394939]",
4067,"[2.593367,0.5806856,1.391651]",
4068,"[2.599112,0.5806856,1.389767]",
4069,"[2.609763,0.5806856,1.38453]",
4070,"[2.614832,0.5806856,1.382435]",
4071,"[2.620147,0.5806856,1.380502]",
4072,"[2.632961,0.5806856,1.375211]",
4073,"[2.640349,0.5806856,1.371341]",
4074,"[2.652532,0.5806856,1.364188]",
4075,"[2.658474,0.5806856,1.360308]",
4076,"[2.667461,0.5806856,1.353876]",
4077,"[2.672513,0.5806856,1.349266]",
4078,"[2.681018,0.5806856,1.337592]",
4079,"[2.686553,0.5831919,1.332137]",
4080,"[2.698626,0.5942996,1.331415]",
4081,"[2.701839,0.5942996,1.318165]",
4082,"[2.703333,0.5942996,1.311452]",
4083,"[2.705646,0.5942996,1.301396]",
4084,"[2.706527,0.5942996,1.297115]",
4085,"[2.708282,0.5942996,1.288317]",
4086,"[2.709195,0.5942996,1.284031]",
4087,"[2.709773,0.5942996,1.280818]",
4088,"[2.710725,0.5942996,1.273424]",
4089,"[2.711272,0.5942996,1.268413]",
4090,"[2.712856,0.5942996,1.258605]",
4091,"[2.71353,0.5942996,1.252957]",
4092,"[2.712669,0.5942996,1.234717]",
4093,"[2.711364,0.5942996,1.222088]",
4094,"[2.710086,0.5942996,1.209966]",
4095,"[2.707407,0.5942996,1.186494]",
4096,"[2.706168,0.5942996,1.174378]",
4097,"[2.705101,0.5942996,1.1487]",
4098,"[2.705326,0.5942996,1.136714]",
4099,"[2.706638,0.5942996,1.118486]",
4100,"[2.707665,0.5942996,1.111108]",
4101,"[2.710481,0.5942996,1.096364]",
4102,"[2.711861,0.5942996,1.089015]",
4103,"[2.701701,0.5806856,1.069999]",
4104,"[2.716909,0.5944804,1.068891]",
4105,"[2.731187,0.6087835,1.076257]",
4106,"[2.752519,0.6307459,1.087263]",
4107,"[2.758862,0.6379711,1.090535]",
4108,"[2.763204,0.6443568,1.092775]",
4109,"[2.762791,0.6453251,1.092562]",
4110,"[2.759756,0.6444362,1.090997]",
4111,"[2.740639,0.6333823,1.081134]",
4112,"[2.721894,0.6215292,1.071463]",
4113,"[2.676625,0.5921884,1.048108]",
4114,"[2.655277,0.5806855,1.040173]",
4115,"[2.636675,0.5806855,1.045117]",
4116,"[2.630059,0.5806855,1.048259]",
4117,"[2.624391,0.5806855,1.051759]",
4118,"[2.616732,0.5806855,1.058116]",
4119,"[2.612912,0.5806855,1.06136]",
4120,"[2.60688,0.5806856,1.066001]",
4121,"[2.604173,0.5806856,1.068006]",
4122,"[2.598605,0.5806856,1.071305]",
4123,"[2.595298,0.5806856,1.072548]",
4124,"[2.592344,0.5840306,1.07746]",
4125,"[2.594586,0.5889505,1.082349]",
4126,"[2.596623,0.5932627,1.086818]",
4127,"[2.599622,0.5998349,1.093358]",
4128,"[2.600338,0.6017971,1.094857]",
4129,"[2.589418,0.5986447,1.0676]",
4130,"[2.567151,0.5806855,1.009063]",
4131,"[2.845695,0.8159872,1.135334]",
4132,"[2.953884,0.9013834,1.191151]",
4133,"[3.020819,0.9206412,1.142552]",
4134,"[3.043471,0.9206412,1.111092]",
4135,"[3.062959,0.9206412,1.083326]",
4136,"[3.099493,0.9206412,1.024991]",
4137,"[3.116616,0.9206412,0.990681]",
4138,"[3.146157,0.9206412,0.9244616]",
4139,"[3.011581,0.7528071,0.6029561]",
4140,"[3.078659,0.7924054,0.6029561]",
4141,"[3.103859,0.8058817,0.6029561]",
4142,"[3.12474,0.8165776,0.6029561]",
4143,"[3.167951,0.8363338,0.6029561]",
4144,"[3.184116,0.8436971,0.6029561]",
4145,"[3.209092,0.8557283,0.6003008]",
4146,"[3.215376,0.8557283,0.5845259]",
4147,"[3.224531,0.8557283,0.5557196]",
4148,"[3.229576,0.8557283,0.5409256]",
4149,"[3.233186,0.8557283,0.5319768]",
4150,"[3.240888,0.8557283,0.5170734]",
4151,"[3.245029,0.8557283,0.5093354]",
4152,"[3.253866,0.8557283,0.4921494]",
4153,"[3.2788,0.8797921,0.5341545]",
4154,"[3.305112,0.8983276,0.5598293]",
4155,"[3.318065,0.9060799,0.5712462]",
4156,"[3.338749,0.9179815,0.5890511]",
4157,"[3.348206,0.9235727,0.5967734]",
4158,"[3.353091,0.9265308,0.6007628]",
4159,"[3.358202,0.9282975,0.6049361]",
4160,"[3.360267,0.9276412,0.6066225]",
4161,"[3.365851,0.9226594,0.6111829]",
4162,"[3.367683,0.9197202,0.6126413]",
4163,"[3.372688,0.9113182,0.6153913]",
4164,"[3.376373,0.9080421,0.6178403]",
4165,"[3.380413,0.9052826,0.6206464]",
4166,"[3.388821,0.9007477,0.6266628]",
4167,"[3.392812,0.8973021,0.6293303]",
4168,"[3.399819,0.8837129,0.6329141]",
4169,"[3.402427,0.8744389,0.6336337]",
4170,"[3.405465,0.8565959,0.6334448]",
4171,"[3.406379,0.8478458,0.6327531]",
4172,"[3.406682,0.8368393,0.6304947]",
4173,"[3.407048,0.8171989,0.6263217]",
4174,"[3.408481,0.8088041,0.6255976]",
4175,"[3.411844,0.797976,0.6259203]",
4176,"[3.41375,0.7947794,0.626774]",
4177,"[3.407302,0.770111,0.5992635]",
4178,"[3.415944,0.770111,0.6092176]",
4179,"[3.435399,0.770111,0.6294914]",
4180,"[3.442963,0.770111,0.6368707]",
4181,"[3.447985,0.770111,0.6414701]",
4182,"[3.452709,0.770111,0.6452823]",
4183,"[3.454252,0.7701109,0.6466192]",
4184,"[3.457337,0.7701109,0.6489198]",
4185,"[3.459251,0.7701109,0.65031]",
4186,"[3.463001,0.7701109,0.6535608]",
4187,"[3.464327,0.7701109,0.6546204]",
4188,"[3.465526,0.7701109,0.6538043]",
4189,"[3.465629,0.770111,0.6508067]",
4190,"[3.481505,0.7954541,0.6831592]",
4191,"[3.488171,0.8076782,0.6914775]",
4192,"[3.490793,0.8124414,0.6947392]",
4193,"[3.493985,0.8174531,0.6980401]",
4194,"[3.495345,0.819259,0.6993835]",
4195,"[3.497139,0.8223166,0.7012538]",
4196,"[3.498482,0.8250792,0.7027236]",
4197,"[3.500333,0.8287352,0.7047269]",
4198,"[3.50504,0.8364421,0.7095883]",
4199,"[3.507258,0.8398726,0.7118499]",
4200,"[3.512256,0.8474171,0.7169191]",
4201,"[3.515916,0.8529951,0.7206393]",
4202,"[3.522363,0.8627473,0.7259295]",
4203,"[3.524871,0.8661889,0.7268385]",
4204,"[3.52754,0.869568,0.7277996]",
4205,"[3.532629,0.8758092,0.7296276]",
4206,"[3.535076,0.8790734,0.7305125]",
4207,"[3.538196,0.8842262,0.7297578]",
4208,"[3.539389,0.8864399,0.72912]",
4209,"[3.541248,0.8896161,0.7280364]",
4210,"[3.542274,0.8909754,0.7274736]",
4211,"[3.544906,0.8933824,0.7261283]",
4212,"[3.54639,0.8936394,0.7254692]",
4213,"[3.548508,0.8931053,0.7243798]",
4214,"[3.55468,0.8890539,0.7205807]",
4215,"[3.56081,0.88446,0.7167713]",
4216,"[3.576349,0.8641537,0.6979861]",
4217,"[3.58832,0.841992,0.6765372]",
4218,"[3.609879,0.7668666,0.5958569]",
4219,"[3.631538,0.7479347,0.5812217]",
4220,"[3.647095,0.7233778,0.5549681]",
4221,"[3.65344,0.6359851,0.4436125]",
4222,"[3.653726,0.5800528,0.3708134]",
4223,"[3.598341,0.3413301,0.05000033]",
4224,"[3.60981,0.3415715,0.05000033]",
4225,"[3.626597,0.3426166,0.05000033]",
4226,"[3.631508,0.3432299,0.05000033]",
4227,"[3.635167,0.3438405,0.05000033]",
4228,"[3.640486,0.343968,0.05000033]",
4229,"[3.643162,0.3426031,0.05000033]",
4230,"[3.65022,0.3348826,0.05000033]",
4231,"[3.6543,0.329906,0.05000033]",
4232,"[3.660689,0.3234683,0.05000033]",
4233,"[3.843456,0.9621606,0.9004299]",
4234,"[3.8537,0.9990039,0.9483398]",
4235,"[3.848775,1.010693,0.9514851]",
4236,"[3.843769,1.017046,0.9510701]",
4237,"[3.838185,1.021613,0.9488279]",
4238,"[3.835531,1.023199,0.9477537]",
4239,"[3.830203,1.025216,0.9452417]",
4240,"[3.827837,1.025625,0.943641]",
4241,"[3.824059,1.026865,0.9416155]",
4242,"[3.822104,1.027496,0.940702]",
4243,"[3.818693,1.028795,0.939586]",
4244,"[3.817033,1.029102,0.9388525]",
4245,"[3.815162,1.029218,0.9379435]",
4246,"[3.81021,1.025398,0.9312448]",
4247,"[3.80569,1.018843,0.9214236]",
4248,"[3.552763,0.4081396,0.05000046]",
4249,"[3.63792,0.6260665,0.3606691]",
4250,"[3.637708,0.6465495,0.3868488]",
4251,"[3.637084,0.6560723,0.3966566]",
4252,"[3.636164,0.6645572,0.4037576]",
4253,"[3.634371,0.6776477,0.4130311]",
4254,"[3.633759,0.6829667,0.4173245]",
4255,"[3.633158,0.6941117,0.4293834]",
4256,"[3.633011,0.7004557,0.4375696]",
4257,"[3.631986,0.7127373,0.4539704]",
4258,"[3.630541,0.7176813,0.4598686]",
4259,"[3.628675,0.7222372,0.4642078]",
4260,"[3.624688,0.7311822,0.4711858]",
4261,"[3.622543,0.7360995,0.4752396]",
4262,"[3.618652,0.7416736,0.4798118]",
4263,"[3.617159,0.7438038,0.4819025]",
4264,"[3.614642,0.7474548,0.485711]",
4265,"[3.612995,0.7490575,0.487415]",
4266,"[3.609883,0.7510542,0.4904777]",
4267,"[3.608435,0.7522365,0.4935899]",
4268,"[3.60694,0.7538033,0.4991082]",
4269,"[3.604332,0.7567694,0.510293]",
4270,"[3.602808,0.7582196,0.51494]",
4271,"[3.599415,0.7608528,0.5213197]",
4272,"[3.596947,0.7625977,0.5248228]",
4273,"[3.608959,0.7980074,0.5785578]",
4274,"[3.651275,0.8833753,0.7044266]",
4275,"[3.701127,0.979019,0.8446851]",
4276,"[3.732648,1.045815,0.9435181]",
4277,"[3.727833,1.044458,0.9432114]",
4278,"[3.718665,1.041385,0.9421093]",
4279,"[3.715804,1.041252,0.9431959]",
4280,"[3.708938,1.042211,0.9478359]",
4281,"[3.705712,1.043675,0.9515827]",
4282,"[3.701187,1.048394,0.9608349]",
4283,"[3.700383,1.052796,0.9676938]",
4284,"[3.697333,1.05905,0.9769295]",
4285,"[3.695049,1.060801,0.9794552]",
4286,"[3.69338,1.062593,0.9823415]",
4287,"[3.694474,1.071273,0.9960343]",
4288,"[3.246227,0.3987457,0.05000012]",
4289,"[3.237689,0.3948032,0.05000012]",
4290,"[3.233461,0.3920469,0.05]",
4291,"[3.226052,0.3857701,0.05000012]",
4292,"[3.222745,0.3825004,0.05000012]",
4293,"[3.219732,0.3794907,0.05000012]",
4294,"[3.2138,0.3739573,0.05000024]",
4295,"[3.210911,0.3710526,0.05000012]",
4296,"[3.205665,0.3645922,0.05000012]",
4297,"[3.203941,0.3617969,0.05000012]",
4298,"[3.202441,0.3580431,0.05]",
4299,"[3.202368,0.3569604,0.05000012]",
4300,"[3.202548,0.3561538,0.05000012]",
4301,"[3.203649,0.3542502,0.05000012]",
4302,"[3.204472,0.3524101,0.05000012]",
4303,"[3.206086,0.344499,0.05]",
4304,"[3.206438,0.3372233,0.05000012]",
4305,"[3.206793,0.3117936,0.05000012]",
4306,"[3.207049,0.2915918,0.05000012]",
4307,"[3.207718,0.2659703,0.05000012]",
4308,"[3.212356,0.1940836,0.05]",
4309,"[3.218112,0.1424204,0.05]",
4310,"[3.492247,0.522711,0.5899182]",
4311,"[3.526446,0.522711,0.6447468]",
4312,"[3.567744,0.5146464,0.701574]",
4313,"[3.571972,0.4883627,0.6960837]",
4314,"[3.574175,0.4823914,0.6932224]",
4315,"[3.577248,0.4752262,0.688162]",
4316,"[3.578582,0.4723367,0.6858656]",
4317,"[3.580498,0.4689124,0.6827091]",
4318,"[3.581035,0.4685237,0.6819352]",
4319,"[3.581404,0.4688551,0.6815206]",
4320,"[3.581338,0.468839,0.6816044]",
4321,"[3.580759,0.4672579,0.6820468]",
4322,"[3.58051,0.46605,0.6821349]",
4323,"[3.580466,0.4650744,0.6820019]",
4324,"[3.580683,0.4630188,0.6813187]",
4325,"[3.58085,0.4616057,0.6808258]",
4326,"[3.581022,0.4583808,0.6799728]",
4327,"[3.581077,0.4567699,0.6795873]",
4328,"[3.581314,0.4522912,0.6784054]",
4329,"[3.581455,0.4498292,0.6777415]",
4330,"[3.581584,0.4481072,0.6772381]",
4331,"[3.581789,0.4462488,0.676609]",
4332,"[3.58183,0.4457775,0.6764641]",
4333,"[3.581781,0.4448356,0.6763437]",
4334,"[3.581573,0.4438815,0.6764266]",
4335,"[3.580889,0.4412241,0.6767974]",
4336,"[3.580497,0.4399053,0.6770492]",
4337,"[3.579953,0.4386247,0.6775053]",
4338,"[3.579731,0.4381924,0.677709]",
4339,"[3.579439,0.4375932,0.6779711]",
4340,"[3.578427,0.4355881,0.6788942]",
4341,"[3.577857,0.4345822,0.6794384]",
4342,"[3.576916,0.4340256,0.6805507]",
4343,"[3.576455,0.4342143,0.6811861]",
4344,"[3.575041,0.4357691,0.6833259]",
4345,"[3.573466,0.4380514,0.6858168]",
4346,"[3.570856,0.4428454,0.690142]",
4347,"[3.569578,0.4455058,0.6923197]",
4348,"[3.56854,0.4478539,0.694127]",
4349,"[3.566265,0.4523736,0.6979623]",
4350,"[3.564841,0.4548666,0.7002985]",
4351,"[3.562882,0.4590422,0.703657]",
4352,"[3.5623,0.4604677,0.7046911]",
4353,"[3.561743,0.4618289,0.7056806]",
4354,"[3.561604,0.4618703,0.705869]",
4355,"[3.561317,0.4614239,0.7061544]",
4356,"[3.559797,0.4570043,0.7072658]",
4357,"[3.559113,0.4544992,0.7076652]",
4358,"[3.557778,0.4495391,0.7084303]",
4359,"[3.557244,0.4482023,0.7088628]",
4360,"[3.556667,0.4479976,0.7095719]",
4361,"[3.556458,0.4484116,0.7099242]",
4362,"[3.556144,0.4488261,0.7104124]",
4363,"[3.555066,0.4469457,0.7114459]",
4364,"[3.553756,0.4421752,0.7122161]",
4365,"[3.552287,0.4350191,0.7127261]",
4366,"[3.552119,0.4337669,0.7127002]",
4367,"[3.554354,0.4501215,0.7129895]",
4368,"[3.556934,0.465404,0.7126228]",
4369,"[3.558767,0.4712608,0.7113857]",
4370,"[3.56223,0.470025,0.7066478]",
4371,"[3.56311,0.4661179,0.7047418]",
4372,"[3.564509,0.4698228,0.7036485]",
4373,"[3.566269,0.4822119,0.7034888]",
4374,"[3.574817,0.5177618,0.7091039]",
4375,"[3.579956,0.5333512,0.7160201]",
4376,"[3.582199,0.5395969,0.718791]",
4377,"[3.58223,0.5398698,0.718912]",
4378,"[3.582019,0.5396505,0.7188148]",
4379,"[3.577732,0.5266621,0.7130525]",
4380,"[3.575069,0.5165406,0.7085623]",
4381,"[3.569705,0.489664,0.6990266]",
4382,"[3.569244,0.4799241,0.6994722]",
4383,"[3.567719,0.4703063,0.6995746]",
4384,"[3.56941,0.4713135,0.6975757]",
4385,"[3.572343,0.470366,0.6935818]",
4386,"[3.571775,0.4624933,0.6927831]",
4387,"[3.571343,0.4537734,0.6916422]",
4388,"[3.570029,0.4325297,0.6892014]",
4389,"[3.56897,0.4213352,0.6883923]",
4390,"[3.566869,0.4037941,0.6876963]",
4391,"[3.565931,0.3944838,0.6870974]",
4392,"[3.564173,0.3710447,0.6848063]",
4393,"[3.56387,0.3584829,0.682747]",
4394,"[3.564227,0.3469423,0.6800307]",
4395,"[3.566623,0.336343,0.6748511]",
4396,"[3.567494,0.3360618,0.6736647]",
4397,"[3.57019,0.3380359,0.6705493]",
4398,"[3.57108,0.3389979,0.6695808]",
4399,"[3.572241,0.3398,0.6682307]",
4400,"[3.573058,0.3395191,0.667115]",
4401,"[3.573989,0.3388211,0.6657692]",
4402,"[3.576488,0.3377449,0.6623149]",
4403,"[3.580756,0.3392615,0.657068]",
4404,"[3.583246,0.3417458,0.6543204]",
4405,"[3.585426,0.3442594,0.6519792]",
4406,"[3.58802,0.3480806,0.6493577]",
4407,"[3.588539,0.3500191,0.649061]",
4408,"[3.588838,0.3524514,0.6491476]",
4409,"[3.588792,0.3547325,0.649653]",
4410,"[3.589205,0.3632733,0.6507841]",
4411,"[3.611822,0.4123787,0.7009625]",
4412,"[3.644011,0.4765591,0.7726446]",
4413,"[3.659878,0.5072892,0.8058965]",
4414,"[3.64949,0.4889525,0.7803204]",
4415,"[3.622026,0.4417926,0.7130734]",
4416,"[3.617243,0.43305,0.7009066]",
4417,"[3.623885,0.4397193,0.7133521]",
4418,"[3.628096,0.4467901,0.722169]",
4419,"[3.595804,0.3905807,0.6475444]",
4420,"[3.596594,0.3909918,0.6465986]",
4421,"[3.59732,0.3885186,0.6451741]",
4422,"[3.598615,0.3866677,0.6431305]",
4423,"[3.599698,0.3844974,0.6413008]",
4424,"[3.601835,0.3788432,0.6374218]",
4425,"[3.602485,0.375163,0.6358603]",
4426,"[3.602777,0.371948,0.6348531]",
4427,"[3.60322,0.3667276,0.6332583]",
4428,"[3.603775,0.364188,0.6320434]",
4429,"[3.605264,0.357201,0.6287453]",
4430,"[3.606052,0.3499197,0.6263012]",
4431,"[3.606967,0.3223549,0.6197332]",
4432,"[3.528583,0.1539834,0.4282934]",
4433,"[3.54435,0.1539835,0.4560965]",
4434,"[3.550718,0.1539834,0.4662447]",
4435,"[3.557826,0.1539834,0.4773516]",
4436,"[3.566483,0.1539834,0.4926807]",
4437,"[3.570151,0.1539835,0.5016778]",
4438,"[3.574245,0.1539835,0.5164048]",
4439,"[3.575155,0.1539834,0.5217707]",
4440,"[3.57602,0.1539834,0.5308909]",
4441,"[3.580573,0.1629171,0.5467967]",
4442,"[3.550617,0.1,0.4834715]",
4443,"[3.710769,0.4271199,0.863434]",
4444,"[3.68849,0.3789086,0.8145221]",
4445,"[3.556213,0.1,0.5151873]",
4446,"[3.557625,0.1,0.5200805]",
4447,"[3.558527,0.1,0.522709]",
4448,"[3.653604,0.2950748,0.7381463]",
4449,"[3.670985,0.3252195,0.7738067]",
4450,"[3.681771,0.3440149,0.7952748]",
4451,"[3.694571,0.3677501,0.821395]",
4452,"[3.726904,0.4305078,0.8892091]",
4453,"[3.740792,0.457534,0.9180417]",
4454,"[3.775533,0.5277228,0.9933856]",
4455,"[3.786929,0.549948,1.017221]",
4456,"[3.801534,0.5760477,1.045025]",
4457,"[3.799332,0.5675192,1.034991]",
4458,"[3.586117,0.1,0.5136082]",
4459,"[3.591228,0.1,0.5111468]",
4460,"[3.594948,0.1,0.5117859]",
4461,"[3.603822,0.1,0.5149623]",
4462,"[3.607755,0.1,0.5157996]",
4463,"[3.613806,0.1,0.516217]",
4464,"[3.617048,0.1,0.5174243]",
4465,"[3.62031,0.1,0.519794]",
4466,"[3.625994,0.1,0.5259558]",
4467,"[3.628179,0.09999996,0.5292488]",
4468,"[3.630866,0.1,0.5341535]",
4469,"[3.632328,0.1,0.5369048]",
4470,"[3.635324,0.09999996,0.5430369]",
4471,"[3.637583,0.1,0.5479008]",
4472,"[3.642627,0.1,0.5579115]",
4473,"[3.645661,0.1,0.5630754]",
4474,"[3.648358,0.1,0.567223]",
4475,"[3.653799,0.09999996,0.574944]",
4476,"[3.656049,0.1,0.5785955]",
4477,"[3.660409,0.1,0.5885527]",
4478,"[3.662218,0.09999996,0.5951154]",
4479,"[3.663306,0.1,0.6063762]",
4480,"[3.662397,0.1,0.6105153]",
4481,"[3.660282,0.1,0.6138905]",
4482,"[3.651911,0.1,0.6192582]",
4483,"[3.644015,0.1,0.6213378]",
4484,"[3.618247,0.1,0.6246102]",
4485,"[3.600474,0.1,0.6253548]",
4486,"[3.5599,0.1,0.6228266]",
4487,"[3.73022,0.4404409,0.9620542]",
4488,"[3.720469,0.4744111,0.9918096]",
4489,"[3.502894,0.1813321,0.6916479]",
4490,"[3.470083,0.1727055,0.6820925]",
4491,"[3.399164,0.1084376,0.6163747]",
4492,"[3.348695,0.1,0.6088927]",
4493,"[3.325979,0.1,0.6088926]",
4494,"[3.278688,0.1,0.6088808]",
4495,"[3.258313,0.1,0.6083891]",
4496,"[3.225242,0.1,0.6064616]",
4497,"[3.216447,0.1,0.6058801]",
4498,"[3.201093,0.1,0.6070254]",
4499,"[3.193614,0.1,0.6086595]",
4500,"[3.17991,0.1,0.6120717]",
4501,"[3.173005,0.1,0.6140648]",
4502,"[3.161738,0.1,0.6177182]",
4503,"[3.157536,0.1,0.6193169]",
4504,"[3.151423,0.1,0.6215734]",
4505,"[3.149827,0.1,0.6220669]",
4506,"[3.14874,0.1,0.6223184]",
4507,"[3.147485,0.09999996,0.622374]",
4508,"[3.146869,0.1,0.6220555]",
4509,"[3.145477,0.1,0.6202578]",
4510,"[3.144711,0.09999996,0.619089]",
4511,"[3.143401,0.1,0.6171481]",
4512,"[3.142781,0.09999996,0.6162894]",
4513,"[3.141784,0.1,0.6150132]",
4514,"[3.201962,0.1633804,0.6739616]",
4515,"[3.214216,0.1774378,0.6856972]",
4516,"[3.215546,0.1806405,0.6865934]",
4517,"[3.216597,0.1844321,0.6871137]",
4518,"[3.216173,0.187054,0.686354]",
4519,"[3.216049,0.1886378,0.6861393]",
4520,"[3.215686,0.1912486,0.6857114]",
4521,"[3.215441,0.1923815,0.6852971]",
4522,"[3.215183,0.1935332,0.6847517]",
4523,"[3.115826,0.1,0.5830575]",
4524,"[3.114438,0.1,0.5813258]",
4525,"[3.112571,0.09999996,0.5790865]",
4526,"[3.111793,0.1,0.5782015]",
4527,"[3.110322,0.1,0.5764762]",
4528,"[3.109383,0.1,0.5754006]",
4529,"[3.108001,0.1,0.5738964]",
4530,"[3.104279,0.09999996,0.5699738]",
4531,"[3.102248,0.1,0.5677741]",
4532,"[3.099436,0.1,0.5645617]",
4533,"[3.098539,0.1,0.5635671]",
4534,"[3.096938,0.09999996,0.5619707]",
4535,"[3.096225,0.1,0.561444]",
4536,"[3.095454,0.1,0.5609146]",
4537,"[3.092985,0.1,0.5594668]",
4538,"[3.091027,0.1,0.5585051]",
4539,"[3.086237,0.1,0.5570987]",
4540,"[3.083163,0.1,0.5572631]",
4541,"[3.074839,0.1,0.5607755]",
4542,"[3.068463,0.1,0.5653257]",
4543,"[3.054753,0.1,0.5776713]",
4544,"[3.047404,0.1,0.5829677]",
4545,"[3.057393,0.1151698,0.6029561]",
4546,"[3.038541,0.1098019,0.6029561]",
4547,"[3.032753,0.1084054,0.6029561]",
4548,"[3.027079,0.1075553,0.6029561]",
4549,"[3.025724,0.107658,0.6029561]",
4550,"[3.026202,0.1087373,0.6029561]",
4551,"[3.030043,0.1111674,0.6029561]",
4552,"[3.059898,0.1290519,0.6029561]",
4553,"[3.084451,0.1437803,0.6029561]",
4554,"[3.11514,0.1615243,0.6029561]",
4555,"[3.170568,0.1910102,0.6029561]",
4556,"[3.198501,0.2056808,0.6029561]",
4557,"[3.244382,0.2307194,0.6029561]",
4558,"[3.26603,0.2432074,0.6029561]",
4559,"[3.30385,0.2659487,0.6029561]",
4560,"[3.319387,0.2762016,0.6029561]",
4561,"[3.331301,0.2841933,0.6017197]",
4562,"[3.331301,0.2786549,0.5749318]",
4563,"[3.37149,0.3181613,0.6203157]",
4564,"[3.405982,0.3509886,0.6555258]",
4565,"[3.415812,0.3601466,0.6655085]",
4566,"[3.572701,0.5240778,0.890871]",
4567,"[3.658565,0.6142769,1.016161]",
4568,"[3.656143,0.6122342,1.013944]",
4569,"[3.675743,0.6336197,1.0446]",
4570,"[3.678616,0.6382535,1.053111]",
4571,"[3.659573,0.6237194,1.041903]",
4572,"[3.65068,0.6169538,1.03723]",
4573,"[3.592057,0.5706293,0.9993375]",
4574,"[3.567935,0.5553551,0.9959025]",
4575,"[3.534709,0.5414875,1.028561]",
4576,"[3.528718,0.5434923,1.05426]",
4577,"[3.527285,0.5488086,1.076698]",
4578,"[2.947405,0.09999996,0.7205841]",
4579,"[2.927568,0.1,0.7472614]",
4580,"[2.915388,0.1,0.7676226]",
4581,"[3.016468,0.1834973,0.8561096]",
4582,"[3.078554,0.2478231,0.9538522]",
4583,"[3.097017,0.2680231,0.9829191]",
4584,"[3.110098,0.2828756,1.003512]",
4585,"[3.129385,0.3043225,1.033876]",
4586,"[3.138848,0.3150719,1.048774]",
4587,"[3.147109,0.3244887,1.061779]",
4588,"[3.151689,0.3297657,1.068989]",
4589,"[3.151751,0.3329571,1.079669]",
4590,"[3.150825,0.3329571,1.083074]",
4591,"[3.15051,0.3329571,1.088769]",
4592,"[3.150797,0.3329571,1.091367]",
4593,"[3.151651,0.3329571,1.093805]",
4594,"[3.153495,0.3329571,1.097386]",
4595,"[3.154444,0.3329571,1.099235]",
4596,"[3.189346,0.3553645,1.114174]",
4597,"[3.189117,0.3548998,1.115332]",
4598,"[3.221166,0.3763587,1.12897]",
4599,"[3.220343,0.3758149,1.130324]",
4600,"[3.219275,0.3753176,1.133544]",
4601,"[3.220169,0.3760181,1.13635]",
4602,"[3.225673,0.3798914,1.140019]",
4603,"[3.274283,0.4132729,1.158103]",
4604,"[3.279766,0.4173591,1.160843]",
4605,"[2.809418,0.1,1.010312]",
4606,"[2.809357,0.1,1.010718]",
4607,"[2.809169,0.1,1.010833]",
4608,"[2.809359,0.1,1.010708]",
4609,"[2.810475,0.1,1.010877]",
4610,"[2.817342,0.1,1.01341]",
4611,"[2.826634,0.1,1.017101]",
4612,"[2.849765,0.1,1.021316]",
4613,"[2.869959,0.1,1.019428]",
4614,"[2.934798,0.09999996,1.003827]",
4615,"[2.978015,0.1,0.9891484]",
4616,"[3.073062,0.1,0.9525758]",
4617,"[3.120486,0.1,0.9356269]",
4618,"[3.155171,0.1,0.9262965]",
4619,"[3.222499,0.1,0.9091904]",
4620,"[3.258607,0.1,0.9019608]",
4621,"[3.527946,0.377584,1.06608]",
4622,"[3.535712,0.3743679,1.063251]",
4623,"[3.545282,0.3718958,1.061142]",
4624,"[3.547628,0.3716456,1.061804]",
4625,"[3.54882,0.3715686,1.063284]",
4626,"[3.5484,0.3705596,1.069125]",
4627,"[3.546581,0.3700769,1.073738]",
4628,"[3.540607,0.3697429,1.082724]",
4629,"[3.536996,0.3696731,1.087335]",
4630,"[3.532985,0.3712113,1.091202]",
4631,"[3.525459,0.3755055,1.097341]",
4632,"[3.520607,0.3784462,1.100336]",
4633,"[3.512424,0.3841007,1.104996]",
4634,"[3.508163,0.3861721,1.106672]",
4635,"[3.501451,0.3871323,1.108185]",
4636,"[3.49894,0.38693,1.108898]",
4637,"[3.495471,0.3852683,1.111001]",
4638,"[3.495262,0.3836029,1.112001]",
4639,"[3.495457,0.3818174,1.113046]",
4640,"[3.49647,0.3795743,1.114548]",
4641,"[3.497008,0.3791982,1.114964]",
4642,"[3.497849,0.379981,1.115197]",
4643,"[3.497441,0.3805419,1.115658]",
4644,"[3.496667,0.3809097,1.116565]",
4645,"[3.495986,0.3803874,1.117238]",
4646,"[3.493759,0.3783164,1.119634]",
4647,"[3.49235,0.3774952,1.121149]",
4648,"[3.490879,0.3772223,1.12246]",
4649,"[3.487951,0.3771824,1.12478]",
4650,"[3.48601,0.377106,1.12618]",
4651,"[3.485265,0.3802614,1.130331]",
4652,"[3.486389,0.3838117,1.133337]",
4653,"[3.484686,0.3864729,1.136813]",
4654,"[3.476218,0.3790651,1.133878]",
4655,"[3.474108,0.3788563,1.13389]",
4656,"[3.469006,0.3785623,1.132122]",
4657,"[3.448524,0.3594698,1.120031]",
4658,"[3.200747,0.1,0.9636404]",
4659,"[3.185598,0.1,0.9142931]",
4660,"[3.174313,0.09999996,0.8545262]",
4661,"[3.150081,0.1,0.7116504]",
4662,"[3.215976,0.1962045,0.6029561]",
4663,"[3.215976,0.1962045,0.6029561]",
4664,"[3.282643,0.2623534,0.6029561]",
4665,"[3.418053,0.3959463,0.6766647]",
4666,"[3.513659,0.4919973,0.771804]",
4667,"[3.531872,0.5109694,0.7481544]",
4668,"[3.536777,0.5174051,0.7417852]",
4669,"[3.5406,0.5227112,0.7323265]",
4670,"[3.54086,0.5227112,0.7256378]",
4671,"[3.541242,0.5227111,0.7214996]",
4672,"[3.541517,0.5227112,0.7147598]",
4673,"[3.541952,0.5230447,0.7114477]",
4674,"[3.548667,0.5290332,0.7141045]",
4675,"[3.552261,0.5315042,0.7152007]",
4676,"[3.560028,0.5354156,0.7169359]",
4677,"[3.565168,0.5381688,0.7181574]",
4678,"[3.574909,0.5447367,0.7210712]",
4679,"[3.578193,0.547336,0.7222244]",
4680,"[3.581438,0.5501245,0.7233979]",
4681,"[3.585042,0.5532598,0.7225429]",
4682,"[3.586907,0.5549064,0.7221009]",
4683,"[3.612975,0.583231,0.7670878]",
4684,"[3.592334,0.5589293,0.7207984]",
4685,"[3.596644,0.5601431,0.7197212]",
4686,"[3.599066,0.56022,0.7191027]",
4687,"[3.601291,0.5600185,0.7185286]",
4688,"[3.606688,0.5583896,0.717112]",
4689,"[3.609776,0.5566707,0.7162842]",
4690,"[3.61536,0.5516325,0.7147458]",
4691,"[3.617564,0.5485549,0.7141151]",
4692,"[3.621297,0.542434,0.7130273]",
4693,"[3.62308,0.5393612,0.7125043]",
4694,"[3.62595,0.5330842,0.7116342]",
4695,"[3.627234,0.5296389,0.711231]",
4696,"[3.628453,0.5261911,0.7108446]",
4697,"[3.630607,0.5207564,0.7101758]",
4698,"[3.631343,0.5183945,0.7093847]",
4699,"[3.632114,0.5157354,0.708205]",
4700,"[3.632232,0.5150173,0.7078864]",
4701,"[3.632174,0.5140454,0.7074552]",
4702,"[3.632148,0.5140494,0.7074569]",
4703,"[3.632061,0.5140597,0.7074615]",
4704,"[3.631432,0.5131069,0.7070388]",
4705,"[3.630903,0.5126116,0.7068191]",
4706,"[3.629367,0.5117126,0.7064202]",
4707,"[3.628514,0.5112867,0.7062314]",
4708,"[3.626756,0.5105574,0.7059078]",
4709,"[3.626139,0.5105157,0.7058893]",
4710,"[3.625704,0.5107605,0.7059979]",
4711,"[3.625263,0.5118749,0.7064922]",
4712,"[3.624982,0.5124564,0.7067503]",
4713,"[3.624148,0.5130839,0.7070287]",
4714,"[3.623629,0.5134399,0.7071865]",
4715,"[3.62267,0.5147613,0.7077728]",
4716,"[3.621957,0.5156721,0.7081769]",
4717,"[3.62116,0.5163014,0.7084561]",
4718,"[3.619416,0.5169009,0.708722]",
4719,"[3.618463,0.517146,0.7088308]",
4720,"[3.61668,0.5171419,0.708829]",
4721,"[3.61563,0.5167996,0.7086771]",
4722,"[3.613215,0.5153965,0.7080546]",
4723,"[3.611708,0.5143249,0.7075791]",
4724,"[3.608688,0.5117237,0.7064252]",
4725,"[3.608632,0.5108007,0.7060157]",
4726,"[3.608439,0.5098636,0.7056]",
4727,"[3.603541,0.5061426,0.7039493]",
4728,"[3.60084,0.5044726,0.7032083]",
4729,"[3.289692,0.1,0.05430156]",
4730,"[3.289354,0.1,0.05498242]",
4731,"[3.288928,0.1,0.05794805]",
4732,"[3.289151,0.1,0.06067252]",
4733,"[3.289398,0.1,0.06365561]",
4734,"[3.288045,0.1,0.06682676]",
4735,"[3.286827,0.1,0.06749976]",
4736,"[3.284698,0.1,0.06909376]",
4737,"[3.28394,0.1,0.07076877]",
4738,"[3.281855,0.1,0.07309145]",
4739,"[3.279825,0.1,0.0738976]",
4740,"[3.277507,0.1,0.07454056]",
4741,"[3.273137,0.1,0.07588696]",
4742,"[3.271022,0.1,0.07672006]",
4743,"[3.267636,0.1,0.07761472]",
4744,"[3.26563,0.1,0.07787019]",
4745,"[3.261382,0.1,0.07831556]",
4746,"[3.259151,0.1,0.07875705]",
4747,"[3.255535,0.1,0.08039337]",
4748,"[3.254058,0.1,0.08141905]",
4749,"[3.251786,0.1,0.08278173]",
4750,"[3.25074,0.1,0.08329469]",
4751,"[3.249977,0.1,0.08363336]",
4752,"[3.248845,0.1,0.08410388]",
4753,"[3.248501,0.1,0.08413583]",
4754,"[3.24786,0.1,0.08409208]",
4755,"[3.247603,0.1,0.08421206]",
4756,"[3.24748,0.1,0.08448327]",
4757,"[3.247517,0.1,0.08518273]",
4758,"[3.2475,0.1,0.08549142]",
4759,"[3.247182,0.1,0.08564705]",
4760,"[3.24692,0.1,0.08558744]",
4761,"[3.246454,0.1,0.08571392]",
4762,"[3.246233,0.1,0.08593297]",
4763,"[3.246038,0.1,0.08624136]",
4764,"[3.245631,0.1,0.08676761]",
4765,"[3.245382,0.1,0.08710855]",
4766,"[3.244788,0.1,0.0881682]",
4767,"[3.24443,0.1,0.08887666]",
4768,"[3.243667,0.1,0.09047538]",
4769,"[3.243261,0.1,0.09153396]",
4770,"[3.242512,0.1,0.09373724]",
4771,"[3.242016,0.1,0.09555334]",
4772,"[3.241591,0.1,0.09778863]",
4773,"[3.240951,0.1,0.1035206]",
4774,"[3.240444,0.1,0.1064091]",
4775,"[3.238925,0.1,0.1104457]",
4776,"[3.238061,0.1,0.1120688]",
4777,"[3.236836,0.1,0.1163046]",
4778,"[3.236478,0.1,0.1189516]",
4779,"[3.235582,0.1,0.1234491]",
4780,"[3.235093,0.1,0.1252165]",
4781,"[3.234617,0.1,0.126906]",
4782,"[3.233838,0.1,0.1298313]",
4783,"[3.233436,0.1,0.1310755]",
4784,"[3.232564,0.1,0.1330412]",
4785,"[3.232127,0.1,0.133996]",
4786,"[3.331301,0.2285421,0.3323823]",
4787,"[3.331301,0.2289097,0.3336693]",
4788,"[3.331301,0.2292896,0.3348963]",
4789,"[3.331301,0.2297992,0.3366455]",
4790,"[3.331301,0.229938,0.337294]",
4791,"[3.331301,0.2299959,0.3379672]",
4792,"[3.331301,0.2300233,0.3381763]",
4793,"[3.331301,0.2300766,0.3384112]",
4794,"[3.331301,0.2301046,0.3385075]",
4795,"[3.331301,0.2301344,0.3386086]",
4796,"[3.331301,0.230333,0.3390065]",
4797,"[3.331301,0.2305911,0.3394065]",
4798,"[3.331301,0.2313031,0.34039]",
4799,"[3.331301,0.2316806,0.3409126]",
4800,"[3.331301,0.2322447,0.3417544]",
4801,"[3.331301,0.2324846,0.342105]",
4802,"[3.331301,0.2327185,0.3424187]",
4803,"[3.331301,0.233173,0.3429692]",
4804,"[3.331301,0.2333637,0.3432144]",
4805,"[3.331301,0.2335669,0.3435352]",
4806,"[3.331301,0.2336378,0.3436456]",
4807,"[3.331301,0.2339287,0.3439628]",
4808,"[3.331301,0.2342021,0.3442553]",
4809,"[3.331301,0.2347865,0.34501]",
4810,"[3.331301,0.2352198,0.3456079]",
4811,"[3.331301,0.2358181,0.3463637]",
4812,"[3.331301,0.2373024,0.34803]",
4813,"[3.331301,0.2381105,0.3488711]",
4814,"[3.331301,0.2392889,0.3500938]",
4815,"[3.331301,0.2397702,0.3505772]",
4816,"[3.331301,0.2403716,0.3510498]",
4817,"[3.331301,0.2406434,0.3512248]",
4818,"[3.331301,0.2409571,0.3514129]",
4819,"[3.331301,0.2416317,0.351753]",
4820,"[3.331301,0.2421128,0.3519397]",
4821,"[3.331301,0.242944,0.3521535]",
4822,"[3.331301,0.2434305,0.352187]",
4823,"[3.331301,0.2442905,0.3519877]",
4824,"[3.331301,0.2446854,0.351826]",
4825,"[3.331301,0.2452989,0.3514049]",
4826,"[3.331301,0.2457802,0.3510916]",
4827,"[3.331301,0.2464972,0.350865]",
4828,"[3.331301,0.2483141,0.3506901]",
4829,"[3.331301,0.2491073,0.3507006]",
4830,"[3.331301,0.2500651,0.3506942]",
4831,"[3.331301,0.250496,0.3506296]",
4832,"[3.331301,0.2517079,0.3504214]",
4833,"[3.331301,0.2524583,0.3502284]",
4834,"[3.331301,0.2531725,0.3500636]",
4835,"[3.331301,0.2546608,0.3500391]",
4836,"[3.331301,0.2555524,0.3502858]",
4837,"[3.331301,0.2568426,0.3505744]",
4838,"[3.331301,0.257211,0.3505803]",
4839,"[3.331301,0.2575637,0.3504642]",
4840,"[3.331301,0.257632,0.3503916]",
4841,"[3.331301,0.257677,0.3503327]",
4842,"[3.331301,0.2577416,0.3503026]",
4843,"[3.331301,0.2577484,0.3503202]",
4844,"[3.331301,0.2577527,0.3503436]",
4845,"[3.331301,0.257825,0.3504337]",
4846,"[3.331301,0.2580661,0.3507133]",
4847,"[3.331301,0.2581645,0.3508282]",
4848,"[3.331301,0.2582518,0.3509313]",
4849,"[3.331301,0.2582422,0.3509215]",
4850,"[3.331301,0.2582591,0.350909]",
4851,"[3.331301,0.2583755,0.3509132]",
4852,"[3.331301,0.2585107,0.3509985]",
4853,"[3.331301,0.2587382,0.3512239]",
4854,"[3.331301,0.2588477,0.3513643]",
4855,"[3.331301,0.259193,0.351716]",
4856,"[3.331301,0.2594401,0.3519382]",
4857,"[3.331301,0.2596614,0.3521445]",
4858,"[3.331301,0.2599906,0.3525504]",
4859,"[3.331301,0.2601055,0.3527441]",
4860,"[3.331301,0.2602379,0.3529843]",
4861,"[3.331301,0.260447,0.3533885]",
4862,"[3.331301,0.2605748,0.3537456]",
4863,"[3.331301,0.2607172,0.3546215]",
4864,"[3.331301,0.2608388,0.3553188]",
4865,"[3.331301,0.2612395,0.3566014]",
4866,"[3.331301,0.2614256,0.3572521]",
4867,"[3.331301,0.2614921,0.35782]",
4868,"[3.331301,0.2614815,0.3585644]",
4869,"[3.331301,0.261503,0.3588709]",
4870,"[3.331301,0.2615515,0.3591084]",
4871,"[3.331301,0.2616669,0.359545]",
4872,"[3.331301,0.2617028,0.3598026]",
4873,"[3.331301,0.2617129,0.3603013]",
4874,"[3.331301,0.2617399,0.3605666]",
4875,"[3.331301,0.2617953,0.3608879]",
4876,"[3.331301,0.2618611,0.3617364]",
4877,"[3.331301,0.261795,0.3622447]",
4878,"[3.331301,0.2614931,0.3631053]",
4879,"[3.331301,0.261277,0.3636048]",
4880,"[3.331301,0.2607754,0.3648474]",
4881,"[3.466812,0.4272002,0.6242999]",
4882,"[3.461088,0.4201361,0.6140434]",
4883,"[3.331301,0.2608995,0.3686999]",
4884,"[3.331301,0.2611811,0.3698033]",
4885,"[3.331301,0.2625562,0.3730214]",
4886,"[3.331301,0.2645878,0.3765117]",
4887,"[3.331301,0.2723392,0.3890132]",
4888,"[3.331301,0.2783953,0.3992015]",
4889,"[3.331301,0.2844953,0.409987]",
4890,"[3.331301,0.2967071,0.4328914]",
4891,"[3.331301,0.3036699,0.4456927]",
4892,"[3.331301,0.3209468,0.4764835]",
4893,"[3.331301,0.3310244,0.4947119]",
4894,"[3.331301,0.3523566,0.5332723]",
4895,"[3.331301,0.3628018,0.5526822]",
4896,"[3.331301,0.3755993,0.5825031]",
4897,"[3.331301,0.3789657,0.5957973]",
4898,"[3.327976,0.3763525,0.6029561]",
4899,"[3.311982,0.3531134,0.6029561]",
4900,"[3.304659,0.3397567,0.6029561]",
4901,"[3.292531,0.3109581,0.6029561]",
4902,"[3.288144,0.2949032,0.6029561]",
4903,"[3.282158,0.2653689,0.6029561]",
4904,"[3.280003,0.2513624,0.6029561]",
4905,"[3.44853,0.4679645,0.8390942]",
4906,"[3.465763,0.4785886,0.8651786]",
4907,"[3.470057,0.4775256,0.8717219]",
4908,"[3.479746,0.4789099,0.8852783]",
4909,"[3.483996,0.4801922,0.8910623]",
4910,"[3.273862,0.136464,0.6029561]",
4911,"[3.273027,0.128575,0.6029561]",
4912,"[3.27138,0.1189559,0.6029561]",
4913,"[3.26997,0.1,0.6083629]",
4914,"[3.273405,0.1,0.616254]",
4915,"[3.279504,0.1,0.6344242]",
4916,"[3.28144,0.1,0.6429732]",
4917,"[3.283304,0.1,0.6549381]",
4918,"[3.283649,0.1,0.6596912]",
4919,"[3.282437,0.1,0.6658232]",
4920,"[3.281302,0.1,0.6671659]",
4921,"[3.28023,0.1,0.6677998]",
4922,"[3.274389,0.1,0.6655321]",
4923,"[3.26912,0.1,0.6610311]",
4924,"[3.261985,0.1,0.654835]",
4925,"[3.246227,0.1,0.6380997]",
4926,"[3.23197,0.1,0.6226521]",
4927,"[3.210989,0.1125007,0.6029561]",
4928,"[3.207589,0.1360724,0.6029561]",
4929,"[3.539195,0.7104818,0.9997394]",
4930,"[3.53817,0.7303621,1.000888]",
4931,"[3.536597,0.7688679,1.003128]",
4932,"[3.535442,0.7884829,1.004221]",
4933,"[3.532312,0.8235798,1.008121]",
4934,"[3.529611,0.8409026,1.010985]",
4935,"[3.139389,0.4210438,0.6029561]",
4936,"[3.123246,0.4357021,0.6029561]",
4937,"[3.100335,0.4472517,0.6029561]",
4938,"[3.177407,0.600231,0.7373399]",
4939,"[3.138342,0.600231,0.7369899]",
4940,"[3.05103,0.600231,0.7424797]",
4941,"[3.004927,0.600231,0.7527606]",
4942,"[3.208925,0.8388648,0.9898173]",
4943,"[3.194863,0.8575853,1.017074]",
4944,"[3.181783,0.8759611,1.042427]",
4945,"[3.156264,0.9119433,1.09189]",
4946,"[3.133256,0.9206412,1.113003]",
4947,"[3.067808,0.9206412,1.151361]",
4948,"[3.030507,0.9206412,1.176803]",
4949,"[2.601183,0.7125351,1.11237]",
4950,"[2.558975,0.7124535,1.154158]",
4951,"[2.395697,0.6643841,1.21194]",
4952,"[2.225504,0.6002311,1.224867]",
4953,"[2.05,0.5418177,1.241505]",
4954,"[2.05,0.6058401,1.325976]",
4955,"[2.05,0.6320368,1.363232]",
4956,"[2.05,0.6621372,1.42985]",
4957,"[2.05,0.6636522,1.463484]",
4958,"[2.049999,0.6547071,1.531743]",
4959,"[2.049999,0.6504834,1.56482]",
4960,"[2.049999,0.6507192,1.595574]",
4961,"[2.62407,0.9180183,1.658816]",
4962,"[2.632485,0.9241151,1.68344]",
4963,"[2.649585,0.9404978,1.733501]",
4964,"[2.656377,0.9490766,1.753398]",
4965,"[2.669459,0.9668403,1.791723]",
4966,"[2.67441,0.9731292,1.806226]",
4967,"[2.678693,0.9770239,1.818764]",
4968,"[2.684454,0.979166,1.835614]",
4969,"[2.687465,0.9785133,1.844408]",
4970,"[2.696323,0.9733145,1.87027]",
4971,"[2.702174,0.9689054,1.887345]",
4972,"[2.713109,0.962117,1.919269]",
4973,"[2.719042,0.9609727,1.936603]",
4974,"[2.612318,0.9070747,1.989122]",
4975,"[2.541329,0.8705442,2.020851]",
4976,"[2.050001,0.640383,2.114799]",
4977,"[2.050001,0.6382198,2.157027]",
4978,"[2.050001,0.6395047,2.175004]",
4979,"[2.050001,0.6423231,2.199463]",
4980,"[2.050001,0.643286,2.2066]",
4981,"[2.050001,0.6438763,2.210092]",
4982,"[2.050001,0.6450089,2.21145]",
4983,"[2.050001,0.6466655,2.210232]",
4984,"[2.050001,0.6541282,2.199471]",
4985,"[2.050001,0.6590973,2.188727]",
4986,"[2.050001,0.6695902,2.15426]",
4987,"[2.050001,0.6750359,2.130581]",
4988,"[2.496544,0.8794353,2.034342]",
4989,"[2.568106,0.9134935,2.002922]",
4990,"[2.622316,0.9390064,1.97918]",
4991,"[2.715381,0.9830647,1.938367]",
4992,"[2.712837,0.983648,1.918587]",
4993,"[2.698459,0.9791706,1.876543]",
4994,"[2.691241,0.9753944,1.855426]",
4995,"[2.67877,0.9659932,1.81893]",
4996,"[2.672881,0.9594786,1.801687]",
4997,"[2.66414,0.9492458,1.776085]",
4998,"[2.660147,0.945564,1.764396]",
4999,"[2.657104,0.9436125,1.755495]",
5000,"[2.65384,0.9433212,1.745953]",
5001,"[2.653174,0.9435999,1.744009]",
5002,"[2.652638,0.944139,1.742445]",
5003,"[2.652644,0.9443812,1.742464]",
5004,"[2.653182,0.9451059,1.744039]",
5005,"[2.65388,0.9455649,1.746083]",
5006,"[2.654902,0.9458157,1.749071]",
5007,"[2.658217,0.9463053,1.758762]",
5008,"[2.661068,0.9474491,1.767098]",
5009,"[2.668676,0.952096,1.789357]",
5010,"[2.672243,0.9546391,1.799797]",
5011,"[2.678944,0.9595359,1.819406]",
5012,"[2.681835,0.9616975,1.827868]",
5013,"[2.687047,0.9665235,1.843125]",
5014,"[2.688422,0.9681678,1.847151]",
5015,"[2.689537,0.9697518,1.850417]",
5016,"[2.690768,0.9718492,1.854028]",
5017,"[2.690907,0.9721169,1.854434]",
5018,"[2.690369,0.970866,1.852856]",
5019,"[2.688413,0.9670744,1.847119]",
5020,"[2.680677,0.9539262,1.824442]",
5021,"[2.674806,0.9450887,1.807237]",
5022,"[2.667906,0.9355997,1.787021]",
5023,"[2.654974,0.9211292,1.749149]",
5024,"[2.647428,0.9133571,1.727054]",
5025,"[2.632819,0.8943339,1.68426]",
5026,"[2.625217,0.8828604,1.661982]",
5027,"[2.049999,0.5921107,1.527542]",
5028,"[2.049999,0.5877418,1.509037]",
5029,"[2.049999,0.5824743,1.479305]",
5030,"[2.05,0.5805503,1.467302]",
5031,"[2.05,0.5790896,1.457224]",
5032,"[2.05,0.5761455,1.44115]",
5033,"[2.05,0.574374,1.434832]",
5034,"[2.05,0.5702883,1.424317]",
5035,"[2.05,0.5679895,1.419545]",
5036,"[2.05,0.5632722,1.411222]",
5037,"[2.05,0.5608451,1.407257]",
5038,"[2.05,0.558637,1.403767]",
5039,"[2.05,0.5554524,1.398638]",
5040,"[2.05,0.5545098,1.396969]",
5041,"[2.05,0.5535229,1.395105]",
5042,"[2.05,0.553098,1.394399]",
5043,"[2.05,0.5519812,1.393241]",
5044,"[2.05,0.5511162,1.392653]",
5045,"[2.05,0.5489778,1.391391]",
5046,"[2.05,0.5479374,1.390706]",
5047,"[2.05,0.5469058,1.389964]",
5048,"[2.05,0.544702,1.388457]",
5049,"[2.05,0.5433889,1.387742]",
5050,"[2.05,0.5401731,1.387079]",
5051,"[2.05,0.5379795,1.388161]",
5052,"[2.05,0.5311577,1.401655]",
5053,"[2.05,0.5272108,1.419412]",
5054,"[2.194788,0.6002311,1.480448]",
5055,"[2.20201,0.6002311,1.55745]",
5056,"[2.623291,0.821297,1.656032]",
5057,"[2.645756,0.8286123,1.721725]",
5058,"[2.659596,0.8331861,1.762197]",
5059,"[2.684201,0.841831,1.834151]",
5060,"[2.697016,0.8462568,1.871626]",
5061,"[2.71825,0.8526673,1.933719]",
5062,"[2.708317,0.8438123,1.969237]",
5063,"[2.602951,0.7813994,2.018005]",
5064,"[2.295079,0.6002312,2.139787]",
5065,"[2.303287,0.6002312,2.181898]",
5066,"[2.314804,0.6002312,2.256912]",
5067,"[2.373487,0.6298806,2.288875]",
5068,"[2.386281,0.6298806,2.361207]",
5069,"[2.392339,0.6298806,2.39629]",
5070,"[2.398107,0.6298806,2.423815]",
5071,"[2.40791,0.6298806,2.468844]",
5072,"[2.411231,0.6298806,2.487015]",
5073,"[2.330646,0.5806857,2.553906]",
5074,"[2.330574,0.5806857,2.569025]",
5075,"[2.330284,0.5806857,2.594026]",
5076,"[2.331007,0.5806857,2.604125]",
5077,"[2.335451,0.5806857,2.619022]",
5078,"[2.339225,0.5806857,2.62563]",
5079,"[2.343245,0.5806857,2.63208]",
5080,"[2.350467,0.5806857,2.6469]",
5081,"[2.353031,0.5806857,2.655886]",
5082,"[2.356573,0.5806857,2.675199]",
5083,"[2.358433,0.5806857,2.68615]",
5084,"[2.363902,0.5806857,2.712203]",
5085,"[2.36779,0.5806857,2.727544]",
5086,"[2.372224,0.5806857,2.744481]",
5087,"[2.383629,0.5806857,2.782173]",
5088,"[2.389062,0.5806857,2.805242]",
5089,"[2.398497,0.5806857,2.859026]",
5090,"[2.402445,0.5806857,2.890481]",
5091,"[2.425293,0.5878183,2.955378]",
5092,"[2.452944,0.6002313,2.984304]",
5093,"[2.462067,0.6002312,3.027572]",
5094,"[2.05,0.3180548,3.503397]",
5095,"[2.05,0.3047591,3.599459]",
5096,"[2.049999,0.2728613,3.828246]",
5097,"[2.085506,0.2770993,3.925912]",
5098,"[2.218428,0.3198165,4.070934]",
5099,"[2.290948,0.3395799,4.140768]",
5100,"[2.469226,0.3898023,4.252835]",
5101,"[2.594302,0.4381276,4.262858]",
5102,"[2.769943,0.4845879,4.375096]",
5103,"[2.833514,0.4863858,4.474512]",
5104,"[2.898537,0.4859816,4.567535]",
5105,"[3.176571,0.6464979,4.314543]",
5106,"[3.242825,0.6463738,4.39527]",
5107,"[3.323742,0.5785622,4.746245]",
5108,"[3.393761,0.5951666,4.769163]",
5109,"[3.52479,0.6263162,4.806994]",
5110,"[3.579695,0.6427383,4.822376]",
5111,"[3.638689,0.6616791,4.837815]",
5112,"[3.750733,0.7005849,4.86477]",
5113,"[3.800614,0.7218647,4.876545]",
5114,"[3.900293,0.7797018,4.901094]",
5115,"[3.957917,0.825396,4.916419]",
5116,"[4.038638,1.153271,3.957271]",
5117,"[4.075618,1.213297,3.920055]",
5118,"[4.108244,1.260819,3.909686]",
5119,"[4.167881,1.327486,3.982208]",
5120,"[4.192657,1.363199,3.982283]",
5121,"[4.236932,1.424723,3.982411]",
5122,"[4.256257,1.447383,3.982459]",
5123,"[4.291349,1.48492,3.982538]",
5124,"[4.306443,1.500265,3.98257]",
5125,"[4.334434,1.528631,3.982629]",
5126,"[4.347263,1.543369,3.98266]",
5127,"[4.359072,1.558187,3.982691]",
5128,"[4.378713,1.584277,3.982746]",
5129,"[4.385695,1.593973,3.982766]",
5130,"[4.394419,1.607356,3.982794]",
5131,"[4.397308,1.613914,3.982808]",
5132,"[4.405875,1.634197,3.98285]",
5133,"[4.411355,1.647712,3.982878]",
5134,"[4.415916,1.661916,3.982908]",
5135,"[4.424991,1.68982,3.982967]",
5136,"[4.429618,1.703664,3.982996]",
5137,"[4.438752,1.730722,3.983052]",
5138,"[4.443374,1.744211,3.983081]",
5139,"[4.443898,1.766207,3.983127]",
5140,"[4.440969,1.766082,3.983126]",
5141,"[4.437788,1.765632,3.983125]",
5142,"[4.430135,1.767609,3.98313]",
5143,"[4.4263,1.771331,3.983137]",
5144,"[4.419943,1.779548,3.983155]",
5145,"[4.418185,1.782174,3.98316]",
5146,"[4.416965,1.784792,3.983166]",
5147,"[4.416732,1.785512,3.983167]",
5148,"[4.416182,1.786812,3.98317]",
5149,"[4.415849,1.787412,3.983171]",
5150,"[4.415549,1.787758,3.983172]",
5151,"[4.415186,1.787893,3.983172]",
5152,"[4.415063,1.78785,3.983172]",
5153,"[4.414825,1.787613,3.983171]",
5154,"[4.414724,1.787479,3.983171]",
5155,"[4.41448,1.78724,3.983171]",
5156,"[4.414124,1.786941,3.98317]",
5157,"[4.413579,1.786441,3.983169]",
5158,"[4.411747,1.784115,3.983164]",
5159,"[4.410803,1.782584,3.983161]",
5160,"[4.409183,1.78017,3.983156]",
5161,"[4.408439,1.779738,3.983155]",
5162,"[4.406998,1.779359,3.983154]",
5163,"[4.406351,1.77918,3.983154]",
5164,"[4.405771,1.778897,3.983153]",
5165,"[4.404865,1.778054,3.983151]",
5166,"[4.404439,1.777136,3.98315]",
5167,"[4.403641,1.773266,3.983141]",
5168,"[4.403616,1.771145,3.983137]",
5169,"[4.40433,1.767802,3.98313]",
5170,"[4.405134,1.766583,3.983127]",
5171,"[4.407453,1.765398,3.983125]",
5172,"[4.409356,1.765713,3.983126]",
5173,"[4.411465,1.76724,3.983129]",
5174,"[4.417256,1.775365,3.983146]",
5175,"[4.420183,1.780013,3.983155]",
5176,"[4.424756,1.785679,3.983167]",
5177,"[4.42624,1.786923,3.98317]",
5178,"[4.427652,1.787561,3.983171]",
5179,"[4.428077,1.788028,3.983172]",
5180,"[4.428606,1.789336,3.983175]",
5181,"[4.429674,1.793746,3.983184]",
5182,"[4.430075,1.795905,3.983189]",
5183,"[4.430373,1.799121,3.983196]",
5184,"[4.430382,1.800935,3.983199]",
5185,"[4.430598,1.804878,3.983208]",
5186,"[4.431124,1.806623,3.983211]",
5187,"[4.433429,1.80856,3.983215]",
5188,"[4.435004,1.808924,3.983216]",
5189,"[4.435935,1.80931,3.983217]",
5190,"[4.437249,1.812586,3.983224]",
5191,"[4.437689,1.816031,3.983231]",
5192,"[4.437936,1.82438,3.983248]",
5193,"[4.43796,1.827318,3.983255]",
5194,"[4.437959,1.829446,3.983259]",
5195,"[4.43816,1.829756,3.98326]",
5196,"[4.438551,1.830088,3.98326]",
5197,"[4.439412,1.83199,3.983264]",
5198,"[4.440002,1.8335,3.983268]",
5199,"[4.441126,1.835221,3.983271]",
5200,"[4.441685,1.83541,3.983272]",
5201,"[4.442779,1.835724,3.983272]",
5202,"[4.443602,1.838111,3.983277]",
5203,"[4.444551,1.847093,3.983296]",
5204,"[4.444662,1.851488,3.983305]",
5205,"[4.444714,1.854049,3.983311]",
5206,"[4.445271,1.855646,3.983314]",
5207,"[4.445733,1.855164,3.983313]",
5208,"[4.446541,1.852883,3.983308]",
5209,"[4.447015,1.851156,3.983305]",
5210,"[4.448073,1.847017,3.983296]",
5211,"[4.448559,1.84537,3.983292]",
5212,"[4.44896,1.844403,3.98329]",
5213,"[4.449406,1.843511,3.983289]",
5214,"[4.449565,1.843132,3.983288]",
5215,"[4.449804,1.841855,3.983285]",
5216,"[4.449831,1.840626,3.983283]",
5217,"[4.449765,1.837232,3.983275]",
5218,"[4.449829,1.834849,3.98327]",
5219,"[4.450079,1.832207,3.983265]",
5220,"[4.451515,1.825748,3.983251]",
5221,"[4.452806,1.821489,3.983243]",
5222,"[4.455444,1.814592,3.983228]",
5223,"[4.456905,1.811863,3.983222]",
5224,"[4.459462,1.807712,3.983213]",
5225,"[4.460746,1.805885,3.98321]",
5226,"[4.462161,1.803877,3.983206]",
5227,"[4.46469,1.800364,3.983198]",
5228,"[4.466035,1.798544,3.983194]",
5229,"[4.468778,1.794487,3.983186]",
5230,"[4.470001,1.79258,3.983182]",
5231,"[4.471943,1.789202,3.983175]",
5232,"[4.472774,1.787194,3.983171]",
5233,"[4.473426,1.78433,3.983165]",
5234,"[4.473581,1.783202,3.983162]",
5235,"[4.473635,1.782623,3.983161]",
5236,"[4.473633,1.781411,3.983159]",
5237,"[4.473689,1.780099,3.983156]",
5238,"[4.473972,1.777031,3.983149]",
5239,"[4.474837,1.771616,3.983138]",
5240,"[4.476016,1.766584,3.983127]",
5241,"[4.476908,1.764481,3.983123]",
5242,"[4.47916,1.760555,3.983115]",
5243,"[4.480403,1.758615,3.983111]",
5244,"[4.481765,1.756606,3.983107]",
5245,"[4.485,1.752164,3.983097]",
5246,"[4.486342,1.750437,3.983094]",
5247,"[4.491157,1.751867,3.983097]",
5248,"[4.494922,1.75424,3.983102]",
5249,"[4.496872,1.755267,3.983104]",
5250,"[4.499494,1.75623,3.983106]",
5251,"[4.500945,1.756731,3.983107]",
5252,"[4.503513,1.757776,3.983109]",
5253,"[4.504603,1.758038,3.983109]",
5254,"[4.505418,1.757958,3.983109]",
5255,"[4.506872,1.757124,3.983108]",
5256,"[4.507418,1.756788,3.983107]",
5257,"[4.507758,1.756693,3.983107]",
5258,"[4.508294,1.756796,3.983107]",
5259,"[4.508531,1.75685,3.983107]",
5260,"[4.509007,1.75664,3.983107]",
5261,"[4.509305,1.756153,3.983106]",
5262,"[4.509532,1.755553,3.983104]",
5263,"[4.509717,1.754958,3.983103]",
5264,"[4.509741,1.754975,3.983103]",
5265,"[4.510026,1.755529,3.983104]",
5266,"[4.510409,1.756118,3.983105]",
5267,"[4.511349,1.756933,3.983107]",
5268,"[4.511713,1.756992,3.983107]",
5269,"[4.512101,1.756954,3.983107]",
5270,"[4.512491,1.75685,3.983107]",
5271,"[4.512623,1.75684,3.983107]",
5272,"[4.512754,1.756935,3.983107]",
5273,"[4.512774,1.757052,3.983108]",
5274,"[4.512672,1.757294,3.983108]",
5275,"[4.512528,1.757392,3.983108]",
5276,"[4.512348,1.757436,3.983108]",
5277,"[4.51195,1.757178,3.983108]",
5278,"[4.511773,1.756904,3.983107]",
5279,"[4.511869,1.756147,3.983106]",
5280,"[4.512089,1.755787,3.983105]",
5281,"[4.513012,1.754849,3.983103]",
5282,"[4.513673,1.754174,3.983101]",
5283,"[4.515856,1.752358,3.983098]",
5284,"[4.517671,1.751011,3.983095]",
5285,"[4.519808,1.749348,3.983091]",
5286,"[4.524801,1.746101,3.983084]",
5287,"[4.528064,1.744604,3.983081]",
5288,"[4.535894,1.741707,3.983075]",
5289,"[4.540799,1.739572,3.983071]",
5290,"[4.551443,1.734657,3.983061]",
5291,"[4.558285,1.733053,3.983057]",
5292,"[4.565504,1.732615,3.983056]",
5293,"[4.581851,1.735117,3.983062]",
5294,"[4.590729,1.736588,3.983065]",
5295,"[4.604398,1.73736,3.983066]",
5296,"[4.609859,1.737701,3.983067]",
5297,"[4.618759,1.739672,3.983071]",
5298,"[4.622701,1.741235,3.983074]",
5299,"[4.626531,1.742894,3.983078]",
5300,"[4.632758,1.746005,3.983084]",
5301,"[4.635564,1.747735,3.983088]",
5302,"[4.641124,1.751613,3.983096]",
5303,"[4.643579,1.753439,3.9831]",
5304,"[4.647339,1.755889,3.983105]",
5305,"[4.649044,1.756675,3.983107]",
5306,"[4.652404,1.758838,3.983111]",
5307,"[4.654337,1.760612,3.983115]",
5308,"[4.656688,1.763035,3.98312]",
5309,"[4.660933,1.766337,3.983127]",
5310,"[4.662858,1.766799,3.983128]",
5311,"[4.664981,1.765471,3.983125]",
5312,"[4.665146,1.763836,3.983122]",
5313,"[4.66315,1.759095,3.983112]",
5314,"[4.660188,1.75533,3.983104]",
5315,"[4.656486,1.751184,3.983095]",
5316,"[4.647397,1.74312,3.983078]",
5317,"[4.6422,1.739904,3.983072]",
5318,"[4.631839,1.735818,3.983063]",
5319,"[4.6257,1.734335,3.98306]",
5320,"[4.61178,1.730447,3.983052]",
5321,"[4.601008,1.725652,3.983042]",
5322,"[4.590836,1.719399,3.983029]",
5323,"[4.57329,1.708723,3.983006]",
5324,"[4.564832,1.705484,3.982999]",
5325,"[4.547304,1.701435,3.982991]",
5326,"[4.538213,1.699385,3.982987]",
5327,"[4.521394,1.694429,3.982976]",
5328,"[4.512286,1.691395,3.98297]",
5329,"[4.502627,1.688044,3.982963]",
5330,"[4.484764,1.680648,3.982947]",
5331,"[4.476778,1.676801,3.982939]",
5332,"[4.463666,1.671809,3.982929]",
5333,"[4.457792,1.670932,3.982927]",
5334,"[4.446047,1.670667,3.982927]",
5335,"[4.440457,1.669926,3.982925]",
5336,"[4.428414,1.664248,3.982913]",
5337,"[4.419967,1.657149,3.982898]",
5338,"[4.411816,1.648487,3.98288]",
5339,"[4.398064,1.632564,3.982847]",
5340,"[4.394962,1.63003,3.982841]",
5341,"[4.39169,1.627995,3.982837]",
5342,"[4.391001,1.62732,3.982836]",
5343,"[4.390952,1.624463,3.98283]",
5344,"[4.391848,1.621939,3.982825]",
5345,"[4.393801,1.618478,3.982817]",
5346,"[4.400408,1.611541,3.982803]",
5347,"[4.405379,1.609791,3.982799]",
5348,"[4.417388,1.612464,3.982805]",
5349,"[4.425859,1.616062,3.982812]",
5350,"[4.44286,1.622904,3.982826]",
5351,"[4.451496,1.625883,3.982833]",
5352,"[4.467026,1.632426,3.982846]",
5353,"[4.475222,1.637041,3.982856]",
5354,"[4.48506,1.643868,3.98287]",
5355,"[4.503932,1.658044,3.9829]",
5356,"[4.514265,1.665062,3.982915]",
5357,"[4.534852,1.677648,3.982941]",
5358,"[4.547676,1.684779,3.982956]",
5359,"[4.57608,1.700629,3.982989]",
5360,"[4.592662,1.711976,3.983013]",
5361,"[4.609144,1.72466,3.98304]",
5362,"[4.643114,1.75484,3.983103]",
5363,"[4.659807,1.771224,3.983137]",
5364,"[4.692895,1.808801,3.983216]",
5365,"[4.704248,1.824275,3.983248]",
5366,"[4.72784,1.861858,3.983327]",
5367,"[4.738629,1.880446,3.983366]",
5368,"[4.756944,1.913445,3.983435]",
5369,"[4.765147,1.927145,3.983464]",
5370,"[4.772182,1.938028,3.983486]",
5371,"[4.781498,1.949263,3.98351]",
5372,"[4.78421,1.951021,3.983514]",
5373,"[4.786367,1.950671,3.983513]",
5374,"[4.78655,1.950306,3.983512]",
5375,"[4.78592,1.950361,3.983512]",
5376,"[4.783802,1.951354,3.983514]",
5377,"[4.780169,1.953003,3.983518]",
5378,"[4.765591,1.958232,3.983529]",
5379,"[4.755247,1.961026,3.983535]",
5380,"[4.73214,1.965867,3.983545]",
5381,"[4.719155,1.967469,3.983548]",
5382,"[4.689802,1.963792,3.983541]",
5383,"[4.670712,1.954698,3.983521]",
5384,"[4.654995,1.944603,3.9835]",
5385,"[4.628556,1.928511,3.983467]",
5386,"[4.619485,1.924441,3.983458]",
5387,"[4.607782,1.920714,3.98345]",
5388,"[4.60372,1.919128,3.983447]",
5389,"[4.597214,1.913995,3.983436]",
5390,"[4.594213,1.909449,3.983427]",
5391,"[4.586663,1.894707,3.983396]",
5392,"[4.580756,1.881852,3.983369]",
5393,"[4.573238,1.863718,3.983331]",
5394,"[4.55258,1.813019,3.983225]",
5395,"[4.54096,1.786478,3.983169]",
5396,"[4.517247,1.736602,3.983065]",
5397,"[4.504423,1.712982,3.983015]",
5398,"[4.4816,1.673914,3.982933]",
5399,"[4.468133,1.65141,3.982886]",
5400,"[4.454958,1.629468,3.98284]",
5401,"[4.427103,1.584137,3.982745]",
5402,"[4.412294,1.560713,3.982696]",
5403,"[4.38714,1.522346,3.982616]",
5404,"[4.375488,1.50422,3.982578]",
5405,"[4.359345,1.477118,3.982521]",
5406,"[4.351539,1.462511,3.982491]",
5407,"[4.345457,1.450901,3.982466]",
5408,"[4.334019,1.427828,3.982418]",
5409,"[4.326375,1.413372,3.982388]",
5410,"[4.298779,1.368912,3.982295]",
5411,"[4.275922,1.335189,3.982224]",
5412,"[4.220142,1.252262,3.933569]",
5413,"[4.180373,1.188573,3.943752]",
5414,"[4.094561,1.056473,3.932983]",
5415,"[4.051025,0.9873592,3.929763]",
5416,"[3.745141,0.4310029,5.04]",
5417,"[3.661213,0.3058219,5.04]",
5418,"[3.624077,0.2553613,5.04]",
5419,"[3.826053,0.6482169,4.168153]",
5420,"[3.815114,0.6443946,4.125605]",
5421,"[3.794525,0.6253511,4.0687]",
5422,"[3.8288,0.6908714,3.942119]",
5423,"[3.821872,0.6891312,3.938434]",
5424,"[3.804858,0.6925373,3.947022]",
5425,"[3.792705,0.6925373,3.962308]",
5426,"[3.775431,0.6925373,3.985396]",
5427,"[3.770701,0.6925373,3.990737]",
5428,"[3.765788,0.6925373,3.992719]",
5429,"[3.762506,0.6925373,3.992638]",
5430,"[3.752609,0.6925373,3.995451]",
5431,"[3.745574,0.6925373,3.999779]",
5432,"[3.743247,0.699656,3.992425]",
5433,"[3.740826,0.7130653,3.97695]",
5434,"[3.735626,0.7130653,3.979982]",
5435,"[3.72179,0.7130653,3.987858]",
5436,"[3.712165,0.7130653,3.99366]",
5437,"[3.689595,0.7130653,4.006893]",
5438,"[3.67748,0.7130653,4.013521]",
5439,"[3.664658,0.7130653,4.019976]",
5440,"[3.637202,0.7130653,4.03085]",
5441,"[3.622504,0.7130653,4.0359]",
5442,"[3.627117,0.7519917,3.973971]",
5443,"[3.613665,0.7519917,3.981073]",
5444,"[3.553121,0.7130653,4.078585]",
5445,"[3.540411,0.7130653,4.106394]",
5446,"[3.524459,0.7130653,4.169334]",
5447,"[3.294615,0.5106556,5.04]",
5448,"[3.421849,0.647136,5.04]",
5449,"[3.762239,0.9426108,5.04]",
5450,"[4.111946,1.289311,3.930658]",
5451,"[4.380043,1.433871,3.98243]",
5452,"[4.531634,1.505744,3.982581]",
5453,"[4.830829,1.632627,3.982847]",
5454,"[4.986632,1.692129,3.982971]",
5455,"[5.161399,1.750509,3.983094]",
5456,"[5.486404,1.828545,3.983257]",
5457,"[5.95,1.906797,4.286922]",
5458,"[5.949999,1.905159,3.793926]",
5459,"[5.95,1.928465,3.57339]",
5460,"[5.95,2.007608,3.220113]",
5461,"[5.616,1.951201,2.955244]",
5462,"[5.616,1.969753,2.864452]",
5463,"[5.608872,1.987077,2.7186]",
5464,"[5.608872,1.990403,2.653418]",
5465,"[5.640092,2.004232,2.56454]",
5466,"[5.559505,1.98439,2.526787]",
5467,"[5.587953,2.006778,2.477043]",
5468,"[5.587221,2.012955,2.460273]",
5469,"[5.586136,2.022321,2.435431]",
5470,"[5.585907,2.024114,2.43018]",
5471,"[5.585829,2.025789,2.428392]",
5472,"[5.585978,2.036393,2.431795]",
5473,"[5.586483,2.053356,2.443375]",
5474,"[5.587558,2.082948,2.467982]",
5475,"[5.588119,2.091259,2.480836]",
5476,"[5.589432,2.098717,2.510906]",
5477,"[5.559507,2.0867,2.526731]",
5478,"[5.5591,2.085211,2.538392]",
5479,"[5.559202,2.079056,2.547288]",
5480,"[5.559571,2.073794,2.548778]",
5481,"[5.558868,2.060749,2.545023]",
5482,"[5.559131,2.0542,2.537505]",
5483,"[5.95,2.18501,2.528114]",
5484,"[5.588957,2.058886,2.500038]",
5485,"[5.588263,2.063654,2.484126]",
5486,"[5.586737,2.077716,2.449179]",
5487,"[5.585988,2.08341,2.432018]",
5488,"[5.584698,2.088934,2.402482]",
5489,"[5.584202,2.089406,2.391121]",
5490,"[5.583231,2.090043,2.368894]",
5491,"[5.582737,2.090613,2.35757]",
5492,"[5.582253,2.091045,2.34648]",
5493,"[5.581444,2.091601,2.327967]",
5494,"[5.581124,2.092166,2.320626]",
5495,"[5.580581,2.092999,2.308185]",
5496,"[5.580341,2.092571,2.302704]",
5497,"[5.579978,2.089326,2.294367]",
5498,"[5.579845,2.086426,2.291329]",
5499,"[5.579626,2.075815,2.286306]",
5500,"[5.579497,2.067498,2.283365]",
5501,"[5.579388,2.06039,2.280864]",
5502,"[5.579168,2.050251,2.275833]",
5503,"[5.579007,2.048839,2.272139]",
5504,"[5.578588,2.050289,2.262534]",
5505,"[5.578383,2.052485,2.257853]",
5506,"[5.578155,2.05686,2.252612]",
5507,"[5.578097,2.058717,2.251308]",
5508,"[5.578049,2.061533,2.250201]",
5509,"[5.578038,2.063074,2.249937]",
5510,"[5.578035,2.06459,2.249874]",
5511,"[5.578042,2.067134,2.25003]",
5512,"[5.578038,2.067873,2.249943]",
5513,"[5.578001,2.067946,2.249109]",
5514,"[5.577953,2.067076,2.248005]",
5515,"[5.577802,2.064435,2.244532]",
5516,"[5.577701,2.063012,2.242234]",
5517,"[5.577575,2.061296,2.239351]",
5518,"[5.577298,2.057172,2.23299]",
5519,"[5.577167,2.055296,2.229982]",
5520,"[5.576925,2.052904,2.224458]",
5521,"[5.576793,2.051812,2.221436]",
5522,"[5.576551,2.048577,2.215892]",
5523,"[5.576424,2.045934,2.212977]",
5524,"[5.576298,2.043055,2.210093]",
5525,"[5.576094,2.037946,2.205418]",
5526,"[5.576005,2.035966,2.203392]",
5527,"[5.575887,2.033648,2.200683]",
5528,"[5.575866,2.033324,2.200195]",
5529,"[5.575777,2.033236,2.198153]",
5530,"[5.575784,2.033319,2.198311]",
5531,"[5.575815,2.033831,2.199033]",
5532,"[5.575999,2.036152,2.203252]",
5533,"[5.576222,2.037959,2.208355]",
5534,"[5.576902,2.042138,2.223927]",
5535,"[5.577392,2.044168,2.235152]",
5536,"[5.578419,2.046915,2.258673]",
5537,"[5.579054,2.048794,2.27322]",
5538,"[5.580348,2.053011,2.302849]",
5539,"[5.580997,2.054757,2.317704]",
5540,"[5.58156,2.056142,2.330609]",
5541,"[5.582673,2.05978,2.356111]",
5542,"[5.583156,2.062334,2.367175]",
5543,"[5.584026,2.06979,2.387093]",
5544,"[5.584415,2.074829,2.396001]",
5545,"[5.584994,2.084246,2.409276]",
5546,"[5.585227,2.088361,2.414611]",
5547,"[5.585584,2.094485,2.422787]",
5548,"[5.585728,2.096506,2.426064]",
5549,"[5.585864,2.098348,2.429198]",
5550,"[5.586101,2.101954,2.434614]",
5551,"[5.586236,2.104059,2.437699]",
5552,"[5.586503,2.107643,2.443812]",
5553,"[5.586667,2.109792,2.447581]",
5554,"[5.587044,2.115469,2.456217]",
5555,"[5.587249,2.11886,2.460906]",
5556,"[5.587452,2.122079,2.465556]",
5557,"[5.587868,2.127171,2.475094]",
5558,"[5.588136,2.129452,2.481231]",
5559,"[5.588714,2.132982,2.494454]",
5560,"[5.589066,2.13442,2.502532]",
5561,"[5.60364,2.142574,2.522009]",
5562,"[5.561076,2.126461,2.522012]",
5563,"[5.559213,2.128082,2.535173]",
5564,"[5.558982,2.129132,2.541784]",
5565,"[5.559416,2.130331,2.548153]",
5566,"[5.608872,2.152738,2.570632]",
5567,"[5.608872,2.154166,2.577162]",
5568,"[5.608872,2.156089,2.589139]",
5569,"[5.608872,2.156653,2.595267]",
5570,"[5.608872,2.157456,2.607292]",
5571,"[5.608872,2.157878,2.613456]",
5572,"[5.608872,2.158237,2.618887]",
5573,"[5.608872,2.159127,2.628387]",
5574,"[5.608872,2.15954,2.632708]",
5575,"[5.608872,2.161019,2.641739]",
5576,"[5.608872,2.162007,2.646465]",
5577,"[5.608872,2.164476,2.65671]",
5578,"[5.608872,2.165497,2.661346]",
5579,"[5.608872,2.167258,2.670319]",
5580,"[5.608872,2.168085,2.67427]",
5581,"[5.608872,2.168666,2.677461]",
5582,"[5.608872,2.169307,2.681636]",
5583,"[5.608872,2.169592,2.682308]",
5584,"[5.608872,2.171196,2.682221]",
5585,"[5.608872,2.174544,2.680924]",
5586,"[5.608872,2.200319,2.668761]",
5587,"[5.608872,2.218538,2.658397]",
5588,"[5.608872,2.232691,2.648834]",
5589,"[5.608872,2.255584,2.627893]",
5590,"[5.608872,2.266726,2.613134]",
5591,"[5.95,2.453322,2.635219]",
5592,"[5.559731,2.264824,2.549419]",
5593,"[5.747353,2.36575,2.527028]",
5594,"[5.881307,2.434472,2.510845]",
5595,"[5.879501,2.434472,2.439014]",
5596,"[5.879848,2.434472,2.402626]",
5597,"[5.884261,2.434472,2.342839]",
5598,"[5.887776,2.434472,2.319031]",
5599,"[5.891773,2.434472,2.300347]",
5600,"[5.909899,2.434472,2.279191]",
5601,"[5.95,2.445514,2.269481]",
5602,"[5.95,2.415621,2.259523]",
5603,"[5.95,2.386808,2.256073]",
5604,"[5.579121,2.146815,2.274753]",
5605,"[5.578987,2.092726,2.271683]",
5606,"[5.578897,2.046619,2.269633]",
5607,"[5.578832,1.963089,2.268139]",
5608,"[5.578906,1.930143,2.26982]",
5609,"[5.572969,1.861649,2.281401]",
5610,"[5.574768,1.830893,2.29086]",
5611,"[5.95,1.827498,2.297919]",
5612,"[5.95,1.802659,2.315798]",
5613,"[5.95,1.756904,2.355269]",
5614,"[5.95,1.724294,2.38241]",
5615,"[5.95,1.694009,2.405834]",
5616,"[5.95,1.651635,2.438989]",
5617,"[5.95,1.630888,2.455782]",
5618,"[5.95,1.602014,2.479026]",
5619,"[5.95,1.588839,2.488898]",
5620,"[5.95,1.570181,2.500692]",
5621,"[5.95,1.582585,2.502249]",
5622,"[5.95,1.582544,2.502166]",
5623,"[5.95,1.582695,2.501355]",
5624,"[5.95,1.582245,2.499337]",
5625,"[5.95,1.580167,2.490672]",
5626,"[5.95,1.579038,2.486772]",
5627,"[5.95,1.577401,2.483732]",
5628,"[5.95,1.577585,2.483576]",
5629,"[5.95,1.578307,2.484128]",
5630,"[5.95,1.577546,2.484793]",
5631,"[5.95,1.576208,2.485689]",
5632,"[5.95,1.568682,2.487774]",
5633,"[5.95,1.56332,2.490181]",
5634,"[5.57932,1.560023,2.476478]",
5635,"[5.57932,1.551878,2.48222]",
5636,"[5.57932,1.539834,2.492183]",
5637,"[5.57932,1.537746,2.495592]",
5638,"[5.58078,1.538,2.499118]",
5639,"[5.581241,1.539024,2.5001]",
5640,"[5.581242,1.540093,2.500102]",
5641,"[5.580235,1.542607,2.49796]",
5642,"[5.579369,1.543895,2.496117]",
5643,"[5.57932,1.544521,2.494184]",
5644,"[5.57932,1.54431,2.49402]",
5645,"[5.57932,1.540816,2.495816]",
5646,"[5.58036,1.537746,2.498227]",
5647,"[5.581811,1.534361,2.501314]",
5648,"[5.746116,1.515869,2.526985]",
5649,"[5.605124,1.521117,2.522061]",
5650,"[5.559153,1.521578,2.536882]",
5651,"[5.55965,1.5217,2.549097]",
5652,"[5.594427,1.51807,2.57547]",
5653,"[5.578448,1.51738,2.581066]",
5654,"[5.577647,1.507648,2.594632]",
5655,"[5.746784,1.485815,2.628292]",
5656,"[5.72582,1.474638,2.631808]",
5657,"[5.709845,1.467275,2.634636]",
5658,"[5.708031,1.463659,2.634598]",
5659,"[5.70935,1.439848,2.63121]",
5660,"[5.714209,1.424639,2.628096]",
5661,"[5.719061,1.413639,2.625528]",
5662,"[5.725267,1.400453,2.622356]",
5663,"[5.727307,1.395109,2.621183]",
5664,"[5.730938,1.38423,2.619108]",
5665,"[5.735346,1.376171,2.618114]",
5666,"[5.737276,1.367533,2.617711]",
5667,"[5.735425,1.363736,2.618172]",
5668,"[5.729935,1.353787,2.619532]",
5669,"[5.72584,1.34737,2.62054]",
5670,"[5.718801,1.33746,2.622275]",
5671,"[5.715708,1.325583,2.623434]",
5672,"[5.712916,1.312777,2.624559]",
5673,"[5.729286,1.266612,2.631972]",
5674,"[5.683873,1.264227,2.62549]",
5675,"[5.644928,1.264227,2.621058]",
5676,"[5.635807,1.264227,2.620505]",
5677,"[5.594824,1.264227,2.615675]",
5678,"[5.561301,1.261129,2.61075]",
5679,"[5.560919,1.247622,2.610728]",
5680,"[5.95,1.112752,2.676966]",
5681,"[5.95,1.105626,2.676261]",
5682,"[5.95,1.091624,2.673111]",
5683,"[5.95,1.081175,2.669658]",
5684,"[5.95,1.054835,2.660097]",
5685,"[5.95,1.043921,2.655035]",
5686,"[5.95,1.032943,2.647039]",
5687,"[5.95,1.02694,2.642017]",
5688,"[5.95,1.018446,2.636623]",
5689,"[5.95,0.9829161,2.620446]",
5690,"[5.95,0.9540962,2.609388]",
5691,"[5.559098,1.064648,2.538462]",
5692,"[5.559467,1.044108,2.527895]",
5693,"[5.632741,0.9758468,2.508237]",
5694,"[5.578637,0.9822785,2.482648]",
5695,"[5.546099,0.9812582,2.45997]",
5696,"[5.533459,0.954497,2.410901]",
5697,"[5.53695,0.9426468,2.389645]",
5698,"[5.540053,0.9470536,2.364631]",
5699,"[5.597898,0.9726373,2.343217]",
5700,"[5.950001,0.7964077,2.313349]",
5701,"[5.596,0.9683346,2.311327]",
5702,"[5.596,0.9675459,2.297267]",
5703,"[5.950001,0.7888819,2.241597]",
5704,"[5.950001,0.7892205,2.220994]",
5705,"[5.950001,0.7946581,2.186827]",
5706,"[5.950001,0.7999192,2.167821]",
5707,"[5.950001,0.8101693,2.122101]",
5708,"[5.837736,0.8665102,2.11464]",
5709,"[5.731,0.9291654,2.110913]",
5710,"[5.605387,1.00988,2.106527]",
5711,"[5.57442,1.034496,2.099678]",
5712,"[5.575077,1.049748,2.080889]",
5713,"[5.95,0.8931606,1.986022]",
5714,"[5.95,0.9088561,1.979872]",
5715,"[5.95,0.9130602,1.979202]",
5716,"[5.95,0.9184196,1.979964]",
5717,"[5.95,0.9202398,1.980542]",
5718,"[5.95,0.9208214,1.981245]",
5719,"[5.95,0.9185166,1.981421]",
5720,"[5.95,0.91553,1.978809]",
5721,"[5.95,0.9143952,1.969265]",
5722,"[5.862321,0.9536626,1.981407]",
5723,"[5.824471,0.9732164,1.981407]",
5724,"[5.77937,0.992902,1.981407]",
5725,"[5.760119,0.9980344,1.981407]",
5726,"[5.717563,1.005798,1.981407]",
5727,"[5.695094,1.009503,1.981407]",
5728,"[5.653581,1.014149,1.981407]",
5729,"[5.63648,1.013166,1.981407]",
5730,"[5.624534,1.008954,1.978696]",
5731,"[5.624534,1.008836,1.976973]",
5732,"[5.624534,1.011734,1.97263]",
5733,"[5.624534,1.013214,1.970245]",
5734,"[5.624534,1.013793,1.968338]",
5735,"[5.624534,1.012414,1.965344]",
5736,"[5.624534,1.011653,1.963993]",
5737,"[5.624534,1.012084,1.962123]",
5738,"[5.624534,1.012763,1.960983]",
5739,"[5.624534,1.012926,1.958591]",
5740,"[5.624534,1.012188,1.956958]",
5741,"[5.624534,1.010699,1.954943]",
5742,"[5.624534,1.005524,1.949984]",
5743,"[5.624534,1.005672,1.947768]",
5744,"[5.624534,1.001804,1.942667]",
5745,"[5.624534,0.9998761,1.940178]",
5746,"[5.624534,0.9867657,1.933539]",
5747,"[5.624534,0.9735039,1.928399]",
5748,"[5.624534,0.9335073,1.912845]",
5749,"[5.624534,0.912103,1.903298]",
5750,"[5.624534,0.8975215,1.895274]",
5751,"[5.624534,0.8724884,1.877005]",
5752,"[5.624534,0.8604836,1.865868]",
5753,"[5.624534,0.8437851,1.845328]",
5754,"[5.624534,0.8379337,1.834576]",
5755,"[5.624534,0.8221039,1.814733]",
5756,"[5.624534,0.8102643,1.804367]",
5757,"[5.624534,0.7965967,1.794973]",
5758,"[5.624534,0.7753189,1.781]",
5759,"[5.624534,0.7576651,1.772674]",
5760,"[5.624534,0.7198061,1.752858]",
5761,"[5.624534,0.7013166,1.741959]",
5762,"[5.624534,0.6666951,1.718415]",
5763,"[5.609109,0.6622183,1.713617]",
5764,"[5.59313,0.6605772,1.710431]",
5765,"[5.593178,0.6331232,1.688775]",
5766,"[5.589472,0.622529,1.679347]",
5767,"[5.583715,0.6044203,1.662315]",
5768,"[5.577456,0.6006047,1.655461]",
5769,"[5.579137,0.5763165,1.63196]",
5770,"[5.812975,0.3503073,1.476214]",
5771,"[5.740762,0.3643844,1.476214]",
5772,"[5.701421,0.3706487,1.476214]",
5773,"[5.663333,0.4479398,1.476214]",
5774,"[5.620661,0.450563,1.476214]",
5775,"[5.603595,0.4663787,1.476214]",
5776,"[5.570393,0.4946435,1.476214]",
5777,"[5.555886,0.506363,1.476214]",
5778,"[5.530595,0.5160803,1.476214]",
5779,"[5.518042,0.5147758,1.476214]",
5780,"[5.492541,0.5210451,1.476214]",
5781,"[5.469569,0.5485492,1.476214]",
5782,"[5.440327,0.5969042,1.476214]",
5783,"[5.420924,0.6726176,1.451735]",
5784,"[5.443362,0.6726176,1.412822]",
5785,"[5.291712,0.8182909,1.511142]",
5786,"[5.291712,0.8175654,1.496784]",
5787,"[5.444334,0.6726176,1.333605]",
5788,"[5.435678,0.6726176,1.332742]",
5789,"[5.426305,0.6726176,1.333331]",
5790,"[5.382234,0.6726176,1.360751]",
5791,"[5.365076,0.6570517,1.372202]",
5792,"[5.365076,0.6181453,1.371241]",
5793,"[5.365076,0.6125278,1.373814]",
5794,"[5.365076,0.6169168,1.385772]",
5795,"[5.365076,0.6250826,1.400214]",
5796,"[5.365076,0.6416724,1.451324]",
5797,"[5.381496,0.6342251,1.476213]",
5798,"[5.424817,0.60569,1.476214]",
5799,"[5.507613,0.5824408,1.476214]",
5800,"[5.55498,0.5794469,1.476214]",
5801,"[5.660155,0.5576612,1.476214]",
5802,"[5.717834,0.5344309,1.476214]",
5803,"[5.853933,0.4541647,1.476214]",
5804,"[5.577712,0.6788913,1.643752]",
5805,"[5.588986,0.6806046,1.660997]",
5806,"[5.624534,0.6790394,1.680133]",
5807,"[5.624534,0.6913974,1.694835]",
5808,"[5.624534,0.7027729,1.715491]",
5809,"[5.624534,0.7064571,1.725343]",
5810,"[5.624534,0.7166714,1.740552]",
5811,"[5.624534,0.7245819,1.746324]",
5812,"[5.624534,0.7318535,1.750382]",
5813,"[5.624534,0.7415732,1.755196]",
5814,"[5.624534,0.7450036,1.757421]",
5815,"[5.624534,0.7507205,1.762362]",
5816,"[5.624534,0.7531263,1.764647]",
5817,"[5.624534,0.7590215,1.770782]",
5818,"[5.624534,0.760963,1.773833]",
5819,"[5.624534,0.7624071,1.77759]",
5820,"[5.624534,0.7633176,1.778774]",
5821,"[5.624534,0.7645522,1.779325]",
5822,"[5.624534,0.7731655,1.780566]",
5823,"[5.624534,0.7826411,1.780707]",
5824,"[5.624534,0.8065968,1.782714]",
5825,"[5.624534,0.8173873,1.783967]",
5826,"[5.624534,0.83206,1.786637]",
5827,"[5.624534,0.8383639,1.78833]",
5828,"[5.624534,0.8409763,1.789574]",
5829,"[5.624534,0.8432188,1.791428]",
5830,"[5.624534,0.8436061,1.792206]",
5831,"[5.624534,0.8440311,1.793389]",
5832,"[5.624534,0.8443635,1.793905]",
5833,"[5.624534,0.8453843,1.794456]",
5834,"[5.624534,0.8457248,1.794501]",
5835,"[5.624534,0.8460528,1.794246]",
5836,"[5.624534,0.8462942,1.793902]",
5837,"[5.624534,0.8465874,1.793437]",
5838,"[5.624534,0.8479385,1.792013]",
5839,"[5.624534,0.8491761,1.79081]",
5840,"[5.624534,0.8540693,1.787231]",
5841,"[5.624534,0.8597251,1.784871]",
5842,"[5.624534,0.8867867,1.779634]",
5843,"[5.624534,0.927401,1.777333]",
5844,"[5.624534,0.9952351,1.776886]",
5845,"[5.625863,1.153,1.7877]",
5846,"[5.81188,1.153,1.741976]",
5847,"[5.61922,1.347125,1.830787]",
5848,"[5.632555,1.408058,1.858278]",
5849,"[5.692848,1.511721,1.90903]",
5850,"[5.725282,1.558226,1.936333]",
5851,"[5.95,1.659927,2.011985]",
5852,"[5.57509,1.674266,2.080509]",
5853,"[5.950001,1.751354,2.172813]",
5854,"[5.95,1.824823,2.432286]",
5855,"[5.767574,1.825292,2.527734]",
5856,"[5.615586,1.830736,2.721818]",
5857,"[5.584509,1.830736,2.828616]",
5858,"[5.95,1.898692,3.340037]",
5859,"[5.95,1.883821,3.456284]",
5860,"[5.95,1.866597,3.534844]",
5861,"[5.95,1.830828,3.649037]",
5862,"[5.95,1.820969,3.649015]",
5863,"[5.95,1.794633,3.594506]",
5864,"[5.95,1.784848,3.521669]",
5865,"[5.95,1.779556,3.371359]",
5866,"[5.95,1.780001,3.307744]",
5867,"[5.667237,1.751729,2.969187]",
5868,"[5.778342,1.767051,2.973067]",
5869,"[5.883024,1.780778,2.976722]",
5870,"[5.95,1.788515,2.90209]",
5871,"[5.95,1.787728,2.855527]",
5872,"[5.95,1.792606,2.770568]",
5873,"[5.95,1.796244,2.74186]",
5874,"[5.95,1.795443,2.698807]",
5875,"[5.95,1.791124,2.682475]",
5876,"[5.559314,1.739755,2.547741]",
5877,"[5.559474,1.72886,2.527684]",
5878,"[5.568521,1.723908,2.520783]",
5879,"[5.643869,1.719579,2.523414]",
5880,"[5.678006,1.715241,2.524606]",
5881,"[5.738361,1.700548,2.526714]",
5882,"[5.769694,1.688836,2.527808]",
5883,"[5.855024,1.632799,2.530788]",
5884,"[5.901541,1.593681,2.532413]",
5885,"[5.57932,1.556045,2.453431]",
5886,"[5.57932,1.488657,2.440882]",
5887,"[5.57932,1.462705,2.434888]",
5888,"[5.57932,1.431844,2.420547]",
5889,"[5.582384,1.418442,2.410283]",
5890,"[5.633229,1.377738,2.38777]",
5891,"[5.633353,1.355339,2.36839]",
5892,"[5.633455,1.333231,2.35256]",
5893,"[5.576398,1.306917,2.320762]",
5894,"[5.57596,1.295118,2.309723]",
5895,"[5.57596,1.283896,2.294375]",
5896,"[5.57596,1.279537,2.288118]",
5897,"[5.57596,1.270356,2.277753]",
5898,"[5.57596,1.26611,2.272751]",
5899,"[5.57357,1.261524,2.262425]",
5900,"[5.573291,1.259502,2.256449]",
5901,"[5.573502,1.257045,2.250409]",
5902,"[5.573824,1.251419,2.241172]",
5903,"[5.573936,1.249186,2.23797]",
5904,"[5.574042,1.248516,2.234923]",
5905,"[5.574079,1.249162,2.233891]",
5906,"[5.57415,1.253319,2.231835]",
5907,"[5.57451,1.260825,2.230173]",
5908,"[5.59332,1.273967,2.226284]",
5909,"[5.59332,1.364021,2.223819]",
5910,"[5.59332,1.433362,2.221339]",
5911,"[5.59332,1.556207,2.206984]",
5912,"[5.95,1.625991,2.142663]",
5913,"[5.95,1.777433,2.111537]",
5914,"[5.679443,1.830737,2.137786]",
5915,"[5.571843,1.96211,2.108051]",
5916,"[5.574959,2.022833,2.084251]",
5917,"[5.67978,2.152945,2.019576]",
5918,"[5.84025,2.434472,1.887579]",
5919,"[5.694499,2.434472,1.908195]",
5920,"[5.578084,2.44883,1.915109]",
5921,"[5.95,2.715379,1.746798]",
5922,"[5.95,2.715871,1.742182]",
5923,"[5.95,2.711562,1.743111]",
5924,"[5.578428,2.462596,1.905264]",
5925,"[5.577899,2.444735,1.920427]",
5926,"[5.582901,2.434472,1.929784]",
5927,"[5.62496,2.434472,1.934548]",
5928,"[5.635118,2.434472,1.938589]",
5929,"[5.640449,2.434472,1.952864]",
5930,"[5.637498,2.434472,1.963474]",
5931,"[5.633832,2.434472,1.972466]",
5932,"[5.630263,2.434472,1.988806]",
5933,"[5.633923,2.434472,1.995818]",
5934,"[5.654808,2.434472,2.011931]",
5935,"[5.671158,2.434472,2.021962]",
5936,"[5.574722,2.352728,2.091022]",
5937,"[5.599188,2.349086,2.10631]",
5938,"[5.734525,2.387805,2.111036]",
5939,"[5.804492,2.403131,2.113479]",
5940,"[5.875726,2.414225,2.115967]",
5941,"[5.95,2.390624,2.133676]",
5942,"[5.577183,2.185294,2.230369]",
5943,"[5.578274,2.094967,2.255357]",
5944,"[5.578708,2.051624,2.265289]",
5945,"[5.579212,1.948898,2.276842]",
5946,"[5.579398,1.89893,2.281103]",
5947,"[5.573732,1.863161,2.284631]",
5948,"[5.618767,1.830737,2.277649]",
5949,"[5.683613,1.830737,2.266114]",
5950,"[5.724169,1.830737,2.258174]",
5951,"[5.73028,1.830737,2.256663]",
5952,"[5.734299,1.830736,2.255085]",
5953,"[5.734478,1.830737,2.254732]",
5954,"[5.731894,1.830737,2.254759]",
5955,"[5.72722,1.830737,2.255329]",
5956,"[5.715976,1.830736,2.257085]",
5957,"[5.665115,1.830737,2.266231]",
5958,"[5.573372,1.831915,2.285212]",
5959,"[5.580007,1.884197,2.295048]",
5960,"[5.580216,1.908193,2.299837]",
5961,"[5.580485,1.937729,2.305988]",
5962,"[5.580565,1.945074,2.307836]",
5963,"[5.580635,1.951109,2.309434]",
5964,"[5.580745,1.963349,2.311938]",
5965,"[5.580772,1.969026,2.312561]",
5966,"[5.580788,1.97526,2.312937]",
5967,"[5.580787,1.977193,2.312902]",
5968,"[5.580784,1.982142,2.312852]",
5969,"[5.580795,1.986024,2.313091]",
5970,"[5.580823,1.990412,2.313728]",
5971,"[5.580919,1.997236,2.315931]",
5972,"[5.580991,1.999983,2.317578]",
5973,"[5.581194,2.005692,2.322244]",
5974,"[5.581346,2.009333,2.325702]",
5975,"[5.581701,2.016471,2.333841]",
5976,"[5.581894,2.019591,2.338258]",
5977,"[5.582271,2.025061,2.346898]",
5978,"[5.582466,2.028101,2.351359]",
5979,"[5.582635,2.031118,2.35525]",
5980,"[5.582977,2.037678,2.363079]",
5981,"[5.583138,2.04053,2.36676]",
5982,"[5.583479,2.045526,2.374577]",
5983,"[5.583651,2.04782,2.378507]",
5984,"[5.584036,2.053075,2.38733]",
5985,"[5.584247,2.055977,2.392145]",
5986,"[5.584443,2.058714,2.396643]",
5987,"[5.584822,2.06419,2.405316]",
5988,"[5.585012,2.066875,2.409681]",
5989,"[5.585308,2.070236,2.416456]",
5990,"[5.585438,2.071275,2.41943]",
5991,"[5.585654,2.072792,2.424377]",
5992,"[5.585747,2.073538,2.426522]",
5993,"[5.58587,2.074846,2.42932]",
5994,"[5.585907,2.075356,2.430173]",
5995,"[5.585929,2.07574,2.430675]",
5996,"[5.585948,2.076445,2.431112]",
5997,"[5.585951,2.076944,2.431196]",
5998,"[5.585951,2.078121,2.431175]",
5999,"[5.585944,2.078847,2.431027]",
6000,"[5.585914,2.079974,2.430339]",
6001,"[5.585893,2.080416,2.429844]",
6002,"[5.585865,2.080731,2.429227]",
6003,"[5.585805,2.081269,2.427843]",
6004,"[5.585767,2.081553,2.426979]",
6005,"[5.585674,2.081748,2.424846]",
6006,"[5.585608,2.081594,2.423328]",
6007,"[5.585449,2.081244,2.419681]",
6008,"[5.585341,2.080948,2.417223]",
6009,"[5.585082,2.078524,2.411268]",
6010,"[5.584914,2.076081,2.407426]",
6011,"[5.584764,2.073873,2.403984]",
6012,"[5.584464,2.07034,2.39712]",
6013,"[5.584315,2.069068,2.393707]",
6014,"[5.584057,2.067094,2.387808]",
6015,"[5.583923,2.066143,2.384738]",
6016,"[5.583671,2.064686,2.37895]",
6017,"[5.58355,2.064203,2.376202]",
6018,"[5.583443,2.063937,2.373749]",
6019,"[5.583255,2.063797,2.369441]",
6020,"[5.583169,2.063732,2.367472]",
6021,"[5.583011,2.063251,2.363841]",
6022,"[5.582929,2.062808,2.361964]",
6023,"[5.582791,2.061772,2.358819]",
6024,"[5.582726,2.061295,2.357321]",
6025,"[5.582667,2.0609,2.35598]",
6026,"[5.582559,2.060247,2.353485]",
6027,"[5.582502,2.059946,2.352189]",
6028,"[5.582401,2.059557,2.349882]",
6029,"[5.582351,2.059384,2.348733]",
6030,"[5.582263,2.058989,2.346712]",
6031,"[5.582225,2.05878,2.345838]",
6032,"[5.582147,2.058438,2.344047]",
6033,"[5.582104,2.058254,2.343066]",
6034,"[5.582062,2.05807,2.342122]",
6035,"[5.581975,2.057585,2.340116]",
6036,"[5.581928,2.057293,2.339046]",
6037,"[5.581849,2.056871,2.337236]",
6038,"[5.581813,2.056779,2.336413]",
6039,"[5.581743,2.056884,2.334813]",
6040,"[5.581707,2.057034,2.33398]",
6041,"[5.581666,2.057148,2.333035]",
6042,"[5.581582,2.057171,2.33111]",
6043,"[5.581538,2.057182,2.330112]",
6044,"[5.58146,2.057436,2.32832]",
6045,"[5.581421,2.057714,2.327433]",
6046,"[5.581335,2.058383,2.325454]",
6047,"[5.581297,2.058634,2.324584]",
6048,"[5.581212,2.059137,2.32263]",
6049,"[5.581149,2.059438,2.321198]",
6050,"[5.581072,2.059749,2.319442]",
6051,"[5.58088,2.060267,2.315031]",
6052,"[5.58075,2.060449,2.312077]",
6053,"[5.580518,2.060935,2.306751]",
6054,"[5.5804,2.061274,2.304059]",
6055,"[5.580202,2.061785,2.299512]",
6056,"[5.580115,2.061665,2.297525]",
6057,"[5.580054,2.061203,2.296113]",
6058,"[5.579981,2.058993,2.294447]",
6059,"[5.579969,2.057267,2.294182]",
6060,"[5.580006,2.054877,2.295028]",
6061,"[5.580064,2.054086,2.296344]",
6062,"[5.580285,2.053206,2.301409]",
6063,"[5.580461,2.052832,2.305439]",
6064,"[5.580669,2.052598,2.310215]",
6065,"[5.581141,2.053082,2.321012]",
6066,"[5.581411,2.053932,2.327213]",
6067,"[5.581898,2.055411,2.338352]",
6068,"[5.582163,2.055939,2.344424]",
6069,"[5.582693,2.057028,2.356571]",
6070,"[5.582992,2.058061,2.363408]",
6071,"[5.583706,2.061729,2.379774]",
6072,"[5.584133,2.064062,2.389546]",
6073,"[5.584587,2.066122,2.399934]",
6074,"[5.5855,2.068019,2.420847]",
6075,"[5.585963,2.068572,2.431468]",
6076,"[5.58696,2.070725,2.454286]",
6077,"[5.587508,2.072719,2.466841]",
6078,"[5.588546,2.076373,2.490619]",
6079,"[5.589064,2.077912,2.502489]",
6080,"[5.95,2.205407,2.517076]",
6081,"[5.559196,2.071943,2.53564]",
6082,"[5.558977,2.073506,2.546382]",
6083,"[5.608872,2.093653,2.565802]",
6084,"[5.608872,2.094657,2.573555]",
6085,"[5.608872,2.095993,2.585282]",
6086,"[5.608872,2.096171,2.590189]",
6087,"[5.608872,2.095773,2.596534]",
6088,"[5.608872,2.095388,2.599065]",
6089,"[5.608872,2.094915,2.601096]",
6090,"[5.608872,2.093699,2.605281]",
6091,"[5.608872,2.092877,2.607624]",
6092,"[5.608872,2.091208,2.612397]",
6093,"[5.608872,2.090524,2.615072]",
6094,"[5.608872,2.089346,2.620501]",
6095,"[5.608872,2.088596,2.623889]",
6096,"[5.608872,2.086037,2.632008]",
6097,"[5.608872,2.084439,2.636196]",
6098,"[5.608872,2.082699,2.64057]",
6099,"[5.608872,2.079162,2.648929]",
6100,"[5.608872,2.077129,2.652885]",
6101,"[5.608872,2.072909,2.659896]",
6102,"[5.608872,2.070733,2.663143]",
6103,"[5.608872,2.06748,2.668405]",
6104,"[5.608872,2.066349,2.670681]",
6105,"[5.608872,2.065526,2.67268]",
6106,"[5.608872,2.06437,2.676147]",
6107,"[5.608872,2.063551,2.677716]",
6108,"[5.608872,2.061898,2.679858]",
6109,"[5.608872,2.061476,2.68038]",
6110,"[5.608872,2.061123,2.681206]",
6111,"[5.608872,2.060843,2.681723]",
6112,"[5.608872,2.060502,2.682199]",
6113,"[5.608872,2.059968,2.683234]",
6114,"[5.608872,2.060086,2.683743]",
6115,"[5.608872,2.061194,2.684587]",
6116,"[5.608872,2.06237,2.685035]",
6117,"[5.608872,2.067284,2.686588]",
6118,"[5.608872,2.070523,2.687423]",
6119,"[5.608872,2.07581,2.688855]",
6120,"[5.608872,2.078771,2.689847]",
6121,"[5.608872,2.082278,2.69109]",
6122,"[5.608872,2.090546,2.693706]",
6123,"[5.608872,2.096299,2.694808]",
6124,"[5.608872,2.106101,2.695916]",
6125,"[5.608872,2.108595,2.696237]",
6126,"[5.608872,2.110656,2.697019]",
6127,"[5.608872,2.111505,2.697536]",
6128,"[5.608872,2.112439,2.698141]",
6129,"[5.608872,2.114543,2.69956]",
6130,"[5.608872,2.115013,2.700432]",
6131,"[5.608872,2.114988,2.701998]",
6132,"[5.608872,2.115324,2.702811]",
6133,"[5.608872,2.11689,2.704358]",
6134,"[5.608872,2.117515,2.705118]",
6135,"[5.608872,2.118104,2.706501]",
6136,"[5.608872,2.118109,2.707233]",
6137,"[5.608872,2.11795,2.707891]",
6138,"[5.608872,2.11735,2.708902]",
6139,"[5.608872,2.117149,2.709197]",
6140,"[5.608872,2.116859,2.709713]",
6141,"[5.608872,2.116691,2.710036]",
6142,"[5.608872,2.116461,2.710778]",
6143,"[5.608872,2.116272,2.711271]",
6144,"[5.608872,2.115857,2.711932]",
6145,"[5.608872,2.113796,2.713916]",
6146,"[5.608872,2.112493,2.715013]",
6147,"[5.608872,2.110575,2.717043]",
6148,"[5.608872,2.109742,2.71804]",
6149,"[5.608872,2.107834,2.719126]",
6150,"[5.608872,2.106275,2.71933]",
6151,"[5.608872,2.104539,2.719205]",
6152,"[5.608872,2.100818,2.718382]",
6153,"[5.608872,2.097891,2.717414]",
6154,"[5.608872,2.094227,2.716864]",
6155,"[5.608872,2.091725,2.716568]",
6156,"[5.608872,2.0868,2.716018]",
6157,"[5.608872,2.084548,2.715768]",
6158,"[5.608872,2.079656,2.715609]",
6159,"[5.608872,2.077262,2.715913]",
6160,"[5.608872,2.075276,2.716413]",
6161,"[5.608872,2.073964,2.716901]",
6162,"[5.608872,2.073852,2.716813]",
6163,"[5.608872,2.07343,2.716533]",
6164,"[5.608872,2.072853,2.716014]",
6165,"[5.608872,2.072206,2.715293]",
6166,"[5.608872,2.071743,2.714716]",
6167,"[5.608872,2.071159,2.713923]",
6168,"[5.546232,2.037983,2.698764]",
6169,"[5.438569,1.985187,2.678052]",
6170,"[5.180124,1.86068,2.632379]",
6171,"[5.18031,1.860397,2.632131]",
6172,"[5.180335,1.858359,2.635376]",
6173,"[5.177264,1.85578,2.637077]",
6174,"[5.174865,1.853744,2.638542]",
6175,"[5.173775,1.850838,2.643678]",
6176,"[5.174037,1.849861,2.646345]",
6177,"[5.175298,1.849273,2.649128]",
6178,"[5.179675,1.848468,2.654571]",
6179,"[5.538788,2.013085,2.714376]",
6180,"[5.357225,1.926031,2.688131]",
6181,"[4.902423,1.714314,2.618298]",
6182,"[4.908134,1.715644,2.62042]",
6183,"[5.862098,2.127566,2.77814]",
6184,"[4.89171,1.703941,2.621619]",
6185,"[5.862098,2.114227,2.77848]",
6186,"[5.862098,2.112036,2.777685]",
6187,"[5.862098,2.110767,2.777189]",
6188,"[5.862098,2.108626,2.776169]",
6189,"[5.862098,2.108217,2.775686]",
6190,"[5.862098,2.108603,2.774574]",
6191,"[5.862098,2.108974,2.774041]",
6192,"[5.862098,2.109611,2.772605]",
6193,"[5.862098,2.109968,2.771628]",
6194,"[5.862098,2.110469,2.770834]",
6195,"[5.862098,2.112564,2.769052]",
6196,"[5.862098,2.114393,2.767748]",
6197,"[5.862098,2.118208,2.764748]",
6198,"[5.862098,2.120213,2.762991]",
6199,"[5.862098,2.124213,2.759244]",
6200,"[5.862098,2.12597,2.757657]",
6201,"[5.862098,2.127605,2.75631]",
6202,"[5.862098,2.130512,2.753712]",
6203,"[5.862098,2.131927,2.752233]",
6204,"[5.862098,2.133824,2.749578]",
6205,"[5.862098,2.134072,2.748538]",
6206,"[5.862098,2.134038,2.746666]",
6207,"[5.862098,2.134193,2.745696]",
6208,"[5.862098,2.13482,2.744559]",
6209,"[5.862098,2.137229,2.741823]",
6210,"[5.862098,2.138139,2.740612]",
6211,"[5.862098,2.138832,2.739084]",
6212,"[5.862098,2.139075,2.738489]",
6213,"[5.862098,2.139886,2.737418]",
6214,"[5.862098,2.140282,2.7369]",
6215,"[5.862098,2.140553,2.736125]",
6216,"[5.862098,2.140502,2.735829]",
6217,"[5.862098,2.140439,2.735562]",
6218,"[5.862098,2.140315,2.734926]",
6219,"[5.862098,2.140199,2.73459]",
6220,"[5.862098,2.139804,2.733989]",
6221,"[5.862098,2.139594,2.733778]",
6222,"[5.862098,2.139173,2.73358]",
6223,"[5.862098,2.138988,2.73356]",
6224,"[5.862098,2.138805,2.733554]",
6225,"[5.862098,2.138385,2.73366]",
6226,"[5.862098,2.138178,2.73375]",
6227,"[5.862098,2.137872,2.733924]",
6228,"[5.862098,2.137781,2.733989]",
6229,"[5.862098,2.137573,2.734231]",
6230,"[5.862098,2.137416,2.734526]",
6231,"[5.862098,2.137214,2.734955]",
6232,"[5.862098,2.136751,2.736089]",
6233,"[5.862098,2.136509,2.73689]",
6234,"[5.862098,2.135975,2.73857]",
6235,"[5.862098,2.135695,2.739319]",
6236,"[5.862098,2.135218,2.740319]",
6237,"[5.862098,2.134984,2.740619]",
6238,"[5.862098,2.134561,2.740958]",
6239,"[5.862098,2.134449,2.741067]",
6240,"[5.862098,2.134403,2.741138]",
6241,"[5.862098,2.134484,2.74122]",
6242,"[5.862098,2.134645,2.741256]",
6243,"[5.862098,2.134962,2.741316]",
6244,"[5.862098,2.135087,2.741348]",
6245,"[5.862098,2.135185,2.741373]",
6246,"[5.862098,2.135175,2.741421]",
6247,"[5.862098,2.135164,2.741459]",
6248,"[5.862098,2.135378,2.74136]",
6249,"[5.862098,2.135567,2.741209]",
6250,"[5.862098,2.13611,2.740697]",
6251,"[5.862098,2.136421,2.740442]",
6252,"[5.862098,2.136989,2.740006]",
6253,"[5.862098,2.137205,2.739857]",
6254,"[5.862098,2.137526,2.739608]",
6255,"[5.862098,2.137642,2.739498]",
6256,"[5.862098,2.137748,2.739412]",
6257,"[5.862098,2.137966,2.739294]",
6258,"[5.862098,2.138035,2.739261]",
6259,"[5.862098,2.137965,2.73933]",
6260,"[5.862098,2.137922,2.739371]",
6261,"[5.862098,2.137836,2.739457]",
6262,"[5.862098,2.13799,2.739487]",
6263,"[5.862098,2.138162,2.739504]",
6264,"[5.862098,2.138344,2.739517]",
6265,"[5.862098,2.138279,2.73957]",
6266,"[5.862098,2.138132,2.739685]",
6267,"[5.862098,2.13808,2.739727]",
6268,"[5.862098,2.13816,2.739831]",
6269,"[5.862098,2.13816,2.739831]",
6270,"[5.862098,2.13819,2.739891]",
6271,"[5.838999,2.127793,2.737857]",
6272,"[5.79032,2.105871,2.733348]",
6273,"[5.815658,2.117308,2.735887]",
6274,"[5.95,2.177884,2.748865]",
6275,"[5.95,2.177884,2.748865]",
6276,"[5.95,2.17782,2.74901]",
6277,"[5.95,2.177729,2.749171]",
6278,"[5.95,2.177628,2.749322]",
6279,"[5.95,2.177637,2.749492]",
6280,"[5.95,2.177654,2.749552]",
6281,"[5.95,2.177661,2.749605]",
6282,"[5.95,2.17765,2.749735]",
6283,"[5.95,2.177658,2.749816]",
6284,"[5.95,2.177683,2.749906]",
6285,"[5.95,2.177683,2.749906]",
6286,"[5.95,2.177743,2.750008]",
6287,"[5.95,2.17797,2.750016]",
6288,"[5.95,2.17837,2.749857]",
6289,"[5.95,2.178633,2.749725]",
6290,"[5.95,2.178961,2.749582]",
6291,"[5.95,2.179611,2.749307]",
6292,"[5.95,2.179965,2.749134]",
6293,"[5.95,2.180388,2.748789]",
6294,"[5.95,2.180501,2.748607]",
6295,"[5.95,2.180579,2.748426]",
6296,"[5.95,2.180565,2.748087]",
6297,"[5.95,2.180377,2.747823]",
6298,"[5.95,2.179247,2.746958]",
6299,"[5.95,2.178506,2.746353]",
6300,"[5.060211,1.77579,2.661135]",
6301,"[5.04263,1.76752,2.658345]",
6302,"[5.031024,1.761776,2.655895]",
6303,"[5.026188,1.758416,2.652748]",
6304,"[5.037001,1.762583,2.652143]",
6305,"[4.866746,1.687327,2.633752]",
6306,"[4.884119,1.694705,2.633193]",
6307,"[5.608872,2.004606,2.688315]",
6308,"[5.608872,2.002307,2.683797]",
6309,"[5.608872,2.000647,2.680138]",
6310,"[5.608872,1.998155,2.673572]",
6311,"[5.608872,1.996853,2.668557]",
6312,"[5.608872,1.994423,2.659703]",
6313,"[5.608872,1.992587,2.654675]",
6314,"[5.608872,1.989975,2.647628]",
6315,"[5.608872,1.988964,2.643824]",
6316,"[5.608872,1.987689,2.636933]",
6317,"[5.608872,1.987177,2.633461]",
6318,"[5.608872,1.986486,2.630588]",
6319,"[5.608872,1.985993,2.6311]",
6320,"[5.608872,1.985334,2.632435]",
6321,"[5.608872,1.983107,2.63986]",
6322,"[5.608872,1.981701,2.646914]",
6323,"[5.608872,1.978979,2.668203]",
6324,"[5.608872,1.977523,2.686629]",
6325,"[5.608872,1.974151,2.743538]",
6326,"[5.701546,2.0079,2.81172]",
6327,"[5.616,1.97497,2.835671]",
6328,"[5.616,1.976345,2.945104]",
6329,"[5.531127,1.947145,2.977774]",
6330,"[5.95,2.123736,3.380115]",
6331,"[5.95,2.138165,3.511552]",
6332,"[5.949999,2.170963,3.778164]",
6333,"[5.949999,2.193529,3.945784]",
6334,"[5.95,2.237747,4.29604]",
6335,"[5.583402,2.078432,3.944129]",
6336,"[5.494941,2.053193,3.983728]",
6337,"[5.31734,1.992293,3.9836]",
6338,"[5.254801,1.974109,3.983562]",
6339,"[5.14925,1.947077,3.983505]",
6340,"[5.102553,1.935066,3.98348]",
6341,"[5.039567,1.915337,3.983439]",
6342,"[5.012915,1.905384,3.983418]",
6343,"[4.988526,1.895427,3.983397]",
6344,"[4.9652,1.883972,3.983373]",
6345,"[4.951419,1.877721,3.98336]",
6346,"[4.927314,1.867207,3.983338]",
6347,"[4.910809,1.860571,3.983324]",
6348,"[4.881754,1.85154,3.983305]",
6349,"[4.869145,1.848081,3.983298]",
6350,"[4.855783,1.844037,3.98329]",
6351,"[4.694635,1.719614,3.240044]",
6352,"[4.686831,1.717373,3.244157]",
6353,"[4.78873,1.815539,3.98323]",
6354,"[4.776863,1.808986,3.983216]",
6355,"[4.750561,1.800077,3.983197]",
6356,"[4.735943,1.798245,3.983194]",
6357,"[4.710407,1.796676,3.983191]",
6358,"[4.698975,1.796619,3.98319]",
6359,"[4.689346,1.796666,3.983191]",
6360,"[4.671752,1.796426,3.98319]",
6361,"[4.664432,1.795783,3.983189]",
6362,"[4.650369,1.794194,3.983185]",
6363,"[4.643378,1.793208,3.983183]",
6364,"[4.62922,1.790152,3.983177]",
6365,"[4.62281,1.788562,3.983173]",
6366,"[4.615377,1.786423,3.983169]",
6367,"[4.604743,1.781668,3.983159]",
6368,"[4.600438,1.779019,3.983153]",
6369,"[4.592053,1.773752,3.983142]",
6370,"[4.58702,1.770345,3.983135]",
6371,"[4.578394,1.763578,3.983121]",
6372,"[4.573276,1.759017,3.983112]",
6373,"[4.563304,1.749424,3.983091]",
6374,"[4.557884,1.743954,3.98308]",
6375,"[4.55141,1.736983,3.983065]",
6376,"[4.542832,1.726989,3.983044]",
6377,"[4.538256,1.721205,3.983032]",
6378,"[4.529807,1.710685,3.98301]",
6379,"[4.524649,1.705378,3.982999]",
6380,"[4.513319,1.696607,3.982981]",
6381,"[4.505931,1.692458,3.982972]",
6382,"[4.487938,1.683586,3.982954]",
6383,"[4.477085,1.677572,3.982941]",
6384,"[4.466908,1.671103,3.982927]",
6385,"[4.451385,1.659583,3.982903]",
6386,"[4.44545,1.655497,3.982895]",
6387,"[4.437542,1.6528,3.982889]",
6388,"[4.433753,1.652703,3.982889]",
6389,"[4.431177,1.653119,3.98289]",
6390,"[4.426543,1.655809,3.982895]",
6391,"[4.424884,1.657506,3.982899]",
6392,"[4.42008,1.662724,3.98291]",
6393,"[4.417629,1.664964,3.982914]",
6394,"[4.411459,1.668617,3.982922]",
6395,"[4.407902,1.669285,3.982924]",
6396,"[4.404253,1.669716,3.982924]",
6397,"[4.397079,1.672398,3.98293]",
6398,"[4.393451,1.675091,3.982936]",
6399,"[4.385912,1.681857,3.98295]",
6400,"[4.382158,1.685366,3.982957]",
6401,"[4.372012,1.688242,3.909681]",
6402,"[4.368362,1.693617,3.915857]",
6403,"[4.36156,1.703447,3.928711]",
6404,"[4.358695,1.708462,3.935004]",
6405,"[4.355923,1.714734,3.941206]",
6406,"[4.35155,1.72759,3.952269]",
6407,"[4.350094,1.732891,3.956767]",
6408,"[4.348369,1.741185,3.965545]",
6409,"[4.347676,1.745248,3.969783]",
6410,"[4.345727,1.753948,3.977262]",
6411,"[4.344534,1.75806,3.980606]",
6412,"[4.343303,1.763217,3.98312]",
6413,"[4.343178,1.76466,3.983123]",
6414,"[4.343244,1.765609,3.983125]",
6415,"[4.343574,1.766395,3.983127]",
6416,"[4.345886,1.765848,3.983126]",
6417,"[4.350292,1.764737,3.983124]",
6418,"[4.35249,1.764311,3.983123]",
6419,"[4.356796,1.763939,3.983122]",
6420,"[4.35727,1.764258,3.983123]",
6421,"[4.359653,1.76407,3.983122]",
6422,"[4.364069,1.763055,3.98312]",
6423,"[4.366299,1.762313,3.983119]",
6424,"[4.370213,1.760776,3.983115]",
6425,"[4.37225,1.759755,3.983113]",
6426,"[4.374491,1.758392,3.98311]",
6427,"[4.376861,1.756585,3.983106]",
6428,"[4.378693,1.755338,3.983104]",
6429,"[4.379871,1.75418,3.983101]",
6430,"[4.38137,1.751892,3.983097]",
6431,"[4.382462,1.749786,3.983092]",
6432,"[4.383518,1.747654,3.983088]",
6433,"[4.385738,1.743683,3.983079]",
6434,"[4.386732,1.742193,3.983076]",
6435,"[4.387991,1.740552,3.983073]",
6436,"[4.388656,1.739752,3.983071]",
6437,"[4.390082,1.738243,3.983068]",
6438,"[4.391129,1.73719,3.983066]",
6439,"[4.392349,1.73588,3.983063]",
6440,"[4.394865,1.732924,3.983057]",
6441,"[4.395945,1.731601,3.983054]",
6442,"[4.39737,1.729686,3.98305]",
6443,"[4.39783,1.728462,3.983047]",
6444,"[4.397452,1.724769,3.98304]",
6445,"[4.396943,1.721131,3.983032]",
6446,"[4.396893,1.717112,3.983024]",
6447,"[4.399534,1.705697,3.983]",
6448,"[4.406899,1.693797,3.982975]",
6449,"[4.43667,1.658092,3.9829]",
6450,"[4.462559,1.63126,3.982844]",
6451,"[4.524088,1.570816,3.982717]",
6452,"[4.562805,1.535236,3.982643]",
6453,"[4.604453,1.501,3.982571]",
6454,"[4.720771,1.423394,3.982409]",
6455,"[4.781433,1.391067,3.982341]",
6456,"[4.942008,1.319103,3.98219]",
6457,"[5.02807,1.282509,3.958524]",
6458,"[5.258323,1.192171,3.957912]",
6459,"[5.384586,1.140095,3.920583]",
6460,"[5.562704,1.061094,3.935226]",
6461,"[5.95,0.8843319,3.919901]",
6462,"[5.243834,1.200653,3.327406]",
6463,"[5.274544,1.185941,3.181678]",
6464,"[5.400431,1.129046,3.155615]",
6465,"[5.95,0.8892198,3.170772]",
6466,"[5.95,0.8903733,3.084204]",
6467,"[5.532378,1.073361,2.967227]",
6468,"[5.95,0.8965856,2.918263]",
6469,"[5.95,0.8937991,2.876267]",
6470,"[5.95,0.8863022,2.789292]",
6471,"[5.95,0.8839247,2.738817]",
6472,"[5.95,0.8846698,2.656446]",
6473,"[5.95,0.8837662,2.611674]",
6474,"[5.95,0.8848301,2.560476]",
6475,"[5.788788,0.9577948,2.559493]",
6476,"[5.679751,1.008038,2.555685]",
6477,"[5.559082,1.064321,2.538916]",
6478,"[5.559299,1.065356,2.532689]",
6479,"[5.559404,1.064063,2.529676]",
6480,"[5.559332,1.060917,2.531738]",
6481,"[5.559233,1.051334,2.534589]",
6482,"[5.559197,1.046933,2.535627]",
6483,"[5.559109,1.042664,2.538137]",
6484,"[5.559078,1.041296,2.539024]",
6485,"[5.559083,1.040496,2.538899]",
6486,"[5.559125,1.040745,2.537667]",
6487,"[5.559122,1.041291,2.537779]",
6488,"[5.559011,1.043835,2.54096]",
6489,"[5.558853,1.046315,2.54548]",
6490,"[5.687478,0.9916461,2.555955]",
6491,"[5.746218,0.9641654,2.558006]",
6492,"[5.780388,0.9470427,2.559199]",
6493,"[5.777047,0.9454992,2.559083]",
6494,"[5.72255,0.9700736,2.557179]",
6495,"[5.559143,1.044126,2.537157]",
6496,"[5.691929,0.983889,2.499002]",
6497,"[5.688335,0.9870766,2.440634]",
6498,"[5.695841,0.9844865,2.404471]",
6499,"[5.709054,0.9785217,2.342392]",
6500,"[5.612188,1.021985,2.328618]",
6501,"[5.596275,1.028631,2.302713]",
6502,"[5.950001,0.8687152,2.162796]",
6503,"[5.950001,0.871179,2.12834]",
6504,"[5.792279,0.952624,2.113053]",
6505,"[5.715733,0.9905819,2.11038]",
6506,"[5.615566,1.038461,2.106882]",
6507,"[5.575563,1.056584,2.103929]",
6508,"[5.574694,1.056616,2.091839]",
6509,"[5.823946,0.9442671,1.981407]",
6510,"[5.779498,0.9646148,1.981407]",
6511,"[5.684668,1.017167,1.981407]",
6512,"[5.632844,1.050647,1.981407]",
6513,"[5.624534,1.083405,1.949099]",
6514,"[5.624534,1.102385,1.930631]",
6515,"[5.624534,1.120619,1.915633]",
6516,"[5.657545,1.153,1.878988]",
6517,"[5.74437,1.153,1.832474]",
6518,"[5.585966,1.24264,1.893488]",
6519,"[5.589302,1.264227,1.887896]",
6520,"[5.628167,1.290498,1.854583]",
6521,"[5.619329,1.311365,1.847144]",
6522,"[5.614164,1.332702,1.836793]",
6523,"[5.641392,1.359592,1.804448]",
6524,"[5.658453,1.376051,1.784179]",
6525,"[5.95,1.258897,1.316235]",
6526,"[5.950001,1.212654,1.199692]",
6527,"[5.950001,1.140905,1.040068]",
6528,"[5.950001,1.11168,0.9787672]",
6529,"[5.950001,1.055735,0.8698395]",
6530,"[5.950001,1.023792,0.8106111]",
6531,"[5.801645,1.046797,0.8977652]",
6532,"[5.736481,1.001482,0.8378704]",
6533,"[5.490412,1.075486,1.048156]",
6534,"[5.013611,1.257318,1.518629]",
6535,"[4.983222,1.25596,1.518629]",
6536,"[4.932796,1.257801,1.518629]",
6537,"[4.909039,1.259112,1.518629]",
6538,"[4.889272,1.260963,1.518629]",
6539,"[4.852771,1.267834,1.518629]",
6540,"[4.833538,1.273936,1.518629]",
6541,"[4.797792,1.286037,1.518629]",
6542,"[4.777441,1.292468,1.518629]",
6543,"[4.744305,1.301168,1.518629]",
6544,"[4.74063,1.295294,1.493104]",
6545,"[4.74063,1.279057,1.422987]",
6546,"[4.74063,1.271785,1.381359]",
6547,"[4.74063,1.259297,1.292235]",
6548,"[4.74063,1.253515,1.253435]",
6549,"[4.74063,1.248246,1.223173]",
6550,"[4.74063,1.234287,1.165657]",
6551,"[4.835,1.13205,0.8405653]",
6552,"[4.808419,1.128996,0.8405653]",
6553,"[4.791164,1.126389,0.8405653]",
6554,"[4.772652,1.124222,0.8405653]",
6555,"[4.732834,1.124496,0.8405653]",
6556,"[4.707135,1.126518,0.8405653]",
6557,"[4.612605,1.205402,1.072475]",
6558,"[4.55843,1.262566,1.245348]",
6559,"[4.498562,1.326725,1.436388]",
6560,"[4.481407,1.33967,1.469911]",
6561,"[4.46319,1.34404,1.464202]",
6562,"[4.456102,1.346784,1.461981]",
6563,"[4.450746,1.349294,1.460302]",
6564,"[4.443493,1.353364,1.45803]",
6565,"[4.440948,1.355182,1.457232]",
6566,"[4.436441,1.359392,1.45582]",
6567,"[4.434007,1.362309,1.455057]",
6568,"[4.430234,1.363375,1.436441]",
6569,"[4.42676,1.363375,1.421925]",
6570,"[4.414545,1.363375,1.383866]",
6571,"[4.407624,1.363375,1.362697]",
6572,"[4.400736,1.363375,1.34142]",
6573,"[4.416513,1.148292,0.3340316]",
6574,"[4.407513,1.15565,0.3340316]",
6575,"[4.397759,1.168704,0.3340316]",
6576,"[4.396104,1.175126,0.3340316]",
6577,"[4.396642,1.181171,0.3340316]",
6578,"[4.404104,1.193539,0.3340316]",
6579,"[4.41403,1.200926,0.3340316]",
6580,"[4.467029,1.215343,0.3340316]",
6581,"[4.522098,1.218535,0.3340316]",
6582,"[4.535077,1.363375,1.122004]",
6583,"[4.574395,1.363375,1.140052]",
6584,"[4.858357,1.192471,0.3340316]",
6585,"[4.855013,1.220598,0.52104]",
6586,"[5.024099,1.160513,0.3340316]",
6587,"[5.183842,1.089672,0.05000024]",
6588,"[5.153998,1.134645,0.3024836]",
6589,"[4.885221,1.3182,1.192017]",
6590,"[4.931318,1.3182,1.236209]",
6591,"[5.022147,1.3182,1.298317]",
6592,"[5.556356,1.142231,0.6723095]",
6593,"[5.628517,1.146813,0.7386361]",
6594,"[5.784019,1.166346,0.8815642]",
6595,"[5.950001,1.162632,0.8855202]",
6596,"[5.95,1.234622,1.154255]",
6597,"[5.950001,1.260071,1.269833]",
6598,"[5.588387,1.351534,1.660976]",
6599,"[5.694005,1.332353,1.664665]",
6600,"[5.675791,1.333472,1.763583]",
6601,"[5.630813,1.342866,1.817015]",
6602,"[5.617191,1.347925,1.845344]",
6603,"[5.637934,1.351998,1.862805]",
6604,"[5.645844,1.355097,1.869464]",
6605,"[5.654758,1.36157,1.876967]",
6606,"[5.657262,1.364742,1.879075]",
6607,"[5.660597,1.371096,1.881882]",
6608,"[5.662299,1.375098,1.883315]",
6609,"[5.578642,1.393802,1.916585]",
6610,"[5.578642,1.40531,1.920571]",
6611,"[5.578642,1.411794,1.922464]",
6612,"[5.578642,1.423085,1.925901]",
6613,"[5.578642,1.428993,1.928163]",
6614,"[5.578642,1.440069,1.933406]",
6615,"[5.578642,1.445735,1.936749]",
6616,"[5.578642,1.455778,1.945225]",
6617,"[5.578642,1.461421,1.95296]",
6618,"[5.578642,1.464727,1.959312]",
6619,"[5.578642,1.471724,1.978811]",
6620,"[5.578642,1.475106,1.990636]",
6621,"[5.578642,1.480606,2.01285]",
6622,"[5.578642,1.482893,2.023434]",
6623,"[5.603887,1.485368,2.035673]",
6624,"[5.636791,1.485134,2.035673]",
6625,"[5.665617,1.485204,2.035673]",
6626,"[5.95,1.467428,1.981468]",
6627,"[5.95,1.472585,1.987622]",
6628,"[5.575058,1.518887,2.081406]",
6629,"[5.574856,1.534084,2.08721]",
6630,"[5.574461,1.5706,2.098512]",
6631,"[5.576042,1.59226,2.10424]",
6632,"[5.628587,1.642347,2.107337]",
6633,"[5.687299,1.683458,2.109387]",
6634,"[5.786732,1.742485,2.112859]",
6635,"[5.593851,1.830737,2.190366]",
6636,"[5.585726,1.868831,2.21256]",
6637,"[5.577939,1.920328,2.247685]",
6638,"[5.57848,1.934612,2.260061]",
6639,"[5.579244,1.949285,2.277571]",
6640,"[5.579563,1.95333,2.284878]",
6641,"[5.579828,1.955815,2.290952]",
6642,"[5.580308,1.959322,2.301945]",
6643,"[5.580514,1.960286,2.306651]",
6644,"[5.580769,1.960811,2.312488]",
6645,"[5.580823,1.960282,2.313729]",
6646,"[5.580868,1.957884,2.314757]",
6647,"[5.580872,1.95573,2.314852]",
6648,"[5.580848,1.952497,2.314305]",
6649,"[5.580733,1.944661,2.311679]",
6650,"[5.580641,1.940738,2.309566]",
6651,"[5.580411,1.933633,2.304295]",
6652,"[5.580282,1.930237,2.301348]",
6653,"[5.579996,1.922547,2.294784]",
6654,"[5.579808,1.917028,2.290487]",
6655,"[5.579356,1.901883,2.28014]",
6656,"[5.57904,1.889331,2.272901]",
6657,"[5.578687,1.874119,2.26481]",
6658,"[5.574134,1.833531,2.245586]",
6659,"[5.704736,1.830736,2.22828]",
6660,"[5.95,1.829484,2.197732]",
6661,"[5.95,1.791796,2.180231]",
6662,"[5.95,1.750829,2.161489]",
6663,"[5.95,1.687667,2.128505]",
6664,"[5.95,1.667857,2.113778]",
6665,"[5.833063,1.649952,2.114477]",
6666,"[5.691759,1.621616,2.109543]",
6667,"[5.634614,1.608969,2.107547]",
6668,"[5.574492,1.582957,2.097638]",
6669,"[5.574761,1.572398,2.089921]",
6670,"[5.575031,1.562316,2.082189]",
6671,"[5.95,1.528828,2.005299]",
6672,"[5.95,1.518705,1.998408]",
6673,"[5.95,1.499475,1.987557]",
6674,"[5.95,1.490612,1.984514]",
6675,"[5.634208,1.506542,2.042924]",
6676,"[5.517091,1.499008,2.068642]",
6677,"[5.513954,1.485721,2.074978]",
6678,"[5.510897,1.44272,2.098101]",
6679,"[5.511634,1.416753,2.113377]",
6680,"[5.593887,1.37516,2.118129]",
6681,"[5.59332,1.330438,2.145398]",
6682,"[5.59332,1.309081,2.157972]",
6683,"[5.59332,1.280638,2.175598]",
6684,"[5.59332,1.268431,2.184386]",
6685,"[5.575192,1.252088,2.202005]",
6686,"[5.574902,1.241341,2.210304]",
6687,"[5.950001,1.114242,2.202136]",
6688,"[5.950001,1.111211,2.211003]",
6689,"[5.950001,1.110618,2.220153]",
6690,"[5.950001,1.113079,2.243677]",
6691,"[5.950001,1.114192,2.259019]",
6692,"[5.950001,1.111951,2.303838]",
6693,"[5.950001,1.107076,2.334866]",
6694,"[5.950001,1.092602,2.396555]",
6695,"[5.95,1.081648,2.430887]",
6696,"[5.95,1.069572,2.464295]",
6697,"[5.95,1.04511,2.528239]",
6698,"[5.749314,1.105986,2.527097]",
6699,"[5.558983,1.161675,2.541742]",
6700,"[5.95,1.012676,2.653131]",
6701,"[5.95,1.005181,2.714696]",
6702,"[5.95,1.003284,2.749429]",
6703,"[5.95,1.002494,2.781061]",
6704,"[5.95,1.001653,2.844318]",
6705,"[5.95,1.00045,2.877178]",
6706,"[5.95,0.9941478,2.931944]",
6707,"[5.95,0.9877729,2.958862]",
6708,"[5.84395,1.015288,2.975358]",
6709,"[5.762939,1.044642,2.972529]",
6710,"[5.605018,1.112579,2.967014]",
6711,"[5.532749,1.146057,2.96615]",
6712,"[5.95,0.9944769,3.228658]",
6713,"[5.95,1.003034,3.305327]",
6714,"[5.95,1.004358,3.336315]",
6715,"[5.95,1.000738,3.384391]",
6716,"[5.95,0.9956387,3.40478]",
6717,"[5.582028,1.120052,3.193884]",
6718,"[5.562909,1.120942,3.189855]",
6719,"[5.525652,1.115869,3.182003]",
6720,"[5.506996,1.107061,3.178072]",
6721,"[5.497673,1.093013,3.176107]",
6722,"[5.505568,1.044016,3.177771]",
6723,"[5.545991,0.9866449,3.18629]",
6724,"[5.612016,0.8635046,3.150085]",
6725,"[5.592978,0.8262561,3.068745]",
6726,"[5.722636,0.6622183,2.935599]",
6727,"[5.606642,0.7199314,2.815248]",
6728,"[5.660396,0.6794978,2.74299]",
6729,"[5.698554,0.6622185,2.587137]",
6730,"[5.571201,0.7533142,2.51299]",
6731,"[5.549006,0.7626445,2.451062]",
6732,"[5.546995,0.7570896,2.422339]",
6733,"[5.546229,0.7533573,2.398239]",
6734,"[5.547107,0.754015,2.391027]",
6735,"[5.547666,0.7562424,2.385935]",
6736,"[5.547718,0.7627806,2.382863]",
6737,"[5.547375,0.7671643,2.38363]",
6738,"[5.54512,0.7802528,2.395133]",
6739,"[5.543441,0.7878047,2.40487]",
6740,"[5.542881,0.806128,2.439311]",
6741,"[5.544401,0.8168629,2.469208]",
6742,"[5.552021,0.8216596,2.503698]",
6743,"[5.808492,0.6622185,2.617406]",
6744,"[5.635092,0.7800756,2.651178]",
6745,"[5.606642,0.8079347,2.745265]",
6746,"[5.606642,0.8158251,2.7951]",
6747,"[5.849193,0.6662495,2.975541]",
6748,"[5.703975,0.7574602,2.97047]",
6749,"[5.531037,0.8640089,2.980356]",
6750,"[5.612816,0.8129468,3.065602]",
6751,"[5.589434,0.8379909,3.09009]",
6752,"[5.600055,0.8578692,3.167014]",
6753,"[5.594455,0.8709518,3.196502]",
6754,"[5.494012,0.9411496,3.175336]",
6755,"[5.451359,0.972058,3.166347]",
6756,"[5.354827,1.050629,3.146005]",
6757,"[5.3004,1.09807,3.134535]",
6758,"[5.281023,1.127247,3.150937]",
6759,"[5.269472,1.172019,3.205748]",
6760,"[5.263937,1.192801,3.232017]",
6761,"[5.25068,1.233668,3.294921]",
6762,"[5.243173,1.252815,3.330547]",
6763,"[5.591114,1.159293,3.925398]",
6764,"[5.486835,1.241308,3.930486]",
6765,"[5.334694,1.385772,3.98233]",
6766,"[5.229962,1.483316,3.982534]",
6767,"[5.135834,1.581568,3.98274]",
6768,"[4.803978,1.703869,3.445515]",
6769,"[4.751228,1.764891,3.434602]",
6770,"[4.681927,1.851808,3.424761]",
6771,"[4.671519,1.911562,3.502117]",
6772,"[4.714961,2.124187,3.983876]",
6773,"[4.701639,2.142277,3.983914]",
6774,"[4.692177,2.15244,3.983936]",
6775,"[4.680598,2.15742,3.983946]",
6776,"[4.675814,2.154511,3.98394]",
6777,"[4.591844,1.953755,3.421516]",
6778,"[4.589661,1.95277,3.426524]",
6779,"[4.588605,1.955612,3.439512]",
6780,"[4.589443,1.958484,3.448503]",
6781,"[4.657167,2.135404,3.9839]",
6782,"[4.657014,2.130578,3.98389]",
6783,"[4.656823,2.123622,3.983875]",
6784,"[4.654428,2.104739,3.983836]",
6785,"[4.65155,2.095707,3.983817]",
6786,"[4.641376,2.076847,3.983777]",
6787,"[4.63454,2.066943,3.983757]",
6788,"[4.624388,2.055415,3.983732]",
6789,"[4.602522,2.04082,3.983702]",
6790,"[4.589948,2.036004,3.983692]",
6791,"[4.565342,2.02843,3.983676]",
6792,"[4.553997,2.024742,3.983668]",
6793,"[4.53209,2.017157,3.983652]",
6794,"[4.51967,2.012605,3.983643]",
6795,"[4.494155,2.001497,3.983619]",
6796,"[4.478383,1.993311,3.983602]",
6797,"[4.461516,1.984038,3.983583]",
6798,"[4.417972,1.960253,3.983533]",
6799,"[4.390831,1.945499,3.983502]",
6800,"[4.33371,1.914795,3.983438]",
6801,"[4.301007,1.89876,3.983404]",
6802,"[4.213386,1.870407,3.983345]",
6803,"[4.15564,1.857692,3.983318]",
6804,"[4.089617,1.837192,3.944574]",
6805,"[3.581609,1.949705,5.04]",
6806,"[3.411844,1.920131,5.04]",
6807,"[2.971898,1.852273,5.04]",
6808,"[2.698261,1.798694,4.988025]",
6809,"[2.284906,1.672077,4.676183]",
6810,"[2.112785,1.614725,4.507191]",
6811,"[2.050001,1.563266,4.262282]",
6812,"[2.05,1.474296,3.806079]",
6813,"[2.05,1.43294,3.6197]",
6814,"[3.447413,1.50714,2.79849]",
6815,"[3.434182,1.493139,2.742335]",
6816,"[2.05,1.287898,2.960157]",
6817,"[2.05,1.260337,2.877868]",
6818,"[2.05,1.225591,2.801659]",
6819,"[2.05,1.16146,2.667034]",
6820,"[2.05,1.13945,2.618747]",
6821,"[2.05,1.118313,2.537658]",
6822,"[2.050001,1.116841,2.505758]",
6823,"[2.05,1.114018,2.454479]",
6824,"[2.050001,1.108671,2.433413]",
6825,"[2.05,1.082637,2.387788]",
6826,"[2.050001,1.057796,2.355704]",
6827,"[2.050001,1.030331,2.320573]",
6828,"[2.050001,1.007305,2.286354]",
6829,"[2.050001,0.9714648,2.222219]",
6830,"[2.050001,0.9422176,2.141479]",
6831,"[2.050001,0.9365462,2.104689]",
6832,"[2.050001,0.9318053,2.069537]",
6833,"[2.050001,0.9174867,2.007167]",
6834,"[2.049999,0.9017214,1.973336]",
6835,"[2.049999,0.8809257,1.931906]",
6836,"[2.564959,1.005379,1.985221]",
6837,"[2.620661,1.01075,1.965084]",
6838,"[2.701529,1.018433,1.935874]",
6839,"[2.713292,1.012832,1.92007]",
6840,"[2.705614,0.9997425,1.897561]",
6841,"[2.690368,0.9765532,1.852884]",
6842,"[2.6831,0.9684116,1.831597]",
6843,"[2.670461,0.9537581,1.794584]",
6844,"[2.664109,0.9450616,1.775974]",
6845,"[2.657364,0.9352386,1.756211]",
6846,"[2.638321,0.9069719,1.700408]",
6847,"[2.627028,0.8888767,1.667308]",
6848,"[2.05,0.6102462,1.282448]",
6849,"[2.05,0.5791017,1.240082]",
6850,"[2.295409,0.6002311,1.288728]",
6851,"[2.373111,0.5806856,1.282949]",
6852,"[2.477767,0.5806856,1.306199]",
6853,"[2.626408,0.5806856,1.346403]",
6854,"[2.678665,0.5806856,1.364984]",
6855,"[2.775059,0.5806856,1.409679]",
6856,"[2.826657,0.5806856,1.437447]",
6857,"[2.994593,0.6298554,1.553072]",
6858,"[3.030136,0.6256549,1.579175]",
6859,"[3.030136,0.5991312,1.581446]",
6860,"[3.067487,0.5806856,1.618269]",
6861,"[3.093584,0.5806856,1.641935]",
6862,"[3.127224,0.5806856,1.672788]",
6863,"[3.139207,0.5806856,1.682635]",
6864,"[3.184005,0.6002311,1.713406]",
6865,"[3.197807,0.6002311,1.720641]",
6866,"[3.228024,0.6002311,1.73762]",
6867,"[3.241167,0.6002311,1.745418]",
6868,"[3.269703,0.6138606,1.764328]",
6869,"[3.26681,0.6002311,1.76006]",
6870,"[3.285053,0.6126198,1.772986]",
6871,"[3.289467,0.6002311,1.777291]",
6872,"[3.309679,0.6106309,1.791005]",
6873,"[3.301691,0.5958818,1.782988]",
6874,"[3.319265,0.6098546,1.79368]",
6875,"[3.305228,0.5957446,1.781449]",
6876,"[3.325317,0.6093612,1.78869]",
6877,"[3.313439,0.5954294,1.77647]",
6878,"[3.335374,0.608543,1.783787]",
6879,"[3.324724,0.5949897,1.772224]",
6880,"[3.347317,0.6075722,1.779612]",
6881,"[3.336765,0.5945179,1.768545]",
6882,"[3.355474,0.6069078,1.774107]",
6883,"[3.344178,0.594238,1.762469]",
6884,"[3.360346,0.60651,1.768831]",
6885,"[3.353473,0.5938869,1.754754]",
6886,"[3.370286,0.6056994,1.759933]",
6887,"[3.362378,0.5935622,1.743063]",
6888,"[3.375287,0.6052858,1.743992]",
6889,"[3.362759,0.5936033,1.722214]",
6890,"[3.374385,0.605348,1.721273]",
6891,"[3.359827,0.593778,1.70084]",
6892,"[3.364482,0.6061307,1.679304]",
6893,"[3.345647,0.5944879,1.647892]",
6894,"[3.352253,0.6070918,1.615947]",
6895,"[3.339573,0.5948871,1.589931]",
6896,"[3.358997,0.6065263,1.578206]",
6897,"[3.350189,0.5945458,1.559011]",
6898,"[3.369293,0.6056771,1.549816]",
6899,"[3.360226,0.5942269,1.528298]",
6900,"[3.375172,0.6051888,1.526272]",
6901,"[3.369308,0.593943,1.498975]",
6902,"[3.383697,0.6044862,1.503679]",
6903,"[3.379131,0.5935829,1.486833]",
6904,"[3.393817,0.6036599,1.492925]",
6905,"[3.389044,0.5932024,1.480793]",
6906,"[3.403112,0.6029033,1.487609]",
6907,"[3.395846,0.5929391,1.477532]",
6908,"[3.413987,0.6020176,1.480468]",
6909,"[3.40903,0.592433,1.469652]",
6910,"[3.42791,0.6008823,1.468368]",
6911,"[3.413412,0.5829192,1.449119]",
6912,"[3.414867,0.5802356,1.42922]",
6913,"[3.138787,0.3163278,1.189947]",
6914,"[3.144506,0.3225514,1.186314]",
6915,"[3.152246,0.3329571,1.172497]",
6916,"[3.15053,0.3329571,1.161425]",
6917,"[3.148026,0.3329571,1.141663]",
6918,"[3.146595,0.3329571,1.131325]",
6919,"[3.146447,0.3329571,1.120424]",
6920,"[3.147309,0.3329571,1.120092]",
6921,"[3.150989,0.3329571,1.122923]",
6922,"[3.153091,0.3329571,1.124763]",
6923,"[3.155346,0.3329571,1.126862]",
6924,"[3.166814,0.3329571,1.145144]",
6925,"[3.170909,0.3329571,1.152902]",
6926,"[3.176614,0.3306379,1.16592]",
6927,"[3.173203,0.3231568,1.168086]",
6928,"[3.163865,0.3034902,1.174017]",
6929,"[3.156226,0.2865637,1.17887]",
6930,"[3.147866,0.2662984,1.18418]",
6931,"[3.132526,0.2293015,1.193924]",
6932,"[3.125926,0.2155887,1.198117]",
6933,"[3.113522,0.1950953,1.205995]",
6934,"[3.416121,0.5002,1.440961]",
6935,"[3.416852,0.4946535,1.45958]",
6936,"[3.456269,0.5318409,1.497721]",
6937,"[3.441131,0.5127026,1.495786]",
6938,"[3.487719,0.5572703,1.542106]",
6939,"[3.466418,0.5332926,1.533392]",
6940,"[3.509852,0.5761911,1.573215]",
6941,"[3.484934,0.5477845,1.560963]",
6942,"[3.524007,0.5880272,1.593143]",
6943,"[3.495231,0.5561401,1.576277]",
6944,"[3.529452,0.5927109,1.602524]",
6945,"[3.501711,0.5617526,1.585894]",
6946,"[3.529359,0.5927202,1.606053]",
6947,"[3.505201,0.566307,1.590983]",
6948,"[3.528017,0.5928293,1.60652]",
6949,"[3.506849,0.5722799,1.593161]",
6950,"[3.522237,0.5932966,1.603415]",
6951,"[3.50632,0.5849436,1.591607]",
6952,"[3.509884,0.594293,1.59196]",
6953,"[3.493753,0.5875888,1.572161]",
6954,"[3.494113,0.5955582,1.562944]",
6955,"[3.459895,0.5666919,1.521419]",
6956,"[3.423198,0.5423427,1.446468]",
6957,"[3.145393,0.2321155,1.185751]",
6958,"[3.197809,0.294944,1.152457]",
6959,"[3.152323,0.2380024,1.069987]",
6960,"[3.048095,0.1,0.8829208]",
6961,"[3.055855,0.0999999,0.8443304]",
6962,"[3.062961,0.1,0.8040645]",
6963,"[3.069457,0.1,0.7207808]",
6964,"[3.070296,0.1000001,0.6793243]",
6965,"[3.075882,0.1114298,0.6029561]",
6966,"[3.107502,0.1537706,0.6029561]",
6967,"[3.163947,0.2240091,0.6029561]",
6968,"[3.193208,0.2566102,0.6029561]",
6969,"[3.250773,0.3149834,0.6029561]",
6970,"[3.277889,0.34056,0.6029561]",
6971,"[3.301189,0.3629983,0.6029561]",
6972,"[3.359876,0.4315218,0.6412328]",
6973,"[3.400406,0.4843892,0.685403]",
6974,"[3.443597,0.5428456,0.7202322]",
6975,"[3.455439,0.5568663,0.7264525]",
6976,"[3.476542,0.5759587,0.7349228]",
6977,"[3.485957,0.5822093,0.7376958]",
6978,"[3.494215,0.5865014,0.7395998]",
6979,"[3.507654,0.5931178,0.7425354]",
6980,"[3.513893,0.595264,0.7416655]",
6981,"[3.528775,0.5994753,0.7379463]",
6982,"[3.541367,0.6032529,0.7348039]",
6983,"[3.570952,0.6146405,0.7274754]",
6984,"[3.586241,0.6227403,0.723736]",
6985,"[3.602201,0.6330747,0.7198732]",
6986,"[3.637019,0.6610026,0.7115619]",
6987,"[3.657146,0.6765408,0.7046852]",
6988,"[3.686892,0.6848595,0.6663843]",
6989,"[3.682117,0.6474234,0.5877463]",
6990,"[3.663945,0.5395447,0.3902214]",
6991,"[3.590146,0.3325969,0.05000034]",
6992,"[3.639192,0.3308586,0.05000033]",
6993,"[3.662762,0.3264197,0.05000021]",
6994,"[3.68518,0.3203957,0.05000033]",
6995,"[3.726687,0.3056172,0.05000044]",
6996,"[3.744474,0.2976432,0.05000056]",
6997,"[3.851919,0.5355999,0.4404985]",
6998,"[3.863154,0.5286983,0.4404985]",
6999,"[3.883189,0.5149947,0.4404985]",
7000,"[3.894288,0.5064207,0.4404985]",
7001,"[3.916599,0.4847524,0.4404985]",
7002,"[3.92748,0.4704628,0.4404985]",
7003,"[3.938327,0.4547949,0.4404985]",
7004,"[3.957654,0.4227648,0.4404985]",
7005,"[3.96542,0.408138,0.4404985]",
7006,"[4.051837,0.8144361,0.9951385]",
7007,"[4.058726,0.8144361,1.010541]",
7008,"[4.068107,0.8095703,1.025966]",
7009,"[4.071197,0.8048149,1.025966]",
7010,"[4.073668,0.8019578,1.025966]",
7011,"[4.078464,0.7970028,1.025966]",
7012,"[4.079967,0.7951676,1.025966]",
7013,"[4.081763,0.7925258,1.025966]",
7014,"[4.082287,0.791739,1.025966]",
7015,"[4.082615,0.7911519,1.025966]",
7016,"[4.082635,0.7911181,1.025966]",
7017,"[4.082625,0.7911296,1.025966]",
7018,"[4.082491,0.7911623,1.025966]",
7019,"[4.082363,0.7911748,1.025966]",
7020,"[4.082866,0.7970325,1.025966]",
7021,"[4.082622,0.7971871,1.025966]",
7022,"[4.083199,0.8028337,1.025966]",
7023,"[4.083001,0.8029104,1.025966]",
7024,"[4.083855,0.8075619,1.025966]",
7025,"[4.083806,0.8076204,1.025966]",
7026,"[4.084892,0.8119738,1.025966]",
7027,"[4.085735,0.8144361,1.024198]",
7028,"[4.086234,0.8144361,1.019953]",
7029,"[4.086516,0.8144361,1.016189]",
7030,"[4.086776,0.8144361,1.012331]",
7031,"[4.087034,0.8144361,1.003863]",
7032,"[4.086988,0.8144361,0.9975367]",
7033,"[4.086858,0.8144361,0.9910943]",
7034,"[4.009095,0.2502342,0.4404985]",
7035,"[4.008959,0.256198,0.4404985]",
7036,"[4.008831,0.2658926,0.4404985]",
7037,"[4.008881,0.2703777,0.4404985]",
7038,"[4.009352,0.2805099,0.4404985]",
7039,"[4.010121,0.2882899,0.4404985]",
7040,"[4.061896,0.6556997,0.7847838]",
7041,"[4.062987,0.6647748,0.7864984]",
7042,"[4.063902,0.6721852,0.7879375]",
7043,"[4.065608,0.6870409,0.7906188]",
7044,"[4.066583,0.6952478,0.7921513]",
7045,"[4.069038,0.71242,0.7960123]",
7046,"[4.070648,0.7220123,0.7985431]",
7047,"[4.075178,0.7444136,0.8056643]",
7048,"[4.078266,0.7578503,0.8105184]",
7049,"[4.079892,0.7600897,0.8049235]",
7050,"[4.082541,0.7600897,0.7932129]",
7051,"[4.083927,0.7600897,0.7886258]",
7052,"[4.087374,0.7600897,0.7792213]",
7053,"[4.08919,0.7600897,0.7743474]",
7054,"[4.091527,0.7600897,0.7675852]",
7055,"[4.092181,0.7600897,0.7653525]",
7056,"[4.092604,0.7600897,0.7635847]",
7057,"[4.092914,0.7600897,0.7600056]",
7058,"[4.092829,0.7600897,0.7578592]",
7059,"[4.085977,0.6763643,0.658635]",
7060,"[4.085954,0.6780452,0.658635]",
7061,"[4.086177,0.6823608,0.658635]",
7062,"[4.086522,0.685253,0.658635]",
7063,"[4.087101,0.6882504,0.658635]",
7064,"[4.089388,0.692041,0.658635]",
7065,"[4.091477,0.6921703,0.658635]",
7066,"[4.098886,0.686801,0.658635]",
7067,"[4.105782,0.7600897,0.7495447]",
7068,"[4.120079,0.7600897,0.7637159]",
7069,"[4.128771,0.7600897,0.7730824]",
7070,"[4.145498,0.7600897,0.79883]",
7071,"[4.152843,0.7600897,0.82102]",
7072,"[4.15868,0.7600897,0.8431877]",
7073,"[4.167036,0.7600897,0.8847854]",
7074,"[4.170959,0.7600897,0.9037811]",
7075,"[4.174026,0.8144361,0.9918175]",
7076,"[4.1779,0.8144361,1.006257]",
7077,"[4.186711,0.8030033,1.025966]",
7078,"[4.19254,0.7856125,1.025966]",
7079,"[4.205878,0.7473289,1.025966]",
7080,"[4.212594,0.7246673,1.025966]",
7081,"[4.218324,0.702602,1.025966]",
7082,"[4.227489,0.6607003,1.025966]",
7083,"[4.232858,0.6383368,1.025966]",
7084,"[4.243068,0.6040413,1.025966]",
7085,"[4.248466,0.5855049,1.025966]",
7086,"[4.318703,0.1,0.6884176]",
7087,"[4.31889,0.1,0.7027643]",
7088,"[4.320575,0.1,0.7180443]",
7089,"[4.264415,0.5514361,1.066466]",
7090,"[4.268495,0.5514361,1.08251]",
7091,"[4.27168,0.5416332,1.105201]",
7092,"[4.27442,0.5189024,1.105201]",
7093,"[4.278848,0.4806447,1.105201]",
7094,"[4.275855,0.4777842,1.105201]",
7095,"[4.273707,0.4772287,1.105201]",
7096,"[4.27022,0.4782611,1.105201]",
7097,"[4.268353,0.4759971,1.105201]",
7098,"[4.271994,0.4407928,1.105201]",
7099,"[4.26758,0.4371313,1.105201]",
7100,"[4.263425,0.4373541,1.105201]",
7101,"[4.262843,0.4415761,1.105201]",
7102,"[4.262789,0.4451519,1.105201]",
7103,"[4.268059,0.4272837,1.105201]",
7104,"[4.272922,0.4057503,1.105201]",
7105,"[4.281812,0.3666894,1.105201]",
7106,"[4.285798,0.3492978,1.105201]",
7107,"[4.291993,0.317008,1.105201]",
7108,"[4.292181,0.1716786,1.003879]",
7109,"[4.291537,0.1549877,1.003879]",
7110,"[4.293334,0.146774,1.003879]",
7111,"[4.295698,0.1396565,1.003879]",
7112,"[4.301386,0.1265945,1.003879]",
7113,"[4.300577,0.1106829,1.003879]",
7114,"[4.295918,0.1,1.021789]",
7115,"[4.293117,0.1,1.035851]",
7116,"[4.288932,0.1,1.043373]",
7117,"[4.286108,0.1,1.046312]",
7118,"[4.28311,0.1,1.049301]",
7119,"[4.277106,0.1,1.053942]",
7120,"[4.274467,0.1,1.056061]",
7121,"[4.27147,0.1,1.06003]",
7122,"[4.27088,0.1,1.062333]",
7123,"[4.270446,0.1,1.06527]",
7124,"[4.270352,0.1,1.066398]",
7125,"[4.269944,0.1,1.068728]",
7126,"[4.269358,0.1,1.070164]",
7127,"[4.268604,0.1,1.071823]",
7128,"[4.267341,0.09999996,1.074114]",
7129,"[4.266862,0.1,1.074682]",
7130,"[4.265604,0.09999996,1.074769]",
7131,"[4.264558,0.1,1.074759]",
7132,"[4.261504,0.1,1.075002]",
7133,"[4.259581,0.1,1.075068]",
7134,"[4.257904,0.1,1.074925]",
7135,"[4.256348,0.1034386,1.077602]",
7136,"[4.25817,0.1158254,1.089398]",
7137,"[4.262071,0.137664,1.110838]",
7138,"[4.263095,0.1413559,1.114883]",
7139,"[4.264121,0.1402279,1.114883]",
7140,"[4.264908,0.1393256,1.114883]",
7141,"[4.266381,0.1375981,1.114883]",
7142,"[4.267056,0.1366511,1.114883]",
7143,"[4.267147,0.1354166,1.114883]",
7144,"[4.266878,0.1339917,1.114883]",
7145,"[4.266694,0.1338061,1.114883]",
7146,"[4.266306,0.1336582,1.114883]",
7147,"[4.265773,0.133797,1.114883]",
7148,"[4.264322,0.1349438,1.114883]",
7149,"[4.263444,0.1360476,1.114883]",
7150,"[4.26276,0.1369877,1.114883]",
7151,"[4.261686,0.1384099,1.114883]",
7152,"[4.261434,0.1389079,1.114883]",
7153,"[4.26126,0.1396205,1.114883]",
7154,"[4.261188,0.1399033,1.114883]",
7155,"[4.261028,0.1408236,1.114883]",
7156,"[4.261023,0.1418565,1.114883]",
7157,"[4.261332,0.1457305,1.114883]",
7158,"[4.261426,0.1486318,1.114883]",
7159,"[4.260884,0.1533245,1.114883]",
7160,"[4.258648,0.1643668,1.114883]",
7161,"[4.257009,0.1712741,1.114883]",
7162,"[4.253006,0.1858356,1.114883]",
7163,"[4.250343,0.1935901,1.114883]",
7164,"[4.244564,0.2091642,1.114883]",
7165,"[4.241816,0.2173293,1.114883]",
7166,"[4.239438,0.2255066,1.114883]",
7167,"[4.235642,0.2440173,1.114883]",
7168,"[4.233602,0.2534605,1.114883]",
7169,"[4.229528,0.2701713,1.114883]",
7170,"[4.226891,0.2799224,1.114883]",
7171,"[4.224888,0.2876161,1.114883]",
7172,"[4.2192,0.2924361,1.104012]",
7173,"[4.215616,0.2924361,1.095039]",
7174,"[4.214578,0.3188614,1.105201]",
7175,"[4.212808,0.3277828,1.105201]",
7176,"[4.209536,0.3451,1.105201]",
7177,"[4.20773,0.3535252,1.105201]",
7178,"[4.202963,0.3710585,1.105201]",
7179,"[4.200467,0.3795747,1.105201]",
7180,"[4.194862,0.3997765,1.105201]",
7181,"[4.19223,0.4093883,1.105201]",
7182,"[4.189865,0.4176913,1.105201]",
7183,"[4.184811,0.433953,1.105201]",
7184,"[4.182565,0.4416883,1.105201]",
7185,"[4.17966,0.4555373,1.105201]",
7186,"[4.177978,0.4589594,1.101057]",
7187,"[4.17587,0.464169,1.092915]",
7188,"[4.176918,0.4626311,1.089322]",
7189,"[4.17669,0.4662927,1.085534]",
7190,"[4.178466,0.4717521,1.082584]",
7191,"[4.18014,0.4716062,1.080386]",
7192,"[4.181455,0.4752642,1.073978]",
7193,"[4.181454,0.477871,1.071007]",
7194,"[4.183012,0.4870225,1.063467]",
7195,"[4.185155,0.4853965,1.059033]",
7196,"[4.186476,0.4895733,1.053635]",
7197,"[4.19297,0.485286,1.042076]",
7198,"[4.197232,0.4822605,1.034483]",
7199,"[4.207569,0.4722504,1.016211]",
7200,"[4.216767,0.4676814,1.006107]",
7201,"[4.23664,0.4562015,0.982493]",
7202,"[4.249859,0.4532411,0.9714924]",
7203,"[4.275518,0.442019,0.9462963]",
7204,"[4.287727,0.4350472,0.9339843]",
7205,"[4.297579,0.4264612,0.9214626]",
7206,"[4.311152,0.408055,0.897698]",
7207,"[4.314786,0.3999836,0.8882042]",
7208,"[4.318153,0.3857188,0.8733144]",
7209,"[4.318852,0.379485,0.867251]",
7210,"[4.319351,0.3681841,0.8564888]",
7211,"[4.31881,0.3671748,0.8558641]",
7212,"[4.317305,0.3650809,0.8546844]",
7213,"[4.316123,0.3635141,0.8546844]",
7214,"[4.314263,0.360948,0.8546844]",
7215,"[4.309176,0.3547861,0.8546844]",
7216,"[4.306673,0.3524893,0.8546844]",
7217,"[4.300575,0.3478245,0.8546844]",
7218,"[4.297286,0.3462674,0.8546844]",
7219,"[4.289813,0.3455511,0.8546844]",
7220,"[4.285592,0.3471264,0.8546844]",
7221,"[4.28157,0.3500525,0.8546844]",
7222,"[4.274477,0.3587242,0.8546844]",
7223,"[4.27145,0.3644436,0.8546844]",
7224,"[4.267088,0.377396,0.8546844]",
7225,"[4.264802,0.3875823,0.8546844]",
7226,"[4.261606,0.4051929,0.8546844]",
7227,"[4.260044,0.4119675,0.8546844]",
7228,"[4.244245,0.5845232,1.025966]",
7229,"[4.240233,0.5892599,1.025966]",
7230,"[4.236539,0.5924556,1.025966]",
7231,"[4.229352,0.5938029,1.025966]",
7232,"[4.225284,0.5977601,1.025966]",
7233,"[4.219278,0.610797,1.025966]",
7234,"[4.216269,0.6186931,1.025966]",
7235,"[4.209382,0.6292482,1.025966]",
7236,"[4.206014,0.6350492,1.025966]",
7237,"[4.203057,0.6428695,1.025966]",
7238,"[4.197807,0.6636812,1.025966]",
7239,"[4.194907,0.6747894,1.025966]",
7240,"[4.189089,0.7056758,1.030143]",
7241,"[4.186155,0.7248079,1.034185]",
7242,"[4.179483,0.7635131,1.046381]",
7243,"[4.175863,0.7783569,1.053789]",
7244,"[4.165226,0.795612,1.062751]",
7245,"[4.160009,0.8144361,1.081951]",
7246,"[4.155237,0.8144361,1.079291]",
7247,"[4.148117,0.8144361,1.080361]",
7248,"[4.14286,0.8144361,1.080003]",
7249,"[4.133862,0.8144361,1.077857]",
7250,"[4.128804,0.8144361,1.074611]",
7251,"[4.120986,0.7200097,0.9606842]",
7252,"[4.116219,0.7183603,0.9531893]",
7253,"[4.112197,0.7174389,0.9468668]",
7254,"[4.104488,0.7220878,0.9347466]",
7255,"[4.101903,0.7301854,0.9306823]",
7256,"[4.09973,0.7555624,0.927267]",
7257,"[4.100001,0.7600897,0.9167725]",
7258,"[4.10616,0.7600897,0.8977429]",
7259,"[4.110799,0.7600897,0.8884085]",
7260,"[4.11661,0.7600897,0.87918]",
7261,"[4.136477,0.7600897,0.8594546]",
7262,"[4.153961,0.7600897,0.8465629]",
7263,"[4.25652,0.4727706,0.4404986]",
7264,"[4.294061,0.4901788,0.4404986]",
7265,"[4.284322,0.7806056,0.7996454]",
7266,"[4.309774,0.7879907,0.7996454]",
7267,"[4.339082,0.7943091,0.7996454]",
7268,"[4.387354,0.80021,0.7996454]",
7269,"[4.417792,0.8029227,0.7996454]",
7270,"[4.462627,0.8050506,0.7996454]",
7271,"[4.490406,0.805719,0.7996454]",
7272,"[4.526961,0.8058969,0.7996454]",
7273,"[4.547066,0.8072547,0.7996454]",
7274,"[4.581889,0.8124664,0.7996454]",
7275,"[4.597589,0.815147,0.7996454]",
7276,"[4.611925,0.8169008,0.7996454]",
7277,"[4.639286,0.8169292,0.7996454]",
7278,"[4.652665,0.8165348,0.7996454]",
7279,"[4.675708,0.8158399,0.7996454]",
7280,"[4.576005,0.9389746,0.9751664]",
7281,"[4.419932,1.127291,1.245799]",
7282,"[4.408625,1.150757,1.28188]",
7283,"[4.395089,1.177602,1.325075]",
7284,"[4.371199,1.223708,1.401308]",
7285,"[4.363365,1.242159,1.432919]",
7286,"[4.39322,1.240063,1.442275]",
7287,"[4.409159,1.238932,1.44727]",
7288,"[4.438225,1.233262,1.456379]",
7289,"[4.453014,1.228461,1.461013]",
7290,"[4.483868,1.217652,1.470682]",
7291,"[4.74063,1.023094,1.255011]",
7292,"[4.74063,1.031881,1.277675]",
7293,"[4.74063,1.041698,1.3121]",
7294,"[4.74063,1.044739,1.328213]",
7295,"[4.74063,1.050301,1.354419]",
7296,"[4.74063,1.054059,1.367935]",
7297,"[4.74063,1.059603,1.388601]",
7298,"[4.74063,1.062039,1.399143]",
7299,"[4.74063,1.065957,1.415424]",
7300,"[4.74063,1.063736,1.415823]",
7301,"[4.74063,1.061588,1.416481]",
7302,"[4.74063,1.061026,1.425563]",
7303,"[4.74063,1.063884,1.435158]",
7304,"[4.74063,1.065922,1.444687]",
7305,"[4.74063,1.070672,1.456528]",
7306,"[4.74063,1.068503,1.45669]",
7307,"[4.74063,1.067727,1.457316]",
7308,"[4.74063,1.074088,1.47025]",
7309,"[4.74063,1.081414,1.483776]",
7310,"[4.74063,1.089857,1.498033]",
7311,"[4.74063,1.098836,1.512099]",
7312,"[4.751193,1.099308,1.518629]",
7313,"[4.766843,1.095986,1.518629]",
7314,"[4.782007,1.092867,1.518629]",
7315,"[4.797723,1.089968,1.518629]",
7316,"[4.811263,1.087423,1.518629]",
7317,"[4.811767,1.087179,1.518629]",
7318,"[4.826301,1.083237,1.518629]",
7319,"[4.839429,1.080394,1.518629]",
7320,"[4.851448,1.077989,1.518629]",
7321,"[4.864644,1.075045,1.518629]",
7322,"[4.887611,1.070174,1.518629]",
7323,"[4.83376,1.128,1.584701]",
7324,"[4.763495,1.213657,1.685913]",
7325,"[4.808313,1.172038,1.639755]",
7326,"[4.813875,1.173442,1.6444]",
7327,"[4.819731,1.171425,1.646524]",
7328,"[4.829558,1.16893,1.649182]",
7329,"[4.837504,1.166638,1.650638]",
7330,"[4.85083,1.164644,1.655207]",
7331,"[4.857836,1.162735,1.65604]",
7332,"[4.860037,1.15974,1.653432]",
7333,"[4.869025,1.159731,1.659489]",
7334,"[4.873063,1.160492,1.66329]",
7335,"[4.878956,1.163279,1.67122]",
7336,"[4.881893,1.164299,1.674519]",
7337,"[4.880559,1.165594,1.676271]",
7338,"[5.365076,0.566779,0.9873049]",
7339,"[5.365076,0.5664458,0.9877132]",
7340,"[5.365076,0.567715,0.9890786]",
7341,"[5.365076,0.5697066,0.9901422]",
7342,"[5.365076,0.5724009,0.9913687]",
7343,"[5.365076,0.5751101,0.9923121]",
7344,"[5.365076,0.5750061,0.9919555]",
7345,"[5.365076,0.573856,0.9900346]",
7346,"[5.365076,0.573455,0.9886825]",
7347,"[5.365076,0.5736241,0.9855278]",
7348,"[5.365076,0.5739743,0.9829987]",
7349,"[5.365076,0.5744491,0.9797773]",
7350,"[5.365076,0.5778254,0.97166]",
7351,"[5.365076,0.581643,0.9667443]",
7352,"[4.926128,1.148422,1.63417]",
7353,"[4.930248,1.14668,1.626712]",
7354,"[5.365076,0.6159508,0.9450018]",
7355,"[5.365076,0.6229596,0.9392133]",
7356,"[5.365076,0.6316587,0.9320105]",
7357,"[4.987385,1.106864,1.518628]",
7358,"[4.982844,1.123352,1.518628]",
7359,"[4.974682,1.150899,1.518628]",
7360,"[4.969049,1.166735,1.518628]",
7361,"[4.956906,1.198653,1.518628]",
7362,"[4.951607,1.213221,1.518628]",
7363,"[4.942562,1.240984,1.518628]",
7364,"[4.937794,1.256906,1.518628]",
7365,"[4.934388,1.266967,1.518628]",
7366,"[4.931847,1.273083,1.518628]",
7367,"[4.925948,1.284566,1.518628]",
7368,"[4.922762,1.289557,1.518628]",
7369,"[4.919407,1.294532,1.518628]",
7370,"[4.913409,1.30376,1.518628]",
7371,"[4.909848,1.308691,1.518628]",
7372,"[4.901978,1.3182,1.516662]",
7373,"[4.902566,1.3182,1.503999]",
7374,"[4.902927,1.3182,1.468513]",
7375,"[4.903034,1.3182,1.447457]",
7376,"[4.903539,1.3182,1.423729]",
7377,"[4.904634,1.3182,1.375713]",
7378,"[4.903613,1.3182,1.349961]",
7379,"[4.897933,1.3182,1.308636]",
7380,"[4.893,1.3182,1.289119]",
7381,"[4.882246,1.3182,1.249572]",
7382,"[4.876202,1.3182,1.226351]",
7383,"[4.871386,1.3182,1.206445]",
7384,"[5.150571,0.9514475,0.0500002]",
7385,"[5.05641,1.055281,0.3340316]",
7386,"[5.021176,1.072852,0.3340316]",
7387,"[4.908803,1.220598,0.7795399]",
7388,"[4.897126,1.220598,0.7591147]",
7389,"[4.891881,1.220598,0.752535]",
7390,"[4.886556,1.220598,0.7470313]",
7391,"[4.875342,1.220598,0.7370684]",
7392,"[4.868423,1.220598,0.7306584]",
7393,"[4.856945,1.220598,0.717376]",
7394,"[4.851725,1.220598,0.7094693]",
7395,"[4.842118,1.220598,0.6891693]",
7396,"[4.837861,1.220598,0.6770239]",
7397,"[4.830978,1.220598,0.6480237]",
7398,"[4.827586,1.220598,0.6190534]",
7399,"[4.825529,1.220598,0.5854584]",
7400,"[4.841047,1.181201,0.3340316]",
7401,"[4.836233,1.201991,0.3340316]",
7402,"[4.830876,1.231041,0.3340316]",
7403,"[4.828669,1.244686,0.3340316]",
7404,"[4.824512,1.267681,0.3340316]",
7405,"[4.822348,1.277968,0.3340316]",
7406,"[4.820436,1.286263,0.3340316]",
7407,"[4.816704,1.300699,0.3340316]",
7408,"[4.814878,1.3076,0.3340316]",
7409,"[4.812236,1.317233,0.3340316]",
7410,"[4.767307,1.509457,1.357765]",
7411,"[4.76728,1.511195,1.362318]",
7412,"[4.772303,1.536109,1.491209]",
7413,"[4.783403,1.539972,1.507222]",
7414,"[4.789702,1.542644,1.520556]",
7415,"[4.79507,1.544327,1.529274]",
7416,"[4.801944,1.549958,1.559635]",
7417,"[4.810196,1.554917,1.581547]",
7418,"[4.824639,1.565386,1.633344]",
7419,"[4.83219,1.569638,1.655406]",
7420,"[4.818982,1.34922,0.3340316]",
7421,"[4.84967,1.570663,1.646967]",
7422,"[4.861049,1.564345,1.596703]",
7423,"[4.86656,1.559696,1.564184]",
7424,"[4.872424,1.557635,1.54958]",
7425,"[4.884708,1.552636,1.522827]",
7426,"[4.891876,1.550254,1.513358]",
7427,"[4.878448,1.307483,0.3340316]",
7428,"[4.888062,1.293267,0.3340316]",
7429,"[4.929153,1.254531,0.3340316]",
7430,"[4.975233,1.216056,0.3340316]",
7431,"[5.019366,1.179764,0.3340316]",
7432,"[5.117853,1.03326,0.05000012]",
7433,"[5.156451,1.010931,0.05000024]",
7434,"[5.178515,1.075346,0.3250183]",
7435,"[5.202938,1.0634,0.3474662]",
7436,"[5.241052,1.037592,0.3824986]",
7437,"[5.259429,1.023267,0.3993895]",
7438,"[5.276471,1.008696,0.415054]",
7439,"[5.301467,0.981765,0.4380296]",
7440,"[5.311061,0.9701287,0.4468478]",
7441,"[5.327045,0.9534326,0.4615389]",
7442,"[5.336631,0.9452481,0.4703504]",
7443,"[5.358009,0.9249467,0.4899994]",
7444,"[5.373386,0.9079545,0.5041335]",
7445,"[5.438306,0.8295541,0.4533708]",
7446,"[5.457999,0.8295541,0.4810744]",
7447,"[5.481162,0.8295541,0.4949314]",
7448,"[5.533617,0.8295541,0.5013769]",
7449,"[5.370266,1.101623,0.9516311]",
7450,"[5.370266,1.140988,1.029914]",
7451,"[5.380143,1.142753,1.048156]",
7452,"[5.422325,1.113599,1.048156]",
7453,"[5.447478,1.095616,1.048156]",
7454,"[5.474416,1.076935,1.048156]",
7455,"[5.664208,0.9005975,0.8730671]",
7456,"[5.684792,0.9005975,0.9100819]",
7457,"[5.739061,0.9005975,0.9949101]",
7458,"[5.764278,0.9005975,1.034611]",
7459,"[5.818107,0.9005975,1.106494]",
7460,"[5.84388,0.9005975,1.140511]",
7461,"[5.863428,0.9005975,1.172496]",
7462,"[5.893781,0.9005975,1.239246]",
7463,"[5.910254,0.9005975,1.269604]",
7464,"[5.947976,0.9005975,1.320572]",
7465,"[5.950001,0.9130177,1.351106]",
7466,"[5.95,0.9366096,1.409575]",
7467,"[5.95,0.9440609,1.434363]",
7468,"[5.95,0.9516428,1.479977]",
7469,"[5.95,0.9525921,1.499797]",
7470,"[5.577992,1.177284,1.635738]",
7471,"[5.579738,1.169228,1.659791]",
7472,"[5.618082,1.142048,1.662013]",
7473,"[5.624534,1.128605,1.686851]",
7474,"[5.624534,1.123274,1.700037]",
7475,"[5.624534,1.112413,1.72317]",
7476,"[5.624534,1.105016,1.73477]",
7477,"[5.624534,1.097184,1.745425]",
7478,"[5.624534,1.079363,1.764525]",
7479,"[5.624534,1.070644,1.773906]",
7480,"[5.624534,1.056074,1.788512]",
7481,"[5.624534,1.048942,1.794827]",
7482,"[5.624534,1.037238,1.803272]",
7483,"[5.624534,1.031,1.807035]",
7484,"[5.624534,1.024889,1.810549]",
7485,"[5.624534,1.011554,1.817211]",
7486,"[5.624534,1.00266,1.821009]",
7487,"[5.624534,0.9806647,1.827892]",
7488,"[5.624534,0.9693424,1.830738]",
7489,"[5.624534,0.9545377,1.833617]",
7490,"[5.624534,0.9497313,1.834388]",
7491,"[5.624534,0.9446196,1.835162]",
7492,"[5.624534,0.9349622,1.836255]",
7493,"[5.624534,0.9277693,1.836766]",
7494,"[5.624534,0.9112235,1.837546]",
7495,"[5.624534,0.9028488,1.837854]",
7496,"[5.624534,0.8927153,1.837063]",
7497,"[5.624534,0.8875819,1.836827]",
7498,"[5.624534,0.8777121,1.836707]",
7499,"[5.624534,0.8719943,1.836874]",
7500,"[5.624534,0.8666197,1.837077]",
7501,"[5.624534,0.860089,1.837319]",
7502,"[5.624534,0.8576739,1.837328]",
7503,"[5.624534,0.8519049,1.837077]",
7504,"[5.624534,0.8464988,1.837041]",
7505,"[5.624534,0.830034,1.837386]",
7506,"[5.624534,0.821847,1.837701]",
7507,"[5.624534,0.8147702,1.837823]",
7508,"[5.624534,0.8055295,1.837124]",
7509,"[5.624534,0.8025011,1.836416]",
7510,"[5.624534,0.7978199,1.834971]",
7511,"[5.624534,0.7952158,1.834019]",
7512,"[5.624534,0.7905775,1.832318]",
7513,"[5.624534,0.7876214,1.831414]",
7514,"[5.624534,0.7788462,1.829544]",
7515,"[5.624534,0.7735072,1.828714]",
7516,"[5.624534,0.7701252,1.828275]",
7517,"[5.624534,0.7659013,1.828033]",
7518,"[5.624534,0.7639917,1.828051]",
7519,"[5.624534,0.7564833,1.828572]",
7520,"[5.624534,0.7535526,1.829042]",
7521,"[5.624534,0.7485556,1.830338]",
7522,"[5.624534,0.7460966,1.833816]",
7523,"[5.624534,0.7439503,1.837183]",
7524,"[5.624534,0.7411749,1.837248]",
7525,"[5.624534,0.7376106,1.837445]",
7526,"[5.624534,0.726587,1.837057]",
7527,"[5.624534,0.7206489,1.83679]",
7528,"[5.624534,0.7087851,1.835936]",
7529,"[5.624534,0.703527,1.835714]",
7530,"[5.624534,0.6941914,1.834983]",
7531,"[5.624534,0.6902676,1.83433]",
7532,"[5.624534,0.687209,1.833466]",
7533,"[5.624534,0.6838101,1.83177]",
7534,"[5.624534,0.6829288,1.831039]",
7535,"[5.624534,0.680952,1.82942]",
7536,"[5.624534,0.6785559,1.828308]",
7537,"[5.624534,0.6677545,1.82549]",
7538,"[5.621912,0.6622184,1.824526]",
7539,"[5.61289,0.6622185,1.824989]",
7540,"[5.598137,0.6622184,1.825927]",
7541,"[5.590446,0.6617205,1.826647]",
7542,"[5.588341,0.650202,1.825464]",
7543,"[5.588369,0.6444378,1.824649]",
7544,"[5.588413,0.6369966,1.823399]",
7545,"[5.588428,0.6349583,1.822985]",
7546,"[5.58878,0.6321257,1.822351]",
7547,"[5.589266,0.6303589,1.821966]",
7548,"[5.95,0.2915677,1.729153]",
7549,"[5.95,0.2882647,1.728419]",
7550,"[5.95,0.2872316,1.728219]",
7551,"[5.95,0.2861276,1.728154]",
7552,"[5.588985,0.6309391,1.825563]",
7553,"[5.589065,0.6305693,1.826119]",
7554,"[5.588997,0.6307672,1.826538]",
7555,"[5.588952,0.6308895,1.826904]",
7556,"[5.95,0.2726659,1.724924]",
7557,"[5.5887,0.631565,1.828935]",
7558,"[5.588933,0.630581,1.829796]",
7559,"[5.588897,0.6306201,1.830528]",
7560,"[5.95,0.2536443,1.723864]",
7561,"[5.58852,0.6314702,1.834808]",
7562,"[5.950001,0.2442901,1.726092]",
7563,"[5.950001,0.2325067,1.730625]",
7564,"[5.95,0.2262201,1.733399]",
7565,"[5.95,0.2161323,1.74003]",
7566,"[5.950001,0.2124428,1.744039]",
7567,"[5.587135,0.6322977,1.868129]",
7568,"[5.586382,0.6410505,1.881544]",
7569,"[5.585833,0.6491268,1.897278]",
7570,"[5.5853,0.6596453,1.927497]",
7571,"[5.585426,0.6611623,1.945503]",
7572,"[5.584808,0.6615822,1.981935]",
7573,"[5.584122,0.6615575,2.000472]",
7574,"[5.583474,0.6619118,2.034819]",
7575,"[5.58326,0.6621639,2.052187]",
7576,"[5.574916,0.6700102,2.085495]",
7577,"[5.574768,0.6684439,2.101235]",
7578,"[5.580236,0.6616464,2.115697]",
7579,"[5.58491,0.6622186,2.138416]",
7580,"[5.587906,0.6622186,2.147882]",
7581,"[5.590395,0.6622185,2.167064]",
7582,"[5.590233,0.6622186,2.175913]",
7583,"[5.591284,0.6622186,2.191122]",
7584,"[5.593135,0.6622185,2.197474]",
7585,"[5.597426,0.6622186,2.207868]",
7586,"[5.599604,0.6622186,2.212451]",
7587,"[5.60165,0.6622185,2.216927]",
7588,"[5.596,0.6718898,2.21636]",
7589,"[5.596,0.6726063,2.216366]",
7590,"[5.596,0.6735644,2.221265]",
7591,"[5.596,0.6736171,2.227024]",
7592,"[5.596,0.6753957,2.227136]",
7593,"[5.596,0.6767106,2.227427]",
7594,"[5.596,0.6769634,2.233794]",
7595,"[5.596,0.6836106,2.234856]",
7596,"[5.596,0.6858691,2.242632]",
7597,"[5.619199,0.6622185,2.251112]",
7598,"[5.621065,0.6622186,2.251584]",
7599,"[5.619827,0.6622185,2.260409]",
7600,"[5.617424,0.6622186,2.269072]",
7601,"[5.615602,0.6622186,2.277243]",
7602,"[5.616003,0.6622186,2.285698]",
7603,"[5.618413,0.6622186,2.286247]",
7604,"[5.621996,0.6622185,2.295683]",
7605,"[5.625655,0.6622186,2.296911]",
7606,"[5.624114,0.6622186,2.31234]",
7607,"[5.621818,0.6622186,2.32021]",
7608,"[5.580369,0.7060067,2.329845]",
7609,"[5.574603,0.7106414,2.336292]",
7610,"[5.574114,0.7120603,2.336654]",
7611,"[5.561408,0.7288157,2.349686]",
7612,"[5.555356,0.7367277,2.355906]",
7613,"[5.551221,0.7396645,2.366588]",
7614,"[5.550489,0.7392719,2.371779]",
7615,"[5.550489,0.7392715,2.371779]",
7616,"[5.549838,0.7392092,2.376676]",
7617,"[5.549195,0.7390046,2.381565]",
7618,"[5.548488,0.7383483,2.387127]",
7619,"[5.547914,0.7377747,2.391656]",
7620,"[5.547491,0.73602,2.396346]",
7621,"[5.547733,0.7333506,2.400566]",
7622,"[5.549115,0.7238348,2.403585]",
7623,"[5.550364,0.7150609,2.406102]",
7624,"[5.553201,0.6906091,2.406134]",
7625,"[5.554521,0.6776267,2.404142]",
7626,"[5.568262,0.6504425,2.400451]",
7627,"[5.950001,0.1559962,2.332869]",
7628,"[5.950001,0.1268706,2.328342]",
7629,"[5.920458,0.1,2.320832]",
7630,"[5.900377,0.1,2.317355]",
7631,"[5.876987,0.1,2.308786]",
7632,"[5.870241,0.0999999,2.304335]",
7633,"[5.865283,0.1,2.300416]",
7634,"[5.858206,0.1,2.294507]",
7635,"[5.855865,0.1,2.292392]",
7636,"[5.853585,0.1,2.288897]",
7637,"[5.853445,0.1,2.287711]",
7638,"[5.853359,0.1,2.286733]",
7639,"[5.852916,0.1,2.286608]",
7640,"[5.851043,0.1,2.286772]",
7641,"[5.849313,0.1,2.287013]",
7642,"[5.847082,0.1,2.287399]",
7643,"[5.839541,0.1,2.288383]",
7644,"[5.834362,0.1,2.289204]",
7645,"[5.826298,0.1,2.290357]",
7646,"[5.823246,0.1,2.290633]",
7647,"[5.81925,0.1,2.290367]",
7648,"[5.816618,0.1,2.289881]",
7649,"[5.812338,0.1,2.289114]",
7650,"[5.799837,0.1,2.286053]",
7651,"[5.794554,0.1,2.284515]",
7652,"[5.788698,0.1,2.282764]",
7653,"[5.788144,0.1,2.282797]",
7654,"[5.787816,0.1,2.283546]",
7655,"[5.788894,0.1,2.285379]",
7656,"[5.791547,0.1,2.288795]",
7657,"[5.804375,0.1,2.306373]",
7658,"[5.814987,0.1,2.322492]",
7659,"[5.839488,0.1,2.363112]",
7660,"[5.853137,0.1,2.388353]",
7661,"[5.875831,0.1,2.438766]",
7662,"[5.559108,0.6438552,2.538163]",
7663,"[5.562907,0.6480577,2.553791]",
7664,"[5.563632,0.6613581,2.578349]",
7665,"[5.565898,0.6622185,2.587951]",
7666,"[5.568947,0.6622185,2.604217]",
7667,"[5.570168,0.6622185,2.611923]",
7668,"[5.574086,0.6622185,2.625324]",
7669,"[5.576921,0.6622185,2.632316]",
7670,"[5.579757,0.6622184,2.639403]",
7671,"[5.583726,0.6622185,2.65023]",
7672,"[5.585366,0.6622185,2.655243]",
7673,"[5.576019,0.6815161,2.667277]",
7674,"[5.576019,0.6838835,2.674802]",
7675,"[5.576019,0.6897223,2.692849]",
7676,"[5.576019,0.6930368,2.701295]",
7677,"[5.59963,0.6622185,2.720933]",
7678,"[5.600867,0.6622185,2.730058]",
7679,"[5.60323,0.6622185,2.74648]",
7680,"[5.604647,0.6622184,2.754119]",
7681,"[5.60617,0.6622185,2.762055]",
7682,"[5.606642,0.6712611,2.777833]",
7683,"[5.606642,0.683607,2.794553]",
7684,"[5.657994,0.6622185,2.897332]",
7685,"[5.638049,0.7144153,2.968168]",
7686,"[5.580481,0.8294315,3.076458]",
7687,"[5.585761,0.8452049,3.147912]",
7688,"[5.4911,0.9814873,3.174722]",
7689,"[5.282076,1.232487,3.145936]",
7690,"[5.262525,1.260852,3.238714]",
7691,"[5.346589,1.21163,3.953231]",
7692,"[5.248341,1.307377,3.982166]",
7693,"[5.101542,1.422815,3.982407]",
7694,"[5.023432,1.468384,3.982503]",
7695,"[4.942448,1.504341,3.982578]",
7696,"[4.907022,1.517501,3.982606]",
7697,"[4.879073,1.52915,3.98263]",
7698,"[4.847255,1.545089,3.982663]",
7699,"[4.834808,1.550662,3.982675]",
7700,"[4.815783,1.55923,3.982693]",
7701,"[4.811275,1.562314,3.9827]",
7702,"[4.810752,1.56536,3.982706]",
7703,"[4.81234,1.565947,3.982707]",
7704,"[4.814471,1.565893,3.982707]",
7705,"[4.819191,1.564288,3.982704]",
7706,"[4.821229,1.562521,3.9827]",
7707,"[4.823531,1.556682,3.982688]",
7708,"[4.826302,1.549624,3.982673]",
7709,"[4.847756,1.507795,3.982585]",
7710,"[4.87671,1.464807,3.982495]",
7711,"[4.918667,1.407633,3.982376]",
7712,"[5.016191,1.269971,3.950781]",
7713,"[5.068951,1.188573,3.903874]",
7714,"[5.21125,0.9582599,3.899914]",
7715,"[5.297987,0.8353374,3.910257]",
7716,"[5.235232,1.03859,3.368228]",
7717,"[5.257017,1.05471,3.264851]",
7718,"[5.284428,1.069064,3.134775]",
7719,"[5.366156,0.9830483,3.148392]",
7720,"[5.471458,0.8661731,3.170583]",
7721,"[5.536366,0.8050014,3.105507]",
7722,"[5.541254,0.8016069,3.067243]",
7723,"[5.611797,0.7080816,3.036681]",
7724,"[5.530878,0.7907102,2.984906]",
7725,"[5.571406,0.7179176,2.96584]",
7726,"[5.611513,0.6637618,2.967241]",
7727,"[5.614434,0.6622183,2.942422]",
7728,"[5.616773,0.6622184,2.931218]",
7729,"[5.617772,0.6622183,2.921274]",
7730,"[5.614088,0.6622183,2.899831]",
7731,"[5.609624,0.6622183,2.887705]",
7732,"[5.601995,0.6622184,2.869129]",
7733,"[5.598801,0.6622185,2.860572]",
7734,"[5.594697,0.6622185,2.846815]",
7735,"[5.593705,0.6622185,2.840527]",
7736,"[5.593554,0.6622185,2.835376]",
7737,"[5.594939,0.6622185,2.82622]",
7738,"[5.596186,0.6622185,2.822452]",
7739,"[5.598602,0.6622184,2.816287]",
7740,"[5.60033,0.6622185,2.812844]",
7741,"[5.606194,0.6622184,2.804155]",
7742,"[5.606642,0.6666616,2.799566]",
7743,"[5.606642,0.6764768,2.791707]",
7744,"[5.606642,0.6813701,2.787789]",
7745,"[5.606642,0.6858128,2.784161]",
7746,"[5.606642,0.6960213,2.777266]",
7747,"[5.606642,0.7046474,2.772846]",
7748,"[5.606642,0.7279843,2.762639]",
7749,"[5.606642,0.7417271,2.757101]",
7750,"[5.606642,0.7651687,2.747999]",
7751,"[5.606642,0.775492,2.743114]",
7752,"[5.709951,0.6622185,2.74034]",
7753,"[5.724066,0.6622185,2.729871]",
7754,"[5.734231,0.6622185,2.722847]",
7755,"[5.657648,0.7800756,2.70541]",
7756,"[5.790023,0.6622184,2.684201]",
7757,"[5.857654,0.6622185,2.642366]",
7758,"[5.95,0.6217006,2.612333]",
7759,"[5.95,0.6694027,2.596406]",
7760,"[5.95,0.7577535,2.576468]",
7761,"[5.95,0.7961145,2.57156]",
7762,"[5.95,0.8454267,2.573567]",
7763,"[5.95,0.8642134,2.577759]",
7764,"[5.95,0.8917509,2.593736]",
7765,"[5.95,0.8955271,2.619222]",
7766,"[5.95,0.9057543,2.689237]",
7767,"[5.95,0.9299834,2.746678]",
7768,"[5.95,0.9608389,2.797805]",
7769,"[5.95,1.041002,2.883585]",
7770,"[5.552693,1.249596,2.846281]",
7771,"[5.613017,1.27362,2.865607]",
7772,"[5.591141,1.314324,2.857983]",
7773,"[5.565203,1.382268,2.840291]",
7774,"[5.558208,1.410891,2.831291]",
7775,"[5.558426,1.434186,2.823154]",
7776,"[5.572765,1.46516,2.809536]",
7777,"[5.578081,1.478313,2.800482]",
7778,"[5.585227,1.498395,2.782559]",
7779,"[5.577052,1.509357,2.769797]",
7780,"[5.572192,1.523293,2.747188]",
7781,"[5.570299,1.528723,2.73817]",
7782,"[5.568675,1.533382,2.732154]",
7783,"[5.565334,1.542963,2.720799]",
7784,"[5.563478,1.548288,2.714441]",
7785,"[5.559533,1.559601,2.704159]",
7786,"[5.557308,1.565981,2.700252]",
7787,"[5.550989,1.584103,2.693722]",
7788,"[5.546516,1.596932,2.689878]",
7789,"[5.538714,1.619309,2.683065]",
7790,"[5.535035,1.629862,2.679905]",
7791,"[5.531792,1.640125,2.677094]",
7792,"[5.528814,1.660353,2.672058]",
7793,"[5.528674,1.669223,2.66997]",
7794,"[5.530794,1.681355,2.667245]",
7795,"[5.531916,1.686358,2.66642]",
7796,"[5.532768,1.68908,2.667124]",
7797,"[5.534565,1.693961,2.668763]",
7798,"[5.95,1.749634,2.635476]",
7799,"[5.95,1.749167,2.635167]",
7800,"[5.536138,1.696116,2.672465]",
7801,"[5.534461,1.691184,2.672589]",
7802,"[5.534167,1.690044,2.672596]",
7803,"[5.534051,1.689494,2.672722]",
7804,"[5.534416,1.689532,2.674412]",
7805,"[5.533981,1.688084,2.674128]",
7806,"[5.533058,1.68404,2.674717]",
7807,"[5.531192,1.676903,2.674626]",
7808,"[5.529106,1.653363,2.672473]",
7809,"[5.531591,1.639739,2.669682]",
7810,"[5.538185,1.620828,2.661636]",
7811,"[5.540503,1.614179,2.65689]",
7812,"[5.543299,1.606161,2.647227]",
7813,"[5.544652,1.602278,2.641646]",
7814,"[5.546352,1.597402,2.634867]",
7815,"[5.550428,1.585714,2.619616]",
7816,"[5.551623,1.582287,2.613752]",
7817,"[5.5522,1.580631,2.604645]",
7818,"[5.551806,1.581761,2.600082]",
7819,"[5.564748,1.585947,2.587556]",
7820,"[5.575845,1.590872,2.578879]",
7821,"[5.59542,1.601223,2.567017]",
7822,"[5.56442,1.656612,2.551658]",
7823,"[5.55913,1.709347,2.537528]",
7824,"[5.564451,1.835175,2.510272]",
7825,"[5.588724,1.904894,2.494702]",
7826,"[5.588465,2.000994,2.488754]",
7827,"[5.588466,2.031657,2.488781]",
7828,"[5.588535,2.083434,2.490379]",
7829,"[5.588614,2.101008,2.492182]",
7830,"[5.588685,2.116178,2.493789]",
7831,"[5.588738,2.130594,2.495012]",
7832,"[5.588734,2.132685,2.49492]",
7833,"[5.588543,2.136414,2.490551]",
7834,"[5.588537,2.135581,2.490412]",
7835,"[5.588527,2.133893,2.490182]",
7836,"[5.588522,2.133102,2.490083]",
7837,"[5.588511,2.132302,2.48982]",
7838,"[5.588442,2.129707,2.488239]",
7839,"[5.588357,2.128344,2.486296]",
7840,"[5.588118,2.124599,2.48082]",
7841,"[5.587916,2.121046,2.476196]",
7842,"[5.587537,2.112525,2.46751]",
7843,"[5.587229,2.104074,2.460451]",
7844,"[5.58636,2.071171,2.440551]",
7845,"[5.585869,2.048138,2.429312]",
7846,"[5.585551,2.037772,2.422027]",
7847,"[5.585038,2.034355,2.410264]",
7848,"[5.58453,2.034965,2.398632]",
7849,"[5.583251,2.029326,2.369339]",
7850,"[5.582596,2.021625,2.35434]",
7851,"[5.581549,2.010843,2.330362]",
7852,"[5.581101,2.009544,2.320115]",
7853,"[5.580676,2.010347,2.31036]",
7854,"[5.579958,2.013027,2.293933]",
7855,"[5.579631,2.014428,2.286435]",
7856,"[5.579211,2.018647,2.276812]",
7857,"[5.579042,2.021039,2.272939]",
7858,"[5.578817,2.023595,2.267792]",
7859,"[5.578709,2.024394,2.265305]",
7860,"[5.578517,2.025449,2.260912]",
7861,"[5.578434,2.026009,2.259021]",
7862,"[5.57834,2.026759,2.256861]",
7863,"[5.578138,2.028509,2.252238]",
7864,"[5.578012,2.029631,2.249353]",
7865,"[5.577816,2.031773,2.244854]",
7866,"[5.5777,2.034971,2.242209]",
7867,"[5.577473,2.0409,2.237]",
7868,"[5.577353,2.041525,2.234267]",
7869,"[5.577053,2.03823,2.227378]",
7870,"[5.576927,2.035114,2.224507]",
7871,"[5.576852,2.031806,2.222787]",
7872,"[5.576769,2.024217,2.220891]",
7873,"[5.576721,2.018968,2.219791]",
7874,"[5.576596,2.012652,2.21693]",
7875,"[5.576488,2.012027,2.214436]",
7876,"[5.576281,2.012504,2.209696]",
7877,"[5.575691,2.014793,2.196201]",
7878,"[5.575245,2.016447,2.185983]",
7879,"[5.574299,2.018695,2.164308]",
7880,"[5.573729,2.01915,2.151251]",
7881,"[5.572435,2.0191,2.121631]",
7882,"[5.571701,2.019019,2.104801]",
7883,"[5.683905,2.050935,2.040845]",
7884,"[5.68124,2.050581,2.027103]",
7885,"[5.678754,2.050507,2.014282]",
7886,"[5.674368,2.052123,1.991663]",
7887,"[5.67254,2.052994,1.982234]",
7888,"[5.669705,2.054117,1.967616]",
7889,"[5.668357,2.05473,1.96066]",
7890,"[5.665669,2.057817,1.946798]",
7891,"[5.664049,2.060252,1.938443]",
7892,"[5.662645,2.061991,1.931202]",
7893,"[5.660371,2.064231,1.919475]",
7894,"[5.659082,2.065658,1.912829]",
7895,"[5.656768,2.069273,1.900893]",
7896,"[5.655692,2.070643,1.895342]",
7897,"[5.654029,2.071289,1.88677]",
7898,"[5.653302,2.071238,1.88302]",
7899,"[5.652236,2.07078,1.877523]",
7900,"[5.651768,2.070114,1.875107]",
7901,"[5.651381,2.069249,1.873112]",
7902,"[5.650807,2.06786,1.870153]",
7903,"[5.65054,2.067575,1.868776]",
7904,"[5.650018,2.067971,1.866084]",
7905,"[5.649797,2.068387,1.864944]",
7906,"[5.649477,2.06892,1.863295]",
7907,"[5.649346,2.069075,1.862618]",
7908,"[5.649231,2.06924,1.862025]",
7909,"[5.649,2.069894,1.86083]",
7910,"[5.648816,2.070622,1.859881]",
7911,"[5.648363,2.072615,1.857546]",
7912,"[5.648058,2.073892,1.855973]",
7913,"[5.647299,2.076599,1.852061]",
7914,"[5.646822,2.077985,1.849599]",
7915,"[5.645711,2.081006,1.843869]",
7916,"[5.645069,2.082598,1.840557]",
7917,"[5.644502,2.083762,1.837633]",
7918,"[5.643373,2.086004,1.831811]",
7919,"[5.642766,2.087428,1.828682]",
7920,"[5.641666,2.089765,1.82301]",
7921,"[5.641131,2.090711,1.82025]",
7922,"[5.640423,2.091377,1.8166]",
7923,"[5.640077,2.091662,1.814814]",
7924,"[5.63975,2.092162,1.813129]",
7925,"[5.638962,2.094722,1.809062]",
7926,"[5.638442,2.096971,1.806382]",
7927,"[5.637434,2.101917,1.801181]",
7928,"[5.636987,2.104151,1.798877]",
7929,"[5.636095,2.10795,1.794274]",
7930,"[5.635681,2.109034,1.79214]",
7931,"[5.635241,2.110008,1.789874]",
7932,"[5.634327,2.112679,1.785158]",
7933,"[5.633792,2.115049,1.782401]",
7934,"[5.632766,2.121249,1.777108]",
7935,"[5.632294,2.124303,1.774676]",
7936,"[5.63168,2.127829,1.771504]",
7937,"[5.631506,2.128763,1.770614]",
7938,"[5.631198,2.131869,1.769021]",
7939,"[5.631155,2.134563,1.768797]",
7940,"[5.631192,2.136989,1.76899]",
7941,"[5.631445,2.141248,1.770297]",
7942,"[5.631623,2.142926,1.771214]",
7943,"[5.632045,2.145755,1.773391]",
7944,"[5.632281,2.147084,1.77461]",
7945,"[5.632343,2.153779,1.774925]",
7946,"[5.632352,2.159045,1.774975]",
7947,"[5.632499,2.170161,1.775733]",
7948,"[5.632678,2.174678,1.776655]",
7949,"[5.632944,2.178643,1.778025]",
7950,"[5.633609,2.183976,1.781456]",
7951,"[5.633928,2.186064,1.783104]",
7952,"[5.634353,2.189881,1.785293]",
7953,"[5.634512,2.191481,1.786116]",
7954,"[5.634901,2.19357,1.788119]",
7955,"[5.635173,2.194182,1.789524]",
7956,"[5.635439,2.194652,1.790893]",
7957,"[5.63589,2.196842,1.793219]",
7958,"[5.636024,2.198684,1.793908]",
7959,"[5.636144,2.205012,1.794528]",
7960,"[5.636247,2.209153,1.795061]",
7961,"[5.636694,2.216291,1.797367]",
7962,"[5.637003,2.218863,1.798959]",
7963,"[5.637336,2.22122,1.800677]",
7964,"[5.638038,2.22615,1.8043]",
7965,"[5.63828,2.227625,1.805546]",
7966,"[5.638473,2.227785,1.806539]",
7967,"[5.638566,2.227146,1.807024]",
7968,"[5.638676,2.226205,1.80759]",
7969,"[5.638949,2.22409,1.808997]",
7970,"[5.638944,2.224192,1.808971]",
7971,"[5.638927,2.224371,1.808883]",
7972,"[5.638881,2.224806,1.808644]",
7973,"[5.638783,2.225554,1.808142]",
7974,"[5.638762,2.225586,1.808031]",
7975,"[5.638687,2.224819,1.807646]",
7976,"[5.638623,2.223913,1.807314]",
7977,"[5.638525,2.222535,1.806811]",
7978,"[5.638436,2.221588,1.806352]",
7979,"[5.638273,2.219909,1.805508]",
7980,"[5.637813,2.214927,1.803134]",
7981,"[5.637578,2.212049,1.801922]",
7982,"[5.637218,2.206807,1.800066]",
7983,"[5.637056,2.203523,1.799232]",
7984,"[5.636842,2.195022,1.798129]",
7985,"[5.636891,2.190634,1.798385]",
7986,"[5.637151,2.184177,1.799724]",
7987,"[5.637356,2.181304,1.800781]",
7988,"[5.637592,2.178769,1.802]",
7989,"[5.638137,2.174411,1.80481]",
7990,"[5.63846,2.172668,1.806476]",
7991,"[5.639241,2.169223,1.810504]",
7992,"[5.639778,2.167608,1.813274]",
7993,"[5.641153,2.164954,1.820365]",
7994,"[5.642052,2.163805,1.825]",
7995,"[5.642887,2.162599,1.829303]",
7996,"[5.644305,2.158558,1.836621]",
7997,"[5.620647,2.145229,1.851148]",
7998,"[5.53263,2.102296,1.895053]",
7999,"[5.473864,2.073184,1.924836]",
8000,"[5.474842,2.072004,1.927353]",
8001,"[5.480203,2.0714,1.931598]",
8002,"[5.482287,2.071324,1.933858]",
8003,"[5.486081,2.071451,1.937505]",
8004,"[5.488186,2.070956,1.939148]",
8005,"[5.490762,2.070187,1.940475]",
8006,"[5.49655,2.06829,1.941966]",
8007,"[5.499272,2.067266,1.94237]",
8008,"[5.501667,2.066455,1.942442]",
8009,"[5.95,2.260443,1.784209]",
8010,"[5.95,2.258834,1.784111]",
8011,"[5.95,2.257451,1.783276]",
8012,"[5.95,2.256451,1.78238]",
8013,"[5.95,2.254828,1.780947]",
8014,"[5.95,2.249289,1.775998]",
8015,"[5.95,2.245884,1.772627]",
8016,"[5.95,2.240387,1.76644]",
8017,"[5.95,2.237508,1.762632]",
8018,"[5.95,2.2312,1.75439]",
8019,"[5.95,2.22666,1.747906]",
8020,"[5.95,2.21957,1.735968]",
8021,"[5.95,2.215688,1.728939]",
8022,"[5.95,2.212103,1.722393]",
8023,"[5.95,2.205533,1.710409]",
8024,"[5.95,2.203438,1.705816]",
8025,"[5.95,2.200814,1.700277]",
8026,"[5.95,2.198963,1.698037]",
8027,"[5.95,2.196551,1.696409]",
8028,"[5.95,2.191945,1.695716]",
8029,"[5.95,2.18859,1.696723]",
8030,"[5.95,2.17746,1.703686]",
8031,"[5.95,2.167383,1.713808]",
8032,"[5.95,2.144253,1.747571]",
8033,"[5.95,2.130489,1.774164]",
8034,"[5.95,2.103387,1.844213]",
8035,"[5.95,2.087777,1.888042]",
8036,"[5.95,2.067699,1.944353]",
8037,"[5.95,2.031291,2.047798]",
8038,"[5.572235,1.9156,2.117039]",
8039,"[5.576718,1.888503,2.21972]",
8040,"[5.578899,1.879868,2.269679]",
8041,"[5.582328,1.87708,2.348207]",
8042,"[5.583548,1.880843,2.376149]",
8043,"[5.585147,1.888291,2.412776]",
8044,"[5.585571,1.888834,2.422474]",
8045,"[5.585858,1.887955,2.429065]",
8046,"[5.586086,1.885896,2.434285]",
8047,"[5.586109,1.885731,2.434803]",
8048,"[5.586156,1.885832,2.435874]",
8049,"[5.586197,1.885942,2.436819]",
8050,"[5.58636,1.886116,2.440545]",
8051,"[5.586531,1.886949,2.444471]",
8052,"[5.586902,1.891038,2.452967]",
8053,"[5.587067,1.893756,2.456747]",
8054,"[5.587212,1.896709,2.460059]",
8055,"[5.587259,1.89858,2.461134]",
8056,"[5.587276,1.900794,2.461543]",
8057,"[5.587248,1.906371,2.460899]",
8058,"[5.587203,1.910242,2.459859]",
8059,"[5.587134,1.918731,2.458277]",
8060,"[5.587099,1.924397,2.457482]",
8061,"[5.587069,1.92916,2.456781]",
8062,"[5.587008,1.937024,2.455401]",
8063,"[5.586989,1.94011,2.454965]",
8064,"[5.586984,1.945279,2.454838]",
8065,"[5.586995,1.947463,2.455084]",
8066,"[5.587033,1.951239,2.455961]",
8067,"[5.587075,1.953915,2.456936]",
8068,"[5.587146,1.957311,2.458557]",
8069,"[5.587396,1.965729,2.464279]",
8070,"[5.587558,1.969631,2.46799]",
8071,"[5.587879,1.973858,2.475336]",
8072,"[5.58808,1.975593,2.479943]",
8073,"[5.588575,1.980864,2.491279]",
8074,"[5.588837,1.984573,2.497282]",
8075,"[5.589084,1.988673,2.502949]",
8076,"[5.621232,2.007411,2.522624]",
8077,"[5.604002,2.006399,2.522022]",
8078,"[5.576186,2.003724,2.521051]",
8079,"[5.563283,2.001886,2.520788]",
8080,"[5.559567,2.004087,2.525983]",
8081,"[5.559412,2.005849,2.529462]",
8082,"[5.559228,2.008321,2.534726]",
8083,"[5.558894,2.011817,2.544288]",
8084,"[5.559988,2.013709,2.549946]",
8085,"[5.608872,2.033146,2.572669]",
8086,"[5.608872,2.035078,2.577064]",
8087,"[5.608872,2.038221,2.584746]",
8088,"[5.608872,2.039866,2.588765]",
8089,"[5.608872,2.044301,2.596292]",
8090,"[5.608872,2.047571,2.600772]",
8091,"[5.608872,2.04974,2.603531]",
8092,"[5.608872,2.052751,2.607701]",
8093,"[5.608872,2.053045,2.615824]",
8094,"[5.608872,2.054596,2.616634]",
8095,"[5.608872,2.05546,2.616953]",
8096,"[5.608872,2.055787,2.617084]",
8097,"[5.608872,2.055787,2.617084]",
8098,"[5.608872,2.056339,2.616796]",
8099,"[5.608872,2.057855,2.616992]",
8100,"[5.608872,2.060599,2.617527]",
8101,"[5.608872,2.065376,2.618016]",
8102,"[5.608872,2.065659,2.618119]",
8103,"[5.608872,2.061586,2.61994]",
8104,"[5.608872,2.058309,2.621506]",
8105,"[5.608872,2.053324,2.623429]",
8106,"[5.608872,2.05239,2.623253]",
8107,"[5.608872,2.051322,2.622871]",
8108,"[5.608872,2.04856,2.62203]",
8109,"[5.608872,2.047589,2.621757]",
8110,"[5.608872,2.047427,2.621276]",
8111,"[5.608872,2.04803,2.62144]",
8112,"[5.608872,2.049389,2.621994]",
8113,"[5.608872,2.050328,2.622434]",
8114,"[5.608872,2.052916,2.623895]",
8115,"[5.608872,2.053915,2.625147]",
8116,"[5.608872,2.054631,2.626787]",
8117,"[5.608872,2.054829,2.629642]",
8118,"[5.603545,2.053333,2.630556]",
8119,"[5.631964,2.063919,2.635644]",
8120,"[5.862098,2.144652,2.663212]",
8121,"[5.224352,1.927596,2.595791]",
8122,"[5.224593,1.927668,2.600411]",
8123,"[5.224289,1.92736,2.603175]",
8124,"[5.22397,1.927226,2.605438]",
8125,"[5.222517,1.927486,2.609596]",
8126,"[5.220155,1.927694,2.613884]",
8127,"[5.218632,1.927639,2.615722]",
8128,"[5.21325,1.926712,2.618247]",
8129,"[5.20916,1.925614,2.619138]",
8130,"[5.205037,1.924091,2.619607]",
8131,"[5.197006,1.919524,2.61798]",
8132,"[5.192446,1.916418,2.616775]",
8133,"[5.862098,2.136676,2.690984]",
8134,"[5.862098,2.134493,2.690483]",
8135,"[5.862098,2.131401,2.690631]",
8136,"[5.862098,2.129427,2.691039]",
8137,"[5.862098,2.125379,2.691906]",
8138,"[5.862098,2.12403,2.692729]",
8139,"[5.862098,2.123049,2.693679]",
8140,"[5.862098,2.12249,2.69632]",
8141,"[5.862098,2.122765,2.697844]",
8142,"[5.862098,2.123333,2.699841]",
8143,"[5.862098,2.123404,2.700011]",
8144,"[5.862098,2.123764,2.699882]",
8145,"[5.862098,2.124016,2.69977]",
8146,"[5.862098,2.124577,2.699087]",
8147,"[5.862098,2.124735,2.698236]",
8148,"[5.862098,2.124655,2.696822]",
8149,"[5.862098,2.12348,2.692931]",
8150,"[5.862098,2.122171,2.690385]",
8151,"[5.862098,2.116119,2.682678]",
8152,"[5.862098,2.112453,2.678063]",
8153,"[5.862098,2.107474,2.670312]",
8154,"[5.862098,2.106241,2.66745]",
8155,"[5.608872,2.029031,2.645541]",
8156,"[5.608872,2.026213,2.641201]",
8157,"[5.608872,2.023702,2.639107]",
8158,"[5.608872,2.011044,2.632617]",
8159,"[5.608872,1.992454,2.627562]",
8160,"[5.608872,1.940583,2.617893]",
8161,"[5.608872,1.881383,2.613006]",
8162,"[5.593678,1.830737,2.610301]",
8163,"[5.95,1.775155,2.616647]",
8164,"[5.534841,1.682345,2.606443]",
8165,"[5.540133,1.615239,2.608881]",
8166,"[5.549031,1.589721,2.61033]",
8167,"[5.563517,1.548176,2.612451]",
8168,"[5.570203,1.528998,2.613618]",
8169,"[5.789147,1.47898,2.617387]",
8170,"[5.775748,1.462582,2.618439]",
8171,"[5.761707,1.447001,2.619748]",
8172,"[5.736854,1.420844,2.622249]",
8173,"[5.724876,1.410212,2.623709]",
8174,"[5.710315,1.398578,2.625651]",
8175,"[5.699391,1.396276,2.62643]",
8176,"[5.95,1.353274,2.627226]",
8177,"[5.95,1.348667,2.628223]",
8178,"[5.95,1.344382,2.629387]",
8179,"[5.151832,1.471669,2.634434]",
8180,"[5.156899,1.471642,2.640054]",
8181,"[5.15819,1.472454,2.642889]",
8182,"[5.159719,1.473397,2.645518]",
8183,"[5.162722,1.474881,2.649827]",
8184,"[5.16493,1.47553,2.651878]",
8185,"[5.208952,1.470209,2.655029]",
8186,"[5.95,1.35505,2.65586]",
8187,"[5.95,1.357898,2.656474]",
8188,"[5.95,1.359631,2.656899]",
8189,"[5.95,1.361224,2.657337]",
8190,"[5.95,1.363496,2.658075]",
8191,"[5.95,1.364708,2.658542]",
8192,"[5.95,1.368563,2.660965]",
8193,"[5.95,1.370987,2.662734]",
8194,"[5.95,1.375268,2.666307]",
8195,"[5.95,1.378046,2.66847]",
8196,"[5.95,1.380722,2.670314]",
8197,"[5.537256,1.442082,2.672212]",
8198,"[5.537233,1.442928,2.672327]",
8199,"[5.539377,1.442793,2.671802]",
8200,"[5.555072,1.436311,2.667252]",
8201,"[5.569513,1.42726,2.662666]",
8202,"[5.615354,1.390489,2.647072]",
8203,"[5.773727,1.302938,2.611017]",
8204,"[5.690876,1.264227,2.564587]",
8205,"[5.564508,1.235851,2.507958]",
8206,"[5.950001,0.9907017,2.283024]",
8207,"[5.950001,0.9190669,2.179494]",
8208,"[5.754557,0.9216015,2.111736]",
8209,"[5.624534,0.8318489,1.900015]",
8210,"[5.577603,0.7106505,1.646865]",
8211,"[5.512104,0.6564097,1.476214]",
8212,"[5.399931,0.6726176,1.396677]",
8213,"[5.072731,0.8562802,1.518627]",
8214,"[4.995373,0.889012,1.518627]",
8215,"[4.93785,0.9153205,1.518627]",
8216,"[4.84515,0.9495561,1.518627]",
8217,"[4.798129,0.9651997,1.518627]",
8218,"[4.761528,0.9772565,1.518627]",
8219,"[4.740632,0.941304,1.434587]",
8220,"[4.740632,0.9283824,1.411463]",
8221,"[4.740632,0.9130204,1.384141]",
8222,"[4.740632,0.8777653,1.324738]",
8223,"[4.740632,0.8442335,1.272463]",
8224,"[4.764755,0.6702843,0.9956166]",
8225,"[4.733267,0.7084259,1.082457]",
8226,"[4.67891,0.7864944,1.255911]",
8227,"[4.655416,0.8213542,1.330879]",
8228,"[4.643251,0.8371699,1.365914]",
8229,"[4.632255,0.8371699,1.377453]",
8230,"[4.628231,0.8371699,1.382219]",
8231,"[4.611272,0.8371699,1.399919]",
8232,"[4.601471,0.8371699,1.406864]",
8233,"[4.585265,0.8371699,1.414073]",
8234,"[4.577678,0.8371699,1.413836]",
8235,"[4.565838,0.8618258,1.449103]",
8236,"[4.546072,0.8923531,1.490176]",
8237,"[4.533287,0.8957911,1.486169]",
8238,"[4.518139,0.901493,1.481422]",
8239,"[4.517191,0.9008687,1.481125]",
8240,"[4.51668,0.9009793,1.480965]",
8241,"[4.517045,0.9019988,1.481079]",
8242,"[4.51764,0.9030424,1.481266]",
8243,"[4.521544,0.9071118,1.48249]",
8244,"[4.524763,0.9104543,1.483498]",
8245,"[4.533029,0.9169307,1.486089]",
8246,"[4.539451,0.9195751,1.488101]",
8247,"[4.5737,0.8732376,1.424015]",
8248,"[4.5955,0.8371699,1.374386]",
8249,"[4.615204,0.8371699,1.368021]",
8250,"[4.622571,0.8371699,1.365066]",
8251,"[4.627763,0.8371699,1.363323]",
8252,"[4.635302,0.8371699,1.361273]",
8253,"[4.638031,0.8371699,1.360178]",
8254,"[4.641021,0.8371699,1.357466]",
8255,"[4.641456,0.8371699,1.355327]",
8256,"[4.638855,0.8371699,1.342721]",
8257,"[4.637794,0.8371699,1.337599]",
8258,"[4.636,0.8371699,1.332832]",
8259,"[4.631512,0.8371699,1.325878]",
8260,"[4.629169,0.8371699,1.322778]",
8261,"[4.622652,0.8371699,1.313237]",
8262,"[4.552135,0.9884446,1.492076]",
8263,"[4.528558,1.006032,1.484687]",
8264,"[4.51576,1.014713,1.480677]",
8265,"[4.496513,1.025746,1.474645]",
8266,"[4.468147,1.042149,1.465756]",
8267,"[4.453704,1.05014,1.46123]",
8268,"[4.429838,1.060605,1.45375]",
8269,"[4.579393,0.4543415,0.5953184]",
8270,"[4.552783,0.4587177,0.5953186]",
8271,"[4.543088,0.4605701,0.5953186]",
8272,"[4.532435,0.4522157,0.5760335]",
8273,"[4.532436,0.4175518,0.520252]",
8274,"[4.532436,0.3822253,0.4630992]",
8275,"[4.532437,0.2801697,0.3007495]",
8276,"[4.551291,0.1077699,0.0499996]",
8277,"[4.518641,0.1139995,0.04999958]",
8278,"[4.503715,0.116406,0.04999958]",
8279,"[4.474608,0.127524,0.04999956]",
8280,"[4.458817,0.1365427,0.04999957]",
8281,"[4.428896,0.1546262,0.04999954]",
8282,"[4.417073,0.1608143,0.04999957]",
8283,"[4.408513,0.1645604,0.04999945]",
8284,"[4.40118,0.1656533,0.04999957]",
8285,"[4.398802,0.1653541,0.04999953]",
8286,"[4.394796,0.1655625,0.04999969]",
8287,"[4.391437,0.1667108,0.04999952]",
8288,"[4.38723,0.1683378,0.04999957]",
8289,"[4.344141,0.7129896,0.7996454]",
8290,"[4.342822,0.7130142,0.7996454]",
8291,"[4.340491,0.7132975,0.7996454]",
8292,"[4.339225,0.7136806,0.7996454]",
8293,"[4.337901,0.714213,0.7996454]",
8294,"[4.337669,0.7142401,0.7996454]",
8295,"[4.337375,0.7140713,0.7996454]",
8296,"[4.337262,0.7140185,0.7996454]",
8297,"[4.335016,0.7174538,0.7996454]",
8298,"[4.334628,0.7173544,0.7996454]",
8299,"[4.334321,0.7172014,0.7996454]",
8300,"[4.333928,0.7168947,0.7996454]",
8301,"[4.33389,0.7165978,0.7996454]",
8302,"[4.333756,0.7157744,0.7996454]",
8303,"[4.333681,0.7153835,0.7996454]",
8304,"[4.333568,0.7149602,0.7996454]",
8305,"[4.333446,0.7145077,0.7996454]",
8306,"[4.333446,0.7145079,0.7996454]",
8307,"[4.329977,0.7180827,0.7996454]",
8308,"[4.330376,0.7182305,0.7996454]",
8309,"[4.33167,0.7185245,0.7996454]",
8310,"[4.332531,0.7189636,0.7996454]",
8311,"[4.334495,0.7200538,0.7996454]",
8312,"[4.335893,0.7200614,0.7996454]",
8313,"[4.337995,0.7200447,0.7996454]",
8314,"[4.341777,0.7211317,0.7996454]",
8315,"[4.34343,0.721675,0.7996454]",
8316,"[4.346537,0.7227009,0.7996454]",
8317,"[4.347624,0.7233669,0.7996454]",
8318,"[4.348771,0.7248909,0.7996454]",
8319,"[4.348909,0.72563,0.7996454]",
8320,"[4.344322,0.7291605,0.7996454]",
8321,"[4.335802,0.7349012,0.7996454]",
8322,"[4.335772,0.7349299,0.7996454]",
8323,"[4.335736,0.7342072,0.7996454]",
8324,"[4.335823,0.7337171,0.7996454]",
8325,"[4.335875,0.733506,0.7996454]",
8326,"[4.332405,0.7350987,0.7996454]",
8327,"[4.3294,0.7358711,0.7996454]",
8328,"[4.330192,0.734754,0.7996454]",
8329,"[4.331501,0.7319059,0.7996454]",
8330,"[4.333966,0.7274444,0.7996454]",
8331,"[4.334846,0.7268026,0.7996454]",
8332,"[4.336296,0.7273042,0.7996454]",
8333,"[4.337135,0.7272942,0.7996454]",
8334,"[4.341478,0.7179829,0.7996454]",
8335,"[4.555377,0.1,0.1296956]",
8336,"[4.560085,0.1,0.1363807]",
8337,"[4.532438,0.199445,0.2577832]",
8338,"[4.532438,0.2119397,0.2795671]",
8339,"[4.532438,0.23673,0.3254851]",
8340,"[4.532438,0.2487794,0.3484304]",
8341,"[4.532438,0.2688663,0.3860738]",
8342,"[4.532437,0.2775505,0.404766]",
8343,"[4.532437,0.2829709,0.4241037]",
8344,"[4.532437,0.2893346,0.4652228]",
8345,"[4.532437,0.2922998,0.4846589]",
8346,"[4.532437,0.298347,0.5050486]",
8347,"[4.532437,0.3026901,0.5131367]",
8348,"[4.532437,0.3079792,0.5232374]",
8349,"[4.532437,0.3077193,0.5321104]",
8350,"[4.532437,0.3083967,0.5610667]",
8351,"[4.532437,0.3095256,0.5726869]",
8352,"[4.532437,0.3108001,0.5820353]",
8353,"[4.532437,0.3119205,0.5940512]",
8354,"[4.53529,0.3068026,0.5953193]",
8355,"[4.54594,0.2870145,0.5953194]",
8356,"[4.548581,0.2834485,0.5953194]",
8357,"[4.554639,0.2777867,0.5953194]",
8358,"[4.557722,0.2763102,0.5953194]",
8359,"[4.560584,0.2759136,0.5953194]",
8360,"[4.56606,0.2811575,0.5953194]",
8361,"[4.568595,0.2866093,0.5953193]",
8362,"[4.57242,0.2964742,0.5953193]",
8363,"[4.57339,0.2991386,0.5953193]",
8364,"[4.575734,0.3054916,0.5953192]",
8365,"[4.577023,0.3114567,0.5953192]",
8366,"[4.577709,0.318932,0.5953192]",
8367,"[4.57737,0.3333079,0.5953191]",
8368,"[4.577179,0.3397492,0.595319]",
8369,"[4.574893,0.3534139,0.595319]",
8370,"[4.572752,0.3604133,0.5953189]",
8371,"[4.569379,0.370522,0.5953189]",
8372,"[4.56818,0.3731948,0.5953189]",
8373,"[4.566161,0.3756217,0.5953189]",
8374,"[4.565136,0.3766254,0.5953189]",
8375,"[4.56421,0.3769661,0.5953189]",
8376,"[4.562836,0.3758531,0.5953189]",
8377,"[4.563084,0.3733988,0.5953189]",
8378,"[4.564103,0.3625806,0.595319]",
8379,"[4.564747,0.3570423,0.595319]",
8380,"[4.566294,0.3496296,0.595319]",
8381,"[4.567019,0.3470244,0.595319]",
8382,"[4.568557,0.3398243,0.595319]",
8383,"[4.569313,0.3349118,0.5953191]",
8384,"[4.570436,0.3290465,0.5953191]",
8385,"[4.574428,0.320352,0.5953192]",
8386,"[4.578451,0.3152959,0.5953192]",
8387,"[4.592162,0.3039782,0.5953192]",
8388,"[4.603658,0.2965188,0.5953192]",
8389,"[4.653048,0.2653378,0.5953192]",
8390,"[4.683361,0.2470086,0.5953192]",
8391,"[4.79091,0.1,0.4312416]",
8392,"[4.829227,0.1,0.4689983]",
8393,"[4.848934,0.09999996,0.4849657]",
8394,"[4.877428,0.09999996,0.5014489]",
8395,"[4.888461,0.1,0.5141764]",
8396,"[4.903396,0.1,0.5461882]",
8397,"[4.909558,0.1,0.5639398]",
8398,"[4.919544,0.1,0.5885812]",
8399,"[4.923481,0.1,0.6039949]",
8400,"[4.924651,0.1,0.6174698]",
8401,"[4.923334,0.1,0.6471462]",
8402,"[4.922553,0.09999996,0.6579638]",
8403,"[4.922963,0.1,0.6740232]",
8404,"[4.92281,0.09999996,0.6791734]",
8405,"[4.922229,0.1,0.6833065]",
8406,"[4.920496,0.09999996,0.6888993]",
8407,"[4.919846,0.1,0.6911309]",
8408,"[4.91785,0.1,0.6944638]",
8409,"[4.916022,0.1,0.6960864]",
8410,"[4.911884,0.09999996,0.6986671]",
8411,"[4.910114,0.1,0.6987581]",
8412,"[4.907048,0.1,0.6966792]",
8413,"[4.903377,0.1,0.6843171]",
8414,"[4.902815,0.1,0.6740781]",
8415,"[4.904987,0.1,0.6509284]",
8416,"[4.908939,0.1,0.6378455]",
8417,"[4.925231,0.1,0.6043764]",
8418,"[4.93609,0.1,0.5837784]",
8419,"[4.950354,0.1,0.5518026]",
8420,"[4.957282,0.1,0.5345224]",
8421,"[4.964876,0.1,0.5081159]",
8422,"[4.967669,0.1,0.4963081]",
8423,"[4.969883,0.1,0.4852558]",
8424,"[4.971642,0.1,0.4628798]",
8425,"[4.970028,0.09999996,0.4486672]",
8426,"[4.964098,0.1,0.4208344]",
8427,"[4.960408,0.1,0.4062657]",
8428,"[4.952671,0.1,0.3715908]",
8429,"[4.949202,0.1,0.3554627]",
8430,"[4.937879,0.1,0.3305056]",
8431,"[4.930006,0.1,0.3212395]",
8432,"[4.91488,0.09999996,0.3096004]",
8433,"[4.681887,0.3174735,0.5953189]",
8434,"[4.642615,0.3206618,0.595319]",
8435,"[4.568018,0.317331,0.5953192]",
8436,"[4.534139,0.3109852,0.5953193]",
8437,"[4.532439,0.1984978,0.467449]",
8438,"[4.53244,0.1338468,0.3956239]",
8439,"[4.522475,0.1,0.3627082]",
8440,"[4.467205,0.1,0.3899216]",
8441,"[4.445442,0.1,0.4014402]",
8442,"[4.327133,0.5329098,0.9043708]",
8443,"[4.317075,0.5347489,0.9084535]",
8444,"[4.295966,0.5403317,0.9126783]",
8445,"[4.287694,0.55053,0.9207674]",
8446,"[4.280119,0.5514361,0.9189397]",
8447,"[4.265975,0.5514361,0.914747]",
8448,"[4.259562,0.5514361,0.913181]",
8449,"[4.252489,0.5514361,0.9174553]",
8450,"[4.249294,0.5514361,0.9194388]",
8451,"[4.24781,0.1,0.4766909]",
8452,"[4.242187,0.1,0.4802425]",
8453,"[4.231853,0.1,0.485992]",
8454,"[4.225829,0.1,0.4872284]",
8455,"[4.219471,0.1,0.4878383]",
8456,"[4.209533,0.4105232,0.7779124]",
8457,"[4.202463,0.4145398,0.778664]",
8458,"[4.18948,0.4160304,0.7734789]",
8459,"[4.180409,0.4216536,0.7747196]",
8460,"[4.16187,0.4272196,0.7717146]",
8461,"[4.148726,0.4258291,0.7649587]",
8462,"[4.135809,0.429575,0.762607]",
8463,"[4.109611,0.439869,0.7599224]",
8464,"[4.096406,0.458665,0.7703087]",
8465,"[4.063056,0.4763843,0.7721103]",
8466,"[4.038671,0.4763843,0.7622733]",
8467,"[3.895774,0.164396,0.4404985]",
8468,"[3.855121,0.1733236,0.4404985]",
8469,"[3.786838,0.1,0.3604742]",
8470,"[3.892844,0.585186,0.8233771]",
8471,"[3.695027,0.2570738,0.4971293]",
8472,"[3.648586,0.3345492,0.5680699]",
8473,"[3.62281,0.3750772,0.60945]",
8474,"[3.562004,0.4592694,0.7048419]",
8475,"[3.527842,0.5011678,0.753387]",
8476,"[3.217386,0.3147748,0.6029561]",
8477,"[3.111635,0.295215,0.6029561]",
8478,"[3.287089,0.5934582,0.9128629]",
8479,"[3.23299,0.600231,0.9487482]",
8480,"[3.208593,0.6204008,0.9904613]",
8481,"[3.166056,0.6595641,1.072911]",
8482,"[3.146617,0.6687595,1.110589]",
8483,"[3.108722,0.6828697,1.184041]",
8484,"[3.090297,0.6905485,1.219753]",
8485,"[3.075307,0.6983606,1.248809]",
8486,"[2.846894,0.5806856,1.26765]",
8487,"[2.829231,0.5806856,1.30131]",
8488,"[2.804935,0.5806856,1.351772]",
8489,"[2.790212,0.5806856,1.37357]",
8490,"[2.761545,0.5806856,1.408053]",
8491,"[2.746664,0.5806856,1.423958]",
8492,"[2.721307,0.5806856,1.455744]",
8493,"[2.714817,0.5806856,1.470915]",
8494,"[2.713443,0.5806856,1.489608]",
8495,"[2.727484,0.5806856,1.51564]",
8496,"[2.741079,0.5806856,1.526276]",
8497,"[2.768869,0.5806856,1.541196]",
8498,"[2.787012,0.5806856,1.547466]",
8499,"[2.831068,0.5806856,1.556038]",
8500,"[2.93557,0.6298554,1.564453]",
8501,"[2.971716,0.6298554,1.56843]",
8502,"[3.030136,0.6052502,1.573375]",
8503,"[3.042686,0.5806856,1.573814]",
8504,"[3.10802,0.5806856,1.574871]",
8505,"[3.181916,0.6012386,1.572855]",
8506,"[3.27437,0.6133864,1.568633]",
8507,"[3.302446,0.5964274,1.569333]",
8508,"[3.362988,0.6062005,1.574159]",
8509,"[3.445925,0.5906309,1.590799]",
8510,"[3.480856,0.5966488,1.594135]",
8511,"[3.491992,0.5887821,1.593174]",
8512,"[3.500352,0.5950673,1.594032]",
8513,"[3.509173,0.5597344,1.597466]",
8514,"[3.526931,0.5568315,1.601399]",
8515,"[3.516191,0.5265286,1.610187]",
8516,"[3.531202,0.5412176,1.609773]",
8517,"[3.516964,0.5273946,1.611323]",
8518,"[3.529656,0.5248871,1.609446]",
8519,"[3.516678,0.4988211,1.61256]",
8520,"[3.531507,0.4857629,1.617056]",
8521,"[3.519909,0.461429,1.619715]",
8522,"[3.528324,0.4454335,1.617209]",
8523,"[3.517397,0.4245548,1.618023]",
8524,"[3.525126,0.4148535,1.616141]",
8525,"[3.516073,0.405839,1.61709]",
8526,"[3.524903,0.4140856,1.6159]",
8527,"[3.516303,0.4066221,1.617397]",
8528,"[3.525351,0.414244,1.616556]",
8529,"[3.51766,0.3935131,1.620248]",
8530,"[3.526587,0.3947639,1.62082]",
8531,"[3.520637,0.3856062,1.625282]",
8532,"[3.529152,0.3939753,1.624792]",
8533,"[3.521542,0.3889209,1.626477]",
8534,"[3.529933,0.3981608,1.625457]",
8535,"[3.521835,0.3924327,1.626721]",
8536,"[3.529597,0.4019551,1.624483]",
8537,"[3.520462,0.3976685,1.624306]",
8538,"[3.526627,0.406928,1.619383]",
8539,"[3.517419,0.4011552,1.619431]",
8540,"[3.525105,0.4077169,1.616988]",
8541,"[3.568871,0.4402755,1.608428]",
8542,"[3.104527,0.1,1.670135]",
8543,"[3.104792,0.1,1.668753]",
8544,"[3.105829,0.1,1.667602]",
8545,"[3.108536,0.1,1.665904]",
8546,"[3.109887,0.1,1.665538]",
8547,"[3.110864,0.1,1.665158]",
8548,"[3.110081,0.1,1.664697]",
8549,"[3.108735,0.1,1.664943]",
8550,"[3.106637,0.1,1.666027]",
8551,"[3.105762,0.1,1.666748]",
8552,"[3.10544,0.1,1.667253]",
8553,"[3.105534,0.1,1.668624]",
8554,"[3.105605,0.09999996,1.669526]",
8555,"[3.710234,0.5187081,1.58766]",
8556,"[3.73037,0.5306967,1.58612]",
8557,"[3.733104,0.5314347,1.586377]",
8558,"[3.733965,0.5306615,1.586844]",
8559,"[3.727962,0.5242047,1.588719]",
8560,"[3.720824,0.5182775,1.590307]",
8561,"[3.700851,0.5026076,1.594498]",
8562,"[3.688737,0.493393,1.597055]",
8563,"[3.669828,0.4788499,1.601977]",
8564,"[3.662304,0.4729753,1.604305]",
8565,"[3.653136,0.4651488,1.607995]",
8566,"[3.653775,0.4647387,1.60913]",
8567,"[3.65605,0.4656301,1.609861]",
8568,"[3.665039,0.470876,1.610106]",
8569,"[3.670245,0.4741001,1.610011]",
8570,"[3.681633,0.4809909,1.610756]",
8571,"[3.685487,0.4831149,1.61186]",
8572,"[3.6879,0.4842894,1.613311]",
8573,"[3.689108,0.4843742,1.616464]",
8574,"[3.682785,0.4793931,1.620218]",
8575,"[3.652346,0.456917,1.631736]",
8576,"[3.653323,0.4574475,1.634264]",
8577,"[3.676899,0.4749459,1.633132]",
8578,"[3.701587,0.4935343,1.629094]",
8579,"[3.71022,0.5010555,1.628992]",
8580,"[3.141961,0.1,1.773053]",
8581,"[3.139267,0.1,1.776823]",
8582,"[3.130475,0.09999996,1.784486]",
8583,"[3.124932,0.09999996,1.788654]",
8584,"[3.563914,0.4178628,1.679987]",
8585,"[3.566655,0.4235206,1.681374]",
8586,"[3.575927,0.4355592,1.682403]",
8587,"[3.587499,0.4464467,1.68126]",
8588,"[3.60218,0.4597338,1.679528]",
8589,"[3.641009,0.4915846,1.672276]",
8590,"[3.650431,0.5004336,1.671183]",
8591,"[3.664098,0.5136132,1.66984]",
8592,"[3.674032,0.5223573,1.668378]",
8593,"[3.67933,0.5286932,1.668859]",
8594,"[3.680659,0.5309902,1.669481]",
8595,"[3.683005,0.5349564,1.670611]",
8596,"[3.683295,0.5364015,1.671491]",
8597,"[3.682882,0.5373676,1.672526]",
8598,"[3.68174,0.5391691,1.674713]",
8599,"[3.681171,0.5400507,1.675886]",
8600,"[3.680443,0.5420365,1.678317]",
8601,"[3.680102,0.5430773,1.679598]",
8602,"[3.679662,0.5449769,1.681718]",
8603,"[3.67976,0.545616,1.682612]",
8604,"[3.679919,0.5461854,1.683697]",
8605,"[3.680173,0.5470254,1.685589]",
8606,"[3.680343,0.5473927,1.686606]",
8607,"[3.681068,0.54769,1.688468]",
8608,"[3.68516,0.5497766,1.688671]",
8609,"[3.683495,0.5476201,1.691085]",
8610,"[3.685031,0.5472122,1.69373]",
8611,"[3.685723,0.5471367,1.695144]",
8612,"[3.687152,0.5472118,1.697863]",
8613,"[3.687818,0.5473226,1.69922]",
8614,"[3.688793,0.547625,1.701446]",
8615,"[3.689176,0.5479171,1.702592]",
8616,"[3.689403,0.5481654,1.703383]",
8617,"[3.689941,0.5486732,1.705184]",
8618,"[3.690385,0.5490506,1.706605]",
8619,"[3.691093,0.5498982,1.709324]",
8620,"[3.69149,0.5506396,1.711315]",
8621,"[3.692342,0.5529799,1.716893]",
8622,"[3.692908,0.55468,1.720856]",
8623,"[3.69429,0.5570529,1.727435]",
8624,"[3.695814,0.5585552,1.732755]",
8625,"[3.699015,0.5611199,1.742897]",
8626,"[3.700371,0.5622292,1.747231]",
8627,"[3.701588,0.5633074,1.751266]",
8628,"[3.703441,0.5654554,1.758286]",
8629,"[3.704184,0.5667567,1.761863]",
8630,"[3.704995,0.5686308,1.766556]",
8631,"[3.704909,0.5706205,1.769855]",
8632,"[3.703846,0.5715508,1.769579]",
8633,"[3.70278,0.5723907,1.769142]",
8634,"[3.700386,0.5741212,1.767889]",
8635,"[3.699036,0.5750564,1.767111]",
8636,"[3.697655,0.5759618,1.766228]",
8637,"[3.695029,0.5780051,1.765104]",
8638,"[3.694093,0.5790998,1.765339]",
8639,"[3.694993,0.5870993,1.780817]",
8640,"[3.695643,0.5906753,1.788178]",
8641,"[3.672685,0.5778456,1.809195]",
8642,"[3.644386,0.5568981,1.82322]",
8643,"[3.586714,0.5089618,1.85329]",
8644,"[3.560041,0.4887052,1.866655]",
8645,"[3.558604,0.4885477,1.867109]",
8646,"[3.53854,0.4774419,1.875989]",
8647,"[3.537495,0.4780077,1.876126]",
8648,"[3.498,0.4524325,1.89466]",
8649,"[3.476156,0.4392491,1.904637]",
8650,"[3.024541,0.1,1.996835]",
8651,"[3.023603,0.1,2.002675]",
8652,"[3.024871,0.09999996,2.009659]",
8653,"[3.02901,0.1,2.01857]",
8654,"[3.029856,0.1,2.019663]",
8655,"[3.031849,0.1,2.020382]",
8656,"[3.032369,0.1,2.020856]",
8657,"[3.033176,0.1,2.021562]",
8658,"[3.033884,0.1,2.02211]",
8659,"[3.035104,0.09999996,2.023692]",
8660,"[3.042089,0.09999996,2.030895]",
8661,"[3.046789,0.1,2.032853]",
8662,"[3.060906,0.09999996,2.038214]",
8663,"[3.068094,0.1,2.04147]",
8664,"[3.077944,0.1,2.046392]",
8665,"[3.082242,0.1,2.04881]",
8666,"[3.087941,0.1,2.052123]",
8667,"[3.089716,0.1,2.053369]",
8668,"[3.091289,0.1,2.054884]",
8669,"[3.093416,0.1,2.057691]",
8670,"[3.094347,0.1,2.059542]",
8671,"[3.095633,0.1,2.062283]",
8672,"[3.096181,0.1,2.063065]",
8673,"[3.097389,0.1,2.064757]",
8674,"[3.097196,0.09999996,2.066106]",
8675,"[3.096707,0.1,2.067206]",
8676,"[3.096065,0.09999996,2.068931]",
8677,"[3.095868,0.1,2.069851]",
8678,"[3.095749,0.1,2.070318]",
8679,"[3.095792,0.09999996,2.070306]",
8680,"[3.0959,0.1,2.070184]",
8681,"[3.095987,0.1,2.070045]",
8682,"[3.096095,0.09999996,2.069846]",
8683,"[3.096461,0.1,2.069151]",
8684,"[3.096759,0.1,2.068579]",
8685,"[3.09739,0.09999996,2.07122]",
8686,"[3.097749,0.1,2.0725]",
8687,"[3.098807,0.1,2.074467]",
8688,"[3.099401,0.1,2.075324]",
8689,"[3.100046,0.1,2.07639]",
8690,"[3.100077,0.1,2.076601]",
8691,"[3.100074,0.09999996,2.07672]",
8692,"[3.100113,0.1,2.076815]",
8693,"[3.100152,0.09999996,2.076873]",
8694,"[3.100331,0.09999996,2.077383]",
8695,"[3.100494,0.1,2.078165]",
8696,"[3.100119,0.1,2.081871]",
8697,"[3.09909,0.1,2.08565]",
8698,"[3.097858,0.1,2.090364]",
8699,"[3.094662,0.1,2.104955]",
8700,"[3.092455,0.1,2.114138]",
8701,"[3.087855,0.09999996,2.130459]",
8702,"[3.085372,0.09999996,2.138961]",
8703,"[3.089265,0.1067167,2.154826]",
8704,"[3.09659,0.1146717,2.161086]",
8705,"[3.109968,0.1290973,2.172524]",
8706,"[3.117318,0.1366633,2.178819]",
8707,"[3.124703,0.1439747,2.185152]",
8708,"[3.062052,0.1,2.222063]",
8709,"[3.2314,0.2387604,2.176502]",
8710,"[3.274269,0.2780195,2.173504]",
8711,"[3.296475,0.2979639,2.172568]",
8712,"[3.308269,0.3092138,2.174287]",
8713,"[3.308723,0.3122894,2.181064]",
8714,"[3.308629,0.3134559,2.184214]",
8715,"[3.308,0.3153524,2.190763]",
8716,"[3.307983,0.3161884,2.193368]",
8717,"[3.317059,0.3252238,2.194944]",
8718,"[3.332053,0.3382396,2.192006]",
8719,"[3.348233,0.3521102,2.18865]",
8720,"[3.364441,0.3655744,2.188101]",
8721,"[3.359746,0.3607422,2.194016]",
8722,"[3.339118,0.3426888,2.205982]",
8723,"[3.043593,0.1,2.332483]",
8724,"[3.045863,0.09999996,2.336454]",
8725,"[3.047339,0.1,2.339678]",
8726,"[3.049119,0.1,2.34518]",
8727,"[3.049486,0.1,2.347794]",
8728,"[3.049058,0.09999996,2.3524]",
8729,"[3.048583,0.1,2.35419]",
8730,"[3.047986,0.1,2.356665]",
8731,"[3.048041,0.1,2.357688]",
8732,"[3.048401,0.1,2.35846]",
8733,"[3.049243,0.1,2.359516]",
8734,"[3.049695,0.1,2.360138]",
8735,"[3.050656,0.09999996,2.361645]",
8736,"[3.051241,0.1,2.362906]",
8737,"[3.051775,0.1,2.364339]",
8738,"[3.052377,0.1,2.367743]",
8739,"[3.052769,0.09999996,2.369881]",
8740,"[3.053896,0.1,2.378995]",
8741,"[3.254173,0.2636127,2.296446]",
8742,"[3.259598,0.268784,2.301105]",
8743,"[3.267723,0.2768452,2.308072]",
8744,"[3.277664,0.2867163,2.316597]",
8745,"[3.281128,0.2903689,2.319561]",
8746,"[3.28367,0.2933072,2.321729]",
8747,"[3.286747,0.296983,2.324349]",
8748,"[3.288343,0.2990111,2.325704]",
8749,"[3.28941,0.3004981,2.326606]",
8750,"[3.290598,0.3023127,2.327605]",
8751,"[3.292829,0.3062913,2.329465]",
8752,"[3.293938,0.3086328,2.330379]",
8753,"[3.295484,0.3131342,2.331614]",
8754,"[3.296118,0.3156562,2.332102]",
8755,"[3.29651,0.3183787,2.332367]",
8756,"[3.295057,0.3224322,2.330955]",
8757,"[3.291221,0.3233567,2.327522]",
8758,"[3.250979,0.3099048,2.292212]",
8759,"[3.212748,0.2907093,2.25886]",
8760,"[3.111813,0.2250567,2.17126]",
8761,"[2.942111,0.1,2.124472]",
8762,"[2.946146,0.1,2.026929]",
8763,"[2.975065,0.1140647,1.834481]",
8764,"[2.963325,0.1,1.743906]",
8765,"[2.967183,0.1,1.583133]",
8766,"[2.96438,0.1,1.509204]",
8767,"[2.956994,0.1,1.406577]",
8768,"[3.46199,0.486748,1.649129]",
8769,"[3.473709,0.5017011,1.620256]",
8770,"[3.479208,0.5083419,1.607306]",
8771,"[3.483929,0.513431,1.597164]",
8772,"[3.48685,0.5207902,1.584181]",
8773,"[3.486037,0.5236565,1.579964]",
8774,"[3.4824,0.5308796,1.570024]",
8775,"[3.481914,0.5339866,1.565284]",
8776,"[3.48391,0.5382005,1.55771]",
8777,"[3.485735,0.5400676,1.553949]",
8778,"[3.487811,0.5417665,1.550348]",
8779,"[3.492566,0.5448743,1.543347]",
8780,"[3.495417,0.5466133,1.539348]",
8781,"[3.49961,0.5499386,1.532243]",
8782,"[3.500592,0.5517889,1.528872]",
8783,"[3.501425,0.5557923,1.522135]",
8784,"[3.501892,0.5581351,1.518201]",
8785,"[3.502163,0.5604929,1.514328]",
8786,"[3.501875,0.565451,1.506553]",
8787,"[3.501682,0.5680426,1.502507]",
8788,"[3.501463,0.5727283,1.495136]",
8789,"[3.501509,0.5749893,1.491514]",
8790,"[3.500363,0.5775239,1.48797]",
8791,"[3.500645,0.5800977,1.483748]",
8792,"[3.500827,0.5831152,1.478862]",
8793,"[3.501323,0.5897301,1.46811]",
8794,"[3.501312,0.5898023,1.467999]",
8795,"[3.502804,0.5893841,1.468023]",
8796,"[3.504741,0.5888619,1.46802]",
8797,"[3.506937,0.5926178,1.46109]",
8798,"[3.507942,0.5926771,1.460562]",
8799,"[3.432961,0.5457249,1.411032]",
8800,"[3.099931,0.3226337,1.214629]",
8801,"[3.100701,0.321225,1.214139]",
8802,"[3.811889,0.8197693,1.603444]",
8803,"[3.814014,0.8261563,1.597669]",
8804,"[3.823668,0.8381183,1.594185]",
8805,"[3.822584,0.8427347,1.58605]",
8806,"[3.811062,0.8451438,1.565026]",
8807,"[3.797292,0.8396116,1.550733]",
8808,"[3.123652,0.3123289,1.199561]",
8809,"[3.124839,0.3105268,1.198807]",
8810,"[3.126138,0.3084349,1.197982]",
8811,"[3.523137,0.6307681,1.383131]",
8812,"[3.518088,0.6303816,1.3691]",
8813,"[3.513532,0.6313277,1.349759]",
8814,"[3.50633,0.6285366,1.336416]",
8815,"[3.496479,0.6294022,1.312473]",
8816,"[3.485947,0.6188754,1.305997]",
8817,"[3.470625,0.6153532,1.286652]",
8818,"[3.458911,0.6043209,1.280378]",
8819,"[3.443734,0.5958415,1.267919]",
8820,"[3.428826,0.585936,1.255818]",
8821,"[3.415509,0.5730958,1.249121]",
8822,"[3.397727,0.5608344,1.236257]",
8823,"[3.37795,0.5468154,1.223298]",
8824,"[3.356367,0.5309132,1.20964]",
8825,"[3.342122,0.5211295,1.199702]",
8826,"[3.345177,0.5239269,1.201077]",
8827,"[3.342703,0.5244857,1.196575]",
8828,"[3.340696,0.5258259,1.191876]",
8829,"[3.335597,0.526708,1.182766]",
8830,"[3.333125,0.5269368,1.178358]",
8831,"[3.334829,0.5266767,1.178065]",
8832,"[3.336154,0.5264628,1.177974]",
8833,"[3.337828,0.5262045,1.177953]",
8834,"[3.340202,0.5258406,1.178129]",
8835,"[3.340621,0.5257707,1.1779]",
8836,"[3.335575,0.5263837,1.1698]",
8837,"[3.336373,0.526253,1.169468]",
8838,"[3.339601,0.5257379,1.168795]",
8839,"[3.341707,0.525394,1.167972]",
8840,"[3.343161,0.5251472,1.166964]",
8841,"[3.338118,0.5256999,1.15601]",
8842,"[3.340291,0.5253385,1.154855]",
8843,"[3.34693,0.5242721,1.153121]",
8844,"[3.351346,0.5235941,1.153465]",
8845,"[3.359477,0.5224204,1.157665]",
8846,"[3.362595,0.5219851,1.159966]",
8847,"[3.365843,0.5215089,1.161291]",
8848,"[3.364276,0.5216566,1.156736]",
8849,"[3.363035,0.5217583,1.152409]",
8850,"[3.363063,0.521577,1.143973]",
8851,"[3.365221,0.5212283,1.143315]",
8852,"[3.36956,0.5205253,1.141888]",
8853,"[3.371946,0.5201416,1.141253]",
8854,"[3.376736,0.5193943,1.141058]",
8855,"[3.380017,0.5189058,1.142039]",
8856,"[3.383341,0.5184169,1.143313]",
8857,"[3.388033,0.5177183,1.144723]",
8858,"[3.389562,0.5174825,1.144793]",
8859,"[3.391143,0.5171343,1.139887]",
8860,"[3.332558,0.4359612,1.118432]",
8861,"[3.139402,0.1715954,1.049646]",
8862,"[3.139338,0.1661489,1.049545]",
8863,"[3.604275,0.7994447,1.208702]",
8864,"[3.137511,0.1587103,1.04667]",
8865,"[3.137226,0.1573165,1.046221]",
8866,"[3.138022,0.1563915,1.047474]",
8867,"[3.139597,0.1567538,1.049953]",
8868,"[3.143435,0.160418,1.055996]",
8869,"[3.145022,0.1624893,1.058494]",
8870,"[3.148966,0.1663338,1.064702]",
8871,"[3.150708,0.1667739,1.067446]",
8872,"[3.151765,0.1659457,1.06911]",
8873,"[3.151931,0.1634087,1.069371]",
8874,"[3.151655,0.1621469,1.068937]",
8875,"[3.151402,0.1594672,1.068537]",
8876,"[3.15157,0.1577597,1.068803]",
8877,"[3.152476,0.1552208,1.070229]",
8878,"[3.152802,0.1544793,1.070743]",
8879,"[3.153244,0.1537719,1.071438]",
8880,"[3.153503,0.1534569,1.071845]",
8881,"[3.153919,0.1531142,1.0725]",
8882,"[3.154965,0.1530235,1.074147]",
8883,"[3.155339,0.1534489,1.074737]",
8884,"[3.1557,0.1542246,1.075304]",
8885,"[3.155739,0.1546017,1.075366]",
8886,"[3.155267,0.1538744,1.074623]",
8887,"[3.154673,0.1525731,1.073687]",
8888,"[3.153786,0.1509158,1.072291]",
8889,"[3.151765,0.1465423,1.069109]",
8890,"[3.150696,0.1435356,1.067426]",
8891,"[3.14867,0.1364549,1.064237]",
8892,"[3.147629,0.1329357,1.062598]",
8893,"[3.145458,0.1286648,1.059179]",
8894,"[3.144445,0.1273765,1.057586]",
8895,"[3.143567,0.1260757,1.056203]",
8896,"[3.142263,0.1248944,1.05415]",
8897,"[3.141396,0.1252706,1.052785]",
8898,"[3.140401,0.125951,1.051219]",
8899,"[3.139939,0.1265305,1.050492]",
8900,"[3.139413,0.1273924,1.049664]",
8901,"[3.139207,0.1287006,1.049339]",
8902,"[3.139327,0.1293717,1.049529]",
8903,"[3.140108,0.133474,1.050758]",
8904,"[3.140756,0.1361527,1.051778]",
8905,"[3.141463,0.1386093,1.05289]",
8906,"[3.142916,0.1432155,1.055178]",
8907,"[3.14365,0.1458915,1.056334]",
8908,"[3.144356,0.1487236,1.057445]",
8909,"[3.146106,0.1549157,1.0602]",
8910,"[3.147122,0.1578089,1.0618]",
8911,"[3.148599,0.1622973,1.064126]",
8912,"[3.149074,0.1640915,1.064872]",
8913,"[3.14939,0.1656317,1.065371]",
8914,"[3.149704,0.167999,1.065865]",
8915,"[3.149848,0.1687515,1.066091]",
8916,"[3.150497,0.1700674,1.067114]",
8917,"[3.151138,0.1710421,1.068122]",
8918,"[3.152828,0.1734381,1.070783]",
8919,"[3.153635,0.1744827,1.072053]",
8920,"[3.155502,0.1765092,1.074992]",
8921,"[3.15671,0.1777066,1.076895]",
8922,"[3.157779,0.1787759,1.078577]",
8923,"[3.159445,0.1811905,1.081201]",
8924,"[3.160428,0.1827158,1.082747]",
8925,"[3.162989,0.1857836,1.086779]",
8926,"[3.16434,0.1871543,1.088907]",
8927,"[3.166983,0.1897745,1.093067]",
8928,"[3.168306,0.191048,1.09515]",
8929,"[3.169705,0.1920798,1.097353]",
8930,"[3.406471,0.5112821,1.138239]",
8931,"[3.407565,0.5111433,1.139631]",
8932,"[3.409353,0.5109174,1.142467]",
8933,"[3.410096,0.5108238,1.143813]",
8934,"[3.411436,0.5106556,1.146429]",
8935,"[3.412036,0.5105805,1.147699]",
8936,"[3.41252,0.5105201,1.148866]",
8937,"[3.413266,0.5104276,1.150906]",
8938,"[3.41362,0.5103834,1.151665]",
8939,"[3.354925,0.4287733,1.145723]",
8940,"[3.188202,0.1991158,1.126473]",
8941,"[3.188518,0.1989084,1.126969]",
8942,"[3.188942,0.1985003,1.127638]",
8943,"[3.189604,0.1980435,1.12868]",
8944,"[3.189993,0.1981153,1.129292]",
8945,"[3.190329,0.198409,1.129821]",
8946,"[3.190914,0.1995147,1.130742]",
8947,"[3.191248,0.2002749,1.131268]",
8948,"[3.191447,0.2007571,1.131581]",
8949,"[3.191709,0.201329,1.131993]",
8950,"[3.191786,0.2010256,1.132115]",
8951,"[3.191804,0.2008626,1.132144]",
8952,"[3.191849,0.2007151,1.132214]",
8953,"[3.192329,0.202733,1.132969]",
8954,"[3.192582,0.2040854,1.133369]",
8955,"[3.193082,0.2065068,1.134156]",
8956,"[3.193417,0.2079157,1.134683]",
8957,"[3.194026,0.2105703,1.135641]",
8958,"[3.19434,0.2120032,1.136136]",
8959,"[3.194655,0.2134367,1.136633]",
8960,"[3.194641,0.2129503,1.13661]",
8961,"[3.19456,0.2121428,1.136482]",
8962,"[3.194292,0.2091391,1.136061]",
8963,"[3.193814,0.2063479,1.135308]",
8964,"[3.191193,0.1961884,1.131182]",
8965,"[3.189044,0.1897543,1.127798]",
8966,"[3.187045,0.1843809,1.124651]",
8967,"[3.183605,0.1748782,1.119236]",
8968,"[3.181558,0.1682313,1.116014]",
8969,"[3.177534,0.1537643,1.109677]",
8970,"[3.175818,0.1467109,1.106976]",
8971,"[3.172559,0.1320547,1.101847]",
8972,"[3.1709,0.123316,1.099234]",
8973,"[3.169362,0.1139136,1.096813]",
8974,"[3.167452,0.1021739,1.093805]",
8975,"[3.168406,0.1,1.092417]",
8976,"[3.172742,0.1,1.089975]",
8977,"[3.175694,0.1,1.089209]",
8978,"[3.181532,0.1,1.089746]",
8979,"[3.184358,0.1,1.090676]",
8980,"[3.187898,0.1,1.092064]",
8981,"[3.189656,0.1,1.092979]",
8982,"[3.194091,0.1,1.098547]",
8983,"[3.196014,0.1,1.101938]",
8984,"[3.197447,0.1,1.105461]",
8985,"[3.199275,0.1,1.112379]",
8986,"[3.199698,0.1,1.116148]",
8987,"[3.199337,0.1,1.123932]",
8988,"[3.198828,0.1,1.127686]",
8989,"[3.198055,0.1,1.132284]",
8990,"[3.196678,0.1000929,1.139817]",
8991,"[3.199449,0.1061026,1.14418]",
8992,"[3.19949,0.1092819,1.151389]",
8993,"[3.194939,0.1033324,1.154279]",
8994,"[3.191438,0.1,1.159281]",
8995,"[3.191275,0.1,1.16117]",
8996,"[3.190769,0.1,1.165717]",
8997,"[3.190384,0.1,1.16842]",
8998,"[3.18993,0.1,1.170519]",
8999,"[3.18875,0.0999999,1.173332]",
9000,"[3.187753,0.1,1.174217]",
9001,"[3.185289,0.1,1.175352]",
9002,"[3.183933,0.1,1.175913]",
9003,"[3.181527,0.1,1.177112]",
9004,"[3.180389,0.1,1.177701]",
9005,"[3.178831,0.1000001,1.178363]",
9006,"[3.175153,0.1,1.179062]",
9007,"[3.17285,0.1,1.179124]",
9008,"[3.16907,0.1,1.178967]",
9009,"[3.167664,0.1,1.178893]",
9010,"[3.165748,0.0999999,1.178759]",
9011,"[3.164766,0.1,1.178526]",
9012,"[3.16399,0.1,1.178233]",
9013,"[3.163259,0.1,1.177721]",
9014,"[3.163116,0.1,1.177538]",
9015,"[3.162886,0.1,1.177167]",
9016,"[3.162763,0.1,1.177031]",
9017,"[3.162393,0.1,1.176742]",
9018,"[3.162083,0.1,1.176574]",
9019,"[3.161655,0.1,1.176385]",
9020,"[3.16159,0.1,1.176367]",
9021,"[3.16156,0.1,1.176356]",
9022,"[3.161638,0.1,1.17639]",
9023,"[3.161591,0.1,1.176378]",
9024,"[3.161466,0.1,1.176376]",
9025,"[3.161411,0.1,1.176397]",
9026,"[3.161165,0.1,1.176503]",
9027,"[3.160899,0.1,1.176585]",
9028,"[3.160556,0.1,1.176683]",
9029,"[3.159382,0.1,1.177055]",
9030,"[3.158519,0.1001085,1.177413]",
9031,"[3.157177,0.1015791,1.178266]",
9032,"[3.156242,0.1022568,1.17886]",
9033,"[3.154361,0.10335,1.180055]",
9034,"[3.153737,0.1042799,1.180451]",
9035,"[3.15298,0.1074758,1.180932]",
9036,"[3.152748,0.109979,1.181079]",
9037,"[3.152372,0.1124456,1.181318]",
9038,"[3.151299,0.1185379,1.182]",
9039,"[3.150899,0.1256236,1.182253]",
9040,"[3.151328,0.1539035,1.181981]",
9041,"[3.153354,0.1759766,1.180694]",
9042,"[3.160704,0.2237504,1.176026]",
9043,"[3.166126,0.2474545,1.172582]",
9044,"[3.170765,0.2668059,1.169635]",
9045,"[3.180507,0.2989534,1.163447]",
9046,"[3.184063,0.3085138,1.161188]",
9047,"[3.18716,0.3148092,1.159221]",
9048,"[3.188229,0.3165366,1.158542]",
9049,"[3.191034,0.3217995,1.15676]",
9050,"[3.194031,0.3275897,1.154856]",
9051,"[3.196249,0.3329571,1.152895]",
9052,"[3.188159,0.3329571,1.146408]",
9053,"[3.184114,0.3329571,1.143797]",
9054,"[3.178825,0.3329571,1.140323]",
9055,"[3.177357,0.3329571,1.139028]",
9056,"[3.174515,0.3329571,1.136567]",
9057,"[3.174089,0.3329571,1.135525]",
9058,"[3.174584,0.3329571,1.134726]",
9059,"[3.178808,0.3329571,1.138184]",
9060,"[3.177301,0.3329571,1.137868]",
9061,"[3.17291,0.3329571,1.13731]",
9062,"[3.17117,0.3329571,1.137405]",
9063,"[3.171738,0.3329571,1.141685]",
9064,"[3.173946,0.3329571,1.14577]",
9065,"[3.17804,0.3329571,1.152977]",
9066,"[3.696661,0.780424,1.294429]",
9067,"[3.181032,0.3329571,1.159411]",
9068,"[3.178306,0.3304116,1.164845]",
9069,"[3.174174,0.3270522,1.16747]",
9070,"[3.165579,0.3197704,1.172929]",
9071,"[3.160931,0.3156026,1.175882]",
9072,"[3.168539,0.3216884,1.183477]",
9073,"[3.157369,0.3121812,1.184104]",
9074,"[3.193997,0.3439332,1.194517]",
9075,"[3.223493,0.3706065,1.204488]",
9076,"[3.2213,0.369917,1.206118]",
9077,"[3.216962,0.3682247,1.209582]",
9078,"[3.215527,0.3674312,1.21079]",
9079,"[3.213371,0.3668647,1.214007]",
9080,"[3.212237,0.3666931,1.215677]",
9081,"[3.210859,0.3662849,1.217325]",
9082,"[3.207601,0.3642984,1.219948]",
9083,"[3.206806,0.3638601,1.221477]",
9084,"[3.207182,0.3647202,1.224331]",
9085,"[3.208262,0.3659927,1.225705]",
9086,"[3.216292,0.3728328,1.226807]",
9087,"[3.221783,0.3776686,1.227217]",
9088,"[3.233236,0.3879858,1.228572]",
9089,"[3.239665,0.393252,1.229858]",
9090,"[3.252811,0.4036823,1.232711]",
9091,"[3.258056,0.4078629,1.233652]",
9092,"[3.263025,0.4118991,1.234537]",
9093,"[3.275832,0.4199845,1.237868]",
9094,"[3.283331,0.422803,1.240149]",
9095,"[3.296617,0.4239274,1.243689]",
9096,"[3.301314,0.4191766,1.245106]",
9097,"[3.552941,0.6546879,1.308931]",
9098,"[3.583929,0.6838667,1.317549]",
9099,"[3.598065,0.6975687,1.321441]",
9100,"[3.368181,0.4054331,1.270331]",
9101,"[3.376379,0.4113866,1.272179]",
9102,"[3.382741,0.4136239,1.2727]",
9103,"[3.38335,0.4096539,1.272265]",
9104,"[3.382173,0.3938447,1.271354]",
9105,"[3.386117,0.3913997,1.271867]",
9106,"[3.404574,0.4089634,1.274366]",
9107,"[3.414171,0.4215944,1.275574]",
9108,"[3.41617,0.4221562,1.275337]",
9109,"[3.404845,0.3987649,1.271459]",
9110,"[3.394991,0.3797406,1.268752]",
9111,"[3.396228,0.3792248,1.267154]",
9112,"[3.409317,0.402795,1.268594]",
9113,"[3.434635,0.4485243,1.270902]",
9114,"[3.444623,0.4665302,1.27159]",
9115,"[3.440246,0.4554324,1.269594]",
9116,"[3.447589,0.4682457,1.269427]",
9117,"[3.4537,0.4770983,1.268984]",
9118,"[3.46583,0.5025465,1.270419]",
9119,"[3.477715,0.5281572,1.271636]",
9120,"[3.489059,0.5667077,1.270266]",
9121,"[3.489837,0.5756624,1.268131]",
9122,"[3.487956,0.5899879,1.261416]",
9123,"[3.484571,0.5928299,1.256902]",
9124,"[3.489111,0.6169171,1.251866]",
9125,"[3.4949,0.6340409,1.250392]",
9126,"[3.500973,0.6516008,1.24888]",
9127,"[3.512055,0.6828499,1.24514]",
9128,"[3.518712,0.699801,1.244248]",
9129,"[3.538658,0.7419018,1.247136]",
9130,"[3.542236,0.7478207,1.246849]",
9131,"[3.547777,0.7601154,1.246004]",
9132,"[3.550396,0.7660899,1.246293]",
9133,"[3.552586,0.7713745,1.246717]",
9134,"[3.557006,0.7832447,1.248095]",
9135,"[3.558774,0.7890624,1.248564]",
9136,"[3.562993,0.8017768,1.249853]",
9137,"[3.565237,0.8079894,1.25067]",
9138,"[3.568503,0.81926,1.252057]",
9139,"[3.568773,0.8248743,1.25244]",
9140,"[3.569061,0.834078,1.253415]",
9141,"[3.569252,0.8382845,1.254033]",
9142,"[3.570081,0.8422174,1.254627]",
9143,"[3.570859,0.8502559,1.255414]",
9144,"[3.570571,0.8548387,1.255536]",
9145,"[3.56926,0.8637832,1.255584]",
9146,"[3.568367,0.8681288,1.255559]",
9147,"[3.567335,0.8724307,1.255555]",
9148,"[3.566867,0.8847913,1.256645]",
9149,"[3.562394,0.8852127,1.257242]",
9150,"[3.561515,0.8908373,1.258397]",
9151,"[3.558864,0.8950716,1.259127]",
9152,"[3.553584,0.9036483,1.260295]",
9153,"[3.550676,0.9072854,1.261275]",
9154,"[3.547743,0.9108021,1.262601]",
9155,"[3.565317,0.9628064,1.274961]",
9156,"[3.58564,1.008616,1.285066]",
9157,"[3.590721,1.027565,1.290033]",
9158,"[3.598157,1.050036,1.296175]",
9159,"[3.622638,1.105651,1.311661]",
9160,"[3.635925,1.134182,1.320009]",
9161,"[3.660238,1.185502,1.33588]",
9162,"[3.671386,1.208393,1.343263]",
9163,"[3.692996,1.251099,1.357322]",
9164,"[3.697828,1.262708,1.362284]",
9165,"[3.701288,1.272263,1.366944]",
9166,"[3.692391,1.290497,1.390416]",
9167,"[3.692333,1.297795,1.397469]",
9168,"[3.682505,1.315865,1.415483]",
9169,"[3.667224,1.324277,1.435892]",
9170,"[3.661294,1.326151,1.445974]",
9171,"[3.65243,1.329389,1.467895]",
9172,"[3.644184,1.331699,1.495732]",
9173,"[3.641787,1.333972,1.509837]",
9174,"[3.640429,1.337354,1.524686]",
9175,"[3.641026,1.343273,1.552295]",
9176,"[3.6436,1.345287,1.56688]",
9177,"[3.656468,1.350267,1.595801]",
9178,"[3.665866,1.353814,1.613591]",
9179,"[3.687446,1.366762,1.640158]",
9180,"[3.696356,1.372407,1.65565]",
9181,"[3.704436,1.376714,1.674225]",
9182,"[3.720737,1.382922,1.70675]",
9183,"[3.732373,1.387084,1.722768]",
9184,"[3.757583,1.394085,1.750566]",
9185,"[3.769349,1.396847,1.762943]",
9186,"[3.797333,1.404012,1.792976]",
9187,"[3.811365,1.408443,1.805816]",
9188,"[3.844532,1.417177,1.832576]",
9189,"[3.861358,1.42029,1.844087]",
9190,"[3.879004,1.422324,1.855748]",
9191,"[3.912607,1.424055,1.877342]",
9192,"[3.931957,1.422678,1.890422]",
9193,"[3.967034,1.417676,1.912395]",
9194,"[3.98508,1.413616,1.922148]",
9195,"[4.015644,1.405738,1.93844]",
9196,"[4.029565,1.401969,1.947073]",
9197,"[4.044048,1.397925,1.956633]",
9198,"[4.06885,1.390584,1.974111]",
9199,"[4.08205,1.387214,1.981721]",
9200,"[4.104685,1.379427,1.99905]",
9201,"[4.119431,1.37603,2.007493]",
9202,"[4.142691,1.370572,2.025321]",
9203,"[4.154633,1.370121,2.031222]",
9204,"[4.176388,1.368108,2.043095]",
9205,"[4.188713,1.366983,2.049673]",
9206,"[4.200969,1.365877,2.056721]",
9207,"[4.224776,1.362988,2.070635]",
9208,"[4.236632,1.360335,2.076703]",
9209,"[4.260868,1.347646,2.087381]",
9210,"[4.271835,1.334736,2.093106]",
9211,"[4.278535,1.304454,2.107539]",
9212,"[4.287924,1.296176,2.114375]",
9213,"[4.424811,0.0999999,3.579658]",
9214,"[4.422316,0.1000001,3.53751]",
9215,"[4.412316,0.0999999,3.456713]",
9216,"[4.380856,0.1,3.292572]",
9217,"[4.364485,0.1,3.217899]",
9218,"[4.347927,0.1,3.111449]",
9219,"[4.347157,0.1,3.092314]",
9220,"[4.348317,0.1,3.087167]",
9221,"[4.354064,0.1,3.092664]",
9222,"[4.361345,0.1,3.104681]",
9223,"[4.377548,0.1,3.135687]",
9224,"[4.38335,0.1,3.145926]",
9225,"[4.397285,0.1,3.177691]",
9226,"[4.403839,0.1,3.198716]",
9227,"[4.383276,1.254645,2.241808]",
9228,"[4.390101,1.283125,2.25043]",
9229,"[4.39732,1.312889,2.26079]",
9230,"[4.411272,1.364441,2.284258]",
9231,"[4.418947,1.394418,2.295697]",
9232,"[4.433342,1.443607,2.326945]",
9233,"[4.448547,1.451981,2.399182]",
9234,"[4.726079,1.27526,3.953102]",
9235,"[4.731658,1.359296,3.982274]",
9236,"[4.731894,1.424203,3.98241]",
9237,"[4.73296,1.508344,3.982587]",
9238,"[4.733057,1.539902,3.982653]",
9239,"[4.731204,1.588844,3.982755]",
9240,"[4.729496,1.6065,3.982792]",
9241,"[4.725031,1.635456,3.982853]",
9242,"[4.722005,1.645174,3.982873]",
9243,"[4.719758,1.649357,3.982882]",
9244,"[4.716246,1.649818,3.982883]",
9245,"[4.714284,1.649423,3.982882]",
9246,"[4.708878,1.652283,3.982888]",
9247,"[4.706226,1.657079,3.982898]",
9248,"[4.699579,1.667647,3.98292]",
9249,"[4.69461,1.674706,3.982935]",
9250,"[4.686294,1.687727,3.982962]",
9251,"[4.667295,1.720287,3.98303]",
9252,"[4.657747,1.734014,3.983059]",
9253,"[4.643898,1.743478,3.983079]",
9254,"[4.636261,1.74498,3.983082]",
9255,"[4.62262,1.754973,3.983103]",
9256,"[4.614619,1.768157,3.983131]",
9257,"[4.60089,1.796787,3.983191]",
9258,"[4.595727,1.8049,3.983208]",
9259,"[4.590634,1.8103,3.983219]",
9260,"[4.581857,1.815689,3.98323]",
9261,"[4.578157,1.817906,3.983235]",
9262,"[4.568852,1.824505,3.983249]",
9263,"[4.562892,1.827454,3.983255]",
9264,"[4.553644,1.827605,3.983255]",
9265,"[4.548685,1.8239,3.983248]",
9266,"[4.541515,1.816441,3.983232]",
9267,"[4.443473,1.679838,3.104173]",
9268,"[4.443344,1.681413,3.120563]",
9269,"[4.443443,1.685951,3.152435]",
9270,"[4.442759,1.688696,3.170786]",
9271,"[4.443239,1.699038,3.231083]",
9272,"[4.441957,1.702742,3.248621]",
9273,"[4.438285,1.708896,3.283864]",
9274,"[4.435911,1.709991,3.299027]",
9275,"[4.433124,1.709859,3.311073]",
9276,"[4.427412,1.709479,3.336616]",
9277,"[4.424989,1.709311,3.349971]",
9278,"[4.419843,1.709085,3.383904]",
9279,"[4.417151,1.708507,3.400249]",
9280,"[4.413058,1.709476,3.430582]",
9281,"[4.411429,1.710414,3.443614]",
9282,"[4.409835,1.710931,3.454226]",
9283,"[4.40493,1.707487,3.467422]",
9284,"[4.401301,1.703612,3.472198]",
9285,"[4.394372,1.697541,3.482029]",
9286,"[4.391077,1.695289,3.485465]",
9287,"[4.384789,1.691349,3.492486]",
9288,"[4.381297,1.688355,3.49628]",
9289,"[4.378459,1.685719,3.500554]",
9290,"[4.373478,1.68116,3.510715]",
9291,"[4.371077,1.679376,3.51609]",
9292,"[4.298859,1.718672,3.983027]",
9293,"[4.297241,1.716838,3.983023]",
9294,"[4.294722,1.713818,3.983017]",
9295,"[4.293605,1.712699,3.983015]",
9296,"[4.292787,1.712052,3.983013]",
9297,"[4.291338,1.711222,3.983011]",
9298,"[4.290298,1.710466,3.98301]",
9299,"[4.286518,1.707514,3.983004]",
9300,"[4.284082,1.706018,3.983001]",
9301,"[4.279479,1.704855,3.982998]",
9302,"[4.277047,1.704687,3.982998]",
9303,"[4.274874,1.703949,3.982996]",
9304,"[4.273045,1.702674,3.982994]",
9305,"[4.272517,1.702043,3.982992]",
9306,"[4.273077,1.701167,3.98299]",
9307,"[4.273891,1.700646,3.982989]",
9308,"[4.274649,1.700108,3.982988]",
9309,"[4.27768,1.697752,3.982983]",
9310,"[4.279646,1.696584,3.982981]",
9311,"[4.283193,1.694524,3.982976]",
9312,"[4.284674,1.693255,3.982974]",
9313,"[4.288805,1.689104,3.982965]",
9314,"[4.29188,1.68591,3.982958]",
9315,"[4.298985,1.67982,3.982946]",
9316,"[4.301929,1.677662,3.982941]",
9317,"[4.307266,1.674121,3.982934]",
9318,"[4.309885,1.672471,3.98293]",
9319,"[4.314383,1.668837,3.982923]",
9320,"[4.316207,1.66735,3.98292]",
9321,"[4.317939,1.666339,3.982918]",
9322,"[4.322255,1.664787,3.982914]",
9323,"[4.324041,1.663524,3.982912]",
9324,"[4.326694,1.658976,3.982902]",
9325,"[4.327514,1.655442,3.982895]",
9326,"[4.326402,1.648351,3.98288]",
9327,"[4.321267,1.641246,3.982865]",
9328,"[4.311425,1.632344,3.982846]",
9329,"[4.268476,1.604395,3.982788]",
9330,"[4.247437,1.591362,3.98276]",
9331,"[4.214458,1.567049,3.982709]",
9332,"[4.201863,1.560488,3.982696]",
9333,"[4.186551,1.557301,3.982689]",
9334,"[4.183001,1.557961,3.982691]",
9335,"[4.181649,1.558529,3.982692]",
9336,"[4.181776,1.558573,3.982692]",
9337,"[4.183288,1.559225,3.982693]",
9338,"[4.196769,1.567066,3.982709]",
9339,"[4.208264,1.573,3.982722]",
9340,"[4.234758,1.581882,3.982741]",
9341,"[4.250292,1.5844,3.982746]",
9342,"[4.287026,1.58641,3.98275]",
9343,"[4.307707,1.586303,3.98275]",
9344,"[4.348284,1.584484,3.982746]",
9345,"[4.370181,1.583848,3.982745]",
9346,"[4.394729,1.585745,3.982749]",
9347,"[4.438514,1.592851,3.982764]",
9348,"[4.457519,1.596245,3.982771]",
9349,"[4.486577,1.598962,3.982776]",
9350,"[4.496155,1.598421,3.982775]",
9351,"[4.505633,1.596554,3.982771]",
9352,"[4.506467,1.595815,3.98277]",
9353,"[4.506485,1.595118,3.982768]",
9354,"[4.500841,1.589893,3.982757]",
9355,"[4.49053,1.583897,3.982745]",
9356,"[4.451089,1.566109,3.982708]",
9357,"[4.417376,1.551798,3.982677]",
9358,"[4.347476,1.517619,3.982606]",
9359,"[4.311865,1.494911,3.982558]",
9360,"[4.28519,1.476852,3.982521]",
9361,"[4.227469,1.444572,3.982453]",
9362,"[4.18518,1.425785,3.982414]",
9363,"[4.071283,1.364531,3.91695]",
9364,"[3.652912,1.10303,5.04]",
9365,"[3.373839,0.900057,5.04]",
9366,"[3.005479,0.6323749,4.92551]",
9367,"[2.866608,0.5335516,4.612925]",
9368,"[2.426235,0.2440045,4.265566]",
9369,"[2.287491,0.1429406,4.023542]",
9370,"[3.032952,0.6002312,3.044362]",
9371,"[3.062588,0.5806857,2.886226]",
9372,"[3.20898,0.6002312,2.652077]",
9373,"[3.256901,0.6002312,2.57514]",
9374,"[3.301285,0.5988121,2.482276]",
9375,"[3.30024,0.5770077,2.366704]",
9376,"[3.299635,0.5697184,2.299873]",
9377,"[3.298733,0.5682197,2.200183]",
9378,"[3.298327,0.5855553,2.155262]",
9379,"[3.265152,0.6002312,2.101312]",
9380,"[3.23823,0.6002312,2.085358]",
9381,"[3.190733,0.6002311,2.057362]",
9382,"[3.149878,0.5806856,2.041446]",
9383,"[3.129421,0.5806856,2.017741]",
9384,"[3.120679,0.5806856,2.003843]",
9385,"[3.110998,0.5806856,1.984598]",
9386,"[3.09728,0.5806856,1.940581]",
9387,"[3.094196,0.5806856,1.917263]",
9388,"[3.091959,0.5806856,1.876353]",
9389,"[3.0913,0.5806856,1.854768]",
9390,"[3.090204,0.5806856,1.815726]",
9391,"[3.092833,0.5806856,1.796251]",
9392,"[3.097358,0.5806856,1.78395]",
9393,"[3.101624,0.5806856,1.765399]",
9394,"[3.099005,0.5806856,1.756804]",
9395,"[3.084652,0.5806856,1.74055]",
9396,"[3.077363,0.5806856,1.734731]",
9397,"[3.061714,0.5806856,1.720763]",
9398,"[3.051054,0.5806856,1.707833]",
9399,"[3.037316,0.5806856,1.68552]",
9400,"[3.010406,0.5806856,1.622098]",
9401,"[3.030136,0.5971959,1.599775]",
9402,"[3.02094,0.5806856,1.531967]",
9403,"[3.039448,0.5806856,1.502534]",
9404,"[3.077237,0.5806856,1.454054]",
9405,"[3.095825,0.5806856,1.434421]",
9406,"[3.110509,0.5806856,1.416608]",
9407,"[3.133451,0.5806856,1.379584]",
9408,"[3.141247,0.5806856,1.362426]",
9409,"[3.181038,0.6002311,1.351174]",
9410,"[3.186272,0.6002311,1.34036]",
9411,"[3.192519,0.6002311,1.323445]",
9412,"[3.194303,0.6002311,1.315156]",
9413,"[3.199985,0.6002311,1.294335]",
9414,"[3.207813,0.6002311,1.280546]",
9415,"[3.217013,0.6002311,1.267515]",
9416,"[3.233816,0.6002311,1.245144]",
9417,"[3.239497,0.6002311,1.236143]",
9418,"[3.248357,0.6002311,1.225052]",
9419,"[3.253775,0.6002311,1.220756]",
9420,"[3.26307,0.6002311,1.215677]",
9421,"[3.265921,0.6002311,1.21312]",
9422,"[3.266394,0.6002311,1.210541]",
9423,"[3.261613,0.6002311,1.203795]",
9424,"[3.255995,0.6002311,1.198779]",
9425,"[3.243646,0.6002311,1.188891]",
9426,"[3.242142,0.6002311,1.187495]",
9427,"[3.244198,0.6002311,1.188558]",
9428,"[3.24734,0.6002311,1.191747]",
9429,"[3.252655,0.6002311,1.197212]",
9430,"[3.269206,0.6002311,1.212142]",
9431,"[3.278182,0.6002311,1.219959]",
9432,"[3.289966,0.599576,1.230952]",
9433,"[3.289975,0.5959554,1.231915]",
9434,"[3.289977,0.5895303,1.232137]",
9435,"[3.289968,0.5829208,1.231151]",
9436,"[3.289934,0.5576294,1.227444]",
9437,"[3.28991,0.5352214,1.224713]",
9438,"[3.466647,0.6834663,1.336282]",
9439,"[3.470697,0.6596549,1.334973]",
9440,"[3.47212,0.6529461,1.334696]",
9441,"[3.47641,0.6420497,1.334888]",
9442,"[3.478307,0.633019,1.334509]",
9443,"[3.475836,0.6065024,1.330785]",
9444,"[3.473623,0.591809,1.328448]",
9445,"[3.474339,0.5825847,1.327663]",
9446,"[3.484445,0.5829526,1.330985]",
9447,"[3.494018,0.5885621,1.334712]",
9448,"[3.509498,0.6014147,1.341153]",
9449,"[3.516532,0.6081793,1.344183]",
9450,"[3.534775,0.6282889,1.352321]",
9451,"[3.545046,0.6395322,1.356895]",
9452,"[3.565637,0.6603034,1.365869]",
9453,"[3.572689,0.6673579,1.368936]",
9454,"[3.570974,0.6644669,1.3671]",
9455,"[3.66118,0.7867378,1.426023]",
9456,"[3.681297,0.8195112,1.4409]",
9457,"[3.673789,0.8269987,1.443393]",
9458,"[3.669209,0.8281964,1.444342]",
9459,"[3.663588,0.8306918,1.447242]",
9460,"[3.651504,0.834701,1.456292]",
9461,"[3.647475,0.8360064,1.460473]",
9462,"[3.640862,0.83708,1.46984]",
9463,"[3.140241,0.200308,1.189023]",
9464,"[3.130629,0.1889931,1.195129]",
9465,"[3.105935,0.158812,1.210815]",
9466,"[3.082677,0.1346879,1.225588]",
9467,"[3.046726,0.1024745,1.248424]",
9468,"[3.005796,0.1,1.350223]",
9469,"[2.984629,0.1,1.415957]",
9470,"[2.962502,0.1,1.56383]",
9471,"[2.964903,0.1,1.656459]",
9472,"[2.972912,0.1,1.749999]",
9473,"[3.006934,0.1,1.947104]",
9474,"[3.025309,0.1,2.06516]",
9475,"[3.179813,0.2053764,2.232209]",
9476,"[3.26577,0.2482267,2.307204]",
9477,"[3.266749,0.1,2.509951]",
9478,"[3.326612,0.1,2.573095]",
9479,"[3.372743,0.1,2.620065]",
9480,"[3.469281,0.1,2.708139]",
9481,"[3.507029,0.1,2.740934]",
9482,"[3.57179,0.1,2.798503]",
9483,"[3.607019,0.1,2.827233]",
9484,"[3.657407,0.1,2.844414]",
9485,"[3.690307,0.1,2.84836]",
9486,"[3.719818,0.1,2.85112]",
9487,"[3.759698,0.1,2.855647]",
9488,"[3.838042,0.27,2.745675]",
9489,"[3.870416,0.27,2.747167]",
9490,"[3.884928,0.27,2.747054]",
9491,"[3.908895,0.27,2.744826]",
9492,"[3.920871,0.27,2.742938]",
9493,"[3.930459,0.27,2.741017]",
9494,"[3.941215,0.27,2.734801]",
9495,"[3.944533,0.27,2.732009]",
9496,"[3.950592,0.27,2.728125]",
9497,"[3.952997,0.27,2.727005]",
9498,"[3.958122,0.27,2.725858]",
9499,"[3.960871,0.27,2.726128]",
9500,"[3.970175,0.27,2.729857]",
9501,"[3.974668,0.27,2.735234]",
9502,"[3.924814,0.1000001,2.845096]",
9503,"[3.924146,0.1,2.883099]",
9504,"[3.918902,0.1,2.905884]",
9505,"[3.904111,0.1,2.945947]",
9506,"[3.892387,0.1,2.964344]",
9507,"[3.849607,0.1,3.010311]",
9508,"[3.818005,0.1,3.035816]",
9509,"[3.778342,0.1,3.061921]",
9510,"[3.703624,0.1,3.085433]",
9511,"[3.657549,0.1,3.085412]",
9512,"[3.558038,0.1,3.057024]",
9513,"[3.508878,0.1,3.040948]",
9514,"[3.41701,0.1,3.012343]",
9515,"[3.37175,0.1,2.996569]",
9516,"[3.277572,0.1,2.965894]",
9517,"[3.247726,0.1252012,2.944439]",
9518,"[3.2374,0.1727673,2.918156]",
9519,"[3.220565,0.2780629,2.875309]",
9520,"[3.213204,0.3259426,2.856574]",
9521,"[3.189152,0.3840613,2.821744]",
9522,"[3.151148,0.3840613,2.811037]",
9523,"[3.303192,0.561699,2.693029]",
9524,"[3.302959,0.5795569,2.667368]",
9525,"[3.302779,0.5911954,2.647453]",
9526,"[3.283348,0.6002312,2.599783]",
9527,"[3.267544,0.6002312,2.578054]",
9528,"[3.229979,0.6002312,2.538851]",
9529,"[3.211978,0.6002312,2.526421]",
9530,"[3.12658,0.5806857,2.506579]",
9531,"[3.103908,0.5806857,2.494799]",
9532,"[3.096527,0.5806857,2.468019]",
9533,"[3.106831,0.5806857,2.448626]",
9534,"[3.106093,0.5806857,2.432395]",
9535,"[3.086035,0.5806857,2.396501]",
9536,"[3.06924,0.5806857,2.370583]",
9537,"[3.013168,0.5806857,2.311453]",
9538,"[2.967176,0.5806857,2.278044]",
9539,"[2.876521,0.5806857,2.207975]",
9540,"[2.83889,0.5806857,2.168622]",
9541,"[2.806352,0.5806857,2.121533]",
9542,"[2.777394,0.5806856,2.013013]",
9543,"[2.789391,0.5806856,1.952554]",
9544,"[2.854323,0.5806856,1.83297]",
9545,"[2.903517,0.5806856,1.772835]",
9546,"[3.014951,0.5806856,1.64735]",
9547,"[3.072754,0.5806856,1.579425]",
9548,"[3.137192,0.5806856,1.509552]",
9549,"[3.29128,0.5815795,1.376175]",
9550,"[3.070005,0.3329571,1.046547]",
9551,"[2.992214,0.1,0.6260374]",
9552,"[3.145361,0.1323131,0.6029561]",
9553,"[3.502065,0.2780485,0.6830941]",
9554,"[3.599299,0.2949017,0.6529927]",
9555,"[3.672268,0.2949016,0.6061692]",
9556,"[3.71489,0.1,0.2450195]",
9557,"[4.001722,0.4763843,0.7824961]",
9558,"[4.128931,0.4558073,0.7104514]",
9559,"[4.19959,0.4793256,0.7104514]",
9560,"[4.435561,0.9917066,1.455544]",
9561,"[4.472787,1.026014,1.46721]",
9562,"[4.540974,1.087193,1.488578]",
9563,"[4.574433,1.072985,1.421676]",
9564,"[4.618156,1.02289,1.282156]",
9565,"[4.766985,0.8144336,0.7996454]",
9566,"[4.740632,1.117857,1.481284]",
9567,"[4.822124,1.12878,1.518627]",
9568,"[4.873124,1.124369,1.518627]",
9569,"[4.994352,1.114229,1.518627]",
9570,"[5.056196,1.114289,1.518627]",
9571,"[5.363119,0.9005975,1.060101]",
9572,"[5.488768,0.9005975,1.220769]",
9573,"[5.534021,0.9005975,1.327096]",
9574,"[5.629742,0.9005975,1.489772]",
9575,"[5.683475,0.9005975,1.537819]",
9576,"[5.624534,1.016323,1.777629]",
9577,"[5.624534,1.062507,1.866036]",
9578,"[5.712333,1.074502,1.981407]",
9579,"[5.648663,1.111259,2.108038]",
9580,"[5.865078,1.026283,2.115595]",
9581,"[5.814277,1.028782,2.302128]",
9582,"[5.950001,0.9891748,2.348773]",
9583,"[5.95,1.021455,2.462899]",
9584,"[5.559227,1.172236,2.547393]",
9585,"[5.95,1.0123,2.662907]",
9586,"[5.95,1.000605,2.737033]",
9587,"[5.95,1.000245,2.877013]",
9588,"[5.95,1.021033,2.959374]",
9589,"[5.71691,1.131379,2.970922]",
9590,"[5.95,1.134042,3.207394]",
9591,"[5.95,1.17102,3.298862]",
9592,"[5.458499,1.344728,3.21457]",
9593,"[5.530629,1.344728,3.320539]",
9594,"[5.95,1.276088,3.658648]",
9595,"[5.95,1.319278,3.808277]",
9596,"[5.95,1.343422,3.879369]",
9597,"[5.949999,1.387649,4.007486]",
9598,"[5.950001,1.411132,4.075878]",
9599,"[5.950001,1.457599,4.204501]",
9600,"[5.636051,1.495867,3.957181]",
9601,"[4.7115,1.553112,3.082634]",
9602,"[4.688287,1.554192,3.0958]",
9603,"[4.663488,1.569456,3.110651]",
9604,"[4.655249,1.575432,3.119563]",
9605,"[4.651687,1.579146,3.12836]",
9606,"[4.648639,1.584608,3.143183]",
9607,"[4.645469,1.587846,3.14663]",
9608,"[4.635054,1.59913,3.145783]",
9609,"[4.626761,1.612346,3.141727]",
9610,"[5.146495,1.739915,3.983072]",
9611,"[5.126777,1.774362,3.983144]",
9612,"[5.100919,1.800744,3.983199]",
9613,"[4.571836,1.667759,3.131364]",
9614,"[4.559652,1.668952,3.129108]",
9615,"[4.540442,1.671765,3.131703]",
9616,"[4.531219,1.673825,3.135539]",
9617,"[4.510044,1.678332,3.144319]",
9618,"[4.499629,1.681441,3.148517]",
9619,"[4.489076,1.684594,3.154507]",
9620,"[4.475857,1.688309,3.175275]",
9621,"[4.467893,1.687928,3.186846]",
9622,"[4.455623,1.687037,3.213749]",
9623,"[4.449895,1.687596,3.229129]",
9624,"[4.441421,1.690628,3.255507]",
9625,"[4.437358,1.69225,3.267426]",
9626,"[4.423948,1.692371,3.27827]",
9627,"[4.421258,1.694479,3.296557]",
9628,"[4.415613,1.694627,3.303855]",
9629,"[4.406846,1.696003,3.32232]",
9630,"[4.402618,1.696779,3.331933]",
9631,"[4.392895,1.698633,3.354157]",
9632,"[4.387383,1.699143,3.363507]",
9633,"[4.378079,1.700081,3.380158]",
9634,"[4.375164,1.70105,3.389506]",
9635,"[4.372469,1.702197,3.399123]",
9636,"[4.36825,1.70473,3.41958]",
9637,"[4.365711,1.705558,3.428104]",
9638,"[4.362213,1.70795,3.446484]",
9639,"[4.360619,1.709584,3.455699]",
9640,"[4.35952,1.715122,3.485054]",
9641,"[4.358396,1.71723,3.497011]",
9642,"[4.356792,1.718964,3.507694]",
9643,"[4.352292,1.721565,3.523471]",
9644,"[4.34875,1.72264,3.530312]",
9645,"[4.342131,1.724357,3.549954]",
9646,"[4.338236,1.724098,3.560402]",
9647,"[4.330584,1.722029,3.581347]",
9648,"[4.327099,1.720683,3.592583]",
9649,"[4.321312,1.716412,3.616584]",
9650,"[4.31828,1.712439,3.627646]",
9651,"[4.315916,1.708896,3.63857]",
9652,"[4.315266,1.704859,3.657595]",
9653,"[4.317087,1.704725,3.666262]",
9654,"[4.320837,1.705181,3.686872]",
9655,"[4.31654,1.703052,3.697019]",
9656,"[4.320574,1.702911,3.715657]",
9657,"[4.322406,1.702874,3.725109]",
9658,"[4.324323,1.703613,3.736135]",
9659,"[4.313962,1.704402,3.758876]",
9660,"[4.308654,1.704118,3.770383]",
9661,"[4.298673,1.703691,3.794314]",
9662,"[4.29336,1.704922,3.806558]",
