frame,gazeStartPos,
0,"[3.867138,2.052283,5.04]",
1,"[3.867369,2.05217,5.04]",
2,"[3.867496,2.052028,5.04]",
3,"[3.867604,2.05184,5.04]",
4,"[3.867604,2.05184,5.04]",
5,"[3.867707,2.05162,5.04]",
6,"[3.867707,2.05162,5.04]",
7,"[3.867657,2.051537,5.04]",
8,"[3.86762,2.051486,5.04]",
9,"[3.867591,2.051442,5.04]",
10,"[3.867616,2.051204,5.04]",
11,"[3.867672,2.051003,5.04]",
12,"[3.867876,2.05074,5.04]",
13,"[3.867968,2.050746,5.04]",
14,"[3.868078,2.050765,5.04]",
15,"[3.868383,2.050786,5.04]",
16,"[3.868568,2.050786,5.04]",
17,"[3.868984,2.050752,5.04]",
18,"[3.86911,2.050625,5.04]",
19,"[3.869246,2.050502,5.04]",
20,"[3.86982,2.050016,5.04]",
21,"[3.870203,2.049629,5.04]",
22,"[3.870675,2.048786,5.04]",
23,"[3.871123,2.048089,5.04]",
24,"[3.874745,2.04466,5.04]",
25,"[3.877271,2.041445,5.04]",
26,"[3.880823,2.037244,5.04]",
27,"[3.894432,2.026308,5.04]",
28,"[3.903909,2.020998,5.04]",
29,"[3.920249,2.01239,5.04]",
30,"[3.92583,2.011489,5.04]",
31,"[3.940474,2.008937,5.04]",
32,"[3.945437,2.007466,5.04]",
33,"[3.953549,2.004931,5.04]",
34,"[3.971619,1.997564,5.04]",
35,"[3.979326,1.993794,5.04]",
36,"[4.014986,1.981449,5.039999]",
37,"[4.039237,1.97568,5.039999]",
38,"[4.100616,1.974721,5.039999]",
39,"[4.136125,1.977522,5.039999]",
40,"[4.147243,1.776345,3.983148]",
41,"[4.180278,1.775298,3.983146]",
42,"[4.213748,1.771263,3.983137]",
43,"[4.275969,1.766495,3.983127]",
44,"[4.311621,1.763859,3.983122]",
45,"[4.364449,1.756422,3.983106]",
46,"[4.387787,1.750806,3.983094]",
47,"[4.415804,1.740814,3.983073]",
48,"[4.454079,1.73108,3.983053]",
49,"[4.457697,1.727032,3.983045]",
50,"[4.47093,1.715873,3.983021]",
51,"[4.479303,1.709696,3.983008]",
52,"[4.48501,1.698555,3.982985]",
53,"[4.506142,1.688875,3.982965]",
54,"[4.577197,1.670495,3.982926]",
55,"[4.730222,1.654707,3.982893]",
56,"[4.863928,1.644818,3.982872]",
57,"[5.949999,1.659584,3.995723]",
58,"[5.95,1.659133,3.951567]",
59,"[5.949999,1.658907,3.876137]",
60,"[5.95,1.658736,3.876762]",
61,"[5.95,1.658445,3.87672]",
62,"[5.95,1.662571,3.90398]",
63,"[5.949999,1.667857,3.973907]",
64,"[5.949999,1.668947,4.005077]",
65,"[5.41157,1.677103,3.98294]",
66,"[5.292666,1.681518,3.982949]",
67,"[4.760086,1.741046,3.983074]",
68,"[4.65649,1.752705,3.983098]",
69,"[4.629976,1.755747,3.983105]",
70,"[4.607585,1.758755,3.983111]",
71,"[4.582758,1.763324,3.983121]",
72,"[4.540984,1.772314,3.98314]",
73,"[4.522194,1.778303,3.983152]",
74,"[4.485215,1.793218,3.983183]",
75,"[4.467648,1.808905,3.983216]",
76,"[4.4548,1.819616,3.983238]",
77,"[4.439372,1.834177,3.983269]",
78,"[4.432031,1.840259,3.983282]",
79,"[4.431473,1.84306,3.983288]",
80,"[4.432452,1.843076,3.983288]",
81,"[4.431678,1.844112,3.98329]",
82,"[4.429616,1.844387,3.98329]",
83,"[4.42696,1.844911,3.983291]",
84,"[4.407566,1.841539,3.983284]",
85,"[4.398944,1.840724,3.983283]",
86,"[4.383881,1.839465,3.98328]",
87,"[4.382864,1.837458,3.983276]",
88,"[4.382999,1.833513,3.983268]",
89,"[4.383755,1.831444,3.983263]",
90,"[4.386655,1.826582,3.983253]",
91,"[4.388315,1.824343,3.983248]",
92,"[4.398155,1.82259,3.983245]",
93,"[4.419957,1.816948,3.983233]",
94,"[4.430319,1.814296,3.983227]",
95,"[4.45092,1.79811,3.983193]",
96,"[4.460583,1.790888,3.983178]",
97,"[4.485214,1.782093,3.98316]",
98,"[4.498596,1.779896,3.983155]",
99,"[4.508956,1.778663,3.983153]",
100,"[4.526898,1.777432,3.98315]",
101,"[4.534761,1.777144,3.98315]",
102,"[4.551235,1.776241,3.983148]",
103,"[4.55844,1.775734,3.983147]",
104,"[4.572131,1.774886,3.983145]",
105,"[4.579473,1.774636,3.983144]",
106,"[4.586091,1.774393,3.983144]",
107,"[4.597971,1.773663,3.983142]",
108,"[4.604089,1.77302,3.983141]",
109,"[4.60475,1.771278,3.983137]",
110,"[4.610909,1.770598,3.983136]",
111,"[4.622201,1.769484,3.983134]",
112,"[4.622391,1.769044,3.983133]",
113,"[4.626772,1.768837,3.983132]",
114,"[4.626531,1.76885,3.983132]",
115,"[4.619011,1.76876,3.983132]",
116,"[4.610614,1.768584,3.983132]",
117,"[4.604796,1.768202,3.983131]",
118,"[4.592924,1.767679,3.98313]",
119,"[4.589492,1.767889,3.98313]",
120,"[4.58482,1.768503,3.983131]",
121,"[4.582995,1.768849,3.983132]",
122,"[4.579856,1.769837,3.983134]",
123,"[4.578515,1.770631,3.983136]",
124,"[4.57722,1.771584,3.983138]",
125,"[4.5751,1.773918,3.983143]",
126,"[4.609732,1.787881,3.983172]",
127,"[4.636765,1.800483,3.983198]",
128,"[4.645316,1.805563,3.983209]",
129,"[4.655505,1.811616,3.983222]",
130,"[4.65979,1.813971,3.983227]",
131,"[4.667804,1.819759,3.983239]",
132,"[4.671985,1.819184,3.983238]",
133,"[4.676011,1.819225,3.983238]",
134,"[4.695054,1.793274,3.983183]",
135,"[4.700527,1.78715,3.983171]",
136,"[4.70842,1.780241,3.983156]",
137,"[4.707043,1.779294,3.983154]",
138,"[4.703772,1.778759,3.983153]",
139,"[4.701812,1.778944,3.983153]",
140,"[4.699998,1.778959,3.983153]",
141,"[4.696217,1.777816,3.983151]",
142,"[4.694289,1.77642,3.983148]",
143,"[4.69,1.772756,3.98314]",
144,"[4.688183,1.770973,3.983137]",
145,"[4.685702,1.768716,3.983132]",
146,"[4.685076,1.768215,3.983131]",
147,"[4.67648,1.768719,3.983132]",
148,"[4.67648,1.768719,3.983132]",
149,"[4.676646,1.768859,3.983132]",
150,"[4.678882,1.768793,3.983132]",
151,"[4.690618,1.76688,3.983128]",
152,"[4.706993,1.764038,3.983122]",
153,"[4.71421,1.762956,3.98312]",
154,"[4.727801,1.759367,3.983112]",
155,"[4.732158,1.757718,3.983109]",
156,"[4.740901,1.753574,3.9831]",
157,"[4.74527,1.751907,3.983097]",
158,"[4.74957,1.749712,3.983092]",
159,"[4.753359,1.746436,3.983085]",
160,"[4.749456,1.744116,3.98308]",
161,"[4.688028,1.725326,3.983041]",
162,"[4.666881,1.719216,3.983028]",
163,"[4.646239,1.714475,3.983018]",
164,"[4.638288,1.714119,3.983017]",
165,"[4.626879,1.714854,3.983019]",
166,"[4.621406,1.715115,3.98302]",
167,"[4.617475,1.715181,3.98302]",
168,"[4.609985,1.714806,3.983019]",
169,"[4.606457,1.714272,3.983018]",
170,"[4.595623,1.712331,3.983014]",
171,"[4.590869,1.710927,3.983011]",
172,"[4.584386,1.7076,3.983004]",
173,"[4.582317,1.706097,3.983001]",
174,"[4.662229,1.700558,3.982989]",
175,"[4.713505,1.698018,3.982984]",
176,"[4.72979,1.697751,3.982983]",
177,"[4.750099,1.698263,3.982984]",
178,"[4.7589,1.698397,3.982985]",
179,"[4.774509,1.697768,3.982983]",
180,"[4.785709,1.697726,3.982983]",
181,"[4.807363,1.698717,3.982985]",
182,"[4.816747,1.699188,3.982986]",
183,"[4.825344,1.6995,3.982987]",
184,"[4.838016,1.70028,3.982989]",
185,"[4.838512,1.700814,3.98299]",
186,"[4.845325,1.702,3.982992]",
187,"[4.845875,1.702533,3.982993]",
188,"[4.846293,1.703126,3.982995]",
189,"[4.846203,1.703173,3.982995]",
190,"[4.846194,1.703146,3.982995]",
191,"[4.836766,1.702721,3.982994]",
192,"[4.831207,1.702966,3.982994]",
193,"[4.821552,1.703655,3.982996]",
194,"[4.817119,1.704236,3.982997]",
195,"[4.809766,1.705558,3.983]",
196,"[4.806149,1.706271,3.983001]",
197,"[4.800776,1.707279,3.983003]",
198,"[4.798583,1.707624,3.983004]",
199,"[4.796429,1.707719,3.983004]",
200,"[4.79378,1.707901,3.983005]",
201,"[4.792472,1.708117,3.983005]",
202,"[4.78999,1.708264,3.983005]",
203,"[4.788789,1.708248,3.983005]",
204,"[4.787585,1.70821,3.983005]",
205,"[4.78716,1.708193,3.983005]",
206,"[4.786743,1.708189,3.983005]",
207,"[4.786425,1.708032,3.983005]",
208,"[4.786364,1.707905,3.983005]",
209,"[4.899218,1.710722,3.98301]",
210,"[4.920273,1.711317,3.983012]",
211,"[4.944852,1.712449,3.983014]",
212,"[4.954809,1.712879,3.983015]",
213,"[4.968298,1.71306,3.983015]",
214,"[4.975295,1.712921,3.983015]",
215,"[4.98186,1.712203,3.983014]",
216,"[4.996367,1.709968,3.983009]",
217,"[5.003354,1.708659,3.983006]",
218,"[5.019058,1.705672,3.983]",
219,"[5.027284,1.704284,3.982997]",
220,"[5.129292,1.706349,3.983001]",
221,"[5.171485,1.70788,3.983005]",
222,"[5.213531,1.709413,3.983008]",
223,"[5.220583,1.709717,3.983008]",
224,"[5.227584,1.710001,3.983009]",
225,"[5.234092,1.710328,3.98301]",
226,"[5.234095,1.710362,3.98301]",
227,"[5.234961,1.710325,3.98301]",
228,"[5.233984,1.71045,3.98301]",
229,"[5.231396,1.710558,3.98301]",
230,"[5.196686,1.711346,3.983012]",
231,"[5.098049,1.711456,3.983012]",
232,"[5.068008,1.711262,3.983011]",
233,"[5.049571,1.711459,3.983012]",
234,"[5.026628,1.711993,3.983013]",
235,"[5.018378,1.712448,3.983014]",
236,"[5.007821,1.713391,3.983016]",
237,"[5.003614,1.713845,3.983017]",
238,"[4.998011,1.714701,3.983019]",
239,"[4.995581,1.71508,3.98302]",
240,"[4.993618,1.715342,3.98302]",
241,"[4.975803,1.715997,3.983021]",
242,"[4.970745,1.716347,3.983022]",
243,"[4.965962,1.717089,3.983024]",
244,"[4.964928,1.717372,3.983024]",
245,"[4.964262,1.717649,3.983025]",
246,"[4.964631,1.717649,3.983025]",
247,"[4.965625,1.717827,3.983025]",
248,"[4.966054,1.717629,3.983025]",
249,"[4.967025,1.717304,3.983024]",
250,"[4.971612,1.716358,3.983022]",
251,"[4.975816,1.715902,3.983021]",
252,"[5.001515,1.715103,3.98302]",
253,"[5.190799,1.719709,3.983029]",
254,"[5.283875,1.722597,3.983035]",
255,"[5.313245,1.723079,3.983036]",
256,"[5.342588,1.723305,3.983037]",
257,"[5.383188,1.723756,3.983038]",
258,"[5.392738,1.724027,3.983038]",
259,"[5.430784,1.725853,3.983042]",
260,"[5.440769,1.726379,3.983043]",
261,"[5.493868,1.729237,3.983049]",
262,"[5.527808,1.73139,3.983054]",
263,"[5.56444,1.733861,3.951303]",
264,"[5.95,1.769027,4.179617]",
265,"[5.95,1.765363,4.096241]",
266,"[5.949999,1.758229,3.96698]",
267,"[5.949999,1.749807,3.868708]",
268,"[5.95,1.708775,3.337032]",
269,"[5.95,1.707691,3.26276]",
270,"[5.576336,1.695774,2.855347]",
271,"[5.565103,1.696199,2.803715]",
272,"[5.95,1.796126,2.557234]",
273,"[5.95,1.831144,2.30737]",
274,"[5.903188,1.830737,2.25948]",
275,"[5.864017,1.830737,2.176618]",
276,"[5.862488,1.830736,2.133337]",
277,"[5.779747,1.800622,2.112615]",
278,"[5.728897,1.787278,2.110839]",
279,"[5.726435,1.769186,2.110754]",
280,"[5.763308,1.75921,2.112041]",
281,"[5.843993,1.744387,2.114859]",
282,"[5.869078,1.739062,2.115735]",
283,"[5.877291,1.734967,2.116022]",
284,"[5.95,1.73044,2.106145]",
285,"[5.95,1.725448,2.131435]",
286,"[5.95,1.720646,2.14135]",
287,"[5.95,1.719407,2.157055]",
288,"[5.95,1.712905,2.229686]",
289,"[5.95,1.710763,2.239597]",
290,"[5.95,1.677909,2.318655]",
291,"[5.95,1.66312,2.349871]",
292,"[5.95,1.650779,2.396304]",
293,"[5.586017,1.631487,2.552412]",
294,"[5.629121,1.630249,2.553917]",
295,"[5.552563,1.625917,2.594713]",
296,"[5.53719,1.623679,2.60932]",
297,"[5.537603,1.622495,2.633723]",
298,"[5.537703,1.62221,2.638903]",
299,"[5.537459,1.622909,2.646303]",
300,"[5.537504,1.62278,2.655011]",
301,"[5.537782,1.621984,2.658371]",
302,"[5.538145,1.620942,2.659183]",
303,"[5.53828,1.620553,2.659222]",
304,"[5.538677,1.619415,2.658926]",
305,"[5.539083,1.618252,2.658553]",
306,"[5.540639,1.613788,2.656112]",
307,"[5.540763,1.613433,2.654951]",
308,"[5.540821,1.613268,2.652923]",
309,"[5.540526,1.614112,2.647382]",
310,"[5.54094,1.612926,2.643691]",
311,"[5.541791,1.610485,2.637491]",
312,"[5.552384,1.580103,2.610133]",
313,"[5.603656,1.528778,2.343373]",
314,"[5.577981,1.526476,2.32583]",
315,"[5.57596,1.519957,2.288952]",
316,"[5.57596,1.516287,2.275697]",
317,"[5.57596,1.514054,2.265718]",
318,"[5.578044,1.509123,2.256603]",
319,"[5.578794,1.505211,2.254659]",
320,"[5.582728,1.496489,2.249594]",
321,"[5.593705,1.489663,2.241461]",
322,"[5.59332,1.472623,2.236745]",
323,"[5.59332,1.459862,2.231422]",
324,"[5.59332,1.444741,2.224643]",
325,"[5.59332,1.384593,2.204781]",
326,"[5.59332,1.35002,2.194062]",
327,"[5.631493,0.940846,2.107438]",
328,"[5.62435,0.9198819,2.107189]",
329,"[5.629088,0.8915813,2.107354]",
330,"[5.637186,0.8791066,2.107637]",
331,"[5.646204,0.8666239,2.107952]",
332,"[5.679991,0.842396,2.109132]",
333,"[5.696524,0.8351747,2.109709]",
334,"[5.731656,0.8219428,2.110936]",
335,"[5.746988,0.8166542,2.111471]",
336,"[5.772462,0.8052673,2.112361]",
337,"[5.784856,0.800613,2.112794]",
338,"[5.825133,0.7896584,2.1142]",
339,"[5.863674,0.7785823,2.115546]",
340,"[5.543178,0.9569616,2.337195]",
341,"[5.537663,0.9690719,2.373479]",
342,"[5.550245,0.9770945,2.403457]",
343,"[5.605185,1.00785,2.553081]",
344,"[5.867912,0.9170085,2.562256]",
345,"[5.95,1.08774,3.010835]",
346,"[5.95,1.121353,3.106303]",
347,"[5.95,1.448828,3.649084]",
348,"[5.949999,1.612661,3.924806]",
349,"[5.949999,1.644212,3.995407]",
350,"[5.95,1.696654,4.115386]",
351,"[5.639361,1.692996,3.957161]",
352,"[5.578864,1.70056,3.937354]",
353,"[5.63613,1.701486,3.957181]",
354,"[5.95,1.69889,4.066843]",
355,"[5.95,1.690409,4.036288]",
356,"[5.95,1.684616,4.020389]",
357,"[5.949999,1.67839,4.012814]",
358,"[5.949999,1.674245,4.009349]",
359,"[5.95,1.656909,4.089876]",
360,"[5.95,1.650739,4.108042]",
361,"[5.95,1.643891,4.122806]",
362,"[5.95,1.638443,4.112397]",
363,"[5.950001,1.614239,4.021271]",
364,"[5.95,1.600813,3.964288]",
365,"[5.95,1.578306,3.859761]",
366,"[5.95,1.542455,3.674386]",
367,"[5.95,1.450397,3.455638]",
368,"[5.556087,1.24656,2.749079]",
369,"[5.556817,1.240789,2.728194]",
370,"[5.950001,1.082827,2.284897]",
371,"[5.950001,1.071645,2.193622]",
372,"[5.674347,1.144917,2.108935]",
373,"[5.705243,1.124761,1.981407]",
374,"[5.624534,1.124697,1.967246]",
375,"[5.624534,1.10654,1.91144]",
376,"[5.624534,1.052157,1.868028]",
377,"[5.624534,1.005431,1.839588]",
378,"[5.624534,0.9866807,1.821884]",
379,"[5.624534,0.9608855,1.822413]",
380,"[5.624534,0.9489135,1.851805]",
381,"[5.624534,0.9354611,1.870208]",
382,"[5.624534,0.92845,1.919338]",
383,"[5.624534,0.9211417,1.941592]",
384,"[5.630628,0.906028,1.981407]",
385,"[5.662726,0.883504,1.981407]",
386,"[5.708585,0.8522242,1.981407]",
387,"[5.57521,0.9191684,2.079755]",
388,"[5.574966,0.9121009,2.084057]",
389,"[5.575007,0.9068478,2.082882]",
390,"[5.575976,0.8846553,2.07739]",
391,"[5.714708,0.788756,1.981407]",
392,"[5.700465,0.7798194,1.981407]",
393,"[5.699245,0.7746789,1.981407]",
394,"[5.695541,0.7712345,1.981407]",
395,"[5.695415,0.7670429,1.981407]",
396,"[5.690585,0.7624534,1.981407]",
397,"[5.694809,0.7540822,1.981407]",
398,"[5.69585,0.7489504,1.981407]",
399,"[5.706584,0.7440875,1.981407]",
400,"[5.7263,0.7385746,1.981407]",
401,"[5.57626,0.8346735,2.076513]",
402,"[5.574726,0.8449994,2.090925]",
403,"[5.574563,0.8492897,2.095601]",
404,"[5.582657,0.8538332,2.105733]",
405,"[5.600944,0.8478462,2.106371]",
406,"[5.626391,0.8378829,2.10726]",
407,"[5.63616,0.8333903,2.107601]",
408,"[5.643317,0.8299267,2.107851]",
409,"[5.653784,0.8231587,2.108217]",
410,"[5.66118,0.8181074,2.108475]",
411,"[5.674534,0.8089651,2.108941]",
412,"[5.682788,0.8033608,2.109229]",
413,"[5.758706,0.7591968,2.111881]",
414,"[5.798639,0.7357721,2.113275]",
415,"[5.862175,0.6971953,2.115494]",
416,"[5.889688,0.679734,2.116455]",
417,"[5.913745,0.6640388,2.117295]",
418,"[5.911591,0.6622186,2.124798]",
419,"[5.907836,0.6622186,2.129888]",
420,"[5.902421,0.6622186,2.136455]",
421,"[5.899442,0.6622186,2.140182]",
422,"[5.893065,0.6622186,2.14832]",
423,"[5.596,0.8424325,2.253343]",
424,"[5.596,0.8415813,2.255593]",
425,"[5.596,0.8399963,2.259756]",
426,"[5.596,0.8392208,2.261769]",
427,"[5.596,0.8379293,2.265269]",
428,"[5.596,0.8371601,2.266953]",
429,"[5.596,0.8369667,2.268573]",
430,"[5.596,0.8367566,2.270152]",
431,"[5.596,0.8347325,2.273806]",
432,"[5.596,0.8330468,2.273836]",
433,"[5.596,0.8313663,2.273859]",
434,"[5.596,0.8240165,2.271339]",
435,"[5.596,0.820847,2.270186]",
436,"[5.596,0.8144324,2.2677]",
437,"[5.596,0.8130996,2.266731]",
438,"[5.596,0.8106031,2.264756]",
439,"[5.596,0.809261,2.263634]",
440,"[5.596,0.8073153,2.261962]",
441,"[5.596,0.8066511,2.261294]",
442,"[5.596,0.8057804,2.261068]",
443,"[5.596,0.8039631,2.260692]",
444,"[5.596,0.8034292,2.260576]",
445,"[5.596,0.8031765,2.259795]",
446,"[5.596,0.803351,2.25928]",
447,"[5.596,0.8038293,2.258756]",
448,"[5.596,0.8058766,2.257832]",
449,"[5.596,0.8083697,2.257711]",
450,"[5.596,0.8124449,2.258323]",
451,"[5.596,0.8200274,2.259871]",
452,"[5.596,0.8367097,2.265116]",
453,"[5.596,0.8460716,2.268493]",
454,"[5.596,0.8582805,2.27489]",
455,"[5.596,0.8638145,2.278539]",
456,"[5.596,0.8773482,2.286853]",
457,"[5.596,0.8859563,2.291867]",
458,"[5.596,0.895564,2.29794]",
459,"[5.596,0.8976756,2.299961]",
460,"[5.596,0.9008614,2.302732]",
461,"[5.642706,0.8839145,2.29968]",
462,"[5.68773,0.8658216,2.295038]",
463,"[5.544107,0.9532115,2.331782]",
464,"[5.543393,0.9573361,2.335427]",
465,"[5.542728,0.9616779,2.338619]",
466,"[5.543332,0.9698064,2.344117]",
467,"[5.673861,1.547665,2.555479]",
468,"[5.608052,1.557865,2.563554]",
469,"[5.589791,1.569013,2.57196]",
470,"[5.575337,1.579919,2.579837]",
471,"[5.578918,1.578791,2.577179]",
472,"[5.579148,1.579468,2.576969]",
473,"[5.578611,1.580567,2.577319]",
474,"[5.575563,1.579487,2.579688]",
475,"[5.562104,1.552225,2.635658]",
476,"[5.564842,1.544374,2.656758]",
477,"[5.568497,1.533892,2.682062]",
478,"[5.569098,1.532169,2.690845]",
479,"[5.570485,1.528189,2.694732]",
480,"[5.570923,1.526935,2.695184]",
481,"[5.570489,1.528177,2.698401]",
482,"[5.566135,1.540665,2.695227]",
483,"[5.545073,1.601074,2.68431]",
484,"[5.53763,1.62242,2.681174]",
485,"[5.529849,1.647964,2.670999]",
486,"[5.528483,1.657082,2.6687]",
487,"[5.528086,1.659963,2.666314]",
488,"[5.527603,1.665281,2.662501]",
489,"[5.527407,1.667871,2.660956]",
490,"[5.527274,1.672248,2.659409]",
491,"[5.528427,1.675249,2.662103]",
492,"[5.528335,1.675509,2.661339]",
493,"[5.528212,1.675682,2.660513]",
494,"[5.528187,1.675706,2.660361]",
495,"[5.528037,1.674843,2.660523]",
496,"[5.527926,1.674022,2.660846]",
497,"[5.528226,1.671841,2.664784]",
498,"[5.528929,1.671895,2.66837]",
499,"[5.528267,1.669093,2.667747]",
500,"[5.528194,1.667463,2.667168]",
501,"[5.528159,1.66655,2.666891]",
502,"[5.527893,1.664498,2.664794]",
503,"[5.527813,1.663854,2.664162]",
504,"[5.527719,1.662319,2.663421]",
505,"[5.529712,1.656138,2.679144]",
506,"[5.530941,1.653139,2.688737]",
507,"[5.532549,1.650081,2.701536]",
508,"[5.533953,1.647694,2.712616]",
509,"[5.534408,1.647066,2.716201]",
510,"[5.534738,1.646484,2.718812]",
511,"[5.535427,1.646261,2.724244]",
512,"[5.535715,1.646691,2.726516]",
513,"[5.536331,1.647484,2.731378]",
514,"[5.536668,1.647609,2.734045]",
515,"[5.536471,1.641187,2.73237]",
516,"[5.536415,1.636649,2.7297]",
517,"[5.536416,1.633865,2.728384]",
518,"[5.537761,1.646465,2.741934]",
519,"[5.541759,1.655724,2.751069]",
520,"[5.548279,1.670127,2.764366]",
521,"[5.550328,1.675233,2.767827]",
522,"[5.554307,1.684109,2.773988]",
523,"[5.555379,1.686599,2.774889]",
524,"[5.556234,1.688477,2.775777]",
525,"[5.5573,1.690661,2.777138]",
526,"[5.557713,1.691434,2.77778]",
527,"[5.558381,1.692145,2.779678]",
528,"[5.558821,1.692505,2.781102]",
529,"[5.560835,1.692387,2.790426]",
530,"[5.56163,1.692368,2.79406]",
531,"[5.56293,1.692205,2.800216]",
532,"[5.563407,1.69175,2.803106]",
533,"[5.563904,1.690267,2.80772]",
534,"[5.564078,1.689463,2.809787]",
535,"[5.564194,1.68878,2.811401]",
536,"[5.564457,1.687901,2.813997]",
537,"[5.564571,1.687528,2.815107]",
538,"[5.564824,1.687117,2.816906]",
539,"[5.565019,1.68711,2.817802]",
540,"[5.565495,1.68748,2.819371]",
541,"[5.565703,1.687749,2.819889]",
542,"[5.565897,1.688034,2.820313]",
543,"[5.566365,1.688852,2.821136]",
544,"[5.566772,1.689669,2.821677]",
545,"[5.568183,1.693476,2.822023]",
546,"[5.569503,1.697254,2.821998]",
547,"[5.95,1.745262,2.854582]",
548,"[5.95,1.752425,2.854204]",
549,"[5.665737,1.961263,2.81172]",
550,"[5.68409,1.991865,2.81172]",
551,"[5.69141,2.010543,2.81172]",
552,"[5.690326,2.033592,2.81172]",
553,"[5.68495,2.040742,2.81172]",
554,"[5.677505,2.044494,2.81172]",
555,"[5.672545,2.044299,2.81172]",
556,"[5.665092,2.044152,2.81172]",
557,"[5.661861,2.044646,2.81172]",
558,"[5.658428,2.045104,2.81172]",
559,"[5.654141,2.044845,2.81172]",
560,"[5.653569,2.044935,2.81172]",
561,"[5.65169,2.045516,2.81172]",
562,"[5.653184,2.046166,2.81172]",
563,"[5.655856,2.047205,2.81172]",
564,"[5.656987,2.047809,2.81172]",
565,"[5.65626,2.048588,2.81172]",
566,"[5.654548,2.048786,2.81172]",
567,"[5.616,2.038599,2.816031]",
568,"[5.616,2.051442,2.841711]",
569,"[5.616,2.056776,2.85284]",
570,"[5.616,2.064138,2.866562]",
571,"[5.616,2.067286,2.871712]",
572,"[5.616,2.068659,2.875409]",
573,"[5.616,2.070492,2.879972]",
574,"[5.616,2.071323,2.882674]",
575,"[5.616,2.072389,2.886122]",
576,"[5.616,2.072798,2.887466]",
577,"[5.616,2.073022,2.889174]",
578,"[5.616,2.073206,2.889983]",
579,"[5.616,2.073024,2.890768]",
580,"[5.616,2.072517,2.891257]",
581,"[5.616,2.072085,2.892196]",
582,"[5.616,2.072072,2.892725]",
583,"[5.616,2.071991,2.893047]",
584,"[5.616,2.071924,2.893424]",
585,"[5.616,2.071905,2.893482]",
586,"[5.616,2.071922,2.893605]",
587,"[5.616,2.071854,2.893587]",
588,"[5.616,2.057545,2.863563]",
589,"[5.616,2.050425,2.847837]",
590,"[5.616,2.046168,2.837919]",
591,"[5.608872,1.990503,2.739101]",
592,"[5.608872,1.981975,2.72475]",
593,"[5.608872,1.971648,2.710224]",
594,"[5.608872,1.968711,2.705681]",
595,"[5.608872,1.964665,2.698786]",
596,"[5.608872,1.963234,2.695956]",
597,"[5.608872,1.962054,2.692306]",
598,"[5.608872,1.961718,2.690602]",
599,"[5.608872,1.961687,2.690001]",
600,"[5.608872,1.961861,2.689205]",
601,"[5.608872,1.962072,2.68889]",
602,"[5.608872,2.028493,2.722729]",
603,"[5.608872,2.039456,2.727739]",
604,"[5.608872,2.063941,2.737888]",
605,"[5.608872,2.071625,2.740973]",
606,"[5.608872,2.077218,2.743067]",
607,"[5.608872,2.08411,2.74633]",
608,"[5.862098,2.198192,2.757232]",
609,"[5.862098,2.20242,2.758677]",
610,"[5.862098,2.204241,2.75912]",
611,"[5.862098,2.206826,2.760475]",
612,"[5.862098,2.20788,2.761438]",
613,"[5.862098,2.210107,2.763731]",
614,"[5.862098,2.211343,2.764976]",
615,"[5.862098,2.212947,2.766476]",
616,"[5.862098,2.213234,2.766951]",
617,"[5.862098,2.213453,2.767285]",
618,"[5.862098,2.184983,2.767836]",
619,"[5.862098,2.176191,2.768055]",
620,"[5.862098,2.165968,2.769455]",
621,"[5.862098,2.169731,2.770019]",
622,"[5.862098,2.176749,2.771062]",
623,"[5.862098,2.181003,2.77159]",
624,"[5.862098,2.184872,2.772114]",
625,"[5.862098,2.191393,2.769953]",
626,"[5.862098,2.19401,2.769203]",
627,"[5.862098,2.196427,2.768199]",
628,"[5.862098,2.197228,2.768026]",
629,"[5.862098,2.19845,2.767684]",
630,"[5.862098,2.198654,2.767679]",
631,"[5.862098,2.198752,2.767676]",
632,"[5.862098,2.198828,2.767622]",
633,"[5.862098,2.198849,2.767566]",
634,"[5.862098,2.198303,2.767623]",
635,"[5.862098,2.197691,2.767684]",
636,"[5.862098,2.196554,2.767754]",
637,"[5.862098,2.195926,2.768001]",
638,"[5.862098,2.195201,2.76834]",
639,"[5.862098,2.194782,2.768498]",
640,"[5.862098,2.194272,2.768643]",
641,"[5.862098,2.192945,2.768508]",
642,"[5.862098,2.192274,2.768327]",
643,"[5.862098,2.190835,2.767934]",
644,"[5.862098,2.190041,2.767738]",
645,"[5.862098,2.188781,2.767434]",
646,"[5.862098,2.188203,2.767279]",
647,"[5.862098,2.186975,2.766971]",
648,"[5.862098,2.184545,2.766849]",
649,"[5.862098,2.182493,2.766715]",
650,"[5.862098,2.171945,2.766349]",
651,"[5.862098,2.168053,2.76646]",
652,"[5.862098,2.161139,2.766674]",
653,"[5.862098,2.157892,2.766771]",
654,"[5.862098,2.152867,2.766883]",
655,"[5.862098,2.150615,2.767055]",
656,"[5.862098,2.147081,2.767827]",
657,"[5.862098,2.145425,2.768504]",
658,"[5.862098,2.14383,2.769083]",
659,"[5.862098,2.141171,2.769804]",
660,"[5.862098,2.14033,2.76996]",
661,"[5.862098,2.138816,2.769821]",
662,"[5.862098,2.138156,2.769545]",
663,"[5.862098,2.1372,2.769114]",
664,"[5.862098,2.13687,2.768955]",
665,"[5.862098,2.136583,2.768839]",
666,"[5.862098,2.1365,2.768788]",
667,"[5.862098,2.136465,2.768809]",
668,"[5.862098,2.136465,2.768809]",
669,"[5.582884,2.027126,2.754037]",
670,"[5.51929,2.002138,2.750648]",
671,"[5.228799,1.888347,2.735257]",
672,"[5.228799,1.888347,2.735257]",
673,"[5.22671,1.887496,2.735157]",
674,"[5.226167,1.887244,2.735164]",
675,"[5.226795,1.887358,2.735287]",
676,"[5.227267,1.887476,2.735372]",
677,"[5.227178,1.88725,2.735465]",
678,"[5.225871,1.886326,2.735564]",
679,"[5.225648,1.886058,2.735629]",
680,"[5.225608,1.885886,2.735675]",
681,"[5.225353,1.885566,2.735772]",
682,"[5.224981,1.885384,2.735772]",
683,"[5.224489,1.885044,2.735851]",
684,"[5.224328,1.884886,2.73592]",
685,"[5.223923,1.884716,2.735924]",
686,"[5.223847,1.884678,2.735936]",
687,"[5.223813,1.884645,2.735976]",
688,"[5.223785,1.884599,2.736082]",
689,"[5.223753,1.884569,2.736164]",
690,"[5.223626,1.884467,2.73633]",
691,"[5.223579,1.884404,2.736438]",
692,"[5.223686,1.883953,2.736842]",
693,"[5.223752,1.883709,2.737132]",
694,"[5.223918,1.883488,2.737455]",
695,"[5.224254,1.882837,2.738008]",
696,"[5.22437,1.882411,2.738175]",
697,"[5.224157,1.880443,2.738525]",
698,"[5.223157,1.879385,2.738618]",
699,"[5.221386,1.877569,2.738733]",
700,"[5.216118,1.884812,2.740107]",
701,"[5.231675,1.89656,2.742002]",
702,"[5.461102,1.998464,2.759216]",
703,"[5.578562,2.050004,2.76781]",
704,"[5.862098,2.171045,2.788032]",
705,"[5.862098,2.171116,2.788259]",
706,"[5.862098,2.170815,2.788626]",
707,"[5.862098,2.167663,2.789555]",
708,"[5.862098,2.148559,2.796614]",
709,"[5.862098,2.136756,2.802153]",
710,"[5.862098,2.119747,2.81116]",
711,"[5.692149,2.029758,2.81172]",
712,"[5.617576,1.985763,2.81172]",
713,"[5.616,1.954284,2.824651]",
714,"[5.616,1.93977,2.831728]",
715,"[5.616,1.915447,2.846323]",
716,"[5.616,1.904785,2.853345]",
717,"[5.616,1.881556,2.867788]",
718,"[5.552089,1.856663,2.863582]",
719,"[5.551837,1.845932,2.870794]",
720,"[5.598451,1.830736,2.895408]",
721,"[5.668952,1.830736,2.917715]",
722,"[5.848923,1.830736,2.968888]",
723,"[5.837092,1.812923,2.975118]",
724,"[5.813638,1.79265,2.974299]",
725,"[5.785284,1.77537,2.973309]",
726,"[5.752036,1.756287,2.972148]",
727,"[5.673929,1.724481,2.96942]",
728,"[5.641427,1.712192,2.968286]",
729,"[5.34814,1.640427,3.012178]",
730,"[5.361063,1.631423,3.026662]",
731,"[5.343462,1.624855,3.024947]",
732,"[5.33982,1.618426,3.025354]",
733,"[5.348588,1.611802,3.029641]",
734,"[5.347958,1.609322,3.028608]",
735,"[5.346483,1.607206,3.026954]",
736,"[5.33641,1.603865,3.020479]",
737,"[5.330347,1.602139,3.015606]",
738,"[5.317949,1.598866,3.004294]",
739,"[5.310806,1.59744,2.998006]",
740,"[5.290848,1.59542,2.983429]",
741,"[5.280849,1.594691,2.976701]",
742,"[5.270854,1.593546,2.969603]",
743,"[5.251786,1.590335,2.95798]",
744,"[5.243915,1.588382,2.953328]",
745,"[5.163809,1.515614,2.938088]",
746,"[5.165321,1.503831,2.941134]",
747,"[5.166569,1.492829,2.944324]",
748,"[5.167098,1.489167,2.945417]",
749,"[5.16742,1.484392,2.94785]",
750,"[5.167414,1.482702,2.948921]",
751,"[5.167212,1.481244,2.949923]",
752,"[5.167212,1.480178,2.950048]",
753,"[5.167253,1.479899,2.95024]",
754,"[5.167449,1.479868,2.950395]",
755,"[5.17045,1.489383,2.940464]",
756,"[5.17189,1.497521,2.932256]",
757,"[5.164932,1.558429,2.913012]",
758,"[5.178259,1.574712,2.912598]",
759,"[5.189776,1.578411,2.915161]",
760,"[5.196141,1.580472,2.916628]",
761,"[5.204998,1.583183,2.919398]",
762,"[5.208015,1.584041,2.920494]",
763,"[5.211861,1.585145,2.922154]",
764,"[5.212797,1.585443,2.92268]",
765,"[5.206578,1.583316,2.923883]",
766,"[5.201265,1.581555,2.924441]",
767,"[5.165607,1.547794,2.918014]",
768,"[5.168541,1.528245,2.922703]",
769,"[5.169626,1.521958,2.924094]",
770,"[5.170816,1.515964,2.925459]",
771,"[5.171594,1.513256,2.925642]",
772,"[5.17254,1.509963,2.925737]",
773,"[5.172982,1.50842,2.925754]",
774,"[5.173586,1.507012,2.925534]",
775,"[5.173857,1.506285,2.925505]",
776,"[5.174107,1.50569,2.925453]",
777,"[5.174668,1.504442,2.925155]",
778,"[5.174894,1.503891,2.924971]",
779,"[5.175373,1.502654,2.924664]",
780,"[5.175679,1.50197,2.924474]",
781,"[5.176212,1.500864,2.924108]",
782,"[5.176401,1.500492,2.923937]",
783,"[5.176583,1.500118,2.923771]",
784,"[5.176819,1.49955,2.923556]",
785,"[5.176767,1.499219,2.923783]",
786,"[5.164586,1.483264,2.951198]",
787,"[5.160374,1.477696,2.960685]",
788,"[5.155305,1.470967,2.972052]",
789,"[5.95,1.262929,3.367037]",
790,"[5.622687,1.344728,3.210501]",
791,"[5.622687,1.344728,3.210501]",
792,"[5.146834,1.467137,2.977391]",
793,"[5.602897,1.344728,3.20732]",
794,"[5.597548,1.344728,3.206093]",
795,"[5.592843,1.344728,3.20495]",
796,"[5.582661,1.344728,3.202065]",
797,"[5.576854,1.344728,3.200287]",
798,"[5.576854,1.344728,3.200287]",
799,"[5.574244,1.344728,3.199533]",
800,"[5.57228,1.344728,3.199033]",
801,"[5.571557,1.344728,3.19889]",
802,"[5.571796,1.344728,3.199442]",
803,"[5.572389,1.344728,3.200084]",
804,"[5.575586,1.344728,3.202484]",
805,"[5.580388,1.344728,3.205292]",
806,"[5.596772,1.344728,3.214325]",
807,"[5.606746,1.344728,3.219915]",
808,"[5.622193,1.344728,3.228942]",
809,"[5.95,1.261064,3.397961]",
810,"[5.95,1.261673,3.398046]",
811,"[5.148867,1.468855,2.986259]",
812,"[5.14514,1.469419,2.984725]",
813,"[5.133272,1.470442,2.980808]",
814,"[5.127136,1.470809,2.978934]",
815,"[5.116552,1.471439,2.975799]",
816,"[5.112486,1.471667,2.974577]",
817,"[5.111251,1.470833,2.973916]",
818,"[5.111417,1.470219,2.973735]",
819,"[5.111634,1.469703,2.973586]",
820,"[5.95,1.267315,3.28284]",
821,"[5.95,1.273954,3.252892]",
822,"[5.597899,1.49382,2.847088]",
823,"[5.598052,1.497681,2.838481]",
824,"[5.57767,1.507583,2.815398]",
825,"[5.576696,1.510375,2.80856]",
826,"[5.57595,1.512517,2.803547]",
827,"[5.575596,1.513532,2.800179]",
828,"[5.575508,1.513785,2.799523]",
829,"[5.575466,1.513903,2.799725]",
830,"[5.577317,1.508595,2.849371]",
831,"[5.578835,1.504241,2.880901]",
832,"[5.080739,1.534386,2.936524]",
833,"[5.062962,1.535279,2.932149]",
834,"[5.052514,1.535305,2.929452]",
835,"[5.041042,1.535567,2.925675]",
836,"[5.022476,1.535649,2.919647]",
837,"[5.018517,1.535455,2.91825]",
838,"[5.01239,1.534838,2.916004]",
839,"[5.009513,1.534322,2.914843]",
840,"[5.007441,1.533443,2.914169]",
841,"[5.008541,1.530914,2.914193]",
842,"[5.010516,1.52625,2.914889]",
843,"[5.013501,1.524257,2.916342]",
844,"[5.016538,1.521613,2.918078]",
845,"[5.018914,1.517429,2.919855]",
846,"[5.015665,1.516251,2.918469]",
847,"[5.010551,1.514556,2.916546]",
848,"[5.011901,1.512356,2.917944]",
849,"[5.01614,1.509773,2.91987]",
850,"[5.017012,1.505906,2.919822]",
851,"[5.013002,1.504614,2.917674]",
852,"[5.005836,1.500276,2.914976]",
853,"[5.008153,1.49559,2.917305]",
854,"[4.938682,1.433348,2.91347]",
855,"[4.92769,1.413242,2.911321]",
856,"[4.921968,1.399119,2.911163]",
857,"[4.922537,1.393068,2.911815]",
858,"[4.921379,1.3842,2.911754]",
859,"[4.920033,1.381511,2.91122]",
860,"[4.921112,1.377447,2.909849]",
861,"[4.922307,1.370635,2.90809]",
862,"[4.922192,1.369032,2.907372]",
863,"[4.915444,1.372623,2.902142]",
864,"[4.910579,1.376382,2.898671]",
865,"[4.9039,1.381233,2.894208]",
866,"[4.903111,1.381216,2.89385]",
867,"[4.903277,1.381544,2.893729]",
868,"[4.905068,1.381631,2.893671]",
869,"[4.906491,1.381521,2.893621]",
870,"[4.907728,1.381523,2.893626]",
871,"[4.908236,1.381403,2.893673]",
872,"[4.909213,1.382317,2.893652]",
873,"[4.909317,1.382801,2.893548]",
874,"[4.907315,1.384676,2.892251]",
875,"[4.905639,1.386207,2.89134]",
876,"[4.90071,1.390549,2.889115]",
877,"[4.894928,1.394547,2.886734]",
878,"[4.885398,1.40089,2.882158]",
879,"[4.856518,1.419403,2.865722]",
880,"[4.857668,1.418444,2.867589]",
881,"[4.860075,1.41642,2.872352]",
882,"[4.863461,1.427298,2.925932]",
883,"[4.869611,1.427959,2.946132]",
884,"[4.871609,1.428619,2.953528]",
885,"[4.871853,1.429189,2.955862]",
886,"[4.872321,1.429578,2.959845]",
887,"[4.872985,1.429098,2.961244]",
888,"[4.876314,1.42751,2.964173]",
889,"[4.877737,1.427028,2.964772]",
890,"[4.879941,1.426535,2.964654]",
891,"[4.880912,1.426372,2.96427]",
892,"[4.882218,1.425883,2.963214]",
893,"[4.886655,1.42281,2.963145]",
894,"[4.888692,1.421123,2.963101]",
895,"[4.890034,1.419493,2.960759]",
896,"[4.890025,1.419076,2.958946]",
897,"[4.890127,1.418329,2.956234]",
898,"[4.89101,1.41743,2.955794]",
899,"[4.895226,1.414485,2.957351]",
900,"[4.896474,1.413328,2.957651]",
901,"[4.896063,1.412825,2.956393]",
902,"[4.89555,1.412764,2.955651]",
903,"[4.895904,1.412231,2.955701]",
904,"[4.899221,1.409774,2.958083]",
905,"[4.899151,1.408892,2.958354]",
906,"[4.888358,1.413137,2.95092]",
907,"[4.846625,1.417054,2.955516]",
908,"[4.832036,1.417772,2.955886]",
909,"[4.828555,1.416992,2.957818]",
910,"[4.829323,1.415249,2.9603]",
911,"[4.830425,1.412104,2.964629]",
912,"[4.831022,1.411178,2.965785]",
913,"[4.833028,1.409388,2.967021]",
914,"[4.83402,1.408521,2.96773]",
915,"[4.837305,1.406339,2.967692]",
916,"[4.838559,1.405691,2.966766]",
917,"[4.83938,1.405404,2.961888]",
918,"[4.841142,1.404349,2.958444]",
919,"[4.842859,1.4033,2.956292]",
920,"[4.845715,1.401628,2.954636]",
921,"[4.846702,1.401119,2.954136]",
922,"[4.845498,1.403167,2.949205]",
923,"[4.840994,1.406829,2.94412]",
924,"[4.840106,1.420386,2.940413]",
925,"[4.860183,1.440455,2.957735]",
926,"[4.85659,1.448954,2.954962]",
927,"[4.827695,1.46923,2.931134]",
928,"[4.80474,1.482248,2.912157]",
929,"[4.799127,1.487203,2.906652]",
930,"[4.821395,1.478094,2.924753]",
931,"[4.841725,1.469855,2.941142]",
932,"[4.855713,1.464381,2.950495]",
933,"[4.887791,1.450656,2.970367]",
934,"[4.892559,1.44869,2.969519]",
935,"[4.904199,1.445387,2.964358]",
936,"[4.910546,1.444044,2.960832]",
937,"[4.913273,1.442091,2.951228]",
938,"[4.920999,1.436785,2.938306]",
939,"[4.923548,1.434808,2.933286]",
940,"[4.924489,1.432317,2.923308]",
941,"[4.924241,1.431392,2.918153]",
942,"[4.923172,1.429564,2.912987]",
943,"[4.924975,1.425184,2.909069]",
944,"[4.926147,1.423077,2.908562]",
945,"[4.929496,1.418705,2.908796]",
946,"[4.930696,1.416703,2.908809]",
947,"[4.932857,1.412597,2.910468]",
948,"[4.932876,1.41147,2.910547]",
949,"[4.930554,1.409267,2.909054]",
950,"[4.927958,1.408591,2.907563]",
951,"[4.925593,1.408355,2.906355]",
952,"[4.932504,1.400952,2.909852]",
953,"[4.951044,1.38944,2.919057]",
954,"[4.981859,1.369024,2.93368]",
955,"[4.992589,1.360923,2.937386]",
956,"[5.008968,1.34902,2.943497]",
957,"[5.01018,1.346636,2.942571]",
958,"[5.00411,1.346414,2.937114]",
959,"[4.997285,1.348221,2.932596]",
960,"[4.990326,1.350344,2.92803]",
961,"[4.977221,1.354727,2.919365]",
962,"[4.970672,1.356354,2.9147]",
963,"[4.947876,1.366201,2.898489]",
964,"[4.923529,1.37924,2.885229]",
965,"[4.916626,1.379905,2.877069]",
966,"[4.918144,1.376678,2.874259]",
967,"[4.917947,1.375084,2.871709]",
968,"[4.910233,1.377344,2.865642]",
969,"[4.900772,1.381078,2.858836]",
970,"[4.899404,1.380151,2.855669]",
971,"[4.884423,1.387381,2.845639]",
972,"[5.592829,0.8773081,2.966588]",
973,"[5.67768,0.8122193,2.969552]",
974,"[5.870883,0.6622183,2.976213]",
975,"[5.869297,0.6622184,2.975265]",
976,"[5.86819,0.6622182,2.974511]",
977,"[5.749924,0.7519222,2.972075]",
978,"[5.705588,0.7861,2.970526]",
979,"[5.531502,0.9218794,2.969768]",
980,"[5.530816,0.9264773,2.986697]",
981,"[5.95,0.6382743,3.126626]",
982,"[5.698654,0.8162262,3.079326]",
983,"[5.655103,0.8485389,3.081684]",
984,"[5.63273,0.8710308,3.112421]",
985,"[5.63076,0.8742167,3.136026]",
986,"[5.202035,1.170788,2.985436]",
987,"[5.152916,1.205418,2.975241]",
988,"[5.143628,1.21252,2.985406]",
989,"[5.143483,1.212551,2.990981]",
990,"[5.118159,1.228774,2.988635]",
991,"[5.099473,1.240864,2.983431]",
992,"[5.078504,1.254424,2.976168]",
993,"[5.0564,1.267719,2.971175]",
994,"[5.054001,1.268088,2.973688]",
995,"[5.05045,1.268284,2.978351]",
996,"[5.044616,1.271473,2.977424]",
997,"[5.031044,1.279647,2.973968]",
998,"[5.024672,1.283621,2.972736]",
999,"[5.019365,1.286367,2.973103]",
1000,"[5.020284,1.285332,2.975191]",
1001,"[5.022505,1.283414,2.977858]",
1002,"[5.021538,1.282712,2.979276]",
1003,"[5.019287,1.283865,2.978859]",
1004,"[5.016662,1.285545,2.977727]",
1005,"[5.015308,1.286529,2.976959]",
1006,"[5.006082,1.293228,2.971419]",
1007,"[4.99586,1.300719,2.965138]",
1008,"[4.990814,1.30481,2.961692]",
1009,"[4.998498,1.306504,2.960349]",
1010,"[5.006544,1.306788,2.960743]",
1011,"[5.129037,1.288552,2.978183]",
1012,"[5.248963,1.272648,2.998259]",
1013,"[5.605731,1.479776,2.913852]",
1014,"[5.574123,1.517756,2.884263]",
1015,"[5.95,1.809791,2.736807]",
1016,"[5.95,1.832008,2.720826]",
1017,"[5.95,2.29826,2.600907]",
1018,"[5.650844,2.184341,2.554676]",
1019,"[5.559029,2.15128,2.540439]",
1020,"[5.95,2.42438,2.403877]",
1021,"[5.95,2.440132,2.381331]",
1022,"[5.95,2.410679,2.385739]",
1023,"[5.95,2.405997,2.383444]",
1024,"[5.588642,2.150721,2.492813]",
1025,"[5.604623,2.130745,2.510329]",
1026,"[5.559644,2.098768,2.525746]",
1027,"[5.559877,2.068386,2.549874]",
1028,"[5.562591,2.066657,2.551594]",
1029,"[5.634974,2.08669,2.554121]",
1030,"[5.717249,2.108007,2.556994]",
1031,"[5.769763,2.122521,2.558828]",
1032,"[5.795607,2.128266,2.559731]",
1033,"[5.812744,2.133724,2.560329]",
1034,"[5.815474,2.135852,2.560424]",
1035,"[5.834155,2.168066,2.561077]",
1036,"[5.821415,2.19576,2.560632]",
1037,"[5.803074,2.201287,2.559991]",
1038,"[5.772275,2.201904,2.558916]",
1039,"[5.760451,2.199862,2.558503]",
1040,"[5.742949,2.199386,2.557892]",
1041,"[5.738229,2.200521,2.557727]",
1042,"[5.741285,2.201811,2.557834]",
1043,"[5.743178,2.202602,2.5579]",
1044,"[5.741583,2.202033,2.557844]",
1045,"[5.722809,2.19358,2.557189]",
1046,"[5.705666,2.185383,2.55659]",
1047,"[5.665264,2.164716,2.555179]",
1048,"[5.64252,2.152503,2.554385]",
1049,"[5.576074,2.117046,2.552064]",
1050,"[5.58354,2.015095,2.375959]",
1051,"[5.582881,2.007135,2.360878]",
1052,"[5.581748,1.991407,2.334928]",
1053,"[5.581334,1.986781,2.325429]",
1054,"[5.580873,1.977723,2.314874]",
1055,"[5.580733,1.973951,2.311677]",
1056,"[5.580428,1.967444,2.30469]",
1057,"[5.580348,1.964917,2.302844]",
1058,"[5.580244,1.962533,2.300476]",
1059,"[5.580093,1.957694,2.297009]",
1060,"[5.580065,1.955935,2.296372]",
1061,"[5.579989,1.952779,2.294634]",
1062,"[5.579947,1.951442,2.293672]",
1063,"[5.579863,1.949206,2.291742]",
1064,"[5.579821,1.948453,2.290772]",
1065,"[5.579766,1.94774,2.289521]",
1066,"[5.579751,1.94751,2.289197]",
1067,"[5.579767,1.947196,2.289537]",
1068,"[5.579767,1.946136,2.289542]",
1069,"[5.579751,1.945175,2.28917]",
1070,"[5.579762,1.94375,2.289447]",
1071,"[5.579817,1.942499,2.290698]",
1072,"[5.579854,1.941454,2.291538]",
1073,"[5.579884,1.940412,2.292223]",
1074,"[5.579904,1.939658,2.292692]",
1075,"[5.579951,1.93917,2.293765]",
1076,"[5.580027,1.938209,2.295504]",
1077,"[5.580055,1.937683,2.296154]",
1078,"[5.580073,1.937148,2.296569]",
1079,"[5.580125,1.935627,2.29775]",
1080,"[5.580133,1.934876,2.297937]",
1081,"[5.580119,1.933291,2.297615]",
1082,"[5.579977,1.935809,2.29435]",
1083,"[5.579667,1.939915,2.287243]",
1084,"[5.579493,1.94192,2.283271]",
1085,"[5.579351,1.94407,2.280029]",
1086,"[5.579113,1.947433,2.274579]",
1087,"[5.579073,1.948285,2.273647]",
1088,"[5.580357,1.938263,2.303059]",
1089,"[5.581087,1.932133,2.31978]",
1090,"[5.583349,1.920721,2.371578]",
1091,"[5.584152,1.917494,2.389976]",
1092,"[5.584796,1.914637,2.404725]",
1093,"[5.585821,1.911388,2.428199]",
1094,"[5.586251,1.910231,2.438066]",
1095,"[5.587067,1.907292,2.456748]",
1096,"[5.587498,1.906105,2.466612]",
1097,"[5.587886,1.90535,2.475512]",
1098,"[5.588165,1.905729,2.481884]",
1099,"[5.588418,1.907025,2.487682]",
1100,"[5.588511,1.908021,2.489808]",
1101,"[5.588615,1.909626,2.492206]",
1102,"[5.58858,1.912337,2.491393]",
1103,"[5.588559,1.914997,2.490909]",
1104,"[5.588356,1.923484,2.486258]",
1105,"[5.588175,1.927313,2.482116]",
1106,"[5.587979,1.933919,2.477633]",
1107,"[5.587888,1.935107,2.475552]",
1108,"[5.587832,1.937433,2.474278]",
1109,"[5.587841,1.939044,2.474464]",
1110,"[5.561287,1.949077,2.521895]",
1111,"[5.95,2.075107,2.571401]",
1112,"[5.864986,2.072185,2.653474]",
1113,"[5.862098,2.084243,2.711046]",
1114,"[5.862098,2.087131,2.72607]",
1115,"[5.608872,2.006815,2.704687]",
1116,"[5.608872,2.006815,2.704687]",
1117,"[5.608872,2.004942,2.708082]",
1118,"[5.608872,2.00346,2.708603]",
1119,"[5.608872,2.00346,2.708603]",
1120,"[5.608872,2.000722,2.709228]",
1121,"[5.608872,1.996401,2.710175]",
1122,"[5.608872,1.994548,2.710141]",
1123,"[5.608872,1.991696,2.710303]",
1124,"[5.608872,1.990602,2.710454]",
1125,"[5.608872,1.989051,2.709486]",
1126,"[5.608872,1.984696,2.708491]",
1127,"[5.608872,1.982185,2.708453]",
1128,"[5.608872,1.977781,2.709219]",
1129,"[5.608872,1.975587,2.709918]",
1130,"[5.608872,1.975341,2.709814]",
1131,"[5.608872,1.975497,2.709829]",
1132,"[5.608872,1.976107,2.709054]",
1133,"[5.608872,1.976485,2.708674]",
1134,"[5.608872,1.97711,2.708733]",
1135,"[5.608872,1.982914,2.721445]",
1136,"[5.608872,1.985051,2.726085]",
1137,"[5.608872,1.987263,2.730116]",
1138,"[5.608872,1.990722,2.735156]",
1139,"[5.608872,1.992234,2.736829]",
1140,"[5.608872,1.994698,2.739495]",
1141,"[5.608872,1.995645,2.740805]",
1142,"[5.608872,1.996338,2.741742]",
1143,"[5.608872,1.996114,2.742195]",
1144,"[5.608872,1.995691,2.742831]",
1145,"[5.608872,1.9944,2.744348]",
1146,"[5.608872,1.993666,2.744578]",
1147,"[5.608872,1.992023,2.744636]",
1148,"[5.608872,1.991342,2.744821]",
1149,"[5.608872,1.991028,2.745075]",
1150,"[5.608872,1.991131,2.744976]",
1151,"[5.608872,1.991092,2.744898]",
1152,"[5.608872,1.990999,2.744901]",
1153,"[5.608872,1.990856,2.744955]",
1154,"[5.608872,1.99044,2.745267]",
1155,"[5.608872,1.990465,2.746886]",
1156,"[5.862098,2.068796,2.77762]",
1157,"[5.862098,2.068851,2.777455]",
1158,"[5.862098,2.069013,2.777257]",
1159,"[5.862098,2.069114,2.777213]",
1160,"[5.862098,2.069304,2.776924]",
1161,"[5.862098,2.069326,2.776886]",
1162,"[5.862098,2.069484,2.77673]",
1163,"[5.862098,2.069771,2.776448]",
1164,"[5.862098,2.069909,2.776326]",
1165,"[5.862098,2.070284,2.776204]",
1166,"[5.862098,2.070515,2.776188]",
1167,"[5.862098,2.071331,2.7762]",
1168,"[5.862098,2.07193,2.775889]",
1169,"[5.862098,2.073053,2.775595]",
1170,"[5.862098,2.073626,2.775573]",
1171,"[5.862098,2.074277,2.775454]",
1172,"[5.862098,2.075193,2.775444]",
1173,"[5.862098,2.075576,2.775536]",
1174,"[5.862098,2.07631,2.770952]",
1175,"[5.862098,2.076415,2.768929]",
1176,"[5.608872,1.9963,2.745992]",
1177,"[5.608872,1.996199,2.74483]",
1178,"[5.608872,1.995712,2.741449]",
1179,"[5.608872,1.995313,2.739343]",
1180,"[5.608872,1.995044,2.737743]",
1181,"[5.608872,1.994501,2.734844]",
1182,"[5.608872,1.994397,2.733509]",
1183,"[5.608872,1.994153,2.731667]",
1184,"[5.608872,1.99397,2.730939]",
1185,"[5.608872,1.993746,2.729532]",
1186,"[5.608872,1.993609,2.728861]",
1187,"[5.608872,1.993537,2.728289]",
1188,"[5.608872,2.003445,2.728644]",
1189,"[5.608872,2.010451,2.729247]",
1190,"[5.608872,2.056844,2.733353]",
1191,"[5.608872,2.076211,2.735179]",
1192,"[5.608872,2.096969,2.738935]",
1193,"[5.608872,2.10411,2.74044]",
1194,"[5.608872,2.112928,2.742386]",
1195,"[5.608872,2.116072,2.743282]",
1196,"[5.608872,2.118735,2.744078]",
1197,"[5.608872,2.121024,2.745061]",
1198,"[5.608872,2.121973,2.745513]",
1199,"[5.608872,2.123474,2.746469]",
1200,"[5.608872,2.124368,2.74698]",
1201,"[5.862098,2.237464,2.764599]",
1202,"[5.862098,2.238516,2.765278]",
1203,"[5.862098,2.239576,2.765973]",
1204,"[5.862098,2.24154,2.766582]",
1205,"[5.862098,2.24224,2.766802]",
1206,"[5.862098,2.243798,2.767318]",
1207,"[5.862098,2.244295,2.767496]",
1208,"[5.95,2.284293,2.773668]",
1209,"[5.95,2.284589,2.773816]",
1210,"[5.95,2.28485,2.773965]",
1211,"[5.95,2.285308,2.774258]",
1212,"[5.95,2.285683,2.774637]",
1213,"[5.95,2.285788,2.774733]",
1214,"[5.95,2.285909,2.774859]",
1215,"[5.95,2.286132,2.775138]",
1216,"[5.95,2.286208,2.775264]",
1217,"[5.95,2.286306,2.775568]",
1218,"[5.95,2.286369,2.775763]",
1219,"[5.95,2.286507,2.776249]",
1220,"[5.95,2.286541,2.776294]",
1221,"[5.95,2.286582,2.77634]",
1222,"[5.95,2.286983,2.776345]",
1223,"[5.95,2.287176,2.776353]",
1224,"[5.95,2.287395,2.77635]",
1225,"[5.95,2.287498,2.776304]",
1226,"[5.95,2.287592,2.776215]",
1227,"[5.95,2.287587,2.77613]",
1228,"[5.95,2.287462,2.775955]",
1229,"[5.95,2.286554,2.77524]",
1230,"[5.95,2.286498,2.775195]",
1231,"[5.95,2.2864,2.775139]",
1232,"[5.95,2.286343,2.775069]",
1233,"[5.95,2.286284,2.774982]",
1234,"[5.95,2.28629,2.774977]",
1235,"[5.95,2.286409,2.775003]",
1236,"[5.95,2.286486,2.775129]",
1237,"[5.95,2.286881,2.77529]",
1238,"[5.95,2.287277,2.775945]",
1239,"[5.95,2.287325,2.776495]",
1240,"[5.95,2.287552,2.778131]",
1241,"[5.95,2.287676,2.779271]",
1242,"[5.95,2.28745,2.781945]",
1243,"[5.95,2.28736,2.783429]",
1244,"[5.95,2.287215,2.785597]",
1245,"[5.95,2.287059,2.785973]",
1246,"[5.95,2.28676,2.786491]",
1247,"[5.95,2.285559,2.788002]",
1248,"[5.95,2.284944,2.788725]",
1249,"[5.862098,2.238965,2.792634]",
1250,"[5.862098,2.234429,2.799099]",
1251,"[5.862098,2.229162,2.805505]",
1252,"[5.862098,2.227212,2.807404]",
1253,"[5.862098,2.22529,2.809256]",
1254,"[5.862098,2.223057,2.812149]",
1255,"[5.862098,2.222175,2.813094]",
1256,"[5.862098,2.220025,2.815122]",
1257,"[5.862098,2.219034,2.81562]",
1258,"[5.862098,2.217415,2.816471]",
1259,"[5.862098,2.216536,2.81686]",
1260,"[5.862098,2.214483,2.817763]",
1261,"[5.790028,2.182931,2.81172]",
1262,"[5.786659,2.181083,2.81172]",
1263,"[5.779362,2.177068,2.81172]",
1264,"[5.776539,2.175441,2.81172]",
1265,"[5.77058,2.171959,2.81172]",
1266,"[5.767741,2.17036,2.81172]",
1267,"[5.765912,2.169277,2.81172]",
1268,"[5.764903,2.168829,2.81172]",
1269,"[5.764022,2.168439,2.81172]",
1270,"[5.763512,2.16819,2.81172]",
1271,"[5.764033,2.168394,2.81172]",
1272,"[5.763236,2.168024,2.81172]",
1273,"[5.762865,2.167858,2.81172]",
1274,"[5.761918,2.167633,2.81172]",
1275,"[5.762197,2.167861,2.81172]",
1276,"[5.762973,2.16838,2.81172]",
1277,"[5.762641,2.168228,2.81172]",
1278,"[5.761915,2.167892,2.81172]",
1279,"[5.761583,2.167738,2.81172]",
1280,"[5.761237,2.167576,2.81172]",
1281,"[5.760599,2.167275,2.81172]",
1282,"[5.760907,2.167349,2.81172]",
1283,"[5.761996,2.167676,2.81172]",
1284,"[5.762704,2.167918,2.81172]",
1285,"[5.763585,2.168123,2.81172]",
1286,"[5.763587,2.168124,2.81172]",
1287,"[5.764135,2.168247,2.81172]",
1288,"[5.764969,2.168321,2.81172]",
1289,"[5.765325,2.168202,2.81172]",
1290,"[5.766006,2.167863,2.81172]",
1291,"[5.766496,2.167684,2.81172]",
1292,"[5.766097,2.167009,2.81172]",
1293,"[5.763767,2.165812,2.81172]",
1294,"[5.761478,2.164652,2.81172]",
1295,"[5.755218,2.161456,2.81172]",
1296,"[5.751811,2.159672,2.81172]",
1297,"[5.751407,2.159265,2.81172]",
1298,"[5.751424,2.159153,2.81172]",
1299,"[5.751369,2.158863,2.81172]",
1300,"[5.750563,2.158365,2.81172]",
1301,"[5.74862,2.157112,2.81172]",
1302,"[5.747273,2.156191,2.81172]",
1303,"[5.746072,2.155313,2.81172]",
1304,"[5.744409,2.153652,2.81172]",
1305,"[5.743582,2.152885,2.81172]",
1306,"[5.74227,2.151717,2.81172]",
1307,"[5.743438,2.152099,2.81172]",
1308,"[5.746217,2.152988,2.81172]",
1309,"[5.747549,2.153416,2.81172]",
1310,"[5.74587,2.152473,2.81172]",
1311,"[5.745182,2.152082,2.81172]",
1312,"[5.744519,2.151695,2.81172]",
1313,"[5.743404,2.151098,2.81172]",
1314,"[5.742966,2.150882,2.81172]",
1315,"[5.743072,2.150826,2.81172]",
1316,"[5.74334,2.150868,2.81172]",
1317,"[5.739188,2.149083,2.81172]",
1318,"[5.738797,2.148913,2.81172]",
1319,"[5.738409,2.148739,2.81172]",
1320,"[5.735028,2.146988,2.81172]",
1321,"[5.73153,2.14513,2.81172]",
1322,"[5.729291,2.143601,2.81172]",
1323,"[5.72842,2.142893,2.81172]",
1324,"[5.728634,2.142759,2.81172]",
1325,"[5.728686,2.142705,2.81172]",
1326,"[5.72863,2.142492,2.81172]",
1327,"[5.728474,2.142295,2.81172]",
1328,"[5.728192,2.142046,2.81172]",
1329,"[5.726727,2.140675,2.81172]",
1330,"[5.725767,2.139465,2.81172]",
1331,"[5.723323,2.137083,2.81172]",
1332,"[5.722958,2.131972,2.81172]",
1333,"[5.75942,2.138209,2.81172]",
1334,"[5.790803,2.147105,2.81172]",
1335,"[5.862098,2.147249,2.808284]",
1336,"[5.862098,2.12411,2.800041]",
1337,"[5.862098,2.117,2.797381]",
1338,"[5.862098,2.110915,2.794749]",
1339,"[5.862098,2.110547,2.79426]",
1340,"[5.862098,2.110804,2.793425]",
1341,"[5.862098,2.111337,2.793031]",
1342,"[5.862098,2.112318,2.79178]",
1343,"[5.862098,2.112656,2.791227]",
1344,"[5.862098,2.112951,2.790661]",
1345,"[5.862098,2.113312,2.789989]",
1346,"[5.862098,2.113422,2.789812]",
1347,"[5.862098,2.113584,2.789539]",
1348,"[5.862098,2.113658,2.7894]",
1349,"[5.862098,2.044287,2.805772]",
1350,"[5.862098,2.004385,2.773026]",
1351,"[5.862098,1.980215,2.762938]",
1352,"[5.862098,1.973818,2.764867]",
1353,"[5.862098,1.969037,2.766276]",
1354,"[5.862098,1.984486,2.770691]",
1355,"[5.862098,2.011238,2.77853]",
1356,"[5.862098,2.034078,2.785643]",
1357,"[5.862098,2.04326,2.788194]",
1358,"[5.862098,2.055222,2.791466]",
1359,"[5.862098,2.058109,2.7917]",
1360,"[5.862098,2.060406,2.791623]",
1361,"[5.862098,2.064351,2.791459]",
1362,"[5.862098,2.065843,2.791242]",
1363,"[5.862098,2.067871,2.790933]",
1364,"[5.862098,2.068741,2.790764]",
1365,"[5.862098,2.071032,2.790375]",
1366,"[5.862098,2.072461,2.790141]",
1367,"[5.862098,2.074673,2.789848]",
1368,"[5.862098,2.076265,2.78988]",
1369,"[5.862098,2.07888,2.790065]",
1370,"[5.862098,2.081019,2.79111]",
1371,"[5.862098,2.082867,2.792061]",
1372,"[5.862098,2.112973,2.799581]",
1373,"[5.862098,2.120454,2.801575]",
1374,"[5.862098,2.132298,2.804962]",
1375,"[5.862098,2.135215,2.805993]",
1376,"[5.862098,2.138615,2.807264]",
1377,"[5.862098,2.139487,2.807656]",
1378,"[5.862098,2.140144,2.807982]",
1379,"[5.862098,2.142632,2.808262]",
1380,"[5.862098,2.143528,2.808354]",
1381,"[5.862098,2.14428,2.80834]",
1382,"[5.862098,2.144603,2.808301]",
1383,"[5.862098,2.145067,2.808182]",
1384,"[5.862098,2.145244,2.808081]",
1385,"[5.862098,2.145409,2.807978]",
1386,"[5.862098,2.145848,2.807646]",
1387,"[5.862098,2.146562,2.807396]",
1388,"[5.862098,2.147766,2.807279]",
1389,"[5.862098,2.148302,2.807368]",
1390,"[5.862098,2.149102,2.807473]",
1391,"[5.862098,2.149461,2.807455]",
1392,"[5.862098,2.149728,2.807483]",
1393,"[5.862098,2.149791,2.807495]",
1394,"[5.862098,2.149859,2.807509]",
1395,"[5.862098,2.149964,2.807547]",
1396,"[5.862098,2.149923,2.807554]",
1397,"[5.862098,2.149841,2.80757]",
1398,"[5.862098,2.1498,2.807578]",
1399,"[5.862098,2.149715,2.807596]",
1400,"[5.862098,2.137944,2.805163]",
1401,"[5.862098,2.12389,2.801781]",
1402,"[5.862098,2.118623,2.800328]",
1403,"[5.862098,2.114782,2.799249]",
1404,"[5.862098,2.107296,2.796579]",
1405,"[5.862098,2.105046,2.795758]",
1406,"[5.862098,2.101162,2.794355]",
1407,"[5.862098,2.09956,2.793732]",
1408,"[5.862098,2.097381,2.792662]",
1409,"[5.862098,2.096491,2.792061]",
1410,"[5.862098,2.094777,2.79089]",
1411,"[5.862098,2.09401,2.790347]",
1412,"[5.862098,2.093076,2.78997]",
1413,"[5.862098,2.091301,2.789366]",
1414,"[5.862098,2.090551,2.789079]",
1415,"[5.862098,2.089535,2.788581]",
1416,"[5.862098,2.089237,2.788385]",
1417,"[5.862098,2.088758,2.788134]",
1418,"[5.862098,2.088418,2.788053]",
1419,"[5.862098,2.088051,2.787966]",
1420,"[5.862098,2.087233,2.787831]",
1421,"[5.862098,2.086854,2.787852]",
1422,"[5.862098,2.08894,2.789515]",
1423,"[5.862098,2.090169,2.790514]",
1424,"[5.862098,2.0972,2.793711]",
1425,"[5.862098,2.09968,2.794558]",
1426,"[5.862098,2.102787,2.795745]",
1427,"[5.862098,2.103756,2.79622]",
1428,"[5.862098,2.104735,2.796732]",
1429,"[5.862098,2.10553,2.796994]",
1430,"[5.862098,2.105817,2.79709]",
1431,"[5.862098,2.106733,2.797445]",
1432,"[5.862098,2.107615,2.797834]",
1433,"[5.862098,2.109813,2.798949]",
1434,"[5.862098,2.110876,2.799511]",
1435,"[5.862098,2.112926,2.800807]",
1436,"[5.862098,2.113985,2.801593]",
1437,"[5.862098,2.115029,2.802446]",
1438,"[5.862098,2.11657,2.804058]",
1439,"[5.862098,2.117288,2.805037]",
1440,"[5.862098,2.117843,2.806348]",
1441,"[5.862098,2.117954,2.806818]",
1442,"[5.862098,2.117995,2.806851]",
1443,"[5.862098,2.118135,2.806687]",
1444,"[5.862098,2.118266,2.806443]",
1445,"[5.862098,2.118282,2.806293]",
1446,"[5.862098,2.11838,2.806153]",
1447,"[5.862098,2.118287,2.805632]",
1448,"[5.862098,2.118269,2.805444]",
1449,"[5.862098,2.117934,2.804183]",
1450,"[5.862098,2.117839,2.803622]",
1451,"[5.862098,2.117993,2.802609]",
1452,"[5.862098,2.118166,2.802056]",
1453,"[5.862098,2.118944,2.799796]",
1454,"[5.862098,2.11959,2.798206]",
1455,"[5.862098,2.120028,2.796822]",
1456,"[5.862098,2.121065,2.79402]",
1457,"[5.862098,2.121335,2.793539]",
1458,"[5.862098,2.121645,2.791819]",
1459,"[5.862098,2.121614,2.790792]",
1460,"[5.862098,2.121261,2.789213]",
1461,"[5.862098,2.120838,2.787827]",
1462,"[5.862098,2.120414,2.786921]",
1463,"[5.862098,2.119422,2.785526]",
1464,"[5.862098,2.118838,2.784961]",
1465,"[5.862098,2.117725,2.78398]",
1466,"[5.862098,2.117185,2.78364]",
1467,"[5.862098,2.116159,2.782907]",
1468,"[5.862098,2.115693,2.78267]",
1469,"[5.862098,2.114566,2.781923]",
1470,"[5.862098,2.11414,2.781963]",
1471,"[5.862098,2.113856,2.782013]",
1472,"[5.862098,2.11372,2.782013]",
1473,"[5.862098,2.113657,2.78201]",
1474,"[5.862098,2.113678,2.782438]",
1475,"[5.862098,2.114163,2.782811]",
1476,"[5.862098,2.114644,2.783139]",
1477,"[5.862098,2.115578,2.784213]",
1478,"[5.862098,2.116021,2.78471]",
1479,"[5.862098,2.116676,2.785803]",
1480,"[5.862098,2.116856,2.786351]",
1481,"[5.862098,2.116755,2.787109]",
1482,"[5.862098,2.116416,2.787453]",
1483,"[5.862098,2.115754,2.788152]",
1484,"[5.862098,2.115431,2.788529]",
1485,"[5.862098,2.115206,2.788859]",
1486,"[5.862098,2.115025,2.789479]",
1487,"[5.862098,2.115175,2.789809]",
1488,"[5.862098,2.148812,2.794307]",
1489,"[5.862098,2.167813,2.796917]",
1490,"[5.862098,2.188799,2.800308]",
1491,"[5.862098,2.195688,2.801476]",
1492,"[5.862098,2.203331,2.803272]",
1493,"[5.862098,2.205249,2.803222]",
1494,"[5.862098,2.206925,2.803252]",
1495,"[5.862098,2.209791,2.803516]",
1496,"[5.862098,2.211127,2.803738]",
1497,"[5.862098,2.214077,2.804969]",
1498,"[5.862098,2.21597,2.805756]",
1499,"[5.862098,2.218621,2.807098]",
1500,"[5.862098,2.219363,2.807637]",
1501,"[5.862098,2.220176,2.808063]",
1502,"[5.862098,2.220478,2.808057]",
1503,"[5.862098,2.220823,2.808011]",
1504,"[5.862098,2.221633,2.807647]",
1505,"[5.862098,2.222106,2.807454]",
1506,"[5.862098,2.222847,2.807125]",
1507,"[5.862098,2.223222,2.80682]",
1508,"[5.862098,2.223932,2.806431]",
1509,"[5.862098,2.224344,2.806257]",
1510,"[5.862098,2.225205,2.805859]",
1511,"[5.862098,2.225534,2.805703]",
1512,"[5.862098,2.236172,2.816807]",
1513,"[5.761742,2.200214,2.81172]",
1514,"[5.724486,2.190088,2.81172]",
1515,"[5.675674,2.176195,2.81172]",
1516,"[5.656766,2.170717,2.81172]",
1517,"[5.632413,2.163618,2.81172]",
1518,"[5.623654,2.16107,2.81172]",
1519,"[5.616,2.159078,2.811773]",
1520,"[5.616,2.160987,2.813243]",
1521,"[5.616,2.161489,2.813869]",
1522,"[5.616,2.161973,2.814714]",
1523,"[5.616,2.162184,2.815032]",
1524,"[5.594368,2.152197,2.81315]",
1525,"[5.463738,2.090449,2.797141]",
1526,"[5.387595,2.054535,2.787964]",
1527,"[5.95,2.321359,2.859451]",
1528,"[5.95,2.321313,2.859737]",
1529,"[5.95,2.321201,2.860101]",
1530,"[5.95,2.321129,2.860241]",
1531,"[5.95,2.321033,2.860374]",
1532,"[5.95,2.321011,2.860434]",
1533,"[5.95,2.321002,2.860491]",
1534,"[5.95,2.320959,2.860547]",
1535,"[5.95,2.320915,2.860577]",
1536,"[5.95,2.320888,2.860599]",
1537,"[5.95,2.320857,2.860658]",
1538,"[5.95,2.320859,2.860717]",
1539,"[5.95,2.320827,2.860677]",
1540,"[5.95,2.320856,2.860732]",
1541,"[5.95,2.320885,2.860814]",
1542,"[5.95,2.320685,2.860924]",
1543,"[5.95,2.320588,2.860952]",
1544,"[5.95,2.320411,2.860965]",
1545,"[5.95,2.320264,2.860855]",
1546,"[5.95,2.320104,2.86074]",
1547,"[5.95,2.319669,2.860582]",
1548,"[5.95,2.319345,2.860532]",
1549,"[5.95,2.318322,2.861396]",
1550,"[5.95,2.317619,2.862527]",
1551,"[5.95,2.315933,2.865002]",
1552,"[5.95,2.31471,2.866677]",
1553,"[5.95,2.291567,2.873033]",
1554,"[5.862098,2.238625,2.864016]",
1555,"[5.862098,2.222668,2.864551]",
1556,"[5.862098,2.206858,2.865929]",
1557,"[5.862098,2.201952,2.866072]",
1558,"[5.862098,2.194576,2.866943]",
1559,"[5.862098,2.191911,2.867759]",
1560,"[5.862098,2.188018,2.868994]",
1561,"[5.862098,2.18635,2.869439]",
1562,"[5.862098,2.195175,2.855391]",
1563,"[5.862098,2.206505,2.842136]",
1564,"[5.862098,2.210115,2.839057]",
1565,"[5.862098,2.214154,2.836973]",
1566,"[5.862098,2.216366,2.837103]",
1567,"[5.862098,2.21799,2.837812]",
1568,"[5.862098,2.217568,2.838991]",
1569,"[5.862098,2.214953,2.845858]",
1570,"[5.862098,2.213104,2.849735]",
1571,"[5.862098,2.206768,2.863805]",
1572,"[5.862098,2.202113,2.874357]",
1573,"[5.862098,2.197907,2.885162]",
1574,"[5.531225,1.968608,2.974979]",
1575,"[5.95,2.066254,3.124377]",
1576,"[5.95,2.024886,3.158246]",
1577,"[5.95,2.00806,3.173143]",
1578,"[5.95,1.974953,3.194678]",
1579,"[5.95,1.959891,3.203439]",
1580,"[5.95,1.947459,3.209259]",
1581,"[5.95,1.923057,3.224853]",
1582,"[5.95,1.907609,3.228087]",
1583,"[5.95,1.875968,3.238025]",
1584,"[5.95,1.860082,3.243683]",
1585,"[5.95,1.718174,3.249654]",
1586,"[5.95,1.690764,3.251809]",
1587,"[5.95,1.556435,3.244108]",
1588,"[5.95,1.520981,3.243235]",
1589,"[5.95,1.493972,3.242386]",
1590,"[5.95,1.443195,3.235325]",
1591,"[5.95,1.422462,3.23059]",
1592,"[5.95,1.397712,3.219609]",
1593,"[5.95,1.385757,3.211519]",
1594,"[5.95,1.375146,3.19813]",
1595,"[5.95,1.374723,3.191103]",
1596,"[5.95,1.376714,3.181099]",
1597,"[5.95,1.397339,3.150847]",
1598,"[5.95,1.41322,3.13168]",
1599,"[5.531268,1.514009,2.97375]",
1600,"[5.95,1.797621,2.841591]",
1601,"[5.608872,1.97876,2.707513]",
1602,"[5.608872,2.010677,2.692074]",
1603,"[5.608872,2.066244,2.665592]",
1604,"[5.608872,2.095042,2.652172]",
1605,"[5.608872,2.099881,2.649877]",
1606,"[5.608872,2.13183,2.63504]",
1607,"[5.608872,2.134746,2.635207]",
1608,"[5.608872,2.141648,2.634385]",
1609,"[5.608872,2.142818,2.634506]",
1610,"[5.608872,2.137667,2.636427]",
1611,"[5.608872,2.137644,2.63611]",
1612,"[5.608872,2.128977,2.638202]",
1613,"[5.608872,2.114383,2.640376]",
1614,"[5.608872,2.108762,2.640467]",
1615,"[5.608872,2.094156,2.642082]",
1616,"[5.608872,2.088194,2.642409]",
1617,"[5.608872,2.067214,2.649796]",
1618,"[5.608872,2.054925,2.657743]",
1619,"[5.608872,2.046426,2.662448]",
1620,"[5.608872,2.040284,2.663147]",
1621,"[5.608872,2.023551,2.672123]",
1622,"[5.608872,2.019301,2.672968]",
1623,"[5.608872,2.016435,2.672949]",
1624,"[5.608872,2.005793,2.672451]",
1625,"[5.608872,1.999721,2.673247]",
1626,"[5.608872,1.994934,2.673338]",
1627,"[5.608872,1.993618,2.673187]",
1628,"[5.608872,1.993194,2.672976]",
1629,"[5.608872,1.992139,2.673642]",
1630,"[5.608872,1.988106,2.676812]",
1631,"[5.608872,1.982532,2.681259]",
1632,"[5.608872,1.976796,2.684406]",
1633,"[5.608872,1.956094,2.69639]",
1634,"[5.608872,1.942203,2.703231]",
1635,"[5.608872,1.905753,2.714725]",
1636,"[5.608872,1.891557,2.718622]",
1637,"[5.608872,1.880315,2.722358]",
1638,"[5.55684,1.857402,2.727547]",
1639,"[5.556746,1.849364,2.730244]",
1640,"[5.556931,1.834188,2.733188]",
1641,"[5.59686,1.830736,2.735967]",
1642,"[5.665789,1.830736,2.739248]",
1643,"[5.670533,1.830736,2.7402]",
1644,"[5.738593,1.830736,2.746851]",
1645,"[5.858543,1.830736,2.75313]",
1646,"[5.95,1.83567,2.759055]",
1647,"[5.95,1.835967,2.763852]",
1648,"[5.95,1.836224,2.766179]",
1649,"[5.847182,1.830736,2.762924]",
1650,"[5.847281,1.830736,2.763927]",
1651,"[5.95,1.827293,2.778288]",
1652,"[5.95,1.825254,2.78088]",
1653,"[5.95,1.825122,2.784611]",
1654,"[5.95,1.822432,2.790797]",
1655,"[5.95,1.825341,2.793153]",
1656,"[5.95,1.823032,2.797272]",
1657,"[5.95,1.821819,2.798811]",
1658,"[5.95,1.813529,2.789559]",
1659,"[5.95,1.802692,2.777606]",
1660,"[5.54847,1.591327,2.647642]",
1661,"[5.554813,1.573137,2.638891]",
1662,"[5.559084,1.560887,2.633582]",
1663,"[5.565341,1.542943,2.627857]",
1664,"[5.568592,1.533618,2.62639]",
1665,"[5.575356,1.51422,2.623568]",
1666,"[5.578559,1.505034,2.621656]",
1667,"[5.579914,1.501148,2.618285]",
1668,"[5.816892,1.468135,2.609423]",
1669,"[5.579869,1.501276,2.615719]",
1670,"[5.833501,1.465448,2.605146]",
1671,"[5.579401,1.502618,2.610844]",
1672,"[5.578054,1.506481,2.605466]",
1673,"[5.578032,1.506546,2.602741]",
1674,"[5.575811,1.512913,2.600222]",
1675,"[5.574868,1.515619,2.59981]",
1676,"[5.573095,1.520703,2.598941]",
1677,"[5.572148,1.523419,2.598208]",
1678,"[5.571509,1.525253,2.597388]",
1679,"[5.567603,1.536455,2.594418]",
1680,"[5.564685,1.544824,2.593008]",
1681,"[5.562665,1.551346,2.592002]",
1682,"[5.560376,1.561709,2.592192]",
1683,"[5.551961,1.581317,2.615808]",
1684,"[5.549818,1.587463,2.624851]",
1685,"[5.545576,1.599631,2.644512]",
1686,"[5.544227,1.603499,2.650542]",
1687,"[5.543156,1.60657,2.655344]",
1688,"[5.541597,1.611042,2.66282]",
1689,"[5.540905,1.613027,2.666393]",
1690,"[5.539891,1.615933,2.672077]",
1691,"[5.539408,1.61732,2.67466]",
1692,"[5.538864,1.618881,2.678221]",
1693,"[5.538584,1.619681,2.679762]",
1694,"[5.538315,1.620453,2.681201]",
1695,"[5.537972,1.621437,2.683801]",
1696,"[5.537909,1.62162,2.684959]",
1697,"[5.537858,1.621764,2.687171]",
1698,"[5.537858,1.621764,2.687171]",
1699,"[5.537904,1.621632,2.686672]",
1700,"[5.450468,1.621942,2.682555]",
1701,"[5.194549,1.623461,2.672433]",
1702,"[5.194549,1.623461,2.672433]",
1703,"[5.152238,1.623016,2.670712]",
1704,"[5.152506,1.622325,2.670614]",
1705,"[5.151469,1.621181,2.671442]",
1706,"[5.15076,1.62087,2.671213]",
1707,"[5.149536,1.620492,2.670996]",
1708,"[5.149439,1.620303,2.670971]",
1709,"[5.149183,1.619989,2.671911]",
1710,"[5.14889,1.619174,2.672692]",
1711,"[5.148977,1.618618,2.673547]",
1712,"[5.149308,1.617601,2.674322]",
1713,"[5.149246,1.61711,2.67537]",
1714,"[5.149052,1.616626,2.676479]",
1715,"[5.149278,1.61562,2.679169]",
1716,"[5.150865,1.615088,2.680959]",
1717,"[5.162827,1.613616,2.685348]",
1718,"[5.188244,1.571737,2.709356]",
1719,"[5.204958,1.552264,2.725226]",
1720,"[5.57846,1.495143,2.761749]",
1721,"[5.575525,1.487045,2.768748]",
1722,"[5.571333,1.476423,2.776489]",
1723,"[5.567744,1.467328,2.783114]",
1724,"[5.566171,1.463375,2.785939]",
1725,"[5.56458,1.459165,2.789303]",
1726,"[5.560626,1.453957,2.785072]",
1727,"[5.55901,1.451997,2.782937]",
1728,"[5.555473,1.448424,2.776553]",
1729,"[5.553953,1.447089,2.773323]",
1730,"[5.55096,1.445112,2.76541]",
1731,"[5.549471,1.44403,2.761709]",
1732,"[5.548484,1.443437,2.758959]",
1733,"[5.547311,1.443234,2.754489]",
1734,"[5.54696,1.443393,2.752623]",
1735,"[5.546317,1.44386,2.748787]",
1736,"[5.545871,1.443837,2.746955]",
1737,"[5.544398,1.443332,2.741937]",
1738,"[5.543406,1.442859,2.738883]",
1739,"[5.542387,1.442284,2.735951]",
1740,"[5.5401,1.440821,2.729788]",
1741,"[5.538673,1.439774,2.726269]",
1742,"[5.836573,1.304364,2.596582]",
1743,"[5.894761,1.264227,2.56479]",
1744,"[5.75475,1.280041,2.558304]",
1745,"[5.700847,1.285873,2.556422]",
1746,"[5.655387,1.290296,2.554834]",
1747,"[5.641862,1.291506,2.554362]",
1748,"[5.62274,1.293273,2.553694]",
1749,"[5.616611,1.293888,2.55348]",
1750,"[5.61074,1.294683,2.553275]",
1751,"[5.606456,1.295293,2.553125]",
1752,"[5.606815,1.295261,2.553138]",
1753,"[5.627816,1.291315,2.553871]",
1754,"[5.644534,1.288197,2.554455]",
1755,"[5.832161,1.396647,2.596576]",
1756,"[5.766795,1.442676,2.617986]",
1757,"[5.740516,1.465822,2.627192]",
1758,"[5.712873,1.489183,2.63675]",
1759,"[5.70675,1.498366,2.640521]",
1760,"[5.715354,1.501627,2.641602]",
1761,"[5.749426,1.501627,2.640711]",
1762,"[5.79515,1.501627,2.640383]",
1763,"[5.571822,1.524356,2.655467]",
1764,"[5.571189,1.526171,2.656352]",
1765,"[5.570202,1.529001,2.657702]",
1766,"[5.569243,1.53175,2.658985]",
1767,"[5.568486,1.533923,2.659853]",
1768,"[5.568217,1.534694,2.660246]",
1769,"[5.568217,1.534694,2.660246]",
1770,"[5.56793,1.535517,2.660564]",
1771,"[5.567675,1.53625,2.660802]",
1772,"[5.567523,1.536683,2.660988]",
1773,"[5.567505,1.536737,2.661359]",
1774,"[5.567467,1.536844,2.661582]",
1775,"[5.567429,1.536954,2.661815]",
1776,"[5.567316,1.537279,2.662295]",
1777,"[5.567239,1.5375,2.662555]",
1778,"[5.567101,1.537894,2.663048]",
1779,"[5.567032,1.538092,2.663287]",
1780,"[5.566988,1.538219,2.664055]",
1781,"[5.566976,1.538255,2.664358]",
1782,"[5.567163,1.537718,2.664977]",
1783,"[5.567364,1.537141,2.665261]",
1784,"[5.567626,1.536391,2.665572]",
1785,"[5.568075,1.535103,2.665755]",
1786,"[5.568299,1.534458,2.665824]",
1787,"[5.568874,1.532809,2.665902]",
1788,"[5.569977,1.529648,2.667592]",
1789,"[5.571678,1.524767,2.670151]",
1790,"[5.559639,1.49171,2.67402]",
1791,"[5.548795,1.478558,2.676099]",
1792,"[5.540898,1.463712,2.678301]",
1793,"[5.538004,1.458456,2.678663]",
1794,"[5.534632,1.452249,2.679289]",
1795,"[5.533522,1.450167,2.679585]",
1796,"[5.532412,1.447912,2.680295]",
1797,"[5.532049,1.447104,2.680699]",
1798,"[5.531482,1.445739,2.681574]",
1799,"[5.531238,1.445114,2.682039]",
1800,"[5.531017,1.444529,2.682506]",
1801,"[5.530352,1.442969,2.683436]",
1802,"[5.529839,1.441844,2.683963]",
1803,"[5.528483,1.439098,2.684815]",
1804,"[5.527833,1.437855,2.685048]",
1805,"[5.526507,1.435321,2.685513]",
1806,"[5.525815,1.434105,2.685502]",
1807,"[5.524514,1.431756,2.685634]",
1808,"[5.524402,1.431549,2.685655]",
1809,"[5.524286,1.431338,2.685671]",
1810,"[5.524167,1.431104,2.685728]",
1811,"[5.524086,1.430953,2.68575]",
1812,"[5.523969,1.430753,2.685735]",
1813,"[5.523898,1.43066,2.685652]",
1814,"[5.523805,1.430558,2.685503]",
1815,"[5.523738,1.430468,2.685439]",
1816,"[5.486174,1.437954,2.686651]",
1817,"[5.491517,1.447482,2.686466]",
1818,"[5.22064,1.520033,2.696062]",
1819,"[5.167947,1.534475,2.69795]",
1820,"[5.165421,1.53704,2.698056]",
1821,"[5.169229,1.539029,2.697958]",
1822,"[5.170029,1.539764,2.697949]",
1823,"[5.17069,1.540978,2.697953]",
1824,"[5.170485,1.541515,2.697959]",
1825,"[5.170065,1.543492,2.697613]",
1826,"[5.17027,1.544225,2.697612]",
1827,"[5.170577,1.544728,2.697633]",
1828,"[5.171283,1.545539,2.69772]",
1829,"[5.172,1.545783,2.697763]",
1830,"[5.176509,1.545649,2.697756]",
1831,"[5.180279,1.545271,2.697775]",
1832,"[5.18683,1.544691,2.697486]",
1833,"[5.489526,1.509709,2.686749]",
1834,"[5.95,1.456101,2.67073]",
1835,"[5.95,1.44121,2.680592]",
1836,"[5.95,1.429921,2.688209]",
1837,"[5.95,1.411813,2.6999]",
1838,"[5.95,1.402965,2.704871]",
1839,"[5.95,1.38805,2.71237]",
1840,"[5.95,1.381974,2.714997]",
1841,"[5.95,1.374343,2.717871]",
1842,"[5.95,1.361807,2.720399]",
1843,"[5.95,1.355434,2.719994]",
1844,"[5.95,1.341441,2.717998]",
1845,"[5.95,1.33697,2.716501]",
1846,"[5.95,1.329795,2.713167]",
1847,"[5.95,1.327412,2.711526]",
1848,"[5.95,1.323973,2.708085]",
1849,"[5.95,1.323401,2.706362]",
1850,"[5.95,1.32348,2.704868]",
1851,"[5.95,1.324159,2.700395]",
1852,"[5.95,1.324308,2.697946]",
1853,"[5.95,1.322992,2.692078]",
1854,"[5.95,1.321669,2.68849]",
1855,"[5.689742,1.264227,2.62374]",
1856,"[5.651049,1.264227,2.618741]",
1857,"[5.614731,1.264227,2.614941]",
1858,"[5.571608,1.264227,2.610226]",
1859,"[5.56157,1.26172,2.607558]",
1860,"[5.561225,1.251375,2.601948]",
1861,"[5.561338,1.245177,2.598723]",
1862,"[5.561657,1.234649,2.59511]",
1863,"[5.8159,1.131919,2.560439]",
1864,"[5.813913,1.126623,2.56037]",
1865,"[5.811328,1.112882,2.56028]",
1866,"[5.810773,1.103964,2.56026]",
1867,"[5.95,0.9194678,2.603257]",
1868,"[5.95,0.8289008,2.614902]",
1869,"[5.95,0.7696421,2.62159]",
1870,"[5.95,0.7539721,2.615477]",
1871,"[5.95,0.7443259,2.611665]",
1872,"[5.95,0.7443259,2.611665]",
1873,"[5.95,0.7383886,2.60843]",
1874,"[5.95,0.7387023,2.607474]",
1875,"[5.95,0.738564,2.607525]",
1876,"[5.95,0.7368686,2.607871]",
1877,"[5.95,0.7343407,2.609185]",
1878,"[5.95,0.7274475,2.610846]",
1879,"[5.95,0.723099,2.611098]",
1880,"[5.95,0.7111928,2.613111]",
1881,"[5.95,0.7034407,2.613964]",
1882,"[5.95,0.6951943,2.614651]",
1883,"[5.638883,0.7800756,2.624802]",
1884,"[5.603669,0.7800756,2.623296]",
1885,"[5.576019,0.771222,2.620797]",
1886,"[5.576019,0.7578669,2.618765]",
1887,"[5.576019,0.7534423,2.618076]",
1888,"[5.576019,0.7534423,2.618076]",
1889,"[5.576019,0.7510945,2.618639]",
1890,"[5.576019,0.7476538,2.618907]",
1891,"[5.576019,0.7437804,2.619431]",
1892,"[5.576019,0.7424209,2.619528]",
1893,"[5.576019,0.7420982,2.619408]",
1894,"[5.576019,0.7410058,2.617824]",
1895,"[5.667103,0.6622185,2.604231]",
1896,"[5.560165,0.7911605,2.524136]",
1897,"[5.54679,0.8146812,2.4881]",
1898,"[5.542739,0.8983978,2.364489]",
1899,"[5.550231,0.909674,2.331314]",
1900,"[5.596,0.8857828,2.290767]",
1901,"[5.882581,0.6935248,2.116206]",
1902,"[5.850312,0.7165573,2.115079]",
1903,"[5.792142,0.7536249,2.113048]",
1904,"[5.767125,0.7690496,2.112175]",
1905,"[5.761816,0.7721021,2.111989]",
1906,"[5.744559,0.7821116,2.111387]",
1907,"[5.744534,0.7820782,2.111386]",
1908,"[5.746743,0.7819332,2.111463]",
1909,"[5.747955,0.7826345,2.111505]",
1910,"[5.766437,0.7757452,2.11215]",
1911,"[5.773886,0.7733356,2.112411]",
1912,"[5.809993,0.7543653,2.113672]",
1913,"[5.837569,0.7382139,2.114635]",
1914,"[5.857117,0.7271098,2.115317]",
1915,"[5.89238,0.707104,2.116549]",
1916,"[5.596,0.9104759,2.2746]",
1917,"[5.596,0.9107629,2.281468]",
1918,"[5.596,0.9112391,2.287183]",
1919,"[5.596,0.9118541,2.291948]",
1920,"[5.596,0.9128246,2.297586]",
1921,"[5.596,0.9140844,2.29338]",
1922,"[5.596,0.9146041,2.287078]",
1923,"[5.596,0.915642,2.276718]",
1924,"[5.596,0.915862,2.273315]",
1925,"[5.950001,0.6765597,2.107339]",
1926,"[5.914822,0.7008491,2.117332]",
1927,"[5.9094,0.7042602,2.117143]",
1928,"[5.902225,0.7088376,2.116892]",
1929,"[5.898236,0.7108275,2.116753]",
1930,"[5.895552,0.7121305,2.116659]",
1931,"[5.893668,0.7129542,2.116593]",
1932,"[5.891767,0.7133511,2.116527]",
1933,"[5.889032,0.7137817,2.116431]",
1934,"[5.887805,0.7135999,2.116389]",
1935,"[5.886407,0.7133476,2.11634]",
1936,"[5.88473,0.7129661,2.116281]",
1937,"[5.884118,0.7124635,2.11626]",
1938,"[5.950001,0.6889728,2.116747]",
1939,"[5.596,0.9423029,2.288075]",
1940,"[5.596,0.9519983,2.297566]",
1941,"[5.317277,1.138735,2.409014]",
1942,"[5.317277,1.138735,2.409014]",
1943,"[5.321376,1.140586,2.411118]",
1944,"[5.322423,1.142122,2.41249]",
1945,"[5.32453,1.142203,2.412802]",
1946,"[5.325949,1.14278,2.413317]",
1947,"[5.326589,1.143022,2.413352]",
1948,"[5.325775,1.144196,2.41382]",
1949,"[5.324096,1.14544,2.414388]",
1950,"[5.323907,1.145572,2.414489]",
1951,"[5.32558,1.144117,2.414082]",
1952,"[5.327381,1.142486,2.413591]",
1953,"[5.328894,1.131584,2.415117]",
1954,"[5.330239,1.125041,2.415684]",
1955,"[5.334586,1.101894,2.41775]",
1956,"[5.336891,1.093828,2.417603]",
1957,"[5.339369,1.08216,2.416498]",
1958,"[5.339551,1.077514,2.412236]",
1959,"[5.342341,1.072943,2.407573]",
1960,"[5.950001,0.6346291,2.254511]",
1961,"[5.905708,0.6622186,2.263914]",
1962,"[5.895199,0.6622185,2.264153]",
1963,"[5.890978,0.6622185,2.264401]",
1964,"[5.88149,0.6622186,2.265191]",
1965,"[5.877957,0.6622185,2.265788]",
1966,"[5.874076,0.6622186,2.266248]",
1967,"[5.872141,0.6622186,2.26584]",
1968,"[5.872027,0.6622186,2.265779]",
1969,"[5.871581,0.6622186,2.265445]",
1970,"[5.872471,0.6622185,2.265459]",
1971,"[5.873547,0.6622186,2.265145]",
1972,"[5.874123,0.6622185,2.264865]",
1973,"[5.874788,0.6622186,2.264384]",
1974,"[5.875598,0.6622186,2.262825]",
1975,"[5.875692,0.6622185,2.260226]",
1976,"[5.875808,0.6622186,2.258243]",
1977,"[5.875937,0.6622185,2.256226]",
1978,"[5.876214,0.6622186,2.248507]",
1979,"[5.838674,0.6897077,2.249853]",
1980,"[5.878399,0.6622185,2.143759]",
1981,"[5.878846,0.6622185,2.123674]",
1982,"[5.835589,0.6969948,2.114565]",
1983,"[5.821315,0.7077038,2.114067]",
1984,"[5.808342,0.7175821,2.113614]",
1985,"[5.790917,0.7311836,2.113005]",
1986,"[5.785182,0.7357731,2.112805]",
1987,"[5.781163,0.7385383,2.112665]",
1988,"[5.779202,0.7394154,2.112596]",
1989,"[5.777515,0.7402546,2.112537]",
1990,"[5.775659,0.7413168,2.112473]",
1991,"[5.774929,0.7415953,2.112447]",
1992,"[5.771219,0.7442273,2.112318]",
1993,"[5.769123,0.745833,2.112244]",
1994,"[5.765698,0.7486668,2.112125]",
1995,"[5.764354,0.749839,2.112078]",
1996,"[5.763041,0.7512798,2.112032]",
1997,"[5.762553,0.7520614,2.112015]",
1998,"[5.769738,0.7489315,2.112266]",
1999,"[5.775915,0.745948,2.112481]",
2000,"[5.780665,0.7435351,2.112647]",
2001,"[5.78623,0.7408792,2.112842]",
2002,"[5.788365,0.7399685,2.112916]",
2003,"[5.791909,0.7389153,2.11304]",
2004,"[5.79307,0.7387228,2.113081]",
2005,"[5.794468,0.7378091,2.113129]",
2006,"[5.795029,0.7373161,2.113149]",
2007,"[5.795754,0.7362722,2.113174]",
2008,"[5.796859,0.7348446,2.113213]",
2009,"[5.79739,0.7342384,2.113231]",
2010,"[5.800284,0.7320458,2.113332]",
2011,"[5.801581,0.7310091,2.113378]",
2012,"[5.806576,0.7267413,2.113552]",
2013,"[5.808344,0.7252762,2.113614]",
2014,"[5.809848,0.7241399,2.113667]",
2015,"[5.811306,0.7230592,2.113717]",
2016,"[5.811494,0.722855,2.113724]",
2017,"[5.810509,0.7235483,2.113689]",
2018,"[5.810189,0.7238595,2.113678]",
2019,"[5.80898,0.7248343,2.113636]",
2020,"[5.808265,0.7254729,2.113611]",
2021,"[5.810853,0.7298901,2.113702]",
2022,"[5.810853,0.7298901,2.113702]",
2023,"[5.814227,0.7333935,2.113819]",
2024,"[5.840502,0.7524976,2.114737]",
2025,"[5.859604,0.7626764,2.115404]",
2026,"[5.883381,0.7679493,2.116234]",
2027,"[5.894438,0.7678694,2.11662]",
2028,"[5.909578,0.7667429,2.117149]",
2029,"[5.916056,0.7658752,2.117375]",
2030,"[5.950001,0.7479434,2.109914]",
2031,"[5.950001,0.7494274,2.110826]",
2032,"[5.950001,0.7508274,2.111032]",
2033,"[5.872644,0.7919561,2.115859]",
2034,"[5.83731,0.8093139,2.114625]",
2035,"[5.795914,0.8288249,2.11318]",
2036,"[5.783072,0.8346761,2.112731]",
2037,"[5.765745,0.8420198,2.112126]",
2038,"[5.758881,0.8450205,2.111887]",
2039,"[5.748322,0.8495798,2.111518]",
2040,"[5.742094,0.8529506,2.1113]",
2041,"[5.737202,0.855666,2.11113]",
2042,"[5.72613,0.8623749,2.110743]",
2043,"[5.722359,0.864737,2.110611]",
2044,"[5.713732,0.8701067,2.11031]",
2045,"[5.70997,0.8725117,2.110179]",
2046,"[5.705409,0.8754916,2.110019]",
2047,"[5.703979,0.8764039,2.109969]",
2048,"[5.701913,0.877668,2.109897]",
2049,"[5.700786,0.8783035,2.109858]",
2050,"[5.700211,0.8785347,2.109838]",
2051,"[5.717429,0.8632854,2.110439]",
2052,"[5.735792,0.8469439,2.11108]",
2053,"[5.747026,0.8358626,2.111473]",
2054,"[5.756718,0.8262469,2.111811]",
2055,"[5.770839,0.8121359,2.112304]",
2056,"[5.777319,0.8058169,2.11253]",
2057,"[5.783165,0.8002629,2.112735]",
2058,"[5.795605,0.7894802,2.113169]",
2059,"[5.811174,0.7776018,2.113713]",
2060,"[5.818197,0.7725471,2.113958]",
2061,"[5.824248,0.7683329,2.114169]",
2062,"[5.834764,0.7613945,2.114537]",
2063,"[5.837608,0.759657,2.114636]",
2064,"[5.84066,0.7577386,2.114742]",
2065,"[5.843036,0.7561548,2.114825]",
2066,"[5.845273,0.7546475,2.114903]",
2067,"[5.848614,0.7524279,2.11502]",
2068,"[5.850188,0.7507777,2.115075]",
2069,"[5.853268,0.7477323,2.115183]",
2070,"[5.854095,0.7468361,2.115211]",
2071,"[5.855619,0.7452062,2.115265]",
2072,"[5.856021,0.7446895,2.115279]",
2073,"[5.856555,0.7439446,2.115298]",
2074,"[5.856771,0.7436345,2.115305]",
2075,"[5.856995,0.743196,2.115313]",
2076,"[5.857621,0.7425531,2.115335]",
2077,"[5.85818,0.7422423,2.115354]",
2078,"[5.86357,0.7401009,2.115542]",
2079,"[5.867961,0.738484,2.115696]",
2080,"[5.891711,0.7304505,2.116525]",
2081,"[5.900447,0.7275743,2.11683]",
2082,"[5.913404,0.7234222,2.117283]",
2083,"[5.950001,0.7011857,2.108678]",
2084,"[5.950001,0.7025124,2.110054]",
2085,"[5.950001,0.7048253,2.110517]",
2086,"[5.950001,0.7058565,2.110702]",
2087,"[5.950001,0.7068046,2.110866]",
2088,"[5.950001,0.7073566,2.111033]",
2089,"[5.950001,0.7079095,2.111155]",
2090,"[5.950001,0.7085949,2.11133]",
2091,"[5.950001,0.7087184,2.111382]",
2092,"[5.950001,0.7087048,2.111438]",
2093,"[5.950001,0.7087046,2.111467]",
2094,"[5.950001,0.7087087,2.111517]",
2095,"[5.950001,0.7087577,2.111505]",
2096,"[5.950001,0.7089573,2.111477]",
2097,"[5.950001,0.7092288,2.111472]",
2098,"[5.950001,0.7095786,2.111464]",
2099,"[5.950001,0.7102409,2.111475]",
2100,"[5.950001,0.7107384,2.111436]",
2101,"[5.950001,0.7114431,2.111412]",
2102,"[5.950001,0.7124761,2.111351]",
2103,"[5.950001,0.7208409,2.110765]",
2104,"[5.950001,0.7299806,2.110154]",
2105,"[5.344183,1.188169,2.278996]",
2106,"[5.346857,1.204259,2.277942]",
2107,"[5.59332,1.398319,2.211956]",
2108,"[5.59332,1.407779,2.212547]",
2109,"[5.59332,1.413863,2.212928]",
2110,"[5.59332,1.423308,2.213796]",
2111,"[5.59332,1.429156,2.214373]",
2112,"[5.59332,1.435619,2.216657]",
2113,"[5.59332,1.436947,2.21746]",
2114,"[5.59332,1.441551,2.219336]",
2115,"[5.59332,1.444272,2.220235]",
2116,"[5.59332,1.444224,2.220243]",
2117,"[5.59332,1.444224,2.220243]",
2118,"[5.59332,1.444062,2.220175]",
2119,"[5.59332,1.44533,2.220769]",
2120,"[5.59332,1.447756,2.221012]",
2121,"[5.59332,1.449263,2.221482]",
2122,"[5.59332,1.449069,2.220119]",
2123,"[5.59332,1.450145,2.217459]",
2124,"[5.59332,1.449506,2.216149]",
2125,"[5.59332,1.448618,2.213708]",
2126,"[5.59332,1.446727,2.212289]",
2127,"[5.59332,1.445845,2.211368]",
2128,"[5.59332,1.445547,2.210768]",
2129,"[5.59332,1.446452,2.211471]",
2130,"[5.59332,1.47338,2.213986]",
2131,"[5.59332,1.486988,2.21496]",
2132,"[5.59332,1.505763,2.217693]",
2133,"[5.59332,1.509759,2.218524]",
2134,"[5.59332,1.513105,2.219149]",
2135,"[5.59332,1.517552,2.220152]",
2136,"[5.59332,1.519882,2.220551]",
2137,"[5.59332,1.521953,2.221174]",
2138,"[5.59332,1.523144,2.221489]",
2139,"[5.59332,1.524344,2.222057]",
2140,"[5.59332,1.525079,2.222376]",
2141,"[5.59332,1.525608,2.222788]",
2142,"[5.59332,1.525149,2.222848]",
2143,"[5.59332,1.525057,2.222969]",
2144,"[5.59332,1.52485,2.224574]",
2145,"[5.59332,1.525028,2.225692]",
2146,"[5.59332,1.5234,2.227248]",
2147,"[5.59332,1.522185,2.228623]",
2148,"[5.59332,1.520129,2.231296]",
2149,"[5.59332,1.5192,2.232628]",
2150,"[5.59332,1.5179,2.233117]",
2151,"[5.59332,1.515368,2.233681]",
2152,"[5.59332,1.514015,2.233775]",
2153,"[5.59332,1.511627,2.233841]",
2154,"[5.59332,1.510715,2.233801]",
2155,"[5.59332,1.50838,2.234059]",
2156,"[5.59332,1.50753,2.234169]",
2157,"[5.59332,1.506883,2.234064]",
2158,"[5.59332,1.50632,2.233882]",
2159,"[5.59332,1.506202,2.233772]",
2160,"[5.59332,1.505831,2.233413]",
2161,"[5.59332,1.505628,2.233218]",
2162,"[5.59332,1.505214,2.23281]",
2163,"[5.59332,1.504984,2.232593]",
2164,"[5.59332,1.504749,2.232347]",
2165,"[5.59332,1.504328,2.231715]",
2166,"[5.59332,1.504091,2.231291]",
2167,"[5.59332,1.503569,2.230709]",
2168,"[5.59332,1.503259,2.230563]",
2169,"[5.59332,1.502624,2.230477]",
2170,"[5.59332,1.502268,2.230543]",
2171,"[5.59332,1.501677,2.230824]",
2172,"[5.59332,1.501318,2.231034]",
2173,"[5.59332,1.500471,2.231567]",
2174,"[5.59332,1.500149,2.231767]",
2175,"[5.59332,1.499922,2.231692]",
2176,"[5.59332,1.499931,2.231769]",
2177,"[5.59332,1.499941,2.23185]",
2178,"[5.557575,1.503627,2.24219]",
2179,"[5.557575,1.503627,2.24219]",
2180,"[5.48014,1.511608,2.264639]",
2181,"[5.364234,1.523524,2.29834]",
2182,"[5.36224,1.523698,2.299091]",
2183,"[5.362461,1.519931,2.301705]",
2184,"[5.362279,1.516983,2.303814]",
2185,"[5.36158,1.512133,2.307426]",
2186,"[5.361207,1.510339,2.308833]",
2187,"[5.359807,1.507491,2.311123]",
2188,"[5.359382,1.506416,2.31214]",
2189,"[5.596013,1.474168,2.248853]",
2190,"[5.596457,1.472338,2.249462]",
2191,"[5.597205,1.469456,2.250325]",
2192,"[5.597439,1.468362,2.250595]",
2193,"[5.597496,1.467284,2.25066]",
2194,"[5.59739,1.465413,2.250538]",
2195,"[5.597119,1.46446,2.250226]",
2196,"[5.596551,1.462058,2.249571]",
2197,"[5.596087,1.460338,2.249037]",
2198,"[5.595654,1.457526,2.247701]",
2199,"[5.595422,1.456323,2.24696]",
2200,"[5.595107,1.45491,2.245951]",
2201,"[5.594295,1.452392,2.24335]",
2202,"[5.593831,1.451071,2.241865]",
2203,"[5.59332,1.448399,2.238088]",
2204,"[5.59332,1.446908,2.23577]",
2205,"[5.59332,1.444394,2.23048]",
2206,"[5.59332,1.442822,2.22701]",
2207,"[5.59332,1.440798,2.22257]",
2208,"[5.59332,1.433154,2.180365]",
2209,"[5.59332,1.430217,2.169151]",
2210,"[5.59332,1.425758,2.168636]",
2211,"[5.59332,1.423306,2.16766]",
2212,"[5.59332,1.41885,2.165834]",
2213,"[5.59332,1.416663,2.164068]",
2214,"[5.59332,1.424849,2.159782]",
2215,"[5.59332,1.428161,2.157147]",
2216,"[5.59332,1.436402,2.165407]",
2217,"[5.59332,1.44005,2.16945]",
2218,"[5.59332,1.44348,2.173174]",
2219,"[5.59332,1.448197,2.177742]",
2220,"[5.59332,1.450161,2.181759]",
2221,"[5.59332,1.453882,2.189386]",
2222,"[5.59332,1.455435,2.193057]",
2223,"[5.59332,1.457325,2.200156]",
2224,"[5.59332,1.457881,2.203728]",
2225,"[5.59332,1.458498,2.208922]",
2226,"[5.59332,1.458332,2.211818]",
2227,"[5.59332,1.458272,2.214074]",
2228,"[5.59332,1.45831,2.218539]",
2229,"[5.59332,1.458265,2.220937]",
2230,"[5.594388,1.455864,2.243648]",
2231,"[5.597461,1.454654,2.25062]",
2232,"[5.609274,1.452399,2.254216]",
2233,"[5.57596,1.443903,2.298704]",
2234,"[5.57596,1.439799,2.310208]",
2235,"[5.57596,1.439799,2.310208]",
2236,"[5.57596,1.437379,2.317789]",
2237,"[5.576854,1.435926,2.322219]",
2238,"[5.577383,1.434929,2.323915]",
2239,"[5.578181,1.433725,2.326471]",
2240,"[5.5786,1.433162,2.327648]",
2241,"[5.579278,1.432771,2.32843]",
2242,"[5.579278,1.432771,2.32843]",
2243,"[5.578255,1.432601,2.326708]",
2244,"[5.578271,1.432613,2.326759]",
2245,"[5.578307,1.432629,2.326874]",
2246,"[5.578456,1.432206,2.32735]",
2247,"[5.578738,1.431893,2.327807]",
2248,"[5.579763,1.431248,2.328989]",
2249,"[5.580585,1.430886,2.329937]",
2250,"[5.580822,1.430711,2.33021]",
2251,"[5.581318,1.430472,2.330782]",
2252,"[5.5815,1.430434,2.330992]",
2253,"[5.581757,1.430436,2.331288]",
2254,"[5.581802,1.430462,2.33134]",
2255,"[5.581975,1.43042,2.331539]",
2256,"[5.58214,1.430343,2.331729]",
2257,"[5.582493,1.430095,2.332136]",
2258,"[5.582531,1.430002,2.33218]",
2259,"[5.582452,1.429897,2.332089]",
2260,"[5.582326,1.429902,2.331943]",
2261,"[5.582235,1.429915,2.331838]",
2262,"[5.582015,1.429945,2.331585]",
2263,"[5.581697,1.429895,2.331218]",
2264,"[5.581154,1.429769,2.330593]",
2265,"[5.580865,1.42966,2.330259]",
2266,"[5.580618,1.429536,2.329975]",
2267,"[5.579882,1.429203,2.329126]",
2268,"[5.579584,1.429052,2.328782]",
2269,"[5.579024,1.428789,2.328137]",
2270,"[5.578705,1.428529,2.32777]",
2271,"[5.578305,1.42811,2.326867]",
2272,"[5.57813,1.427958,2.326308]",
2273,"[5.577763,1.427785,2.32513]",
2274,"[5.577566,1.427777,2.3245]",
2275,"[5.577164,1.428294,2.323212]",
2276,"[5.57698,1.428887,2.322625]",
2277,"[5.576789,1.429524,2.322012]",
2278,"[5.57596,1.489368,2.317729]",
2279,"[5.57596,1.510523,2.316492]",
2280,"[5.57596,1.528401,2.316348]",
2281,"[5.57596,1.533209,2.31619]",
2282,"[5.57596,1.53963,2.31554]",
2283,"[5.57596,1.541293,2.315387]",
2284,"[5.57596,1.542576,2.315219]",
2285,"[5.57596,1.544159,2.315179]",
2286,"[5.57596,1.545031,2.315128]",
2287,"[5.57596,1.546459,2.314997]",
2288,"[5.57596,1.546761,2.314915]",
2289,"[5.57596,1.547327,2.314744]",
2290,"[5.57596,1.5477,2.314632]",
2291,"[5.57596,1.54814,2.314424]",
2292,"[5.57596,1.548243,2.31432]",
2293,"[5.57596,1.548362,2.314221]",
2294,"[5.57596,1.548521,2.314069]",
2295,"[5.57596,1.548624,2.31389]",
2296,"[5.57596,1.548839,2.313557]",
2297,"[5.57596,1.548973,2.313392]",
2298,"[5.57596,1.549099,2.313245]",
2299,"[5.57596,1.549474,2.312968]",
2300,"[5.57596,1.550306,2.313046]",
2301,"[5.57596,1.550626,2.312826]",
2302,"[5.57596,1.550962,2.312607]",
2303,"[5.57596,1.551367,2.312394]",
2304,"[5.57596,1.551563,2.312343]",
2305,"[5.57596,1.551599,2.312272]",
2306,"[5.57596,1.551629,2.312248]",
2307,"[5.57596,1.532974,2.306348]",
2308,"[5.57596,1.479637,2.303646]",
2309,"[5.57596,1.461609,2.30286]",
2310,"[5.57596,1.442353,2.303805]",
2311,"[5.57596,1.437556,2.30418]",
2312,"[5.57596,1.430289,2.305215]",
2313,"[5.57596,1.427217,2.305383]",
2314,"[5.57596,1.423262,2.305665]",
2315,"[5.57596,1.421718,2.305565]",
2316,"[5.57596,1.419156,2.305588]",
2317,"[5.57596,1.417965,2.305542]",
2318,"[5.57596,1.416869,2.305503]",
2319,"[5.57596,1.415029,2.30553]",
2320,"[5.57596,1.414253,2.305439]",
2321,"[5.57596,1.413134,2.304998]",
2322,"[5.57596,1.412623,2.304633]",
2323,"[5.57596,1.411543,2.303606]",
2324,"[5.57596,1.41104,2.302972]",
2325,"[5.57596,1.410036,2.302421]",
2326,"[5.57596,1.408499,2.301576]",
2327,"[5.57596,1.407772,2.301194]",
2328,"[5.57596,1.406706,2.300466]",
2329,"[5.57596,1.406243,2.300069]",
2330,"[5.57596,1.415096,2.284488]",
2331,"[5.57596,1.417673,2.279778]",
2332,"[5.57596,1.419588,2.276171]",
2333,"[5.57596,1.422035,2.270959]",
2334,"[5.57596,1.422678,2.269165]",
2335,"[5.57596,1.42369,2.266104]",
2336,"[5.57596,1.424154,2.264568]",
2337,"[5.576054,1.424494,2.26237]",
2338,"[5.576252,1.424409,2.261794]",
2339,"[5.576817,1.424381,2.260158]",
2340,"[5.577172,1.424225,2.259131]",
2341,"[5.577598,1.42399,2.257896]",
2342,"[5.581569,1.42289,2.251086]",
2343,"[5.59332,1.42258,2.203238]",
2344,"[5.59332,1.423808,2.173632]",
2345,"[5.59332,1.42517,2.146314]",
2346,"[5.59332,1.427146,2.123525]",
2347,"[5.595019,1.427717,2.11485]",
2348,"[5.599878,1.427464,2.106688]",
2349,"[5.582432,1.430821,2.105725]",
2350,"[5.577605,1.43177,2.105255]",
2351,"[5.576017,1.432002,2.104224]",
2352,"[5.575117,1.432096,2.102642]",
2353,"[5.574476,1.431891,2.098085]",
2354,"[5.574563,1.431669,2.095592]",
2355,"[5.574698,1.431339,2.091724]",
2356,"[5.57477,1.43115,2.08967]",
2357,"[5.57482,1.431033,2.088238]",
2358,"[5.574913,1.431022,2.085572]",
2359,"[5.574955,1.431103,2.08436]",
2360,"[5.574988,1.432191,2.08341]",
2361,"[5.575012,1.433144,2.082736]",
2362,"[5.574953,1.436208,2.084441]",
2363,"[5.574891,1.437799,2.086214]",
2364,"[5.574822,1.440736,2.088169]",
2365,"[5.574743,1.441861,2.090439]",
2366,"[5.574671,1.443062,2.092512]",
2367,"[5.574511,1.44513,2.097091]",
2368,"[5.574429,1.445919,2.099447]",
2369,"[5.57538,1.447184,2.103702]",
2370,"[5.57727,1.447154,2.105037]",
2371,"[5.579841,1.446516,2.105634]",
2372,"[5.579515,1.445975,2.105623]",
2373,"[5.579393,1.445524,2.105619]",
2374,"[5.579545,1.444003,2.105624]",
2375,"[5.579542,1.443187,2.105624]",
2376,"[5.579397,1.441635,2.105619]",
2377,"[5.579195,1.440825,2.105612]",
2378,"[5.578549,1.439488,2.105589]",
2379,"[5.578094,1.439039,2.105573]",
2380,"[5.577793,1.438339,2.105377]",
2381,"[5.577557,1.438141,2.105224]",
2382,"[5.577314,1.437996,2.105066]",
2383,"[5.575873,1.438034,2.10413]",
2384,"[5.575197,1.438045,2.102962]",
2385,"[5.578642,1.430495,2.000947]",
2386,"[5.578642,1.429524,1.984876]",
2387,"[5.578642,1.426175,1.940597]",
2388,"[5.578642,1.42411,1.927079]",
2389,"[5.644339,1.405788,1.868197]",
2390,"[5.638983,1.400814,1.863688]",
2391,"[5.63221,1.374481,1.857987]",
2392,"[5.631245,1.354352,1.857175]",
2393,"[5.693073,1.095482,1.981407]",
2394,"[5.724266,1.038978,1.981407]",
2395,"[5.575065,0.8615117,2.102433]",
2396,"[5.580676,0.8129822,2.105664]",
2397,"[5.583098,0.7970681,2.105748]",
2398,"[5.589559,0.7914246,2.105974]",
2399,"[5.588575,0.7905143,2.105939]",
2400,"[5.587768,0.79125,2.105911]",
2401,"[5.584753,0.7969079,2.105806]",
2402,"[5.5828,0.8009009,2.105738]",
2403,"[5.577483,0.8098919,2.105175]",
2404,"[5.575386,0.8151821,2.103726]",
2405,"[5.574479,0.8412083,2.098003]",
2406,"[5.574608,0.8575635,2.094311]",
2407,"[5.574844,0.9056984,2.087547]",
2408,"[5.578642,1.360941,1.959093]",
2409,"[5.578642,1.362016,1.95854]",
2410,"[5.63967,1.405514,1.864267]",
2411,"[5.631782,1.420648,1.857627]",
2412,"[5.622338,1.440235,1.849677]",
2413,"[5.620928,1.443214,1.84849]",
2414,"[5.619581,1.446489,1.847356]",
2415,"[5.618202,1.449729,1.846195]",
2416,"[5.618087,1.449828,1.846098]",
2417,"[5.618382,1.449314,1.846347]",
2418,"[5.618538,1.448907,1.846478]",
2419,"[5.618619,1.448769,1.846546]",
2420,"[5.618535,1.448946,1.846476]",
2421,"[5.619632,1.447812,1.847399]",
2422,"[5.619883,1.447372,1.84761]",
2423,"[5.619927,1.447337,1.847647]",
2424,"[5.620491,1.446653,1.848122]",
2425,"[5.620869,1.445535,1.84844]",
2426,"[5.620896,1.445206,1.848463]",
2427,"[5.613808,1.447441,1.842497]",
2428,"[5.628116,1.478073,1.820218]",
2429,"[5.644709,1.494725,1.800507]",
2430,"[5.670828,1.524591,1.769479]",
2431,"[5.679796,1.532224,1.758824]",
2432,"[5.686417,1.541869,1.75096]",
2433,"[5.690515,1.54475,1.746092]",
2434,"[5.694272,1.54668,1.741628]",
2435,"[5.695381,1.546509,1.740311]",
2436,"[5.69666,1.546204,1.738791]",
2437,"[5.697182,1.545432,1.738171]",
2438,"[5.695863,1.542993,1.739738]",
2439,"[5.695747,1.538879,1.739876]",
2440,"[5.693761,1.536953,1.742234]",
2441,"[5.691692,1.534958,1.744693]",
2442,"[5.690669,1.53377,1.745909]",
2443,"[5.687767,1.532642,1.749356]",
2444,"[5.686686,1.532269,1.750641]",
2445,"[5.684174,1.532145,1.753625]",
2446,"[5.679128,1.532098,1.759618]",
2447,"[5.676916,1.532255,1.762247]",
2448,"[5.671698,1.533094,1.768445]",
2449,"[5.668626,1.533616,1.772094]",
2450,"[5.665959,1.533781,1.775262]",
2451,"[5.661308,1.533293,1.780787]",
2452,"[5.659255,1.532679,1.783227]",
2453,"[5.655811,1.531349,1.787318]",
2454,"[5.654568,1.530829,1.788795]",
2455,"[5.652585,1.530171,1.79115]",
2456,"[5.651671,1.529949,1.792235]",
2457,"[5.650098,1.529413,1.794105]",
2458,"[5.649859,1.529277,1.794389]",
2459,"[5.649692,1.529169,1.794587]",
2460,"[5.651643,1.52874,1.792269]",
2461,"[5.653622,1.528382,1.789918]",
2462,"[5.65547,1.527981,1.787724]",
2463,"[5.657833,1.522591,1.784917]",
2464,"[5.661383,1.515034,1.780699]",
2465,"[5.663066,1.511385,1.778699]",
2466,"[5.66456,1.508021,1.776924]",
2467,"[5.66653,1.502204,1.774585]",
2468,"[5.667175,1.500355,1.773818]",
2469,"[5.667818,1.498328,1.773054]",
2470,"[5.667996,1.497771,1.772842]",
2471,"[5.668304,1.496919,1.772476]",
2472,"[5.668413,1.49659,1.772348]",
2473,"[5.66843,1.496259,1.772327]",
2474,"[5.668397,1.496156,1.772366]",
2475,"[5.66842,1.496063,1.772339]",
2476,"[5.631885,1.499283,1.789052]",
2477,"[5.530144,1.508827,1.836548]",
2478,"[5.466817,1.514564,1.865789]",
2479,"[5.466817,1.514564,1.865789]",
2480,"[5.434056,1.517229,1.880778]",
2481,"[5.431592,1.517338,1.882005]",
2482,"[5.431538,1.517347,1.882111]",
2483,"[5.43146,1.517364,1.882278]",
2484,"[5.431577,1.517087,1.882947]",
2485,"[5.431474,1.51689,1.88349]",
2486,"[5.431113,1.516646,1.884928]",
2487,"[5.431026,1.516543,1.885355]",
2488,"[5.430993,1.516494,1.885803]",
2489,"[5.430569,1.516267,1.886332]",
2490,"[5.430118,1.516088,1.886602]",
2491,"[5.428745,1.515477,1.887116]",
2492,"[5.427775,1.515079,1.887341]",
2493,"[5.426515,1.514737,1.887703]",
2494,"[5.424587,1.513667,1.887424]",
2495,"[5.424237,1.512154,1.886644]",
2496,"[5.424588,1.509248,1.884998]",
2497,"[5.424344,1.507397,1.884142]",
2498,"[5.422903,1.503141,1.882133]",
2499,"[5.422093,1.50085,1.88086]",
2500,"[5.421676,1.496615,1.876161]",
2501,"[5.422087,1.494515,1.87308]",
2502,"[5.830713,1.437467,1.669438]",
2503,"[5.810552,1.43318,1.668734]",
2504,"[5.799102,1.431137,1.668335]",
2505,"[5.775503,1.425956,1.667511]",
2506,"[5.760603,1.421765,1.66699]",
2507,"[5.750318,1.418839,1.666631]",
2508,"[5.749888,1.41623,1.666616]",
2509,"[5.749761,1.41385,1.666611]",
2510,"[5.927214,1.333789,1.672808]",
2511,"[5.95,1.320597,1.677992]",
2512,"[5.95,1.308248,1.704074]",
2513,"[5.95,1.301915,1.718399]",
2514,"[5.95,1.293554,1.737034]",
2515,"[5.95,1.290382,1.745529]",
2516,"[5.95,1.28569,1.759823]",
2517,"[5.95,1.286264,1.768867]",
2518,"[5.95,1.288649,1.778589]",
2519,"[5.95,1.296333,1.797553]",
2520,"[5.578642,1.400147,1.930197]",
2521,"[5.578642,1.423874,1.949411]",
2522,"[5.578642,1.453191,1.968202]",
2523,"[5.95,1.538071,1.954556]",
2524,"[5.95,1.588718,1.982704]",
2525,"[5.578397,1.868831,2.113098]",
2526,"[5.572282,1.879034,2.118119]",
2527,"[5.572604,1.892699,2.125498]",
2528,"[5.574796,2.082325,2.175697]",
2529,"[5.575277,2.111693,2.18672]",
2530,"[5.576111,2.149858,2.205824]",
2531,"[5.576537,2.165103,2.215557]",
2532,"[5.576684,2.16763,2.218942]",
2533,"[5.576616,2.161555,2.217374]",
2534,"[5.576633,2.157916,2.21778]",
2535,"[5.576361,2.147275,2.211525]",
2536,"[5.576242,2.142379,2.208809]",
2537,"[5.575671,2.121357,2.195738]",
2538,"[5.575204,2.108343,2.185044]",
2539,"[5.574755,2.098242,2.174759]",
2540,"[5.574639,2.096781,2.172097]",
2541,"[5.573958,2.086479,2.156499]",
2542,"[5.573745,2.08324,2.151629]",
2543,"[5.573627,2.082024,2.148929]",
2544,"[5.57379,2.062058,2.152653]",
2545,"[5.573921,2.046419,2.155644]",
2546,"[5.574039,2.034127,2.158363]",
2547,"[5.574069,2.031988,2.159046]",
2548,"[5.57409,2.029253,2.159534]",
2549,"[5.57409,2.029253,2.159534]",
2550,"[5.574096,2.023846,2.159657]",
2551,"[5.574102,2.023062,2.159805]",
2552,"[5.574191,2.025943,2.161843]",
2553,"[5.5743,2.028392,2.164337]",
2554,"[5.574411,2.030581,2.166884]",
2555,"[5.574531,2.033346,2.169622]",
2556,"[5.574524,2.029516,2.169465]",
2557,"[5.574528,2.028893,2.169563]",
2558,"[5.574522,2.027128,2.169432]",
2559,"[5.574541,2.025281,2.169847]",
2560,"[5.574677,2.026113,2.172954]",
2561,"[5.57474,2.013441,2.174415]",
2562,"[5.574788,2.00837,2.175513]",
2563,"[5.574859,2.001691,2.177139]",
2564,"[5.574982,1.991255,2.17996]",
2565,"[5.575644,1.983286,2.195109]",
2566,"[5.576429,1.974316,2.213105]",
2567,"[5.576726,1.971137,2.219911]",
2568,"[5.576981,1.968628,2.225733]",
2569,"[5.577351,1.967465,2.234219]",
2570,"[5.577537,1.967166,2.238457]",
2571,"[5.577534,1.966622,2.238412]",
2572,"[5.577534,1.96647,2.238403]",
2573,"[5.57767,1.967238,2.241518]",
2574,"[5.577675,1.967304,2.241637]",
2575,"[5.577676,1.967392,2.241663]",
2576,"[5.577643,1.967674,2.240897]",
2577,"[5.577583,1.968448,2.239535]",
2578,"[5.57756,1.969034,2.239004]",
2579,"[5.577545,1.969899,2.238659]",
2580,"[5.577864,1.972615,2.245966]",
2581,"[5.578023,1.973784,2.249606]",
2582,"[5.579691,1.964182,2.287801]",
2583,"[5.580116,1.961448,2.297541]",
2584,"[5.580456,1.95993,2.305331]",
2585,"[5.580885,1.958231,2.315154]",
2586,"[5.581069,1.957652,2.319372]",
2587,"[5.581412,1.956125,2.32722]",
2588,"[5.581553,1.955224,2.330445]",
2589,"[5.581819,1.953188,2.336552]",
2590,"[5.581922,1.952215,2.338907]",
2591,"[5.582098,1.949995,2.342943]",
2592,"[5.582183,1.948892,2.34488]",
2593,"[5.582255,1.946738,2.346538]",
2594,"[5.582335,1.945209,2.348356]",
2595,"[5.582404,1.943872,2.349947]",
2596,"[5.582465,1.941394,2.35134]",
2597,"[5.582461,1.940596,2.351245]",
2598,"[5.582527,1.939419,2.352758]",
2599,"[5.582591,1.938934,2.354227]",
2600,"[5.582721,1.938158,2.357199]",
2601,"[5.583605,2.01464,2.377458]",
2602,"[5.583895,2.03565,2.384091]",
2603,"[5.584244,2.057049,2.392094]",
2604,"[5.58439,2.064116,2.395426]",
2605,"[5.584479,2.072333,2.397465]",
2606,"[5.584574,2.075412,2.399639]",
2607,"[5.584584,2.078403,2.39987]",
2608,"[5.584565,2.078989,2.399448]",
2609,"[5.584531,2.080686,2.398654]",
2610,"[5.58452,2.081501,2.398406]",
2611,"[5.584515,2.082018,2.398286]",
2612,"[5.584506,2.082522,2.398088]",
2613,"[5.584491,2.082718,2.397748]",
2614,"[5.584468,2.082932,2.39721]",
2615,"[5.584442,2.083336,2.39663]",
2616,"[5.58439,2.083896,2.395435]",
2617,"[5.584358,2.084087,2.3947]",
2618,"[5.584264,2.085056,2.392543]",
2619,"[5.584218,2.085478,2.391498]",
2620,"[5.584172,2.086137,2.390439]",
2621,"[5.584094,2.087454,2.388657]",
2622,"[5.584054,2.088147,2.387745]",
2623,"[5.583997,2.088978,2.386426]",
2624,"[5.583968,2.089443,2.385764]",
2625,"[5.583941,2.090195,2.385161]",
2626,"[5.583905,2.091833,2.384321]",
2627,"[5.583888,2.09288,2.383919]",
2628,"[5.583868,2.093927,2.38346]",
2629,"[5.58386,2.094277,2.383286]",
2630,"[5.583848,2.094963,2.383029]",
2631,"[5.583845,2.09532,2.382955]",
2632,"[5.583846,2.095846,2.382977]",
2633,"[5.58385,2.096107,2.383068]",
2634,"[5.583858,2.096319,2.383259]",
2635,"[5.583912,2.096521,2.384483]",
2636,"[5.583956,2.096756,2.38549]",
2637,"[5.584517,2.096268,2.398355]",
2638,"[5.697869,2.130399,2.5253]",
2639,"[5.559021,2.065421,2.540649]",
2640,"[5.640981,2.098705,2.56454]",
2641,"[5.608872,2.08112,2.57227]",
2642,"[5.608872,2.079403,2.57655]",
2643,"[5.608872,2.078161,2.579411]",
2644,"[5.608872,2.076133,2.584706]",
2645,"[5.608872,2.075717,2.585382]",
2646,"[5.608872,2.075136,2.586241]",
2647,"[5.608872,2.074897,2.58654]",
2648,"[5.608872,2.074239,2.586662]",
2649,"[5.608872,2.073872,2.586493]",
2650,"[5.608872,2.073094,2.585913]",
2651,"[5.608872,2.072752,2.585302]",
2652,"[5.608872,2.072478,2.584829]",
2653,"[5.608872,2.07213,2.583842]",
2654,"[5.608872,2.072059,2.583436]",
2655,"[5.608872,2.071912,2.582884]",
2656,"[5.608872,2.071857,2.582702]",
2657,"[5.608872,2.07161,2.582509]",
2658,"[5.608872,2.071238,2.582752]",
2659,"[5.608872,2.03865,2.660589]",
2660,"[5.608872,2.0297,2.684729]",
2661,"[5.608872,2.025573,2.696905]",
2662,"[5.608872,2.01644,2.715711]",
2663,"[5.608872,2.013208,2.722773]",
2664,"[5.608872,2.008614,2.734114]",
2665,"[5.608872,2.006415,2.738264]",
2666,"[5.608872,2.004016,2.741865]",
2667,"[5.608872,2.003314,2.74211]",
2668,"[5.608872,2.002168,2.741933]",
2669,"[5.608872,2.000314,2.741692]",
2670,"[5.608872,1.999474,2.741481]",
2671,"[5.608872,1.998126,2.739314]",
2672,"[5.608872,1.997291,2.737326]",
2673,"[5.608872,1.995438,2.733379]",
2674,"[5.608872,1.994438,2.731274]",
2675,"[5.608872,1.992373,2.726748]",
2676,"[5.608872,1.991537,2.724047]",
2677,"[5.608872,1.990983,2.721588]",
2678,"[5.608872,1.996437,2.656909]",
2679,"[5.608872,1.998089,2.639262]",
2680,"[5.583133,2.013469,2.366651]",
2681,"[5.582978,2.013736,2.363101]",
2682,"[5.58274,2.014036,2.357634]",
2683,"[5.582686,2.014033,2.35641]",
2684,"[5.582638,2.014043,2.355303]",
2685,"[5.582554,2.013558,2.353372]",
2686,"[5.58251,2.013142,2.352385]",
2687,"[5.582413,2.011528,2.350158]",
2688,"[5.582365,2.010628,2.349041]",
2689,"[5.582276,2.00882,2.347026]",
2690,"[5.582228,2.007779,2.34592]",
2691,"[5.582136,2.005799,2.343809]",
2692,"[5.58208,2.004503,2.342518]",
2693,"[5.582029,2.003271,2.341361]",
2694,"[5.582011,2.002088,2.340942]",
2695,"[5.582004,2.001472,2.340769]",
2696,"[5.581989,2.000887,2.340447]",
2697,"[5.581977,2.000697,2.340159]",
2698,"[5.581955,2.000016,2.339668]",
2699,"[5.581948,1.999532,2.339491]",
2700,"[5.581943,1.999095,2.339377]",
2701,"[5.581926,1.997823,2.338992]",
2702,"[5.581911,1.996962,2.338641]",
2703,"[5.581875,1.995776,2.337826]",
2704,"[5.581856,1.995433,2.337403]",
2705,"[5.581845,2.00876,2.337147]",
2706,"[5.581821,2.012107,2.336587]",
2707,"[5.581808,2.015651,2.336297]",
2708,"[5.581807,2.017302,2.336267]",
2709,"[5.5818,2.018245,2.336121]",
2710,"[5.581789,2.019588,2.335849]",
2711,"[5.581783,2.02034,2.335728]",
2712,"[5.581786,2.024152,2.335793]",
2713,"[5.581787,2.026082,2.335801]",
2714,"[5.581766,2.029945,2.335335]",
2715,"[5.581788,2.032924,2.335827]",
2716,"[5.581795,2.035836,2.335992]",
2717,"[5.58179,2.041289,2.335878]",
2718,"[5.581827,2.044343,2.336728]",
2719,"[5.581876,2.050033,2.33786]",
2720,"[5.581899,2.052879,2.338382]",
2721,"[5.581902,2.058179,2.33845]",
2722,"[5.581886,2.060884,2.338075]",
2723,"[5.581857,2.0645,2.337424]",
2724,"[5.581375,2.040963,2.326382]",
2725,"[5.58116,2.030242,2.321439]",
2726,"[5.580943,2.020791,2.316486]",
2727,"[5.58087,2.018319,2.314812]",
2728,"[5.58072,2.014634,2.311372]",
2729,"[5.580643,2.013417,2.30961]",
2730,"[5.580497,2.010579,2.306272]",
2731,"[5.580389,2.011466,2.303788]",
2732,"[5.580237,2.008111,2.300315]",
2733,"[5.580176,2.003319,2.298916]",
2734,"[5.580117,2.000738,2.297563]",
2735,"[5.580075,1.997714,2.2966]",
2736,"[5.580046,1.99699,2.295939]",
2737,"[5.579986,1.994086,2.294549]",
2738,"[5.579958,1.991123,2.293936]",
2739,"[5.579906,1.987868,2.292736]",
2740,"[5.579884,1.987075,2.292228]",
2741,"[5.579743,2.027795,2.289011]",
2742,"[5.579671,2.046744,2.287344]",
2743,"[5.579626,2.067685,2.286313]",
2744,"[5.579574,2.089673,2.285118]",
2745,"[5.579676,2.096318,2.287468]",
2746,"[5.579806,2.102709,2.29044]",
2747,"[5.579859,2.104457,2.291646]",
2748,"[5.579979,2.106996,2.294416]",
2749,"[5.580052,2.108009,2.296069]",
2750,"[5.580118,2.108853,2.297586]",
2751,"[5.580227,2.109858,2.300076]",
2752,"[5.580277,2.110118,2.301242]",
2753,"[5.580368,2.110409,2.303319]",
2754,"[5.580407,2.110524,2.304213]",
2755,"[5.58049,2.111049,2.306106]",
2756,"[5.580535,2.111248,2.30714]",
2757,"[5.580624,2.111058,2.309165]",
2758,"[5.580645,2.110919,2.309658]",
2759,"[5.580668,2.110877,2.310181]",
2760,"[5.580709,2.11145,2.311107]",
2761,"[5.580738,2.111917,2.311779]",
2762,"[5.580777,2.11298,2.312682]",
2763,"[5.580749,2.113527,2.312039]",
2764,"[5.580672,2.114199,2.310271]",
2765,"[5.580607,2.11438,2.308782]",
2766,"[5.580533,2.11416,2.307078]",
2767,"[5.57623,2.044586,2.208524]",
2768,"[5.575717,2.037062,2.196783]",
2769,"[5.575014,2.028718,2.18068]",
2770,"[5.574757,2.024983,2.17479]",
2771,"[5.574644,2.022224,2.172198]",
2772,"[5.574533,2.01914,2.169677]",
2773,"[5.574419,2.015597,2.167055]",
2774,"[5.574308,2.011987,2.164526]",
2775,"[5.576038,2.010866,2.204149]",
2776,"[5.576423,2.009397,2.212962]",
2777,"[5.576816,2.009171,2.221949]",
2778,"[5.577322,2.008409,2.233554]",
2779,"[5.577519,2.00854,2.238074]",
2780,"[5.577933,2.011423,2.247551]",
2781,"[5.57814,2.012516,2.252283]",
2782,"[5.57843,2.014885,2.258922]",
2783,"[5.578607,2.017289,2.262975]",
2784,"[5.578908,2.022901,2.269871]",
2785,"[5.579065,2.025636,2.273462]",
2786,"[5.579252,2.028342,2.277753]",
2787,"[5.579601,2.036424,2.285756]",
2788,"[5.579773,2.038352,2.289688]",
2789,"[5.580039,2.040083,2.295771]",
2790,"[5.58077,2.03418,2.312508]",
2791,"[5.581725,2.03003,2.334393]",
2792,"[5.582025,2.029667,2.34126]",
2793,"[5.58235,2.029573,2.34871]",
2794,"[5.582479,2.029599,2.351668]",
2795,"[5.582473,2.029355,2.351528]",
2796,"[5.582464,2.028645,2.351315]",
2797,"[5.582454,2.027184,2.351089]",
2798,"[5.582445,2.02457,2.350888]",
2799,"[5.582452,2.023121,2.351034]",
2800,"[5.582463,2.021535,2.351298]",
2801,"[5.582438,2.019395,2.350729]",
2802,"[5.582409,2.013432,2.350058]",
2803,"[5.582399,2.006631,2.349827]",
2804,"[5.582411,2.003762,2.350115]",
2805,"[5.58248,2.001515,2.351686]",
2806,"[5.582551,1.999557,2.353321]",
2807,"[5.582678,1.996944,2.356231]",
2808,"[5.58272,1.996865,2.357191]",
2809,"[5.582816,1.996473,2.359374]",
2810,"[5.582872,1.996099,2.360671]",
2811,"[5.582938,1.995577,2.362171]",
2812,"[5.583083,1.994106,2.365491]",
2813,"[5.583154,1.992924,2.367119]",
2814,"[5.583301,1.990545,2.370484]",
2815,"[5.58338,1.989412,2.372288]",
2816,"[5.583491,1.98826,2.374839]",
2817,"[5.583526,1.988189,2.375635]",
2818,"[5.583577,1.992509,2.37681]",
2819,"[5.583649,1.997494,2.378453]",
2820,"[5.583644,2.002476,2.378348]",
2821,"[5.583429,2.016263,2.373432]",
2822,"[5.583361,2.020974,2.371871]",
2823,"[5.583307,2.024792,2.370632]",
2824,"[5.583182,2.029749,2.367769]",
2825,"[5.583052,2.034885,2.364778]",
2826,"[5.582905,2.040247,2.361424]",
2827,"[5.582839,2.042512,2.359896]",
2828,"[5.578804,2.043165,2.358611]",
2829,"[5.533645,2.028456,2.364001]",
2830,"[5.396746,1.978776,2.385018]",
2831,"[5.383711,1.975169,2.385997]",
2832,"[5.383318,1.976362,2.384827]",
2833,"[5.38336,1.97734,2.384082]",
2834,"[5.383416,1.978018,2.383521]",
2835,"[5.383674,1.978903,2.382824]",
2836,"[5.383814,1.979529,2.382433]",
2837,"[5.384186,1.980622,2.381832]",
2838,"[5.384243,1.981195,2.381599]",
2839,"[5.384141,1.981668,2.381389]",
2840,"[5.384337,1.982302,2.381012]",
2841,"[5.384287,1.982606,2.380764]",
2842,"[5.384493,1.983096,2.380315]",
2843,"[5.384481,1.983726,2.379678]",
2844,"[5.384489,1.984046,2.379312]",
2845,"[5.384578,1.984115,2.378834]",
2846,"[5.384715,1.983988,2.378476]",
2847,"[5.38484,1.983872,2.378136]",
2848,"[5.385023,1.98373,2.377911]",
2849,"[5.385515,1.983808,2.377691]",
2850,"[5.386201,1.983673,2.377402]",
2851,"[5.386846,1.983263,2.377019]",
2852,"[5.39023,1.984383,2.376244]",
2853,"[5.416905,1.994771,2.371191]",
2854,"[5.601681,2.067138,2.336657]",
2855,"[5.771719,2.133798,2.304716]",
2856,"[5.771719,2.134016,2.304092]",
2857,"[5.771719,2.077807,2.263034]",
2858,"[5.771719,2.053688,2.247015]",
2859,"[5.771719,2.033066,2.229953]",
2860,"[5.95,2.081218,2.177962]",
2861,"[5.95,2.080133,2.17071]",
2862,"[5.95,2.081597,2.162448]",
2863,"[5.95,2.081533,2.154003]",
2864,"[5.95,2.08393,2.14522]",
2865,"[5.95,2.08571,2.134729]",
2866,"[5.95,2.099449,2.10956]",
2867,"[5.902318,2.08869,2.116895]",
2868,"[5.875821,2.08707,2.11597]",
2869,"[5.845763,2.086755,2.114921]",
2870,"[5.837672,2.085405,2.114638]",
2871,"[5.832298,2.083845,2.11445]",
2872,"[5.822151,2.082392,2.114096]",
2873,"[5.792114,2.080143,2.113047]",
2874,"[5.786732,2.077723,2.112859]",
2875,"[5.765899,2.073173,2.112132]",
2876,"[5.759006,2.061571,2.111891]",
2877,"[5.749941,2.052091,2.111574]",
2878,"[5.729167,2.037151,2.110849]",
2879,"[5.726199,2.031727,2.110745]",
2880,"[5.721872,2.023174,2.110594]",
2881,"[5.719649,2.019684,2.110517]",
2882,"[5.716048,2.007112,2.110391]",
2883,"[5.721426,1.990896,2.110579]",
2884,"[5.74711,1.976531,2.111475]",
2885,"[5.761436,1.973354,2.111976]",
2886,"[5.768443,1.971418,2.11222]",
2887,"[5.781325,1.962866,2.11267]",
2888,"[5.785808,1.957177,2.112827]",
2889,"[5.80096,1.95555,2.113356]",
2890,"[5.808836,1.955957,2.113631]",
2891,"[5.822379,1.95657,2.114104]",
2892,"[5.828447,1.956398,2.114316]",
2893,"[5.850204,1.954362,2.115076]",
2894,"[5.857921,1.952806,2.115345]",
2895,"[5.864682,1.951376,2.115581]",
2896,"[5.87356,1.94862,2.115891]",
2897,"[5.87696,1.946705,2.11601]",
2898,"[5.881797,1.949377,2.116179]",
2899,"[5.883049,1.951272,2.116222]",
2900,"[5.660702,2.034374,1.921184]",
2901,"[5.655881,2.039331,1.896318]",
2902,"[5.651796,2.037559,1.875252]",
2903,"[5.650558,2.03407,1.868864]",
2904,"[5.649721,2.029793,1.864551]",
2905,"[5.649192,2.017449,1.861821]",
2906,"[5.649518,2.00996,1.863506]",
2907,"[5.651,1.978861,1.871148]",
2908,"[5.651038,1.968594,1.871344]",
2909,"[5.650856,1.948392,1.870402]",
2910,"[5.650414,1.935543,1.868124]",
2911,"[5.649731,1.935984,1.8646]",
2912,"[5.648878,1.934246,1.860201]",
2913,"[5.64629,1.947076,1.846855]",
2914,"[5.644716,1.95127,1.838738]",
2915,"[5.640471,1.97314,1.816846]",
2916,"[5.636262,1.989682,1.795138]",
2917,"[5.632281,2.006119,1.774609]",
2918,"[5.629718,2.013161,1.761392]",
2919,"[5.625703,2.028427,1.740686]",
2920,"[5.732053,2.073333,1.665993]",
2921,"[5.696527,2.0683,1.664752]",
2922,"[5.679462,2.062433,1.664157]",
2923,"[5.637872,2.037905,1.662704]",
2924,"[5.635008,2.03382,1.662604]",
2925,"[5.627877,2.029082,1.662355]",
2926,"[5.625931,2.027813,1.662287]",
2927,"[5.621553,2.025451,1.662134]",
2928,"[5.616105,2.022711,1.661944]",
2929,"[5.614301,2.021178,1.661881]",
2930,"[5.614534,2.019827,1.661889]",
2931,"[5.615276,2.018284,1.661915]",
2932,"[5.617501,2.016332,1.661993]",
2933,"[5.619956,2.015887,1.662079]",
2934,"[5.621683,2.015339,1.662139]",
2935,"[5.626235,2.012881,1.662298]",
2936,"[5.630768,2.00878,1.662456]",
2937,"[5.644796,2.0005,1.662946]",
2938,"[5.658952,1.988948,1.66344]",
2939,"[5.673186,1.969615,1.663938]",
2940,"[5.747651,1.78765,1.666538]",
2941,"[5.738224,1.514527,1.689415]",
2942,"[5.733138,1.478862,1.695456]",
2943,"[5.66452,1.264227,1.748791]",
2944,"[5.589454,1.255092,1.793604]",
2945,"[5.624534,1.115159,1.775202]",
2946,"[5.624534,1.065627,1.77675]",
2947,"[5.624534,1.006795,1.778702]",
2948,"[5.624534,0.9803762,1.777855]",
2949,"[5.624534,0.9404678,1.776721]",
2950,"[5.624534,0.9199633,1.775322]",
2951,"[5.624534,0.9067574,1.775162]",
2952,"[5.624534,0.880235,1.774587]",
2953,"[5.624534,0.8305139,1.773836]",
2954,"[5.624534,0.8257009,1.773963]",
2955,"[5.624534,0.8193964,1.777038]",
2956,"[5.624534,0.803129,1.782069]",
2957,"[5.624534,0.8072758,1.809864]",
2958,"[5.624534,0.8058628,1.831821]",
2959,"[5.624534,0.8400456,1.859619]",
2960,"[5.624534,0.8662658,1.886536]",
2961,"[5.624534,0.9403495,1.93029]",
2962,"[5.624534,0.9814282,1.964404]",
2963,"[5.655992,1.006324,1.981407]",
2964,"[5.655992,1.006324,1.981407]",
2965,"[5.828328,0.9750136,1.981407]",
2966,"[5.574946,1.235445,2.20904]",
2967,"[5.573783,1.257179,2.242343]",
2968,"[5.57932,1.296804,2.454127]",
2969,"[5.57932,1.29707,2.470752]",
2970,"[5.57932,1.289223,2.495418]",
2971,"[5.580322,1.279887,2.498145]",
2972,"[5.57459,1.264227,2.503877]",
2973,"[5.565152,1.242705,2.489508]",
2974,"[5.95,1.043856,2.517822]",
2975,"[5.95,0.9979659,2.493397]",
2976,"[5.747825,0.9851997,2.386055]",
2977,"[5.599608,0.9712056,2.330143]",
2978,"[5.571259,0.622529,2.080678]",
2979,"[5.569416,0.6048039,2.071799]",
2980,"[5.57428,0.4653043,1.932514]",
2981,"[5.576239,0.4070745,1.8764]",
2982,"[5.57763,0.3798227,1.836574]",
2983,"[5.579523,0.3212869,1.782357]",
2984,"[5.580631,0.3043411,1.750624]",
2985,"[5.581367,0.3068264,1.729555]",
2986,"[5.58268,0.285243,1.691955]",
2987,"[5.58298,0.2921643,1.683371]",
2988,"[5.583588,0.3094029,1.665955]",
2989,"[5.577622,0.3249276,1.656081]",
2990,"[5.577706,0.3250264,1.643941]",
2991,"[5.743106,0.0999999,1.494523]",
2992,"[5.751146,0.0999999,1.488091]",
2993,"[5.579172,0.3996816,1.659447]",
2994,"[5.579172,0.3996816,1.659447]",
2995,"[5.583447,0.421283,1.669988]",
2996,"[5.58168,0.4971191,1.720603]",
2997,"[5.581152,0.5183322,1.73572]",
2998,"[5.580624,0.5346752,1.750839]",
2999,"[5.580508,0.5363045,1.754168]",
3000,"[5.58041,0.5360867,1.756951]",
3001,"[5.580403,0.534974,1.757162]",
3002,"[5.580422,0.5327477,1.75661]",
3003,"[5.580495,0.5281255,1.754521]",
3004,"[5.580564,0.5256413,1.752553]",
3005,"[5.580583,0.5243303,1.751999]",
3006,"[5.580567,0.5255888,1.752468]",
3007,"[5.580567,0.5255888,1.752468]",
3008,"[5.58041,0.5330123,1.756944]",
3009,"[5.580307,0.5379205,1.759914]",
3010,"[5.579815,0.5557269,1.773999]",
3011,"[5.579418,0.5679424,1.785381]",
3012,"[5.57885,0.5834912,1.801628]",
3013,"[5.578119,0.6027097,1.822558]",
3014,"[5.580208,0.622529,1.848977]",
3015,"[5.586192,0.6430933,1.887008]",
3016,"[5.596,0.6868379,2.231878]",
3017,"[5.627074,0.6622186,2.260245]",
3018,"[5.576019,0.6818622,2.705126]",
3019,"[5.576019,0.6817426,2.71236]",
3020,"[5.587105,0.6622184,2.746449]",
3021,"[5.578064,0.6622184,2.76588]",
3022,"[5.570862,0.6622184,2.768616]",
3023,"[5.560546,0.6622185,2.774438]",
3024,"[5.555369,0.6572165,2.769653]",
3025,"[5.555983,0.6414155,2.752081]",
3026,"[5.556165,0.6337035,2.746858]",
3027,"[5.557603,0.622529,2.711989]",
3028,"[5.558177,0.622529,2.683452]",
3029,"[5.558352,0.622529,2.66538]",
3030,"[5.561552,0.622529,2.624335]",
3031,"[5.563527,0.622529,2.599451]",
3032,"[5.566566,0.622529,2.573946]",
3033,"[5.558925,0.6331025,2.543406]",
3034,"[5.563018,0.6292977,2.520935]",
3035,"[5.571311,0.622529,2.486978]",
3036,"[5.570911,0.622529,2.456798]",
3037,"[5.569388,0.622529,2.345064]",
3038,"[5.579365,0.576893,1.786896]",
3039,"[5.579455,0.5759794,1.7843]",
3040,"[5.579736,0.5729588,1.776253]",
3041,"[5.581909,0.5653791,1.714035]",
3042,"[5.583155,0.5615793,1.678349]",
3043,"[5.577606,0.5605611,1.6468]",
3044,"[5.577651,0.5592459,1.645504]",
3045,"[5.577739,0.5538476,1.642989]",
3046,"[5.577703,0.5514662,1.644029]",
3047,"[5.577549,0.5509801,1.655811]",
3048,"[5.583091,0.5454639,1.680192]",
3049,"[5.582712,0.5464208,1.691048]",
3050,"[5.582092,0.5487114,1.708782]",
3051,"[5.581849,0.5495926,1.715745]",
3052,"[5.580969,0.5553047,1.740956]",
3053,"[5.580505,0.560541,1.754233]",
3054,"[5.580163,0.5640605,1.764029]",
3055,"[5.580045,0.5658243,1.767406]",
3056,"[5.579964,0.5670046,1.769743]",
3057,"[5.579868,0.5683407,1.772476]",
3058,"[5.579813,0.5711493,1.774076]",
3059,"[5.579731,0.5774502,1.77641]",
3060,"[5.57971,0.5807411,1.777]",
3061,"[5.579633,0.588167,1.77921]",
3062,"[5.579533,0.5916684,1.782071]",
3063,"[5.579379,0.5971403,1.786493]",
3064,"[5.579379,0.5971403,1.786493]",
3065,"[5.579263,0.6016853,1.789801]",
3066,"[5.579062,0.6061833,1.795578]",
3067,"[5.578924,0.6097901,1.799526]",
3068,"[5.57878,0.6139847,1.803654]",
3069,"[5.578676,0.6173346,1.806625]",
3070,"[5.578581,0.6202941,1.809347]",
3071,"[5.578855,0.622529,1.812101]",
3072,"[5.580899,0.622529,1.813387]",
3073,"[5.582901,0.622529,1.814618]",
3074,"[5.583639,0.622529,1.816045]",
3075,"[5.584478,0.622529,1.817377]",
3076,"[5.58534,0.622529,1.818871]",
3077,"[5.586758,0.622529,1.821454]",
3078,"[5.587387,0.622529,1.822529]",
3079,"[5.587553,0.622529,1.823234]",
3080,"[5.587547,0.622529,1.823293]",
3081,"[5.587561,0.622529,1.823345]",
3082,"[5.587189,0.622529,1.823081]",
3083,"[5.586959,0.622529,1.822945]",
3084,"[5.586573,0.622529,1.822746]",
3085,"[5.586379,0.622529,1.822658]",
3086,"[5.58594,0.622529,1.822478]",
3087,"[5.5859,0.622529,1.822462]",
3088,"[5.585865,0.622529,1.822449]",
3089,"[5.585589,0.622529,1.822494]",
3090,"[5.584533,0.622529,1.82283]",
3091,"[5.582835,0.622529,1.823618]",
3092,"[5.581965,0.622529,1.824132]",
3093,"[5.580147,0.622529,1.825368]",
3094,"[5.579352,0.622529,1.825849]",
3095,"[5.579282,0.622529,1.825906]",
3096,"[5.579186,0.622529,1.825982]",
3097,"[5.578984,0.622529,1.826051]",
3098,"[5.578452,0.622529,1.826033]",
3099,"[5.578006,0.622529,1.825854]",
3100,"[5.578044,0.6214299,1.824715]",
3101,"[5.578063,0.6208892,1.824188]",
3102,"[5.57808,0.6203394,1.823691]",
3103,"[5.578088,0.6198663,1.823446]",
3104,"[5.578094,0.6194773,1.823265]",
3105,"[5.578102,0.6191952,1.823065]",
3106,"[5.578108,0.6188794,1.822873]",
3107,"[5.578112,0.6186822,1.822779]",
3108,"[5.578114,0.6184641,1.822717]",
3109,"[5.578118,0.6179906,1.822603]",
3110,"[5.57812,0.6176962,1.82254]",
3111,"[5.578126,0.6169919,1.822359]",
3112,"[5.578134,0.6165326,1.822151]",
3113,"[5.57814,0.6161053,1.821953]",
3114,"[5.578156,0.6152506,1.821524]",
3115,"[5.578163,0.6148673,1.821318]",
3116,"[5.578163,0.6147364,1.821304]",
3117,"[5.578162,0.6147025,1.821327]",
3118,"[5.578161,0.6146193,1.821366]",
3119,"[5.57816,0.6146048,1.821387]",
3120,"[5.578156,0.6148385,1.821519]",
3121,"[5.578152,0.6150683,1.821623]",
3122,"[5.578145,0.6153764,1.821825]",
3123,"[5.578102,0.6173969,1.823055]",
3124,"[5.578041,0.6204637,1.824811]",
3125,"[5.58037,0.622529,1.826085]",
3126,"[5.586277,0.622529,1.826598]",
3127,"[5.588546,0.6315856,1.833185]",
3128,"[5.587721,0.6458502,1.843215]",
3129,"[5.587779,0.6591421,1.85268]",
3130,"[5.600907,0.6622185,1.856803]",
3131,"[5.616626,0.6622184,1.859116]",
3132,"[5.624534,0.670923,1.866631]",
3133,"[5.624534,0.6847771,1.87669]",
3134,"[5.624534,0.7097117,1.894943]",
3135,"[5.624534,0.7209421,1.903226]",
3136,"[5.624534,0.7326911,1.911975]",
3137,"[5.624534,0.73882,1.916575]",
3138,"[5.624534,0.7448768,1.921165]",
3139,"[5.624534,0.7589918,1.934467]",
3140,"[5.624534,0.779519,1.956395]",
3141,"[5.667365,0.7692426,1.981407]",
3142,"[5.556022,0.9735212,2.370131]",
3143,"[5.600486,0.9796571,2.402251]",
3144,"[5.611629,0.9810914,2.409413]",
3145,"[5.601915,0.9806014,2.409692]",
3146,"[5.601915,0.9806014,2.409692]",
3147,"[5.539053,0.9484208,2.371543]",
3148,"[5.545524,0.8941007,2.345425]",
3149,"[5.788692,0.6622185,2.288349]",
3150,"[5.775126,0.6622186,2.280206]",
3151,"[5.596,0.7799338,2.272017]",
3152,"[5.596,0.7661741,2.250733]",
3153,"[5.596,0.7596058,2.241932]",
3154,"[5.596,0.7517206,2.233155]",
3155,"[5.596,0.747819,2.228896]",
3156,"[5.670973,0.6761009,2.209196]",
3157,"[5.682368,0.6622186,2.203648]",
3158,"[5.677965,0.6622186,2.201211]",
3159,"[5.673198,0.6622186,2.199814]",
3160,"[5.669357,0.6622185,2.198736]",
3161,"[5.666592,0.6622185,2.198299]",
3162,"[5.664632,0.6622186,2.198014]",
3163,"[5.662935,0.6622185,2.197863]",
3164,"[5.662113,0.6622185,2.197734]",
3165,"[5.661292,0.6622186,2.197561]",
3166,"[5.660538,0.6622185,2.1973]",
3167,"[5.659738,0.6622186,2.197109]",
3168,"[5.659168,0.6622186,2.196848]",
3169,"[5.658848,0.6622186,2.196566]",
3170,"[5.658423,0.6622185,2.196107]",
3171,"[5.634341,0.6622186,2.167485]",
3172,"[5.613783,0.6622185,2.143366]",
3173,"[5.607033,0.6622185,2.136309]",
3174,"[5.602012,0.6622186,2.131278]",
3175,"[5.593238,0.6622186,2.124899]",
3176,"[5.589772,0.6622185,2.123623]",
3177,"[5.584112,0.6622186,2.121807]",
3178,"[5.580877,0.6621796,2.121121]",
3179,"[5.57863,0.6598134,2.119802]",
3180,"[5.578185,0.658056,2.119104]",
3181,"[5.578109,0.6562859,2.118465]",
3182,"[5.578124,0.6549094,2.118041]",
3183,"[5.578127,0.6545369,2.117946]",
3184,"[5.578131,0.6540474,2.117845]",
3185,"[5.578131,0.6539072,2.11785]",
3186,"[5.57813,0.6537015,2.11788]",
3187,"[5.578129,0.6536105,2.117906]",
3188,"[5.578128,0.653523,2.11791]",
3189,"[5.578127,0.6533862,2.117939]",
3190,"[5.578127,0.6532874,2.117952]",
3191,"[5.578125,0.653045,2.118008]",
3192,"[5.578124,0.6529163,2.118055]",
3193,"[5.578121,0.652633,2.118133]",
3194,"[5.578119,0.6524209,2.118185]",
3195,"[5.578122,0.6521,2.118091]",
3196,"[5.57812,0.651044,2.118159]",
3197,"[5.578088,0.6491227,2.119064]",
3198,"[5.950001,0.2430377,2.15143]",
3199,"[5.950001,0.2275233,2.188805]",
3200,"[5.950001,0.208237,2.24559]",
3201,"[5.950001,0.198542,2.269957]",
3202,"[5.950001,0.1918023,2.286914]",
3203,"[5.950001,0.1842617,2.308269]",
3204,"[5.950001,0.1803179,2.325669]",
3205,"[5.950001,0.1795596,2.329098]",
3206,"[5.950001,0.1788816,2.332821]",
3207,"[5.950001,0.1784869,2.335061]",
3208,"[5.950001,0.1781209,2.336287]",
3209,"[5.950001,0.1781366,2.34045]",
3210,"[5.950001,0.1785439,2.342865]",
3211,"[5.950001,0.1794278,2.346674]",
3212,"[5.950001,0.1807492,2.352466]",
3213,"[5.950001,0.1827509,2.360259]",
3214,"[5.575531,0.5732423,2.368227]",
3215,"[5.574848,0.5887955,2.387787]",
3216,"[5.574009,0.6049309,2.411824]",
3217,"[5.573824,0.6078908,2.417114]",
3218,"[5.573654,0.6097746,2.421977]",
3219,"[5.573654,0.6097746,2.421977]",
3220,"[5.573549,0.6107991,2.42498]",
3221,"[5.573439,0.611806,2.428151]",
3222,"[5.573371,0.6131582,2.430074]",
3223,"[5.573378,0.6146414,2.429892]",
3224,"[5.57341,0.6159863,2.428976]",
3225,"[5.57341,0.6159863,2.428976]",
3226,"[5.573442,0.6170959,2.428047]",
3227,"[5.573475,0.6183206,2.427113]",
3228,"[5.5735,0.6189179,2.426407]",
3229,"[5.573517,0.6193103,2.425915]",
3230,"[5.573542,0.6201527,2.425206]",
3231,"[5.573574,0.6208348,2.424273]",
3232,"[5.573593,0.6212307,2.423739]",
3233,"[5.573607,0.6215661,2.423311]",
3234,"[5.573615,0.6218348,2.423106]",
3235,"[5.573614,0.6218994,2.423136]",
3236,"[5.573607,0.6218595,2.423321]",
3237,"[5.573595,0.6216837,2.423678]",
3238,"[5.573595,0.621569,2.423692]",
3239,"[5.57358,0.6213187,2.424102]",
3240,"[5.573571,0.6213626,2.424374]",
3241,"[5.573559,0.6213936,2.424704]",
3242,"[5.573557,0.6212569,2.424764]",
3243,"[5.573585,0.6211325,2.423954]",
3244,"[5.573599,0.6210247,2.423554]",
3245,"[5.574225,0.6218096,2.405613]",
3246,"[5.574617,0.6223366,2.394408]",
3247,"[5.576983,0.622529,2.37925]",
3248,"[5.569946,0.6306057,2.373308]",
3249,"[5.569777,0.6318232,2.368846]",
3250,"[5.569656,0.6339874,2.360529]",
3251,"[5.56978,0.634683,2.356981]",
3252,"[5.569975,0.6357561,2.351406]",
3253,"[5.570002,0.6358654,2.350642]",
3254,"[5.570057,0.6359284,2.349038]",
3255,"[5.570084,0.6358991,2.348295]",
3256,"[5.57011,0.635862,2.347529]",
3257,"[5.570162,0.6359648,2.346029]",
3258,"[5.57018,0.636204,2.345535]",
3259,"[5.570201,0.6365618,2.344918]",
3260,"[5.570225,0.6370989,2.344242]",
3261,"[5.57024,0.6372125,2.343811]",
3262,"[5.570254,0.6373566,2.343407]",
3263,"[5.570267,0.6375022,2.343037]",
3264,"[5.570288,0.637677,2.34244]",
3265,"[5.57031,0.6378801,2.3418]",
3266,"[5.570316,0.6382158,2.341636]",
3267,"[5.570323,0.6384901,2.341431]",
3268,"[5.570333,0.6383504,2.341132]",
3269,"[5.57035,0.637858,2.340667]",
3270,"[5.570366,0.636767,2.340204]",
3271,"[5.57038,0.6350328,2.339808]",
3272,"[5.570439,0.6331718,2.339557]",
3273,"[5.571139,0.6305718,2.339415]",
3274,"[5.950001,0.2588894,2.324072]",
3275,"[5.950001,0.2577488,2.327695]",
3276,"[5.575797,0.622529,2.369512]",
3277,"[5.575191,0.622529,2.389007]",
3278,"[5.565307,0.6489176,2.485068]",
3279,"[5.564529,0.6534204,2.507345]",
3280,"[5.564529,0.6534204,2.507345]",
3281,"[5.559526,0.6610211,2.526179]",
3282,"[5.558969,0.6639798,2.54216]",
3283,"[5.563967,0.6610788,2.556288]",
3284,"[5.564547,0.6617438,2.569332]",
3285,"[5.564745,0.6620864,2.578938]",
3286,"[5.564477,0.6620042,2.582933]",
3287,"[5.564179,0.6618987,2.586774]",
3288,"[5.562562,0.6609585,2.591153]",
3289,"[5.562174,0.6601692,2.593762]",
3290,"[5.561916,0.6595196,2.596179]",
3291,"[5.56169,0.6588812,2.597777]",
3292,"[5.561657,0.6587326,2.597571]",
3293,"[5.561605,0.6582776,2.595578]",
3294,"[5.561584,0.6580931,2.594769]",
3295,"[5.561566,0.657832,2.593292]",
3296,"[5.561621,0.6564773,2.590626]",
3297,"[5.561665,0.6555468,2.589362]",
3298,"[5.561734,0.6545544,2.587387]",
3299,"[5.561761,0.6543164,2.586625]",
3300,"[5.561785,0.6536846,2.585918]",
3301,"[5.56181,0.6526254,2.585206]",
3302,"[5.561818,0.6517153,2.584981]",
3303,"[5.561813,0.6505311,2.585114]",
3304,"[5.561796,0.6494671,2.58562]",
3305,"[5.561771,0.6483568,2.586315]",
3306,"[5.56097,0.6389339,2.609254]",
3307,"[5.566971,0.622529,2.630179]",
3308,"[5.564619,0.622529,2.632429]",
3309,"[5.560901,0.622529,2.635287]",
3310,"[5.559361,0.622529,2.636047]",
3311,"[5.556203,0.622529,2.637629]",
3312,"[5.554747,0.622529,2.638342]",
3313,"[5.553379,0.622529,2.638172]",
3314,"[5.551151,0.622529,2.638228]",
3315,"[5.550762,0.622529,2.63843]",
3316,"[5.549532,0.622529,2.640203]",
3317,"[5.548347,0.622529,2.642283]",
3318,"[5.52983,0.622529,2.651602]",
3319,"[5.527828,0.6154794,2.658622]",
3320,"[5.527331,0.5880135,2.672857]",
3321,"[5.527118,0.5695941,2.678979]",
3322,"[5.526997,0.5592919,2.682435]",
3323,"[5.52687,0.542962,2.686068]",
3324,"[5.526842,0.5350502,2.686862]",
3325,"[5.526863,0.5213274,2.686274]",
3326,"[5.526908,0.5139656,2.684966]",
3327,"[5.527481,0.5040736,2.668571]",
3328,"[5.528086,0.4998201,2.651249]",
3329,"[5.528912,0.4972391,2.6276]",
3330,"[5.535789,0.5256726,2.430665]",
3331,"[5.537053,0.5312976,2.394454]",
3332,"[5.576859,0.5974647,1.858648]",
3333,"[5.581757,0.6011941,1.718391]",
3334,"[5.577952,0.6082443,1.636872]",
3335,"[5.709112,0.4818874,1.476214]",
3336,"[5.670572,0.5185729,1.476214]",
3337,"[5.632235,0.5706402,1.476214]",
3338,"[5.610125,0.5960674,1.476214]",
3339,"[5.583376,0.6228747,1.476214]",
3340,"[5.577748,0.6251475,1.476214]",
3341,"[5.608512,0.5721694,1.476214]",
3342,"[5.620408,0.5479549,1.476214]",
3343,"[5.639816,0.5153803,1.476214]",
3344,"[5.651039,0.4830225,1.476214]",
3345,"[5.675148,0.4451843,1.476214]",
3346,"[5.707189,0.3947701,1.476214]",
3347,"[5.71886,0.3761793,1.476214]",
3348,"[5.725789,0.3628798,1.476214]",
3349,"[5.742544,0.3448746,1.476214]",
3350,"[5.57756,0.5185056,1.6481]",
3351,"[5.577386,0.516623,1.65308]",
3352,"[5.580441,0.5125266,1.660217]",
3353,"[5.583471,0.5109385,1.669309]",
3354,"[5.583339,0.5124046,1.673087]",
3355,"[5.583065,0.514693,1.68093]",
3356,"[5.583025,0.5144547,1.682058]",
3357,"[5.582802,0.519056,1.688454]",
3358,"[5.582641,0.520936,1.693065]",
3359,"[5.582421,0.5269469,1.699377]",
3360,"[5.582359,0.5313737,1.701141]",
3361,"[5.57754,0.549534,1.648673]",
3362,"[5.742287,0.3843821,1.476214]",
3363,"[5.713129,0.4175175,1.476214]",
3364,"[5.672693,0.4592077,1.476214]",
3365,"[5.662573,0.469434,1.476214]",
3366,"[5.650252,0.4809524,1.476214]",
3367,"[5.646395,0.4841361,1.476214]",
3368,"[5.644952,0.485625,1.476214]",
3369,"[5.640426,0.4887013,1.476214]",
3370,"[5.641535,0.487078,1.476214]",
3371,"[5.645252,0.4844708,1.476214]",
3372,"[5.647567,0.4824541,1.476214]",
3373,"[5.650943,0.4797748,1.476214]",
3374,"[5.653448,0.4776914,1.476214]",
3375,"[5.66045,0.472123,1.476214]",
3376,"[5.670124,0.4648847,1.476214]",
3377,"[5.678105,0.4591078,1.476214]",
3378,"[5.678105,0.4591078,1.476214]",
3379,"[5.684826,0.4547978,1.476214]",
3380,"[5.690747,0.4512183,1.476214]",
3381,"[5.696198,0.4481162,1.476214]",
3382,"[5.701365,0.4460692,1.476214]",
3383,"[5.705123,0.4449916,1.476214]",
3384,"[5.71033,0.4441788,1.476214]",
3385,"[5.712593,0.4439945,1.476214]",
3386,"[5.715427,0.4430792,1.476214]",
3387,"[5.716409,0.4425202,1.476214]",
3388,"[5.717156,0.4420286,1.476214]",
3389,"[5.718618,0.4409464,1.476214]",
3390,"[5.719377,0.4399781,1.476214]",
3391,"[5.721157,0.4376563,1.476214]",
3392,"[5.722107,0.4363105,1.476214]",
3393,"[5.723998,0.4336211,1.476214]",
3394,"[5.725124,0.432012,1.476214]",
3395,"[5.725889,0.4307262,1.476214]",
3396,"[5.726718,0.4294114,1.476214]",
3397,"[5.727535,0.4281165,1.476214]",
3398,"[5.729322,0.4255492,1.476214]",
3399,"[5.730386,0.4240796,1.476214]",
3400,"[5.732277,0.4216767,1.476214]",
3401,"[5.732992,0.4208052,1.476214]",
3402,"[5.733785,0.4199354,1.476214]",
3403,"[5.734666,0.4190111,1.476214]",
3404,"[5.735357,0.4178612,1.476214]",
3405,"[5.736255,0.4159806,1.476214]",
3406,"[5.736878,0.4148092,1.476214]",
3407,"[5.739912,0.4099147,1.476214]",
3408,"[5.741919,0.4066722,1.476214]",
3409,"[5.583532,0.5600013,1.667554]",
3410,"[5.582439,0.5582611,1.698862]",
3411,"[5.581388,0.5533914,1.728945]",
3412,"[5.580999,0.5497521,1.740081]",
3413,"[5.580723,0.5464433,1.747986]",
3414,"[5.580307,0.5393664,1.759915]",
3415,"[5.580157,0.5355272,1.764204]",
3416,"[5.580039,0.5317184,1.767589]",
3417,"[5.579953,0.5294896,1.770058]",
3418,"[5.579887,0.5276257,1.771924]",
3419,"[5.579887,0.5276257,1.771924]",
3420,"[5.579831,0.5256804,1.773543]",
3421,"[5.579788,0.5260442,1.77478]",
3422,"[5.579747,0.5263761,1.775936]",
3423,"[5.579747,0.5263761,1.775936]",
3424,"[5.579697,0.527194,1.777387]",
3425,"[5.579655,0.5278851,1.778588]",
3426,"[5.579609,0.5287011,1.779909]",
3427,"[5.579566,0.5294436,1.781128]",
3428,"[5.579555,0.5298226,1.781439]",
3429,"[5.57955,0.5300887,1.781587]",
3430,"[5.579548,0.5302566,1.781652]",
3431,"[5.579545,0.5304563,1.781724]",
3432,"[5.579546,0.5306336,1.781695]",
3433,"[5.579549,0.5307564,1.781623]",
3434,"[5.579557,0.530846,1.781395]",
3435,"[5.57956,0.5308452,1.781295]",
3436,"[5.579566,0.5308074,1.781151]",
3437,"[5.579565,0.5307733,1.781157]",
3438,"[5.579556,0.5309678,1.781434]",
3439,"[5.579547,0.5311381,1.781662]",
3440,"[5.579547,0.5311922,1.781672]",
3441,"[5.579546,0.5312617,1.781687]",
3442,"[5.773147,0.3291926,1.667428]",
3443,"[5.7743,0.3285413,1.667469]",
3444,"[5.779341,0.3312308,1.667645]",
3445,"[5.78336,0.3329273,1.667785]",
3446,"[5.78631,0.3351814,1.667888]",
3447,"[5.788676,0.336704,1.667971]",
3448,"[5.792758,0.3386086,1.668113]",
3449,"[5.794563,0.3390701,1.668176]",
3450,"[5.796679,0.3402411,1.66825]",
3451,"[5.796679,0.3402411,1.66825]",
3452,"[5.797071,0.341489,1.668264]",
3453,"[5.797389,0.3426983,1.668275]",
3454,"[5.797383,0.3439145,1.668275]",
3455,"[5.796665,0.3465095,1.668249]",
3456,"[5.796031,0.3477678,1.668227]",
3457,"[5.795506,0.3488296,1.668209]",
3458,"[5.795153,0.349448,1.668197]",
3459,"[5.794559,0.3505521,1.668176]",
3460,"[5.794539,0.3508061,1.668175]",
3461,"[5.794667,0.3512871,1.66818]",
3462,"[5.794821,0.351519,1.668185]",
3463,"[5.858407,0.2919614,1.670406]",
3464,"[5.877997,0.2730812,1.67109]",
3465,"[5.892376,0.2589728,1.671592]",
3466,"[5.912884,0.2393039,1.672308]",
3467,"[5.92057,0.2322918,1.672576]",
3468,"[5.936325,0.2184945,1.673127]",
3469,"[5.941105,0.2143381,1.673293]",
3470,"[5.950001,0.2064885,1.672807]",
3471,"[5.950001,0.207006,1.674239]",
3472,"[5.881327,0.2314227,1.671206]",
3473,"[5.61068,0.4191309,1.661755]",
3474,"[5.57864,0.4285665,1.633399]",
3475,"[5.742099,0.222526,1.476214]",
3476,"[5.711936,0.2475437,1.476214]",
3477,"[5.577362,0.4400517,1.65378]",
3478,"[5.629117,0.4015532,1.662399]",
3479,"[5.661185,0.3755876,1.663518]",
3480,"[5.72007,0.3176419,1.665575]",
3481,"[5.735073,0.3006885,1.666099]",
3482,"[5.762243,0.2668811,1.667048]",
3483,"[5.777741,0.2491792,1.667589]",
3484,"[5.795402,0.2302509,1.668205]",
3485,"[5.800879,0.2248208,1.668397]",
3486,"[5.80498,0.2205833,1.66854]",
3487,"[5.816468,0.2089219,1.668941]",
3488,"[5.827988,0.1986918,1.669343]",
3489,"[5.845293,0.1838817,1.669948]",
3490,"[5.852427,0.178344,1.670197]",
3491,"[5.870822,0.1641713,1.670839]",
3492,"[5.880824,0.1568211,1.671188]",
3493,"[5.896847,0.1453994,1.671748]",
3494,"[5.911761,0.1360755,1.672269]",
3495,"[5.950001,0.1445942,1.696495]",
3496,"[5.95,0.1839166,1.731591]",
3497,"[5.95,0.2078192,1.751252]",
3498,"[5.95,0.2243134,1.766903]",
3499,"[5.95,0.2390898,1.780989]",
3500,"[5.95,0.251619,1.797036]",
3501,"[5.95,0.2565227,1.80709]",
3502,"[5.95,0.2644101,1.821953]",
3503,"[5.95,0.2655572,1.826378]",
3504,"[5.95,0.2663358,1.830633]",
3505,"[5.95,0.2661618,1.840884]",
3506,"[5.95,0.2653961,1.847156]",
3507,"[5.95,0.2635974,1.853867]",
3508,"[5.95,0.2621776,1.854677]",
3509,"[5.95,0.2601794,1.854064]",
3510,"[5.95,0.2564382,1.853313]",
3511,"[5.95,0.2524605,1.85154]",
3512,"[5.95,0.2478503,1.848568]",
3513,"[5.95,0.242671,1.845757]",
3514,"[5.95,0.2285361,1.838482]",
3515,"[5.95,0.1645657,1.802283]",
3516,"[5.95,0.1064524,1.770252]",
3517,"[5.93829,0.1,1.761323]",
3518,"[5.927162,0.1,1.756022]",
3519,"[5.923227,0.1,1.753644]",
3520,"[5.921681,0.1,1.752791]",
3521,"[5.91986,0.1,1.751686]",
3522,"[5.919595,0.1,1.751576]",
3523,"[5.919448,0.1,1.752304]",
3524,"[5.919765,0.1,1.753165]",
3525,"[5.920398,0.1,1.755123]",
3526,"[5.921595,0.1,1.75718]",
3527,"[5.922718,0.1,1.759883]",
3528,"[5.923803,0.1,1.762303]",
3529,"[5.924634,0.1,1.76411]",
3530,"[5.925278,0.1,1.766219]",
3531,"[5.925449,0.1,1.768414]",
3532,"[5.921405,0.1,1.806402]",
3533,"[5.918344,0.1,1.818935]",
3534,"[5.913909,0.1,1.830709]",
3535,"[5.91022,0.1,1.840965]",
3536,"[5.907123,0.1,1.849391]",
3537,"[5.905102,0.1,1.856176]",
3538,"[5.906527,0.1,1.860392]",
3539,"[5.912309,0.1,1.870019]",
3540,"[5.915317,0.1,1.874824]",
3541,"[5.92203,0.1,1.885607]",
3542,"[5.925946,0.1,1.891613]",
3543,"[5.930739,0.1,1.898186]",
3544,"[5.930739,0.1,1.898186]",
3545,"[5.95,0.1210814,1.932735]",
3546,"[5.583571,0.5537292,1.941684]",
3547,"[5.582738,0.5873219,1.965544]",
3548,"[5.581973,0.6111869,1.987446]",
3549,"[5.581738,0.6169017,1.994155]",
3550,"[5.583076,0.622529,2.003263]",
3551,"[5.58187,0.6331252,2.012575]",
3552,"[5.581494,0.6463833,2.021531]",
3553,"[5.58289,0.6615208,2.034116]",
3554,"[5.615814,0.6622185,2.058339]",
3555,"[5.576283,0.7998383,2.076442]",
3556,"[5.574771,0.918731,2.089638]",
3557,"[5.574959,0.966058,2.102003]",
3558,"[5.950001,0.8891002,2.233406]",
3559,"[5.950001,0.9363281,2.251266]",
3560,"[5.950001,0.9781029,2.271305]",
3561,"[5.582224,1.33762,2.250243]",
3562,"[5.57596,1.368467,2.267699]",
3563,"[5.57596,1.409179,2.298904]",
3564,"[5.639285,1.435351,2.359524]",
3565,"[5.640179,1.454348,2.389149]",
3566,"[5.639837,1.40787,2.377887]",
3567,"[5.640108,1.405187,2.386904]",
3568,"[5.599323,1.419293,2.406694]",
3569,"[5.57932,1.435858,2.430507]",
3570,"[5.624699,1.48158,2.656627]",
3571,"[5.579812,1.49593,2.669894]",
3572,"[5.578144,1.506223,2.701857]",
3573,"[5.571976,1.523913,2.752618]",
3574,"[5.572364,1.522799,2.758526]",
3575,"[5.574038,1.518002,2.752213]",
3576,"[5.573482,1.519596,2.755216]",
3577,"[5.573663,1.519075,2.753036]",
3578,"[5.572993,1.520996,2.749116]",
3579,"[5.553688,1.576364,2.713108]",
3580,"[5.547802,1.593245,2.708601]",
3581,"[5.543738,1.604901,2.707896]",
3582,"[5.539268,1.617722,2.707081]",
3583,"[5.538597,1.619647,2.703401]",
3584,"[5.537323,1.623301,2.700857]",
3585,"[5.537313,1.623329,2.694888]",
3586,"[5.537477,1.622857,2.683958]",
3587,"[5.537502,1.622785,2.67884]",
3588,"[5.538431,1.620122,2.657279]",
3589,"[5.538532,1.619833,2.653659]",
3590,"[5.539201,1.617914,2.648791]",
3591,"[5.540976,1.612824,2.638951]",
3592,"[5.541771,1.610542,2.634156]",
3593,"[5.543196,1.606457,2.623697]",
3594,"[5.543488,1.605619,2.620328]",
3595,"[5.543829,1.60464,2.616729]",
3596,"[5.543902,1.60443,2.61518]",
3597,"[5.543796,1.604736,2.613179]",
3598,"[5.543798,1.60473,2.612248]",
3599,"[5.543752,1.604862,2.6115]",
3600,"[5.543936,1.604332,2.610285]",
3601,"[5.54419,1.603603,2.609989]",
3602,"[5.544454,1.602848,2.609842]",
3603,"[5.545079,1.601055,2.609622]",
3604,"[5.545598,1.599566,2.609625]",
3605,"[5.546428,1.597186,2.609846]",
3606,"[5.547051,1.595398,2.610329]",
3607,"[5.547769,1.59334,2.616415]",
3608,"[5.547769,1.59334,2.616415]",
3609,"[5.548645,1.590827,2.622402]",
3610,"[5.550313,1.586046,2.622791]",
3611,"[5.95,1.438283,2.668556]",
3612,"[5.95,1.424885,2.666798]",
3613,"[5.95,1.412874,2.666456]",
3614,"[5.95,1.405328,2.666796]",
3615,"[5.95,1.397947,2.668085]",
3616,"[5.95,1.391997,2.669342]",
3617,"[5.95,1.387382,2.670109]",
3618,"[5.95,1.380904,2.6715]",
3619,"[5.95,1.378038,2.672377]",
3620,"[5.95,1.372582,2.675224]",
3621,"[5.95,1.372582,2.675224]",
3622,"[5.95,1.370689,2.677072]",
3623,"[5.95,1.369021,2.679171]",
3624,"[5.95,1.368725,2.679979]",
3625,"[5.95,1.368718,2.681408]",
3626,"[5.95,1.368927,2.682256]",
3627,"[5.95,1.369759,2.683375]",
3628,"[5.95,1.370374,2.683259]",
3629,"[5.95,1.370973,2.683253]",
3630,"[5.95,1.379279,2.671579]",
3631,"[5.95,1.384469,2.663548]",
3632,"[5.95,1.388128,2.656235]",
3633,"[5.95,1.390078,2.65137]",
3634,"[5.95,1.391374,2.648389]",
3635,"[5.95,1.392347,2.646584]",
3636,"[5.95,1.393306,2.643583]",
3637,"[5.95,1.393828,2.641819]",
3638,"[5.95,1.395619,2.639452]",
3639,"[5.95,1.39694,2.638686]",
3640,"[5.567041,1.538066,2.630768]",
3641,"[5.556887,1.567189,2.638678]",
3642,"[5.552684,1.579244,2.642035]",
3643,"[5.546689,1.596437,2.646831]",
3644,"[5.545215,1.600664,2.648078]",
3645,"[5.543044,1.606892,2.650166]",
3646,"[5.542759,1.607708,2.650862]",
3647,"[5.542657,1.608001,2.651377]",
3648,"[5.542809,1.607564,2.652063]",
3649,"[5.54325,1.606301,2.652167]",
3650,"[5.546164,1.597944,2.650188]",
3651,"[5.548291,1.591842,2.648151]",
3652,"[5.95,1.403875,2.653491]",
3653,"[5.328225,1.382288,2.556617]",
3654,"[5.24304,1.389044,2.546256]",
3655,"[5.235168,1.388131,2.544632]",
3656,"[5.230289,1.387262,2.544155]",
3657,"[5.234745,1.385585,2.544886]",
3658,"[5.240408,1.384937,2.546605]",
3659,"[5.250311,1.384914,2.550231]",
3660,"[5.254452,1.385881,2.552207]",
3661,"[5.30448,1.376323,2.55942]",
3662,"[5.366066,1.360345,2.565409]",
3663,"[5.699196,1.264227,2.592026]",
3664,"[5.710881,1.264227,2.595303]",
3665,"[5.95,1.255764,2.637445]",
3666,"[5.95,1.29398,2.655369]",
3667,"[5.95,1.37203,2.684701]",
3668,"[5.95,1.414181,2.700919]",
3669,"[5.95,1.426114,2.70491]",
3670,"[5.95,1.432911,2.708127]",
3671,"[5.95,1.436656,2.709873]",
3672,"[5.95,1.439898,2.71211]",
3673,"[5.95,1.440989,2.713909]",
3674,"[5.95,1.441898,2.715777]",
3675,"[5.95,1.426998,2.771666]",
3676,"[5.95,1.420588,2.793628]",
3677,"[5.95,1.405618,2.817429]",
3678,"[5.95,1.405618,2.817429]",
3679,"[5.95,1.399869,2.825765]",
3680,"[5.95,1.395642,2.830218]",
3681,"[5.95,1.390458,2.833855]",
3682,"[5.95,1.379018,2.835715]",
3683,"[5.95,1.37006,2.835277]",
3684,"[5.95,1.346905,2.829836]",
3685,"[5.95,1.328395,2.82128]",
3686,"[5.264677,1.357709,2.544442]",
3687,"[5.258143,1.348225,2.531879]",
3688,"[5.731391,0.9808826,2.352335]",
3689,"[5.703974,0.9779723,2.340022]",
3690,"[5.678617,0.975373,2.329427]",
3691,"[5.596,1.006922,2.328401]",
3692,"[5.596,0.9943315,2.312415]",
3693,"[5.596,0.9802899,2.295712]",
3694,"[5.950001,0.7593598,2.20154]",
3695,"[5.950001,0.7587439,2.180377]",
3696,"[5.950001,0.7683054,2.181909]",
3697,"[5.950001,0.7734103,2.181636]",
3698,"[5.950001,0.7797036,2.180876]",
3699,"[5.950001,0.7811885,2.180372]",
3700,"[5.950001,0.7859948,2.18344]",
3701,"[5.950001,0.787546,2.188316]",
3702,"[5.950001,0.7873419,2.190717]",
3703,"[5.950001,0.7858846,2.192023]",
3704,"[5.950001,0.7818973,2.191763]",
3705,"[5.950001,0.7678431,2.182646]",
3706,"[5.950001,0.7545279,2.172892]",
3707,"[5.950001,0.7430329,2.164164]",
3708,"[5.950001,0.7341541,2.161129]",
3709,"[5.950001,0.7282286,2.160069]",
3710,"[5.950001,0.7234303,2.159132]",
3711,"[5.950001,0.7224631,2.159472]",
3712,"[5.950001,0.7213805,2.159756]",
3713,"[5.950001,0.72079,2.161574]",
3714,"[5.950001,0.7201987,2.162813]",
3715,"[5.950001,0.7204502,2.164244]",
3716,"[5.950001,0.7229518,2.169958]",
3717,"[5.950001,0.7255011,2.176224]",
3718,"[5.950001,0.7269626,2.18019]",
3719,"[5.950001,0.7281452,2.183137]",
3720,"[5.950001,0.7288864,2.185168]",
3721,"[5.950001,0.7305584,2.187545]",
3722,"[5.950001,0.7327811,2.190675]",
3723,"[5.950001,0.7363425,2.197581]",
3724,"[5.950001,0.7397539,2.204083]",
3725,"[5.950001,0.7438022,2.211455]",
3726,"[5.596,0.9706464,2.290231]",
3727,"[5.596,0.9740222,2.297759]",
3728,"[5.591375,0.9788561,2.399585]",
3729,"[5.95,0.7133923,2.655156]",
3730,"[5.95,0.7083881,2.681265]",
3731,"[5.95,0.7009543,2.7182]",
3732,"[5.95,0.698207,2.732987]",
3733,"[5.95,0.6939365,2.744852]",
3734,"[5.95,0.6901471,2.758291]",
3735,"[5.95,0.6897476,2.761476]",
3736,"[5.95,0.6897897,2.76632]",
3737,"[5.95,0.6904058,2.767571]",
3738,"[5.95,0.6912787,2.767108]",
3739,"[5.95,0.6930459,2.766812]",
3740,"[5.95,0.6953633,2.765856]",
3741,"[5.95,0.7013407,2.762352]",
3742,"[5.95,0.7048815,2.759515]",
3743,"[5.95,0.70809,2.7571]",
3744,"[5.95,0.708145,2.749939]",
3745,"[5.95,0.7116051,2.706354]",
3746,"[5.95,0.7116051,2.706354]",
3747,"[5.596,1.015313,2.320063]",
3748,"[5.596,1.016385,2.314216]",
3749,"[5.596,1.017002,2.304351]",
3750,"[5.950001,0.8152377,2.226539]",
3751,"[5.950001,0.8109778,2.200104]",
3752,"[5.950001,0.8033258,2.162271]",
3753,"[5.950001,0.7976145,2.141087]",
3754,"[5.950001,0.7884372,2.121422]",
3755,"[5.950001,0.78157,2.111151]",
3756,"[5.865236,0.8149307,2.115601]",
3757,"[5.837487,0.8200526,2.114632]",
3758,"[5.802718,0.828048,2.113417]",
3759,"[5.787581,0.8206348,2.112889]",
3760,"[5.792582,0.8109558,2.113063]",
3761,"[5.793165,0.8049351,2.113084]",
3762,"[5.810078,0.7911006,2.113674]",
3763,"[5.815403,0.784043,2.11386]",
3764,"[5.820744,0.776219,2.114047]",
3765,"[5.683529,0.834554,2.109255]",
3766,"[5.624239,0.8573145,2.107185]",
3767,"[5.589907,0.8610466,2.105986]",
3768,"[5.578045,0.8595352,2.105541]",
3769,"[5.576249,0.8526533,2.104374]",
3770,"[5.58598,0.8406006,2.105849]",
3771,"[5.638363,0.7991073,2.107678]",
3772,"[5.708222,0.7441165,2.110118]",
3773,"[5.818214,0.6622186,2.144499]",
3774,"[5.805583,0.6622186,2.274625]",
3775,"[5.543897,0.8560708,2.373185]",
3776,"[5.680123,0.6622185,2.90049]",
3777,"[5.665329,0.6622185,2.930632]",
3778,"[5.322287,0.8335092,3.139148]",
3779,"[5.283368,0.8577402,3.139808]",
3780,"[5.27434,0.8449941,3.182646]",
3781,"[5.259019,0.8220071,3.255352]",
3782,"[5.253052,0.8157054,3.283666]",
3783,"[5.254318,0.8175846,3.277661]",
3784,"[5.254434,0.8167588,3.277107]",
3785,"[5.25378,0.8141068,3.28021]",
3786,"[5.267842,0.8297246,3.213483]",
3787,"[5.271973,0.8343132,3.193879]",
3788,"[5.282084,0.8476192,3.145898]",
3789,"[5.283529,0.8488603,3.139042]",
3790,"[5.351836,0.8028424,3.145375]",
3791,"[5.368647,0.7899957,3.148917]",
3792,"[5.417397,0.7525235,3.15919]",
3793,"[5.44344,0.74586,3.136872]",
3794,"[5.445977,0.7466429,3.130222]",
3795,"[5.448347,0.7471527,3.122486]",
3796,"[5.444214,0.7455704,3.131206]",
3797,"[5.437479,0.7426798,3.143269]",
3798,"[5.429517,0.7392789,3.157635]",
3799,"[5.401938,0.7546269,3.155933]",
3800,"[5.391836,0.7609871,3.153804]",
3801,"[5.385446,0.7650414,3.152457]",
3802,"[5.38317,0.7666953,3.151978]",
3803,"[5.383305,0.7666945,3.152006]",
3804,"[5.395174,0.7594038,3.154507]",
3805,"[5.423463,0.7439108,3.160469]",
3806,"[5.438898,0.7444339,3.148608]",
3807,"[5.473651,0.7599241,3.091261]",
3808,"[5.577725,0.7570674,2.966061]",
3809,"[5.756691,0.6622183,2.938315]",
3810,"[5.665352,0.9826367,2.397871]",
3811,"[5.950001,0.9586067,2.118165]",
3812,"[5.78921,1.042084,2.112946]",
3813,"[5.626164,1.122665,2.107252]",
3814,"[5.773351,1.07117,1.981407]",
3815,"[5.758059,1.077546,1.981407]",
3816,"[5.716264,1.094648,1.981407]",
3817,"[5.718911,1.089658,1.981407]",
3818,"[5.690427,1.097218,1.981407]",
3819,"[5.711811,1.082096,1.981407]",
3820,"[5.773384,1.04738,1.981407]",
3821,"[5.596302,1.113676,2.106209]",
3822,"[5.655416,1.082583,2.108274]",
3823,"[5.748498,1.030485,2.111524]",
3824,"[5.792338,1.005603,2.113055]",
3825,"[5.797112,1.00039,2.113222]",
3826,"[5.624534,0.9532658,1.963599]",
3827,"[5.624534,0.9399228,1.931139]",
3828,"[5.547893,0.8492568,1.563032]",
3829,"[5.510658,0.8670129,1.563032]",
3830,"[5.435908,0.9005975,1.560289]",
3831,"[5.417258,0.9005975,1.529872]",
3832,"[5.38553,0.9005975,1.489902]",
3833,"[5.368167,0.9005975,1.47742]",
3834,"[5.36146,0.9005975,1.475404]",
3835,"[5.317362,0.9005975,1.436263]",
3836,"[5.291712,0.8734025,1.337594]",
3837,"[5.395406,0.6726176,0.940755]",
3838,"[4.889351,1.213117,1.518633]",
3839,"[4.889351,1.213117,1.518633]",
3840,"[4.771042,1.311864,1.518633]",
3841,"[4.740625,1.311661,1.467636]",
3842,"[4.76922,1.15589,0.8405682]",
3843,"[4.769751,1.155599,0.8405682]",
3844,"[4.768241,1.154793,0.8405682]",
3845,"[4.740625,1.246492,1.195926]",
3846,"[4.740625,1.252245,1.229676]",
3847,"[4.740625,1.273135,1.331445]",
3848,"[4.740625,1.276317,1.362701]",
3849,"[4.740625,1.306669,1.494775]",
3850,"[4.740625,1.305611,1.501483]",
3851,"[4.740625,1.179944,1.428891]",
3852,"[4.740625,1.156883,1.406394]",
3853,"[4.740625,0.9876702,1.338127]",
3854,"[4.740625,0.9841564,1.358628]",
3855,"[4.740625,0.9807048,1.369677]",
3856,"[4.740625,0.9756919,1.375654]",
3857,"[4.740625,0.9816194,1.392881]",
3858,"[4.740625,0.995396,1.418234]",
3859,"[4.740625,0.9993532,1.428577]",
3860,"[4.740625,1.003656,1.439756]",
3861,"[4.740625,1.008849,1.453442]",
3862,"[4.740625,1.02713,1.513248]",
3863,"[4.744143,1.022915,1.518633]",
3864,"[4.744143,1.022915,1.518633]",
3865,"[4.750157,1.013117,1.518633]",
3866,"[4.755124,1.009057,1.518633]",
3867,"[4.760894,1.00497,1.518633]",
3868,"[4.768836,0.9969957,1.518633]",
3869,"[4.772377,0.9928821,1.518633]",
3870,"[4.779203,0.9792836,1.518633]",
3871,"[4.781239,0.9728883,1.518633]",
3872,"[4.781096,0.9702165,1.518633]",
3873,"[4.780734,0.968439,1.518633]",
3874,"[4.778427,0.9707799,1.518633]",
3875,"[4.773052,0.9770536,1.518633]",
3876,"[4.768445,0.9819691,1.518633]",
3877,"[4.762959,0.9878604,1.518633]",
3878,"[4.759196,0.9921688,1.518633]",
3879,"[4.756944,0.9942483,1.518633]",
3880,"[4.754858,0.9961994,1.518633]",
3881,"[4.752554,0.998075,1.518633]",
3882,"[4.75264,0.9976808,1.518633]",
3883,"[4.752772,0.9973088,1.518633]",
3884,"[4.753832,0.9957832,1.518633]",
3885,"[4.755752,0.9937568,1.518633]",
3886,"[4.760808,0.9894748,1.518633]",
3887,"[4.794541,0.9584507,1.518633]",
3888,"[4.822881,0.9309727,1.518633]",
3889,"[4.846715,0.9091489,1.518633]",
3890,"[4.855186,0.9021491,1.518633]",
3891,"[4.865887,0.8931962,1.518633]",
3892,"[4.870595,0.8893541,1.518633]",
3893,"[4.874395,0.8860702,1.518633]",
3894,"[4.876663,0.8844014,1.518633]",
3895,"[4.881468,0.881879,1.518633]",
3896,"[4.882099,0.881502,1.518633]",
3897,"[4.883394,0.8808633,1.518633]",
3898,"[4.883062,0.8806604,1.518633]",
3899,"[4.881277,0.8829569,1.518633]",
3900,"[4.876987,0.8864836,1.518633]",
3901,"[4.872528,0.8897547,1.518633]",
3902,"[4.870055,0.8917431,1.518633]",
3903,"[4.866181,0.8938212,1.518633]",
3904,"[4.863404,0.8946655,1.518633]",
3905,"[4.86128,0.8951635,1.518633]",
3906,"[4.857832,0.8959061,1.518633]",
3907,"[4.856472,0.895144,1.518633]",
3908,"[4.855443,0.895022,1.518633]",
3909,"[4.854147,0.8955822,1.518633]",
3910,"[4.853588,0.8969188,1.518633]",
3911,"[4.853283,0.900291,1.518633]",
3912,"[4.853281,0.9009824,1.518633]",
3913,"[4.853456,0.9001979,1.518633]",
3914,"[4.854031,0.8955063,1.518633]",
3915,"[4.854696,0.8915473,1.518633]",
3916,"[4.855403,0.8833491,1.518633]",
3917,"[4.85515,0.8805968,1.518633]",
3918,"[4.854917,0.8811639,1.518633]",
3919,"[4.851281,0.8909597,1.518633]",
3920,"[4.851281,0.8909597,1.518633]",
3921,"[4.848906,0.9010127,1.518633]",
3922,"[4.847744,0.9077639,1.518633]",
3923,"[4.847507,0.9141228,1.518633]",
3924,"[4.852828,0.9354586,1.518633]",
3925,"[4.851523,0.9526092,1.518633]",
3926,"[4.850247,0.9587997,1.518633]",
3927,"[4.850247,0.9587997,1.518633]",
3928,"[4.850595,0.9626338,1.518633]",
3929,"[4.863482,0.9608417,1.518633]",
3930,"[4.863449,0.9627755,1.518633]",
3931,"[4.863867,0.9654366,1.518633]",
3932,"[4.863867,0.9654366,1.518633]",
3933,"[4.876755,0.9611762,1.518633]",
3934,"[4.876173,0.9639575,1.518633]",
3935,"[4.876523,0.9658881,1.518633]",
3936,"[4.889765,0.9644976,1.518633]",
3937,"[4.888444,0.9676051,1.518633]",
3938,"[4.887208,0.9717675,1.518633]",
3939,"[4.887128,0.9730083,1.518633]",
3940,"[4.887392,0.9738724,1.518633]",
3941,"[4.895764,0.9714552,1.518633]",
3942,"[4.905804,0.9675175,1.518633]",
3943,"[4.916257,0.9622004,1.518633]",
3944,"[4.925087,0.9581827,1.518633]",
3945,"[4.926362,1.002665,1.584485]",
3946,"[4.926362,1.002665,1.584485]",
3947,"[4.889833,1.142872,1.748511]",
3948,"[4.892649,1.15946,1.778406]",
3949,"[4.891792,1.157722,1.78077]",
3950,"[4.891792,1.157722,1.78077]",
3951,"[4.902234,1.155652,1.788206]",
3952,"[4.90221,1.150919,1.786971]",
3953,"[4.908948,1.15307,1.796518]",
3954,"[4.908948,1.15307,1.796518]",
3955,"[4.908798,1.149831,1.79541]",
3956,"[4.909187,1.146257,1.793451]",
3957,"[4.915937,1.15028,1.801806]",
3958,"[4.923575,1.150516,1.805755]",
3959,"[4.923711,1.149255,1.804816]",
3960,"[4.9304,1.148244,1.807589]",
3961,"[4.935102,1.147713,1.810269]",
3962,"[4.93504,1.149018,1.812333]",
3963,"[4.939684,1.150046,1.815344]",
3964,"[4.946417,1.148449,1.815604]",
3965,"[4.951715,1.142837,1.810769]",
3966,"[4.95642,1.13985,1.80855]",
3967,"[4.957129,1.13545,1.802851]",
3968,"[4.961473,1.134861,1.802514]",
3969,"[4.968379,1.123635,1.791024]",
3970,"[4.972927,1.122743,1.790531]",
3971,"[4.98002,1.105959,1.774617]",
3972,"[4.982009,1.088482,1.755753]",
3973,"[5.008587,0.8531128,1.518633]",
3974,"[5.011283,0.8456077,1.518633]",
3975,"[5.009969,0.8401153,1.518633]",
3976,"[5.008283,0.8357673,1.518633]",
3977,"[5.005989,0.8324968,1.518633]",
3978,"[5.002748,0.8294183,1.518633]",
3979,"[4.995519,0.8222561,1.518633]",
3980,"[4.991608,0.8185464,1.518633]",
3981,"[4.986393,0.8148371,1.518633]",
3982,"[4.984783,0.8140638,1.518633]",
3983,"[4.982873,0.811721,1.518633]",
3984,"[4.982172,0.8114597,1.518633]",
3985,"[4.981333,0.8114185,1.518633]",
3986,"[4.980486,0.8118589,1.518633]",
3987,"[4.979677,0.8197019,1.518633]",
3988,"[5.008376,1.051357,1.518633]",
3989,"[5.008376,1.051357,1.518633]",
3990,"[5.008524,1.054967,1.518633]",
3991,"[5.008591,1.066468,1.518633]",
3992,"[5.008976,1.073391,1.518633]",
3993,"[5.009349,1.076584,1.518633]",
3994,"[5.009694,1.080857,1.518633]",
3995,"[5.010064,1.082165,1.518633]",
3996,"[5.010097,1.083471,1.518633]",
3997,"[5.010461,1.084449,1.518633]",
3998,"[5.010472,1.085243,1.518633]",
3999,"[5.010452,1.086098,1.518633]",
4000,"[5.010452,1.086098,1.518633]",
4001,"[5.010086,1.086897,1.518633]",
4002,"[5.010474,1.087277,1.518633]",
4003,"[5.010467,1.090325,1.518633]",
4004,"[5.00829,1.096709,1.518633]",
4005,"[5.002179,1.108915,1.518633]",
4006,"[4.993748,1.121575,1.518633]",
4007,"[4.993748,1.121575,1.518633]",
4008,"[4.93628,1.177731,1.518633]",
4009,"[4.593135,1.261377,1.134604]",
4010,"[3.330835,1.260661,0.05000035]",
4011,"[3.330835,1.260661,0.05000035]",
4012,"[3.110869,1.27238,0.05000036]",
4013,"[2.739477,1.264824,0.09693503]",
4014,"[2.668522,1.25411,0.1666402]",
4015,"[2.656105,1.217827,0.1740208]",
4016,"[2.659822,1.157946,0.1708465]",
4017,"[2.6542,1.11934,0.1763525]",
4018,"[2.642029,1.084706,0.186343]",
4019,"[2.658774,1.030638,0.170192]",
4020,"[2.719158,0.9414073,0.1195681]",
4021,"[2.803108,0.8544078,0.0511682]",
4022,"[2.841023,0.8248863,0.0499999]",
4023,"[2.862321,0.8039989,0.0499999]",
4024,"[3.409623,0.9619834,0.563246]",
4025,"[3.49599,0.9619835,0.5775009]",
4026,"[3.537288,0.9619835,0.5872183]",
4027,"[3.561098,0.9619835,0.5951437]",
4028,"[3.596171,0.9619835,0.6030404]",
4029,"[3.635815,0.9577368,0.6028049]",
4030,"[3.656735,0.9468917,0.586557]",
4031,"[3.663939,0.9396265,0.5769716]",
4032,"[3.668933,0.936682,0.5700482]",
4033,"[3.676985,0.9329837,0.5587426]",
4034,"[3.68072,0.930645,0.553583]",
4035,"[3.682994,0.9269679,0.5490001]",
4036,"[3.684893,0.9205405,0.5456911]",
4037,"[3.687831,0.9120538,0.5397487]",
4038,"[3.691956,0.8920611,0.5219485]",
4039,"[3.692263,0.8860057,0.5193011]",
4040,"[3.692203,0.8740902,0.5156304]",
4041,"[3.691696,0.8689528,0.5188261]",
4042,"[3.691245,0.8660672,0.5225708]",
4043,"[3.679757,0.8644019,0.5595163]",
4044,"[3.660285,0.8635613,0.5865384]",
4045,"[2.927921,0.6002309,0.6787026]",
4046,"[3.213405,0.7803781,0.9811333]",
4047,"[3.135839,0.7896001,1.131479]",
4048,"[3.115051,0.7891635,1.171773]",
4049,"[3.097706,0.786968,1.205394]",
4050,"[3.088496,0.7822286,1.223244]",
4051,"[3.07943,0.7782614,1.240817]",
4052,"[3.076062,0.7750243,1.247346]",
4053,"[3.076213,0.7751383,1.247052]",
4054,"[3.076213,0.7751383,1.247052]",
4055,"[3.077606,0.7771649,1.244353]",
4056,"[3.077303,0.778167,1.24494]",
4057,"[3.083228,0.780363,1.233456]",
4058,"[3.104052,0.7857637,1.193093]",
4059,"[3.146605,0.7958598,1.110612]",
4060,"[3.168698,0.8011909,1.06779]",
4061,"[3.18898,0.804926,1.028477]",
4062,"[3.331301,0.7946837,0.5904348]",
4063,"[3.404727,0.8351671,0.6284927]",
4064,"[3.507829,0.8974067,0.7206928]",
4065,"[3.557981,0.9148925,0.7185819]",
4066,"[3.577255,0.9186909,0.7049756]",
4067,"[3.592535,0.9168029,0.6833139]",
4068,"[3.594588,0.9152029,0.6804098]",
4069,"[3.601751,0.9097129,0.6702698]",
4070,"[3.602787,0.9056233,0.6688145]",
4071,"[3.606255,0.897081,0.6639268]",
4072,"[3.607301,0.8752167,0.6614857]",
4073,"[3.629324,0.6844559,0.7140393]",
4074,"[3.569868,0.3664533,0.6765143]",
4075,"[3.569868,0.3664533,0.6765143]",
4076,"[3.552021,0.2949019,0.6571713]",
4077,"[3.568295,0.2852325,0.6875283]",
4078,"[3.568832,0.2633179,0.6917285]",
4079,"[3.551694,0.2323374,0.6946188]",
4080,"[3.54298,0.2214168,0.6954483]",
4081,"[3.527984,0.1998992,0.6952249]",
4082,"[3.514557,0.1909646,0.6943037]",
4083,"[3.501262,0.1839404,0.6921571]",
4084,"[3.501262,0.1839404,0.6921571]",
4085,"[3.483116,0.1662443,0.6790913]",
4086,"[3.458045,0.1354907,0.6525859]",
4087,"[3.441176,0.1262378,0.6456368]",
4088,"[3.403997,0.1,0.622714]",
4089,"[3.395803,0.0999999,0.6246574]",
4090,"[3.388727,0.1,0.6253407]",
4091,"[3.38308,0.1,0.6261616]",
4092,"[3.378384,0.0999999,0.627324]",
4093,"[3.369798,0.1,0.6278088]",
4094,"[3.36529,0.1,0.6269977]",
4095,"[3.358518,0.1,0.6253986]",
4096,"[3.355328,0.1,0.6247361]",
4097,"[3.349028,0.1,0.6238637]",
4098,"[3.345444,0.1,0.6227213]",
4099,"[3.340741,0.1000001,0.6205415]",
4100,"[3.332851,0.1,0.6166012]",
4101,"[3.330203,0.1,0.6144561]",
4102,"[3.326673,0.1,0.6100237]",
4103,"[3.326202,0.1000001,0.6077823]",
4104,"[3.329506,0.1,0.6057531]",
4105,"[3.333225,0.1,0.6057018]",
4106,"[3.368149,0.1,0.608016]",
4107,"[3.437263,0.1702977,0.676722]",
4108,"[3.430086,0.1111362,0.6379129]",
4109,"[3.474181,0.1201182,0.668624]",
4110,"[3.488801,0.1230602,0.6788065]",
4111,"[3.507487,0.1309251,0.6918209]",
4112,"[3.513963,0.1354609,0.6963314]",
4113,"[3.521816,0.1408351,0.7005004]",
4114,"[3.521816,0.1408351,0.7005004]",
4115,"[3.529128,0.1433605,0.7013325]",
4116,"[3.542411,0.1491605,0.6998891]",
4117,"[3.658342,0.2078775,0.7037859]",
4118,"[3.876556,0.5100947,0.9487138]",
4119,"[3.921378,0.5305536,0.9487138]",
4120,"[3.952121,0.5427122,0.9487138]",
4121,"[3.971441,0.5501181,0.9487138]",
4122,"[3.971441,0.5501181,0.9487138]",
4123,"[3.988415,0.5514361,0.9416872]",
4124,"[3.996576,0.5514361,0.9346286]",
4125,"[4.005326,0.5514361,0.9231533]",
4126,"[4.005406,0.5514361,0.9200385]",
4127,"[4.005998,0.5514361,0.916183]",
4128,"[4.003839,0.5514361,0.9152536]",
4129,"[4.000805,0.5514361,0.9141107]",
4130,"[4.000805,0.5514361,0.9141107]",
4131,"[3.999048,0.5514361,0.9126576]",
4132,"[3.9968,0.5514361,0.9106343]",
4133,"[3.9951,0.5514361,0.9084309]",
4134,"[3.992706,0.5514361,0.9071978]",
4135,"[3.990461,0.5514361,0.9062779]",
4136,"[3.990461,0.5514361,0.9062779]",
4137,"[3.988795,0.5514361,0.9069905]",
4138,"[3.987285,0.5514361,0.9099869]",
4139,"[3.986591,0.5514361,0.9115247]",
4140,"[3.982384,0.5514361,0.9117928]",
4141,"[3.974827,0.5514361,0.9108567]",
4142,"[3.964811,0.5514361,0.9084944]",
4143,"[3.952552,0.5514361,0.9059761]",
4144,"[3.940429,0.5514361,0.9044757]",
4145,"[3.930259,0.5514361,0.9023554]",
4146,"[3.863335,0.3543003,0.6911662]",
4147,"[3.854373,0.3579006,0.6911662]",
4148,"[3.847592,0.3610709,0.6911662]",
4149,"[3.842294,0.3656204,0.6911662]",
4150,"[3.841493,0.3672849,0.6911662]",
4151,"[3.841498,0.3686929,0.6911662]",
4152,"[3.842103,0.3718751,0.6911662]",
4153,"[3.842484,0.3731741,0.6911662]",
4154,"[3.843514,0.3735103,0.6911662]",
4155,"[3.844872,0.3738025,0.6911662]",
4156,"[3.846583,0.3736576,0.6911662]",
4157,"[3.846583,0.3736576,0.6911662]",
4158,"[3.849049,0.3734301,0.6911662]",
4159,"[3.853051,0.3735655,0.6911662]",
4160,"[3.857292,0.3744616,0.6911662]",
4161,"[3.861604,0.3753989,0.6911662]",
4162,"[3.863395,0.3762839,0.6911662]",
4163,"[3.864801,0.3774647,0.6911662]",
4164,"[3.866854,0.3790542,0.6911662]",
4165,"[3.872268,0.3823647,0.6911662]",
4166,"[3.875166,0.3839658,0.6911662]",
4167,"[3.878004,0.3854713,0.6911662]",
4168,"[3.884547,0.388406,0.6911662]",
4169,"[3.88653,0.3891209,0.6911662]",
4170,"[3.891007,0.3894538,0.6911662]",
4171,"[3.898741,0.3894719,0.6911662]",
4172,"[3.913018,0.388474,0.6911662]",
4173,"[3.918879,0.3884631,0.6911662]",
4174,"[3.924455,0.388009,0.6911662]",
4175,"[3.929319,0.3864616,0.6911662]",
4176,"[3.930524,0.3853478,0.6911662]",
4177,"[3.933309,0.3827026,0.6911662]",
4178,"[3.93394,0.3819534,0.6911662]",
4179,"[3.93506,0.3807927,0.6911662]",
4180,"[3.935333,0.3805071,0.6911662]",
4181,"[3.935511,0.379792,0.6911662]",
4182,"[3.935474,0.3792819,0.6911662]",
4183,"[3.935087,0.3787872,0.6911662]",
4184,"[3.934655,0.3772957,0.6911662]",
4185,"[3.934605,0.3762925,0.6911662]",
4186,"[3.934461,0.3739569,0.6911662]",
4187,"[3.934316,0.3719364,0.6911662]",
4188,"[3.933408,0.3663412,0.6911662]",
4189,"[3.93263,0.3627232,0.6911662]",
4190,"[3.931977,0.3577503,0.6911662]",
4191,"[3.930277,0.350144,0.6911662]",
4192,"[3.929116,0.3446022,0.6911662]",
4193,"[3.913893,0.2670161,0.6911662]",
4194,"[3.90976,0.2360941,0.6911662]",
4195,"[3.905891,0.1371769,0.8378804]",
4196,"[3.886701,0.1,0.8685635]",
4197,"[3.882401,0.1,0.9102817]",
4198,"[3.882784,0.1,0.9701952]",
4199,"[3.885798,0.1,1.001448]",
4200,"[3.888969,0.1,1.031139]",
4201,"[3.889838,0.1,1.035905]",
4202,"[3.892288,0.1,1.055895]",
4203,"[3.892,0.1,1.059901]",
4204,"[3.890496,0.1,1.068871]",
4205,"[3.888716,0.1,1.06772]",
4206,"[3.88558,0.1,1.064717]",
4207,"[3.873925,0.1,1.033171]",
4208,"[3.884872,0.23397,0.8378804]",
4209,"[3.897826,0.2924361,0.7889152]",
4210,"[3.882292,0.2229197,0.6911662]",
4211,"[3.902145,0.2712614,0.6911662]",
4212,"[3.910687,0.2863361,0.6911662]",
4213,"[3.917542,0.2971008,0.6911662]",
4214,"[3.923483,0.3055063,0.6911662]",
4215,"[3.930118,0.3121577,0.6911662]",
4216,"[3.930118,0.3121577,0.6911662]",
4217,"[3.936433,0.3189571,0.6911662]",
4218,"[3.944646,0.3253899,0.6911662]",
4219,"[3.948217,0.3279745,0.6911662]",
4220,"[3.953477,0.3314618,0.6911662]",
4221,"[3.954267,0.3321374,0.6911662]",
4222,"[3.95586,0.333665,0.6911662]",
4223,"[3.956746,0.3345975,0.6911662]",
4224,"[3.957165,0.3355887,0.6911662]",
4225,"[3.95799,0.3377962,0.6911662]",
4226,"[3.957964,0.3394517,0.6911662]",
4227,"[3.958032,0.3416671,0.6911662]",
4228,"[3.957993,0.3445109,0.6911662]",
4229,"[3.95813,0.3474974,0.6911662]",
4230,"[3.957912,0.3502375,0.6911662]",
4231,"[3.958037,0.3555037,0.6911662]",
4232,"[3.958067,0.3564957,0.6911662]",
4233,"[3.95808,0.3564867,0.6911662]",
4234,"[3.958239,0.3563431,0.6911662]",
4235,"[3.958371,0.3563512,0.6911662]",
4236,"[3.958535,0.3569089,0.6911662]",
4237,"[3.958532,0.357444,0.6911662]",
4238,"[3.958508,0.3584219,0.6911662]",
4239,"[3.958513,0.3588009,0.6911662]",
4240,"[3.958359,0.3589461,0.6911662]",
4241,"[3.958165,0.3591656,0.6911662]",
4242,"[3.957811,0.3595116,0.6911662]",
4243,"[3.957417,0.3600087,0.6911662]",
4244,"[3.956989,0.3607332,0.6911662]",
4245,"[3.956989,0.3607332,0.6911662]",
4246,"[3.955693,0.3634723,0.6911662]",
4247,"[3.954969,0.3661481,0.6911662]",
4248,"[3.954419,0.368586,0.6911662]",
4249,"[3.953586,0.3711218,0.6911662]",
4250,"[3.953099,0.373436,0.6911662]",
4251,"[3.95279,0.3754845,0.6911662]",
4252,"[3.95213,0.3791285,0.6911662]",
4253,"[3.95201,0.3804501,0.6911662]",
4254,"[3.952022,0.3807376,0.6911662]",
4255,"[3.952097,0.3807252,0.6911662]",
4256,"[3.952232,0.3808051,0.6911662]",
4257,"[3.952193,0.380684,0.6911662]",
4258,"[3.952206,0.3806421,0.6911662]",
4259,"[3.952316,0.3806878,0.6911662]",
4260,"[3.952448,0.3808473,0.6911662]",
4261,"[3.952789,0.3814613,0.6911662]",
4262,"[3.952875,0.3818544,0.6911662]",
4263,"[3.952829,0.3822854,0.6911662]",
4264,"[3.952805,0.3829436,0.6911662]",
4265,"[3.952911,0.3846678,0.6911662]",
4266,"[3.952967,0.3856838,0.6911662]",
4267,"[3.952617,0.3866042,0.6911662]",
4268,"[3.951486,0.3877745,0.6911662]",
4269,"[3.950755,0.3882132,0.6911662]",
4270,"[3.95013,0.388439,0.6911662]",
4271,"[3.949655,0.3887684,0.6911662]",
4272,"[3.948724,0.3898867,0.6911662]",
4273,"[3.948305,0.3906372,0.6911662]",
4274,"[3.948064,0.3910477,0.6911662]",
4275,"[3.947305,0.3918837,0.6911662]",
4276,"[3.946881,0.3924493,0.6911662]",
4277,"[3.946131,0.3932735,0.6911662]",
4278,"[3.945772,0.3934078,0.6911662]",
4279,"[3.945772,0.3934078,0.6911662]",
4280,"[3.945327,0.3930672,0.6911662]",
4281,"[3.944872,0.3928153,0.6911662]",
4282,"[3.944535,0.3926701,0.6911662]",
4283,"[3.944234,0.3926539,0.6911662]",
4284,"[3.943973,0.3926237,0.6911662]",
4285,"[3.94373,0.3927569,0.6911662]",
4286,"[3.943472,0.3929018,0.6911662]",
4287,"[3.943408,0.3929066,0.6911662]",
4288,"[3.943314,0.3931312,0.6911662]",
4289,"[3.94328,0.393275,0.6911662]",
4290,"[3.943296,0.3941606,0.6911662]",
4291,"[3.943357,0.3944413,0.6911662]",
4292,"[3.94358,0.3952183,0.6911662]",
4293,"[3.943686,0.3954844,0.6911662]",
4294,"[3.943829,0.3957329,0.6911662]",
4295,"[3.944267,0.3963569,0.6911662]",
4296,"[3.944561,0.3966833,0.6911662]",
4297,"[3.945149,0.3969949,0.6911662]",
4298,"[3.945323,0.3969988,0.6911662]",
4299,"[3.945743,0.3967968,0.6911662]",
4300,"[3.945933,0.3968641,0.6911662]",
4301,"[3.94616,0.3969442,0.6911662]",
4302,"[3.946428,0.3971712,0.6911662]",
4303,"[3.94648,0.3973487,0.6911662]",
4304,"[3.94659,0.3980042,0.6911662]",
4305,"[3.946646,0.3984646,0.6911662]",
4306,"[3.946728,0.3989689,0.6911662]",
4307,"[3.946928,0.3994603,0.6911662]",
4308,"[3.947065,0.3996236,0.6911662]",
4309,"[3.947411,0.4001341,0.6911662]",
4310,"[3.947666,0.4006277,0.6911662]",
4311,"[3.947831,0.401246,0.6911662]",
4312,"[3.947882,0.4014409,0.6911662]",
4313,"[3.947972,0.4017653,0.6911662]",
4314,"[3.948058,0.4020328,0.6911662]",
4315,"[3.948064,0.4021567,0.6911662]",
4316,"[3.947966,0.4026656,0.6911662]",
4317,"[3.947855,0.4031304,0.6911662]",
4318,"[3.94771,0.4042594,0.6911662]",
4319,"[3.947661,0.4048259,0.6911662]",
4320,"[3.947601,0.4061369,0.6911662]",
4321,"[3.947563,0.4069775,0.6911662]",
4322,"[3.947456,0.4076906,0.6911662]",
4323,"[3.947232,0.4080824,0.6911662]",
4324,"[3.946936,0.4085892,0.6911662]",
4325,"[3.946406,0.4093183,0.6911662]",
4326,"[3.94608,0.4099202,0.6911662]",
4327,"[3.944781,0.4123626,0.6911662]",
4328,"[3.943766,0.4167406,0.6911662]",
4329,"[3.974863,0.6714209,0.8599686]",
4330,"[3.974388,0.7087452,0.8599686]",
4331,"[3.973821,0.7460291,0.8599686]",
4332,"[3.973683,0.7592203,0.8599686]",
4333,"[3.974971,0.7754269,0.8599686]",
4334,"[3.976393,0.783755,0.8599686]",
4335,"[3.977207,0.7876854,0.8599686]",
4336,"[3.978197,0.7933837,0.8599686]",
4337,"[3.978439,0.7953055,0.8599686]",
4338,"[3.978554,0.7961729,0.8599686]",
4339,"[3.978561,0.7969022,0.8599686]",
4340,"[3.978532,0.7977377,0.8599686]",
4341,"[3.977736,0.7990348,0.8599686]",
4342,"[3.977291,0.7996415,0.8599686]",
4343,"[3.977003,0.8005079,0.8599686]",
4344,"[3.976756,0.8012289,0.8599686]",
4345,"[3.976267,0.8028407,0.8599686]",
4346,"[3.976076,0.8028191,0.8599686]",
4347,"[3.975569,0.802943,0.8599686]",
4348,"[3.974886,0.8030543,0.8599686]",
4349,"[3.972974,0.8036642,0.8599686]",
4350,"[3.971807,0.8030032,0.8599686]",
4351,"[3.970553,0.802345,0.8599686]",
4352,"[3.970396,0.8020591,0.8599686]",
4353,"[3.970356,0.8017288,0.8599686]",
4354,"[3.970325,0.801546,0.8599686]",
4355,"[3.970375,0.8014371,0.8599686]",
4356,"[3.970457,0.8011559,0.8599686]",
4357,"[3.970522,0.8009222,0.8599686]",
4358,"[3.970689,0.7999945,0.8599686]",
4359,"[3.970884,0.799529,0.8599686]",
4360,"[3.970871,0.7990111,0.8599686]",
4361,"[3.970833,0.7984974,0.8599686]",
4362,"[3.970958,0.7982797,0.8599686]",
4363,"[3.970883,0.7983422,0.8599686]",
4364,"[3.970791,0.7986801,0.8599686]",
4365,"[3.969952,0.8003654,0.8599686]",
4366,"[3.951468,0.8144361,0.8577436]",
4367,"[3.94015,0.8144361,0.8457071]",
4368,"[3.886541,0.7345747,0.6911662]",
4369,"[3.879336,0.743884,0.6911662]",
4370,"[3.868122,0.7586315,0.6911662]",
4371,"[3.86501,0.7637405,0.6911662]",
4372,"[3.858411,0.7750833,0.6911662]",
4373,"[3.85556,0.7800564,0.6911662]",
4374,"[3.851252,0.7860111,0.6911662]",
4375,"[3.849723,0.7882293,0.6911662]",
4376,"[3.847863,0.7908727,0.6911662]",
4377,"[3.844802,0.7947861,0.6911662]",
4378,"[3.844439,0.7951295,0.6911662]",
4379,"[3.842916,0.7963282,0.6911662]",
4380,"[3.841975,0.7963842,0.6911662]",
4381,"[3.838386,0.7969478,0.6911662]",
4382,"[3.647146,0.4222335,0.05000033]",
4383,"[3.644672,0.422197,0.05000033]",
4384,"[3.636428,0.4236377,0.05000033]",
4385,"[3.629681,0.4255687,0.05000033]",
4386,"[3.610413,0.4318837,0.05000033]",
4387,"[3.546734,0.4389217,0.05000046]",
4388,"[3.644174,0.6935749,0.4786568]",
4389,"[3.641592,0.7214042,0.5231215]",
4390,"[3.532321,0.8779906,0.7295737]",
4391,"[3.42754,0.8378323,0.648033]",
4392,"[3.389953,0.8161492,0.6118966]",
4393,"[3.459874,0.770111,0.6498897]",
4394,"[3.49475,0.770111,0.6865932]",
4395,"[3.648612,0.2949017,0.599853]",
4396,"[3.67036,0.2949016,0.6248493]",
4397,"[3.695935,0.1539834,0.5419167]",
4398,"[3.715342,0.1539834,0.5567496]",
4399,"[3.746672,0.1539834,0.5745784]",
4400,"[3.759761,0.1539833,0.580442]",
4401,"[3.770569,0.1539833,0.5842476]",
4402,"[3.78787,0.1521619,0.5899331]",
4403,"[3.793799,0.1491145,0.5896324]",
4404,"[3.803536,0.1440336,0.588989]",
4405,"[3.848067,0.2702565,0.6911662]",
4406,"[3.86791,0.2987774,0.6911662]",
4407,"[3.876215,0.3107603,0.6911662]",
4408,"[3.887593,0.3258645,0.6911662]",
4409,"[3.892643,0.331888,0.6911662]",
4410,"[3.894889,0.3353113,0.6911662]",
4411,"[3.899797,0.3418268,0.6911662]",
4412,"[3.902212,0.3445454,0.6911662]",
4413,"[3.904219,0.3487323,0.6911662]",
4414,"[3.905579,0.3511845,0.6911662]",
4415,"[3.907313,0.3549082,0.6911662]",
4416,"[3.907779,0.3568639,0.6911662]",
4417,"[3.908348,0.3585384,0.6911662]",
4418,"[3.90933,0.3617669,0.6911662]",
4419,"[3.910089,0.3635041,0.6911662]",
4420,"[3.910305,0.3658671,0.6911662]",
4421,"[3.910063,0.3672494,0.6911662]",
4422,"[3.910019,0.3698712,0.6911662]",
4423,"[3.909944,0.3715355,0.6911662]",
4424,"[3.910024,0.3733458,0.6911662]",
4425,"[3.910784,0.3767474,0.6911662]",
4426,"[3.911396,0.3789536,0.6911662]",
4427,"[3.912807,0.3857635,0.6911662]",
4428,"[3.91285,0.388594,0.6911662]",
4429,"[3.912682,0.4039587,0.6911662]",
4430,"[3.912682,0.4136277,0.6911662]",
4431,"[3.912414,0.4280295,0.6911662]",
4432,"[3.912185,0.4325216,0.6911662]",
4433,"[3.909957,0.4388737,0.6911662]",
4434,"[3.909297,0.4410278,0.6911662]",
4435,"[3.908791,0.4427935,0.6911662]",
4436,"[3.90803,0.4452155,0.6911662]",
4437,"[3.907699,0.4461591,0.6911662]",
4438,"[3.906449,0.4485745,0.6911662]",
4439,"[3.906043,0.4497296,0.6911662]",
4440,"[3.905363,0.4530538,0.6911662]",
4441,"[3.905162,0.454071,0.6911662]",
4442,"[3.904994,0.4548288,0.6911662]",
4443,"[3.904182,0.456234,0.6911662]",
4444,"[3.903853,0.4568025,0.6911662]",
4445,"[3.903368,0.457536,0.6911662]",
4446,"[3.902905,0.4579191,0.6911662]",
4447,"[3.902316,0.4583825,0.6911662]",
4448,"[3.901935,0.4588307,0.6911662]",
4449,"[3.901609,0.4591922,0.6911662]",
4450,"[3.900995,0.4597585,0.6911662]",
4451,"[3.900781,0.4598448,0.6911662]",
4452,"[3.900332,0.4597666,0.6911662]",
4453,"[3.900168,0.459734,0.6911662]",
4454,"[3.899817,0.4595535,0.6911662]",
4455,"[3.89947,0.4593251,0.6911662]",
4456,"[3.899005,0.4590048,0.6911662]",
4457,"[3.898808,0.4588445,0.6911662]",
4458,"[3.897943,0.4583914,0.6911662]",
4459,"[3.896592,0.4574648,0.6911662]",
4460,"[3.89071,0.4253871,0.6911662]",
4461,"[3.87791,0.3250449,0.6911662]",
4462,"[3.873498,0.2829333,0.6911662]",
4463,"[3.870707,0.231946,0.6911662]",
4464,"[3.870559,0.2178855,0.6911662]",
4465,"[3.871128,0.1982192,0.6911662]",
4466,"[3.895895,0.2924361,0.7840616]",
4467,"[3.897416,0.2924361,0.788592]",
4468,"[3.899494,0.2924361,0.7933878]",
4469,"[3.900506,0.2924361,0.794951]",
4470,"[3.902045,0.2924361,0.7974998]",
4471,"[3.902498,0.2924361,0.7991446]",
4472,"[3.903355,0.2924361,0.8025243]",
4473,"[3.903845,0.2924361,0.8042393]",
4474,"[3.904285,0.2924361,0.8070494]",
4475,"[3.904342,0.2924361,0.8081596]",
4476,"[3.904438,0.2924361,0.8090471]",
4477,"[3.904432,0.2924361,0.810075]",
4478,"[3.904407,0.2924361,0.8105835]",
4479,"[3.904282,0.2924361,0.8116336]",
4480,"[3.90425,0.2924361,0.8122088]",
4481,"[3.904271,0.2924361,0.81332]",
4482,"[3.904327,0.2924361,0.8139884]",
4483,"[3.904161,0.2924361,0.8147161]",
4484,"[3.903839,0.2924361,0.8157223]",
4485,"[3.903667,0.2924361,0.8160166]",
4486,"[3.903177,0.2924361,0.81647]",
4487,"[3.902754,0.2924361,0.8168718]",
4488,"[3.803433,0.106114,0.6325072]",
4489,"[3.793619,0.1277665,0.6479875]",
4490,"[3.784847,0.1433918,0.6559359]",
4491,"[3.773217,0.1539834,0.6584451]",
4492,"[3.768538,0.1539834,0.656047]",
4493,"[3.76335,0.1539834,0.6531433]",
4494,"[3.761135,0.1539834,0.6522897]",
4495,"[3.756756,0.1539834,0.6508337]",
4496,"[3.754753,0.1539834,0.6502579]",
4497,"[3.751418,0.1539834,0.6493178]",
4498,"[3.750639,0.1539834,0.6491373]",
4499,"[3.749418,0.1539834,0.648809]",
4500,"[3.74888,0.1539834,0.6486635]",
4501,"[3.74866,0.1539834,0.6484137]",
4502,"[3.748251,0.1539834,0.6477882]",
4503,"[3.748004,0.1539834,0.6471149]",
4504,"[3.747769,0.1539834,0.6460578]",
4505,"[3.747779,0.1539834,0.6456331]",
4506,"[3.747802,0.1539834,0.6448141]",
4507,"[3.747589,0.1539834,0.6441133]",
4508,"[3.747482,0.1539834,0.6439194]",
4509,"[3.747249,0.1539834,0.6436097]",
4510,"[3.74649,0.1539834,0.6431131]",
4511,"[3.743402,0.1539834,0.6409181]",
4512,"[3.740927,0.1539834,0.6390175]",
4513,"[3.730313,0.1539834,0.6323828]",
4514,"[3.721044,0.1539834,0.6261631]",
4515,"[3.664799,0.2949017,0.6767618]",
4516,"[3.517436,0.601567,0.7408952]",
4517,"[3.497224,0.6373726,0.7467308]",
4518,"[3.465574,0.6807576,0.7517085]",
4519,"[3.448755,0.6944009,0.7485374]",
4520,"[3.323576,0.6304595,0.6029561]",
4521,"[3.313293,0.6457329,0.6029561]",
4522,"[3.290922,0.6682926,0.6029561]",
4523,"[3.279006,0.6771995,0.6029561]",
4524,"[3.27576,0.6839305,0.6029561]",
4525,"[3.275571,0.6862057,0.6029561]",
4526,"[3.274298,0.6887696,0.6029561]",
4527,"[3.272933,0.6950428,0.6029561]",
4528,"[3.278906,0.6969564,0.6029561]",
4529,"[3.282944,0.6990225,0.6029561]",
4530,"[3.291782,0.7029246,0.6029561]",
4531,"[3.30545,0.7069612,0.6029561]",
4532,"[3.312323,0.7107,0.6029561]",
4533,"[3.320527,0.7120235,0.6029561]",
4534,"[3.331301,0.7119378,0.5963606]",
4535,"[3.331301,0.7078011,0.5853267]",
4536,"[3.331301,0.7003472,0.5697914]",
4537,"[3.331301,0.6966093,0.5630127]",
4538,"[3.331301,0.6906848,0.551059]",
4539,"[3.331301,0.6887732,0.546862]",
4540,"[3.419894,0.770111,0.6836751]",
4541,"[3.424906,0.7701111,0.6866]",
4542,"[3.429091,0.7701111,0.6892231]",
4543,"[3.43385,0.7701111,0.6931347]",
4544,"[3.437827,0.770111,0.6967596]",
4545,"[3.443784,0.770111,0.7018017]",
4546,"[3.449382,0.770111,0.7067585]",
4547,"[3.454619,0.770111,0.7116073]",
4548,"[3.45873,0.770111,0.7157468]",
4549,"[3.461474,0.770111,0.718418]",
4550,"[3.466347,0.770111,0.7224413]",
4551,"[3.46875,0.770111,0.7239739]",
4552,"[3.472588,0.770111,0.7264374]",
4553,"[3.473221,0.770111,0.7264656]",
4554,"[3.474476,0.770111,0.7265859]",
4555,"[3.4752,0.770111,0.7268227]",
4556,"[3.476059,0.770111,0.7272455]",
4557,"[3.476918,0.770111,0.7276374]",
4558,"[3.477654,0.770111,0.7278849]",
4559,"[3.478573,0.770111,0.7277137]",
4560,"[3.479062,0.770111,0.7276005]",
4561,"[3.479897,0.770111,0.7274956]",
4562,"[3.480195,0.770111,0.7274162]",
4563,"[3.481006,0.770111,0.7273769]",
4564,"[3.481405,0.770111,0.7273284]",
4565,"[3.481786,0.770111,0.7272836]",
4566,"[3.482347,0.770111,0.7266815]",
4567,"[3.483094,0.770111,0.7264627]",
4568,"[3.483509,0.770111,0.7264152]",
4569,"[3.483898,0.770111,0.7265166]",
4570,"[3.484269,0.770111,0.7266271]",
4571,"[3.484684,0.770111,0.7267127]",
4572,"[3.486073,0.770111,0.7276566]",
4573,"[3.486731,0.770111,0.7283887]",
4574,"[3.487233,0.770111,0.7289484]",
4575,"[3.48805,0.770111,0.7298896]",
4576,"[3.488424,0.770111,0.7311066]",
4577,"[3.488715,0.7696323,0.7328206]",
4578,"[3.488677,0.7691617,0.7332678]",
4579,"[3.491356,0.7623952,0.7384254]",
4580,"[3.491024,0.7460316,0.740162]",
4581,"[3.489938,0.7252197,0.7424978]",
4582,"[3.489472,0.7185045,0.7432735]",
4583,"[3.488677,0.7084416,0.7444546]",
4584,"[3.489007,0.7054377,0.7446986]",
4585,"[3.489218,0.7029502,0.7449125]",
4586,"[3.489439,0.6986771,0.745307]",
4587,"[3.489129,0.697811,0.745455]",
4588,"[3.489104,0.6970799,0.7455344]",
4589,"[3.489114,0.6968852,0.7455525]",
4590,"[3.489133,0.6967769,0.7455598]",
4591,"[3.48922,0.6966118,0.7455601]",
4592,"[3.489501,0.6962164,0.7455469]",
4593,"[3.489712,0.6959153,0.7455373]",
4594,"[3.489947,0.6956431,0.7455199]",
4595,"[3.490306,0.6947938,0.7455381]",
4596,"[3.490529,0.6943581,0.7455399]",
4597,"[3.491054,0.6923857,0.7456411]",
4598,"[3.491364,0.6916078,0.7456613]",
4599,"[3.491886,0.6905645,0.7456681]",
4600,"[3.49214,0.6900605,0.7456709]",
4601,"[3.492339,0.6895546,0.7456846]",
4602,"[3.492714,0.6887605,0.7456938]",
4603,"[3.4929,0.6884595,0.7456893]",
4604,"[3.49338,0.6873735,0.7457083]",
4605,"[3.493661,0.6865945,0.7457342]",
4606,"[3.494078,0.6854472,0.7457716]",
4607,"[3.494262,0.6849906,0.7457831]",
4608,"[3.494374,0.6845847,0.7458031]",
4609,"[3.494579,0.6835872,0.7458657]",
4610,"[3.494681,0.6830209,0.7459041]",
4611,"[3.494874,0.6818662,0.7459853]",
4612,"[3.494821,0.6813822,0.746045]",
4613,"[3.494709,0.6804222,0.7461646]",
4614,"[3.494685,0.6801065,0.7462013]",
4615,"[3.494672,0.6796354,0.7462521]",
4616,"[3.494926,0.679351,0.7462326]",
4617,"[3.49514,0.6790997,0.7462174]",
4618,"[3.495458,0.6787399,0.7461929]",
4619,"[3.495573,0.678633,0.7461821]",
4620,"[3.495692,0.678525,0.7461702]",
4621,"[3.495707,0.6785058,0.7461693]",
4622,"[3.495584,0.6785532,0.746188]",
4623,"[3.490571,0.700774,0.7448759]",
4624,"[3.487588,0.7135388,0.7441417]",
4625,"[3.468714,0.770111,0.7104917]",
4626,"[3.446626,0.770111,0.6711339]",
4627,"[3.426202,0.770111,0.6283083]",
4628,"[3.41882,0.770111,0.6123967]",
4629,"[3.444474,0.8061591,0.654867]",
4630,"[3.447307,0.812642,0.6586965]",
4631,"[3.452106,0.823265,0.6651006]",
4632,"[3.454351,0.8279538,0.6680321]",
4633,"[3.457021,0.8341952,0.6711259]",
4634,"[3.458498,0.8374885,0.672779]",
4635,"[3.461171,0.8424238,0.6756213]",
4636,"[3.461738,0.8443973,0.6763589]",
4637,"[3.462264,0.8462815,0.6770514]",
4638,"[3.463371,0.8495864,0.6784124]",
4639,"[3.464058,0.8513092,0.6792091]",
4640,"[3.465254,0.8542743,0.6805916]",
4641,"[3.46554,0.8551956,0.6809527]",
4642,"[3.465793,0.8564959,0.6813439]",
4643,"[3.46585,0.8569649,0.6814573]",
4644,"[3.465888,0.8573131,0.681538]",
4645,"[3.46597,0.8582271,0.6817362]",
4646,"[3.466286,0.8589113,0.6820872]",
4647,"[3.467014,0.860441,0.6828884]",
4648,"[3.467368,0.8611541,0.6832738]",
4649,"[3.468373,0.8624029,0.6842535]",
4650,"[3.46875,0.8628111,0.684613]",
4651,"[3.469185,0.8633114,0.6850308]",
4652,"[3.469743,0.8640467,0.6855818]",
4653,"[3.470062,0.8644682,0.6858962]",
4654,"[3.470494,0.8649287,0.6863067]",
4655,"[3.470822,0.8652994,0.6866211]",
4656,"[3.471292,0.8659074,0.6870831]",
4657,"[3.471366,0.8659821,0.6871529]",
4658,"[3.471364,0.8660218,0.6871568]",
4659,"[3.471343,0.8660802,0.6871489]",
4660,"[3.471279,0.8661234,0.6871043]",
4661,"[3.470754,0.8661457,0.6866906]",
4662,"[3.470243,0.8660884,0.6862764]",
4663,"[3.466128,0.8664419,0.6830596]",
4664,"[3.463556,0.8665365,0.6810303]",
4665,"[3.457784,0.8703566,0.6770039]",
4666,"[3.45426,0.8735691,0.6746728]",
4667,"[3.450492,0.8778312,0.6723017]",
4668,"[3.445423,0.8821024,0.6688987]",
4669,"[3.44268,0.8836633,0.6669478]",
4670,"[3.440143,0.8868787,0.6654021]",
4671,"[3.439303,0.889486,0.6651148]",
4672,"[3.331301,0.7991955,0.4759407]",
4673,"[3.331301,0.7991955,0.4759407]",
4674,"[3.331301,0.8033634,0.4774363]",
4675,"[3.331301,0.8066288,0.4787984]",
4676,"[3.331301,0.8106428,0.4808034]",
4677,"[3.331301,0.8128298,0.4814842]",
4678,"[3.331301,0.8135288,0.4803566]",
4679,"[3.331301,0.8140862,0.4789926]",
4680,"[3.331301,0.8147005,0.4776603]",
4681,"[3.331301,0.8152633,0.476413]",
4682,"[3.331301,0.8157992,0.472724]",
4683,"[3.331301,0.8162261,0.4713238]",
4684,"[3.331301,0.8167236,0.4702668]",
4685,"[3.331301,0.8171917,0.4687254]",
4686,"[3.331301,0.8171492,0.4680653]",
4687,"[3.331301,0.8162619,0.4662507]",
4688,"[3.331301,0.8155147,0.4647187]",
4689,"[3.331301,0.8148949,0.4634104]",
4690,"[3.331301,0.8141954,0.461647]",
4691,"[3.331301,0.8140393,0.4610819]",
4692,"[3.331301,0.8138958,0.460519]",
4693,"[3.331301,0.8137115,0.4601644]",
4694,"[3.331301,0.8132428,0.4591417]",
4695,"[3.331301,0.812822,0.4580557]",
4696,"[3.331301,0.7992615,0.4240551]",
4697,"[3.331301,0.7903208,0.4008484]",
4698,"[3.331301,0.7836177,0.382862]",
4699,"[3.331301,0.7754926,0.3566898]",
4700,"[3.331301,0.7729138,0.3493841]",
4701,"[3.331301,0.7690811,0.3368649]",
4702,"[3.331301,0.7672139,0.3316596]",
4703,"[3.193585,0.631944,0.05000024]",
4704,"[3.197906,0.6287071,0.05000024]",
4705,"[3.199613,0.6258659,0.05000036]",
4706,"[3.201619,0.6209792,0.05000024]",
4707,"[3.200971,0.6179139,0.05000036]",
4708,"[3.195601,0.607231,0.05000036]",
4709,"[3.331301,0.7412224,0.3347239]",
4710,"[3.331301,0.7376431,0.3464518]",
4711,"[3.331301,0.7307686,0.3718805]",
4712,"[3.331301,0.7275136,0.3832262]",
4713,"[3.381641,0.770111,0.5038648]",
4714,"[3.386722,0.7701111,0.5227332]",
4715,"[3.418757,0.770111,0.6149508]",
4716,"[3.435718,0.770111,0.6630217]",
4717,"[3.460875,0.6471342,0.7496204]",
4718,"[3.452899,0.6158234,0.7401444]",
4719,"[3.445138,0.5823411,0.7305013]",
4720,"[3.445864,0.5781442,0.730374]",
4721,"[3.446712,0.5750949,0.7304863]",
4722,"[3.448946,0.5723667,0.7315255]",
4723,"[3.449879,0.5708256,0.7319038]",
4724,"[3.451186,0.5655167,0.730291]",
4725,"[3.451659,0.5631095,0.7292231]",
4726,"[3.452132,0.5623258,0.7288754]",
4727,"[3.452578,0.5612229,0.7283863]",
4728,"[3.452716,0.5607983,0.7281979]",
4729,"[3.452841,0.560661,0.728137]",
4730,"[3.452599,0.5603057,0.7279792]",
4731,"[3.452078,0.5599774,0.7278336]",
4732,"[3.451805,0.5601086,0.7278918]",
4733,"[3.451543,0.5605587,0.7280915]",
4734,"[3.450941,0.5622393,0.728837]",
4735,"[3.450325,0.5653599,0.7302215]",
4736,"[3.449895,0.5671371,0.7310101]",
4737,"[3.450026,0.5689232,0.7317303]",
4738,"[3.449273,0.5716037,0.7316271]",
4739,"[3.448635,0.5731526,0.7314383]",
4740,"[3.436128,0.654136,0.7348424]",
4741,"[3.331301,0.5615193,0.5561891]",
4742,"[3.331301,0.6362575,0.5732611]",
4743,"[3.331301,0.6561822,0.578577]",
4744,"[3.331301,0.6705915,0.5828289]",
4745,"[3.331301,0.6903897,0.5874658]",
4746,"[3.331301,0.6964813,0.5886005]",
4747,"[3.331301,0.7040233,0.5905131]",
4748,"[3.331301,0.7070123,0.5910393]",
4749,"[3.331301,0.7112824,0.5923152]",
4750,"[3.331301,0.7121251,0.5924038]",
4751,"[3.331301,0.7132652,0.5927795]",
4752,"[3.331301,0.7133967,0.5926861]",
4753,"[3.331301,0.7134673,0.5924695]",
4754,"[3.331301,0.7128836,0.591133]",
4755,"[3.331301,0.7119699,0.5891515]",
4756,"[3.331301,0.7106827,0.5855675]",
4757,"[3.331301,0.7095904,0.5805186]",
4758,"[3.331301,0.708258,0.5724224]",
4759,"[3.331301,0.7074428,0.5681336]",
4760,"[3.331301,0.7048173,0.556993]",
4761,"[3.331301,0.7043282,0.5542688]",
4762,"[3.331301,0.7038362,0.5521692]",
4763,"[3.331301,0.7021071,0.5479861]",
4764,"[3.331301,0.7009082,0.5459754]",
4765,"[3.331301,0.6984836,0.5428137]",
4766,"[3.331301,0.6968145,0.5413696]",
4767,"[3.331301,0.6929677,0.5397102]",
4768,"[3.331301,0.6908843,0.5389322]",
4769,"[3.331301,0.6855595,0.5364406]",
4770,"[3.331301,0.6834046,0.5354221]",
4771,"[3.331301,0.6809313,0.5343295]",
4772,"[3.331301,0.6722344,0.5307184]",
4773,"[3.444887,0.770111,0.7167475]",
4774,"[3.474211,0.7637202,0.7415726]",
4775,"[3.491509,0.6746296,0.7473695]",
4776,"[3.499961,0.6073713,0.7454944]",
4777,"[3.497994,0.5780892,0.7358689]",
4778,"[3.495267,0.5581172,0.7270083]",
4779,"[3.491294,0.5358544,0.7171316]",
4780,"[3.489403,0.5290053,0.7140931]",
4781,"[3.488207,0.522711,0.7139841]",
4782,"[3.488287,0.522711,0.7155105]",
4783,"[3.488657,0.522711,0.7175711]",
4784,"[3.489172,0.5227112,0.7196474]",
4785,"[3.489859,0.522711,0.7226103]",
4786,"[3.489839,0.522711,0.723195]",
4787,"[3.488683,0.522711,0.7222111]",
4788,"[3.487404,0.522711,0.7204185]",
4789,"[3.486255,0.522711,0.7187697]",
4790,"[3.484221,0.522711,0.715576]",
4791,"[3.483452,0.522711,0.7142932]",
4792,"[3.48277,0.522711,0.7132921]",
4793,"[3.482547,0.522711,0.7129663]",
4794,"[3.482028,0.522711,0.7129773]",
4795,"[3.481625,0.522711,0.7131082]",
4796,"[3.481262,0.522711,0.7132868]",
4797,"[3.481398,0.5227112,0.7138646]",
4798,"[3.481477,0.522711,0.7141944]",
4799,"[3.4812,0.522711,0.7138647]",
4800,"[3.480931,0.522711,0.7134854]",
4801,"[3.480017,0.522711,0.7121642]",
4802,"[3.479472,0.5228279,0.7113525]",
4803,"[3.479614,0.5240468,0.7118932]",
4804,"[3.479727,0.5369298,0.7176088]",
4805,"[3.479186,0.5424154,0.7200423]",
4806,"[3.478156,0.5501647,0.7234803]",
4807,"[3.477658,0.5527668,0.7246348]",
4808,"[3.476752,0.5580387,0.7269735]",
4809,"[3.476388,0.5602672,0.7279621]",
4810,"[3.475504,0.56388,0.729565]",
4811,"[3.475,0.5643218,0.729761]",
4812,"[3.474603,0.5646878,0.7299234]",
4813,"[3.474229,0.565357,0.7302202]",
4814,"[3.474219,0.5656212,0.7303376]",
4815,"[3.474349,0.5662851,0.7306321]",
4816,"[3.474495,0.5667948,0.7308581]",
4817,"[3.474927,0.5677893,0.7312993]",
4818,"[3.475059,0.5681395,0.7314547]",
4819,"[3.475395,0.5689667,0.7318217]",
4820,"[3.475385,0.569376,0.7320032]",
4821,"[3.475375,0.569899,0.7322353]",
4822,"[3.475247,0.5712264,0.7328241]",
4823,"[3.475166,0.5722077,0.7332596]",
4824,"[3.474838,0.5742304,0.7341568]",
4825,"[3.474642,0.5752853,0.7346249]",
4826,"[3.474026,0.5778211,0.7357498]",
4827,"[3.473675,0.5789977,0.7362719]",
4828,"[3.462978,0.5944993,0.7431492]",
4829,"[3.449119,0.5951418,0.7348336]",
4830,"[3.43763,0.594916,0.7274847]",
4831,"[3.367073,0.522711,0.6220626]",
4832,"[3.362696,0.522711,0.6180915]",
4833,"[3.353709,0.522711,0.6102527]",
4834,"[3.349099,0.522711,0.6064731]",
4835,"[3.345542,0.522711,0.6036794]",
4836,"[3.331301,0.5105742,0.5838152]",
4837,"[3.331301,0.5167277,0.5964285]",
4838,"[3.320927,0.5155873,0.6029561]",
4839,"[3.314165,0.5127832,0.6029561]",
4840,"[3.308515,0.5094601,0.6029561]",
4841,"[3.306293,0.5082331,0.6029561]",
4842,"[3.300463,0.5068098,0.6029561]",
4843,"[3.297947,0.5063328,0.6029561]",
4844,"[3.295678,0.5058839,0.6029561]",
4845,"[3.290218,0.5045814,0.6029561]",
4846,"[3.287962,0.5038843,0.6029561]",
4847,"[3.283896,0.5022029,0.6029561]",
4848,"[3.282352,0.5015762,0.6029561]",
4849,"[3.279979,0.5007233,0.6029561]",
4850,"[3.278898,0.5003511,0.6029561]",
4851,"[3.278247,0.5002853,0.6029561]",
4852,"[3.277346,0.5003449,0.6029561]",
4853,"[3.27705,0.5004542,0.6029561]",
4854,"[3.311099,0.5330412,0.6029561]",
4855,"[3.331301,0.5516362,0.5998996]",
4856,"[3.331301,0.5440161,0.5575521]",
4857,"[3.448204,0.6877018,0.7472457]",
4858,"[3.462825,0.7010963,0.7501551]",
4859,"[3.467113,0.7051024,0.7489247]",
4860,"[3.470545,0.7082436,0.7479464]",
4861,"[3.475018,0.7124399,0.7466609]",
4862,"[3.47667,0.7140874,0.7461762]",
4863,"[3.478514,0.7161867,0.7456086]",
4864,"[3.47901,0.7169504,0.7454356]",
4865,"[3.479788,0.7181819,0.7451607]",
4866,"[3.480183,0.7187814,0.7450237]",
4867,"[3.481684,0.7367876,0.7428952]",
4868,"[3.481737,0.7441616,0.7421312]",
4869,"[3.481785,0.7503698,0.7414874]",
4870,"[3.481957,0.7571342,0.7407627]",
4871,"[3.482093,0.7589968,0.7405463]",
4872,"[3.482353,0.7623759,0.740151]",
4873,"[3.482519,0.7637839,0.7399752]",
4874,"[3.482237,0.7658429,0.7382965]",
4875,"[3.482213,0.7663409,0.7378427]",
4876,"[3.482241,0.7674815,0.736778]",
4877,"[3.482287,0.7682666,0.7360373]",
4878,"[3.482225,0.7689081,0.7354621]",
4879,"[3.482099,0.770111,0.7343723]",
4880,"[3.481414,0.770111,0.7322905]",
4881,"[3.48016,0.770111,0.7285887]",
4882,"[3.479491,0.770111,0.726676]",
4883,"[3.478561,0.770111,0.7236102]",
4884,"[3.478369,0.770111,0.7227286]",
4885,"[3.478207,0.770111,0.7218974]",
4886,"[3.478142,0.770111,0.7209362]",
4887,"[3.478161,0.770111,0.7206523]",
4888,"[3.477918,0.770111,0.7200578]",
4889,"[3.477658,0.770111,0.7196859]",
4890,"[3.477416,0.770111,0.7191135]",
4891,"[3.477448,0.770111,0.7189548]",
4892,"[3.477279,0.770111,0.7187936]",
4893,"[3.477126,0.770111,0.7186836]",
4894,"[3.47699,0.770111,0.7185715]",
4895,"[3.476723,0.770111,0.7183052]",
4896,"[3.476439,0.770111,0.7178457]",
4897,"[3.475972,0.770111,0.717106]",
4898,"[3.475869,0.770111,0.71675]",
4899,"[3.475692,0.770111,0.7159467]",
4900,"[3.475615,0.770111,0.7154776]",
4901,"[3.475496,0.770111,0.7149158]",
4902,"[3.475314,0.770111,0.7141529]",
4903,"[3.475225,0.770111,0.7138518]",
4904,"[3.474997,0.770111,0.7132288]",
4905,"[3.475032,0.770111,0.713199]",
4906,"[3.475112,0.770111,0.7131262]",
4907,"[3.475147,0.770111,0.7130973]",
4908,"[3.475142,0.770111,0.7128016]",
4909,"[3.475074,0.770111,0.7125311]",
4910,"[3.475011,0.770111,0.7123106]",
4911,"[3.475073,0.770111,0.712319]",
4912,"[3.4752,0.770111,0.7125386]",
4913,"[3.479776,0.770111,0.7220991]",
4914,"[3.481801,0.770111,0.72645]",
4915,"[3.47227,0.7544224,0.7428948]",
4916,"[3.464042,0.7435376,0.7455828]",
4917,"[3.457253,0.7352865,0.7477263]",
4918,"[3.457212,0.735839,0.7476777]",
4919,"[3.457176,0.7363344,0.7476341]",
4920,"[3.459612,0.7414271,0.7466469]",
4921,"[3.460853,0.7448651,0.7460575]",
4922,"[3.461858,0.7477002,0.7455754]",
4923,"[3.462829,0.7505104,0.7451022]",
4924,"[3.463949,0.7562172,0.7443043]",
4925,"[3.464348,0.7585058,0.743994]",
4926,"[3.464632,0.7615442,0.743629]",
4927,"[3.464598,0.7625397,0.7435335]",
4928,"[3.464556,0.7632852,0.7434654]",
4929,"[3.464751,0.7651413,0.7432382]",
4930,"[3.464835,0.7660399,0.7431303]",
4931,"[3.464576,0.767696,0.7419443]",
4932,"[3.464406,0.7684578,0.7412908]",
4933,"[3.464056,0.770111,0.7395146]",
4934,"[3.463435,0.770111,0.7375416]",
4935,"[3.463057,0.770111,0.7353771]",
4936,"[3.462736,0.770111,0.7320913]",
4937,"[3.462604,0.770111,0.7305779]",
4938,"[3.462347,0.770111,0.7283736]",
4939,"[3.462276,0.770111,0.7274971]",
4940,"[3.462437,0.770111,0.7273797]",
4941,"[3.460965,0.770111,0.7327126]",
4942,"[3.4566,0.7701109,0.7386254]",
4943,"[3.454203,0.770111,0.7406907]",
4944,"[3.45227,0.7701109,0.743232]",
4945,"[3.447137,0.76808,0.7463105]",
4946,"[3.443673,0.7667018,0.7471143]",
4947,"[3.331301,0.6481105,0.5721126]",
4948,"[3.331301,0.6517527,0.5811996]",
4949,"[3.331301,0.6544847,0.5881844]",
4950,"[3.331301,0.6544847,0.5881844]",
4951,"[3.331301,0.6557668,0.5943576]",
4952,"[3.32589,0.6563541,0.6029561]",
4953,"[3.32589,0.6563541,0.6029561]",
4954,"[3.322381,0.6556927,0.6029561]",
4955,"[3.318903,0.6538163,0.6029561]",
4956,"[3.314194,0.6498976,0.6029561]",
4957,"[3.307518,0.6435804,0.6029561]",
4958,"[3.305998,0.642765,0.6029561]",
4959,"[3.304816,0.6424255,0.6029561]",
4960,"[3.303232,0.6418879,0.6029561]",
4961,"[3.302905,0.6417531,0.6029561]",
4962,"[3.304749,0.6425139,0.6029561]",
4963,"[3.305076,0.6429101,0.6029561]",
4964,"[3.305718,0.6435549,0.6029561]",
4965,"[3.307577,0.6448705,0.6029561]",
4966,"[3.309147,0.6454741,0.6029561]",
4967,"[3.31254,0.6460184,0.6029561]",
4968,"[3.314151,0.6454566,0.6029561]",
4969,"[3.317491,0.6439222,0.6029561]",
4970,"[3.318387,0.6429803,0.6029561]",
4971,"[3.319141,0.6422432,0.6029561]",
4972,"[3.320615,0.6416706,0.6029561]",
4973,"[3.32153,0.641506,0.6029561]",
4974,"[3.324026,0.6413291,0.6029561]",
4975,"[3.324805,0.6416075,0.6029561]",
4976,"[3.325787,0.6418869,0.6029561]",
4977,"[3.326047,0.6417602,0.6029561]",
4978,"[3.326246,0.6415651,0.6029561]",
4979,"[3.326475,0.6405113,0.6029561]",
4980,"[3.326329,0.6394947,0.6029561]",
4981,"[3.325329,0.6370921,0.6029561]",
4982,"[3.324381,0.636071,0.6029561]",
4983,"[3.321596,0.6343048,0.6029561]",
4984,"[3.319636,0.6331336,0.6029561]",
4985,"[3.317369,0.6317213,0.6029561]",
4986,"[3.314269,0.6280811,0.6029561]",
4987,"[3.312295,0.625245,0.6029561]",
4988,"[3.310008,0.6223397,0.6029561]",
4989,"[3.309092,0.6216706,0.6029561]",
4990,"[3.307993,0.6216398,0.6029561]",
4991,"[3.307904,0.6224434,0.6029561]",
4992,"[3.307809,0.6238234,0.6029561]",
4993,"[3.307809,0.6238234,0.6029561]",
4994,"[3.308808,0.6246199,0.6029561]",
4995,"[3.310875,0.6242255,0.6029561]",
4996,"[3.312344,0.6237879,0.6029561]",
4997,"[3.314379,0.6217377,0.6029561]",
4998,"[3.315661,0.6190364,0.6029561]",
4999,"[3.317249,0.6150036,0.6029561]",
5000,"[3.320172,0.6116961,0.6029561]",
5001,"[3.322178,0.6089211,0.6029561]",
5002,"[3.323488,0.6070833,0.6029561]",
5003,"[3.324613,0.605933,0.6029561]",
5004,"[3.326002,0.6060153,0.6029561]",
5005,"[3.326798,0.6066561,0.6029561]",
5006,"[3.328715,0.6087372,0.6029561]",
5007,"[3.330137,0.610472,0.6029561]",
5008,"[3.331301,0.611948,0.5996671]",
5009,"[3.331301,0.6117877,0.5967574]",
5010,"[3.331301,0.610575,0.5905539]",
5011,"[3.331301,0.608837,0.5865459]",
5012,"[3.331301,0.6071377,0.5828739]",
5013,"[3.331301,0.6028717,0.574882]",
5014,"[3.331301,0.6003094,0.5709282]",
5015,"[3.331301,0.5959909,0.5655417]",
5016,"[3.331301,0.5934526,0.5627353]",
5017,"[3.331301,0.5893242,0.5649198]",
5018,"[3.331301,0.5882738,0.5657362]",
5019,"[3.331301,0.5841557,0.567783]",
5020,"[3.331301,0.5814543,0.568419]",
5021,"[3.331301,0.5792627,0.568666]",
5022,"[3.331301,0.5751467,0.569085]",
5023,"[3.331301,0.5728748,0.5694239]",
5024,"[3.331301,0.5692058,0.571736]",
5025,"[3.331301,0.5679686,0.573234]",
5026,"[3.331301,0.5634988,0.5763595]",
5027,"[3.331301,0.5585914,0.577256]",
5028,"[3.331301,0.5492683,0.5775865]",
5029,"[3.331301,0.5445788,0.5774262]",
5030,"[3.331301,0.5381793,0.5774329]",
5031,"[3.331301,0.5149738,0.5750952]",
5032,"[3.347873,0.522711,0.6002071]",
5033,"[3.362096,0.522711,0.6208092]",
5034,"[3.36667,0.522711,0.6270233]",
5035,"[3.373477,0.522711,0.6357458]",
5036,"[3.376005,0.522711,0.6390705]",
5037,"[3.396291,0.522711,0.6615133]",
5038,"[3.419294,0.522711,0.6872874]",
5039,"[3.42783,0.522711,0.6973893]",
5040,"[3.437077,0.522711,0.7118232]",
5041,"[3.437664,0.5189434,0.7140976]",
5042,"[3.4351,0.5072862,0.7121226]",
5043,"[3.433702,0.4986266,0.7110459]",
5044,"[3.432768,0.4915882,0.710327]",
5045,"[3.430383,0.4768739,0.7074797]",
5046,"[3.426838,0.4665058,0.7020183]",
5047,"[3.428472,0.4500335,0.6989374]",
5048,"[3.428015,0.4386131,0.6955767]",
5049,"[3.424498,0.4122403,0.6859211]",
5050,"[3.421611,0.4044557,0.6816471]",
5051,"[3.416745,0.3890252,0.6738348]",
5052,"[3.416689,0.3867595,0.6731946]",
5053,"[3.417034,0.3845911,0.6728892]",
5054,"[3.416541,0.3815554,0.67171]",
5055,"[3.416938,0.3800238,0.6716123]",
5056,"[3.419207,0.3800513,0.6733665]",
5057,"[3.423542,0.3869013,0.6785096]",
5058,"[3.43954,0.4133757,0.6978036]",
5059,"[3.452085,0.4331539,0.7126749]",
5060,"[3.477144,0.4700946,0.741704]",
5061,"[3.48762,0.4851639,0.7525689]",
5062,"[3.492308,0.4922301,0.7552419]",
5063,"[3.541913,0.5645682,0.8308822]",
5064,"[3.331301,0.2537235,0.4747194]",
5065,"[3.331301,0.2537237,0.4738536]",
5066,"[3.331301,0.2532529,0.472137]",
5067,"[3.331301,0.2518537,0.4684172]",
5068,"[3.331301,0.2518537,0.4684172]",
5069,"[3.331301,0.2504286,0.4662002]",
5070,"[3.331301,0.247937,0.4635271]",
5071,"[3.331301,0.2400682,0.45587]",
5072,"[3.331301,0.2369218,0.4530985]",
5073,"[3.331301,0.2334659,0.4503102]",
5074,"[3.331301,0.2309554,0.4493728]",
5075,"[3.331301,0.2289909,0.4493197]",
5076,"[3.331301,0.221877,0.4493526]",
5077,"[3.331301,0.2184405,0.4499129]",
5078,"[3.331301,0.2137257,0.4516531]",
5079,"[3.331301,0.2119612,0.4523131]",
5080,"[3.331301,0.2117418,0.4526882]",
5081,"[3.331301,0.211388,0.4530114]",
5082,"[3.331301,0.2115765,0.4531785]",
5083,"[3.331301,0.2127986,0.4540344]",
5084,"[3.331301,0.2140331,0.454708]",
5085,"[3.331301,0.2165575,0.4560951]",
5086,"[3.331301,0.2182947,0.4572699]",
5087,"[3.331301,0.221859,0.4598793]",
5088,"[3.331301,0.2236302,0.4611669]",
5089,"[3.331301,0.2255189,0.4626198]",
5090,"[3.331301,0.2300355,0.4661872]",
5091,"[3.331301,0.2331557,0.4684205]",
5092,"[3.331301,0.2360828,0.4705698]",
5093,"[3.331301,0.2366434,0.471122]",
5094,"[3.331301,0.2381037,0.4725628]",
5095,"[3.331301,0.2385433,0.4733076]",
5096,"[3.331301,0.2392621,0.4747405]",
5097,"[3.331301,0.2396569,0.4756483]",
5098,"[3.331301,0.2402557,0.4768144]",
5099,"[3.331301,0.2399611,0.478176]",
5100,"[3.331301,0.2393296,0.4799951]",
5101,"[3.331301,0.2384124,0.4839731]",
5102,"[3.331301,0.2383007,0.4865187]",
5103,"[3.331301,0.2384655,0.4901419]",
5104,"[3.331301,0.239105,0.4945343]",
5105,"[3.331301,0.2395201,0.4988477]",
5106,"[3.331301,0.241392,0.5089393]",
5107,"[3.331301,0.2425513,0.5083774]",
5108,"[3.331301,0.2443002,0.5058758]",
5109,"[3.331301,0.244627,0.5041376]",
5110,"[3.331301,0.2447157,0.500947]",
5111,"[3.331301,0.2450494,0.4996672]",
5112,"[3.331301,0.2457088,0.4925656]",
5113,"[3.331301,0.2441403,0.486305]",
5114,"[3.331301,0.2426177,0.4808661]",
5115,"[3.331301,0.2341237,0.4644066]",
5116,"[3.331301,0.228655,0.4549569]",
5117,"[3.331301,0.2164714,0.441277]",
5118,"[3.331301,0.2482849,0.4910671]",
5119,"[3.331301,0.2821869,0.5404717]",
5120,"[3.331301,0.2871726,0.5606666]",
5121,"[3.331301,0.2922339,0.5741899]",
5122,"[3.331301,0.2897083,0.5727462]",
5123,"[3.331301,0.2893209,0.5724]",
5124,"[3.331301,0.2897373,0.5672997]",
5125,"[3.331301,0.2981039,0.5605474]",
5126,"[3.331301,0.3238672,0.5531887]",
5127,"[3.331301,0.3402438,0.5567365]",
5128,"[3.331301,0.3596376,0.5637972]",
5129,"[3.331301,0.3596376,0.5637972]",
5130,"[3.331301,0.3648335,0.5672623]",
5131,"[3.331301,0.3837366,0.5797453]",
5132,"[3.331301,0.3899196,0.5847999]",
5133,"[3.331301,0.4054469,0.5957608]",
5134,"[3.331301,0.4149065,0.601954]",
5135,"[3.327605,0.4202427,0.6029561]",
5136,"[3.327079,0.4206422,0.6029561]",
5137,"[3.326998,0.4213205,0.6029561]",
5138,"[3.32691,0.4226772,0.6029561]",
5139,"[3.326982,0.4226038,0.6029561]",
5140,"[3.326422,0.4215606,0.6029561]",
5141,"[3.324987,0.4199449,0.6029561]",
5142,"[3.320034,0.4105405,0.6029561]",
5143,"[3.316114,0.4018323,0.6029561]",
5144,"[3.308521,0.3898944,0.6029561]",
5145,"[3.306511,0.38608,0.6029561]",
5146,"[3.303938,0.3816029,0.6029561]",
5147,"[3.302083,0.3738864,0.6029561]",
5148,"[3.301253,0.3709844,0.6029561]",
5149,"[3.302108,0.3669577,0.6029561]",
5150,"[3.305184,0.3653269,0.6029561]",
5151,"[3.311255,0.3623102,0.6029561]",
5152,"[3.315901,0.3598471,0.6029561]",
5153,"[3.319786,0.3576958,0.6029561]",
5154,"[3.322173,0.3555439,0.6029561]",
5155,"[3.322975,0.3522393,0.6029561]",
5156,"[3.320262,0.3419616,0.6029561]",
5157,"[3.245915,0.2823967,0.6029561]",
5158,"[3.289806,0.5472795,1.213298]",
5159,"[3.290131,0.560251,1.249221]",
5160,"[3.209987,0.6002311,1.443143]",
5161,"[3.195937,0.6031924,1.473449]",
5162,"[3.18169,0.6063172,1.539759]",
5163,"[3.176683,0.6068649,1.556939]",
5164,"[3.162516,0.5981559,1.568492]",
5165,"[3.165169,0.6048471,1.584999]",
5166,"[3.165536,0.6071177,1.5878]",
5167,"[3.165663,0.6071207,1.587908]",
5168,"[3.166808,0.6072753,1.586659]",
5169,"[3.167249,0.6073322,1.585398]",
5170,"[3.167146,0.6072766,1.585065]",
5171,"[3.172632,0.6071968,1.578127]",
5172,"[3.175594,0.607191,1.573623]",
5173,"[3.177428,0.607217,1.570217]",
5174,"[3.179264,0.6071553,1.562878]",
5175,"[3.179901,0.6071669,1.560686]",
5176,"[3.180629,0.6072106,1.55965]",
5177,"[3.180971,0.6072679,1.559737]",
5178,"[3.181716,0.6073534,1.561378]",
5179,"[3.182112,0.6074219,1.563542]",
5180,"[3.181922,0.6074753,1.566438]",
5181,"[3.179766,0.6074516,1.57408]",
5182,"[3.05272,0.6023294,1.512009]",
5183,"[3.030136,0.6220786,1.497697]",
5184,"[2.817376,0.5806856,1.369613]",
5185,"[2.753368,0.5806856,1.314957]",
5186,"[2.753368,0.5806856,1.314957]",
5187,"[2.74754,0.5942996,1.282368]",
5188,"[2.741062,0.5942996,1.240756]",
5189,"[2.744675,0.5942996,1.210864]",
5190,"[2.744675,0.5942996,1.210864]",
5191,"[2.749069,0.5922709,1.185345]",
5192,"[2.750894,0.5806856,1.150465]",
5193,"[2.750894,0.5806856,1.150465]",
5194,"[3.115949,0.7036692,1.170032]",
5195,"[3.286505,0.2459499,0.6029561]",
5196,"[3.331301,0.2388073,0.5754545]",
5197,"[3.331301,0.2388073,0.5754545]",
5198,"[3.331301,0.1788781,0.5003114]",
5199,"[3.331301,0.1327325,0.4416381]",
5200,"[3.331301,0.1236637,0.4319868]",
5201,"[3.331301,0.1236637,0.4319868]",
5202,"[3.436385,0.294902,0.6133014]",
5203,"[3.438103,0.294902,0.6154226]",
5204,"[3.438103,0.294902,0.6154226]",
5205,"[3.444109,0.294902,0.6190431]",
5206,"[3.452029,0.294902,0.6217058]",
5207,"[3.467215,0.2949019,0.6247839]",
5208,"[3.467215,0.2949019,0.6247839]",
5209,"[3.489798,0.2969719,0.6238091]",
5210,"[3.507937,0.3056414,0.614856]",
5211,"[3.507937,0.3056414,0.614856]",
5212,"[3.513191,0.3129392,0.6122627]",
5213,"[3.513191,0.3129392,0.6122627]",
5214,"[3.513191,0.3129392,0.6122627]",
5215,"[3.510037,0.3163843,0.6121697]",
5216,"[3.499027,0.3163843,0.6101165]",
5217,"[3.460861,0.2949019,0.5854525]",
5218,"[3.445971,0.2949019,0.5879987]",
5219,"[3.331301,0.1426905,0.4284627]",
5220,"[3.331301,0.16006,0.4492648]",
5221,"[3.331301,0.1834376,0.4776379]",
5222,"[3.331301,0.1923589,0.4876018]",
5223,"[3.331301,0.205465,0.5016611]",
5224,"[3.331301,0.2099039,0.5066808]",
5225,"[3.331301,0.2125184,0.5098231]",
5226,"[3.331301,0.2154146,0.5142694]",
5227,"[3.331301,0.2163362,0.5159203]",
5228,"[3.331301,0.2172193,0.5183401]",
5229,"[3.331301,0.217192,0.5191172]",
5230,"[3.331301,0.2171968,0.5191296]",
5231,"[3.331301,0.2170569,0.519031]",
5232,"[3.331301,0.2171002,0.5191058]",
5233,"[3.331301,0.2171368,0.5187328]",
5234,"[3.331301,0.2170674,0.5180727]",
5235,"[3.331301,0.2166168,0.5161775]",
5236,"[3.331301,0.2164879,0.5150839]",
5237,"[3.331301,0.2212452,0.5107201]",
5238,"[3.331301,0.2250018,0.5084288]",
5239,"[3.331301,0.2321141,0.5038762]",
5240,"[3.331301,0.2357667,0.5031494]",
5241,"[3.331301,0.238723,0.5019995]",
5242,"[3.331301,0.2439184,0.4991431]",
5243,"[3.331301,0.2461858,0.4986569]",
5244,"[3.331301,0.2501227,0.4963274]",
5245,"[3.331301,0.2511715,0.4949871]",
5246,"[3.331301,0.2521486,0.493318]",
5247,"[3.331301,0.2556314,0.4938923]",
5248,"[3.331301,0.2586529,0.494149]",
5249,"[3.331301,0.2601452,0.4943408]",
5250,"[3.331301,0.2605363,0.4950598]",
5251,"[3.331301,0.2611194,0.496155]",
5252,"[3.331301,0.2614687,0.4966402]",
5253,"[3.331301,0.2653378,0.5000669]",
5254,"[3.331301,0.2683325,0.5025847]",
5255,"[3.331301,0.2752085,0.5096747]",
5256,"[3.331301,0.2776766,0.5122889]",
5257,"[3.331301,0.2793599,0.5144004]",
5258,"[3.331301,0.2810878,0.516274]",
5259,"[3.331301,0.2812808,0.5164114]",
5260,"[3.331301,0.2811084,0.5162311]",
5261,"[3.331301,0.2808885,0.5159918]",
5262,"[3.331301,0.2803904,0.5153608]",
5263,"[3.331301,0.2800923,0.5150392]",
5264,"[3.331301,0.2796661,0.5145587]",
5265,"[3.331301,0.2795768,0.5144287]",
5266,"[3.331301,0.2795327,0.5143163]",
5267,"[3.462486,0.4698563,0.7303525]",
5268,"[3.459152,0.4656425,0.7266752]",
5269,"[3.454459,0.4592414,0.7213745]",
5270,"[3.454459,0.4592414,0.7213745]",
5271,"[3.448429,0.4508762,0.7145268]",
5272,"[3.442128,0.4417856,0.70728]",
5273,"[3.433925,0.4297378,0.6977893]",
5274,"[3.426507,0.418943,0.6892326]",
5275,"[3.421098,0.410858,0.6829378]",
5276,"[3.421098,0.410858,0.6829378]",
5277,"[3.41643,0.4042146,0.6775925]",
5278,"[3.410806,0.3963515,0.6711898]",
5279,"[3.409182,0.3942271,0.6693794]",
5280,"[3.405404,0.3891696,0.6651379]",
5281,"[3.403474,0.3866096,0.6629776]",
5282,"[3.401741,0.3843559,0.6610488]",
5283,"[3.399571,0.3814435,0.6586105]",
5284,"[3.399062,0.3806978,0.658022]",
5285,"[3.399852,0.3808916,0.6586815]",
5286,"[3.402047,0.3825679,0.6608135]",
5287,"[3.410897,0.3901225,0.6696192]",
5288,"[3.41691,0.3962455,0.6758626]",
5289,"[3.429366,0.4083686,0.6886486]",
5290,"[3.437854,0.416304,0.6972759]",
5291,"[3.447798,0.4250522,0.7072388]",
5292,"[3.466926,0.4380885,0.7254031]",
5293,"[3.482663,0.4469284,0.7398508]",
5294,"[3.505342,0.4600869,0.7607825]",
5295,"[3.514073,0.4650126,0.7682021]",
5296,"[3.516391,0.4606639,0.7643439]",
5297,"[3.517391,0.4592026,0.7627606]",
5298,"[3.518353,0.4580549,0.7612872]",
5299,"[3.518664,0.4577912,0.7608314]",
5300,"[3.518699,0.4577034,0.7607692]",
5301,"[3.518722,0.4575804,0.7607156]",
5302,"[3.518713,0.4576446,0.7607386]",
5303,"[3.51865,0.4582269,0.7609341]",
5304,"[3.518623,0.458784,0.7610788]",
5305,"[3.518656,0.4605258,0.761376]",
5306,"[3.518803,0.4616739,0.7614089]",
5307,"[3.505142,0.4881489,0.7660618]",
5308,"[3.479199,0.4925187,0.746083]",
5309,"[3.470643,0.4954502,0.739494]",
5310,"[3.464351,0.4980561,0.7346482]",
5311,"[3.46004,0.4990118,0.7313284]",
5312,"[3.456505,0.4983646,0.7286059]",
5313,"[3.453619,0.4973115,0.7263836]",
5314,"[3.453619,0.4973115,0.7263836]",
5315,"[3.451774,0.4961742,0.7249627]",
5316,"[3.449221,0.4945186,0.7229965]",
5317,"[3.447609,0.4933601,0.7217555]",
5318,"[3.444072,0.4908658,0.7190315]",
5319,"[3.442051,0.4897913,0.717475]",
5320,"[3.439943,0.4899095,0.7158518]",
5321,"[3.437498,0.49297,0.7139689]",
5322,"[3.437079,0.4948358,0.7136458]",
5323,"[3.436157,0.4970811,0.7129363]",
5324,"[3.435827,0.4978857,0.7126818]",
5325,"[3.434793,0.4978707,0.711886]",
5326,"[3.432392,0.4980915,0.7100368]",
5327,"[3.430485,0.4976825,0.7085682]",
5328,"[3.426962,0.4960802,0.7058553]",
5329,"[3.424932,0.4948818,0.7042918]",
5330,"[3.423074,0.4932672,0.7028605]",
5331,"[3.421208,0.4916951,0.7014235]",
5332,"[3.418171,0.4887765,0.6990851]",
5333,"[3.412486,0.4829417,0.6947072]",
5334,"[3.403087,0.4723358,0.6852626]",
5335,"[3.399476,0.4680492,0.681352]",
5336,"[3.394436,0.4622636,0.6759471]",
5337,"[3.386989,0.4541447,0.6680733]",
5338,"[3.382223,0.4487203,0.6629738]",
5339,"[3.372408,0.4385861,0.6527454]",
5340,"[3.366982,0.4332645,0.6471648]",
5341,"[3.361823,0.4281297,0.6418393]",
5342,"[3.346035,0.413017,0.6256997]",
5343,"[3.340757,0.4088798,0.6205458]",
5344,"[3.334336,0.4058627,0.6148059]",
5345,"[3.333188,0.4061843,0.6140068]",
5346,"[3.332408,0.4080747,0.6139041]",
5347,"[3.332067,0.4088906,0.6138566]",
5348,"[3.330816,0.4101738,0.6132305]",
5349,"[3.330879,0.4120899,0.6137843]",
5350,"[3.330434,0.4145089,0.614079]",
5351,"[3.334202,0.4266899,0.6201892]",
5352,"[3.338153,0.4358638,0.6256487]",
5353,"[3.356599,0.4693022,0.6486624]",
5354,"[3.364566,0.4855406,0.6578034]",
5355,"[3.365017,0.4918565,0.6581511]",
5356,"[3.364968,0.4939599,0.6581135]",
5357,"[3.364494,0.4941452,0.6577483]",
5358,"[3.35515,0.4816983,0.6505525]",
5359,"[3.32876,0.4492695,0.6219467]",
5360,"[3.303609,0.4143303,0.6029561]",
5361,"[3.297837,0.4043012,0.6029561]",
5362,"[3.285695,0.3847415,0.6029561]",
5363,"[3.281547,0.3783752,0.6029561]",
5364,"[3.273817,0.3663668,0.6029561]",
5365,"[3.270111,0.3585668,0.6029561]",
5366,"[3.266745,0.3496279,0.6029561]",
5367,"[3.262486,0.332458,0.6029561]",
5368,"[3.263141,0.3266383,0.6029561]",
5369,"[3.272575,0.3144442,0.6029561]",
5370,"[3.275746,0.3101531,0.6029561]",
5371,"[3.280829,0.3040794,0.6029561]",
5372,"[3.283352,0.303644,0.6029561]",
5373,"[3.285849,0.3046257,0.6029561]",
5374,"[3.292452,0.3103488,0.6029561]",
5375,"[3.298839,0.3205861,0.6029561]",
5376,"[3.308742,0.339218,0.6029561]",
5377,"[3.312284,0.3468809,0.6029561]",
5378,"[3.318321,0.3601403,0.6029561]",
5379,"[3.321787,0.3683332,0.6029561]",
5380,"[3.325164,0.3734599,0.6029561]",
5381,"[3.347611,0.4087111,0.6257796]",
5382,"[3.355793,0.4201722,0.6350998]",
5383,"[3.363723,0.4322408,0.6443855]",
5384,"[3.369686,0.4409131,0.6512625]",
5385,"[3.380469,0.4561728,0.663586]",
5386,"[3.387067,0.4662916,0.6713333]",
5387,"[3.390457,0.4704238,0.675032]",
5388,"[3.395654,0.4753905,0.6803433]",
5389,"[3.404487,0.4814575,0.6885471]",
5390,"[3.411067,0.4743832,0.6919475]",
5391,"[3.414011,0.4673893,0.6923715]",
5392,"[3.413554,0.4458106,0.6863354]",
5393,"[3.410906,0.4319273,0.680639]",
5394,"[3.409961,0.4101433,0.6741726]",
5395,"[3.409016,0.4017895,0.6712444]",
5396,"[3.410632,0.3913563,0.6697404]",
5397,"[3.412848,0.387536,0.6704404]",
5398,"[3.417416,0.3830613,0.6727792]",
5399,"[3.420108,0.3817357,0.6745036]",
5400,"[3.424092,0.3844924,0.6782973]",
5401,"[3.432364,0.3922511,0.6867115]",
5402,"[3.436864,0.3974186,0.6915383]",
5403,"[3.449022,0.4120753,0.7047623]",
5404,"[3.454496,0.418129,0.7105728]",
5405,"[3.463842,0.4321226,0.7214561]",
5406,"[3.467665,0.4387587,0.7261486]",
5407,"[3.472949,0.4494053,0.7330222]",
5408,"[3.474641,0.4549316,0.7357816]",
5409,"[3.47604,0.4589174,0.7379087]",
5410,"[3.477579,0.4640015,0.7404334]",
5411,"[3.478326,0.4657267,0.7414629]",
5412,"[3.480208,0.469723,0.7439647]",
5413,"[3.481306,0.4722885,0.7454862]",
5414,"[3.482255,0.4747606,0.7468683]",
5415,"[3.482921,0.4767943,0.7479175]",
5416,"[3.482592,0.4774841,0.7478458]",
5417,"[3.479563,0.4739951,0.7445938]",
5418,"[3.47799,0.4722529,0.7429237]",
5419,"[3.473849,0.4680238,0.7386205]",
5420,"[3.471004,0.4647049,0.7355548]",
5421,"[3.469429,0.4677986,0.7351568]",
5422,"[3.471783,0.4811464,0.7403717]",
5423,"[3.470379,0.4867868,0.7392904]",
5424,"[3.468868,0.4996356,0.7381266]",
5425,"[3.467884,0.502721,0.7373687]",
5426,"[3.464721,0.5057988,0.7349335]",
5427,"[3.460397,0.4999728,0.7316033]",
5428,"[3.449512,0.4886375,0.7232203]",
5429,"[3.444501,0.4833532,0.7193619]",
5430,"[3.436732,0.4681603,0.7100723]",
5431,"[3.40603,0.4021588,0.6690421]",
5432,"[3.331301,0.2399751,0.5674742]",
5433,"[3.331301,0.2335403,0.5756596]",
5434,"[3.331301,0.2295932,0.5833067]",
5435,"[3.331301,0.2239357,0.5935084]",
5436,"[3.331301,0.218761,0.5970384]",
5437,"[3.331301,0.2075051,0.594637]",
5438,"[3.331301,0.2012823,0.5924039]",
5439,"[3.331301,0.1893537,0.5886553]",
5440,"[3.331301,0.1785713,0.5821671]",
5441,"[3.331301,0.1537973,0.5687128]",
5442,"[3.331301,0.1391661,0.5535449]",
5443,"[3.331301,0.1298761,0.5414429]",
5444,"[3.482018,0.4414624,0.7379142]",
5445,"[3.504311,0.4883453,0.7654216]",
5446,"[3.514935,0.5027771,0.7701471]",
5447,"[3.517089,0.4992017,0.7673501]",
5448,"[3.519777,0.4935921,0.7638603]",
5449,"[3.520578,0.4689518,0.760524]",
5450,"[3.520735,0.4603924,0.7586504]",
5451,"[3.521823,0.4369278,0.7526571]",
5452,"[3.522524,0.4226721,0.7489649]",
5453,"[3.522175,0.3927388,0.7435753]",
5454,"[3.521392,0.3870085,0.7434732]",
5455,"[3.519471,0.3761654,0.7438519]",
5456,"[3.518138,0.3697352,0.7443274]",
5457,"[3.514791,0.3635354,0.7426243]",
5458,"[3.496249,0.3330931,0.7203255]",
5459,"[3.489811,0.3272054,0.7138168]",
5460,"[3.47883,0.3165974,0.7025657]",
5461,"[3.464051,0.2853729,0.6783819]",
5462,"[3.473742,0.3187474,0.6992139]",
5463,"[3.481278,0.3417858,0.7110862]",
5464,"[3.489335,0.3642151,0.7231999]",
5465,"[3.50873,0.4157123,0.751702]",
5466,"[3.515424,0.4333606,0.7602698]",
5467,"[3.567527,0.5652296,0.8516695]",
5468,"[3.567527,0.5652296,0.8516695]",
5469,"[3.454433,0.294902,0.6202756]",
5470,"[3.451271,0.2949019,0.6114955]",
5471,"[3.450017,0.294902,0.6071723]",
5472,"[3.448967,0.294902,0.6011341]",
5473,"[3.448967,0.294902,0.6011341]",
5474,"[3.448622,0.294902,0.5988289]",
5475,"[3.44802,0.2949019,0.5977116]",
5476,"[3.44717,0.2949019,0.5962063]",
5477,"[3.446663,0.294902,0.5952463]",
5478,"[3.446465,0.294902,0.5948228]",
5479,"[3.446452,0.2949019,0.5947593]",
5480,"[3.446434,0.2949018,0.5947956]",
5481,"[3.446509,0.2949019,0.5948644]",
5482,"[3.447177,0.2949018,0.5950789]",
5483,"[3.447507,0.2949018,0.5950595]",
5484,"[3.447791,0.294902,0.5949609]",
5485,"[3.448448,0.2949019,0.594255]",
5486,"[3.449055,0.2949018,0.5934499]",
5487,"[3.450224,0.2949019,0.5917512]",
5488,"[3.450214,0.2949018,0.5803667]",
5489,"[3.451482,0.294902,0.5708891]",
5490,"[3.45214,0.2949019,0.5658213]",
5491,"[3.454084,0.2949018,0.5555768]",
5492,"[3.464308,0.3163843,0.5714251]",
5493,"[3.466093,0.3163843,0.5673407]",
5494,"[3.468791,0.3163843,0.5609987]",
5495,"[3.469726,0.3163843,0.55817]",
5496,"[3.470754,0.3163843,0.5550398]",
5497,"[3.470897,0.3163843,0.5541583]",
5498,"[3.47116,0.3163843,0.5529883]",
5499,"[3.471377,0.3163843,0.5518148]",
5500,"[3.471286,0.3163843,0.5517894]",
5501,"[3.470907,0.3163843,0.5526557]",
5502,"[3.47053,0.3163843,0.5539267]",
5503,"[3.470243,0.3163843,0.5571675]",
5504,"[3.470191,0.3163843,0.5595247]",
5505,"[3.469058,0.3163843,0.5669345]",
5506,"[3.468179,0.3163843,0.5707303]",
5507,"[3.464685,0.3138042,0.5747714]",
5508,"[3.45566,0.2949018,0.5604758]",
5509,"[3.454009,0.2949018,0.5632285]",
5510,"[3.451313,0.2949019,0.5666946]",
5511,"[3.449728,0.2949019,0.5677572]",
5512,"[3.44813,0.2949019,0.5673673]",
5513,"[3.447027,0.2949019,0.5668371]",
5514,"[3.445056,0.2949019,0.5664636]",
5515,"[3.44428,0.2949019,0.5663323]",
5516,"[3.44332,0.2949019,0.5663685]",
5517,"[3.443069,0.2949019,0.5663569]",
5518,"[3.442797,0.2949019,0.5663509]",
5519,"[3.441849,0.2949019,0.5653116]",
5520,"[3.441992,0.2949019,0.5642983]",
5521,"[3.441884,0.2949018,0.5621853]",
5522,"[3.4418,0.2949018,0.5613778]",
5523,"[3.441841,0.2949019,0.5608342]",
5524,"[3.442401,0.2949019,0.561192]",
5525,"[3.44367,0.2949019,0.5617817]",
5526,"[3.444438,0.2949019,0.5619589]",
5527,"[3.444931,0.2949019,0.5618188]",
5528,"[3.445716,0.2949019,0.5617909]",
5529,"[3.446101,0.2949018,0.5619701]",
5530,"[3.44629,0.2949019,0.5621195]",
5531,"[3.446574,0.2949018,0.5623734]",
5532,"[3.447184,0.2949018,0.5626806]",
5533,"[3.448693,0.2949018,0.564045]",
5534,"[3.450011,0.2949019,0.5656264]",
5535,"[3.45067,0.2949019,0.5662444]",
5536,"[3.451264,0.2949018,0.567]",
5537,"[3.452083,0.2949018,0.5681998]",
5538,"[3.452096,0.2949018,0.5681983]",
5539,"[3.452116,0.2949017,0.5681509]",
5540,"[3.452117,0.2949017,0.5682399]",
5541,"[3.451655,0.2949017,0.567625]",
5542,"[3.451083,0.2949018,0.5666445]",
5543,"[3.450616,0.2949019,0.5658486]",
5544,"[3.449883,0.2949018,0.5646442]",
5545,"[3.449614,0.2949019,0.5644706]",
5546,"[3.449151,0.2949019,0.5642459]",
5547,"[3.448987,0.2949019,0.5641956]",
5548,"[3.448756,0.2949018,0.5642245]",
5549,"[3.448675,0.2949019,0.5643253]",
5550,"[3.44863,0.2949018,0.5643029]",
5551,"[3.448512,0.2949019,0.5642148]",
5552,"[3.448535,0.2949019,0.5641001]",
5553,"[3.448527,0.2949018,0.5638473]",
5554,"[3.448494,0.2949019,0.5637429]",
5555,"[3.448377,0.2949019,0.5635129]",
5556,"[3.448257,0.2949019,0.5633228]",
5557,"[3.448031,0.2949019,0.5631049]",
5558,"[3.447662,0.2949019,0.5627695]",
5559,"[3.44748,0.2949018,0.562589]",
5560,"[3.447164,0.2949019,0.5621244]",
5561,"[3.447085,0.2949019,0.5619132]",
5562,"[3.447166,0.2949019,0.5613004]",
5563,"[3.447254,0.2949018,0.560873]",
5564,"[3.447462,0.2949019,0.560558]",
5565,"[3.447603,0.2949019,0.5604874]",
5566,"[3.447701,0.2949019,0.5604115]",
5567,"[3.447906,0.2949018,0.5602578]",
5568,"[3.448067,0.2949019,0.5601619]",
5569,"[3.448302,0.2949019,0.5600896]",
5570,"[3.448167,0.2949018,0.5599228]",
5571,"[3.447704,0.2949019,0.559479]",
5572,"[3.447572,0.2949019,0.5593863]",
5573,"[3.447451,0.2949019,0.55936]",
5574,"[3.447451,0.2949019,0.55936]",
5575,"[3.446263,0.2949019,0.5602132]",
5576,"[3.445352,0.2949019,0.5611122]",
5577,"[3.444296,0.2949019,0.5619575]",
5578,"[3.443672,0.2949019,0.5623022]",
5579,"[3.443014,0.2949019,0.5628123]",
5580,"[3.441917,0.2949018,0.5630634]",
5581,"[3.441917,0.2949018,0.5630634]",
5582,"[3.440721,0.2949018,0.5632693]",
5583,"[3.437944,0.2910309,0.5598592]",
5584,"[3.436171,0.2885529,0.5576911]",
5585,"[3.357491,0.1,0.3842952]",
5586,"[3.35668,0.1,0.3839465]",
5587,"[3.355182,0.1,0.3829826]",
5588,"[3.353958,0.1,0.3821622]",
5589,"[3.351278,0.1,0.380785]",
5590,"[3.350366,0.1,0.3802364]",
5591,"[3.349199,0.1,0.3793422]",
5592,"[3.348803,0.1,0.3789459]",
5593,"[3.348532,0.1,0.3786734]",
5594,"[3.355696,0.1,0.3740372]",
5595,"[3.441861,0.2949019,0.5526905]",
5596,"[3.454604,0.2949018,0.5500911]",
5597,"[3.460889,0.2949018,0.549361]",
5598,"[3.47044,0.2949019,0.5473913]",
5599,"[3.47395,0.2949019,0.5458345]",
5600,"[3.475081,0.2949018,0.5448287]",
5601,"[3.476326,0.2949019,0.5397772]",
5602,"[3.474563,0.2949019,0.534802]",
5603,"[3.472982,0.2949018,0.5317587]",
5604,"[3.47226,0.2949018,0.5311224]",
5605,"[3.470818,0.2949018,0.5294152]",
5606,"[3.468582,0.2949018,0.5269535]",
5607,"[3.46469,0.2949019,0.5234469]",
5608,"[3.464351,0.2949018,0.5241835]",
5609,"[3.463768,0.2949018,0.5243058]",
5610,"[3.464159,0.2949018,0.527714]",
5611,"[3.463903,0.2949018,0.5293081]",
5612,"[3.463932,0.2949018,0.5346616]",
5613,"[3.483381,0.2949019,0.5539941]",
5614,"[3.491736,0.2949019,0.5626142]",
5615,"[3.495217,0.2949018,0.5643922]",
5616,"[3.499911,0.2949018,0.5700171]",
5617,"[3.502254,0.2949018,0.5730931]",
5618,"[3.503847,0.2949017,0.5741853]",
5619,"[3.506898,0.2949018,0.5762714]",
5620,"[3.510325,0.2949018,0.5797315]",
5621,"[3.516695,0.2949018,0.5826826]",
5622,"[3.519582,0.2949018,0.5825194]",
5623,"[3.52499,0.2949018,0.5785697]",
5624,"[3.526452,0.2949018,0.5711701]",
5625,"[3.526972,0.2949017,0.5615841]",
5626,"[3.589132,0.516133,0.7083813]",
5627,"[3.56005,0.6038417,0.7300333]",
5628,"[3.540232,0.646603,0.7360304]",
5629,"[3.534231,0.6596187,0.7377796]",
5630,"[3.526947,0.6697435,0.7395415]",
5631,"[3.523789,0.6695522,0.7403051]",
5632,"[3.517209,0.6623799,0.7418966]",
5633,"[3.513609,0.6554582,0.7427672]",
5634,"[3.511154,0.6503232,0.743361]",
5635,"[3.506133,0.6304017,0.7444105]",
5636,"[3.504186,0.6239862,0.7447703]",
5637,"[3.501878,0.6130259,0.7451248]",
5638,"[3.502266,0.605285,0.7448581]",
5639,"[3.503241,0.5819778,0.7375931]",
5640,"[3.332731,0.1,0.3590305]",
5641,"[3.465973,0.2949017,0.5554132]",
5642,"[3.522036,0.2949017,0.583267]",
5643,"[3.536212,0.2949017,0.5855068]",
5644,"[3.547235,0.2949017,0.5849507]",
5645,"[3.554361,0.2949017,0.5794132]",
5646,"[3.559814,0.2949017,0.5637962]",
5647,"[3.56027,0.2949017,0.555396]",
5648,"[3.602853,0.3990469,0.6400443]",
5649,"[3.60581,0.4035037,0.6370744]",
5650,"[3.607465,0.4047073,0.6351592]",
5651,"[3.607465,0.4047073,0.6351592]",
5652,"[3.608571,0.4055969,0.6338968]",
5653,"[3.612994,0.4074079,0.628507]",
5654,"[3.615252,0.4088444,0.6258554]",
5655,"[3.619572,0.4136944,0.6211928]",
5656,"[3.621883,0.4186649,0.6191618]",
5657,"[3.623193,0.4247293,0.6186436]",
5658,"[3.659304,0.5094021,0.6930289]",
5659,"[3.662493,0.5237399,0.7012798]",
5660,"[3.658539,0.5362911,0.7033599]",
5661,"[3.65569,0.5408616,0.704188]",
5662,"[3.646678,0.5463906,0.7066146]",
5663,"[3.641514,0.5477609,0.7079663]",
5664,"[3.629418,0.5500688,0.711113]",
5665,"[3.622056,0.5468916,0.7129292]",
5666,"[3.603496,0.5417713,0.7175704]",
5667,"[3.583052,0.5250329,0.7123298]",
5668,"[3.564084,0.5090536,0.7063263]",
5669,"[3.543578,0.5081297,0.732954]",
5670,"[3.538563,0.5008752,0.7394657]",
5671,"[3.524444,0.4928231,0.7578002]",
5672,"[3.514683,0.493047,0.7704742]",
5673,"[3.331301,0.2456432,0.5825516]",
5674,"[3.319041,0.2552403,0.6029561]",
5675,"[3.293204,0.2377563,0.6029561]",
5676,"[3.22091,0.1871819,0.6029561]",
5677,"[3.175893,0.1525839,0.6029561]",
5678,"[3.093179,0.1,0.6243148]",
5679,"[3.067929,0.1,0.6526487]",
5680,"[3.012908,0.1,0.7054486]",
5681,"[3.644561,0.9071018,1.270561]",
5682,"[3.631754,0.9115334,1.287164]",
5683,"[3.033174,0.5806856,1.246665]",
5684,"[3.016559,0.5806856,1.259789]",
5685,"[2.998891,0.5806856,1.275969]",
5686,"[2.657818,0.5806856,1.457998]",
5687,"[2.585464,0.5806856,1.502101]",
5688,"[2.574621,0.5806856,1.506463]",
5689,"[2.553318,0.5806856,1.524148]",
5690,"[2.552641,0.5806856,1.523114]",
5691,"[2.551113,0.5806856,1.523551]",
5692,"[2.552376,0.5806856,1.514353]",
5693,"[2.556066,0.5806856,1.5031]",
5694,"[2.559875,0.5806856,1.495178]",
5695,"[2.561352,0.5806856,1.487786]",
5696,"[2.563143,0.5806856,1.472234]",
5697,"[2.563555,0.5806856,1.465961]",
5698,"[2.563225,0.5806856,1.462952]",
5699,"[2.561322,0.5806856,1.46125]",
5700,"[2.559438,0.5806856,1.461925]",
5701,"[2.5528,0.5806856,1.467733]",
5702,"[2.55616,0.5806856,1.454695]",
5703,"[2.571511,0.5806856,1.403878]",
5704,"[2.573661,0.5806856,1.388431]",
5705,"[2.574535,0.5806856,1.36231]",
5706,"[2.572989,0.5806856,1.355428]",
5707,"[2.572471,0.5806856,1.346914]",
5708,"[2.578987,0.5806856,1.335246]",
5709,"[2.586786,0.5806856,1.331027]",
5710,"[2.627486,0.5942996,1.330805]",
5711,"[2.636988,0.5942996,1.326693]",
5712,"[2.651036,0.5942996,1.320108]",
5713,"[2.661148,0.5942996,1.319053]",
5714,"[2.696537,0.5942996,1.325778]",
5715,"[2.707644,0.5942996,1.32983]",
5716,"[2.71159,0.5928703,1.332137]",
5717,"[2.641086,0.5806856,1.456869]",
5718,"[2.753255,0.7042777,1.653651]",
5719,"[2.588383,0.6160836,1.664824]",
5720,"[2.623553,0.6491241,1.691005]",
5721,"[2.628729,0.6600041,1.705758]",
5722,"[2.630399,0.6654629,1.710633]",
5723,"[2.631714,0.6697668,1.714474]",
5724,"[2.632582,0.671748,1.716956]",
5725,"[2.633207,0.6714457,1.71864]",
5726,"[2.634803,0.6684045,1.722809]",
5727,"[2.635797,0.6660716,1.72538]",
5728,"[2.637604,0.6630306,1.730125]",
5729,"[2.638521,0.6621901,1.732574]",
5730,"[2.64054,0.6637185,1.738167]",
5731,"[2.641659,0.6638066,1.741222]",
5732,"[2.643029,0.6649686,1.745025]",
5733,"[2.645567,0.6698295,1.75223]",
5734,"[2.646635,0.6730608,1.755334]",
5735,"[2.647818,0.677804,1.758841]",
5736,"[2.647962,0.6788694,1.759297]",
5737,"[2.648023,0.6792588,1.759485]",
5738,"[2.648016,0.6793041,1.75947]",
5739,"[2.647757,0.6796696,1.758785]",
5740,"[2.647397,0.6797278,1.757806]",
5741,"[2.646931,0.6797155,1.756537]",
5742,"[2.645709,0.6795291,1.753194]",
5743,"[2.644918,0.679115,1.751014]",
5744,"[2.643279,0.6768602,1.746414]",
5745,"[2.753255,0.6646104,1.662616]",
5746,"[2.765389,0.6160835,1.593306]",
5747,"[2.745531,0.5806856,1.561135]",
5748,"[2.761834,0.5806856,1.548638]",
5749,"[2.780353,0.5806856,1.533273]",
5750,"[2.789865,0.5806856,1.519757]",
5751,"[2.791226,0.5806856,1.51719]",
5752,"[2.792356,0.5806856,1.51413]",
5753,"[2.79376,0.5806856,1.505549]",
5754,"[2.794866,0.5806856,1.496132]",
5755,"[2.796727,0.5806856,1.485719]",
5756,"[2.798872,0.5806856,1.453845]",
5757,"[2.801382,0.5806856,1.435662]",
5758,"[2.80383,0.5806856,1.394314]",
5759,"[2.80583,0.5806856,1.369192]",
5760,"[3.08159,0.6884248,1.236631]",
5761,"[3.092877,0.6852298,1.214753]",
5762,"[3.111356,0.6696818,1.178936]",
5763,"[3.114993,0.6631702,1.171887]",
5764,"[3.123513,0.6498473,1.155372]",
5765,"[3.12484,0.6481455,1.1528]",
5766,"[3.126224,0.6464309,1.150116]",
5767,"[3.463808,0.9459749,1.379118]",
5768,"[3.467242,0.9470536,1.381579]",
5769,"[3.077244,0.5838253,1.245054]",
5770,"[3.076937,0.5806856,1.262472]",
5771,"[3.089345,0.5806856,1.27649]",
5772,"[3.096308,0.5806856,1.276549]",
5773,"[3.097968,0.5806856,1.27285]",
5774,"[3.094249,0.5806856,1.269157]",
5775,"[3.09162,0.5806856,1.266949]",
5776,"[3.087424,0.5806856,1.264168]",
5777,"[3.085211,0.5806856,1.26299]",
5778,"[3.081245,0.5806856,1.26128]",
5779,"[3.079227,0.5806856,1.260389]",
5780,"[3.076407,0.5806856,1.257358]",
5781,"[3.0753,0.5806856,1.256091]",
5782,"[3.074094,0.5806856,1.254377]",
5783,"[3.073511,0.5835557,1.25229]",
5784,"[3.073593,0.5862875,1.252131]",
5785,"[3.059663,0.5806856,1.246722]",
5786,"[3.054201,0.5806856,1.246233]",
5787,"[3.046865,0.5806856,1.24899]",
5788,"[3.037201,0.5806856,1.249648]",
5789,"[3.013331,0.5806856,1.252921]",
5790,"[2.814606,0.5806856,1.343708]",
5791,"[2.75647,0.5806856,1.371851]",
5792,"[2.559998,0.5806856,1.439129]",
5793,"[2.526068,0.5806856,1.451922]",
5794,"[2.476863,0.5806856,1.462738]",
5795,"[2.471197,0.5806856,1.461978]",
5796,"[2.460222,0.5806856,1.455422]",
5797,"[2.452361,0.5806856,1.446601]",
5798,"[2.4422,0.5806856,1.431399]",
5799,"[2.422345,0.5806856,1.382782]",
5800,"[2.409531,0.5806856,1.349977]",
5801,"[2.375011,0.5806856,1.263751]",
5802,"[2.357939,0.5806856,1.22096]",
5803,"[2.433719,0.6298164,1.201079]",
5804,"[2.482277,0.6589641,1.182107]",
5805,"[2.613536,0.7022142,1.103818]",
5806,"[2.58185,0.6731048,1.030015]",
5807,"[2.176796,0.1329482,0.04999935]",
5808,"[3.611361,1.095592,1.174394]",
5809,"[3.641669,1.087268,1.138606]",
5810,"[3.315997,0.7311428,0.6029561]",
5811,"[3.331301,0.7111808,0.5434843]",
5812,"[3.543437,0.8741333,0.7261183]",
5813,"[3.557252,0.8818476,0.7186546]",
5814,"[3.613206,0.8881162,0.6540992]",
5815,"[3.623308,0.8892024,0.6397711]",
5816,"[3.646743,0.8854758,0.6065542]",
5817,"[3.503412,0.598212,0.05000034]",
5818,"[4.030369,0.9980045,0.6723223]",
5819,"[4.064867,0.9980045,0.6672429]",
5820,"[4.089856,0.9980045,0.6616106]",
5821,"[4.119173,0.9980045,0.670341]",
5822,"[4.130614,0.9980045,0.6767539]",
5823,"[4.145835,0.9980045,0.6831319]",
5824,"[4.139091,0.9980045,0.6941929]",
5825,"[4.118699,0.9980045,0.7128887]",
5826,"[4.101246,0.9980045,0.7335451]",
5827,"[4.063559,0.9980045,0.7505689]",
5828,"[4.026793,0.9980045,0.7552773]",
5829,"[4.011357,0.9952006,0.7498126]",
5830,"[4.010965,1.095262,0.9128571]",
5831,"[3.999345,1.100049,0.9196443]",
5832,"[3.989427,1.107608,0.9252605]",
5833,"[3.972137,1.118928,0.9347934]",
5834,"[3.964907,1.122944,0.9390111]",
5835,"[3.951445,1.128389,0.9464912]",
5836,"[3.942566,1.125099,0.9421486]",
5837,"[3.830218,0.9315944,0.6056252]",
5838,"[3.819712,0.9232228,0.5972625]",
5839,"[3.807198,0.9137464,0.5873008]",
5840,"[3.65395,0.8358231,0.592535]",
5841,"[3.628237,0.8347907,0.626157]",
5842,"[3.580499,0.8224378,0.679762]",
5843,"[3.565904,0.8173729,0.6957418]",
5844,"[3.544247,0.8112314,0.719891]",
5845,"[3.537714,0.8081006,0.7253134]",
5846,"[3.500142,0.7701109,0.6892954]",
5847,"[3.496316,0.7701108,0.6945002]",
5848,"[3.482894,0.7701108,0.7103105]",
5849,"[3.475588,0.7701108,0.7192599]",
5850,"[3.458463,0.7252349,0.7485213]",
5851,"[3.309641,0.516575,0.6029561]",
5852,"[3.291543,0.4910626,0.6029561]",
5853,"[3.266612,0.4539837,0.6029561]",
5854,"[3.258139,0.4404103,0.6029561]",
5855,"[3.25082,0.4293817,0.6029561]",
5856,"[3.237773,0.4188575,0.6029561]",
5857,"[3.201197,0.3983757,0.6029561]",
5858,"[3.16822,0.3848067,0.6029561]",
5859,"[3.128452,0.3649144,0.6029561]",
5860,"[3.203693,0.6792046,0.9999592]",
5861,"[3.182105,0.6961623,1.041803]",
5862,"[2.589606,0.5806856,1.189117]",
5863,"[2.558877,0.5806856,1.215834]",
5864,"[2.515998,0.5806856,1.284819]",
5865,"[2.509662,0.5806856,1.29562]",
5866,"[2.499486,0.5806856,1.318598]",
5867,"[2.497773,0.5806856,1.330188]",
5868,"[2.499607,0.5806856,1.328384]",
5869,"[2.499068,0.5806856,1.353756]",
5870,"[2.501961,0.5806856,1.354306]",
5871,"[2.505308,0.5806856,1.361992]",
5872,"[2.506335,0.5806856,1.368927]",
5873,"[2.504702,0.5806856,1.388834]",
5874,"[2.490927,0.5806856,1.457827]",
5875,"[2.649432,0.7607644,1.768171]",
5876,"[2.502031,0.740205,2.060035]",
5877,"[2.207744,0.6002312,2.194114]",
5878,"[2.050001,0.5291058,2.321241]",
5879,"[2.050001,0.5330544,2.360702]",
5880,"[2.050001,0.5352046,2.362076]",
5881,"[2.050001,0.5433151,2.382059]",
5882,"[2.050001,0.5441058,2.379989]",
5883,"[2.050001,0.5458332,2.366368]",
5884,"[2.050001,0.5454891,2.360699]",
5885,"[2.050001,0.5377389,2.341666]",
5886,"[2.050001,0.5317962,2.333016]",
5887,"[2.213717,0.6002312,2.249959]",
5888,"[2.232748,0.6002312,2.209634]",
5889,"[2.248724,0.6002312,2.183805]",
5890,"[2.252449,0.6002312,2.17978]",
5891,"[2.255187,0.6002311,2.177657]",
5892,"[2.499262,0.6298806,2.189402]",
5893,"[2.532456,0.6298806,2.195558]",
5894,"[2.567718,0.6298806,2.203877]",
5895,"[2.578092,0.6298806,2.203576]",
5896,"[2.592959,0.6298806,2.198116]",
5897,"[2.59934,0.6298806,2.194394]",
5898,"[2.604514,0.6298806,2.191793]",
5899,"[2.610507,0.6298806,2.188072]",
5900,"[2.619415,0.6298806,2.180669]",
5901,"[2.632221,0.6298806,2.172383]",
5902,"[2.637463,0.6298806,2.169585]",
5903,"[2.642369,0.6298806,2.166915]",
5904,"[2.646895,0.6298806,2.16507]",
5905,"[2.656175,0.6298806,2.160987]",
5906,"[2.660754,0.6298806,2.159504]",
5907,"[2.662345,0.6298806,2.158885]",
5908,"[2.665174,0.6298806,2.157828]",
5909,"[2.666242,0.6298806,2.15741]",
5910,"[2.668523,0.6298806,2.157213]",
5911,"[2.66944,0.6298806,2.157802]",
5912,"[3.005,0.8649992,2.315669]",
5913,"[3.005,0.8677202,2.339295]",
5914,"[3.005,0.8691789,2.357458]",
5915,"[3.005,0.8700801,2.377636]",
5916,"[3.005,0.8700503,2.385276]",
5917,"[3.005,0.8699872,2.393447]",
5918,"[3.005,0.8692505,2.398925]",
5919,"[3.005,0.8677996,2.405911]",
5920,"[3.005,0.8675988,2.408641]",
5921,"[3.005,0.866468,2.415185]",
5922,"[3.005,0.8651962,2.419726]",
5923,"[3.005,0.8636496,2.425189]",
5924,"[3.005,0.8616475,2.428478]",
5925,"[3.005,0.8607072,2.428764]",
5926,"[3.005,0.8589833,2.430049]",
5927,"[3.005,0.8583246,2.431177]",
5928,"[3.005,0.8573066,2.433299]",
5929,"[3.005,0.8555503,2.436836]",
5930,"[3.005,0.8544654,2.437114]",
5931,"[3.005,0.8506208,2.442186]",
5932,"[3.005,0.8482272,2.446795]",
5933,"[3.005,0.8416057,2.466214]",
5934,"[3.005,0.8368297,2.482344]",
5935,"[2.747782,0.6002312,2.969352]",
5936,"[2.773167,0.6002312,3.020397]",
5937,"[2.205208,0.1426872,3.738855]",
5938,"[2.213151,0.1417898,3.747496]",
5939,"[2.256129,0.1426685,3.792311]",
5940,"[2.270424,0.1423632,3.807718]",
5941,"[2.29641,0.1429462,3.833521]",
5942,"[2.316142,0.1422706,3.856197]",
5943,"[2.319347,0.1403123,3.860745]",
5944,"[2.347636,0.1412672,3.891645]",
5945,"[2.348617,0.1435124,3.897717]",
5946,"[2.356148,0.1488723,3.911275]",
5947,"[2.351593,0.1575394,3.921527]",
5948,"[2.35867,0.168162,3.939031]",
5949,"[2.352903,0.1857201,3.954824]",
5950,"[2.360533,0.199782,3.975104]",
5951,"[2.357964,0.2131422,3.991869]",
5952,"[2.368713,0.225992,4.014009]",
5953,"[2.435642,0.2696203,4.10083]",
5954,"[2.484492,0.2939161,4.154642]",
5955,"[3.12156,0.6054716,4.607985]",
5956,"[3.26794,0.6566544,4.679656]",
5957,"[3.73144,0.8157454,4.815423]",
5958,"[3.931694,0.871246,4.851715]",
5959,"[4.016798,0.8911109,4.862343]",
5960,"[4.080014,1.111023,3.926035]",
5961,"[4.102143,1.109714,3.957661]",
5962,"[4.104986,1.11254,3.957678]",
5963,"[4.099008,1.115536,3.957642]",
5964,"[4.108038,1.129056,3.957697]",
5965,"[4.098986,1.133718,3.957642]",
5966,"[4.099277,1.142776,3.957643]",
5967,"[4.135843,1.188573,3.941579]",
5968,"[4.172941,1.213575,3.952016]",
5969,"[4.369152,1.285273,3.958514]",
5970,"[4.548097,1.328889,3.982211]",
5971,"[4.617168,1.348109,3.982251]",
5972,"[4.718297,1.377873,3.982313]",
5973,"[4.759173,1.390563,3.98234]",
5974,"[4.759431,1.394708,3.982348]",
5975,"[4.741351,1.400347,3.98236]",
5976,"[4.73101,1.413615,3.982388]",
5977,"[4.730931,1.421164,3.982404]",
5978,"[4.746372,1.49442,3.982557]",
5979,"[4.760412,1.533914,3.98264]",
5980,"[4.778522,1.613308,3.982806]",
5981,"[4.806525,1.682066,3.98295]",
5982,"[4.802254,1.698543,3.982985]",
5983,"[4.782831,1.71425,3.983018]",
5984,"[4.77308,1.719376,3.983028]",
5985,"[4.749493,1.719247,3.983028]",
5986,"[4.745819,1.720057,3.98303]",
5987,"[4.737792,1.720104,3.98303]",
5988,"[4.725454,1.719049,3.983028]",
5989,"[4.720844,1.718328,3.983026]",
5990,"[4.715221,1.715019,3.983019]",
5991,"[4.714653,1.7131,3.983015]",
5992,"[4.709809,1.707105,3.983003]",
5993,"[4.709844,1.705053,3.982999]",
5994,"[4.707505,1.699122,3.982986]",
5995,"[4.699797,1.692317,3.982972]",
5996,"[4.681516,1.679677,3.982945]",
5997,"[4.6735,1.673598,3.982933]",
5998,"[4.66832,1.667449,3.98292]",
5999,"[4.653533,1.655985,3.982896]",
6000,"[4.649667,1.652034,3.982888]",
6001,"[4.644387,1.646476,3.982876]",
6002,"[4.84772,1.491766,3.982552]",
6003,"[4.924934,1.421338,3.982404]",
6004,"[4.9448,1.397107,3.982354]",
6005,"[4.956934,1.377242,3.982312]",
6006,"[4.976699,1.344935,3.982244]",
6007,"[4.981782,1.337713,3.982229]",
6008,"[4.984416,1.333676,3.982221]",
6009,"[4.984154,1.333315,3.98222]",
6010,"[4.980525,1.333899,3.982221]",
6011,"[4.976635,1.334116,3.982222]",
6012,"[4.711983,1.402113,3.982364]",
6013,"[4.567583,1.43661,3.982436]",
6014,"[4.48276,1.457242,3.98248]",
6015,"[4.460665,1.464788,3.982495]",
6016,"[4.445024,1.470465,3.982507]",
6017,"[4.427378,1.482923,3.982533]",
6018,"[4.419829,1.489172,3.982546]",
6019,"[4.41429,1.503131,3.982576]",
6020,"[4.412436,1.512166,3.982594]",
6021,"[4.408498,1.537329,3.982647]",
6022,"[4.40637,1.551717,3.982677]",
6023,"[4.404348,1.564304,3.982704]",
6024,"[4.402739,1.579302,3.982735]",
6025,"[4.402527,1.582562,3.982742]",
6026,"[4.401386,1.590605,3.982759]",
6027,"[4.400775,1.59348,3.982765]",
6028,"[4.399866,1.596116,3.98277]",
6029,"[4.39951,1.596566,3.982771]",
6030,"[4.399201,1.596893,3.982772]",
6031,"[4.398404,1.598359,3.982775]",
6032,"[4.397953,1.600359,3.982779]",
6033,"[4.395657,1.604459,3.982788]",
6034,"[4.39461,1.605669,3.98279]",
6035,"[4.392789,1.607481,3.982794]",
6036,"[4.39178,1.608224,3.982796]",
6037,"[4.387112,1.608784,3.982797]",
6038,"[4.383458,1.607979,3.982795]",
6039,"[4.373224,1.607433,3.982794]",
6040,"[4.364939,1.607907,3.982795]",
6041,"[4.357547,1.609586,3.982799]",
6042,"[4.345213,1.611629,3.982803]",
6043,"[4.338297,1.612819,3.982805]",
6044,"[4.340869,1.612257,3.982804]",
6045,"[4.358765,1.612767,3.982805]",
6046,"[4.376667,1.631644,3.982845]",
6047,"[4.377795,1.648463,3.98288]",
6048,"[4.379135,1.655947,3.982896]",
6049,"[4.381913,1.667149,3.982919]",
6050,"[4.381473,1.66803,3.982921]",
6051,"[4.380251,1.667161,3.982919]",
6052,"[4.37979,1.662841,3.98291]",
6053,"[4.360342,1.632417,3.982846]",
6054,"[4.338685,1.607801,3.982795]",
6055,"[4.139946,1.308307,3.982167]",
6056,"[4.071246,1.24986,3.901592]",
6057,"[4.003335,0.7949644,4.587877]",
6058,"[3.938696,0.6784192,4.587877]",
6059,"[3.909861,0.6340069,4.587877]",
6060,"[3.88688,0.5394717,4.581887]",
6061,"[3.880605,0.4966967,4.581887]",
6062,"[3.868289,0.441522,4.581887]",
6063,"[3.880156,0.6409115,4.148248]",
6064,"[3.873052,0.6376303,4.129436]",
6065,"[3.873148,0.631201,4.119111]",
6066,"[3.86682,0.6202706,4.098177]",
6067,"[3.865463,0.5966546,4.080968]",
6068,"[3.860025,0.582223,4.073487]",
6069,"[3.865827,0.5713934,4.072951]",
6070,"[3.870082,0.5622942,4.072183]",
6071,"[3.871313,0.5521492,4.072002]",
6072,"[3.872549,0.5512652,4.07258]",
6073,"[3.871184,0.5492151,4.071746]",
6074,"[3.872363,0.5489887,4.072338]",
6075,"[3.872704,0.5485361,4.072484]",
6076,"[3.868476,0.5471924,4.070223]",
6077,"[3.867162,0.546927,4.069531]",
6078,"[3.861643,0.5461357,4.066644]",
6079,"[3.857748,0.5459772,4.064631]",
6080,"[3.852504,0.5442193,4.061823]",
6081,"[3.844717,0.5437188,4.057788]",
6082,"[3.833445,0.5449819,4.052077]",
6083,"[3.573393,0.6368448,3.806259]",
6084,"[3.527644,0.6386899,3.781924]",
6085,"[3.426842,0.5964922,3.823108]",
6086,"[3.407037,0.5862663,3.841995]",
6087,"[3.391603,0.5969491,3.837533]",
6088,"[3.390986,0.5999978,3.838256]",
6089,"[3.391118,0.6065485,3.842471]",
6090,"[3.396369,0.6117318,3.849642]",
6091,"[3.401593,0.6164818,3.85675]",
6092,"[3.42442,0.6410971,3.827661]",
6093,"[3.4381,0.6578498,3.801944]",
6094,"[3.466549,0.6899787,3.749425]",
6095,"[3.46978,0.6896274,3.751144]",
6096,"[3.477075,0.6897994,3.755024]",
6097,"[3.481326,0.6902834,3.757285]",
6098,"[3.486876,0.690539,3.760238]",
6099,"[3.488716,0.6901197,3.761217]",
6100,"[3.49084,0.6855177,3.762347]",
6101,"[3.494257,0.681433,3.764164]",
6102,"[3.498083,0.679736,3.766199]",
6103,"[3.515504,0.6818262,3.775466]",
6104,"[3.526187,0.6850421,3.781149]",
6105,"[3.590012,0.6541085,3.815099]",
6106,"[3.614635,0.6535754,3.828197]",
6107,"[3.637869,0.6521994,3.840556]",
6108,"[3.668813,0.6537337,3.857016]",
6109,"[3.682065,0.6551272,3.864066]",
6110,"[3.720719,0.6318398,3.884627]",
6111,"[3.739955,0.6271574,3.894859]",
6112,"[3.755303,0.6250028,3.903023]",
6113,"[3.756681,0.6245856,3.903756]",
6114,"[3.759917,0.6250261,3.905478]",
6115,"[3.769435,0.6203257,3.91054]",
6116,"[3.774228,0.6154544,3.91309]",
6117,"[3.77568,0.6133075,3.913862]",
6118,"[3.777492,0.6104072,3.914826]",
6119,"[3.777919,0.6007305,3.915053]",
6120,"[3.767973,0.5887842,3.909763]",
6121,"[3.755889,0.5780146,3.903335]",
6122,"[3.751155,0.5745737,3.900817]",
6123,"[3.743282,0.5729377,3.896629]",
6124,"[3.740053,0.5729531,3.894911]",
6125,"[3.736298,0.5647768,3.892914]",
6126,"[3.734227,0.5573941,3.891812]",
6127,"[3.732869,0.5480558,3.89109]",
6128,"[3.731875,0.5464103,3.890561]",
6129,"[3.731635,0.5482352,3.890433]",
6130,"[3.732596,0.5598892,3.890945]",
6131,"[3.735387,0.573805,3.892429]",
6132,"[3.769005,0.4595846,4.857829]",
6133,"[4.019976,1.135607,3.988628]",
6134,"[4.04895,1.190715,3.931896]",
6135,"[4.359125,1.506574,3.982583]",
6136,"[4.377886,1.522797,3.982617]",
6137,"[4.407696,1.545013,3.982663]",
6138,"[4.41835,1.543043,3.982659]",
6139,"[4.434483,1.53787,3.982648]",
6140,"[4.441439,1.535978,3.982644]",
6141,"[4.443718,1.53636,3.982645]",
6142,"[4.44358,1.536288,3.982645]",
6143,"[4.441976,1.53472,3.982642]",
6144,"[4.440254,1.527206,3.982626]",
6145,"[4.440584,1.524012,3.982619]",
6146,"[4.439196,1.527491,3.982627]",
6147,"[4.438924,1.52889,3.98263]",
6148,"[4.439666,1.530502,3.982633]",
6149,"[4.442636,1.531792,3.982636]",
6150,"[4.443227,1.532545,3.982637]",
6151,"[4.445671,1.534662,3.982642]",
6152,"[4.446378,1.535105,3.982643]",
6153,"[4.450275,1.532575,3.982637]",
6154,"[4.453404,1.531355,3.982635]",
6155,"[4.461309,1.53237,3.982637]",
6156,"[4.465214,1.532109,3.982636]",
6157,"[4.572834,1.562484,3.9827]",
6158,"[4.600185,1.57269,3.982721]",
6159,"[4.619648,1.581046,3.982739]",
6160,"[4.647405,1.594904,3.982768]",
6161,"[4.650613,1.59935,3.982777]",
6162,"[4.656843,1.616183,3.982812]",
6163,"[4.657496,1.624536,3.98283]",
6164,"[4.663383,1.641462,3.982865]",
6165,"[4.664171,1.645657,3.982874]",
6166,"[4.668662,1.65439,3.982893]",
6167,"[4.671611,1.660641,3.982906]",
6168,"[4.670781,1.661711,3.982908]",
6169,"[4.670827,1.663986,3.982913]",
6170,"[4.671022,1.663817,3.982912]",
6171,"[4.665391,1.660132,3.982904]",
6172,"[4.660656,1.657072,3.982898]",
6173,"[4.65093,1.652125,3.982888]",
6174,"[4.647564,1.650015,3.982883]",
6175,"[4.643897,1.646761,3.982877]",
6176,"[4.635511,1.638199,3.982858]",
6177,"[4.631082,1.632512,3.982846]",
6178,"[4.622548,1.611815,3.982803]",
6179,"[4.619003,1.600559,3.98278]",
6180,"[4.593253,1.567311,3.98271]",
6181,"[4.585728,1.555625,3.982686]",
6182,"[4.579166,1.544839,3.982663]",
6183,"[4.568408,1.526886,3.982625]",
6184,"[4.562555,1.519169,3.982609]",
6185,"[4.551679,1.508314,3.982586]",
6186,"[4.548265,1.504822,3.982579]",
6187,"[4.542362,1.504259,3.982578]",
6188,"[4.540325,1.507033,3.982584]",
6189,"[4.539513,1.510886,3.982592]",
6190,"[4.53797,1.517795,3.982606]",
6191,"[4.536593,1.522229,3.982616]",
6192,"[4.532277,1.530784,3.982634]",
6193,"[4.531151,1.533732,3.98264]",
6194,"[4.529727,1.537732,3.982648]",
6195,"[4.529912,1.538955,3.982651]",
6196,"[4.528944,1.540706,3.982654]",
6197,"[4.527962,1.54036,3.982654]",
6198,"[4.526665,1.538967,3.982651]",
6199,"[4.524269,1.532035,3.982636]",
6200,"[4.524418,1.528654,3.982629]",
6201,"[4.524607,1.525349,3.982622]",
6202,"[4.524564,1.52451,3.98262]",
6203,"[4.524211,1.520677,3.982612]",
6204,"[4.523785,1.518938,3.982609]",
6205,"[4.521892,1.517608,3.982606]",
6206,"[4.52081,1.517265,3.982605]",
6207,"[4.519797,1.517054,3.982605]",
6208,"[4.503313,1.514507,3.982599]",
6209,"[4.492205,1.512274,3.982595]",
6210,"[4.478548,1.509573,3.982589]",
6211,"[4.472582,1.508922,3.982588]",
6212,"[4.461553,1.508431,3.982587]",
6213,"[4.45647,1.507988,3.982586]",
6214,"[4.446752,1.506582,3.982583]",
6215,"[4.438504,1.50542,3.98258]",
6216,"[4.430243,1.504706,3.982579]",
6217,"[4.422654,1.504441,3.982578]",
6218,"[4.419188,1.504786,3.982579]",
6219,"[4.416234,1.505746,3.982581]",
6220,"[4.415521,1.506377,3.982582]",
6221,"[4.414586,1.507277,3.982584]",
6222,"[4.412462,1.509673,3.982589]",
6223,"[4.411615,1.510602,3.982591]",
6224,"[4.410233,1.51097,3.982592]",
6225,"[4.408234,1.510962,3.982592]",
6226,"[4.405729,1.510965,3.982592]",
6227,"[4.405316,1.510543,3.982591]",
6228,"[4.404829,1.509253,3.982589]",
6229,"[4.404359,1.507724,3.982585]",
6230,"[4.403786,1.50542,3.98258]",
6231,"[4.403124,1.502143,3.982574]",
6232,"[4.401723,1.494858,3.982558]",
6233,"[4.398111,1.480121,3.982527]",
6234,"[4.397025,1.475387,3.982517]",
6235,"[4.396374,1.475144,3.982517]",
6236,"[4.394009,1.479483,3.982526]",
6237,"[4.391397,1.483548,3.982535]",
6238,"[4.383897,1.493403,3.982555]",
6239,"[4.378586,1.500765,3.982571]",
6240,"[4.373546,1.508467,3.982587]",
6241,"[4.368758,1.515932,3.982602]",
6242,"[4.364119,1.522918,3.982617]",
6243,"[4.360088,1.527693,3.982627]",
6244,"[4.356696,1.532241,3.982637]",
6245,"[4.356696,1.532241,3.982637]",
6246,"[4.360629,1.533064,3.982638]",
6247,"[4.360672,1.533218,3.982639]",
6248,"[4.365159,1.536867,3.982646]",
6249,"[4.369401,1.540456,3.982654]",
6250,"[4.396659,1.663249,3.982911]",
6251,"[4.41039,1.708225,3.983005]",
6252,"[4.414914,1.717169,3.983024]",
6253,"[4.421524,1.726037,3.983042]",
6254,"[4.424822,1.728645,3.983048]",
6255,"[4.430123,1.733914,3.983059]",
6256,"[4.434187,1.737969,3.983068]",
6257,"[4.43561,1.739485,3.983071]",
6258,"[4.437428,1.740854,3.983073]",
6259,"[4.439069,1.741737,3.983075]",
6260,"[4.44075,1.743088,3.983078]",
6261,"[4.441971,1.744184,3.98308]",
6262,"[4.446459,1.749496,3.983092]",
6263,"[4.468921,1.759346,3.983112]",
6264,"[4.497133,1.770557,3.983136]",
6265,"[4.589565,1.798663,3.983195]",
6266,"[4.634288,1.813125,3.983225]",
6267,"[4.645681,1.817737,3.983235]",
6268,"[4.653355,1.821099,3.983242]",
6269,"[4.663013,1.825093,3.98325]",
6270,"[4.664257,1.824859,3.983249]",
6271,"[4.66613,1.825128,3.98325]",
6272,"[4.666679,1.825453,3.983251]",
6273,"[4.666862,1.825854,3.983252]",
6274,"[4.661997,1.826446,3.983253]",
6275,"[4.54034,1.761667,3.983117]",
6276,"[4.499304,1.741694,3.983075]",
6277,"[4.455253,1.694389,3.982976]",
6278,"[4.432868,1.670872,3.982927]",
6279,"[4.428079,1.66559,3.982916]",
6280,"[4.426198,1.655212,3.982894]",
6281,"[4.426425,1.652439,3.982888]",
6282,"[4.427108,1.650098,3.982883]",
6283,"[4.429429,1.64799,3.982879]",
6284,"[4.431351,1.647166,3.982877]",
6285,"[4.43728,1.645252,3.982873]",
6286,"[4.440659,1.644816,3.982872]",
6287,"[4.468276,1.648936,3.982881]",
6288,"[4.731086,1.812111,3.983223]",
6289,"[4.743931,1.818928,3.983237]",
6290,"[4.763433,1.82728,3.983254]",
6291,"[4.773699,1.830117,3.98326]",
6292,"[4.784743,1.829704,3.98326]",
6293,"[4.790987,1.828769,3.983258]",
6294,"[4.793875,1.824462,3.983249]",
6295,"[4.79422,1.820903,3.983241]",
6296,"[4.793776,1.816852,3.983233]",
6297,"[4.793281,1.815989,3.983231]",
6298,"[4.792828,1.815657,3.98323]",
6299,"[4.789389,1.815927,3.983231]",
6300,"[4.716387,1.830612,3.983262]",
6301,"[4.675402,1.838123,3.983277]",
6302,"[4.663834,1.839922,3.983281]",
6303,"[4.649017,1.841416,3.983284]",
6304,"[4.643592,1.841587,3.983284]",
6305,"[4.635345,1.84155,3.983284]",
6306,"[4.631213,1.841311,3.983284]",
6307,"[4.626492,1.840455,3.983282]",
6308,"[4.618617,1.839591,3.98328]",
6309,"[4.615352,1.839266,3.98328]",
6310,"[4.605112,1.83591,3.983273]",
6311,"[4.598861,1.834203,3.983269]",
6312,"[4.479363,1.796178,3.983189]",
6313,"[4.447716,1.779655,3.983155]",
6314,"[4.431146,1.771143,3.983137]",
6315,"[4.415329,1.763642,3.983121]",
6316,"[4.410072,1.761394,3.983117]",
6317,"[4.403017,1.758264,3.98311]",
6318,"[4.401084,1.75727,3.983108]",
6319,"[4.397614,1.75546,3.983104]",
6320,"[4.395947,1.75406,3.983101]",
6321,"[4.394057,1.752206,3.983097]",
6322,"[4.391914,1.750263,3.983093]",
6323,"[4.390164,1.748987,3.983091]",
6324,"[4.387656,1.747041,3.983087]",
6325,"[4.386579,1.745957,3.983084]",
6326,"[4.385228,1.744252,3.983081]",
6327,"[4.383824,1.741662,3.983075]",
6328,"[4.382391,1.739382,3.98307]",
6329,"[4.380665,1.735925,3.983063]",
6330,"[4.38011,1.735147,3.983062]",
6331,"[4.379816,1.734835,3.983061]",
6332,"[4.380518,1.734888,3.983061]",
6333,"[4.381117,1.735063,3.983061]",
6334,"[4.382231,1.735401,3.983062]",
6335,"[4.383581,1.735853,3.983063]",
6336,"[4.384599,1.736285,3.983064]",
6337,"[4.386091,1.736821,3.983065]",
6338,"[4.386293,1.736862,3.983065]",
6339,"[4.386538,1.736898,3.983065]",
6340,"[4.386576,1.736888,3.983065]",
6341,"[4.386587,1.7368,3.983065]",
6342,"[4.386572,1.736475,3.983064]",
6343,"[4.386561,1.736332,3.983064]",
6344,"[4.404628,1.711824,3.983013]",
6345,"[4.413324,1.698833,3.982985]",
6346,"[4.416806,1.692723,3.982973]",
6347,"[4.421287,1.686077,3.982959]",
6348,"[4.422904,1.683236,3.982953]",
6349,"[4.42646,1.677211,3.98294]",
6350,"[4.427692,1.674641,3.982935]",
6351,"[4.425025,1.660805,3.982906]",
6352,"[4.421663,1.649996,3.982883]",
6353,"[4.412502,1.631055,3.982844]",
6354,"[4.407166,1.622351,3.982825]",
6355,"[4.398442,1.610935,3.982801]",
6356,"[4.396017,1.607736,3.982795]",
6357,"[4.394005,1.605116,3.982789]",
6358,"[4.390975,1.601299,3.982781]",
6359,"[4.38928,1.599218,3.982777]",
6360,"[4.387363,1.596719,3.982772]",
6361,"[4.38681,1.595831,3.98277]",
6362,"[4.38659,1.59405,3.982766]",
6363,"[4.386571,1.593077,3.982764]",
6364,"[4.386916,1.590966,3.982759]",
6365,"[4.387213,1.590004,3.982758]",
6366,"[4.387657,1.588974,3.982755]",
6367,"[4.388742,1.586483,3.98275]",
6368,"[4.38967,1.585753,3.982749]",
6369,"[4.392988,1.584178,3.982745]",
6370,"[4.537102,1.653994,3.982892]",
6371,"[4.6276,1.692468,3.982972]",
6372,"[4.651299,1.701802,3.982992]",
6373,"[4.677714,1.711464,3.983012]",
6374,"[4.686427,1.714059,3.983017]",
6375,"[4.69124,1.715385,3.98302]",
6376,"[4.698001,1.716694,3.983023]",
6377,"[4.700724,1.717105,3.983024]",
6378,"[4.705144,1.718186,3.983026]",
6379,"[4.706534,1.718653,3.983027]",
6380,"[4.708666,1.719439,3.983029]",
6381,"[4.710001,1.720035,3.98303]",
6382,"[4.711125,1.720854,3.983032]",
6383,"[4.711243,1.721201,3.983032]",
6384,"[4.711501,1.721744,3.983033]",
6385,"[4.711743,1.723131,3.983037]",
6386,"[4.711836,1.72347,3.983037]",
6387,"[4.711967,1.723528,3.983037]",
6388,"[4.712317,1.723659,3.983037]",
6389,"[4.714401,1.724744,3.98304]",
6390,"[4.71948,1.739257,3.98307]",
6391,"[4.724374,1.749302,3.983091]",
6392,"[4.730842,1.763139,3.98312]",
6393,"[4.734914,1.769452,3.983133]",
6394,"[4.743223,1.778606,3.983153]",
6395,"[4.745699,1.781338,3.983158]",
6396,"[4.751359,1.786102,3.983168]",
6397,"[4.755152,1.788926,3.983174]",
6398,"[4.765798,1.79422,3.983185]",
6399,"[4.772632,1.796605,3.98319]",
6400,"[4.813195,1.811419,3.983221]",
6401,"[4.855898,1.826409,3.983253]",
6402,"[4.870355,1.831066,3.983263]",
6403,"[4.886172,1.835644,3.983272]",
6404,"[4.893452,1.837723,3.983276]",
6405,"[4.898514,1.840028,3.983281]",
6406,"[4.900638,1.840475,3.983282]",
6407,"[4.9007,1.840591,3.983282]",
6408,"[4.898484,1.840824,3.983283]",
6409,"[4.895319,1.841201,3.983284]",
6410,"[4.815335,1.84098,3.983283]",
6411,"[4.800201,1.839998,3.983281]",
6412,"[4.723755,1.832981,3.983266]",
6413,"[4.70888,1.832748,3.983266]",
6414,"[4.701254,1.832817,3.983266]",
6415,"[4.701618,1.832916,3.983266]",
6416,"[4.730768,1.83704,3.983275]",
6417,"[4.782482,1.841683,3.983285]",
6418,"[4.851125,1.844641,3.983291]",
6419,"[5.057421,1.846987,3.983296]",
6420,"[5.196747,1.85106,3.983304]",
6421,"[5.949999,1.888419,3.85812]",
6422,"[5.949999,1.872258,3.717153]",
6423,"[5.531127,1.830058,2.977785]",
6424,"[5.550914,1.832565,2.917889]",
6425,"[5.608872,1.894863,2.645712]",
6426,"[5.58543,1.898254,2.419258]",
6427,"[5.582371,1.898971,2.34919]",
6428,"[5.575208,1.898838,2.185124]",
6429,"[5.572363,1.898395,2.11997]",
6430,"[5.666922,1.917025,1.953261]",
6431,"[5.656402,1.915569,1.899004]",
6432,"[5.657188,1.913324,1.90306]",
6433,"[5.67156,1.899106,1.97718]",
6434,"[5.675073,1.894155,1.995297]",
6435,"[5.603454,1.868531,2.106459]",
6436,"[5.577131,1.859555,2.146464]",
6437,"[5.573336,1.848348,2.255147]",
6438,"[5.571355,1.847874,2.311888]",
6439,"[5.570326,1.84677,2.341343]",
6440,"[5.56914,1.845966,2.3753]",
6441,"[5.568667,1.846708,2.388849]",
6442,"[5.568343,1.851464,2.398127]",
6443,"[5.578277,1.957244,2.255409]",
6444,"[5.576143,1.992582,2.206554]",
6445,"[5.575541,2.001612,2.192765]",
6446,"[5.574893,2.011526,2.177923]",
6447,"[5.574779,2.0141,2.175306]",
6448,"[5.57467,2.016915,2.172819]",
6449,"[5.57473,2.020366,2.174179]",
6450,"[5.575097,2.020231,2.182588]",
6451,"[5.576016,2.020809,2.203647]",
6452,"[5.576703,2.021745,2.219367]",
6453,"[5.580595,2.024673,2.308504]",
6454,"[5.582335,2.025486,2.348368]",
6455,"[5.608872,2.035525,2.589736]",
6456,"[5.608872,2.038706,2.62046]",
6457,"[5.608872,2.042389,2.642753]",
6458,"[5.608872,2.050553,2.674012]",
6459,"[5.608872,2.056625,2.68843]",
6460,"[5.608872,2.059038,2.692316]",
6461,"[5.608872,2.062278,2.698336]",
6462,"[5.608872,2.065158,2.701375]",
6463,"[5.608872,2.065438,2.699962]",
6464,"[5.608872,2.065532,2.699685]",
6465,"[5.608872,2.063957,2.698769]",
6466,"[5.608872,2.062509,2.699224]",
6467,"[5.608872,2.058246,2.706417]",
6468,"[5.608872,2.056019,2.713818]",
6469,"[5.608872,2.07052,2.736021]",
6470,"[5.862098,2.154954,2.750118]",
6471,"[5.862098,2.168937,2.771276]",
6472,"[5.862098,2.174263,2.777786]",
6473,"[5.862098,2.178658,2.783856]",
6474,"[5.862098,2.183809,2.786282]",
6475,"[5.862098,2.184974,2.785797]",
6476,"[5.862098,2.187739,2.787242]",
6477,"[5.862098,2.187826,2.786507]",
6478,"[5.862098,2.186973,2.782363]",
6479,"[5.862098,2.18647,2.780777]",
6480,"[5.862098,2.18597,2.780163]",
6481,"[5.862098,2.185734,2.779733]",
6482,"[5.862098,2.184537,2.776616]",
6483,"[5.862098,2.18333,2.767096]",
6484,"[5.862098,2.182944,2.76013]",
6485,"[5.608872,2.10466,2.741256]",
6486,"[5.608872,2.104535,2.728246]",
6487,"[5.608872,2.100741,2.683056]",
6488,"[5.608872,2.098762,2.665858]",
6489,"[5.608872,2.095508,2.629058]",
6490,"[5.608872,2.094605,2.616864]",
6491,"[5.608872,2.093562,2.606171]",
6492,"[5.608872,2.089736,2.58654]",
6493,"[5.608872,2.087695,2.577403]",
6494,"[5.608872,2.084003,2.575725]",
6495,"[5.608872,2.081544,2.577393]",
6496,"[5.608872,2.07689,2.594296]",
6497,"[5.608872,2.07455,2.608804]",
6498,"[5.608872,2.071593,2.645297]",
6499,"[5.608872,2.072142,2.661745]",
6500,"[5.608872,2.073074,2.677445]",
6501,"[5.608872,2.057319,2.702636]",
6502,"[5.608872,2.047652,2.708297]",
6503,"[5.608872,2.039683,2.70867]",
6504,"[5.608872,2.036495,2.705793]",
6505,"[5.608872,2.028262,2.683856]",
6506,"[5.608872,2.026171,2.6747]",
6507,"[5.608872,2.022231,2.660518]",
6508,"[5.608872,2.014351,2.653477]",
6509,"[5.608872,2.008403,2.648342]",
6510,"[5.608872,1.999374,2.639821]",
6511,"[5.608872,1.995021,2.635651]",
6512,"[5.608872,1.985993,2.633416]",
6513,"[5.608872,1.982216,2.632927]",
6514,"[5.608872,1.979522,2.632198]",
6515,"[5.608872,1.973492,2.633803]",
6516,"[5.608872,1.970144,2.635506]",
6517,"[5.608872,1.962489,2.640586]",
6518,"[5.608872,1.959126,2.641032]",
6519,"[5.608872,1.954047,2.637913]",
6520,"[5.608872,1.951228,2.634202]",
6521,"[5.608872,1.948063,2.615968]",
6522,"[5.608872,1.948146,2.598618]",
6523,"[5.608872,1.949901,2.579316]",
6524,"[5.588306,1.955065,2.48513]",
6525,"[5.579156,1.991776,2.275564]",
6526,"[5.576452,2.001768,2.213617]",
6527,"[5.575541,2.004772,2.192747]",
6528,"[5.574662,2.006687,2.172633]",
6529,"[5.574447,2.006127,2.167692]",
6530,"[5.574332,2.005783,2.165066]",
6531,"[5.574172,2.005909,2.161404]",
6532,"[5.574214,2.005665,2.162354]",
6533,"[5.574517,2.003931,2.169307]",
6534,"[5.574672,2.003084,2.172854]",
6535,"[5.575226,2.001857,2.185548]",
6536,"[5.575698,2.001467,2.196357]",
6537,"[5.577642,1.997726,2.240878]",
6538,"[5.579868,1.995056,2.291867]",
6539,"[5.582785,1.994947,2.358665]",
6540,"[5.608872,2.012707,2.6297]",
6541,"[5.608872,2.01692,2.703948]",
6542,"[5.608872,2.020483,2.730838]",
6543,"[5.862098,2.100223,2.771629]",
6544,"[5.862098,2.101985,2.786475]",
6545,"[5.862098,2.103698,2.786106]",
6546,"[5.862098,2.113001,2.779473]",
6547,"[5.862098,2.121075,2.772959]",
6548,"[5.608872,2.055631,2.742441]",
6549,"[5.608872,2.062222,2.730619]",
6550,"[5.608872,2.066765,2.711561]",
6551,"[5.608872,2.067179,2.682962]",
6552,"[5.594216,2.060866,2.673296]",
6553,"[5.574787,2.053631,2.6661]",
6554,"[5.578893,2.051208,2.658935]",
6555,"[5.191992,1.921681,2.671839]",
6556,"[5.193299,1.919728,2.66954]",
6557,"[5.193299,1.919728,2.66954]",
6558,"[5.19592,1.917663,2.667915]",
6559,"[5.199078,1.915161,2.666717]",
6560,"[5.202101,1.913044,2.6652]",
6561,"[5.204786,1.909645,2.662964]",
6562,"[5.204428,1.908209,2.662103]",
6563,"[5.204336,1.905647,2.66075]",
6564,"[5.205751,1.900518,2.658056]",
6565,"[5.207435,1.897034,2.656081]",
6566,"[5.209391,1.893311,2.652022]",
6567,"[5.210106,1.891816,2.650135]",
6568,"[5.209891,1.890957,2.650573]",
6569,"[5.206069,1.888998,2.651789]",
6570,"[5.20316,1.888009,2.652455]",
6571,"[5.194897,1.885707,2.653381]",
6572,"[5.191178,1.884708,2.653777]",
6573,"[5.191136,1.884775,2.653766]",
6574,"[5.95,2.094924,2.58209]",
6575,"[5.95,2.09565,2.582785]",
6576,"[5.95,2.096177,2.583211]",
6577,"[5.95,2.096318,2.5837]",
6578,"[5.95,2.096518,2.584201]",
6579,"[5.95,2.0962,2.584708]",
6580,"[5.95,2.094507,2.585031]",
6581,"[5.95,2.094412,2.585011]",
6582,"[5.95,2.094343,2.584954]",
6583,"[5.95,2.09428,2.584489]",
6584,"[5.95,2.094625,2.583361]",
6585,"[5.95,2.095307,2.581773]",
6586,"[5.95,2.096646,2.579531]",
6587,"[5.95,2.099229,2.574264]",
6588,"[5.95,2.100178,2.572247]",
6589,"[5.95,2.102609,2.567824]",
6590,"[5.95,2.103266,2.566397]",
6591,"[5.95,2.104953,2.562298]",
6592,"[5.95,2.105396,2.560977]",
6593,"[5.95,2.105526,2.560975]",
6594,"[5.95,2.106329,2.560761]",
6595,"[5.95,2.107615,2.560738]",
6596,"[5.95,2.137875,2.561339]",
6597,"[5.95,2.154918,2.561385]",
6598,"[5.95,2.183697,2.563648]",
6599,"[5.95,2.196396,2.565792]",
6600,"[5.95,2.208403,2.568175]",
6601,"[5.95,2.225433,2.572269]",
6602,"[5.95,2.230473,2.573792]",
6603,"[5.95,2.237015,2.576208]",
6604,"[5.95,2.238736,2.576931]",
6605,"[5.95,2.241191,2.578109]",
6606,"[5.95,2.242079,2.578734]",
6607,"[5.95,2.243288,2.580164]",
6608,"[5.95,2.243396,2.580434]",
6609,"[5.95,2.243501,2.580573]",
6610,"[5.95,2.244569,2.581056]",
6611,"[5.95,2.245365,2.581516]",
6612,"[5.95,2.246605,2.582458]",
6613,"[5.95,2.247154,2.582933]",
6614,"[5.95,2.247564,2.583338]",
6615,"[5.95,2.247216,2.583603]",
6616,"[5.95,2.246931,2.583863]",
6617,"[5.95,2.246528,2.584419]",
6618,"[5.95,2.246494,2.58456]",
6619,"[5.95,2.246358,2.584624]",
6620,"[5.95,2.24628,2.58464]",
6621,"[5.95,2.246338,2.584857]",
6622,"[5.95,2.246403,2.585075]",
6623,"[5.95,2.246341,2.585772]",
6624,"[5.95,2.246431,2.586396]",
6625,"[5.95,2.246706,2.58718]",
6626,"[5.95,2.248274,2.589686]",
6627,"[5.95,2.248924,2.590369]",
6628,"[5.95,2.246752,2.591564]",
6629,"[5.95,2.244013,2.592567]",
6630,"[5.95,2.233989,2.596948]",
6631,"[5.95,2.230735,2.59985]",
6632,"[5.95,2.227222,2.603129]",
6633,"[5.95,2.224071,2.60528]",
6634,"[5.95,2.221496,2.60759]",
6635,"[5.95,2.218557,2.608223]",
6636,"[5.95,2.217054,2.608413]",
6637,"[5.95,2.214227,2.607548]",
6638,"[5.95,2.213326,2.606377]",
6639,"[5.95,2.212162,2.603059]",
6640,"[5.95,2.210879,2.600353]",
6641,"[5.95,2.208521,2.596606]",
6642,"[5.95,2.155256,2.582676]",
6643,"[5.95,2.127912,2.577391]",
6644,"[5.95,2.096234,2.569676]",
6645,"[5.95,2.083539,2.56703]",
6646,"[5.95,2.066142,2.563942]",
6647,"[5.869324,2.040337,2.562305]",
6648,"[5.796279,2.014799,2.559754]",
6649,"[5.769253,2.006224,2.55881]",
6650,"[5.726522,1.996646,2.557318]",
6651,"[5.676563,1.984598,2.555573]",
6652,"[5.667684,1.982321,2.555264]",
6653,"[5.633331,1.972805,2.554064]",
6654,"[5.621622,1.969843,2.553655]",
6655,"[5.562468,1.954748,2.551557]",
6656,"[5.561514,1.954616,2.550938]",
6657,"[5.560247,1.954455,2.550115]",
6658,"[5.560006,1.954699,2.549958]",
6659,"[5.559791,1.955056,2.549664]",
6660,"[5.559746,1.956021,2.549483]",
6661,"[5.55976,1.956212,2.549538]",
6662,"[5.560128,1.956992,2.550037]",
6663,"[5.597501,1.969002,2.552813]",
6664,"[5.95,2.072011,2.566071]",
6665,"[5.95,2.074925,2.569714]",
6666,"[5.95,2.076656,2.572443]",
6667,"[5.95,2.080117,2.578197]",
6668,"[5.95,2.082952,2.581183]",
6669,"[5.95,2.088049,2.587711]",
6670,"[5.95,2.089086,2.58953]",
6671,"[5.95,2.090568,2.591642]",
6672,"[5.95,2.091195,2.591917]",
6673,"[5.95,2.093077,2.591385]",
6674,"[5.95,2.094478,2.590603]",
6675,"[5.95,2.095573,2.589942]",
6676,"[5.95,2.096543,2.588925]",
6677,"[5.95,2.096945,2.588173]",
6678,"[5.95,2.099334,2.586554]",
6679,"[5.95,2.100999,2.585897]",
6680,"[5.95,2.103613,2.584637]",
6681,"[5.95,2.104109,2.584306]",
6682,"[5.95,2.104616,2.584016]",
6683,"[5.95,2.124585,2.583771]",
6684,"[5.95,2.132937,2.583451]",
6685,"[5.95,2.141084,2.583017]",
6686,"[5.95,2.142431,2.58314]",
6687,"[5.95,2.145186,2.583413]",
6688,"[5.95,2.148358,2.583489]",
6689,"[5.95,2.150182,2.583604]",
6690,"[5.95,2.150182,2.583604]",
6691,"[5.95,2.152222,2.584013]",
6692,"[5.95,2.155605,2.584615]",
6693,"[5.95,2.156943,2.58487]",
6694,"[5.95,2.159701,2.585479]",
6695,"[5.95,2.161787,2.585793]",
6696,"[5.95,2.165584,2.586085]",
6697,"[5.95,2.167105,2.586075]",
6698,"[5.95,2.168705,2.586092]",
6699,"[5.95,2.173361,2.587006]",
6700,"[5.95,2.175699,2.587962]",
6701,"[5.95,2.178043,2.591657]",
6702,"[5.95,2.178785,2.595264]",
6703,"[5.95,2.179497,2.606006]",
6704,"[5.95,2.178611,2.614933]",
6705,"[5.95,2.179752,2.631277]",
6706,"[5.95,2.181843,2.644215]",
6707,"[5.95,2.193405,2.661451]",
6708,"[5.95,2.228531,2.676937]",
6709,"[5.650786,2.139617,2.691196]",
6710,"[5.630651,2.143929,2.707975]",
6711,"[5.603846,2.144666,2.733317]",
6712,"[5.564469,2.133978,2.764357]",
6713,"[5.543554,2.126007,2.775088]",
6714,"[5.616,2.164433,2.859071]",
6715,"[5.616,2.155312,2.914723]",
6716,"[5.59535,2.14383,2.966677]",
6717,"[5.95,2.255356,3.424791]",
6718,"[5.949999,2.262728,3.981668]",
6719,"[5.95,2.264734,4.132459]",
6720,"[5.328067,2.04503,3.983711]",
6721,"[5.010213,2.010505,3.983638]",
6722,"[4.913292,2.003595,3.983624]",
6723,"[4.63328,1.967192,3.983548]",
6724,"[4.562185,1.961461,3.983536]",
6725,"[4.493402,1.960164,3.983533]",
6726,"[4.44889,1.952538,3.983517]",
6727,"[4.450471,1.950777,3.983513]",
6728,"[4.48513,1.947674,3.983507]",
6729,"[4.493156,1.946109,3.983503]",
6730,"[4.492342,1.931504,3.983473]",
6731,"[4.487417,1.923018,3.983455]",
6732,"[4.453985,1.873743,3.983352]",
6733,"[4.439163,1.849717,3.983302]",
6734,"[4.423171,1.826541,3.983253]",
6735,"[4.41073,1.802576,3.983203]",
6736,"[4.409183,1.795982,3.983189]",
6737,"[4.439481,1.788191,3.983173]",
6738,"[4.483717,1.793278,3.983183]",
6739,"[4.498158,1.793065,3.983183]",
6740,"[4.508615,1.792005,3.983181]",
6741,"[4.550766,1.798016,3.983193]",
6742,"[4.564304,1.799231,3.983196]",
6743,"[4.577102,1.801667,3.983201]",
6744,"[4.594309,1.803383,3.983204]",
6745,"[4.602401,1.804526,3.983207]",
6746,"[4.615926,1.805399,3.983209]",
6747,"[4.623147,1.805301,3.983208]",
6748,"[4.668334,1.741321,3.609335]",
6749,"[4.799116,1.772658,3.98314]",
6750,"[4.816316,1.768633,3.983132]",
6751,"[4.830939,1.765373,3.983125]",
6752,"[4.835116,1.764496,3.983123]",
6753,"[4.840679,1.763911,3.983122]",
6754,"[4.842644,1.763934,3.983122]",
6755,"[4.845799,1.765067,3.983124]",
6756,"[4.846473,1.767625,3.98313]",
6757,"[4.847258,1.770805,3.983136]",
6758,"[4.847258,1.770805,3.983136]",
6759,"[4.846457,1.772819,3.98314]",
6760,"[4.843755,1.774268,3.983144]",
6761,"[4.840843,1.775798,3.983147]",
6762,"[4.836753,1.777396,3.98315]",
6763,"[4.830567,1.77996,3.983155]",
6764,"[4.82124,1.78524,3.983166]",
6765,"[4.817363,1.78735,3.983171]",
6766,"[4.813202,1.788837,3.983174]",
6767,"[4.811797,1.78875,3.983174]",
6768,"[4.810516,1.788719,3.983174]",
6769,"[4.80684,1.787747,3.983172]",
6770,"[4.804089,1.786804,3.98317]",
6771,"[4.735497,1.80336,3.983204]",
6772,"[4.710408,1.810647,3.98322]",
6773,"[4.688217,1.817144,3.983233]",
6774,"[4.680294,1.820115,3.983239]",
6775,"[4.673813,1.823339,3.983246]",
6776,"[4.666722,1.828101,3.983256]",
6777,"[4.665117,1.830111,3.98326]",
6778,"[4.663509,1.834229,3.983269]",
6779,"[4.663437,1.836295,3.983274]",
6780,"[4.664263,1.839091,3.983279]",
6781,"[4.667809,1.841795,3.983285]",
6782,"[4.677585,1.846819,3.983295]",
6783,"[4.683332,1.848676,3.983299]",
6784,"[4.720197,1.853712,3.98331]",
6785,"[4.741369,1.855235,3.983313]",
6786,"[4.757624,1.856239,3.983315]",
6787,"[4.943117,1.858814,3.98332]",
6788,"[4.943117,1.858814,3.98332]",
6789,"[4.96981,1.858252,3.983319]",
6790,"[4.993937,1.857777,3.983318]",
6791,"[5.007519,1.857998,3.983319]",
6792,"[5.029106,1.857949,3.983319]",
6793,"[5.054595,1.85547,3.983314]",
6794,"[5.090563,1.850249,3.983303]",
6795,"[5.17229,1.839496,3.98328]",
6796,"[5.201349,1.838028,3.983277]",
6797,"[5.242942,1.836116,3.983273]",
6798,"[5.377323,1.842667,3.983287]",
6799,"[5.481675,1.861769,3.983327]",
6800,"[5.537612,1.885018,3.981479]",
6801,"[5.95,2.008429,4.023265]",
6802,"[5.949999,2.019011,3.79416]",
6803,"[5.949999,2.032433,3.632004]",
6804,"[5.95,2.069261,3.143246]",
6805,"[5.616,1.985813,2.96739]",
6806,"[5.616,1.985813,2.96739]",
6807,"[5.588763,2.043712,2.495596]",
6808,"[5.581609,2.077399,2.331734]",
6809,"[5.577447,2.096254,2.236419]",
6810,"[5.576024,2.102164,2.203817]",
6811,"[5.575144,2.089132,2.18366]",
6812,"[5.575277,2.086655,2.186705]",
6813,"[5.577241,2.07447,2.231693]",
6814,"[5.577967,2.060391,2.248319]",
6815,"[5.579228,2.039988,2.2772]",
6816,"[5.579457,2.022005,2.282451]",
6817,"[5.57972,2.006328,2.288462]",
6818,"[5.578971,1.97105,2.271323]",
6819,"[5.57765,1.94756,2.241061]",
6820,"[5.57373,1.904522,2.15128]",
6821,"[5.674029,1.885177,1.989915]",
6822,"[5.95,1.7846,1.09441]",
6823,"[5.950001,1.736085,0.9215207]",
6824,"[5.950001,1.678566,0.7528934]",
6825,"[5.950001,1.629761,0.6661073]",
6826,"[5.950001,1.574548,0.5332363]",
6827,"[5.661667,1.532698,0.7691054]",
6828,"[5.643645,1.500212,0.7525405]",
6829,"[5.600059,1.448776,0.7124788]",
6830,"[4.936135,1.309626,1.518633]",
6831,"[4.903366,1.283625,1.518633]",
6832,"[4.841991,1.169814,1.518633]",
6833,"[4.841991,1.169814,1.518633]",
6834,"[4.853536,1.127565,1.518633]",
6835,"[4.906179,1.087744,1.518633]",
6836,"[4.908799,1.073078,1.518633]",
6837,"[4.942599,1.061383,1.518633]",
6838,"[4.992119,1.060081,1.518633]",
6839,"[4.994074,1.05033,1.518633]",
6840,"[4.987168,1.042236,1.518633]",
6841,"[4.740625,1.024777,1.516851]",
6842,"[4.740625,0.9548913,1.410105]",
6843,"[4.740625,0.855162,1.259926]",
6844,"[4.740625,0.8046774,1.188614]",
6845,"[4.740625,0.7991738,1.179168]",
6846,"[4.740625,0.8148139,1.199335]",
6847,"[4.740625,0.8172262,1.202569]",
6848,"[4.740625,0.8940355,1.311145]",
6849,"[4.740625,1.018322,1.506169]",
6850,"[4.866194,1.011308,1.518633]",
6851,"[4.926587,0.9994513,1.518633]",
6852,"[5.291712,0.8629928,1.433344]",
6853,"[5.291712,0.8980457,1.513439]",
6854,"[5.624534,0.8802055,1.790981]",
6855,"[5.624534,0.9299974,1.914185]",
6856,"[5.624534,0.9461644,1.947187]",
6857,"[5.668447,0.9487776,1.981407]",
6858,"[5.666837,0.9497367,1.981407]",
6859,"[5.633044,0.9618225,1.981407]",
6860,"[5.624534,0.9634,1.980165]",
6861,"[5.624534,0.9586514,1.978169]",
6862,"[5.624534,0.9482145,1.968614]",
6863,"[5.624534,0.9313217,1.943646]",
6864,"[5.624534,0.920958,1.928074]",
6865,"[5.624534,0.9154888,1.912333]",
6866,"[5.624534,0.9112418,1.885031]",
6867,"[5.624534,0.9123632,1.878552]",
6868,"[5.624534,0.9184654,1.872882]",
6869,"[5.624534,0.9248739,1.872012]",
6870,"[5.624534,0.9368407,1.869942]",
6871,"[5.624534,0.9949344,1.878177]",
6872,"[5.624534,1.029455,1.892099]",
6873,"[5.624534,1.078817,1.923807]",
6874,"[5.624534,1.101366,1.942921]",
6875,"[5.628196,1.134546,1.981407]",
6876,"[5.707189,1.112602,1.981407]",
6877,"[5.574959,1.174877,2.084263]",
6878,"[5.627408,1.163766,2.107295]",
6879,"[5.950001,0.9685284,2.229987]",
6880,"[5.561953,1.03941,2.521526]",
6881,"[5.713446,0.948696,2.556861]",
6882,"[5.95,0.7942628,2.641986]",
6883,"[5.95,0.7864136,2.645617]",
6884,"[5.95,0.7639224,2.67113]",
6885,"[5.95,0.7566693,2.669492]",
6886,"[5.95,0.732571,2.690855]",
6887,"[5.95,0.7189823,2.721846]",
6888,"[5.95,0.7076997,2.758122]",
6889,"[5.859885,0.6776904,2.975914]",
6890,"[5.709516,0.7656546,2.970663]",
6891,"[5.577874,0.8444564,2.966066]",
6892,"[5.531044,0.8772033,2.98014]",
6893,"[5.594782,0.8406158,3.085245]",
6894,"[5.557711,0.8718204,3.188759]",
6895,"[5.371205,1.003107,3.149456]",
6896,"[5.259726,1.0874,3.251997]",
6897,"[5.2331,1.101534,3.378346]",
6898,"[5.084055,1.488454,3.982545]",
6899,"[5.018349,1.526568,3.982625]",
6900,"[4.777252,1.680594,3.982947]",
6901,"[4.685472,1.742319,3.983077]",
6902,"[4.570922,1.885453,3.983376]",
6903,"[3.360355,2.658687,5.002566]",
6904,"[3.353183,2.661987,4.996119]",
6905,"[3.290558,2.6799,4.954735]",
6906,"[3.25297,2.684611,4.932072]",
6907,"[3.263206,2.63612,4.953107]",
6908,"[3.466942,2.522177,5.039999]",
6909,"[3.553659,2.46105,5.04]",
6910,"[4.138912,2.013291,3.983644]",
6911,"[4.170122,1.996676,3.983609]",
6912,"[4.31047,1.946636,3.983505]",
6913,"[4.355343,1.906976,3.983421]",
6914,"[4.40787,1.864499,3.983332]",
6915,"[4.432011,1.843564,3.983289]",
6916,"[4.470555,1.817003,3.983233]",
6917,"[4.487343,1.80728,3.983213]",
6918,"[4.502989,1.799654,3.983197]",
6919,"[4.531538,1.786259,3.983169]",
6920,"[4.549934,1.781195,3.983158]",
6921,"[4.591794,1.770541,3.983136]",
6922,"[4.618154,1.76392,3.983122]",
6923,"[4.788678,1.725892,3.983042]",
6924,"[4.916539,1.691442,3.98297]",
6925,"[5.221082,1.602327,3.982783]",
6926,"[5.393866,1.550328,3.982675]",
6927,"[5.542136,1.501829,3.957757]",
6928,"[5.95,1.351069,3.861614]",
6929,"[5.95,1.306439,3.607951]",
6930,"[5.568377,1.270733,2.684463]",
6931,"[5.561043,1.249538,2.607166]",
6932,"[5.950001,0.9906628,2.347251]",
6933,"[5.950001,0.9906628,2.347251]",
6934,"[5.771275,0.9647754,2.112319]",
6935,"[5.79317,0.8636712,1.981407]",
6936,"[5.70464,0.8913571,1.981407]",
6937,"[5.624534,0.9001262,1.969775]",
6938,"[5.650754,0.8661937,1.981407]",
6939,"[5.687997,0.8193839,1.981407]",
6940,"[5.705053,0.7959863,1.981407]",
6941,"[5.950001,0.6614105,2.195091]",
6942,"[5.71101,0.8218452,2.246589]",
6943,"[5.596,0.9067029,2.296746]",
6944,"[5.596,0.9060904,2.304873]",
6945,"[5.950001,0.681076,2.321999]",
6946,"[5.542769,0.9481133,2.343879]",
6947,"[5.541434,0.9488518,2.353565]",
6948,"[5.533478,0.9459048,2.414284]",
6949,"[5.530776,0.9434378,2.435546]",
6950,"[5.559119,0.9121947,2.537864]",
6951,"[5.95,0.6458629,2.6404]",
6952,"[5.950001,0.6449724,2.655017]",
6953,"[5.95,0.6463014,2.674865]",
6954,"[5.95,0.6479066,2.682099]",
6955,"[5.95,0.6499262,2.692848]",
6956,"[5.95,0.6504929,2.698108]",
6957,"[5.95,0.6525716,2.708675]",
6958,"[5.95,0.6539258,2.725284]",
6959,"[5.95,0.6550748,2.737961]",
6960,"[5.95,0.6570277,2.75756]",
6961,"[5.95,0.6580315,2.765531]",
6962,"[5.95,0.6615462,2.778621]",
6963,"[5.95,0.663399,2.781046]",
6964,"[5.95,0.6661667,2.785457]",
6965,"[5.95,0.667116,2.786969]",
6966,"[5.95,0.6678227,2.788034]",
6967,"[5.95,0.6679097,2.787662]",
6968,"[5.95,0.6675398,2.78629]",
6969,"[5.95,0.6670097,2.785085]",
6970,"[5.95,0.6659398,2.783555]",
6971,"[5.95,0.6641325,2.777205]",
6972,"[5.95,0.6634952,2.77096]",
6973,"[5.95,0.6635089,2.751948]",
6974,"[5.95,0.6642546,2.738949]",
6975,"[5.95,0.6669121,2.707848]",
6976,"[5.95,0.6702558,2.68756]",
6977,"[5.95,0.6758082,2.657932]",
6978,"[5.542611,0.9419971,2.347573]",
6979,"[5.950001,0.6732747,2.297504]",
6980,"[5.76265,0.7851863,2.237184]",
6981,"[5.950001,0.6503768,2.176367]",
6982,"[5.893992,0.6622185,2.128684]",
6983,"[5.804693,0.7123387,2.113486]",
6984,"[5.746498,0.746398,2.111454]",
6985,"[5.728456,0.7550454,2.110824]",
6986,"[5.665062,0.7931587,2.10861]",
6987,"[5.807059,0.6622185,1.999808]",
6988,"[5.624534,0.7035479,1.699285]",
6989,"[5.578144,0.7203348,1.658025]",
6990,"[5.724293,0.5553042,1.476214]",
6991,"[5.622244,0.5997627,1.476214]",
6992,"[5.58667,0.6066173,1.476214]",
6993,"[5.596582,0.5793133,1.476214]",
6994,"[5.61173,0.5485908,1.476214]",
6995,"[5.694211,0.4585125,1.476214]",
6996,"[5.735414,0.4650995,1.666111]",
6997,"[5.869524,0.36279,1.670794]",
6998,"[5.606602,0.6622185,1.924893]",
6999,"[5.624534,0.6698741,1.962548]",
7000,"[5.574996,0.7631865,2.083208]",
7001,"[5.726226,0.6642527,2.110746]",
7002,"[5.748515,0.6622186,2.203688]",
7003,"[5.576019,0.743409,2.668922]",
7004,"[5.659142,0.6645745,2.74299]",
7005,"[5.449929,0.74479,3.098714]",
7006,"[5.43891,0.7447565,3.150774]",
7007,"[5.240108,0.8083535,3.345092]",
7008,"[5.230954,0.8010007,3.388531]",
7009,"[5.307932,0.7082593,3.523937]",
7010,"[5.312368,0.7110332,3.521078]",
7011,"[5.315406,0.7133365,3.523468]",
7012,"[5.240939,0.8383092,3.341148]",
7013,"[5.251785,0.8524358,3.289681]",
7014,"[5.255,0.8610722,3.274424]",
7015,"[5.259161,0.8673732,3.254675]",
7016,"[5.264007,0.8775226,3.231682]",
7017,"[5.264919,0.8820773,3.227352]",
7018,"[5.260919,0.9033231,3.246337]",
7019,"[5.255008,0.917084,3.274384]",
7020,"[5.239371,0.9730512,3.348587]",
7021,"[5.571156,0.7173674,3.92856]",
7022,"[5.51458,0.7686006,3.936084]",
7023,"[5.4197,0.8567848,3.92477]",
7024,"[5.389265,0.8905687,3.921141]",
7025,"[5.256742,1.01664,3.905339]",
7026,"[5.145926,1.139979,3.892125]",
7027,"[5.099569,1.188573,3.914073]",
7028,"[4.975317,1.359512,3.982275]",
7029,"[4.934978,1.403114,3.982366]",
7030,"[4.765106,1.634162,3.98285]",
7031,"[4.731624,1.674272,3.982934]",
7032,"[4.381405,1.898263,3.983403]",
7033,"[4.364868,1.906439,3.98342]",
7034,"[4.348529,1.913479,3.983435]",
7035,"[4.347505,1.912895,3.983434]",
7036,"[4.345927,1.912437,3.983433]",
7037,"[4.372061,1.905355,3.983418]",
7038,"[4.404844,1.896664,3.9834]",
7039,"[4.438018,1.890577,3.983387]",
7040,"[4.470677,1.882553,3.98337]",
7041,"[4.55468,1.860728,3.983325]",
7042,"[4.587704,1.852911,3.983308]",
7043,"[4.610562,1.84845,3.983299]",
7044,"[4.838975,1.825984,3.983252]",
7045,"[4.865703,1.824705,3.983249]",
7046,"[4.906008,1.816373,3.983232]",
7047,"[4.921789,1.813937,3.983227]",
7048,"[4.943103,1.811693,3.983222]",
7049,"[4.951618,1.81132,3.983221]",
7050,"[4.960416,1.811706,3.983222]",
7051,"[4.982227,1.814226,3.983227]",
7052,"[5.017888,1.8247,3.983249]",
7053,"[5.128993,1.844643,3.983291]",
7054,"[5.16924,1.852074,3.983306]",
7055,"[5.213292,1.862345,3.983328]",
7056,"[5.233481,1.86792,3.98334]",
7057,"[5.247907,1.87446,3.983353]",
7058,"[5.250831,1.87648,3.983358]",
7059,"[5.258556,1.881109,3.983367]",
7060,"[5.263096,1.883261,3.983372]",
7061,"[5.267333,1.885158,3.983376]",
7062,"[5.277345,1.886193,3.983378]",
7063,"[5.282419,1.884654,3.983375]",
7064,"[5.288826,1.882384,3.98337]",
7065,"[5.291064,1.879731,3.983364]",
7066,"[5.292995,1.875287,3.983355]",
7067,"[5.293538,1.873377,3.983351]",
7068,"[5.292142,1.871068,3.983346]",
7069,"[5.277486,1.858417,3.98332]",
7070,"[5.268326,1.85049,3.983303]",
7071,"[5.164157,1.789061,3.983175]",
7072,"[5.127957,1.767985,3.98313]",
7073,"[5.001631,1.728952,3.983049]",
7074,"[4.961938,1.717518,3.983025]",
7075,"[4.930861,1.707442,3.983004]",
7076,"[4.92183,1.705056,3.982999]",
7077,"[4.916715,1.703799,3.982996]",
7078,"[4.911923,1.7033,3.982995]",
7079,"[4.91103,1.70369,3.982996]",
7080,"[4.91044,1.705324,3.982999]",
7081,"[4.911069,1.706065,3.983001]",
7082,"[4.915296,1.707508,3.983004]",
7083,"[4.907146,1.708411,3.983006]",
7084,"[4.904086,1.708747,3.983006]",
7085,"[4.911412,1.708824,3.983006]",
7086,"[4.935399,1.707471,3.983004]",
7087,"[5.046417,1.693757,3.982975]",
7088,"[5.10649,1.680356,3.982947]",
7089,"[5.339295,1.636779,3.982856]",
7090,"[5.446788,1.617055,3.982814]",
7091,"[5.568755,1.595617,3.94759]",
7092,"[5.949999,1.553637,3.913136]",
7093,"[5.95,1.537885,3.658752]",
7094,"[5.564626,1.458973,2.667919]",
7095,"[5.57596,1.421846,2.280378]",
7096,"[5.59332,1.408278,2.235618]",
7097,"[5.629083,1.366827,1.855355]",
7098,"[5.950001,1.215876,1.249245]",
7099,"[5.950001,1.171989,1.070318]",
7100,"[5.699937,1.114701,0.8042815]",
7101,"[5.383677,1.187094,1.048156]",
7102,"[5.022062,1.313716,1.518633]",
7103,"[4.904556,1.290807,1.518633]",
7104,"[4.854928,1.281513,1.518633]",
7105,"[4.857643,1.270279,1.518633]",
7106,"[4.846301,1.264626,1.518633]",
7107,"[4.88063,1.245066,1.518633]",
7108,"[4.878606,1.239306,1.518633]",
7109,"[4.847693,1.219787,1.518633]",
7110,"[4.740625,1.022066,1.244488]",
7111,"[4.764921,0.7922238,0.7996454]",
7112,"[4.628863,0.9786609,1.247991]",
7113,"[4.598802,1.023178,1.343914]",
7114,"[4.552756,1.091375,1.481621]",
7115,"[4.555649,1.091375,1.477668]",
7116,"[4.567963,1.080687,1.442322]",
7117,"[4.569577,1.079708,1.437173]",
7118,"[4.567177,1.087538,1.444832]",
7119,"[4.565002,1.091375,1.447048]",
7120,"[4.559438,1.091375,1.443913]",
7121,"[4.212315,0.6377067,0.6911662]",
7122,"[4.170867,0.6302865,0.6911662]",
7123,"[4.102398,0.6158635,0.6911662]",
7124,"[4.069976,0.6099864,0.6911662]",
7125,"[4.069573,0.6095573,0.6911662]",
7126,"[4.076818,0.6104162,0.6911662]",
7127,"[4.078643,0.6102157,0.6911662]",
7128,"[4.084552,0.6092002,0.6911662]",
7129,"[4.08607,0.6085879,0.6911662]",
7130,"[4.106767,0.6141888,0.6911662]",
7131,"[4.108889,0.6160994,0.6911662]",
7132,"[4.118464,0.6183849,0.6911662]",
7133,"[4.118586,0.6181801,0.6911662]",
7134,"[4.11769,0.6173077,0.6911662]",
7135,"[3.995481,0.5030114,0.6911662]",
7136,"[3.951051,0.462928,0.6911662]",
7137,"[3.898284,0.4144382,0.6911662]",
7138,"[3.888669,0.4009293,0.6911662]",
7139,"[3.865215,0.3724707,0.6911662]",
7140,"[3.864595,0.3662319,0.6911662]",
7141,"[3.86377,0.3577257,0.6911662]",
7142,"[3.864081,0.3537557,0.6911662]",
7143,"[3.864343,0.3473124,0.6911662]",
7144,"[3.870349,0.3418743,0.6911662]",
7145,"[3.876448,0.3394232,0.6911662]",
7146,"[3.890405,0.3408206,0.6911662]",
7147,"[3.897877,0.3433291,0.6911662]",
7148,"[3.908996,0.3482115,0.6911662]",
7149,"[3.912728,0.3501548,0.6911662]",
7150,"[3.919454,0.3516892,0.6911662]",
7151,"[3.921157,0.3509651,0.6911662]",
7152,"[3.922287,0.348905,0.6911662]",
7153,"[3.912868,0.3165621,0.6911662]",
7154,"[3.904522,0.2934532,0.6911662]",
7155,"[3.893249,0.2755835,0.6911662]",
7156,"[3.883102,0.2597963,0.6911662]",
7157,"[3.875191,0.2426187,0.6911662]",
7158,"[3.872687,0.238336,0.6911662]",
7159,"[3.865277,0.2252977,0.6911662]",
7160,"[3.863088,0.2192343,0.6911662]",
7161,"[3.860635,0.2131482,0.6911662]",
7162,"[3.857008,0.2058691,0.6911662]",
7163,"[3.856448,0.2043374,0.6911662]",
7164,"[3.852609,0.1950749,0.6911662]",
7165,"[3.890776,0.2924361,0.7882314]",
7166,"[3.886971,0.2924361,0.7954082]",
7167,"[3.885079,0.2924361,0.7970381]",
7168,"[3.881548,0.2924361,0.7997016]",
7169,"[3.87954,0.2924361,0.8004352]",
7170,"[3.876769,0.2924361,0.7996317]",
7171,"[3.87223,0.2924361,0.798317]",
7172,"[3.870338,0.2924361,0.7976763]",
7173,"[3.865502,0.2924361,0.7949895]",
7174,"[3.865504,0.2924361,0.7947367]",
7175,"[3.873149,0.2924361,0.8056995]",
7176,"[3.879526,0.2924361,0.8128628]",
7177,"[3.8911,0.2924361,0.8276073]",
7178,"[3.899287,0.2924361,0.8343148]",
7179,"[3.904014,0.2924361,0.8376863]",
7180,"[3.908064,0.289898,0.8378804]",
7181,"[3.909431,0.289188,0.8378804]",
7182,"[3.914129,0.2924361,0.8363169]",
7183,"[3.915862,0.2924361,0.8327812]",
7184,"[3.920103,0.2924361,0.8237171]",
7185,"[3.923396,0.2924361,0.8183002]",
7186,"[3.926744,0.2924361,0.8128952]",
7187,"[3.936328,0.2924361,0.8073606]",
7188,"[3.944817,0.2924361,0.8052093]",
7189,"[3.958004,0.2924361,0.80167]",
7190,"[3.962095,0.2924361,0.8008819]",
7191,"[3.968093,0.2924361,0.7987363]",
7192,"[3.970393,0.2924361,0.797226]",
7193,"[3.97337,0.2924361,0.7923303]",
7194,"[3.974469,0.2924361,0.7891718]",
7195,"[3.974517,0.2924361,0.7883641]",
7196,"[3.975212,0.2924361,0.7886807]",
7197,"[3.975946,0.2924361,0.7894838]",
7198,"[3.977865,0.2924361,0.7946922]",
7199,"[3.978522,0.2924361,0.797308]",
7200,"[3.979179,0.2924361,0.7989098]",
7201,"[3.980204,0.2924361,0.8010544]",
7202,"[3.980008,0.2924361,0.8019891]",
7203,"[3.97967,0.2924361,0.8035782]",
7204,"[3.979429,0.2924361,0.8044221]",
7205,"[3.9781,0.2924361,0.8052132]",
7206,"[3.977082,0.2924361,0.8053128]",
7207,"[3.974982,0.2924361,0.8043185]",
7208,"[3.973757,0.2924361,0.8026552]",
7209,"[3.972156,0.2924361,0.8001053]",
7210,"[3.971011,0.2924361,0.7991234]",
7211,"[3.937701,0.160761,0.6911662]",
7212,"[3.936984,0.1624953,0.6911662]",
7213,"[3.935896,0.1644188,0.6911662]",
7214,"[3.934371,0.1680425,0.6911662]",
7215,"[3.933689,0.1692563,0.6911662]",
7216,"[3.933228,0.1705968,0.6911662]",
7217,"[3.932831,0.1720333,0.6911662]",
7218,"[3.932766,0.1734562,0.6911662]",
7219,"[3.932932,0.1758353,0.6911662]",
7220,"[3.933156,0.1770521,0.6911662]",
7221,"[3.934043,0.1794066,0.6911662]",
7222,"[3.934615,0.1804936,0.6911662]",
7223,"[3.93526,0.1809211,0.6911662]",
7224,"[3.935375,0.1804445,0.6911662]",
7225,"[3.935471,0.1789665,0.6911662]",
7226,"[3.935513,0.1786928,0.6911662]",
7227,"[3.935483,0.1790228,0.6911662]",
7228,"[3.935498,0.1801421,0.6911662]",
7229,"[3.93559,0.180791,0.6911662]",
7230,"[3.93464,0.1824102,0.6911662]",
7231,"[3.934213,0.1830678,0.6911662]",
7232,"[3.933323,0.1841918,0.6911662]",
7233,"[3.932864,0.1846625,0.6911662]",
7234,"[3.932288,0.1851928,0.6911662]",
7235,"[3.93437,0.1844627,0.6911662]",
7236,"[3.936292,0.1833602,0.6911662]",
7237,"[3.939293,0.1784561,0.6911662]",
7238,"[3.939955,0.1760048,0.6911662]",
7239,"[3.940926,0.1708393,0.6911662]",
7240,"[3.941096,0.168635,0.6911662]",
7241,"[3.941571,0.1638132,0.6911662]",
7242,"[3.941793,0.1621473,0.6911662]",
7243,"[3.941974,0.1606733,0.6911662]",
7244,"[3.94211,0.158566,0.6911662]",
7245,"[3.942105,0.1586473,0.6911662]",
7246,"[3.941988,0.1593866,0.6911662]",
7247,"[3.941905,0.1598855,0.6911662]",
7248,"[3.941835,0.160297,0.6911662]",
7249,"[3.941809,0.1603205,0.6911662]",
7250,"[3.942248,0.1643546,0.6911662]",
7251,"[3.942521,0.1657659,0.6911662]",
7252,"[3.943479,0.1702933,0.6911662]",
7253,"[3.943629,0.1720362,0.6911662]",
7254,"[3.943763,0.1736431,0.6911662]",
7255,"[3.944183,0.1795316,0.6911662]",
7256,"[3.944334,0.1819696,0.6911662]",
7257,"[3.944271,0.1851576,0.6911662]",
7258,"[3.944062,0.1870041,0.6911662]",
7259,"[3.943805,0.1903741,0.6911662]",
7260,"[3.943632,0.1919332,0.6911662]",
7261,"[3.942571,0.1947969,0.6911662]",
7262,"[3.941879,0.1958846,0.6911662]",
7263,"[3.94147,0.1963474,0.6911662]",
7264,"[3.941294,0.1969414,0.6911662]",
7265,"[3.941445,0.1973429,0.6911662]",
7266,"[3.94426,0.1997361,0.6911662]",
7267,"[4.138797,0.3286863,0.6911662]",
7268,"[4.229199,0.3929414,0.6911662]",
7269,"[4.253126,0.4113895,0.6911662]",
7270,"[4.267317,0.4245118,0.6911662]",
7271,"[4.285553,0.439966,0.6911662]",
7272,"[4.291764,0.4451134,0.6911662]",
7273,"[4.296759,0.450507,0.6911662]",
7274,"[4.297267,0.4519935,0.6911662]",
7275,"[4.295737,0.4546201,0.6911662]",
7276,"[4.295001,0.4558439,0.6911662]",
7277,"[4.293268,0.4567842,0.6911662]",
7278,"[4.289485,0.4580573,0.6911662]",
7279,"[4.28717,0.4584085,0.6911662]",
7280,"[4.282967,0.4578026,0.6911662]",
7281,"[4.280579,0.4573397,0.6911662]",
7282,"[4.2755,0.4566247,0.6911662]",
7283,"[4.210164,0.4450015,0.6911662]",
7284,"[4.185694,0.4405976,0.6911662]",
7285,"[4.051187,0.4059597,0.6911662]",
7286,"[4.01687,0.3960823,0.6911662]",
7287,"[3.98772,0.3871073,0.6911662]",
7288,"[3.978992,0.384893,0.6911662]",
7289,"[3.967274,0.3816447,0.6911662]",
7290,"[3.962882,0.3806924,0.6911662]",
7291,"[3.957225,0.3800643,0.6911662]",
7292,"[3.955334,0.3799857,0.6911662]",
7293,"[3.951893,0.3810946,0.6911662]",
7294,"[3.950491,0.3822256,0.6911662]",
7295,"[3.949277,0.3832458,0.6911662]",
7296,"[3.947533,0.384748,0.6911662]",
7297,"[3.947036,0.3850501,0.6911662]",
7298,"[3.946616,0.3853875,0.6911662]",
7299,"[3.94652,0.385563,0.6911662]",
7300,"[3.955308,0.3873619,0.6911662]",
7301,"[3.959633,0.3880069,0.6911662]",
7302,"[3.963635,0.3883886,0.6911662]",
7303,"[3.969911,0.3887338,0.6911662]",
7304,"[3.972332,0.3889902,0.6911662]",
7305,"[3.974735,0.3889995,0.6911662]",
7306,"[3.975682,0.3890042,0.6911662]",
7307,"[3.976561,0.3888311,0.6911662]",
7308,"[3.976964,0.3889789,0.6911662]",
7309,"[3.977725,0.3892884,0.6911662]",
7310,"[3.977969,0.3894386,0.6911662]",
7311,"[3.978219,0.3896293,0.6911662]",
7312,"[3.97869,0.3903605,0.6911662]",
7313,"[3.984836,0.4395328,0.6911662]",
7314,"[3.989947,0.4836222,0.6911662]",
7315,"[3.996076,0.531609,0.6911662]",
7316,"[4.000967,0.5688212,0.6911662]",
7317,"[4.002224,0.5791149,0.6911662]",
7318,"[4.003142,0.5873587,0.6911662]",
7319,"[4.0035,0.5944645,0.6911662]",
7320,"[4.003659,0.5970129,0.6911662]",
7321,"[4.004179,0.6002979,0.6911662]",
7322,"[4.004534,0.6017326,0.6911662]",
7323,"[4.00539,0.6052092,0.6911662]",
7324,"[4.005942,0.6073398,0.6911662]",
7325,"[4.007052,0.611399,0.6911662]",
7326,"[4.007653,0.6135471,0.6911662]",
7327,"[4.008172,0.6152388,0.6911662]",
7328,"[4.009464,0.6192781,0.6911662]",
7329,"[4.010242,0.6215807,0.6911662]",
7330,"[4.011741,0.6253688,0.6911662]",
7331,"[4.012733,0.6272392,0.6911662]",
7332,"[4.015281,0.6302081,0.6911662]",
7333,"[4.016258,0.630923,0.6911662]",
7334,"[4.017206,0.6317552,0.6911662]",
7335,"[4.018703,0.6325183,0.6911662]",
7336,"[4.02061,0.6334294,0.6911662]",
7337,"[4.025854,0.6358626,0.6911662]",
7338,"[4.040556,0.6390958,0.6911662]",
7339,"[4.066057,0.6444547,0.6911662]",
7340,"[4.25533,0.7328375,0.7996454]",
7341,"[4.295743,0.7310522,0.7996454]",
7342,"[4.308291,0.7299383,0.7996454]",
7343,"[4.325788,0.728254,0.7996454]",
7344,"[4.331686,0.7277036,0.7996454]",
7345,"[4.335073,0.7273797,0.7996454]",
7346,"[4.340694,0.7257813,0.7996454]",
7347,"[4.343113,0.7244526,0.7996454]",
7348,"[4.347153,0.7215794,0.7996454]",
7349,"[4.348525,0.7198976,0.7996454]",
7350,"[4.348624,0.7169644,0.7996454]",
7351,"[4.349277,0.715235,0.7996454]",
7352,"[4.349082,0.7140302,0.7996454]",
7353,"[4.41218,0.4785015,0.5309988]",
7354,"[4.41095,0.4785014,0.5321901]",
7355,"[4.410428,0.4723507,0.5269173]",
7356,"[4.410428,0.4692238,0.5248531]",
7357,"[4.410428,0.4651799,0.522503]",
7358,"[4.410428,0.4645291,0.5272489]",
7359,"[4.410428,0.4643477,0.5336466]",
7360,"[4.410428,0.4653362,0.5376127]",
7361,"[4.410428,0.4669265,0.5419279]",
7362,"[4.410428,0.4677815,0.5437735]",
7363,"[4.410428,0.4677795,0.544358]",
7364,"[4.410428,0.4680368,0.5454242]",
7365,"[4.410428,0.4679732,0.5455791]",
7366,"[4.410428,0.4683655,0.5461958]",
7367,"[4.410428,0.4682854,0.5465744]",
7368,"[4.410428,0.4686255,0.5471478]",
7369,"[4.410428,0.4701338,0.5491243]",
7370,"[4.410428,0.4715806,0.5508511]",
7371,"[4.410428,0.475059,0.554845]",
7372,"[4.410428,0.4775361,0.5576208]",
7373,"[4.411841,0.4785018,0.5585827]",
7374,"[4.413035,0.4785018,0.5584303]",
7375,"[4.411325,0.4785018,0.5631079]",
7376,"[4.410428,0.473991,0.5609914]",
7377,"[4.410429,0.4508992,0.5391014]",
7378,"[4.410429,0.4446229,0.5340078]",
7379,"[4.410429,0.4389341,0.5301892]",
7380,"[4.410429,0.4334085,0.5260206]",
7381,"[4.410429,0.4320869,0.5250616]",
7382,"[4.410429,0.4316492,0.5251064]",
7383,"[4.410429,0.4314195,0.5250437]",
7384,"[4.410429,0.4319512,0.5261376]",
7385,"[4.410429,0.4335162,0.5274433]",
7386,"[4.410429,0.4357175,0.5293661]",
7387,"[4.410429,0.4428402,0.5354356]",
7388,"[4.410429,0.4474993,0.539399]",
7389,"[4.415616,0.4403051,0.5297473]",
7390,"[4.44326,0.3576618,0.4397078]",
7391,"[4.527408,0.1,0.1605203]",
7392,"[4.527408,0.1,0.1605203]",
7393,"[4.526121,0.1,0.1611819]",
7394,"[4.388825,0.5088243,0.6048896]",
7395,"[4.387406,0.5079021,0.6045959]",
7396,"[4.385565,0.5071444,0.6041982]",
7397,"[4.513191,0.1,0.1643777]",
7398,"[4.509999,0.1,0.1637477]",
7399,"[4.50673,0.1,0.1622095]",
7400,"[4.503781,0.1,0.1603434]",
7401,"[4.50105,0.1,0.1581392]",
7402,"[4.497108,0.1,0.1538621]",
7403,"[4.495356,0.1,0.1522508]",
7404,"[4.492352,0.1,0.1501293]",
7405,"[4.4912,0.1,0.1493887]",
7406,"[4.490235,0.1,0.1486269]",
7407,"[4.488362,0.1,0.1483597]",
7408,"[4.487817,0.1,0.1483454]",
7409,"[4.486338,0.1,0.147814]",
7410,"[4.484364,0.1,0.1480076]",
7411,"[4.48198,0.1,0.1478074]",
7412,"[4.481524,0.1,0.1477362]",
7413,"[4.479864,0.1,0.1479662]",
7414,"[4.478965,0.1,0.1484557]",
7415,"[4.47733,0.1,0.1525921]",
7416,"[4.47515,0.1,0.1592723]",
7417,"[4.473846,0.1,0.1636139]",
7418,"[4.530589,0.1,0.1794757]",
7419,"[4.55542,0.1,0.1848711]",
7420,"[4.811204,0.1,0.1324468]",
7421,"[4.897655,0.1,0.1181565]",
7422,"[4.918999,0.1,0.1161994]",
7423,"[4.952134,0.1,0.1245999]",
7424,"[4.96431,0.1000001,0.1317707]",
7425,"[5.013169,0.1,0.147649]",
7426,"[5.029651,0.1,0.1540123]",
7427,"[5.068326,0.1,0.1598769]",
7428,"[5.088817,0.1,0.1581851]",
7429,"[5.108141,0.1,0.1573658]",
7430,"[5.180897,0.1,0.1313828]",
7431,"[5.20494,0.1,0.1209756]",
7432,"[4.668417,0.7142619,0.7996454]",
7433,"[4.672398,0.720905,0.7996454]",
7434,"[4.677637,0.7276298,0.7996454]",
7435,"[4.679494,0.7296772,0.7996454]",
7436,"[4.680655,0.731554,0.7996454]",
7437,"[4.680086,0.7345254,0.7996454]",
7438,"[4.678773,0.7354828,0.7996454]",
7439,"[4.67778,0.7363161,0.7996454]",
7440,"[4.67778,0.7363161,0.7996454]",
7441,"[4.676062,0.7367221,0.7996454]",
7442,"[4.676231,0.7356282,0.7996454]",
7443,"[4.678504,0.732379,0.7996454]",
7444,"[4.67827,0.7280259,0.7996454]",
7445,"[4.680951,0.7208609,0.7996454]",
7446,"[4.682156,0.714204,0.7996454]",
7447,"[5.382175,0.1062201,0.04999999]",
7448,"[5.377659,0.1,0.05922979]",
7449,"[5.355487,0.1000001,0.08277619]",
7450,"[5.337245,0.1,0.09813654]",
7451,"[5.309163,0.0999999,0.1295978]",
7452,"[5.233118,0.1,0.2878036]",
7453,"[5.203849,0.0999999,0.3513475]",
7454,"[5.175661,0.1,0.4104516]",
7455,"[5.167245,0.1,0.4294793]",
7456,"[5.154584,0.1,0.4649084]",
7457,"[5.148207,0.1,0.4827037]",
7458,"[5.144096,0.1,0.4990996]",
7459,"[5.14406,0.1,0.5072449]",
7460,"[5.14653,0.1,0.5091519]",
7461,"[5.154222,0.1,0.5067676]",
7462,"[5.15913,0.1,0.5025561]",
7463,"[5.172574,0.1,0.4864261]",
7464,"[5.178294,0.1,0.4813106]",
7465,"[5.183197,0.1,0.4767628]",
7466,"[5.193928,0.1,0.4680097]",
7467,"[5.260723,0.1,0.4351135]",
7468,"[4.624185,0.6450304,0.9890431]",
7469,"[4.620725,0.6608618,1.000083]",
7470,"[4.617626,0.6751992,1.009972]",
7471,"[4.61759,0.6784412,1.010087]",
7472,"[4.617653,0.6806983,1.009885]",
7473,"[4.617288,0.6837602,1.011051]",
7474,"[4.616727,0.6852951,1.01284]",
7475,"[4.61425,0.684178,1.020746]",
7476,"[4.612899,0.6867408,1.025054]",
7477,"[4.609497,0.6933863,1.035913]",
7478,"[4.607214,0.6970628,1.043196]",
7479,"[4.602934,0.7055341,1.056855]",
7480,"[4.601468,0.709291,1.061532]",
7481,"[4.600038,0.7127349,1.066097]",
7482,"[4.598005,0.7178931,1.072581]",
7483,"[4.595275,0.7254099,1.081293]",
7484,"[4.588908,0.7440568,1.101612]",
7485,"[4.556998,0.7554256,1.203437]",
7486,"[4.514368,0.7651852,1.339468]",
7487,"[4.508292,0.7740646,1.358857]",
7488,"[4.503025,0.7816845,1.375664]",
7489,"[4.494828,0.7999342,1.401821]",
7490,"[4.492785,0.7987906,1.408342]",
7491,"[4.488064,0.8065051,1.423405]",
7492,"[4.42776,0.8606054,1.448216]",
7493,"[4.435412,0.8608052,1.455497]",
7494,"[4.447801,0.8611674,1.45938]",
7495,"[4.447388,0.8605163,1.45925]",
7496,"[4.457679,0.8623248,1.462475]",
7497,"[4.458815,0.8631541,1.462831]",
7498,"[4.473971,0.8653257,1.467581]",
7499,"[4.487661,0.8654392,1.471871]",
7500,"[4.518488,0.8652325,1.481532]",
7501,"[4.534542,0.8630385,1.486563]",
7502,"[4.597488,0.8371699,1.493661]",
7503,"[4.841535,0.6747399,1.470844]",
7504,"[4.849199,0.6926098,1.494828]",
7505,"[4.779706,0.7874001,1.555356]",
7506,"[4.795468,0.7874001,1.568155]",
7507,"[4.805999,0.7874001,1.58093]",
7508,"[4.800767,0.7874001,1.580552]",
7509,"[4.816159,0.784124,1.597847]",
7510,"[4.813529,0.7857172,1.597022]",
7511,"[4.814785,0.7852002,1.597416]",
7512,"[4.811309,0.7865435,1.596327]",
7513,"[4.811894,0.7874001,1.593743]",
7514,"[4.831824,0.7825323,1.602756]",
7515,"[4.831343,0.7831734,1.602605]",
7516,"[4.852796,0.7760453,1.609328]",
7517,"[4.877806,0.7661557,1.617165]",
7518,"[4.898686,0.7565446,1.623709]",
7519,"[4.920395,0.7429375,1.630512]",
7520,"[4.939114,0.7332858,1.636378]",
7521,"[4.953167,0.7487344,1.640782]",
7522,"[4.953363,0.7620249,1.640844]",
7523,"[4.994017,0.7874001,1.619458]",
7524,"[5.122952,0.6700882,1.518649]",
7525,"[5.093243,0.7169385,1.533141]",
7526,"[5.093956,0.7255122,1.532773]",
7527,"[5.083759,0.7411732,1.537123]",
7528,"[5.079358,0.7538943,1.538524]",
7529,"[5.07979,0.7544988,1.538426]",
7530,"[5.080747,0.7532583,1.538155]",
7531,"[5.08219,0.7500076,1.537715]",
7532,"[5.104673,0.7296743,1.5275]",
7533,"[5.101203,0.7314057,1.529201]",
7534,"[5.098265,0.7327728,1.530641]",
7535,"[5.09872,0.7329187,1.530418]",
7536,"[5.117697,0.721707,1.521121]",
7537,"[5.120456,0.7231229,1.519763]",
7538,"[5.126297,0.7251689,1.51689]",
7539,"[5.365076,0.4469615,1.221521]",
7540,"[5.365076,0.4491599,1.222761]",
7541,"[5.365076,0.4528019,1.226414]",
7542,"[5.365076,0.4549341,1.229766]",
7543,"[5.365076,0.4604079,1.239811]",
7544,"[5.365076,0.4630922,1.246599]",
7545,"[5.365076,0.4667914,1.260453]",
7546,"[5.365076,0.469122,1.267895]",
7547,"[5.365076,0.4730152,1.28283]",
7548,"[5.365076,0.4632614,1.28798]",
7549,"[5.365076,0.455808,1.291873]",
7550,"[5.365076,0.3716816,1.288133]",
7551,"[5.365076,0.3565561,1.288427]",
7552,"[5.190983,0.5773456,1.527729]",
7553,"[5.186396,0.5773456,1.534944]",
7554,"[5.178659,0.5773456,1.546359]",
7555,"[5.176134,0.5773456,1.550167]",
7556,"[5.170959,0.5773456,1.559367]",
7557,"[5.168734,0.5773456,1.563077]",
7558,"[5.165401,0.5773456,1.56602]",
7559,"[5.153823,0.5773456,1.576175]",
7560,"[5.1475,0.5773456,1.581402]",
7561,"[5.134562,0.5773456,1.592311]",
7562,"[5.130101,0.5773456,1.596375]",
7563,"[5.122276,0.5773456,1.604519]",
7564,"[5.118305,0.5773456,1.60946]",
7565,"[5.116959,0.5773456,1.612025]",
7566,"[5.1158,0.5773456,1.615434]",
7567,"[5.116017,0.5773456,1.616566]",
7568,"[5.116218,0.5773456,1.619556]",
7569,"[5.116023,0.5773456,1.621539]",
7570,"[5.118002,0.5773456,1.621069]",
7571,"[5.12007,0.5773456,1.620138]",
7572,"[5.121819,0.5773456,1.619278]",
7573,"[5.123792,0.5773456,1.617983]",
7574,"[5.125134,0.5773456,1.617106]",
7575,"[5.12632,0.5773456,1.615471]",
7576,"[5.126476,0.5773456,1.615187]",
7577,"[5.125602,0.5773456,1.61548]",
7578,"[5.085503,0.5773456,1.620407]",
7579,"[5.033428,0.6237063,1.665934]",
7580,"[5.02781,0.6186451,1.664174]",
7581,"[5.021232,0.6105025,1.662112]",
7582,"[5.0189,0.5773456,1.643608]",
7583,"[5.010541,0.5773456,1.646498]",
7584,"[4.984048,0.5773456,1.660044]",
7585,"[4.97548,0.5773456,1.664943]",
7586,"[4.963904,0.5729356,1.663085]",
7587,"[4.958787,0.5682968,1.661482]",
7588,"[4.943843,0.5773456,1.65456]",
7589,"[4.930117,0.5773456,1.641027]",
7590,"[4.927143,0.5773456,1.635308]",
7591,"[4.922449,0.5773456,1.624415]",
7592,"[4.922315,0.5773456,1.617455]",
7593,"[4.913199,0.6082799,1.628257]",
7594,"[4.90903,0.6201731,1.626951]",
7595,"[4.903255,0.6408882,1.625141]",
7596,"[4.9008,0.6495719,1.624371]",
7597,"[4.892824,0.6720718,1.621872]",
7598,"[4.889972,0.6879448,1.620978]",
7599,"[4.885412,0.704182,1.619549]",
7600,"[4.874968,0.7400676,1.616276]",
7601,"[4.857855,0.7814802,1.517107]",
7602,"[4.832594,0.837847,1.518633]",
7603,"[4.822714,0.8589954,1.518633]",
7604,"[4.814333,0.8783748,1.518633]",
7605,"[4.808595,0.8901395,1.518633]",
7606,"[4.80154,0.9041928,1.518633]",
7607,"[4.798077,0.9089143,1.518633]",
7608,"[4.798297,0.9045078,1.518633]",
7609,"[4.782092,0.9168427,1.518633]",
7610,"[4.782663,0.9119573,1.518633]",
7611,"[4.773211,0.9154548,1.518633]",
7612,"[4.773232,0.9111696,1.518633]",
7613,"[4.774941,0.8995639,1.518633]",
7614,"[4.775897,0.8929282,1.518633]",
7615,"[4.776665,0.8874623,1.518633]",
7616,"[4.776156,0.8843053,1.518633]",
7617,"[4.776299,0.8854976,1.518633]",
7618,"[4.773504,0.8917391,1.518633]",
7619,"[4.774514,0.8924601,1.518633]",
7620,"[4.778598,0.8900019,1.518633]",
7621,"[4.779622,0.8900121,1.518633]",
7622,"[4.774854,0.8967436,1.518633]",
7623,"[4.740625,0.9400534,1.423209]",
7624,"[4.740625,0.9319494,1.365884]",
7625,"[4.740625,0.9184285,1.280914]",
7626,"[4.740625,0.9190265,1.277691]",
7627,"[4.740625,0.9141012,1.26592]",
7628,"[4.740625,0.9095098,1.262322]",
7629,"[4.740625,0.8911963,1.255817]",
7630,"[4.740625,0.8822893,1.252829]",
7631,"[4.740625,0.8758904,1.248799]",
7632,"[4.740625,0.8714493,1.244902]",
7633,"[4.740625,0.871271,1.244507]",
7634,"[4.740625,0.8662422,1.233515]",
7635,"[4.740625,0.8649009,1.229344]",
7636,"[4.740625,0.8617241,1.220246]",
7637,"[4.740625,0.8595454,1.21548]",
7638,"[4.740625,0.8551928,1.214285]",
7639,"[4.740625,0.8518349,1.212015]",
7640,"[4.740625,0.8490632,1.212664]",
7641,"[4.740625,0.8448005,1.216941]",
7642,"[4.740625,0.8424892,1.218556]",
7643,"[4.740625,0.8372863,1.220268]",
7644,"[4.740625,0.8347651,1.221125]",
7645,"[4.740625,0.8292074,1.223956]",
7646,"[4.740625,0.8250698,1.223921]",
7647,"[4.740625,0.8221079,1.223673]",
7648,"[4.740625,0.8217465,1.225143]",
7649,"[4.740625,0.8215086,1.22658]",
7650,"[4.740625,0.8234683,1.230357]",
7651,"[4.740625,0.8246455,1.232185]",
7652,"[4.740625,0.8322647,1.242775]",
7653,"[4.740625,0.8371657,1.249384]",
7654,"[4.740625,0.8468746,1.262535]",
7655,"[4.740625,0.8512189,1.268418]",
7656,"[4.740625,0.8551915,1.273775]",
7657,"[4.740625,0.8589459,1.279512]",
7658,"[4.740625,0.8590032,1.279807]",
7659,"[4.740625,0.8582504,1.279649]",
7660,"[4.740625,0.8569289,1.278757]",
7661,"[4.740625,0.8523626,1.273434]",
7662,"[4.740625,0.8472483,1.265921]",
7663,"[4.740625,0.8231963,1.231921]",
7664,"[4.805799,0.663565,1.008479]",
7665,"[4.536091,0.9899868,1.487048]",
7666,"[4.495911,0.9658847,1.474456]",
7667,"[4.482378,0.9593421,1.470216]",
7668,"[4.466835,0.951726,1.465345]",
7669,"[4.461401,0.9484507,1.463642]",
7670,"[4.456041,0.942793,1.461962]",
7671,"[4.459327,0.9364254,1.462992]",
7672,"[4.465233,0.9230723,1.464842]",
7673,"[4.509151,0.8163742,1.478606]",
7674,"[4.52083,0.7868021,1.482265]",
7675,"[4.53159,0.7692038,1.496816]",
7676,"[4.531894,0.7731698,1.508764]",
7677,"[4.538165,0.7653918,1.510728]",
7678,"[4.541082,0.7623725,1.511643]",
7679,"[4.545058,0.7581175,1.512889]",
7680,"[4.546328,0.7570348,1.513287]",
7681,"[4.547153,0.7561388,1.513546]",
7682,"[4.54822,0.7553975,1.51388]",
7683,"[4.548983,0.7560854,1.514119]",
7684,"[4.548096,0.7577156,1.513841]",
7685,"[4.546945,0.7591039,1.51348]",
7686,"[4.542349,0.7636511,1.51204]",
7687,"[4.538234,0.7673538,1.51075]",
7688,"[4.591308,0.1000001,0.6428224]",
7689,"[4.554868,0.1000001,0.5943801]",
7690,"[4.430575,0.1,0.361704]",
7691,"[4.363075,0.1,0.2483384]",
7692,"[4.325752,0.4482762,0.6911662]",
7693,"[4.304924,0.4674149,0.6911662]",
7694,"[4.293415,0.4740965,0.6911662]",
7695,"[4.285836,0.4784055,0.6911662]",
7696,"[4.284413,0.4786758,0.6911662]",
7697,"[4.281697,0.4787976,0.6911662]",
7698,"[4.275972,0.4805796,0.6911662]",
7699,"[4.273625,0.482639,0.6911662]",
7700,"[4.267256,0.488647,0.6911662]",
7701,"[4.264026,0.4923667,0.6911662]",
7702,"[4.263319,0.4966509,0.6911662]",
7703,"[4.261945,0.4994801,0.6911662]",
7704,"[4.261319,0.5072418,0.6911662]",
7705,"[4.258267,0.5140738,0.6911662]",
7706,"[4.252602,0.522756,0.6911662]",
7707,"[4.067669,0.6049826,0.6911662]",
7708,"[4.026656,0.6217793,0.6911662]",
7709,"[3.9757,0.6459914,0.6911662]",
7710,"[3.957985,0.6563108,0.6911662]",
7711,"[3.944252,0.6651336,0.6911662]",
7712,"[3.939045,0.6728094,0.6911662]",
7713,"[3.936928,0.6760123,0.6911662]",
7714,"[3.933912,0.6797767,0.6911662]",
7715,"[3.933386,0.6826769,0.6911662]",
7716,"[3.930463,0.6841681,0.6911662]",
7717,"[3.926811,0.6836036,0.6911662]",
7718,"[3.923997,0.7009315,0.6911662]",
7719,"[3.920862,0.7096714,0.6911662]",
7720,"[3.919914,0.7183745,0.6911662]",
7721,"[3.917994,0.7388302,0.6911662]",
7722,"[3.916823,0.7505981,0.6911662]",
7723,"[3.917719,0.7654082,0.6911662]",
7724,"[3.919804,0.7696397,0.6911662]",
7725,"[3.932442,0.7709756,0.6911662]",
7726,"[3.936754,0.7713131,0.6911662]",
7727,"[3.945202,0.7680183,0.6911662]",
7728,"[3.952323,0.7643211,0.6911662]",
7729,"[3.959748,0.7607871,0.6911662]",
7730,"[3.964706,0.7584264,0.6911662]",
7731,"[3.968099,0.7568297,0.6911662]",
7732,"[3.970695,0.7555344,0.6911662]",
7733,"[3.972547,0.7547823,0.6911662]",
7734,"[3.97457,0.7536987,0.6911662]",
7735,"[3.975043,0.7532198,0.6911662]",
7736,"[3.975788,0.752695,0.6911662]",
7737,"[3.976026,0.7530153,0.6911662]",
7738,"[3.976271,0.7536265,0.6911662]",
7739,"[3.976267,0.7536935,0.6911662]",
7740,"[3.976159,0.7528933,0.6911662]",
7741,"[3.975569,0.7500761,0.6911662]",
7742,"[3.975084,0.7486821,0.6911662]",
7743,"[3.974404,0.7465571,0.6911662]",
7744,"[3.974133,0.7454214,0.6911662]",
7745,"[3.985241,0.7152743,0.6911662]",
7746,"[3.988569,0.7052032,0.6911662]",
7747,"[3.997956,0.6808965,0.6911662]",
7748,"[4.005451,0.6569324,0.6911662]",
7749,"[4.006986,0.6507439,0.6911662]",
7750,"[4.008464,0.6463978,0.6911662]",
7751,"[4.00886,0.6453426,0.6911662]",
7752,"[4.009542,0.6436638,0.6911662]",
7753,"[4.009568,0.6428416,0.6911662]",
7754,"[4.009432,0.6419816,0.6911662]",
7755,"[4.008508,0.6391636,0.6911662]",
7756,"[4.007976,0.6374803,0.6911662]",
7757,"[4.006476,0.6333899,0.6911662]",
7758,"[4.003775,0.6273306,0.6911662]",
7759,"[4.00071,0.6211084,0.6911662]",
7760,"[3.988426,0.6048938,0.6911662]",
7761,"[3.959651,0.5430144,0.6911662]",
7762,"[3.947896,0.5127767,0.6911662]",
7763,"[3.940291,0.4923151,0.6911662]",
7764,"[3.929451,0.4638413,0.6911662]",
7765,"[3.928274,0.4583437,0.6911662]",
7766,"[3.926917,0.4545389,0.6911662]",
7767,"[3.926666,0.4545477,0.6911662]",
7768,"[3.925941,0.4566366,0.6911662]",
7769,"[3.925365,0.4586813,0.6911662]",
7770,"[3.924592,0.4618332,0.6911662]",
7771,"[3.924746,0.4626134,0.6911662]",
7772,"[3.92489,0.463246,0.6911662]",
7773,"[3.925504,0.4649008,0.6911662]",
7774,"[3.926167,0.4662009,0.6911662]",
7775,"[3.927611,0.4686245,0.6911662]",
7776,"[3.928662,0.4699051,0.6911662]",
7777,"[3.930233,0.4727316,0.6911662]",
7778,"[3.93078,0.4733917,0.6911662]",
7779,"[3.931294,0.4741392,0.6911662]",
7780,"[3.932274,0.4764406,0.6911662]",
7781,"[3.932604,0.4783528,0.6911662]",
7782,"[3.906947,0.539608,0.6911662]",
7783,"[3.898521,0.609361,0.6911662]",
7784,"[3.892413,0.6636308,0.6911662]",
7785,"[3.891168,0.6756839,0.6911662]",
7786,"[3.890159,0.6856592,0.6911662]",
7787,"[3.889869,0.6967573,0.6911662]",
7788,"[3.889701,0.6998541,0.6911662]",
7789,"[3.889485,0.706984,0.6911662]",
7790,"[3.889656,0.7100114,0.6911662]",
7791,"[3.890765,0.7153664,0.6911662]",
7792,"[3.891399,0.717079,0.6911662]",
7793,"[3.892594,0.719065,0.6911662]",
7794,"[3.893255,0.719754,0.6911662]",
7795,"[3.893858,0.7200323,0.6911662]",
7796,"[3.894679,0.7206055,0.6911662]",
7797,"[3.894898,0.7207662,0.6911662]",
7798,"[3.895366,0.7209543,0.6911662]",
7799,"[3.895727,0.7211473,0.6911662]",
7800,"[3.905533,0.7225974,0.6911662]",
7801,"[3.90921,0.7230308,0.6911662]",
7802,"[3.915174,0.7227418,0.6911662]",
7803,"[3.917547,0.7226025,0.6911662]",
7804,"[3.918272,0.722764,0.6911662]",
7805,"[3.919554,0.7227956,0.6911662]",
7806,"[3.920167,0.7227204,0.6911662]",
7807,"[3.920804,0.7224537,0.6911662]",
7808,"[3.921137,0.7222182,0.6911662]",
7809,"[3.921669,0.7217024,0.6911662]",
7810,"[3.92142,0.7214547,0.6911662]",
7811,"[3.921146,0.7211989,0.6911662]",
7812,"[3.92082,0.7208786,0.6911662]",
7813,"[3.920747,0.7208251,0.6911662]",
7814,"[3.920595,0.7208036,0.6911662]",
7815,"[3.920592,0.7208315,0.6911662]",
7816,"[3.920826,0.7210201,0.6911662]",
7817,"[3.921033,0.7211576,0.6911662]",
7818,"[3.921632,0.7215728,0.6911662]",
7819,"[3.922053,0.7217231,0.6911662]",
7820,"[3.923028,0.7214803,0.6911662]",
7821,"[3.923672,0.7206973,0.6911662]",
7822,"[3.924359,0.7199373,0.6911662]",
7823,"[3.925608,0.7185354,0.6911662]",
7824,"[3.926342,0.7172892,0.6911662]",
7825,"[3.928718,0.7107489,0.6911662]",
7826,"[3.930134,0.7048925,0.6911662]",
7827,"[3.999051,0.5709025,0.6911662]",
7828,"[4.008085,0.5515445,0.6911662]",
7829,"[4.014964,0.5357397,0.6911662]",
7830,"[4.018643,0.5193045,0.6911662]",
7831,"[4.019836,0.5144083,0.6911662]",
7832,"[4.020422,0.5135808,0.6911662]",
7833,"[4.020216,0.5132808,0.6911662]",
7834,"[4.018197,0.5088615,0.6911662]",
7835,"[4.014802,0.5021578,0.6911662]",
7836,"[3.876869,0.4472463,0.6911662]",
7837,"[3.733576,0.0999999,0.2908397]",
7838,"[3.691396,0.2740531,0.5299557]",
7839,"[3.659068,0.2949015,0.5730953]",
7840,"[3.63613,0.2949017,0.583067]",
7841,"[3.624722,0.2949017,0.5869526]",
7842,"[3.614258,0.2949017,0.5913405]",
7843,"[3.608683,0.3148385,0.6160379]",
7844,"[3.605676,0.3202929,0.6210068]",
7845,"[3.603957,0.3295766,0.6250513]",
7846,"[3.603076,0.3345313,0.6271625]",
7847,"[3.602753,0.3458016,0.6297812]",
7848,"[3.669978,0.321939,0.5378296]",
7849,"[3.69525,0.3153908,0.5037349]",
7850,"[3.728256,0.3218333,0.4611189]",
7851,"[3.659666,0.1,0.1462215]",
7852,"[3.676956,0.1,0.1141086]",
7853,"[3.684359,0.1,0.1063794]",
7854,"[3.83866,0.5386337,0.6911662]",
7855,"[3.842328,0.5397309,0.6911662]",
7856,"[3.85092,0.5404904,0.6911662]",
7857,"[3.855031,0.5404224,0.6911662]",
7858,"[3.857225,0.540115,0.6911662]",
7859,"[3.861314,0.5389313,0.6911662]",
7860,"[3.863192,0.5381285,0.6911662]",
7861,"[3.866668,0.5372216,0.6911662]",
7862,"[3.868303,0.5380667,0.6911662]",
7863,"[3.870638,0.5408424,0.6911662]",
7864,"[3.871761,0.542232,0.6911662]",
7865,"[3.872832,0.5433987,0.6911662]",
7866,"[3.874166,0.5448482,0.6911662]",
7867,"[3.874693,0.5456033,0.6911662]",
7868,"[3.875664,0.5470401,0.6911662]",
7869,"[3.876251,0.5477272,0.6911662]",
7870,"[3.876945,0.5486909,0.6911662]",
7871,"[3.877316,0.5492641,0.6911662]",
7872,"[3.877756,0.5499409,0.6911662]",
7873,"[3.87885,0.5510006,0.6911662]",
7874,"[3.879462,0.5511353,0.6911662]",
7875,"[3.880866,0.5506449,0.6911662]",
7876,"[3.881643,0.550325,0.6911662]",
7877,"[3.883293,0.5505222,0.6911662]",
7878,"[3.884123,0.5511286,0.6911662]",
7879,"[3.885788,0.5525885,0.6911662]",
7880,"[3.88659,0.5534861,0.6911662]",
7881,"[3.887496,0.5545859,0.6911662]",
7882,"[3.88829,0.5573655,0.6911662]",
7883,"[3.888654,0.5581776,0.6911662]",
7884,"[3.889173,0.5593386,0.6911662]",
7885,"[3.889781,0.561064,0.6911662]",
7886,"[3.890873,0.5647185,0.6911662]",
7887,"[3.8913,0.5662854,0.6911662]",
7888,"[3.891973,0.5699784,0.6911662]",
7889,"[3.892236,0.5724465,0.6911662]",
7890,"[3.892441,0.5782229,0.6911662]",
7891,"[3.89349,0.6096472,0.6911662]",
7892,"[3.893549,0.6251461,0.6911662]",
7893,"[3.894282,0.6473851,0.6911662]",
7894,"[3.893814,0.6561869,0.6911662]",
7895,"[3.891247,0.667976,0.6911662]",
7896,"[3.890463,0.6694459,0.6911662]",
7897,"[3.884806,0.6734865,0.6911662]",
7898,"[3.880881,0.67664,0.6911662]",
7899,"[3.876118,0.680791,0.6911662]",
7900,"[3.867177,0.6887571,0.6911662]",
7901,"[3.863474,0.692608,0.6911662]",
7902,"[3.860703,0.699253,0.6911662]",
7903,"[3.860718,0.7014462,0.6911662]",
7904,"[3.863165,0.7055423,0.6911662]",
7905,"[3.865391,0.7072098,0.6911662]",
7906,"[3.867582,0.7086608,0.6911662]",
7907,"[3.873345,0.7116973,0.6911662]",
7908,"[3.88218,0.7109649,0.6911662]",
7909,"[3.899318,0.7106689,0.6911662]",
7910,"[3.908374,0.7073673,0.6911662]",
7911,"[3.923675,0.7014781,0.6911662]",
7912,"[3.930591,0.6983262,0.6911662]",
7913,"[3.94346,0.6928279,0.6911662]",
7914,"[3.949457,0.6915628,0.6911662]",
7915,"[3.953965,0.691426,0.6911662]",
7916,"[3.94032,0.7001479,0.6911662]",
7917,"[3.929513,0.7059977,0.6911662]",
7918,"[3.913856,0.7232739,0.6911662]",
7919,"[3.908575,0.7307404,0.6911662]",
7920,"[3.894958,0.741531,0.6911662]",
7921,"[3.891745,0.7426457,0.6911662]",
7922,"[3.887402,0.745254,0.6911662]",
7923,"[3.886542,0.7457626,0.6911662]",
7924,"[3.885793,0.7463521,0.6911662]",
7925,"[3.90733,0.7382912,0.6911662]",
7926,"[3.913944,0.736655,0.6911662]",
7927,"[3.924948,0.7332337,0.6911662]",
7928,"[3.928484,0.7318278,0.6911662]",
7929,"[3.933377,0.7300107,0.6911662]",
7930,"[3.93573,0.7286592,0.6911662]",
7931,"[3.939811,0.7233379,0.6911662]",
7932,"[3.941758,0.7188841,0.6911662]",
7933,"[3.943259,0.7154052,0.6911662]",
7934,"[3.945285,0.7094737,0.6911662]",
7935,"[3.946233,0.7059537,0.6911662]",
7936,"[3.946689,0.7043693,0.6911662]",
7937,"[3.94708,0.7031167,0.6911662]",
7938,"[3.947093,0.7021723,0.6911662]",
7939,"[3.946799,0.700407,0.6911662]",
7940,"[3.94588,0.7000588,0.6911662]",
7941,"[3.945008,0.6999553,0.6911662]",
7942,"[3.944636,0.7001846,0.6911662]",
7943,"[3.944286,0.7003363,0.6911662]",
7944,"[3.944427,0.6997899,0.6911662]",
7945,"[3.945029,0.69767,0.6911662]",
7946,"[3.945151,0.6971173,0.6911662]",
7947,"[3.94501,0.6962569,0.6911662]",
7948,"[3.945338,0.6959164,0.6911662]",
7949,"[3.945677,0.6950911,0.6911662]",
7950,"[3.947397,0.6922776,0.6911662]",
7951,"[3.947836,0.690766,0.6911662]",
7952,"[3.947996,0.6873454,0.6911662]",
7953,"[3.947989,0.6859452,0.6911662]",
7954,"[3.947879,0.6850289,0.6911662]",
7955,"[3.947864,0.6853465,0.6911662]",
7956,"[3.947606,0.6871508,0.6911662]",
7957,"[3.947324,0.6888166,0.6911662]",
7958,"[3.948025,0.6915361,0.6911662]",
7959,"[3.948988,0.6963783,0.6911662]",
7960,"[3.949808,0.6982771,0.6911662]",
7961,"[3.951896,0.7025706,0.6911662]",
7962,"[3.953017,0.7047933,0.6911662]",
7963,"[3.960542,0.7090855,0.6911662]",
7964,"[3.963832,0.7107374,0.6911662]",
7965,"[3.966913,0.7120984,0.6911662]",
7966,"[3.972684,0.7134123,0.6911662]",
7967,"[3.975248,0.7131606,0.6911662]",
7968,"[3.979955,0.7120557,0.6911662]",
7969,"[3.982412,0.7114212,0.6911662]",
7970,"[3.986652,0.7097229,0.6911662]",
7971,"[3.98731,0.7084474,0.6911662]",
7972,"[3.988904,0.7054059,0.6911662]",
7973,"[3.989987,0.7035082,0.6911662]",
7974,"[3.990401,0.7017772,0.6911662]",
7975,"[3.99096,0.6993995,0.6911662]",
7976,"[3.991304,0.6984804,0.6911662]",
7977,"[3.991745,0.6982685,0.6911662]",
7978,"[3.992154,0.6983044,0.6911662]",
7979,"[3.99216,0.7001377,0.6911662]",
7980,"[3.992221,0.7019938,0.6911662]",
7981,"[3.992494,0.7037466,0.6911662]",
7982,"[3.993149,0.7051511,0.6911662]",
7983,"[3.993578,0.7065843,0.6911662]",
7984,"[3.995301,0.7126575,0.6911662]",
7985,"[3.995869,0.7159109,0.6911662]",
7986,"[3.997368,0.7230037,0.6911662]",
7987,"[3.998228,0.7259885,0.6911662]",
7988,"[3.999321,0.72895,0.6911662]",
7989,"[3.999489,0.7288739,0.6911662]",
7990,"[4.00073,0.7232677,0.6911662]",
7991,"[4.000784,0.7116575,0.6911662]",
7992,"[4.000709,0.7015482,0.6911662]",
7993,"[4.00095,0.6933072,0.6911662]",
7994,"[4.001167,0.6908631,0.6911662]",
7995,"[4.000376,0.6855035,0.6911662]",
7996,"[4.000326,0.6835427,0.6911662]",
7997,"[4.000374,0.6833583,0.6911662]",
7998,"[4.000369,0.6834918,0.6911662]",
7999,"[4.000131,0.6827252,0.6911662]",
8000,"[3.996285,0.6694861,0.6911662]",
8001,"[3.993526,0.6616409,0.6911662]",
8002,"[3.989306,0.6522364,0.6911662]",
8003,"[3.985709,0.6420796,0.6911662]",
8004,"[3.98021,0.6195197,0.6911662]",
8005,"[3.977794,0.6073681,0.6911662]",
8006,"[3.975387,0.5965548,0.6911662]",
8007,"[3.973756,0.577665,0.6911662]",
8008,"[3.972351,0.5645884,0.6911662]",
8009,"[3.972227,0.5524448,0.6911662]",
8010,"[3.972583,0.5487397,0.6911662]",
8011,"[3.972644,0.5369936,0.6911662]",
8012,"[3.97243,0.5323699,0.6911662]",
8013,"[3.971541,0.5224869,0.6911662]",
8014,"[3.971102,0.5174874,0.6911662]",
8015,"[3.971248,0.5172199,0.6911662]",
8016,"[3.972515,0.5188314,0.6911662]",
8017,"[3.973382,0.5198448,0.6911662]",
8018,"[3.9747,0.5208555,0.6911662]",
8019,"[3.975821,0.5229121,0.6911662]",
8020,"[3.981021,0.5339319,0.6911662]",
8021,"[3.984134,0.5395169,0.6911662]",
8022,"[3.986991,0.5436901,0.6911662]",
8023,"[3.994747,0.5523355,0.6911662]",
8024,"[3.998768,0.5569392,0.6911662]",
8025,"[4.006725,0.5690095,0.6911662]",
8026,"[4.010799,0.5763445,0.6911662]",
8027,"[4.017449,0.5862343,0.6911662]",
8028,"[4.020626,0.5895884,0.6911662]",
8029,"[4.026638,0.594307,0.6911662]",
8030,"[4.027932,0.5948066,0.6911662]",
8031,"[4.030421,0.5941786,0.6911662]",
8032,"[4.031372,0.5927048,0.6911662]",
8033,"[4.031711,0.5915812,0.6911662]",
8034,"[4.032173,0.5894734,0.6911662]",
8035,"[4.031992,0.589105,0.6911662]",
8036,"[4.031937,0.5889977,0.6911662]",
8037,"[4.031896,0.5890775,0.6911662]",
8038,"[4.032,0.5906971,0.6911662]",
8039,"[4.032194,0.5922743,0.6911662]",
8040,"[4.032339,0.5954206,0.6911662]",
8041,"[4.033688,0.6036724,0.6911662]",
8042,"[4.034802,0.6065746,0.6911662]",
8043,"[4.038793,0.603177,0.6911662]",
8044,"[4.041728,0.5970706,0.6911662]",
8045,"[4.046443,0.5750712,0.6911662]",
8046,"[4.04757,0.5665619,0.6911662]",
8047,"[4.049062,0.5546821,0.6911662]",
8048,"[4.04907,0.5529494,0.6911662]",
8049,"[4.048837,0.5510895,0.6911662]",
8050,"[4.048613,0.5502676,0.6911662]",
8051,"[4.048439,0.5495045,0.6911662]",
8052,"[4.048125,0.5491818,0.6911662]",
8053,"[4.048027,0.5491385,0.6911662]",
8054,"[4.048219,0.5496751,0.6911662]",
8055,"[4.048963,0.5500021,0.6911662]",
8056,"[4.05133,0.5477018,0.6911662]",
8057,"[4.052578,0.5452676,0.6911662]",
8058,"[4.053519,0.5418985,0.6911662]",
8059,"[4.05502,0.5367219,0.6911662]",
8060,"[4.054693,0.5355824,0.6911662]",
8061,"[4.054316,0.5345587,0.6911662]",
8062,"[4.05415,0.5342076,0.6911662]",
8063,"[4.053825,0.5343537,0.6911662]",
8064,"[4.053621,0.5343682,0.6911662]",
8065,"[4.05328,0.5343328,0.6911662]",
8066,"[4.052634,0.5344229,0.6911662]",
8067,"[4.052131,0.534691,0.6911662]",
8068,"[4.051232,0.535293,0.6911662]",
8069,"[4.050936,0.5355648,0.6911662]",
8070,"[4.049191,0.5378262,0.6911662]",
8071,"[4.046331,0.5478734,0.6911662]",
8072,"[4.044248,0.5557686,0.6911662]",
8073,"[4.041875,0.565744,0.6911662]",
8074,"[4.040894,0.5704895,0.6911662]",
8075,"[4.040495,0.5730232,0.6911662]",
8076,"[4.04027,0.5750458,0.6911662]",
8077,"[4.040065,0.576984,0.6911662]",
8078,"[4.039828,0.5779235,0.6911662]",
8079,"[4.039334,0.5798287,0.6911662]",
8080,"[4.039154,0.5807389,0.6911662]",
8081,"[4.039167,0.5833353,0.6911662]",
8082,"[4.039362,0.5848883,0.6911662]",
8083,"[4.03968,0.5873717,0.6911662]",
8084,"[4.039699,0.5879079,0.6911662]",
8085,"[4.039625,0.5882887,0.6911662]",
8086,"[4.03952,0.5887774,0.6911662]",
8087,"[4.039233,0.5888865,0.6911662]",
8088,"[4.038735,0.5890505,0.6911662]",
8089,"[4.038563,0.5891657,0.6911662]",
8090,"[4.038272,0.5892906,0.6911662]",
8091,"[4.037821,0.5896056,0.6911662]",
8092,"[4.037583,0.5897824,0.6911662]",
8093,"[4.034471,0.5936117,0.6911662]",
8094,"[4.033247,0.5951005,0.6911662]",
8095,"[4.030846,0.5983907,0.6911662]",
8096,"[4.02881,0.6016594,0.6911662]",
8097,"[4.025851,0.6071775,0.6911662]",
8098,"[4.02473,0.6097322,0.6911662]",
8099,"[4.022654,0.6152357,0.6911662]",
8100,"[4.021724,0.6177452,0.6911662]",
8101,"[4.020915,0.6200244,0.6911662]",
8102,"[4.019736,0.623629,0.6911662]",
8103,"[4.019257,0.6243612,0.6911662]",
8104,"[4.018754,0.6251348,0.6911662]",
8105,"[4.018626,0.6251919,0.6911662]",
8106,"[4.019906,0.6247997,0.6911662]",
8107,"[4.021311,0.6243144,0.6911662]",
8108,"[4.022768,0.6245498,0.6911662]",
8109,"[4.025399,0.6245312,0.6911662]",
8110,"[4.026599,0.6245331,0.6911662]",
8111,"[4.0287,0.6249418,0.6911662]",
8112,"[4.029539,0.6253669,0.6911662]",
8113,"[4.030553,0.6275975,0.6911662]",
8114,"[4.030917,0.6295257,0.6911662]",
8115,"[4.031296,0.6350896,0.6911662]",
8116,"[4.031363,0.6378485,0.6911662]",
8117,"[4.031339,0.6403247,0.6911662]",
8118,"[4.031179,0.6440245,0.6911662]",
8119,"[4.031153,0.6452639,0.6911662]",
8120,"[4.031046,0.6479217,0.6911662]",
8121,"[4.031044,0.6487346,0.6911662]",
8122,"[4.030888,0.6500189,0.6911662]",
8123,"[4.030866,0.6500426,0.6911662]",
8124,"[4.030244,0.6499019,0.6911662]",
8125,"[4.029657,0.6497543,0.6911662]",
8126,"[4.028787,0.6495623,0.6911662]",
8127,"[4.028684,0.6497584,0.6911662]",
8128,"[4.028801,0.6500463,0.6911662]",
8129,"[4.028926,0.6508928,0.6911662]",
8130,"[4.028967,0.6512229,0.6911662]",
8131,"[4.028561,0.6521346,0.6911662]",
8132,"[4.028034,0.652791,0.6911662]",
8133,"[4.027357,0.6536553,0.6911662]",
8134,"[4.025873,0.6561456,0.6911662]",
8135,"[4.025389,0.6574713,0.6911662]",
8136,"[4.024911,0.6585804,0.6911662]",
8137,"[4.024715,0.6600357,0.6911662]",
8138,"[4.024413,0.6611971,0.6911662]",
8139,"[4.024319,0.6613716,0.6911662]",
8140,"[4.023404,0.6613726,0.6911662]",
8141,"[4.023145,0.6610573,0.6911662]",
8142,"[4.022883,0.6607039,0.6911662]",
8143,"[4.022796,0.6598858,0.6911662]",
8144,"[4.022927,0.659573,0.6911662]",
8145,"[4.023213,0.6589917,0.6911662]",
8146,"[4.023301,0.6586896,0.6911662]",
8147,"[4.02336,0.6582894,0.6911662]",
8148,"[4.022814,0.6580381,0.6911662]",
8149,"[4.022207,0.6577692,0.6911662]",
8150,"[4.020416,0.6568767,0.6911662]",
8151,"[4.019342,0.6561133,0.6911662]",
8152,"[4.017859,0.6538941,0.6911662]",
8153,"[4.017169,0.6529755,0.6911662]",
8154,"[3.999928,0.6567414,0.6911662]",
8155,"[3.989388,0.6600903,0.6911662]",
8156,"[3.977452,0.665572,0.6911662]",
8157,"[3.967185,0.6867134,0.6911662]",
8158,"[3.959769,0.7015861,0.6911662]",
8159,"[3.953518,0.7151706,0.6911662]",
8160,"[3.952245,0.7189167,0.6911662]",
8161,"[3.950259,0.72575,0.6911662]",
8162,"[3.949797,0.7277839,0.6911662]",
8163,"[3.94934,0.7283081,0.6911662]",
8164,"[3.94919,0.7283696,0.6911662]",
8165,"[3.948992,0.7284049,0.6911662]",
8166,"[3.948916,0.728473,0.6911662]",
8167,"[3.94885,0.7285601,0.6911662]",
8168,"[3.948643,0.7292699,0.6911662]",
8169,"[3.948543,0.7299308,0.6911662]",
8170,"[3.948368,0.7317797,0.6911662]",
8171,"[3.948279,0.7329801,0.6911662]",
8172,"[3.956355,0.7331448,0.6911662]",
8173,"[3.968061,0.7218388,0.6911662]",
8174,"[3.975273,0.7149769,0.6911662]",
8175,"[3.985189,0.7048652,0.6911662]",
8176,"[3.988422,0.7016772,0.6911662]",
8177,"[3.993693,0.6969761,0.6911662]",
8178,"[3.995775,0.6944322,0.6911662]",
8179,"[3.999702,0.6887189,0.6911662]",
8180,"[4.00136,0.6858487,0.6911662]",
8181,"[4.004342,0.6812866,0.6911662]",
8182,"[4.005047,0.6796572,0.6911662]",
8183,"[4.005736,0.6780918,0.6911662]",
8184,"[4.006474,0.6757032,0.6911662]",
8185,"[4.006341,0.6748345,0.6911662]",
8186,"[4.006205,0.6737671,0.6911662]",
8187,"[4.006165,0.6734635,0.6911662]",
8188,"[4.006065,0.6731927,0.6911662]",
8189,"[4.006013,0.6731626,0.6911662]",
8190,"[4.005984,0.6731881,0.6911662]",
8191,"[4.006049,0.6732923,0.6911662]",
8192,"[4.006275,0.6736888,0.6911662]",
8193,"[4.007036,0.6749922,0.6911662]",
8194,"[4.007386,0.6756351,0.6911662]",
8195,"[4.007682,0.6767086,0.6911662]",
8196,"[4.007832,0.6768572,0.6911662]",
8197,"[4.008173,0.6771345,0.6911662]",
8198,"[4.008609,0.6767895,0.6911662]",
8199,"[4.00921,0.6758779,0.6911662]",
8200,"[4.010508,0.6729636,0.6911662]",
8201,"[4.011391,0.6712315,0.6911662]",
8202,"[4.012876,0.6680899,0.6911662]",
8203,"[4.013743,0.6665908,0.6911662]",
8204,"[4.015048,0.664225,0.6911662]",
8205,"[4.015516,0.6630499,0.6911662]",
8206,"[4.016441,0.6608045,0.6911662]",
8207,"[4.01703,0.6594646,0.6911662]",
8208,"[4.018912,0.6557701,0.6911662]",
8209,"[4.020605,0.6529974,0.6911662]",
8210,"[4.021706,0.6517085,0.6911662]",
8211,"[4.023353,0.6496953,0.6911662]",
8212,"[4.024101,0.6488034,0.6911662]",
8213,"[4.024647,0.6469882,0.6911662]",
8214,"[4.024899,0.6460449,0.6911662]",
8215,"[4.021806,0.6253516,0.6911662]",
8216,"[4.010931,0.5395834,0.6911662]",
8217,"[4.00706,0.509964,0.6911662]",
8218,"[4.000721,0.4796985,0.6911662]",
8219,"[3.997241,0.4684026,0.6911662]",
8220,"[3.991976,0.4550329,0.6911662]",
8221,"[3.989701,0.4496196,0.6911662]",
8222,"[3.986437,0.4417319,0.6911662]",
8223,"[3.985616,0.4388226,0.6911662]",
8224,"[3.985179,0.4353597,0.6911662]",
8225,"[3.985313,0.4342723,0.6911662]",
8226,"[3.985476,0.4327496,0.6911662]",
8227,"[3.985833,0.4290208,0.6911662]",
8228,"[3.985602,0.4258469,0.6911662]",
8229,"[3.984787,0.4203849,0.6911662]",
8230,"[3.983962,0.4177169,0.6911662]",
8231,"[3.982195,0.413585,0.6911662]",
8232,"[3.981408,0.4123011,0.6911662]",
8233,"[3.980618,0.4111044,0.6911662]",
8234,"[3.979757,0.4101718,0.6911662]",
8235,"[3.979559,0.4100653,0.6911662]",
8236,"[3.979231,0.4105082,0.6911662]",
8237,"[3.979109,0.4108917,0.6911662]",
8238,"[3.979557,0.4117027,0.6911662]",
8239,"[3.980058,0.4129392,0.6911662]",
8240,"[3.981776,0.4169911,0.6911662]",
8241,"[3.985101,0.426138,0.6911662]",
8242,"[4.041915,0.6989142,0.6911662]",
8243,"[4.078007,0.9663367,0.8028669]",
8244,"[4.07886,0.9708965,0.8035456]",
8245,"[4.080871,0.9779478,0.805146]",
8246,"[4.081475,0.9795583,0.8056269]",
8247,"[4.083002,0.9837079,0.8068423]",
8248,"[4.083684,0.9855344,0.8073857]",
8249,"[4.084439,0.9872828,0.8079869]",
8250,"[4.08474,0.9881487,0.8082259]",
8251,"[4.085124,0.9892467,0.8085316]",
8252,"[4.085672,0.9910282,0.8089677]",
8253,"[4.085754,0.9914693,0.8090336]",
8254,"[4.08606,0.9928517,0.8092764]",
8255,"[4.086236,0.9935182,0.8094169]",
8256,"[4.087115,0.9957072,0.8101165]",
8257,"[4.087641,0.9966806,0.8105356]",
8258,"[4.089618,0.9980045,0.8086495]",
8259,"[4.091122,0.9980045,0.8056347]",
8260,"[4.116456,0.9980045,0.7718473]",
8261,"[4.181089,0.9980045,0.6919543]",
8262,"[4.198746,0.9980045,0.6692103]",
8263,"[4.21901,0.9980045,0.6412496]",
8264,"[4.22646,0.9980045,0.6297947]",
8265,"[4.235747,0.9980045,0.6143008]",
8266,"[4.240133,0.9980045,0.606133]",
8267,"[4.241914,0.9980045,0.6023942]",
8268,"[4.244784,0.9980045,0.5966962]",
8269,"[4.245929,0.9980045,0.5945219]",
8270,"[4.245966,0.9980045,0.5948272]",
8271,"[4.245549,0.9980045,0.5966255]",
8272,"[4.245263,0.9980045,0.5984839]",
8273,"[4.244685,0.9980045,0.6003246]",
8274,"[4.243759,0.9980045,0.6036689]",
8275,"[4.24339,0.9980045,0.6053639]",
8276,"[4.243118,0.9980045,0.6066387]",
8277,"[4.240368,0.9980045,0.6151635]",
8278,"[4.238705,0.9980045,0.6197762]",
8279,"[4.233057,0.9980045,0.6319177]",
8280,"[4.229238,0.9980045,0.6391199]",
8281,"[4.219956,0.9980045,0.6546948]",
8282,"[4.215422,0.9980045,0.6617332]",
8283,"[4.17321,0.9980045,0.7570304]",
8284,"[4.155122,0.9980045,0.7956181]",
8285,"[4.091712,0.9702948,0.8137763]",
8286,"[4.08503,0.9634893,0.8084571]",
8287,"[4.080748,0.9592401,0.8050486]",
8288,"[4.075933,0.9587114,0.8012161]",
8289,"[4.07442,0.9586897,0.8000114]",
8290,"[4.072321,0.959464,0.7983403]",
8291,"[4.071589,0.9601222,0.7977583]",
8292,"[4.070827,0.9612635,0.7971517]",
8293,"[4.069921,0.9626768,0.7964301]",
8294,"[4.06952,0.9632396,0.7961106]",
8295,"[4.068517,0.9635977,0.7953123]",
8296,"[4.067875,0.9635556,0.7948017]",
8297,"[4.066566,0.9632574,0.793759]",
8298,"[4.066018,0.963178,0.7933235]",
8299,"[4.06491,0.9631211,0.7924417]",
8300,"[4.06456,0.9633955,0.792163]",
8301,"[4.064105,0.9636133,0.7918007]",
8302,"[4.063468,0.9638941,0.7912934]",
8303,"[4.063121,0.9640133,0.7910171]",
8304,"[4.06224,0.9640975,0.7903157]",
8305,"[4.061913,0.9639963,0.7900558]",
8306,"[4.061402,0.9635863,0.7896489]",
8307,"[4.061288,0.963239,0.7895582]",
8308,"[4.061109,0.9628607,0.7894152]",
8309,"[4.061003,0.961951,0.789331]",
8310,"[4.061077,0.961503,0.7893897]",
8311,"[4.060977,0.9470788,0.7893109]",
8312,"[4.06082,0.9383463,0.7891856]",
8313,"[4.060862,0.9111306,0.7892193]",
8314,"[4.060749,0.9036113,0.7891293]",
8315,"[4.060576,0.894377,0.7889915]",
8316,"[4.06048,0.8910633,0.7889153]",
8317,"[4.060412,0.8880699,0.7888611]",
8318,"[4.053054,0.803667,0.6911662]",
8319,"[4.052866,0.8010261,0.6911662]",
8320,"[4.051335,0.7966909,0.6911662]",
8321,"[4.050625,0.7948726,0.6911662]",
8322,"[4.048898,0.7908874,0.6911662]",
8323,"[4.047883,0.7886969,0.6911662]",
8324,"[4.046275,0.782063,0.6911662]",
8325,"[4.04496,0.7765439,0.6911662]",
8326,"[4.043266,0.7689129,0.6911662]",
8327,"[4.037943,0.7434013,0.6911662]",
8328,"[4.024981,0.6729164,0.6911662]",
8329,"[4.011777,0.5997216,0.6911662]",
8330,"[4.005708,0.5658985,0.6911662]",
8331,"[3.997054,0.5074986,0.6911662]",
8332,"[3.994442,0.4862747,0.6911662]",
8333,"[3.994565,0.4833418,0.6911662]",
8334,"[3.99412,0.4762391,0.6911662]",
8335,"[3.994418,0.4755056,0.6911662]",
8336,"[3.994672,0.4713251,0.6911662]",
8337,"[3.996022,0.4742347,0.6911662]",
8338,"[3.998435,0.479753,0.6911662]",
8339,"[3.998829,0.4800195,0.6911662]",
8340,"[4.000398,0.4830057,0.6911662]",
8341,"[4.004775,0.4952651,0.6911662]",
8342,"[4.006941,0.5037399,0.6911662]",
8343,"[4.012494,0.5265142,0.6911662]",
8344,"[4.015388,0.5383655,0.6911662]",
8345,"[4.018569,0.5672042,0.6911662]",
8346,"[4.020604,0.5765479,0.6911662]",
8347,"[4.02379,0.5897571,0.6911662]",
8348,"[4.025245,0.5950567,0.6911662]",
8349,"[4.027397,0.6018935,0.6911662]",
8350,"[4.028146,0.6038452,0.6911662]",
8351,"[4.028726,0.6052122,0.6911662]",
8352,"[4.029867,0.6078798,0.6911662]",
8353,"[4.030492,0.609257,0.6911662]",
8354,"[4.031643,0.6119068,0.6911662]",
8355,"[4.032148,0.6133734,0.6911662]",
8356,"[4.033078,0.6165759,0.6911662]",
8357,"[4.033529,0.6182622,0.6911662]",
8358,"[4.034464,0.6212209,0.6911662]",
8359,"[4.034776,0.6220117,0.6911662]",
8360,"[4.035033,0.6227285,0.6911662]",
8361,"[4.035392,0.6238782,0.6911662]",
8362,"[4.035486,0.6242433,0.6911662]",
8363,"[4.035421,0.6245679,0.6911662]",
8364,"[4.035367,0.6247336,0.6911662]",
8365,"[4.035237,0.6252439,0.6911662]",
8366,"[4.035182,0.6252505,0.6911662]",
8367,"[4.035138,0.6252887,0.6911662]",
8368,"[4.035114,0.6253809,0.6911662]",
8369,"[4.035142,0.6254425,0.6911662]",
8370,"[4.035282,0.6250111,0.6911662]",
8371,"[4.035378,0.6248381,0.6911662]",
8372,"[4.035541,0.6245692,0.6911662]",
8373,"[4.035625,0.6244793,0.6911662]",
8374,"[4.035722,0.6244552,0.6911662]",
8375,"[4.035728,0.6245004,0.6911662]",
8376,"[4.035736,0.6245646,0.6911662]",
8377,"[4.035721,0.6248358,0.6911662]",
8378,"[4.035678,0.6250441,0.6911662]",
8379,"[4.035603,0.6251844,0.6911662]",
8380,"[4.035563,0.6251374,0.6911662]",
8381,"[4.035561,0.6250525,0.6911662]",
8382,"[4.0356,0.6249905,0.6911662]",
8383,"[4.035641,0.6243979,0.6911662]",
8384,"[4.035665,0.6235527,0.6911662]",
8385,"[4.035634,0.6233688,0.6911662]",
8386,"[4.035717,0.6287788,0.6911662]",
8387,"[4.035779,0.6337408,0.6911662]",
8388,"[4.039105,0.6657924,0.6911662]",
8389,"[4.039819,0.6740737,0.6911662]",
8390,"[4.040425,0.6805725,0.6911662]",
8391,"[4.040928,0.6862848,0.6911662]",
8392,"[4.041243,0.68909,0.6911662]",
8393,"[4.041598,0.6907488,0.6911662]",
8394,"[4.041763,0.690949,0.6911662]",
8395,"[4.042045,0.6904394,0.6911662]",
8396,"[4.042127,0.6898062,0.6911662]",
8397,"[4.042135,0.6888103,0.6911662]",
8398,"[4.036766,0.6728649,0.6911662]",
8399,"[4.030474,0.6544776,0.6911662]",
8400,"[4.028279,0.6483349,0.6911662]",
8401,"[4.02688,0.6438847,0.6911662]",
8402,"[4.024864,0.6376762,0.6911662]",
8403,"[4.02429,0.6360257,0.6911662]",
8404,"[4.023552,0.6336049,0.6911662]",
8405,"[4.023319,0.632565,0.6911662]",
8406,"[4.023032,0.6269611,0.6911662]",
8407,"[4.022961,0.6227133,0.6911662]",
8408,"[4.016052,0.4840643,0.6911662]",
8409,"[4.014224,0.4263502,0.6911662]",
8410,"[4.013036,0.3871661,0.6911662]",
8411,"[4.01194,0.3445201,0.6911662]",
8412,"[4.011033,0.3326815,0.6911662]",
8413,"[4.008579,0.3153173,0.6911662]",
8414,"[4.007787,0.3105541,0.6911662]",
8415,"[4.005768,0.3061933,0.6911662]",
8416,"[4.004756,0.3036863,0.6911662]",
8417,"[4.003808,0.3012353,0.6911662]",
8418,"[4.002971,0.300569,0.6911662]",
8419,"[4.002607,0.3072226,0.6911662]",
8420,"[4.002886,0.3205977,0.6911662]",
8421,"[4.003455,0.3237602,0.6911662]",
8422,"[4.005096,0.3278254,0.6911662]",
8423,"[4.006032,0.328145,0.6911662]",
8424,"[4.007843,0.3277014,0.6911662]",
8425,"[4.009045,0.3270419,0.6911662]",
8426,"[4.010286,0.3263086,0.6911662]",
8427,"[4.011748,0.3267429,0.6911662]",
8428,"[4.012215,0.3266688,0.6911662]",
8429,"[4.013012,0.3256099,0.6911662]",
8430,"[4.01333,0.3242287,0.6911662]",
8431,"[4.014121,0.3200729,0.6911662]",
8432,"[4.014558,0.3174702,0.6911662]",
8433,"[4.015076,0.3141895,0.6911662]",
8434,"[4.015441,0.3124641,0.6911662]",
8435,"[4.015773,0.3125874,0.6911662]",
8436,"[4.015735,0.3128117,0.6911662]",
8437,"[4.01568,0.3136633,0.6911662]",
8438,"[4.012357,0.2901029,0.6911662]",
8439,"[4.010574,0.2787825,0.6911662]",
8440,"[4.006543,0.2441021,0.6911662]",
8441,"[4.006543,0.2441021,0.6911662]",
8442,"[4.005107,0.2212446,0.6911662]",
8443,"[4.003227,0.1982949,0.6911662]",
8444,"[4.002472,0.1901233,0.6911662]",
8445,"[4.001664,0.1796837,0.6911662]",
8446,"[4.001438,0.1753231,0.6911662]",
8447,"[4.000603,0.1632584,0.6911662]",
8448,"[3.99968,0.1579275,0.6911662]",
8449,"[3.997789,0.1470907,0.6911662]",
8450,"[3.996604,0.1407211,0.6911662]",
8451,"[3.995343,0.1337373,0.6911662]",
8452,"[3.993359,0.1231981,0.6911662]",
8453,"[3.992199,0.1166308,0.6911662]",
8454,"[3.990038,0.1052664,0.6911662]",
8455,"[3.989552,0.1025029,0.6911662]",
8456,"[3.989827,0.0999999,0.6929327]",
8457,"[3.990646,0.1,0.6949854]",
8458,"[3.992081,0.1,0.6993276]",
8459,"[3.992783,0.1,0.7018291]",
8460,"[3.993464,0.1,0.7027612]",
8461,"[3.995734,0.1,0.7065933]",
8462,"[3.996823,0.1,0.7078569]",
8463,"[3.99834,0.1,0.7087514]",
8464,"[3.999958,0.1,0.7101656]",
8465,"[4.001485,0.1,0.7104666]",
8466,"[3.999683,0.1,0.7087788]",
8467,"[3.9979,0.1,0.7075171]",
8468,"[3.994452,0.1,0.7057065]",
8469,"[3.992701,0.1,0.7048236]",
8470,"[3.987612,0.1,0.7009584]",
8471,"[3.985132,0.1,0.6989427]",
8472,"[3.98096,0.1,0.6947713]",
8473,"[3.979101,0.1,0.6922822]",
8474,"[3.97716,0.1096373,0.6911662]",
8475,"[3.97617,0.1158327,0.6911662]",
8476,"[3.974998,0.1225222,0.6911662]",
8477,"[3.972365,0.1342673,0.6911662]",
8478,"[3.970935,0.1384508,0.6911662]",
8479,"[3.967423,0.1457903,0.6911662]",
8480,"[3.966229,0.146416,0.6911662]",
8481,"[3.963022,0.1477755,0.6911662]",
8482,"[3.960341,0.1482238,0.6911662]",
8483,"[3.954509,0.1455964,0.6911662]",
8484,"[3.951536,0.1437888,0.6911662]",
8485,"[3.947403,0.1417974,0.6911662]",
8486,"[3.9458,0.141548,0.6911662]",
8487,"[3.944129,0.1421492,0.6911662]",
8488,"[3.941337,0.1424848,0.6911662]",
8489,"[3.940607,0.1425529,0.6911662]",
8490,"[3.940921,0.1440385,0.6911662]",
8491,"[3.941671,0.1454642,0.6911662]",
8492,"[3.943132,0.1487845,0.6911662]",
8493,"[3.944206,0.1508934,0.6911662]",
8494,"[3.944883,0.1522871,0.6911662]",
8495,"[3.988917,0.2654764,0.6911662]",
8496,"[3.995815,0.2824863,0.6911662]",
8497,"[4.009995,0.3262947,0.6911662]",
8498,"[4.013844,0.3388974,0.6911662]",
8499,"[4.018576,0.3547494,0.6911662]",
8500,"[4.020535,0.3614056,0.6911662]",
8501,"[4.021823,0.3657248,0.6911662]",
8502,"[4.022879,0.3701875,0.6911662]",
8503,"[4.019429,0.2543433,0.6911662]",
8504,"[4.016504,0.1880794,0.6911662]",
8505,"[4.015475,0.1714987,0.6911662]",
8506,"[4.013987,0.1508318,0.6911662]",
8507,"[4.013455,0.1442299,0.6911662]",
8508,"[4.012867,0.1381611,0.6911662]",
8509,"[4.012647,0.1350779,0.6911662]",
8510,"[4.012419,0.1320327,0.6911662]",
8511,"[4.012159,0.1259728,0.6911662]",
8512,"[4.011915,0.1243252,0.6911662]",
8513,"[4.011546,0.1217788,0.6911662]",
8514,"[4.011406,0.1206568,0.6911662]",
8515,"[4.010812,0.1194674,0.6911662]",
8516,"[4.010389,0.1190369,0.6911662]",
8517,"[4.010122,0.1188497,0.6911662]",
8518,"[4.009749,0.1182161,0.6911662]",
8519,"[4.009599,0.1177619,0.6911662]",
8520,"[4.009486,0.1166219,0.6911662]",
8521,"[4.009556,0.115754,0.6911662]",
8522,"[4.00989,0.1135055,0.6911662]",
8523,"[4.009956,0.1126731,0.6911662]",
8524,"[4.01002,0.1113437,0.6911662]",
8525,"[4.010022,0.1106803,0.6911662]",
8526,"[4.010033,0.1100344,0.6911662]",
8527,"[4.009865,0.1095922,0.6911662]",
8528,"[4.009429,0.1092998,0.6911662]",
8529,"[4.008667,0.1092854,0.6911662]",
8530,"[4.007733,0.1099224,0.6911662]",
8531,"[4.005818,0.1115562,0.6911662]",
8532,"[4.00513,0.1122363,0.6911662]",
8533,"[4.004536,0.1128946,0.6911662]",
8534,"[4.003307,0.1138961,0.6911662]",
8535,"[4.00241,0.1145464,0.6911662]",
8536,"[4.001346,0.1154865,0.6911662]",
8537,"[3.994375,0.1227533,0.6911662]",
8538,"[3.915216,0.436116,0.6911662]",
8539,"[3.911169,0.4515815,0.6911662]",
8540,"[3.907644,0.4904554,0.6911662]",
8541,"[3.906643,0.5012121,0.6911662]",
8542,"[3.905679,0.5094407,0.6911662]",
8543,"[3.904086,0.5197259,0.6911662]",
8544,"[3.903399,0.5239438,0.6911662]",
8545,"[3.902059,0.5287577,0.6911662]",
8546,"[3.931494,0.5271603,0.6911662]",
8547,"[3.952744,0.5269459,0.6911662]",
8548,"[3.96122,0.520722,0.6911662]",
8549,"[3.971522,0.5113037,0.6911662]",
8550,"[3.975838,0.5063912,0.6911662]",
8551,"[3.980752,0.4985015,0.6911662]",
8552,"[3.982374,0.4958193,0.6911662]",
8553,"[3.984699,0.4926556,0.6911662]",
8554,"[3.98895,0.4817521,0.6911662]",
8555,"[3.990822,0.4756973,0.6911662]",
8556,"[3.99421,0.4538818,0.6911662]",
8557,"[3.995636,0.442309,0.6911662]",
8558,"[3.997057,0.429785,0.6911662]",
8559,"[3.997496,0.4257226,0.6911662]",
8560,"[3.998235,0.4220846,0.6911662]",
8561,"[3.99984,0.4153489,0.6911662]",
8562,"[4.000679,0.4107549,0.6911662]",
8563,"[4.00177,0.4057354,0.6911662]",
8564,"[4.002176,0.4040609,0.6911662]",
8565,"[4.003445,0.4002776,0.6911662]",
8566,"[4.003856,0.3988276,0.6911662]",
8567,"[4.005251,0.3963471,0.6911662]",
8568,"[4.005856,0.3953832,0.6911662]",
8569,"[4.006458,0.3945757,0.6911662]",
8570,"[4.007194,0.3938443,0.6911662]",
8571,"[4.007552,0.3935406,0.6911662]",
8572,"[4.008436,0.3929626,0.6911662]",
8573,"[4.008939,0.3923747,0.6911662]",
8574,"[4.009778,0.3916882,0.6911662]",
8575,"[4.010105,0.3920043,0.6911662]",
8576,"[4.010633,0.4516442,0.6911662]",
8577,"[4.010813,0.4652915,0.6911662]",
8578,"[4.012414,0.5194548,0.6911662]",
8579,"[4.0133,0.5511491,0.6911662]",
8580,"[4.020729,0.5638907,0.6911662]",
8581,"[4.028955,0.5781589,0.6911662]",
8582,"[4.033528,0.5822961,0.6911662]",
8583,"[4.037807,0.5823956,0.6911662]",
8584,"[4.03932,0.5827521,0.6911662]",
8585,"[4.04028,0.5826167,0.6911662]",
8586,"[4.04164,0.5828202,0.6911662]",
8587,"[4.04211,0.5826331,0.6911662]",
8588,"[4.042539,0.5823393,0.6911662]",
8589,"[4.042665,0.5822489,0.6911662]",
8590,"[4.043072,0.5818073,0.6911662]",
8591,"[4.04252,0.5827205,0.6911662]",
8592,"[4.04184,0.5839729,0.6911662]",
8593,"[3.95754,0.6149539,0.6911662]",
8594,"[3.937733,0.6249204,0.6911662]",
8595,"[3.882433,0.653822,0.6911662]",
8596,"[3.872574,0.6617326,0.6911662]",
8597,"[3.860386,0.6748363,0.6911662]",
8598,"[3.856582,0.68062,0.6911662]",
8599,"[3.850347,0.6927199,0.6911662]",
8600,"[3.848663,0.6960199,0.6911662]",
8601,"[3.845064,0.7046713,0.6911662]",
8602,"[3.844313,0.7080815,0.6911662]",
8603,"[3.916089,0.7188307,0.6911662]",
8604,"[3.946059,0.7278881,0.6911662]",
8605,"[3.952584,0.7313698,0.6911662]",
8606,"[3.958724,0.7359043,0.6911662]",
8607,"[3.960262,0.7360108,0.6911662]",
8608,"[3.962001,0.7353858,0.6911662]",
8609,"[3.962451,0.735596,0.6911662]",
8610,"[3.962242,0.7375324,0.6911662]",
8611,"[3.963839,0.737519,0.6911662]",
8612,"[3.965652,0.7378016,0.6911662]",
8613,"[3.968504,0.737029,0.6911662]",
8614,"[3.969545,0.7371919,0.6911662]",
8615,"[3.971152,0.7396272,0.6911662]",
8616,"[3.97232,0.7389683,0.6911662]",
8617,"[3.973059,0.7389264,0.6911662]",
8618,"[3.973048,0.7461456,0.6911662]",
8619,"[3.972966,0.7460684,0.6911662]",
8620,"[3.969446,0.7499534,0.6911662]",
8621,"[3.963255,0.7541298,0.6911662]",
8622,"[3.938745,0.761856,0.6911662]",
8623,"[3.673638,0.7075937,0.6428238]",
8624,"[3.144659,0.6061023,0.6029561]",
8625,"[3.123303,0.6026374,0.6029561]",
8626,"[3.086056,0.5949297,0.6029561]",
8627,"[2.979217,0.5642724,0.6029561]",
8628,"[2.382607,0.1,0.1480631]",
8629,"[3.005749,0.6002309,0.6835878]",
8630,"[3.001772,0.600231,0.7040317]",
8631,"[2.997174,0.600231,0.7324229]",
8632,"[2.998975,0.6002309,0.7403396]",
8633,"[3.01833,0.6002309,0.7457335]",
8634,"[3.022321,0.600231,0.7526218]",
8635,"[3.040834,0.600231,0.7524761]",
8636,"[3.05171,0.600231,0.7545041]",
8637,"[3.057756,0.600231,0.7609349]",
8638,"[3.210339,0.7404121,0.9870778]",
8639,"[3.19594,0.7291241,1.014987]",
8640,"[3.179315,0.7178805,1.047211]",
8641,"[3.176596,0.7158598,1.052481]",
8642,"[3.171576,0.7143551,1.062212]",
8643,"[3.170534,0.7129628,1.064231]",
8644,"[3.167555,0.7114956,1.070005]",
8645,"[3.165226,0.7109751,1.074518]",
8646,"[3.160622,0.7085111,1.083442]",
8647,"[3.156077,0.702182,1.092253]",
8648,"[3.150868,0.6983429,1.10235]",
8649,"[3.137277,0.6865587,1.128693]",
8650,"[3.12941,0.6788695,1.143941]",
8651,"[3.122204,0.6715711,1.157909]",
8652,"[3.07969,0.5945292,1.240314]",
8653,"[3.08325,0.5806856,1.287444]",
8654,"[3.104753,0.5806856,1.348457]",
8655,"[3.112355,0.5806856,1.357841]",
8656,"[3.126,0.5806856,1.382623]",
8657,"[3.133338,0.5806856,1.39988]",
8658,"[3.173909,0.6021415,1.434725]",
8659,"[3.188118,0.6025474,1.450963]",
8660,"[3.192091,0.6027175,1.457399]",
8661,"[3.199853,0.6031218,1.47238]",
8662,"[3.202043,0.6033087,1.479047]",
8663,"[3.206175,0.6038346,1.497425]",
8664,"[3.209486,0.6042,1.510279]",
8665,"[3.250388,0.609189,1.684946]",
8666,"[3.258778,0.6097859,1.706496]",
8667,"[3.274443,0.6107027,1.740112]",
8668,"[3.284326,0.6111914,1.758314]",
8669,"[3.288845,0.6112542,1.761259]",
8670,"[3.2991,0.6113182,1.765312]",
8671,"[3.311213,0.6114587,1.772274]",
8672,"[3.32809,0.6115208,1.777493]",
8673,"[3.294999,0.5570589,1.787361]",
8674,"[3.295029,0.5456351,1.790685]",
8675,"[3.29507,0.5375981,1.795193]",
8676,"[3.295177,0.5219923,1.807006]",
8677,"[2.975065,0.1195176,1.839902]",
8678,"[2.982296,0.117937,1.845433]",
8679,"[2.988226,0.1179891,1.851308]",
8680,"[2.988675,0.1187563,1.852512]",
8681,"[2.990614,0.1199456,1.855598]",
8682,"[2.992496,0.1201032,1.857603]",
8683,"[2.999284,0.119496,1.863665]",
8684,"[3.003055,0.1193949,1.867268]",
8685,"[3.00606,0.1179942,1.868827]",
8686,"[3.009395,0.1182075,1.872314]",
8687,"[3.008204,0.119063,1.873272]",
8688,"[3.000917,0.1244406,1.870185]",
8689,"[2.99928,0.1262273,1.870354]",
8690,"[2.995143,0.1213242,1.861417]",
8691,"[2.992397,0.1188867,1.856296]",
8692,"[2.990357,0.1162454,1.851667]",
8693,"[2.980349,0.10538,1.831036]",
8694,"[3.036507,0.1741222,1.812513]",
8695,"[3.336773,0.5391288,1.767536]",
8696,"[3.335435,0.5390282,1.743368]",
8697,"[3.330261,0.5297992,1.651071]",
8698,"[3.135663,0.2573959,1.191932]",
8699,"[3.172494,0.3015969,1.168536]",
8700,"[3.189518,0.3231347,1.157723]",
8701,"[3.197502,0.3329571,1.141956]",
8702,"[3.193702,0.3288838,1.135132]",
8703,"[3.193753,0.3329571,1.141698]",
8704,"[3.171857,0.3230892,1.168941]",
8705,"[3.147959,0.3035913,1.184121]",
8706,"[3.059698,0.2242798,1.240184]",
8707,"[3.317669,0.5246572,1.424174]",
8708,"[3.295512,0.5596397,1.844035]",
8709,"[3.295766,0.5629514,1.872141]",
8710,"[3.264135,0.6002312,2.392097]",
8711,"[3.26145,0.6002312,2.41052]",
8712,"[3.261853,0.6002312,2.433337]",
8713,"[3.271766,0.6002312,2.49028]",
8714,"[3.274799,0.6002312,2.520135]",
8715,"[3.27871,0.6002312,2.522995]",
8716,"[3.280879,0.6002312,2.529498]",
8717,"[3.287058,0.6002312,2.501627]",
8718,"[3.290186,0.6002312,2.490857]",
8719,"[3.291781,0.6002312,2.486183]",
8720,"[3.299826,0.6002312,2.44471]",
8721,"[3.300695,0.5936825,2.417022]",
8722,"[3.300536,0.5862346,2.399479]",
8723,"[3.300328,0.5829717,2.376512]",
8724,"[3.299997,0.5783154,2.339922]",
8725,"[3.299861,0.5761627,2.324806]",
8726,"[3.299721,0.5732772,2.309372]",
8727,"[3.299572,0.5696325,2.292872]",
8728,"[3.299512,0.5683503,2.286272]",
8729,"[3.299399,0.5672776,2.273743]",
8730,"[3.29934,0.5680349,2.267256]",
8731,"[3.299256,0.5710486,2.257986]",
8732,"[3.299233,0.5722368,2.255404]",
8733,"[3.299179,0.5763938,2.249444]",
8734,"[3.299143,0.5815254,2.245503]",
8735,"[3.299111,0.5915923,2.24192]",
8736,"[3.005,0.6578813,2.481038]",
8737,"[3.005,0.6821239,2.487357]",
8738,"[3.005,0.8492415,2.500505]",
8739,"[3.005,0.8807008,2.503971]",
8740,"[2.965943,0.8988907,2.53139]",
8741,"[2.962806,0.8988907,2.53365]",
8742,"[2.949949,0.8988907,2.543644]",
8743,"[2.950164,0.8988907,2.545567]",
8744,"[2.948459,0.8988907,2.548822]",
8745,"[2.947394,0.8988907,2.551961]",
8746,"[2.947996,0.8988907,2.552627]",
8747,"[2.949312,0.8988907,2.552509]",
8748,"[2.956694,0.8988907,2.549192]",
8749,"[2.964841,0.8988907,2.542026]",
8750,"[2.967549,0.8988907,2.536918]",
8751,"[2.967446,0.8988907,2.53312]",
8752,"[2.908382,0.8988907,2.362302]",
8753,"[2.89537,0.8988907,2.346945]",
8754,"[2.886626,0.8988907,2.297179]",
8755,"[2.891302,0.8988907,2.277649]",
8756,"[2.89982,0.8988907,2.252242]",
8757,"[2.903775,0.8988907,2.241873]",
8758,"[2.912893,0.8988907,2.226758]",
8759,"[2.91861,0.8988907,2.201453]",
8760,"[2.370528,0.6298806,2.304369]",
8761,"[2.31871,0.585847,2.140056]",
8762,"[2.574597,0.7076609,2.039889]",
8763,"[2.65575,0.7249074,1.783258]",
8764,"[2.636811,0.713201,1.730946]",
8765,"[2.458843,0.6160836,1.650393]",
8766,"[2.45736,0.6160836,1.618436]",
8767,"[2.453747,0.6160836,1.594767]",
8768,"[2.454232,0.6160836,1.594282]",
8769,"[2.454018,0.6160836,1.592618]",
8770,"[2.455379,0.6160836,1.593971]",
8771,"[2.455256,0.6160836,1.593836]",
8772,"[2.37877,0.5806856,1.599775]",
8773,"[2.374904,0.5806856,1.60349]",
8774,"[2.63192,0.7369071,1.719026]",
8775,"[2.643727,0.7530602,1.752166]",
8776,"[2.650148,0.762794,1.770243]",
8777,"[2.702384,0.9313051,1.951063]",
8778,"[2.64062,0.922604,1.975123]",
8779,"[2.483463,0.8906101,2.038212]",
8780,"[2.050001,0.7464177,2.123432]",
8781,"[2.050001,0.775075,2.183962]",
8782,"[2.050001,0.7864727,2.213421]",
8783,"[2.050001,0.8042238,2.266346]",
8784,"[2.050001,0.8089168,2.284888]",
8785,"[2.050001,0.8096716,2.287012]",
8786,"[2.050001,0.8085027,2.285706]",
8787,"[2.050001,0.806463,2.282055]",
8788,"[2.050001,0.7877924,2.252025]",
8789,"[2.050001,0.772938,2.226236]",
8790,"[2.050001,0.7367571,2.148147]",
8791,"[2.050001,0.7237964,2.112008]",
8792,"[2.546491,0.8971946,2.014096]",
8793,"[2.706621,0.9419725,1.934805]",
8794,"[2.689397,0.9207048,1.886599]",
8795,"[2.652698,0.8608384,1.783023]",
8796,"[2.637289,0.8360706,1.739554]",
8797,"[2.049999,0.541683,1.592434]",
8798,"[2.05,0.5340636,1.573397]",
8799,"[2.233091,0.6002311,1.511477]",
8800,"[2.258317,0.6002311,1.450251]",
8801,"[2.607394,0.6864698,1.133025]",
8802,"[2.594844,0.6690961,1.063951]",
8803,"[3.064888,0.9206412,1.246882]",
8804,"[3.069402,0.9206412,1.186214]",
8805,"[3.070849,0.9206412,1.153764]",
8806,"[3.07431,0.9206412,1.113564]",
8807,"[3.076003,0.9206412,1.099501]",
8808,"[3.08815,0.9206412,1.087513]",
8809,"[3.11824,0.9206412,1.048401]",
8810,"[3.194967,0.9206412,0.9483382]",
8811,"[2.282845,0.3089907,0.04999934]",
8812,"[3.000529,0.7400681,0.6029561]",
8813,"[3.238101,0.8204753,0.6029561]",
8814,"[3.327942,0.8497813,0.6029561]",
8815,"[4.107144,0.9417992,0.3340315]",
8816,"[4.148761,0.9525781,0.3340316]",
8817,"[4.183748,0.9543234,0.3340316]",
8818,"[4.184045,0.9493542,0.3340316]",
8819,"[4.187044,0.9418226,0.3340316]",
8820,"[4.14942,0.9980045,0.5540206]",
8821,"[4.106798,0.9980045,0.607538]",
8822,"[4.085569,0.9980045,0.6487428]",
8823,"[4.052124,0.9980045,0.6759626]",
8824,"[4.016035,0.9980045,0.6934643]",
8825,"[4.005772,0.9980045,0.6983632]",
8826,"[4.001188,0.9980045,0.7026271]",
8827,"[3.989179,0.9980045,0.7118787]",
8828,"[3.977582,0.9955423,0.7229273]",
8829,"[3.971814,0.9910298,0.7183362]",
8830,"[3.968691,0.9872627,0.7158501]",
8831,"[3.960241,0.9733561,0.7091242]",
8832,"[3.956238,0.9634058,0.7059378]",
8833,"[3.954559,0.9393988,0.704601]",
8834,"[3.956125,0.9264262,0.7058474]",
8835,"[3.961192,0.9129891,0.7098815]",
8836,"[3.972203,0.7736204,0.6911662]",
8837,"[3.977715,0.7376075,0.6911662]",
8838,"[3.983665,0.6933256,0.6911662]",
8839,"[3.989839,0.6507287,0.6911662]",
8840,"[3.990553,0.6073497,0.6911662]",
8841,"[3.990901,0.5806073,0.6911662]",
8842,"[3.988599,0.5636413,0.6911662]",
8843,"[3.986821,0.5602245,0.6911662]",
8844,"[3.984098,0.5506684,0.6911662]",
8845,"[3.982374,0.5546324,0.6911662]",
8846,"[3.98013,0.5741769,0.6911662]",
8847,"[3.977485,0.5924343,0.6911662]",
8848,"[3.976388,0.5965269,0.6911662]",
8849,"[3.97435,0.6006095,0.6911662]",
8850,"[3.97282,0.5891278,0.6911662]",
8851,"[3.97191,0.5763066,0.6911662]",
8852,"[3.972365,0.5574441,0.6911662]",
8853,"[3.973452,0.5538652,0.6911662]",
8854,"[3.974925,0.5496659,0.6911662]",
8855,"[3.975359,0.549821,0.6911662]",
8856,"[3.976224,0.5509493,0.6911662]",
8857,"[3.976727,0.5529902,0.6911662]",
8858,"[3.978406,0.5617684,0.6911662]",
8859,"[3.979169,0.565591,0.6911662]",
8860,"[3.980418,0.5692053,0.6911662]",
8861,"[3.981311,0.5693432,0.6911662]",
8862,"[3.983626,0.5680023,0.6911662]",
8863,"[3.98293,0.4838515,0.6911662]",
8864,"[3.982968,0.4516162,0.6911662]",
8865,"[3.983778,0.4112241,0.6911662]",
8866,"[3.984483,0.3948174,0.6911662]",
8867,"[3.985126,0.3870823,0.6911662]",
8868,"[3.986,0.3808127,0.6911662]",
8869,"[3.987301,0.3745268,0.6911662]",
8870,"[3.988968,0.3670503,0.6911662]",
8871,"[3.989598,0.36477,0.6911662]",
8872,"[3.991936,0.360275,0.6911662]",
8873,"[3.993015,0.3581582,0.6911662]",
8874,"[3.994142,0.3558056,0.6911662]",
8875,"[3.994725,0.355284,0.6911662]",
8876,"[3.995704,0.3553442,0.6911662]",
8877,"[3.996182,0.3556526,0.6911662]",
8878,"[3.996141,0.3563524,0.6911662]",
8879,"[3.99609,0.3577372,0.6911662]",
8880,"[3.995839,0.3582428,0.6911662]",
8881,"[3.995277,0.3598767,0.6911662]",
8882,"[3.994928,0.3620318,0.6911662]",
8883,"[3.994978,0.3651822,0.6911662]",
8884,"[3.995034,0.3668769,0.6911662]",
8885,"[3.995183,0.3701598,0.6911662]",
8886,"[3.995249,0.3716885,0.6911662]",
8887,"[3.994158,0.374744,0.6911662]",
8888,"[3.993615,0.3763424,0.6911662]",
8889,"[3.99296,0.3782664,0.6911662]",
8890,"[3.99604,0.4704768,0.6911662]",
8891,"[3.999197,0.5424334,0.6911662]",
8892,"[4.000844,0.5820442,0.6911662]",
8893,"[4.001012,0.5914974,0.6911662]",
8894,"[4.001318,0.6036508,0.6911662]",
8895,"[4.001438,0.6077931,0.6911662]",
8896,"[4.001522,0.6118578,0.6911662]",
8897,"[4.001862,0.618081,0.6911662]",
8898,"[4.002311,0.6229073,0.6911662]",
8899,"[4.003101,0.6306488,0.6911662]",
8900,"[4.003509,0.6341006,0.6911662]",
8901,"[4.003909,0.6372733,0.6911662]",
8902,"[4.00449,0.6420767,0.6911662]",
8903,"[4.004691,0.6443719,0.6911662]",
8904,"[4.004927,0.6483294,0.6911662]",
8905,"[4.005004,0.650044,0.6911662]",
8906,"[4.004586,0.6530842,0.6911662]",
8907,"[4.004126,0.6562757,0.6911662]",
8908,"[3.995259,0.807112,0.6354014]",
8909,"[4.001707,0.908172,0.7421309]",
8910,"[4.000253,0.9329436,0.7409739]",
8911,"[3.999746,0.9386117,0.7405704]",
8912,"[3.998989,0.9448069,0.7399676]",
8913,"[3.99866,0.9464804,0.7397061]",
8914,"[3.998383,0.947688,0.7394851]",
8915,"[3.997825,0.9494726,0.7390416]",
8916,"[3.997514,0.9503617,0.7387941]",
8917,"[3.997365,0.9519638,0.7386747]",
8918,"[3.997457,0.9527718,0.7387481]",
8919,"[3.997609,0.9541845,0.7388692]",
8920,"[3.997666,0.9548494,0.7389146]",
8921,"[3.997719,0.9553582,0.7389564]",
8922,"[4.020231,0.9621781,0.7568762]",
8923,"[4.026042,0.9640289,0.7615016]",
8924,"[4.034213,0.9666956,0.7680061]",
8925,"[4.037029,0.9676085,0.7702476]",
8926,"[4.039305,0.9683159,0.7720597]",
8927,"[4.043088,0.9702774,0.7750706]",
8928,"[4.044759,0.9712974,0.7764011]",
8929,"[4.047538,0.9730809,0.778613]",
8930,"[4.048518,0.973695,0.7793928]",
8931,"[4.050271,0.9746789,0.780788]",
8932,"[4.051044,0.9746938,0.7814043]",
8933,"[4.050181,0.9732835,0.7807168]",
8934,"[4.049641,0.972272,0.7802868]",
8935,"[4.037272,0.9631634,0.7704416]",
8936,"[4.029444,0.9573368,0.76421]",
8937,"[4.020851,0.9507045,0.75737]",
8938,"[4.016411,0.9462674,0.7538357]",
8939,"[4.012639,0.9413621,0.7508328]",
8940,"[4.010747,0.9385691,0.7493274]",
8941,"[4.008811,0.9354972,0.7477859]",
8942,"[4.005125,0.9286751,0.7448522]",
8943,"[3.995036,0.807112,0.6585107]",
8944,"[3.992461,0.7633134,0.6911662]",
8945,"[3.991001,0.7407277,0.6911662]",
8946,"[3.989757,0.7275442,0.6911662]",
8947,"[3.988012,0.7114269,0.6911662]",
8948,"[3.987538,0.7068875,0.6911662]",
8949,"[3.986934,0.7016582,0.6911662]",
8950,"[3.986687,0.7000071,0.6911662]",
8951,"[3.986572,0.697781,0.6911662]",
8952,"[3.986659,0.6968102,0.6911662]",
8953,"[3.986643,0.6962211,0.6911662]",
8954,"[3.986688,0.6954061,0.6911662]",
8955,"[3.98674,0.694818,0.6911662]",
8956,"[3.98681,0.6941704,0.6911662]",
8957,"[3.986904,0.6933699,0.6911662]",
8958,"[3.986967,0.6923807,0.6911662]",
8959,"[3.986978,0.6918362,0.6911662]",
8960,"[3.986946,0.6905336,0.6911662]",
8961,"[3.98691,0.6898056,0.6911662]",
8962,"[3.986871,0.6891857,0.6911662]",
8963,"[3.986623,0.6879606,0.6911662]",
8964,"[3.98649,0.6874015,0.6911662]",
8965,"[3.986314,0.6867004,0.6911662]",
8966,"[3.986266,0.6866259,0.6911662]",
8967,"[3.986173,0.6865041,0.6911662]",
8968,"[3.986156,0.6864795,0.6911662]",
8969,"[3.986142,0.6864664,0.6911662]",
8970,"[3.986137,0.6862985,0.6911662]",
8971,"[3.986142,0.6862673,0.6911662]",
8972,"[3.986157,0.686268,0.6911662]",
8973,"[3.986161,0.6861646,0.6911662]",
8974,"[3.986058,0.6859076,0.6911662]",
8975,"[3.985969,0.6858165,0.6911662]",
8976,"[3.985758,0.6857238,0.6911662]",
8977,"[3.985645,0.6857402,0.6911662]",
8978,"[3.985399,0.685867,0.6911662]",
8979,"[3.985319,0.685895,0.6911662]",
8980,"[3.985231,0.6859675,0.6911662]",
8981,"[3.985031,0.6862525,0.6911662]",
8982,"[3.985041,0.6862788,0.6911662]",
8983,"[3.985132,0.6864639,0.6911662]",
8984,"[3.985215,0.686613,0.6911662]",
8985,"[3.985438,0.6869015,0.6911662]",
8986,"[3.985626,0.6870351,0.6911662]",
8987,"[3.985856,0.6872366,0.6911662]",
8988,"[3.986874,0.6875405,0.6911662]",
8989,"[3.987646,0.6878812,0.6911662]",
8990,"[3.9895,0.688578,0.6911662]",
8991,"[3.990595,0.6892439,0.6911662]",
8992,"[3.99324,0.6916727,0.6911662]",
8993,"[3.993852,0.6981915,0.6911662]",
8994,"[3.994768,0.7108686,0.6911662]",
8995,"[3.995198,0.7171349,0.6911662]",
8996,"[3.995781,0.7215837,0.6911662]",
8997,"[3.997973,0.7319951,0.6911662]",
8998,"[3.99882,0.7351606,0.6911662]",
8999,"[4.000204,0.7395738,0.6911662]",
9000,"[4.000837,0.7411342,0.6911662]",
9001,"[4.001537,0.7429029,0.6911662]",
9002,"[4.001632,0.7432977,0.6911662]",
9003,"[4.001752,0.7435175,0.6911662]",
9004,"[4.002043,0.7435594,0.6911662]",
9005,"[4.002256,0.7434241,0.6911662]",
9006,"[4.026389,0.7208529,0.6911662]",
9007,"[4.041107,0.7095979,0.6911662]",
9008,"[4.05262,0.707013,0.6911662]",
9009,"[4.052886,0.7076371,0.6911662]",
9010,"[4.053251,0.7121484,0.6911662]",
9011,"[4.053357,0.7172513,0.6911662]",
9012,"[4.050599,0.7216676,0.6911662]",
9013,"[4.044983,0.7274311,0.6911662]",
9014,"[4.04255,0.7308917,0.6911662]",
9015,"[4.038755,0.735165,0.6911662]",
9016,"[4.03545,0.7372761,0.6911662]",
9017,"[4.027865,0.7415626,0.6911662]",
9018,"[4.024087,0.7419931,0.6911662]",
9019,"[4.016409,0.742642,0.6911662]",
9020,"[4.012108,0.7411703,0.6911662]",
9021,"[3.990707,0.7413089,0.6911662]",
9022,"[3.966799,0.7469772,0.6911662]",
9023,"[3.957632,0.7505903,0.6911662]",
9024,"[3.94581,0.7526121,0.6911662]",
9025,"[3.940711,0.7522229,0.6911662]",
9026,"[3.932301,0.7505738,0.6911662]",
9027,"[3.929461,0.7491443,0.6911662]",
9028,"[3.926263,0.7461145,0.6911662]",
9029,"[3.924768,0.7442428,0.6911662]",
9030,"[3.923223,0.7434386,0.6911662]",
9031,"[3.92065,0.7405242,0.6911662]",
9032,"[3.924681,0.7277737,0.6911662]",
9033,"[3.929312,0.7154602,0.6911662]",
9034,"[3.92968,0.7154551,0.6911662]",
9035,"[3.941232,0.6884716,0.6911662]",
9036,"[3.946731,0.6754789,0.6911662]",
9037,"[3.951892,0.6659004,0.6911662]",
9038,"[3.957946,0.6558829,0.6911662]",
9039,"[3.959043,0.6558599,0.6911662]",
9040,"[3.961231,0.6457518,0.6911662]",
9041,"[3.961092,0.6458794,0.6911662]",
9042,"[3.961435,0.6474293,0.6911662]",
9043,"[3.963431,0.6485729,0.6911662]",
9044,"[3.96648,0.6486446,0.6911662]",
9045,"[3.971638,0.6480731,0.6911662]",
9046,"[3.973289,0.637274,0.6911662]",
9047,"[3.975081,0.6407419,0.6911662]",
9048,"[3.975504,0.6412699,0.6911662]",
9049,"[3.976973,0.6564664,0.6911662]",
9050,"[3.977952,0.6610072,0.6911662]",
9051,"[3.979519,0.6645495,0.6911662]",
9052,"[3.980677,0.6659976,0.6911662]",
9053,"[3.981758,0.6667255,0.6911662]",
9054,"[3.99483,0.6696345,0.6911662]",
9055,"[4.003987,0.6709523,0.6911662]",
9056,"[4.018701,0.6727789,0.6911662]",
9057,"[4.023633,0.673689,0.6911662]",
9058,"[4.033405,0.6784673,0.6911662]",
9059,"[4.036157,0.6808998,0.6911662]",
9060,"[4.038802,0.6887284,0.6911662]",
9061,"[4.039119,0.6924032,0.6911662]",
9062,"[4.039344,0.6955965,0.6911662]",
9063,"[4.03864,0.7014878,0.6911662]",
9064,"[4.03808,0.7045034,0.6911662]",
9065,"[4.038651,0.709174,0.6911662]",
9066,"[4.039104,0.7111754,0.6911662]",
9067,"[4.039908,0.7132566,0.6911662]",
9068,"[4.039979,0.7137569,0.6911662]",
9069,"[4.039709,0.7136222,0.6911662]",
9070,"[4.039513,0.7132494,0.6911662]",
9071,"[4.039266,0.7126243,0.6911662]",
9072,"[4.038932,0.7116268,0.6911662]",
9073,"[4.038934,0.7109816,0.6911662]",
9074,"[4.040301,0.7083997,0.6911662]",
9075,"[4.041736,0.7065222,0.6911662]",
9076,"[4.043019,0.7051399,0.6911662]",
9077,"[4.046134,0.7024434,0.6911662]",
9078,"[4.047374,0.7014099,0.6911662]",
9079,"[4.049603,0.7005066,0.6911662]",
9080,"[4.050723,0.7000586,0.6911662]",
9081,"[4.054843,0.6980227,0.6911662]",
9082,"[4.05788,0.696223,0.6911662]",
9083,"[4.115448,0.6786987,0.6911662]",
9084,"[4.127869,0.675446,0.6911662]",
9085,"[4.144067,0.6712666,0.6911662]",
9086,"[4.150812,0.6695298,0.6911662]",
9087,"[4.153971,0.6685262,0.6911662]",
9088,"[4.159481,0.6674286,0.6911662]",
9089,"[4.162051,0.6671097,0.6911662]",
9090,"[4.164567,0.6672827,0.6911662]",
9091,"[4.166583,0.6672097,0.6911662]",
9092,"[4.170005,0.6667355,0.6911662]",
9093,"[4.17184,0.6667012,0.6911662]",
9094,"[4.173143,0.6669403,0.6911662]",
9095,"[4.173141,0.6667435,0.6911662]",
9096,"[4.174862,0.6670233,0.6911662]",
9097,"[4.172881,0.6671549,0.6911662]",
9098,"[4.171587,0.6676142,0.6911662]",
9099,"[4.17006,0.6684674,0.6911662]",
9100,"[4.169052,0.6688539,0.6911662]",
9101,"[4.166877,0.669371,0.6911662]",
9102,"[4.16556,0.6692688,0.6911662]",
9103,"[4.122687,0.6742216,0.6911662]",
9104,"[4.110699,0.6751008,0.6911662]",
9105,"[4.10425,0.6752439,0.6911662]",
9106,"[4.094746,0.6743194,0.6911662]",
9107,"[4.08918,0.6734028,0.6911662]",
9108,"[4.078005,0.6726993,0.6911662]",
9109,"[4.073427,0.6711157,0.6911662]",
9110,"[4.065195,0.6710875,0.6911662]",
9111,"[4.061432,0.6711972,0.6911662]",
9112,"[4.057157,0.6751764,0.6911662]",
9113,"[4.050752,0.6790512,0.6911662]",
9114,"[4.045983,0.6794078,0.6911662]",
9115,"[4.040409,0.6817745,0.6911662]",
9116,"[4.034742,0.6826699,0.6911662]",
9117,"[4.026162,0.6882541,0.6911662]",
9118,"[4.020167,0.6895853,0.6911662]",
9119,"[4.016217,0.6901798,0.6911662]",
9120,"[4.016773,0.6906619,0.6911662]",
9121,"[4.02061,0.6908153,0.6911662]",
9122,"[4.024371,0.6920385,0.6911662]",
9123,"[4.028343,0.6938715,0.6911662]",
9124,"[4.033923,0.6974381,0.6911662]",
9125,"[4.036637,0.7000027,0.6911662]",
9126,"[4.036635,0.7057313,0.6911662]",
9127,"[4.036567,0.7077314,0.6911662]",
9128,"[4.036211,0.7121997,0.6911662]",
9129,"[4.035763,0.7134959,0.6911662]",
9130,"[4.035919,0.7144744,0.6911662]",
9131,"[4.037555,0.7147479,0.6911662]",
9132,"[4.037783,0.7109026,0.6911662]",
9133,"[4.037995,0.7036952,0.6911662]",
9134,"[4.03832,0.7037829,0.6911662]",
9135,"[4.037272,0.7093378,0.6911662]",
9136,"[4.037895,0.7120109,0.6911662]",
9137,"[4.039581,0.7146993,0.6911662]",
9138,"[4.042945,0.717887,0.6911662]",
9139,"[4.044991,0.7194141,0.6911662]",
9140,"[4.049826,0.7240059,0.6911662]",
9141,"[4.052674,0.727755,0.6911662]",
9142,"[4.057621,0.7339557,0.6911662]",
9143,"[4.059747,0.7365499,0.6911662]",
9144,"[4.063293,0.7408569,0.6911662]",
9145,"[4.064233,0.7421261,0.6911662]",
9146,"[4.065315,0.7435578,0.6911662]",
9147,"[4.06553,0.7461679,0.6911662]",
9148,"[4.065786,0.7479572,0.6911662]",
9149,"[4.066287,0.7450509,0.6911662]",
9150,"[4.066582,0.7405826,0.6911662]",
9151,"[4.069603,0.7320035,0.6911662]",
9152,"[4.071788,0.7280755,0.6911662]",
9153,"[4.075239,0.7225431,0.6911662]",
9154,"[4.074094,0.722013,0.6911662]",
9155,"[4.07296,0.7214817,0.6911662]",
9156,"[4.071038,0.7204494,0.6911662]",
9157,"[4.071356,0.7193588,0.6911662]",
9158,"[4.071605,0.7189149,0.6911662]",
9159,"[4.071503,0.7195245,0.6911662]",
9160,"[4.071398,0.7211815,0.6911662]",
9161,"[4.071135,0.7222505,0.6911662]",
9162,"[4.069,0.7241522,0.6911662]",
9163,"[4.062541,0.7284343,0.6911662]",
9164,"[4.058893,0.7304728,0.6911662]",
9165,"[4.052081,0.7332923,0.6911662]",
9166,"[4.048765,0.732055,0.6911662]",
9167,"[4.043364,0.7302636,0.6911662]",
9168,"[4.041244,0.7297409,0.6911662]",
9169,"[4.039951,0.7289376,0.6911662]",
9170,"[4.038028,0.7262333,0.6911662]",
9171,"[4.03821,0.7241303,0.6911662]",
9172,"[4.038946,0.7200942,0.6911662]",
9173,"[4.039164,0.718325,0.6911662]",
9174,"[4.04144,0.7119844,0.6911662]",
9175,"[4.041861,0.7100502,0.6911662]",
9176,"[4.040834,0.7080278,0.6911662]",
9177,"[4.039823,0.7074953,0.6911662]",
9178,"[4.037097,0.7059937,0.6911662]",
9179,"[4.036498,0.7052183,0.6911662]",
9180,"[4.03593,0.7042832,0.6911662]",
9181,"[4.035674,0.7029935,0.6911662]",
9182,"[4.035955,0.7028745,0.6911662]",
9183,"[4.037426,0.7028094,0.6911662]",
9184,"[4.038652,0.7028946,0.6911662]",
9185,"[4.040715,0.7034559,0.6911662]",
9186,"[4.042143,0.7040219,0.6911662]",
9187,"[4.043264,0.7045041,0.6911662]",
9188,"[4.044756,0.705238,0.6911662]",
9189,"[4.04546,0.7057497,0.6911662]",
9190,"[4.046359,0.7066224,0.6911662]",
9191,"[4.046713,0.707014,0.6911662]",
9192,"[4.047185,0.7071542,0.6911662]",
9193,"[4.047392,0.7072167,0.6911662]",
9194,"[4.047629,0.7070777,0.6911662]",
9195,"[4.047542,0.7067601,0.6911662]",
9196,"[4.047594,0.7060332,0.6911662]",
9197,"[4.047761,0.7044165,0.6911662]",
9198,"[4.042992,0.5853687,0.6911662]",
9199,"[4.042834,0.5417029,0.6911662]",
9200,"[4.043071,0.5268031,0.6911662]",
9201,"[4.043497,0.5116779,0.6911662]",
9202,"[4.043715,0.5061745,0.6911662]",
9203,"[4.044064,0.4941484,0.6911662]",
9204,"[4.04426,0.4896891,0.6911662]",
9205,"[4.044641,0.48432,0.6911662]",
9206,"[4.0458,0.476577,0.6911662]",
9207,"[4.046311,0.4743811,0.6911662]",
9208,"[4.046802,0.4711398,0.6911662]",
9209,"[4.047065,0.4696,0.6911662]",
9210,"[4.04766,0.4663177,0.6911662]",
9211,"[4.048115,0.464713,0.6911662]",
9212,"[4.048242,0.4635026,0.6911662]",
9213,"[4.048543,0.4614056,0.6911662]",
9214,"[4.048995,0.460036,0.6911662]",
9215,"[4.04925,0.4593553,0.6911662]",
9216,"[4.04925,0.4593553,0.6911662]",
9217,"[4.048762,0.4593999,0.6911662]",
9218,"[4.047056,0.4601208,0.6911662]",
9219,"[4.047056,0.4601208,0.6911662]",
9220,"[4.045049,0.4613945,0.6911662]",
9221,"[4.020558,0.5094327,0.6911662]",
9222,"[4.015433,0.5201581,0.6911662]",
9223,"[4.014798,0.6110591,0.6911662]",
9224,"[4.014545,0.6425384,0.6911662]",
9225,"[4.018732,0.6528987,0.6911662]",
9226,"[4.018732,0.6528987,0.6911662]",
9227,"[4.022905,0.658266,0.6911662]",
9228,"[4.025796,0.6605513,0.6911662]",
9229,"[4.025796,0.6605513,0.6911662]",
9230,"[4.027535,0.6618277,0.6911662]",
9231,"[4.0288,0.6630034,0.6911662]",
9232,"[4.029924,0.664166,0.6911662]",
9233,"[4.030272,0.6643605,0.6911662]",
9234,"[4.030738,0.664752,0.6911662]",
9235,"[4.030738,0.664752,0.6911662]",
9236,"[4.041207,0.4274946,0.6911662]",
9237,"[4.035743,0.3514279,0.6911662]",
9238,"[4.033344,0.3339714,0.6911662]",
9239,"[4.032488,0.3274264,0.6911662]",
9240,"[4.031392,0.320526,0.6911662]",
9241,"[4.030858,0.315258,0.6911662]",
9242,"[4.030397,0.308393,0.6911662]",
9243,"[4.029967,0.3039638,0.6911662]",
9244,"[4.029183,0.3001202,0.6911662]",
9245,"[4.029183,0.3001202,0.6911662]",
9246,"[4.028011,0.294751,0.6911662]",
9247,"[4.027709,0.2918044,0.6911662]",
9248,"[4.028031,0.2904263,0.6911662]",
9249,"[4.028477,0.2893911,0.6911662]",
9250,"[4.029404,0.2870724,0.6911662]",
9251,"[4.02994,0.2832061,0.6911662]",
9252,"[4.030485,0.2807526,0.6911662]",
9253,"[4.031038,0.2792105,0.6911662]",
9254,"[4.031728,0.2777645,0.6911662]",
9255,"[4.032325,0.2775064,0.6911662]",
9256,"[4.033096,0.2767398,0.6911662]",
9257,"[4.033364,0.2764197,0.6911662]",
9258,"[4.033662,0.2757234,0.6911662]",
9259,"[4.03391,0.2750658,0.6911662]",
9260,"[4.034246,0.2742,0.6911662]",
9261,"[4.036278,0.2723065,0.6911662]",
9262,"[4.038298,0.2714363,0.6911662]",
9263,"[4.040006,0.2713402,0.6911662]",
9264,"[4.04185,0.2714758,0.6911662]",
9265,"[4.045858,0.2737083,0.6911662]",
9266,"[4.048381,0.2761042,0.6911662]",
9267,"[4.050646,0.2784661,0.6911662]",
9268,"[4.057005,0.3307724,0.6911662]",
9269,"[4.058393,0.3448075,0.6911662]",
9270,"[4.061092,0.654579,0.6911662]",
9271,"[4.061102,0.6546148,0.6911662]",
9272,"[4.061053,0.6557001,0.6911662]",
9273,"[4.060931,0.6566727,0.6911662]",
9274,"[4.061152,0.6575023,0.6911662]",
9275,"[4.061315,0.657575,0.6911662]",
9276,"[4.06166,0.6582254,0.6911662]",
9277,"[4.062584,0.6585304,0.6911662]",
9278,"[4.064701,0.6578554,0.6911662]",
9279,"[4.06814,0.6562657,0.6911662]",
9280,"[4.071441,0.6549343,0.6911662]",
9281,"[4.079234,0.6535775,0.6911662]",
9282,"[4.085816,0.6538384,0.6911662]",
9283,"[4.088553,0.6558306,0.6911662]",
9284,"[4.090385,0.6574528,0.6911662]",
9285,"[4.092517,0.6593362,0.6911662]",
9286,"[4.092378,0.6601889,0.6911662]",
9287,"[4.090651,0.6610832,0.6911662]",
9288,"[4.090651,0.6610832,0.6911662]",
9289,"[4.090651,0.6610832,0.6911662]",
9290,"[4.090651,0.6610832,0.6911662]",
9291,"[4.090651,0.6610832,0.6911662]",
9292,"[4.090651,0.6610832,0.6911662]",
9293,"[4.090651,0.6610832,0.6911662]",
9294,"[4.066715,0.6860908,0.6911662]",
9295,"[4.066715,0.6860908,0.6911662]",
9296,"[4.066715,0.6860908,0.6911662]",
9297,"[4.059553,0.6905423,0.6911662]",
9298,"[4.046849,0.6942923,0.6911662]",
9299,"[4.041876,0.6958578,0.6911662]",
9300,"[4.038479,0.6969458,0.6911662]",
9301,"[4.032827,0.6993051,0.6911662]",
9302,"[4.031236,0.6999829,0.6911662]",
9303,"[4.028815,0.7004467,0.6911662]",
9304,"[4.029407,0.7001952,0.6911662]",
9305,"[4.029572,0.7001367,0.6911662]",
9306,"[4.029738,0.699972,0.6911662]",
9307,"[4.030176,0.6995888,0.6911662]",
9308,"[4.031188,0.6987683,0.6911662]",
9309,"[4.031445,0.6982375,0.6911662]",
9310,"[4.031141,0.6967004,0.6911662]",
9311,"[4.031651,0.6959596,0.6911662]",
9312,"[4.031833,0.6948122,0.6911662]",
9313,"[4.035243,0.691203,0.6911662]",
9314,"[4.039655,0.6871361,0.6911662]",
9315,"[4.042618,0.6854243,0.6911662]",
9316,"[4.045581,0.6836455,0.6911662]",
9317,"[4.058938,0.6412532,0.6911662]",
9318,"[4.06458,0.6125706,0.6911662]",
9319,"[4.066219,0.6053979,0.6911662]",
9320,"[4.067691,0.6001155,0.6911662]",
9321,"[4.067691,0.6001155,0.6911662]",
9322,"[4.067691,0.6001155,0.6911662]",
9323,"[4.067691,0.6001155,0.6911662]",
9324,"[4.067691,0.6001155,0.6911662]",
9325,"[4.067691,0.6001155,0.6911662]",
9326,"[4.067691,0.6001155,0.6911662]",
9327,"[4.067691,0.6001155,0.6911662]",
9328,"[4.067691,0.6001155,0.6911662]",
9329,"[4.067691,0.6001155,0.6911662]",
9330,"[4.067691,0.6001155,0.6911662]",
9331,"[4.067691,0.6001155,0.6911662]",
9332,"[4.067691,0.6001155,0.6911662]",
9333,"[4.067691,0.6001155,0.6911662]",
9334,"[4.067691,0.6001155,0.6911662]",
9335,"[4.067691,0.6001155,0.6911662]",
9336,"[4.069563,0.593217,0.6911662]",
9337,"[4.069563,0.593217,0.6911662]",
9338,"[4.069563,0.593217,0.6911662]",
9339,"[4.069563,0.593217,0.6911662]",
9340,"[4.069563,0.593217,0.6911662]",
9341,"[4.069563,0.593217,0.6911662]",
9342,"[4.069563,0.593217,0.6911662]",
9343,"[4.069563,0.593217,0.6911662]",
9344,"[4.069563,0.593217,0.6911662]",
9345,"[4.071167,0.6591183,0.6911662]",
9346,"[4.071167,0.6591183,0.6911662]",
9347,"[4.071167,0.6591183,0.6911662]",
9348,"[4.071167,0.6591183,0.6911662]",
9349,"[4.071167,0.6591183,0.6911662]",
9350,"[4.071167,0.6591183,0.6911662]",
9351,"[4.097812,0.6774707,0.6911662]",
9352,"[4.097812,0.6774707,0.6911662]",
9353,"[4.097812,0.6774707,0.6911662]",
9354,"[4.097812,0.6774707,0.6911662]",
9355,"[4.097812,0.6774707,0.6911662]",
9356,"[4.097812,0.6774707,0.6911662]",
9357,"[4.096664,0.6681764,0.6911662]",
9358,"[4.096664,0.6681764,0.6911662]",
9359,"[4.096664,0.6681764,0.6911662]",
9360,"[4.096664,0.6681764,0.6911662]",
9361,"[4.091846,0.63493,0.6911662]",
9362,"[4.091846,0.63493,0.6911662]",
9363,"[4.091846,0.63493,0.6911662]",
9364,"[4.091846,0.63493,0.6911662]",
9365,"[4.091846,0.63493,0.6911662]",
9366,"[4.091846,0.63493,0.6911662]",
9367,"[4.088823,0.6250785,0.6911662]",
9368,"[4.088823,0.6250785,0.6911662]",
9369,"[4.088823,0.6250785,0.6911662]",
9370,"[4.088823,0.6250785,0.6911662]",
9371,"[4.088823,0.6250785,0.6911662]",
9372,"[4.088823,0.6250785,0.6911662]",
9373,"[4.077512,0.6442018,0.6911662]",
9374,"[4.077512,0.6442018,0.6911662]",
9375,"[4.077512,0.6442018,0.6911662]",
9376,"[4.077512,0.6442018,0.6911662]",
9377,"[4.077512,0.6442018,0.6911662]",
9378,"[4.077512,0.6442018,0.6911662]",
9379,"[4.075476,0.649803,0.6911662]",
9380,"[4.075476,0.649803,0.6911662]",
9381,"[4.075476,0.649803,0.6911662]",
9382,"[4.075476,0.649803,0.6911662]",
9383,"[4.075476,0.649803,0.6911662]",
9384,"[4.075476,0.649803,0.6911662]",
9385,"[4.071767,0.6545364,0.6911662]",
9386,"[4.071767,0.6545364,0.6911662]",
9387,"[4.071767,0.6545364,0.6911662]",
9388,"[4.071767,0.6545364,0.6911662]",
9389,"[4.048756,0.6462777,0.6911662]",
9390,"[4.048756,0.6462777,0.6911662]",
9391,"[4.048756,0.6462777,0.6911662]",
9392,"[4.048756,0.6462777,0.6911662]",
9393,"[4.048756,0.6462777,0.6911662]",
9394,"[4.048756,0.6462777,0.6911662]",
9395,"[4.039692,0.6424965,0.6911662]",
9396,"[4.039692,0.6424965,0.6911662]",
9397,"[4.039692,0.6424965,0.6911662]",
9398,"[4.039692,0.6424965,0.6911662]",
9399,"[4.039692,0.6424965,0.6911662]",
9400,"[4.039692,0.6424965,0.6911662]",
9401,"[4.033557,0.6399181,0.6911662]",
9402,"[4.033557,0.6399181,0.6911662]",
9403,"[4.033557,0.6399181,0.6911662]",
9404,"[4.033557,0.6399181,0.6911662]",
9405,"[4.033557,0.6399181,0.6911662]",
9406,"[4.033557,0.6399181,0.6911662]",
9407,"[4.033557,0.6399181,0.6911662]",
9408,"[4.02015,0.6344373,0.6911662]",
9409,"[4.02015,0.6344373,0.6911662]",
9410,"[4.02015,0.6344373,0.6911662]",
9411,"[4.02015,0.6344373,0.6911662]",
9412,"[4.010088,0.6310726,0.6911662]",
9413,"[4.010088,0.6310726,0.6911662]",
9414,"[4.010088,0.6310726,0.6911662]",
9415,"[4.010088,0.6310726,0.6911662]",
9416,"[4.010088,0.6310726,0.6911662]",
9417,"[4.006587,0.6297373,0.6911662]",
9418,"[4.006587,0.6297373,0.6911662]",
9419,"[4.006587,0.6297373,0.6911662]",
9420,"[4.006587,0.6297373,0.6911662]",
9421,"[4.006587,0.6297373,0.6911662]",
9422,"[4.006587,0.6297373,0.6911662]",
9423,"[4.002857,0.6280091,0.6911662]",
9424,"[4.002857,0.6280091,0.6911662]",
9425,"[4.002857,0.6280091,0.6911662]",
9426,"[4.002857,0.6280091,0.6911662]",
9427,"[4.002857,0.6280091,0.6911662]",
9428,"[4.002857,0.6280091,0.6911662]",
9429,"[4.088593,0.4610846,0.6911662]",
9430,"[4.088593,0.4610846,0.6911662]",
9431,"[4.088593,0.4610846,0.6911662]",
9432,"[4.088593,0.4610846,0.6911662]",
9433,"[4.088593,0.4610846,0.6911662]",
9434,"[4.088593,0.4610846,0.6911662]",
9435,"[4.088984,0.459156,0.6911662]",
9436,"[4.088984,0.459156,0.6911662]",
9437,"[4.088984,0.459156,0.6911662]",
9438,"[4.088984,0.459156,0.6911662]",
9439,"[4.089881,0.4574779,0.6911662]",
9440,"[4.089881,0.4574779,0.6911662]",
9441,"[4.089881,0.4574779,0.6911662]",
9442,"[4.089881,0.4574779,0.6911662]",
9443,"[4.089881,0.4574779,0.6911662]",
9444,"[4.089881,0.4574779,0.6911662]",
9445,"[4.089337,0.456394,0.6911662]",
9446,"[4.089337,0.456394,0.6911662]",
9447,"[4.089337,0.456394,0.6911662]",
9448,"[4.089337,0.456394,0.6911662]",
9449,"[4.089337,0.456394,0.6911662]",
9450,"[4.089337,0.456394,0.6911662]",
9451,"[4.089179,0.4549656,0.6911662]",
9452,"[4.089179,0.4549656,0.6911662]",
9453,"[4.089179,0.4549656,0.6911662]",
9454,"[4.089179,0.4549656,0.6911662]",
9455,"[4.089179,0.4549656,0.6911662]",
9456,"[4.154799,0.319039,0.6911662]",
9457,"[4.154799,0.319039,0.6911662]",
9458,"[4.154799,0.319039,0.6911662]",
9459,"[4.154799,0.319039,0.6911662]",
9460,"[4.154799,0.319039,0.6911662]",
9461,"[4.154799,0.319039,0.6911662]",
9462,"[4.158741,0.31089,0.6911662]",
9463,"[4.158741,0.31089,0.6911662]",
9464,"[4.158741,0.31089,0.6911662]",
9465,"[4.158741,0.31089,0.6911662]",
9466,"[4.165018,0.3009365,0.6911662]",
9467,"[4.165018,0.3009365,0.6911662]",
9468,"[4.165018,0.3009365,0.6911662]",
9469,"[4.165018,0.3009365,0.6911662]",
9470,"[4.168954,0.2949571,0.6911662]",
9471,"[4.168954,0.2949571,0.6911662]",
9472,"[4.168954,0.2949571,0.6911662]",
9473,"[4.171792,0.2908646,0.6911662]",
9474,"[4.171792,0.2908646,0.6911662]",
9475,"[4.171792,0.2908646,0.6911662]",
9476,"[4.171792,0.2908646,0.6911662]",
9477,"[4.171792,0.2908646,0.6911662]",
9478,"[4.171792,0.2908646,0.6911662]",
9479,"[4.173751,0.2888937,0.6911662]",
9480,"[4.173751,0.2888937,0.6911662]",
9481,"[4.173751,0.2888937,0.6911662]",
9482,"[4.173751,0.2888937,0.6911662]",
9483,"[4.173751,0.2888937,0.6911662]",
9484,"[4.173751,0.2888937,0.6911662]",
9485,"[4.173751,0.2888937,0.6911662]",
9486,"[4.173751,0.2888937,0.6911662]",
9487,"[4.173974,0.2869027,0.6911662]",
9488,"[4.173974,0.2869027,0.6911662]",
9489,"[4.173974,0.2869027,0.6911662]",
9490,"[4.173974,0.2869027,0.6911662]",
9491,"[4.173974,0.2869027,0.6911662]",
9492,"[4.173974,0.2869027,0.6911662]",
9493,"[4.173974,0.2869027,0.6911662]",
9494,"[4.090378,0.1450594,0.6911662]",
9495,"[4.090378,0.1450594,0.6911662]",
9496,"[4.090378,0.1450594,0.6911662]",
9497,"[4.090378,0.1450594,0.6911662]",
9498,"[4.090378,0.1450594,0.6911662]",
9499,"[4.090378,0.1450594,0.6911662]",
9500,"[4.090378,0.1450594,0.6911662]",
9501,"[4.090378,0.1450594,0.6911662]",
9502,"[4.085411,0.1387732,0.6911662]",
9503,"[4.085411,0.1387732,0.6911662]",
9504,"[4.085411,0.1387732,0.6911662]",
9505,"[4.085411,0.1387732,0.6911662]",
9506,"[4.085411,0.1387732,0.6911662]",
9507,"[4.085411,0.1387732,0.6911662]",
9508,"[4.085411,0.1387732,0.6911662]",
9509,"[4.078635,0.1338739,0.6911662]",
9510,"[4.078635,0.1338739,0.6911662]",
9511,"[4.078635,0.1338739,0.6911662]",
9512,"[4.078635,0.1338739,0.6911662]",
9513,"[4.078635,0.1338739,0.6911662]",
9514,"[4.078635,0.1338739,0.6911662]",
9515,"[4.030225,0.5583998,0.6911662]",
9516,"[4.030225,0.5583998,0.6911662]",
9517,"[4.030225,0.5583998,0.6911662]",
9518,"[4.030225,0.5583998,0.6911662]",
9519,"[4.030225,0.5583998,0.6911662]",
9520,"[4.030225,0.5583998,0.6911662]",
9521,"[4.030607,0.5583845,0.6911662]",
9522,"[4.030607,0.5583845,0.6911662]",
9523,"[4.030607,0.5583845,0.6911662]",
9524,"[4.030607,0.5583845,0.6911662]",
9525,"[4.030607,0.5583845,0.6911662]",
9526,"[4.030607,0.5583845,0.6911662]",
9527,"[4.030739,0.5584199,0.6911662]",
9528,"[4.030739,0.5584199,0.6911662]",
9529,"[4.030739,0.5584199,0.6911662]",
9530,"[4.030739,0.5584199,0.6911662]",
9531,"[4.030739,0.5584199,0.6911662]",
9532,"[4.030739,0.5584199,0.6911662]",
9533,"[4.030739,0.5584199,0.6911662]",
9534,"[4.030814,0.558416,0.6911662]",
9535,"[4.030814,0.558416,0.6911662]",
9536,"[4.030814,0.558416,0.6911662]",
9537,"[4.030814,0.558416,0.6911662]",
9538,"[4.030814,0.558416,0.6911662]",
9539,"[4.030814,0.558416,0.6911662]",
9540,"[3.980676,0.5659178,0.6911662]",
9541,"[3.980676,0.5659178,0.6911662]",
9542,"[3.980676,0.5659178,0.6911662]",
9543,"[3.980676,0.5659178,0.6911662]",
9544,"[3.980676,0.5659178,0.6911662]",
9545,"[3.980676,0.5659178,0.6911662]",
9546,"[3.968973,0.5654077,0.6911662]",
9547,"[3.968973,0.5654077,0.6911662]",
9548,"[3.968973,0.5654077,0.6911662]",
9549,"[3.968973,0.5654077,0.6911662]",
9550,"[3.968973,0.5654077,0.6911662]",
9551,"[3.968973,0.5654077,0.6911662]",
9552,"[3.968973,0.5654077,0.6911662]",
9553,"[3.959608,0.5653648,0.6911662]",
9554,"[3.959608,0.5653648,0.6911662]",
9555,"[3.959608,0.5653648,0.6911662]",
9556,"[3.959608,0.5653648,0.6911662]",
9557,"[4.031672,0.4814821,0.6911662]",
9558,"[4.031672,0.4814821,0.6911662]",
9559,"[4.037157,0.4735895,0.6911662]",
9560,"[4.040374,0.4668657,0.6911662]",
9561,"[4.041866,0.4614009,0.6911662]",
9562,"[4.041866,0.4614009,0.6911662]",
9563,"[4.042339,0.4563831,0.6911662]",
9564,"[4.042339,0.4563831,0.6911662]",
9565,"[4.041051,0.4509153,0.6911662]",
9566,"[4.035405,0.4544056,0.6911662]",
9567,"[3.998626,0.5643499,0.6911662]",
9568,"[3.996092,0.5700717,0.6911662]",
9569,"[3.992997,0.5757269,0.6911662]",
9570,"[3.990751,0.5802957,0.6911662]",
9571,"[3.987189,0.5884849,0.6911662]",
9572,"[3.985501,0.5926074,0.6911662]",
9573,"[3.983637,0.5968761,0.6911662]",
9574,"[3.982236,0.6006991,0.6911662]",
9575,"[3.981314,0.6028921,0.6911662]",
9576,"[3.981314,0.6028921,0.6911662]",
9577,"[3.972422,0.601468,0.6911662]",
9578,"[3.966932,0.600117,0.6911662]",
9579,"[3.96427,0.5993763,0.6911662]",
9580,"[3.963825,0.5984183,0.6911662]",
9581,"[3.963825,0.5984183,0.6911662]",
9582,"[3.963485,0.5965301,0.6911662]",
9583,"[3.962778,0.5949739,0.6911662]",
9584,"[3.962426,0.5935618,0.6911662]",
9585,"[3.962426,0.5935618,0.6911662]",
9586,"[3.962302,0.5927246,0.6911662]",
9587,"[3.962421,0.5916194,0.6911662]",
9588,"[3.961727,0.590548,0.6911662]",
9589,"[3.961433,0.5898975,0.6911662]",
9590,"[3.961433,0.5898975,0.6911662]",
9591,"[3.990901,0.5673995,0.6911662]",
9592,"[3.999829,0.5606884,0.6911662]",
9593,"[4.034952,0.5491229,0.6911662]",
9594,"[4.044057,0.5457815,0.6911662]",
9595,"[4.05205,0.5421876,0.6911662]",
9596,"[4.05205,0.5421876,0.6911662]",
9597,"[4.05086,0.5518182,0.6911662]",
9598,"[4.045621,0.5729388,0.6911662]",
9599,"[4.045621,0.5729388,0.6911662]",
9600,"[4.041548,0.5861933,0.6911662]",
9601,"[4.038936,0.5938742,0.6911662]",
9602,"[4.037688,0.5974961,0.6911662]",
9603,"[4.036273,0.6014293,0.6911662]",
9604,"[4.035394,0.6048048,0.6911662]",
9605,"[4.035394,0.6048048,0.6911662]",
9606,"[4.035454,0.6075017,0.6911662]",
9607,"[4.036522,0.6103377,0.6911662]",
9608,"[4.036522,0.6103377,0.6911662]",
9609,"[4.03769,0.6125789,0.6911662]",
9610,"[4.039004,0.6142825,0.6911662]",
9611,"[4.047604,0.6509266,0.6911662]",
9612,"[4.047604,0.6509266,0.6911662]",
9613,"[4.050277,0.6619123,0.6911662]",
9614,"[4.050277,0.6619123,0.6911662]",
9615,"[4.051195,0.6648741,0.6911662]",
9616,"[4.051443,0.6663917,0.6911662]",
9617,"[4.051591,0.6671632,0.6911662]",
9618,"[4.051581,0.6673559,0.6911662]",
9619,"[4.051575,0.667742,0.6911662]",
9620,"[4.113129,0.6804299,0.6911662]",
9621,"[4.113129,0.6804299,0.6911662]",
9622,"[4.138213,0.6862808,0.6911662]",
9623,"[4.240667,0.7138835,0.6911662]",
9624,"[4.240667,0.7138835,0.6911662]",
9625,"[4.248569,0.7162014,0.6915157]",
9626,"[4.248569,0.7162014,0.6915157]",
9627,"[4.248569,0.7162014,0.6915157]",
9628,"[4.240046,0.7126334,0.6911662]",
9629,"[4.240046,0.7126334,0.6911662]",
9630,"[4.216264,0.706936,0.6911662]",
9631,"[4.216264,0.706936,0.6911662]",
9632,"[4.204319,0.7025561,0.6911662]",
9633,"[4.198857,0.6993973,0.6911662]",
9634,"[4.191255,0.6957449,0.6911662]",
9635,"[4.191255,0.6957449,0.6911662]",
9636,"[4.110997,0.6097369,0.6911662]",
9637,"[4.1061,0.6069196,0.6911662]",
9638,"[4.102576,0.6051875,0.6911662]",
9639,"[4.09284,0.673676,0.6911662]",
9640,"[4.09202,0.6838009,0.6911662]",
9641,"[4.093032,0.6920866,0.6911662]",
9642,"[4.093796,0.6958785,0.6911662]",
9643,"[4.094701,0.6991113,0.6911662]",
9644,"[4.095366,0.7004265,0.6911662]",
9645,"[4.096089,0.7021891,0.6911662]",
9646,"[4.096089,0.7021891,0.6911662]",
9647,"[4.096539,0.7033495,0.6911662]",
9648,"[4.096619,0.703559,0.6911662]",
9649,"[4.096619,0.703559,0.6911662]",
9650,"[4.096608,0.703173,0.6911662]",
9651,"[4.096608,0.703173,0.6911662]",
9652,"[4.096578,0.7025838,0.6911662]",
9653,"[4.096539,0.7026223,0.6911662]",
9654,"[4.096539,0.7026223,0.6911662]",
9655,"[4.096385,0.7024309,0.6911662]",
9656,"[4.096385,0.7024309,0.6911662]",
9657,"[4.15624,0.506165,0.6911662]",
9658,"[4.157712,0.4809582,0.6911662]",
9659,"[4.15836,0.4711792,0.6911662]",
9660,"[4.15836,0.4711792,0.6911662]",
9661,"[4.02575,0.6517054,0.6911662]",
9662,"[4.023386,0.6594228,0.6911662]",
9663,"[4.023386,0.6594228,0.6911662]",
9664,"[4.02121,0.6652649,0.6911662]",
9665,"[4.017915,0.6711081,0.6911662]",
9666,"[4.016219,0.6734577,0.6911662]",
9667,"[4.01353,0.6752638,0.6911662]",
9668,"[4.012623,0.6752153,0.6911662]",
9669,"[4.010755,0.6750391,0.6911662]",
9670,"[4.010038,0.6747463,0.6911662]",
9671,"[4.00988,0.6737404,0.6911662]",
9672,"[4.010134,0.6728737,0.6911662]",
9673,"[4.010134,0.6728737,0.6911662]",
9674,"[4.012013,0.6699491,0.6911662]",
9675,"[4.014298,0.6663798,0.6911662]",
9676,"[4.035197,0.5643964,0.6911662]",
9677,"[4.035197,0.5643964,0.6911662]",
9678,"[4.034708,0.3871157,0.6911662]",
9679,"[4.034708,0.3871157,0.6911662]",
9680,"[4.033566,0.3825758,0.6911662]",
9681,"[4.033566,0.3825758,0.6911662]",
9682,"[4.033566,0.3825758,0.6911662]",
9683,"[4.028605,0.3598011,0.6911662]",
9684,"[4.028605,0.3598011,0.6911662]",
9685,"[4.027929,0.3456285,0.6911662]",
9686,"[4.032344,0.3180755,0.6911662]",
9687,"[4.032344,0.3180755,0.6911662]",
9688,"[4.032344,0.3180755,0.6911662]",
9689,"[4.037792,0.3019542,0.6911662]",
9690,"[4.037792,0.3019542,0.6911662]",
9691,"[4.059528,0.4427567,0.6911662]",
9692,"[4.059528,0.4427567,0.6911662]",
9693,"[4.060202,0.46904,0.6911662]",
9694,"[4.060202,0.46904,0.6911662]",
9695,"[4.063705,0.4883134,0.6911662]",
9696,"[4.063705,0.4883134,0.6911662]",
9697,"[4.066749,0.4981892,0.6911662]",
9698,"[4.066749,0.4981892,0.6911662]",
9699,"[4.064563,0.5082511,0.6911662]",
9700,"[4.062991,0.494854,0.6911662]",
9701,"[4.062991,0.494854,0.6911662]",
9702,"[4.057075,0.3397767,0.6911662]",
9703,"[4.054143,0.3152413,0.6911662]",
9704,"[4.052724,0.3113997,0.6911662]",
9705,"[4.050721,0.3102671,0.6911662]",
9706,"[4.048409,0.3178564,0.6911662]",
9707,"[4.046128,0.3255214,0.6911662]",
9708,"[4.040311,0.3393083,0.6911662]",
9709,"[4.037176,0.3454255,0.6911662]",
9710,"[4.036512,0.345346,0.6911662]",
9711,"[4.033426,0.357033,0.6911662]",
9712,"[4.028879,0.3720652,0.6911662]",
9713,"[4.028608,0.371844,0.6911662]",
9714,"[4.028089,0.3719133,0.6911662]",
9715,"[4.028089,0.3719133,0.6911662]",
9716,"[4.025639,0.3833234,0.6911662]",
9717,"[4.025639,0.3833234,0.6911662]",
9718,"[4.024327,0.3927097,0.6911662]",
9719,"[4.024327,0.3927097,0.6911662]",
9720,"[4.026714,0.5898345,0.6911662]",
9721,"[4.026714,0.5898345,0.6911662]",
9722,"[4.027225,0.614277,0.6911662]",
9723,"[4.027225,0.614277,0.6911662]",
9724,"[4.028338,0.6351213,0.6911662]",
9725,"[4.028338,0.6351213,0.6911662]",
9726,"[4.034521,0.636611,0.6911662]",
9727,"[4.034521,0.636611,0.6911662]",
9728,"[4.0401,0.6369167,0.6911662]",
9729,"[4.0401,0.6369167,0.6911662]",
9730,"[4.043844,0.6584508,0.6911662]",
9731,"[4.043844,0.6584508,0.6911662]",
9732,"[4.043844,0.6584508,0.6911662]",
9733,"[4.049679,0.656708,0.6911662]",
9734,"[4.049679,0.656708,0.6911662]",
9735,"[4.055168,0.6773891,0.6911662]",
9736,"[4.13154,0.8006787,0.6911662]",
9737,"[4.143758,0.903203,0.8552052]",
9738,"[4.143758,0.903203,0.8552052]",
9739,"[4.151859,0.9230707,0.8616531]",
9740,"[4.151859,0.9230707,0.8616531]",
9741,"[4.156099,0.9222518,0.8650281]",
9742,"[4.163828,0.9383995,0.8711809]",
9743,"[4.167892,0.9383867,0.8744152]",
9744,"[4.170909,0.9466996,0.876817]",
9745,"[4.172103,0.9469197,0.8777674]",
9746,"[4.172956,0.9590901,0.8784463]",
9747,"[4.148753,0.9853705,0.8591809]",
9748,"[4.143165,0.9977472,0.8547328]",
9749,"[4.136393,0.9980045,0.7810296]",
9750,"[4.131289,0.9980045,0.7155381]",
9751,"[4.127948,0.9980045,0.6669169]",
9752,"[4.124057,0.9980045,0.6092551]",
9753,"[4.121957,0.9980045,0.5699881]",
9754,"[4.120481,0.9980045,0.5433365]",
9755,"[4.120481,0.9980045,0.5433365]",
9756,"[4.120169,0.9980045,0.55343]",
9757,"[4.120169,0.9980045,0.55343]",
9758,"[4.117303,0.9980045,0.5826281]",
9759,"[4.117303,0.9980045,0.5826281]",
9760,"[4.116126,0.9980045,0.5897683]",
9761,"[4.116126,0.9980045,0.5897683]",
9762,"[4.116272,0.9980045,0.603182]",
9763,"[4.11807,0.9980045,0.6103518]",
9764,"[4.119715,0.9980045,0.6129873]",
9765,"[4.154611,0.9980045,0.6210663]",
9766,"[4.154611,0.9980045,0.6210663]",
9767,"[4.173311,0.9980045,0.6317587]",
9768,"[4.173311,0.9980045,0.6317587]",
9769,"[4.183241,0.9980045,0.6403493]",
9770,"[4.183241,0.9980045,0.6403493]",
9771,"[4.187413,0.9980045,0.6420761]",
9772,"[4.187413,0.9980045,0.6420761]",
9773,"[4.190397,0.9980045,0.6450262]",
9774,"[4.190397,0.9980045,0.6450262]",
9775,"[4.192192,0.9980045,0.6469851]",
9776,"[4.193057,0.9980045,0.6508905]",
9777,"[4.193057,0.9980045,0.6508905]",
9778,"[4.195077,0.9980045,0.6544526]",
9779,"[4.195077,0.9980045,0.6544526]",
9780,"[4.553635,0.8295541,0.2063356]",
9781,"[4.553635,0.8295541,0.2063356]",
9782,"[4.553635,0.8295541,0.2063356]",
9783,"[4.591999,0.8295541,0.2103686]",
9784,"[4.591999,0.8295541,0.2103686]",
9785,"[4.611069,0.8295541,0.218074]",
9786,"[4.611069,0.8295541,0.218074]",
9787,"[4.61766,0.8295541,0.2406044]",
9788,"[4.61766,0.8295541,0.2406044]",
9789,"[4.61983,0.8295541,0.246021]",
9790,"[4.61381,0.8295541,0.2756419]",
9791,"[4.535608,0.8295541,0.3412746]",
9792,"[4.048505,0.7217914,0.6911662]",
9793,"[4.047531,0.7210138,0.6911662]",
9794,"[4.045587,0.717709,0.6911662]",
9795,"[4.041175,0.7126416,0.6911662]",
9796,"[4.038425,0.7096514,0.6911662]",
9797,"[4.036284,0.7078184,0.6911662]",
9798,"[4.032859,0.7067522,0.6911662]",
9799,"[4.030894,0.7077973,0.6911662]",
9800,"[4.028788,0.7083862,0.6911662]",
9801,"[4.024511,0.7100793,0.6911662]",
9802,"[4.022384,0.7119383,0.6911662]",
9803,"[4.021734,0.7126322,0.6911662]",
9804,"[4.020684,0.7134873,0.6911662]",
9805,"[4.020684,0.7134873,0.6911662]",
9806,"[4.020482,0.7140929,0.6911662]",
9807,"[4.020482,0.7140929,0.6911662]",
9808,"[4.021144,0.7140406,0.6911662]",
9809,"[4.021144,0.7140406,0.6911662]",
9810,"[4.020788,0.7151956,0.6911662]",
9811,"[4.020788,0.7151956,0.6911662]",
9812,"[4.021433,0.7111077,0.6911662]",
9813,"[4.024423,0.7044539,0.6911662]",
9814,"[4.024423,0.7044539,0.6911662]",
9815,"[4.029471,0.6982587,0.6911662]",
9816,"[4.029471,0.6982587,0.6911662]",
9817,"[4.033303,0.6926562,0.6911662]",
9818,"[4.033303,0.6926562,0.6911662]",
9819,"[4.038716,0.688636,0.6911662]",
9820,"[4.038716,0.688636,0.6911662]",
9821,"[4.248569,0.734929,0.7404951]",
9822,"[4.460151,0.8295541,0.724635]",
9823,"[4.460151,0.8295541,0.724635]",
9824,"[4.472048,0.8295541,0.7073941]",
9825,"[4.486586,0.8295541,0.6873088]",
9826,"[4.494595,0.8295541,0.6757205]",
9827,"[4.498162,0.8295541,0.6734597]",
9828,"[4.498162,0.8295541,0.6734597]",
9829,"[4.500093,0.8295541,0.6726486]",
9830,"[4.503377,0.8295541,0.6697657]",
9831,"[4.505923,0.8295541,0.6680624]",
9832,"[4.503184,0.8295541,0.6647049]",
9833,"[4.503184,0.8295541,0.6647049]",
9834,"[4.498685,0.8295541,0.6595401]",
9835,"[4.093034,0.983861,0.8148279]",
9836,"[4.088868,0.9804986,0.8115119]",
9837,"[4.088868,0.9804986,0.8115119]",
9838,"[4.083134,0.9733821,0.8069474]",
9839,"[4.080589,0.9709976,0.804922]",
9840,"[4.077948,0.9688911,0.8028193]",
9841,"[4.075459,0.9664959,0.8008385]",
9842,"[4.075459,0.9664959,0.8008385]",
9843,"[4.073798,0.9648628,0.7995163]",
9844,"[4.073221,0.9640875,0.7990569]",
9845,"[4.07278,0.9639283,0.7987057]",
9846,"[4.07278,0.9639283,0.7987057]",
9847,"[4.073936,0.9669086,0.7996259]",
9848,"[4.076107,0.9712131,0.8013542]",
9849,"[4.080811,0.9770012,0.8050981]",
9850,"[4.084858,0.9809581,0.8083199]",
9851,"[4.087358,0.9811065,0.81031]",
9852,"[4.088698,0.9806079,0.8113767]",
9853,"[4.088698,0.9806079,0.8113767]",
9854,"[4.090019,0.9803981,0.8124279]",
9855,"[4.091005,0.9798444,0.8132133]",
9856,"[4.091005,0.9798444,0.8132133]",
9857,"[4.091392,0.9794712,0.8135208]",
9858,"[4.092095,0.9794576,0.8140807]",
9859,"[4.092791,0.979584,0.8146346]",
9860,"[4.093742,0.9794209,0.8153915]",
9861,"[4.094775,0.9791359,0.816214]",
9862,"[4.096403,0.9792522,0.8175099]",
9863,"[4.102609,0.9808169,0.8224497]",
9864,"[4.109647,0.9831057,0.828052]",
9865,"[4.109647,0.9831057,0.828052]",
9866,"[4.15565,0.9980045,0.8416722]",
9867,"[4.599143,0.9650627,0.4915969]",
9868,"[4.603343,1.000373,0.5459979]",
9869,"[4.603343,1.000373,0.5459979]",
9870,"[4.626661,1.009764,0.5459979]",
9871,"[4.626661,1.009764,0.5459979]",
9872,"[4.626661,1.009764,0.5459979]",
9873,"[4.63192,1.014805,0.5459979]",
9874,"[4.633921,1.01864,0.5459979]",
9875,"[4.634143,1.021538,0.5459979]",
9876,"[4.633464,1.02278,0.5459979]",
9877,"[4.632871,1.024029,0.5459979]",
9878,"[4.626157,1.027471,0.5459979]",
9879,"[4.626157,1.027471,0.5459979]",
9880,"[4.618275,1.029928,0.5459979]",
9881,"[4.605424,1.033986,0.5459979]",
9882,"[4.599143,1.028658,0.5273818]",
9883,"[4.599143,1.028658,0.5273818]",
9884,"[4.599143,1.012734,0.4824151]",
9885,"[4.19524,0.9980045,0.6329546]",
9886,"[4.183608,0.9980045,0.6367493]",
9887,"[4.108764,0.9980045,0.6683786]",
9888,"[4.093019,0.9980045,0.6762098]",
9889,"[4.069339,0.9980045,0.6870727]",
9890,"[4.065229,0.9980045,0.6907467]",
9891,"[4.06424,0.9980045,0.6932095]",
9892,"[4.061816,0.9980045,0.6998841]",
9893,"[4.060351,0.9980045,0.7033997]",
9894,"[4.177739,0.9980045,0.7137287]",
9895,"[4.201303,0.9980045,0.7142047]",
9896,"[4.201303,0.9980045,0.7142047]",
9897,"[4.201303,0.9980045,0.7142047]",
9898,"[4.201303,0.9980045,0.7142047]",
9899,"[4.249774,0.9980045,0.697647]",
9900,"[4.249774,0.9980045,0.697647]",
9901,"[4.249774,0.9980045,0.697647]",
9902,"[4.249774,0.9980045,0.697647]",
9903,"[4.249774,0.9980045,0.697647]",
9904,"[4.249774,0.9980045,0.697647]",
9905,"[4.463228,1.250442,1.107643]",
9906,"[4.463228,1.250442,1.107643]",
9907,"[4.463228,1.250442,1.107643]",
9908,"[4.463228,1.250442,1.107643]",
9909,"[4.463228,1.250442,1.107643]",
9910,"[4.463228,1.250442,1.107643]",
9911,"[4.446588,1.272111,1.160741]",
9912,"[4.446588,1.272111,1.160741]",
9913,"[4.446588,1.272111,1.160741]",
9914,"[4.446588,1.272111,1.160741]",
9915,"[4.42185,1.303441,1.239679]",
9916,"[4.42185,1.303441,1.239679]",
9917,"[4.42185,1.303441,1.239679]",
9918,"[4.42185,1.303441,1.239679]",
9919,"[4.42185,1.303441,1.239679]",
9920,"[4.404773,1.327349,1.294172]",
9921,"[4.404773,1.327349,1.294172]",
9922,"[4.404773,1.327349,1.294172]",
9923,"[4.404773,1.327349,1.294172]",
9924,"[4.404773,1.327349,1.294172]",
9925,"[4.404773,1.327349,1.294172]",
9926,"[4.397872,1.341432,1.316193]",
9927,"[4.397872,1.341432,1.316193]",
9928,"[4.397872,1.341432,1.316193]",
9929,"[4.397872,1.341432,1.316193]",
9930,"[4.397872,1.341432,1.316193]",
9931,"[4.397872,1.341432,1.316193]",
9932,"[4.640765,1.039153,0.6082884]",
9933,"[4.640765,1.039153,0.6082884]",
9934,"[4.640765,1.039153,0.6082884]",
9935,"[4.640765,1.039153,0.6082884]",
9936,"[4.640765,1.039153,0.6082884]",
9937,"[4.640765,1.029154,0.5869904]",
9938,"[4.640765,1.029154,0.5869904]",
9939,"[4.640765,1.029154,0.5869904]",
9940,"[4.640765,1.029154,0.5869904]",
9941,"[4.640765,1.029154,0.5869904]",
9942,"[4.640765,1.029154,0.5869904]",
9943,"[4.640765,1.029154,0.5869904]",
9944,"[4.640765,1.041174,0.6156706]",
9945,"[4.640765,1.041174,0.6156706]",
9946,"[4.640765,1.041174,0.6156706]",
9947,"[4.640765,1.041174,0.6156706]",
9948,"[4.640765,1.063211,0.6499809]",
9949,"[4.640765,1.063211,0.6499809]",
9950,"[4.640765,1.063211,0.6499809]",
9951,"[4.640765,1.063211,0.6499809]",
9952,"[4.640765,1.063211,0.6499809]",
9953,"[4.640765,1.063211,0.6499809]",
9954,"[4.640765,1.078926,0.679633]",
9955,"[4.640765,1.078926,0.679633]",
9956,"[4.640765,1.078926,0.679633]",
9957,"[4.640765,1.078926,0.679633]",
9958,"[4.640765,1.086677,0.6866784]",
9959,"[4.640765,1.086677,0.6866784]",
9960,"[4.640765,1.086677,0.6866784]",
9961,"[4.640765,1.086677,0.6866784]",
9962,"[4.640765,1.086677,0.6866784]",
9963,"[4.640765,1.086677,0.6866784]",
9964,"[4.640765,1.090822,0.6857826]",
9965,"[4.640765,1.090822,0.6857826]",
9966,"[4.640765,1.090822,0.6857826]",
9967,"[4.640765,1.090822,0.6857826]",
9968,"[4.640765,1.090822,0.6857826]",
9969,"[4.640765,1.08979,0.6817565]",
9970,"[4.640765,1.08979,0.6817565]",
9971,"[4.640765,1.08979,0.6817565]",
9972,"[4.640765,1.08979,0.6817565]",
9973,"[4.167137,0.9980045,0.7647486]",
9974,"[4.167137,0.9980045,0.7647486]",
9975,"[4.167137,0.9980045,0.7647486]",
9976,"[4.167137,0.9980045,0.7647486]",
9977,"[4.167137,0.9980045,0.7647486]",
9978,"[4.167137,0.9980045,0.7647486]",
9979,"[4.162117,0.9980045,0.7660639]",
9980,"[4.162117,0.9980045,0.7660639]",
9981,"[4.162117,0.9980045,0.7660639]",
9982,"[4.162117,0.9980045,0.7660639]",
9983,"[4.162117,0.9980045,0.7660639]",
9984,"[4.162117,0.9980045,0.7660639]",
9985,"[4.16209,0.9980045,0.7659011]",
9986,"[4.16209,0.9980045,0.7659011]",
9987,"[4.16209,0.9980045,0.7659011]",
9988,"[4.16209,0.9980045,0.7659011]",
9989,"[4.16209,0.9980045,0.7659011]",
9990,"[4.16209,0.9980045,0.7659011]",
9991,"[4.16209,0.9980045,0.7659011]",
9992,"[4.161495,0.9980045,0.7680883]",
9993,"[4.161495,0.9980045,0.7680883]",
9994,"[4.161495,0.9980045,0.7680883]",
9995,"[4.161495,0.9980045,0.7680883]",
9996,"[4.161495,0.9980045,0.7680883]",
9997,"[4.161495,0.9980045,0.7680883]",
9998,"[4.160645,0.9980045,0.7719876]",
9999,"[4.160645,0.9980045,0.7719876]",
10000,"[4.160645,0.9980045,0.7719876]",
10001,"[4.160645,0.9980045,0.7719876]",
10002,"[4.160645,0.9980045,0.7719876]",
10003,"[4.15915,0.9980045,0.7766468]",
10004,"[4.15915,0.9980045,0.7766468]",
10005,"[4.15915,0.9980045,0.7766468]",
10006,"[4.15915,0.9980045,0.7766468]",
10007,"[4.153631,0.9980045,0.7804221]",
10008,"[4.153631,0.9980045,0.7804221]",
10009,"[4.153631,0.9980045,0.7804221]",
10010,"[4.153631,0.9980045,0.7804221]",
10011,"[4.146656,0.9980045,0.7712076]",
10012,"[4.146656,0.9980045,0.7712076]",
10013,"[4.146656,0.9980045,0.7712076]",
10014,"[4.146656,0.9980045,0.7712076]",
10015,"[4.140127,0.9980045,0.7616723]",
10016,"[4.135413,0.9980045,0.7571784]",
10017,"[4.132321,0.9980045,0.755627]",
10018,"[4.132321,0.9980045,0.755627]",
10019,"[4.132321,0.9980045,0.755627]",
10020,"[4.128331,0.9980045,0.7534022]",
10021,"[4.128331,0.9980045,0.7534022]",
10022,"[4.128331,0.9980045,0.7534022]",
10023,"[4.128331,0.9980045,0.7534022]",
10024,"[4.128331,0.9980045,0.7534022]",
10025,"[4.128331,0.9980045,0.7534022]",
10026,"[4.126567,0.9980045,0.750764]",
10027,"[4.126567,0.9980045,0.750764]",
10028,"[4.126567,0.9980045,0.750764]",
10029,"[4.126567,0.9980045,0.750764]",
10030,"[4.126567,0.9980045,0.750764]",
10031,"[4.125753,0.9980045,0.7501222]",
10032,"[4.125753,0.9980045,0.7501222]",
10033,"[4.125753,0.9980045,0.7501222]",
10034,"[4.125753,0.9980045,0.7501222]",
10035,"[4.125753,0.9980045,0.7501222]",
10036,"[4.124452,0.9980045,0.7491181]",
10037,"[4.124452,0.9980045,0.7491181]",
10038,"[4.124452,0.9980045,0.7491181]",
10039,"[4.124452,0.9980045,0.7491181]",
10040,"[4.124452,0.9980045,0.7491181]",
10041,"[4.124452,0.9980045,0.7491181]",
10042,"[4.124452,0.9980045,0.7491181]",
10043,"[4.10716,0.9980045,0.738791]",
10044,"[4.10716,0.9980045,0.738791]",
10045,"[4.10716,0.9980045,0.738791]",
10046,"[4.10716,0.9980045,0.738791]",
10047,"[4.10716,0.9980045,0.738791]",
10048,"[4.094215,0.9980045,0.7300112]",
10049,"[4.094215,0.9980045,0.7300112]",
10050,"[4.094215,0.9980045,0.7300112]",
10051,"[4.094215,0.9980045,0.7300112]",
10052,"[4.094215,0.9980045,0.7300112]",
10053,"[4.085534,0.9980045,0.7273417]",
10054,"[4.085534,0.9980045,0.7273417]",
10055,"[4.085534,0.9980045,0.7273417]",
10056,"[4.085534,0.9980045,0.7273417]",
10057,"[4.080678,0.9980045,0.725713]",
10058,"[4.080678,0.9980045,0.725713]",
10059,"[4.080678,0.9980045,0.725713]",
10060,"[4.080678,0.9980045,0.725713]",
10061,"[4.080678,0.9980045,0.725713]",
10062,"[4.080678,0.9980045,0.725713]",
10063,"[4.077451,0.9980045,0.7247374]",
10064,"[4.077451,0.9980045,0.7247374]",
10065,"[4.077451,0.9980045,0.7247374]",
10066,"[4.077451,0.9980045,0.7247374]",
10067,"[4.077451,0.9980045,0.7247374]",
10068,"[4.077451,0.9980045,0.7247374]",
10069,"[4.077451,0.9980045,0.7247374]",
10070,"[4.077451,0.9980045,0.7247374]",
10071,"[4.073796,0.9980045,0.7223016]",
10072,"[4.073796,0.9980045,0.7223016]",
10073,"[4.073796,0.9980045,0.7223016]",
10074,"[4.05644,0.9980045,0.7033039]",
10075,"[4.045784,0.9980045,0.6955407]",
10076,"[4.045784,0.9980045,0.6955407]",
10077,"[4.038255,0.9980045,0.6902239]",
10078,"[4.033939,0.9980045,0.6871987]",
10079,"[4.029484,0.9980045,0.6843348]",
10080,"[4.026966,0.9980045,0.6827758]",
10081,"[4.024783,0.9980045,0.6810083]",
10082,"[4.02319,0.9980045,0.6798855]",
10083,"[4.021806,0.9980045,0.6793087]",
10084,"[4.020947,0.9980045,0.6788827]",
10085,"[4.020071,0.9980045,0.6788629]",
10086,"[4.019472,0.9980045,0.6788847]",
10087,"[4.01926,0.9980045,0.6786866]",
10088,"[4.018827,0.9980045,0.6783054]",
10089,"[4.018395,0.9980045,0.6777869]",
10090,"[4.017977,0.9980045,0.6773978]",
10091,"[4.017565,0.9980045,0.6771812]",
10092,"[4.017565,0.9980045,0.6771812]",
10093,"[4.017237,0.9980045,0.6770598]",
10094,"[4.016749,0.9980045,0.6772212]",
10095,"[4.016293,0.9980045,0.677387]",
10096,"[4.016293,0.9980045,0.677387]",
10097,"[4.01584,0.9980045,0.6771084]",
10098,"[4.014989,0.9980045,0.6765074]",
10099,"[4.003378,0.9980045,0.6607369]",
10100,"[3.997797,0.9980045,0.6532124]",
10101,"[3.991284,0.9980045,0.6456091]",
10102,"[3.991284,0.9980045,0.6456091]",
10103,"[3.987254,0.9980045,0.6430015]",
10104,"[3.984798,0.9980045,0.641543]",
10105,"[3.982847,0.9980045,0.6404054]",
10106,"[3.980529,0.9980045,0.6389448]",
10107,"[3.978786,0.9980045,0.6378029]",
10108,"[3.977691,0.9980045,0.6371685]",
10109,"[3.975995,0.9980045,0.6352834]",
10110,"[3.974999,0.9980045,0.634129]",
10111,"[3.973692,0.9980045,0.6333803]",
10112,"[3.973692,0.9980045,0.6333803]",
10113,"[3.972981,0.9980045,0.6327642]",
10114,"[3.971028,0.9980045,0.6286825]",
10115,"[3.969384,0.9980045,0.6239979]",
10116,"[3.968751,0.9980045,0.6214059]",
10117,"[3.968291,0.9980045,0.6191711]",
10118,"[3.967832,0.9980045,0.6148801]",
10119,"[3.967832,0.9980045,0.6148801]",
10120,"[3.967892,0.9980045,0.6146023]",
10121,"[3.967951,0.9980045,0.6145904]",
10122,"[3.968075,0.9980045,0.6146083]",
10123,"[4.047898,0.9980045,0.6259993]",
10124,"[4.081735,0.9980045,0.6269777]",
10125,"[4.095516,0.9980045,0.6294709]",
10126,"[4.101751,0.9980045,0.631309]",
10127,"[4.107366,0.9980045,0.6327116]",
10128,"[4.110109,0.9980045,0.6336404]",
10129,"[4.112226,0.9980045,0.6346589]",
10130,"[4.114351,0.9980045,0.6364425]",
10131,"[4.127081,0.9980045,0.6412483]",
10132,"[4.138585,0.9980045,0.6402605]",
10133,"[4.143847,0.9980045,0.6402043]",
10134,"[4.150658,0.9980045,0.639746]",
10135,"[4.15406,0.9980045,0.6394772]",
10136,"[4.158023,0.9980045,0.6389032]",
10137,"[4.160048,0.9980045,0.6387187]",
10138,"[4.162392,0.9980045,0.6387013]",
10139,"[4.165921,0.9980045,0.6387913]",
10140,"[4.168195,0.9980045,0.6386172]",
10141,"[4.170404,0.9980045,0.6379697]",
10142,"[4.171821,0.9980045,0.6376983]",
10143,"[4.173769,0.9980045,0.6377456]",
10144,"[4.17537,0.9980045,0.6377577]",
10145,"[4.176717,0.9980045,0.6374995]",
10146,"[4.176717,0.9980045,0.6374995]",
10147,"[4.177762,0.9980045,0.6381099]",
10148,"[4.178188,0.9980045,0.6381038]",
10149,"[4.178644,0.9980045,0.6380116]",
10150,"[4.142613,0.9980045,0.6338263]",
10151,"[4.130695,0.9980045,0.62994]",
10152,"[4.116826,0.9980045,0.6259779]",
10153,"[4.112138,0.9980045,0.6245459]",
10154,"[4.108523,0.9980045,0.6231353]",
10155,"[4.103715,0.9980045,0.6191778]",
10156,"[4.10193,0.9980045,0.6174958]",
10157,"[4.098843,0.9980045,0.6145001]",
10158,"[4.097988,0.9980045,0.6136808]",
10159,"[4.097162,0.9980045,0.6133483]",
10160,"[4.097162,0.9980045,0.6133483]",
10161,"[4.096406,0.9980045,0.6135532]",
10162,"[4.095496,0.9980045,0.6137245]",
10163,"[4.094342,0.9980045,0.613948]",
10164,"[4.093766,0.9980045,0.6141359]",
10165,"[4.093247,0.9980045,0.6143177]",
10166,"[4.077614,0.9980045,0.6515533]",
10167,"[4.077614,0.9980045,0.6515533]",
10168,"[4.069078,0.9980045,0.6746008]",
10169,"[4.065581,0.9980045,0.6858312]",
10170,"[4.063278,0.9980045,0.6933584]",
10171,"[4.063278,0.9980045,0.6933584]",
10172,"[4.061694,0.9980045,0.6987869]",
10173,"[4.06089,0.9980045,0.7017552]",
10174,"[4.059902,0.9980045,0.7050697]",
10175,"[4.059902,0.9980045,0.7050697]",
10176,"[4.059902,0.9980045,0.7050697]",
10177,"[4.059066,0.9980045,0.707518]",
10178,"[4.058258,0.9980045,0.7091585]",
10179,"[4.058258,0.9980045,0.7091585]",
10180,"[4.057333,0.9980045,0.711284]",
10181,"[4.057333,0.9980045,0.711284]",
10182,"[4.056543,0.9980045,0.7131319]",
10183,"[4.056026,0.9980045,0.7147533]",
10184,"[4.055422,0.9980045,0.7166929]",
10185,"[4.054903,0.9980045,0.7186705]",
10186,"[4.054408,0.9980045,0.7206481]",
10187,"[4.053695,0.9980045,0.7228351]",
10188,"[4.053183,0.9980045,0.7240664]",
10189,"[4.053183,0.9980045,0.7240664]",
10190,"[4.052827,0.9980045,0.7245787]",
10191,"[4.052463,0.9980045,0.7252734]",
10192,"[4.051921,0.9980045,0.7262022]",
10193,"[4.051574,0.9980045,0.7268494]",
10194,"[4.051574,0.9980045,0.7268494]",
10195,"[4.051066,0.9980045,0.7279459]",
10196,"[4.050376,0.9980045,0.7294647]",
10197,"[4.049984,0.9980045,0.7301828]",
10198,"[4.049984,0.9980045,0.7301828]",
10199,"[4.049507,0.9980045,0.7306262]",
10200,"[4.049356,0.9980045,0.7309967]",
10201,"[4.049149,0.9980045,0.7314096]",
10202,"[4.049032,0.9980045,0.731594]",
10203,"[4.048846,0.9980045,0.7320631]",
10204,"[4.048846,0.9980045,0.7320631]",
10205,"[4.048671,0.9980045,0.7325605]",
10206,"[4.048671,0.9980045,0.7325605]",
10207,"[4.04883,0.9980045,0.7331759]",
10208,"[4.049195,0.9980045,0.7335299]",
10209,"[4.04991,0.9980045,0.7342284]",
10210,"[4.050012,0.9980045,0.7345983]",
10211,"[4.049972,0.9980045,0.7347851]",
10212,"[4.049964,0.9980045,0.7348581]",
10213,"[4.049842,0.9980045,0.7349443]",
10214,"[4.049703,0.9980045,0.7350549]",
10215,"[4.049248,0.9980045,0.735347]",
10216,"[4.048709,0.9980045,0.7352849]",
10217,"[4.047947,0.9980045,0.7350382]",
10218,"[4.046936,0.9980045,0.7361361]",
10219,"[4.046484,0.9980045,0.7364984]",
10220,"[4.045851,0.9980045,0.737308]",
10221,"[4.045646,0.9980045,0.737768]",
10222,"[4.045539,0.9980045,0.738142]",
10223,"[4.045593,0.9980045,0.7390266]",
10224,"[4.045612,0.9980045,0.7394568]",
10225,"[4.045609,0.9980045,0.7401837]",
10226,"[4.045623,0.9980045,0.7404747]",
10227,"[4.045595,0.9980045,0.7410851]",
10228,"[4.04555,0.9980045,0.741419]",
10229,"[4.045492,0.9980045,0.7416788]",
10230,"[4.045449,0.9980045,0.7419248]",
10231,"[4.045413,0.9980045,0.7419592]",
10232,"[4.045278,0.9980045,0.7423036]",
10233,"[4.04519,0.9980045,0.742626]",
10234,"[4.045109,0.9980045,0.7429065]",
10235,"[4.044765,0.9980045,0.7444675]",
10236,"[4.044609,0.9980045,0.7456185]",
10237,"[4.044562,0.9980045,0.7474257]",
10238,"[4.044686,0.9980045,0.7483484]",
10239,"[4.045125,0.9980045,0.750428]",
10240,"[4.045435,0.9980045,0.7515015]",
10241,"[4.045681,0.9980045,0.752053]",
10242,"[4.045918,0.9980045,0.75245]",
10243,"[4.046112,0.9980045,0.7526837]",
10244,"[4.046285,0.9980045,0.7528783]",
10245,"[4.046217,0.9980045,0.7530542]",
10246,"[4.045951,0.9980045,0.7530077]",
10247,"[4.045746,0.9980045,0.7529768]",
10248,"[4.045061,0.9980045,0.7534506]",
10249,"[4.044612,0.9980045,0.7536198]",
10250,"[4.043876,0.9980045,0.7537572]",
10251,"[4.042794,0.9980045,0.75407]",
10252,"[4.042417,0.9980045,0.7542767]",
10253,"[4.041766,0.9980045,0.7550006]",
10254,"[4.041484,0.9980045,0.7553564]",
10255,"[4.041303,0.9980045,0.756414]",
10256,"[4.041251,0.9980045,0.7570335]",
10257,"[4.041209,0.9980045,0.7576431]",
10258,"[4.041211,0.9980045,0.7583086]",
10259,"[4.041225,0.9980045,0.7587978]",
10260,"[4.041286,0.9980045,0.7595731]",
10261,"[4.04132,0.9980045,0.7599637]",
10262,"[4.041345,0.9980045,0.7603096]",
10263,"[4.041367,0.9980045,0.7607894]",
10264,"[4.041373,0.9980045,0.7610663]",
10265,"[4.041363,0.9980045,0.7612209]",
10266,"[4.041307,0.9980045,0.7613187]",
10267,"[4.041244,0.9980045,0.7614211]",
10268,"[4.04118,0.9980045,0.7614962]",
10269,"[4.041112,0.9980045,0.7616653]",
10270,"[4.041055,0.9980045,0.7617939]",
10271,"[4.041155,0.9980045,0.7620431]",
10272,"[4.041213,0.9980045,0.7621539]",
10273,"[4.041229,0.9980045,0.7623495]",
10274,"[4.041282,0.9980045,0.7625568]",
10275,"[4.041352,0.9980045,0.7628126]",
10276,"[4.041513,0.9980045,0.7635278]",
10277,"[4.041571,0.9980045,0.7638066]",
10278,"[4.041731,0.9980045,0.7644245]",
10279,"[4.041808,0.9980045,0.7647904]",
10280,"[4.041817,0.9980045,0.7656484]",
10281,"[4.041817,0.9980045,0.7656484]",
10282,"[4.041832,0.9980045,0.7661395]",
10283,"[4.041787,0.9980045,0.7666233]",
10284,"[4.041775,0.9980045,0.7669773]",
10285,"[4.04179,0.9980045,0.7672111]",
10286,"[4.041839,0.9980045,0.767756]",
10287,"[4.041839,0.9980045,0.767756]",
10288,"[4.041865,0.9980045,0.7683489]",
10289,"[4.041993,0.9980045,0.768994]",
10290,"[4.041993,0.9980045,0.768994]",
10291,"[4.041816,0.9980045,0.7694076]",
10292,"[4.04163,0.9980045,0.7699013]",
10293,"[4.041561,0.9980045,0.7701184]",
10294,"[4.041286,0.9980045,0.7707346]",
10295,"[4.041112,0.9980045,0.7709351]",
10296,"[4.040865,0.9980045,0.7712389]",
10297,"[4.040749,0.9980045,0.7714016]",
10298,"[4.040403,0.9980045,0.7715336]",
10299,"[4.040403,0.9980045,0.7715336]",
10300,"[4.040206,0.9980045,0.7716012]",
10301,"[4.040018,0.9980045,0.7716966]",
10302,"[4.039769,0.9980045,0.7720494]",
10303,"[4.039566,0.9978606,0.7722672]",
10304,"[4.039436,0.9976127,0.7721638]",
10305,"[4.0394,0.9966105,0.7721348]",
10306,"[4.039451,0.9961357,0.7721759]",
10307,"[4.03955,0.99561,0.7722544]",
10308,"[4.039597,0.9955133,0.7722918]",
10309,"[4.039643,0.995424,0.772329]",
10310,"[4.039707,0.9952596,0.7723792]",
10311,"[4.039605,0.9949898,0.7722983]",
10312,"[4.039462,0.9946398,0.7721846]",
10313,"[4.039492,0.9944453,0.7722083]",
10314,"[4.039526,0.9942199,0.7722354]",
10315,"[4.041132,0.9941499,0.773514]",
10316,"[4.043932,0.9932707,0.7757425]",
10317,"[4.045175,0.9928653,0.7767316]",
10318,"[4.046278,0.9923064,0.7776101]",
10319,"[4.048519,0.991271,0.7793942]",
10320,"[4.050074,0.990568,0.7806318]",
10321,"[4.051388,0.9900059,0.7816774]",
10322,"[4.052434,0.9895274,0.7825108]",
10323,"[4.053105,0.9891586,0.7830446]",
10324,"[4.053105,0.9891586,0.7830446]",
10325,"[4.057174,0.988923,0.7862833]",
10326,"[4.05976,0.9887214,0.7883415]",
10327,"[4.061657,0.9884936,0.789852]",
10328,"[4.06298,0.9881018,0.7909051]",
10329,"[4.063305,0.987588,0.791164]",
10330,"[4.063305,0.987588,0.791164]",
10331,"[4.063931,0.9869509,0.791662]",
10332,"[4.064824,0.9863535,0.7923731]",
10333,"[4.064824,0.9863535,0.7923731]",
10334,"[4.065691,0.9860818,0.7930635]",
10335,"[4.092426,0.9897742,0.8143444]",
10336,"[4.092426,0.9897742,0.8143444]",
10337,"[4.106497,0.9914965,0.8255446]",
10338,"[4.114995,0.9929036,0.8323092]",
10339,"[4.120859,0.9937929,0.8369768]",
10340,"[4.124705,0.9946542,0.8400383]",
10341,"[4.124705,0.9946542,0.8400383]",
10342,"[4.127613,0.995267,0.8423528]",
10343,"[4.128236,0.9951308,0.8428495]",
10344,"[4.128901,0.9952089,0.8433791]",
10345,"[4.129339,0.9952458,0.843727]",
10346,"[4.130392,0.9947914,0.8445651]",
10347,"[4.13103,0.994496,0.8450733]",
10348,"[4.131727,0.994217,0.8456279]",
10349,"[4.131727,0.994217,0.8456279]",
10350,"[4.132008,0.9935839,0.8458516]",
10351,"[4.132217,0.9930815,0.8460184]",
10352,"[4.132332,0.9927765,0.8461094]",
10353,"[4.132332,0.9927765,0.8461094]",
10354,"[4.132537,0.9922823,0.8462729]",
10355,"[4.132537,0.9922823,0.8462729]",
10356,"[4.132537,0.9922823,0.8462729]",
10357,"[4.1328,0.9919735,0.8464817]",
10358,"[4.1328,0.9919735,0.8464817]",
10359,"[4.133357,0.9917088,0.8469255]",
10360,"[4.133874,0.9916807,0.8473369]",
10361,"[4.13451,0.9916449,0.8478434]",
10362,"[4.134976,0.99134,0.8482143]",
10363,"[4.134976,0.99134,0.8482143]",
10364,"[4.135208,0.9911918,0.8483989]",
10365,"[4.135414,0.990955,0.8485631]",
10366,"[4.135515,0.9907648,0.8486432]",
10367,"[4.135605,0.9905317,0.8487149]",
10368,"[4.135682,0.9902074,0.8487759]",
10369,"[4.135681,0.9901049,0.848775]",
10370,"[4.135665,0.9899909,0.8487629]",
10371,"[4.135743,0.989791,0.8488244]",
10372,"[4.135823,0.989692,0.8488882]",
10373,"[4.135904,0.9895729,0.8489531]",
10374,"[4.136095,0.9894772,0.8491047]",
10375,"[4.13652,0.9893066,0.849443]",
10376,"[4.136654,0.9891713,0.8495498]",
10377,"[4.136918,0.9889387,0.8497603]",
10378,"[4.137056,0.9888247,0.8498704]",
10379,"[4.137185,0.9886968,0.8499728]",
10380,"[4.137356,0.9884614,0.8501087]",
10381,"[4.137356,0.9884614,0.8501087]",
10382,"[4.137334,0.9884559,0.8500912]",
10383,"[4.137045,0.9883314,0.8498617]",
10384,"[4.136559,0.9881209,0.8494745]",
10385,"[4.13625,0.9880207,0.8492287]",
10386,"[4.13625,0.9880207,0.8492287]",
10387,"[4.13578,0.9879472,0.8488542]",
10388,"[4.13578,0.9879472,0.8488542]",
10389,"[4.135412,0.9878933,0.8485611]",
10390,"[4.135412,0.9878933,0.8485611]",
10391,"[4.135231,0.9878334,0.8484175]",
10392,"[4.135231,0.9878334,0.8484175]",
10393,"[4.135043,0.987826,0.8482674]",
10394,"[4.13484,0.9878857,0.8481054]",
10395,"[4.134749,0.9878696,0.8480333]",
10396,"[4.134696,0.9878558,0.8479916]",
10397,"[4.134613,0.9878139,0.8479254]",
10398,"[4.134565,0.9877904,0.8478875]",
10399,"[4.134512,0.9877447,0.847845]",
10400,"[4.134376,0.987645,0.8477366]",
10401,"[4.134319,0.9875923,0.8476912]",
10402,"[4.13414,0.9873857,0.8475492]",
10403,"[4.13398,0.9872103,0.8474213]",
10404,"[4.133788,0.9870188,0.8472688]",
10405,"[4.133589,0.9868387,0.8471102]",
10406,"[4.13347,0.9867074,0.847015]",
10407,"[4.133345,0.9865717,0.8469162]",
10408,"[4.133026,0.986297,0.8466622]",
10409,"[4.132841,0.9861095,0.8465146]",
10410,"[4.132822,0.9860733,0.8464992]",
10411,"[4.132832,0.9861077,0.8465073]",
10412,"[4.132817,0.9860824,0.8464957]",
10413,"[4.132829,0.9861205,0.8465055]",
10414,"[4.132736,0.9861166,0.846431]",
10415,"[4.132655,0.9861082,0.8463669]",
10416,"[4.121496,0.9868497,0.8374837]",
10417,"[4.117884,0.9871043,0.8346088]",
10418,"[4.112545,0.9877706,0.8303589]",
10419,"[4.110926,0.9879091,0.8290699]",
10420,"[4.108951,0.9879001,0.827498]",
10421,"[4.106751,0.9878805,0.825747]",
10422,"[4.105514,0.9878284,0.8247617]",
10423,"[4.103877,0.9876736,0.8234593]",
10424,"[4.103877,0.9876736,0.8234593]",
10425,"[4.102906,0.9874262,0.8226862]",
10426,"[4.102031,0.987151,0.8219901]",
10427,"[4.101228,0.9869134,0.8213503]",
10428,"[4.101228,0.9869134,0.8213503]",
10429,"[4.10053,0.9867665,0.8207946]",
10430,"[4.099431,0.9864935,0.8199204]",
10431,"[4.099006,0.9863421,0.8195819]",
10432,"[4.098283,0.9860867,0.8190063]",
10433,"[4.097762,0.9859143,0.8185913]",
10434,"[4.097437,0.9858081,0.8183331]",
10435,"[4.097174,0.9857473,0.8181232]",
10436,"[4.096541,0.9857756,0.8176199]",
10437,"[4.096216,0.9858047,0.8173612]",
10438,"[4.095937,0.9858174,0.8171391]",
10439,"[4.095336,0.9858182,0.8166611]",
10440,"[4.095008,0.9858282,0.8163995]",
10441,"[4.09449,0.9859478,0.8159868]",
10442,"[4.094196,0.9860149,0.8157536]",
10443,"[4.093865,0.9860861,0.8154899]",
10444,"[4.09381,0.9860947,0.8154454]",
10445,"[4.093747,0.9860961,0.8153953]",
10446,"[4.093389,0.9859856,0.8151107]",
10447,"[4.093161,0.9859043,0.8149289]",
10448,"[4.088662,0.9812499,0.8113483]",
10449,"[4.078968,0.9642556,0.8036317]",
10450,"[4.070142,0.948682,0.7966057]",
10451,"[4.065412,0.9404165,0.7928408]",
10452,"[4.062523,0.9352968,0.7905413]",
10453,"[4.059576,0.9304097,0.7881949]",
10454,"[4.059576,0.9304097,0.7881949]",
10455,"[4.056619,0.9275045,0.7858413]",
10456,"[4.05432,0.9252001,0.7840115]",
10457,"[4.052268,0.9217029,0.7823777]",
10458,"[4.050947,0.9193838,0.7813267]",
10459,"[4.049174,0.9164397,0.7799151]",
10460,"[4.048068,0.9146825,0.779035]",
10461,"[4.047194,0.9134774,0.7783397]",
10462,"[4.046373,0.9123778,0.7776856]",
10463,"[4.046184,0.9121262,0.7775348]",
10464,"[4.04596,0.9119202,0.777357]",
10465,"[4.045952,0.9119152,0.7773506]",
10466,"[4.045934,0.9120239,0.777336]",
10467,"[4.045943,0.9121501,0.7773434]",
10468,"[4.045619,0.9120376,0.7770855]",
10469,"[4.045537,0.9119728,0.7770208]",
10470,"[4.045456,0.911917,0.7769558]",
10471,"[4.04535,0.911708,0.7768713]",
10472,"[4.045307,0.9115415,0.7768368]",
10473,"[4.045196,0.9110497,0.7767487]",
10474,"[4.045053,0.9106616,0.7766353]",
10475,"[4.04484,0.9100527,0.7764653]",
10476,"[4.044561,0.9091972,0.7762433]",
10477,"[4.044163,0.908096,0.7759267]",
10478,"[4.043909,0.9071921,0.7757243]",
10479,"[4.043622,0.9063241,0.7754964]",
10480,"[4.043421,0.9057088,0.775336]",
10481,"[4.043114,0.9050303,0.7750916]",
10482,"[4.042324,0.9030971,0.7744626]",
10483,"[4.041789,0.9020402,0.7740366]",
10484,"[4.040388,0.899671,0.7729213]",
10485,"[4.03946,0.8983443,0.7721829]",
10486,"[4.038657,0.8975376,0.771544]",
10487,"[4.038138,0.8971197,0.7711306]",
10488,"[4.037975,0.8969644,0.7710006]",
10489,"[4.037717,0.896654,0.7707957]",
10490,"[4.037661,0.8964642,0.7707506]",
10491,"[4.037571,0.8962328,0.7706797]",
10492,"[4.037528,0.8958938,0.7706448]",
10493,"[4.037582,0.8957657,0.7706885]",
10494,"[4.037676,0.895089,0.7707632]",
10495,"[4.037742,0.8945376,0.7708153]",
10496,"[4.037813,0.8933052,0.7708719]",
10497,"[4.037751,0.8923227,0.7708223]",
10498,"[4.037356,0.8902405,0.7705081]",
10499,"[4.037263,0.8896895,0.7704346]",
10500,"[4.037124,0.8892199,0.7703235]",
10501,"[4.036835,0.8887574,0.7700934]",
10502,"[4.036726,0.8886715,0.7700062]",
10503,"[4.038486,0.8913059,0.7714082]",
10504,"[4.039101,0.8921773,0.771897]",
10505,"[4.04844,0.9143186,0.7793307]",
10506,"[4.053826,0.9258851,0.7836185]",
10507,"[4.055992,0.9305298,0.785342]",
10508,"[4.058446,0.9358022,0.7872958]",
10509,"[4.05931,0.937683,0.7879841]",
10510,"[4.060882,0.9411026,0.7892352]",
10511,"[4.061409,0.9425278,0.7896546]",
10512,"[4.063221,0.9456888,0.7910969]",
10513,"[4.063845,0.9468414,0.7915938]",
10514,"[4.064396,0.9482773,0.7920326]",
10515,"[4.064552,0.9492773,0.7921566]",
10516,"[4.077951,0.9805102,0.802822]",
10517,"[4.077951,0.9805102,0.802822]",
10518,"[4.082727,0.9938269,0.8066241]",
10519,"[4.09277,0.9980045,0.7934833]",
10520,"[4.097224,0.9980045,0.7841357]",
10521,"[4.10345,0.9980045,0.7739421]",
10522,"[4.107862,0.9980045,0.7672783]",
10523,"[4.110171,0.9980045,0.7637492]",
10524,"[4.110171,0.9980045,0.7637492]",
10525,"[4.112875,0.9980045,0.7609395]",
10526,"[4.116292,0.9980045,0.7583393]",
10527,"[4.118292,0.9980045,0.7569613]",
10528,"[4.126674,0.9980045,0.7518137]",
10529,"[4.13025,0.9980045,0.7495113]",
10530,"[4.147374,0.9980045,0.7307436]",
10531,"[4.154788,0.9980045,0.7194583]",
10532,"[4.160859,0.9980045,0.7085786]",
10533,"[4.164016,0.9980045,0.702226]",
10534,"[4.167124,0.9980045,0.6956933]",
10535,"[4.169156,0.9980045,0.6909283]",
10536,"[4.171594,0.9980045,0.686198]",
10537,"[4.173547,0.9980045,0.6825692]",
10538,"[4.176255,0.9980045,0.6787056]",
10539,"[4.176255,0.9980045,0.6787056]",
10540,"[4.17834,0.9980045,0.6778429]",
10541,"[4.178654,0.9980045,0.6779773]",
10542,"[4.179356,0.9980045,0.6783059]",
10543,"[4.142841,0.9980045,0.7714194]",
10544,"[4.135508,0.9980045,0.7901936]",
10545,"[4.124419,0.9980045,0.8048202]",
10546,"[4.114178,0.9980045,0.7921524]",
10547,"[4.110285,0.9980045,0.7871172]",
10548,"[4.103341,0.9980045,0.777084]",
10549,"[4.100331,0.9980045,0.758613]",
10550,"[4.097983,0.9980045,0.7444033]",
10551,"[4.094024,0.9980045,0.7192947]",
10552,"[4.092472,0.9980045,0.7095954]",
10553,"[4.091223,0.9980045,0.6953983]",
10554,"[4.090918,0.9980045,0.6906638]",
10555,"[4.090507,0.9980045,0.6848624]",
10556,"[4.090394,0.9980045,0.6828506]",
10557,"[4.090319,0.9980045,0.6814626]",
10558,"[4.09024,0.9980045,0.6806058]",
10559,"[4.090189,0.9980045,0.6802788]",
10560,"[4.0899,0.9980045,0.6787781]",
10561,"[4.089915,0.9980045,0.6780574]",
10562,"[4.089887,0.9980045,0.6775386]",
10563,"[4.089887,0.9980045,0.6775386]",
10564,"[4.089492,0.9980045,0.6764752]",
10565,"[4.081553,0.9980045,0.6790344]",
10566,"[4.073777,0.9980045,0.6811816]",
10567,"[4.069232,0.9980045,0.6827592]",
10568,"[4.065126,0.9980045,0.6838554]",
10569,"[4.060664,0.9980045,0.6848763]",
10570,"[4.058573,0.9980045,0.6854764]",
10571,"[4.056685,0.9980045,0.6874413]",
10572,"[4.055007,0.9980045,0.6891108]",
10573,"[4.053515,0.9980045,0.690667]",
10574,"[4.052032,0.9980045,0.6920118]",
10575,"[4.051234,0.9980045,0.6929602]",
10576,"[4.05002,0.9980045,0.6945198]",
10577,"[4.049476,0.9980045,0.6951648]",
10578,"[4.048823,0.9980045,0.6958768]",
10579,"[4.048511,0.9980045,0.6962485]",
10580,"[4.048213,0.9980045,0.6965419]",
10581,"[4.048213,0.9980045,0.6965419]",
10582,"[3.927855,0.9980045,0.6773957]",
10583,"[3.666961,0.9619835,0.5517781]",
10584,"[3.640258,0.9619835,0.5462403]",
10585,"[3.622953,0.9619835,0.5426483]",
10586,"[3.60816,0.9619835,0.5401149]",
10587,"[3.60816,0.9619835,0.5401149]",
10588,"[3.60816,0.9619835,0.5401149]",
10589,"[3.597464,0.9619834,0.5428433]",
10590,"[3.597464,0.9619834,0.5428433]",
10591,"[3.590109,0.9619835,0.5486155]",
10592,"[3.578827,0.9619834,0.5554771]",
10593,"[3.522437,0.9619834,0.5414445]",
10594,"[3.522437,0.9619834,0.5414445]",
10595,"[3.464545,0.9619834,0.5237686]",
10596,"[3.444806,0.9619834,0.516816]",
10597,"[3.432578,0.9619834,0.5126595]",
10598,"[3.415092,0.9619834,0.5043614]",
10599,"[3.409059,0.9619834,0.5004323]",
10600,"[3.403903,0.9619834,0.4972016]",
10601,"[3.398505,0.9619834,0.493827]",
10602,"[3.396551,0.9619834,0.4923894]",
10603,"[3.393263,0.9619834,0.4911764]",
10604,"[3.391934,0.9619834,0.4914555]",
10605,"[3.38814,0.9619834,0.4921501]",
10606,"[3.386381,0.9619834,0.4924026]",
10607,"[3.384269,0.9619834,0.4918681]",
10608,"[3.382674,0.9619834,0.491497]",
10609,"[3.38132,0.9619834,0.4910841]",
10610,"[3.379117,0.9619834,0.4906754]",
10611,"[3.377944,0.9619834,0.4900222]",
10612,"[3.377944,0.9619834,0.4900222]",
10613,"[3.377944,0.9619834,0.4900222]",
10614,"[3.377944,0.9619834,0.4900222]",
10615,"[3.376654,0.9619834,0.4892917]",
10616,"[3.376654,0.9619834,0.4892917]",
10617,"[3.376654,0.9619834,0.4892917]",
10618,"[3.376654,0.9619834,0.4892917]",
10619,"[3.376654,0.9619834,0.4892917]",
10620,"[3.376654,0.9619834,0.4892917]",
10621,"[3.375154,0.9619834,0.488869]",
10622,"[3.375154,0.9619834,0.488869]",
10623,"[3.375154,0.9619834,0.488869]",
10624,"[3.37419,0.9619834,0.4883631]",
10625,"[3.318828,0.9619834,0.4444719]",
10626,"[3.083899,0.8099122,0.05000013]",
10627,"[3.071712,0.8164127,0.05000001]",
10628,"[3.055611,0.8324837,0.05000013]",
10629,"[3.051937,0.8372894,0.05000001]",
10630,"[3.049046,0.8412127,0.05000013]",
10631,"[3.046743,0.8444709,0.05000013]",
10632,"[3.043388,0.8490493,0.05000001]",
10633,"[3.042095,0.8505053,0.05000013]",
10634,"[3.040896,0.8518302,0.05000025]",
10635,"[3.039316,0.8539076,0.05000025]",
10636,"[3.037216,0.8538656,0.05000013]",
10637,"[3.036119,0.8538755,0.05000025]",
10638,"[3.034722,0.8539397,0.05000001]",
10639,"[3.03205,0.854077,0.05000013]",
10640,"[3.030142,0.8542573,0.05000013]",
10641,"[3.026903,0.8545792,0.05000013]",
10642,"[3.02553,0.8547555,0.05000013]",
10643,"[3.024314,0.8548424,0.05000001]",
10644,"[3.022927,0.8548818,0.05000025]",
10645,"[3.022497,0.854825,0.05000013]",
10646,"[3.021992,0.8548424,0.05000013]",
10647,"[3.021877,0.8549154,0.05000001]",
10648,"[3.021808,0.8549566,0.05000001]",
10649,"[3.021772,0.8549602,0.05000013]",
10650,"[3.021732,0.8549622,0.05000001]",
10651,"[3.021636,0.8549292,0.05000013]",
10652,"[3.021583,0.8548982,0.05000013]",
10653,"[3.021544,0.8549368,0.05000001]",
10654,"[3.021506,0.8549757,0.05000013]",
10655,"[3.02144,0.8550487,0.05000001]",
10656,"[3.0214,0.8550789,0.05000001]",
10657,"[3.021357,0.8551182,0.05000013]",
10658,"[3.021259,0.855297,0.05000013]",
10659,"[3.021163,0.8554184,0.05000001]",
10660,"[3.023557,0.8607387,0.05000013]",
10661,"[3.029653,0.8657905,0.05000001]",
10662,"[3.037783,0.8719623,0.05000013]",
10663,"[3.041265,0.874573,0.05000013]",
10664,"[3.044213,0.8767797,0.05000013]",
10665,"[3.048215,0.8797662,0.05000001]",
10666,"[3.05019,0.8813829,0.05000013]",
10667,"[3.053495,0.8842191,0.05000013]",
10668,"[3.05652,0.886291,0.05000013]",
10669,"[3.061951,0.8900679,0.05000013]",
10670,"[3.064027,0.891506,0.05000013]",
10671,"[3.065953,0.892869,0.05000013]",
10672,"[3.067149,0.8948064,0.05000013]",
10673,"[3.067554,0.8953521,0.05000013]",
10674,"[3.069667,0.8961765,0.05000013]",
10675,"[3.071245,0.8965234,0.05000025]",
10676,"[3.07343,0.8966954,0.05000001]",
10677,"[3.074153,0.8966353,0.05000025]",
10678,"[3.075312,0.8965357,0.05000013]",
10679,"[3.075833,0.8965106,0.05000013]",
10680,"[3.596726,0.9871128,0.05000045]",
10681,"[4.016634,1.054035,0.04999959]",
10682,"[4.041199,1.058575,0.04999947]",
10683,"[4.077913,1.138626,0.3340315]",
10684,"[4.088983,1.140156,0.3340315]",
10685,"[4.098183,1.14022,0.3340315]",
10686,"[4.105783,1.1403,0.3340315]",
10687,"[4.111641,1.140629,0.3340315]",
10688,"[4.111641,1.140629,0.3340315]",
10689,"[4.116154,1.14089,0.3340315]",
10690,"[4.142315,1.164173,0.3340316]",
10691,"[4.162479,1.185676,0.3340316]",
10692,"[4.171597,1.195383,0.3340316]",
10693,"[4.179374,1.202799,0.3340316]",
10694,"[4.184211,1.207489,0.3340316]",
10695,"[4.187726,1.212132,0.3340316]",
10696,"[4.190016,1.215169,0.3340316]",
10697,"[4.192359,1.21822,0.3340316]",
10698,"[4.194365,1.221143,0.3340316]",
10699,"[4.196059,1.223864,0.3340316]",
10700,"[4.197321,1.225916,0.3340316]",
10701,"[4.199419,1.22817,0.3340316]",
10702,"[4.20089,1.229758,0.3340316]",
10703,"[4.218575,1.255428,0.3340316]",
10704,"[4.224268,1.263842,0.3340316]",
10705,"[4.231558,1.273423,0.3340316]",
10706,"[4.234221,1.276477,0.3340316]",
10707,"[4.236222,1.2788,0.3340316]",
10708,"[4.239069,1.281676,0.3340316]",
10709,"[4.240462,1.283009,0.3340316]",
10710,"[4.241376,1.283873,0.3340316]",
10711,"[4.241906,1.284662,0.3340316]",
10712,"[4.242311,1.285289,0.3340316]",
10713,"[4.232286,1.298084,0.3340316]",
10714,"[4.224855,1.306664,0.3340316]",
10715,"[4.20616,1.32007,0.3340316]",
10716,"[4.200585,1.324235,0.3340316]",
10717,"[4.195627,1.327803,0.3340316]",
10718,"[4.192181,1.329817,0.3340316]",
10719,"[4.188523,1.332029,0.3340316]",
10720,"[4.187191,1.332896,0.3340316]",
10721,"[4.18489,1.334269,0.3340316]",
10722,"[4.183883,1.334897,0.3340316]",
10723,"[4.183443,1.335475,0.3340316]",
10724,"[4.190472,1.349028,0.3340316]",
10725,"[4.195897,1.358372,0.3340316]",
10726,"[4.199824,1.366177,0.3340316]",
10727,"[4.199824,1.366177,0.3340316]",
10728,"[4.202771,1.371834,0.3340316]",
10729,"[4.204884,1.376679,0.3340316]",
10730,"[4.206315,1.380987,0.3340316]",
10731,"[4.207405,1.384123,0.3340316]",
10732,"[4.208817,1.387099,0.3340316]",
10733,"[4.257293,1.385827,0.3340316]",
10734,"[4.271413,1.385506,0.3340316]",
10735,"[4.57099,1.357147,0.3340316]",
10736,"[4.755733,1.337169,0.3340316]",
10737,"[4.800076,1.333483,0.3340316]",
10738,"[4.822519,1.328386,0.3340316]",
10739,"[4.836459,1.325231,0.3340316]",
10740,"[4.855428,1.320915,0.3340316]",
10741,"[4.861038,1.319054,0.3340316]",
10742,"[4.868968,1.31614,0.3340316]",
10743,"[4.87179,1.313988,0.3340316]",
10744,"[4.876602,1.310394,0.3340316]",
10745,"[4.878706,1.309091,0.3340316]",
10746,"[4.882225,1.307756,0.3340316]",
10747,"[4.883961,1.307346,0.3340316]",
10748,"[4.885518,1.307007,0.3340316]",
10749,"[4.888513,1.306168,0.3340316]",
10750,"[4.889367,1.305879,0.3340316]",
10751,"[4.890607,1.305419,0.3340316]",
10752,"[4.890936,1.305297,0.3340316]",
10753,"[4.891753,1.304774,0.3340316]",
10754,"[4.892156,1.304523,0.3340316]",
10755,"[4.908119,1.304285,0.3340316]",
10756,"[4.908119,1.304285,0.3340316]",
10757,"[4.920225,1.304059,0.3340316]",
10758,"[4.920225,1.304059,0.3340316]",
10759,"[4.920225,1.304059,0.3340316]",
10760,"[4.929566,1.30483,0.3340316]",
10761,"[4.929566,1.30483,0.3340316]",
10762,"[4.939789,1.306488,0.3340316]",
10763,"[4.953753,1.313176,0.3340316]",
10764,"[4.968505,1.33509,0.3340316]",
10765,"[4.977909,1.348475,0.3340316]",
10766,"[4.984067,1.357602,0.3340316]",
10767,"[4.988105,1.363658,0.3340316]",
10768,"[4.990112,1.36642,0.3340316]",
10769,"[4.992487,1.369503,0.3340316]",
10770,"[4.993281,1.370436,0.3340316]",
10771,"[4.993774,1.371151,0.3340316]",
10772,"[4.993769,1.371231,0.3340316]",
10773,"[4.993617,1.371494,0.3340316]",
10774,"[4.993448,1.372377,0.3340316]",
10775,"[4.993305,1.373162,0.3340316]",
10776,"[4.993374,1.375119,0.3340316]",
10777,"[4.993684,1.376778,0.3340316]",
10778,"[4.994717,1.382012,0.3340316]",
10779,"[4.9954,1.384398,0.3340316]",
10780,"[5.063503,1.39,0.2432501]",
10781,"[5.201915,1.414506,0.05000024]",
10782,"[5.201764,1.438962,0.05000037]",
10783,"[5.201114,1.47265,0.05000036]",
10784,"[5.201976,1.476918,0.05000036]",
10785,"[5.201976,1.476918,0.05000036]",
10786,"[5.202887,1.480428,0.05000038]",
10787,"[5.203646,1.483127,0.05000024]",
10788,"[5.203646,1.483127,0.05000024]",
10789,"[5.20483,1.484398,0.05000024]",
10790,"[5.206681,1.485571,0.05000024]",
10791,"[5.207676,1.485669,0.05000036]",
10792,"[5.207676,1.485669,0.05000036]",
10793,"[5.208618,1.485717,0.05000024]",
10794,"[5.209479,1.485786,0.05000039]",
10795,"[5.210201,1.485778,0.05000024]",
10796,"[5.210391,1.485677,0.05000036]",
10797,"[5.210391,1.485677,0.05000036]",
10798,"[5.210296,1.486066,0.05000036]",
10799,"[5.209855,1.48664,0.05000024]",
10800,"[5.209571,1.487428,0.05000024]",
10801,"[5.209364,1.488271,0.05000036]",
10802,"[5.20973,1.489968,0.05000039]",
10803,"[5.210037,1.493332,0.05000024]",
10804,"[5.21063,1.497076,0.05000036]",
10805,"[5.212019,1.499968,0.05000024]",
10806,"[5.213653,1.5036,0.05000036]",
10807,"[5.215259,1.508533,0.05000024]",
10808,"[5.215259,1.508533,0.05000024]",
10809,"[5.216662,1.514822,0.05000012]",
10810,"[5.2169,1.519756,0.05000036]",
10811,"[5.216937,1.52096,0.05000036]",
10812,"[5.217015,1.521818,0.0500004]",
10813,"[5.216498,1.521673,0.05000024]",
10814,"[5.215866,1.521263,0.05000024]",
10815,"[5.21474,1.520308,0.05000024]",
10816,"[5.214094,1.519762,0.05000036]",
10817,"[5.213593,1.519456,0.05000024]",
10818,"[5.213056,1.51879,0.05000024]",
10819,"[5.213069,1.518572,0.05000024]",
10820,"[5.213114,1.518339,0.05000024]",
10821,"[5.213215,1.517637,0.05000036]",
10822,"[5.213215,1.517637,0.05000036]",
10823,"[5.212921,1.516396,0.05000024]",
10824,"[5.212766,1.515384,0.05000012]",
10825,"[5.21261,1.514106,0.05000036]",
10826,"[5.212334,1.512643,0.05000036]",
10827,"[5.212245,1.511854,0.05000024]",
10828,"[5.212159,1.511174,0.05000036]",
10829,"[5.212022,1.510556,0.05000036]",
10830,"[5.211678,1.510136,0.05000024]",
10831,"[5.211116,1.509603,0.05000024]",
10832,"[5.033251,1.471724,0.05000025]",
10833,"[5.033251,1.471724,0.05000025]",
10834,"[4.986472,1.462254,0.05000024]",
10835,"[4.89797,1.439041,0.05000014]",
10836,"[4.89797,1.439041,0.05000014]",
10837,"[4.862742,1.429509,0.05000002]",
10838,"[4.843971,1.425007,0.05000015]",
10839,"[4.825167,1.420305,0.05000014]",
10840,"[4.818899,1.418645,0.05000013]",
10841,"[4.803965,1.410886,0.05000002]",
10842,"[4.794318,1.406081,0.05000002]",
10843,"[4.361296,1.310866,0.3340316]",
10844,"[4.09123,1.200623,0.3340315]",
10845,"[4.070001,1.18419,0.3000686]",
10846,"[3.95345,1.024757,0.05000079]",
10847,"[3.95345,1.024757,0.05000079]",
10848,"[3.898845,0.8810356,0.05000068]",
10849,"[3.898845,0.8810356,0.05000068]",
10850,"[3.983059,0.9980045,0.5671404]",
10851,"[3.997119,0.9980045,0.6130364]",
10852,"[4.019971,0.9980045,0.6553168]",
10853,"[4.033885,0.9980045,0.6760363]",
10854,"[4.039098,0.9980045,0.6839998]",
10855,"[4.048347,0.9980045,0.6926548]",
10856,"[4.050485,0.9980045,0.6941598]",
10857,"[4.052165,0.9980045,0.6953257]",
10858,"[4.054667,0.9980045,0.6974009]",
10859,"[4.054667,0.9980045,0.6974009]",
10860,"[4.055238,0.9980045,0.6975325]",
10861,"[4.055522,0.9980045,0.6978452]",
10862,"[4.055654,0.9980045,0.6979023]",
10863,"[4.05571,0.9980045,0.6979108]",
10864,"[4.055789,0.9980045,0.6979356]",
10865,"[4.056071,0.9980045,0.6982129]",
10866,"[4.056284,0.9980045,0.6983672]",
10867,"[4.0566,0.9980045,0.6985857]",
10868,"[4.056804,0.9980045,0.6987038]",
10869,"[4.057195,0.9980045,0.6988946]",
10870,"[4.057493,0.9980045,0.6990471]",
10871,"[4.058781,0.9980045,0.7002875]",
10872,"[4.059558,0.9980045,0.7011709]",
10873,"[4.060304,0.9980045,0.7020146]",
10874,"[4.052939,0.9980045,0.7046887]",
10875,"[4.047805,0.9980045,0.7061646]",
10876,"[4.045135,0.9980045,0.7069293]",
10877,"[4.045135,0.9980045,0.7069293]",
10878,"[4.041937,0.9980045,0.7079623]",
10879,"[4.039982,0.9980045,0.7086375]",
10880,"[4.036993,0.9980045,0.7090219]",
10881,"[4.034486,0.9980045,0.7091648]",
10882,"[4.032751,0.9980045,0.7094776]",
10883,"[4.030556,0.9980045,0.7099913]",
10884,"[4.029031,0.9980045,0.7100329]",
10885,"[4.02798,0.9980045,0.7100779]",
10886,"[4.060252,0.9980045,0.6959194]",
10887,"[4.069687,0.9980045,0.6919317]",
10888,"[4.078235,0.9980045,0.6885229]",
10889,"[4.086133,0.9980045,0.6859764]",
10890,"[4.089982,0.9980045,0.6849475]",
10891,"[4.093717,0.9980045,0.6832587]",
10892,"[4.099575,0.9980045,0.6808535]",
10893,"[4.101951,0.9980045,0.6799277]",
10894,"[4.131467,0.9980045,0.6625872]",
10895,"[4.142601,0.9980045,0.6559184]",
10896,"[4.153801,0.9980045,0.6485665]",
10897,"[4.159718,0.9980045,0.6447615]",
10898,"[4.16396,0.9980045,0.6406915]",
10899,"[4.16396,0.9980045,0.6406915]",
10900,"[4.168342,0.9980045,0.636135]",
10901,"[4.168342,0.9980045,0.636135]",
10902,"[4.168342,0.9980045,0.636135]",
10903,"[4.171487,0.9980045,0.6334559]",
10904,"[4.173131,0.9980045,0.6314386]",
10905,"[4.174885,0.9980045,0.6295036]",
10906,"[4.176212,0.9980045,0.6280765]",
10907,"[4.178826,0.9980045,0.6255581]",
10908,"[4.179928,0.9980045,0.6245559]",
10909,"[4.180928,0.9980045,0.6237395]",
10910,"[4.182556,0.9980045,0.6225]",
10911,"[4.183258,0.9980045,0.6220304]",
10912,"[4.184572,0.9980045,0.6212136]",
10913,"[4.184917,0.9980045,0.6210876]",
10914,"[4.185239,0.9980045,0.6209888]",
10915,"[4.185376,0.9980045,0.6208967]",
10916,"[4.18536,0.9980045,0.6207208]",
10917,"[4.18534,0.9980045,0.6205592]",
10918,"[4.185295,0.9980045,0.6203988]",
10919,"[4.183109,0.9980045,0.6174996]",
10920,"[4.181318,0.9980045,0.6152319]",
10921,"[4.173694,0.9980045,0.6082382]",
10922,"[4.166122,0.9980045,0.6018319]",
10923,"[4.162089,0.9980045,0.5985761]",
10924,"[4.162089,0.9980045,0.5985761]",
10925,"[4.158305,0.9980045,0.595766]",
10926,"[4.155198,0.9980045,0.594106]",
10927,"[4.151782,0.9980045,0.5912647]",
10928,"[4.151782,0.9980045,0.5912647]",
10929,"[4.149089,0.9980045,0.5893053]",
10930,"[4.147238,0.9980045,0.5889916]",
10931,"[4.145474,0.9980045,0.5889764]",
10932,"[4.144588,0.9980045,0.5890771]",
10933,"[4.143813,0.9980045,0.5889959]",
10934,"[4.143286,0.9980045,0.5889]",
10935,"[4.142864,0.9980045,0.5889224]",
10936,"[4.142138,0.9980045,0.5888482]",
10937,"[4.142138,0.9980045,0.5888482]",
10938,"[4.141482,0.9980045,0.5886639]",
10939,"[4.140429,0.9980045,0.5884567]",
10940,"[4.139871,0.9980045,0.5884713]",
10941,"[4.138857,0.9980045,0.5879555]",
10942,"[4.138423,0.9980045,0.5875039]",
10943,"[4.137889,0.9980045,0.5878984]",
10944,"[4.137454,0.9980045,0.5882415]",
10945,"[4.137226,0.9980045,0.5880638]",
10946,"[4.137089,0.9980045,0.5879107]",
10947,"[4.136887,0.9980045,0.5882103]",
10948,"[4.136662,0.9980045,0.5875961]",
10949,"[4.136662,0.9980045,0.5875961]",
10950,"[4.136505,0.9980045,0.5881521]",
10951,"[4.136438,0.9980045,0.5886795]",
10952,"[4.136386,0.9980045,0.5892052]",
10953,"[4.136386,0.9980045,0.5892052]",
10954,"[4.136374,0.9980045,0.5897136]",
10955,"[4.1391,0.9980045,0.5859896]",
10956,"[4.140993,0.9980045,0.5833691]",
10957,"[4.142849,0.9980045,0.5805637]",
10958,"[4.144061,0.9980045,0.5783992]",
10959,"[4.14528,0.9980045,0.5762662]",
10960,"[4.146219,0.9980045,0.5747291]",
10961,"[4.14698,0.9980045,0.5735779]",
10962,"[4.147788,0.9980045,0.5723093]",
10963,"[4.148697,0.9980045,0.5711454]",
10964,"[4.150984,0.9980045,0.5673406]",
10965,"[4.157789,0.9980045,0.5065705]",
10966,"[4.179596,0.9392295,0.3340316]",
10967,"[4.179596,0.9392295,0.3340316]",
10968,"[4.179996,0.9632329,0.3340316]",
10969,"[4.180782,0.9759435,0.3340316]",
10970,"[4.181458,0.9835752,0.3340316]",
10971,"[4.182771,0.9942756,0.3340316]",
10972,"[4.183382,0.9978622,0.3340316]",
10973,"[4.184511,1.002321,0.3340316]",
10974,"[4.184953,1.00383,0.3340316]",
10975,"[4.187279,1.01996,0.3340316]",
10976,"[4.188173,1.025242,0.3340316]",
10977,"[4.188819,1.028665,0.3340316]",
10978,"[4.189901,1.033529,0.3340316]",
10979,"[4.190391,1.035363,0.3340316]",
10980,"[4.191657,1.042365,0.3340316]",
10981,"[4.192168,1.046715,0.3340316]",
10982,"[4.192952,1.053149,0.3340316]",
10983,"[4.193247,1.055516,0.3340316]",
10984,"[4.193852,1.059633,0.3340316]",
10985,"[4.194203,1.06135,0.3340316]",
10986,"[4.194574,1.062825,0.3340316]",
10987,"[4.195181,1.065536,0.3340316]",
10988,"[4.19532,1.065862,0.3340316]",
10989,"[4.195744,1.066154,0.3340316]",
10990,"[4.195981,1.066165,0.3340316]",
10991,"[4.196382,1.066174,0.3340316]",
10992,"[4.197036,1.066216,0.3340316]",
10993,"[4.197441,1.066414,0.3340316]",
10994,"[4.197761,1.066601,0.3340316]",
10995,"[4.198037,1.066818,0.3340316]",
10996,"[4.198147,1.066931,0.3340316]",
10997,"[4.198265,1.067077,0.3340316]",
10998,"[4.198321,1.067171,0.3340316]",
10999,"[4.198321,1.067171,0.3340316]",
11000,"[4.198408,1.067301,0.3340316]",
11001,"[4.198438,1.067388,0.3340316]",
11002,"[4.19843,1.067461,0.3340316]",
11003,"[4.19839,1.067521,0.3340316]",
11004,"[4.198334,1.067592,0.3340316]",
11005,"[4.198234,1.067688,0.3340316]",
11006,"[4.198234,1.067688,0.3340316]",
11007,"[4.198097,1.067856,0.3340316]",
11008,"[4.192585,1.048472,0.3340316]",
11009,"[4.189346,1.037595,0.3340316]",
11010,"[4.130884,0.9980045,0.6458121]",
11011,"[4.117677,0.9980045,0.7219627]",
11012,"[4.113065,0.9980045,0.7477688]",
11013,"[4.108957,0.9980045,0.7703671]",
11014,"[4.106034,0.9980045,0.7839943]",
11015,"[4.106034,0.9980045,0.7839943]",
11016,"[4.102732,0.9980045,0.7964968]",
11017,"[4.100525,0.9980045,0.8052114]",
11018,"[4.049561,0.7062627,0.6911662]",
11019,"[4.046434,0.6957203,0.6911662]",
11020,"[4.036125,0.6548505,0.6911662]",
11021,"[4.025317,0.6237082,0.6911662]",
11022,"[4.0173,0.6018317,0.6911662]",
11023,"[4.008551,0.5828871,0.6911662]",
11024,"[4.004032,0.573939,0.6911662]",
11025,"[3.999188,0.5661304,0.6911662]",
11026,"[3.98988,0.5551045,0.6911662]",
11027,"[3.98376,0.5499824,0.6911662]",
11028,"[3.981464,0.5477767,0.6911662]",
11029,"[3.979483,0.5463591,0.6911662]",
11030,"[3.975757,0.5479861,0.6911662]",
11031,"[3.972122,0.548807,0.6911662]",
11032,"[3.968978,0.5494468,0.6911662]",
11033,"[3.965765,0.5625669,0.6911662]",
11034,"[3.964349,0.5672717,0.6911662]",
11035,"[3.962868,0.6362116,0.6911662]",
11036,"[3.965784,0.6533926,0.6911662]",
11037,"[3.969898,0.6776258,0.6911662]",
11038,"[3.97112,0.6841848,0.6911662]",
11039,"[3.973506,0.6934115,0.6911662]",
11040,"[3.974554,0.6967772,0.6911662]",
11041,"[3.977112,0.7031633,0.6911662]",
11042,"[3.97789,0.7052476,0.6911662]",
11043,"[3.978832,0.7067022,0.6911662]",
11044,"[3.980338,0.7091961,0.6911662]",
11045,"[3.981316,0.7109091,0.6911662]",
11046,"[3.982863,0.7132991,0.6911662]",
11047,"[3.983697,0.7144136,0.6911662]",
11048,"[3.984315,0.7160565,0.6911662]",
11049,"[3.985567,0.7187589,0.6911662]",
11050,"[3.986419,0.7202513,0.6911662]",
11051,"[3.988394,0.723745,0.6911662]",
11052,"[3.990034,0.7265497,0.6911662]",
11053,"[3.993056,0.7309366,0.6911662]",
11054,"[3.994778,0.7332495,0.6911662]",
11055,"[3.997793,0.737607,0.6911662]",
11056,"[3.998755,0.7388427,0.6911662]",
11057,"[4.000469,0.7407757,0.6911662]",
11058,"[4.001104,0.7414309,0.6911662]",
11059,"[4.001718,0.7420706,0.6911662]",
11060,"[4.002062,0.7429858,0.6911662]",
11061,"[4.002078,0.7431267,0.6911662]",
11062,"[4.002212,0.7435116,0.6911662]",
11063,"[4.002414,0.7439268,0.6911662]",
11064,"[4.002645,0.7443627,0.6911662]",
11065,"[4.002668,0.744467,0.6911662]",
11066,"[4.002738,0.7445987,0.6911662]",
11067,"[4.003508,0.7452154,0.6911662]",
11068,"[4.004552,0.7459093,0.6911662]",
11069,"[4.008931,0.7477981,0.6911662]",
11070,"[4.012113,0.7487844,0.6911662]",
11071,"[4.02353,0.7519592,0.6911662]",
11072,"[4.032046,0.7542124,0.6911662]",
11073,"[4.061241,0.7548524,0.6911662]",
11074,"[4.248569,0.7436229,0.7772611]",
11075,"[4.265715,0.7529488,0.7996454]",
11076,"[4.438468,0.4588442,0.5124482]",
11077,"[4.456169,0.4785029,0.5707129]",
11078,"[4.503175,0.4517926,0.5875757]",
11079,"[4.529582,0.4347945,0.5877681]",
11080,"[4.573936,0.4121846,0.5880912]",
11081,"[4.589527,0.4048158,0.5882047]",
11082,"[4.789295,0.1,0.2872152]",
11083,"[4.845452,0.1,0.3097338]",
11084,"[4.896973,0.1,0.3276666]",
11085,"[5.02744,0.0999999,0.3588319]",
11086,"[5.094248,0.0999999,0.3818207]",
11087,"[4.48101,1.002655,1.278293]",
11088,"[4.554333,1.091375,1.462601]",
11089,"[4.740625,0.9703573,1.406355]",
11090,"[4.740625,0.9846614,1.427128]",
11091,"[4.740625,0.9934907,1.442109]",
11092,"[4.740625,1.006133,1.46391]",
11093,"[4.740625,1.004824,1.461455]",
11094,"[4.740625,0.995315,1.44793]",
11095,"[4.740625,0.9893003,1.440208]",
11096,"[4.740625,0.9765134,1.421422]",
11097,"[4.740625,0.9704241,1.412583]",
11098,"[4.740625,0.9576752,1.39386]",
11099,"[4.740625,0.9485195,1.378982]",
11100,"[4.740625,0.9437956,1.371238]",
11101,"[4.740625,0.9413339,1.367031]",
11102,"[4.740625,0.9368609,1.358296]",
11103,"[4.740625,0.9346511,1.349323]",
11104,"[4.740625,0.9353201,1.34735]",
11105,"[4.740625,0.9374188,1.34644]",
11106,"[4.740625,0.9721121,1.371614]",
11107,"[4.740625,0.9846102,1.384016]",
11108,"[4.740625,0.9947244,1.395193]",
11109,"[4.740625,1.005813,1.409372]",
11110,"[4.740625,1.0064,1.409655]",
11111,"[4.740625,1.005726,1.409699]",
11112,"[4.740625,1.004162,1.408941]",
11113,"[4.740625,1.00338,1.408225]",
11114,"[4.740625,1.002092,1.407273]",
11115,"[4.740625,1.001474,1.406948]",
11116,"[4.740625,0.9995256,1.405113]",
11117,"[4.740625,0.998952,1.404674]",
11118,"[4.740625,0.9986769,1.404416]",
11119,"[4.740625,0.9985918,1.404063]",
11120,"[4.740625,0.9989074,1.40389]",
11121,"[4.740625,0.9994162,1.403772]",
11122,"[4.740625,1.00073,1.403382]",
11123,"[4.740625,1.001336,1.403341]",
11124,"[4.740625,1.001684,1.403137]",
11125,"[4.740625,1.002222,1.403109]",
11126,"[4.740625,1.002747,1.403325]",
11127,"[4.740625,1.007664,1.413726]",
11128,"[4.740625,1.012123,1.424276]",
11129,"[4.740625,1.016809,1.434172]",
11130,"[4.740625,1.022561,1.445713]",
11131,"[4.710153,1.057648,1.482111]",
11132,"[4.717389,1.079882,1.499821]",
11133,"[4.721201,1.095762,1.516999]",
11134,"[4.728556,1.099651,1.526147]",
11135,"[4.733817,1.102347,1.532748]",
11136,"[4.739953,1.104811,1.542039]",
11137,"[4.73947,1.106319,1.542867]",
11138,"[4.74606,1.108703,1.554247]",
11139,"[4.747391,1.110506,1.558216]",
11140,"[4.747339,1.111039,1.55852]",
11141,"[4.747267,1.111389,1.558449]",
11142,"[4.750064,1.111754,1.561098]",
11143,"[4.752492,1.11181,1.563964]",
11144,"[4.753205,1.111024,1.562777]",
11145,"[4.753961,1.110285,1.561769]",
11146,"[4.753617,1.110558,1.561558]",
11147,"[4.753339,1.110831,1.561623]",
11148,"[4.751233,1.110519,1.559692]",
11149,"[4.729467,1.10859,1.531878]",
11150,"[4.726786,1.110189,1.528917]",
11151,"[4.729053,1.115363,1.534874]",
11152,"[4.735236,1.12062,1.543633]",
11153,"[4.75655,1.133976,1.572066]",
11154,"[4.773205,1.144082,1.592728]",
11155,"[4.927967,1.063901,1.518632]",
11156,"[4.927967,1.063901,1.518632]",
11157,"[5.291712,0.8592164,1.329872]",
11158,"[5.468204,0.9005975,1.562382]",
11159,"[5.597609,0.8983458,1.661298]",
11160,"[5.950001,1.038042,2.392565]",
11161,"[5.95,1.093269,2.713205]",
11162,"[5.95,1.110768,2.825601]",
11163,"[5.95,1.552493,3.593045]",
11164,"[5.95,1.61472,3.761479]",
11165,"[5.95,1.724815,4.158193]",
11166,"[5.623424,1.743044,3.957259]",
11167,"[5.319894,1.80048,3.983198]",
11168,"[5.316592,1.803399,3.983205]",
11169,"[5.301881,1.820388,3.98324]",
11170,"[5.299202,1.820476,3.98324]",
11171,"[5.155097,1.833375,3.983267]",
11172,"[5.082734,1.841313,3.983284]",
11173,"[4.686566,1.884338,3.983374]",
11174,"[4.503269,1.907702,3.983423]",
11175,"[4.448987,1.91304,3.983434]",
11176,"[4.419305,1.905728,3.983419]",
11177,"[4.404727,1.901592,3.98341]",
11178,"[4.450335,1.874406,3.983353]",
11179,"[4.477743,1.862038,3.983327]",
11180,"[4.620826,1.819929,3.983239]",
11181,"[4.67832,1.806893,3.983212]",
11182,"[4.731933,1.795931,3.983189]",
11183,"[4.741067,1.795159,3.983187]",
11184,"[4.746336,1.79524,3.983187]",
11185,"[4.684873,1.806794,3.983212]",
11186,"[4.657343,1.809193,3.983217]",
11187,"[4.620437,1.810687,3.98322]",
11188,"[4.610827,1.810994,3.98322]",
11189,"[4.60603,1.811076,3.983221]",
11190,"[4.603293,1.810402,3.983219]",
11191,"[4.601538,1.808611,3.983215]",
11192,"[4.603791,1.801973,3.983202]",
11193,"[4.607156,1.798619,3.983195]",
11194,"[4.623607,1.788332,3.983173]",
11195,"[4.634813,1.781775,3.983159]",
11196,"[4.669101,1.638534,3.982859]",
11197,"[4.693524,1.577797,3.982732]",
11198,"[4.754216,1.507617,3.982585]",
11199,"[4.789995,1.486667,3.982541]",
11200,"[4.842635,1.462416,3.98249]",
11201,"[4.918253,1.431378,3.982425]",
11202,"[4.946513,1.418961,3.982399]",
11203,"[4.963398,1.418369,3.982398]",
11204,"[4.994461,1.414769,3.982391]",
11205,"[5.095292,1.399042,3.982358]",
11206,"[5.181662,1.395078,3.982349]",
11207,"[5.452842,1.363869,3.982284]",
11208,"[5.95,1.27765,4.264346]",
11209,"[5.569554,1.344728,3.371323]",
11210,"[5.59332,1.272879,2.124518]",
11211,"[5.780326,1.153,1.88233]",
11212,"[5.624534,1.133785,1.696324]",
11213,"[4.913999,1.292315,1.518632]",
11214,"[4.740626,1.158149,1.282517]",
11215,"[4.740626,1.138847,1.238144]",
11216,"[4.788979,0.9596831,0.8405682]",
11217,"[4.486565,1.271385,1.471527]",
11218,"[4.415752,1.190277,1.449336]",
11219,"[4.386608,1.166701,1.440203]",
11220,"[4.374375,1.159444,1.436369]",
11221,"[4.368206,1.14116,1.434436]",
11222,"[4.370209,1.129473,1.435064]",
11223,"[4.523334,0.4671177,0.5877225]",
11224,"[4.547961,0.4388629,0.5879019]",
11225,"[4.443917,1.091375,1.44878]",
11226,"[4.490753,1.091375,1.467669]",
11227,"[4.500598,1.091375,1.47291]",
11228,"[4.531968,1.091375,1.473762]",
11229,"[4.536886,1.091375,1.473909]",
11230,"[4.691871,0.8371699,1.16813]",
11231,"[4.708031,0.8371699,1.161353]",
11232,"[4.787833,0.7107204,1.002849]",
11233,"[4.794296,0.7189431,1.004874]",
11234,"[4.79573,0.7217144,1.005324]",
11235,"[4.793174,0.7217207,1.004523]",
11236,"[4.640262,0.986316,1.330191]",
11237,"[4.611035,1.034511,1.389659]",
11238,"[4.610527,1.034707,1.390286]",
11239,"[4.61019,1.034063,1.390321]",
11240,"[4.610962,1.034126,1.391613]",
11241,"[4.612777,1.033711,1.392788]",
11242,"[4.614463,1.032872,1.393165]",
11243,"[4.615887,1.033098,1.39461]",
11244,"[4.618568,1.033378,1.398096]",
11245,"[4.619977,1.033562,1.400041]",
11246,"[4.623673,1.03347,1.403481]",
11247,"[4.626268,1.032193,1.403333]",
11248,"[4.628863,1.030927,1.403133]",
11249,"[4.634848,1.029833,1.40483]",
11250,"[4.640092,1.036538,1.415043]",
11251,"[4.643278,1.042147,1.423314]",
11252,"[4.658257,1.047619,1.436488]",
11253,"[4.671554,1.052547,1.449292]",
11254,"[4.682488,1.056192,1.458875]",
11255,"[4.740627,1.066941,1.498421]",
11256,"[4.769553,1.072327,1.518631]",
11257,"[4.791815,1.066113,1.518631]",
11258,"[4.809921,1.061215,1.518631]",
11259,"[4.813855,1.060211,1.518631]",
11260,"[4.819513,1.058863,1.518631]",
11261,"[4.819632,1.058826,1.518631]",
11262,"[4.824579,1.056509,1.518631]",
11263,"[4.824579,1.056509,1.518631]",
11264,"[4.821425,1.054731,1.518631]",
11265,"[4.813448,1.052724,1.518631]",
11266,"[4.804134,1.050513,1.518631]",
11267,"[4.801177,1.049321,1.518631]",
11268,"[4.796518,1.048652,1.518631]",
11269,"[4.792887,1.047495,1.518631]",
11270,"[4.791899,1.04729,1.518631]",
11271,"[4.793906,1.045167,1.518631]",
11272,"[4.796364,1.043408,1.518631]",
11273,"[4.804644,1.038647,1.518631]",
11274,"[4.818712,1.033844,1.518631]",
11275,"[4.831808,1.029646,1.518631]",
11276,"[4.993628,0.9530331,1.518631]",
11277,"[5.031895,0.9349252,1.518631]",
11278,"[5.060884,0.9216875,1.518631]",
11279,"[5.365076,0.6624517,1.310156]",
11280,"[5.382511,0.6726176,1.341163]",
11281,"[5.393269,0.6726176,1.350994]",
11282,"[5.399183,0.6726176,1.368119]",
11283,"[5.404753,0.6726176,1.380343]",
11284,"[5.418843,0.6726176,1.408536]",
11285,"[5.452927,0.6726176,1.429401]",
11286,"[5.356924,0.8223222,1.563032]",
11287,"[5.5865,0.6726176,1.462163]",
11288,"[5.607814,0.6726176,1.463615]",
11289,"[5.418125,0.8132359,1.563032]",
11290,"[5.415504,0.8160172,1.563032]",
11291,"[5.325945,0.8686748,1.563032]",
11292,"[5.291712,0.8867328,1.56043]",
11293,"[4.850389,1.003898,1.518631]",
11294,"[4.844993,1.005765,1.518631]",
11295,"[4.831037,1.006977,1.518631]",
11296,"[4.812118,1.009549,1.518631]",
11297,"[4.805123,1.010855,1.518631]",
11298,"[4.794291,1.013945,1.518631]",
11299,"[4.790119,1.015568,1.518631]",
11300,"[4.787892,1.015772,1.518631]",
11301,"[4.78606,1.01597,1.518631]",
11302,"[4.785733,1.015957,1.518631]",
11303,"[4.785348,1.015933,1.518631]",
11304,"[4.784645,1.015897,1.518631]",
11305,"[4.783942,1.015197,1.518631]",
11306,"[4.784868,1.013935,1.518631]",
11307,"[4.786853,1.011837,1.518631]",
11308,"[4.78788,1.010624,1.518631]",
11309,"[4.788414,1.009655,1.518631]",
11310,"[4.789774,1.00741,1.518631]",
11311,"[4.790027,1.006283,1.518631]",
11312,"[4.790557,1.003914,1.518631]",
11313,"[4.789591,1.002427,1.518631]",
11314,"[4.792442,0.9972155,1.518631]",
11315,"[4.793502,0.99428,1.518631]",
11316,"[4.793541,0.9885058,1.518631]",
11317,"[4.792519,0.9848412,1.518631]",
11318,"[4.77342,0.9319299,1.518631]",
11319,"[4.768659,0.9220954,1.518631]",
11320,"[4.765136,0.9160219,1.518631]",
11321,"[4.759644,0.9091349,1.518631]",
11322,"[4.757909,0.9080881,1.518631]",
11323,"[4.755632,0.9061903,1.518631]",
11324,"[4.754886,0.9052983,1.518631]",
11325,"[4.75324,0.9032704,1.518631]",
11326,"[4.753503,0.9028406,1.518631]",
11327,"[4.753671,0.9025044,1.518631]",
11328,"[4.754174,0.9024785,1.518631]",
11329,"[4.754355,0.9024556,1.518631]",
11330,"[4.75482,0.9032804,1.518631]",
11331,"[4.754756,0.9036839,1.518631]",
11332,"[4.75515,0.9039688,1.518631]",
11333,"[4.755389,0.9041332,1.518631]",
11334,"[4.756155,0.904456,1.518631]",
11335,"[4.756833,0.9046718,1.518631]",
11336,"[4.75759,0.9048452,1.518631]",
11337,"[4.759244,0.9051002,1.518631]",
11338,"[4.761288,0.9047424,1.518631]",
11339,"[4.793726,0.9201304,1.518631]",
11340,"[4.80584,0.9258398,1.518631]",
11341,"[4.819143,0.9304814,1.518631]",
11342,"[4.823184,0.9305551,1.518631]",
11343,"[4.826237,0.929951,1.518631]",
11344,"[4.831581,0.9286464,1.518631]",
11345,"[4.833936,0.9282821,1.518631]",
11346,"[4.83862,0.9277079,1.518631]",
11347,"[4.840819,0.9275064,1.518631]",
11348,"[4.845778,0.9279273,1.518631]",
11349,"[4.84797,0.9285346,1.518631]",
11350,"[4.852682,0.9294282,1.518631]",
11351,"[4.855227,0.9300882,1.518631]",
11352,"[4.857813,0.9307061,1.518631]",
11353,"[4.862711,0.9326457,1.518631]",
11354,"[4.865508,0.9341098,1.518631]",
11355,"[4.867671,0.9366282,1.518631]",
11356,"[4.867183,0.9376907,1.518631]",
11357,"[4.871457,0.9411405,1.518631]",
11358,"[4.873832,0.9430689,1.518631]",
11359,"[4.876435,0.9450451,1.518631]",
11360,"[4.824645,1.029108,1.597806]",
11361,"[4.775701,1.10185,1.66808]",
11362,"[4.883358,0.9492649,1.518631]",
11363,"[4.883358,0.9492649,1.518631]",
11364,"[4.887566,0.9529552,1.518631]",
11365,"[4.893006,0.9602898,1.518631]",
11366,"[4.896152,0.9657001,1.518631]",
11367,"[4.899508,0.9715292,1.518631]",
11368,"[4.904705,0.981325,1.518631]",
11369,"[4.90748,0.9869451,1.518631]",
11370,"[4.910064,0.9962058,1.518631]",
11371,"[4.911615,1.001079,1.518631]",
11372,"[4.911588,0.9999813,1.518631]",
11373,"[4.902809,1.012175,1.531043]",
11374,"[4.881259,1.041407,1.559822]",
11375,"[4.865243,1.063251,1.580674]",
11376,"[4.861031,1.06953,1.58606]",
11377,"[4.854126,1.093643,1.597253]",
11378,"[4.855544,1.097637,1.59588]",
11379,"[4.860788,1.095886,1.589253]",
11380,"[4.870508,1.095054,1.57228]",
11381,"[4.883746,1.096681,1.539948]",
11382,"[4.893994,1.107494,1.518631]",
11383,"[4.894972,1.116586,1.518631]",
11384,"[4.896125,1.121954,1.518631]",
11385,"[4.895539,1.122372,1.518631]",
11386,"[4.895084,1.122531,1.518631]",
11387,"[4.893127,1.121224,1.518631]",
11388,"[4.89204,1.120089,1.518631]",
11389,"[4.890991,1.119301,1.518631]",
11390,"[4.890052,1.118566,1.518631]",
11391,"[4.88955,1.11776,1.518631]",
11392,"[4.890451,1.115842,1.518631]",
11393,"[4.897813,1.111137,1.518631]",
11394,"[4.90674,1.108108,1.518631]",
11395,"[4.906594,1.10928,1.518631]",
11396,"[4.906594,1.10928,1.518631]",
11397,"[4.906662,1.110865,1.518631]",
11398,"[4.906521,1.111729,1.518631]",
11399,"[4.918087,1.105112,1.518631]",
11400,"[4.918019,1.105171,1.518631]",
11401,"[4.918019,1.105171,1.518631]",
11402,"[4.918222,1.105227,1.518631]",
11403,"[4.919255,1.106164,1.518631]",
11404,"[4.919731,1.106745,1.518631]",
11405,"[4.934081,1.120964,1.518631]",
11406,"[4.942404,1.121444,1.518631]",
11407,"[4.954332,1.126666,1.518631]",
11408,"[4.962702,1.126904,1.518631]",
11409,"[4.971304,1.128538,1.518631]",
11410,"[4.978023,1.126601,1.518631]",
11411,"[4.983874,1.124536,1.518631]",
11412,"[4.989381,1.121297,1.518631]",
11413,"[4.989295,1.1211,1.518631]",
11414,"[4.99327,1.118051,1.518631]",
11415,"[4.993354,1.117776,1.518631]",
11416,"[4.99632,1.115697,1.518631]",
11417,"[4.996274,1.115486,1.518631]",
11418,"[5.00195,1.111718,1.518631]",
11419,"[5.005312,1.109646,1.518631]",
11420,"[5.007904,1.108093,1.518631]",
11421,"[5.012689,1.10565,1.518631]",
11422,"[5.01495,1.104757,1.518631]",
11423,"[5.020012,1.103105,1.518631]",
11424,"[5.022082,1.102296,1.518631]",
11425,"[5.026306,1.100551,1.518631]",
11426,"[5.028069,1.09978,1.518631]",
11427,"[5.030321,1.09885,1.518631]",
11428,"[5.034159,1.097269,1.518631]",
11429,"[5.036951,1.095861,1.518631]",
11430,"[5.043237,1.092286,1.518631]",
11431,"[5.046195,1.090503,1.518631]",
11432,"[5.052105,1.0862,1.518631]",
11433,"[5.054325,1.083741,1.518631]",
11434,"[5.058316,1.0789,1.518631]",
11435,"[5.060002,1.076603,1.518631]",
11436,"[5.061253,1.074765,1.518631]",
11437,"[5.040852,1.149334,1.643089]",
11438,"[5.040852,1.149334,1.643089]",
11439,"[5.038968,1.158408,1.660655]",
11440,"[5.044283,1.141251,1.636165]",
11441,"[5.043745,1.140908,1.635862]",
11442,"[5.043745,1.140908,1.635862]",
11443,"[5.043127,1.14129,1.635885]",
11444,"[5.042829,1.141304,1.635685]",
11445,"[5.042062,1.143541,1.638505]",
11446,"[5.041671,1.146219,1.64048]",
11447,"[5.042002,1.147421,1.640701]",
11448,"[5.042124,1.149855,1.640044]",
11449,"[5.042269,1.151034,1.639562]",
11450,"[5.04285,1.153874,1.638489]",
11451,"[5.043161,1.155544,1.637785]",
11452,"[5.043681,1.158116,1.634763]",
11453,"[5.043859,1.159357,1.633065]",
11454,"[5.043978,1.161247,1.631825]",
11455,"[5.062253,1.103028,1.518631]",
11456,"[5.062253,1.103028,1.518631]",
11457,"[5.061138,1.107689,1.518631]",
11458,"[5.059071,1.114338,1.518631]",
11459,"[5.055389,1.125703,1.518631]",
11460,"[5.044391,1.142756,1.518631]",
11461,"[5.030819,1.164997,1.518631]",
11462,"[5.025468,1.174182,1.518631]",
11463,"[5.016421,1.187804,1.518631]",
11464,"[5.012125,1.191923,1.518631]",
11465,"[5.007543,1.196982,1.518631]",
11466,"[4.99942,1.207592,1.518631]",
11467,"[4.995583,1.213131,1.518631]",
11468,"[4.984621,1.231279,1.518631]",
11469,"[4.979616,1.240912,1.518631]",
11470,"[4.976504,1.3182,1.503939]",
11471,"[4.976044,1.3182,1.458344]",
11472,"[4.974764,1.3182,1.414631]",
11473,"[4.973141,1.3182,1.366636]",
11474,"[4.973068,1.3182,1.367048]",
11475,"[4.968054,1.3182,1.339347]",
11476,"[4.966791,1.3182,1.346723]",
11477,"[4.959931,1.3182,1.32844]",
11478,"[4.960939,1.3182,1.337065]",
11479,"[4.96159,1.3182,1.339994]",
11480,"[4.962218,1.3182,1.34663]",
11481,"[4.962071,1.3182,1.348857]",
11482,"[4.975688,1.3182,1.357358]",
11483,"[4.986085,1.3182,1.368859]",
11484,"[4.989869,1.3182,1.370828]",
11485,"[4.991001,1.3182,1.370173]",
11486,"[4.986322,1.3182,1.367811]",
11487,"[4.968031,1.3182,1.360947]",
11488,"[4.940312,1.3182,1.353049]",
11489,"[4.927114,1.3182,1.358748]",
11490,"[4.905543,1.3182,1.361658]",
11491,"[4.846734,1.3182,1.358031]",
11492,"[4.816708,1.3182,1.35441]",
11493,"[4.529429,1.26722,1.337889]",
11494,"[4.522974,1.274698,1.358486]",
11495,"[3.583477,0.8896834,0.6961236]",
11496,"[3.32094,0.8109208,0.6029561]",
11497,"[3.197423,0.7850167,0.6029561]",
11498,"[2.539559,0.5208422,0.2641857]",
11499,"[2.531631,0.5117273,0.2683258]",
11500,"[2.486715,0.4866028,0.3188472]",
11501,"[2.454422,0.4757526,0.3574779]",
11502,"[2.451339,0.4576275,0.3523811]",
11503,"[2.48304,0.4312093,0.3182583]",
11504,"[2.493244,0.4139017,0.3062038]",
11505,"[3.021264,0.615262,0.6029561]",
11506,"[3.035389,0.6117213,0.6029561]",
11507,"[3.03808,0.59962,0.6029561]",
11508,"[3.028105,0.5851822,0.7897086]",
11509,"[3.180363,0.6723179,1.045179]",
11510,"[3.162902,0.6621091,1.079024]",
11511,"[3.152869,0.6591759,1.098471]",
11512,"[3.144059,0.6579816,1.115547]",
11513,"[3.143353,0.6590472,1.116917]",
11514,"[3.141747,0.6624296,1.120029]",
11515,"[3.141537,0.6636832,1.120436]",
11516,"[3.14045,0.6658234,1.122542]",
11517,"[3.14033,0.6661114,1.122775]",
11518,"[3.140077,0.6685221,1.123266]",
11519,"[3.145717,0.6701577,1.112333]",
11520,"[3.148118,0.6701805,1.107679]",
11521,"[3.153751,0.6670386,1.09676]",
11522,"[3.155661,0.6642877,1.093059]",
11523,"[3.156476,0.6589762,1.091478]",
11524,"[3.175904,0.6002311,1.40305]",
11525,"[3.202029,0.6032486,1.477032]",
11526,"[3.209989,0.6038947,1.500148]",
11527,"[3.216172,0.6044649,1.520391]",
11528,"[3.222868,0.6051766,1.545471]",
11529,"[3.225127,0.6053631,1.552138]",
11530,"[3.227502,0.605379,1.553111]",
11531,"[3.229129,0.6053435,1.552223]",
11532,"[3.230827,0.605332,1.552154]",
11533,"[3.231153,0.605339,1.55245]",
11534,"[3.231994,0.6053683,1.553588]",
11535,"[3.237859,0.6053856,1.555261]",
11536,"[3.239343,0.6054075,1.556268]",
11537,"[3.243084,0.6057443,1.568244]",
11538,"[3.246112,0.606107,1.580951]",
11539,"[3.251968,0.6067442,1.60338]",
11540,"[3.296593,0.5641515,1.963631]",
11541,"[3.29694,0.5453279,2.001976]",
11542,"[3.29716,0.5317577,2.026206]",
11543,"[2.916022,0.1,2.093235]",
11544,"[2.93801,0.1,2.128571]",
11545,"[2.941693,0.1,2.135458]",
11546,"[2.960236,0.1,2.15125]",
11547,"[2.974858,0.1,2.157811]",
11548,"[2.983879,0.1,2.166951]",
11549,"[2.982565,0.1,2.162085]",
11550,"[2.983328,0.1,2.160751]",
11551,"[2.983067,0.1,2.149749]",
11552,"[2.985251,0.1,2.14237]",
11553,"[2.967943,0.1,2.103521]",
11554,"[2.964863,0.1,2.094232]",
11555,"[2.943516,0.1,2.048129]",
11556,"[2.919663,0.1,2.023188]",
11557,"[3.296996,0.5291138,2.008089]",
11558,"[3.296968,0.5365847,2.004976]",
11559,"[3.296947,0.544275,2.002684]",
11560,"[3.298765,0.5447991,2.203629]",
11561,"[3.298926,0.5434207,2.221456]",
11562,"[3.299122,0.5387683,2.243186]",
11563,"[3.299184,0.5372102,2.250006]",
11564,"[3.299279,0.5363019,2.260507]",
11565,"[3.299321,0.5352477,2.265182]",
11566,"[3.299421,0.5294336,2.276155]",
11567,"[3.299486,0.5243445,2.28336]",
11568,"[3.202575,0.4050427,2.333951]",
11569,"[3.211302,0.4037421,2.33672]",
11570,"[3.219414,0.4024017,2.340943]",
11571,"[3.242814,0.3990117,2.347142]",
11572,"[3.258006,0.397044,2.348238]",
11573,"[3.28243,0.394217,2.345772]",
11574,"[3.290058,0.393689,2.340546]",
11575,"[3.302148,0.3907776,2.335182]",
11576,"[3.289596,0.3579581,2.325033]",
11577,"[3.281172,0.3416834,2.318049]",
11578,"[3.263125,0.2975398,2.303366]",
11579,"[3.237815,0.2723503,2.281663]",
11580,"[3.2105,0.2351535,2.258545]",
11581,"[3.202098,0.2325718,2.251165]",
11582,"[3.196132,0.2271475,2.246034]",
11583,"[3.189123,0.2286135,2.239769]",
11584,"[3.188549,0.229089,2.239246]",
11585,"[3.185689,0.243536,2.23627]",
11586,"[3.175232,0.2504266,2.226781]",
11587,"[3.153093,0.2498585,2.207148]",
11588,"[3.138828,0.2515178,2.194437]",
11589,"[3.111198,0.256737,2.169756]",
11590,"[2.889287,0.1,2.219398]",
11591,"[2.899247,0.1,2.175797]",
11592,"[2.896489,0.1,2.157026]",
11593,"[2.851679,0.1,2.110874]",
11594,"[2.857129,0.1433873,2.00248]",
11595,"[2.879302,0.1571566,1.965963]",
11596,"[2.898175,0.1654181,1.938382]",
11597,"[2.904179,0.1684504,1.929199]",
11598,"[2.908461,0.1799636,1.922305]",
11599,"[2.909481,0.1896382,1.921266]",
11600,"[2.910682,0.1937453,1.920043]",
11601,"[2.911077,0.1935412,1.919641]",
11602,"[2.909451,0.1933198,1.921296]",
11603,"[2.902496,0.1938676,1.928379]",
11604,"[2.89636,0.1903567,1.934626]",
11605,"[2.880312,0.180634,1.950967]",
11606,"[2.872986,0.1789138,1.958426]",
11607,"[2.844295,0.1681549,1.990475]",
11608,"[2.829901,0.1608346,2.012542]",
11609,"[2.817914,0.1552976,2.030354]",
11610,"[3.222658,0.396425,2.410964]",
11611,"[3.110481,0.3429437,2.563261]",
11612,"[3.129025,0.348557,2.642326]",
11613,"[3.140551,0.3535737,2.67166]",
11614,"[3.157496,0.3740469,2.714789]",
11615,"[3.159968,0.3840614,2.741643]",
11616,"[3.116302,0.3840614,2.809698]",
11617,"[3.08355,0.3840614,2.860012]",
11618,"[3.045228,0.3840614,2.894748]",
11619,"[2.961623,0.3840613,2.971164]",
11620,"[3.303124,0.5205752,2.685608]",
11621,"[3.30317,0.5323421,2.690587]",
11622,"[3.303192,0.534017,2.693047]",
11623,"[3.303077,0.5282577,2.680286]",
11624,"[2.933261,0.3840614,2.964017]",
11625,"[2.971234,0.3840614,2.925904]",
11626,"[3.008268,0.3840614,2.884573]",
11627,"[3.025568,0.3840614,2.867222]",
11628,"[3.09869,0.3840614,2.774484]",
11629,"[3.115201,0.3840614,2.755358]",
11630,"[3.133791,0.3840614,2.734507]",
11631,"[3.142493,0.3840614,2.751628]",
11632,"[3.158232,0.3840614,2.76881]",
11633,"[3.168185,0.3840614,2.772248]",
11634,"[3.180953,0.3829956,2.774492]",
11635,"[3.182207,0.3805938,2.777683]",
11636,"[3.182481,0.3797428,2.77838]",
11637,"[3.18278,0.3786018,2.77914]",
11638,"[3.182798,0.3781241,2.779187]",
11639,"[3.182801,0.377786,2.779194]",
11640,"[3.182837,0.3778507,2.779285]",
11641,"[3.182938,0.3788038,2.779543]",
11642,"[3.182992,0.3792045,2.77968]",
11643,"[3.183066,0.3798609,2.779868]",
11644,"[3.183171,0.3808054,2.780136]",
11645,"[3.183226,0.3814263,2.780277]",
11646,"[3.183316,0.3828749,2.780506]",
11647,"[3.183282,0.383797,2.780418]",
11648,"[3.180369,0.3840614,2.782399]",
11649,"[3.178666,0.3840614,2.783761]",
11650,"[3.176296,0.3840614,2.785698]",
11651,"[3.171203,0.3840614,2.789131]",
11652,"[3.168498,0.3840614,2.790691]",
11653,"[3.165241,0.3840614,2.792646]",
11654,"[3.162242,0.3840614,2.794402]",
11655,"[3.159473,0.3840614,2.796328]",
11656,"[3.158099,0.3840614,2.797273]",
11657,"[3.156111,0.3840614,2.798164]",
11658,"[3.154104,0.3840614,2.799283]",
11659,"[3.151661,0.3840614,2.800556]",
11660,"[3.151653,0.3840614,2.80017]",
11661,"[3.151729,0.3840614,2.799763]",
11662,"[3.150696,0.3840614,2.799219]",
11663,"[3.14948,0.3840614,2.798546]",
11664,"[3.148293,0.3840614,2.795511]",
11665,"[3.148417,0.3840614,2.792476]",
11666,"[3.150711,0.3840614,2.784097]",
11667,"[3.150524,0.3840614,2.769171]",
11668,"[3.145823,0.3840614,2.753624]",
11669,"[3.115751,0.3840614,2.728552]",
11670,"[2.964219,0.3744413,2.660937]",
11671,"[3.300578,0.5396524,2.404053]",
11672,"[3.085515,0.5806857,2.326756]",
11673,"[3.005,0.5988244,2.296919]",
11674,"[3.005,0.6079535,2.293088]",
11675,"[3.005,0.6310803,2.282513]",
11676,"[3.005,0.6352736,2.283374]",
11677,"[3.005,0.6400536,2.283118]",
11678,"[3.005,0.6523325,2.29047]",
11679,"[3.005,0.6588636,2.292325]",
11680,"[3.005,0.6704065,2.298224]",
11681,"[3.005,0.6715584,2.304581]",
11682,"[3.005,0.6722072,2.311523]",
11683,"[3.005,0.6716535,2.314853]",
11684,"[3.005,0.6713939,2.317698]",
11685,"[3.005,0.6671177,2.328503]",
11686,"[3.005,0.665827,2.330694]",
11687,"[3.005,0.6548719,2.338324]",
11688,"[3.005,0.6525676,2.33984]",
11689,"[3.005,0.6499689,2.335598]",
11690,"[3.005,0.6497491,2.330088]",
11691,"[3.005,0.6527785,2.215363]",
11692,"[3.005,0.6534787,2.195298]",
11693,"[2.640209,0.5806857,2.215157]",
11694,"[2.665595,0.5876911,2.202162]",
11695,"[2.675473,0.5915209,2.191059]",
11696,"[2.687456,0.5960298,2.177591]",
11697,"[2.690396,0.5980916,2.174286]",
11698,"[2.694151,0.6050137,2.170066]",
11699,"[2.698428,0.6148657,2.165259]",
11700,"[2.603184,0.6298806,2.160045]",
11701,"[2.203264,0.6002312,2.158]",
11702,"[2.050001,0.6082647,2.141754]",
11703,"[2.050001,0.681188,2.092114]",
11704,"[2.501144,0.7778541,2.053208]",
11705,"[2.544839,0.8189765,2.029548]",
11706,"[2.549608,0.8221821,2.027209]",
11707,"[2.557929,0.8244825,2.023753]",
11708,"[2.56513,0.825064,2.02103]",
11709,"[2.578726,0.8281879,2.015505]",
11710,"[2.619116,0.8307661,2.000363]",
11711,"[2.66123,0.8346189,1.984353]",
11712,"[2.712853,0.851878,1.946433]",
11713,"[2.612384,0.8169919,1.670547]",
11714,"[2.05,0.7013455,1.492731]",
11715,"[2.05,0.7034959,1.469622]",
11716,"[2.05,0.6983592,1.45075]",
11717,"[2.05,0.6989962,1.435996]",
11718,"[2.05,0.6930108,1.426576]",
11719,"[2.05,0.6782345,1.414136]",
11720,"[2.05,0.6704566,1.413057]",
11721,"[2.05,0.6380569,1.403417]",
11722,"[2.05,0.6190436,1.395246]",
11723,"[2.218972,0.6002311,1.366438]",
11724,"[2.347959,0.5806856,1.305066]",
11725,"[2.496227,0.5806856,1.272436]",
11726,"[2.54389,0.5806856,1.265519]",
11727,"[2.577762,0.5806856,1.266632]",
11728,"[2.644534,0.5942996,1.300384]",
11729,"[2.65695,0.5942996,1.320769]",
11730,"[2.624705,0.5806856,1.411216]",
11731,"[2.620067,0.5806856,1.458247]",
11732,"[2.753255,0.6731716,1.640601]",
11733,"[2.628446,0.623058,1.70279]",
11734,"[2.707433,0.6872798,1.921875]",
11735,"[2.569507,0.6298806,2.050159]",
11736,"[2.587399,0.6002312,2.986659]",
11737,"[2.05,0.2842605,3.58805]",
11738,"[2.594425,0.6184788,4.276219]",
11739,"[3.190279,0.8344815,4.692583]",
11740,"[3.330334,0.8787489,4.756563]",
11741,"[3.815243,0.874567,4.876788]",
11742,"[4.181549,1.076757,3.928496]",
11743,"[4.284682,1.092016,3.918802]",
11744,"[4.355842,1.087553,3.912113]",
11745,"[4.362276,1.077188,3.911508]",
11746,"[4.361481,1.034248,3.911583]",
11747,"[4.357661,1.021388,3.911942]",
11748,"[4.229509,0.9387881,3.923988]",
11749,"[4.122113,0.8771622,3.934083]",
11750,"[4.081444,0.8462032,3.926248]",
11751,"[3.842997,0.5011472,4.83685]",
11752,"[3.80548,0.485857,4.828403]",
11753,"[3.719982,0.4549183,4.807006]",
11754,"[3.802331,0.6481805,4.219252]",
11755,"[3.770884,0.6484029,4.183011]",
11756,"[3.777148,0.6483009,4.209216]",
11757,"[3.777716,0.6479828,4.252692]",
11758,"[3.774281,0.6478728,4.268645]",
11759,"[3.767016,0.647791,4.281741]",
11760,"[3.763137,0.6477935,4.2824]",
11761,"[3.758699,0.647841,4.277025]",
11762,"[3.743325,0.6479415,4.267179]",
11763,"[3.732501,0.6479778,4.264945]",
11764,"[3.7239,0.687156,4.168559]",
11765,"[3.7239,0.7136256,4.099442]",
11766,"[3.711301,0.7229155,4.06436]",
11767,"[3.699416,0.7213151,4.06436]",
11768,"[3.694039,0.7207731,4.06436]",
11769,"[3.685816,0.720632,4.06436]",
11770,"[3.683774,0.7228748,4.06436]",
11771,"[3.687892,0.79782,4.084823]",
11772,"[3.658169,0.79782,4.209793]",
11773,"[3.572001,0.7279477,4.587877]",
11774,"[3.57955,0.7388101,4.587877]",
11775,"[3.587936,0.7534192,4.587877]",
11776,"[3.5923,0.7566999,4.587877]",
11777,"[3.596213,0.7598951,4.587877]",
11778,"[3.60619,0.7656378,4.587877]",
11779,"[3.610446,0.7669756,4.587877]",
11780,"[3.627754,0.7634819,4.587877]",
11781,"[3.636746,0.7608714,4.587877]",
11782,"[3.654303,0.7532424,4.587877]",
11783,"[3.666278,0.745792,4.587877]",
11784,"[3.691699,0.7600897,4.516449]",
11785,"[3.709486,0.7196389,4.414633]",
11786,"[3.699354,0.6698324,4.398703]",
11787,"[3.7239,0.685324,4.254714]",
11788,"[3.7239,0.6643516,4.240036]",
11789,"[3.7239,0.6542009,4.220858]",
11790,"[3.748559,0.6925373,4.094005]",
11791,"[3.750179,0.6925373,4.076126]",
11792,"[3.751341,0.6925373,4.063207]",
11793,"[3.750409,0.6925373,4.053861]",
11794,"[3.750249,0.6925373,4.048384]",
11795,"[3.74943,0.6925373,4.039453]",
11796,"[3.747828,0.6925373,4.020645]",
11797,"[3.747233,0.6925373,4.012579]",
11798,"[3.745193,0.6925373,3.99985]",
11799,"[3.743084,0.6925373,3.996437]",
11800,"[3.739516,0.6925373,3.987186]",
11801,"[3.737817,0.6925373,3.982327]",
11802,"[3.736037,0.6925373,3.977919]",
11803,"[3.73424,0.6925373,3.971031]",
11804,"[3.733991,0.6925373,3.96736]",
11805,"[3.734784,0.6925373,3.959977]",
11806,"[3.735469,0.6925373,3.957287]",
11807,"[3.736284,0.6925373,3.954348]",
11808,"[3.736574,0.6925373,3.953792]",
11809,"[3.737071,0.6925373,3.952996]",
11810,"[3.737392,0.6925373,3.952393]",
11811,"[3.738151,0.6925373,3.95135]",
11812,"[3.739953,0.6925373,3.948703]",
11813,"[3.740996,0.6925373,3.94702]",
11814,"[3.742343,0.6925373,3.953208]",
11815,"[3.742152,0.6925373,3.957531]",
11816,"[3.740855,0.6925373,3.967425]",
11817,"[3.739955,0.6925373,3.971534]",
11818,"[3.738865,0.6925373,3.975481]",
11819,"[3.737118,0.6925373,3.981786]",
11820,"[3.736414,0.6925373,3.984502]",
11821,"[3.735233,0.6925373,3.988939]",
11822,"[3.734787,0.6925373,3.990554]",
11823,"[3.733746,0.6925373,3.993694]",
11824,"[3.733256,0.6925373,3.99584]",
11825,"[3.732821,0.6925373,3.997855]",
11826,"[3.732489,0.6925373,3.999826]",
11827,"[3.732375,0.6925373,4.000731]",
11828,"[3.732565,0.6925373,4.001413]",
11829,"[3.73279,0.6925373,4.001648]",
11830,"[3.733128,0.6925373,4.002011]",
11831,"[3.733164,0.6925373,4.002458]",
11832,"[3.731516,0.6925373,4.010293]",
11833,"[3.729919,0.6925373,4.016956]",
11834,"[3.726233,0.6925373,4.031803]",
11835,"[3.72453,0.6925373,4.038774]",
11836,"[3.721682,0.6925373,4.051027]",
11837,"[3.720451,0.6925373,4.056386]",
11838,"[3.71886,0.6925373,4.063304]",
11839,"[3.718827,0.6982481,4.06436]",
11840,"[3.718916,0.7010648,4.06436]",
11841,"[3.719153,0.7063037,4.06436]",
11842,"[3.719119,0.7089843,4.06436]",
11843,"[3.719058,0.7133579,4.06436]",
11844,"[3.719055,0.7147945,4.06436]",
11845,"[3.71898,0.7165418,4.06436]",
11846,"[3.717834,0.7209874,4.06436]",
11847,"[3.716879,0.7232974,4.06436]",
11848,"[3.715276,0.7277728,4.06436]",
11849,"[3.714876,0.728746,4.06436]",
11850,"[3.714315,0.7312853,4.06436]",
11851,"[3.714514,0.7322722,4.06436]",
11852,"[3.714844,0.7332741,4.06436]",
11853,"[3.715091,0.7333735,4.06436]",
11854,"[3.715189,0.7334124,4.06436]",
11855,"[3.715239,0.7329825,4.06436]",
11856,"[3.714967,0.7322531,4.06436]",
11857,"[3.714178,0.7307079,4.06436]",
11858,"[3.713651,0.7299305,4.06436]",
11859,"[3.713067,0.729091,4.06436]",
11860,"[3.712126,0.7271427,4.06436]",
11861,"[3.711483,0.7253386,4.06436]",
11862,"[3.711172,0.7243602,4.06436]",
11863,"[3.711812,0.7166204,4.06436]",
11864,"[3.712978,0.7034776,4.06436]",
11865,"[3.713431,0.6977652,4.06436]",
11866,"[3.717303,0.6925373,4.054525]",
11867,"[3.720172,0.6925373,4.045116]",
11868,"[3.723884,0.6925373,4.033279]",
11869,"[3.725107,0.6925373,4.028532]",
11870,"[3.72641,0.6925373,4.023629]",
11871,"[3.728486,0.6925373,4.01663]",
11872,"[3.729257,0.6925373,4.014013]",
11873,"[3.731622,0.6925373,4.004879]",
11874,"[3.733206,0.6925373,3.999542]",
11875,"[3.736532,0.6925373,3.988877]",
11876,"[3.738634,0.6925373,3.983793]",
11877,"[3.740904,0.6925373,3.978953]",
11878,"[3.745095,0.6925373,3.976279]",
11879,"[3.747289,0.6925373,3.975462]",
11880,"[3.751697,0.6925373,3.976184]",
11881,"[3.754038,0.6925373,3.978364]",
11882,"[3.760203,0.6925373,3.983249]",
11883,"[3.762916,0.6925373,3.98545]",
11884,"[3.768339,0.6925373,3.987609]",
11885,"[3.77106,0.6925373,3.988246]",
11886,"[3.772935,0.6925373,3.988412]",
11887,"[3.776233,0.6925373,3.989815]",
11888,"[3.77628,0.6925373,3.98946]",
11889,"[3.776636,0.6925373,3.987662]",
11890,"[3.776939,0.6925373,3.986265]",
11891,"[3.777267,0.6925373,3.984716]",
11892,"[3.777678,0.6925373,3.982886]",
11893,"[3.77825,0.6925373,3.97803]",
11894,"[3.778622,0.6925373,3.976645]",
11895,"[3.779202,0.6925373,3.974985]",
11896,"[3.780966,0.6925373,3.97033]",
11897,"[3.782083,0.6925373,3.967544]",
11898,"[3.783779,0.6925373,3.962856]",
11899,"[3.784706,0.6925373,3.960829]",
11900,"[3.786399,0.6925373,3.957454]",
11901,"[3.787249,0.6925373,3.954758]",
11902,"[3.788272,0.6925373,3.950849]",
11903,"[3.79061,0.6925373,3.942981]",
11904,"[3.794289,0.6925373,3.931669]",
11905,"[3.79832,0.6842108,3.925905]",
11906,"[3.798979,0.6801388,3.926256]",
11907,"[3.800124,0.6735388,3.926865]",
11908,"[3.800544,0.6714799,3.927088]",
11909,"[3.800665,0.6683595,3.927153]",
11910,"[3.800541,0.667636,3.927087]",
11911,"[3.800493,0.6672586,3.927061]",
11912,"[3.800678,0.6666129,3.92716]",
11913,"[3.800534,0.6665432,3.927083]",
11914,"[3.800358,0.6665373,3.926989]",
11915,"[3.80038,0.6667316,3.927001]",
11916,"[3.800259,0.6696233,3.926937]",
11917,"[3.800171,0.6711717,3.92689]",
11918,"[3.797014,0.6762097,3.925211]",
11919,"[3.795059,0.6796233,3.92417]",
11920,"[3.793239,0.6828606,3.923202]",
11921,"[3.789903,0.6886427,3.921428]",
11922,"[3.788198,0.6909258,3.920521]",
11923,"[3.784756,0.6925373,3.920242]",
11924,"[3.782508,0.6925373,3.919143]",
11925,"[3.773304,0.6921425,3.912599]",
11926,"[3.763337,0.6892315,3.907296]",
11927,"[3.747934,0.6837419,3.899103]",
11928,"[3.645956,0.6087402,3.844858]",
11929,"[3.61657,0.5862696,3.829226]",
11930,"[3.406075,0.3133332,3.825477]",
11931,"[3.357452,0.1327654,3.802306]",
11932,"[3.472931,0.1,3.497958]",
11933,"[3.505155,0.1,3.42487]",
11934,"[3.580653,0.1,3.34191]",
11935,"[3.610345,0.1,3.315581]",
11936,"[3.639858,0.1,3.293775]",
11937,"[3.680968,0.1,3.252339]",
11938,"[3.690063,0.1,3.250352]",
11939,"[3.700731,0.1,3.245026]",
11940,"[3.70583,0.1,3.241876]",
11941,"[3.710989,0.1,3.240866]",
11942,"[3.711799,0.1,3.240193]",
11943,"[3.713498,0.1,3.244075]",
11944,"[3.713959,0.1,3.2715]",
11945,"[3.715192,0.1,3.291428]",
11946,"[3.719651,0.1,3.32371]",
11947,"[3.734934,0.1,3.35402]",
11948,"[3.747783,0.1,3.376215]",
11949,"[3.759478,0.1,3.393974]",
11950,"[3.77809,0.1,3.418332]",
11951,"[3.783959,0.1,3.423051]",
11952,"[3.791192,0.1,3.427083]",
11953,"[3.792405,0.1,3.427055]",
11954,"[3.793186,0.1,3.426471]",
11955,"[3.792446,0.1,3.41528]",
11956,"[3.784641,0.1,3.389822]",
11957,"[3.757027,0.1,3.298899]",
11958,"[3.739335,0.1,3.240077]",
11959,"[3.621102,0.1,3.001349]",
11960,"[3.57475,0.1,2.93082]",
11961,"[3.389129,0.1,2.6217]",
11962,"[3.330734,0.1,2.507446]",
11963,"[3.282099,0.1466146,2.32477]",
11964,"[3.182229,0.1,2.185115]",
11965,"[3.151116,0.1,2.117145]",
11966,"[3.091955,0.1,2.020375]",
11967,"[3.059572,0.1,1.965248]",
11968,"[3.046734,0.1,1.968087]",
11969,"[3.005536,0.1,1.929543]",
11970,"[2.996119,0.1143693,1.89033]",
11971,"[3.145358,0.2870937,1.803127]",
11972,"[3.301456,0.4561207,1.789461]",
11973,"[3.325716,0.4547648,1.578712]",
11974,"[3.32309,0.4323471,1.534178]",
11975,"[3.31859,0.4056175,1.456336]",
11976,"[3.318914,0.4063733,1.462086]",
11977,"[3.319905,0.4135878,1.479062]",
11978,"[3.320137,0.4170553,1.4828]",
11979,"[3.319798,0.4155941,1.476875]",
11980,"[3.317388,0.4039181,1.434838]",
11981,"[3.108038,0.1299096,1.209479]",
11982,"[3.194978,0.2030857,1.13714]",
11983,"[3.127831,0.1059239,1.031429]",
11984,"[3.248342,0.1000001,0.8028864]",
11985,"[3.323699,0.1,0.6802492]",
11986,"[3.346588,0.1,0.6274254]",
11987,"[3.500146,0.2538189,0.6875197]",
11988,"[3.516619,0.2669892,0.6864647]",
11989,"[3.545686,0.2880723,0.6850119]",
11990,"[3.559667,0.2949018,0.6827416]",
11991,"[3.606392,0.2949018,0.6448987]",
11992,"[3.635738,0.2949016,0.6143368]",
11993,"[3.679969,0.2895104,0.5854778]",
11994,"[3.914829,0.3656158,0.6911662]",
11995,"[3.978958,0.3560876,0.6911662]",
11996,"[4.099432,0.3138502,0.6911662]",
11997,"[4.144899,0.3001341,0.6911662]",
11998,"[4.203843,0.2868824,0.6911662]",
11999,"[4.224122,0.2825235,0.6911662]",
12000,"[4.233567,0.2642418,0.6911662]",
12001,"[4.219079,0.2519604,0.6911662]",
12002,"[4.218034,0.2441311,0.6911662]",
12003,"[4.261064,0.2288306,0.6911662]",
12004,"[4.303822,0.2111709,0.6911662]",
12005,"[4.43423,0.1,0.6339681]",
12006,"[4.532208,1.065037,1.485831]",
12007,"[4.740628,0.9285336,1.350983]",
12008,"[4.740628,0.9976994,1.424269]",
12009,"[4.750724,1.093935,1.518631]",
12010,"[4.791446,1.091393,1.518631]",
12011,"[4.82131,1.108339,1.518631]",
12012,"[4.862305,1.105887,1.518631]",
12013,"[4.859605,1.112685,1.518631]",
12014,"[4.884909,1.116435,1.518631]",
12015,"[4.918345,1.107491,1.518631]",
12016,"[5.030195,1.066517,1.518631]",
12017,"[5.291712,0.8924738,1.372273]",
12018,"[5.624534,0.9270703,1.727667]",
12019,"[5.624534,1.00279,1.898309]",
12020,"[5.624534,1.026809,1.957036]",
12021,"[5.574789,1.085758,2.089119]",
12022,"[5.950001,0.9438964,2.178377]",
12023,"[5.950001,0.9517841,2.270419]",
12024,"[5.950001,0.942871,2.249274]",
12025,"[5.819732,0.9815072,2.287554]",
12026,"[5.772778,0.9842849,2.362423]",
12027,"[5.715587,0.9884108,2.447524]",
12028,"[5.95,0.7965166,2.715706]",
12029,"[5.95,0.7700735,2.82656]",
12030,"[5.456571,0.9163557,3.167446]",
12031,"[5.266231,0.9846328,3.22113]",
12032,"[5.590347,0.6590002,3.92531]",
12033,"[5.505906,0.6745922,3.93505]",
12034,"[5.413266,0.6897677,3.924003]",
12035,"[5.404515,0.6862001,3.922959]",
12036,"[5.468653,0.6378468,3.930607]",
12037,"[5.457238,0.6153495,3.929246]",
12038,"[5.475958,0.6062115,3.931479]",
12039,"[5.415401,0.6209341,3.924258]",
12040,"[5.334002,0.6423205,3.914551]",
12041,"[4.74637,0.7965423,3.875403]",
12042,"[4.693019,0.7994313,3.880418]",
12043,"[4.352229,0.797102,3.912452]",
12044,"[4.237896,0.7860568,3.9232]",
12045,"[4.190594,0.7748433,3.927646]",
12046,"[4.097955,0.7423354,3.94187]",
12047,"[4.098007,0.7388617,3.945045]",
12048,"[4.138811,0.7435704,3.932513]",
12049,"[4.157126,0.7446005,3.930792]",
12050,"[4.154562,0.7431647,3.931033]",
12051,"[4.140165,0.739696,3.932386]",
12052,"[3.751901,0.1347805,4.948813]",
12053,"[3.895053,0.5763066,4.089567]",
12054,"[3.84392,0.5717865,4.06182]",
12055,"[3.799317,0.6237107,3.926436]",
12056,"[3.797823,0.6246056,3.925641]",
12057,"[3.806909,0.6304241,3.930474]",
12058,"[3.812724,0.6335243,3.933567]",
12059,"[3.815511,0.6397399,3.93505]",
12060,"[3.827442,0.6438736,3.941396]",
12061,"[3.832799,0.6491666,3.944246]",
12062,"[3.8321,0.6582842,3.943874]",
12063,"[3.828388,0.661362,3.941899]",
12064,"[3.755799,0.6867036,3.903287]",
12065,"[3.734758,0.6912045,3.892094]",
12066,"[3.720619,0.6925373,3.8917]",
12067,"[3.711849,0.6925373,3.894217]",
12068,"[3.708123,0.6925373,3.900134]",
12069,"[3.711452,0.6925373,3.907606]",
12070,"[3.712678,0.6925373,3.913835]",
12071,"[3.712932,0.6925373,3.926454]",
12072,"[3.712692,0.6925373,3.932177]",
12073,"[3.717058,0.6925373,3.945414]",
12074,"[3.722723,0.6925373,3.951779]",
12075,"[3.728663,0.6925373,3.960905]",
12076,"[3.732383,0.6925373,3.964869]",
12077,"[3.734865,0.6925373,3.969112]",
12078,"[3.741177,0.6925373,3.977269]",
12079,"[3.742873,0.6925373,3.980307]",
12080,"[3.746327,0.6925373,3.98442]",
12081,"[3.74872,0.6925373,3.983978]",
12082,"[3.753499,0.6925373,3.983549]",
12083,"[3.755883,0.6925373,3.983248]",
12084,"[3.758041,0.6925373,3.98242]",
12085,"[3.765773,0.6925373,3.976174]",
12086,"[3.768002,0.6925373,3.975532]",
12087,"[3.774108,0.6925373,3.972746]",
12088,"[3.782567,0.6925373,3.966942]",
12089,"[3.792822,0.6925373,3.95992]",
12090,"[3.806249,0.6925373,3.951437]",
12091,"[3.819908,0.6925373,3.941391]",
12092,"[3.826775,0.6899557,3.941041]",
12093,"[3.833225,0.6889158,3.944472]",
12094,"[3.83385,0.6892693,3.944805]",
12095,"[3.834809,0.6898352,3.945315]",
12096,"[3.833584,0.6917698,3.944663]",
12097,"[3.831967,0.6922224,3.943804]",
12098,"[3.821393,0.6925373,3.938215]",
12099,"[3.810064,0.6914186,3.932152]",
12100,"[3.796805,0.6897752,3.925099]",
12101,"[3.790331,0.6896746,3.921656]",
12102,"[3.785105,0.6902624,3.918876]",
12103,"[3.775787,0.6925373,3.915796]",
12104,"[3.77085,0.6925373,3.918393]",
12105,"[3.757415,0.6925373,3.926625]",
12106,"[3.750861,0.6925373,3.930821]",
12107,"[3.737705,0.6925373,3.939246]",
12108,"[3.730914,0.6925373,3.941933]",
12109,"[3.71823,0.6925373,3.946258]",
12110,"[3.711765,0.6925373,3.948932]",
12111,"[3.709522,0.6925373,3.951829]",
12112,"[3.704235,0.6925373,3.958773]",
12113,"[3.701466,0.6925373,3.962209]",
12114,"[3.695791,0.6925373,3.96629]",
12115,"[3.693504,0.6925373,3.965463]",
12116,"[3.686663,0.6925373,3.960256]",
12117,"[3.681516,0.6925373,3.95903]",
12118,"[3.676924,0.6925373,3.960184]",
12119,"[3.664143,0.6925373,3.971046]",
12120,"[3.656482,0.6925373,3.979958]",
12121,"[3.643242,0.6925373,3.998988]",
12122,"[3.637221,0.6925373,4.009152]",
12123,"[3.625851,0.6925373,4.032831]",
12124,"[3.622583,0.6925373,4.040135]",
12125,"[3.614309,0.6925373,4.056326]",
12126,"[3.613012,0.6925373,4.056796]",
12127,"[3.611611,0.6925373,4.057346]",
12128,"[3.610819,0.6925373,4.057525]",
12129,"[3.6103,0.6925373,4.057753]",
12130,"[3.63534,0.7452543,3.977645]",
12131,"[3.63546,0.7424735,3.977887]",
12132,"[3.635453,0.7396906,3.977874]",
12133,"[3.617876,0.6925373,4.036156]",
12134,"[3.620408,0.6925373,4.030184]",
12135,"[3.62371,0.6925373,4.022305]",
12136,"[3.628166,0.6925373,4.013573]",
12137,"[3.633087,0.6925373,4.002697]",
12138,"[3.635214,0.6925373,3.99756]",
12139,"[3.639037,0.6925373,3.991169]",
12140,"[3.640835,0.6925373,3.988502]",
12141,"[3.64228,0.6925373,3.986745]",
12142,"[3.643405,0.6925373,3.985388]",
12143,"[3.646264,0.6925373,3.983163]",
12144,"[3.647712,0.6925373,3.982378]",
12145,"[3.650459,0.6925373,3.98083]",
12146,"[3.651732,0.6925373,3.980068]",
12147,"[3.652807,0.6925373,3.979476]",
12148,"[3.654357,0.6925373,3.979257]",
12149,"[3.655221,0.6925373,3.979111]",
12150,"[3.656868,0.6925373,3.978786]",
12151,"[3.65774,0.6925373,3.978588]",
12152,"[3.659203,0.6925373,3.977809]",
12153,"[3.66228,0.6925373,3.975552]",
12154,"[3.664055,0.6925373,3.973794]",
12155,"[3.667259,0.6925373,3.970267]",
12156,"[3.668945,0.6925373,3.968237]",
12157,"[3.67195,0.6925373,3.963868]",
12158,"[3.673544,0.6925373,3.961094]",
12159,"[3.675607,0.6925373,3.957622]",
12160,"[3.676198,0.6925373,3.956927]",
12161,"[3.676756,0.6925373,3.956424]",
12162,"[3.677678,0.6925373,3.955725]",
12163,"[3.678023,0.6925373,3.955477]",
12164,"[3.679347,0.6925373,3.954599]",
12165,"[3.679844,0.6925373,3.954195]",
12166,"[3.687209,0.6925373,3.948581]",
12167,"[3.689971,0.6925373,3.946171]",
12168,"[3.692187,0.6925373,3.944105]",
12169,"[3.695382,0.6925373,3.940758]",
12170,"[3.696485,0.6925373,3.939553]",
12171,"[3.697813,0.6925373,3.938082]",
12172,"[3.698163,0.6925373,3.937672]",
12173,"[3.698668,0.6925373,3.937099]",
12174,"[3.699137,0.6925373,3.936742]",
12175,"[3.69949,0.6925373,3.936563]",
12176,"[3.699536,0.6925373,3.936598]",
12177,"[3.699547,0.6925373,3.936652]",
12178,"[3.699489,0.6925373,3.936817]",
12179,"[3.699474,0.6925373,3.936713]",
12180,"[3.699453,0.6925373,3.936123]",
12181,"[3.699664,0.6925373,3.935749]",
12182,"[3.700262,0.6925373,3.934804]",
12183,"[3.70081,0.6925373,3.933987]",
12184,"[3.702018,0.6925373,3.932338]",
12185,"[3.702694,0.6925373,3.93194]",
12186,"[3.70326,0.6925373,3.931736]",
12187,"[3.703693,0.6925373,3.931538]",
12188,"[3.704185,0.6925373,3.931654]",
12189,"[3.704669,0.6925373,3.932122]",
12190,"[3.704732,0.6925373,3.932208]",
12191,"[3.704802,0.6925373,3.932015]",
12192,"[3.704833,0.6925373,3.931748]",
12193,"[3.704923,0.6921236,3.930505]",
12194,"[3.704898,0.691583,3.930492]",
12195,"[3.704674,0.689416,3.930373]",
12196,"[3.705068,0.686756,3.930582]",
12197,"[3.705326,0.6839854,3.930719]",
12198,"[3.706005,0.6779602,3.931081]",
12199,"[3.706365,0.6762015,3.931272]",
12200,"[3.70675,0.6745057,3.931477]",
12201,"[3.707343,0.6717587,3.931792]",
12202,"[3.707759,0.6699984,3.932013]",
12203,"[3.707945,0.6695886,3.932112]",
12204,"[3.708145,0.6693287,3.932219]",
12205,"[3.70863,0.6690311,3.932477]",
12206,"[3.708975,0.6689498,3.93266]",
12207,"[3.709648,0.6687574,3.933019]",
12208,"[3.710006,0.6686233,3.933209]",
12209,"[3.710499,0.6684617,3.933471]",
12210,"[3.710651,0.6684825,3.933552]",
12211,"[3.710588,0.6687997,3.933518]",
12212,"[3.710489,0.6695189,3.933466]",
12213,"[3.709088,0.6727375,3.93272]",
12214,"[3.706624,0.678193,3.93141]",
12215,"[3.705235,0.6803642,3.930671]",
12216,"[3.703088,0.6829357,3.929529]",
12217,"[3.70213,0.6840065,3.929019]",
12218,"[3.701632,0.6844765,3.928754]",
12219,"[3.701007,0.6853157,3.928422]",
12220,"[3.700509,0.68655,3.928157]",
12221,"[3.699894,0.6877589,3.92783]",
12222,"[3.699442,0.6886599,3.92759]",
12223,"[3.698403,0.6906042,3.927037]",
12224,"[3.697879,0.6916148,3.926758]",
12225,"[3.696472,0.6925373,3.927678]",
12226,"[3.696176,0.6925373,3.92843]",
12227,"[3.695582,0.6925373,3.929481]",
12228,"[3.695283,0.6925373,3.929811]",
12229,"[3.695063,0.6925373,3.92994]",
12230,"[3.694557,0.6925373,3.929327]",
12231,"[3.693833,0.6925373,3.928612]",
12232,"[3.692416,0.6925373,3.926392]",
12233,"[3.691836,0.6925373,3.924981]",
12234,"[3.691399,0.6925373,3.923783]",
12235,"[3.690348,0.6908798,3.922752]",
12236,"[3.689837,0.6886423,3.922481]",
12237,"[3.689,0.6812518,3.922035]",
12238,"[3.69629,0.6490559,3.925913]",
12239,"[3.706672,0.5886467,3.931435]",
12240,"[3.710928,0.5578059,3.933699]",
12241,"[3.713843,0.5032914,3.949779]",
12242,"[3.718122,0.5032914,3.937548]",
12243,"[3.722714,0.4901856,3.933851]",
12244,"[3.723902,0.4828438,3.934483]",
12245,"[3.725212,0.4749881,3.93518]",
12246,"[3.728365,0.4606588,3.936857]",
12247,"[3.730296,0.45425,3.937884]",
12248,"[3.731364,0.4499182,3.938452]",
12249,"[3.731251,0.4495329,3.938392]",
12250,"[3.731207,0.4470302,3.938369]",
12251,"[3.731216,0.4470587,3.938374]",
12252,"[3.731267,0.4468196,3.938401]",
12253,"[3.731477,0.4467057,3.938512]",
12254,"[3.731658,0.4466392,3.938609]",
12255,"[3.732168,0.4480716,3.93888]",
12256,"[3.732059,0.4489948,3.938822]",
12257,"[3.731705,0.4504355,3.938634]",
12258,"[3.730811,0.4529276,3.938158]",
12259,"[3.728189,0.4565062,3.936764]",
12260,"[3.726398,0.4579456,3.935811]",
12261,"[3.724721,0.4594673,3.934919]",
12262,"[3.721682,0.4615356,3.933302]",
12263,"[3.720857,0.4623257,3.932863]",
12264,"[3.719346,0.4648392,3.93206]",
12265,"[3.718354,0.4670234,3.931532]",
12266,"[3.716753,0.4715259,3.93068]",
12267,"[3.715941,0.4735409,3.930248]",
12268,"[3.714665,0.477881,3.92957]",
12269,"[3.713844,0.480206,3.929133]",
12270,"[3.712991,0.4824973,3.928679]",
12271,"[3.711315,0.4855529,3.927788]",
12272,"[3.710188,0.4871322,3.927188]",
12273,"[3.709319,0.4893204,3.926726]",
12274,"[3.709525,0.4903791,3.926836]",
12275,"[3.709799,0.4930445,3.926981]",
12276,"[3.709825,0.4944137,3.926995]",
12277,"[3.709865,0.4963041,3.927016]",
12278,"[3.70986,0.4971893,3.927014]",
12279,"[3.709767,0.4983008,3.926964]",
12280,"[3.709825,0.5004982,3.926995]",
12281,"[3.709792,0.500858,3.926978]",
12282,"[3.709731,0.5013329,3.926945]",
12283,"[3.709689,0.5016259,3.926923]",
12284,"[3.709188,0.5024815,3.926656]",
12285,"[3.70865,0.5032914,3.926459]",
12286,"[3.70834,0.5032914,3.927858]",
12287,"[3.708257,0.5032914,3.929287]",
12288,"[3.708123,0.5032914,3.931525]",
12289,"[3.707686,0.5032914,3.937241]",
12290,"[3.707405,0.5032914,3.940789]",
12291,"[3.710986,0.5732675,3.93373]",
12292,"[3.711495,0.6002629,3.934001]",
12293,"[3.710953,0.6172839,3.933712]",
12294,"[3.710251,0.6309034,3.933339]",
12295,"[3.70975,0.6394753,3.933073]",
12296,"[3.70937,0.6465522,3.932871]",
12297,"[3.709024,0.6514161,3.932687]",
12298,"[3.70848,0.6542782,3.932397]",
12299,"[3.708128,0.6558334,3.93221]",
12300,"[3.707874,0.6589957,3.932075]",
12301,"[3.707862,0.6612584,3.932068]",
12302,"[3.708091,0.6640716,3.93219]",
12303,"[3.70861,0.6670814,3.932466]",
12304,"[3.709535,0.6711711,3.932958]",
12305,"[3.711278,0.6782588,3.933886]",
12306,"[3.712,0.6809966,3.934269]",
12307,"[3.713564,0.6883398,3.935102]",
12308,"[3.713456,0.6925373,3.935664]",
12309,"[3.703529,0.6925373,3.961924]",
12310,"[3.697375,0.6925373,3.975823]",
12311,"[3.686088,0.6925373,3.999127]",
12312,"[3.680922,0.6925373,4.009893]",
12313,"[3.676568,0.6925373,4.018491]",
12314,"[3.668944,0.6925373,4.032687]",
12315,"[3.665869,0.6925373,4.038206]",
12316,"[3.662579,0.6925373,4.045399]",
12317,"[3.660311,0.6925373,4.050465]",
12318,"[3.658919,0.6925373,4.051479]",
12319,"[3.65856,0.6925373,4.051003]",
12320,"[3.658124,0.6925373,4.050934]",
12321,"[3.658067,0.6925373,4.050991]",
12322,"[3.658103,0.6925373,4.050752]",
12323,"[3.659713,0.6925373,4.045906]",
12324,"[3.661727,0.6925373,4.038344]",
12325,"[3.664212,0.6925373,4.028139]",
12326,"[3.664976,0.6925373,4.023667]",
12327,"[3.665382,0.6925373,4.019765]",
12328,"[3.665576,0.6925373,4.013968]",
12329,"[3.665557,0.6925373,4.011531]",
12330,"[3.658718,0.6925373,4.025907]",
12331,"[3.65062,0.6925373,4.043671]",
12332,"[3.639203,0.6932372,4.06436]",
12333,"[3.636419,0.6975712,4.06436]",
12334,"[3.632264,0.7024295,4.06436]",
12335,"[3.631017,0.7042094,4.06436]",
12336,"[3.630029,0.7073227,4.06436]",
12337,"[3.628334,0.7129844,4.06436]",
12338,"[3.627692,0.7153721,4.06436]",
12339,"[3.627294,0.7196072,4.06436]",
12340,"[3.627127,0.721953,4.06436]",
12341,"[3.627227,0.7237602,4.06436]",
12342,"[3.627239,0.7241363,4.06436]",
12343,"[3.627145,0.7249042,4.06436]",
12344,"[3.626962,0.7254404,4.06436]",
12345,"[3.626706,0.7260541,4.06436]",
12346,"[3.626264,0.7273432,4.06436]",
12347,"[3.62609,0.7281424,4.06436]",
12348,"[3.625995,0.7295652,4.06436]",
12349,"[3.626202,0.7295527,4.06436]",
12350,"[3.627144,0.7292579,4.06436]",
12351,"[3.65025,0.6937124,4.06436]",
12352,"[3.6813,0.6925373,4.018213]",
12353,"[3.691389,0.6925373,4.003278]",
12354,"[3.698796,0.6925373,3.992477]",
12355,"[3.70555,0.6925373,3.984129]",
12356,"[3.705641,0.6925373,3.983333]",
12357,"[3.705734,0.6925373,3.982738]",
12358,"[3.706455,0.6925373,3.98263]",
12359,"[3.70635,0.6925373,3.982411]",
12360,"[3.706281,0.6925373,3.982052]",
12361,"[3.706241,0.6925373,3.981314]",
12362,"[3.706243,0.6925373,3.980146]",
12363,"[3.706293,0.6925373,3.979536]",
12364,"[3.707616,0.6925373,3.972869]",
12365,"[3.708311,0.6925373,3.96925]",
12366,"[3.709466,0.6925373,3.961404]",
12367,"[3.709879,0.6925373,3.957645]",
12368,"[3.709691,0.6925373,3.948338]",
12369,"[3.709973,0.6925373,3.942769]",
12370,"[3.710045,0.6925373,3.938766]",
12371,"[3.709747,0.6925373,3.932215]",
12372,"[3.709426,0.6925373,3.928922]",
12373,"[3.70784,0.6925373,3.917335]",
12374,"[3.707321,0.6925373,3.911716]",
12375,"[3.706732,0.6925373,3.901228]",
12376,"[3.706758,0.6925373,3.898382]",
12377,"[3.707242,0.6925373,3.893298]",
12378,"[3.707832,0.6925373,3.890704]",
12379,"[3.708487,0.6925373,3.888305]",
12380,"[3.709832,0.6925373,3.886256]",
12381,"[3.711232,0.6925373,3.884548]",
12382,"[3.714468,0.6925373,3.880985]",
12383,"[3.71683,0.6925373,3.87877]",
12384,"[3.72404,0.6925373,3.871422]",
12385,"[3.728188,0.6925373,3.866212]",
12386,"[3.732282,0.6925373,3.860284]",
12387,"[3.740494,0.6925373,3.848265]",
12388,"[3.744215,0.6925373,3.842817]",
12389,"[3.750463,0.6925373,3.833277]",
12390,"[3.753463,0.6925373,3.828305]",
12391,"[3.756964,0.6925373,3.81333]",
12392,"[3.758133,0.6925373,3.807576]",
12393,"[3.758721,0.6925373,3.802878]",
12394,"[3.75697,0.6925373,3.804523]",
12395,"[3.75443,0.6925373,3.811072]",
12396,"[3.751934,0.6925373,3.816555]",
12397,"[3.749864,0.6925373,3.819622]",
12398,"[3.745513,0.6925373,3.825393]",
12399,"[3.745103,0.6925373,3.825429]",
12400,"[3.744341,0.6925373,3.825103]",
12401,"[3.744152,0.6925373,3.824518]",
12402,"[3.743665,0.6925373,3.823571]",
12403,"[3.74327,0.6925373,3.821972]",
12404,"[3.741741,0.6925373,3.816043]",
12405,"[3.740517,0.6925373,3.815612]",
12406,"[3.739492,0.6925373,3.817396]",
12407,"[3.736563,0.6925373,3.824542]",
12408,"[3.735755,0.6925373,3.825019]",
12409,"[3.734526,0.6925373,3.82404]",
12410,"[3.734088,0.6925373,3.823663]",
12411,"[3.733844,0.6925373,3.823797]",
12412,"[3.732712,0.6925373,3.826311]",
12413,"[3.733107,0.6925373,3.835085]",
12414,"[3.69108,0.6569781,4.06436]",
12415,"[3.692876,0.6992101,4.06436]",
12416,"[3.694012,0.7338333,4.06436]",
12417,"[3.694404,0.7427412,4.06436]",
12418,"[3.695256,0.7522073,4.06436]",
12419,"[3.695834,0.7546298,4.06436]",
12420,"[3.696573,0.7575253,4.06436]",
12421,"[3.698186,0.7625089,4.06436]",
12422,"[3.69905,0.7648582,4.06436]",
12423,"[3.700569,0.767296,4.06436]",
12424,"[3.701254,0.7678877,4.06436]",
12425,"[3.702177,0.7671794,4.06436]",
12426,"[3.70186,0.7645075,4.06436]",
12427,"[3.701469,0.7610996,4.06436]",
12428,"[3.700676,0.7553598,4.06436]",
12429,"[3.700386,0.7537208,4.06436]",
12430,"[3.70031,0.7541021,4.06436]",
12431,"[3.700218,0.7559926,4.06436]",
12432,"[3.700307,0.7601833,4.06436]",
12433,"[3.700416,0.7625839,4.06436]",
12434,"[3.701044,0.7647685,4.06436]",
12435,"[3.701361,0.7655266,4.06436]",
12436,"[3.701747,0.7660216,4.06436]",
12437,"[3.702402,0.7669021,4.06436]",
12438,"[3.702925,0.7671762,4.06436]",
12439,"[3.703378,0.7668375,4.06436]",
12440,"[3.70338,0.7661425,4.06436]",
12441,"[3.712874,0.6788365,4.06436]",
12442,"[3.714978,0.6603172,4.06436]",
12443,"[3.71639,0.6477208,4.06436]",
12444,"[3.788214,0.6925373,3.822655]",
12445,"[3.796307,0.6925373,3.801337]",
12446,"[3.805416,0.6925373,3.77966]",
12447,"[3.808522,0.6925373,3.7728]",
12448,"[3.812452,0.6925373,3.76592]",
12449,"[3.81317,0.6925373,3.765004]",
12450,"[3.814811,0.6925373,3.762512]",
12451,"[3.815509,0.6925373,3.760579]",
12452,"[3.816361,0.6925373,3.758199]",
12453,"[3.817591,0.6925373,3.753335]",
12454,"[3.818224,0.6925373,3.751332]",
12455,"[3.818776,0.6925373,3.748931]",
12456,"[3.818312,0.6925373,3.74753]",
12457,"[3.81724,0.6925373,3.744575]",
12458,"[3.816587,0.6925373,3.743275]",
12459,"[3.815317,0.6925373,3.741819]",
12460,"[3.81478,0.6925373,3.741181]",
12461,"[3.814369,0.6925373,3.740625]",
12462,"[3.813561,0.6925373,3.739152]",
12463,"[3.813278,0.6925373,3.738223]",
12464,"[3.812337,0.6925373,3.736236]",
12465,"[3.811608,0.6925373,3.734891]",
12466,"[3.810088,0.6925373,3.731846]",
12467,"[3.809396,0.6925373,3.730132]",
12468,"[3.808538,0.6925373,3.727184]",
12469,"[3.808335,0.6925373,3.725834]",
12470,"[3.808159,0.6925373,3.72478]",
12471,"[3.808188,0.6925373,3.722906]",
12472,"[3.808369,0.6925373,3.722155]",
12473,"[3.816338,0.6925373,3.718165]",
12474,"[3.824373,0.6925373,3.705972]",
12475,"[3.832753,0.6925373,3.690601]",
12476,"[3.836151,0.6925373,3.683769]",
12477,"[3.841459,0.6925373,3.673293]",
12478,"[3.843045,0.6925373,3.669567]",
12479,"[3.844065,0.6925373,3.666474]",
12480,"[3.845316,0.6925373,3.66275]",
12481,"[3.845442,0.6925373,3.662686]",
12482,"[3.845591,0.6925373,3.662589]",
12483,"[3.845621,0.6925373,3.662454]",
12484,"[3.845264,0.6925373,3.662692]",
12485,"[3.844955,0.6925373,3.663363]",
12486,"[3.844426,0.6925373,3.66398]",
12487,"[3.843522,0.6925373,3.664906]",
12488,"[3.842943,0.6925373,3.665064]",
12489,"[3.842333,0.6925373,3.665063]",
12490,"[3.842472,0.6925373,3.665022]",
12491,"[3.842848,0.6925373,3.664202]",
12492,"[3.843284,0.6925373,3.663496]",
12493,"[3.843307,0.6925373,3.662374]",
12494,"[3.832393,0.6925373,3.684851]",
12495,"[3.824085,0.6925373,3.705348]",
12496,"[3.813233,0.6925373,3.737031]",
12497,"[3.809063,0.6925373,3.750127]",
12498,"[3.801682,0.6925373,3.766558]",
12499,"[3.798771,0.6925373,3.774411]",
12500,"[3.79575,0.6925373,3.785812]",
12501,"[3.794618,0.6925373,3.790738]",
12502,"[3.79329,0.6925373,3.800217]",
12503,"[3.792782,0.6925373,3.804948]",
12504,"[3.792485,0.6925373,3.809421]",
12505,"[3.791248,0.6925373,3.813894]",
12506,"[3.789623,0.6925373,3.816297]",
12507,"[3.786345,0.6925373,3.820216]",
12508,"[3.784618,0.6925373,3.821931]",
12509,"[3.781303,0.6925373,3.825105]",
12510,"[3.779351,0.6925373,3.826803]",
12511,"[3.776943,0.6925373,3.827622]",
12512,"[3.775667,0.6925373,3.828141]",
12513,"[3.774927,0.6925373,3.828394]",
12514,"[3.772898,0.6925373,3.828675]",
12515,"[3.771569,0.6925373,3.828741]",
12516,"[3.769212,0.6925373,3.828467]",
12517,"[3.768099,0.6925373,3.82808]",
12518,"[3.765483,0.6925373,3.82644]",
12519,"[3.765483,0.6925373,3.82644]",
12520,"[3.764302,0.6925373,3.823799]",
12521,"[3.764076,0.6925373,3.814558]",
12522,"[3.765233,0.6925373,3.806496]",
12523,"[3.784839,0.6925373,3.733167]",
12524,"[3.815937,0.6773398,3.666748]",
12525,"[3.821783,0.6470368,3.669858]",
12526,"[3.825403,0.6302827,3.671783]",
12527,"[3.827536,0.6231522,3.672918]",
12528,"[3.827943,0.6230177,3.673135]",
12529,"[3.828128,0.6230943,3.673233]",
12530,"[3.827864,0.625103,3.673092]",
12531,"[3.827432,0.6273085,3.672863]",
12532,"[3.826327,0.6311821,3.672275]",
12533,"[3.825698,0.6328807,3.671941]",
12534,"[3.824156,0.6370204,3.67112]",
12535,"[3.823344,0.6391986,3.670688]",
12536,"[3.82142,0.64301,3.669665]",
12537,"[3.820784,0.6442472,3.669326]",
12538,"[3.814897,0.6805533,3.666195]",
12539,"[3.808847,0.6925373,3.680221]",
12540,"[3.807157,0.6925373,3.687983]",
12541,"[3.805576,0.6925373,3.696893]",
12542,"[3.80484,0.6925373,3.701713]",
12543,"[3.804171,0.6925373,3.709989]",
12544,"[3.803389,0.6925373,3.71542]",
12545,"[3.802707,0.6925373,3.720421]",
12546,"[3.80154,0.6925373,3.727854]",
12547,"[3.801038,0.6925373,3.731193]",
12548,"[3.800986,0.6925373,3.732027]",
12549,"[3.801028,0.6925373,3.732137]",
12550,"[3.801275,0.6925373,3.732669]",
12551,"[3.801495,0.6925373,3.73302]",
12552,"[3.801821,0.6925373,3.733462]",
12553,"[3.802448,0.6925373,3.733625]",
12554,"[3.80201,0.686708,3.739269]",
12555,"[3.800976,0.6747994,3.750737]",
12556,"[3.800424,0.6684029,3.756984]",
12557,"[3.799476,0.6573773,3.768483]",
12558,"[3.799043,0.6524151,3.774051]",
12559,"[3.797831,0.6435329,3.785359]",
12560,"[3.795606,0.6416618,3.790301]",
12561,"[3.79107,0.6439873,3.799229]",
12562,"[3.788758,0.6468721,3.803486]",
12563,"[3.786627,0.6487892,3.807551]",
12564,"[3.783234,0.6506444,3.81641]",
12565,"[3.781312,0.6538178,3.820444]",
12566,"[3.778063,0.6575127,3.828523]",
12567,"[3.77654,0.6602278,3.83231]",
12568,"[3.773759,0.6639566,3.83989]",
12569,"[3.771639,0.6686711,3.843582]",
12570,"[3.766775,0.6897664,3.845414]",
12571,"[3.740441,0.6925373,3.867165]",
12572,"[3.720783,0.6925373,3.887016]",
12573,"[3.62636,0.6925373,4.029078]",
12574,"[3.630438,0.7519917,3.97206]",
12575,"[3.590302,0.7036325,4.06436]",
12576,"[3.582488,0.7123088,4.06436]",
12577,"[3.575194,0.7144081,4.06436]",
12578,"[3.570287,0.7150616,4.06436]",
12579,"[3.563968,0.7159234,4.06436]",
12580,"[3.551809,0.7169314,4.06436]",
12581,"[3.384208,0.6484029,4.286863]",
12582,"[3.341901,0.6482878,4.322525]",
12583,"[3.318495,0.6482099,4.339219]",
12584,"[3.341946,0.720389,4.23736]",
12585,"[3.339927,0.7273736,4.228812]",
12586,"[3.338271,0.7340846,4.220518]",
12587,"[3.275899,0.6481279,4.361366]",
12588,"[3.274855,0.6481206,4.36264]",
12589,"[3.271932,0.6480876,4.367709]",
12590,"[3.269457,0.6480542,4.372121]",
12591,"[3.266586,0.6479079,4.380812]",
12592,"[3.265437,0.6478326,4.383596]",
12593,"[3.265728,0.647588,4.389475]",
12594,"[3.265927,0.6475072,4.391471]",
12595,"[3.266287,0.6474242,4.393599]",
12596,"[3.267106,0.6474445,4.39354]",
12597,"[3.268395,0.6475077,4.392726]",
12598,"[3.282529,0.6479523,4.382052]",
12599,"[3.29144,0.6479975,4.375145]",
12600,"[3.311809,0.6480923,4.357049]",
12601,"[3.321022,0.6481334,4.349041]",
12602,"[3.331555,0.6481747,4.340681]",
12603,"[3.334292,0.6481774,4.339613]",
12604,"[3.336425,0.6481735,4.339599]",
12605,"[3.339201,0.6481661,4.339935]",
12606,"[3.339631,0.6481482,4.342258]",
12607,"[3.339579,0.6481333,4.34433]",
12608,"[3.339382,0.6481302,4.344802]",
12609,"[3.338845,0.6481239,4.345801]",
12610,"[3.338564,0.6481212,4.346233]",
12611,"[3.338492,0.648122,4.346157]",
12612,"[3.338616,0.6481249,4.345713]",
12613,"[3.33895,0.6481295,4.345011]",
12614,"[3.341052,0.648146,4.342201]",
12615,"[3.644177,0.6925373,3.904478]",
12616,"[3.692252,0.6800733,3.83414]",
12617,"[3.699634,0.6544598,3.838067]",
12618,"[3.70303,0.6422647,3.839873]",
12619,"[3.704978,0.6340486,3.840909]",
12620,"[3.706839,0.6266729,3.841899]",
12621,"[3.710635,0.613351,3.843919]",
12622,"[3.712435,0.6073425,3.844876]",
12623,"[3.714767,0.5986986,3.846117]",
12624,"[3.714873,0.5975266,3.846173]",
12625,"[3.715436,0.5935668,3.846472]",
12626,"[3.716005,0.5902827,3.846775]",
12627,"[3.717286,0.5809894,3.847456]",
12628,"[3.717126,0.5769768,3.847371]",
12629,"[3.716973,0.5728377,3.84729]",
12630,"[3.715298,0.566175,3.846399]",
12631,"[3.714554,0.5651023,3.846003]",
12632,"[3.713268,0.5636837,3.84532]",
12633,"[3.71255,0.5634201,3.844938]",
12634,"[3.711029,0.5636982,3.844128]",
12635,"[3.710287,0.5643278,3.843734]",
12636,"[3.708642,0.5658491,3.842858]",
12637,"[3.707809,0.5666286,3.842415]",
12638,"[3.707412,0.5684091,3.842204]",
12639,"[3.706744,0.5705953,3.841849]",
12640,"[3.706552,0.5711138,3.841747]",
12641,"[3.706366,0.5718268,3.841648]",
12642,"[3.706257,0.5721189,3.84159]",
12643,"[3.706053,0.572441,3.841481]",
12644,"[3.706395,0.5726846,3.841663]",
12645,"[3.70748,0.573172,3.84224]",
12646,"[3.708226,0.573403,3.842637]",
12647,"[3.709564,0.5755554,3.843349]",
12648,"[3.71213,0.5795519,3.844714]",
12649,"[3.713272,0.5813495,3.845321]",
12650,"[3.715664,0.5838148,3.846594]",
12651,"[3.716937,0.5845137,3.847271]",
12652,"[3.717114,0.5845654,3.847365]",
12653,"[3.717131,0.5845693,3.847374]",
12654,"[3.717733,0.5837087,3.847694]",
12655,"[3.718246,0.5829106,3.847967]",
12656,"[3.718264,0.582803,3.847977]",
12657,"[3.71835,0.5826568,3.848022]",
12658,"[3.718385,0.5826128,3.848041]",
12659,"[3.718583,0.5826561,3.848147]",
12660,"[3.718832,0.5828853,3.848279]",
12661,"[3.719856,0.58367,3.848823]",
12662,"[3.720659,0.5840962,3.849251]",
12663,"[3.723277,0.5840018,3.850643]",
12664,"[3.724256,0.58304,3.851164]",
12665,"[3.725423,0.5820035,3.851785]",
12666,"[3.727505,0.5798243,3.852892]",
12667,"[3.728978,0.579188,3.853676]",
12668,"[3.7296,0.5782905,3.854007]",
12669,"[3.729439,0.5760322,3.853921]",
12670,"[3.729417,0.5733845,3.853909]",
12671,"[3.729435,0.5702357,3.853919]",
12672,"[3.730476,0.5630159,3.854473]",
12673,"[3.732174,0.5554314,3.855376]",
12674,"[3.733096,0.5536211,3.855866]",
12675,"[3.739794,0.543908,3.859429]",
12676,"[3.744889,0.5378185,3.86214]",
12677,"[3.755428,0.5242996,3.867746]",
12678,"[3.757955,0.5032914,3.882523]",
12679,"[3.766676,0.5032914,3.876739]",
12680,"[3.778781,0.5032914,3.870991]",
12681,"[3.782808,0.5032914,3.868028]",
12682,"[3.790554,0.5032914,3.860937]",
12683,"[3.792769,0.5032914,3.8578]",
12684,"[3.796487,0.5032914,3.851684]",
12685,"[3.797599,0.5032914,3.849164]",
12686,"[3.800176,0.5032914,3.846458]",
12687,"[3.801489,0.5032914,3.845709]",
12688,"[3.800811,0.5032914,3.846454]",
12689,"[3.798306,0.5032914,3.848972]",
12690,"[3.796508,0.5032914,3.850947]",
12691,"[3.791742,0.5032914,3.853426]",
12692,"[3.790128,0.5032914,3.854667]",
12693,"[3.786918,0.5032914,3.855677]",
12694,"[3.785292,0.5032914,3.854086]",
12695,"[3.783014,0.5032914,3.851672]",
12696,"[3.781482,0.5032914,3.849142]",
12697,"[3.77919,0.5032914,3.845723]",
12698,"[3.778192,0.5032914,3.844187]",
12699,"[3.777246,0.5032914,3.842226]",
12700,"[3.775621,0.5032914,3.838501]",
12701,"[3.774853,0.5032914,3.836465]",
12702,"[3.773434,0.5032914,3.833528]",
12703,"[3.772815,0.5032914,3.832648]",
12704,"[3.773639,0.5032914,3.837224]",
12705,"[3.775068,0.5032914,3.842833]",
12706,"[3.776825,0.5032914,3.847237]",
12707,"[3.779361,0.5032914,3.853117]",
12708,"[3.780463,0.5032914,3.855741]",
12709,"[3.782903,0.5032914,3.860184]",
12710,"[3.783962,0.5032914,3.86172]",
12711,"[3.78536,0.5032914,3.864139]",
12712,"[3.785713,0.5032914,3.865119]",
12713,"[3.78602,0.5032914,3.867497]",
12714,"[3.789322,0.5032914,3.895756]",
12715,"[3.796649,0.5246716,3.889672]",
12716,"[3.822044,0.5927889,3.903181]",
12717,"[3.826577,0.606567,3.905592]",
12718,"[3.830837,0.6231378,3.907858]",
12719,"[3.831247,0.6280816,3.908076]",
12720,"[3.831412,0.6350626,3.908164]",
12721,"[3.831313,0.6386538,3.908111]",
12722,"[3.831132,0.6416523,3.908015]",
12723,"[3.831931,0.6467824,3.90844]",
12724,"[3.832226,0.6484487,3.908597]",
12725,"[3.832516,0.6513155,3.908751]",
12726,"[3.832588,0.6522114,3.90879]",
12727,"[3.833158,0.6539067,3.909093]",
12728,"[3.833642,0.6545671,3.90935]",
12729,"[3.83442,0.6554053,3.909764]",
12730,"[3.834796,0.6557853,3.909964]",
12731,"[3.835687,0.6564207,3.910438]",
12732,"[3.837991,0.658396,3.911664]",
12733,"[3.83952,0.6600091,3.912477]",
12734,"[3.867454,0.5741311,4.074677]",
12735,"[3.887944,0.5820901,4.087791]",
12736,"[4.021951,0.7727844,3.957169]",
12737,"[4.036855,0.7835338,3.95726]",
12738,"[4.045087,0.8038263,3.936418]",
12739,"[4.055139,0.817301,3.928072]",
12740,"[4.059666,0.8220668,3.926341]",
12741,"[4.062914,0.8256819,3.925968]",
12742,"[4.064803,0.8279485,3.925751]",
12743,"[4.068554,0.8321342,3.925321]",
12744,"[4.070165,0.8340358,3.925136]",
12745,"[4.074091,0.837052,3.925148]",
12746,"[4.074614,0.8380682,3.925227]",
12747,"[4.075253,0.8392478,3.925322]",
12748,"[4.07619,0.8415635,3.925462]",
12749,"[4.076336,0.8428685,3.925484]",
12750,"[4.076723,0.8461856,3.925542]",
12751,"[4.076477,0.847168,3.925505]",
12752,"[4.07613,0.8486151,3.925454]",
12753,"[4.07613,0.8486151,3.925454]",
12754,"[4.075882,0.8494426,3.925416]",
12755,"[4.075401,0.8524173,3.925344]",
12756,"[4.075048,0.8533837,3.925292]",
12757,"[4.071042,0.8427999,3.925035]",
12758,"[4.068405,0.8352503,3.925338]",
12759,"[4.064225,0.7742471,3.925818]",
12760,"[4.063267,0.7531129,3.925928]",
12761,"[4.062597,0.7161443,3.926005]",
12762,"[4.062298,0.7064662,3.926039]",
12763,"[4.06289,0.6896491,3.925971]",
12764,"[4.065791,0.6805657,3.925638]",
12765,"[4.070133,0.670277,3.925139]",
12766,"[4.077778,0.6541556,3.9257]",
12767,"[4.084718,0.6414057,3.927028]",
12768,"[4.107895,0.5869497,3.957696]",
12769,"[4.118388,0.5762224,3.957761]",
12770,"[4.138281,0.5751609,3.932563]",
12771,"[4.146948,0.5647929,3.931749]",
12772,"[4.168101,0.5423797,3.92976]",
12773,"[4.172411,0.540037,3.929355]",
12774,"[4.178021,0.5372649,3.928828]",
12775,"[4.181507,0.5408589,3.9285]",
12776,"[4.183966,0.5425875,3.928269]",
12777,"[4.182328,0.5494246,3.928423]",
12778,"[4.178721,0.5552216,3.928762]",
12779,"[4.172393,0.5628246,3.929357]",
12780,"[4.160813,0.5653759,3.930445]",
12781,"[4.150962,0.5664893,3.931371]",
12782,"[4.136086,0.568541,3.93277]",
12783,"[4.126422,0.5695969,3.933678]",
12784,"[4.116841,0.5494028,3.957751]",
12785,"[4.108244,0.5505559,3.957698]",
12786,"[4.107485,0.5515099,3.957694]",
12787,"[4.106688,0.552267,3.957689]",
12788,"[4.094666,0.5777068,3.93312]",
12789,"[4.093097,0.5697892,3.931143]",
12790,"[4.092521,0.5638174,3.93086]",
12791,"[4.090594,0.5542599,3.929913]",
12792,"[4.089138,0.549696,3.929198]",
12793,"[4.085231,0.5468276,3.92728]",
12794,"[4.082302,0.5477261,3.926377]",
12795,"[4.075386,0.5527556,3.925342]",
12796,"[4.070981,0.5578271,3.925042]",
12797,"[4.060975,0.5722219,3.926191]",
12798,"[4.056402,0.5797377,3.927583]",
12799,"[4.053066,0.5846926,3.928875]",
12800,"[4.044927,0.5986168,3.937963]",
12801,"[4.046266,0.5946899,3.957318]",
12802,"[4.046033,0.6482367,4.185998]",
12803,"[4.031392,0.6912249,4.185998]",
12804,"[4.019976,0.7215813,4.198985]",
12805,"[4.019976,0.7161815,4.231884]",
12806,"[4.019976,0.7104263,4.260847]",
12807,"[4.034428,0.6661196,4.364916]",
12808,"[4.034428,0.6597078,4.378575]",
12809,"[4.034428,0.6430287,4.411127]",
12810,"[4.044993,0.6094005,4.468365]",
12811,"[4.031083,0.6132306,4.468365]",
12812,"[4.023949,0.6160384,4.468365]",
12813,"[4.026907,0.5514361,4.58543]",
12814,"[3.985389,0.5514361,4.607892]",
12815,"[3.969416,0.5514361,4.618735]",
12816,"[4.020303,0.3144149,5.039999]",
12817,"[4.010748,0.3191628,5.039999]",
12818,"[3.999805,0.3246189,5.04]",
12819,"[4.000301,0.3275328,5.039999]",
12820,"[4.016386,0.3424473,5.039999]",
12821,"[4.025759,0.6944867,4.468365]",
12822,"[4.365297,1.086189,3.911224]",
12823,"[4.368695,1.086915,3.910905]",
12824,"[4.390308,1.089154,3.908873]",
12825,"[4.412687,1.091557,3.90677]",
12826,"[4.429276,1.091841,3.90521]",
12827,"[4.438329,1.092293,3.904359]",
12828,"[4.436683,1.091716,3.904514]",
12829,"[4.41296,1.088691,3.906744]",
12830,"[4.399206,1.087396,3.908037]",
12831,"[4.385214,1.087167,3.909352]",
12832,"[4.294775,1.077536,3.917853]",
12833,"[4.265269,1.075367,3.920627]",
12834,"[4.093975,0.3528005,5.039999]",
12835,"[4.090078,0.3527771,5.039999]",
12836,"[3.967106,0.3348612,5.04]",
12837,"[3.907181,0.3260059,5.04]",
12838,"[3.80807,0.5825229,4.587877]",
12839,"[3.805752,0.3008142,5.04]",
12840,"[3.787451,0.2962095,5.04]",
12841,"[3.748536,0.2907219,5.04]",
12842,"[3.737439,0.6478525,4.458578]",
12843,"[3.697794,0.79782,4.215144]",
12844,"[3.676802,0.79782,4.215012]",
12845,"[3.655931,0.79782,4.218579]",
12846,"[3.648993,0.79782,4.221476]",
12847,"[3.643126,0.79782,4.226254]",
12848,"[3.643943,0.79782,4.227359]",
12849,"[3.646873,0.79782,4.227932]",
12850,"[3.649445,0.79782,4.228923]",
12851,"[3.650964,0.79782,4.228852]",
12852,"[3.654142,0.79782,4.228628]",
12853,"[3.655824,0.79782,4.228615]",
12854,"[3.656891,0.79782,4.22884]",
12855,"[3.659224,0.79782,4.228819]",
12856,"[3.662867,0.79782,4.228865]",
12857,"[3.665334,0.79782,4.228791]",
12858,"[3.671385,0.79782,4.227408]",
12859,"[3.675781,0.79782,4.226108]",
12860,"[3.679421,0.79782,4.225746]",
12861,"[3.686333,0.79782,4.228394]",
12862,"[3.68826,0.79782,4.229515]",
12863,"[3.6904,0.79782,4.231379]",
12864,"[3.691445,0.8094079,4.228616]",
12865,"[3.703747,0.8834174,4.119465]",
12866,"[3.7054,0.8974394,4.10679]",
12867,"[3.716198,0.9576765,4.017083]",
12868,"[3.716302,0.9626746,4.019153]",
12869,"[3.716302,0.9626746,4.019153]",
12870,"[3.716428,0.9661722,4.021273]",
12871,"[3.718021,0.9691649,4.022884]",
12872,"[3.677866,0.7600897,4.392061]",
12873,"[3.681855,0.7600897,4.40743]",
12874,"[3.687391,0.7600897,4.415263]",
12875,"[3.699933,0.7600897,4.431497]",
12876,"[3.706278,0.7600897,4.433751]",
12877,"[3.712472,0.7600897,4.436759]",
12878,"[3.716387,0.7600897,4.43814]",
12879,"[3.719589,0.7600897,4.439071]",
12880,"[3.719389,0.7600897,4.439164]",
12881,"[3.718819,0.7600897,4.439621]",
12882,"[3.718076,0.7600897,4.440536]",
12883,"[3.717096,0.7600897,4.441993]",
12884,"[3.71363,0.7600897,4.444408]",
12885,"[3.711251,0.7600897,4.446651]",
12886,"[3.705138,0.7600897,4.457217]",
12887,"[3.705138,0.7600897,4.457217]",
12888,"[3.701798,0.7600897,4.465557]",
12889,"[3.701533,0.7600897,4.467493]",
12890,"[3.701152,0.7600897,4.471877]",
12891,"[3.702003,0.7600897,4.471879]",
12892,"[3.703576,0.7600897,4.472603]",
12893,"[3.70731,0.7600897,4.470469]",
12894,"[3.715625,0.7600897,4.464944]",
12895,"[3.724194,0.7600897,4.462765]",
12896,"[3.738048,0.7588305,4.459535]",
12897,"[3.766346,0.6750993,4.587877]",
12898,"[3.791271,0.6692662,4.587877]",
12899,"[3.860059,0.3880496,5.04]",
12900,"[3.911004,0.3689849,5.04]",
12901,"[3.984637,0.3397652,5.04]",
12902,"[4.032482,0.8273486,4.185998]",
12903,"[4.079287,0.9770781,3.925926]",
12904,"[4.443281,0.9278103,3.903893]",
12905,"[4.515648,0.9153155,3.897091]",
12906,"[5.950001,0.6884162,4.03899]",
12907,"[5.95,0.7351696,3.899367]",
12908,"[5.263452,1.136361,3.234315]",
12909,"[5.95,0.9579439,3.180495]",
12910,"[5.95,1.078556,2.848293]",
12911,"[5.76982,1.177514,2.55883]",
12912,"[5.56708,1.231457,2.490544]",
12913,"[5.892352,1.135018,2.116548]",
12914,"[5.641248,1.167771,2.107779]",
12915,"[5.624534,1.086949,1.841001]",
12916,"[5.624534,1.046027,1.727411]",
12917,"[5.578245,1.024678,1.658401]",
12918,"[5.701163,0.9005975,1.354896]",
12919,"[5.642234,0.9005975,1.418495]",
12920,"[5.566549,0.9005975,1.472994]",
12921,"[5.402383,0.9005975,1.532481]",
12922,"[5.447244,0.8230283,1.563032]",
12923,"[5.662671,0.6726176,1.342257]",
12924,"[5.709446,0.6726176,1.47196]",
12925,"[5.729407,0.6633803,1.476214]",
12926,"[5.731764,0.6591631,1.476214]",
12927,"[5.376252,0.6726176,1.301754]",
12928,"[5.365076,0.6279702,1.187663]",
12929,"[4.987655,0.8468504,1.518631]",
12930,"[4.946199,0.8564662,1.518631]",
12931,"[4.89187,0.8689408,1.518631]",
12932,"[4.875127,0.8715435,1.518631]",
12933,"[4.875593,0.8737279,1.518631]",
12934,"[4.886058,0.8714172,1.518631]",
12935,"[4.887662,0.8715907,1.518631]",
12936,"[4.872836,0.8770719,1.518631]",
12937,"[4.853742,0.8833926,1.518631]",
12938,"[4.780972,0.9000401,1.518631]",
12939,"[4.607693,0.8371699,1.4391]",
12940,"[4.511022,0.8559986,1.479192]",
12941,"[4.487166,0.8512094,1.471716]",
12942,"[4.734918,0.1,0.1499842]",
12943,"[4.719782,0.0999999,0.167748]",
12944,"[4.699264,0.1,0.1835108]",
12945,"[4.697265,0.1,0.2140319]",
12946,"[4.693709,0.1,0.2345725]",
12947,"[4.525218,0.8000774,1.48364]",
12948,"[4.557583,0.7898472,1.493783]",
12949,"[4.571213,0.7874001,1.502284]",
12950,"[4.644457,0.7874001,1.503325]",
12951,"[4.796935,0.5773456,1.17368]",
12952,"[4.821502,0.6636314,1.341332]",
12953,"[4.779435,0.7874001,1.561308]",
12954,"[4.861407,0.7624649,1.612026]",
12955,"[5.100657,0.5773456,1.650292]",
12956,"[5.19322,0.6061116,2.138065]",
12957,"[5.192298,0.6145422,2.164443]",
12958,"[5.191501,0.6222988,2.187292]",
12959,"[5.198955,0.622529,2.220316]",
12960,"[5.198818,0.622529,2.231213]",
12961,"[5.194351,0.622529,2.230886]",
12962,"[5.192221,0.622529,2.230203]",
12963,"[5.191307,0.5958939,2.19285]",
12964,"[5.191689,0.5879069,2.181895]",
12965,"[5.19307,0.5754801,2.14235]",
12966,"[5.193935,0.5668102,2.117579]",
12967,"[5.194279,0.5612903,2.10772]",
12968,"[5.194657,0.5490468,2.096913]",
12969,"[5.19471,0.5448543,2.095379]",
12970,"[5.194765,0.5447394,2.09382]",
12971,"[5.194879,0.5481083,2.09054]",
12972,"[5.195851,0.5607654,2.062705]",
12973,"[5.196541,0.5655925,2.042945]",
12974,"[5.200117,0.5591877,1.940547]",
12975,"[5.562932,0.0999999,1.518334]",
12976,"[5.481908,0.1589465,1.476214]",
12977,"[5.075103,0.5773456,1.694137]",
12978,"[4.811311,0.7014174,1.596327]",
12979,"[4.716049,0.7455431,1.566474]",
12980,"[4.364817,0.1,0.2028556]",
12981,"[4.24683,0.4576302,0.6911662]",
12982,"[4.190138,0.4851465,0.6911662]",
12983,"[3.965308,0.7102929,0.6911662]",
12984,"[3.917639,0.7527982,0.6911662]",
12985,"[3.913709,0.7591692,0.6911662]",
12986,"[3.915458,0.7611995,0.6911662]",
12987,"[3.93758,0.7664032,0.6911662]",
12988,"[4.283026,0.7647926,0.7996454]",
12989,"[4.398795,0.7463351,0.7996454]",
12990,"[4.490281,1.033845,1.472692]",
12991,"[4.740628,0.9276087,1.423729]",
12992,"[4.91328,0.8980116,1.518631]",
12993,"[5.624534,0.7040081,1.841276]",
12994,"[5.596,0.7712182,2.242356]",
12995,"[5.565914,0.8039947,2.330495]",
12996,"[5.547706,0.829506,2.499671]",
12997,"[5.637771,0.7800756,2.643682]",
12998,"[5.606642,0.7475594,2.774236]",
12999,"[5.650949,0.5315542,2.968618]",
13000,"[5.575133,0.5522501,2.965971]",
13001,"[5.557692,0.5332891,2.965362]",
13002,"[5.583056,0.436915,2.966247]",
13003,"[5.606219,0.3829117,2.967056]",
13004,"[5.608243,0.3269944,2.967127]",
13005,"[5.656673,0.2553237,2.968818]",
13006,"[5.755014,0.1000001,2.912784]",
13007,"[5.736844,0.1000001,2.883025]",
13008,"[5.524547,0.3204178,2.752584]",
13009,"[5.370758,0.4874729,2.630863]",
13010,"[5.381233,0.4813858,2.611729]",
13011,"[5.445387,0.4476021,2.572492]",
13012,"[5.530567,0.3693864,2.580199]",
13013,"[5.531577,0.3893654,2.551288]",
13014,"[5.532165,0.4008942,2.534439]",
13015,"[5.533028,0.415152,2.50972]",
13016,"[5.533356,0.4209032,2.500329]",
13017,"[5.533632,0.4264044,2.492432]",
13018,"[5.534213,0.4588154,2.4758]",
13019,"[5.53511,0.5315247,2.450122]",
13020,"[5.535655,0.582648,2.434513]",
13021,"[5.535784,0.5959131,2.430813]",
13022,"[5.535882,0.6073323,2.427979]",
13023,"[5.535983,0.6145395,2.4251]",
13024,"[5.536066,0.6213492,2.422729]",
13025,"[5.556412,0.622529,2.420111]",
13026,"[5.567889,0.622529,2.419564]",
13027,"[5.567655,0.6474924,2.41783]",
13028,"[5.568129,0.6594605,2.417831]",
13029,"[5.5542,0.6906371,2.416984]",
13030,"[5.553102,0.7000556,2.416912]",
13031,"[5.552728,0.7032719,2.416896]",
13032,"[5.55182,0.7117891,2.417745]",
13033,"[5.551231,0.7177803,2.418889]",
13034,"[5.550466,0.7265217,2.421568]",
13035,"[5.549975,0.7364236,2.428677]",
13036,"[5.54953,0.7454586,2.435186]",
13037,"[5.549533,0.7454318,2.435187]",
13038,"[5.549776,0.7430506,2.434823]",
13039,"[5.54984,0.7424114,2.43472]",
13040,"[5.550087,0.7398517,2.434178]",
13041,"[5.550087,0.7398517,2.434178]",
13042,"[5.550287,0.7382605,2.434346]",
13043,"[5.551231,0.7303714,2.434673]",
13044,"[5.551854,0.7254156,2.435203]",
13045,"[5.553327,0.7138797,2.436671]",
13046,"[5.556535,0.683327,2.433076]",
13047,"[5.567297,0.6456605,2.428073]",
13048,"[5.567359,0.6358881,2.426315]",
13049,"[5.568192,0.6304789,2.424511]",
13050,"[5.570983,0.622529,2.421901]",
13051,"[5.569166,0.622529,2.421067]",
13052,"[5.567455,0.622529,2.419182]",
13053,"[5.566032,0.622529,2.418698]",
13054,"[5.560306,0.622529,2.419094]",
13055,"[5.556147,0.622529,2.420449]",
13056,"[5.533901,0.2829102,2.484736]",
13057,"[5.455857,0.3847152,2.495649]",
13058,"[5.423715,0.3941821,2.506149]",
13059,"[5.412526,0.3969299,2.509132]",
13060,"[5.403254,0.3991776,2.511568]",
13061,"[5.397112,0.4002116,2.512623]",
13062,"[5.393785,0.4007525,2.51317]",
13063,"[5.390013,0.4012007,2.513589]",
13064,"[5.389997,0.4009949,2.513336]",
13065,"[5.390254,0.4006044,2.512865]",
13066,"[5.392456,0.399969,2.512162]",
13067,"[5.395788,0.3991512,2.511275]",
13068,"[5.533659,0.44398,2.491668]",
13069,"[5.533992,0.551936,2.482131]",
13070,"[5.534117,0.6109446,2.478541]",
13071,"[5.542897,0.622529,2.478147]",
13072,"[5.558106,0.622529,2.477373]",
13073,"[5.565797,0.6326201,2.476714]",
13074,"[5.566462,0.6609238,2.477916]",
13075,"[5.559008,0.7004237,2.480805]",
13076,"[5.557684,0.7130667,2.481847]",
13077,"[5.555258,0.7372183,2.484674]",
13078,"[5.554247,0.7477483,2.486296]",
13079,"[5.552275,0.7682652,2.489434]",
13080,"[5.551984,0.7723434,2.490886]",
13081,"[5.551903,0.7719129,2.489819]",
13082,"[5.551826,0.7721636,2.489419]",
13083,"[5.551926,0.7700976,2.48829]",
13084,"[5.551987,0.7678956,2.48671]",
13085,"[5.55227,0.7638128,2.48519]",
13086,"[5.553355,0.7511923,2.482201]",
13087,"[5.553682,0.7474641,2.481379]",
13088,"[5.554398,0.739968,2.480192]",
13089,"[5.554795,0.7361555,2.479865]",
13090,"[5.555262,0.7313461,2.479167]",
13091,"[5.555591,0.7274628,2.47819]",
13092,"[5.555625,0.7270798,2.478081]",
13093,"[5.555545,0.7283062,2.478624]",
13094,"[5.555435,0.7298186,2.479144]",
13095,"[5.555291,0.7312495,2.479313]",
13096,"[5.555096,0.7331529,2.479508]",
13097,"[5.554446,0.7390428,2.479712]",
13098,"[5.554168,0.7412878,2.479549]",
13099,"[5.554133,0.7410994,2.479084]",
13100,"[5.553812,0.7422692,2.477501]",
13101,"[5.553702,0.7423068,2.476363]",
13102,"[5.553607,0.7406484,2.473252]",
13103,"[5.553962,0.7365382,2.471948]",
13104,"[5.555202,0.7223902,2.46762]",
13105,"[5.556456,0.7075127,2.462538]",
13106,"[5.553989,0.6688372,2.387375]",
13107,"[5.569729,0.6355424,2.358439]",
13108,"[5.570199,0.6359841,2.34497]",
13109,"[5.570957,0.6437101,2.323272]",
13110,"[5.571218,0.6477415,2.31582]",
13111,"[5.571558,0.6565752,2.306084]",
13112,"[5.572147,0.6592962,2.301478]",
13113,"[5.573676,0.661594,2.301242]",
13114,"[5.574584,0.6621919,2.301903]",
13115,"[5.575768,0.6622186,2.302422]",
13116,"[5.580251,0.6622186,2.305498]",
13117,"[5.582465,0.6622186,2.306587]",
13118,"[5.585348,0.6622186,2.308433]",
13119,"[5.587193,0.6622186,2.310146]",
13120,"[5.588446,0.6622186,2.312342]",
13121,"[5.588833,0.6622185,2.31274]",
13122,"[5.588826,0.6622185,2.313091]",
13123,"[5.587495,0.6622185,2.313559]",
13124,"[5.586185,0.6622186,2.313636]",
13125,"[5.588505,0.6622186,2.310414]",
13126,"[5.59061,0.6622185,2.307828]",
13127,"[5.595454,0.6622186,2.304106]",
13128,"[5.597142,0.6622186,2.3028]",
13129,"[5.5596,0.6958244,2.357893]",
13130,"[5.552068,0.6999739,2.376081]",
13131,"[5.551563,0.6950982,2.394049]",
13132,"[5.552225,0.693262,2.398906]",
13133,"[5.552683,0.6920316,2.402313]",
13134,"[5.553428,0.6894892,2.407191]",
13135,"[5.554051,0.6863341,2.409978]",
13136,"[5.5563,0.6731192,2.417736]",
13137,"[5.567578,0.6549075,2.420026]",
13138,"[5.567272,0.6513777,2.428793]",
13139,"[5.567116,0.6512548,2.433265]",
13140,"[5.566976,0.6521656,2.437282]",
13141,"[5.566816,0.6537394,2.441844]",
13142,"[5.56664,0.6551411,2.446883]",
13143,"[5.566511,0.6565622,2.450593]",
13144,"[5.56651,0.6566504,2.450623]",
13145,"[5.566585,0.6565008,2.448474]",
13146,"[5.566679,0.6568382,2.445795]",
13147,"[5.557328,0.6749794,2.431192]",
13148,"[5.55448,0.6851986,2.413187]",
13149,"[5.551716,0.6938971,2.394196]",
13150,"[5.566646,0.6836138,2.351192]",
13151,"[5.578729,0.6622185,2.259647]",
13152,"[5.575673,0.6515711,2.188237]",
13153,"[5.95,0.1530555,1.819916]",
13154,"[5.548217,0.5357473,1.476214]",
13155,"[5.47904,0.5972055,1.476214]",
13156,"[5.365076,0.4382177,0.7721097]",
13157,"[5.048681,0.9936046,1.518631]",
13158,"[4.979044,1.036297,1.518631]",
13159,"[4.871102,1.085253,1.518631]",
13160,"[4.662376,1.048706,1.141049]",
13161,"[4.512881,1.20516,1.390696]",
13162,"[4.489744,1.237253,1.464525]",
13163,"[4.423528,1.221524,1.451773]",
13164,"[4.000826,0.953061,0.7414301]",
13165,"[3.567189,0.6418065,0.05000057]",
13166,"[3.455929,0.5601858,0.05000034]",
13167,"[3.633524,0.6986752,0.4370719]",
13168,"[3.656276,0.6751413,0.5082344]",
13169,"[3.668849,0.6773083,0.5676571]",
13170,"[3.679395,0.6176762,0.5361041]",
13171,"[3.845256,0.6689937,0.6911662]",
13172,"[3.945738,0.6530489,0.6911662]",
13173,"[3.967223,0.6533199,0.6911662]",
13174,"[3.974763,0.6531733,0.6911662]",
13175,"[4.002017,0.6579095,0.6911662]",
13176,"[4.047385,0.6662924,0.6911662]",
13177,"[4.070732,0.6691024,0.6911662]",
13178,"[4.092442,0.6722409,0.6911662]",
13179,"[4.105439,0.6770494,0.6911662]",
13180,"[4.10604,0.6786343,0.6911662]",
13181,"[4.051842,0.6696666,0.6911662]",
13182,"[3.998055,0.6547079,0.6911662]",
13183,"[3.954129,0.6341659,0.6911662]",
13184,"[3.89344,0.6051543,0.6911662]",
13185,"[3.872044,0.5971174,0.6911662]",
13186,"[3.852183,0.592098,0.6911662]",
13187,"[3.847673,0.5920296,0.6911662]",
13188,"[3.845335,0.595745,0.6911662]",
13189,"[3.846775,0.5986865,0.6911662]",
13190,"[3.847221,0.6025676,0.6911662]",
13191,"[3.84993,0.6046623,0.6911662]",
13192,"[3.852206,0.6063802,0.6911662]",
13193,"[3.864224,0.6118232,0.6911662]",
13194,"[3.872837,0.6147275,0.6911662]",
13195,"[3.884955,0.6196198,0.6911662]",
13196,"[3.893821,0.6241875,0.6911662]",
13197,"[3.900025,0.6273591,0.6911662]",
13198,"[3.905374,0.629636,0.6911662]",
13199,"[3.909295,0.6309537,0.6911662]",
13200,"[3.91819,0.6320189,0.6911662]",
13201,"[3.922422,0.6328175,0.6911662]",
13202,"[3.928713,0.6355845,0.6911662]",
13203,"[3.930922,0.6369236,0.6911662]",
13204,"[3.933494,0.6396375,0.6911662]",
13205,"[3.934241,0.6408448,0.6911662]",
13206,"[3.935149,0.6418101,0.6911662]",
13207,"[3.936165,0.642359,0.6911662]",
13208,"[3.936926,0.6427549,0.6911662]",
13209,"[3.937959,0.643639,0.6911662]",
13210,"[3.938339,0.6441633,0.6911662]",
13211,"[3.940687,0.6463366,0.6911662]",
13212,"[3.941813,0.6474851,0.6911662]",
13213,"[3.943959,0.648943,0.6911662]",
13214,"[3.945093,0.6496125,0.6911662]",
13215,"[3.947326,0.6508635,0.6911662]",
13216,"[3.95074,0.6528954,0.6911662]",
13217,"[3.952101,0.6530976,0.6911662]",
13218,"[3.954022,0.6514296,0.6911662]",
13219,"[3.955238,0.6487532,0.6911662]",
13220,"[3.956275,0.6453584,0.6911662]",
13221,"[3.965915,0.6343104,0.6911662]",
13222,"[3.983277,0.6158013,0.6911662]",
13223,"[4.016788,0.5669833,0.6911662]",
13224,"[4.033276,0.5426817,0.6911662]",
13225,"[4.04984,0.5194147,0.6911662]",
13226,"[4.051935,0.5165659,0.6911662]",
13227,"[4.054861,0.5131522,0.6911662]",
13228,"[4.055863,0.5119695,0.6911662]",
13229,"[4.05853,0.5094626,0.6911662]",
13230,"[4.060238,0.508171,0.6911662]",
13231,"[4.062785,0.5059236,0.6911662]",
13232,"[4.067533,0.5007239,0.6911662]",
13233,"[4.069309,0.4978775,0.6911662]",
13234,"[4.07359,0.4925513,0.6911662]",
13235,"[4.076555,0.4900432,0.6911662]",
13236,"[4.081058,0.4868863,0.6911662]",
13237,"[4.082785,0.4863597,0.6911662]",
13238,"[4.085293,0.4890513,0.6911662]",
13239,"[4.086486,0.490936,0.6911662]",
13240,"[4.088608,0.4938048,0.6911662]",
13241,"[4.088578,0.4937956,0.6911662]",
13242,"[4.088514,0.4937529,0.6911662]",
13243,"[4.086061,0.4936245,0.6911662]",
13244,"[4.084204,0.493624,0.6911662]",
13245,"[3.891231,0.6269951,0.6911662]",
13246,"[3.858156,0.669122,0.6911662]",
13247,"[3.843738,0.683273,0.6911662]",
13248,"[3.599153,0.252515,0.05000021]",
13249,"[3.574557,0.269058,0.05000022]",
13250,"[3.564305,0.2753303,0.05000022]",
13251,"[3.558626,0.2788563,0.05000034]",
13252,"[3.551666,0.2838004,0.05000022]",
13253,"[3.549547,0.2861483,0.05000034]",
13254,"[3.542808,0.2941213,0.05000034]",
13255,"[3.541476,0.2984467,0.05000034]",
13256,"[3.540023,0.3046355,0.05000034]",
13257,"[3.540402,0.304988,0.05000022]",
13258,"[3.54065,0.3049008,0.05000022]",
13259,"[3.541528,0.3041667,0.05000022]",
13260,"[3.542468,0.3034315,0.05000022]",
13261,"[3.548229,0.2991112,0.05000022]",
13262,"[3.55251,0.2967918,0.05000034]",
13263,"[3.561416,0.2951266,0.05000022]",
13264,"[3.567756,0.2954611,0.05000022]",
13265,"[3.578999,0.2963639,0.05000022]",
13266,"[3.584111,0.2967061,0.05000022]",
13267,"[3.588668,0.2970731,0.05000022]",
13268,"[3.596088,0.2977641,0.05000033]",
13269,"[3.599313,0.2980036,0.05000021]",
13270,"[3.601044,0.2973731,0.05000033]",
13271,"[3.602556,0.2966435,0.05000021]",
13272,"[3.600443,0.2909352,0.05000033]",
13273,"[3.599394,0.286939,0.05000021]",
13274,"[3.596921,0.2776945,0.05000033]",
13275,"[3.595251,0.2726449,0.05000033]",
13276,"[3.593663,0.2679998,0.05000022]",
13277,"[3.590034,0.2611979,0.05000022]",
13278,"[3.588143,0.2586876,0.05000034]",
13279,"[3.585138,0.2554028,0.05000034]",
13280,"[3.583918,0.2543118,0.05000022]",
13281,"[3.583019,0.2535563,0.05000022]",
13282,"[3.582691,0.2534665,0.05000034]",
13283,"[3.582457,0.2535039,0.05000034]",
13284,"[3.582145,0.2550596,0.05000022]",
13285,"[3.582091,0.2561731,0.05000022]",
13286,"[3.581972,0.2563165,0.05000034]",
13287,"[3.582002,0.2557845,0.05000034]",
13288,"[3.582767,0.2546779,0.05000022]",
13289,"[3.583718,0.2537739,0.05000022]",
13290,"[3.585834,0.2503773,0.05000034]",
13291,"[4.005949,0.4953773,0.6911662]",
13292,"[4.024658,0.4782356,0.6911662]",
13293,"[4.065821,0.4033799,0.6911662]",
13294,"[4.085235,0.3690794,0.6911662]",
13295,"[4.113794,0.3271343,0.6911662]",
13296,"[4.127362,0.3107359,0.6911662]",
13297,"[4.14847,0.2879616,0.6911662]",
13298,"[4.155722,0.2812498,0.6911662]",
13299,"[4.173956,0.266534,0.6911662]",
13300,"[4.184131,0.2581936,0.6911662]",
13301,"[4.302747,0.2002729,0.6911662]",
13302,"[4.38088,0.1,0.6399357]",
13303,"[4.399907,0.1,0.6531815]",
13304,"[4.424843,0.1,0.6762592]",
13305,"[4.434602,0.1,0.6882932]",
13306,"[4.437363,0.1,0.6969982]",
13307,"[4.437023,0.1,0.6977827]",
13308,"[4.437182,0.1,0.6990809]",
13309,"[4.438877,0.1,0.7011449]",
13310,"[4.440525,0.1,0.7018217]",
13311,"[4.441399,0.1,0.6993415]",
13312,"[4.44247,0.1,0.6988335]",
13313,"[4.444023,0.1,0.6977675]",
13314,"[4.445325,0.1,0.6970587]",
13315,"[4.59417,0.1,0.6878764]",
13316,"[4.637968,0.1,0.6879329]",
13317,"[4.664584,0.1,0.6886997]",
13318,"[4.683596,0.1,0.6829975]",
13319,"[4.698448,0.1,0.6794021]",
13320,"[4.719019,0.1,0.6740993]",
13321,"[4.728856,0.1,0.6724945]",
13322,"[4.734934,0.1,0.6691207]",
13323,"[4.737064,0.1,0.6662553]",
13324,"[4.74174,0.1,0.6583638]",
13325,"[4.745055,0.1,0.654153]",
13326,"[4.746768,0.1,0.6501221]",
13327,"[4.749747,0.1,0.6419055]",
13328,"[4.751102,0.1,0.6388381]",
13329,"[4.753172,0.1,0.6356706]",
13330,"[4.753936,0.1,0.6349002]",
13331,"[4.755748,0.1,0.6334071]",
13332,"[4.756914,0.1,0.6329325]",
13333,"[4.757693,0.1,0.6328266]",
13334,"[4.759352,0.1,0.6330184]",
13335,"[4.758849,0.1,0.6323501]",
13336,"[4.750517,0.1,0.6302038]",
13337,"[4.745754,0.1,0.6282004]",
13338,"[4.712575,0.1,0.6153644]",
13339,"[4.527708,0.1,0.5965953]",
13340,"[4.43492,0.1,0.5839386]",
13341,"[3.748294,0.1,0.4824103]",
13342,"[3.745835,0.1351545,0.5164624]",
13343,"[3.636578,0.2949018,0.6899661]",
13344,"[3.570653,0.2851297,0.6877539]",
13345,"[3.486969,0.2569158,0.6857799]",
13346,"[3.445098,0.2425235,0.6848444]",
13347,"[3.336999,0.1,0.5660939]",
13348,"[3.331301,0.1100556,0.5821389]",
13349,"[3.322043,0.123417,0.6029561]",
13350,"[3.322043,0.123417,0.6029561]",
13351,"[3.323998,0.1208113,0.6029561]",
13352,"[3.331301,0.1173864,0.6009306]",
13353,"[3.331301,0.1173864,0.6009306]",
13354,"[3.331301,0.1163887,0.6002362]",
13355,"[3.341188,0.1,0.575361]",
13356,"[3.467391,0.2467565,0.6859924]",
13357,"[3.467391,0.2467565,0.6859924]",
13358,"[3.538374,0.2827427,0.6853825]",
13359,"[3.57214,0.2949019,0.6706412]",
13360,"[3.598983,0.2949017,0.6621002]",
13361,"[3.598983,0.2949017,0.6621002]",
13362,"[3.605913,0.2949017,0.6559933]",
13363,"[3.600677,0.2949017,0.6531144]",
13364,"[3.600677,0.2949017,0.6531144]",
13365,"[3.570562,0.2949017,0.644418]",
13366,"[3.188246,0.6896714,1.029901]",
13367,"[3.098017,0.8361108,1.204791]",
13368,"[3.098017,0.8361108,1.204791]",
13369,"[2.573946,0.6078591,1.024951]",
13370,"[2.567254,0.6661315,1.148723]",
13371,"[2.567254,0.6661315,1.148723]",
13372,"[2.460655,0.625955,1.190471]",
13373,"[2.407951,0.5806856,1.231956]",
13374,"[2.453669,0.5806856,1.275254]",
13375,"[2.453669,0.5806856,1.275254]",
13376,"[2.487687,0.5806856,1.361653]",
13377,"[2.566642,0.5806856,1.375155]",
13378,"[2.566642,0.5806856,1.375155]",
13379,"[2.621037,0.5806856,1.412625]",
13380,"[2.827049,0.5806856,1.511863]",
13381,"[3.017053,0.6298554,1.60899]",
13382,"[3.017053,0.6298554,1.60899]",
13383,"[3.017053,0.6298554,1.60899]",
13384,"[3.017053,0.6298554,1.60899]",
13385,"[3.04025,0.6091025,1.642927]",
13386,"[3.079065,0.6073409,1.591167]",
13387,"[3.105059,0.6074224,1.598733]",
13388,"[3.105059,0.6074224,1.598733]",
13389,"[3.139022,0.6078718,1.620106]",
13390,"[3.248476,0.6094358,1.692856]",
13391,"[3.30409,0.6100453,1.723619]",
13392,"[3.335855,0.5948345,1.743678]",
13393,"[3.335979,0.5712175,1.748986]",
13394,"[3.336172,0.5502514,1.755211]",
13395,"[3.33643,0.5376381,1.761522]",
13396,"[3.336728,0.527059,1.768283]",
13397,"[3.337122,0.5323769,1.774723]",
13398,"[3.337317,0.5371898,1.777611]",
13399,"[3.337798,0.5641849,1.782792]",
13400,"[3.332228,0.5734141,1.784285]",
13401,"[3.317832,0.5769178,1.784981]",
13402,"[3.295078,0.5936077,1.796089]",
13403,"[3.283755,0.6002311,1.803084]",
13404,"[3.256157,0.6002311,1.814198]",
13405,"[3.241015,0.6002311,1.822338]",
13406,"[3.21986,0.6002311,1.835019]",
13407,"[3.218161,0.6002311,1.837609]",
13408,"[3.216704,0.6002311,1.842215]",
13409,"[3.21952,0.6002311,1.852294]",
13410,"[3.225227,0.6002311,1.859125]",
13411,"[3.238374,0.6002311,1.867766]",
13412,"[3.246737,0.6002311,1.876985]",
13413,"[3.268314,0.6002311,1.904604]",
13414,"[3.26272,0.6002312,2.118415]",
13415,"[3.266896,0.6002311,2.167073]",
13416,"[3.27129,0.6002312,2.206034]",
13417,"[3.277957,0.6002312,2.245796]",
13418,"[3.279605,0.6002312,2.259282]",
13419,"[3.278857,0.6002312,2.261803]",
13420,"[3.277737,0.6002312,2.27164]",
13421,"[3.277607,0.6002312,2.280995]",
13422,"[3.270095,0.6002312,2.290781]",
13423,"[3.265283,0.6002312,2.291405]",
13424,"[3.248421,0.6002312,2.299414]",
13425,"[3.239899,0.6002312,2.306035]",
13426,"[3.2359,0.6002312,2.307278]",
13427,"[3.227813,0.6002312,2.311695]",
13428,"[3.224916,0.6002312,2.313711]",
13429,"[3.21809,0.6002312,2.323961]",
13430,"[3.212973,0.6002312,2.33446]",
13431,"[3.123899,0.5806857,2.385024]",
13432,"[3.063029,0.5806857,2.428888]",
13433,"[3.005,0.7006794,2.455222]",
13434,"[3.005,0.7636291,2.462]",
13435,"[3.005,0.777532,2.462875]",
13436,"[3.005,0.785723,2.459604]",
13437,"[3.005,0.7915362,2.459871]",
13438,"[3.005,0.8006014,2.457752]",
13439,"[3.005,0.8064244,2.456872]",
13440,"[3.005,0.8129575,2.457521]",
13441,"[3.005,0.8199807,2.457486]",
13442,"[3.005,0.8216966,2.457011]",
13443,"[3.005,0.8254958,2.45225]",
13444,"[3.005,0.8256159,2.447845]",
13445,"[3.005,0.8272878,2.442652]",
13446,"[3.005,0.8298958,2.440432]",
13447,"[3.005,0.8327045,2.429229]",
13448,"[3.005,0.8328562,2.423927]",
13449,"[3.005,0.8331761,2.420635]",
13450,"[3.005,0.8335384,2.418085]",
13451,"[3.005,0.833856,2.417595]",
13452,"[3.005,0.8338255,2.544498]",
13453,"[3.005,0.8349447,2.566634]",
13454,"[3.005,0.8397251,2.592412]",
13455,"[3.005,0.842224,2.597957]",
13456,"[3.005,0.8474277,2.603509]",
13457,"[3.005,0.8481905,2.603777]",
13458,"[3.005,0.8494242,2.603987]",
13459,"[3.005,0.8490192,2.603585]",
13460,"[3.005,0.8488176,2.603038]",
13461,"[3.005,0.8486369,2.600497]",
13462,"[3.005,0.8488145,2.598855]",
13463,"[3.005,0.8491316,2.593679]",
13464,"[3.005,0.8487415,2.59005]",
13465,"[3.005,0.8482365,2.578917]",
13466,"[3.005,0.8485186,2.571017]",
13467,"[3.005,0.8493081,2.562923]",
13468,"[3.005,0.8569693,2.415699]",
13469,"[3.005,0.8570287,2.394129]",
13470,"[3.005,0.8591333,2.370149]",
13471,"[3.005,0.8594708,2.365477]",
13472,"[3.005,0.861194,2.357514]",
13473,"[3.005,0.8626054,2.353514]",
13474,"[3.005,0.8640924,2.348607]",
13475,"[3.005,0.8654792,2.344961]",
13476,"[3.005,0.865712,2.343235]",
13477,"[3.005,0.8673493,2.337461]",
13478,"[3.005,0.8692802,2.332243]",
13479,"[2.911539,0.8988907,2.235778]",
13480,"[2.885836,0.8988907,2.220697]",
13481,"[2.050001,0.5311777,2.251181]",
13482,"[2.050001,0.5616022,2.195588]",
13483,"[2.050001,0.5720505,2.175976]",
13484,"[2.050001,0.5847133,2.149517]",
13485,"[2.050001,0.5885442,2.138808]",
13486,"[2.050001,0.5896875,2.130223]",
13487,"[2.050001,0.5900214,2.124092]",
13488,"[2.050001,0.5905389,2.116444]",
13489,"[2.050001,0.5909954,2.1153]",
13490,"[2.050001,0.590836,2.115646]",
13491,"[2.050001,0.5909525,2.116096]",
13492,"[2.050001,0.5911494,2.116238]",
13493,"[2.050001,0.5907303,2.121254]",
13494,"[2.050001,0.5898806,2.124599]",
13495,"[2.050001,0.588293,2.129871]",
13496,"[2.050001,0.5850357,2.134629]",
13497,"[2.050001,0.5799166,2.142045]",
13498,"[2.050001,0.5754687,2.14903]",
13499,"[2.050001,0.5709654,2.15573]",
13500,"[2.852862,0.8988907,2.194942]",
13501,"[2.876293,0.8988907,2.219698]",
13502,"[2.894219,0.8988907,2.242174]",
13503,"[2.898488,0.8988907,2.249015]",
13504,"[2.901661,0.8988907,2.258168]",
13505,"[2.901735,0.8988907,2.261739]",
13506,"[2.901714,0.8988907,2.266578]",
13507,"[2.902819,0.8988907,2.270391]",
13508,"[2.904897,0.8988907,2.275981]",
13509,"[2.910021,0.8988907,2.278334]",
13510,"[2.916021,0.8988907,2.280269]",
13511,"[2.930257,0.8988907,2.28315]",
13512,"[2.940019,0.8988907,2.284517]",
13513,"[2.957543,0.8988907,2.28709]",
13514,"[2.962238,0.8988907,2.287596]",
13515,"[2.968076,0.8988907,2.28795]",
13516,"[2.969652,0.8988907,2.288024]",
13517,"[2.970811,0.8988907,2.288029]",
13518,"[2.989946,0.8988907,2.283856]",
13519,"[3.001129,0.8988907,2.280853]",
13520,"[3.005,0.8909678,2.28015]",
13521,"[3.005,0.8817849,2.280862]",
13522,"[3.005,0.8679032,2.280041]",
13523,"[3.005,0.8611041,2.279624]",
13524,"[3.005,0.8539619,2.279769]",
13525,"[3.005,0.8410694,2.278579]",
13526,"[3.005,0.8334609,2.278049]",
13527,"[3.005,0.8242484,2.276729]",
13528,"[3.005,0.8200725,2.275686]",
13529,"[3.005,0.817427,2.273986]",
13530,"[3.005,0.8168579,2.273316]",
13531,"[3.005,0.8165023,2.268842]",
13532,"[3.005,0.8163884,2.264227]",
13533,"[2.655163,0.6298806,2.182773]",
13534,"[2.690059,0.6883857,1.874589]",
13535,"[2.675584,0.6848617,1.834931]",
13536,"[2.6574,0.680922,1.785139]",
13537,"[2.650251,0.6795666,1.765576]",
13538,"[2.640804,0.6782358,1.73975]",
13539,"[2.637071,0.6779187,1.729558]",
13540,"[2.636361,0.6784418,1.727654]",
13541,"[2.636273,0.6787527,1.727431]",
13542,"[2.636015,0.6791087,1.726751]",
13543,"[2.635998,0.6797483,1.726742]",
13544,"[2.635792,0.6800791,1.7262]",
13545,"[2.635568,0.6811019,1.725649]",
13546,"[2.635741,0.682021,1.726178]",
13547,"[2.635483,0.6837553,1.725577]",
13548,"[2.634696,0.6852593,1.723521]",
13549,"[2.354138,0.5806856,1.51554]",
13550,"[2.338666,0.5806856,1.48149]",
13551,"[2.32564,0.5806856,1.454768]",
13552,"[2.312123,0.5835127,1.411922]",
13553,"[2.311963,0.5842611,1.394208]",
13554,"[2.311743,0.5842797,1.36989]",
13555,"[2.311671,0.5843121,1.36192]",
13556,"[2.311653,0.5846206,1.359946]",
13557,"[2.311644,0.5846875,1.358912]",
13558,"[2.311625,0.5845003,1.356828]",
13559,"[2.311455,0.5923622,1.338039]",
13560,"[2.311358,0.5971965,1.327368]",
13561,"[2.302498,0.6002311,1.320829]",
13562,"[2.297101,0.6002311,1.320168]",
13563,"[2.282451,0.6002311,1.327852]",
13564,"[2.270825,0.6002311,1.340345]",
13565,"[2.253245,0.6002311,1.380401]",
13566,"[2.252029,0.6002311,1.397402]",
13567,"[2.25681,0.6002311,1.42224]",
13568,"[2.278415,0.6002311,1.449106]",
13569,"[2.298694,0.6002311,1.472488]",
13570,"[2.319826,0.5806856,1.53152]",
13571,"[2.688817,0.5806856,1.807719]",
13572,"[3.029819,0.5806856,2.013359]",
13573,"[3.076318,0.5806856,2.037327]",
13574,"[3.147083,0.5806856,2.059066]",
13575,"[3.205594,0.6002311,2.057594]",
13576,"[3.232939,0.6002311,2.054937]",
13577,"[3.272334,0.6002311,2.044591]",
13578,"[3.285038,0.6002311,2.038471]",
13579,"[3.29719,0.5863858,2.029591]",
13580,"[3.297159,0.5835444,2.026203]",
13581,"[3.297106,0.567645,2.020287]",
13582,"[3.297106,0.5511135,2.020326]",
13583,"[3.297105,0.5317836,2.020208]",
13584,"[2.816529,0.1,2.124595]",
13585,"[2.819574,0.1,2.122572]",
13586,"[2.816335,0.1,2.115731]",
13587,"[2.82295,0.1,2.109712]",
13588,"[2.836834,0.1,2.100396]",
13589,"[2.841043,0.1,2.097243]",
13590,"[2.841245,0.1,2.095668]",
13591,"[2.84353,0.1,2.091771]",
13592,"[2.845272,0.1,2.089364]",
13593,"[2.849218,0.1,2.07877]",
13594,"[2.857858,0.1,2.071763]",
13595,"[2.854645,0.1,2.060244]",
13596,"[2.859088,0.1,2.051475]",
13597,"[2.869,0.1078523,2.026367]",
13598,"[2.892925,0.1203088,1.989395]",
13599,"[2.897015,0.1319503,1.973444]",
13600,"[2.902634,0.1480813,1.951393]",
13601,"[2.898835,0.1633453,1.939808]",
13602,"[2.908617,0.182842,1.922146]",
13603,"[2.913432,0.1943786,1.917243]",
13604,"[2.919475,0.2064939,1.911089]",
13605,"[2.921421,0.2099921,1.909108]",
13606,"[2.923017,0.2187728,1.907482]",
13607,"[2.922278,0.2321156,1.908235]",
13608,"[2.923971,0.2433211,1.906511]",
13609,"[2.924253,0.2473013,1.906224]",
13610,"[2.924812,0.2493085,1.905654]",
13611,"[2.924536,0.2508076,1.905935]",
13612,"[2.924347,0.2508877,1.906128]",
13613,"[2.92369,0.2502554,1.906797]",
13614,"[2.923878,0.2491973,1.906606]",
13615,"[2.92381,0.2486565,1.906675]",
13616,"[2.924316,0.249185,1.90616]",
13617,"[2.925752,0.2498893,1.904698]",
13618,"[2.930107,0.2517121,1.900263]",
13619,"[2.932429,0.2530336,1.897899]",
13620,"[2.934483,0.2574412,1.895807]",
13621,"[2.934448,0.2591724,1.895842]",
13622,"[2.933617,0.2631451,1.896689]",
13623,"[2.933517,0.2660087,1.896791]",
13624,"[2.933907,0.2726284,1.896394]",
13625,"[2.93688,0.2774488,1.893936]",
13626,"[2.942387,0.2832621,1.890007]",
13627,"[3.189818,0.3342432,1.799264]",
13628,"[3.283583,0.3637522,1.793183]",
13629,"[3.33471,0.3718976,1.752051]",
13630,"[3.333728,0.3667042,1.73498]",
13631,"[3.331998,0.3510121,1.705759]",
13632,"[3.331452,0.3447435,1.696716]",
13633,"[3.331282,0.3415794,1.694051]",
13634,"[3.330924,0.3364096,1.688251]",
13635,"[3.330893,0.3355911,1.687791]",
13636,"[3.330865,0.334567,1.68742]",
13637,"[3.330801,0.3346192,1.686262]",
13638,"[3.330281,0.3381804,1.676394]",
13639,"[3.329747,0.3418205,1.666281]",
13640,"[3.320732,0.3592573,1.501082]",
13641,"[3.318692,0.3631744,1.463714]",
13642,"[3.317342,0.3646234,1.439125]",
13643,"[3.068739,0.2678324,1.234441]",
13644,"[3.073436,0.2698283,1.231457]",
13645,"[3.087961,0.2756483,1.222231]",
13646,"[3.095559,0.2790626,1.217405]",
13647,"[3.09986,0.2822219,1.214674]",
13648,"[3.101615,0.2847893,1.213558]",
13649,"[3.102181,0.3015688,1.213199]",
13650,"[3.102557,0.3134975,1.21296]",
13651,"[3.104708,0.3240244,1.211594]",
13652,"[3.080646,0.3329571,1.183157]",
13653,"[3.071333,0.3329571,1.175871]",
13654,"[3.055103,0.3329571,1.160146]",
13655,"[3.049578,0.3329571,1.155559]",
13656,"[3.045129,0.3329571,1.151711]",
13657,"[3.046168,0.3329571,1.169222]",
13658,"[3.04334,0.3329571,1.174902]",
13659,"[3.035117,0.3329571,1.181414]",
13660,"[3.022454,0.3321821,1.181783]",
13661,"[3.06051,0.3457284,1.213161]",
13662,"[3.06051,0.3457284,1.213161]",
13663,"[3.097712,0.3586003,1.24299]",
13664,"[2.268981,0.1,0.6682748]",
13665,"[2.268981,0.1,0.6682748]",
13666,"[2.27376,0.1,0.6687608]",
13667,"[2.272123,0.1,0.6637978]",
13668,"[2.263983,0.1,0.6525429]",
13669,"[2.259275,0.1,0.6485116]",
13670,"[2.253934,0.09999996,0.6441581]",
13671,"[2.242863,0.1,0.6382996]",
13672,"[2.235638,0.1,0.6355001]",
13673,"[2.232728,0.1,0.6357191]",
13674,"[2.229884,0.1,0.6400807]",
13675,"[2.232547,0.1,0.6467291]",
13676,"[2.255409,0.1,0.6818981]",
13677,"[2.271896,0.1,0.7075352]",
13678,"[2.432533,0.09999996,0.8870086]",
13679,"[3.331105,0.4175498,1.44761]",
13680,"[3.327611,0.3902106,1.465348]",
13681,"[3.323349,0.3652158,1.478493]",
13682,"[3.327926,0.3608325,1.484465]",
13683,"[3.329054,0.349444,1.486894]",
13684,"[3.329215,0.3422922,1.486947]",
13685,"[3.329187,0.3328455,1.486215]",
13686,"[3.328293,0.3228682,1.482831]",
13687,"[3.327918,0.309648,1.479969]",
13688,"[3.327397,0.2946841,1.477642]",
13689,"[3.326924,0.2723182,1.474889]",
13690,"[3.320157,0.2564955,1.470993]",
13691,"[3.318367,0.2454222,1.469335]",
13692,"[3.317905,0.2132933,1.474872]",
13693,"[3.317836,0.2027255,1.477401]",
13694,"[3.317578,0.1907966,1.4793]",
13695,"[3.316949,0.1868466,1.478847]",
13696,"[3.316888,0.1845017,1.476916]",
13697,"[3.318531,0.1984585,1.474316]",
13698,"[3.278383,0.1786616,1.451729]",
13699,"[3.29882,0.1942654,1.457439]",
13700,"[3.311633,0.2006973,1.458739]",
13701,"[3.33933,0.2102859,1.455933]",
13702,"[3.381698,0.2404336,1.468306]",
13703,"[3.367177,0.2249738,1.455754]",
13704,"[3.384314,0.2387101,1.458992]",
13705,"[3.388893,0.2552431,1.460024]",
13706,"[3.18613,0.1,1.34006]",
13707,"[3.180862,0.1,1.33284]",
13708,"[3.173631,0.1,1.319467]",
13709,"[3.172869,0.1,1.315578]",
13710,"[3.173062,0.1,1.309822]",
13711,"[3.174964,0.1,1.304145]",
13712,"[3.180971,0.1,1.29942]",
13713,"[3.208671,0.1,1.296373]",
13714,"[3.228526,0.1,1.297829]",
13715,"[3.288911,0.1,1.31208]",
13716,"[3.325867,0.1,1.323158]",
13717,"[3.572985,0.3387757,1.476492]",
13718,"[3.643756,0.340958,1.487713]",
13719,"[3.676872,0.3222779,1.493183]",
13720,"[3.685678,0.3156756,1.497189]",
13721,"[3.693196,0.309443,1.50184]",
13722,"[3.701803,0.3002109,1.5108]",
13723,"[3.703859,0.2971745,1.514419]",
13724,"[3.706429,0.2927664,1.519655]",
13725,"[3.707021,0.2914696,1.521608]",
13726,"[3.708563,0.2879845,1.52679]",
13727,"[3.709113,0.2873525,1.528173]",
13728,"[3.710268,0.2852639,1.531042]",
13729,"[3.7112,0.2865598,1.532045]",
13730,"[3.711693,0.2869527,1.532827]",
13731,"[3.713118,0.2874475,1.533953]",
13732,"[3.71384,0.2871882,1.534889]",
13733,"[3.715703,0.2861133,1.537546]",
13734,"[3.716809,0.2855812,1.538649]",
13735,"[3.717707,0.2847633,1.5398]",
13736,"[3.718383,0.283452,1.542195]",
13737,"[3.717926,0.2829257,1.543542]",
13738,"[3.702083,0.2516955,1.532562]",
13739,"[3.702176,0.2517175,1.533086]",
13740,"[3.702953,0.2518504,1.533724]",
13741,"[3.703367,0.2518696,1.534172]",
13742,"[3.70387,0.2518283,1.534762]",
13743,"[3.705382,0.2518879,1.534983]",
13744,"[3.721783,0.282509,1.548845]",
13745,"[3.723903,0.2826388,1.549392]",
13746,"[3.724658,0.2830205,1.549618]",
13747,"[3.759831,0.3571532,1.580827]",
13748,"[3.759831,0.3571532,1.580827]",
13749,"[3.762341,0.3604228,1.581833]",
13750,"[3.769838,0.3755716,1.588195]",
13751,"[3.769797,0.3763966,1.589393]",
13752,"[3.769392,0.3762414,1.58989]",
13753,"[3.768955,0.3761297,1.590425]",
13754,"[3.768234,0.3753352,1.59133]",
13755,"[3.768191,0.3747464,1.591869]",
13756,"[3.768156,0.3740553,1.593171]",
13757,"[3.768083,0.3739436,1.593708]",
13758,"[3.768251,0.3739947,1.594274]",
13759,"[3.769438,0.3731601,1.59467]",
13760,"[3.770099,0.3730158,1.594999]",
13761,"[3.770788,0.3727695,1.595222]",
13762,"[3.772582,0.3733825,1.595997]",
13763,"[3.773867,0.3742934,1.596568]",
13764,"[3.77524,0.3762298,1.597531]",
13765,"[3.778697,0.3812909,1.600029]",
13766,"[3.781034,0.3853176,1.601979]",
13767,"[3.786435,0.396993,1.607093]",
13768,"[3.788425,0.4080338,1.609848]",
13769,"[3.793133,0.4257474,1.615053]",
13770,"[3.793696,0.4356344,1.61636]",
13771,"[3.793814,0.4608045,1.6183]",
13772,"[3.79422,0.4760481,1.619182]",
13773,"[3.794481,0.4905398,1.619111]",
13774,"[3.791265,0.5127857,1.614952]",
13775,"[3.794189,0.5379473,1.616358]",
13776,"[3.791572,0.5683488,1.613271]",
13777,"[3.790902,0.5828072,1.612501]",
13778,"[3.789251,0.6170943,1.611419]",
13779,"[3.789124,0.6346279,1.610213]",
13780,"[3.788679,0.6513632,1.608319]",
13781,"[3.785387,0.6614453,1.60282]",
13782,"[3.79019,0.6810256,1.602229]",
13783,"[3.796048,0.7123336,1.602722]",
13784,"[3.796718,0.7256867,1.601178]",
13785,"[3.796975,0.744756,1.602349]",
13786,"[3.795719,0.7505748,1.60637]",
13787,"[3.374732,0.1,1.27665]",
13788,"[3.36696,0.1,1.276978]",
13789,"[3.360064,0.1,1.275811]",
13790,"[3.458782,0.2558547,1.356855]",
13791,"[3.44049,0.227744,1.347006]",
13792,"[3.355802,0.1,1.293107]",
13793,"[3.347331,0.1,1.288398]",
13794,"[3.312296,0.1,1.238198]",
13795,"[3.295655,0.1,1.206659]",
13796,"[3.288147,0.1,1.189291]",
13797,"[3.827151,0.900934,1.527168]",
13798,"[3.832087,0.9082217,1.516774]",
13799,"[3.838018,0.9157219,1.505914]",
13800,"[3.847114,0.9247497,1.494099]",
13801,"[3.855628,0.9362038,1.481433]",
13802,"[3.861871,0.9431927,1.470036]",
13803,"[3.861871,0.9431927,1.470036]",
13804,"[3.868511,0.9465645,1.457869]",
13805,"[3.878371,0.94883,1.443404]",
13806,"[3.332908,0.1,0.795867]",
13807,"[3.348125,0.1,0.7731283]",
13808,"[3.359869,0.1,0.7623382]",
13809,"[3.369823,0.1,0.7560581]",
13810,"[3.39205,0.1,0.7322287]",
13811,"[3.423294,0.1,0.7023326]",
13812,"[3.501378,0.1403387,0.6821799]",
13813,"[3.541041,0.1799066,0.6939286]",
13814,"[3.595832,0.2260551,0.6984687]",
13815,"[3.692463,0.2434349,0.6166039]",
13816,"[4.125828,1.000901,1.297572]",
13817,"[4.192018,1.015277,1.287932]",
13818,"[4.419081,0.127012,0.04999945]",
13819,"[4.48014,0.7229373,0.7996454]",
13820,"[4.377694,1.184162,1.437409]",
13821,"[4.417188,1.190475,1.449786]",
13822,"[4.466886,1.200806,1.46536]",
13823,"[4.482427,1.201808,1.470231]",
13824,"[4.740628,1.020606,1.217976]",
13825,"[4.740628,1.090853,1.332067]",
13826,"[4.852618,1.194326,1.518631]",
13827,"[4.957629,1.176239,1.518631]",
13828,"[5.578551,1.193986,1.633657]",
13829,"[5.776931,1.162185,1.66756]",
13830,"[5.578642,1.316911,1.953654]",
13831,"[5.595567,1.376307,2.113261]",
13832,"[5.59332,1.41137,2.222306]",
13833,"[5.576542,1.441825,2.321224]",
13834,"[5.640082,1.456112,2.385923]",
13835,"[5.640786,1.461956,2.393575]",
13836,"[5.640187,1.461776,2.3894]",
13837,"[5.57932,1.477369,2.449847]",
13838,"[5.575759,1.513065,2.696526]",
13839,"[5.95,1.611145,3.753801]",
13840,"[5.949999,1.624298,3.890414]",
13841,"[5.95,1.648289,4.148278]",
13842,"[4.93137,1.755397,3.983104]",
13843,"[4.677837,1.793439,3.983184]",
13844,"[4.342453,1.825187,3.98325]",
13845,"[4.274239,1.829368,3.983259]",
13846,"[4.175991,1.833175,3.983267]",
13847,"[4.106564,1.907351,4.468354]",
13848,"[4.176505,1.826893,3.983254]",
13849,"[4.203469,1.818256,3.983236]",
13850,"[4.373817,1.794695,3.983186]",
13851,"[4.517057,1.783679,3.983163]",
13852,"[4.55187,1.782424,3.98316]",
13853,"[4.568258,1.781245,3.983158]",
13854,"[4.571908,1.781446,3.983159]",
13855,"[4.557597,1.780332,3.983156]",
13856,"[4.541196,1.778815,3.983153]",
13857,"[4.53871,1.778448,3.983152]",
13858,"[4.537755,1.77847,3.983152]",
13859,"[4.536582,1.778721,3.983153]",
13860,"[4.541324,1.777476,3.98315]",
13861,"[4.545371,1.776118,3.983147]",
13862,"[4.54939,1.775159,3.983145]",
13863,"[4.561667,1.774542,3.983144]",
13864,"[4.571075,1.774699,3.983144]",
13865,"[4.585265,1.775186,3.983145]",
13866,"[4.589657,1.775863,3.983147]",
13867,"[4.596074,1.778775,3.983153]",
13868,"[4.596433,1.780023,3.983155]",
13869,"[4.596231,1.782551,3.983161]",
13870,"[4.59473,1.784724,3.983166]",
13871,"[4.59338,1.786918,3.98317]",
13872,"[4.591187,1.790577,3.983178]",
13873,"[4.590947,1.791147,3.983179]",
13874,"[4.451395,1.723333,3.460427]",
13875,"[4.457172,1.725687,3.475653]",
13876,"[4.601692,1.793006,3.983183]",
13877,"[4.603371,1.793248,3.983183]",
13878,"[4.606784,1.792153,3.983181]",
13879,"[4.607979,1.791583,3.98318]",
13880,"[4.608688,1.791435,3.98318]",
13881,"[4.609141,1.790315,3.983177]",
13882,"[4.609157,1.790083,3.983177]",
13883,"[4.608591,1.789139,3.983175]",
13884,"[4.609325,1.786888,3.98317]",
13885,"[4.610378,1.784239,3.983164]",
