frame,gazeStartPos,
0,"[4.918181,2.000288,3.983617]",
1,"[4.918094,2.000201,3.983617]",
2,"[4.917948,2.000037,3.983616]",
3,"[4.91768,1.99969,3.983616]",
4,"[4.916918,1.999108,3.983614]",
5,"[4.916298,1.998794,3.983614]",
6,"[4.914704,1.998421,3.983613]",
7,"[4.913886,1.99836,3.983613]",
8,"[4.912386,1.998476,3.983613]",
9,"[4.909263,1.999515,3.983615]",
10,"[4.907743,2.000165,3.983617]",
11,"[4.906779,2.001457,3.983619]",
12,"[4.907139,2.002066,3.983621]",
13,"[4.958104,2.012964,3.983644]",
14,"[4.972686,2.015664,3.983649]",
15,"[4.990085,2.018357,3.983655]",
16,"[4.997746,2.018964,3.983656]",
17,"[5.008314,2.018898,3.983656]",
18,"[5.012626,2.018412,3.983655]",
19,"[5.015986,2.018006,3.983654]",
20,"[5.020736,2.017479,3.983653]",
21,"[5.0221,2.018313,3.983655]",
22,"[5.015136,2.024858,3.983668]",
23,"[5.008434,2.02978,3.983679]",
24,"[4.991722,2.041931,3.983704]",
25,"[4.983214,2.048136,3.983717]",
26,"[4.97679,2.052514,3.983726]",
27,"[4.96854,2.057322,3.983736]",
28,"[4.965389,2.058719,3.983739]",
29,"[4.961381,2.060226,3.983742]",
30,"[4.959966,2.060556,3.983743]",
31,"[4.958632,2.060822,3.983744]",
32,"[4.957989,2.060907,3.983744]",
33,"[4.956524,2.064105,3.983751]",
34,"[4.953932,2.068449,3.98376]",
35,"[4.952628,2.07058,3.983764]",
36,"[4.951271,2.070934,3.983765]",
37,"[4.950668,2.071129,3.983765]",
38,"[4.949514,2.069336,3.983762]",
39,"[4.948824,2.065801,3.983754]",
40,"[4.948043,2.059883,3.983742]",
41,"[4.948875,2.055584,3.983733]",
42,"[4.949762,2.051263,3.983724]",
43,"[4.952124,2.040504,3.983701]",
44,"[4.953693,2.033233,3.983686]",
45,"[4.956219,2.016975,3.983652]",
46,"[4.957115,2.008511,3.983634]",
47,"[4.959503,1.993919,3.983603]",
48,"[4.961278,1.988332,3.983592]",
49,"[4.96268,1.984654,3.983584]",
50,"[4.964159,1.984911,3.983585]",
51,"[4.98474,2.033053,3.983685]",
52,"[5.001482,2.068543,3.98376]",
53,"[5.006322,2.077715,3.983779]",
54,"[5.012967,2.090958,3.983807]",
55,"[5.01478,2.095352,3.983816]",
56,"[5.018172,2.10121,3.983828]",
57,"[5.020314,2.104032,3.983834]",
58,"[5.022572,2.106451,3.983839]",
59,"[5.141758,2.123214,3.983874]",
60,"[5.165882,2.126441,3.983881]",
61,"[5.386422,2.158144,3.983948]",
62,"[5.412658,2.162739,3.983957]",
63,"[5.629519,2.202021,3.957222]",
64,"[5.95,2.314827,4.311447]",
65,"[5.95,2.304205,4.254026]",
66,"[5.95,2.2871,4.195786]",
67,"[5.95,2.282557,4.179397]",
68,"[5.95,2.277765,4.169109]",
69,"[5.95,2.276292,4.166255]",
70,"[5.95,2.274229,4.162384]",
71,"[5.95,2.27347,4.161898]",
72,"[5.95,2.272727,4.161465]",
73,"[5.537612,2.176836,3.978379]",
74,"[5.514658,2.174084,3.983981]",
75,"[5.476838,2.164412,3.983961]",
76,"[5.466913,2.16136,3.983954]",
77,"[5.453735,2.156222,3.983943]",
78,"[5.449363,2.154186,3.983939]",
79,"[5.443387,2.151492,3.983933]",
80,"[5.440811,2.150265,3.983931]",
81,"[5.438657,2.14924,3.983929]",
82,"[5.436574,2.148656,3.983928]",
83,"[5.435718,2.148444,3.983927]",
84,"[5.433566,2.14788,3.983926]",
85,"[5.432012,2.147448,3.983925]",
86,"[5.415144,2.144908,3.98392]",
87,"[5.009331,2.074017,3.983771]",
88,"[4.992409,2.071084,3.983765]",
89,"[4.735114,2.011329,3.98364]",
90,"[4.716545,2.006752,3.98363]",
91,"[4.689665,1.998842,3.983614]",
92,"[4.680333,1.994161,3.983604]",
93,"[4.669116,1.988048,3.983591]",
94,"[4.664654,1.98545,3.983586]",
95,"[4.66112,1.983454,3.983582]",
96,"[4.655132,1.980195,3.983575]",
97,"[4.652605,1.979333,3.983573]",
98,"[4.647658,1.977609,3.983569]",
99,"[4.645138,1.976958,3.983568]",
100,"[4.641417,1.975862,3.983566]",
101,"[4.639781,1.975337,3.983565]",
102,"[4.637586,1.974701,3.983563]",
103,"[4.636185,1.974298,3.983562]",
104,"[4.63484,1.973968,3.983562]",
105,"[4.632324,1.973294,3.98356]",
106,"[4.631032,1.972895,3.98356]",
107,"[4.629046,1.972135,3.983558]",
108,"[4.628254,1.971688,3.983557]",
109,"[4.626646,1.970302,3.983554]",
110,"[4.625704,1.969442,3.983552]",
111,"[4.625159,1.968687,3.983551]",
112,"[4.624416,1.967358,3.983548]",
113,"[4.624171,1.966795,3.983547]",
114,"[4.6243,1.966638,3.983546]",
115,"[4.624255,1.966594,3.983546]",
116,"[4.624123,1.966582,3.983546]",
117,"[4.624079,1.966582,3.983546]",
118,"[4.623726,1.966595,3.983546]",
119,"[4.622941,1.966534,3.983546]",
120,"[4.621912,1.966438,3.983546]",
121,"[4.593651,1.962191,3.983537]",
122,"[4.583364,1.960673,3.983534]",
123,"[4.567448,1.958554,3.98353]",
124,"[4.561512,1.957283,3.983527]",
125,"[4.555981,1.956138,3.983524]",
126,"[4.548666,1.955271,3.983523]",
127,"[4.544582,1.954816,3.983522]",
128,"[4.541643,1.954064,3.98352]",
129,"[4.540091,1.953696,3.983519]",
130,"[4.537036,1.952985,3.983518]",
131,"[4.535661,1.95271,3.983517]",
132,"[4.533542,1.952114,3.983516]",
133,"[4.532763,1.951779,3.983515]",
134,"[4.532757,1.951716,3.983515]",
135,"[4.532761,1.951682,3.983515]",
136,"[4.532773,1.951679,3.983515]",
137,"[4.532776,1.951671,3.983515]",
138,"[4.53277,1.951665,3.983515]",
139,"[4.532728,1.951659,3.983515]",
140,"[4.532654,1.951651,3.983515]",
141,"[4.533117,1.951767,3.983515]",
142,"[4.533299,1.95153,3.983515]",
143,"[4.533419,1.951287,3.983514]",
144,"[4.533675,1.950639,3.983513]",
145,"[4.533792,1.950099,3.983512]",
146,"[4.534329,1.949309,3.98351]",
147,"[4.534394,1.948848,3.983509]",
148,"[4.534189,1.948116,3.983508]",
149,"[4.533997,1.947922,3.983507]",
150,"[4.533766,1.947757,3.983507]",
151,"[4.532726,1.947148,3.983505]",
152,"[4.532034,1.946756,3.983505]",
153,"[4.502954,1.818017,3.983235]",
154,"[4.496538,1.789452,3.983175]",
155,"[4.489576,1.761683,3.983117]",
156,"[4.487083,1.753028,3.983099]",
157,"[4.482872,1.740946,3.983074]",
158,"[4.480779,1.735695,3.983063]",
159,"[4.479174,1.730377,3.983052]",
160,"[4.476227,1.722801,3.983036]",
161,"[4.47575,1.719817,3.983029]",
162,"[4.475075,1.714985,3.983019]",
163,"[4.474876,1.712634,3.983014]",
164,"[4.474925,1.709527,3.983008]",
165,"[4.474892,1.708255,3.983005]",
166,"[4.475357,1.707561,3.983004]",
167,"[4.476222,1.706432,3.983001]",
168,"[4.476694,1.705795,3.983]",
169,"[4.479038,1.704975,3.982998]",
170,"[4.479981,1.70463,3.982998]",
171,"[4.48166,1.704908,3.982998]",
172,"[4.482442,1.704978,3.982998]",
173,"[4.483078,1.705063,3.982999]",
174,"[4.484438,1.705349,3.982999]",
175,"[4.485285,1.705614,3.983]",
176,"[4.487139,1.70617,3.983001]",
177,"[4.488027,1.706547,3.983002]",
178,"[4.489717,1.707651,3.983004]",
179,"[4.49289,1.741208,3.983074]",
180,"[4.504361,1.874231,3.983353]",
181,"[4.507234,1.906991,3.983422]",
182,"[4.508691,1.922744,3.983454]",
183,"[4.510567,1.941265,3.983493]",
184,"[4.511082,1.947191,3.983506]",
185,"[4.511645,1.95559,3.983523]",
186,"[4.511771,1.958171,3.983529]",
187,"[4.511726,1.961678,3.983536]",
188,"[4.511596,1.963325,3.98354]",
189,"[4.511559,1.964937,3.983543]",
190,"[4.511416,1.967748,3.983549]",
191,"[4.511358,1.968815,3.983551]",
192,"[4.511906,1.971289,3.983556]",
193,"[4.512514,1.972677,3.983559]",
194,"[4.513524,1.9749,3.983564]",
195,"[4.514055,1.975945,3.983566]",
196,"[4.514802,1.977628,3.983569]",
197,"[4.515206,1.978286,3.983571]",
198,"[4.515603,1.978836,3.983572]",
199,"[4.638988,1.964857,3.983543]",
200,"[4.674776,1.960381,3.983533]",
201,"[4.706569,1.951481,3.983515]",
202,"[4.715851,1.948796,3.983509]",
203,"[4.726923,1.945621,3.983502]",
204,"[4.732019,1.943527,3.983498]",
205,"[4.735775,1.942022,3.983495]",
206,"[4.739194,1.940042,3.983491]",
207,"[4.740809,1.93913,3.983489]",
208,"[4.742808,1.937868,3.983486]",
209,"[4.743815,1.937513,3.983485]",
210,"[4.745957,1.936926,3.983484]",
211,"[4.746982,1.936693,3.983484]",
212,"[4.748666,1.936333,3.983483]",
213,"[4.749381,1.936175,3.983483]",
214,"[4.750323,1.935787,3.983482]",
215,"[4.752738,1.934938,3.98348]",
216,"[4.753766,1.934525,3.983479]",
217,"[4.756117,1.933779,3.983478]",
218,"[4.757549,1.93342,3.983477]",
219,"[4.759509,1.932906,3.983476]",
220,"[4.760678,1.932684,3.983475]",
221,"[4.76102,1.932191,3.983474]",
222,"[4.761338,1.931512,3.983473]",
223,"[4.761308,1.931302,3.983472]",
224,"[4.761105,1.931117,3.983472]",
225,"[4.760919,1.931074,3.983472]",
226,"[4.760622,1.931093,3.983472]",
227,"[4.760442,1.931056,3.983472]",
228,"[4.832279,1.92988,3.983469]",
229,"[4.846581,1.927912,3.983465]",
230,"[4.855637,1.926633,3.983463]",
231,"[4.865498,1.925101,3.983459]",
232,"[4.869293,1.924565,3.983458]",
233,"[4.875084,1.92398,3.983457]",
234,"[4.878172,1.923758,3.983457]",
235,"[4.88353,1.923488,3.983456]",
236,"[4.886063,1.923358,3.983456]",
237,"[4.888646,1.923279,3.983456]",
238,"[4.89341,1.923191,3.983455]",
239,"[4.894871,1.923317,3.983456]",
240,"[4.898394,1.923557,3.983456]",
241,"[4.900143,1.923684,3.983456]",
242,"[4.904053,1.923737,3.983457]",
243,"[4.906518,1.923669,3.983456]",
244,"[4.908967,1.923661,3.983456]",
245,"[4.911119,1.923275,3.983456]",
246,"[4.912733,1.923,3.983455]",
247,"[4.928965,1.921291,3.983451]",
248,"[4.940259,1.920131,3.983449]",
249,"[4.955803,1.918669,3.983446]",
250,"[4.961719,1.918138,3.983445]",
251,"[4.970191,1.918057,3.983445]",
252,"[4.974059,1.918027,3.983445]",
253,"[4.975281,1.918289,3.983445]",
254,"[4.976953,1.918735,3.983446]",
255,"[4.977499,1.918958,3.983447]",
256,"[4.978251,1.919108,3.983447]",
257,"[4.978786,1.919234,3.983447]",
258,"[4.979596,1.91948,3.983448]",
259,"[4.979755,1.919565,3.983448]",
260,"[4.980029,1.919669,3.983448]",
261,"[4.980672,1.919861,3.983449]",
262,"[4.981048,1.919952,3.983449]",
263,"[4.982184,1.920141,3.983449]",
264,"[4.982906,1.919838,3.983449]",
265,"[4.984543,1.919196,3.983447]",
266,"[4.984852,1.918951,3.983447]",
267,"[4.985723,1.918393,3.983445]",
268,"[4.986369,1.918044,3.983445]",
269,"[4.987125,1.917649,3.983444]",
270,"[4.987929,1.917227,3.983443]",
271,"[4.988005,1.917156,3.983443]",
272,"[4.988491,1.916888,3.983442]",
273,"[4.989016,1.916678,3.983442]",
274,"[4.989819,1.916278,3.983441]",
275,"[4.990002,1.916043,3.98344]",
276,"[4.990108,1.915761,3.98344]",
277,"[4.990778,1.915018,3.983438]",
278,"[4.991133,1.914816,3.983438]",
279,"[4.945193,1.951866,3.983516]",
280,"[4.923952,1.969368,3.983552]",
281,"[4.892572,1.992467,3.983601]",
282,"[4.885393,1.998152,3.983613]",
283,"[4.877901,2.002301,3.983621]",
284,"[4.874165,1.997097,3.98361]",
285,"[4.871429,1.992976,3.983602]",
286,"[4.866655,1.983597,3.983582]",
287,"[4.864533,1.97883,3.983572]",
288,"[4.857879,1.965439,3.983544]",
289,"[4.85534,1.960589,3.983534]",
290,"[4.851411,1.95362,3.983519]",
291,"[4.850112,1.950569,3.983513]",
292,"[4.848961,1.947963,3.983507]",
293,"[4.847447,1.944008,3.983499]",
294,"[4.846826,1.942349,3.983495]",
295,"[4.845621,1.938729,3.983488]",
296,"[4.845034,1.937116,3.983485]",
297,"[4.843939,1.934548,3.983479]",
298,"[4.843401,1.933537,3.983477]",
299,"[4.842903,1.932739,3.983475]",
300,"[4.84179,1.931612,3.983473]",
301,"[4.841515,1.931473,3.983473]",
302,"[4.841096,1.931435,3.983473]",
303,"[4.876134,1.933673,3.983477]",
304,"[4.905247,1.935898,3.983482]",
305,"[4.913798,1.936651,3.983484]",
306,"[4.925225,1.936396,3.983483]",
307,"[4.928435,1.936318,3.983483]",
308,"[4.931162,1.936324,3.983483]",
309,"[4.936446,1.934657,3.983479]",
310,"[4.939013,1.933748,3.983478]",
311,"[4.94336,1.931881,3.983474]",
312,"[4.945392,1.930831,3.983471]",
313,"[4.948757,1.928313,3.983466]",
314,"[4.950239,1.926877,3.983463]",
315,"[4.952621,1.92455,3.983458]",
316,"[4.953521,1.923683,3.983456]",
317,"[4.954128,1.923028,3.983455]",
318,"[4.955053,1.92201,3.983453]",
319,"[4.955369,1.921636,3.983452]",
320,"[4.941557,1.919306,3.983447]",
321,"[4.796419,1.925878,3.983461]",
322,"[4.746626,1.925121,3.983459]",
323,"[4.73458,1.923998,3.983457]",
324,"[4.726275,1.923283,3.983456]",
325,"[4.714053,1.922369,3.983454]",
326,"[4.70977,1.921646,3.983452]",
327,"[4.703595,1.919894,3.983449]",
328,"[4.70121,1.918909,3.983446]",
329,"[4.698707,1.917679,3.983444]",
330,"[4.697036,1.917179,3.983443]",
331,"[4.694113,1.916352,3.983441]",
332,"[4.693396,1.916086,3.98344]",
333,"[4.692709,1.915857,3.98344]",
334,"[4.691522,1.915385,3.983439]",
335,"[4.691035,1.915134,3.983438]",
336,"[4.690372,1.914533,3.983437]",
337,"[4.69018,1.914248,3.983437]",
338,"[4.690165,1.914192,3.983437]",
339,"[4.690181,1.914188,3.983437]",
340,"[4.690196,1.914184,3.983437]",
341,"[4.690216,1.914177,3.983437]",
342,"[4.690223,1.914173,3.983437]",
343,"[4.69014,1.914186,3.983437]",
344,"[4.690062,1.914208,3.983437]",
345,"[4.689812,1.914314,3.983437]",
346,"[4.689637,1.91433,3.983437]",
347,"[4.688932,1.914368,3.983437]",
348,"[4.687027,1.914476,3.983437]",
349,"[4.607932,1.951459,3.983515]",
350,"[4.566719,1.969801,3.983553]",
351,"[4.554742,1.975889,3.983566]",
352,"[4.541844,1.983584,3.983582]",
353,"[4.536987,1.986343,3.983588]",
354,"[4.533325,1.98975,3.983595]",
355,"[4.531846,1.991134,3.983598]",
356,"[4.530525,1.992363,3.9836]",
357,"[4.52832,1.99463,3.983605]",
358,"[4.527404,1.995682,3.983607]",
359,"[4.526519,1.996662,3.983609]",
360,"[4.5261,1.997044,3.98361]",
361,"[4.5252,1.997771,3.983612]",
362,"[4.5009,1.990412,3.983596]",
363,"[4.487026,1.986249,3.983588]",
364,"[4.461284,1.979843,3.983574]",
365,"[4.452888,1.977618,3.983569]",
366,"[4.441932,1.975311,3.983565]",
367,"[4.437497,1.97435,3.983562]",
368,"[4.429844,1.972774,3.983559]",
369,"[4.426065,1.972069,3.983558]",
370,"[4.422774,1.971538,3.983557]",
371,"[4.417681,1.970787,3.983555]",
372,"[4.415924,1.970529,3.983555]",
373,"[4.412931,1.970154,3.983554]",
374,"[4.412231,1.970064,3.983554]",
375,"[4.411324,1.969946,3.983553]",
376,"[4.411103,1.969899,3.983553]",
377,"[4.410734,1.9697,3.983553]",
378,"[4.410471,1.969568,3.983552]",
379,"[4.40967,1.968722,3.983551]",
380,"[4.409387,1.968382,3.98355]",
381,"[4.409088,1.968115,3.98355]",
382,"[4.408403,1.967694,3.983549]",
383,"[4.407997,1.967522,3.983548]",
384,"[4.407352,1.967466,3.983548]",
385,"[4.406932,1.967448,3.983548]",
386,"[4.406902,1.967455,3.983548]",
387,"[4.408493,1.967341,3.983548]",
388,"[4.409989,1.967327,3.983548]",
389,"[4.59562,1.955418,3.983523]",
390,"[4.613763,1.953903,3.98352]",
391,"[4.675101,1.944407,3.9835]",
392,"[4.68993,1.938005,3.983486]",
393,"[4.707016,1.930307,3.98347]",
394,"[4.71283,1.926869,3.983463]",
395,"[4.717123,1.924149,3.983457]",
396,"[4.722974,1.920551,3.98345]",
397,"[4.725504,1.919323,3.983447]",
398,"[4.730068,1.91725,3.983443]",
399,"[4.732258,1.91625,3.983441]",
400,"[4.736998,1.91452,3.983437]",
401,"[4.739507,1.913748,3.983436]",
402,"[4.743814,1.912914,3.983434]",
403,"[4.745729,1.912887,3.983434]",
404,"[4.747304,1.912891,3.983434]",
405,"[4.749169,1.912939,3.983434]",
406,"[4.749588,1.912926,3.983434]",
407,"[4.750262,1.912847,3.983434]",
408,"[4.750519,1.912804,3.983434]",
409,"[4.750961,1.912634,3.983433]",
410,"[4.751202,1.911835,3.983432]",
411,"[4.751403,1.911144,3.98343]",
412,"[4.751857,1.909793,3.983427]",
413,"[4.752114,1.909151,3.983426]",
414,"[4.752497,1.90865,3.983425]",
415,"[4.75278,1.908234,3.983424]",
416,"[4.753542,1.907761,3.983423]",
417,"[4.753895,1.907747,3.983423]",
418,"[4.754234,1.907746,3.983423]",
419,"[4.760726,1.909461,3.983427]",
420,"[4.763209,1.910146,3.983428]",
421,"[4.819457,1.922234,3.983453]",
422,"[4.834829,1.925413,3.98346]",
423,"[4.852201,1.92948,3.983469]",
424,"[4.858203,1.93037,3.98347]",
425,"[4.867207,1.931608,3.983473]",
426,"[4.870173,1.932023,3.983474]",
427,"[4.872215,1.932427,3.983475]",
428,"[4.87618,1.933396,3.983477]",
429,"[4.878342,1.934042,3.983478]",
430,"[4.882367,1.935394,3.983481]",
431,"[4.884579,1.936219,3.983483]",
432,"[4.887659,1.937749,3.983486]",
433,"[4.889018,1.938759,3.983488]",
434,"[4.890797,1.940218,3.983491]",
435,"[4.895594,1.944916,3.983501]",
436,"[4.916031,1.948541,3.983509]",
437,"[4.940629,1.951882,3.983516]",
438,"[4.949469,1.952535,3.983517]",
439,"[4.961905,1.952678,3.983517]",
440,"[4.967038,1.952792,3.983517]",
441,"[4.973471,1.951662,3.983515]",
442,"[4.974176,1.950879,3.983513]",
443,"[4.974988,1.95005,3.983512]",
444,"[4.976768,1.947352,3.983506]",
445,"[4.977681,1.945641,3.983502]",
446,"[4.978821,1.93971,3.98349]",
447,"[4.978842,1.937558,3.983485]",
448,"[4.978628,1.934072,3.983478]",
449,"[4.977184,1.933144,3.983476]",
450,"[4.975794,1.932275,3.983474]",
451,"[4.972719,1.930535,3.983471]",
452,"[4.970762,1.929404,3.983469]",
453,"[4.967358,1.927586,3.983465]",
454,"[4.966131,1.926974,3.983463]",
455,"[4.962739,1.925759,3.983461]",
456,"[4.960522,1.925093,3.983459]",
457,"[4.958833,1.924561,3.983458]",
458,"[4.923913,1.920662,3.98345]",
459,"[4.839356,1.903993,3.983415]",
460,"[4.801631,1.895248,3.983397]",
461,"[4.791637,1.892755,3.983392]",
462,"[4.779963,1.88913,3.983384]",
463,"[4.77606,1.887672,3.983381]",
464,"[4.769229,1.885352,3.983376]",
465,"[4.766228,1.88431,3.983374]",
466,"[4.763651,1.883383,3.983372]",
467,"[4.758121,1.881577,3.983368]",
468,"[4.754963,1.880545,3.983366]",
469,"[4.747833,1.876946,3.983359]",
470,"[4.744329,1.875013,3.983355]",
471,"[4.736903,1.870906,3.983346]",
472,"[4.733071,1.86881,3.983341]",
473,"[4.729942,1.867188,3.983338]",
474,"[4.724773,1.865047,3.983334]",
475,"[4.722607,1.864362,3.983332]",
476,"[4.721823,1.863895,3.983331]",
477,"[4.721481,1.863703,3.983331]",
478,"[4.72158,1.863677,3.983331]",
479,"[4.7216,1.863777,3.983331]",
480,"[4.722344,1.864241,3.983332]",
481,"[4.72308,1.864612,3.983333]",
482,"[4.72382,1.864942,3.983333]",
483,"[4.725829,1.865341,3.983334]",
484,"[4.727095,1.865871,3.983335]",
485,"[4.729055,1.8665,3.983337]",
486,"[4.765272,1.8694,3.983343]",
487,"[4.795656,1.871563,3.983347]",
488,"[4.804187,1.872142,3.983348]",
489,"[4.810048,1.872411,3.983349]",
490,"[4.818645,1.872781,3.98335]",
491,"[4.821933,1.873033,3.98335]",
492,"[4.827138,1.87249,3.983349]",
493,"[4.829268,1.871917,3.983348]",
494,"[4.832767,1.871039,3.983346]",
495,"[4.83431,1.870684,3.983346]",
496,"[4.835683,1.870298,3.983345]",
497,"[4.836953,1.869793,3.983344]",
498,"[4.837038,1.869615,3.983343]",
499,"[4.81204,1.865043,3.983334]",
500,"[4.797561,1.862401,3.983328]",
501,"[4.778533,1.857819,3.983319]",
502,"[4.772049,1.856555,3.983316]",
503,"[4.762202,1.854919,3.983312]",
504,"[4.719627,1.857141,3.983317]",
505,"[4.699574,1.858116,3.983319]",
506,"[4.528917,1.945774,3.983503]",
507,"[4.510327,1.954696,3.983521]",
508,"[4.489271,1.964148,3.983541]",
509,"[4.481709,1.966746,3.983547]",
510,"[4.46953,1.970579,3.983555]",
511,"[4.465436,1.971936,3.983557]",
512,"[4.461425,1.973113,3.98356]",
513,"[4.455022,1.973508,3.983561]",
514,"[4.453643,1.973678,3.983561]",
515,"[4.450062,1.974116,3.983562]",
516,"[4.448233,1.974352,3.983562]",
517,"[4.443765,1.974951,3.983564]",
518,"[4.441045,1.975324,3.983565]",
519,"[4.436068,1.975942,3.983566]",
520,"[4.433644,1.976149,3.983566]",
521,"[4.433606,1.976138,3.983566]",
522,"[4.433349,1.976017,3.983566]",
523,"[4.433119,1.976002,3.983566]",
524,"[4.433088,1.97701,3.983568]",
525,"[4.433377,1.977798,3.98357]",
526,"[4.445494,1.983113,3.983581]",
527,"[4.455232,1.987213,3.983589]",
528,"[4.465201,1.989991,3.983595]",
529,"[4.468154,1.990599,3.983597]",
530,"[4.469955,1.990959,3.983597]",
531,"[4.472521,1.991211,3.983598]",
532,"[4.472988,1.991427,3.983598]",
533,"[4.475101,1.992097,3.9836]",
534,"[4.475645,1.992213,3.9836]",
535,"[4.476434,1.992276,3.9836]",
536,"[4.476747,1.992157,3.9836]",
537,"[4.476908,1.991973,3.983599]",
538,"[4.478379,1.991504,3.983598]",
539,"[4.478907,1.991304,3.983598]",
540,"[4.479236,1.990912,3.983597]",
541,"[4.479053,1.99018,3.983596]",
542,"[4.466865,1.900313,3.983407]",
543,"[4.461313,1.866645,3.983337]",
544,"[4.457727,1.849121,3.9833]",
545,"[4.450024,1.787702,3.983172]",
546,"[4.448421,1.772786,3.98314]",
547,"[4.445439,1.757559,3.983109]",
548,"[4.444005,1.75231,3.983098]",
549,"[4.442125,1.74461,3.983081]",
550,"[4.441539,1.74146,3.983075]",
551,"[4.444324,1.736314,3.983064]",
552,"[4.445385,1.73316,3.983057]",
553,"[4.446096,1.731567,3.983054]",
554,"[4.447277,1.727997,3.983047]",
555,"[4.447853,1.725758,3.983042]",
556,"[4.450059,1.7193,3.983028]",
557,"[4.452449,1.715197,3.98302]",
558,"[4.456027,1.70813,3.983005]",
559,"[4.45799,1.705008,3.982998]",
560,"[4.459669,1.701995,3.982992]",
561,"[4.462345,1.69689,3.982981]",
562,"[4.463564,1.69463,3.982977]",
563,"[4.468425,1.690977,3.982969]",
564,"[4.470172,1.690701,3.982969]",
565,"[4.47324,1.690058,3.982967]",
566,"[4.474533,1.689653,3.982966]",
567,"[4.475801,1.689082,3.982965]",
568,"[4.478352,1.687624,3.982962]",
569,"[4.479735,1.686685,3.98296]",
570,"[4.480634,1.685225,3.982957]",
571,"[4.480867,1.684613,3.982956]",
572,"[4.481205,1.684064,3.982955]",
573,"[4.481318,1.684187,3.982955]",
574,"[4.481395,1.684835,3.982956]",
575,"[4.481381,1.685134,3.982957]",
576,"[4.481349,1.685432,3.982957]",
577,"[4.481345,1.685963,3.982959]",
578,"[4.48141,1.686342,3.982959]",
579,"[4.481874,1.686838,3.98296]",
580,"[4.4823,1.686965,3.982961]",
581,"[4.483247,1.687078,3.982961]",
582,"[4.483546,1.687027,3.982961]",
583,"[4.48385,1.686931,3.98296]",
584,"[4.484633,1.686331,3.982959]",
585,"[4.485078,1.685815,3.982958]",
586,"[4.486189,1.685963,3.982959]",
587,"[4.486674,1.685957,3.982959]",
588,"[4.487659,1.687616,3.982962]",
589,"[4.494458,1.706491,3.983001]",
590,"[4.505994,1.728374,3.983047]",
591,"[4.511035,1.735112,3.983062]",
592,"[4.514598,1.739999,3.983072]",
593,"[4.516962,1.745125,3.983083]",
594,"[4.517712,1.746801,3.983086]",
595,"[4.518937,1.744284,3.983081]",
596,"[4.519482,1.742675,3.983077]",
597,"[4.520668,1.739935,3.983072]",
598,"[4.521391,1.738606,3.983069]",
599,"[4.522011,1.737391,3.983066]",
600,"[4.525156,1.734769,3.983061]",
601,"[4.526573,1.733584,3.983058]",
602,"[4.529042,1.730988,3.983053]",
603,"[4.530246,1.729548,3.98305]",
604,"[4.532089,1.7276,3.983046]",
605,"[4.532496,1.726218,3.983043]",
606,"[4.533085,1.724182,3.983039]",
607,"[4.533282,1.723436,3.983037]",
608,"[4.533888,1.722511,3.983035]",
609,"[4.536274,1.720118,3.98303]",
610,"[4.537311,1.719063,3.983028]",
611,"[4.539482,1.716413,3.983022]",
612,"[4.539494,1.715442,3.98302]",
613,"[4.539592,1.714954,3.983019]",
614,"[4.539635,1.714943,3.983019]",
615,"[4.539695,1.71503,3.983019]",
616,"[4.540508,1.715698,3.983021]",
617,"[4.541797,1.730155,3.983051]",
618,"[4.559664,1.84025,3.983282]",
619,"[4.565011,1.874462,3.983353]",
620,"[4.550025,1.915655,3.98344]",
621,"[4.539176,1.928486,3.983466]",
622,"[4.531621,1.938253,3.983487]",
623,"[4.524086,1.944271,3.9835]",
624,"[4.5214,1.944051,3.983499]",
625,"[4.516227,1.942233,3.983495]",
626,"[4.513781,1.940738,3.983492]",
627,"[4.510656,1.938202,3.983487]",
628,"[4.509226,1.936659,3.983484]",
629,"[4.506574,1.931456,3.983473]",
630,"[4.505401,1.928218,3.983466]",
631,"[4.504443,1.92506,3.983459]",
632,"[4.502066,1.915676,3.98344]",
633,"[4.500689,1.910105,3.983428]",
634,"[4.498105,1.901186,3.983409]",
635,"[4.496842,1.897364,3.983401]",
636,"[4.494497,1.891384,3.983389]",
637,"[4.493207,1.88875,3.983383]",
638,"[4.490811,1.886434,3.983378]",
639,"[4.489391,1.885475,3.983377]",
640,"[4.488173,1.884905,3.983375]",
641,"[4.486031,1.885642,3.983377]",
642,"[4.484932,1.886533,3.983379]",
643,"[4.482939,1.89885,3.983404]",
644,"[4.481512,1.93548,3.983481]",
645,"[4.482095,1.96284,3.983538]",
646,"[4.483057,1.969701,3.983553]",
647,"[4.484187,1.975323,3.983565]",
648,"[4.486677,1.983434,3.983582]",
649,"[4.488438,1.986405,3.983588]",
650,"[4.49273,1.991997,3.983599]",
651,"[4.495679,1.995085,3.983606]",
652,"[4.501206,2.001047,3.983618]",
653,"[4.503881,2.003883,3.983624]",
654,"[4.50614,2.005144,3.983627]",
655,"[4.509328,2.006419,3.98363]",
656,"[4.510283,2.006379,3.98363]",
657,"[4.511089,2.005156,3.983627]",
658,"[4.510916,2.004102,3.983625]",
659,"[4.510233,2.002094,3.983621]",
660,"[4.509928,2.001136,3.983619]",
661,"[4.508066,1.999731,3.983616]",
662,"[4.507163,1.999338,3.983615]",
663,"[4.506291,1.999031,3.983614]",
664,"[4.504197,1.998672,3.983613]",
665,"[4.502634,1.998451,3.983613]",
666,"[4.497648,1.998457,3.983613]",
667,"[4.496102,1.998326,3.983613]",
668,"[4.49189,1.997472,3.983611]",
669,"[4.488768,1.996756,3.983609]",
670,"[4.485347,1.995509,3.983607]",
671,"[4.477809,1.99666,3.983609]",
672,"[4.481894,2.017386,3.983653]",
673,"[4.484148,2.029886,3.983679]",
674,"[4.485376,2.031858,3.983683]",
675,"[4.48726,2.031582,3.983682]",
676,"[4.488153,2.031079,3.983681]",
677,"[4.489909,2.027425,3.983674]",
678,"[4.490644,2.025822,3.98367]",
679,"[4.493318,2.021717,3.983662]",
680,"[4.498373,2.01695,3.983652]",
681,"[4.501011,2.015231,3.983648]",
682,"[4.505062,2.012779,3.983643]",
683,"[4.506978,2.011322,3.98364]",
684,"[4.51112,2.000815,3.983618]",
685,"[4.512656,1.996476,3.983609]",
686,"[4.513513,1.991997,3.983599]",
687,"[4.515049,1.985794,3.983587]",
688,"[4.515714,1.984361,3.983583]",
689,"[4.516609,1.983751,3.983582]",
690,"[4.517362,1.984571,3.983584]",
691,"[4.52005,1.99003,3.983595]",
692,"[4.522097,1.996902,3.98361]",
693,"[4.526868,2.019586,3.983657]",
694,"[4.529565,2.028405,3.983676]",
695,"[4.532259,2.038041,3.983696]",
696,"[4.534684,2.047155,3.983715]",
697,"[4.536331,2.053432,3.983728]",
698,"[4.537893,2.05716,3.983736]",
699,"[4.538337,2.057077,3.983736]",
700,"[4.540553,1.981927,3.983578]",
701,"[4.541646,1.950232,3.983512]",
702,"[4.542473,1.933208,3.983476]",
703,"[4.54514,1.779252,3.983154]",
704,"[4.545712,1.751279,3.983095]",
705,"[4.545839,1.72633,3.983043]",
706,"[4.545655,1.718852,3.983027]",
707,"[4.545285,1.706181,3.983001]",
708,"[4.544965,1.699832,3.982988]",
709,"[4.545006,1.694229,3.982976]",
710,"[4.544976,1.684721,3.982956]",
711,"[4.545094,1.680036,3.982946]",
712,"[4.545239,1.670563,3.982926]",
713,"[4.545341,1.665327,3.982915]",
714,"[4.544503,1.657412,3.982899]",
715,"[4.544259,1.654325,3.982892]",
716,"[4.543187,1.652145,3.982888]",
717,"[4.542761,1.651381,3.982886]",
718,"[4.542428,1.650711,3.982885]",
719,"[4.542023,1.650061,3.982883]",
720,"[4.541971,1.650076,3.982883]",
721,"[4.541893,1.650127,3.982883]",
722,"[4.541718,1.650217,3.982884]",
723,"[4.541632,1.650282,3.982884]",
724,"[4.541629,1.650295,3.982884]",
725,"[4.541662,1.65032,3.982884]",
726,"[4.542354,1.650879,3.982885]",
727,"[4.543078,1.651076,3.982886]",
728,"[4.626731,1.691655,3.98297]",
729,"[4.799839,1.799436,3.983196]",
730,"[4.853323,1.823291,3.983246]",
731,"[4.872422,1.828787,3.983258]",
732,"[4.898273,1.834247,3.983269]",
733,"[4.909012,1.835528,3.983272]",
734,"[4.914687,1.836128,3.983273]",
735,"[4.927827,1.835849,3.983273]",
736,"[4.935989,1.834869,3.98327]",
737,"[4.947338,1.833576,3.983268]",
738,"[4.951665,1.833256,3.983267]",
739,"[4.959682,1.832051,3.983264]",
740,"[4.965907,1.830367,3.983261]",
741,"[4.967804,1.830704,3.983262]",
742,"[4.972627,1.831754,3.983264]",
743,"[4.975149,1.832713,3.983266]",
744,"[4.979284,1.835554,3.983272]",
745,"[4.980398,1.837337,3.983276]",
746,"[4.981703,1.839965,3.983281]",
747,"[4.982715,1.840336,3.983282]",
748,"[4.986797,1.840676,3.983283]",
749,"[5.085322,1.826929,3.983254]",
750,"[5.121108,1.821327,3.983242]",
751,"[5.204066,1.801965,3.983202]",
752,"[5.225642,1.795962,3.983189]",
753,"[5.258746,1.785458,3.983167]",
754,"[5.267303,1.783394,3.983163]",
755,"[5.281316,1.779013,3.983153]",
756,"[5.287943,1.776559,3.983148]",
757,"[5.295752,1.773589,3.983142]",
758,"[5.301854,1.770426,3.983135]",
759,"[5.304386,1.770382,3.983135]",
760,"[5.3124,1.769748,3.983134]",
761,"[5.313443,1.769633,3.983134]",
762,"[5.316506,1.770243,3.983135]",
763,"[5.318643,1.771179,3.983137]",
764,"[5.318672,1.776454,3.983148]",
765,"[5.319474,1.778575,3.983153]",
766,"[5.319345,1.781249,3.983158]",
767,"[5.318525,1.785508,3.983167]",
768,"[5.31802,1.787121,3.983171]",
769,"[5.316629,1.789359,3.983175]",
770,"[5.315806,1.790183,3.983177]",
771,"[5.313053,1.791725,3.98318]",
772,"[5.310358,1.792252,3.983181]",
773,"[5.308352,1.792335,3.983181]",
774,"[5.305904,1.791872,3.98318]",
775,"[5.30495,1.791216,3.983179]",
776,"[5.300492,1.788919,3.983174]",
777,"[5.2987,1.786767,3.98317]",
778,"[5.290658,1.777223,3.98315]",
779,"[5.286027,1.768523,3.983131]",
780,"[5.273261,1.684161,3.982955]",
781,"[5.270081,1.650615,3.982884]",
782,"[5.267838,1.623034,3.982827]",
783,"[5.227027,1.368252,3.982293]",
784,"[5.193858,1.280033,3.958533]",
785,"[5.176623,1.213368,3.952145]",
786,"[5.17312,1.188491,3.957912]",
787,"[5.151052,1.188573,3.899148]",
788,"[5.147712,1.181769,3.892338]",
789,"[5.146248,1.18024,3.892163]",
790,"[5.145191,1.177371,3.892037]",
791,"[5.144761,1.175467,3.891986]",
792,"[5.144237,1.172513,3.891923]",
793,"[5.144205,1.172046,3.891919]",
794,"[5.143908,1.172114,3.891884]",
795,"[5.143624,1.172616,3.89185]",
796,"[5.143118,1.174392,3.89179]",
797,"[5.142299,1.175962,3.891692]",
798,"[5.141519,1.176316,3.891599]",
799,"[5.139358,1.17358,3.891341]",
800,"[5.137899,1.168998,3.891167]",
801,"[5.134218,1.116619,3.890728]",
802,"[5.133881,1.087407,3.890688]",
803,"[5.24945,0.7854099,3.904469]",
804,"[5.280018,0.722931,3.908114]",
805,"[5.298933,0.6782981,3.91037]",
806,"[5.329651,0.6124116,3.914032]",
807,"[5.342486,0.5829009,3.915563]",
808,"[5.355543,0.5693308,3.91712]",
809,"[5.361597,0.5678077,3.917842]",
810,"[5.375841,0.5607862,3.91954]",
811,"[5.381098,0.5631211,3.920167]",
812,"[5.392599,0.5655574,3.921538]",
813,"[5.398485,0.5650187,3.92224]",
814,"[5.405282,0.5632185,3.923051]",
815,"[5.423046,0.5501041,3.925169]",
816,"[5.442167,0.5326493,3.927449]",
817,"[5.239877,0.9460366,3.346185]",
818,"[5.248759,0.9412015,3.304038]",
819,"[5.25616,0.9348592,3.268919]",
820,"[5.259193,0.931901,3.254523]",
821,"[5.260519,0.9328064,3.248234]",
822,"[5.263231,0.9364828,3.235364]",
823,"[5.26497,0.9401465,3.227114]",
824,"[5.267145,0.9446461,3.216793]",
825,"[5.268012,0.9467484,3.21268]",
826,"[5.269116,0.9501501,3.207436]",
827,"[5.270004,0.9515967,3.203223]",
828,"[5.270283,0.9528906,3.2019]",
829,"[5.270836,0.9547837,3.199277]",
830,"[5.270949,0.9551893,3.198737]",
831,"[5.270969,0.9555407,3.198644]",
832,"[5.271144,0.9554775,3.197814]",
833,"[5.271323,0.9543797,3.196965]",
834,"[5.271649,0.9528253,3.195419]",
835,"[5.272671,0.9471975,3.190567]",
836,"[5.283754,0.9636379,3.137973]",
837,"[5.324258,0.9168045,3.139563]",
838,"[5.3424,0.8915588,3.143386]",
839,"[5.348606,0.8836598,3.144694]",
840,"[5.361389,0.8650844,3.147388]",
841,"[5.362334,0.8631505,3.147587]",
842,"[5.36541,0.8564007,3.148235]",
843,"[5.367986,0.8508337,3.148778]",
844,"[5.379633,0.8346103,3.151232]",
845,"[5.394328,0.8195378,3.154329]",
846,"[5.418007,0.7953014,3.159319]",
847,"[5.577663,0.7502707,3.043155]",
848,"[5.549995,0.8230287,2.965093]",
849,"[5.637004,0.8707284,2.74299]",
850,"[5.865211,0.6622185,2.75424]",
851,"[5.95,0.6126513,2.706952]",
852,"[5.95,0.6292356,2.676425]",
853,"[5.950001,0.6447709,2.655971]",
854,"[5.950001,0.6618731,2.634682]",
855,"[5.95,0.6669776,2.630363]",
856,"[5.950001,0.6655013,2.63433]",
857,"[5.95,0.6653442,2.632374]",
858,"[5.950001,0.6568683,2.638017]",
859,"[5.95,0.6493965,2.643899]",
860,"[5.950001,0.6440464,2.645867]",
861,"[5.950001,0.6360048,2.648741]",
862,"[5.95,0.6333699,2.649581]",
863,"[5.95,0.6249249,2.659463]",
864,"[5.950001,0.6231656,2.666054]",
865,"[5.95,0.6264805,2.667282]",
866,"[5.950001,0.6316032,2.668619]",
867,"[5.950001,0.6584423,2.665316]",
868,"[5.950001,0.6788581,2.661075]",
869,"[5.95,0.699846,2.654551]",
870,"[5.95,0.7893561,2.641004]",
871,"[5.95,0.827255,2.64712]",
872,"[5.95,0.8618667,2.654881]",
873,"[5.95,0.8924275,2.657592]",
874,"[5.95,0.9381177,2.665713]",
875,"[5.95,0.9564707,2.669954]",
876,"[5.574739,1.264227,2.628202]",
877,"[5.595725,1.264227,2.634084]",
878,"[5.625989,1.409719,2.64704]",
879,"[5.625604,1.437692,2.650744]",
880,"[5.622599,1.447884,2.652771]",
881,"[5.604237,1.466282,2.659492]",
882,"[5.598774,1.4725,2.661587]",
883,"[5.583908,1.478218,2.665843]",
884,"[5.577196,1.479563,2.667605]",
885,"[5.571092,1.48081,2.66921]",
886,"[5.558285,1.482858,2.672504]",
887,"[5.553735,1.483324,2.674582]",
888,"[5.551407,1.48241,2.677912]",
889,"[5.55091,1.481501,2.677993]",
890,"[5.550079,1.480464,2.676964]",
891,"[5.549771,1.480317,2.676013]",
892,"[5.552074,1.480764,2.674685]",
893,"[5.554213,1.482215,2.674047]",
894,"[5.556812,1.484774,2.67349]",
895,"[5.555851,1.490866,2.675622]",
896,"[5.557117,1.492834,2.677067]",
897,"[5.561971,1.500183,2.67997]",
898,"[5.579292,1.502931,2.683966]",
899,"[5.544497,1.602724,2.663431]",
900,"[5.536062,1.626916,2.659436]",
901,"[5.527713,1.653815,2.653643]",
902,"[5.52633,1.664025,2.652459]",
903,"[5.526383,1.665927,2.652876]",
904,"[5.526361,1.668293,2.652701]",
905,"[5.526311,1.668443,2.652309]",
906,"[5.526169,1.665852,2.651185]",
907,"[5.526134,1.665385,2.650915]",
908,"[5.525998,1.66398,2.649822]",
909,"[5.525966,1.663885,2.649485]",
910,"[5.525924,1.663989,2.649163]",
911,"[5.525868,1.668094,2.648813]",
912,"[5.525825,1.672333,2.648471]",
913,"[5.629869,1.698017,2.665005]",
914,"[5.800237,1.698017,2.692605]",
915,"[5.95,1.711196,2.716976]",
916,"[5.95,1.716127,2.717339]",
917,"[5.95,1.720206,2.717836]",
918,"[5.95,1.737597,2.719874]",
919,"[5.95,1.749289,2.721045]",
920,"[5.95,1.777618,2.723404]",
921,"[5.95,1.794996,2.723844]",
922,"[5.608872,1.963036,2.653756]",
923,"[5.608872,1.985223,2.652082]",
924,"[5.608872,2.011687,2.64713]",
925,"[5.608872,2.022243,2.643885]",
926,"[5.608872,2.028992,2.64161]",
927,"[5.608872,2.041875,2.637182]",
928,"[5.608872,2.043439,2.636305]",
929,"[5.608872,2.044119,2.634751]",
930,"[5.608872,2.045465,2.633487]",
931,"[5.608872,2.043291,2.631854]",
932,"[5.608872,2.040828,2.630708]",
933,"[5.608872,2.039616,2.629683]",
934,"[5.608872,2.037216,2.627209]",
935,"[5.608872,2.036371,2.6258]",
936,"[5.608872,2.032999,2.623434]",
937,"[5.608872,2.032822,2.622324]",
938,"[5.608872,2.034138,2.620119]",
939,"[5.608872,2.036811,2.617624]",
940,"[5.608872,2.041411,2.613758]",
941,"[5.587502,2.109765,2.466703]",
942,"[5.586894,2.121072,2.452779]",
943,"[5.57892,2.157254,2.270149]",
944,"[5.578255,2.160731,2.254911]",
945,"[5.577247,2.164533,2.231822]",
946,"[5.576784,2.166103,2.221217]",
947,"[5.576538,2.164434,2.215597]",
948,"[5.575923,2.164329,2.201501]",
949,"[5.575788,2.161881,2.198421]",
950,"[5.57541,2.154507,2.189764]",
951,"[5.575155,2.149185,2.183905]",
952,"[5.574893,2.139581,2.177918]",
953,"[5.574574,2.135865,2.170617]",
954,"[5.57405,2.129809,2.158617]",
955,"[5.573775,2.12624,2.152315]",
956,"[5.573667,2.121547,2.149834]",
957,"[5.573131,2.113775,2.137551]",
958,"[5.573074,2.110656,2.136265]",
959,"[5.572657,2.104336,2.126695]",
960,"[5.572291,2.100705,2.118321]",
961,"[5.571134,2.074285,2.091821]",
962,"[5.668175,2.0195,1.959723]",
963,"[5.664653,2.001835,1.941559]",
964,"[5.659833,1.981748,1.916702]",
965,"[5.657463,1.973287,1.904475]",
966,"[5.656535,1.965736,1.899691]",
967,"[5.656718,1.962166,1.900633]",
968,"[5.656536,1.952685,1.899699]",
969,"[5.657081,1.946098,1.902505]",
970,"[5.657397,1.939095,1.90414]",
971,"[5.658241,1.927118,1.908492]",
972,"[5.658803,1.921581,1.911387]",
973,"[5.660473,1.914724,1.920002]",
974,"[5.66175,1.912626,1.926587]",
975,"[5.663517,1.911044,1.935699]",
976,"[5.664173,1.910595,1.939083]",
977,"[5.6652,1.907783,1.944379]",
978,"[5.665673,1.905045,1.946819]",
979,"[5.666592,1.903261,1.951556]",
980,"[5.667776,1.895618,1.957662]",
981,"[5.668138,1.889109,1.959531]",
982,"[5.582223,1.860705,2.009164]",
983,"[5.582,1.845659,2.007053]",
984,"[5.653151,1.609122,1.875615]",
985,"[5.635835,1.414065,1.861038]",
986,"[5.632139,1.384405,1.857927]",
987,"[5.624358,1.32862,1.851377]",
988,"[5.62082,1.305912,1.848399]",
989,"[5.61309,1.264266,1.841892]",
990,"[5.595482,1.264227,1.854984]",
991,"[5.592319,1.264227,1.857957]",
992,"[5.595987,1.264227,1.856223]",
993,"[5.596066,1.264227,1.856081]",
994,"[5.598981,1.264227,1.854474]",
995,"[5.599483,1.264227,1.854136]",
996,"[5.610546,1.264227,1.848191]",
997,"[5.611347,1.264227,1.847943]",
998,"[5.619502,1.264925,1.847289]",
999,"[5.621571,1.266814,1.849031]",
1000,"[5.626519,1.26703,1.853197]",
1001,"[5.629238,1.2653,1.855485]",
1002,"[5.626412,1.264227,1.861266]",
1003,"[5.602203,1.264227,1.884498]",
1004,"[5.624534,1.124113,1.856606]",
1005,"[5.624534,0.939513,1.8428]",
1006,"[5.624534,0.8918692,1.840132]",
1007,"[5.624534,0.8371696,1.839523]",
1008,"[5.624534,0.811372,1.840358]",
1009,"[5.624534,0.7780827,1.845802]",
1010,"[5.624534,0.7559445,1.848021]",
1011,"[5.624534,0.7490491,1.849252]",
1012,"[5.624534,0.7355499,1.850921]",
1013,"[5.624534,0.7300465,1.851328]",
1014,"[5.624534,0.7267895,1.851851]",
1015,"[5.624534,0.7212164,1.851359]",
1016,"[5.624534,0.7206527,1.851086]",
1017,"[5.624534,0.71989,1.849853]",
1018,"[5.624534,0.7167521,1.847048]",
1019,"[5.624534,0.6981593,1.83229]",
1020,"[5.624534,0.6843011,1.821529]",
1021,"[5.588743,0.6557278,1.81395]",
1022,"[5.589635,0.6314651,1.802933]",
1023,"[5.579079,0.6093295,1.795079]",
1024,"[5.579127,0.6057507,1.793673]",
1025,"[5.579182,0.6020128,1.79211]",
1026,"[5.579253,0.5989731,1.790085]",
1027,"[5.579307,0.5963584,1.788551]",
1028,"[5.579297,0.5958926,1.788835]",
1029,"[5.579296,0.594972,1.788858]",
1030,"[5.579284,0.5947773,1.789184]",
1031,"[5.579285,0.5939892,1.789173]",
1032,"[5.579304,0.5918561,1.788612]",
1033,"[5.57933,0.5903379,1.787866]",
1034,"[5.579306,0.5893908,1.788576]",
1035,"[5.57927,0.5827855,1.789591]",
1036,"[5.57926,0.5815122,1.789878]",
1037,"[5.579223,0.5735394,1.790945]",
1038,"[5.579188,0.5651901,1.791943]",
1039,"[5.579145,0.5602764,1.793168]",
1040,"[5.579119,0.5548806,1.793917]",
1041,"[5.579074,0.5466233,1.795213]",
1042,"[5.578937,0.5383635,1.799125]",
1043,"[5.578814,0.5273239,1.802658]",
1044,"[5.57865,0.5093898,1.80736]",
1045,"[5.5786,0.506183,1.808769]",
1046,"[5.578568,0.5084829,1.809702]",
1047,"[5.578545,0.5129053,1.810346]",
1048,"[5.578505,0.5195743,1.811496]",
1049,"[5.578428,0.5359671,1.813703]",
1050,"[5.578365,0.5487999,1.8155]",
1051,"[5.578256,0.5719344,1.818635]",
1052,"[5.57821,0.5801571,1.819945]",
1053,"[5.578161,0.6008851,1.821338]",
1054,"[5.578153,0.6142203,1.82158]",
1055,"[5.586908,0.622529,1.817539]",
1056,"[5.593418,0.622529,1.814456]",
1057,"[5.58863,0.6353562,1.817194]",
1058,"[5.588644,0.6505302,1.816802]",
1059,"[5.58865,0.6570692,1.816612]",
1060,"[5.593794,0.6622183,1.814496]",
1061,"[5.597743,0.6622184,1.813109]",
1062,"[5.603811,0.6622185,1.81182]",
1063,"[5.606908,0.6622185,1.811746]",
1064,"[5.610087,0.6622185,1.811864]",
1065,"[5.613537,0.6622185,1.812245]",
1066,"[5.615406,0.6622185,1.811507]",
1067,"[5.618234,0.6622184,1.811159]",
1068,"[5.618661,0.6622184,1.812121]",
1069,"[5.618366,0.6622185,1.815653]",
1070,"[5.617963,0.6622185,1.817509]",
1071,"[5.616062,0.6622184,1.821223]",
1072,"[5.614277,0.6622184,1.821245]",
1073,"[5.609717,0.6622184,1.821723]",
1074,"[5.606245,0.6622185,1.821718]",
1075,"[5.602443,0.6622185,1.821797]",
1076,"[5.597474,0.6622183,1.821466]",
1077,"[5.596214,0.6622185,1.820836]",
1078,"[5.594086,0.6622185,1.819334]",
1079,"[5.592294,0.6622184,1.818423]",
1080,"[5.589997,0.6611564,1.814344]",
1081,"[5.590035,0.661117,1.811493]",
1082,"[5.591128,0.6617506,1.808453]",
1083,"[5.595612,0.6622185,1.801858]",
1084,"[5.597369,0.6622184,1.799958]",
1085,"[5.600364,0.6622185,1.796013]",
1086,"[5.601273,0.6622185,1.793729]",
1087,"[5.602842,0.6622185,1.790561]",
1088,"[5.602826,0.6622184,1.790226]",
1089,"[5.591863,0.6618871,1.793502]",
1090,"[5.591767,0.6618402,1.794164]",
1091,"[5.591738,0.661841,1.795022]",
1092,"[5.59165,0.6618167,1.796437]",
1093,"[5.589341,0.6571199,1.796835]",
1094,"[5.589358,0.6499178,1.796339]",
1095,"[5.589353,0.6497281,1.796478]",
1096,"[5.589348,0.6492727,1.796633]",
1097,"[5.589334,0.6495671,1.797022]",
1098,"[5.589326,0.6494499,1.797262]",
1099,"[5.589351,0.6348895,1.796553]",
1100,"[5.595172,0.622529,1.794272]",
1101,"[5.596356,0.622529,1.79507]",
1102,"[5.597765,0.622529,1.795302]",
1103,"[5.589326,0.6329845,1.800132]",
1104,"[5.589132,0.6386679,1.802801]",
1105,"[5.589061,0.6422057,1.804836]",
1106,"[5.588938,0.6462724,1.808371]",
1107,"[5.588879,0.6474473,1.810063]",
1108,"[5.588784,0.6487354,1.812789]",
1109,"[5.588742,0.6494375,1.813986]",
1110,"[5.588677,0.6500357,1.81583]",
1111,"[5.588647,0.6502817,1.816693]",
1112,"[5.588616,0.6503808,1.817578]",
1113,"[5.588561,0.6442531,1.819177]",
1114,"[5.58853,0.6381041,1.820048]",
1115,"[5.588509,0.6382698,1.820665]",
1116,"[5.588507,0.6382925,1.820709]",
1117,"[5.588503,0.6382969,1.820811]",
1118,"[5.5885,0.6382706,1.820893]",
1119,"[5.588491,0.6336029,1.821148]",
1120,"[5.58849,0.6337059,1.821216]",
1121,"[5.588474,0.6339391,1.821658]",
1122,"[5.588427,0.635184,1.82301]",
1123,"[5.588396,0.6364035,1.823902]",
1124,"[5.588312,0.6400885,1.826302]",
1125,"[5.588255,0.6424431,1.827912]",
1126,"[5.58814,0.6481057,1.8312]",
1127,"[5.58807,0.6517176,1.83322]",
1128,"[5.588015,0.6553847,1.834813]",
1129,"[5.589808,0.661533,1.836571]",
1130,"[5.594229,0.6622184,1.836176]",
1131,"[5.601564,0.6622185,1.836108]",
1132,"[5.603805,0.6622185,1.836744]",
1133,"[5.604865,0.6622184,1.83829]",
1134,"[5.60463,0.6622184,1.838989]",
1135,"[5.588449,0.6603349,1.842599]",
1136,"[5.58778,0.6559786,1.841546]",
1137,"[5.587844,0.6506447,1.839681]",
1138,"[5.588011,0.640129,1.8349]",
1139,"[5.588102,0.6356395,1.832304]",
1140,"[5.601717,0.622529,1.823474]",
1141,"[5.602033,0.622529,1.822528]",
1142,"[5.597673,0.622529,1.822554]",
1143,"[5.598712,0.622529,1.822081]",
1144,"[5.599392,0.622529,1.821774]",
1145,"[5.601148,0.622529,1.821654]",
1146,"[5.602739,0.622529,1.822244]",
1147,"[5.95,0.4797873,1.719325]",
1148,"[5.589893,0.6295527,1.832591]",
1149,"[5.58854,0.6310338,1.837574]",
1150,"[5.588383,0.6313403,1.839735]",
1151,"[5.588205,0.6317924,1.841368]",
1152,"[5.587972,0.6324366,1.843111]",
1153,"[5.587887,0.6326826,1.843655]",
1154,"[5.587627,0.6335851,1.845909]",
1155,"[5.58758,0.6341515,1.847269]",
1156,"[5.587128,0.6395892,1.860189]",
1157,"[5.587002,0.6416466,1.863805]",
1158,"[5.586788,0.645022,1.869931]",
1159,"[5.586707,0.6461932,1.872259]",
1160,"[5.586637,0.6471508,1.874249]",
1161,"[5.586514,0.6478841,1.877795]",
1162,"[5.586448,0.6478069,1.879658]",
1163,"[5.586308,0.6476284,1.883686]",
1164,"[5.58624,0.6472086,1.885627]",
1165,"[5.586141,0.6465874,1.888475]",
1166,"[5.586108,0.6464247,1.889399]",
1167,"[5.586082,0.6463311,1.890153]",
1168,"[5.586044,0.6462134,1.891243]",
1169,"[5.586027,0.6463295,1.891737]",
1170,"[5.586004,0.6466721,1.892383]",
1171,"[5.586007,0.6467615,1.892309]",
1172,"[5.586011,0.6470764,1.892174]",
1173,"[5.58602,0.6472241,1.891913]",
1174,"[5.586027,0.6473655,1.891721]",
1175,"[5.586048,0.6469353,1.891116]",
1176,"[5.586061,0.6466794,1.890759]",
1177,"[5.58608,0.6463803,1.890227]",
1178,"[5.586285,0.6437268,1.884345]",
1179,"[5.586526,0.6406212,1.877423]",
1180,"[5.586615,0.6395514,1.874905]",
1181,"[5.586756,0.637912,1.870845]",
1182,"[5.5868,0.6373828,1.8696]",
1183,"[5.586829,0.6370022,1.868766]",
1184,"[5.586883,0.6363623,1.867206]",
1185,"[5.5869,0.6361368,1.86672]",
1186,"[5.586912,0.6358296,1.866374]",
1187,"[5.586872,0.6362603,1.867535]",
1188,"[5.586741,0.6378333,1.871263]",
1189,"[5.586589,0.6398536,1.87562]",
1190,"[5.584167,0.6513216,1.945009]",
1191,"[5.583379,0.6565964,1.967542]",
1192,"[5.584099,0.6611748,1.984066]",
1193,"[5.641359,0.6622185,2.172678]",
1194,"[5.596,0.6761487,2.214405]",
1195,"[5.639998,0.6622186,2.264027]",
1196,"[5.643969,0.6622186,2.278707]",
1197,"[5.656845,0.6622186,2.292219]",
1198,"[5.663987,0.6622186,2.300287]",
1199,"[5.659036,0.6622186,2.298091]",
1200,"[5.644336,0.6622186,2.289131]",
1201,"[5.637268,0.6622186,2.284107]",
1202,"[5.628638,0.6622186,2.273453]",
1203,"[5.626626,0.6622186,2.268915]",
1204,"[5.620195,0.6622185,2.255433]",
1205,"[5.620684,0.6622186,2.252701]",
1206,"[5.596,0.6737822,2.240327]",
1207,"[5.596,0.6746215,2.237802]",
1208,"[5.596,0.6761585,2.236019]",
1209,"[5.596,0.6793495,2.231537]",
1210,"[5.596,0.6863026,2.231527]",
1211,"[5.596,0.7019754,2.225735]",
1212,"[5.596,0.7105874,2.221402]",
1213,"[5.753244,0.6622186,2.191224]",
1214,"[5.624534,0.8893376,1.940333]",
1215,"[5.624534,0.8947867,1.940251]",
1216,"[5.624534,0.9536926,1.861959]",
1217,"[5.624534,0.9662402,1.85221]",
1218,"[5.624534,0.98458,1.842038]",
1219,"[5.624534,0.9846857,1.841651]",
1220,"[5.624534,0.9881397,1.839555]",
1221,"[5.624534,0.9874887,1.836272]",
1222,"[5.624534,0.9899859,1.830043]",
1223,"[5.624534,0.975893,1.809527]",
1224,"[5.624534,0.9636527,1.793362]",
1225,"[5.624534,0.9565326,1.752673]",
1226,"[5.624534,0.9561897,1.74015]",
1227,"[5.624534,0.9582289,1.697471]",
1228,"[5.624534,0.9595414,1.687383]",
1229,"[5.624534,0.9593042,1.679225]",
1230,"[5.624534,0.9579157,1.681317]",
1231,"[5.624534,0.9570494,1.680949]",
1232,"[5.624534,0.9555218,1.674619]",
1233,"[5.624534,0.9548553,1.664661]",
1234,"[5.577769,0.9663132,1.642131]",
1235,"[5.950001,0.9066424,1.311784]",
1236,"[5.775773,0.9519707,0.873985]",
1237,"[5.732842,0.9644263,0.8345261]",
1238,"[5.467239,0.9989631,0.5903978]",
1239,"[5.052105,1.04383,1.518633]",
1240,"[5.025771,1.039529,1.518633]",
1241,"[4.995472,1.034209,1.518633]",
1242,"[4.993462,1.030752,1.518633]",
1243,"[4.983843,1.029931,1.518633]",
1244,"[4.979629,1.030166,1.518633]",
1245,"[4.993124,1.020375,1.518633]",
1246,"[5.029894,1.003168,1.518633]",
1247,"[5.056904,0.9906482,1.518633]",
1248,"[5.291712,0.8382448,0.9316996]",
1249,"[5.291712,0.862269,1.100455]",
1250,"[5.291712,0.871007,1.167494]",
1251,"[5.291712,0.8724818,1.189692]",
1252,"[5.291712,0.8694259,1.201789]",
1253,"[5.291712,0.8629774,1.194884]",
1254,"[5.391367,0.6726176,0.7660678]",
1255,"[4.952549,0.8655711,1.518633]",
1256,"[4.939729,0.8607263,1.518633]",
1257,"[4.911806,0.8521158,1.518633]",
1258,"[4.896325,0.8483509,1.518633]",
1259,"[4.87593,0.8455045,1.518633]",
1260,"[4.866728,0.8455971,1.518633]",
1261,"[4.864578,0.8473297,1.518633]",
1262,"[4.863197,0.8522604,1.518633]",
1263,"[4.862092,0.8545588,1.518633]",
1264,"[4.864574,0.8577639,1.518633]",
1265,"[4.866726,0.8586982,1.518633]",
1266,"[4.884019,0.8617729,1.518633]",
1267,"[4.896703,0.8661079,1.518633]",
1268,"[4.906661,0.8686928,1.518633]",
1269,"[4.915579,0.8708364,1.518633]",
1270,"[4.92027,0.8717483,1.518633]",
1271,"[4.931469,0.8729327,1.518633]",
1272,"[4.934307,0.8738595,1.518633]",
1273,"[4.937191,0.8758683,1.518633]",
1274,"[4.926231,0.9081804,1.518633]",
1275,"[4.860037,1.017004,1.518633]",
1276,"[4.855471,1.0235,1.518633]",
1277,"[4.851747,1.028614,1.518633]",
1278,"[4.840276,1.038792,1.518633]",
1279,"[4.835793,1.042434,1.518633]",
1280,"[4.82828,1.048015,1.518633]",
1281,"[4.82635,1.04868,1.518633]",
1282,"[4.822481,1.049724,1.518633]",
1283,"[4.820521,1.050064,1.518633]",
1284,"[4.818711,1.050121,1.518633]",
1285,"[4.817943,1.050313,1.518633]",
1286,"[4.817476,1.050651,1.518633]",
1287,"[4.820864,1.051884,1.518633]",
1288,"[4.826146,1.05352,1.518633]",
1289,"[5.015241,1.07119,1.518633]",
1290,"[5.017242,1.072009,1.518633]",
1291,"[5.70566,1.007692,0.8095418]",
1292,"[5.721679,1.011074,0.8242652]",
1293,"[5.737698,1.014692,0.838989]",
1294,"[5.761044,1.020258,0.8604472]",
1295,"[5.769965,1.022849,0.868647]",
1296,"[5.77955,1.025307,0.8774568]",
1297,"[5.780791,1.024738,0.8785982]",
1298,"[5.779108,1.019848,0.8770509]",
1299,"[5.772165,1.010425,0.8706691]",
1300,"[5.768485,1.003742,0.8672862]",
1301,"[5.752614,0.9843608,0.852699]",
1302,"[5.749086,0.977578,0.8494566]",
1303,"[5.734132,0.9547046,0.8357116]",
1304,"[5.724446,0.9421527,0.8268088]",
1305,"[5.711174,0.9257736,0.8146089]",
1306,"[5.705639,0.9203168,0.8095219]",
1307,"[5.693292,0.9130352,0.7981737]",
1308,"[5.685076,0.9096097,0.7906219]",
1309,"[5.50294,0.9779642,1.048156]",
1310,"[5.47966,0.9758961,1.048156]",
1311,"[5.465189,0.9745566,1.048156]",
1312,"[5.420378,0.9744796,1.048156]",
1313,"[5.392848,0.9777984,1.048156]",
1314,"[4.961867,1.18601,1.518633]",
1315,"[4.952787,1.197215,1.518633]",
1316,"[4.818753,1.215436,1.518633]",
1317,"[4.792203,1.238663,1.518633]",
1318,"[4.777624,1.249545,1.518633]",
1319,"[4.754331,1.268569,1.518633]",
1320,"[4.743545,1.277759,1.518633]",
1321,"[4.60636,1.091375,0.9751722]",
1322,"[4.60684,1.091375,0.976035]",
1323,"[4.620605,1.128565,1.046945]",
1324,"[4.622478,1.124658,1.04097]",
1325,"[4.623013,1.123642,1.039261]",
1326,"[4.619114,1.091375,0.9714747]",
1327,"[4.62065,1.091375,0.9719886]",
1328,"[4.630619,1.091375,0.9719744]",
1329,"[4.639981,1.091375,0.9731218]",
1330,"[4.646904,1.091375,0.9736786]",
1331,"[4.573705,0.8295541,0.45345]",
1332,"[4.651624,1.023477,0.8405682]",
1333,"[4.659755,1.020774,0.8405682]",
1334,"[4.752145,1.3182,1.403059]",
1335,"[4.765679,1.3182,1.403476]",
1336,"[4.779754,1.3182,1.387486]",
1337,"[4.791355,1.3182,1.359759]",
1338,"[4.793688,1.3182,1.343485]",
1339,"[4.801384,1.3182,1.335165]",
1340,"[4.803865,1.3182,1.333356]",
1341,"[4.805713,1.3182,1.332173]",
1342,"[4.808745,1.3182,1.330683]",
1343,"[4.810129,1.3182,1.330396]",
1344,"[4.812397,1.3182,1.330406]",
1345,"[4.813167,1.3182,1.330186]",
1346,"[4.813953,1.3182,1.329317]",
1347,"[4.814284,1.3182,1.328494]",
1348,"[4.811459,1.3182,1.322907]",
1349,"[4.806286,1.3182,1.308388]",
1350,"[4.803092,1.3182,1.298336]",
1351,"[4.795838,1.3182,1.281519]",
1352,"[4.790841,1.3182,1.274009]",
1353,"[4.779724,1.3182,1.263908]",
1354,"[4.772528,1.3182,1.259771]",
1355,"[4.742339,1.3182,1.256161]",
1356,"[4.759013,1.080685,0.8405682]",
1357,"[4.736396,1.083449,0.8405682]",
1358,"[4.509345,1.363375,1.279745]",
1359,"[3.937819,0.9980045,0.5390227]",
1360,"[3.884549,0.9980045,0.5323678]",
1361,"[3.850577,0.9980045,0.5310372]",
1362,"[3.510584,0.7415886,0.05000034]",
1363,"[3.483552,0.7329476,0.05000046]",
1364,"[3.447067,0.7035961,0.05000046]",
1365,"[3.418375,0.6866714,0.05000022]",
1366,"[3.414034,0.676989,0.05000022]",
1367,"[3.413402,0.6567587,0.05000022]",
1368,"[3.4158,0.6495115,0.05000034]",
1369,"[3.435291,0.6299038,0.05000046]",
1370,"[3.43622,0.6225122,0.05000046]",
1371,"[3.448641,0.6131943,0.05000034]",
1372,"[3.466796,0.5962965,0.05000046]",
1373,"[3.4723,0.5893743,0.05000046]",
1374,"[3.79805,0.9097025,0.5800194]",
1375,"[3.807272,0.9093693,0.5873597]",
1376,"[3.840704,0.9177744,0.613972]",
1377,"[3.845791,0.917638,0.6180215]",
1378,"[3.870886,0.9337156,0.6379967]",
1379,"[3.974685,0.9980045,0.7139866]",
1380,"[3.994853,0.9980045,0.7039552]",
1381,"[4.028337,0.9980045,0.6681445]",
1382,"[4.035889,0.9980045,0.6599078]",
1383,"[4.059816,0.9980045,0.6435838]",
1384,"[4.077811,0.9980045,0.6347475]",
1385,"[4.096002,0.9980045,0.6264241]",
1386,"[4.102712,0.9980045,0.6242254]",
1387,"[4.107877,0.9980045,0.623552]",
1388,"[4.115956,0.9980045,0.6252723]",
1389,"[4.121774,0.9980045,0.6268759]",
1390,"[4.129656,0.9980045,0.6303583]",
1391,"[4.132357,0.9980045,0.6310565]",
1392,"[4.136292,0.9980045,0.6323648]",
1393,"[4.137831,0.9980045,0.6329182]",
1394,"[4.14109,0.9980045,0.6327986]",
1395,"[4.143154,0.9980045,0.6323783]",
1396,"[4.144762,0.9980045,0.6320246]",
1397,"[4.147006,0.9980045,0.6309435]",
1398,"[4.147775,0.9980045,0.6303746]",
1399,"[4.149472,0.9980045,0.629781]",
1400,"[4.150578,0.9980045,0.6296704]",
1401,"[4.152485,0.9980045,0.6300301]",
1402,"[4.152999,0.9980045,0.6306579]",
1403,"[4.153434,0.9980045,0.631407]",
1404,"[4.139096,0.9980045,0.6497144]",
1405,"[4.12916,0.9980045,0.6629505]",
1406,"[4.117087,0.9980045,0.6871682]",
1407,"[4.11268,0.9980045,0.6954225]",
1408,"[4.102275,0.9980045,0.7052746]",
1409,"[4.097294,0.9980045,0.7103299]",
1410,"[4.087024,0.9980045,0.7212892]",
1411,"[4.082876,0.9980045,0.7250135]",
1412,"[4.078544,0.9980045,0.7274997]",
1413,"[4.067552,0.9980045,0.7263674]",
1414,"[4.0631,0.9980045,0.7212132]",
1415,"[4.051006,0.9980045,0.7040676]",
1416,"[4.04551,0.9980045,0.6934655]",
1417,"[4.039959,0.9980045,0.6659243]",
1418,"[4.038851,0.9980045,0.6540501]",
1419,"[4.098239,0.9980045,0.6012755]",
1420,"[4.149864,0.9980045,0.5843377]",
1421,"[4.169434,0.9980045,0.5889583]",
1422,"[4.200455,0.9980045,0.608309]",
1423,"[4.212441,0.9980045,0.6203595]",
1424,"[4.225395,0.9980045,0.6315378]",
1425,"[4.229878,0.9980045,0.6326175]",
1426,"[4.231937,0.9980045,0.6258916]",
1427,"[4.236921,0.9980045,0.6005458]",
1428,"[4.234522,0.9980045,0.5781502]",
1429,"[4.201179,0.807112,0.1939598]",
1430,"[4.196581,0.807112,0.1892197]",
1431,"[4.215302,0.9980045,0.5569391]",
1432,"[4.206584,0.9980045,0.5612297]",
1433,"[3.956495,0.9980045,0.5536947]",
1434,"[3.528102,0.9619834,0.4809387]",
1435,"[3.499008,0.9619835,0.4880392]",
1436,"[3.457455,0.9619835,0.5096806]",
1437,"[3.439701,0.9619834,0.5217239]",
1438,"[3.409903,0.9619834,0.5488526]",
1439,"[3.408133,0.9619834,0.5534285]",
1440,"[3.398893,0.9619834,0.5672012]",
1441,"[3.397227,0.9619834,0.5679657]",
1442,"[3.393878,0.9619834,0.5692078]",
1443,"[3.389754,0.9619834,0.5704301]",
1444,"[3.38567,0.9619834,0.5730416]",
1445,"[3.390298,0.9619834,0.5762783]",
1446,"[3.394434,0.9619834,0.5808458]",
1447,"[3.404477,0.9619834,0.5941201]",
1448,"[3.409766,0.9619834,0.6018476]",
1449,"[3.429473,0.9619834,0.6264566]",
1450,"[3.439674,0.9619834,0.6449744]",
1451,"[3.448175,0.9614925,0.6634415]",
1452,"[3.331301,0.6613813,0.5859233]",
1453,"[3.323444,0.6124672,0.6029561]",
1454,"[3.277905,0.4674212,0.6029561]",
1455,"[3.259604,0.4109901,0.6029561]",
1456,"[3.240417,0.3561093,0.6029561]",
1457,"[3.241102,0.346648,0.6029561]",
1458,"[3.241078,0.3386881,0.6029561]",
1459,"[3.242561,0.331947,0.6029561]",
1460,"[3.242169,0.3280855,0.6029561]",
1461,"[3.241413,0.3262721,0.6029561]",
1462,"[3.241317,0.3281799,0.6029561]",
1463,"[3.245852,0.3419898,0.6029561]",
1464,"[3.250842,0.3515936,0.6029561]",
1465,"[3.256559,0.3651796,0.6029561]",
1466,"[3.258998,0.3707413,0.6029561]",
1467,"[3.256991,0.3747811,0.6029561]",
1468,"[3.226581,0.3589701,0.6029561]",
1469,"[3.18896,0.3419221,0.6029561]",
1470,"[3.156923,0.7678123,1.090612]",
1471,"[2.744977,0.5942996,1.136506]",
1472,"[2.659232,0.5942996,1.195802]",
1473,"[2.626895,0.5942996,1.2255]",
1474,"[2.606697,0.5806856,1.236538]",
1475,"[2.59323,0.5806856,1.290136]",
1476,"[2.604979,0.5806856,1.304209]",
1477,"[2.619478,0.5806856,1.348439]",
1478,"[2.634384,0.5806856,1.357638]",
1479,"[2.663372,0.5806856,1.367836]",
1480,"[2.677032,0.5806856,1.370634]",
1481,"[2.69432,0.5806856,1.360244]",
1482,"[2.709903,0.5806856,1.358523]",
1483,"[2.708133,0.5806856,1.359562]",
1484,"[2.699689,0.5806856,1.374396]",
1485,"[2.691499,0.5806856,1.429292]",
1486,"[2.68082,0.5806856,1.485639]",
1487,"[2.674966,0.5806856,1.508562]",
1488,"[2.664506,0.5806856,1.546942]",
1489,"[2.660744,0.5806856,1.550017]",
1490,"[2.656719,0.5806856,1.555508]",
1491,"[2.650893,0.5806856,1.564288]",
1492,"[2.651307,0.5806856,1.559073]",
1493,"[2.650004,0.5806856,1.557142]",
1494,"[2.651389,0.5806856,1.553054]",
1495,"[2.654148,0.5806856,1.545781]",
1496,"[2.655362,0.5806856,1.542726]",
1497,"[2.656676,0.5806856,1.533694]",
1498,"[2.656436,0.5806856,1.527878]",
1499,"[2.645385,0.5806856,1.512124]",
1500,"[2.544749,0.5806856,1.448065]",
1501,"[2.501167,0.5806856,1.427897]",
1502,"[2.458631,0.5806856,1.406729]",
1503,"[2.44303,0.5806856,1.398278]",
1504,"[2.424133,0.5806856,1.381635]",
1505,"[2.414844,0.5806856,1.377587]",
1506,"[2.411021,0.5806856,1.367257]",
1507,"[2.41016,0.5806856,1.348808]",
1508,"[2.411552,0.5806856,1.341653]",
1509,"[2.422995,0.5806856,1.328134]",
1510,"[2.427846,0.5806856,1.324288]",
1511,"[2.434447,0.5806856,1.321674]",
1512,"[2.438583,0.5806856,1.321981]",
1513,"[2.472039,0.5806856,1.520505]",
1514,"[2.520128,0.6160836,1.564858]",
1515,"[2.526283,0.6160836,1.588981]",
1516,"[2.536268,0.6160836,1.623968]",
1517,"[2.540008,0.6160836,1.633542]",
1518,"[2.5435,0.6160836,1.651157]",
1519,"[2.54302,0.6160836,1.661724]",
1520,"[2.618301,0.6871554,1.685424]",
1521,"[2.623158,0.6934906,1.698946]",
1522,"[2.626752,0.6984857,1.708981]",
1523,"[2.63684,0.7127629,1.737178]",
1524,"[2.638828,0.7165973,1.74284]",
1525,"[2.648285,0.7396834,1.770272]",
1526,"[2.654822,0.7570425,1.789379]",
1527,"[2.597138,0.7511806,2.022977]",
1528,"[2.3816,0.5806857,2.135421]",
1529,"[2.435994,0.6298806,2.181752]",
1530,"[2.426966,0.6298806,2.258562]",
1531,"[2.427343,0.6298806,2.282732]",
1532,"[2.434679,0.6298806,2.304638]",
1533,"[2.440211,0.6298806,2.308007]",
1534,"[2.447598,0.6298806,2.304703]",
1535,"[2.457837,0.6298806,2.293913]",
1536,"[2.468374,0.6298806,2.284425]",
1537,"[2.713794,0.8213856,1.95224]",
1538,"[2.70504,0.8131431,1.9282]",
1539,"[2.674588,0.7898682,1.845127]",
1540,"[2.670228,0.788168,1.833399]",
1541,"[2.66715,0.7892768,1.825361]",
1542,"[2.666806,0.7904522,1.824569]",
1543,"[2.667525,0.7962875,1.827076]",
1544,"[2.701365,0.8238598,1.919568]",
1545,"[2.714198,0.832879,1.954496]",
1546,"[2.885858,0.8988907,2.36746]",
1547,"[2.94969,0.8988907,2.507971]",
1548,"[2.986869,0.8988907,2.571561]",
1549,"[3.005,0.89396,2.598279]",
1550,"[2.737868,0.5806857,2.944708]",
1551,"[2.760173,0.581126,2.957611]",
1552,"[2.794949,0.5872774,2.957296]",
1553,"[2.828918,0.5978266,2.956989]",
1554,"[2.840162,0.5972892,2.956887]",
1555,"[2.865551,0.6002312,2.959192]",
1556,"[2.876528,0.6002312,2.965341]",
1557,"[2.892547,0.6002312,2.975847]",
1558,"[2.896464,0.6002312,2.978098]",
1559,"[2.893272,0.6002312,2.97404]",
1560,"[2.895202,0.6002312,2.976149]",
1561,"[2.888694,0.6002313,2.967844]",
1562,"[2.872533,0.5963646,2.956594]",
1563,"[2.862489,0.5908614,2.956686]",
1564,"[2.824713,0.5806857,2.941562]",
1565,"[2.817972,0.5806857,2.938739]",
1566,"[2.797085,0.5806857,2.93205]",
1567,"[2.786366,0.5806857,2.939189]",
1568,"[2.774136,0.5806858,2.956463]",
1569,"[2.377264,0.1120175,3.932495]",
1570,"[2.42523,0.1590207,4.002257]",
1571,"[3.068572,0.5986266,4.551246]",
1572,"[3.559631,0.7565521,4.712749]",
1573,"[3.783086,0.8404076,4.760883]",
1574,"[3.907488,0.8781831,4.776447]",
1575,"[4.010759,0.910868,4.785968]",
1576,"[4.120509,1.131717,3.934234]",
1577,"[4.180672,1.132633,3.923109]",
1578,"[4.197199,1.124448,3.923123]",
1579,"[4.189599,1.106673,3.923136]",
1580,"[4.15705,1.031167,3.930799]",
1581,"[4.145293,0.996525,3.931904]",
1582,"[4.091715,0.9193912,3.930464]",
1583,"[4.066604,0.8907595,3.925545]",
1584,"[4.026272,0.60844,4.468365]",
1585,"[3.932446,0.4741473,4.652101]",
1586,"[3.892625,0.4606563,4.646658]",
1587,"[3.831893,0.6475043,4.208307]",
1588,"[3.804354,0.6483678,4.193037]",
1589,"[3.759285,0.6484029,4.197187]",
1590,"[3.74645,0.6484029,4.200891]",
1591,"[3.733825,0.7130652,4.121401]",
1592,"[3.711587,0.7130652,4.189786]",
1593,"[3.706733,0.7130651,4.212411]",
1594,"[3.70522,0.7130651,4.244326]",
1595,"[3.707577,0.7130651,4.257112]",
1596,"[3.714708,0.7130651,4.276657]",
1597,"[3.722935,0.7130651,4.285268]",
1598,"[3.721739,0.542454,4.688148]",
1599,"[3.732893,0.5426589,4.689949]",
1600,"[3.747955,0.540828,4.691168]",
1601,"[3.765518,0.5323571,4.690518]",
1602,"[3.770236,0.5274937,4.689735]",
1603,"[3.783473,0.5164015,4.687441]",
1604,"[3.783822,0.513582,4.687239]",
1605,"[3.782596,0.5102215,4.687491]",
1606,"[3.781337,0.5097009,4.688105]",
1607,"[3.773581,0.510349,4.689914]",
1608,"[3.768479,0.5112668,4.690976]",
1609,"[3.756287,0.5156705,4.693177]",
1610,"[3.739719,0.5218867,4.696973]",
1611,"[3.73064,0.5247476,4.698687]",
1612,"[3.741721,0.7130651,4.274694]",
1613,"[3.731547,0.7130651,4.272089]",
1614,"[3.714715,0.7130651,4.2636]",
1615,"[3.708122,0.7130651,4.259181]",
1616,"[3.699966,0.7130651,4.254183]",
1617,"[3.68467,0.7130651,4.249113]",
1618,"[3.675232,0.7130651,4.250777]",
1619,"[3.65072,0.7130651,4.261128]",
1620,"[3.634411,0.7130652,4.26972]",
1621,"[3.602953,0.7130652,4.280875]",
1622,"[3.582203,0.7130652,4.284283]",
1623,"[3.557811,0.7130652,4.285705]",
1624,"[3.507754,0.7130652,4.284612]",
1625,"[3.483962,0.7130652,4.281276]",
1626,"[3.469969,0.7130652,4.282694]",
1627,"[3.46293,0.7130652,4.278807]",
1628,"[3.451253,0.7130652,4.296379]",
1629,"[3.451249,0.7130652,4.298503]",
1630,"[3.613883,0.7519917,3.975095]",
1631,"[3.657007,0.7130653,3.95769]",
1632,"[3.692289,0.7130653,3.891411]",
1633,"[3.858694,0.4214434,4.061458]",
1634,"[3.908645,0.328294,4.084878]",
1635,"[3.970841,0.1,4.281168]",
1636,"[3.991071,0.1,4.232749]",
1637,"[4.024599,0.1,4.171056]",
1638,"[4.023573,0.2746446,3.92456]",
1639,"[4.036169,0.2689683,3.920591]",
1640,"[4.058506,0.2580646,3.912766]",
1641,"[4.061564,0.2578123,3.912557]",
1642,"[4.067223,0.2608115,3.914722]",
1643,"[4.070098,0.2643494,3.917304]",
1644,"[4.076211,0.2724947,3.92325]",
1645,"[4.079308,0.2774791,3.925929]",
1646,"[4.084029,0.2942179,3.92669]",
1647,"[4.083988,0.3011607,3.926669]",
1648,"[4.08437,0.3077102,3.926857]",
1649,"[4.084211,0.3204239,3.926779]",
1650,"[4.083829,0.3261348,3.926605]",
1651,"[4.083529,0.3333074,3.92656]",
1652,"[4.082855,0.3360483,3.926459]",
1653,"[4.080773,0.3449025,3.926148]",
1654,"[4.075823,0.3522297,3.925407]",
1655,"[4.071099,0.3604476,3.925028]",
1656,"[4.056551,0.3758327,3.927526]",
1657,"[4.051134,0.3787567,3.929652]",
1658,"[4.046126,0.3717463,3.934798]",
1659,"[4.044397,0.3559763,3.943056]",
1660,"[4.043024,0.3184465,3.956119]",
1661,"[4.041973,0.3084403,3.948936]",
1662,"[4.04128,0.2931563,3.937973]",
1663,"[4.041161,0.2874171,3.933857]",
1664,"[4.041316,0.2847334,3.931935]",
1665,"[4.042693,0.2765909,3.926108]",
1666,"[4.042748,0.2706,3.921813]",
1667,"[3.975834,0.1,3.899779]",
1668,"[3.949675,0.1,3.840142]",
1669,"[3.858637,0.1,3.625005]",
1670,"[3.842516,0.1,3.584929]",
1671,"[3.814545,0.1,3.523298]",
1672,"[3.805863,0.1,3.503466]",
1673,"[3.798864,0.1,3.486101]",
1674,"[3.793164,0.1,3.467979]",
1675,"[3.792565,0.1,3.464399]",
1676,"[3.794114,0.1,3.461122]",
1677,"[3.794873,0.1,3.460081]",
1678,"[3.798405,0.1,3.467587]",
1679,"[3.801223,0.1,3.473207]",
1680,"[3.803901,0.1,3.481072]",
1681,"[3.808695,0.1,3.508699]",
1682,"[3.809556,0.0999999,3.526787]",
1683,"[3.808038,0.1,3.565986]",
1684,"[3.804192,0.1,3.590061]",
1685,"[3.719201,0.1,3.772923]",
1686,"[3.682503,0.1,3.84592]",
1687,"[3.653689,0.1,3.903068]",
1688,"[3.578038,0.7519917,3.999764]",
1689,"[3.536198,0.7130652,4.159029]",
1690,"[3.492765,0.7130652,4.279941]",
1691,"[3.459918,0.6472873,4.429525]",
1692,"[3.450866,0.6470931,4.455808]",
1693,"[3.451005,0.647127,4.451723]",
1694,"[3.450675,0.6471603,4.447801]",
1695,"[3.485349,0.7130652,4.295024]",
1696,"[3.497783,0.7130652,4.258143]",
1697,"[3.521067,0.7130652,4.200081]",
1698,"[3.530414,0.7130652,4.180815]",
1699,"[3.544435,0.7130652,4.163251]",
1700,"[3.550131,0.7130652,4.160401]",
1701,"[3.556765,0.7130652,4.161183]",
1702,"[3.559335,0.7130652,4.163555]",
1703,"[3.56137,0.7130652,4.166864]",
1704,"[3.56426,0.7130652,4.173369]",
1705,"[3.565162,0.7130652,4.175679]",
1706,"[3.5678,0.7130652,4.17436]",
1707,"[3.568474,0.7130652,4.173995]",
1708,"[3.568615,0.7130652,4.170374]",
1709,"[3.567834,0.7130652,4.170387]",
1710,"[3.566254,0.7130652,4.172139]",
1711,"[3.562572,0.7130652,4.175029]",
1712,"[3.560471,0.7130652,4.175658]",
1713,"[3.555362,0.7130652,4.179927]",
1714,"[3.552166,0.7130652,4.183653]",
1715,"[3.546365,0.7130652,4.190863]",
1716,"[3.545508,0.7130652,4.19118]",
1717,"[3.545583,0.7130652,4.18994]",
1718,"[3.54593,0.7130652,4.189826]",
1719,"[3.548228,0.7130652,4.18807]",
1720,"[3.551691,0.7130652,4.187688]",
1721,"[3.553665,0.7130652,4.186273]",
1722,"[3.558269,0.7130652,4.176349]",
1723,"[3.560871,0.7130652,4.16669]",
1724,"[3.564222,0.7130652,4.133132]",
1725,"[3.564632,0.7130652,4.121359]",
1726,"[3.561817,0.7130653,4.10275]",
1727,"[3.559594,0.7130653,4.101669]",
1728,"[3.557465,0.7130653,4.10093]",
1729,"[3.549398,0.7130653,4.101031]",
1730,"[3.546633,0.7130653,4.10145]",
1731,"[3.542306,0.7130653,4.103457]",
1732,"[3.540448,0.7130653,4.105177]",
1733,"[3.539043,0.7130653,4.107911]",
1734,"[3.53844,0.7130653,4.109299]",
1735,"[3.53779,0.7130653,4.11108]",
1736,"[3.535717,0.7130653,4.114366]",
1737,"[3.534271,0.7130653,4.115523]",
1738,"[3.531466,0.7130653,4.11732]",
1739,"[3.528665,0.7130653,4.118447]",
1740,"[3.518961,0.7130653,4.121638]",
1741,"[3.512084,0.7130653,4.123333]",
1742,"[3.505629,0.7130653,4.125553]",
1743,"[3.48195,0.7130653,4.126719]",
1744,"[3.469632,0.7130653,4.125621]",
1745,"[3.429916,0.7130653,4.113096]",
1746,"[3.41386,0.7130653,4.105009]",
1747,"[3.376841,0.7130653,4.08186]",
1748,"[3.350106,0.7130653,4.063355]",
1749,"[3.268832,0.6484029,4.097972]",
1750,"[3.229272,0.6474783,4.08146]",
1751,"[3.204706,0.6455024,4.079093]",
1752,"[2.773786,0.1000001,4.570253]",
1753,"[2.684093,0.1000001,4.531095]",
1754,"[2.107553,0.0999999,4.241383]",
1755,"[2.050001,0.1338169,4.145095]",
1756,"[2.049999,0.3478296,3.715496]",
1757,"[2.05,0.3859801,3.597881]",
1758,"[2.05,0.5084315,3.164904]",
1759,"[2.253849,0.6002312,2.862126]",
1760,"[2.27128,0.6002312,2.774609]",
1761,"[2.427413,0.5806857,2.542464]",
1762,"[2.859939,0.8988908,2.602679]",
1763,"[2.913749,0.8988907,2.522713]",
1764,"[2.934691,0.8988907,2.487757]",
1765,"[2.95531,0.8988907,2.454577]",
1766,"[2.963605,0.8988907,2.454221]",
1767,"[2.96679,0.8988907,2.465103]",
1768,"[2.981827,0.8988907,2.468174]",
1769,"[2.986134,0.8988907,2.48952]",
1770,"[2.996795,0.8988907,2.501974]",
1771,"[3.004941,0.8988907,2.500796]",
1772,"[3.005,0.8933763,2.493607]",
1773,"[3.005,0.8897089,2.486669]",
1774,"[3.005,0.8855379,2.478459]",
1775,"[3.005,0.8917071,2.475353]",
1776,"[3.005,0.8936387,2.477831]",
1777,"[3.005,0.8981617,2.490686]",
1778,"[3.003629,0.8988907,2.497086]",
1779,"[2.996167,0.8988907,2.512667]",
1780,"[2.993972,0.8988907,2.515433]",
1781,"[2.990902,0.8988907,2.516279]",
1782,"[2.975146,0.8988907,2.460388]",
1783,"[2.969862,0.8988907,2.433115]",
1784,"[2.989811,0.8988907,2.209315]",
1785,"[2.681983,0.5806856,1.979554]",
1786,"[2.687233,0.5806856,1.93534]",
1787,"[2.688622,0.5806856,1.914032]",
1788,"[2.683174,0.5806856,1.889707]",
1789,"[2.679772,0.5806856,1.883725]",
1790,"[2.675762,0.5806856,1.874904]",
1791,"[2.67224,0.5806856,1.864954]",
1792,"[2.671883,0.5806856,1.864675]",
1793,"[2.669062,0.5806856,1.8605]",
1794,"[2.665207,0.5806856,1.860753]",
1795,"[2.653162,0.5806856,1.85622]",
1796,"[2.699127,0.6433498,1.895045]",
1797,"[2.713712,0.7392652,1.943565]",
1798,"[2.719475,0.7962092,1.964699]",
1799,"[2.71904,0.8090743,1.967559]",
1800,"[2.717003,0.8176445,1.966798]",
1801,"[2.717999,0.8199682,1.966017]",
1802,"[2.687125,0.7809616,1.877425]",
1803,"[2.6756,0.7666915,1.84542]",
1804,"[2.637964,0.7156065,1.740447]",
1805,"[2.536242,0.6160836,1.599277]",
1806,"[2.539165,0.6160836,1.572183]",
1807,"[2.503062,0.5806856,1.512294]",
1808,"[2.505064,0.5806856,1.502359]",
1809,"[2.513771,0.5806856,1.49349]",
1810,"[2.518727,0.5806856,1.486856]",
1811,"[2.529465,0.5806856,1.479163]",
1812,"[2.531085,0.5806856,1.479463]",
1813,"[2.533049,0.5806856,1.4793]",
1814,"[2.536853,0.5806856,1.479173]",
1815,"[2.538337,0.5806856,1.479512]",
1816,"[2.539909,0.5806856,1.482733]",
1817,"[2.540408,0.5806856,1.484578]",
1818,"[2.541801,0.5806856,1.488907]",
1819,"[2.542804,0.5806856,1.491194]",
1820,"[2.547549,0.5806856,1.493708]",
1821,"[2.551763,0.5806856,1.493433]",
1822,"[2.621272,0.5806856,1.414856]",
1823,"[2.676405,0.5806856,1.354844]",
1824,"[2.749069,0.5842329,1.304419]",
1825,"[2.802212,0.5806856,1.25532]",
1826,"[2.823694,0.5806856,1.235194]",
1827,"[2.849167,0.5806856,1.205655]",
1828,"[2.858847,0.5806856,1.190688]",
1829,"[2.86037,0.5806856,1.185465]",
1830,"[2.862493,0.5806856,1.173875]",
1831,"[2.862087,0.5806856,1.166592]",
1832,"[2.864564,0.5806856,1.148759]",
1833,"[2.88093,0.596835,1.153512]",
1834,"[2.903802,0.6205791,1.165313]",
1835,"[2.902934,0.6207905,1.164865]",
1836,"[2.925828,0.648015,1.176676]",
1837,"[2.960493,0.6879199,1.19456]",
1838,"[3.0157,0.7503928,1.223042]",
1839,"[3.106333,0.8188369,1.188672]",
1840,"[3.128445,0.8212628,1.145813]",
1841,"[3.331301,0.8154639,0.5801271]",
1842,"[3.565807,0.9619835,0.5124413]",
1843,"[3.62108,0.8146154,0.05000033]",
1844,"[3.667126,0.8407912,0.05000057]",
1845,"[3.709146,0.8644026,0.05000057]",
1846,"[3.739871,0.8710679,0.05000056]",
1847,"[3.740834,0.8687656,0.05000044]",
1848,"[3.75937,0.8584611,0.05000068]",
1849,"[3.756125,0.8403084,0.05000068]",
1850,"[3.747688,0.8068808,0.05000056]",
1851,"[3.744979,0.7937965,0.05000056]",
1852,"[3.727071,0.7649182,0.05000044]",
1853,"[3.727711,0.7579457,0.05000044]",
1854,"[3.716427,0.7506354,0.05000057]",
1855,"[3.702948,0.7432566,0.05000057]",
1856,"[3.699724,0.7413774,0.05000069]",
1857,"[3.692479,0.7388761,0.05000069]",
1858,"[3.689798,0.7377861,0.05000045]",
1859,"[3.696229,0.736745,0.05000057]",
1860,"[3.707761,0.7370403,0.05000069]",
1861,"[3.744624,0.7295289,0.05000056]",
1862,"[4.084176,0.9980045,0.5698445]",
1863,"[4.130902,0.9980045,0.5756467]",
1864,"[4.182108,0.9980045,0.5921861]",
1865,"[4.204426,0.9980045,0.5992066]",
1866,"[4.222588,0.9980045,0.6139683]",
1867,"[4.222659,0.9980045,0.6167049]",
1868,"[4.224204,0.9980045,0.6196696]",
1869,"[4.222166,0.9980045,0.6223633]",
1870,"[4.222915,0.9980045,0.6223261]",
1871,"[4.220518,0.9980045,0.6203769]",
1872,"[4.216808,0.9980045,0.6196661]",
1873,"[4.214243,0.9980045,0.6164201]",
1874,"[4.208372,0.9980045,0.6147625]",
1875,"[4.196404,0.9980045,0.6151424]",
1876,"[4.191844,0.9980045,0.6151045]",
1877,"[4.189348,0.9980045,0.6152011]",
1878,"[4.181034,0.9980045,0.6198145]",
1879,"[4.176813,0.9980045,0.6233534]",
1880,"[4.174595,0.9980045,0.6263195]",
1881,"[4.174541,0.9980045,0.6265275]",
1882,"[4.208793,0.9980045,0.6088443]",
1883,"[4.228768,0.9980045,0.601741]",
1884,"[4.241487,0.9980045,0.5990274]",
1885,"[4.259253,0.9980045,0.5981005]",
1886,"[4.263927,0.9980045,0.5992157]",
1887,"[4.269405,0.9980045,0.6023227]",
1888,"[4.27101,0.9980045,0.6038575]",
1889,"[4.272206,0.9980045,0.6051195]",
1890,"[4.273342,0.9980045,0.605391]",
1891,"[4.275241,0.9980045,0.6054214]",
1892,"[4.275867,0.9980045,0.6054926]",
1893,"[4.276857,0.9980045,0.6057507]",
1894,"[4.278407,0.9980045,0.6070599]",
1895,"[4.278738,0.9980045,0.608099]",
1896,"[4.280298,0.9980045,0.6100029]",
1897,"[4.280607,0.9980045,0.6110975]",
1898,"[4.282119,0.9980045,0.6140138]",
1899,"[4.282574,0.9980045,0.616038]",
1900,"[4.283373,0.9980045,0.6183164]",
1901,"[4.284033,0.9980045,0.6211208]",
1902,"[4.283866,0.9980045,0.6207346]",
1903,"[4.285293,0.9980045,0.6194374]",
1904,"[4.287154,0.9980045,0.6183461]",
1905,"[4.292245,0.9980045,0.6161427]",
1906,"[4.295628,0.9980045,0.6146228]",
1907,"[4.376825,0.8385419,0.4299329]",
1908,"[4.381948,0.8385422,0.427342]",
1909,"[4.383431,0.8385423,0.4276145]",
1910,"[4.386599,0.8385425,0.4276291]",
1911,"[4.38631,0.8385424,0.4294098]",
1912,"[4.383657,0.8385423,0.4335396]",
1913,"[4.379284,0.838542,0.4385919]",
1914,"[4.366642,0.8385413,0.4525509]",
1915,"[4.287401,0.9980045,0.6124827]",
1916,"[4.282112,0.9980045,0.6155166]",
1917,"[4.271828,0.9980045,0.6190581]",
1918,"[4.267336,0.9980045,0.6139801]",
1919,"[4.260786,0.9980045,0.6101133]",
1920,"[4.258401,0.9980045,0.6116875]",
1921,"[4.255813,0.9980045,0.6167166]",
1922,"[4.255109,0.9980045,0.621394]",
1923,"[4.254866,0.9980045,0.6248513]",
1924,"[4.255676,0.9980045,0.6295179]",
1925,"[4.256586,0.9980045,0.6316465]",
1926,"[4.25846,0.9980045,0.6361465]",
1927,"[4.259582,0.9980045,0.6383907]",
1928,"[4.261127,0.9980045,0.6425366]",
1929,"[4.253399,0.9980045,0.6502712]",
1930,"[4.245118,0.9980045,0.6581628]",
1931,"[4.242349,0.9980045,0.6604712]",
1932,"[4.240259,0.9980045,0.6620413]",
1933,"[4.236374,0.9980045,0.6640781]",
1934,"[4.233808,0.9980045,0.6647363]",
1935,"[4.228287,0.9980045,0.6662064]",
1936,"[4.225341,0.9980045,0.6669939]",
1937,"[4.219763,0.9980045,0.6681158]",
1938,"[4.217194,0.9980045,0.668452]",
1939,"[4.215171,0.9980045,0.6684251]",
1940,"[4.211935,0.9980045,0.6679188]",
1941,"[4.21103,0.9980045,0.6675753]",
1942,"[4.209699,0.9980045,0.6670052]",
1943,"[4.209073,0.9980045,0.666761]",
1944,"[4.207056,0.9980045,0.6659948]",
1945,"[4.205673,0.9980045,0.6654607]",
1946,"[4.205178,0.9980045,0.6653259]",
1947,"[4.20651,0.9980045,0.6644943]",
1948,"[4.207705,0.9980045,0.6638077]",
1949,"[4.222599,0.9980045,0.6621159]",
1950,"[4.231429,0.9980045,0.6614537]",
1951,"[4.253161,0.9980045,0.6570901]",
1952,"[4.260443,0.9980045,0.6559699]",
1953,"[4.271716,0.9980045,0.6545112]",
1954,"[4.275961,0.9980045,0.65408]",
1955,"[4.27981,0.9980045,0.6538814]",
1956,"[4.284625,0.9980045,0.6530516]",
1957,"[4.287057,0.9980045,0.6527615]",
1958,"[4.290527,0.9980045,0.6517587]",
1959,"[4.291745,0.9980045,0.6512257]",
1960,"[4.294137,0.9980045,0.6502538]",
1961,"[4.294096,0.9980045,0.6499399]",
1962,"[4.293704,0.9980045,0.6495897]",
1963,"[4.293319,0.9980045,0.6495611]",
1964,"[4.292688,0.9980045,0.649475]",
1965,"[4.29136,0.9980045,0.6493592]",
1966,"[4.29077,0.9980045,0.6489908]",
1967,"[4.290201,0.9980045,0.6479613]",
1968,"[4.29026,0.9980045,0.6470274]",
1969,"[4.294983,0.9980045,0.6431168]",
1970,"[4.299352,0.9980045,0.6401721]",
1971,"[4.631017,0.8295541,0.4006312]",
1972,"[4.599144,0.97843,0.4755805]",
1973,"[4.599143,1.012617,0.4880399]",
1974,"[4.599143,1.047319,0.5037182]",
1975,"[4.599143,1.0616,0.5111609]",
1976,"[4.604099,1.075955,0.5164759]",
1977,"[4.613111,1.075955,0.5125162]",
1978,"[4.62103,1.075955,0.5125703]",
1979,"[4.623209,1.075955,0.5121498]",
1980,"[4.625527,1.075955,0.5115502]",
1981,"[4.630485,1.075955,0.5101084]",
1982,"[4.635146,1.075955,0.5086652]",
1983,"[4.640765,1.076548,0.5081925]",
1984,"[4.640765,1.078874,0.5120814]",
1985,"[4.640765,1.085233,0.5211128]",
1986,"[4.640765,1.089106,0.5261123]",
1987,"[4.640765,1.093774,0.5323309]",
1988,"[4.640765,1.097586,0.5385813]",
1989,"[4.640765,1.096527,0.5388272]",
1990,"[4.640765,1.095982,0.5417815]",
1991,"[4.640765,1.091586,0.5409501]",
1992,"[4.63587,1.075955,0.5341652]",
1993,"[4.619267,1.075955,0.5405485]",
1994,"[4.599143,1.027041,0.5102649]",
1995,"[4.599143,0.9959204,0.4848671]",
1996,"[4.419569,0.838544,0.4565325]",
1997,"[4.294356,0.9980045,0.6160208]",
1998,"[4.268884,0.9980045,0.6292937]",
1999,"[4.243531,0.9980045,0.640833]",
2000,"[4.233618,0.9980045,0.6447459]",
2001,"[4.222131,0.9980045,0.6488239]",
2002,"[4.215078,0.9980045,0.6511232]",
2003,"[4.213631,0.9980045,0.6511536]",
2004,"[4.210081,0.9980045,0.6521463]",
2005,"[4.208162,0.9980045,0.653192]",
2006,"[4.207049,0.9980045,0.6540997]",
2007,"[4.20575,0.9980045,0.6548182]",
2008,"[4.207956,0.9980045,0.6554047]",
2009,"[4.209105,0.9980045,0.6560565]",
2010,"[4.209579,0.9980045,0.6568168]",
2011,"[4.209167,0.9980045,0.6600242]",
2012,"[4.208154,0.9980045,0.6624919]",
2013,"[4.208203,0.9980045,0.6660547]",
2014,"[4.209089,0.9980045,0.6667507]",
2015,"[4.208421,0.9980045,0.6688106]",
2016,"[4.209631,0.9980045,0.6693823]",
2017,"[4.211451,0.9980045,0.6700114]",
2018,"[4.212097,0.9980045,0.6703123]",
2019,"[4.215782,0.9980045,0.6703474]",
2020,"[4.219146,0.9980045,0.6710294]",
2021,"[4.220952,0.9980045,0.6704455]",
2022,"[4.226246,0.9980045,0.6694233]",
2023,"[4.229241,0.9980045,0.6689362]",
2024,"[4.23404,0.9980045,0.6676531]",
2025,"[4.235946,0.9980045,0.6670158]",
2026,"[4.239817,0.9980045,0.6653601]",
2027,"[4.244339,0.9980045,0.6640072]",
2028,"[4.246601,0.9980045,0.6630549]",
2029,"[4.250259,0.9980045,0.6610615]",
2030,"[4.252076,0.9980045,0.6598364]",
2031,"[4.258083,0.9980045,0.6547765]",
2032,"[4.260556,0.9980045,0.6530323]",
2033,"[4.264544,0.9980045,0.6508639]",
2034,"[4.266503,0.9980045,0.6499265]",
2035,"[4.268132,0.9980045,0.6493946]",
2036,"[4.27,0.9980045,0.6493345]",
2037,"[4.269719,0.9980045,0.6539662]",
2038,"[4.270508,0.9980045,0.6539152]",
2039,"[4.270588,0.9980045,0.6537611]",
2040,"[4.270565,0.9980045,0.6538876]",
2041,"[4.270289,0.9980045,0.6539706]",
2042,"[4.269083,0.9980045,0.6573406]",
2043,"[4.265762,0.9980045,0.6544228]",
2044,"[4.262961,0.9980045,0.6530713]",
2045,"[4.25256,0.9980045,0.6518171]",
2046,"[4.222885,0.9980045,0.6410515]",
2047,"[4.073666,0.9980045,0.6267836]",
2048,"[4.063716,0.9980045,0.6283798]",
2049,"[4.054242,0.9980045,0.6295903]",
2050,"[4.031589,0.9980045,0.6331197]",
2051,"[4.021288,0.9980045,0.6351198]",
2052,"[4.004445,0.9980045,0.638996]",
2053,"[4.00147,0.9980045,0.6410552]",
2054,"[3.998024,0.9980045,0.6459478]",
2055,"[3.996039,0.9980045,0.6485132]",
2056,"[3.997222,0.9980045,0.6493587]",
2057,"[3.999742,0.9980045,0.6504005]",
2058,"[4.001149,0.9980045,0.6513519]",
2059,"[4.006266,0.9980045,0.6536838]",
2060,"[4.00955,0.9980045,0.6548176]",
2061,"[4.014812,0.9980045,0.6562183]",
2062,"[4.01695,0.9980045,0.6566616]",
2063,"[4.021673,0.9980045,0.6581042]",
2064,"[4.023614,0.9980045,0.6588761]",
2065,"[4.025343,0.9980045,0.6604182]",
2066,"[4.026114,0.9980045,0.6609589]",
2067,"[4.02708,0.9980045,0.6614221]",
2068,"[4.028107,0.9980045,0.6618851]",
2069,"[4.028455,0.9980045,0.6620174]",
2070,"[4.02694,0.9980045,0.6650511]",
2071,"[4.025353,0.9980045,0.6683497]",
2072,"[4.054368,0.9980045,0.6982055]",
2073,"[4.058342,0.9980045,0.7088552]",
2074,"[4.060525,0.9980045,0.7167911]",
2075,"[4.090006,0.9980045,0.7567928]",
2076,"[4.09481,0.9980045,0.7659042]",
2077,"[4.100896,0.9980045,0.777824]",
2078,"[4.103129,0.9980045,0.7825289]",
2079,"[4.106492,0.9980045,0.7918264]",
2080,"[4.107743,0.9980045,0.7963943]",
2081,"[4.108595,0.9980045,0.8055837]",
2082,"[4.109047,0.9980045,0.8124772]",
2083,"[4.108621,0.9980045,0.8196445]",
2084,"[4.110211,0.9861027,0.828501]",
2085,"[4.119578,0.8854669,0.8359572]",
2086,"[4.130686,0.8144361,0.8247671]",
2087,"[4.129159,0.8144361,0.837311]",
2088,"[4.129326,0.7208647,0.8599696]",
2089,"[4.127953,0.6947901,0.8599696]",
2090,"[4.127208,0.6716129,0.8599696]",
2091,"[4.124901,0.6443197,0.8599696]",
2092,"[4.124066,0.6304617,0.8599696]",
2093,"[4.122543,0.6121294,0.8599696]",
2094,"[4.121854,0.6026598,0.8599696]",
2095,"[4.118925,0.6039195,0.8599696]",
2096,"[4.1177,0.6080821,0.8599696]",
2097,"[4.115958,0.6124752,0.8599696]",
2098,"[4.115201,0.6134028,0.8599696]",
2099,"[4.113324,0.6153492,0.8599696]",
2100,"[4.110652,0.6082427,0.8599696]",
2101,"[4.109361,0.6095454,0.8599696]",
2102,"[4.106732,0.603467,0.8599696]",
2103,"[4.1048,0.5972513,0.8599696]",
2104,"[4.101768,0.5946317,0.8599696]",
2105,"[4.101066,0.5978972,0.8599696]",
2106,"[4.10052,0.6006001,0.8599696]",
2107,"[4.099372,0.6074256,0.8599696]",
2108,"[4.097912,0.6205978,0.8599696]",
2109,"[4.094211,0.6375549,0.8599696]",
2110,"[4.091571,0.6432561,0.8599696]",
2111,"[4.07866,0.6426533,0.8599696]",
2112,"[4.065591,0.6434716,0.8599696]",
2113,"[4.046131,0.6451117,0.8599696]",
2114,"[3.772904,0.1,0.4040701]",
2115,"[3.732123,0.1,0.3994486]",
2116,"[3.55311,0.6042528,0.7318199]",
2117,"[3.533625,0.6206244,0.7371619]",
2118,"[3.501501,0.6424959,0.7456965]",
2119,"[3.491703,0.64597,0.7480662]",
2120,"[3.480758,0.6465091,0.7507133]",
2121,"[3.479596,0.6441128,0.7509944]",
2122,"[3.483987,0.6348175,0.7499322]",
2123,"[3.487245,0.6242934,0.7491152]",
2124,"[3.498104,0.612546,0.7460815]",
2125,"[3.518689,0.6012013,0.7405664]",
2126,"[3.526799,0.5988682,0.7384395]",
2127,"[3.541543,0.5946108,0.7345731]",
2128,"[3.547548,0.5934498,0.7330105]",
2129,"[3.552418,0.5943121,0.7317824]",
2130,"[3.556354,0.6028204,0.7309584]",
2131,"[3.555805,0.6122996,0.7313035]",
2132,"[3.520764,0.770111,0.7037331]",
2133,"[3.525166,0.81092,0.7218527]",
2134,"[3.51842,0.9619834,0.6800836]",
2135,"[3.502142,0.9619834,0.6562252]",
2136,"[3.487451,0.9619834,0.6357378]",
2137,"[3.460048,0.9619833,0.6014069]",
2138,"[3.452902,0.9619834,0.590056]",
2139,"[3.449219,0.9619833,0.5816613]",
2140,"[3.443347,0.9619833,0.5729209]",
2141,"[3.449999,0.9619834,0.5672143]",
2142,"[3.458107,0.9619834,0.5701568]",
2143,"[3.464523,0.9619833,0.5695608]",
2144,"[3.470296,0.9619834,0.5737991]",
2145,"[3.473165,0.9619834,0.5749961]",
2146,"[3.48333,0.9619834,0.5845137]",
2147,"[3.489913,0.9619834,0.5889125]",
2148,"[3.494849,0.9619834,0.5891542]",
2149,"[3.496913,0.9619834,0.5875569]",
2150,"[3.490226,0.9619834,0.5746515]",
2151,"[3.48555,0.9619834,0.567694]",
2152,"[3.479652,0.9619834,0.5606782]",
2153,"[3.466319,0.9619834,0.5455922]",
2154,"[3.443027,0.9619834,0.5146493]",
2155,"[3.414913,0.9619834,0.4798782]",
2156,"[3.400904,0.9619834,0.4637108]",
2157,"[3.387891,0.9619834,0.448755]",
2158,"[3.382344,0.9619834,0.4429609]",
2159,"[3.383868,0.9619833,0.4455186]",
2160,"[3.378138,0.9619834,0.4411778]",
2161,"[3.37964,0.9619834,0.4443566]",
2162,"[3.382229,0.9619834,0.4517028]",
2163,"[3.382892,0.9619834,0.4556446]",
2164,"[3.38045,0.9619834,0.4581388]",
2165,"[3.38098,0.9619834,0.4610105]",
2166,"[3.378741,0.9619834,0.4704466]",
2167,"[3.380234,0.9619834,0.4787031]",
2168,"[3.37477,0.9619834,0.4842254]",
2169,"[3.355145,0.9619834,0.505223]",
2170,"[3.339445,0.9619834,0.5231569]",
2171,"[3.17921,0.8557283,0.5254422]",
2172,"[2.339959,0.1,0.2115975]",
2173,"[2.307024,0.1,0.3021685]",
2174,"[3.10551,0.9206412,1.030275]",
2175,"[3.093894,0.9206412,1.125715]",
2176,"[3.088589,0.9206412,1.154733]",
2177,"[3.083325,0.9206412,1.175155]",
2178,"[3.07272,0.9206412,1.211108]",
2179,"[3.077486,0.9206412,1.211963]",
2180,"[3.085564,0.9206412,1.20727]",
2181,"[3.088125,0.9206412,1.204764]",
2182,"[3.094242,0.9206412,1.191074]",
2183,"[3.096357,0.9206412,1.184967]",
2184,"[3.103137,0.9206412,1.170663]",
2185,"[3.110626,0.9206412,1.153087]",
2186,"[3.112579,0.9206412,1.146958]",
2187,"[3.115655,0.9206412,1.137452]",
2188,"[3.116688,0.9206412,1.134093]",
2189,"[3.117432,0.9206412,1.129832]",
2190,"[3.117068,0.9206412,1.129025]",
2191,"[3.11103,0.9206412,1.1277]",
2192,"[3.105944,0.9206412,1.128351]",
2193,"[3.100643,0.9206412,1.12975]",
2194,"[3.090225,0.9206412,1.13319]",
2195,"[3.084958,0.9206412,1.135404]",
2196,"[3.074004,0.9206412,1.142819]",
2197,"[3.029063,0.9206412,1.215572]",
2198,"[2.721526,0.5942996,1.191591]",
2199,"[2.703298,0.5942996,1.261345]",
2200,"[2.696119,0.5942996,1.292227]",
2201,"[2.688715,0.5942996,1.330304]",
2202,"[2.673276,0.5806856,1.346879]",
2203,"[2.668503,0.5806856,1.359095]",
2204,"[2.668014,0.5806856,1.359321]",
2205,"[2.663098,0.5806856,1.360865]",
2206,"[2.658766,0.5806856,1.363025]",
2207,"[2.653627,0.5806856,1.367757]",
2208,"[2.651774,0.5806856,1.370101]",
2209,"[2.651199,0.5806856,1.370097]",
2210,"[2.6479,0.5806856,1.372749]",
2211,"[2.64876,0.5806856,1.368545]",
2212,"[2.649737,0.5806856,1.359423]",
2213,"[2.649682,0.5806856,1.352852]",
2214,"[2.647991,0.5806856,1.333209]",
2215,"[2.657263,0.5942996,1.306915]",
2216,"[2.624563,0.5942996,1.265337]",
2217,"[2.588115,0.5806856,1.218487]",
2218,"[2.580811,0.5806856,1.196788]",
2219,"[2.57763,0.5806856,1.152105]",
2220,"[2.615268,0.615833,1.128103]",
2221,"[2.913652,0.9206412,1.161519]",
2222,"[2.924413,0.9206412,1.128831]",
2223,"[2.949127,0.9206412,1.070895]",
2224,"[3.015346,0.9206412,0.934554]",
2225,"[2.467905,0.1000001,0.2060639]",
2226,"[3.209544,0.8557283,0.5922635]",
2227,"[3.319205,0.9043326,0.5718983]",
2228,"[3.630074,0.7053234,0.05000033]",
2229,"[3.762198,0.9842044,0.05000056]",
2230,"[3.855286,1.053841,0.05000079]",
2231,"[4.070001,1.181387,0.08479217]",
2232,"[4.106865,1.301705,0.3340315]",
2233,"[4.499124,1.367332,0.3340316]",
2234,"[5.059106,1.227717,0.3340316]",
2235,"[5.317264,1.149798,0.4525485]",
2236,"[5.413658,1.12565,0.5411491]",
2237,"[5.621665,1.077475,0.7323383]",
2238,"[5.370266,1.173618,0.941358]",
2239,"[4.945415,1.3182,1.202868]",
2240,"[4.96707,1.3182,1.316965]",
2241,"[4.982171,1.3182,1.365359]",
2242,"[4.990512,1.3182,1.416571]",
2243,"[4.989886,1.3182,1.433636]",
2244,"[4.968055,1.3182,1.441567]",
2245,"[4.952982,1.3182,1.438039]",
2246,"[4.849238,1.3182,1.368382]",
2247,"[4.798058,1.3182,1.317513]",
2248,"[4.786973,1.3182,1.303839]",
2249,"[4.791798,1.3182,1.287482]",
2250,"[4.799608,1.3182,1.280286]",
2251,"[4.812571,1.3182,1.269265]",
2252,"[4.815991,1.3182,1.267239]",
2253,"[4.830314,1.3182,1.275006]",
2254,"[4.824284,1.3182,1.274852]",
2255,"[4.817968,1.3182,1.276628]",
2256,"[4.817307,1.3182,1.285268]",
2257,"[4.81407,1.3182,1.295753]",
2258,"[4.774272,1.3182,1.353184]",
2259,"[4.740625,1.316437,1.384364]",
2260,"[4.740625,1.282809,1.414765]",
2261,"[4.740625,1.261699,1.421371]",
2262,"[4.740625,1.244404,1.43416]",
2263,"[4.740625,1.21947,1.436094]",
2264,"[4.740625,1.214872,1.436322]",
2265,"[4.740625,1.201312,1.439084]",
2266,"[4.740625,1.192578,1.441914]",
2267,"[4.740625,1.105611,1.454456]",
2268,"[4.740625,1.081994,1.457847]",
2269,"[4.740625,1.030795,1.464232]",
2270,"[4.740625,1.015,1.466643]",
2271,"[4.740625,1.002565,1.468078]",
2272,"[4.740625,0.9908594,1.470761]",
2273,"[4.740625,0.9885607,1.472068]",
2274,"[4.740625,0.9950306,1.47796]",
2275,"[4.740625,0.9944279,1.478534]",
2276,"[4.740625,0.9944729,1.478501]",
2277,"[4.740625,0.9944997,1.4785]",
2278,"[4.740625,1.003233,1.481797]",
2279,"[4.740625,1.004465,1.480695]",
2280,"[4.740625,1.005279,1.479987]",
2281,"[4.740625,1.011925,1.481864]",
2282,"[4.740625,1.011502,1.481319]",
2283,"[4.740625,1.011432,1.480091]",
2284,"[4.740625,1.011398,1.47975]",
2285,"[4.740625,1.018797,1.482056]",
2286,"[4.740625,1.026957,1.484879]",
2287,"[4.740625,1.034423,1.487421]",
2288,"[4.740625,1.053594,1.493285]",
2289,"[4.740625,1.063358,1.496538]",
2290,"[4.740625,1.079447,1.502303]",
2291,"[4.740625,1.087657,1.505228]",
2292,"[4.740625,1.095707,1.508201]",
2293,"[4.740625,1.095622,1.50819]",
2294,"[4.740625,1.095622,1.508154]",
2295,"[4.740625,1.103394,1.509017]",
2296,"[4.740625,1.111699,1.509792]",
2297,"[4.740625,1.129074,1.50841]",
2298,"[4.740625,1.141595,1.505228]",
2299,"[4.740625,1.176928,1.494402]",
2300,"[4.740625,1.198629,1.4877]",
2301,"[4.740625,1.277173,1.394317]",
2302,"[4.756938,1.3182,1.25442]",
2303,"[4.766172,1.3182,1.234301]",
2304,"[5.148849,0.9446661,0.297751]",
2305,"[4.902012,1.220598,0.811834]",
2306,"[5.050915,1.103059,0.3340316]",
2307,"[5.050419,1.103066,0.3340316]",
2308,"[5.040778,1.112446,0.3340316]",
2309,"[5.038722,1.110377,0.3340316]",
2310,"[5.035326,1.110233,0.3340316]",
2311,"[5.029178,1.092766,0.3340316]",
2312,"[4.907372,1.220598,0.6898846]",
2313,"[4.887568,1.220598,0.785592]",
2314,"[4.882998,1.213659,0.8405682]",
2315,"[4.89805,1.19294,0.8405682]",
2316,"[5.158145,0.8295541,0.2405059]",
2317,"[5.161256,0.8295541,0.2822098]",
2318,"[5.087548,0.9396867,0.5521497]",
2319,"[4.83116,1.3182,1.164144]",
2320,"[4.843503,1.3182,1.18]",
2321,"[4.849589,1.3182,1.189607]",
2322,"[4.862,1.3182,1.202389]",
2323,"[4.868782,1.3182,1.207171]",
2324,"[4.882705,1.3182,1.214858]",
2325,"[4.89064,1.3182,1.21892]",
2326,"[4.899837,1.3182,1.224047]",
2327,"[4.922356,1.3182,1.237644]",
2328,"[5.400725,1.046813,1.048156]",
2329,"[5.73454,0.9005975,1.078454]",
2330,"[5.765304,0.9005975,1.110824]",
2331,"[5.823991,0.9005975,1.150718]",
2332,"[5.83144,0.9005975,1.155336]",
2333,"[5.863967,0.9005975,1.175707]",
2334,"[5.86337,0.9005975,1.177703]",
2335,"[5.861476,0.9005975,1.185281]",
2336,"[5.850737,0.9005975,1.191361]",
2337,"[5.846839,0.9005975,1.196047]",
2338,"[5.825194,0.9005975,1.193906]",
2339,"[5.807435,0.9005975,1.174972]",
2340,"[5.783494,0.9005975,1.143925]",
2341,"[5.775884,0.9005975,1.134985]",
2342,"[5.772167,0.9005975,1.132422]",
2343,"[5.7684,0.9005975,1.134251]",
2344,"[5.764144,0.9005975,1.142323]",
2345,"[5.577336,1.065327,1.65451]",
2346,"[5.624534,1.029125,1.665739]",
2347,"[5.624534,1.035752,1.784768]",
2348,"[5.624534,1.036348,1.817276]",
2349,"[5.624534,1.035583,1.844846]",
2350,"[5.624534,1.030733,1.898458]",
2351,"[5.624534,1.031998,1.906793]",
2352,"[5.624534,1.032591,1.911598]",
2353,"[5.624534,1.032988,1.919462]",
2354,"[5.624534,1.034647,1.925016]",
2355,"[5.624534,1.035793,1.92121]",
2356,"[5.624534,1.03587,1.92056]",
2357,"[5.624534,1.031587,1.912163]",
2358,"[5.624534,1.028692,1.909254]",
2359,"[5.624534,1.014664,1.886629]",
2360,"[5.624534,1.010909,1.883767]",
2361,"[5.624534,1.009492,1.87272]",
2362,"[5.624534,1.009712,1.860862]",
2363,"[5.624534,1.010456,1.849874]",
2364,"[5.624534,1.0116,1.846683]",
2365,"[5.624534,1.012632,1.844504]",
2366,"[5.624534,1.030441,1.838002]",
2367,"[5.624534,1.039984,1.83427]",
2368,"[5.624534,1.048057,1.829732]",
2369,"[5.624534,1.049789,1.828346]",
2370,"[5.624534,1.051148,1.82741]",
2371,"[5.624534,1.051343,1.82751]",
2372,"[5.624534,1.051407,1.827467]",
2373,"[5.624534,1.051422,1.833177]",
2374,"[5.624534,1.054667,1.838309]",
2375,"[5.624534,1.075036,1.857076]",
2376,"[5.624534,1.093949,1.87075]",
2377,"[5.578642,1.32628,2.005681]",
2378,"[5.578642,1.336385,2.012551]",
2379,"[5.578642,1.433034,2.034066]",
2380,"[5.908482,1.368986,2.086093]",
2381,"[5.839645,1.403545,2.083689]",
2382,"[5.745711,1.449645,2.080409]",
2383,"[5.723254,1.460393,2.079625]",
2384,"[5.71683,1.466515,2.079401]",
2385,"[5.728021,1.460786,2.079791]",
2386,"[5.727746,1.459907,2.079782]",
2387,"[5.765558,1.446099,2.081102]",
2388,"[5.781898,1.440632,2.081673]",
2389,"[5.835327,1.418059,2.083539]",
2390,"[5.839721,1.416039,2.083692]",
2391,"[5.878074,1.396396,2.085031]",
2392,"[5.828841,1.412796,2.083312]",
2393,"[5.649273,1.473817,2.077041]",
2394,"[5.57596,1.522502,2.273542]",
2395,"[5.601998,1.524101,2.382922]",
2396,"[5.585613,1.532255,2.407521]",
2397,"[5.57932,1.537351,2.430266]",
2398,"[5.57932,1.54476,2.479203]",
2399,"[5.601337,1.543626,2.521929]",
2400,"[5.587164,1.546818,2.521434]",
2401,"[5.579575,1.549754,2.521169]",
2402,"[5.582951,1.544677,2.521287]",
2403,"[5.573918,1.547444,2.520972]",
2404,"[5.57922,1.544687,2.521157]",
2405,"[5.589625,1.537802,2.52152]",
2406,"[5.592169,1.53571,2.521609]",
2407,"[5.582319,1.538342,2.521265]",
2408,"[5.587032,1.536708,2.52143]",
2409,"[5.575458,1.541032,2.521025]",
2410,"[5.561096,1.546103,2.522001]",
2411,"[5.571998,1.523851,2.709787]",
2412,"[5.572775,1.521621,2.743814]",
2413,"[5.573039,1.520865,2.771492]",
2414,"[5.573565,1.519355,2.815658]",
2415,"[5.573257,1.520238,2.836216]",
2416,"[5.572685,1.521881,2.855601]",
2417,"[5.571979,1.523906,2.849559]",
2418,"[5.571477,1.525344,2.834185]",
2419,"[5.571475,1.525351,2.827623]",
2420,"[5.571454,1.525412,2.824142]",
2421,"[5.571043,1.52659,2.801278]",
2422,"[5.571157,1.526262,2.783674]",
2423,"[5.570329,1.528637,2.765725]",
2424,"[5.569083,1.532212,2.753128]",
2425,"[5.535983,1.627144,2.704971]",
2426,"[5.532264,1.651022,2.699283]",
2427,"[5.650042,1.698017,2.774986]",
2428,"[5.95,1.707693,2.976418]",
2429,"[5.95,1.72449,2.970093]",
2430,"[5.95,1.74382,2.960926]",
2431,"[5.95,1.74879,2.957263]",
2432,"[5.95,1.755675,2.951286]",
2433,"[5.95,1.758456,2.948802]",
2434,"[5.95,1.761408,2.946251]",
2435,"[5.95,1.763508,2.945717]",
2436,"[5.95,1.763729,2.944906]",
2437,"[5.95,1.764214,2.944219]",
2438,"[5.95,1.764807,2.943895]",
2439,"[5.95,1.7653,2.941389]",
2440,"[5.95,1.765963,2.940235]",
2441,"[5.95,1.766635,2.936166]",
2442,"[5.95,1.765575,2.932757]",
2443,"[5.95,1.76453,2.926401]",
2444,"[5.95,1.763435,2.919704]",
2445,"[5.95,1.762379,2.91318]",
2446,"[5.95,1.749176,2.886933]",
2447,"[5.95,1.722929,2.860989]",
2448,"[5.524452,1.678564,2.637638]",
2449,"[5.535244,1.629261,2.622301]",
2450,"[5.668467,1.368505,2.633983]",
2451,"[5.690513,1.309973,2.629792]",
2452,"[5.678484,1.264227,2.610401]",
2453,"[5.95,0.9301735,2.655292]",
2454,"[5.95,0.792172,2.64592]",
2455,"[5.558903,1.003849,2.546083]",
2456,"[5.558864,0.9726532,2.545163]",
2457,"[5.558972,0.90785,2.542046]",
2458,"[5.559076,0.8697932,2.539089]",
2459,"[5.559206,0.8164581,2.535348]",
2460,"[5.559298,0.7880557,2.532727]",
2461,"[5.559131,0.7846699,2.537508]",
2462,"[5.659311,0.6622185,2.581965]",
2463,"[5.660588,0.6622185,2.593789]",
2464,"[5.615386,0.765338,2.615823]",
2465,"[5.611722,0.7800756,2.622181]",
2466,"[5.655742,0.7800756,2.651228]",
2467,"[5.793525,0.6622185,2.703559]",
2468,"[5.807523,0.6622185,2.712044]",
2469,"[5.823061,0.6622184,2.723523]",
2470,"[5.827873,0.6622185,2.72802]",
2471,"[5.841809,0.6622184,2.740905]",
2472,"[5.846133,0.6622184,2.746143]",
2473,"[5.858542,0.6622184,2.760525]",
2474,"[5.864336,0.6622185,2.766397]",
2475,"[5.869986,0.6622185,2.774235]",
2476,"[5.870893,0.6622185,2.776444]",
2477,"[5.870775,0.6622185,2.77762]",
2478,"[5.869563,0.6622184,2.777372]",
2479,"[5.86664,0.6622185,2.775823]",
2480,"[5.849784,0.6622186,2.765192]",
2481,"[5.837095,0.6622184,2.757406]",
2482,"[5.645571,0.7800756,2.669347]",
2483,"[5.61083,0.7800756,2.649159]",
2484,"[5.576019,0.7691644,2.631396]",
2485,"[5.576019,0.7214006,2.626731]",
2486,"[5.576019,0.7069696,2.625668]",
2487,"[5.576019,0.6963904,2.624855]",
2488,"[5.576019,0.6948343,2.624514]",
2489,"[5.576019,0.6957395,2.622832]",
2490,"[5.576019,0.694893,2.620689]",
2491,"[5.576019,0.6952042,2.617816]",
2492,"[5.592445,0.6781531,2.615823]",
2493,"[5.608055,0.6622185,2.615869]",
2494,"[5.615726,0.6622185,2.604308]",
2495,"[5.618037,0.6622185,2.592644]",
2496,"[5.559085,0.7272789,2.546817]",
2497,"[5.559521,0.7268765,2.526341]",
2498,"[5.553781,0.7382019,2.472067]",
2499,"[5.643122,0.6622186,2.314969]",
2500,"[5.6467,0.6622185,2.281229]",
2501,"[5.64452,0.6800351,1.981407]",
2502,"[5.624534,0.6916382,1.851231]",
2503,"[5.624534,0.6771658,1.782133]",
2504,"[5.621661,0.6622185,1.749905]",
2505,"[5.598038,0.6622183,1.733767]",
2506,"[5.591691,0.6568127,1.72953]",
2507,"[5.592052,0.6439255,1.71921]",
2508,"[5.593114,0.622529,1.716442]",
2509,"[5.585759,0.622529,1.732278]",
2510,"[5.580948,0.6108973,1.741544]",
2511,"[5.580638,0.6025649,1.750422]",
2512,"[5.580254,0.591722,1.761417]",
2513,"[5.580102,0.5877921,1.765762]",
2514,"[5.579552,0.589707,1.781532]",
2515,"[5.579434,0.5891021,1.784885]",
2516,"[5.579176,0.5913275,1.79229]",
2517,"[5.578923,0.5919307,1.799519]",
2518,"[5.578868,0.5913546,1.801104]",
2519,"[5.578784,0.5938568,1.803493]",
2520,"[5.578752,0.597754,1.804435]",
2521,"[5.578659,0.6119771,1.807106]",
2522,"[5.585609,0.622529,1.810585]",
2523,"[5.589214,0.6316605,1.813493]",
2524,"[5.588485,0.6483982,1.821333]",
2525,"[5.588375,0.6545222,1.824486]",
2526,"[5.589425,0.6611408,1.83003]",
2527,"[5.590786,0.6620331,1.830874]",
2528,"[5.590537,0.6619433,1.833984]",
2529,"[5.589135,0.6610829,1.835761]",
2530,"[5.588379,0.6592902,1.836621]",
2531,"[5.587933,0.6546135,1.837147]",
2532,"[5.587934,0.6514611,1.83711]",
2533,"[5.587897,0.6458719,1.838181]",
2534,"[5.587829,0.6468178,1.840119]",
2535,"[5.587741,0.6473161,1.842651]",
2536,"[5.587753,0.6425763,1.842302]",
2537,"[5.587754,0.6339511,1.842282]",
2538,"[5.59539,0.622529,1.837928]",
2539,"[5.595836,0.622529,1.839551]",
2540,"[5.588432,0.6301665,1.847314]",
2541,"[5.587812,0.632103,1.850243]",
2542,"[5.587343,0.6348123,1.854051]",
2543,"[5.587296,0.6362309,1.855395]",
2544,"[5.587226,0.6403049,1.857396]",
2545,"[5.587189,0.6436431,1.858466]",
2546,"[5.587081,0.6498366,1.86153]",
2547,"[5.586977,0.6555085,1.864507]",
2548,"[5.58705,0.6581053,1.865602]",
2549,"[5.587689,0.6606401,1.866711]",
2550,"[5.588391,0.6613063,1.867026]",
2551,"[5.588264,0.661241,1.867754]",
2552,"[5.588246,0.6612377,1.868109]",
2553,"[5.587996,0.6611143,1.869774]",
2554,"[5.587883,0.6611106,1.872862]",
2555,"[5.58777,0.6610935,1.875323]",
2556,"[5.588576,0.6617031,1.879417]",
2557,"[5.588914,0.6619651,1.881408]",
2558,"[5.589427,0.6622185,1.885923]",
2559,"[5.588982,0.6621626,1.888276]",
2560,"[5.586572,0.6596635,1.891223]",
2561,"[5.586029,0.6563212,1.891672]",
2562,"[5.586029,0.6486907,1.89167]",
2563,"[5.586039,0.6446282,1.891377]",
2564,"[5.58605,0.6409738,1.891071]",
2565,"[5.586071,0.6355193,1.890484]",
2566,"[5.586055,0.6340954,1.890933]",
2567,"[5.586684,0.6309223,1.891575]",
2568,"[5.598555,0.622529,1.887601]",
2569,"[5.597781,0.622529,1.888299]",
2570,"[5.597584,0.622529,1.888573]",
2571,"[5.59763,0.622529,1.888811]",
2572,"[5.598106,0.622529,1.889214]",
2573,"[5.598574,0.622529,1.889321]",
2574,"[5.586672,0.6306388,1.894086]",
2575,"[5.58646,0.6313775,1.894521]",
2576,"[5.585976,0.6330844,1.895331]",
2577,"[5.58589,0.6341419,1.895659]",
2578,"[5.585873,0.635292,1.896142]",
2579,"[5.585848,0.6372903,1.896845]",
2580,"[5.585836,0.6381078,1.897178]",
2581,"[5.585801,0.639618,1.898208]",
2582,"[5.585759,0.6407942,1.899408]",
2583,"[5.585638,0.6427432,1.902877]",
2584,"[5.585592,0.6433943,1.90417]",
2585,"[5.585439,0.6456286,1.908566]",
2586,"[5.585335,0.6472545,1.911537]",
2587,"[5.585207,0.6495814,1.91519]",
2588,"[5.585036,0.6538444,1.920114]",
2589,"[5.584964,0.6561211,1.922166]",
2590,"[5.586694,0.6616406,1.930529]",
2591,"[5.591037,0.6622185,1.937888]",
2592,"[5.599987,0.6622185,2.046763]",
2593,"[5.607405,0.6622184,2.063871]",
2594,"[5.575104,0.6854405,2.080097]",
2595,"[5.596,0.6801382,2.217375]",
2596,"[5.636043,0.6622185,2.294502]",
2597,"[5.62959,0.6622185,2.317322]",
2598,"[5.599674,0.675467,2.32914]",
2599,"[5.586061,0.6765246,2.32914]",
2600,"[5.581054,0.6771148,2.334169]",
2601,"[5.582956,0.6715929,2.332759]",
2602,"[5.586318,0.6622186,2.323845]",
2603,"[5.583968,0.6622185,2.322089]",
2604,"[5.578745,0.6622185,2.309996]",
2605,"[5.577562,0.6622186,2.308848]",
2606,"[5.576523,0.6622186,2.304229]",
2607,"[5.57647,0.6622186,2.304191]",
2608,"[5.576391,0.6622185,2.301041]",
2609,"[5.577626,0.6622186,2.2991]",
2610,"[5.578381,0.6622185,2.299042]",
2611,"[5.581719,0.6622186,2.30325]",
2612,"[5.583941,0.6622186,2.309928]",
2613,"[5.590269,0.6622186,2.32827]",
2614,"[5.578193,0.6727589,2.338563]",
2615,"[5.556005,0.6915483,2.3632]",
2616,"[5.609701,0.6622185,2.593396]",
2617,"[5.587527,0.6622185,2.71268]",
2618,"[5.581707,0.6622185,2.744114]",
2619,"[5.577075,0.6622185,2.77137]",
2620,"[5.561425,0.6622183,2.809734]",
2621,"[5.560539,0.6622185,2.816744]",
2622,"[5.558788,0.6622184,2.818578]",
2623,"[5.558379,0.6622183,2.817233]",
2624,"[5.557588,0.6622185,2.81398]",
2625,"[5.55729,0.6622183,2.812956]",
2626,"[5.562092,0.6622184,2.798217]",
2627,"[5.566175,0.6622184,2.791601]",
2628,"[5.570484,0.6622185,2.784414]",
2629,"[5.579388,0.6622185,2.77107]",
2630,"[5.582783,0.6622184,2.766629]",
2631,"[5.586385,0.6622184,2.753703]",
2632,"[5.586635,0.6622185,2.751257]",
2633,"[5.586943,0.6622185,2.744526]",
2634,"[5.587706,0.6622185,2.737817]",
2635,"[5.588111,0.6622185,2.734033]",
2636,"[5.58781,0.6622184,2.722854]",
2637,"[5.586045,0.6622184,2.712779]",
2638,"[5.585161,0.6622185,2.70205]",
2639,"[5.586688,0.6622184,2.695766]",
2640,"[5.590749,0.6622185,2.687267]",
2641,"[5.593454,0.6622185,2.684396]",
2642,"[5.595835,0.6622185,2.682826]",
2643,"[5.576019,0.6786463,2.664786]",
2644,"[5.576019,0.681143,2.661319]",
2645,"[5.576019,0.6833531,2.655415]",
2646,"[5.576019,0.6852204,2.647177]",
2647,"[5.605609,0.6787019,2.615823]",
2648,"[5.648014,0.6622185,2.595649]",
2649,"[5.5619,0.7183428,2.521555]",
2650,"[5.553988,0.7329731,2.46776]",
2651,"[5.549803,0.7440222,2.436341]",
2652,"[5.547828,0.7710751,2.378641]",
2653,"[5.548256,0.7786458,2.37233]",
2654,"[5.545,0.7913656,2.391472]",
2655,"[5.544181,0.7967891,2.39537]",
2656,"[5.542729,0.7968735,2.426069]",
2657,"[5.54831,0.7847239,2.471214]",
2658,"[5.550092,0.782092,2.484519]",
2659,"[5.55938,0.753812,2.530395]",
2660,"[5.559146,0.7498401,2.537081]",
2661,"[5.658277,0.6622185,2.61173]",
2662,"[5.635043,0.6622184,2.60791]",
2663,"[5.613139,0.6622185,2.594931]",
2664,"[5.558901,0.7119608,2.54409]",
2665,"[5.573617,0.7072363,2.520961]",
2666,"[5.553594,0.7735158,2.351523]",
2667,"[5.611097,0.7809592,2.106726]",
2668,"[5.769619,0.6622185,1.998377]",
2669,"[5.624534,0.7672545,1.889595]",
2670,"[5.535774,0.8819103,1.563032]",
2671,"[5.509838,0.9005975,1.561395]",
2672,"[5.47965,0.9005975,1.477618]",
2673,"[5.412775,0.9005975,1.323571]",
2674,"[5.291712,0.8979571,1.180533]",
2675,"[5.238716,0.8086452,0.7996455]",
2676,"[5.027968,1.069073,1.518633]",
2677,"[4.927487,1.088681,1.518633]",
2678,"[4.902301,1.101671,1.518633]",
2679,"[4.841908,1.112147,1.518633]",
2680,"[4.82209,1.117656,1.518633]",
2681,"[4.799797,1.106854,1.518633]",
2682,"[4.77195,1.09172,1.518633]",
2683,"[4.757573,1.083704,1.518633]",
2684,"[4.756794,1.064928,1.518633]",
2685,"[4.771731,1.048371,1.518633]",
2686,"[4.775024,1.03932,1.518633]",
2687,"[4.783838,1.036826,1.518633]",
2688,"[4.800031,1.036292,1.518633]",
2689,"[4.804961,1.037347,1.518633]",
2690,"[4.807053,1.038605,1.518633]",
2691,"[4.819448,1.044991,1.518633]",
2692,"[4.828803,1.050375,1.518633]",
2693,"[4.833123,1.065467,1.518633]",
2694,"[4.84017,1.067863,1.518633]",
2695,"[4.886124,1.028624,1.518633]",
2696,"[4.895165,1.018726,1.518633]",
2697,"[4.90547,1.006,1.518633]",
2698,"[4.915469,0.9906907,1.518633]",
2699,"[4.920508,0.9812098,1.518633]",
2700,"[4.926356,0.9685147,1.518633]",
2701,"[4.928681,0.962977,1.518633]",
2702,"[4.931927,0.9580991,1.518633]",
2703,"[4.93378,0.9557912,1.518633]",
2704,"[4.936117,0.9542179,1.518633]",
2705,"[4.939493,0.9532558,1.518633]",
2706,"[4.941088,0.9539955,1.518633]",
2707,"[4.943435,0.9605479,1.518633]",
2708,"[4.945323,0.9624493,1.518633]",
2709,"[4.947821,0.9650366,1.518633]",
2710,"[4.949193,0.9656206,1.518633]",
2711,"[4.949417,0.9661796,1.518633]",
2712,"[4.949593,0.9661852,1.518633]",
2713,"[4.949543,0.9659188,1.518633]",
2714,"[4.937438,1.015817,1.551558]",
2715,"[4.919497,1.110813,1.616795]",
2716,"[4.918242,1.09483,1.602733]",
2717,"[4.916608,1.091041,1.598656]",
2718,"[4.915107,1.088753,1.595972]",
2719,"[4.910888,1.091029,1.595225]",
2720,"[4.908945,1.091722,1.594579]",
2721,"[4.905862,1.092613,1.592155]",
2722,"[4.905862,1.092613,1.592155]",
2723,"[4.904307,1.092673,1.590556]",
2724,"[4.901974,1.093286,1.588639]",
2725,"[4.898782,1.097894,1.589072]",
2726,"[4.89702,1.101826,1.59034]",
2727,"[4.895839,1.104238,1.590779]",
2728,"[4.896755,1.105468,1.590772]",
2729,"[4.897432,1.108218,1.591691]",
2730,"[4.897973,1.108224,1.591265]",
2731,"[4.89831,1.109361,1.5915]",
2732,"[4.899251,1.111046,1.591383]",
2733,"[4.900153,1.111902,1.590976]",
2734,"[4.902895,1.111305,1.588275]",
2735,"[4.907103,1.117916,1.581787]",
2736,"[4.909733,1.123488,1.57575]",
2737,"[4.911214,1.135195,1.562188]",
2738,"[4.909775,1.145062,1.555029]",
2739,"[4.908035,1.14978,1.554854]",
2740,"[4.905678,1.155816,1.557315]",
2741,"[4.900262,1.167178,1.564069]",
2742,"[4.898165,1.170719,1.565966]",
2743,"[4.895336,1.174623,1.566863]",
2744,"[4.894171,1.175779,1.566654]",
2745,"[5.017735,0.7816927,1.193064]",
2746,"[5.053344,0.6716139,1.086055]",
2747,"[5.054008,0.6732954,1.086263]",
2748,"[5.057063,0.6810169,1.08722]",
2749,"[5.059809,0.6884343,1.088081]",
2750,"[5.070786,0.7139238,1.091521]",
2751,"[5.079517,0.7321275,1.094257]",
2752,"[4.92251,1.248116,1.592622]",
2753,"[4.928872,1.25459,1.593326]",
2754,"[4.98422,1.309616,1.617659]",
2755,"[4.998546,1.31881,1.619984]",
2756,"[5.007403,1.324285,1.621826]",
2757,"[5.025906,1.331039,1.621234]",
2758,"[5.03613,1.334275,1.620695]",
2759,"[5.05274,1.334424,1.61521]",
2760,"[5.061856,1.335548,1.614052]",
2761,"[5.068273,1.33533,1.612442]",
2762,"[5.075855,1.334231,1.611942]",
2763,"[5.08228,1.334106,1.611863]",
2764,"[5.095813,1.32815,1.606281]",
2765,"[5.105564,1.326298,1.604181]",
2766,"[5.121174,1.319338,1.598308]",
2767,"[5.125182,1.315142,1.595117]",
2768,"[5.135517,1.30783,1.591481]",
2769,"[5.139815,1.303601,1.588856]",
2770,"[5.146788,1.301809,1.589714]",
2771,"[5.156133,1.297695,1.588269]",
2772,"[5.158845,1.294996,1.586258]",
2773,"[5.170665,1.293924,1.58658]",
2774,"[5.173051,1.291639,1.583317]",
2775,"[5.17784,1.28733,1.576533]",
2776,"[5.180152,1.285556,1.573233]",
2777,"[5.673028,0.9005975,1.103794]",
2778,"[5.673586,0.9005975,1.09341]",
2779,"[5.664687,0.9005975,1.088956]",
2780,"[5.636451,0.9005975,1.089926]",
2781,"[5.61815,0.9005975,1.094384]",
2782,"[5.593125,0.9005975,1.103252]",
2783,"[5.587552,0.9005975,1.105422]",
2784,"[5.583684,0.9005975,1.10585]",
2785,"[5.57756,0.9005975,1.105438]",
2786,"[5.575687,0.9005975,1.104642]",
2787,"[5.573495,0.9005975,1.101953]",
2788,"[5.57283,0.9005975,1.099911]",
2789,"[5.571752,0.9005975,1.096126]",
2790,"[5.571252,0.9005975,1.094813]",
2791,"[5.569978,0.9005975,1.092187]",
2792,"[5.568727,0.9005975,1.090374]",
2793,"[5.567631,0.9005975,1.088128]",
2794,"[5.565061,0.9005975,1.083432]",
2795,"[5.56343,0.9005975,1.080246]",
2796,"[5.560831,0.9005975,1.071275]",
2797,"[5.564726,0.9005975,1.051362]",
2798,"[5.566399,0.9005975,1.024523]",
2799,"[5.567255,0.9005975,1.009717]",
2800,"[5.565309,0.9005975,0.9907109]",
2801,"[5.563037,0.9005975,0.983322]",
2802,"[5.55947,0.9005975,0.9770686]",
2803,"[5.496018,0.9594858,1.048156]",
2804,"[5.49333,0.9607009,1.048156]",
2805,"[5.487752,0.9630903,1.048156]",
2806,"[5.484905,0.9642596,1.048156]",
2807,"[5.480618,0.9661829,1.048156]",
2808,"[5.479395,0.9667736,1.048156]",
2809,"[5.479508,0.9667575,1.048156]",
2810,"[5.478294,0.9666644,1.048156]",
2811,"[5.480161,0.9644889,1.048156]",
2812,"[5.483377,0.9560104,1.048156]",
2813,"[5.484256,0.9493124,1.048156]",
2814,"[5.487447,0.9283835,1.048156]",
2815,"[5.48411,0.9168577,1.048156]",
2816,"[5.463078,0.9005975,1.056915]",
2817,"[5.300657,0.9005975,1.082237]",
2818,"[5.291712,0.8635156,1.041812]",
2819,"[5.010207,1.245345,1.518632]",
2820,"[4.999897,1.244991,1.518632]",
2821,"[4.951612,1.229415,1.518632]",
2822,"[4.941604,1.228001,1.518632]",
2823,"[4.926437,1.227014,1.518632]",
2824,"[4.923197,1.227748,1.518632]",
2825,"[4.920039,1.228267,1.518632]",
2826,"[4.920214,1.227757,1.518632]",
2827,"[4.92338,1.227815,1.518632]",
2828,"[4.925917,1.228187,1.518632]",
2829,"[4.929474,1.229904,1.518632]",
2830,"[4.927749,1.289629,1.577576]",
2831,"[4.931777,1.282752,1.56916]",
2832,"[4.931636,1.291808,1.577892]",
2833,"[4.93303,1.295704,1.58154]",
2834,"[4.934668,1.297066,1.582825]",
2835,"[4.93647,1.300894,1.586307]",
2836,"[4.93745,1.302971,1.587946]",
2837,"[4.93763,1.305916,1.590528]",
2838,"[4.938902,1.311729,1.596004]",
2839,"[4.939219,1.315096,1.599215]",
2840,"[4.939731,1.31986,1.603564]",
2841,"[4.940089,1.321105,1.604629]",
2842,"[4.940809,1.32265,1.605777]",
2843,"[4.941325,1.323436,1.606227]",
2844,"[4.942641,1.325672,1.607528]",
2845,"[4.944067,1.326201,1.607358]",
2846,"[4.948965,1.324209,1.603765]",
2847,"[4.953803,1.323476,1.602609]",
2848,"[4.958502,1.322531,1.6016]",
2849,"[5.028213,1.354967,1.626768]",
2850,"[5.033467,1.353532,1.625671]",
2851,"[5.087665,1.37527,1.645937]",
2852,"[5.096317,1.374539,1.646601]",
2853,"[5.126763,1.372365,1.656608]",
2854,"[5.139259,1.369138,1.658135]",
2855,"[5.161952,1.360338,1.655251]",
2856,"[5.173558,1.355821,1.653461]",
2857,"[5.184884,1.35192,1.652407]",
2858,"[5.202296,1.345377,1.649978]",
2859,"[5.207553,1.341444,1.646349]",
2860,"[5.224276,1.335004,1.643735]",
2861,"[5.229134,1.331484,1.639998]",
2862,"[5.240746,1.326029,1.63441]",
2863,"[5.244985,1.323199,1.630712]",
2864,"[5.248798,1.320289,1.626202]",
2865,"[5.256993,1.315068,1.618999]",
2866,"[5.260782,1.313006,1.615443]",
2867,"[5.271036,1.308524,1.609662]",
2868,"[5.274804,1.306249,1.606312]",
2869,"[5.284635,1.302313,1.600131]",
2870,"[5.290235,1.301648,1.59855]",
2871,"[5.292552,1.301371,1.59411]",
2872,"[5.29674,1.301342,1.58767]",
2873,"[5.2999,1.302365,1.586325]",
2874,"[5.804594,0.9005975,1.122533]",
2875,"[5.807313,0.9005975,1.117029]",
2876,"[5.813643,0.9005975,1.106456]",
2877,"[5.821763,0.9005975,1.093262]",
2878,"[5.828496,0.9005975,1.083045]",
2879,"[5.839003,0.9005975,1.065143]",
2880,"[5.843865,0.9005975,1.05574]",
2881,"[5.849754,0.9005975,1.042493]",
2882,"[5.851625,0.9005975,1.037875]",
2883,"[5.852096,0.9005975,1.031357]",
2884,"[5.851588,0.9005975,1.028336]",
2885,"[5.851219,0.9005975,1.023024]",
2886,"[5.85118,0.9005975,1.02043]",
2887,"[5.85125,0.9005975,1.015273]",
2888,"[5.851199,0.9005975,1.011564]",
2889,"[5.850149,0.9005975,1.008667]",
2890,"[5.844541,0.9005975,1.000755]",
2891,"[5.836862,0.9005975,0.9955717]",
2892,"[5.807031,0.9005975,0.9912031]",
2893,"[5.782447,0.9005975,0.991997]",
2894,"[5.73066,0.9005975,0.9963682]",
2895,"[5.69474,0.9005975,0.9999998]",
2896,"[5.658548,0.9005975,0.9999528]",
2897,"[5.427761,0.9678997,1.048156]",
2898,"[5.38042,0.97295,1.048156]",
2899,"[5.216774,0.9264053,0.9110889]",
2900,"[5.182424,0.9276247,0.902316]",
2901,"[5.036377,1.3182,1.494456]",
2902,"[5.026894,1.3182,1.491674]",
2903,"[4.998504,1.3182,1.503034]",
2904,"[4.976068,1.3182,1.517606]",
2905,"[4.968503,1.314947,1.518631]",
2906,"[4.967049,1.299278,1.518631]",
2907,"[4.966017,1.295904,1.518631]",
2908,"[4.968485,1.289738,1.518631]",
2909,"[4.973602,1.288001,1.518631]",
2910,"[4.976854,1.287171,1.518631]",
2911,"[4.978378,1.287382,1.518631]",
2912,"[4.979131,1.287742,1.518631]",
2913,"[4.983389,1.288931,1.518631]",
2914,"[4.985168,1.289471,1.518631]",
2915,"[4.98646,1.323798,1.554651]",
2916,"[4.986942,1.324379,1.554714]",
2917,"[4.988383,1.307274,1.535411]",
2918,"[4.988615,1.313539,1.541548]",
2919,"[4.988484,1.330328,1.55876]",
2920,"[4.987947,1.346107,1.574153]",
2921,"[4.987923,1.348292,1.576337]",
2922,"[4.988356,1.344845,1.572803]",
2923,"[4.988427,1.343984,1.571953]",
2924,"[4.983382,1.346045,1.571543]",
2925,"[4.980479,1.347742,1.572136]",
2926,"[4.980164,1.349054,1.573776]",
2927,"[4.974055,1.353367,1.575702]",
2928,"[4.970812,1.354985,1.575855]",
2929,"[4.967435,1.356493,1.575946]",
2930,"[4.96348,1.356647,1.574526]",
2931,"[4.954005,1.360219,1.574426]",
2932,"[4.948972,1.364165,1.576368]",
2933,"[4.93589,1.375826,1.582419]",
2934,"[4.927399,1.383576,1.586242]",
2935,"[4.918344,1.395231,1.593832]",
2936,"[4.872664,1.436399,1.611527]",
2937,"[4.861178,1.451884,1.622607]",
2938,"[4.813463,1.487078,1.636073]",
2939,"[4.793787,1.499009,1.636384]",
2940,"[4.763393,1.508852,1.631319]",
2941,"[4.748731,1.515456,1.631447]",
2942,"[4.721182,1.526668,1.629623]",
2943,"[4.705029,1.531697,1.626747]",
2944,"[4.689841,1.535247,1.622619]",
2945,"[4.663209,1.541813,1.615378]",
2946,"[4.649868,1.545074,1.611874]",
2947,"[4.614448,1.517684,1.557523]",
2948,"[4.605597,1.524797,1.562503]",
2949,"[4.557575,1.471417,1.467823]",
2950,"[4.549872,1.474676,1.469656]",
2951,"[4.545268,1.465914,1.454835]",
2952,"[4.536515,1.467322,1.452701]",
2953,"[4.525215,1.465302,1.444643]",
2954,"[4.511586,1.499792,1.462368]",
2955,"[4.511992,1.523356,1.487075]",
2956,"[4.491496,1.525829,1.468143]",
2957,"[4.489102,1.523431,1.460034]",
2958,"[4.479924,1.522224,1.451766]",
2959,"[4.476402,1.516676,1.438511]",
2960,"[4.468949,1.515746,1.433224]",
2961,"[4.461673,1.512924,1.424076]",
2962,"[4.460426,1.511118,1.420159]",
2963,"[4.449288,1.51022,1.413193]",
2964,"[4.444309,1.510177,1.410328]",
2965,"[4.439217,1.509274,1.405365]",
2966,"[4.436131,1.509574,1.403765]",
2967,"[4.435591,1.508725,1.401897]",
2968,"[4.432061,1.506997,1.39805]",
2969,"[4.42904,1.506446,1.396246]",
2970,"[4.423594,1.504946,1.3921]",
2971,"[4.421137,1.504333,1.390708]",
2972,"[4.415955,1.50272,1.387986]",
2973,"[4.413187,1.502095,1.386995]",
2974,"[4.410388,1.501354,1.385899]",
2975,"[4.404321,1.500357,1.384606]",
2976,"[4.400537,1.499696,1.384562]",
2977,"[4.393691,1.500376,1.383608]",
2978,"[4.391391,1.500058,1.383097]",
2979,"[4.389082,1.499452,1.380854]",
2980,"[4.387737,1.499896,1.379295]",
2981,"[4.386277,1.500088,1.377477]",
2982,"[4.383118,1.500545,1.372318]",
2983,"[4.381742,1.501449,1.369677]",
2984,"[4.378178,1.519703,1.358478]",
2985,"[4.377236,1.529692,1.352119]",
2986,"[4.376265,1.542692,1.339141]",
2987,"[4.377416,1.547523,1.332457]",
2988,"[4.378987,1.551741,1.324373]",
2989,"[4.381577,1.557554,1.307161]",
2990,"[4.382604,1.558235,1.293437]",
2991,"[4.385364,1.555974,1.265561]",
2992,"[4.383733,1.549749,1.245107]",
2993,"[4.379904,1.538009,1.209624]",
2994,"[4.376947,1.530783,1.18998]",
2995,"[4.373784,1.520519,1.164786]",
2996,"[4.372922,1.517771,1.16097]",
2997,"[4.370836,1.518281,1.161077]",
2998,"[4.368125,1.521331,1.165728]",
2999,"[4.36754,1.524664,1.170381]",
3000,"[4.366138,1.530048,1.175785]",
3001,"[4.365527,1.532743,1.177212]",
3002,"[4.365718,1.536962,1.178306]",
3003,"[4.221587,1.217752,0.3340316]",
3004,"[4.220922,1.218309,0.3340316]",
3005,"[4.219986,1.218593,0.3340316]",
3006,"[4.217649,1.217657,0.3340316]",
3007,"[4.214526,1.216493,0.3340316]",
3008,"[4.212447,1.216277,0.3340316]",
3009,"[4.209332,1.217301,0.3340316]",
3010,"[4.208077,1.218235,0.3340316]",
3011,"[4.208254,1.221018,0.3340316]",
3012,"[4.208427,1.222622,0.3340316]",
3013,"[4.209208,1.224295,0.3340316]",
3014,"[4.210953,1.226278,0.3340316]",
3015,"[4.212296,1.227533,0.3340316]",
3016,"[4.220112,1.227615,0.3340316]",
3017,"[4.230481,1.226635,0.3340316]",
3018,"[4.261701,1.220221,0.3340316]",
3019,"[4.329406,1.1982,0.3340316]",
3020,"[4.707849,1.220598,0.7923639]",
3021,"[4.722991,1.220598,0.8173078]",
3022,"[4.774314,1.3182,1.180433]",
3023,"[4.792922,1.3182,1.234435]",
3024,"[4.809161,1.3182,1.302594]",
3025,"[4.824464,1.3182,1.361862]",
3026,"[4.83182,1.3182,1.387521]",
3027,"[4.842067,1.3182,1.416487]",
3028,"[4.846703,1.3182,1.425422]",
3029,"[4.854035,1.3182,1.435551]",
3030,"[4.851993,1.3182,1.430562]",
3031,"[4.851425,1.3182,1.42986]",
3032,"[4.848943,1.3182,1.4308]",
3033,"[4.84864,1.3182,1.437539]",
3034,"[4.825149,1.3182,1.462835]",
3035,"[4.778327,1.287776,1.518631]",
3036,"[4.789816,1.238485,1.518631]",
3037,"[4.791564,1.218796,1.518631]",
3038,"[4.794343,1.203767,1.518631]",
3039,"[4.788223,1.194648,1.518631]",
3040,"[4.790995,1.183303,1.518631]",
3041,"[4.784318,1.183499,1.518631]",
3042,"[4.781344,1.185181,1.518631]",
3043,"[4.778719,1.185038,1.518631]",
3044,"[4.774894,1.186589,1.518631]",
3045,"[4.772806,1.186592,1.518631]",
3046,"[4.771761,1.187193,1.518631]",
3047,"[4.775566,1.181506,1.518631]",
3048,"[4.78289,1.169872,1.518631]",
3049,"[4.831445,1.099193,1.518631]",
3050,"[4.866684,1.047678,1.518631]",
3051,"[4.877933,1.03172,1.518631]",
3052,"[4.890232,1.015397,1.518631]",
3053,"[4.894276,1.010805,1.518631]",
3054,"[4.897656,1.007652,1.518631]",
3055,"[4.896387,1.012856,1.518631]",
3056,"[4.894824,1.017732,1.518631]",
3057,"[4.889947,1.030582,1.518631]",
3058,"[4.88555,1.040177,1.518631]",
3059,"[4.874678,1.061408,1.518631]",
3060,"[4.867422,1.075312,1.518631]",
3061,"[4.860246,1.087713,1.518631]",
3062,"[4.842684,1.115098,1.518631]",
3063,"[4.830933,1.130817,1.518631]",
3064,"[4.800942,1.167255,1.518631]",
3065,"[4.783162,1.188005,1.518631]",
3066,"[4.740628,0.9346485,1.177937]",
3067,"[4.539733,1.363375,1.292152]",
3068,"[4.496195,1.363375,1.255353]",
3069,"[4.466578,1.363375,1.234018]",
3070,"[4.438382,1.363375,1.215892]",
3071,"[4.16946,0.9535081,0.3340316]",
3072,"[3.55835,0.8696138,0.05000046]",
3073,"[3.454604,0.882006,0.05000034]",
3074,"[3.37532,0.8255104,0.05000035]",
3075,"[3.318962,0.7932842,0.05000035]",
3076,"[3.551087,0.9558465,0.4073793]",
3077,"[3.564104,0.9619835,0.439643]",
3078,"[3.625981,0.9565361,0.4900163]",
3079,"[3.663845,0.9451239,0.5012984]",
3080,"[3.691437,0.9365788,0.5125669]",
3081,"[3.475848,0.656513,0.05000046]",
3082,"[3.499951,0.6510214,0.05000034]",
3083,"[3.857452,0.9872764,0.6273036]",
3084,"[3.910021,0.9980045,0.651729]",
3085,"[3.946247,0.9980045,0.656814]",
3086,"[3.956996,0.9980045,0.6580631]",
3087,"[3.975424,0.9980045,0.6624412]",
3088,"[3.98301,0.9980045,0.6648764]",
3089,"[3.996153,0.9980045,0.6675721]",
3090,"[3.998514,0.9980045,0.6683525]",
3091,"[4.005717,0.9980045,0.670584]",
3092,"[4.010561,0.9980045,0.6723222]",
3093,"[4.013096,0.9980045,0.6738568]",
3094,"[4.020365,0.9980045,0.6804841]",
3095,"[4.023618,0.9980045,0.6848212]",
3096,"[4.02728,0.9980045,0.6925128]",
3097,"[4.026858,0.9980045,0.6968763]",
3098,"[4.01745,0.9980045,0.7069186]",
3099,"[3.582583,0.9619834,0.5738517]",
3100,"[3.550492,0.9619834,0.5710317]",
3101,"[3.383572,0.9619834,0.5317773]",
3102,"[3.335637,0.9619834,0.5251678]",
3103,"[3.116134,0.8557283,0.3416395]",
3104,"[3.105583,0.8557283,0.3391101]",
3105,"[3.085033,0.8557283,0.3370045]",
3106,"[3.075424,0.8557283,0.3363075]",
3107,"[3.061862,0.8557283,0.3361676]",
3108,"[3.059484,0.8557283,0.3317719]",
3109,"[3.063939,0.8557283,0.3339739]",
3110,"[3.073076,0.8557283,0.3393422]",
3111,"[3.076538,0.8557283,0.3417803]",
3112,"[3.08622,0.8557283,0.344493]",
3113,"[3.08992,0.8557283,0.3449793]",
3114,"[3.099782,0.8557283,0.3446294]",
3115,"[3.107264,0.8557283,0.343971]",
3116,"[3.115796,0.8557283,0.3401772]",
3117,"[3.136361,0.8557283,0.3341857]",
3118,"[3.145234,0.8557283,0.3309221]",
3119,"[3.288276,0.9604322,0.4930353]",
3120,"[3.29416,0.9619834,0.4913443]",
3121,"[3.311972,0.9619834,0.4793616]",
3122,"[3.322588,0.9619834,0.4742896]",
3123,"[3.329266,0.9619834,0.4686185]",
3124,"[3.342242,0.9619834,0.4557516]",
3125,"[3.349541,0.9619834,0.4484754]",
3126,"[3.376145,0.9619834,0.4383869]",
3127,"[3.384758,0.9619834,0.4340647]",
3128,"[3.404427,0.9619834,0.4370549]",
3129,"[3.411584,0.9619834,0.4371668]",
3130,"[3.417377,0.9619834,0.4369193]",
3131,"[3.426955,0.9619834,0.4370446]",
3132,"[3.431069,0.9619834,0.43725]",
3133,"[3.438734,0.9619834,0.4439944]",
3134,"[3.441058,0.9619834,0.4468888]",
3135,"[3.44518,0.9619834,0.4519328]",
3136,"[3.447321,0.9619834,0.4548965]",
3137,"[3.450262,0.9619835,0.4587558]",
3138,"[3.451131,0.9619835,0.4597626]",
3139,"[3.437165,0.9619834,0.4622771]",
3140,"[3.421716,0.9619835,0.4630843]",
3141,"[3.416226,0.9619834,0.4613886]",
3142,"[3.407417,0.9619835,0.455768]",
3143,"[3.403391,0.9619834,0.4533227]",
3144,"[3.381857,0.9619834,0.4367845]",
3145,"[3.376359,0.9619834,0.4343689]",
3146,"[3.374278,0.9619835,0.4347768]",
3147,"[3.372927,0.9619834,0.4421636]",
3148,"[3.373173,0.9619834,0.4478316]",
3149,"[3.373937,0.9619834,0.454369]",
3150,"[3.373097,0.9619834,0.4534931]",
3151,"[3.370867,0.9619834,0.4507653]",
3152,"[3.370557,0.9619834,0.4511074]",
3153,"[3.373037,0.9619834,0.459406]",
3154,"[3.378288,0.9619834,0.4763444]",
3155,"[3.383368,0.9619834,0.4929194]",
3156,"[3.392854,0.9619835,0.5229587]",
3157,"[3.395307,0.9619834,0.5326867]",
3158,"[3.397797,0.9619834,0.5402265]",
3159,"[3.397672,0.9619834,0.5401501]",
3160,"[3.394168,0.9619835,0.5370275]",
3161,"[3.393758,0.9619835,0.5362335]",
3162,"[3.393353,0.9619834,0.5355062]",
3163,"[3.392261,0.9619835,0.529958]",
3164,"[3.392105,0.9619834,0.5266095]",
3165,"[3.392078,0.9619835,0.5211969]",
3166,"[3.393301,0.9619834,0.5190626]",
3167,"[3.396722,0.9619834,0.5175413]",
3168,"[3.399354,0.9619835,0.5178076]",
3169,"[3.406483,0.9619834,0.5190092]",
3170,"[3.410705,0.9619834,0.5193239]",
3171,"[3.414673,0.9619834,0.5188026]",
3172,"[3.421371,0.9619834,0.5144452]",
3173,"[3.424538,0.9619834,0.5118248]",
3174,"[3.430297,0.9619834,0.508698]",
3175,"[3.432422,0.9619834,0.5082402]",
3176,"[3.435211,0.9619834,0.5079113]",
3177,"[3.436253,0.9619834,0.5072418]",
3178,"[3.436884,0.9619834,0.5064341]",
3179,"[3.43687,0.9619834,0.5024396]",
3180,"[3.436193,0.9619834,0.4998033]",
3181,"[3.433789,0.9619834,0.4944967]",
3182,"[3.431811,0.9619834,0.4901554]",
3183,"[3.428567,0.9619834,0.4843419]",
3184,"[3.42714,0.9619834,0.4808041]",
3185,"[3.425697,0.9619834,0.4774748]",
3186,"[3.424896,0.9619834,0.4742898]",
3187,"[3.424556,0.9619834,0.4721301]",
3188,"[3.42485,0.9619834,0.4673894]",
3189,"[3.425661,0.9619834,0.4666176]",
3190,"[3.427642,0.9619834,0.4660796]",
3191,"[3.428741,0.9619834,0.4662015]",
3192,"[3.429823,0.9619834,0.466473]",
3193,"[3.431506,0.9619834,0.4670013]",
3194,"[3.432355,0.9619834,0.4671993]",
3195,"[3.432802,0.9619834,0.467645]",
3196,"[3.432851,0.9619834,0.4677362]",
3197,"[3.432611,0.9619834,0.4676301]",
3198,"[3.432377,0.9619834,0.4675025]",
3199,"[3.431537,0.9619834,0.4672398]",
3200,"[3.430973,0.9619834,0.4670057]",
3201,"[3.430561,0.9619834,0.4668931]",
3202,"[3.42994,0.9619834,0.4667619]",
3203,"[3.429851,0.9619834,0.4670124]",
3204,"[3.430061,0.9619834,0.4681284]",
3205,"[3.430415,0.9619834,0.469129]",
3206,"[3.431446,0.9619834,0.4714665]",
3207,"[3.432163,0.9619834,0.472836]",
3208,"[3.43333,0.9619834,0.4744328]",
3209,"[3.433861,0.9619834,0.4746517]",
3210,"[3.434365,0.9619834,0.4747974]",
3211,"[3.435377,0.9619834,0.4749822]",
3212,"[3.435893,0.9619834,0.4751035]",
3213,"[3.436298,0.9619834,0.4757592]",
3214,"[3.436687,0.9619834,0.4765897]",
3215,"[3.437446,0.9619834,0.4783949]",
3216,"[3.437782,0.9619834,0.4791743]",
3217,"[3.438111,0.9619834,0.4799371]",
3218,"[3.438439,0.9619834,0.4814442]",
3219,"[3.438582,0.9619834,0.4820419]",
3220,"[3.438709,0.9619834,0.4824216]",
3221,"[3.438487,0.9619834,0.4826164]",
3222,"[3.43794,0.9619834,0.4828288]",
3223,"[3.437585,0.9619834,0.4827438]",
3224,"[3.437287,0.9619834,0.4825161]",
3225,"[3.436655,0.9619834,0.4818558]",
3226,"[3.436518,0.9619834,0.4816037]",
3227,"[3.436334,0.9619834,0.4811653]",
3228,"[3.436078,0.9619834,0.4808729]",
3229,"[3.435263,0.9619834,0.4806463]",
3230,"[3.434455,0.9619834,0.4806114]",
3231,"[3.431995,0.9619834,0.4804013]",
3232,"[3.430036,0.9619834,0.4801125]",
3233,"[3.427829,0.9619834,0.4796488]",
3234,"[3.42118,0.9619834,0.4774033]",
3235,"[3.41703,0.9619834,0.4757116]",
3236,"[3.407772,0.9619834,0.4711838]",
3237,"[3.404711,0.9619834,0.4687692]",
3238,"[3.401264,0.9619834,0.465553]",
3239,"[3.400363,0.9619834,0.4643305]",
3240,"[3.399571,0.9619834,0.4631996]",
3241,"[3.398289,0.9619834,0.4612106]",
3242,"[3.398311,0.9619834,0.4600597]",
3243,"[3.398361,0.9619834,0.4575244]",
3244,"[3.398593,0.9619834,0.4564402]",
3245,"[3.399243,0.9619834,0.4538335]",
3246,"[3.399769,0.9619834,0.4523321]",
3247,"[3.399636,0.9619834,0.4511321]",
3248,"[3.399541,0.9619834,0.4505517]",
3249,"[3.39953,0.9619834,0.4502703]",
3250,"[3.39947,0.9619835,0.4498421]",
3251,"[3.399384,0.9619835,0.4501119]",
3252,"[3.398154,0.9619835,0.4501275]",
3253,"[3.397452,0.9619835,0.4496737]",
3254,"[3.395943,0.9619834,0.4482892]",
3255,"[3.394157,0.9619834,0.4456728]",
3256,"[3.392449,0.9619834,0.4430142]",
3257,"[3.38912,0.9619835,0.4376588]",
3258,"[3.387882,0.9619835,0.4356488]",
3259,"[3.386247,0.9619834,0.4328491]",
3260,"[3.386047,0.9619834,0.4327087]",
3261,"[3.385913,0.9619834,0.4328011]",
3262,"[3.385688,0.9619834,0.4331968]",
3263,"[3.385691,0.9619834,0.4346086]",
3264,"[3.385876,0.9619834,0.4355968]",
3265,"[3.386254,0.9619834,0.4370838]",
3266,"[3.387575,0.9619835,0.4414046]",
3267,"[3.388288,0.9619834,0.4445796]",
3268,"[3.390136,0.9619834,0.4512054]",
3269,"[3.390068,0.9619834,0.4521484]",
3270,"[3.39004,0.9619834,0.4534424]",
3271,"[3.390052,0.9619834,0.4540631]",
3272,"[3.390186,0.9619834,0.4544278]",
3273,"[3.390442,0.9619834,0.4550522]",
3274,"[3.390526,0.9619834,0.4551488]",
3275,"[3.3907,0.9619834,0.4551349]",
3276,"[3.390843,0.9619834,0.4549533]",
3277,"[3.391048,0.9619834,0.4541366]",
3278,"[3.391137,0.9619834,0.4534372]",
3279,"[3.391189,0.9619834,0.4528856]",
3280,"[3.391454,0.9619834,0.4517097]",
3281,"[3.39168,0.9619834,0.451155]",
3282,"[3.391898,0.9619835,0.451256]",
3283,"[3.391879,0.9619835,0.4516332]",
3284,"[3.391713,0.9619835,0.4524701]",
3285,"[3.391608,0.9619835,0.4528732]",
3286,"[3.391458,0.9619835,0.4535697]",
3287,"[3.391335,0.9619835,0.4538059]",
3288,"[3.391234,0.9619835,0.4540146]",
3289,"[3.391293,0.9619835,0.454173]",
3290,"[3.391391,0.9619835,0.4543562]",
3291,"[3.391318,0.9619835,0.4548295]",
3292,"[3.391417,0.9619835,0.4551924]",
3293,"[3.39184,0.9619835,0.4563482]",
3294,"[3.392135,0.9619835,0.4576145]",
3295,"[3.39262,0.9619835,0.4592968]",
3296,"[3.393862,0.9619835,0.4632128]",
3297,"[3.394502,0.9619835,0.4651626]",
3298,"[3.39567,0.9619835,0.4684663]",
3299,"[3.395828,0.9619835,0.4695679]",
3300,"[3.396476,0.9619835,0.4713795]",
3301,"[3.397044,0.9619835,0.4723486]",
3302,"[3.397538,0.9619835,0.4735252]",
3303,"[3.399736,0.9619835,0.4774014]",
3304,"[3.401714,0.9619835,0.4797705]",
3305,"[3.412824,0.9619835,0.4918702]",
3306,"[3.424627,0.9619835,0.5041596]",
3307,"[3.477036,0.9619835,0.5470278]",
3308,"[3.507606,0.9619835,0.5714898]",
3309,"[3.672852,0.2295815,0.05000021]",
3310,"[3.69928,0.2038585,0.05000033]",
3311,"[3.894739,0.6985916,0.6911662]",
3312,"[3.952597,0.8144361,0.8498594]",
3313,"[3.965477,0.8138059,0.8599696]",
3314,"[3.968027,0.8142375,0.8599696]",
3315,"[3.969112,0.8144361,0.8599338]",
3316,"[3.959333,0.8144361,0.8532072]",
3317,"[3.95113,0.8144361,0.8488084]",
3318,"[3.943671,0.8144361,0.8457593]",
3319,"[3.908461,0.8144361,0.8429871]",
3320,"[3.887483,0.8144361,0.8439841]",
3321,"[3.5721,0.6302102,0.7275185]",
3322,"[3.554777,0.6295752,0.7319397]",
3323,"[3.531159,0.6271638,0.7379343]",
3324,"[3.526992,0.6278861,0.7390168]",
3325,"[3.520364,0.6282352,0.7407212]",
3326,"[3.517665,0.6281556,0.7414104]",
3327,"[3.51604,0.6285647,0.7418354]",
3328,"[3.487763,0.5712385,0.6947774]",
3329,"[3.467676,0.5227112,0.6536554]",
3330,"[3.466613,0.5227112,0.6551296]",
3331,"[3.465813,0.522711,0.6556659]",
3332,"[3.464612,0.522711,0.6570636]",
3333,"[3.464534,0.522711,0.65758]",
3334,"[3.464545,0.522711,0.6571828]",
3335,"[3.464611,0.522711,0.6565053]",
3336,"[3.464369,0.522711,0.6561693]",
3337,"[3.462972,0.522711,0.653037]",
3338,"[3.462427,0.5227112,0.6502107]",
3339,"[3.462685,0.5227112,0.6441997]",
3340,"[3.462922,0.5227112,0.6416936]",
3341,"[3.469947,0.522711,0.6340667]",
3342,"[3.473779,0.522711,0.6308128]",
3343,"[3.477064,0.522711,0.6281891]",
3344,"[3.483329,0.5227112,0.6244419]",
3345,"[3.486498,0.5227112,0.622861]",
3346,"[3.493221,0.522711,0.6183991]",
3347,"[3.689666,0.9671878,0.8968112]",
3348,"[3.709841,0.9869776,0.867525]",
3349,"[3.71589,0.9920454,0.8599765]",
3350,"[3.723874,0.9975071,0.8505329]",
3351,"[3.727142,0.9994715,0.8469565]",
3352,"[3.729947,1.001402,0.8440878]",
3353,"[3.735571,1.005249,0.8395368]",
3354,"[3.737995,1.007035,0.8384829]",
3355,"[3.74324,1.009713,0.8363045]",
3356,"[3.746087,1.010443,0.8349575]",
3357,"[3.750894,1.011476,0.8331997]",
3358,"[3.75293,1.011805,0.8326178]",
3359,"[3.754826,1.012107,0.8321672]",
3360,"[3.759591,1.012373,0.8310705]",
3361,"[3.761481,1.012519,0.8307396]",
3362,"[3.765122,1.013162,0.8299991]",
3363,"[3.766877,1.013566,0.8295367]",
3364,"[3.767277,1.01602,0.8299061]",
3365,"[3.767661,1.017434,0.8299979]",
3366,"[3.768259,1.020757,0.8306769]",
3367,"[3.767497,1.0226,0.8313534]",
3368,"[3.766953,1.024319,0.8320572]",
3369,"[3.765814,1.027002,0.8332253]",
3370,"[3.765156,1.028389,0.8337559]",
3371,"[3.763877,1.033017,0.8370683]",
3372,"[3.762542,1.037006,0.8392593]",
3373,"[3.761132,1.045148,0.844887]",
3374,"[3.760859,1.049362,0.8482002]",
3375,"[3.760766,1.053266,0.8513674]",
3376,"[3.760589,1.058916,0.855893]",
3377,"[3.760675,1.061278,0.8579223]",
3378,"[3.762067,1.067593,0.8640496]",
3379,"[3.763471,1.072735,0.8693762]",
3380,"[3.767671,1.086887,0.8850549]",
3381,"[3.769241,1.091421,0.8894541]",
3382,"[3.770933,1.095238,0.8925875]",
3383,"[3.775864,1.104967,0.894341]",
3384,"[3.778494,1.106726,0.8868029]",
3385,"[3.630266,0.509603,0.05000057]",
3386,"[3.639061,0.5254064,0.05000057]",
3387,"[3.655061,0.5539398,0.05000057]",
3388,"[3.661907,0.5657375,0.05000045]",
3389,"[3.809723,1.159339,0.8786745]",
3390,"[3.813671,1.168382,0.8833023]",
3391,"[3.818104,1.177616,0.8859767]",
3392,"[3.824582,1.186948,0.8809868]",
3393,"[3.827513,1.190694,0.8789361]",
3394,"[3.831918,1.196249,0.876287]",
3395,"[3.833882,1.198597,0.8752025]",
3396,"[3.837076,1.202777,0.8736166]",
3397,"[3.838316,1.204415,0.8731951]",
3398,"[3.839597,1.20611,0.8726892]",
3399,"[3.841563,1.209111,0.8717305]",
3400,"[3.842448,1.210589,0.871114]",
3401,"[3.843681,1.212763,0.8700382]",
3402,"[3.844028,1.213312,0.8694847]",
3403,"[3.84446,1.211949,0.8664501]",
3404,"[3.844639,1.210202,0.8641949]",
3405,"[3.845178,1.204937,0.8602006]",
3406,"[3.845431,1.201013,0.8583502]",
3407,"[3.845455,1.195764,0.8557051]",
3408,"[3.843222,1.177221,0.8428138]",
3409,"[3.84116,1.164742,0.8350102]",
3410,"[3.834241,1.126765,0.8044837]",
3411,"[3.828486,1.111578,0.7938254]",
3412,"[3.818243,1.092964,0.7933592]",
3413,"[3.813246,1.0874,0.7978263]",
3414,"[3.807776,1.080734,0.8001337]",
3415,"[3.666111,0.526605,0.05000045]",
3416,"[3.753546,1.049678,0.872495]",
3417,"[3.497135,0.5227112,0.5672038]",
3418,"[3.486594,0.522711,0.6147517]",
3419,"[3.331301,0.2990339,0.5912067]",
3420,"[3.289147,0.2493312,0.6029561]",
3421,"[3.228871,0.1721751,0.6029561]",
3422,"[3.216533,0.1643906,0.6029561]",
3423,"[3.202034,0.1551592,0.6029561]",
3424,"[3.173154,0.1427345,0.6029561]",
3425,"[3.158745,0.1392946,0.6029561]",
3426,"[3.130203,0.1540166,0.6029561]",
3427,"[3.115146,0.1571332,0.6029561]",
3428,"[3.28655,0.5383958,0.8532871]",
3429,"[3.234229,0.600231,0.8398982]",
3430,"[3.194466,0.600231,0.8167795]",
3431,"[3.149819,0.600231,0.7951957]",
3432,"[3.131116,0.600231,0.7881941]",
3433,"[3.117203,0.600231,0.7778929]",
3434,"[3.113766,0.600231,0.7730256]",
3435,"[3.105222,0.600231,0.7645282]",
3436,"[3.101937,0.6002309,0.7606796]",
3437,"[3.097729,0.600231,0.7559801]",
3438,"[3.096887,0.600231,0.7455428]",
3439,"[3.102244,0.600231,0.7385199]",
3440,"[3.107502,0.600231,0.725134]",
3441,"[3.111452,0.600231,0.7165928]",
3442,"[3.117133,0.600231,0.7040811]",
3443,"[3.119591,0.600231,0.7007122]",
3444,"[3.126176,0.600231,0.6991777]",
3445,"[3.13101,0.600231,0.6997744]",
3446,"[3.138864,0.600231,0.7032225]",
3447,"[3.15478,0.600231,0.7179421]",
3448,"[3.164348,0.600231,0.7305775]",
3449,"[3.182924,0.6002309,0.7572705]",
3450,"[3.192994,0.600231,0.7723076]",
3451,"[3.240425,0.600231,0.8264614]",
3452,"[3.260386,0.600231,0.8500901]",
3453,"[3.277785,0.600231,0.869597]",
3454,"[3.286781,0.5898262,0.8788701]",
3455,"[3.286774,0.5687138,0.8780794]",
3456,"[3.286731,0.5668536,0.8732985]",
3457,"[3.286726,0.5478647,0.872733]",
3458,"[3.286716,0.5278165,0.8716444]",
3459,"[3.051954,0.2909622,0.6029561]",
3460,"[3.053564,0.2900256,0.6029561]",
3461,"[3.054631,0.287159,0.6029561]",
3462,"[3.054469,0.2861267,0.6029561]",
3463,"[3.05653,0.2876475,0.6029561]",
3464,"[3.05778,0.2905827,0.6029561]",
3465,"[3.057708,0.2927359,0.6029561]",
3466,"[3.058,0.2963706,0.6029561]",
3467,"[3.055924,0.3003902,0.6029561]",
3468,"[3.053933,0.3011104,0.6029561]",
3469,"[3.050869,0.300522,0.6029561]",
3470,"[3.288507,0.521736,1.069659]",
3471,"[3.289161,0.5323243,1.141941]",
3472,"[3.289512,0.5344528,1.180714]",
3473,"[3.28965,0.5332421,1.196]",
3474,"[3.289834,0.5254686,1.216372]",
3475,"[3.289958,0.5209768,1.230052]",
3476,"[3.018578,0.3677116,1.110072]",
3477,"[3.02833,0.3610432,1.152132]",
3478,"[3.010822,0.3471426,1.163253]",
3479,"[2.992552,0.333197,1.174858]",
3480,"[2.993407,0.3329571,1.179348]",
3481,"[2.99256,0.3329571,1.178585]",
3482,"[2.990543,0.3329571,1.178736]",
3483,"[2.994223,0.3389924,1.173797]",
3484,"[3.009609,0.3526666,1.164023]",
3485,"[3.017925,0.3588223,1.158741]",
3486,"[3.026136,0.3642762,1.153526]",
3487,"[3.028322,0.3653326,1.152137]",
3488,"[3.032177,0.3612924,1.149688]",
3489,"[3.032986,0.3584707,1.149174]",
3490,"[3.032165,0.3522292,1.149696]",
3491,"[3.031371,0.3477878,1.1502]",
3492,"[3.029297,0.3426617,1.151518]",
3493,"[3.030353,0.3329571,1.162517]",
3494,"[3.035124,0.3329571,1.169475]",
3495,"[3.042335,0.3329571,1.181174]",
3496,"[3.044906,0.3329571,1.186374]",
3497,"[3.04216,0.3329571,1.192187]",
3498,"[3.040266,0.3329571,1.196287]",
3499,"[3.015007,0.3329571,1.208343]",
3500,"[2.997936,0.3329571,1.208667]",
3501,"[2.98583,0.3329571,1.209444]",
3502,"[2.966238,0.3329571,1.212829]",
3503,"[2.954924,0.3329571,1.212329]",
3504,"[2.931927,0.3329571,1.215321]",
3505,"[2.917973,0.3329572,1.220091]",
3506,"[2.374258,0.1,1.097846]",
3507,"[2.362231,0.1,1.117347]",
3508,"[3.354412,0.5173576,1.451087]",
3509,"[3.36174,0.4294936,1.577653]",
3510,"[3.362867,0.4272313,1.583769]",
3511,"[3.353406,0.4122401,1.603614]",
3512,"[3.361219,0.412889,1.606593]",
3513,"[3.362209,0.4088219,1.613463]",
3514,"[3.353302,0.4013126,1.618254]",
3515,"[3.360996,0.4058217,1.619768]",
3516,"[3.362144,0.4073006,1.621383]",
3517,"[3.353295,0.4010991,1.625213]",
3518,"[3.361054,0.4080832,1.623365]",
3519,"[3.362235,0.4101008,1.621387]",
3520,"[3.353336,0.4057606,1.623223]",
3521,"[3.361166,0.4117887,1.619691]",
3522,"[3.362301,0.4114985,1.610785]",
3523,"[3.353334,0.4043241,1.610645]",
3524,"[3.361092,0.4082805,1.604205]",
3525,"[3.362184,0.4071862,1.598286]",
3526,"[3.353307,0.3998212,1.597746]",
3527,"[3.36101,0.4047936,1.594004]",
3528,"[3.362138,0.4054523,1.592926]",
3529,"[3.353301,0.3984895,1.592026]",
3530,"[3.361006,0.4044293,1.59062]",
3531,"[3.362205,0.4074832,1.592501]",
3532,"[3.353353,0.4053358,1.597803]",
3533,"[3.361294,0.4151774,1.600734]",
3534,"[3.363369,0.4450653,1.625928]",
3535,"[3.353649,0.4443661,1.634695]",
3536,"[3.362522,0.460891,1.642955]",
3537,"[3.364008,0.465925,1.647668]",
3538,"[3.353795,0.46398,1.656822]",
3539,"[3.362815,0.4721605,1.658934]",
3540,"[3.36427,0.4749029,1.663956]",
3541,"[3.353809,0.4672964,1.673385]",
3542,"[3.362798,0.4723384,1.671825]",
3543,"[3.364295,0.4767012,1.681537]",
3544,"[3.353827,0.4710401,1.689213]",
3545,"[3.362997,0.4810026,1.700052]",
3546,"[3.364493,0.4843473,1.708718]",
3547,"[2.810636,0.1125696,2.081021]",
3548,"[2.787155,0.1,2.121439]",
3549,"[2.764004,0.09999996,2.369366]",
3550,"[3.116022,0.3230369,2.172032]",
3551,"[3.131923,0.3253488,2.186075]",
3552,"[3.148929,0.327002,2.20112]",
3553,"[3.155867,0.3258617,2.207312]",
3554,"[3.153375,0.3113045,2.20554]",
3555,"[3.138033,0.2946064,2.192428]",
3556,"[3.12712,0.2850145,2.183032]",
3557,"[2.879314,0.1,2.313537]",
3558,"[2.859697,0.1,2.2698]",
3559,"[2.819019,0.1,2.154559]",
3560,"[2.82566,0.1186122,2.059605]",
3561,"[3.365959,0.5306116,1.732217]",
3562,"[3.354375,0.5192173,1.513707]",
3563,"[3.364649,0.527291,1.501934]",
3564,"[3.090402,0.3329571,1.036831]",
3565,"[3.082671,0.3161417,0.9603341]",
3566,"[3.242876,0.3035047,0.6029561]",
3567,"[3.40012,0.3888375,0.6609826]",
3568,"[3.541128,0.4748233,0.7349861]",
3569,"[3.617157,0.4764631,0.6365802]",
3570,"[3.684872,0.4534825,0.5441647]",
3571,"[3.713866,0.4361949,0.5031402]",
3572,"[3.708601,0.4215834,0.507126]",
3573,"[3.709853,0.4081702,0.5028822]",
3574,"[3.682243,0.3866601,0.5345364]",
3575,"[3.637305,0.3682812,0.5893017]",
3576,"[3.625699,0.3644341,0.603622]",
3577,"[3.586847,0.3607627,0.6533559]",
3578,"[3.572903,0.3603203,0.6713757]",
3579,"[3.551291,0.3605644,0.6994869]",
3580,"[3.524306,0.362115,0.734831]",
3581,"[3.51185,0.3581255,0.7389351]",
3582,"[3.465776,0.3138377,0.6917865]",
3583,"[3.446184,0.2949021,0.6741925]",
3584,"[3.433451,0.2870503,0.6753869]",
3585,"[3.331301,0.1575741,0.4880461]",
3586,"[3.331301,0.1614066,0.4988998]",
3587,"[3.331301,0.1641874,0.5067381]",
3588,"[3.331301,0.1673816,0.5140396]",
3589,"[3.331301,0.1716325,0.5221586]",
3590,"[3.331301,0.1731884,0.5243458]",
3591,"[3.331301,0.1758516,0.528486]",
3592,"[3.331301,0.1779316,0.5326352]",
3593,"[3.331301,0.1806214,0.5384992]",
3594,"[3.331301,0.1815457,0.5407797]",
3595,"[3.331301,0.1820932,0.5420859]",
3596,"[3.331301,0.1825173,0.5440984]",
3597,"[3.331301,0.1826624,0.5447924]",
3598,"[3.331301,0.1831238,0.5455576]",
3599,"[3.331301,0.1850925,0.548331]",
3600,"[3.331301,0.1898164,0.553928]",
3601,"[3.331301,0.1935087,0.5572444]",
3602,"[3.331301,0.2043341,0.5606967]",
3603,"[3.331301,0.2135326,0.5603379]",
3604,"[3.331301,0.2372801,0.518399]",
3605,"[3.530971,0.6465183,0.7383993]",
3606,"[3.535547,0.6673723,0.7374613]",
3607,"[3.542229,0.7066252,0.7343866]",
3608,"[3.544157,0.7248083,0.7321585]",
3609,"[3.546315,0.7522883,0.7289356]",
3610,"[3.544547,0.7652882,0.7198859]",
3611,"[3.524011,0.770111,0.664838]",
3612,"[3.524252,0.770111,0.6657847]",
3613,"[3.517269,0.770111,0.6497976]",
3614,"[3.531311,0.770111,0.6987642]",
3615,"[3.535171,0.770111,0.7156183]",
3616,"[3.532508,0.756387,0.7311599]",
3617,"[3.521135,0.7395006,0.7350639]",
3618,"[3.31745,0.5304743,0.6029561]",
3619,"[3.302086,0.5140345,0.6029561]",
3620,"[3.292603,0.5051402,0.6029561]",
3621,"[3.279987,0.4892397,0.6029561]",
3622,"[3.278318,0.4861951,0.6029561]",
3623,"[3.276964,0.4844974,0.6029561]",
3624,"[3.277014,0.4844796,0.6029561]",
3625,"[3.27835,0.486543,0.6029561]",
3626,"[3.280621,0.490875,0.6029561]",
3627,"[3.28599,0.5001053,0.6029561]",
3628,"[3.297647,0.5275069,0.6029561]",
3629,"[3.331301,0.6157557,0.5512538]",
3630,"[3.451072,0.8922256,0.6748608]",
3631,"[3.458771,0.9130358,0.6840093]",
3632,"[3.468462,0.9415276,0.694978]",
3633,"[3.471578,0.9538497,0.6962036]",
3634,"[3.463567,0.9619834,0.6760029]",
3635,"[3.432522,0.9619834,0.6034538]",
3636,"[3.424762,0.9619834,0.5841889]",
3637,"[3.437592,0.9619834,0.611208]",
3638,"[3.468127,0.9619834,0.681528]",
3639,"[3.48104,0.9476071,0.7052494]",
3640,"[3.482116,0.9383407,0.7061285]",
3641,"[3.468307,0.9057077,0.6905144]",
3642,"[3.438624,0.8689819,0.6615865]",
3643,"[3.415572,0.8407347,0.6387623]",
3644,"[3.218801,0.5598902,0.6029561]",
3645,"[3.20237,0.5354379,0.6029561]",
3646,"[3.133595,0.3385022,0.6029561]",
3647,"[3.119402,0.3051674,0.6029561]",
3648,"[3.095813,0.257142,0.6029561]",
3649,"[3.093297,0.2518765,0.6029561]",
3650,"[3.088945,0.2404664,0.6029561]",
3651,"[3.088549,0.2365763,0.6029561]",
3652,"[3.087231,0.2314343,0.6029561]",
3653,"[3.086483,0.2322377,0.6029561]",
3654,"[3.087137,0.2338749,0.6029561]",
3655,"[3.090939,0.2399779,0.6029561]",
3656,"[3.093485,0.2437309,0.6029561]",
3657,"[3.102822,0.2538793,0.6029561]",
3658,"[3.108579,0.2591521,0.6029561]",
3659,"[3.118708,0.271058,0.6029561]",
3660,"[3.12919,0.2813779,0.6029561]",
3661,"[3.136522,0.2884721,0.6029561]",
3662,"[3.148981,0.2997816,0.6029561]",
3663,"[3.154353,0.3042445,0.6029561]",
3664,"[3.165811,0.3116955,0.6029561]",
3665,"[3.169218,0.3132849,0.6029561]",
3666,"[3.171956,0.3150078,0.6029561]",
3667,"[3.175812,0.3178679,0.6029561]",
3668,"[3.17724,0.3192512,0.6029561]",
3669,"[3.178416,0.3214553,0.6029561]",
3670,"[3.17838,0.3222038,0.6029561]",
3671,"[3.178249,0.3241252,0.6029561]",
3672,"[3.178179,0.3251604,0.6029561]",
3673,"[3.177912,0.3262123,0.6029561]",
3674,"[3.177876,0.326333,0.6029561]",
3675,"[3.177724,0.3260224,0.6029561]",
3676,"[3.176083,0.3243374,0.6029561]",
3677,"[3.175329,0.323408,0.6029561]",
3678,"[3.175221,0.3234043,0.6029561]",
3679,"[3.175061,0.3235716,0.6029561]",
3680,"[3.174821,0.3244956,0.6029561]",
3681,"[3.174792,0.3253057,0.6029561]",
3682,"[3.174829,0.3260793,0.6029561]",
3683,"[3.174941,0.3274966,0.6029561]",
3684,"[3.174974,0.3279052,0.6029561]",
3685,"[3.175012,0.3284727,0.6029561]",
3686,"[3.174876,0.328259,0.6029561]",
3687,"[3.173736,0.3265359,0.6029561]",
3688,"[3.172729,0.324945,0.6029561]",
3689,"[3.171658,0.3230535,0.6029561]",
3690,"[3.169574,0.3187179,0.6029561]",
3691,"[3.169472,0.317014,0.6029561]",
3692,"[3.169889,0.3150998,0.6029561]",
3693,"[3.170352,0.314699,0.6029561]",
3694,"[3.17166,0.3140446,0.6029561]",
3695,"[3.17252,0.3138307,0.6029561]",
3696,"[3.174161,0.3154919,0.6029561]",
3697,"[3.174847,0.316436,0.6029561]",
3698,"[3.175493,0.3173746,0.6029561]",
3699,"[3.187388,0.3296867,0.6207516]",
3700,"[3.203251,0.3451071,0.6456243]",
3701,"[3.223389,0.3640235,0.67672]",
3702,"[3.223389,0.3640235,0.67672]",
3703,"[3.224714,0.3647879,0.6782213]",
3704,"[3.225511,0.3645122,0.6782308]",
3705,"[3.227058,0.3650703,0.6795821]",
3706,"[3.232616,0.3681482,0.6862401]",
3707,"[3.237172,0.3712716,0.6923369]",
3708,"[2.94811,0.1,0.2334852]",
3709,"[2.948018,0.1,0.2328207]",
3710,"[2.947532,0.09999996,0.2313316]",
3711,"[2.947087,0.1,0.2305451]",
3712,"[2.946188,0.1,0.2289172]",
3713,"[2.945533,0.1,0.2274022]",
3714,"[2.945012,0.1,0.2255915]",
3715,"[2.94462,0.1,0.2220234]",
3716,"[2.944141,0.1,0.2194698]",
3717,"[2.939843,0.1,0.2064253]",
3718,"[2.935782,0.1,0.1962011]",
3719,"[2.927778,0.1,0.1777866]",
3720,"[2.924081,0.1,0.1703804]",
3721,"[2.918246,0.1,0.1613563]",
3722,"[2.912693,0.1,0.1573243]",
3723,"[2.906743,0.1,0.1534358]",
3724,"[2.895566,0.1,0.1514026]",
3725,"[2.890368,0.1,0.1508822]",
3726,"[2.876313,0.1,0.14772]",
3727,"[2.867763,0.1,0.1424533]",
3728,"[2.844174,0.1,0.1322342]",
3729,"[2.823573,0.1,0.1259077]",
3730,"[2.810645,0.1,0.121825]",
3731,"[2.79601,0.1,0.1172432]",
3732,"[2.79155,0.1,0.1166595]",
3733,"[2.786534,0.1,0.1150701]",
3734,"[2.784925,0.1,0.1155989]",
3735,"[2.781874,0.1,0.11723]",
3736,"[2.779131,0.1,0.1183125]",
3737,"[2.773199,0.1,0.119895]",
3738,"[2.770436,0.1,0.1207747]",
3739,"[2.767638,0.1,0.1210663]",
3740,"[2.763495,0.1,0.1211288]",
3741,"[2.762076,0.1,0.121433]",
3742,"[2.760759,0.1,0.1232044]",
3743,"[2.760766,0.1,0.1247697]",
3744,"[2.761519,0.1,0.127819]",
3745,"[2.765408,0.1,0.139345]",
3746,"[2.766975,0.1,0.1460901]",
3747,"[2.772071,0.1,0.1681919]",
3748,"[2.774689,0.1,0.1821226]",
3749,"[2.779369,0.1,0.2145136]",
3750,"[2.781962,0.1,0.2346206]",
3751,"[2.789561,0.1,0.2685974]",
3752,"[2.793294,0.1,0.2870886]",
3753,"[2.79287,0.1,0.2982371]",
3754,"[2.79633,0.1,0.3193758]",
3755,"[2.801172,0.1,0.3306028]",
3756,"[3.00797,0.1,0.5019599]",
3757,"[3.043695,0.1,0.5342988]",
3758,"[3.350763,0.3688586,0.9193369]",
3759,"[3.361563,0.3616035,0.9198706]",
3760,"[3.373277,0.3501958,0.919831]",
3761,"[3.17141,0.1,0.6113728]",
3762,"[3.178796,0.1,0.615665]",
3763,"[3.18379,0.1,0.6165385]",
3764,"[3.186382,0.1,0.6183867]",
3765,"[3.069063,0.1,0.7147083]",
3766,"[3.034978,0.1,0.7435531]",
3767,"[3.018412,0.1,0.7583033]",
3768,"[3.103367,0.3329571,1.129211]",
3769,"[3.087274,0.3329571,1.146369]",
3770,"[3.068371,0.3329571,1.16998]",
3771,"[3.064613,0.3329571,1.175829]",
3772,"[3.061221,0.3329571,1.185372]",
3773,"[3.06086,0.3329571,1.18917]",
3774,"[3.063097,0.3329571,1.196256]",
3775,"[3.065543,0.3329571,1.199906]",
3776,"[3.071489,0.3329571,1.2048]",
3777,"[3.074499,0.3329571,1.207933]",
3778,"[3.076088,0.3329571,1.207891]",
3779,"[3.080432,0.3329571,1.20793]",
3780,"[3.082081,0.3329571,1.207433]",
3781,"[3.088639,0.3329571,1.205431]",
3782,"[3.092231,0.3329571,1.206228]",
3783,"[3.099957,0.3329571,1.202446]",
3784,"[3.104991,0.3329571,1.197682]",
3785,"[3.108317,0.3329571,1.194908]",
3786,"[3.112394,0.3329571,1.190957]",
3787,"[3.113876,0.3329571,1.189127]",
3788,"[3.114413,0.3329571,1.186058]",
3789,"[3.093093,0.3329571,1.183599]",
3790,"[3.07168,0.3329571,1.182587]",
3791,"[3.065235,0.3329571,1.182998]",
3792,"[3.056943,0.3329571,1.183969]",
3793,"[3.053786,0.3329571,1.18448]",
3794,"[3.051217,0.3329571,1.185043]",
3795,"[3.04719,0.3329571,1.185507]",
3796,"[3.045848,0.3329571,1.185546]",
3797,"[3.041646,0.3329571,1.184793]",
3798,"[3.039133,0.3329571,1.184134]",
3799,"[3.03695,0.3329571,1.183601]",
3800,"[3.033574,0.3329571,1.182747]",
3801,"[3.032295,0.3329571,1.182209]",
3802,"[3.029958,0.3329571,1.180764]",
3803,"[3.028848,0.3329571,1.179899]",
3804,"[3.027404,0.3329571,1.178696]",
3805,"[3.026922,0.3329571,1.178125]",
3806,"[3.026697,0.3329571,1.176643]",
3807,"[3.026722,0.3329571,1.175915]",
3808,"[3.027147,0.3329571,1.175056]",
3809,"[3.027493,0.3329571,1.174836]",
3810,"[3.027809,0.3329571,1.17466]",
3811,"[3.028333,0.3329571,1.174511]",
3812,"[3.028612,0.3329571,1.174495]",
3813,"[3.028609,0.3329571,1.174814]",
3814,"[3.028867,0.3329571,1.174805]",
3815,"[3.029877,0.3329571,1.174934]",
3816,"[3.029955,0.3329571,1.174819]",
3817,"[3.03003,0.3329571,1.174662]",
3818,"[3.030373,0.3329571,1.173902]",
3819,"[3.030455,0.3329571,1.17334]",
3820,"[3.030606,0.3329571,1.172662]",
3821,"[3.030929,0.3329571,1.172496]",
3822,"[3.031636,0.3329571,1.172712]",
3823,"[3.032114,0.3329571,1.173203]",
3824,"[3.032928,0.3329571,1.174645]",
3825,"[3.033108,0.3329571,1.175382]",
3826,"[3.033288,0.3329571,1.1763]",
3827,"[3.033231,0.3329571,1.177755]",
3828,"[3.033123,0.3329571,1.178573]",
3829,"[3.032732,0.3329571,1.17917]",
3830,"[3.032648,0.3329571,1.179262]",
3831,"[3.032551,0.3329571,1.179506]",
3832,"[3.032516,0.3329571,1.179654]",
3833,"[3.032777,0.3329571,1.179692]",
3834,"[3.033946,0.3329571,1.179714]",
3835,"[3.034442,0.3329571,1.179736]",
3836,"[3.035269,0.3329571,1.17947]",
3837,"[3.03576,0.3329571,1.179258]",
3838,"[3.03672,0.3329571,1.178938]",
3839,"[3.051264,0.3418534,1.186512]",
3840,"[3.080357,0.3600029,1.202098]",
3841,"[3.133689,0.3931595,1.230333]",
3842,"[3.137909,0.3955375,1.232059]",
3843,"[3.140668,0.3966318,1.232346]",
3844,"[3.142098,0.3973327,1.232387]",
3845,"[3.144202,0.3983879,1.232035]",
3846,"[3.144964,0.3988081,1.231745]",
3847,"[3.144964,0.3988081,1.231745]",
3848,"[3.145683,0.3990018,1.231609]",
3849,"[3.146606,0.3995035,1.231961]",
3850,"[3.148058,0.4003398,1.232545]",
3851,"[3.149199,0.4009985,1.233038]",
3852,"[3.150398,0.4016995,1.233419]",
3853,"[3.150838,0.4019363,1.233528]",
3854,"[3.151434,0.402201,1.233753]",
3855,"[3.152791,0.4029,1.234379]",
3856,"[3.156807,0.4053847,1.236618]",
3857,"[3.164197,0.409829,1.240726]",
3858,"[3.176143,0.417282,1.247359]",
3859,"[3.172319,0.4141797,1.244805]",
3860,"[3.171276,0.4131942,1.243997]",
3861,"[2.681486,0.1,0.9705943]",
3862,"[2.681486,0.1,0.9705943]",
3863,"[2.68285,0.1,0.9706696]",
3864,"[2.684079,0.1,0.9712698]",
3865,"[2.68483,0.1,0.9716121]",
3866,"[2.688367,0.1,0.9719559]",
3867,"[2.691809,0.1,0.9718035]",
3868,"[2.70259,0.1,0.9705551]",
3869,"[2.70893,0.1,0.9694622]",
3870,"[2.715654,0.1,0.9680132]",
3871,"[2.718991,0.1,0.9670892]",
3872,"[2.72895,0.1,0.9617094]",
3873,"[2.73297,0.1,0.9587924]",
3874,"[2.736383,0.1,0.956107]",
3875,"[2.744794,0.1,0.9511719]",
3876,"[2.751236,0.1,0.9481906]",
3877,"[2.759056,0.1,0.944737]",
3878,"[2.769326,0.1,0.9397967]",
3879,"[3.350221,0.3593431,1.134184]",
3880,"[3.365994,0.3572598,1.128056]",
3881,"[3.376476,0.3559885,1.123937]",
3882,"[3.389688,0.3541779,1.118859]",
3883,"[3.395612,0.3532898,1.11665]",
3884,"[3.402195,0.3525038,1.114659]",
3885,"[3.402195,0.3525038,1.114659]",
3886,"[3.407195,0.3521475,1.113238]",
3887,"[3.412857,0.3530874,1.112627]",
3888,"[3.417266,0.3549675,1.113378]",
3889,"[3.433692,0.3678117,1.124239]",
3890,"[3.443322,0.3743472,1.128891]",
3891,"[3.460949,0.3836783,1.133752]",
3892,"[3.465926,0.3853705,1.134058]",
3893,"[3.474712,0.3876024,1.133288]",
3894,"[3.481071,0.3910667,1.13541]",
3895,"[3.494051,0.3938465,1.132801]",
3896,"[3.51455,0.4020285,1.133507]",
3897,"[3.52281,0.4062256,1.134097]",
3898,"[3.544788,0.415818,1.133775]",
3899,"[3.557693,0.4210657,1.132307]",
3900,"[3.568841,0.4239858,1.128757]",
3901,"[3.579653,0.4281179,1.126153]",
3902,"[3.590259,0.4271423,1.11661]",
3903,"[3.592821,0.4213778,1.105532]",
3904,"[3.595222,0.421575,1.102097]",
3905,"[3.601133,0.4247146,1.100165]",
3906,"[3.60339,0.4255695,1.098606]",
3907,"[3.605892,0.4267023,1.096737]",
3908,"[3.605892,0.4267023,1.096737]",
3909,"[3.607085,0.42761,1.096102]",
3910,"[3.606776,0.4280561,1.09583]",
3911,"[3.606575,0.4285955,1.095981]",
3912,"[3.607505,0.4323761,1.099331]",
3913,"[3.607612,0.4342458,1.100664]",
3914,"[3.603803,0.4308174,1.096534]",
3915,"[3.379416,0.1,0.6920242]",
3916,"[3.379416,0.1,0.6920242]",
3917,"[3.379159,0.09999996,0.6902942]",
3918,"[3.381128,0.1,0.6861147]",
3919,"[3.39705,0.1,0.6601298]",
3920,"[3.412129,0.1,0.6393073]",
3921,"[3.570721,0.2374074,0.6952617]",
3922,"[3.586854,0.2475592,0.6950416]",
3923,"[3.616115,0.2640879,0.6948889]",
3924,"[3.620299,0.2667338,0.6948302]",
3925,"[3.628764,0.2706642,0.6948973]",
3926,"[3.633152,0.271795,0.6950505]",
3927,"[3.634411,0.2720353,0.6951056]",
3928,"[3.640451,0.2735925,0.6953163]",
3929,"[3.640299,0.2734905,0.6953192]",
3930,"[3.638404,0.2723038,0.6953445]",
3931,"[3.63698,0.271416,0.6953628]",
3932,"[3.633306,0.2686946,0.6954664]",
3933,"[3.631298,0.2670856,0.695539]",
3934,"[3.62442,0.2615199,0.6957946]",
3935,"[3.619514,0.2590673,0.6957784]",
3936,"[3.613569,0.2559346,0.6957801]",
3937,"[3.60877,0.254051,0.6956969]",
3938,"[3.605685,0.2527835,0.6956508]",
3939,"[3.598389,0.2498782,0.6955301]",
3940,"[3.596062,0.248701,0.6955243]",
3941,"[3.592223,0.2462756,0.6955779]",
3942,"[3.59031,0.2450314,0.6956092]",
3943,"[3.588929,0.2439965,0.6956499]",
3944,"[3.587159,0.2421808,0.6957657]",
3945,"[3.586496,0.2412795,0.695838]",
3946,"[3.585836,0.2397821,0.6959884]",
3947,"[3.599895,0.2386227,0.6971048]",
3948,"[3.614436,0.2370043,0.6983141]",
3949,"[3.619134,0.2366694,0.6986802]",
3950,"[3.625828,0.2360272,0.6992234]",
3951,"[3.628779,0.2357404,0.6994635]",
3952,"[3.631163,0.2357052,0.6996317]",
3953,"[3.635587,0.2356158,0.6999468]",
3954,"[3.638216,0.2354706,0.7001463]",
3955,"[3.642009,0.2350247,0.700465]",
3956,"[3.643523,0.2347371,0.7006063]",
3957,"[3.646682,0.2342264,0.7008898]",
3958,"[3.648391,0.2339656,0.7010412]",
3959,"[3.648965,0.233779,0.7011049]",
3960,"[3.649919,0.2333514,0.7012262]",
3961,"[3.650552,0.233099,0.7013029]",
3962,"[3.651126,0.2328423,0.7013756]",
3963,"[3.651266,0.2327655,0.7013954]",
3964,"[3.65129,0.2328617,0.7013844]",
3965,"[3.651282,0.2329048,0.7013783]",
3966,"[3.625687,0.2413746,0.6985149]",
3967,"[3.611368,0.2505184,0.6963371]",
3968,"[3.602718,0.2560841,0.695016]",
3969,"[3.590979,0.2636039,0.6932274]",
3970,"[3.586334,0.2666081,0.692516]",
3971,"[3.58077,0.2695156,0.6915983]",
3972,"[3.579594,0.2706537,0.6912798]",
3973,"[3.577266,0.2732192,0.6905897]",
3974,"[3.576737,0.2745751,0.6902868]",
3975,"[3.576211,0.2759932,0.689972]",
3976,"[3.575623,0.2789584,0.6893586]",
3977,"[3.575378,0.2805367,0.6890379]",
3978,"[3.575385,0.2829313,0.6885847]",
3979,"[3.575513,0.2836329,0.688463]",
3980,"[3.575519,0.2845825,0.6882834]",
3981,"[3.575425,0.2849222,0.6882109]",
3982,"[3.58734,0.3029534,0.7155053]",
3983,"[3.485504,0.1539836,0.4838835]",
3984,"[3.485607,0.1539836,0.4840045]",
3985,"[3.485607,0.1539836,0.4840045]",
3986,"[3.485744,0.1539836,0.484131]",
3987,"[3.486088,0.1539836,0.4844198]",
3988,"[3.486837,0.1539836,0.4849367]",
3989,"[3.487498,0.1539836,0.4857104]",
3990,"[3.488382,0.1539835,0.486826]",
3991,"[3.488742,0.1539836,0.4873213]",
3992,"[3.488997,0.1539835,0.487796]",
3993,"[3.488972,0.1539835,0.4878888]",
3994,"[3.488924,0.1539836,0.4878883]",
3995,"[3.488883,0.1539835,0.4878089]",
3996,"[3.489328,0.1539836,0.4864741]",
3997,"[3.489553,0.1539836,0.4858201]",
3998,"[3.490246,0.1539835,0.4840347]",
3999,"[3.491358,0.1539835,0.4835081]",
4000,"[3.492223,0.1539836,0.4829294]",
4001,"[3.49232,0.1539836,0.4824649]",
4002,"[3.491745,0.1539836,0.4813873]",
4003,"[3.489236,0.1539836,0.4789449]",
4004,"[3.425983,0.1,0.3772136]",
4005,"[3.391195,0.1,0.3574447]",
4006,"[3.543155,0.3171925,0.7015862]",
4007,"[3.538275,0.3234632,0.7091472]",
4008,"[3.532898,0.3297255,0.7173514]",
4009,"[3.5311,0.3316066,0.7200542]",
4010,"[3.525762,0.3350435,0.7276564]",
4011,"[3.522996,0.3354251,0.7313226]",
4012,"[3.517236,0.3324746,0.7363257]",
4013,"[3.508282,0.32199,0.7266686]",
4014,"[3.500677,0.3160701,0.719252]",
4015,"[3.331301,0.1203884,0.4157078]",
4016,"[3.331301,0.1259506,0.4239463]",
4017,"[3.331301,0.132543,0.4353244]",
4018,"[3.331301,0.1337662,0.4382602]",
4019,"[3.331301,0.1333609,0.4382378]",
4020,"[3.331301,0.1315713,0.4348996]",
4021,"[3.331301,0.1260681,0.4200537]",
4022,"[3.331301,0.120837,0.4039608]",
4023,"[3.331301,0.1162348,0.3910732]",
4024,"[3.507464,0.3286527,0.7277938]",
4025,"[3.517212,0.33786,0.7377259]",
4026,"[3.524461,0.3428825,0.7308754]",
4027,"[3.527269,0.3456379,0.7277676]",
4028,"[3.531942,0.352383,0.7230155]",
4029,"[3.533649,0.3559013,0.7214853]",
4030,"[3.535038,0.3592886,0.7203435]",
4031,"[3.538076,0.368706,0.7182363]",
4032,"[3.539694,0.3741042,0.7171895]",
4033,"[3.547601,0.3935335,0.7107143]",
4034,"[3.559647,0.4610174,0.7082434]",
4035,"[3.566303,0.4955253,0.7034447]",
4036,"[3.569711,0.5080374,0.7047898]",
4037,"[3.577687,0.5279974,0.7136449]",
4038,"[3.58155,0.5365709,0.7174485]",
4039,"[3.583672,0.5427084,0.7201714]",
4040,"[3.588367,0.5552812,0.7217354]",
4041,"[3.590162,0.5591565,0.7213595]",
4042,"[3.594298,0.566967,0.720469]",
4043,"[3.596899,0.5713217,0.7198972]",
4044,"[3.60249,0.5807201,0.7186686]",
4045,"[3.606105,0.5865913,0.7178699]",
4046,"[3.607351,0.5894618,0.7176129]",
4047,"[3.610832,0.5961706,0.7168666]",
4048,"[3.613118,0.5999364,0.7163627]",
4049,"[3.621961,0.6094685,0.7143045]",
4050,"[3.628095,0.6146574,0.7128461]",
4051,"[3.64245,0.6206136,0.7092995]",
4052,"[3.675843,0.5227109,0.4841669]",
4053,"[3.705434,0.522711,0.4951214]",
4054,"[3.696363,0.3081676,0.05000033]",
4055,"[3.719628,0.2892373,0.05000032]",
4056,"[3.748342,0.2611426,0.05000044]",
4057,"[3.755357,0.2592616,0.05000044]",
4058,"[3.86823,0.6697408,1.022472]",
4059,"[3.873558,0.6930361,1.069239]",
4060,"[3.877656,0.7144958,1.09948]",
4061,"[3.877556,0.7262563,1.113777]",
4062,"[3.878702,0.7376233,1.127631]",
4063,"[3.881524,0.7584811,1.150889]",
4064,"[3.883827,0.7677081,1.158768]",
4065,"[3.889974,0.7844058,1.169712]",
4066,"[3.907963,0.7903945,1.168913]",
4067,"[3.927434,0.8034662,1.177702]",
4068,"[3.934826,0.8093719,1.179371]",
4069,"[3.941309,0.8154183,1.181565]",
4070,"[3.947462,0.8280924,1.189953]",
4071,"[3.94823,0.8352076,1.192024]",
4072,"[3.948788,0.8494682,1.200478]",
4073,"[3.948943,0.8552614,1.200634]",
4074,"[3.948388,0.8660968,1.199648]",
4075,"[3.948292,0.871013,1.198459]",
4076,"[3.94574,0.8770114,1.195016]",
4077,"[3.946012,0.8854142,1.200096]",
4078,"[3.946601,0.8891975,1.19633]",
4079,"[3.954053,0.8954966,1.187773]",
4080,"[3.958907,0.8978726,1.182838]",
4081,"[3.976361,0.9038545,1.155717]",
4082,"[3.980399,0.9056155,1.151472]",
4083,"[3.985198,0.9091442,1.149812]",
4084,"[3.986019,0.9103373,1.148817]",
4085,"[3.986431,0.9117576,1.15303]",
4086,"[3.986697,0.9147097,1.159167]",
4087,"[3.986126,0.9181606,1.157878]",
4088,"[3.985382,0.9265506,1.176375]",
4089,"[3.985211,0.9316325,1.193542]",
4090,"[3.985918,0.9446421,1.262889]",
4091,"[3.986118,0.9478713,1.269296]",
4092,"[3.98657,0.951355,1.279539]",
4093,"[3.987676,0.9588858,1.297573]",
4094,"[3.988271,0.9627647,1.307274]",
4095,"[3.988805,0.9715726,1.329977]",
4096,"[3.98973,0.9757308,1.341863]",
4097,"[3.992804,0.9823254,1.359825]",
4098,"[3.995284,0.9853239,1.364918]",
4099,"[3.999734,0.9914894,1.36904]",
4100,"[4.002119,0.9951527,1.370854]",
4101,"[4.003231,0.9991319,1.369148]",
4102,"[4.00594,1.006276,1.340169]",
4103,"[4.005834,1.011843,1.3369]",
4104,"[4.003561,1.0249,1.345396]",
4105,"[4.003521,1.030996,1.35292]",
4106,"[4.004155,1.040629,1.364733]",
4107,"[4.004272,1.056434,1.395495]",
4108,"[4.004611,1.064927,1.404185]",
4109,"[4.00499,1.075286,1.403115]",
4110,"[4.005222,1.079012,1.403703]",
4111,"[4.002967,1.085319,1.409958]",
4112,"[4.002273,1.088078,1.412977]",
4113,"[4.003479,1.095878,1.393203]",
4114,"[4.005272,1.101441,1.374828]",
4115,"[4.00685,1.106838,1.357282]",
4116,"[4.011199,1.118609,1.323827]",
4117,"[4.013563,1.124844,1.307064]",
4118,"[4.018414,1.13684,1.280081]",
4119,"[4.019091,1.143334,1.267706]",
4120,"[4.021076,1.158983,1.231083]",
4121,"[4.022211,1.167299,1.211435]",
4122,"[4.030984,1.187064,1.166163]",
4123,"[4.03379,1.195418,1.150362]",
4124,"[4.035777,1.203375,1.13879]",
4125,"[4.03315,1.217241,1.137276]",
4126,"[4.029419,1.224029,1.141384]",
4127,"[4.018127,1.236381,1.15213]",
4128,"[4.012049,1.242016,1.157179]",
4129,"[3.997954,1.250908,1.167158]",
4130,"[3.989755,1.254028,1.17793]",
4131,"[3.983759,1.257551,1.182694]",
4132,"[3.974118,1.261858,1.19172]",
4133,"[3.970082,1.263521,1.194827]",
4134,"[3.962682,1.266625,1.197764]",
4135,"[3.959619,1.268476,1.195742]",
4136,"[3.95385,1.269331,1.193235]",
4137,"[3.951138,1.268393,1.193521]",
4138,"[3.948354,1.266852,1.193602]",
4139,"[3.942258,1.261879,1.191002]",
4140,"[3.939504,1.259273,1.188781]",
4141,"[3.935112,1.255976,1.184518]",
4142,"[3.933351,1.254712,1.183969]",
4143,"[3.930033,1.252978,1.182157]",
4144,"[3.928256,1.252828,1.182019]",
4145,"[3.924637,1.27557,1.19172]",
4146,"[3.92293,1.285294,1.194664]",
4147,"[3.921467,1.293488,1.197512]",
4148,"[3.918216,1.301175,1.200656]",
4149,"[3.915748,1.303053,1.202418]",
4150,"[3.910915,1.307454,1.198798]",
4151,"[3.908101,1.311721,1.190559]",
4152,"[3.90266,1.32198,1.170704]",
4153,"[3.900346,1.326087,1.162315]",
4154,"[3.7111,1.821519,0.05000081]",
4155,"[3.708016,1.830221,0.05000081]",
4156,"[3.706508,1.83471,0.05000081]",
4157,"[3.699979,1.842898,0.05000081]",
4158,"[3.695418,1.845924,0.05000081]",
4159,"[3.686823,1.847669,0.05000081]",
4160,"[3.682716,1.84701,0.05000081]",
4161,"[3.666549,1.840046,0.05000081]",
4162,"[3.65818,1.836735,0.05000081]",
4163,"[3.65103,1.833645,0.05000081]",
4164,"[3.633385,1.828732,0.05000081]",
4165,"[3.626068,1.827123,0.05000081]",
4166,"[3.605366,1.805641,0.05000081]",
4167,"[3.597582,1.797558,0.05000081]",
4168,"[3.586094,1.785927,0.05000069]",
4169,"[3.578335,1.780094,0.05000069]",
4170,"[3.571404,1.774592,0.05000069]",
4171,"[3.556837,1.759692,0.05000069]",
4172,"[3.548873,1.747912,0.05000069]",
4173,"[3.53788,1.730623,0.05000069]",
4174,"[3.534864,1.723738,0.05000069]",
4175,"[3.529142,1.709439,0.0500007]",
4176,"[3.818104,1.294016,1.119662]",
4177,"[3.818207,1.282628,1.130304]",
4178,"[3.817604,1.27737,1.133821]",
4179,"[3.816252,1.272277,1.134574]",
4180,"[3.813335,1.261494,1.131142]",
4181,"[3.811741,1.254537,1.128027]",
4182,"[3.807643,1.239144,1.11774]",
4183,"[3.805499,1.229446,1.112715]",
4184,"[3.799307,1.20248,1.098953]",
4185,"[3.795531,1.186349,1.090165]",
4186,"[3.588802,1.260967,0.05000069]",
4187,"[3.736068,1.132477,0.05000068]",
4188,"[3.774991,1.07921,0.05000068]",
4189,"[3.936784,0.807112,0.2861545]",
4190,"[3.961694,0.807112,0.5690626]",
4191,"[3.987012,0.7188585,0.8599696]",
4192,"[3.999749,0.6254579,0.8599696]",
4193,"[4.019971,0.4788082,0.6911662]",
4194,"[4.017705,0.5514361,0.9085467]",
4195,"[4.020144,0.5514361,0.9385155]",
4196,"[4.022159,0.5368577,0.9487157]",
4197,"[4.0155,0.5407925,0.9487157]",
4198,"[4.008308,0.5448718,0.9487157]",
4199,"[3.998745,0.5514361,0.941931]",
4200,"[3.985348,0.5514361,0.9213142]",
4201,"[3.979504,0.5514361,0.9146218]",
4202,"[3.973098,0.5514361,0.9103502]",
4203,"[3.963129,0.5514361,0.906949]",
4204,"[3.958692,0.5514361,0.9068869]",
4205,"[3.937725,0.4375567,0.6911662]",
4206,"[3.930587,0.4388878,0.6911662]",
4207,"[3.91575,0.4378008,0.6911662]",
4208,"[3.920799,0.5514361,0.9035271]",
4209,"[3.633281,0.2949016,0.6192944]",
4210,"[3.623105,0.2949017,0.6293717]",
4211,"[3.602859,0.2949017,0.6490752]",
4212,"[3.579716,0.2949018,0.6746236]",
4213,"[3.57072,0.2949018,0.6856241]",
4214,"[3.557936,0.2883309,0.6860344]",
4215,"[3.557936,0.2883309,0.6860344]",
4216,"[3.554624,0.2879613,0.6858144]",
4217,"[3.54702,0.2861829,0.6854864]",
4218,"[3.543192,0.285531,0.685275]",
4219,"[3.537751,0.2860699,0.6846969]",
4220,"[3.535994,0.2872143,0.6843262]",
4221,"[3.536615,0.2909024,0.6836815]",
4222,"[3.538115,0.2928769,0.6834387]",
4223,"[3.539493,0.2949018,0.6808183]",
4224,"[3.540251,0.2949018,0.6774948]",
4225,"[3.540407,0.2949018,0.6696316]",
4226,"[3.55026,0.312305,0.6914067]",
4227,"[3.558982,0.463147,0.7095231]",
4228,"[3.558634,0.5108513,0.7134029]",
4229,"[3.557455,0.5287566,0.7139817]",
4230,"[3.560319,0.5530177,0.724745]",
4231,"[3.561316,0.5614153,0.7284706]",
4232,"[3.560646,0.5701264,0.7291527]",
4233,"[3.560327,0.5727497,0.7292911]",
4234,"[3.560336,0.5752414,0.7293426]",
4235,"[3.560122,0.5765761,0.7294261]",
4236,"[3.560381,0.5777155,0.7293845]",
4237,"[3.560746,0.5792712,0.7293248]",
4238,"[3.56093,0.5796943,0.7292868]",
4239,"[3.561141,0.5806266,0.7292528]",
4240,"[3.561099,0.5811896,0.7292756]",
4241,"[3.560713,0.5824566,0.7294019]",
4242,"[3.560567,0.5833365,0.7294582]",
4243,"[3.560308,0.584309,0.7295455]",
4244,"[3.560257,0.5860426,0.7295959]",
4245,"[3.560516,0.586587,0.7295414]",
4246,"[3.561328,0.5870165,0.7293429]",
4247,"[3.561711,0.587237,0.7292498]",
4248,"[3.56217,0.5876375,0.7291408]",
4249,"[3.56232,0.5873479,0.7290962]",
4250,"[3.550853,0.5803791,0.7318814]",
4251,"[3.542819,0.5754586,0.7338319]",
4252,"[3.533984,0.5682138,0.7314868]",
4253,"[3.522399,0.5583693,0.7271193]",
4254,"[3.518782,0.5552796,0.7257485]",
4255,"[3.513589,0.5512719,0.7239705]",
4256,"[3.511796,0.5501303,0.7234641]",
4257,"[3.509235,0.5485656,0.72277]",
4258,"[3.508303,0.5481039,0.7225652]",
4259,"[3.50703,0.5478047,0.7224324]",
4260,"[3.504959,0.5475668,0.7223268]",
4261,"[3.504528,0.5477034,0.7223875]",
4262,"[3.503227,0.5482427,0.7226266]",
4263,"[3.502405,0.5486419,0.7228038]",
4264,"[3.501679,0.5496142,0.7232351]",
4265,"[3.501279,0.550378,0.7235739]",
4266,"[3.50123,0.551338,0.7239999]",
4267,"[3.501188,0.5531693,0.7248123]",
4268,"[3.501131,0.5539387,0.7251537]",
4269,"[3.501845,0.560714,0.7281594]",
4270,"[3.502526,0.5666084,0.7307746]",
4271,"[3.511819,0.6450067,0.7432001]",
4272,"[3.511535,0.6582783,0.7432688]",
4273,"[3.510819,0.6748766,0.7434421]",
4274,"[3.510953,0.6801221,0.7430844]",
4275,"[3.510988,0.6845649,0.7426234]",
4276,"[3.510947,0.6916398,0.7419078]",
4277,"[3.510917,0.6950435,0.7415656]",
4278,"[3.51206,0.6977053,0.7410747]",
4279,"[3.512334,0.6979988,0.7409922]",
4280,"[3.512744,0.6983986,0.7408729]",
4281,"[3.512909,0.6985337,0.7408274]",
4282,"[3.513034,0.69865,0.7407914]",
4283,"[3.513615,0.6986006,0.7406853]",
4284,"[3.513985,0.6985553,0.7406192]",
4285,"[3.50935,0.6949373,0.7285776]",
4286,"[3.551609,0.7229874,0.8247503]",
4287,"[3.654123,0.7912169,1.05821]",
4288,"[3.659091,0.7940937,1.068574]",
4289,"[3.661,0.7942066,1.071652]",
4290,"[3.661489,0.7940355,1.072041]",
4291,"[3.662475,0.7937308,1.07245]",
4292,"[3.663593,0.7936994,1.073623]",
4293,"[3.664584,0.7940301,1.075236]",
4294,"[3.666428,0.7945604,1.07787]",
4295,"[3.667399,0.7949665,1.079354]",
4296,"[3.668295,0.7956159,1.081034]",
4297,"[3.669631,0.7966092,1.083865]",
4298,"[3.670101,0.7971143,1.085075]",
4299,"[3.670838,0.7980056,1.087036]",
4300,"[3.67122,0.7984917,1.088055]",
4301,"[3.672003,0.7995203,1.090101]",
4302,"[3.672363,0.8000417,1.090892]",
4303,"[3.672839,0.8010728,1.091727]",
4304,"[3.67326,0.8017933,1.091854]",
4305,"[3.674321,0.8042214,1.092117]",
4306,"[3.675031,0.8064818,1.092266]",
4307,"[3.677343,0.813978,1.09289]",
4308,"[3.67906,0.8192225,1.093851]",
4309,"[3.683864,0.8601093,1.092285]",
4310,"[3.688763,0.8850563,1.097057]",
4311,"[3.691485,0.8929675,1.101384]",
4312,"[3.698156,0.9037905,1.116504]",
4313,"[3.701212,0.9079947,1.124232]",
4314,"[3.692806,0.9082198,1.10448]",
4315,"[3.683458,0.9075318,1.081876]",
4316,"[3.676772,0.9073213,1.066306]",
4317,"[3.666957,0.9079823,1.044611]",
4318,"[3.66192,0.9083713,1.034171]",
4319,"[3.656478,0.9128754,1.031244]",
4320,"[3.65567,0.9168268,1.037698]",
4321,"[3.652456,0.9228424,1.0477]",
4322,"[3.652339,0.92734,1.062311]",
4323,"[3.652203,0.9308474,1.072721]",
4324,"[3.653095,0.9362081,1.090014]",
4325,"[3.654053,0.9383993,1.098238]",
4326,"[3.655651,0.940208,1.10863]",
4327,"[3.656155,0.9406683,1.112623]",
4328,"[3.652114,0.9331376,1.097189]",
4329,"[3.52077,0.8101259,0.7182453]",
4330,"[3.259346,0.6525674,0.05000012]",
4331,"[3.286968,0.6120504,0.05000023]",
4332,"[3.296469,0.5984904,0.05000011]",
4333,"[3.31441,0.5773887,0.05000023]",
4334,"[3.320911,0.5706541,0.05000011]",
4335,"[3.328233,0.561335,0.05000023]",
4336,"[3.330051,0.5580083,0.05000023]",
4337,"[3.331911,0.5536927,0.05000023]",
4338,"[3.332112,0.552452,0.05000023]",
4339,"[3.332139,0.5523622,0.05000023]",
4340,"[3.332228,0.5523608,0.05000023]",
4341,"[3.332214,0.5527288,0.05000011]",
4342,"[3.33218,0.5532682,0.05000023]",
4343,"[3.332182,0.5534953,0.05000023]",
4344,"[3.332159,0.5537342,0.05000023]",
4345,"[3.332117,0.553743,0.05000023]",
4346,"[3.332109,0.5537179,0.05000011]",
4347,"[3.332168,0.5536565,0.05000011]",
4348,"[3.332224,0.5536095,0.05000023]",
4349,"[3.332295,0.5535198,0.05000011]",
4350,"[3.33231,0.5535033,0.05000023]",
4351,"[3.331044,0.5528958,0.05000011]",
4352,"[3.329843,0.5521134,0.05000023]",
4353,"[3.326791,0.5494083,0.05000023]",
4354,"[3.308181,0.5225258,0.05000011]",
4355,"[3.296057,0.5035992,0.05000023]",
4356,"[3.270437,0.4709442,0.05000012]",
4357,"[3.259362,0.456661,0.05000012]",
4358,"[3.243868,0.4332471,0.05000012]",
4359,"[3.240117,0.4253849,0.05000012]",
4360,"[3.23,0.4068712,0.05]",
4361,"[3.223579,0.3965031,0.05000012]",
4362,"[3.216634,0.3857544,0.05]",
4363,"[3.331301,0.4773269,0.3465735]",
4364,"[3.331301,0.4768201,0.3559213]",
4365,"[3.331301,0.4800161,0.3501761]",
4366,"[3.331301,0.4813982,0.3471243]",
4367,"[3.212219,0.3789446,0.05]",
4368,"[3.214824,0.3807917,0.05]",
4369,"[3.216697,0.3814458,0.05]",
4370,"[3.222787,0.381678,0.05000012]",
4371,"[3.225674,0.3807684,0.05000012]",
4372,"[3.232453,0.3795179,0.05000012]",
4373,"[3.235576,0.3772226,0.05000024]",
4374,"[3.242096,0.3685094,0.05000012]",
4375,"[3.455728,0.522711,0.5929426]",
4376,"[3.478992,0.522711,0.6541797]",
4377,"[3.51289,0.522711,0.7408707]",
4378,"[3.521247,0.518818,0.7619504]",
4379,"[3.522277,0.5036725,0.7606136]",
4380,"[3.522532,0.5028266,0.7602822]",
4381,"[3.523165,0.5012517,0.7594611]",
4382,"[3.523506,0.5008278,0.7590174]",
4383,"[3.523897,0.500361,0.7585098]",
4384,"[3.524306,0.5005599,0.7579785]",
4385,"[3.524694,0.5005088,0.7574751]",
4386,"[3.525378,0.5000561,0.7565871]",
4387,"[3.525828,0.4996001,0.7560023]",
4388,"[3.526307,0.4990599,0.755381]",
4389,"[3.526409,0.4988722,0.7552477]",
4390,"[3.526509,0.4987143,0.7551181]",
4391,"[3.526604,0.4985132,0.7549949]",
4392,"[3.526529,0.4986336,0.7550917]",
4393,"[3.526506,0.4986947,0.7551215]",
4394,"[3.52604,0.5015127,0.7557278]",
4395,"[3.522655,0.522711,0.7585261]",
4396,"[3.510939,0.522711,0.735648]",
4397,"[3.497357,0.5252098,0.7124074]",
4398,"[3.496784,0.5311438,0.7150399]",
4399,"[3.494386,0.5416514,0.7197015]",
4400,"[3.493526,0.545756,0.7215225]",
4401,"[3.49286,0.5493044,0.7230967]",
4402,"[3.491633,0.5546498,0.7254681]",
4403,"[3.490966,0.5566534,0.726357]",
4404,"[3.489757,0.5586327,0.7272352]",
4405,"[3.48924,0.5591978,0.7274859]",
4406,"[3.488356,0.5604124,0.7280247]",
4407,"[3.487936,0.5610025,0.7282865]",
4408,"[3.487582,0.5617517,0.7286189]",
4409,"[3.487091,0.5636891,0.7294785]",
4410,"[3.486981,0.5647446,0.7299467]",
4411,"[3.487698,0.5673146,0.7310869]",
4412,"[3.488273,0.5689492,0.731812]",
4413,"[3.488471,0.5699918,0.7322746]",
4414,"[3.48896,0.5703896,0.7324511]",
4415,"[3.489518,0.5708004,0.7326334]",
4416,"[3.490049,0.5710258,0.7327333]",
4417,"[3.490666,0.5710849,0.7327595]",
4418,"[3.491781,0.5709863,0.7327158]",
4419,"[3.492069,0.5708913,0.7326736]",
4420,"[3.492691,0.5706477,0.7325655]",
4421,"[3.493094,0.5705469,0.7325208]",
4422,"[3.493897,0.570545,0.73252]",
4423,"[3.494354,0.570546,0.7325204]",
4424,"[3.494665,0.5705234,0.7325104]",
4425,"[3.495139,0.5704442,0.7324753]",
4426,"[3.495323,0.5704023,0.7324567]",
4427,"[3.495496,0.5703351,0.7324269]",
4428,"[3.495527,0.5703072,0.7324145]",
4429,"[3.495517,0.5701919,0.7323633]",
4430,"[3.495538,0.5701849,0.7323602]",
4431,"[3.495554,0.5702179,0.7323748]",
4432,"[3.495634,0.5705318,0.7325142]",
4433,"[3.495728,0.5708677,0.7326632]",
4434,"[3.496004,0.5715253,0.7329549]",
4435,"[3.496198,0.571931,0.7331349]",
4436,"[3.496558,0.5725322,0.7334016]",
4437,"[3.496784,0.5725828,0.7334241]",
4438,"[3.497037,0.5725324,0.7334017]",
4439,"[3.49709,0.5724457,0.7333632]",
4440,"[3.497138,0.5723505,0.733321]",
4441,"[3.497411,0.5716648,0.7330167]",
4442,"[3.497492,0.5710667,0.7327514]",
4443,"[3.497653,0.5698001,0.7321895]",
4444,"[3.497837,0.5693552,0.7319921]",
4445,"[3.498312,0.5686294,0.7316702]",
4446,"[3.498576,0.5683953,0.7315663]",
4447,"[3.498919,0.5681797,0.7314706]",
4448,"[3.49949,0.5680082,0.7313945]",
4449,"[3.499698,0.5681257,0.7314467]",
4450,"[3.499899,0.5682734,0.7315121]",
4451,"[3.499916,0.5682746,0.7315127]",
4452,"[3.499914,0.5683295,0.731537]",
4453,"[3.499895,0.5683986,0.7315677]",
4454,"[3.499901,0.5684109,0.7315732]",
4455,"[3.499904,0.5684383,0.7315853]",
4456,"[3.4999,0.568454,0.7315924]",
4457,"[3.4998,0.5682389,0.7314969]",
4458,"[3.499746,0.5680785,0.7314257]",
4459,"[3.499528,0.567748,0.731279]",
4460,"[3.499432,0.5675925,0.7312101]",
4461,"[3.499426,0.5673172,0.731088]",
4462,"[3.499419,0.5670783,0.730982]",
4463,"[3.499418,0.5667914,0.7308547]",
4464,"[3.4997,0.5658203,0.7304239]",
4465,"[3.499842,0.5651945,0.7301462]",
4466,"[3.500114,0.5642399,0.7297227]",
4467,"[3.500021,0.5638468,0.7295483]",
4468,"[3.547253,0.6123205,0.8434265]",
4469,"[3.61496,0.6825247,1.006601]",
4470,"[3.499959,0.5632975,0.7293047]",
4471,"[3.500322,0.5635332,0.7294093]",
4472,"[3.500547,0.5636905,0.729479]",
4473,"[3.501086,0.5640538,0.7296402]",
4474,"[3.501333,0.5640571,0.7296417]",
4475,"[3.636695,0.7043305,1.05624]",
4476,"[3.501845,0.5638201,0.7295365]",
4477,"[3.501879,0.5635397,0.7294121]",
4478,"[3.502074,0.5630944,0.7292144]",
4479,"[3.50226,0.5628203,0.729093]",
4480,"[3.50267,0.5624697,0.7289373]",
4481,"[3.502969,0.5623014,0.7288628]",
4482,"[3.503482,0.5617684,0.7286264]",
4483,"[3.503721,0.5613813,0.7284546]",
4484,"[3.504288,0.5607455,0.7281725]",
4485,"[3.504781,0.5603584,0.7280007]",
4486,"[3.505456,0.560038,0.7278585]",
4487,"[3.68128,0.7123955,1.074251]",
4488,"[3.695907,0.7131463,1.073266]",
4489,"[3.712786,0.7144427,1.073252]",
4490,"[3.718005,0.7148034,1.073431]",
4491,"[3.724385,0.7153599,1.07384]",
4492,"[3.725985,0.7158023,1.074043]",
4493,"[3.728592,0.7167954,1.074762]",
4494,"[3.729238,0.7174431,1.075301]",
4495,"[3.729931,0.7183547,1.076188]",
4496,"[3.729724,0.720748,1.078041]",
4497,"[3.729344,0.7224374,1.078983]",
4498,"[3.729098,0.7256013,1.080972]",
4499,"[3.728379,0.7275572,1.081801]",
4500,"[3.726654,0.7314147,1.0833]",
4501,"[3.725724,0.7331817,1.083869]",
4502,"[3.724354,0.7350177,1.084376]",
4503,"[3.722577,0.7375327,1.084852]",
4504,"[3.721671,0.738783,1.085027]",
4505,"[3.720719,0.7407302,1.085392]",
4506,"[3.720687,0.7416729,1.085506]",
4507,"[3.721053,0.7433243,1.085911]",
4508,"[3.721386,0.7442172,1.086135]",
4509,"[3.722482,0.7455739,1.08715]",
4510,"[3.723296,0.746454,1.087688]",
4511,"[3.724013,0.7473482,1.088276]",
4512,"[3.7259,0.7491915,1.089499]",
4513,"[3.727082,0.7501001,1.090174]",
4514,"[3.728542,0.7513422,1.09179]",
4515,"[3.7293,0.7520232,1.092623]",
4516,"[3.730384,0.7534817,1.094596]",
4517,"[3.70548,0.7706784,1.096595]",
4518,"[3.696884,0.7774144,1.098143]",
4519,"[3.551655,0.6664744,0.7335339]",
4520,"[3.546738,0.6712398,0.7347538]",
4521,"[3.543127,0.6757482,0.7356271]",
4522,"[3.542209,0.6772919,0.7358494]",
4523,"[3.541218,0.6796049,0.736089]",
4524,"[3.541244,0.680215,0.7360828]",
4525,"[3.541345,0.6808786,0.7360582]",
4526,"[3.543266,0.6827508,0.7355937]",
4527,"[3.544391,0.6837221,0.7353214]",
4528,"[3.547889,0.6851484,0.7344754]",
4529,"[3.551567,0.6861796,0.7335861]",
4530,"[3.558615,0.6884329,0.7318812]",
4531,"[3.561911,0.6895803,0.731084]",
4532,"[3.56738,0.6915219,0.7297614]",
4533,"[3.569798,0.6924446,0.7291766]",
4534,"[3.572033,0.6932194,0.728636]",
4535,"[3.578562,0.6950949,0.727057]",
4536,"[3.58215,0.6960821,0.7261892]",
4537,"[3.589088,0.6989279,0.7245113]",
4538,"[3.592717,0.7009835,0.7236335]",
4539,"[3.691466,0.7865758,1.005159]",
4540,"[3.704597,0.7977033,1.036472]",
4541,"[3.715818,0.8068993,1.060897]",
4542,"[3.735067,0.821464,1.098745]",
4543,"[3.744137,0.8280749,1.115628]",
4544,"[3.756855,0.8374909,1.135633]",
4545,"[3.761645,0.8412032,1.140942]",
4546,"[3.769233,0.8479088,1.149569]",
4547,"[3.772392,0.8590675,1.144956]",
4548,"[3.773391,0.8649041,1.13791]",
4549,"[3.773114,0.8800408,1.117866]",
4550,"[3.771797,0.8865545,1.10475]",
4551,"[3.769438,0.8971838,1.083778]",
4552,"[3.768966,0.9016842,1.076043]",
4553,"[3.771098,0.9109232,1.070118]",
4554,"[3.773,0.9159025,1.071178]",
4555,"[3.777369,0.924405,1.073742]",
4556,"[3.779052,0.9280009,1.071492]",
4557,"[3.780494,0.9313071,1.068517]",
4558,"[3.782848,0.9380085,1.062393]",
4559,"[3.784555,0.9416096,1.06079]",
4560,"[3.788476,0.9497137,1.056975]",
4561,"[3.79007,0.9541512,1.052901]",
4562,"[3.791499,0.9636956,1.042905]",
4563,"[3.791703,0.9691055,1.037587]",
4564,"[3.787085,0.978665,1.021063]",
4565,"[3.781855,0.9934317,0.9950246]",
4566,"[3.780432,1.000611,0.984901]",
4567,"[3.779537,1.013669,0.9678287]",
4568,"[3.779342,1.020538,0.9565947]",
4569,"[3.781547,1.032656,0.9412353]",
4570,"[3.784034,1.038411,0.9368571]",
4571,"[3.78768,1.041641,0.9387442]",
4572,"[3.795575,1.046578,0.9440787]",
4573,"[3.799482,1.048081,0.9480361]",
4574,"[3.809081,1.048177,0.9638303]",
4575,"[3.815349,1.046806,0.9762796]",
4576,"[3.829064,1.042378,0.9985094]",
4577,"[3.83435,1.041098,1.005679]",
4578,"[3.867453,0.9867594,1.117192]",
4579,"[3.873839,0.9766687,1.138584]",
4580,"[3.877678,0.9707519,1.151868]",
4581,"[3.881635,0.9643393,1.167065]",
4582,"[3.882683,0.962391,1.171128]",
4583,"[3.884266,0.9596481,1.177905]",
4584,"[3.885691,0.9585286,1.182158]",
4585,"[3.887581,0.9570312,1.18867]",
4586,"[3.888083,0.9564544,1.190375]",
4587,"[3.888457,0.9558355,1.191328]",
4588,"[3.88833,0.9543928,1.192987]",
4589,"[3.888765,0.9513558,1.197606]",
4590,"[3.889877,0.9475958,1.203878]",
4591,"[3.891422,0.9458398,1.206781]",
4592,"[3.896844,0.9427084,1.212515]",
4593,"[3.899423,0.9414021,1.215147]",
4594,"[3.90217,0.9401538,1.21793]",
4595,"[3.90844,0.9383702,1.222279]",
4596,"[3.911788,0.9377527,1.224066]",
4597,"[3.916752,0.9372197,1.225476]",
4598,"[3.919381,0.9370114,1.226532]",
4599,"[3.921871,0.9369033,1.228895]",
4600,"[3.923365,0.9368227,1.229548]",
4601,"[3.926406,0.9361956,1.229391]",
4602,"[3.928123,0.9356052,1.228811]",
4603,"[3.929937,0.9348916,1.22813]",
4604,"[3.933491,0.9330589,1.227532]",
4605,"[3.934988,0.9319196,1.228209]",
4606,"[3.937565,0.9304873,1.230775]",
4607,"[3.938622,0.9301733,1.232221]",
4608,"[3.940863,0.9300776,1.235174]",
4609,"[3.94176,0.9302931,1.235818]",
4610,"[3.942587,0.930528,1.236021]",
4611,"[3.946489,0.9698277,1.186806]",
4612,"[3.933933,1.017335,1.113538]",
4613,"[3.91264,1.054506,0.05000079]",
4614,"[3.910861,1.066965,0.05000079]",
4615,"[3.909809,1.083899,0.05000079]",
4616,"[3.915431,1.088639,0.05000079]",
4617,"[3.924535,1.090528,0.05000079]",
4618,"[3.939963,1.093589,0.05000079]",
4619,"[3.948494,1.09512,0.05000079]",
4620,"[3.977773,1.087918,0.05000079]",
4621,"[3.990398,1.084537,0.05000079]",
4622,"[4.021494,1.068774,0.04999955]",
4623,"[4.034293,1.062352,0.04999955]",
4624,"[4.055867,1.050111,0.04999959]",
4625,"[4.065603,1.044144,0.04999957]",
4626,"[3.994732,1.029447,1.087265]",
4627,"[3.999731,1.025015,1.096717]",
4628,"[4.002146,1.022935,1.100491]",
4629,"[4.005387,1.019973,1.103665]",
4630,"[4.006305,1.01881,1.104575]",
4631,"[4.007662,1.017203,1.104854]",
4632,"[4.008204,1.01655,1.104699]",
4633,"[4.008694,1.015902,1.104336]",
4634,"[4.009525,1.014682,1.103309]",
4635,"[4.009831,1.013994,1.102785]",
4636,"[4.010341,1.012008,1.101081]",
4637,"[4.009981,1.009723,1.098988]",
4638,"[4.004526,1.000651,1.090131]",
4639,"[3.997423,0.9920786,1.080295]",
4640,"[3.837911,0.8887165,0.6117485]",
4641,"[3.734196,0.7933455,0.05000056]",
4642,"[3.585956,0.7546716,0.4357953]",
4643,"[3.58982,0.7632897,0.707986]",
4644,"[3.559046,0.739005,0.7278553]",
4645,"[3.331301,0.5147893,0.5583763]",
4646,"[3.297455,0.4515528,0.602956]",
4647,"[3.230379,0.3632598,0.602956]",
4648,"[3.199722,0.3330238,0.602956]",
4649,"[3.196861,0.3223019,0.602956]",
4650,"[3.194276,0.3121623,0.602956]",
4651,"[3.195306,0.312402,0.602956]",
4652,"[3.203392,0.3145188,0.602956]",
4653,"[3.207036,0.3151161,0.602956]",
4654,"[3.246624,0.3250451,0.602956]",
4655,"[3.272019,0.3375667,0.602956]",
4656,"[3.291164,0.3457575,0.602956]",
4657,"[3.312234,0.3543385,0.602956]",
4658,"[3.323904,0.3585354,0.602956]",
4659,"[3.331301,0.3470036,0.5615423]",
4660,"[3.331301,0.3355516,0.5293074]",
4661,"[3.331301,0.3110843,0.4578764]",
4662,"[3.331301,0.302106,0.4333593]",
4663,"[3.331301,0.2767558,0.36909]",
4664,"[3.331301,0.2653343,0.3422949]",
4665,"[3.218102,0.1108851,0.05]",
4666,"[3.236135,0.1124578,0.05]",
4667,"[3.260221,0.1099298,0.05]",
4668,"[3.288125,0.1049831,0.04999999]",
4669,"[3.297469,0.1022213,0.04999999]",
4670,"[3.311707,0.1,0.05436432]",
4671,"[3.317505,0.1,0.05813324]",
4672,"[3.325488,0.1,0.06521159]",
4673,"[3.454122,0.2949017,0.4280831]",
4674,"[3.455688,0.2949017,0.4308167]",
4675,"[3.45819,0.2949017,0.4357972]",
4676,"[3.458241,0.2949017,0.4357598]",
4677,"[3.457264,0.2949017,0.4328407]",
4678,"[3.456423,0.2949017,0.4303271]",
4679,"[3.453925,0.2949017,0.4227841]",
4680,"[3.453427,0.2949017,0.4210808]",
4681,"[3.32805,0.1,0.05738175]",
4682,"[3.327937,0.1,0.05714089]",
4683,"[3.327912,0.1,0.05739301]",
4684,"[3.312365,0.1,0.06054568]",
4685,"[3.305853,0.1,0.06228191]",
4686,"[3.295464,0.1,0.06518245]",
4687,"[3.290604,0.1,0.06716722]",
4688,"[3.282686,0.1,0.07247216]",
4689,"[3.279387,0.1,0.07571805]",
4690,"[3.276496,0.1,0.07897121]",
4691,"[3.274967,0.1,0.08300811]",
4692,"[3.27477,0.1,0.08531696]",
4693,"[3.274864,0.1,0.09069449]",
4694,"[3.275316,0.1,0.09255224]",
4695,"[3.275985,0.1,0.09564567]",
4696,"[3.276241,0.1,0.09702742]",
4697,"[3.276674,0.1,0.09877235]",
4698,"[3.277894,0.1,0.1025856]",
4699,"[3.278296,0.1,0.1032014]",
4700,"[3.279556,0.1,0.1035394]",
4701,"[3.28016,0.1,0.1028998]",
4702,"[3.280558,0.1,0.1006032]",
4703,"[3.280367,0.1,0.09888566]",
4704,"[3.279442,0.1,0.09370321]",
4705,"[3.279173,0.1,0.09126943]",
4706,"[3.279153,0.1,0.08924776]",
4707,"[3.280773,0.1,0.08695722]",
4708,"[3.282256,0.1,0.08678037]",
4709,"[3.284784,0.1,0.08659863]",
4710,"[3.286346,0.1,0.08743441]",
4711,"[3.289595,0.1,0.09087956]",
4712,"[3.290968,0.1,0.09225446]",
4713,"[3.292247,0.1,0.09358895]",
4714,"[3.294658,0.1,0.09694493]",
4715,"[3.295615,0.1,0.09856665]",
4716,"[3.297611,0.1,0.1016178]",
4717,"[3.298261,0.1,0.1031746]",
4718,"[3.299669,0.1,0.1064656]",
4719,"[3.29985,0.1,0.1063785]",
4720,"[3.300134,0.1,0.1055505]",
4721,"[3.300189,0.1,0.1046506]",
4722,"[3.299804,0.1,0.101802]",
4723,"[3.299166,0.1,0.09650069]",
4724,"[3.299064,0.1,0.09371287]",
4725,"[3.298959,0.1,0.08938146]",
4726,"[3.298913,0.1,0.08774275]",
4727,"[3.299132,0.1,0.08516145]",
4728,"[3.299396,0.1,0.0841102]",
4729,"[3.299483,0.1,0.08462501]",
4730,"[3.299684,0.1,0.08577138]",
4731,"[3.299831,0.1,0.08646548]",
4732,"[3.300045,0.1,0.08824217]",
4733,"[3.300178,0.1,0.08933586]",
4734,"[3.299849,0.1,0.08970922]",
4735,"[3.299574,0.1,0.08981544]",
4736,"[3.298808,0.1,0.08995956]",
4737,"[3.298811,0.1,0.08976835]",
4738,"[3.298742,0.1,0.08948433]",
4739,"[3.298427,0.1,0.08879244]",
4740,"[3.298213,0.1,0.08836311]",
4741,"[3.298018,0.1,0.08813316]",
4742,"[3.297971,0.1,0.08820063]",
4743,"[3.297897,0.1,0.08832097]",
4744,"[3.297825,0.1,0.08829147]",
4745,"[3.297748,0.1,0.08822465]",
4746,"[3.297573,0.1,0.08819336]",
4747,"[3.297459,0.1,0.0882321]",
4748,"[3.297271,0.1,0.08830589]",
4749,"[3.297525,0.1,0.08803809]",
4750,"[3.297687,0.1,0.08770585]",
4751,"[3.297616,0.1,0.0877369]",
4752,"[3.29759,0.1,0.08738625]",
4753,"[3.297534,0.1,0.08742154]",
4754,"[3.297535,0.1,0.0873161]",
4755,"[3.297569,0.1,0.08713877]",
4756,"[3.29759,0.1,0.08705717]",
4757,"[3.297557,0.1,0.08671814]",
4758,"[3.297467,0.1,0.08637577]",
4759,"[3.297249,0.1,0.085971]",
4760,"[3.297111,0.1,0.08576131]",
4761,"[3.296933,0.1,0.08551764]",
4762,"[3.296725,0.1,0.08525014]",
4763,"[3.296665,0.1,0.08520961]",
4764,"[3.296317,0.1,0.08472085]",
4765,"[3.296176,0.1,0.08449435]",
4766,"[3.296014,0.1,0.08384001]",
4767,"[3.295881,0.1,0.08353943]",
4768,"[3.295753,0.1,0.08324111]",
4769,"[3.295626,0.1,0.08266455]",
4770,"[3.295608,0.1,0.0823195]",
4771,"[3.295563,0.1,0.08199245]",
4772,"[3.295616,0.1,0.08220893]",
4773,"[3.295741,0.1,0.0827015]",
4774,"[3.295867,0.1,0.08316445]",
4775,"[3.296124,0.1,0.08395058]",
4776,"[3.296246,0.1,0.08425915]",
4777,"[3.296485,0.1,0.08449054]",
4778,"[3.29692,0.1,0.08486801]",
4779,"[3.297144,0.1,0.08509314]",
4780,"[3.297404,0.1,0.0851267]",
4781,"[3.297469,0.1,0.08497268]",
4782,"[3.29759,0.1,0.0846827]",
4783,"[3.297644,0.1,0.08455384]",
4784,"[3.297713,0.1,0.08440363]",
4785,"[3.29789,0.1,0.08407158]",
4786,"[3.297975,0.1,0.08388132]",
4787,"[3.298135,0.1,0.08348876]",
4788,"[3.29822,0.1,0.08318561]",
4789,"[3.298253,0.1,0.08250433]",
4790,"[3.298212,0.1,0.0820266]",
4791,"[3.298162,0.1,0.08167088]",
4792,"[3.29813,0.1,0.08146203]",
4793,"[3.298102,0.1,0.08126014]",
4794,"[3.297943,0.1,0.08077919]",
4795,"[3.297795,0.1,0.08046305]",
4796,"[3.297748,0.1,0.07985455]",
4797,"[3.297775,0.1,0.08003002]",
4798,"[3.297809,0.1,0.08027148]",
4799,"[3.297883,0.1,0.08040202]",
4800,"[3.297954,0.1,0.08055025]",
4801,"[3.297691,0.1,0.08089936]",
4802,"[3.297696,0.1,0.08066469]",
4803,"[3.297725,0.1,0.08017355]",
4804,"[3.297727,0.1,0.08001828]",
4805,"[3.297975,0.1,0.08019948]",
4806,"[3.298134,0.1,0.08034462]",
4807,"[3.298379,0.1,0.08059794]",
4808,"[3.298574,0.1,0.0810712]",
4809,"[3.29871,0.1,0.08120996]",
4810,"[3.298949,0.1,0.08148742]",
4811,"[3.298995,0.1,0.08172953]",
4812,"[3.299003,0.1,0.08215052]",
4813,"[3.298961,0.1,0.08228898]",
4814,"[3.29879,0.1,0.08247787]",
4815,"[3.298762,0.1,0.08247322]",
4816,"[3.298757,0.1,0.08207202]",
4817,"[3.314379,0.1,0.06628853]",
4818,"[3.325806,0.1,0.05547577]",
4819,"[3.444068,0.278772,0.3788729]",
4820,"[3.462409,0.2949017,0.4010602]",
4821,"[3.526537,0.4024546,0.5944244]",
4822,"[3.532647,0.4066803,0.5976171]",
4823,"[3.54339,0.4151687,0.606102]",
4824,"[3.54884,0.4201658,0.611314]",
4825,"[3.558125,0.4297044,0.6237077]",
4826,"[3.562551,0.4343749,0.6303163]",
4827,"[3.566652,0.4392098,0.6375874]",
4828,"[3.574194,0.4487696,0.6537206]",
4829,"[3.577176,0.4533014,0.6626778]",
4830,"[3.582301,0.4624456,0.6807978]",
4831,"[3.584298,0.46625,0.6883676]",
4832,"[3.510856,0.2949015,0.3384196]",
4833,"[3.510989,0.2949015,0.3378598]",
4834,"[3.511106,0.2949015,0.3375123]",
4835,"[3.511477,0.2949015,0.3368228]",
4836,"[3.451786,0.1546583,0.05000022]",
4837,"[3.45972,0.1581094,0.05000034]",
4838,"[3.467091,0.161666,0.05000022]",
4839,"[3.494212,0.1792494,0.05000034]",
4840,"[3.513738,0.1943849,0.05000034]",
4841,"[3.644334,0.513566,0.7065053]",
4842,"[3.614755,0.281135,0.05000033]",
4843,"[3.652719,0.3126594,0.05000033]",
4844,"[3.837664,0.6636081,0.5537099]",
4845,"[3.865514,0.7312456,0.6911662]",
4846,"[3.899719,0.8075424,0.8599696]",
4847,"[3.913463,0.8144361,0.8499371]",
4848,"[3.972325,0.807112,0.6550289]",
4849,"[3.993824,0.807112,0.6057969]",
4850,"[4.020104,0.807112,0.5406117]",
4851,"[4.099083,0.807112,0.3178508]",
4852,"[4.026523,0.9075976,0.7618853]",
4853,"[4.043671,0.9482331,0.7755346]",
4854,"[4.05149,0.9622256,0.7817588]",
4855,"[4.06111,0.9766823,0.7894166]",
4856,"[4.064118,0.9806334,0.7918106]",
4857,"[4.067025,0.9851936,0.7941248]",
4858,"[4.063281,0.9891391,0.7911443]",
4859,"[4.058167,0.9891037,0.7870736]",
4860,"[4.051102,0.9906849,0.78145]",
4861,"[4.039594,0.9891322,0.7722893]",
4862,"[4.022458,0.985217,0.7586488]",
4863,"[4.014625,0.9834672,0.7524137]",
4864,"[4.007097,0.9799439,0.7464219]",
4865,"[3.996479,0.9778507,0.7379699]",
4866,"[3.990328,0.9773397,0.7330738]",
4867,"[3.982684,0.9788228,0.7269892]",
4868,"[3.979662,0.9805489,0.7245837]",
4869,"[3.976374,0.9877525,0.7219662]",
4870,"[3.975284,0.9921879,0.7210985]",
4871,"[4.06592,1.061,0.04999958]",
4872,"[4.070001,1.08093,0.09247653]",
4873,"[4.070001,1.093402,0.1438494]",
4874,"[4.070001,1.108965,0.2028388]",
4875,"[4.070001,1.114924,0.2221072]",
4876,"[4.070001,1.125657,0.2483541]",
4877,"[4.070001,1.132744,0.2639347]",
4878,"[4.070001,1.138579,0.2874725]",
4879,"[4.070001,1.142199,0.2921507]",
4880,"[4.070001,1.146851,0.2983417]",
4881,"[4.070001,1.15718,0.3138047]",
4882,"[4.070001,1.164164,0.3249335]",
4883,"[4.07066,1.172938,0.3340315]",
4884,"[4.071685,1.179558,0.3340315]",
4885,"[4.074894,1.194209,0.3340315]",
4886,"[4.07668,1.201365,0.3340315]",
4887,"[4.08033,1.212415,0.3340315]",
4888,"[4.082683,1.218203,0.3340315]",
4889,"[4.084826,1.224082,0.3340315]",
4890,"[4.089908,1.2352,0.3340315]",
4891,"[4.092472,1.240282,0.3340315]",
4892,"[4.098872,1.253081,0.3340315]",
4893,"[4.102452,1.260252,0.3340315]",
4894,"[4.022919,1.180238,0.9097478]",
4895,"[4.024961,1.183177,0.9111567]",
4896,"[4.026962,1.187983,0.9133812]",
4897,"[4.028546,1.191761,0.9151047]",
4898,"[4.029524,1.193553,0.9158993]",
4899,"[4.03126,1.202409,0.9197749]",
4900,"[4.032437,1.2061,0.9213684]",
4901,"[4.035127,1.213479,0.9193483]",
4902,"[4.037626,1.218599,0.9122979]",
4903,"[4.039601,1.222356,0.908195]",
4904,"[4.137698,1.342234,0.3340316]",
4905,"[4.138375,1.343358,0.3340316]",
4906,"[4.140182,1.346486,0.3340316]",
4907,"[4.141867,1.348597,0.3340316]",
4908,"[4.146527,1.352654,0.3340316]",
4909,"[4.149049,1.354386,0.3340316]",
4910,"[4.156089,1.357029,0.3340316]",
4911,"[4.159239,1.357938,0.3340316]",
4912,"[4.168346,1.360937,0.3340316]",
4913,"[4.17433,1.363286,0.3340316]",
4914,"[4.181246,1.36653,0.3340316]",
4915,"[4.195249,1.374941,0.3340316]",
4916,"[4.218284,1.3742,0.3340316]",
4917,"[4.247998,1.383585,0.3340316]",
4918,"[4.259439,1.384308,0.3340316]",
4919,"[4.349192,1.433777,0.04999985]",
4920,"[4.359847,1.438499,0.04999986]",
4921,"[4.369566,1.444388,0.04999986]",
4922,"[4.389086,1.459786,0.04999988]",
4923,"[4.398825,1.469,0.04999989]",
4924,"[4.421397,1.499531,0.04999991]",
4925,"[4.434218,1.518795,0.04999993]",
4926,"[4.466268,1.564555,0.05000005]",
4927,"[4.483909,1.585991,0.04999997]",
4928,"[4.502896,1.608606,0.04999999]",
4929,"[4.545687,1.655645,0.05000004]",
4930,"[4.571592,1.681678,0.05000005]",
4931,"[4.616936,1.728789,0.05000003]",
4932,"[4.642214,1.752706,0.05000003]",
4933,"[4.684035,1.795911,0.05000015]",
4934,"[4.707191,1.817072,0.05000017]",
4935,"[4.731488,1.837783,0.05000019]",
4936,"[4.767527,1.866964,0.05000022]",
4937,"[4.785055,1.879774,0.05000024]",
4938,"[4.83477,1.898277,0.05000028]",
4939,"[4.913368,1.914489,0.05000033]",
4940,"[5.022353,1.937974,0.0500004]",
4941,"[5.07682,1.941279,0.05000043]",
4942,"[5.178064,1.947279,0.05000049]",
4943,"[5.218194,1.946832,0.05000052]",
4944,"[5.25563,1.947579,0.05000054]",
4945,"[5.293963,1.954542,0.05000047]",
4946,"[5.310417,1.959743,0.05000058]",
4947,"[5.339736,1.966084,0.0500006]",
4948,"[5.355894,1.966394,0.05000061]",
4949,"[5.407896,1.96177,0.05000064]",
4950,"[5.445975,1.958184,0.0500007]",
4951,"[5.516067,1.963379,0.0500007]",
4952,"[5.656728,1.97083,0.05000079]",
4953,"[5.756406,1.989212,0.05000086]",
4954,"[5.950001,2.027698,0.05172479]",
4955,"[5.950001,2.041368,0.1486563]",
4956,"[5.950001,2.061058,0.3154298]",
4957,"[5.950001,2.068804,0.3908884]",
4958,"[5.829885,2.058757,0.6165237]",
4959,"[5.829885,2.058641,0.6839864]",
4960,"[5.829885,2.053929,0.7494859]",
4961,"[4.84192,1.840946,1.490719]",
4962,"[4.857811,1.839554,1.519318]",
4963,"[4.874372,1.839145,1.553371]",
4964,"[4.880993,1.840771,1.570458]",
4965,"[4.891404,1.844277,1.600528]",
4966,"[4.896825,1.846262,1.617461]",
4967,"[4.899449,1.84809,1.627919]",
4968,"[4.91005,1.847682,1.658255]",
4969,"[4.917746,1.844057,1.676427]",
4970,"[4.930053,1.836158,1.704778]",
4971,"[4.93427,1.832814,1.714584]",
4972,"[4.942995,1.827017,1.737094]",
4973,"[4.94837,1.824062,1.752722]",
4974,"[4.951628,1.827219,1.775228]",
4975,"[4.954161,1.828644,1.790685]",
4976,"[4.957431,1.829636,1.809348]",
4977,"[4.979862,1.817341,1.908165]",
4978,"[5.584433,1.855786,1.937376]",
4979,"[5.95,1.743657,2.395885]",
4980,"[5.646945,1.674208,2.523522]",
4981,"[5.55195,1.642893,2.594291]",
4982,"[5.53559,1.628269,2.632311]",
4983,"[5.54686,1.595946,2.717867]",
4984,"[5.55062,1.585163,2.733453]",
4985,"[5.55589,1.570049,2.76123]",
4986,"[5.563494,1.54824,2.801637]",
4987,"[5.565865,1.54144,2.812754]",
4988,"[5.566194,1.540498,2.814613]",
4989,"[5.565945,1.541212,2.80738]",
4990,"[5.566768,1.538849,2.808743]",
4991,"[5.568414,1.534131,2.817654]",
4992,"[5.571206,1.526123,2.83449]",
4993,"[5.619458,1.472985,2.967518]",
4994,"[5.95,1.355446,3.319238]",
4995,"[5.95,1.304604,3.4561]",
4996,"[5.95,1.285883,3.513282]",
4997,"[5.95,1.269234,3.57255]",
4998,"[5.95,1.268083,3.58384]",
4999,"[5.95,1.268774,3.589885]",
5000,"[5.95,1.269713,3.586102]",
5001,"[5.95,1.269824,3.585899]",
5002,"[5.95,1.270869,3.586988]",
5003,"[5.95,1.271603,3.588416]",
5004,"[5.95,1.271302,3.614792]",
5005,"[5.95,1.267665,3.648551]",
5006,"[5.950001,1.1847,4.066828]",
5007,"[5.375478,1.253699,3.935992]",
5008,"[5.268889,1.259413,3.942966]",
5009,"[5.127307,1.273481,3.95296]",
5010,"[5.069359,1.279238,3.958536]",
5011,"[4.997649,1.288059,3.958756]",
5012,"[4.99682,1.288489,3.958845]",
5013,"[4.990292,1.28887,3.958924]",
5014,"[4.98911,1.288351,3.958817]",
5015,"[4.981646,1.286606,3.958509]",
5016,"[4.934488,1.280671,3.95853]",
5017,"[4.872818,1.275305,3.953105]",
5018,"[4.476386,1.252016,3.933154]",
5019,"[4.403305,1.241837,3.930278]",
5020,"[4.29842,1.207765,3.957912]",
5021,"[4.051405,1.175797,3.929518]",
5022,"[3.809155,0.740146,4.915874]",
5023,"[3.732991,0.7083582,4.897246]",
5024,"[3.662303,0.6799294,4.878181]",
5025,"[3.578474,0.6528143,4.855407]",
5026,"[3.547947,0.6469983,4.848022]",
5027,"[3.531228,0.6418108,4.84288]",
5028,"[3.508089,0.6349546,4.835901]",
5029,"[3.506274,0.6343986,4.835067]",
5030,"[3.499478,0.6332625,4.833191]",
5031,"[3.489114,0.6314197,4.830373]",
5032,"[3.465603,0.6100463,4.81676]",
5033,"[3.454974,0.5933329,4.80747]",
5034,"[3.430454,0.5658727,4.790359]",
5035,"[3.418222,0.5549382,4.782856]",
5036,"[3.416412,0.5475483,4.778861]",
5037,"[3.419809,0.5465404,4.77897]",
5038,"[3.441058,0.549301,4.784202]",
5039,"[3.454166,0.5527515,4.788132]",
5040,"[3.464863,0.5569661,4.791868]",
5041,"[3.51175,0.5736154,4.807198]",
5042,"[3.540919,0.5875202,4.817746]",
5043,"[3.596512,0.6291807,4.842866]",
5044,"[3.70422,0.6976441,4.881951]",
5045,"[4.332427,1.544214,3.982662]",
5046,"[4.365572,1.580682,3.982738]",
5047,"[4.599624,1.742973,3.983078]",
5048,"[4.697278,1.819523,3.983238]",
5049,"[4.733478,1.847632,3.983297]",
5050,"[4.774732,1.87524,3.983355]",
5051,"[4.789928,1.879679,3.983364]",
5052,"[4.823515,1.881857,3.983369]",
5053,"[4.843478,1.878124,3.983361]",
5054,"[4.854637,1.858346,3.98332]",
5055,"[4.876792,1.819316,3.983238]",
5056,"[4.888282,1.802805,3.983203]",
5057,"[4.911942,1.779638,3.983155]",
5058,"[4.923774,1.771006,3.983137]",
5059,"[4.402321,1.758284,2.886507]",
5060,"[4.407428,1.756774,2.884488]",
5061,"[4.434821,1.755048,2.870547]",
5062,"[4.463449,1.756964,2.853933]",
5063,"[5.212943,1.760884,3.983115]",
5064,"[5.95,1.810783,4.289139]",
5065,"[5.95,1.825587,4.077426]",
5066,"[5.637779,1.821792,2.968158]",
5067,"[5.55907,1.807644,2.539263]",
5068,"[5.95,1.828474,2.458066]",
5069,"[5.95,1.817507,2.361626]",
5070,"[5.95,1.811514,2.269665]",
5071,"[5.95,1.782077,2.203048]",
5072,"[5.95,1.770535,2.209554]",
5073,"[5.95,1.731759,2.184654]",
5074,"[5.95,1.680825,2.251746]",
5075,"[5.95,1.598989,2.352871]",
5076,"[5.95,1.576232,2.371619]",
5077,"[5.95,1.559883,2.37212]",
5078,"[5.739585,1.579305,2.324822]",
5079,"[5.746087,1.579305,2.267007]",
5080,"[5.721346,1.585875,1.93302]",
5081,"[5.655795,1.594938,1.87784]",
5082,"[5.707521,1.558787,1.725888]",
5083,"[5.724717,1.541342,1.665737]",
5084,"[5.95,1.460815,1.514455]",
5085,"[5.95,1.443145,1.473428]",
5086,"[5.95,1.433623,1.472305]",
5087,"[5.810308,1.429995,1.520249]",
5088,"[5.95,1.3825,1.482332]",
5089,"[5.577934,1.41655,1.637393]",
5090,"[5.577669,1.394636,1.644999]",
5091,"[5.660765,1.319846,1.663504]",
5092,"[5.749493,1.276689,1.666602]",
5093,"[5.633029,1.264227,1.721194]",
5094,"[5.591275,1.253309,1.741453]",
5095,"[5.591959,1.232085,1.750095]",
5096,"[5.626746,1.153,1.760998]",
5097,"[5.624534,1.047637,1.773026]",
5098,"[5.624534,0.9705718,1.781849]",
5099,"[5.624534,0.9449087,1.787086]",
5100,"[5.624534,0.9230207,1.792788]",
5101,"[5.624534,0.9199788,1.79476]",
5102,"[5.624534,0.9208127,1.796046]",
5103,"[5.624534,0.9224648,1.798504]",
5104,"[5.624534,0.9248484,1.79987]",
5105,"[5.624534,0.9297104,1.802041]",
5106,"[5.624534,0.9318522,1.802641]",
5107,"[5.624534,0.9357698,1.803132]",
5108,"[5.624534,0.937236,1.803122]",
5109,"[5.624534,0.9402789,1.802727]",
5110,"[5.624534,0.9428496,1.802448]",
5111,"[5.624534,0.9448203,1.802339]",
5112,"[5.624534,0.9470305,1.802776]",
5113,"[5.624534,0.9478173,1.80341]",
5114,"[5.624534,0.9539825,1.808054]",
5115,"[5.624534,0.9579804,1.811908]",
5116,"[5.624534,0.9647853,1.819183]",
5117,"[5.624534,0.9696603,1.82342]",
5118,"[5.624534,0.9708123,1.82549]",
5119,"[5.624534,0.9695776,1.827501]",
5120,"[5.624534,0.9669551,1.828196]",
5121,"[5.624534,0.9544057,1.823735]",
5122,"[5.624534,0.9391148,1.812491]",
5123,"[5.624534,0.902665,1.778604]",
5124,"[5.438994,0.8364475,1.563032]",
5125,"[5.346342,0.872192,1.563032]",
5126,"[4.901818,0.9976878,1.518631]",
5127,"[4.823623,1.020707,1.518631]",
5128,"[4.759747,1.039669,1.518631]",
5129,"[4.740628,1.042312,1.513727]",
5130,"[4.740628,1.021601,1.48506]",
5131,"[4.740628,1.017874,1.477772]",
5132,"[4.740628,1.016223,1.465909]",
5133,"[4.740628,1.01883,1.462919]",
5134,"[4.740628,1.024372,1.465474]",
5135,"[4.740628,1.039124,1.477126]",
5136,"[4.740628,1.046655,1.483966]",
5137,"[4.740628,1.06719,1.505409]",
5138,"[4.740628,1.078941,1.517861]",
5139,"[4.768615,1.075074,1.518631]",
5140,"[4.781242,1.074722,1.518631]",
5141,"[4.806345,1.071672,1.518631]",
5142,"[4.937998,1.097336,1.518631]",
5143,"[4.972192,1.103342,1.518631]",
5144,"[5.876565,0.9005975,1.201505]",
5145,"[5.942806,0.9005975,1.193664]",
5146,"[5.95,0.9850374,1.333155]",
5147,"[5.95,1.005795,1.371814]",
5148,"[5.95,1.035308,1.435242]",
5149,"[5.950001,1.039549,1.450764]",
5150,"[5.95,1.044719,1.470067]",
5151,"[5.95,1.038666,1.514416]",
5152,"[5.577609,1.166288,1.646701]",
5153,"[5.624534,1.120726,1.805645]",
5154,"[5.624534,1.109198,1.832818]",
5155,"[5.624534,1.099288,1.854826]",
5156,"[5.624534,1.095962,1.857904]",
5157,"[5.624534,1.093518,1.861043]",
5158,"[5.624534,1.087481,1.862324]",
5159,"[5.624534,1.083632,1.859004]",
5160,"[5.624534,1.079144,1.854894]",
5161,"[5.624534,1.075623,1.849824]",
5162,"[5.624534,1.070677,1.843378]",
5163,"[5.624534,1.068599,1.841122]",
5164,"[5.624534,1.060398,1.839719]",
5165,"[5.624534,1.049423,1.837262]",
5166,"[5.624534,1.008249,1.850159]",
5167,"[5.624534,0.9789696,1.858218]",
5168,"[5.624534,0.9701974,1.860412]",
5169,"[5.624534,0.9614961,1.860972]",
5170,"[5.624534,0.9590578,1.860491]",
5171,"[5.624534,0.9557032,1.851906]",
5172,"[5.624534,0.9560575,1.8367]",
5173,"[5.624534,0.9590843,1.81119]",
5174,"[5.751106,0.9005975,1.51211]",
5175,"[5.752542,0.9005975,1.419245]",
5176,"[4.914728,1.3182,1.447219]",
5177,"[4.906463,1.3182,1.40051]",
5178,"[4.883887,1.220598,0.8320947]",
5179,"[4.841269,1.220598,0.7909855]",
5180,"[4.789164,1.220598,0.7460791]",
5181,"[4.555504,1.363375,1.158034]",
5182,"[4.51963,1.363375,1.139779]",
5183,"[4.502696,1.363375,1.149431]",
5184,"[4.50771,1.363375,1.176107]",
5185,"[4.497797,1.363375,1.17932]",
5186,"[4.500077,1.363375,1.195275]",
5187,"[4.497343,1.363375,1.201515]",
5188,"[4.49786,1.363375,1.22208]",
5189,"[4.48494,1.363375,1.217734]",
5190,"[4.438676,1.363375,1.196332]",
5191,"[4.302271,1.044236,0.3340316]",
5192,"[3.91133,0.9449512,0.05000079]",
5193,"[3.829298,0.9448522,0.05000068]",
5194,"[3.574917,0.8872945,0.05000057]",
5195,"[3.487651,0.8630127,0.05000058]",
5196,"[3.401601,0.8001941,0.05000047]",
5197,"[3.530932,0.9619835,0.4669092]",
5198,"[3.535921,0.9619834,0.48146]",
5199,"[3.569218,0.9619835,0.5041764]",
5200,"[3.583317,0.9619835,0.5109228]",
5201,"[3.646255,0.9415264,0.4729822]",
5202,"[3.512853,0.7198409,0.05000046]",
5203,"[3.575852,0.7201689,0.05000034]",
5204,"[3.645743,0.7198936,0.05000045]",
5205,"[3.807585,0.9980045,0.5847858]",
5206,"[3.887151,0.9980045,0.5974045]",
5207,"[3.907913,0.9980045,0.6051303]",
5208,"[3.957185,0.9980045,0.6264518]",
5209,"[4.000872,0.9980045,0.6401564]",
5210,"[4.048392,0.9980045,0.6555865]",
5211,"[4.070765,0.9980045,0.6517926]",
5212,"[4.090266,0.9980045,0.647055]",
5213,"[4.124084,0.9980045,0.6347926]",
5214,"[4.131369,0.9980045,0.6311788]",
5215,"[4.148184,0.9980045,0.6322298]",
5216,"[4.156511,0.9980045,0.6393545]",
5217,"[4.170325,0.9980045,0.7935508]",
5218,"[4.174679,0.9980045,0.858013]",
5219,"[4.178786,0.9888213,0.8830875]",
5220,"[4.195753,0.8144361,0.8400434]",
5221,"[4.189536,0.7968318,0.8599696]",
5222,"[4.180987,0.7644817,0.8599696]",
5223,"[4.176029,0.7555708,0.8599696]",
5224,"[4.164286,0.7419581,0.8599696]",
5225,"[4.157821,0.7356406,0.8599696]",
5226,"[4.146224,0.7295622,0.8599696]",
5227,"[4.140366,0.7251353,0.8599696]",
5228,"[4.130487,0.7188364,0.8599696]",
5229,"[4.108309,0.7045411,0.8599696]",
5230,"[4.09611,0.6941063,0.8599696]",
5231,"[4.078705,0.6781852,0.8599696]",
5232,"[4.073112,0.6714575,0.8599696]",
5233,"[4.065735,0.6606345,0.8599696]",
5234,"[4.063353,0.6557168,0.8599696]",
5235,"[4.061451,0.650867,0.8599696]",
5236,"[4.060218,0.6448758,0.8599696]",
5237,"[4.060785,0.6430901,0.8599696]",
5238,"[4.064365,0.6426323,0.8599696]",
5239,"[4.066823,0.6424359,0.8599696]",
5240,"[4.071592,0.641225,0.8599696]",
5241,"[4.074343,0.6407611,0.8599696]",
5242,"[4.076295,0.6405227,0.8599696]",
5243,"[4.080015,0.6390518,0.8599696]",
5244,"[4.081977,0.6378279,0.8599696]",
5245,"[4.084872,0.6353935,0.8599696]",
5246,"[4.080906,0.8130299,1.036262]",
5247,"[4.080656,0.8062484,1.03067]",
5248,"[4.080188,0.8031084,1.02812]",
5249,"[4.078663,0.797306,1.022448]",
5250,"[4.077462,0.7954726,1.0202]",
5251,"[4.075645,0.7944552,1.017926]",
5252,"[4.070493,0.7926644,1.013656]",
5253,"[4.067204,0.7918105,1.01158]",
5254,"[4.060356,0.7898449,1.007768]",
5255,"[4.056193,0.7889667,1.005906]",
5256,"[4.04906,0.647159,0.8599696]",
5257,"[4.035274,0.6547174,0.8599696]",
5258,"[3.98105,0.6764723,0.8599696]",
5259,"[3.678175,0.1,0.248216]",
5260,"[3.241537,0.4665541,0.602956]",
5261,"[3.116794,0.4560975,0.602956]",
5262,"[3.151856,0.8695161,1.100434]",
5263,"[3.100622,0.9161758,1.19974]",
5264,"[3.060258,0.9206412,1.239633]",
5265,"[2.615519,0.6561837,1.119452]",
5266,"[2.55075,0.6354708,1.155085]",
5267,"[2.488604,0.6147217,1.179435]",
5268,"[2.449716,0.5997988,1.194664]",
5269,"[2.410568,0.5806856,1.198004]",
5270,"[2.428162,0.5806856,1.195965]",
5271,"[2.490433,0.5806856,1.168552]",
5272,"[2.630974,0.5942996,1.111769]",
5273,"[2.648566,0.5942996,1.103233]",
5274,"[2.68175,0.5806856,1.063487]",
5275,"[3.075883,0.8716906,1.247692]",
5276,"[3.08181,0.8637328,1.236204]",
5277,"[3.087609,0.8532915,1.224965]",
5278,"[3.093034,0.8447853,1.214448]",
5279,"[3.103295,0.8285583,1.19456]",
5280,"[3.105823,0.8236076,1.18966]",
5281,"[3.110363,0.8147463,1.180861]",
5282,"[3.111516,0.8119106,1.178624]",
5283,"[3.11272,0.8097309,1.176292]",
5284,"[3.115704,0.8050284,1.170508]",
5285,"[3.116302,0.8034046,1.169348]",
5286,"[3.116553,0.8017891,1.168862]",
5287,"[3.115902,0.8012037,1.170123]",
5288,"[3.105739,0.8081564,1.189822]",
5289,"[3.097116,0.8133152,1.206536]",
5290,"[3.088136,0.8180429,1.223942]",
5291,"[2.630812,0.5806856,1.35369]",
5292,"[2.577705,0.5806856,1.529352]",
5293,"[2.713644,0.7073249,1.655474]",
5294,"[2.622062,0.6407135,1.690605]",
5295,"[2.644841,0.667143,1.753677]",
5296,"[2.656726,0.6828523,1.786781]",
5297,"[2.668696,0.697255,1.819977]",
5298,"[2.680124,0.7125582,1.851828]",
5299,"[2.682202,0.7140989,1.857492]",
5300,"[2.6889,0.7259113,1.876456]",
5301,"[2.693445,0.7372373,1.889663]",
5302,"[2.704511,0.7675791,1.922106]",
5303,"[2.711067,0.7877347,1.94155]",
5304,"[2.644797,0.7896652,1.998506]",
5305,"[2.050001,0.5049673,2.202623]",
5306,"[2.050001,0.5508386,2.25635]",
5307,"[2.050001,0.6668081,2.387305]",
5308,"[2.050001,0.709479,2.435912]",
5309,"[2.050001,0.7614088,2.511772]",
5310,"[2.050001,0.7786804,2.552808]",
5311,"[2.050001,0.7862043,2.561337]",
5312,"[2.050001,0.7848992,2.557557]",
5313,"[2.050001,0.7844778,2.557354]",
5314,"[2.050001,0.7762477,2.540405]",
5315,"[2.050001,0.7752705,2.539047]",
5316,"[2.050001,0.7679155,2.52106]",
5317,"[2.050001,0.7644256,2.495578]",
5318,"[2.050001,0.7640709,2.479745]",
5319,"[2.050001,0.7625365,2.478303]",
5320,"[2.05,0.7104629,2.651929]",
5321,"[2.05,0.6916307,2.716523]",
5322,"[2.05,0.6103336,2.877236]",
5323,"[2.05,0.5575578,2.988134]",
5324,"[2.05,0.5421419,3.023061]",
5325,"[2.05,0.5271948,3.053124]",
5326,"[2.05,0.5246126,3.05535]",
5327,"[2.05,0.5200741,3.043485]",
5328,"[2.05,0.5191564,3.023198]",
5329,"[2.05,0.5338694,2.921954]",
5330,"[2.05,0.5772316,2.698111]",
5331,"[2.05,0.6020084,2.549882]",
5332,"[2.050001,0.6361846,2.188793]",
5333,"[2.54974,0.9319029,2.008564]",
5334,"[2.05,0.6629661,1.313185]",
5335,"[2.05,0.6444708,1.115175]",
5336,"[2.05,0.6938896,0.3260412]",
5337,"[2.957713,1.059408,0.05000025]",
5338,"[3.114196,1.110387,0.05000036]",
5339,"[3.535335,1.268046,0.05000057]",
5340,"[3.710299,1.306564,0.05000069]",
5341,"[4.098185,1.418365,0.04999969]",
5342,"[4.322959,1.447012,0.04999984]",
5343,"[4.663637,1.472788,0.05000005]",
5344,"[4.843766,1.468109,0.05000016]",
5345,"[5.024862,1.470123,0.05000027]",
5346,"[5.190221,1.509045,0.3357778]",
5347,"[5.323913,1.52155,0.45866]",
5348,"[5.524955,1.546228,0.6434469]",
5349,"[5.65636,1.548573,0.7642273]",
5350,"[5.950001,1.546856,0.9118025]",
5351,"[5.95,1.560169,1.055799]",
5352,"[5.95,1.578826,1.286068]",
5353,"[5.95,1.585589,1.402379]",
5354,"[5.95,1.576736,1.400981]",
5355,"[5.95,1.54861,1.393233]",
5356,"[5.95,1.545746,1.394138]",
5357,"[5.95,1.547926,1.480589]",
5358,"[5.598077,1.595776,1.661315]",
5359,"[5.615501,1.608165,1.843922]",
5360,"[5.701923,1.60536,1.91667]",
5361,"[5.95,1.609943,2.343489]",
5362,"[5.658477,1.642817,2.523924]",
5363,"[5.566294,1.653282,2.582867]",
5364,"[5.536566,1.664092,2.716021]",
5365,"[5.555963,1.669935,2.801197]",
5366,"[5.558298,1.673272,2.808205]",
5367,"[5.554696,1.674024,2.790124]",
5368,"[5.558806,1.678884,2.802713]",
5369,"[5.557115,1.679148,2.794622]",
5370,"[5.557106,1.67778,2.796755]",
5371,"[5.564967,1.662635,2.853081]",
5372,"[5.95,1.621231,3.307772]",
5373,"[5.95,1.617732,3.515954]",
5374,"[5.95,1.624921,4.095934]",
5375,"[5.438851,1.643324,3.982869]",
5376,"[5.289708,1.645826,3.982874]",
5377,"[5.174676,1.649057,3.982881]",
5378,"[4.961036,1.668705,3.982922]",
5379,"[4.948736,1.669458,3.982924]",
5380,"[4.842535,1.678639,3.982943]",
5381,"[4.738636,1.688428,3.982964]",
5382,"[4.500401,1.714184,3.983018]",
5383,"[4.384512,1.725125,3.983041]",
5384,"[3.893337,1.837928,5.04]",
5385,"[3.767598,1.852861,5.04]",
5386,"[3.642753,1.86494,5.04]",
5387,"[3.41575,1.869629,5.04]",
5388,"[3.321199,1.865705,5.025681]",
5389,"[3.241532,1.845073,4.995476]",
5390,"[3.246896,1.830348,4.99231]",
5391,"[3.372126,1.774009,5.017219]",
5392,"[3.502443,1.737975,5.04]",
5393,"[3.544089,1.723274,5.04]",
5394,"[3.647853,1.700765,5.04]",
5395,"[3.694187,1.697022,5.04]",
5396,"[3.883615,1.717532,5.04]",
5397,"[4.031392,1.742158,3.957227]",
5398,"[4.13795,1.744487,4.368123]",
5399,"[4.208362,1.750534,3.983094]",
5400,"[4.263693,1.752439,3.983098]",
5401,"[4.387668,1.754373,3.983102]",
5402,"[4.444742,1.754339,3.983102]",
5403,"[4.550644,1.751155,3.983095]",
5404,"[4.59579,1.745395,3.983083]",
5405,"[4.671085,1.733799,3.983059]",
5406,"[4.70542,1.728544,3.983048]",
5407,"[4.748769,1.722983,3.983036]",
5408,"[4.424325,1.755625,2.945001]",
5409,"[4.416202,1.755493,2.945733]",
5410,"[4.41026,1.756841,2.944109]",
5411,"[4.409044,1.75699,2.943148]",
5412,"[4.411466,1.752719,2.94256]",
5413,"[4.41449,1.748983,2.942533]",
5414,"[4.417117,1.741537,2.944444]",
5415,"[4.416212,1.739611,2.94564]",
5416,"[4.411262,1.738825,2.947952]",
5417,"[4.402177,1.738227,2.954607]",
5418,"[4.397532,1.73632,2.960447]",
5419,"[4.631394,1.660967,3.982906]",
5420,"[4.619503,1.638641,3.982859]",
5421,"[4.598998,1.60033,3.982779]",
5422,"[4.592674,1.588678,3.982755]",
5423,"[4.588381,1.5836,3.982744]",
5424,"[4.585097,1.58204,3.982741]",
5425,"[4.584888,1.583712,3.982744]",
5426,"[4.590105,1.602494,3.982784]",
5427,"[4.594222,1.612168,3.982804]",
5428,"[4.602561,1.625294,3.982831]",
5429,"[4.604186,1.626799,3.982835]",
5430,"[4.607711,1.62675,3.982835]",
5431,"[4.610548,1.625475,3.982832]",
5432,"[4.614847,1.623296,3.982827]",
5433,"[4.620854,1.61989,3.98282]",
5434,"[4.623497,1.619637,3.98282]",
5435,"[4.627579,1.620488,3.982821]",
5436,"[4.628893,1.620759,3.982822]",
5437,"[4.631201,1.626718,3.982834]",
5438,"[4.631967,1.630105,3.982841]",
5439,"[4.632839,1.63342,3.982848]",
5440,"[4.634128,1.639496,3.982861]",
5441,"[4.633203,1.642032,3.982867]",
5442,"[4.627866,1.644338,3.982871]",
5443,"[4.624022,1.644239,3.982871]",
5444,"[4.615326,1.644504,3.982872]",
5445,"[4.611239,1.645947,3.982875]",
5446,"[4.604434,1.65074,3.982885]",
5447,"[4.601806,1.652423,3.982888]",
5448,"[4.599331,1.654401,3.982893]",
5449,"[4.596116,1.65566,3.982895]",
5450,"[4.594593,1.65554,3.982895]",
5451,"[4.59202,1.653442,3.98289]",
5452,"[4.590376,1.651704,3.982887]",
5453,"[4.58694,1.648042,3.982879]",
5454,"[4.586372,1.645922,3.982875]",
5455,"[4.585968,1.644667,3.982872]",
5456,"[4.585828,1.6437,3.98287]",
5457,"[4.58584,1.643646,3.98287]",
5458,"[4.586404,1.643878,3.98287]",
5459,"[4.588962,1.644224,3.982871]",
5460,"[4.59479,1.645313,3.982873]",
5461,"[4.598909,1.645729,3.982874]",
5462,"[4.607939,1.644887,3.982872]",
5463,"[4.612802,1.643594,3.98287]",
5464,"[4.61798,1.641304,3.982865]",
5465,"[4.628166,1.635387,3.982853]",
5466,"[4.632092,1.632946,3.982847]",
5467,"[4.640278,1.626924,3.982835]",
5468,"[4.644447,1.623663,3.982828]",
5469,"[4.613004,1.671218,3.43136]",
5470,"[4.617521,1.669738,3.432385]",
5471,"[4.622232,1.668117,3.43836]",
5472,"[4.629742,1.666335,3.450336]",
5473,"[4.634001,1.665665,3.455952]",
5474,"[4.642509,1.665577,3.468522]",
5475,"[4.646959,1.665739,3.474781]",
5476,"[4.654914,1.663831,3.487868]",
5477,"[4.65962,1.66287,3.494488]",
5478,"[4.664301,1.664209,3.501114]",
5479,"[4.723158,1.624866,3.982831]",
5480,"[4.728801,1.627478,3.982836]",
5481,"[4.738889,1.631624,3.982845]",
5482,"[4.742916,1.632704,3.982847]",
5483,"[4.747491,1.632554,3.982847]",
5484,"[4.748462,1.631966,3.982846]",
5485,"[4.749978,1.631102,3.982844]",
5486,"[4.750531,1.631126,3.982844]",
5487,"[4.751112,1.631385,3.982844]",
5488,"[4.752336,1.632463,3.982846]",
5489,"[4.752818,1.632977,3.982848]",
5490,"[4.753096,1.633392,3.982848]",
5491,"[4.753023,1.633378,3.982848]",
5492,"[4.752841,1.63329,3.982848]",
5493,"[4.750816,1.632599,3.982847]",
5494,"[4.749792,1.632663,3.982847]",
5495,"[4.748167,1.633361,3.982848]",
5496,"[4.74757,1.633858,3.982849]",
5497,"[4.747074,1.634816,3.982852]",
5498,"[4.747111,1.635069,3.982852]",
5499,"[4.747263,1.63515,3.982852]",
5500,"[4.747645,1.635152,3.982852]",
5501,"[4.747961,1.634899,3.982852]",
5502,"[4.748307,1.63439,3.982851]",
5503,"[4.748307,1.63439,3.982851]",
5504,"[4.748667,1.633587,3.982849]",
5505,"[4.730732,1.564773,3.982705]",
5506,"[4.724151,1.530934,3.982634]",
5507,"[4.721068,1.512993,3.982596]",
5508,"[4.717219,1.500487,3.98257]",
5509,"[4.715076,1.493675,3.982556]",
5510,"[4.712427,1.483238,3.982534]",
5511,"[4.712009,1.48108,3.982529]",
5512,"[4.711846,1.47964,3.982526]",
5513,"[4.712747,1.478661,3.982524]",
5514,"[4.713311,1.478646,3.982524]",
5515,"[4.715144,1.478604,3.982524]",
5516,"[4.716337,1.478619,3.982524]",
5517,"[4.719001,1.476974,3.982521]",
5518,"[4.720377,1.475563,3.982518]",
5519,"[4.721564,1.470902,3.982508]",
5520,"[4.721592,1.467613,3.982501]",
5521,"[4.721571,1.464733,3.982495]",
5522,"[4.721551,1.460779,3.982487]",
5523,"[4.721528,1.459794,3.982485]",
5524,"[4.720982,1.458638,3.982482]",
5525,"[4.720517,1.458136,3.982481]",
5526,"[4.72001,1.457157,3.982479]",
5527,"[4.719933,1.456627,3.982478]",
5528,"[4.719963,1.455943,3.982477]",
5529,"[4.720399,1.453657,3.982472]",
5530,"[4.720873,1.45188,3.982468]",
5531,"[4.721738,1.449592,3.982464]",
5532,"[4.722449,1.448644,3.982461]",
5533,"[4.724123,1.447766,3.98246]",
5534,"[4.725337,1.44836,3.982461]",
5535,"[4.728721,1.450306,3.982465]",
5536,"[4.730521,1.45205,3.982469]",
5537,"[4.73217,1.453562,3.982472]",
5538,"[4.735123,1.457776,3.982481]",
5539,"[4.736217,1.459622,3.982485]",
5540,"[4.737864,1.461898,3.982489]",
5541,"[4.738117,1.46222,3.98249]",
5542,"[4.738369,1.461805,3.982489]",
5543,"[4.73852,1.460834,3.982487]",
5544,"[4.738535,1.459937,3.982485]",
5545,"[4.738367,1.45979,3.982485]",
5546,"[4.738247,1.460375,3.982486]",
5547,"[4.738007,1.46073,3.982487]",
5548,"[4.73789,1.460472,3.982486]",
5549,"[4.737567,1.460537,3.982486]",
5550,"[4.737252,1.461765,3.982489]",
5551,"[4.73626,1.46934,3.968591]",
5552,"[4.735829,1.471595,3.972397]",
5553,"[4.735929,1.471137,3.9787]",
5554,"[4.735406,1.471331,3.982509]",
5555,"[4.73546,1.47128,3.982509]",
5556,"[4.735379,1.471207,3.982509]",
5557,"[4.735498,1.471329,3.982509]",
5558,"[4.735717,1.471631,3.98251]",
5559,"[4.736422,1.474093,3.982515]",
5560,"[4.737331,1.475693,3.982518]",
5561,"[4.73907,1.478428,3.982524]",
5562,"[4.73977,1.479646,3.982526]",
5563,"[4.74123,1.482712,3.982533]",
5564,"[4.741944,1.482816,3.982533]",
5565,"[4.74361,1.482646,3.982533]",
5566,"[4.744452,1.482442,3.982532]",
5567,"[4.744567,1.48262,3.982533]",
5568,"[4.74461,1.483039,3.982533]",
5569,"[4.744647,1.483609,3.982535]",
5570,"[4.744556,1.484493,3.982537]",
5571,"[4.744393,1.484568,3.982537]",
5572,"[4.74388,1.484083,3.982536]",
5573,"[4.743573,1.483611,3.982535]",
5574,"[4.743091,1.482658,3.982533]",
5575,"[4.742867,1.482125,3.982532]",
5576,"[4.742153,1.480906,3.982529]",
5577,"[4.741923,1.4804,3.982528]",
5578,"[4.741418,1.479907,3.982527]",
5579,"[4.740664,1.479033,3.982525]",
5580,"[4.740307,1.478547,3.982524]",
5581,"[4.739921,1.4778,3.982522]",
5582,"[4.739839,1.477516,3.982522]",
5583,"[4.739801,1.477443,3.982522]",
5584,"[4.7397,1.477373,3.982522]",
5585,"[4.738247,1.478043,3.982523]",
5586,"[4.738147,1.477979,3.982523]",
5587,"[4.738026,1.477909,3.982523]",
5588,"[4.739282,1.479185,3.982525]",
5589,"[4.739993,1.480181,3.982527]",
5590,"[4.740726,1.481407,3.98253]",
5591,"[4.740907,1.481908,3.982531]",
5592,"[4.741351,1.482917,3.982533]",
5593,"[4.741687,1.483503,3.982534]",
5594,"[4.741939,1.483948,3.982535]",
5595,"[4.742233,1.484587,3.982537]",
5596,"[4.742309,1.484809,3.982537]",
5597,"[4.742515,1.485778,3.982539]",
5598,"[4.742601,1.4862,3.98254]",
5599,"[4.742861,1.486969,3.982542]",
5600,"[4.742947,1.487382,3.982543]",
5601,"[4.743005,1.487749,3.982543]",
5602,"[4.743102,1.488627,3.982545]",
5603,"[4.743137,1.489141,3.982546]",
5604,"[4.743229,1.490007,3.982548]",
5605,"[4.743274,1.4904,3.982549]",
5606,"[4.743913,1.491415,3.982551]",
5607,"[4.744164,1.491946,3.982552]",
5608,"[4.744397,1.492449,3.982553]",
5609,"[4.744884,1.493203,3.982555]",
5610,"[4.745071,1.493562,3.982556]",
5611,"[4.745255,1.494761,3.982558]",
5612,"[4.744936,1.495912,3.98256]",
5613,"[4.700785,1.546003,3.982666]",
5614,"[4.681417,1.567834,3.982711]",
5615,"[4.5887,1.72875,3.983048]",
5616,"[4.572271,1.757031,3.983107]",
5617,"[4.563749,1.77108,3.983137]",
5618,"[4.551225,1.790997,3.983179]",
5619,"[4.545484,1.800018,3.983197]",
5620,"[4.537677,1.811024,3.983221]",
5621,"[4.534723,1.814645,3.983228]",
5622,"[4.532006,1.819865,3.983239]",
5623,"[4.530589,1.82363,3.983247]",
5624,"[4.529985,1.827393,3.983255]",
5625,"[4.626537,1.862468,3.983328]",
5626,"[4.653262,1.872617,3.98335]",
5627,"[4.682343,1.887146,3.98338]",
5628,"[4.692708,1.893728,3.983394]",
5629,"[4.703269,1.90078,3.983408]",
5630,"[4.706345,1.901387,3.98341]",
5631,"[4.712276,1.902664,3.983413]",
5632,"[4.714761,1.901654,3.98341]",
5633,"[4.71685,1.90062,3.983408]",
5634,"[4.719779,1.895954,3.983398]",
5635,"[4.720353,1.891986,3.98339]",
5636,"[4.720099,1.884605,3.983375]",
5637,"[4.718204,1.88095,3.983367]",
5638,"[4.716379,1.877712,3.98336]",
5639,"[4.713036,1.875735,3.983356]",
5640,"[4.710969,1.875666,3.983356]",
5641,"[4.703464,1.877599,3.98336]",
5642,"[4.69331,1.879629,3.983364]",
5643,"[4.680669,1.883129,3.983371]",
5644,"[4.675718,1.884772,3.983375]",
5645,"[4.668658,1.888032,3.983382]",
5646,"[4.665809,1.889654,3.983385]",
5647,"[4.663986,1.890177,3.983386]",
5648,"[4.659098,1.892045,3.98339]",
5649,"[4.656862,1.892548,3.983391]",
5650,"[4.653468,1.893213,3.983393]",
5651,"[4.652217,1.89333,3.983393]",
5652,"[4.649184,1.893775,3.983394]",
5653,"[4.646966,1.894398,3.983395]",
5654,"[4.644261,1.893956,3.983394]",
5655,"[4.534968,1.818522,3.983236]",
5656,"[4.505624,1.799637,3.983197]",
5657,"[4.477262,1.77602,3.983147]",
5658,"[4.467739,1.766601,3.983127]",
5659,"[4.456637,1.755711,3.983105]",
5660,"[4.451506,1.748763,3.98309]",
5661,"[4.441905,1.73531,3.983062]",
5662,"[4.439915,1.727368,3.983045]",
5663,"[4.437027,1.717774,3.983025]",
5664,"[4.433742,1.693646,3.982975]",
5665,"[4.43027,1.679591,3.982945]",
5666,"[4.424488,1.661443,3.982907]",
5667,"[4.424663,1.660246,3.982905]",
5668,"[4.424173,1.658732,3.982902]",
5669,"[4.424535,1.658871,3.982902]",
5670,"[4.42479,1.659196,3.982903]",
5671,"[4.429096,1.664828,3.982914]",
5672,"[4.43141,1.667791,3.98292]",
5673,"[4.434696,1.671226,3.982928]",
5674,"[4.436118,1.672477,3.98293]",
5675,"[4.440976,1.692344,3.982972]",
5676,"[4.44344,1.704432,3.982997]",
5677,"[4.442787,1.725405,3.983041]",
5678,"[4.440929,1.735263,3.983062]",
5679,"[4.438709,1.7434,3.983079]",
5680,"[4.435979,1.749898,3.983093]",
5681,"[4.43513,1.749751,3.983092]",
5682,"[4.434165,1.749698,3.983092]",
5683,"[4.434152,1.749673,3.983092]",
5684,"[4.434105,1.749556,3.983092]",
5685,"[4.433918,1.749434,3.983092]",
5686,"[4.433012,1.748742,3.98309]",
5687,"[4.429425,1.746202,3.983085]",
5688,"[4.426369,1.744004,3.98308]",
5689,"[4.42096,1.738794,3.983069]",
5690,"[4.418208,1.736425,3.983064]",
5691,"[4.416659,1.731087,3.983053]",
5692,"[4.416609,1.728347,3.983047]",
5693,"[4.416397,1.726106,3.983043]",
5694,"[4.416422,1.722714,3.983036]",
5695,"[4.416513,1.722183,3.983034]",
5696,"[4.416557,1.72217,3.983034]",
5697,"[4.417112,1.722635,3.983035]",
5698,"[4.417631,1.723499,3.983037]",
5699,"[4.417656,1.723501,3.983037]",
5700,"[4.417589,1.72356,3.983037]",
5701,"[4.417466,1.723659,3.983037]",
5702,"[4.41736,1.723801,3.983038]",
5703,"[4.402308,1.920444,3.98345]",
5704,"[4.39123,1.954204,3.98352]",
5705,"[4.383769,1.976522,3.983567]",
5706,"[4.382584,1.979154,3.983573]",
5707,"[4.383921,1.90011,3.983407]",
5708,"[4.387558,1.860207,3.983324]",
5709,"[4.43336,1.799475,3.983196]",
5710,"[4.467877,1.75448,3.983102]",
5711,"[4.481926,1.737012,3.983065]",
5712,"[4.501083,1.705729,3.983]",
5713,"[4.507912,1.689612,3.982966]",
5714,"[4.502646,1.66373,3.982912]",
5715,"[4.500466,1.652409,3.982888]",
5716,"[4.499135,1.646037,3.982875]",
5717,"[4.500428,1.638634,3.982859]",
5718,"[4.502946,1.63655,3.982855]",
5719,"[4.507156,1.633572,3.982849]",
5720,"[4.509286,1.632435,3.982846]",
5721,"[4.512772,1.632954,3.982847]",
5722,"[4.514983,1.634437,3.982851]",
5723,"[4.518121,1.636387,3.982855]",
5724,"[4.519196,1.636989,3.982856]",
5725,"[4.519994,1.637417,3.982857]",
5726,"[4.520295,1.637826,3.982858]",
5727,"[4.520333,1.638059,3.982858]",
5728,"[4.520094,1.638636,3.982859]",
5729,"[4.519607,1.639218,3.982861]",
5730,"[4.518253,1.640634,3.982864]",
5731,"[4.517272,1.641607,3.982866]",
5732,"[4.516294,1.642664,3.982868]",
5733,"[4.514082,1.645087,3.982873]",
5734,"[4.513463,1.646596,3.982876]",
5735,"[4.511496,1.651617,3.982887]",
5736,"[4.509647,1.656909,3.982898]",
5737,"[4.504355,1.674634,3.982935]",
5738,"[4.500417,1.68977,3.982966]",
5739,"[4.498421,1.720381,3.983031]",
5740,"[4.496254,1.740714,3.983073]",
5741,"[4.494706,1.756238,3.983106]",
5742,"[4.492355,1.774064,3.983143]",
5743,"[4.491404,1.778672,3.983153]",
5744,"[4.490912,1.78222,3.98316]",
5745,"[4.491392,1.781859,3.983159]",
5746,"[4.496362,1.773231,3.983141]",
5747,"[4.499977,1.765872,3.983126]",
5748,"[4.504017,1.75949,3.983113]",
5749,"[4.514068,1.742552,3.983077]",
5750,"[4.520135,1.732569,3.983056]",
5751,"[4.532242,1.716316,3.983022]",
5752,"[4.538064,1.710927,3.983011]",
5753,"[4.549914,1.702784,3.982994]",
5754,"[4.552573,1.701191,3.982991]",
5755,"[4.556222,1.699616,3.982987]",
5756,"[4.557125,1.699401,3.982987]",
5757,"[4.558565,1.699341,3.982986]",
5758,"[4.560583,1.699891,3.982988]",
5759,"[4.560507,1.700162,3.982988]",
5760,"[4.561062,1.700918,3.98299]",
5761,"[4.560318,1.700349,3.982989]",
5762,"[4.559344,1.69917,3.982986]",
5763,"[4.558827,1.698382,3.982985]",
5764,"[4.556962,1.696887,3.982981]",
5765,"[4.553384,1.694111,3.982976]",
5766,"[4.547971,1.692109,3.982971]",
5767,"[4.536365,1.688057,3.982963]",
5768,"[4.530025,1.685807,3.982958]",
5769,"[4.517152,1.680825,3.982948]",
5770,"[4.511358,1.67928,3.982944]",
5771,"[4.500612,1.67765,3.982941]",
5772,"[4.495296,1.677595,3.982941]",
5773,"[4.490604,1.677687,3.982941]",
5774,"[4.485681,1.678178,3.982942]",
5775,"[4.483571,1.678469,3.982943]",
5776,"[4.479596,1.679487,3.982945]",
5777,"[4.477831,1.680137,3.982946]",
5778,"[4.476976,1.680852,3.982948]",
5779,"[4.477098,1.681107,3.982948]",
5780,"[4.477375,1.681345,3.982949]",
5781,"[4.480873,1.681631,3.982949]",
5782,"[4.483963,1.680116,3.982946]",
5783,"[4.491889,1.675647,3.982937]",
5784,"[4.497346,1.67167,3.982929]",
5785,"[4.508862,1.66206,3.982908]",
5786,"[4.513338,1.656786,3.982898]",
5787,"[4.517985,1.651015,3.982885]",
5788,"[4.52405,1.640581,3.982863]",
5789,"[4.524228,1.637581,3.982857]",
5790,"[4.524045,1.629382,3.98284]",
5791,"[4.520897,1.626995,3.982835]",
5792,"[4.514479,1.623526,3.982828]",
5793,"[4.51032,1.622169,3.982825]",
5794,"[4.499951,1.62088,3.982822]",
5795,"[4.493884,1.620392,3.982821]",
5796,"[4.488119,1.62113,3.982823]",
5797,"[4.479299,1.620862,3.982822]",
5798,"[4.474468,1.619607,3.98282]",
5799,"[4.466083,1.616641,3.982813]",
5800,"[4.462306,1.615016,3.98281]",
5801,"[4.45989,1.613392,3.982806]",
5802,"[4.459224,1.613527,3.982807]",
5803,"[4.45816,1.613552,3.982807]",
5804,"[4.456437,1.613755,3.982807]",
5805,"[4.455808,1.613923,3.982808]",
5806,"[4.455804,1.616303,3.982813]",
5807,"[4.456199,1.617834,3.982816]",
5808,"[4.484385,1.634924,3.982852]",
5809,"[4.654546,1.788606,3.983174]",
5810,"[4.688724,1.81625,3.983232]",
5811,"[4.710819,1.830727,3.983262]",
5812,"[4.726907,1.840848,3.983283]",
5813,"[4.751731,1.855389,3.983313]",
5814,"[4.757736,1.859543,3.983322]",
5815,"[4.767886,1.865301,3.983334]",
5816,"[4.772482,1.867529,3.983339]",
5817,"[4.776855,1.870041,3.983344]",
5818,"[4.780272,1.87227,3.983349]",
5819,"[4.781112,1.873431,3.983351]",
5820,"[4.784255,1.878065,3.983361]",
5821,"[4.784162,1.881583,3.983368]",
5822,"[4.771961,1.895318,3.983397]",
5823,"[4.767346,1.902139,3.983411]",
5824,"[4.748567,1.918414,3.983445]",
5825,"[4.73964,1.924475,3.983458]",
5826,"[4.731483,1.931088,3.983472]",
5827,"[4.717071,1.946182,3.983504]",
5828,"[4.710464,1.951904,3.983516]",
5829,"[4.699339,1.963787,3.983541]",
5830,"[4.692845,1.967291,3.983548]",
5831,"[4.682101,1.975493,3.983565]",
5832,"[4.665136,1.975957,3.983566]",
5833,"[4.646672,1.97732,3.983569]",
5834,"[4.640387,1.974482,3.983563]",
5835,"[4.636057,1.97206,3.983558]",
5836,"[4.626935,1.958627,3.98353]",
5837,"[4.624287,1.952379,3.983516]",
5838,"[4.619932,1.941,3.983493]",
5839,"[4.61857,1.937087,3.983485]",
5840,"[4.61717,1.931496,3.983473]",
5841,"[4.616973,1.929688,3.983469]",
5842,"[4.616903,1.928703,3.983467]",
5843,"[4.616959,1.92783,3.983465]",
5844,"[4.617042,1.92767,3.983465]",
5845,"[4.617464,1.926768,3.983463]",
5846,"[4.617768,1.926308,3.983462]",
5847,"[4.618424,1.925733,3.983461]",
5848,"[4.618832,1.925544,3.98346]",
5849,"[4.619701,1.925335,3.98346]",
5850,"[4.619719,1.925223,3.98346]",
5851,"[4.619786,1.924976,3.983459]",
5852,"[4.620059,1.923777,3.983457]",
5853,"[4.620262,1.922971,3.983455]",
5854,"[4.622822,1.92123,3.983451]",
5855,"[4.624215,1.920853,3.98345]",
5856,"[4.682561,1.920902,3.983451]",
5857,"[4.694956,1.921674,3.983452]",
5858,"[4.704011,1.922588,3.983454]",
5859,"[4.714486,1.924387,3.983458]",
5860,"[4.719214,1.925653,3.983461]",
5861,"[4.724719,1.926296,3.983462]",
5862,"[4.727103,1.926504,3.983462]",
5863,"[4.731328,1.926836,3.983463]",
5864,"[4.73319,1.926789,3.983463]",
5865,"[4.734919,1.926728,3.983463]",
5866,"[4.736427,1.926417,3.983462]",
5867,"[4.737439,1.926148,3.983462]",
5868,"[4.7395,1.9246,3.983458]",
5869,"[4.740617,1.923895,3.983457]",
5870,"[4.743916,1.921543,3.983452]",
5871,"[4.746076,1.920177,3.983449]",
5872,"[4.747247,1.919881,3.983449]",
5873,"[4.748725,1.920251,3.983449]",
5874,"[4.750138,1.920931,3.983451]",
5875,"[4.754944,1.923118,3.983455]",
5876,"[4.758698,1.92437,3.983458]",
5877,"[4.767764,1.926793,3.983463]",
5878,"[4.788975,1.928205,3.983466]",
5879,"[4.829097,1.928797,3.983467]",
5880,"[4.845273,1.928101,3.983466]",
5881,"[4.860731,1.927048,3.983464]",
5882,"[4.884818,1.923588,3.983456]",
5883,"[4.896904,1.920513,3.98345]",
5884,"[4.917058,1.912699,3.983433]",
5885,"[4.929629,1.907665,3.983423]",
5886,"[4.954962,1.904409,3.983416]",
5887,"[4.961577,1.905021,3.983417]",
5888,"[4.980833,1.908762,3.983425]",
5889,"[4.990894,1.911101,3.98343]",
5890,"[5.00299,1.91369,3.983436]",
5891,"[5.013011,1.919013,3.983447]",
5892,"[5.016828,1.921937,3.983453]",
5893,"[5.03754,1.931251,3.983472]",
5894,"[5.05206,1.936982,3.983484]",
5895,"[5.087008,1.949392,3.98351]",
5896,"[5.109914,1.956235,3.983525]",
5897,"[5.126029,1.961925,3.983536]",
5898,"[5.192071,1.975794,3.983566]",
5899,"[5.209326,1.977669,3.98357]",
5900,"[5.267983,1.984449,3.983584]",
5901,"[5.314918,1.989896,3.983595]",
5902,"[5.463691,2.005671,3.983628]",
5903,"[5.55531,2.01079,3.956956]",
5904,"[5.949999,2.174328,3.759137]",
5905,"[5.95,2.252491,3.365657]",
5906,"[5.95,2.255384,3.293615]",
5907,"[5.616,2.119185,2.890941]",
5908,"[5.616,2.115181,2.83574]",
5909,"[5.608872,2.082161,2.569361]",
5910,"[5.55923,2.06635,2.534673]",
5911,"[5.582118,2.055595,2.343394]",
5912,"[5.576069,2.02077,2.204861]",
5913,"[5.573989,2.014256,2.157218]",
5914,"[5.676743,2.012085,2.003907]",
5915,"[5.667961,2.002165,1.958617]",
5916,"[5.664033,1.99437,1.938361]",
5917,"[5.665244,1.992761,1.944608]",
5918,"[5.662884,1.992453,1.932437]",
5919,"[5.666233,1.99653,1.949706]",
5920,"[5.674021,2.006706,1.989872]",
5921,"[5.675478,2.00997,1.997383]",
5922,"[5.571797,1.994523,2.107003]",
5923,"[5.572378,1.99977,2.120315]",
5924,"[5.573767,2.005756,2.152134]",
5925,"[5.576051,2.018235,2.204431]",
5926,"[5.576746,2.023756,2.220352]",
5927,"[5.577837,2.060522,2.245335]",
5928,"[5.578193,2.079448,2.253506]",
5929,"[5.578816,2.13048,2.267767]",
5930,"[5.579715,2.167408,2.288348]",
5931,"[5.580177,2.178289,2.298929]",
5932,"[5.580919,2.186964,2.315923]",
5933,"[5.95,2.342412,2.211578]",
5934,"[5.581692,2.186715,2.333635]",
5935,"[5.581884,2.185558,2.338032]",
5936,"[5.582214,2.178118,2.345592]",
5937,"[5.582193,2.17448,2.345119]",
5938,"[5.582169,2.171345,2.344553]",
5939,"[5.571866,2.141772,2.108589]",
5940,"[5.571507,2.140547,2.100349]",
5941,"[5.676882,2.174921,2.004627]",
5942,"[5.674861,2.171394,1.994205]",
5943,"[5.671938,2.164337,1.979131]",
5944,"[5.67091,2.160327,1.97383]",
5945,"[5.67006,2.155589,1.969442]",
5946,"[5.668909,2.137192,1.963508]",
5947,"[5.670185,2.117546,1.970085]",
5948,"[5.672144,2.082447,1.980195]",
5949,"[5.578538,1.903099,2.261396]",
5950,"[5.579256,1.884396,2.277844]",
5951,"[5.579543,1.87357,2.284405]",
5952,"[5.572704,1.862623,2.29644]",
5953,"[5.571708,1.857135,2.301766]",
5954,"[5.571566,1.85652,2.305851]",
5955,"[5.571278,1.858531,2.31409]",
5956,"[5.571422,1.860663,2.318168]",
5957,"[5.607799,1.868831,2.314591]",
5958,"[5.58116,1.871675,2.321441]",
5959,"[5.580062,1.889444,2.296314]",
5960,"[5.579615,1.896306,2.286072]",
5961,"[5.572121,1.925939,2.114427]",
5962,"[5.680386,1.948109,2.022696]",
5963,"[5.677786,1.951585,2.009288]",
5964,"[5.674237,1.953495,1.990987]",
5965,"[5.672136,1.953709,1.980153]",
5966,"[5.668136,1.949833,1.95952]",
5967,"[5.666696,1.946851,1.952096]",
5968,"[5.665116,1.944188,1.943944]",
5969,"[5.662158,1.940197,1.928692]",
5970,"[5.660807,1.939191,1.921723]",
5971,"[5.659529,1.939158,1.915131]",
5972,"[5.65953,1.939135,1.915136]",
5973,"[5.658601,1.939514,1.910348]",
5974,"[5.65885,1.940077,1.911632]",
5975,"[5.660561,1.942138,1.920456]",
5976,"[5.661643,1.943456,1.926035]",
5977,"[5.662495,1.944506,1.93043]",
5978,"[5.665943,1.946234,1.94821]",
5979,"[5.667168,1.945753,1.954528]",
5980,"[5.668987,1.944467,1.963912]",
5981,"[5.669699,1.944162,1.967583]",
5982,"[5.670623,1.944459,1.972347]",
5983,"[5.67093,1.945031,1.973933]",
5984,"[5.67124,1.945959,1.975529]",
5985,"[5.67163,1.948068,1.977544]",
5986,"[5.671836,1.948213,1.978605]",
5987,"[5.672078,1.948337,1.97985]",
5988,"[5.672148,1.948269,1.980214]",
5989,"[5.672223,1.948148,1.9806]",
5990,"[5.672233,1.948204,1.98065]",
5991,"[5.66696,1.987871,1.953456]",
5992,"[5.662526,2.06128,1.930586]",
5993,"[5.661112,2.085632,1.923298]",
5994,"[5.659729,2.111644,1.916166]",
5995,"[5.659327,2.119974,1.914088]",
5996,"[5.659091,2.127655,1.912876]",
5997,"[5.659044,2.129245,1.912633]",
5998,"[5.658954,2.132076,1.912169]",
5999,"[5.658986,2.132833,1.912332]",
6000,"[5.659023,2.13378,1.912524]",
6001,"[5.659114,2.135036,1.912991]",
6002,"[5.65918,2.136265,1.913334]",
6003,"[5.659325,2.13876,1.914078]",
6004,"[5.659383,2.139822,1.914379]",
6005,"[5.659466,2.141314,1.914808]",
6006,"[5.659473,2.141747,1.914844]",
6007,"[5.659455,2.14208,1.914753]",
6008,"[5.659375,2.141921,1.914336]",
6009,"[5.659243,2.141574,1.913657]",
6010,"[5.658813,2.140828,1.91144]",
6011,"[5.658411,2.140335,1.909364]",
6012,"[5.657362,2.139801,1.903956]",
6013,"[5.65672,2.139501,1.900646]",
6014,"[5.655785,2.139063,1.895824]",
6015,"[5.655324,2.138921,1.893446]",
6016,"[5.654912,2.138922,1.891323]",
6017,"[5.654499,2.138963,1.889192]",
6018,"[5.65421,2.139504,1.8877]",
6019,"[5.653972,2.14011,1.886474]",
6020,"[5.654028,2.140303,1.886764]",
6021,"[5.654298,2.141158,1.888158]",
6022,"[5.654463,2.141682,1.889004]",
6023,"[5.654641,2.142256,1.889925]",
6024,"[5.655066,2.143008,1.892118]",
6025,"[5.65532,2.143398,1.893427]",
6026,"[5.65581,2.144319,1.895956]",
6027,"[5.656068,2.144861,1.897282]",
6028,"[5.656633,2.144475,1.900197]",
6029,"[5.65709,2.143468,1.902555]",
6030,"[5.658081,2.141501,1.907664]",
6031,"[5.658647,2.140728,1.910583]",
6032,"[5.659246,2.140249,1.913674]",
6033,"[5.659727,2.139833,1.916153]",
6034,"[5.659969,2.139823,1.917404]",
6035,"[5.646831,2.135868,1.926112]",
6036,"[5.537756,2.104055,1.974145]",
6037,"[5.478797,2.08716,2.000569]",
6038,"[5.446324,2.077934,2.014882]",
6039,"[5.438848,2.076193,2.017734]",
6040,"[5.435591,2.076586,2.017527]",
6041,"[5.434584,2.07698,2.016634]",
6042,"[5.433607,2.077168,2.015268]",
6043,"[5.431515,2.077641,2.012076]",
6044,"[5.429979,2.077724,2.010626]",
6045,"[5.424536,2.077076,2.009559]",
6046,"[5.4203,2.076336,2.009908]",
6047,"[5.415349,2.075229,2.011251]",
6048,"[5.407586,2.0738,2.013186]",
6049,"[5.4045,2.073386,2.013867]",
6050,"[5.401184,2.072887,2.014742]",
6051,"[5.394751,2.071386,2.016709]",
6052,"[5.391572,2.070571,2.017676]",
6053,"[5.385849,2.068981,2.019408]",
6054,"[5.383714,2.068177,2.020391]",
6055,"[5.399391,2.035782,2.018854]",
6056,"[5.405705,2.023157,2.018146]",
6057,"[5.410465,2.014164,2.017507]",
6058,"[5.428666,1.984758,2.013656]",
6059,"[5.433546,1.976979,2.012364]",
6060,"[5.438326,1.967422,2.011023]",
6061,"[5.439397,1.963965,2.010784]",
6062,"[5.438249,1.95959,2.011239]",
6063,"[5.436648,1.958299,2.011032]",
6064,"[5.435116,1.957403,2.010777]",
6065,"[5.43402,1.956692,2.00931]",
6066,"[5.434776,1.956734,2.007813]",
6067,"[5.95,2.030858,1.788965]",
6068,"[5.95,2.030587,1.788706]",
6069,"[5.95,2.026761,1.801531]",
6070,"[5.95,2.024314,1.81109]",
6071,"[5.95,2.021875,1.822969]",
6072,"[5.95,2.015819,1.844636]",
6073,"[5.95,2.012863,1.854732]",
6074,"[5.95,2.009042,1.869429]",
6075,"[5.95,2.006474,1.877571]",
6076,"[5.95,1.999274,1.897689]",
6077,"[5.95,1.993206,1.912677]",
6078,"[5.95,1.967458,1.957066]",
6079,"[5.575078,1.916951,2.08086]",
6080,"[5.571579,1.9028,2.101998]",
6081,"[5.572451,1.885759,2.121985]",
6082,"[5.572963,1.875401,2.133714]",
6083,"[5.669063,1.868831,2.122027]",
6084,"[5.696427,1.868831,2.116808]",
6085,"[5.579926,1.863822,2.136717]",
6086,"[5.681498,1.868831,2.1103]",
6087,"[5.655636,1.868245,2.108281]",
6088,"[5.574843,1.870848,2.087578]",
6089,"[5.95,1.889113,1.979286]",
6090,"[5.95,1.894877,1.940236]",
6091,"[5.95,1.896077,1.920101]",
6092,"[5.95,1.896572,1.887186]",
6093,"[5.95,1.896248,1.87145]",
6094,"[5.95,1.894359,1.848943]",
6095,"[5.95,1.894181,1.843831]",
6096,"[5.95,1.894251,1.83746]",
6097,"[5.95,1.895659,1.826438]",
6098,"[5.95,1.897764,1.821871]",
6099,"[5.95,1.903345,1.812801]",
6100,"[5.95,1.907633,1.808237]",
6101,"[5.95,1.915194,1.806841]",
6102,"[5.95,1.921407,1.811995]",
6103,"[5.95,1.92662,1.815633]",
6104,"[5.95,1.939895,1.831035]",
6105,"[5.95,1.947477,1.841544]",
6106,"[5.95,1.961493,1.867465]",
6107,"[5.95,1.966785,1.87734]",
6108,"[5.95,1.972379,1.894055]",
6109,"[5.95,1.972091,1.901027]",
6110,"[5.95,1.971293,1.906734]",
6111,"[5.95,1.966251,1.919688]",
6112,"[5.95,1.96491,1.925697]",
6113,"[5.95,1.972201,1.932149]",
6114,"[5.95,1.980634,1.933992]",
6115,"[5.95,2.000051,1.936432]",
6116,"[5.95,2.009629,1.937373]",
6117,"[5.95,2.013744,1.938542]",
6118,"[5.95,2.013991,1.939056]",
6119,"[5.95,2.013761,1.939553]",
6120,"[5.95,1.996055,1.944282]",
6121,"[5.95,1.989955,1.946313]",
6122,"[5.95,1.980863,1.950546]",
6123,"[5.95,1.977146,1.953135]",
6124,"[5.95,1.968252,1.957985]",
6125,"[5.95,1.960273,1.960456]",
6126,"[5.95,1.954438,1.962781]",
6127,"[5.95,1.949442,1.966489]",
6128,"[5.95,1.949719,1.96792]",
6129,"[5.95,1.95245,1.970353]",
6130,"[5.95,1.954355,1.971279]",
6131,"[5.95,1.957807,1.973605]",
6132,"[5.95,1.95946,1.974199]",
6133,"[5.95,1.961746,1.975334]",
6134,"[5.95,1.962802,1.975941]",
6135,"[5.95,1.965255,1.976581]",
6136,"[5.95,1.975029,1.979615]",
6137,"[5.95,1.980451,1.986974]",
6138,"[5.95,1.992458,2.001626]",
6139,"[5.95,2.000787,2.02784]",
6140,"[5.576313,1.971691,2.07635]",
6141,"[5.574964,1.970556,2.084106]",
6142,"[5.574824,1.967029,2.088113]",
6143,"[5.571353,1.960342,2.096832]",
6144,"[5.571452,1.956868,2.099101]",
6145,"[5.571568,1.952591,2.101767]",
6146,"[5.571594,1.951292,2.102345]",
6147,"[5.571476,1.949667,2.099639]",
6148,"[5.571417,1.949352,2.098299]",
6149,"[5.571307,1.949349,2.095774]",
6150,"[5.574862,1.952674,2.087049]",
6151,"[5.5751,1.956853,2.08022]",
6152,"[5.95,2.196378,1.91812]",
6153,"[5.95,2.214584,1.903861]",
6154,"[5.95,2.359042,1.823294]",
6155,"[5.95,2.382253,1.80652]",
6156,"[5.95,2.413477,1.780118]",
6157,"[5.95,2.415303,1.774202]",
6158,"[5.95,2.417533,1.7685]",
6159,"[5.95,2.41438,1.758695]",
6160,"[5.95,2.414249,1.754243]",
6161,"[5.95,2.411706,1.754338]",
6162,"[5.95,2.411591,1.753526]",
6163,"[5.254402,2.122582,1.942786]",
6164,"[5.230623,2.120185,1.940754]",
6165,"[5.21349,2.117467,1.939387]",
6166,"[5.218022,2.128608,1.923758]",
6167,"[5.215828,2.129144,1.918748]",
6168,"[5.199472,2.125882,1.910197]",
6169,"[5.186198,2.12034,1.906301]",
6170,"[5.139875,2.104674,1.881287]",
6171,"[5.129467,2.103716,1.870289]",
6172,"[5.144661,2.119634,1.835649]",
6173,"[5.185698,2.154819,1.78398]",
6174,"[5.202856,2.171174,1.763926]",
6175,"[5.219386,2.189642,1.753401]",
6176,"[5.221835,2.194351,1.758351]",
6177,"[5.223586,2.198962,1.77483]",
6178,"[5.223236,2.199779,1.784547]",
6179,"[5.21823,2.200023,1.808548]",
6180,"[5.230293,2.207489,1.880066]",
6181,"[5.255653,2.224101,1.883329]",
6182,"[5.280345,2.240559,1.897028]",
6183,"[5.270651,2.234549,1.909578]",
6184,"[5.238146,2.211137,1.930401]",
6185,"[5.222053,2.199149,1.937094]",
6186,"[5.218751,2.194006,1.941349]",
6187,"[5.214747,2.189629,1.944111]",
6188,"[5.218423,2.1902,1.944671]",
6189,"[5.221253,2.186818,1.94773]",
6190,"[5.231936,2.190764,1.946617]",
6191,"[5.250976,2.19774,1.94536]",
6192,"[5.260355,2.200459,1.945213]",
6193,"[5.297202,2.214303,1.940369]",
6194,"[5.351607,2.238621,1.931301]",
6195,"[5.746572,2.434472,1.856291]",
6196,"[5.771507,2.434472,1.863016]",
6197,"[5.799087,2.434472,1.871703]",
6198,"[5.87055,2.434472,1.893562]",
6199,"[5.912371,2.434472,1.911067]",
6200,"[5.95,2.40047,1.965142]",
6201,"[5.95,2.369229,2.00064]",
6202,"[5.575778,2.129802,2.198174]",
6203,"[5.577294,2.112369,2.23292]",
6204,"[5.585815,2.055279,2.428073]",
6205,"[5.587772,2.03293,2.472902]",
6206,"[5.588805,2.02084,2.496556]",
6207,"[5.575716,2.002004,2.521034]",
6208,"[5.559669,1.99195,2.525668]",
6209,"[5.559888,1.989413,2.524992]",
6210,"[5.559455,1.987251,2.528229]",
6211,"[5.560664,1.993958,2.522594]",
6212,"[5.59998,2.006851,2.521882]",
6213,"[5.589359,2.00684,2.509243]",
6214,"[5.588207,2.016757,2.482863]",
6215,"[5.588003,2.018759,2.478173]",
6216,"[5.586955,2.026176,2.454179]",
6217,"[5.586243,2.030103,2.437876]",
6218,"[5.58571,2.03272,2.425658]",
6219,"[5.58557,2.03335,2.422455]",
6220,"[5.585488,2.03378,2.420572]",
6221,"[5.587373,1.989541,2.463762]",
6222,"[5.587373,1.989541,2.463762]",
6223,"[5.587836,1.976893,2.474352]",
6224,"[5.587967,1.963215,2.477357]",
6225,"[5.587927,1.955404,2.476451]",
6226,"[5.587724,1.944259,2.471795]",
6227,"[5.587633,1.939626,2.469697]",
6228,"[5.587397,1.934198,2.464301]",
6229,"[5.587196,1.931675,2.459702]",
6230,"[5.586826,1.929078,2.451227]",
6231,"[5.58665,1.928482,2.44719]",
6232,"[5.586388,1.927066,2.441189]",
6233,"[5.586275,1.926075,2.438596]",
6234,"[5.586201,1.924996,2.436912]",
6235,"[5.586171,1.924722,2.436226]",
6236,"[5.586168,1.926033,2.436151]",
6237,"[5.586497,1.928281,2.44369]",
6238,"[5.586784,1.930832,2.450271]",
6239,"[5.586783,1.935609,2.450246]",
6240,"[5.586789,1.93827,2.450365]",
6241,"[5.586779,1.94406,2.450135]",
6242,"[5.583624,1.954584,2.377879]",
6243,"[5.582282,1.96041,2.347135]",
6244,"[5.577961,1.966774,2.248183]",
6245,"[5.577073,1.969375,2.227848]",
6246,"[5.576044,1.973432,2.204281]",
6247,"[5.575785,1.972603,2.198346]",
6248,"[5.575215,1.969532,2.185282]",
6249,"[5.574975,1.967515,2.179777]",
6250,"[5.574594,1.962904,2.171064]",
6251,"[5.574425,1.960345,2.167192]",
6252,"[5.574193,1.956172,2.161875]",
6253,"[5.574121,1.954307,2.160233]",
6254,"[5.574112,1.952767,2.160039]",
6255,"[5.574137,1.949961,2.160609]",
6256,"[5.574166,1.948967,2.161267]",
6257,"[5.574228,1.946743,2.162688]",
6258,"[5.574264,1.945585,2.163503]",
6259,"[5.574502,1.945418,2.168964]",
6260,"[5.574587,1.945556,2.170901]",
6261,"[5.574786,1.94555,2.175463]",
6262,"[5.575638,1.952348,2.194983]",
6263,"[5.57612,1.957248,2.206016]",
6264,"[5.577544,1.995358,2.23863]",
6265,"[5.577851,2.003769,2.245674]",
6266,"[5.57838,2.016715,2.257771]",
6267,"[5.57866,2.020566,2.26418]",
6268,"[5.578909,2.023071,2.26991]",
6269,"[5.579392,2.026713,2.280965]",
6270,"[5.57966,2.030037,2.287097]",
6271,"[5.58011,2.035008,2.297407]",
6272,"[5.580263,2.035456,2.300901]",
6273,"[5.580602,2.03788,2.308679]",
6274,"[5.580778,2.039817,2.312709]",
6275,"[5.580952,2.041998,2.316694]",
6276,"[5.581151,2.046101,2.321249]",
6277,"[5.581224,2.047823,2.322917]",
6278,"[5.581245,2.048651,2.323409]",
6279,"[5.581233,2.048424,2.323123]",
6280,"[5.581115,2.044656,2.320414]",
6281,"[5.581017,2.041572,2.318166]",
6282,"[5.580876,2.037859,2.314942]",
6283,"[5.580829,2.036978,2.313869]",
6284,"[5.581213,2.032983,2.322675]",
6285,"[5.581659,2.031317,2.332888]",
6286,"[5.582948,2.018298,2.3624]",
6287,"[5.584011,2.004324,2.386742]",
6288,"[5.584406,1.995519,2.395797]",
6289,"[5.58503,1.974306,2.410077]",
6290,"[5.585252,1.965808,2.415168]",
6291,"[5.585961,1.945116,2.431415]",
6292,"[5.586258,1.94295,2.438215]",
6293,"[5.586594,1.944146,2.445902]",
6294,"[5.5873,1.950008,2.462076]",
6295,"[5.587619,1.952048,2.469385]",
6296,"[5.587991,1.951652,2.477912]",
6297,"[5.588,1.950018,2.478117]",
6298,"[5.588013,1.945036,2.478405]",
6299,"[5.587854,1.943593,2.474782]",
6300,"[5.587727,1.942894,2.471856]",
6301,"[5.587349,1.944148,2.463202]",
6302,"[5.587208,1.945848,2.459977]",
6303,"[5.586941,1.950967,2.453863]",
6304,"[5.586745,1.955001,2.449375]",
6305,"[5.58646,1.960912,2.44283]",
6306,"[5.586347,1.962873,2.440257]",
6307,"[5.586245,1.96465,2.437909]",
6308,"[5.586096,1.966141,2.434511]",
6309,"[5.58599,1.967251,2.432081]",
6310,"[5.585824,1.969288,2.428277]",
6311,"[5.58575,1.969918,2.42657]",
6312,"[5.585644,1.970443,2.424158]",
6313,"[5.585602,1.970426,2.42319]",
6314,"[5.585562,1.969575,2.422274]",
6315,"[5.585566,1.969021,2.422368]",
6316,"[5.585568,1.968452,2.422409]",
6317,"[5.585588,1.967883,2.422869]",
6318,"[5.585606,1.967784,2.423282]",
6319,"[5.58567,1.967919,2.424763]",
6320,"[5.585718,1.968096,2.425843]",
6321,"[5.585794,1.968413,2.4276]",
6322,"[5.585814,1.968376,2.428057]",
6323,"[5.585827,1.968343,2.428346]",
6324,"[5.585774,1.968298,2.427123]",
6325,"[5.585699,1.968232,2.425405]",
6326,"[5.585415,1.967503,2.418909]",
6327,"[5.585276,1.967136,2.41573]",
6328,"[5.584977,1.966258,2.408867]",
6329,"[5.584789,1.965446,2.404562]",
6330,"[5.581211,1.986995,2.322622]",
6331,"[5.580345,1.991642,2.30278]",
6332,"[5.579818,1.99417,2.290712]",
6333,"[5.577997,2.014945,2.249007]",
6334,"[5.577508,2.020756,2.237816]",
6335,"[5.576893,2.027759,2.223729]",
6336,"[5.576707,2.030664,2.219471]",
6337,"[5.576542,2.033959,2.215694]",
6338,"[5.57654,2.034711,2.215652]",
6339,"[5.57655,2.035501,2.215852]",
6340,"[5.57668,2.03842,2.218844]",
6341,"[5.577085,2.043245,2.228123]",
6342,"[5.58686,2.069451,2.452011]",
6343,"[5.587806,2.072035,2.473673]",
6344,"[5.608872,2.085771,2.708456]",
6345,"[5.608872,2.086255,2.733438]",
6346,"[5.761874,2.110339,2.81172]",
6347,"[5.702536,2.094594,2.81172]",
6348,"[5.687421,2.088715,2.81172]",
6349,"[5.665671,2.078422,2.81172]",
6350,"[5.666995,2.073618,2.81172]",
6351,"[5.659472,2.063574,2.81172]",
6352,"[5.664593,2.060188,2.81172]",
6353,"[5.68434,2.056994,2.81172]",
6354,"[5.69554,2.056487,2.81172]",
6355,"[5.701647,2.055829,2.81172]",
6356,"[5.736542,2.057072,2.81172]",
6357,"[5.744274,2.057403,2.81172]",
6358,"[5.774931,2.060967,2.81172]",
6359,"[5.862098,2.073286,2.833947]",
6360,"[5.608872,2.039615,2.742502]",
6361,"[5.608872,2.040364,2.738505]",
6362,"[5.608872,2.041324,2.72953]",
6363,"[5.591875,2.03969,2.715189]",
6364,"[5.565136,2.035273,2.703692]",
6365,"[5.222751,1.986076,2.598692]",
6366,"[5.20113,1.982355,2.590996]",
6367,"[5.20076,1.981384,2.589689]",
6368,"[5.199233,1.980496,2.5886]",
6369,"[5.196551,1.979865,2.587774]",
6370,"[5.187644,1.977706,2.584002]",
6371,"[5.179153,1.976322,2.581051]",
6372,"[5.15725,1.973518,2.574066]",
6373,"[5.862098,2.067785,2.763501]",
6374,"[5.862098,2.069071,2.761437]",
6375,"[5.862098,2.069431,2.760613]",
6376,"[5.862098,2.070868,2.75636]",
6377,"[5.862098,2.071137,2.754616]",
6378,"[5.862098,2.070919,2.750826]",
6379,"[5.862098,2.070127,2.74904]",
6380,"[5.862098,2.069091,2.74739]",
6381,"[5.862098,2.06698,2.745091]",
6382,"[5.862098,2.065884,2.744151]",
6383,"[5.862098,2.064137,2.742729]",
6384,"[5.862098,2.062155,2.742529]",
6385,"[5.862098,2.060057,2.742154]",
6386,"[5.862098,2.049909,2.744627]",
6387,"[5.862098,2.044399,2.74611]",
6388,"[5.862098,2.037733,2.749815]",
6389,"[5.862098,2.035453,2.751234]",
6390,"[5.862098,2.031348,2.754236]",
6391,"[5.862098,2.028946,2.75594]",
6392,"[5.862098,2.02372,2.758121]",
6393,"[5.862098,2.021134,2.758764]",
6394,"[5.862098,2.01679,2.761879]",
6395,"[5.862098,2.015203,2.763432]",
6396,"[5.862098,2.014105,2.764461]",
6397,"[5.862098,2.012238,2.766435]",
6398,"[5.862098,2.011295,2.767269]",
6399,"[5.862098,2.008948,2.768936]",
6400,"[5.862098,2.007467,2.769839]",
6401,"[5.862098,2.00501,2.771878]",
6402,"[5.862098,2.004044,2.773811]",
6403,"[5.862098,2.003614,2.777849]",
6404,"[5.725517,2.008139,2.81172]",
6405,"[4.89291,1.996307,2.664264]",
6406,"[4.850837,1.990824,2.65043]",
6407,"[4.83405,1.993585,2.660845]",
6408,"[4.817495,1.999008,2.679507]",
6409,"[4.825234,2.007369,2.703195]",
6410,"[4.860449,2.02966,2.763194]",
6411,"[4.881822,2.042265,2.796793]",
6412,"[4.906571,2.056521,2.835963]",
6413,"[4.952207,2.076832,2.89423]",
6414,"[4.979496,2.087439,2.92244]",
6415,"[5.949999,2.45898,3.950385]",
6416,"[5.949999,2.464293,3.944524]",
6417,"[5.949999,2.479556,3.937833]",
6418,"[5.949999,2.488203,3.934673]",
6419,"[5.949999,2.598842,3.899581]",
6420,"[5.949999,2.665044,3.879854]",
6421,"[5.949999,2.685622,3.830307]",
6422,"[5.949999,2.680401,3.725272]",
6423,"[5.949999,2.679842,3.699116]",
6424,"[5.949999,2.665086,3.627846]",
6425,"[5.949999,2.484051,3.479996]",
6426,"[5.95,2.438564,3.443518]",
6427,"[5.95,2.405869,3.418502]",
6428,"[5.95,2.368115,3.401928]",
6429,"[5.95,2.324112,3.386456]",
6430,"[5.118333,2.069408,2.831381]",
6431,"[5.100763,2.050541,2.81609]",
6432,"[5.092569,2.042745,2.808413]",
6433,"[5.084449,2.032199,2.798832]",
6434,"[5.082052,2.027419,2.794452]",
6435,"[5.084083,2.024071,2.792607]",
6436,"[5.089314,2.018415,2.788927]",
6437,"[5.090862,2.015373,2.786055]",
6438,"[5.123013,2.017057,2.799743]",
6439,"[5.95,2.198343,3.29902]",
6440,"[5.95,2.193245,3.291798]",
6441,"[5.95,2.179905,3.281119]",
6442,"[5.95,2.170032,3.273521]",
6443,"[5.95,2.13673,3.251112]",
6444,"[5.95,2.111365,3.235498]",
6445,"[5.531227,2.003305,2.974915]",
6446,"[5.534321,1.983064,2.965332]",
6447,"[5.581826,1.928824,2.966204]",
6448,"[5.602921,1.904192,2.966941]",
6449,"[5.580293,1.817281,2.966151]",
6450,"[5.577634,1.793159,2.966058]",
6451,"[5.577425,1.776799,2.966051]",
6452,"[5.579079,1.749237,2.966108]",
6453,"[5.575177,1.74413,2.965972]",
6454,"[4.988498,1.79276,2.65885]",
6455,"[4.983202,1.794203,2.657868]",
6456,"[4.976445,1.795042,2.657265]",
6457,"[4.939943,1.799068,2.669945]",
6458,"[4.925364,1.800002,2.674795]",
6459,"[4.893736,1.80491,2.685237]",
6460,"[4.885738,1.805302,2.688106]",
6461,"[4.872579,1.808893,2.691052]",
6462,"[4.866686,1.811604,2.69097]",
6463,"[4.898876,1.814077,2.720251]",
6464,"[4.937937,1.814719,2.751334]",
6465,"[5.026556,1.815367,2.821951]",
6466,"[5.077169,1.815477,2.862269]",
6467,"[5.164807,1.808483,2.964141]",
6468,"[5.95,1.783081,3.657678]",
6469,"[5.95,1.778424,3.667057]",
6470,"[5.95,1.773458,3.669498]",
6471,"[5.95,1.772103,3.664558]",
6472,"[5.95,1.772075,3.61734]",
6473,"[5.95,1.772146,3.599318]",
6474,"[5.95,1.774545,3.540338]",
6475,"[5.95,1.780397,3.455398]",
6476,"[5.22822,1.798309,2.930948]",
6477,"[5.194282,1.799991,2.876545]",
6478,"[5.182368,1.800362,2.855786]",
6479,"[5.178148,1.800731,2.833983]",
6480,"[5.168635,1.80159,2.81476]",
6481,"[5.169986,1.802559,2.805841]",
6482,"[5.18073,1.805597,2.796609]",
6483,"[5.181364,1.808083,2.790094]",
6484,"[5.097811,1.814659,2.739913]",
6485,"[5.661878,1.828084,2.969]",
6486,"[5.550897,1.845598,2.897725]",
6487,"[5.655812,1.979509,2.81172]",
6488,"[5.862098,2.130675,2.694685]",
6489,"[5.862098,2.155717,2.654308]",
6490,"[5.95,2.195041,2.633116]",
6491,"[5.95,2.224525,2.587644]",
6492,"[5.95,2.225273,2.579571]",
6493,"[5.797873,2.184644,2.55981]",
6494,"[5.726671,2.162445,2.557323]",
6495,"[5.670509,2.141951,2.555362]",
6496,"[5.667794,2.138965,2.555268]",
6497,"[5.742662,2.153434,2.557882]",
6498,"[5.818661,2.16503,2.560536]",
6499,"[5.95,2.190974,2.563982]",
6500,"[5.608872,2.093272,2.583205]",
6501,"[5.608872,2.087178,2.58747]",
6502,"[5.608872,2.078197,2.592357]",
6503,"[5.608872,2.074743,2.59377]",
6504,"[5.608872,2.072168,2.59602]",
6505,"[5.608872,2.070481,2.597679]",
6506,"[5.608872,2.069386,2.60117]",
6507,"[5.608872,2.069879,2.606409]",
6508,"[5.608872,2.070705,2.609272]",
6509,"[5.608872,2.070919,2.620408]",
6510,"[5.608872,2.070942,2.625246]",
6511,"[5.608872,2.068208,2.636833]",
6512,"[5.608872,2.064985,2.643346]",
6513,"[5.608872,2.061917,2.648486]",
6514,"[5.608872,2.053677,2.659873]",
6515,"[5.608872,2.048567,2.663985]",
6516,"[5.608872,2.031786,2.66705]",
6517,"[5.608872,2.021314,2.663774]",
6518,"[5.608872,1.988241,2.631233]",
6519,"[5.608872,1.97115,2.59564]",
6520,"[5.584018,1.938818,2.386917]",
6521,"[5.580643,1.933381,2.309616]",
6522,"[5.667147,1.978559,1.954422]",
6523,"[5.639585,1.977044,1.812277]",
6524,"[5.95,2.198209,1.112333]",
6525,"[5.829885,2.242674,0.7546505]",
6526,"[5.950001,2.314931,0.2623172]",
6527,"[5.354143,2.207969,0.05000068]",
6528,"[5.190959,2.174971,0.05000057]",
6529,"[5.056035,2.146427,0.05000048]",
6530,"[4.831596,2.08057,0.05000032]",
6531,"[4.727274,2.05185,0.05000025]",
6532,"[4.624098,2.035252,0.05000027]",
6533,"[4.6093,2.039808,0.05000027]",
6534,"[4.634998,2.068974,0.0500002]",
6535,"[4.623907,2.081678,0.0500002]",
6536,"[4.652169,2.115123,0.05000027]",
6537,"[4.659948,2.125535,0.05000023]",
6538,"[4.656917,2.130584,0.05000023]",
6539,"[4.598698,2.141336,0.05000019]",
6540,"[4.536005,2.145955,0.05000004]",
6541,"[4.108403,2.085655,0.04999983]",
6542,"[3.614275,2.006113,0.05000081]",
6543,"[3.376809,2.003016,0.05000082]",
6544,"[3.26029,2.005499,0.05000035]",
6545,"[3.140354,2.017626,0.05000036]",
6546,"[2.96353,2.039783,0.05000037]",
6547,"[2.952722,2.042339,0.05000037]",
6548,"[2.841321,2.057106,0.05661225]",
6549,"[2.837976,2.055875,0.05525208]",
6550,"[2.824813,2.046246,0.05559254]",
6551,"[2.815733,2.039095,0.05753779]",
6552,"[2.78628,2.027009,0.07293987]",
6553,"[2.658785,1.998186,0.1550012]",
6554,"[2.164575,2.027338,0.6228912]",
6555,"[2.05,2.042247,0.846094]",
6556,"[2.05,2.051379,0.9855242]",
6557,"[2.05,2.070714,1.138854]",
6558,"[2.05,2.084616,1.195404]",
6559,"[2.05,2.109651,1.221446]",
6560,"[2.05,2.126018,1.266377]",
6561,"[2.05,2.130307,1.262924]",
6562,"[2.05,2.132538,1.289335]",
6563,"[2.05,2.129663,1.328192]",
6564,"[2.05,2.109971,1.54218]",
6565,"[2.05,2.103177,1.622334]",
6566,"[2.05,2.061314,1.979241]",
6567,"[2.050001,2.040422,2.046782]",
6568,"[2.050001,2.026397,2.102385]",
6569,"[2.050001,2.014977,2.150551]",
6570,"[2.050001,2.012676,2.15618]",
6571,"[2.050001,2.01218,2.151291]",
6572,"[2.050001,2.01437,2.131343]",
6573,"[2.050001,2.019065,2.119214]",
6574,"[2.050001,2.026278,2.094061]",
6575,"[2.050001,2.031896,2.083643]",
6576,"[2.050001,2.037177,2.086885]",
6577,"[2.050001,2.041721,2.095316]",
6578,"[2.050001,2.019298,2.301795]",
6579,"[2.05,1.948946,2.774364]",
6580,"[2.05,1.871372,3.138818]",
6581,"[2.05,1.848966,3.23597]",
6582,"[2.05,1.809106,3.39136]",
6583,"[2.05,1.793902,3.466767]",
6584,"[2.05,1.791018,3.48181]",
6585,"[2.05,1.787177,3.578977]",
6586,"[2.05,1.790854,3.589415]",
6587,"[2.05,1.812714,3.685886]",
6588,"[2.05,1.828019,3.768725]",
6589,"[2.05,1.870688,3.979908]",
6590,"[2.050002,1.888337,4.092278]",
6591,"[2.190178,2.003645,4.769726]",
6592,"[2.434046,2.018801,4.9842]",
6593,"[2.561637,2.022262,5.039999]",
6594,"[2.821039,2.018311,5.039999]",
6595,"[2.936372,2.01544,5.039999]",
6596,"[2.973599,2.017471,5.039999]",
6597,"[2.971795,2.016704,5.039999]",
6598,"[3.01038,2.015111,5.039999]",
6599,"[3.056862,2.017591,5.039999]",
6600,"[3.117372,2.021996,5.039999]",
6601,"[3.348433,2.04994,5.04]",
6602,"[3.419853,2.057575,5.039999]",
6603,"[3.533903,2.068155,5.039999]",
6604,"[3.534653,2.069286,5.04]",
6605,"[3.510181,2.073053,5.04]",
6606,"[3.493736,2.073598,5.04]",
6607,"[3.480644,2.072876,5.04]",
6608,"[3.381764,2.059927,5.04]",
6609,"[3.287877,2.056309,5.039999]",
6610,"[3.164903,2.048652,5.039999]",
6611,"[3.042163,2.047923,5.039999]",
6612,"[2.828122,2.046813,5.039999]",
6613,"[2.69745,2.047953,5.039999]",
6614,"[2.417695,2.064594,4.966897]",
6615,"[2.3067,2.064983,4.869422]",
6616,"[2.116314,2.071222,4.679326]",
6617,"[2.05,2.120268,3.767469]",
6618,"[2.05,2.121934,3.605781]",
6619,"[2.050001,2.139487,3.077377]",
6620,"[2.050001,2.140269,2.926265]",
6621,"[2.050001,2.143296,2.422364]",
6622,"[2.050001,2.141272,2.284755]",
6623,"[2.050001,2.139317,2.147775]",
6624,"[2.05,2.135543,1.903667]",
6625,"[2.05,2.136584,1.757953]",
6626,"[2.05,2.137021,1.692351]",
6627,"[2.05,2.146812,1.559461]",
6628,"[2.05,2.18815,1.200707]",
6629,"[2.05,2.224988,0.9827483]",
6630,"[2.050001,2.263576,0.7402086]",
6631,"[2.462507,2.37691,0.2222297]",
6632,"[2.62849,2.398303,0.1008379]",
6633,"[3.036057,2.399796,0.0500006]",
6634,"[3.150631,2.394611,0.0500006]",
6635,"[3.492532,2.376882,0.05000106]",
6636,"[3.672513,2.357494,0.05000081]",
6637,"[4.116632,2.323281,0.04999996]",
6638,"[4.292245,2.315023,0.05000006]",
6639,"[4.622396,2.321935,0.05000027]",
6640,"[4.953578,2.326144,0.05000047]",
6641,"[5.107648,2.318562,0.05000056]",
6642,"[5.332884,2.306017,0.05000069]",
6643,"[5.455647,2.297367,0.05000076]",
6644,"[5.619012,2.293972,0.05000086]",
6645,"[5.676172,2.295632,0.05000089]",
6646,"[5.949681,2.323467,0.05000107]",
6647,"[5.829885,2.250066,0.5582561]",
6648,"[5.829885,2.225878,0.780081]",
6649,"[5.95,2.224917,1.335998]",
6650,"[5.643077,2.138337,1.662886]",
6651,"[5.675252,2.127831,1.996222]",
6652,"[5.571381,2.100069,2.097466]",
6653,"[5.576287,2.09896,2.20984]",
6654,"[5.577887,2.092066,2.246493]",
6655,"[5.579817,2.087681,2.290683]",
6656,"[5.580143,2.084574,2.298156]",
6657,"[5.581214,2.083331,2.322683]",
6658,"[5.584373,2.086921,2.395032]",
6659,"[5.559003,2.115824,2.541179]",
6660,"[5.608872,2.150616,2.623357]",
6661,"[5.608872,2.160293,2.660511]",
6662,"[5.608872,2.168071,2.695889]",
6663,"[5.608872,2.168233,2.703694]",
6664,"[5.608872,2.166795,2.698787]",
6665,"[5.608872,2.167571,2.701407]",
6666,"[5.608872,2.166424,2.689913]",
6667,"[5.608872,2.162883,2.665875]",
6668,"[5.608872,2.161592,2.658059]",
6669,"[5.608872,2.159616,2.655988]",
6670,"[5.608872,2.154459,2.670456]",
6671,"[5.608872,2.150918,2.684757]",
6672,"[5.608872,2.147366,2.711308]",
6673,"[5.608872,2.147401,2.724968]",
6674,"[5.608872,2.147926,2.747036]",
6675,"[5.862098,2.223284,2.789329]",
6676,"[5.862098,2.226467,2.795653]",
6677,"[5.862098,2.228647,2.800667]",
6678,"[5.862098,2.228419,2.799308]",
6679,"[5.862098,2.227118,2.79521]",
6680,"[5.862098,2.225816,2.793019]",
6681,"[5.608872,2.14129,2.740463]",
6682,"[5.608872,2.136252,2.737828]",
6683,"[5.608872,2.124527,2.733788]",
6684,"[5.608872,2.1193,2.729817]",
6685,"[5.608872,2.111508,2.725307]",
6686,"[5.608872,2.108111,2.722153]",
6687,"[5.608872,2.105933,2.720145]",
6688,"[5.608872,2.10415,2.713318]",
6689,"[5.608872,2.104302,2.709879]",
6690,"[5.608872,2.105426,2.7041]",
6691,"[5.608872,2.106682,2.701622]",
6692,"[5.608872,2.110217,2.696332]",
6693,"[5.608872,2.113313,2.692691]",
6694,"[5.608872,2.116596,2.688869]",
6695,"[5.608872,2.121895,2.678681]",
6696,"[5.608872,2.124078,2.673406]",
6697,"[5.608872,2.126277,2.663533]",
6698,"[5.608872,2.127169,2.658458]",
6699,"[5.608872,2.126827,2.653445]",
6700,"[5.608872,2.126485,2.651227]",
6701,"[5.608872,2.127163,2.647167]",
6702,"[5.608872,2.127741,2.645325]",
6703,"[5.608872,2.128994,2.643566]",
6704,"[5.608872,2.132179,2.640459]",
6705,"[5.608872,2.134155,2.639014]",
6706,"[5.608872,2.137889,2.636747]",
6707,"[5.608872,2.140311,2.635911]",
6708,"[5.608872,2.144604,2.634302]",
6709,"[5.608872,2.146779,2.633394]",
6710,"[5.608872,2.148948,2.63257]",
6711,"[5.608872,2.153431,2.630185]",
6712,"[5.608872,2.154072,2.629287]",
6713,"[5.608872,2.154842,2.628158]",
6714,"[5.608872,2.15478,2.628]",
6715,"[5.608872,2.154819,2.627856]",
6716,"[5.608872,2.154936,2.627838]",
6717,"[5.608872,2.154996,2.626971]",
6718,"[5.608872,2.155122,2.626625]",
6719,"[5.608872,2.153714,2.626223]",
6720,"[5.608872,2.150837,2.625537]",
6721,"[5.608872,2.149687,2.625313]",
6722,"[5.608872,2.148235,2.625334]",
6723,"[5.608872,2.148117,2.625521]",
6724,"[5.608872,2.148047,2.625095]",
6725,"[5.608872,2.14825,2.624823]",
6726,"[5.608872,2.148589,2.624682]",
6727,"[5.608872,2.14962,2.623313]",
6728,"[5.608872,2.15044,2.622047]",
6729,"[5.608872,2.152325,2.618694]",
6730,"[5.608872,2.153218,2.61668]",
6731,"[5.608872,2.154778,2.613674]",
6732,"[5.608872,2.154619,2.611848]",
6733,"[5.608872,2.15466,2.61025]",
6734,"[5.608872,2.155154,2.607443]",
6735,"[5.608872,2.155498,2.605872]",
6736,"[5.608872,2.154831,2.603151]",
6737,"[5.608872,2.154155,2.60164]",
6738,"[5.608872,2.152835,2.59917]",
6739,"[5.608872,2.152303,2.59815]",
6740,"[5.608872,2.151942,2.596628]",
6741,"[5.608872,2.15202,2.596158]",
6742,"[5.608872,2.152361,2.59576]",
6743,"[5.608872,2.153453,2.595204]",
6744,"[5.608872,2.153946,2.595032]",
6745,"[5.608872,2.155044,2.594556]",
6746,"[5.608872,2.155611,2.594148]",
6747,"[5.608872,2.156817,2.593221]",
6748,"[5.608872,2.157442,2.59271]",
6749,"[5.608872,2.157994,2.592509]",
6750,"[5.95,2.248822,2.5876]",
6751,"[5.95,2.24893,2.587541]",
6752,"[5.95,2.249182,2.587397]",
6753,"[5.95,2.249143,2.587346]",
6754,"[5.95,2.248932,2.587452]",
6755,"[5.95,2.248806,2.587485]",
6756,"[5.95,2.248663,2.587656]",
6757,"[5.95,2.248559,2.587938]",
6758,"[5.95,2.248559,2.587938]",
6759,"[5.95,2.248291,2.588226]",
6760,"[5.95,2.247922,2.589125]",
6761,"[5.95,2.24725,2.590585]",
6762,"[5.95,2.246927,2.591133]",
6763,"[5.95,2.24622,2.592039]",
6764,"[5.95,2.245704,2.592491]",
6765,"[5.95,2.245104,2.592945]",
6766,"[5.95,2.243332,2.593449]",
6767,"[5.95,2.24195,2.593817]",
6768,"[5.95,2.239685,2.594607]",
6769,"[5.95,2.238838,2.594873]",
6770,"[5.95,2.237918,2.595146]",
6771,"[5.95,2.237637,2.595172]",
6772,"[5.95,2.250023,2.588848]",
6773,"[5.95,2.253418,2.586568]",
6774,"[5.95,2.255612,2.584725]",
6775,"[5.95,2.257113,2.583124]",
6776,"[5.95,2.257229,2.583092]",
6777,"[5.403308,2.103937,2.712113]",
6778,"[5.291216,2.072521,2.730615]",
6779,"[5.16923,2.038479,2.760245]",
6780,"[5.148849,2.034065,2.771314]",
6781,"[5.120939,2.027296,2.786468]",
6782,"[5.106954,2.023749,2.791857]",
6783,"[5.129325,2.029481,2.803421]",
6784,"[5.140118,2.031526,2.816035]",
6785,"[5.137183,2.029959,2.821687]",
6786,"[5.118907,2.022929,2.82465]",
6787,"[5.113739,2.021133,2.825005]",
6788,"[5.105862,2.018518,2.828979]",
6789,"[5.103707,2.018511,2.833686]",
6790,"[5.102017,2.020005,2.841102]",
6791,"[5.078288,2.022225,2.85206]",
6792,"[5.070556,2.030713,2.856969]",
6793,"[5.06928,2.048673,2.871089]",
6794,"[5.082379,2.063265,2.879146]",
6795,"[5.116623,2.092651,2.8925]",
6796,"[5.132863,2.107509,2.897268]",
6797,"[5.144054,2.118764,2.893803]",
6798,"[5.179641,2.145431,2.895927]",
6799,"[5.198658,2.15888,2.897272]",
6800,"[5.226545,2.179087,2.896729]",
6801,"[5.234786,2.185217,2.895039]",
6802,"[5.245055,2.190102,2.891306]",
6803,"[5.252985,2.192021,2.89016]",
6804,"[5.531211,2.29009,2.975381]",
6805,"[5.530962,2.285079,2.982524]",
6806,"[5.530807,2.281805,2.986948]",
6807,"[5.531441,2.278263,2.99254]",
6808,"[5.533406,2.278003,2.994808]",
6809,"[5.95,2.43304,3.108278]",
6810,"[5.95,2.433346,3.109689]",
6811,"[5.95,2.434512,3.112604]",
6812,"[5.95,2.436351,3.114649]",
6813,"[5.95,2.438514,3.116769]",
6814,"[5.95,2.44186,3.120024]",
6815,"[5.95,2.443667,3.121574]",
6816,"[5.95,2.446458,3.123629]",
6817,"[5.95,2.446638,3.123774]",
6818,"[5.95,2.446857,3.124066]",
6819,"[5.95,2.446034,3.123747]",
6820,"[5.95,2.444739,3.12319]",
6821,"[5.95,2.437628,3.118652]",
6822,"[5.95,2.428974,3.112293]",
6823,"[5.530761,2.258631,2.988258]",
6824,"[5.530905,2.248837,2.984137]",
6825,"[5.531163,2.231578,2.976762]",
6826,"[5.531292,2.223398,2.973059]",
6827,"[5.533186,2.209896,2.965916]",
6828,"[5.550221,2.208234,2.965101]",
6829,"[5.605301,2.206186,2.967024]",
6830,"[4.986406,2.000342,2.804859]",
6831,"[4.980207,1.98945,2.795897]",
6832,"[4.96434,1.975494,2.783908]",
6833,"[4.958479,1.97099,2.779489]",
6834,"[4.94431,1.965998,2.772397]",
6835,"[4.938791,1.96469,2.768983]",
6836,"[4.932865,1.963732,2.766011]",
6837,"[4.92126,1.967006,2.761973]",
6838,"[4.91388,1.9694,2.761011]",
6839,"[4.894516,1.973579,2.762818]",
6840,"[4.90595,1.980544,2.76862]",
6841,"[5.104209,2.04382,2.908951]",
6842,"[5.95,2.301477,3.231346]",
6843,"[5.95,2.325987,3.26746]",
6844,"[5.95,2.341704,3.270851]",
6845,"[5.95,2.356269,3.272966]",
6846,"[5.95,2.435342,3.224622]",
6847,"[5.95,2.45937,3.208447]",
6848,"[5.95,2.492231,3.187297]",
6849,"[5.95,2.546467,3.135014]",
6850,"[5.169666,2.224802,2.877953]",
6851,"[5.145138,2.221272,2.860258]",
6852,"[5.127635,2.218442,2.848232]",
6853,"[5.082765,2.201423,2.816549]",
6854,"[5.060633,2.191114,2.80026]",
6855,"[5.025159,2.174487,2.773883]",
6856,"[5.010764,2.167679,2.763117]",
6857,"[4.990395,2.157688,2.747971]",
6858,"[4.982453,2.153586,2.742054]",
6859,"[4.975556,2.149908,2.737245]",
6860,"[4.963042,2.14358,2.728776]",
6861,"[4.957098,2.140683,2.724802]",
6862,"[4.949973,2.137681,2.719978]",
6863,"[4.947568,2.137049,2.718185]",
6864,"[4.946033,2.137429,2.715186]",
6865,"[4.944048,2.137263,2.712775]",
6866,"[4.9447,2.138362,2.710639]",
6867,"[4.945717,2.139279,2.710013]",
6868,"[4.946709,2.140338,2.709232]",
6869,"[4.948411,2.142576,2.707463]",
6870,"[4.948858,2.143574,2.706547]",
6871,"[4.95211,2.145139,2.707016]",
6872,"[4.954195,2.146135,2.707801]",
6873,"[4.958747,2.148671,2.70947]",
6874,"[4.961367,2.150333,2.710581]",
6875,"[4.963908,2.152059,2.711733]",
6876,"[4.960338,2.17008,2.707461]",
6877,"[4.959728,2.175392,2.7063]",
6878,"[4.954033,2.221097,2.699905]",
6879,"[4.95337,2.230194,2.698422]",
6880,"[4.950936,2.238757,2.695942]",
6881,"[4.949535,2.241083,2.694709]",
6882,"[4.945686,2.243244,2.692443]",
6883,"[4.941702,2.242652,2.690864]",
6884,"[4.935422,2.239192,2.688551]",
6885,"[4.916647,2.227895,2.683122]",
6886,"[4.902843,2.219102,2.679826]",
6887,"[4.868454,2.194939,2.672178]",
6888,"[4.847808,2.17979,2.668138]",
6889,"[4.792916,2.140971,2.660996]",
6890,"[4.768988,2.124134,2.657805]",
6891,"[4.750592,2.110826,2.656826]",
6892,"[4.846735,2.16928,2.663876]",
6893,"[4.92321,2.216417,2.669638]",
6894,"[5.95,2.858694,2.748848]",
6895,"[5.95,2.857705,2.749813]",
6896,"[5.95,2.851655,2.689743]",
6897,"[5.95,2.848617,2.679339]",
6898,"[5.95,2.846049,2.673243]",
6899,"[5.95,2.837932,2.674292]",
6900,"[5.95,2.831461,2.679966]",
6901,"[5.95,2.794262,2.707007]",
6902,"[5.95,2.776689,2.719149]",
6903,"[5.547677,2.454064,2.785872]",
6904,"[5.603747,2.434472,2.823834]",
6905,"[5.716838,2.434472,2.871679]",
6906,"[5.763227,2.434472,2.888993]",
6907,"[5.80042,2.434472,2.901689]",
6908,"[5.88671,2.434472,2.925804]",
6909,"[5.95,2.432131,2.936084]",
6910,"[5.95,2.397414,2.929425]",
6911,"[5.95,2.383337,2.924818]",
6912,"[5.95,2.361139,2.915199]",
6913,"[5.616,2.245279,2.84592]",
6914,"[5.616,2.237832,2.841807]",
6915,"[5.616,2.223742,2.832922]",
6916,"[5.616,2.217067,2.829219]",
6917,"[5.616,2.203993,2.820209]",
6918,"[5.616,2.197013,2.814785]",
6919,"[5.862098,2.222266,2.743022]",
6920,"[5.862098,2.207674,2.7064]",
6921,"[5.862098,2.180073,2.664574]",
6922,"[5.95,2.189367,2.654797]",
6923,"[5.95,2.180547,2.644096]",
6924,"[5.95,2.171155,2.632929]",
6925,"[5.95,2.168519,2.629336]",
6926,"[5.95,2.164542,2.626889]",
6927,"[5.95,2.160896,2.624849]",
6928,"[5.95,2.157686,2.622814]",
6929,"[5.95,2.156099,2.621367]",
6930,"[5.95,2.155968,2.620928]",
6931,"[5.95,2.153813,2.619077]",
6932,"[5.95,2.151594,2.617519]",
6933,"[5.95,2.148414,2.616833]",
6934,"[5.95,2.148063,2.61643]",
6935,"[5.95,2.14809,2.615259]",
6936,"[5.95,2.149014,2.61536]",
6937,"[5.95,2.157574,2.615334]",
6938,"[5.95,2.161657,2.61675]",
6939,"[5.95,2.164274,2.617523]",
6940,"[5.95,2.166662,2.617964]",
6941,"[5.95,2.1673,2.617957]",
6942,"[5.95,2.167816,2.618584]",
6943,"[5.95,2.167833,2.619321]",
6944,"[5.95,2.167181,2.621574]",
6945,"[5.95,2.166747,2.623117]",
6946,"[5.95,2.166737,2.624354]",
6947,"[5.95,2.167091,2.625983]",
6948,"[5.95,2.167277,2.626415]",
6949,"[5.95,2.150143,2.603081]",
6950,"[5.95,2.139262,2.588411]",
6951,"[5.866626,2.070633,2.562211]",
6952,"[5.757549,2.041352,2.558402]",
6953,"[5.690074,2.023614,2.556045]",
6954,"[5.606394,2.00466,2.553123]",
6955,"[5.561247,1.996475,2.550764]",
6956,"[5.558954,1.992248,2.542579]",
6957,"[5.559157,1.987811,2.536759]",
6958,"[5.560525,1.97136,2.523023]",
6959,"[5.68407,1.97652,2.50686]",
6960,"[5.589165,1.95607,2.504801]",
6961,"[5.589082,1.95434,2.502904]",
6962,"[5.589055,1.954306,2.502262]",
6963,"[5.588962,1.955381,2.500154]",
6964,"[5.588905,1.95829,2.498839]",
6965,"[5.588733,1.967654,2.494899]",
6966,"[5.588658,1.971686,2.493184]",
6967,"[5.588761,1.978967,2.49555]",
6968,"[5.588901,1.981053,2.498742]",
6969,"[5.58909,1.978623,2.503071]",
6970,"[5.589204,1.97669,2.5057]",
6971,"[5.589285,1.974786,2.507555]",
6972,"[5.601339,1.968121,2.510472]",
6973,"[5.623597,1.96561,2.5095]",
6974,"[5.560437,1.953602,2.523294]",
6975,"[5.559513,1.949224,2.526565]",
6976,"[5.559348,1.943323,2.531285]",
6977,"[5.559217,1.943128,2.535041]",
6978,"[5.559086,1.94455,2.538809]",
6979,"[5.559343,1.953962,2.547857]",
6980,"[5.58162,1.963138,2.552258]",
6981,"[5.664673,1.978233,2.555158]",
6982,"[5.705562,1.983734,2.556586]",
6983,"[5.779717,1.991617,2.559176]",
6984,"[5.816923,1.994316,2.560475]",
6985,"[5.856505,1.996886,2.561857]",
6986,"[5.95,2.00327,2.562385]",
6987,"[5.95,2.003328,2.566863]",
6988,"[5.95,2.014912,2.60549]",
6989,"[5.95,2.019768,2.624277]",
6990,"[5.95,2.022357,2.643311]",
6991,"[5.95,2.02256,2.648639]",
6992,"[5.862098,2.016021,2.653592]",
6993,"[5.862098,2.017177,2.655768]",
6994,"[5.862098,2.017865,2.656943]",
6995,"[5.862098,2.018392,2.658119]",
6996,"[5.862098,2.018261,2.658358]",
6997,"[5.862098,2.017638,2.659708]",
6998,"[5.862098,2.017136,2.660461]",
6999,"[5.862098,2.015833,2.663793]",
7000,"[5.862098,2.015523,2.666086]",
7001,"[5.862098,2.01571,2.668278]",
7002,"[5.862098,2.018516,2.673951]",
7003,"[5.862098,2.020779,2.677202]",
7004,"[5.862098,2.024626,2.683086]",
7005,"[5.862098,2.02487,2.685296]",
7006,"[5.862098,2.025345,2.689121]",
7007,"[5.862098,2.025655,2.690004]",
7008,"[5.862098,2.02621,2.690792]",
7009,"[5.862098,2.027538,2.691967]",
7010,"[5.862098,2.028404,2.692672]",
7011,"[5.862098,2.030056,2.694209]",
7012,"[5.862098,2.031034,2.695154]",
7013,"[5.862098,2.029229,2.683676]",
7014,"[5.862098,2.027207,2.676135]",
7015,"[5.95,2.024157,2.633756]",
7016,"[5.95,2.019099,2.615052]",
7017,"[5.95,2.013087,2.600472]",
7018,"[5.95,2.007042,2.587979]",
7019,"[5.95,2.004867,2.584153]",
7020,"[5.95,2.001287,2.577929]",
7021,"[5.95,1.999461,2.574693]",
7022,"[5.95,1.9957,2.566771]",
7023,"[5.898438,1.99044,2.563322]",
7024,"[5.820305,1.984091,2.560593]",
7025,"[5.697998,1.974918,2.556322]",
7026,"[5.648349,1.971725,2.554588]",
7027,"[5.95,2.030596,2.563269]",
7028,"[5.95,2.049534,2.571347]",
7029,"[5.95,2.117021,2.611686]",
7030,"[5.95,2.133724,2.621043]",
7031,"[5.95,2.148795,2.628797]",
7032,"[5.95,2.153452,2.630776]",
7033,"[5.95,2.15765,2.632217]",
7034,"[5.95,2.164972,2.636558]",
7035,"[5.95,2.167466,2.637985]",
7036,"[5.95,2.170741,2.640094]",
7037,"[5.95,2.171484,2.640798]",
7038,"[5.95,2.172242,2.642347]",
7039,"[5.95,2.172437,2.643441]",
7040,"[5.95,2.172636,2.64481]",
7041,"[5.95,2.173979,2.65057]",
7042,"[5.862098,2.171243,2.656332]",
7043,"[5.862098,2.188103,2.669415]",
7044,"[5.862098,2.221474,2.67963]",
7045,"[5.95,2.274231,2.695677]",
7046,"[5.95,2.282718,2.698068]",
7047,"[5.95,2.289903,2.700117]",
7048,"[5.95,2.297256,2.70242]",
7049,"[5.95,2.30202,2.704104]",
7050,"[5.95,2.308469,2.705917]",
7051,"[5.95,2.310603,2.706233]",
7052,"[5.95,2.312704,2.70383]",
7053,"[5.95,2.319629,2.701452]",
7054,"[5.95,2.326253,2.694762]",
7055,"[5.95,2.334476,2.690484]",
7056,"[5.95,2.340444,2.6873]",
7057,"[5.95,2.350848,2.683966]",
7058,"[5.95,2.356375,2.683995]",
7059,"[5.95,2.358449,2.688145]",
7060,"[5.95,2.356573,2.690293]",
7061,"[5.95,2.350293,2.695286]",
7062,"[5.95,2.346533,2.698058]",
7063,"[5.95,2.343234,2.70065]",
7064,"[5.95,2.337448,2.70645]",
7065,"[5.95,2.332406,2.71074]",
7066,"[5.95,2.319923,2.717773]",
7067,"[5.95,2.314126,2.720237]",
7068,"[5.95,2.301603,2.725636]",
7069,"[5.95,2.297408,2.728294]",
7070,"[5.95,2.295278,2.732574]",
7071,"[5.95,2.296432,2.734305]",
7072,"[5.95,2.299997,2.734476]",
7073,"[5.95,2.30781,2.733971]",
7074,"[5.95,2.312222,2.731784]",
7075,"[5.95,2.320512,2.726505]",
7076,"[5.95,2.324388,2.722768]",
7077,"[5.95,2.32465,2.716283]",
7078,"[5.95,2.322703,2.712752]",
7079,"[5.95,2.317383,2.709676]",
7080,"[5.95,2.31076,2.705259]",
7081,"[5.95,2.30969,2.70376]",
7082,"[5.95,2.312318,2.701203]",
7083,"[5.95,2.315358,2.699757]",
7084,"[5.95,2.318456,2.697655]",
7085,"[5.95,2.319946,2.696349]",
7086,"[5.95,2.321261,2.695121]",
7087,"[5.95,2.321741,2.69505]",
7088,"[5.95,2.322216,2.694951]",
7089,"[5.95,2.323102,2.695168]",
7090,"[5.95,2.323905,2.695353]",
7091,"[5.95,2.327405,2.696686]",
7092,"[5.95,2.327842,2.697664]",
7093,"[5.95,2.329912,2.700537]",
7094,"[5.95,2.33109,2.70242]",
7095,"[5.95,2.332109,2.704328]",
7096,"[5.95,2.332065,2.707731]",
7097,"[5.95,2.331122,2.708783]",
7098,"[5.95,2.329689,2.710469]",
7099,"[5.95,2.329014,2.71118]",
7100,"[5.95,2.328458,2.711688]",
7101,"[5.95,2.328291,2.711652]",
7102,"[5.95,2.32826,2.711263]",
7103,"[5.95,2.328399,2.71084]",
7104,"[5.95,2.328258,2.709581]",
7105,"[5.95,2.327701,2.706655]",
7106,"[5.95,2.327077,2.704841]",
7107,"[5.95,2.326047,2.702205]",
7108,"[5.95,2.325642,2.70134]",
7109,"[5.95,2.323924,2.699354]",
7110,"[5.95,2.323375,2.69834]",
7111,"[5.95,2.322649,2.697341]",
7112,"[5.95,2.32228,2.696023]",
7113,"[5.95,2.322363,2.695685]",
7114,"[5.95,2.32216,2.695584]",
7115,"[5.95,2.322147,2.695569]",
7116,"[5.95,2.322068,2.695559]",
7117,"[5.95,2.32206,2.695556]",
7118,"[5.95,2.322169,2.695448]",
7119,"[5.95,2.322278,2.695406]",
7120,"[5.95,2.322418,2.695364]",
7121,"[5.95,2.322593,2.695271]",
7122,"[5.95,2.322556,2.695031]",
7123,"[5.95,2.322508,2.694466]",
7124,"[5.95,2.322315,2.694158]",
7125,"[5.95,2.322452,2.693588]",
7126,"[5.95,2.322832,2.693294]",
7127,"[5.95,2.32324,2.693011]",
7128,"[5.95,2.323374,2.692697]",
7129,"[5.95,2.3232,2.692445]",
7130,"[5.95,2.321814,2.691572]",
7131,"[5.95,2.320497,2.690958]",
7132,"[5.95,2.317564,2.689825]",
7133,"[5.95,2.315875,2.689273]",
7134,"[5.95,2.313699,2.688684]",
7135,"[5.95,2.309826,2.687684]",
7136,"[5.95,2.309127,2.68729]",
7137,"[5.95,2.30707,2.686375]",
7138,"[5.95,2.305366,2.685851]",
7139,"[5.95,2.301953,2.684528]",
7140,"[5.95,2.299431,2.683901]",
7141,"[5.95,2.293703,2.682839]",
7142,"[5.95,2.291975,2.682488]",
7143,"[5.95,2.290504,2.682173]",
7144,"[5.862098,2.232444,2.666459]",
7145,"[5.862098,2.216603,2.666047]",
7146,"[5.862098,2.199533,2.665687]",
7147,"[5.862098,2.194214,2.66559]",
7148,"[5.862098,2.187623,2.665297]",
7149,"[5.862098,2.185618,2.664747]",
7150,"[5.862098,2.185444,2.664402]",
7151,"[5.862098,2.18426,2.663266]",
7152,"[5.862098,2.182948,2.662722]",
7153,"[5.862098,2.177602,2.660885]",
7154,"[5.862098,2.171975,2.659307]",
7155,"[5.862098,2.163941,2.657078]",
7156,"[5.862098,2.161234,2.656179]",
7157,"[5.862098,2.157949,2.655091]",
7158,"[5.862098,2.157096,2.654802]",
7159,"[5.862098,2.156798,2.654997]",
7160,"[5.862098,2.156589,2.655034]",
7161,"[5.862098,2.156782,2.654825]",
7162,"[5.862098,2.157421,2.654352]",
7163,"[5.862098,2.15787,2.654108]",
7164,"[5.871023,2.161338,2.653474]",
7165,"[5.878857,2.163916,2.653474]",
7166,"[5.880389,2.16463,2.653474]",
7167,"[5.885837,2.16657,2.653474]",
7168,"[5.889959,2.167839,2.653474]",
7169,"[5.893453,2.168996,2.653474]",
7170,"[5.893881,2.169212,2.653474]",
7171,"[5.893494,2.168956,2.653474]",
7172,"[5.891213,2.168139,2.653474]",
7173,"[5.886478,2.166518,2.653474]",
7174,"[5.881996,2.165201,2.653474]",
7175,"[5.878272,2.16418,2.653474]",
7176,"[5.872234,2.162674,2.653474]",
7177,"[5.870116,2.162217,2.653474]",
7178,"[5.867443,2.161867,2.653474]",
7179,"[5.864845,2.161664,2.653474]",
7180,"[5.864812,2.161927,2.653474]",
7181,"[5.86299,2.161953,2.653474]",
7182,"[5.86324,2.162147,2.653474]",
7183,"[5.864302,2.162811,2.653474]",
7184,"[5.865098,2.163317,2.653474]",
7185,"[5.866013,2.164051,2.653474]",
7186,"[5.866184,2.164162,2.653474]",
7187,"[5.866418,2.164315,2.653474]",
7188,"[5.866227,2.164263,2.653474]",
7189,"[5.863379,2.163699,2.653474]",
7190,"[5.862098,2.163479,2.65362]",
7191,"[5.862098,2.163681,2.654176]",
7192,"[5.862098,2.163849,2.655397]",
7193,"[5.862098,2.163741,2.656111]",
7194,"[5.862098,2.162481,2.657888]",
7195,"[5.862098,2.161616,2.658869]",
7196,"[5.862098,2.161003,2.659254]",
7197,"[5.862098,2.160933,2.659399]",
7198,"[5.862098,2.160546,2.659894]",
7199,"[5.862098,2.160512,2.660237]",
7200,"[5.862098,2.160553,2.660664]",
7201,"[5.862098,2.172622,2.691729]",
7202,"[5.862098,2.175397,2.700775]",
7203,"[5.862098,2.179417,2.712096]",
7204,"[5.862098,2.180284,2.715379]",
7205,"[5.862098,2.180657,2.720078]",
7206,"[5.862098,2.180485,2.722004]",
7207,"[5.862098,2.180407,2.723661]",
7208,"[5.862098,2.180595,2.724931]",
7209,"[5.862098,2.180831,2.725482]",
7210,"[5.862098,2.180918,2.726283]",
7211,"[5.862098,2.180905,2.726654]",
7212,"[5.862098,2.18095,2.727418]",
7213,"[5.862098,2.181107,2.727916]",
7214,"[5.862098,2.181175,2.729338]",
7215,"[5.862098,2.180982,2.730308]",
7216,"[5.862098,2.180693,2.732143]",
7217,"[5.862098,2.181283,2.738445]",
7218,"[5.862098,2.18236,2.743293]",
7219,"[5.862098,2.184496,2.751557]",
7220,"[5.862098,2.185998,2.75564]",
7221,"[5.862098,2.192187,2.762073]",
7222,"[5.862098,2.197785,2.765048]",
7223,"[5.862098,2.203381,2.768044]",
7224,"[5.862098,2.230174,2.751354]",
7225,"[5.95,2.273213,2.757889]",
7226,"[5.95,2.29423,2.744664]",
7227,"[5.95,2.303303,2.740757]",
7228,"[5.95,2.314553,2.733238]",
7229,"[5.95,2.315803,2.729335]",
7230,"[5.95,2.315355,2.723376]",
7231,"[5.95,2.312945,2.715562]",
7232,"[5.95,2.311346,2.71223]",
7233,"[5.95,2.305885,2.70596]",
7234,"[5.95,2.303027,2.702963]",
7235,"[5.95,2.298997,2.698677]",
7236,"[5.95,2.297633,2.696948]",
7237,"[5.95,2.296258,2.693075]",
7238,"[5.95,2.295939,2.690937]",
7239,"[5.95,2.295626,2.688879]",
7240,"[5.95,2.29477,2.68599]",
7241,"[5.95,2.294565,2.684753]",
7242,"[5.95,2.294057,2.683316]",
7243,"[5.95,2.29361,2.682863]",
7244,"[5.95,2.292598,2.682512]",
7245,"[5.95,2.292035,2.68258]",
7246,"[5.95,2.291042,2.683167]",
7247,"[5.95,2.290591,2.683442]",
7248,"[5.95,2.290201,2.683856]",
7249,"[5.95,2.289388,2.68475]",
7250,"[5.95,2.288918,2.685164]",
7251,"[5.95,2.287834,2.685609]",
7252,"[5.95,2.287552,2.68572]",
7253,"[5.95,2.287274,2.685721]",
7254,"[5.95,2.287347,2.685513]",
7255,"[5.95,2.287498,2.685159]",
7256,"[5.95,2.288977,2.683226]",
7257,"[5.95,2.290123,2.681642]",
7258,"[5.95,2.292232,2.677849]",
7259,"[5.95,2.293093,2.675243]",
7260,"[5.95,2.294133,2.668987]",
7261,"[5.95,2.294148,2.664651]",
7262,"[5.95,2.29337,2.659083]",
7263,"[5.95,2.289766,2.650505]",
7264,"[5.95,2.285454,2.645369]",
7265,"[5.95,2.272262,2.633112]",
7266,"[5.95,2.264545,2.631263]",
7267,"[5.95,2.253058,2.630582]",
7268,"[5.95,2.244295,2.629704]",
7269,"[5.95,2.227756,2.629026]",
7270,"[5.95,2.21925,2.63329]",
7271,"[5.95,2.210128,2.637412]",
7272,"[5.95,2.189306,2.649611]",
7273,"[5.95,2.17907,2.656748]",
7274,"[5.862098,2.119946,2.691649]",
7275,"[5.862098,2.105618,2.710814]",
7276,"[5.862098,2.085444,2.739238]",
7277,"[5.862098,2.07824,2.750135]",
7278,"[5.862098,2.07319,2.757473]",
7279,"[5.862098,2.071185,2.765221]",
7280,"[5.862098,2.071623,2.76936]",
7281,"[5.862098,2.073358,2.778363]",
7282,"[5.862098,2.075025,2.783476]",
7283,"[5.862098,2.078353,2.788668]",
7284,"[5.862098,2.080914,2.790756]",
7285,"[5.862098,2.083561,2.792904]",
7286,"[5.862098,2.088282,2.793558]",
7287,"[5.862098,2.091445,2.79418]",
7288,"[5.862098,2.097471,2.793087]",
7289,"[5.862098,2.100336,2.791986]",
7290,"[5.862098,2.106091,2.787693]",
7291,"[5.862098,2.108757,2.78486]",
7292,"[5.862098,2.112029,2.780678]",
7293,"[5.862098,2.112693,2.778877]",
7294,"[5.862098,2.113287,2.776907]",
7295,"[5.862098,2.113209,2.773221]",
7296,"[5.862098,2.11319,2.771309]",
7297,"[5.862098,2.11311,2.768881]",
7298,"[5.862098,2.112225,2.767341]",
7299,"[5.862098,2.11246,2.782073]",
7300,"[5.862098,2.113374,2.787343]",
7301,"[5.862098,2.114981,2.791521]",
7302,"[5.862098,2.1182,2.798417]",
7303,"[5.862098,2.119407,2.801292]",
7304,"[5.862098,2.096935,2.810446]",
7305,"[5.862098,2.089202,2.814688]",
7306,"[5.862098,2.080825,2.820624]",
7307,"[5.862098,2.074149,2.824599]",
7308,"[5.862098,2.068846,2.828077]",
7309,"[5.862098,2.053263,2.835631]",
7310,"[5.862098,2.047294,2.838792]",
7311,"[5.862098,2.036819,2.844186]",
7312,"[5.862098,2.030402,2.845191]",
7313,"[5.862098,2.01157,2.845332]",
7314,"[5.862098,2.001972,2.844539]",
7315,"[5.862098,1.990566,2.843275]",
7316,"[5.862098,1.987172,2.842843]",
7317,"[5.862098,1.985098,2.842575]",
7318,"[5.862098,1.981759,2.842343]",
7319,"[5.862098,1.980646,2.842335]",
7320,"[5.862098,1.979409,2.84241]",
7321,"[5.862098,1.979033,2.842504]",
7322,"[5.862098,1.978822,2.842655]",
7323,"[5.862098,1.979517,2.842789]",
7324,"[5.862098,1.981901,2.842757]",
7325,"[5.862098,1.988639,2.841867]",
7326,"[5.862098,1.991845,2.841066]",
7327,"[5.862098,1.995881,2.839191]",
7328,"[5.862098,1.997107,2.838117]",
7329,"[5.862098,1.996776,2.837054]",
7330,"[5.862098,1.996491,2.836375]",
7331,"[5.862098,1.99617,2.83546]",
7332,"[5.862098,1.996169,2.835346]",
7333,"[5.862098,1.99623,2.835284]",
7334,"[5.862098,1.996379,2.835486]",
7335,"[5.862098,1.996349,2.835788]",
7336,"[5.862098,1.995442,2.836809]",
7337,"[5.862098,1.995812,2.837167]",
7338,"[5.862098,2.071955,2.822212]",
7339,"[5.862098,2.1063,2.81485]",
7340,"[5.862098,2.145262,2.808487]",
7341,"[5.862098,2.157209,2.80678]",
7342,"[5.862098,2.175088,2.80421]",
7343,"[5.862098,2.195525,2.800974]",
7344,"[5.862098,2.204066,2.799813]",
7345,"[5.862098,2.217839,2.798024]",
7346,"[5.862098,2.220473,2.797497]",
7347,"[5.862098,2.222376,2.797154]",
7348,"[5.862098,2.223872,2.797016]",
7349,"[5.862098,2.2245,2.79708]",
7350,"[5.862098,2.224679,2.797513]",
7351,"[5.862098,2.224417,2.797977]",
7352,"[5.862098,2.223694,2.798938]",
7353,"[5.862098,2.223328,2.799426]",
7354,"[5.862098,2.222077,2.801167]",
7355,"[5.862098,2.221871,2.80134]",
7356,"[5.862098,2.221652,2.801465]",
7357,"[5.862098,2.221718,2.801488]",
7358,"[5.862098,2.221862,2.801491]",
7359,"[5.862098,2.222683,2.801379]",
7360,"[5.862098,2.222876,2.801314]",
7361,"[5.862098,2.220922,2.744854]",
7362,"[5.862098,2.218039,2.731647]",
7363,"[5.862098,2.213499,2.716203]",
7364,"[5.862098,2.211442,2.710696]",
7365,"[5.862098,2.20919,2.705069]",
7366,"[5.862098,2.204482,2.694888]",
7367,"[5.862098,2.202049,2.689294]",
7368,"[5.862098,2.198691,2.678871]",
7369,"[5.862098,2.198348,2.675131]",
7370,"[5.862098,2.198999,2.668963]",
7371,"[5.862098,2.199719,2.666383]",
7372,"[5.862098,2.200531,2.665404]",
7373,"[5.862098,2.202318,2.66236]",
7374,"[5.862098,2.20292,2.661712]",
7375,"[5.862098,2.203376,2.661075]",
7376,"[5.862098,2.203308,2.66113]",
7377,"[5.862098,2.203271,2.66113]",
7378,"[5.862098,2.203275,2.661079]",
7379,"[5.862098,2.203365,2.660734]",
7380,"[5.862098,2.203404,2.661204]",
7381,"[5.862098,2.203435,2.661485]",
7382,"[5.862098,2.203397,2.661864]",
7383,"[5.862098,2.203331,2.662014]",
7384,"[5.862098,2.202174,2.663114]",
7385,"[5.862098,2.201448,2.66377]",
7386,"[5.862098,2.199151,2.665957]",
7387,"[5.862098,2.197779,2.667629]",
7388,"[5.862098,2.196383,2.669488]",
7389,"[5.862098,2.194178,2.674105]",
7390,"[5.862098,2.193012,2.676361]",
7391,"[5.862098,2.190955,2.680847]",
7392,"[5.862098,2.189781,2.683331]",
7393,"[5.862098,2.187579,2.687797]",
7394,"[5.862098,2.1865,2.689337]",
7395,"[5.862098,2.18489,2.691467]",
7396,"[5.862098,2.184379,2.692015]",
7397,"[5.862098,2.184256,2.692325]",
7398,"[5.862098,2.183948,2.692962]",
7399,"[5.862098,2.183826,2.692884]",
7400,"[5.862098,2.183627,2.692655]",
7401,"[5.862098,2.183554,2.692478]",
7402,"[5.862098,2.183504,2.692224]",
7403,"[5.862098,2.183476,2.692056]",
7404,"[5.862098,2.166866,2.688975]",
7405,"[5.862098,2.150549,2.685487]",
7406,"[5.862098,2.145602,2.684203]",
7407,"[5.862098,2.139439,2.682764]",
7408,"[5.862098,2.137256,2.682365]",
7409,"[5.862098,2.133652,2.681377]",
7410,"[5.862098,2.132177,2.680984]",
7411,"[5.862098,2.130896,2.680434]",
7412,"[5.862098,2.128423,2.679259]",
7413,"[5.862098,2.127132,2.678566]",
7414,"[5.862098,2.125709,2.677047]",
7415,"[5.862098,2.124982,2.676184]",
7416,"[5.862098,2.12352,2.673852]",
7417,"[5.862098,2.122789,2.672623]",
7418,"[5.862098,2.121378,2.669959]",
7419,"[5.862098,2.120732,2.668578]",
7420,"[5.862098,2.120093,2.667198]",
7421,"[5.862098,2.119217,2.664633]",
7422,"[5.862098,2.118901,2.663816]",
7423,"[5.862098,2.118337,2.662196]",
7424,"[5.862098,2.117475,2.661276]",
7425,"[5.862098,2.11618,2.65983]",
7426,"[5.862098,2.115585,2.659121]",
7427,"[5.862098,2.115063,2.658439]",
7428,"[5.862098,2.11469,2.657662]",
7429,"[5.862098,2.114539,2.657212]",
7430,"[5.862098,2.114427,2.656429]",
7431,"[5.862098,2.114449,2.656088]",
7432,"[5.862098,2.11433,2.65542]",
7433,"[5.862098,2.114152,2.65507]",
7434,"[5.862098,2.11306,2.654263]",
7435,"[5.862098,2.112511,2.653892]",
7436,"[5.86381,2.1122,2.653474]",
7437,"[5.871627,2.113055,2.653474]",
7438,"[5.875673,2.11374,2.653473]",
7439,"[5.879982,2.11443,2.653474]",
7440,"[5.881967,2.114688,2.653474]",
7441,"[5.881069,2.114176,2.653474]",
7442,"[5.880649,2.113857,2.653474]",
7443,"[5.880199,2.113536,2.653474]",
7444,"[5.887125,2.117765,2.653473]",
7445,"[5.893125,2.121554,2.653474]",
7446,"[5.900516,2.126548,2.653474]",
7447,"[5.95,2.138892,2.659417]",
7448,"[5.95,2.141536,2.657995]",
7449,"[5.95,2.142725,2.657582]",
7450,"[5.95,2.143694,2.6573]",
7451,"[5.95,2.146264,2.656762]",
7452,"[5.95,2.147332,2.656532]",
7453,"[5.95,2.149508,2.656159]",
7454,"[5.95,2.150956,2.656001]",
7455,"[5.95,2.153657,2.655831]",
7456,"[5.95,2.155111,2.655811]",
7457,"[5.95,2.157775,2.655692]",
7458,"[5.95,2.159001,2.655618]",
7459,"[5.95,2.15997,2.655411]",
7460,"[5.95,2.1617,2.655095]",
7461,"[5.95,2.162547,2.654806]",
7462,"[5.95,2.163511,2.654617]",
7463,"[5.95,2.163697,2.654643]",
7464,"[5.95,2.164109,2.654511]",
7465,"[5.95,2.164357,2.654457]",
7466,"[5.95,2.16484,2.654253]",
7467,"[5.95,2.165894,2.65383]",
7468,"[5.95,2.166507,2.653597]",
7469,"[5.95,2.167681,2.653012]",
7470,"[5.95,2.168158,2.652662]",
7471,"[5.95,2.168893,2.652032]",
7472,"[5.95,2.169156,2.651888]",
7473,"[5.95,2.169561,2.651604]",
7474,"[5.95,2.169759,2.65143]",
7475,"[5.95,2.169955,2.651252]",
7476,"[5.95,2.174872,2.647314]",
7477,"[5.95,2.17691,2.645717]",
7478,"[5.95,2.193911,2.637038]",
7479,"[5.95,2.199383,2.634207]",
7480,"[5.95,2.205878,2.630739]",
7481,"[5.95,2.208357,2.629397]",
7482,"[5.95,2.210414,2.62823]",
7483,"[5.95,2.213122,2.626343]",
7484,"[5.95,2.214632,2.625369]",
7485,"[5.95,2.217087,2.623643]",
7486,"[5.95,2.217946,2.623235]",
7487,"[5.95,2.219316,2.622532]",
7488,"[5.95,2.219887,2.622264]",
7489,"[5.95,2.220336,2.622014]",
7490,"[5.95,2.220467,2.621949]",
7491,"[5.95,2.220575,2.621876]",
7492,"[5.95,2.221001,2.621738]",
7493,"[5.95,2.221227,2.621704]",
7494,"[5.95,2.22159,2.621607]",
7495,"[5.95,2.22175,2.621536]",
7496,"[5.95,2.221927,2.621491]",
7497,"[5.95,2.222052,2.621443]",
7498,"[5.95,2.222133,2.621405]",
7499,"[5.95,2.222368,2.621215]",
7500,"[5.95,2.222586,2.621058]",
7501,"[5.95,2.222984,2.620788]",
7502,"[5.95,2.223188,2.620671]",
7503,"[5.95,2.223581,2.620463]",
7504,"[5.95,2.223604,2.620483]",
7505,"[5.95,2.223683,2.620441]",
7506,"[5.95,2.223756,2.62037]",
7507,"[5.95,2.223854,2.6203]",
7508,"[5.95,2.224047,2.620208]",
7509,"[5.95,2.224094,2.620186]",
7510,"[5.862098,2.187929,2.656013]",
7511,"[5.862098,2.181761,2.678376]",
7512,"[5.862098,2.168562,2.70465]",
7513,"[5.862098,2.163137,2.711091]",
7514,"[5.862098,2.158888,2.715804]",
7515,"[5.862098,2.152657,2.721773]",
7516,"[5.862098,2.151123,2.723479]",
7517,"[5.862098,2.150166,2.725189]",
7518,"[5.862098,2.149773,2.725818]",
7519,"[5.862098,2.149366,2.726638]",
7520,"[5.862098,2.149369,2.726976]",
7521,"[5.862098,2.149424,2.727573]",
7522,"[5.862098,2.149757,2.728027]",
7523,"[5.862098,2.150067,2.728437]",
7524,"[5.862098,2.150947,2.729851]",
7525,"[5.862098,2.15145,2.730675]",
7526,"[5.862098,2.152419,2.732545]",
7527,"[5.862098,2.153188,2.733822]",
7528,"[5.862098,2.153949,2.736186]",
7529,"[5.862098,2.154031,2.737195]",
7530,"[5.862098,2.154395,2.738198]",
7531,"[5.862098,2.155085,2.739923]",
7532,"[5.862098,2.155406,2.740682]",
7533,"[5.862098,2.155483,2.741563]",
7534,"[5.862098,2.155568,2.741616]",
7535,"[5.862098,2.155662,2.741978]",
7536,"[5.862098,2.155694,2.742002]",
7537,"[5.862098,2.155738,2.742038]",
7538,"[5.862098,2.156023,2.742155]",
7539,"[5.862098,2.156229,2.742287]",
7540,"[5.862098,2.156762,2.742623]",
7541,"[5.862098,2.157138,2.742843]",
7542,"[5.862098,2.157884,2.743353]",
7543,"[5.862098,2.158173,2.743589]",
7544,"[5.862098,2.158628,2.74378]",
7545,"[5.862098,2.158778,2.743873]",
7546,"[5.862098,2.158926,2.743983]",
7547,"[5.862098,2.159227,2.744222]",
7548,"[5.862098,2.159395,2.744359]",
7549,"[5.862098,2.159938,2.744488]",
7550,"[5.862098,2.160539,2.744228]",
7551,"[5.862098,2.161645,2.74376]",
7552,"[5.862098,2.162169,2.743541]",
7553,"[5.862098,2.163338,2.743126]",
7554,"[5.862098,2.165451,2.742295]",
7555,"[5.862098,2.166873,2.741722]",
7556,"[5.862098,2.16958,2.740581]",
7557,"[5.862098,2.170882,2.74002]",
7558,"[5.862098,2.173969,2.737154]",
7559,"[5.862098,2.204943,2.724928]",
7560,"[5.862098,2.232733,2.714405]",
7561,"[5.862098,2.240494,2.711763]",
7562,"[5.95,2.274041,2.725031]",
7563,"[5.95,2.283768,2.722053]",
7564,"[5.95,2.28825,2.721144]",
7565,"[5.95,2.294991,2.7187]",
7566,"[5.95,2.297966,2.717192]",
7567,"[5.95,2.303696,2.715568]",
7568,"[5.95,2.306623,2.714772]",
7569,"[5.95,2.30951,2.713624]",
7570,"[5.95,2.314801,2.711607]",
7571,"[5.95,2.317958,2.710987]",
7572,"[5.95,2.324864,2.709888]",
7573,"[5.95,2.328159,2.70949]",
7574,"[5.95,2.333411,2.709183]",
7575,"[5.95,2.33505,2.709053]",
7576,"[5.95,2.336736,2.708951]",
7577,"[5.95,2.339747,2.708631]",
7578,"[5.95,2.341201,2.708413]",
7579,"[5.95,2.343888,2.707651]",
7580,"[5.95,2.344548,2.707516]",
7581,"[5.95,2.345972,2.707206]",
7582,"[5.95,2.34604,2.707065]",
7583,"[5.95,2.34622,2.707095]",
7584,"[5.95,2.346328,2.707265]",
7585,"[5.95,2.346428,2.707437]",
7586,"[5.95,2.346296,2.707005]",
7587,"[5.95,2.346042,2.706693]",
7588,"[5.95,2.345497,2.706151]",
7589,"[5.95,2.345134,2.70588]",
7590,"[5.95,2.344317,2.705154]",
7591,"[5.95,2.343924,2.70469]",
7592,"[5.95,2.343449,2.704077]",
7593,"[5.95,2.343241,2.703766]",
7594,"[5.95,2.342903,2.70338]",
7595,"[5.95,2.342368,2.702792]",
7596,"[5.95,2.342153,2.702573]",
7597,"[5.95,2.341827,2.702225]",
7598,"[5.95,2.341706,2.702078]",
7599,"[5.95,2.341424,2.701885]",
7600,"[5.95,2.341185,2.701797]",
7601,"[5.95,2.340942,2.701749]",
7602,"[5.95,2.340287,2.701541]",
7603,"[5.95,2.339864,2.701368]",
7604,"[5.95,2.338851,2.701003]",
7605,"[5.95,2.338348,2.700811]",
7606,"[5.95,2.337294,2.700261]",
7607,"[5.95,2.336601,2.699788]",
7608,"[5.95,2.334888,2.698692]",
7609,"[5.95,2.333781,2.698045]",
7610,"[5.95,2.332703,2.697417]",
7611,"[5.95,2.324012,2.697391]",
7612,"[5.95,2.277671,2.697525]",
7613,"[5.862098,2.208674,2.683532]",
7614,"[5.862098,2.195452,2.682687]",
7615,"[5.862098,2.17956,2.6817]",
7616,"[5.862098,2.173917,2.681363]",
7617,"[5.862098,2.168419,2.681657]",
7618,"[5.862098,2.16031,2.681986]",
7619,"[5.862098,2.157715,2.682005]",
7620,"[5.862098,2.152559,2.681316]",
7621,"[5.862098,2.149843,2.680666]",
7622,"[5.862098,2.14597,2.679324]",
7623,"[5.862098,2.144287,2.678588]",
7624,"[5.862098,2.143591,2.678642]",
7625,"[5.862098,2.142384,2.678552]",
7626,"[5.862098,2.14183,2.678415]",
7627,"[5.862098,2.14112,2.678243]",
7628,"[5.862098,2.140936,2.678235]",
7629,"[5.862098,2.140679,2.678229]",
7630,"[5.862098,2.140587,2.678239]",
7631,"[5.862098,2.14047,2.678307]",
7632,"[5.862098,2.14003,2.678556]",
7633,"[5.862098,2.139593,2.67885]",
7634,"[5.862098,2.13881,2.679456]",
7635,"[5.862098,2.138439,2.679834]",
7636,"[5.862098,2.137722,2.680772]",
7637,"[5.862098,2.13734,2.68126]",
7638,"[5.862098,2.13651,2.682221]",
7639,"[5.862098,2.136029,2.682757]",
7640,"[5.862098,2.135587,2.683264]",
7641,"[5.862098,2.134816,2.684062]",
7642,"[5.862098,2.13476,2.684141]",
7643,"[5.862098,2.134653,2.684298]",
7644,"[5.862098,2.134774,2.684377]",
7645,"[5.862098,2.135018,2.6845]",
7646,"[5.862098,2.135181,2.684555]",
7647,"[5.862098,2.135273,2.684592]",
7648,"[5.862098,2.135317,2.684612]",
7649,"[5.862098,2.135353,2.684633]",
7650,"[5.862098,2.135297,2.684679]",
7651,"[5.862098,2.135188,2.684707]",
7652,"[5.862098,2.135011,2.684753]",
7653,"[5.862098,2.134943,2.684773]",
7654,"[5.862098,2.13479,2.684714]",
7655,"[5.862098,2.134685,2.684701]",
7656,"[5.862098,2.134547,2.684682]",
7657,"[5.862098,2.134237,2.684647]",
7658,"[5.862098,2.134053,2.684625]",
7659,"[5.862098,2.133489,2.684841]",
7660,"[5.862098,2.133199,2.684942]",
7661,"[5.862098,2.132782,2.684964]",
7662,"[5.862098,2.132626,2.685058]",
7663,"[5.862098,2.132489,2.685136]",
7664,"[5.862098,2.132222,2.685075]",
7665,"[5.862098,2.132086,2.685027]",
7666,"[5.862098,2.131866,2.685255]",
7667,"[5.862098,2.131607,2.685364]",
7668,"[5.862098,2.131206,2.685574]",
7669,"[5.862098,2.131164,2.68563]",
7670,"[5.862098,2.131123,2.685686]",
7671,"[5.862098,2.131309,2.68579]",
7672,"[5.862098,2.131418,2.685912]",
7673,"[5.862098,2.131587,2.686089]",
7674,"[5.862098,2.131608,2.686147]",
7675,"[5.862098,2.131624,2.686258]",
7676,"[5.862098,2.131617,2.686324]",
7677,"[5.862098,2.14361,2.680879]",
7678,"[5.862098,2.15461,2.675803]",
7679,"[5.862098,2.161445,2.672693]",
7680,"[5.862098,2.170764,2.668559]",
7681,"[5.862098,2.174577,2.666886]",
7682,"[5.862098,2.179789,2.664735]",
7683,"[5.862098,2.181853,2.664013]",
7684,"[5.862098,2.186144,2.662484]",
7685,"[5.862098,2.188277,2.661718]",
7686,"[5.862098,2.191471,2.661065]",
7687,"[5.862098,2.193257,2.66035]",
7688,"[5.862098,2.19484,2.659691]",
7689,"[5.862098,2.196304,2.65914]",
7690,"[5.862098,2.196659,2.658999]",
7691,"[5.862098,2.197483,2.658542]",
7692,"[5.862098,2.1986,2.658316]",
7693,"[5.862098,2.19974,2.658148]",
7694,"[5.862098,2.202145,2.658046]",
7695,"[5.862098,2.203643,2.658084]",
7696,"[5.862098,2.206267,2.657686]",
7697,"[5.862098,2.207459,2.658174]",
7698,"[5.862098,2.209937,2.659361]",
7699,"[5.862098,2.211182,2.661191]",
7700,"[5.862098,2.218281,2.738635]",
7701,"[5.862098,2.220616,2.769418]",
7702,"[5.862098,2.222553,2.796896]",
7703,"[5.862098,2.223114,2.805549]",
7704,"[5.862098,2.223417,2.810245]",
7705,"[5.862098,2.223994,2.816795]",
7706,"[5.862098,2.224285,2.819386]",
7707,"[5.862098,2.224392,2.823163]",
7708,"[5.862098,2.224189,2.824589]",
7709,"[5.862098,2.223823,2.826423]",
7710,"[5.862098,2.223648,2.827477]",
7711,"[5.793116,2.203462,2.81172]",
7712,"[5.789524,2.20245,2.81172]",
7713,"[5.788836,2.20234,2.81172]",
7714,"[5.787326,2.202077,2.81172]",
7715,"[5.786213,2.201835,2.81172]",
7716,"[5.781919,2.200787,2.81172]",
7717,"[5.779663,2.20025,2.81172]",
7718,"[5.777225,2.199694,2.81172]",
7719,"[5.77323,2.198992,2.81172]",
7720,"[5.771623,2.198836,2.81172]",
7721,"[5.770365,2.199056,2.81172]",
7722,"[5.769565,2.199141,2.81172]",
7723,"[5.767713,2.19924,2.81172]",
7724,"[5.767146,2.199102,2.81172]",
7725,"[5.765748,2.198748,2.81172]",
7726,"[5.764803,2.198492,2.81172]",
7727,"[5.763817,2.198241,2.81172]",
7728,"[5.762615,2.198096,2.81172]",
7729,"[5.762584,2.198324,2.81172]",
7730,"[5.762525,2.198812,2.81172]",
7731,"[5.762461,2.199113,2.81172]",
7732,"[5.761625,2.199503,2.81172]",
7733,"[5.760939,2.199596,2.81172]",
7734,"[5.760592,2.199732,2.81172]",
7735,"[5.760027,2.199933,2.81172]",
7736,"[5.759071,2.199801,2.81172]",
7737,"[5.757918,2.1995,2.81172]",
7738,"[5.757685,2.199353,2.81172]",
7739,"[5.757244,2.19902,2.81172]",
7740,"[5.757025,2.198818,2.81172]",
7741,"[5.756736,2.198179,2.81172]",
7742,"[5.756912,2.197568,2.81172]",
7743,"[5.757312,2.197492,2.81172]",
7744,"[5.758851,2.19698,2.81172]",
7745,"[5.759947,2.196586,2.81172]",
7746,"[5.761007,2.196377,2.81172]",
7747,"[5.760672,2.195608,2.81172]",
7748,"[5.759992,2.194023,2.81172]",
7749,"[5.759724,2.193615,2.81172]",
7750,"[5.759345,2.193194,2.81172]",
7751,"[5.759161,2.192666,2.81172]",
7752,"[5.758905,2.192288,2.81172]",
7753,"[5.758795,2.191982,2.81172]",
7754,"[5.757874,2.191704,2.81172]",
7755,"[5.756675,2.191342,2.81172]",
7756,"[5.756448,2.191326,2.81172]",
7757,"[5.756117,2.191293,2.81172]",
7758,"[5.755564,2.191228,2.81172]",
7759,"[5.754391,2.190857,2.81172]",
7760,"[5.752367,2.190194,2.81172]",
7761,"[5.751292,2.189823,2.81172]",
7762,"[5.750308,2.189414,2.81172]",
7763,"[5.750357,2.189366,2.81172]",
7764,"[5.750779,2.189299,2.81172]",
7765,"[5.750801,2.189309,2.81172]",
7766,"[5.751151,2.189398,2.81172]",
7767,"[5.751276,2.189453,2.81172]",
7768,"[5.750938,2.189346,2.81172]",
7769,"[5.749165,2.188591,2.81172]",
7770,"[5.747428,2.188059,2.81172]",
7771,"[5.741255,2.187375,2.81172]",
7772,"[5.75701,2.190797,2.81172]",
7773,"[5.770031,2.193217,2.81172]",
7774,"[5.862098,2.196502,2.800869]",
7775,"[5.862098,2.182431,2.783555]",
7776,"[5.862098,2.16484,2.757627]",
7777,"[5.862098,2.159853,2.750539]",
7778,"[5.862098,2.15191,2.738583]",
7779,"[5.862098,2.148252,2.733709]",
7780,"[5.862098,2.144833,2.72718]",
7781,"[5.862098,2.144,2.724467]",
7782,"[5.862098,2.14343,2.721889]",
7783,"[5.862098,2.142253,2.716844]",
7784,"[5.862098,2.142051,2.714697]",
7785,"[5.862098,2.140594,2.709711]",
7786,"[5.862098,2.140235,2.708008]",
7787,"[5.862098,2.139737,2.705448]",
7788,"[5.862098,2.138203,2.70377]",
7789,"[5.862098,2.135255,2.702553]",
7790,"[5.862098,2.129007,2.699812]",
7791,"[5.862098,2.127082,2.699575]",
7792,"[5.862098,2.12444,2.698986]",
7793,"[5.862098,2.122846,2.698448]",
7794,"[5.862098,2.121762,2.698771]",
7795,"[5.862098,2.121392,2.698924]",
7796,"[5.862098,2.121135,2.699278]",
7797,"[5.862098,2.121049,2.699479]",
7798,"[5.862098,2.121028,2.699629]",
7799,"[5.862098,2.121071,2.699934]",
7800,"[5.862098,2.121251,2.700148]",
7801,"[5.862098,2.120927,2.700791]",
7802,"[5.862098,2.119914,2.702156]",
7803,"[5.862098,2.116213,2.705971]",
7804,"[5.862098,2.113587,2.7084]",
7805,"[5.862098,2.111349,2.71032]",
7806,"[5.862098,2.107666,2.713688]",
7807,"[5.862098,2.106115,2.715163]",
7808,"[5.862098,2.104919,2.717739]",
7809,"[5.862098,2.104405,2.718833]",
7810,"[5.862098,2.102621,2.720719]",
7811,"[5.862098,2.101841,2.721516]",
7812,"[5.862098,2.101381,2.722541]",
7813,"[5.862098,2.101262,2.72362]",
7814,"[5.862098,2.101444,2.72372]",
7815,"[5.862098,2.103535,2.724093]",
7816,"[5.862098,2.105194,2.724314]",
7817,"[5.862098,2.107597,2.7242]",
7818,"[5.862098,2.108441,2.724094]",
7819,"[5.862098,2.109986,2.723923]",
7820,"[5.862098,2.110065,2.72388]",
7821,"[5.862098,2.109646,2.721556]",
7822,"[5.862098,2.109195,2.719455]",
7823,"[5.862098,2.109102,2.71945]",
7824,"[5.862098,2.109093,2.719689]",
7825,"[5.862098,2.109034,2.719634]",
7826,"[5.862098,2.108123,2.716281]",
7827,"[5.862098,2.108165,2.716327]",
7828,"[5.862098,2.108247,2.716356]",
7829,"[5.862098,2.109224,2.716037]",
7830,"[5.862098,2.118096,2.71459]",
7831,"[5.862098,2.128103,2.713165]",
7832,"[5.862098,2.131495,2.712721]",
7833,"[5.862098,2.135895,2.712498]",
7834,"[5.862098,2.137586,2.712566]",
7835,"[5.862098,2.140162,2.712713]",
7836,"[5.862098,2.141153,2.712749]",
7837,"[5.862098,2.1421,2.712785]",
7838,"[5.862098,2.143219,2.712863]",
7839,"[5.862098,2.143527,2.712871]",
7840,"[5.862098,2.143822,2.712736]",
7841,"[5.862098,2.14387,2.712604]",
7842,"[5.862098,2.143771,2.71142]",
7843,"[5.862098,2.143627,2.710615]",
7844,"[5.862098,2.143577,2.709847]",
7845,"[5.862098,2.144379,2.70889]",
7846,"[5.862098,2.145343,2.70873]",
7847,"[5.862098,2.145447,2.708308]",
7848,"[5.862098,2.145408,2.708086]",
7849,"[5.862098,2.144255,2.707228]",
7850,"[5.862098,2.077386,2.697021]",
7851,"[5.862098,2.041803,2.691661]",
7852,"[5.862098,2.0187,2.689507]",
7853,"[5.862098,2.003753,2.688015]",
7854,"[5.862098,1.982606,2.685821]",
7855,"[5.862098,1.973932,2.684825]",
7856,"[5.862098,1.961491,2.681983]",
7857,"[5.862098,1.955324,2.680601]",
7858,"[5.862098,1.95164,2.679568]",
7859,"[5.862098,1.950935,2.679604]",
7860,"[5.862098,1.949926,2.679682]",
7861,"[5.862098,1.947714,2.679856]",
7862,"[5.862098,1.94624,2.680009]",
7863,"[5.862098,1.945694,2.679771]",
7864,"[5.862098,1.945673,2.679723]",
7865,"[5.862098,1.949219,2.680819]",
7866,"[5.862098,1.95199,2.68126]",
7867,"[5.862098,1.954455,2.681693]",
7868,"[5.862098,1.95974,2.682492]",
7869,"[5.862098,1.962948,2.682347]",
7870,"[5.862098,1.96698,2.682108]",
7871,"[5.862098,1.967749,2.681411]",
7872,"[5.862098,1.968187,2.680862]",
7873,"[5.862098,1.968205,2.680465]",
7874,"[5.862098,1.967934,2.679508]",
7875,"[5.862098,1.967507,2.679112]",
7876,"[5.862098,1.966944,2.678681]",
7877,"[5.862098,1.964676,2.679651]",
7878,"[5.862098,1.962938,2.681086]",
7879,"[5.862098,1.94075,2.708794]",
7880,"[5.862098,1.933975,2.719378]",
7881,"[5.862098,1.924671,2.733267]",
7882,"[5.862098,1.922286,2.738007]",
7883,"[5.862098,1.920676,2.741712]",
7884,"[5.862098,1.919443,2.747442]",
7885,"[5.862098,1.918887,2.750181]",
7886,"[5.862098,1.919443,2.754014]",
7887,"[5.862098,1.919945,2.755179]",
7888,"[5.862098,1.920732,2.757012]",
7889,"[5.862098,1.921111,2.757647]",
7890,"[5.862098,1.921815,2.758286]",
7891,"[5.862098,1.92226,2.758444]",
7892,"[5.862098,1.922901,2.758482]",
7893,"[5.862098,1.924517,2.758486]",
7894,"[5.862098,1.925274,2.758481]",
7895,"[5.862098,1.926058,2.758441]",
7896,"[5.862098,1.926222,2.75843]",
7897,"[5.862098,1.926411,2.758564]",
7898,"[5.862098,1.926568,2.758647]",
7899,"[5.862098,1.926929,2.758766]",
7900,"[5.862098,1.928042,2.759176]",
7901,"[5.862098,1.928739,2.759453]",
7902,"[5.862098,1.930184,2.759998]",
7903,"[5.862098,1.930833,2.760243]",
7904,"[5.856729,1.959774,2.745849]",
7905,"[5.826142,1.968413,2.735048]",
7906,"[5.743617,1.970854,2.714907]",
7907,"[5.739653,1.979069,2.711469]",
7908,"[5.95,2.0068,2.749905]",
7909,"[5.95,2.017008,2.748549]",
7910,"[5.95,2.020593,2.748422]",
7911,"[5.95,2.02552,2.748749]",
7912,"[5.95,2.025888,2.748919]",
7913,"[5.95,2.026413,2.74916]",
7914,"[5.95,2.026513,2.749183]",
7915,"[5.95,2.02657,2.749189]",
7916,"[5.95,2.026467,2.748994]",
7917,"[5.95,2.026291,2.748823]",
7918,"[5.95,2.025902,2.748463]",
7919,"[5.95,2.02567,2.748245]",
7920,"[5.95,2.024999,2.747714]",
7921,"[5.95,2.024587,2.74744]",
7922,"[5.95,2.024175,2.747024]",
7923,"[5.95,2.024084,2.746858]",
7924,"[5.95,2.024218,2.746717]",
7925,"[5.95,2.024788,2.746663]",
7926,"[5.95,2.025287,2.74679]",
7927,"[5.95,2.026693,2.747194]",
7928,"[5.95,2.027639,2.747452]",
7929,"[5.95,2.031108,2.747786]",
7930,"[5.95,2.032921,2.747527]",
7931,"[5.95,2.036428,2.747232]",
7932,"[5.95,2.059223,2.745356]",
7933,"[5.95,2.071963,2.744419]",
7934,"[5.95,2.087164,2.743314]",
7935,"[5.95,2.091941,2.743061]",
7936,"[5.699893,2.046541,2.698326]",
7937,"[5.696409,2.047627,2.697557]",
7938,"[5.688148,2.048802,2.69602]",
7939,"[5.95,2.105919,2.740921]",
7940,"[5.95,2.1077,2.740697]",
7941,"[5.95,2.110233,2.739477]",
7942,"[5.95,2.111023,2.739037]",
7943,"[5.95,2.113225,2.738181]",
7944,"[5.95,2.114496,2.737736]",
7945,"[5.95,2.11709,2.736936]",
7946,"[5.95,2.118608,2.736621]",
7947,"[5.609862,2.044528,2.680016]",
7948,"[5.603587,2.045117,2.679066]",
7949,"[5.596627,2.045771,2.677084]",
7950,"[5.582231,2.048548,2.671047]",
7951,"[5.575318,2.050241,2.66767]",
7952,"[5.642423,2.110673,2.659762]",
7953,"[5.699421,2.146473,2.660104]",
7954,"[5.95,2.253197,2.681475]",
7955,"[5.95,2.258182,2.680847]",
7956,"[5.95,2.262566,2.680528]",
7957,"[5.95,2.268669,2.681009]",
7958,"[5.95,2.272977,2.681937]",
7959,"[5.95,2.280515,2.687519]",
7960,"[5.95,2.285055,2.691432]",
7961,"[5.95,2.287565,2.702751]",
7962,"[5.95,2.286397,2.71152]",
7963,"[5.95,2.285791,2.719392]",
7964,"[5.95,2.284966,2.73378]",
7965,"[5.95,2.283961,2.740679]",
7966,"[5.630418,2.150687,2.704803]",
7967,"[5.595622,2.131916,2.705319]",
7968,"[5.558663,2.112815,2.707614]",
7969,"[5.551151,2.108329,2.710102]",
7970,"[5.544942,2.104803,2.712485]",
7971,"[5.552658,2.106075,2.719966]",
7972,"[5.557672,2.106872,2.723583]",
7973,"[5.571339,2.110998,2.730952]",
7974,"[5.576747,2.112574,2.734515]",
7975,"[5.576637,2.110709,2.739457]",
7976,"[5.579358,2.110242,2.742709]",
7977,"[5.95,2.240432,2.821369]",
7978,"[5.95,2.239516,2.821821]",
7979,"[5.95,2.239264,2.822039]",
7980,"[5.95,2.242986,2.822424]",
7981,"[5.95,2.247911,2.822878]",
7982,"[5.95,2.257688,2.826436]",
7983,"[5.95,2.261893,2.829574]",
7984,"[5.95,2.265445,2.841246]",
7985,"[5.773482,2.199682,2.81172]",
7986,"[5.737435,2.183213,2.81172]",
7987,"[5.646908,2.144178,2.81172]",
7988,"[5.616,2.128845,2.815087]",
7989,"[5.616,2.1144,2.83572]",
7990,"[5.616,2.10779,2.845042]",
7991,"[5.616,2.094155,2.8631]",
7992,"[5.616,2.087847,2.871261]",
7993,"[5.616,2.077185,2.885526]",
7994,"[5.616,2.072484,2.890986]",
7995,"[5.616,2.067366,2.896797]",
7996,"[5.616,2.030613,2.882927]",
7997,"[5.616,1.944093,2.844609]",
7998,"[5.451583,1.893593,2.799138]",
7999,"[5.443315,1.882317,2.796705]",
8000,"[5.432824,1.865756,2.793901]",
8001,"[5.42774,1.858027,2.792616]",
8002,"[5.422522,1.850959,2.791416]",
8003,"[5.414983,1.844974,2.793146]",
8004,"[5.410768,1.842465,2.79407]",
8005,"[5.401975,1.838678,2.795926]",
8006,"[5.397244,1.837398,2.797034]",
8007,"[5.387938,1.835561,2.799145]",
8008,"[5.383281,1.834888,2.800429]",
8009,"[5.372783,1.834522,2.804465]",
8010,"[5.367676,1.83356,2.806305]",
8011,"[5.363127,1.832825,2.807845]",
8012,"[5.356449,1.8316,2.810676]",
8013,"[5.352855,1.831345,2.812657]",
8014,"[5.349378,1.831547,2.814452]",
8015,"[5.347211,1.831411,2.815015]",
8016,"[5.345091,1.831283,2.816558]",
8017,"[5.341118,1.831345,2.819887]",
8018,"[5.339719,1.831785,2.821842]",
8019,"[5.339481,1.833254,2.825244]",
8020,"[5.339868,1.834221,2.826871]",
8021,"[5.340238,1.835523,2.829575]",
8022,"[5.339818,1.835962,2.830567]",
8023,"[5.339246,1.837057,2.832387]",
8024,"[5.339292,1.837946,2.833378]",
8025,"[5.340275,1.840226,2.835114]",
8026,"[5.340998,1.841677,2.835869]",
8027,"[5.341205,1.84325,2.836381]",
8028,"[5.340427,1.845636,2.836835]",
8029,"[5.339194,1.846364,2.836921]",
8030,"[5.336797,1.847075,2.836626]",
8031,"[5.334648,1.847173,2.836423]",
8032,"[5.328097,1.846637,2.83504]",
8033,"[5.32223,1.845865,2.833875]",
8034,"[5.306445,1.841678,2.831782]",
8035,"[5.298321,1.838786,2.830851]",
8036,"[5.288244,1.835471,2.830352]",
8037,"[5.267192,1.829587,2.829663]",
8038,"[5.254052,1.827071,2.82896]",
8039,"[5.227902,1.824931,2.825772]",
8040,"[5.216915,1.823734,2.824523]",
8041,"[5.199392,1.821296,2.821459]",
8042,"[5.194345,1.820226,2.819207]",
8043,"[5.19151,1.819394,2.817694]",
8044,"[5.198695,1.818186,2.799981]",
8045,"[5.203534,1.818253,2.791943]",
8046,"[5.212993,1.819505,2.783656]",
8047,"[5.220357,1.820341,2.781645]",
8048,"[5.237145,1.821809,2.77928]",
8049,"[5.246949,1.822519,2.778915]",
8050,"[5.262383,1.824334,2.779624]",
8051,"[5.267895,1.825376,2.780581]",
8052,"[5.272708,1.826256,2.78151]",
8053,"[5.274518,1.833601,2.804526]",
8054,"[5.270021,1.838486,2.825569]",
8055,"[5.267543,1.841643,2.843157]",
8056,"[5.266416,1.842477,2.84871]",
8057,"[5.265151,1.843641,2.856439]",
8058,"[5.265077,1.844197,2.859415]",
8059,"[5.26506,1.844264,2.86196]",
8060,"[5.267531,1.844788,2.866221]",
8061,"[5.269103,1.84508,2.868708]",
8062,"[5.274826,1.84584,2.873709]",
8063,"[5.280807,1.846413,2.877276]",
8064,"[5.531112,1.862101,2.97822]",
8065,"[5.531043,1.86205,2.980177]",
8066,"[5.53095,1.861453,2.982865]",
8067,"[5.530728,1.859366,2.989205]",
8068,"[5.533226,1.857788,2.994699]",
8069,"[5.95,1.875132,3.192044]",
8070,"[5.95,1.870691,3.202422]",
8071,"[5.95,1.860525,3.229862]",
8072,"[5.95,1.856046,3.243806]",
8073,"[5.95,1.847228,3.275942]",
8074,"[5.95,1.841079,3.297316]",
8075,"[5.95,1.835097,3.320455]",
8076,"[5.95,1.819619,3.370716]",
8077,"[5.95,1.809573,3.398191]",
8078,"[5.95,1.74239,3.546532]",
8079,"[5.95,1.701258,3.59727]",
8080,"[5.95,1.652273,3.668336]",
8081,"[5.151433,1.729001,3.024976]",
8082,"[5.95,1.612469,3.736666]",
8083,"[5.949999,1.593107,3.770442]",
8084,"[5.949999,1.580854,3.795583]",
8085,"[5.949999,1.555648,3.852381]",
8086,"[5.95,1.538293,3.877462]",
8087,"[5.949999,1.509873,3.929831]",
8088,"[5.206332,1.657578,3.196102]",
8089,"[5.161577,1.661305,3.174682]",
8090,"[5.153689,1.660596,3.178677]",
8091,"[5.147131,1.661177,3.176727]",
8092,"[5.134356,1.663075,3.175323]",
8093,"[5.123468,1.665251,3.170785]",
8094,"[5.097731,1.670433,3.152329]",
8095,"[5.093861,1.671102,3.150651]",
8096,"[5.093347,1.67154,3.149751]",
8097,"[5.092867,1.672453,3.147933]",
8098,"[5.091318,1.673117,3.145806]",
8099,"[5.093378,1.673421,3.147882]",
8100,"[5.095175,1.673032,3.152337]",
8101,"[5.10197,1.672474,3.166561]",
8102,"[5.106377,1.672221,3.176652]",
8103,"[5.118701,1.672291,3.205204]",
8104,"[5.124292,1.67239,3.221014]",
8105,"[5.12864,1.672913,3.251197]",
8106,"[5.127129,1.673347,3.267314]",
8107,"[5.95,1.516772,4.277166]",
8108,"[5.626222,1.579625,3.957242]",
8109,"[5.577414,1.588519,3.939849]",
8110,"[5.519541,1.597672,3.982774]",
8111,"[5.463943,1.607463,3.982794]",
8112,"[5.002394,1.665451,3.982916]",
8113,"[4.952154,1.667843,3.982921]",
8114,"[4.650594,1.708886,3.983006]",
8115,"[4.561405,1.714891,3.983019]",
8116,"[4.377113,1.7213,3.983032]",
8117,"[4.288911,1.723998,3.983038]",
8118,"[4.25369,1.725755,3.983042]",
8119,"[4.222738,1.726411,3.983043]",
8120,"[4.219203,1.725136,3.983041]",
8121,"[4.221261,1.723706,3.983038]",
8122,"[4.233431,1.719981,3.98303]",
8123,"[4.240487,1.717992,3.983026]",
8124,"[4.277997,1.71132,3.983012]",
8125,"[4.314818,1.707567,3.983004]",
8126,"[4.341485,1.706289,3.983001]",
8127,"[4.369252,1.706194,3.983001]",
8128,"[4.396009,1.710163,3.983009]",
8129,"[4.405454,1.71415,3.983018]",
8130,"[4.411047,1.717811,3.983025]",
8131,"[4.423815,1.72226,3.983035]",
8132,"[4.427337,1.722452,3.983035]",
8133,"[4.430153,1.722619,3.983035]",
8134,"[4.432262,1.721409,3.983033]",
8135,"[4.43333,1.720039,3.98303]",
8136,"[4.434051,1.718447,3.983027]",
8137,"[4.434259,1.717023,3.983024]",
8138,"[4.434491,1.710182,3.983009]",
8139,"[4.433865,1.706666,3.983002]",
8140,"[4.432209,1.702389,3.982993]",
8141,"[4.430328,1.698701,3.982985]",
8142,"[4.419851,1.682287,3.982951]",
8143,"[4.413951,1.673307,3.982932]",
8144,"[4.410005,1.666514,3.982918]",
8145,"[4.409213,1.663973,3.982913]",
8146,"[4.40813,1.660184,3.982904]",
8147,"[4.406925,1.653688,3.982891]",
8148,"[4.406675,1.651897,3.982887]",
8149,"[4.406694,1.649386,3.982882]",
8150,"[4.406841,1.648716,3.982881]",
8151,"[4.407368,1.647899,3.982879]",
8152,"[4.407686,1.647585,3.982878]",
8153,"[4.40807,1.647001,3.982877]",
8154,"[4.409091,1.644619,3.982872]",
8155,"[4.409689,1.643027,3.982869]",
8156,"[4.410684,1.639454,3.982861]",
8157,"[4.410601,1.637804,3.982858]",
8158,"[4.409665,1.63565,3.982853]",
8159,"[4.408872,1.635304,3.982852]",
8160,"[4.409167,1.634508,3.982851]",
8161,"[4.409558,1.634039,3.98285]",
8162,"[4.410076,1.633507,3.982849]",
8163,"[4.438656,1.577683,3.982732]",
8164,"[4.447637,1.543656,3.982661]",
8165,"[4.454672,1.520576,3.982612]",
8166,"[4.456535,1.51426,3.982599]",
8167,"[4.457189,1.507672,3.982585]",
8168,"[4.457359,1.505302,3.98258]",
8169,"[4.457219,1.503835,3.982577]",
8170,"[4.456147,1.502296,3.982574]",
8171,"[4.454142,1.502646,3.982575]",
8172,"[4.400471,1.567047,3.982709]",
8173,"[4.393126,1.575906,3.982728]",
8174,"[4.357611,1.735759,3.983063]",
8175,"[4.354741,1.745615,3.983083]",
8176,"[4.35316,1.750412,3.983094]",
8177,"[4.351151,1.755351,3.983104]",
8178,"[4.350365,1.756872,3.983107]",
8179,"[4.349254,1.759575,3.983113]",
8180,"[4.348585,1.761169,3.983116]",
8181,"[4.34715,1.764171,3.983122]",
8182,"[4.346326,1.765886,3.983126]",
8183,"[4.34461,1.768608,3.983132]",
8184,"[4.34368,1.769972,3.983135]",
8185,"[4.341586,1.773804,3.983143]",
8186,"[4.340568,1.775854,3.983147]",
8187,"[4.339317,1.778341,3.983152]",
8188,"[4.340233,1.832255,3.983265]",
8189,"[4.339833,1.852741,3.983308]",
8190,"[4.33821,1.873251,3.983351]",
8191,"[4.337076,1.880861,3.983367]",
8192,"[4.335131,1.889504,3.983385]",
8193,"[4.334055,1.892767,3.983392]",
8194,"[4.33314,1.895073,3.983397]",
8195,"[4.331211,1.898718,3.983404]",
8196,"[4.330131,1.900376,3.983407]",
8197,"[4.328547,1.901779,3.983411]",
8198,"[4.327552,1.902715,3.983413]",
8199,"[4.326243,1.904325,3.983416]",
8200,"[4.325433,1.905237,3.983418]",
8201,"[4.323954,1.906611,3.983421]",
8202,"[4.323081,1.907421,3.983422]",
8203,"[4.322467,1.908028,3.983424]",
8204,"[4.321981,1.908541,3.983425]",
8205,"[4.322152,1.908201,3.983424]",
8206,"[4.322299,1.907678,3.983423]",
8207,"[4.322402,1.906731,3.983421]",
8208,"[4.32385,1.904854,3.983417]",
8209,"[4.325416,1.903966,3.983415]",
8210,"[4.32741,1.903684,3.983415]",
8211,"[4.333288,1.902901,3.983413]",
8212,"[4.337929,1.900795,3.983408]",
8213,"[4.349192,1.89614,3.983399]",
8214,"[4.355853,1.89378,3.983394]",
8215,"[4.370397,1.889298,3.983384]",
8216,"[4.376668,1.886962,3.98338]",
8217,"[4.383393,1.886214,3.983378]",
8218,"[4.39529,1.884472,3.983374]",
8219,"[4.397918,1.884645,3.983375]",
8220,"[4.407092,1.885092,3.983376]",
8221,"[4.414342,1.884865,3.983375]",
8222,"[4.442598,1.881091,3.983367]",
8223,"[4.483625,1.873515,3.983351]",
8224,"[4.574273,1.848043,3.983298]",
8225,"[4.640972,1.830831,3.983262]",
8226,"[4.724237,1.810264,3.983219]",
8227,"[4.888356,1.77144,3.983138]",
8228,"[5.235212,1.784464,3.983165]",
8229,"[5.571973,1.795466,3.943294]",
8230,"[5.949999,1.763043,3.975791]",
8231,"[5.95,1.717131,3.689222]",
8232,"[5.95,1.652192,3.419264]",
8233,"[5.95,1.629,3.316301]",
8234,"[5.577338,1.620849,2.94684]",
8235,"[5.55313,1.60996,2.861479]",
8236,"[5.562187,1.551988,2.720954]",
8237,"[5.559037,1.511358,2.54019]",
8238,"[5.59332,1.384383,2.220385]",
8239,"[5.59332,1.356507,2.145005]",
8240,"[5.635119,1.310556,2.035673]",
8241,"[5.624534,1.113097,1.708122]",
8242,"[5.79154,0.9005975,1.348796]",
8243,"[5.547636,0.9005975,1.298016]",
8244,"[5.35673,0.9005975,1.303141]",
8245,"[5.028795,1.028677,1.518631]",
8246,"[4.933918,1.026991,1.518631]",
8247,"[4.781125,1.024305,1.518631]",
8248,"[4.684648,0.8371699,1.232244]",
8249,"[4.5978,0.8909841,1.347111]",
8250,"[4.502795,0.9501678,1.476614]",
8251,"[4.457526,0.9274299,1.462427]",
8252,"[4.322043,0.3756265,0.6911662]",
8253,"[4.320316,0.370582,0.6911662]",
8254,"[4.439389,0.8878939,1.456744]",
8255,"[4.489192,0.8868592,1.472351]",
8256,"[4.501581,0.8832262,1.476233]",
8257,"[4.551969,0.8751095,1.492024]",
8258,"[4.564969,0.8371699,1.451407]",
8259,"[4.606748,0.8371699,1.471511]",
8260,"[4.608136,0.8371699,1.479384]",
8261,"[4.646895,0.7159843,1.35807]",
8262,"[4.65274,0.6951413,1.339419]",
8263,"[4.646659,0.7023047,1.358824]",
8264,"[4.63589,0.7279252,1.393189]",
8265,"[4.623479,0.7581765,1.432792]",
8266,"[4.517864,0.8319697,1.481336]",
8267,"[4.497203,0.8371699,1.468942]",
8268,"[4.471728,0.870067,1.466878]",
8269,"[4.483227,0.9053415,1.470482]",
8270,"[4.514761,0.9797428,1.480364]",
8271,"[4.534442,1.018355,1.486531]",
8272,"[4.755686,1.247948,1.518631]",
8273,"[4.77137,1.263623,1.518631]",
8274,"[4.79391,1.273133,1.518631]",
8275,"[4.819994,1.270913,1.518631]",
8276,"[4.83131,1.263708,1.518631]",
8277,"[4.857223,1.237253,1.518631]",
8278,"[4.869763,1.223972,1.518631]",
8279,"[4.888203,1.205083,1.518631]",
8280,"[4.888753,1.202747,1.518631]",
8281,"[4.889012,1.201843,1.518631]",
8282,"[4.888321,1.20106,1.518631]",
8283,"[4.883465,1.203118,1.518631]",
8284,"[4.869772,1.198302,1.518631]",
8285,"[4.85846,1.196844,1.518631]",
8286,"[4.819973,1.201258,1.518631]",
8287,"[4.795956,1.203001,1.518631]",
8288,"[4.770413,1.205159,1.518631]",
8289,"[4.740628,1.028677,1.181748]",
8290,"[4.77818,0.8258668,0.7996454]",
8291,"[4.20427,0.9339788,0.9033724]",
8292,"[3.847869,0.7859952,0.6911662]",
8293,"[3.66538,0.691775,0.5762178]",
8294,"[3.492717,0.5731466,0.7336742]",
8295,"[3.33954,0.4305229,0.62531]",
8296,"[3.166389,0.2940499,0.602956]",
8297,"[3.096747,0.2433859,0.602956]",
8298,"[2.90893,0.1,0.5374492]",
8299,"[2.905112,0.1,0.5513465]",
8300,"[2.897892,0.1,0.5753959]",
8301,"[2.898354,0.1,0.5804155]",
8302,"[2.900608,0.1000001,0.5900651]",
8303,"[2.900044,0.1,0.5897634]",
8304,"[2.903632,0.1,0.5807815]",
8305,"[3.288084,0.520436,1.022877]",
8306,"[3.28805,0.5249935,1.019168]",
8307,"[3.288212,0.555793,1.037018]",
8308,"[3.288381,0.577206,1.055757]",
8309,"[3.17805,0.6054186,1.049664]",
8310,"[3.163989,0.6316786,1.076917]",
8311,"[3.151337,0.6530429,1.101441]",
8312,"[3.13977,0.6732073,1.123861]",
8313,"[3.13852,0.6767862,1.126282]",
8314,"[3.139687,0.6779569,1.124022]",
8315,"[3.139484,0.6792338,1.124416]",
8316,"[3.14224,0.6799911,1.119073]",
8317,"[3.150401,0.6785597,1.103255]",
8318,"[3.155635,0.6784056,1.09311]",
8319,"[3.169632,0.676332,1.065979]",
8320,"[3.176774,0.6750619,1.052137]",
8321,"[3.197119,0.6624724,1.012702]",
8322,"[3.208777,0.6540918,0.9901047]",
8323,"[3.221834,0.6441771,0.9647965]",
8324,"[3.189392,0.600231,0.9093907]",
8325,"[3.202101,0.600231,0.9078265]",
8326,"[3.206089,0.600231,0.9085484]",
8327,"[3.208929,0.600231,0.9101934]",
8328,"[3.217355,0.600231,0.9286641]",
8329,"[3.225572,0.6035728,0.9575503]",
8330,"[3.227501,0.600231,1.019403]",
8331,"[3.183938,0.6002311,1.366912]",
8332,"[3.254597,0.607126,1.639577]",
8333,"[3.261609,0.6002311,1.684433]",
8334,"[3.288225,0.6002311,1.730282]",
8335,"[3.307178,0.5896927,1.782078]",
8336,"[3.329163,0.5958565,1.801878]",
8337,"[3.252057,0.4653643,1.814694]",
8338,"[3.14257,0.3140606,1.808953]",
8339,"[3.121651,0.2693781,1.807746]",
8340,"[3.08817,0.2166223,1.806602]",
8341,"[3.095893,0.2276506,1.806213]",
8342,"[3.119217,0.2592348,1.807013]",
8343,"[3.130018,0.2738449,1.807879]",
8344,"[3.163435,0.318243,1.80943]",
8345,"[3.180968,0.3410591,1.809736]",
8346,"[3.281475,0.4664548,1.81453]",
8347,"[3.384681,0.5946005,1.816876]",
8348,"[3.388623,0.5901116,1.803434]",
8349,"[3.393797,0.5938372,1.793888]",
8350,"[3.38725,0.5893756,1.786651]",
8351,"[3.383552,0.5953617,1.766651]",
8352,"[3.382503,0.5969828,1.760661]",
8353,"[3.373272,0.59184,1.744257]",
8354,"[3.379363,0.5965764,1.737516]",
8355,"[3.389861,0.5912282,1.72992]",
8356,"[3.395953,0.5964935,1.72719]",
8357,"[3.398002,0.5978251,1.724562]",
8358,"[3.390867,0.58952,1.717734]",
8359,"[3.398685,0.5966825,1.717342]",
8360,"[3.391394,0.573778,1.714356]",
8361,"[3.405852,0.5859293,1.718187]",
8362,"[3.40634,0.5560744,1.721534]",
8363,"[3.390928,0.5289241,1.718897]",
8364,"[3.318104,0.5309943,1.816927]",
8365,"[3.158311,0.4193416,1.812532]",
8366,"[3.295791,0.5373092,1.874928]",
8367,"[3.296038,0.5501769,1.902274]",
8368,"[3.29613,0.5552347,1.912381]",
8369,"[3.296278,0.5665967,1.928752]",
8370,"[3.296354,0.5734656,1.937175]",
8371,"[3.296598,0.5845559,1.964123]",
8372,"[3.296725,0.580145,1.978204]",
8373,"[3.296889,0.5774179,1.996261]",
8374,"[3.297171,0.5685858,2.027475]",
8375,"[3.297323,0.5611954,2.044219]",
8376,"[3.297568,0.5410001,2.071349]",
8377,"[3.297798,0.5297497,2.0968]",
8378,"[3.141381,0.4227048,2.207256]",
8379,"[3.123105,0.4015698,2.501114]",
8380,"[3.127971,0.3840614,2.661101]",
8381,"[3.159258,0.3840614,2.735881]",
8382,"[3.171071,0.3840614,2.764935]",
8383,"[3.180622,0.3840614,2.814081]",
8384,"[3.177684,0.3840614,2.812244]",
8385,"[3.169458,0.3840614,2.81713]",
8386,"[3.150264,0.3840614,2.79135]",
8387,"[3.122631,0.3840614,2.758076]",
8388,"[3.11195,0.3840614,2.74796]",
8389,"[3.102639,0.3840614,2.716148]",
8390,"[3.094618,0.3840614,2.697081]",
8391,"[3.0962,0.3840614,2.675588]",
8392,"[3.104466,0.3840614,2.634412]",
8393,"[3.105135,0.3840614,2.625755]",
8394,"[3.09337,0.3761593,2.610194]",
8395,"[3.044098,0.3478957,2.629553]",
8396,"[3.124604,0.397072,2.555273]",
8397,"[3.106942,0.401771,2.523715]",
8398,"[3.30032,0.5196792,2.375557]",
8399,"[3.299934,0.5487246,2.332938]",
8400,"[3.299768,0.5637316,2.314614]",
8401,"[3.005,0.665212,2.23914]",
8402,"[3.005,0.6754166,2.233109]",
8403,"[3.005,0.7102768,2.211737]",
8404,"[3.005,0.7272399,2.202583]",
8405,"[3.005,0.7428792,2.194582]",
8406,"[2.989027,0.7555203,2.193371]",
8407,"[2.963952,0.7631977,2.193371]",
8408,"[2.925017,0.771013,2.193371]",
8409,"[2.884436,0.7732332,2.193371]",
8410,"[2.050001,0.6846516,2.32591]",
8411,"[2.050001,0.6968824,2.304145]",
8412,"[2.050001,0.7101378,2.281034]",
8413,"[2.050001,0.7139356,2.244599]",
8414,"[2.050001,0.7047567,2.226919]",
8415,"[2.050001,0.6841114,2.177191]",
8416,"[2.050001,0.6755162,2.148029]",
8417,"[2.529091,0.7322386,2.051546]",
8418,"[2.622509,0.7415776,2.015275]",
8419,"[2.60983,0.7656745,1.67107]",
8420,"[2.05,0.6915656,1.43044]",
8421,"[2.05,0.6889836,1.374103]",
8422,"[2.05,0.6817034,1.277158]",
8423,"[2.05,0.6794429,1.230747]",
8424,"[2.05,0.6601207,1.205127]",
8425,"[2.05,0.6496441,1.206611]",
8426,"[2.05,0.6379549,1.196915]",
8427,"[2.049999,0.6346711,1.207161]",
8428,"[2.05,0.634472,1.212278]",
8429,"[2.05,0.6528497,1.283746]",
8430,"[2.67058,0.9513637,1.851145]",
8431,"[2.680925,0.9731056,1.88079]",
8432,"[2.691252,0.9916998,1.910066]",
8433,"[2.690331,1.009773,1.942685]",
8434,"[2.650236,1.013041,1.956965]",
8435,"[2.612261,1.017201,1.970302]",
8436,"[2.53862,1.01913,1.99725]",
8437,"[2.511935,1.015712,2.007744]",
8438,"[2.050001,0.9599677,2.044787]",
8439,"[2.050001,0.9564188,2.056718]",
8440,"[2.050001,0.9523686,2.076012]",
8441,"[2.050001,0.9510192,2.084771]",
8442,"[2.050001,0.937817,2.090243]",
8443,"[2.050001,0.9335682,2.093106]",
8444,"[2.050001,0.9234636,2.087448]",
8445,"[2.050001,0.9066088,2.066207]",
8446,"[2.050001,0.9019079,2.054041]",
8447,"[2.536375,1.005156,2.000555]",
8448,"[2.581271,1.018482,1.98156]",
8449,"[2.692732,1.057588,1.933335]",
8450,"[2.05,0.9376918,1.384606]",
8451,"[2.05,0.9419603,1.360268]",
8452,"[2.05,0.955515,1.292139]",
8453,"[2.05,0.963843,1.255918]",
8454,"[2.647282,1.126106,1.091983]",
8455,"[2.641844,1.120285,1.079506]",
8456,"[2.62083,1.104466,1.029756]",
8457,"[2.616185,1.095454,1.02003]",
8458,"[2.608262,1.07533,1.004532]",
8459,"[2.60648,1.068414,1.001597]",
8460,"[2.602762,1.061154,0.9938217]",
8461,"[2.599873,1.04794,0.9895238]",
8462,"[2.601008,1.043674,0.9933882]",
8463,"[2.603945,1.037718,1.002222]",
8464,"[2.604336,1.036305,1.003539]",
8465,"[2.599563,1.031874,0.992433]",
8466,"[2.597539,1.031538,0.9873694]",
8467,"[2.595277,1.031213,0.9816962]",
8468,"[2.05,0.8000818,0.4500049]",
8469,"[2.05,0.7887583,0.3125162]",
8470,"[2.522588,0.8662711,0.04999992]",
8471,"[2.745782,0.9108325,0.04999991]",
8472,"[3.537061,1.03738,0.05000046]",
8473,"[3.668077,1.043088,0.05000057]",
8474,"[4.145212,1.154197,0.3340316]",
8475,"[4.294449,1.093887,0.3340316]",
8476,"[4.394289,1.064865,0.3340316]",
8477,"[4.581479,0.9639913,0.3340316]",
8478,"[4.599143,0.9834091,0.4965651]",
8479,"[4.599143,0.9306701,0.491973]",
8480,"[4.620173,0.8295541,0.331844]",
8481,"[4.603712,0.8295541,0.3566445]",
8482,"[4.511151,0.8295541,0.3934847]",
8483,"[4.488416,0.8385412,0.4210984]",
8484,"[4.378411,0.9869961,0.6935914]",
8485,"[4.381592,0.9852809,0.6895946]",
8486,"[4.505315,0.8295541,0.3931518]",
8487,"[4.378021,1.360631,1.379538]",
8488,"[4.437768,1.363375,1.378966]",
8489,"[4.469494,1.363375,1.376749]",
8490,"[5.142061,0.9321672,0.6118042]",
8491,"[5.183281,0.9294875,0.629266]",
8492,"[5.18306,0.9295004,0.6309692]",
8493,"[4.740628,1.236315,1.181811]",
8494,"[4.740628,1.234622,1.18131]",
8495,"[4.740628,1.230567,1.180247]",
8496,"[4.740628,1.229757,1.179992]",
8497,"[4.740628,1.231881,1.180512]",
8498,"[4.740628,1.239824,1.191588]",
8499,"[4.740628,1.253839,1.209877]",
8500,"[4.810663,1.3182,1.343898]",
8501,"[4.842928,1.3182,1.354098]",
8502,"[4.897958,1.3182,1.368555]",
8503,"[4.9298,1.3182,1.369979]",
8504,"[4.948058,1.3182,1.367968]",
8505,"[4.945535,1.3182,1.369033]",
8506,"[4.931702,1.3182,1.387763]",
8507,"[4.919582,1.3182,1.395582]",
8508,"[4.909408,1.3182,1.405372]",
8509,"[4.896296,1.3182,1.413949]",
8510,"[4.898777,1.3182,1.416271]",
8511,"[4.902483,1.3182,1.415282]",
8512,"[4.898114,1.3182,1.407471]",
8513,"[4.894716,1.3182,1.401165]",
8514,"[4.894007,1.3182,1.400453]",
8515,"[4.892948,1.3182,1.400459]",
8516,"[4.873208,1.3182,1.415519]",
8517,"[4.866471,1.3182,1.421905]",
8518,"[4.857124,1.3182,1.433478]",
8519,"[4.852606,1.3182,1.439502]",
8520,"[4.843557,1.3182,1.447246]",
8521,"[4.840069,1.3182,1.451839]",
8522,"[4.845536,1.3182,1.498698]",
8523,"[4.848843,1.3182,1.51503]",
8524,"[5.647123,0.9005975,1.509146]",
8525,"[5.577342,0.9412025,1.654364]",
8526,"[5.624534,0.9134316,1.703217]",
8527,"[5.624534,0.9123564,1.780687]",
8528,"[5.624534,0.9128121,1.82127]",
8529,"[5.624534,0.9151614,1.86175]",
8530,"[5.624534,0.9158071,1.872318]",
8531,"[5.624534,0.916344,1.892241]",
8532,"[5.624534,0.9156998,1.935601]",
8533,"[5.624534,0.9153735,1.959778]",
8534,"[5.950001,0.7322711,2.023314]",
8535,"[5.950001,0.7378405,2.088366]",
8536,"[5.950001,0.7482585,2.247569]",
8537,"[5.533423,0.9668835,2.513095]",
8538,"[5.697416,0.7961044,2.970241]",
8539,"[5.531208,0.8689858,2.975454]",
8540,"[5.558075,0.8210956,3.113696]",
8541,"[5.364158,0.8935168,3.147971]",
8542,"[5.362614,0.8947586,3.147646]",
8543,"[5.283942,0.9327136,3.137083]",
8544,"[5.283862,0.9321192,3.137462]",
8545,"[5.301959,0.9139262,3.134864]",
8546,"[5.307108,0.9082115,3.135949]",
8547,"[5.378189,0.8611776,3.150928]",
8548,"[5.392199,0.8445321,3.15388]",
8549,"[5.379572,0.8441189,3.151219]",
8550,"[5.253004,0.8231224,3.283895]",
8551,"[5.236732,0.7930654,3.361111]",
8552,"[5.53303,0.4497544,3.938284]",
8553,"[5.469022,0.4691386,3.930651]",
8554,"[5.462549,0.46434,3.92988]",
8555,"[5.468277,0.458575,3.930562]",
8556,"[5.466353,0.4544261,3.930333]",
8557,"[5.412185,0.4643366,3.923874]",
8558,"[5.349933,0.4859294,3.916451]",
8559,"[4.860084,0.6880939,3.85804]",
8560,"[4.776012,0.7075456,3.872617]",
8561,"[4.199886,0.8558661,3.923362]",
8562,"[3.838356,0.5784001,4.758292]",
8563,"[3.736709,0.5986781,4.758006]",
8564,"[3.560153,0.6287742,4.747321]",
8565,"[3.481227,0.642717,4.739476]",
8566,"[3.338955,0.6620408,4.718188]",
8567,"[3.337586,0.6591733,4.718943]",
8568,"[3.314558,0.6455766,4.712018]",
8569,"[3.313156,0.6353827,4.709921]",
8570,"[3.308261,0.6235192,4.706149]",
8571,"[3.358085,0.5813242,4.705672]",
8572,"[3.398493,0.5630946,4.709967]",
8573,"[3.479344,0.646864,4.478282]",
8574,"[3.518824,0.7130652,4.315666]",
8575,"[3.527558,0.7130652,4.268609]",
8576,"[3.52964,0.7130652,4.238022]",
8577,"[3.526608,0.7130652,4.183135]",
8578,"[3.523294,0.7130652,4.160285]",
8579,"[3.525032,0.7130652,4.154302]",
8580,"[3.529297,0.7130653,4.146336]",
8581,"[3.531391,0.7130653,4.144396]",
8582,"[3.536439,0.7130653,4.14103]",
8583,"[3.539044,0.7130653,4.139201]",
8584,"[3.548281,0.7130652,4.138679]",
8585,"[3.550862,0.7130652,4.137438]",
8586,"[3.554839,0.7130652,4.135512]",
8587,"[3.56233,0.7130652,4.132413]",
8588,"[3.565655,0.7130652,4.131166]",
8589,"[3.576549,0.7130652,4.122451]",
8590,"[3.580034,0.7130652,4.117862]",
8591,"[3.585599,0.7130652,4.109426]",
8592,"[3.590866,0.7130652,4.105528]",
8593,"[3.595801,0.7130652,4.100445]",
8594,"[3.606794,0.7130652,4.086005]",
8595,"[3.614372,0.7130652,4.075076]",
8596,"[3.634655,0.7130653,4.051641]",
8597,"[3.647818,0.7130653,4.038349]",
8598,"[3.681679,0.7130653,4.001997]",
8599,"[3.697969,0.7130653,3.986432]",
8600,"[3.723485,0.7130652,3.971777]",
8601,"[3.733453,0.7130652,3.970325]",
8602,"[3.742898,0.7130652,3.968001]",
8603,"[3.743247,0.6929558,4.002905]",
8604,"[3.743435,0.6925372,4.004055]",
8605,"[3.743247,0.7087563,3.976286]",
8606,"[3.740063,0.7130652,3.969199]",
8607,"[3.729644,0.7130652,3.967146]",
8608,"[3.723417,0.7130653,3.962069]",
8609,"[3.715873,0.7130653,3.959269]",
8610,"[3.703625,0.7130653,3.943458]",
8611,"[3.698663,0.7130653,3.933726]",
8612,"[3.691003,0.7130653,3.905528]",
8613,"[3.688209,0.7130653,3.890295]",
8614,"[3.687922,0.6969531,3.861173]",
8615,"[3.684493,0.681634,3.867002]",
8616,"[3.69528,0.5497587,3.872741]",
8617,"[3.69314,0.4369662,3.919732]",
8618,"[3.692842,0.4164829,3.919574]",
8619,"[3.690171,0.3938148,3.918153]",
8620,"[3.686971,0.3870332,3.916451]",
8621,"[3.667543,0.3761322,3.906116]",
8622,"[3.588423,0.3859963,3.86403]",
8623,"[3.487428,0.3924749,3.810307]",
8624,"[2.917981,0.1,3.866712]",
8625,"[2.862651,0.1,3.809842]",
8626,"[3.002135,0.6002313,2.992672]",
8627,"[2.963239,0.5806857,2.949748]",
8628,"[2.960971,0.5806857,2.808491]",
8629,"[2.962913,0.5806857,2.752449]",
8630,"[2.965962,0.5806857,2.705837]",
8631,"[2.969879,0.5806857,2.691685]",
8632,"[2.97406,0.5806857,2.681381]",
8633,"[2.975283,0.5806857,2.681346]",
8634,"[2.978187,0.5806857,2.70313]",
8635,"[2.978891,0.5806857,2.724596]",
8636,"[2.989047,0.5806857,2.74744]",
8637,"[3.003855,0.5806857,2.790613]",
8638,"[3.008906,0.5806857,2.806922]",
8639,"[3.02113,0.5806857,2.836234]",
8640,"[3.037913,0.5806857,2.870708]",
8641,"[3.059154,0.5806857,2.898687]",
8642,"[3.087102,0.5806857,2.940073]",
8643,"[3.114977,0.6002312,2.95106]",
8644,"[3.142568,0.6002312,3.012996]",
8645,"[2.808891,0.0999999,3.484335]",
8646,"[3.012503,0.1,3.812212]",
8647,"[3.080588,0.1000001,3.918973]",
8648,"[3.142361,0.1000001,4.015771]",
8649,"[3.811654,0.5659029,3.934644]",
8650,"[3.880195,0.5205873,4.07512]",
8651,"[4.325641,0.9399155,3.914952]",
8652,"[4.397436,0.9779519,3.908203]",
8653,"[4.757461,1.037942,3.874361]",
8654,"[5.050316,0.9931756,3.880724]",
8655,"[5.374408,0.941926,3.919369]",
8656,"[5.52252,0.9225843,3.937031]",
8657,"[5.925796,0.7600328,4.227531]",
8658,"[5.950001,0.7840078,4.114259]",
8659,"[5.230424,1.117102,3.391045]",
8660,"[5.249547,1.14448,3.300298]",
8661,"[5.250364,1.141457,3.296424]",
8662,"[5.263603,1.163963,3.233598]",
8663,"[5.27661,1.191758,3.171875]",
8664,"[5.95,1.127133,3.398551]",
8665,"[5.531742,1.341465,2.969071]",
8666,"[5.586388,1.3677,2.910149]",
8667,"[5.551326,1.414041,2.802202]",
8668,"[5.54143,1.431605,2.757501]",
8669,"[5.539093,1.448457,2.707231]",
8670,"[5.537927,1.450033,2.698528]",
8671,"[5.544477,1.411914,2.773247]",
8672,"[5.547006,1.404712,2.783941]",
8673,"[5.547058,1.402408,2.784157]",
8674,"[5.560938,1.384227,2.82491]",
8675,"[5.5616,1.382774,2.825746]",
8676,"[5.578485,1.355797,2.860654]",
8677,"[5.580805,1.350173,2.862861]",
8678,"[5.563503,1.328454,2.755399]",
8679,"[5.556091,1.319505,2.707353]",
8680,"[5.551813,1.312842,2.676951]",
8681,"[5.606095,1.275262,2.660563]",
8682,"[5.601705,1.264227,2.660578]",
8683,"[5.559171,1.243495,2.660793]",
8684,"[5.95,1.081557,2.826048]",
8685,"[5.95,1.02658,2.874664]",
8686,"[5.95,1.002184,2.901824]",
8687,"[5.95,0.9809468,2.924578]",
8688,"[5.95,0.8687811,2.981607]",
8689,"[5.895671,0.8432631,2.977164]",
8690,"[5.821225,0.7618382,2.974564]",
8691,"[5.798077,0.7261751,2.973756]",
8692,"[5.782761,0.6740143,2.973221]",
8693,"[5.767531,0.6622183,2.963389]",
8694,"[5.735659,0.6622184,2.930331]",
8695,"[5.606642,0.7423133,2.857263]",
8696,"[5.606642,0.7351409,2.847864]",
8697,"[5.606642,0.7224468,2.825868]",
8698,"[5.606642,0.7161579,2.812325]",
8699,"[5.606642,0.7127666,2.783469]",
8700,"[5.606642,0.7143998,2.77008]",
8701,"[5.608963,0.7156699,2.74299]",
8702,"[5.622113,0.7108322,2.74299]",
8703,"[5.640417,0.7028766,2.74299]",
8704,"[5.576019,0.7642193,2.6954]",
8705,"[5.576019,0.7691105,2.693351]",
8706,"[5.576019,0.7788202,2.684164]",
8707,"[5.581303,0.7800756,2.678564]",
8708,"[5.730873,0.6622185,2.625499]",
8709,"[5.559332,0.7691852,2.531761]",
8710,"[5.552604,0.7592571,2.483641]",
8711,"[5.551607,0.746944,2.459518]",
8712,"[5.550912,0.7383382,2.441209]",
8713,"[5.549751,0.7322022,2.420954]",
8714,"[5.548998,0.7328061,2.413569]",
8715,"[5.547788,0.7360916,2.404597]",
8716,"[5.547377,0.7377869,2.402281]",
8717,"[5.547015,0.7395235,2.398987]",
8718,"[5.54738,0.7395316,2.395256]",
8719,"[5.548177,0.7385305,2.389369]",
8720,"[5.568201,0.7176579,2.343115]",
8721,"[5.636081,0.6622186,2.32531]",
8722,"[5.624534,0.6658323,1.905918]",
8723,"[5.624534,0.6634049,1.885411]",
8724,"[5.624534,0.6667892,1.837756]",
8725,"[5.624534,0.671333,1.820472]",
8726,"[5.624534,0.6753323,1.796151]",
8727,"[5.624534,0.676644,1.793199]",
8728,"[5.624534,0.6770486,1.790358]",
8729,"[5.624534,0.6781394,1.790434]",
8730,"[5.624534,0.6778634,1.79326]",
8731,"[5.624534,0.676352,1.796973]",
8732,"[5.624534,0.6756601,1.800028]",
8733,"[5.624534,0.6717772,1.807614]",
8734,"[5.624534,0.6669885,1.811568]",
8735,"[5.622267,0.6622184,1.814541]",
8736,"[5.603635,0.6622185,1.823151]",
8737,"[5.595325,0.6622185,1.826844]",
8738,"[5.588598,0.6591072,1.828956]",
8739,"[5.588222,0.657384,1.82889]",
8740,"[5.588232,0.6561368,1.8286]",
8741,"[5.588248,0.6535661,1.828134]",
8742,"[5.588176,0.6548759,1.830174]",
8743,"[5.588123,0.6545894,1.831712]",
8744,"[5.588098,0.6545738,1.832436]",
8745,"[5.588027,0.6534184,1.834447]",
8746,"[5.587955,0.6519928,1.836515]",
8747,"[5.587687,0.6496134,1.844189]",
8748,"[5.587584,0.6477244,1.84713]",
8749,"[5.587373,0.6520472,1.853183]",
8750,"[5.587191,0.6559504,1.858407]",
8751,"[5.587442,0.6592858,1.863412]",
8752,"[5.59354,0.6622185,1.872062]",
8753,"[5.599504,0.6622185,1.876237]",
8754,"[5.60754,0.6622184,1.884526]",
8755,"[5.609755,0.6622185,1.888451]",
8756,"[5.596866,0.6622185,1.89741]",
8757,"[5.590465,0.6622184,1.901033]",
8758,"[5.586395,0.6606563,1.903897]",
8759,"[5.585558,0.656261,1.90514]",
8760,"[5.585526,0.6508152,1.906082]",
8761,"[5.586009,0.6474038,1.892257]",
8762,"[5.586314,0.6465269,1.883518]",
8763,"[5.586703,0.6463375,1.872368]",
8764,"[5.586859,0.6467106,1.86789]",
8765,"[5.586991,0.6464737,1.864123]",
8766,"[5.587203,0.6468866,1.858047]",
8767,"[5.587245,0.6478425,1.856842]",
8768,"[5.587299,0.6495695,1.855285]",
8769,"[5.587303,0.650821,1.855193]",
8770,"[5.587292,0.6518666,1.855513]",
8771,"[5.587275,0.6520463,1.855995]",
8772,"[5.587161,0.6466225,1.859264]",
8773,"[5.587138,0.6468735,1.859921]",
8774,"[5.587105,0.6471997,1.860848]",
8775,"[5.586948,0.6431913,1.865343]",
8776,"[5.586882,0.6441559,1.867235]",
8777,"[5.586743,0.646917,1.871214]",
8778,"[5.586639,0.6493163,1.874205]",
8779,"[5.586429,0.6541432,1.880218]",
8780,"[5.586331,0.6558978,1.883031]",
8781,"[5.586101,0.6542016,1.889615]",
8782,"[5.585264,0.6561526,1.913575]",
8783,"[5.584771,0.6578617,1.929012]",
8784,"[5.581472,0.6622186,2.108387]",
8785,"[5.578906,0.6609192,2.121372]",
8786,"[5.572618,0.6604686,2.296974]",
8787,"[5.571469,0.6579678,2.310735]",
8788,"[5.570752,0.6529503,2.329159]",
8789,"[5.570534,0.6496456,2.335385]",
8790,"[5.57024,0.6451781,2.343789]",
8791,"[5.56994,0.639509,2.352413]",
8792,"[5.57007,0.6348249,2.348667]",
8793,"[5.580557,0.622529,2.355856]",
8794,"[5.571174,0.622529,2.348885]",
8795,"[5.566968,0.6203477,2.342449]",
8796,"[5.567036,0.6195835,2.340505]",
8797,"[5.567186,0.6197315,2.336194]",
8798,"[5.567288,0.6202837,2.33329]",
8799,"[5.571386,0.622529,2.327882]",
8800,"[5.57185,0.631914,2.308786]",
8801,"[5.571817,0.6360295,2.298636]",
8802,"[5.572565,0.642239,2.277228]",
8803,"[5.572961,0.6454175,2.265896]",
8804,"[5.573324,0.648375,2.255491]",
8805,"[5.573836,0.6552556,2.240823]",
8806,"[5.574734,0.6600554,2.233212]",
8807,"[5.587592,0.6622186,2.223066]",
8808,"[5.594779,0.6622185,2.217898]",
8809,"[5.597348,0.6622186,2.211193]",
8810,"[5.598275,0.6622186,2.207821]",
8811,"[5.605693,0.6622186,2.204186]",
8812,"[5.605646,0.6622185,2.204481]",
8813,"[5.61751,0.6622185,2.205654]",
8814,"[5.642789,0.6622186,2.209195]",
8815,"[5.626003,0.6746488,2.208823]",
8816,"[5.601722,0.6955094,2.214175]",
8817,"[5.596,0.6972965,2.217651]",
8818,"[5.596,0.7078665,2.225852]",
8819,"[5.596,0.7125697,2.23351]",
8820,"[5.596,0.7179099,2.240645]",
8821,"[5.596,0.7227952,2.25207]",
8822,"[5.596,0.7206077,2.256702]",
8823,"[5.756142,0.6622186,2.293334]",
8824,"[5.740702,0.6622185,2.296659]",
8825,"[5.719083,0.6622186,2.302594]",
8826,"[5.711236,0.6622185,2.305989]",
8827,"[5.699786,0.6622186,2.31022]",
8828,"[5.694436,0.6622186,2.311534]",
8829,"[5.680882,0.6622186,2.308891]",
8830,"[5.666187,0.6622186,2.305475]",
8831,"[5.662364,0.6622185,2.304076]",
8832,"[5.657162,0.6622186,2.299193]",
8833,"[5.655243,0.6622186,2.29584]",
8834,"[5.651793,0.6622186,2.287753]",
8835,"[5.652787,0.6622186,2.285518]",
8836,"[5.654957,0.6622186,2.284074]",
8837,"[5.66253,0.6622186,2.283864]",
8838,"[5.667164,0.6622185,2.285006]",
8839,"[5.673368,0.6622186,2.288087]",
8840,"[5.67809,0.6622186,2.291126]",
8841,"[5.686055,0.6622186,2.302984]",
8842,"[5.551482,0.7111481,2.413291]",
8843,"[5.555074,0.7118138,2.452984]",
8844,"[5.606642,0.6766396,2.761701]",
8845,"[5.606642,0.6757061,2.779203]",
8846,"[5.606642,0.6676392,2.827693]",
8847,"[5.600159,0.6622185,2.847054]",
8848,"[5.566773,0.6622183,2.87471]",
8849,"[5.555354,0.6622184,2.878813]",
8850,"[5.550732,0.6567324,2.902455]",
8851,"[5.55036,0.6549703,2.913101]",
8852,"[5.550043,0.6520825,2.922178]",
8853,"[5.549675,0.6504571,2.932722]",
8854,"[5.549707,0.6506124,2.931785]",
8855,"[5.550032,0.6527548,2.922486]",
8856,"[5.550182,0.6541018,2.918176]",
8857,"[5.550954,0.6587059,2.903867]",
8858,"[5.552438,0.6612718,2.895048]",
8859,"[5.562285,0.6622184,2.872958]",
8860,"[5.576396,0.6622185,2.860678]",
8861,"[5.590908,0.6622183,2.852059]",
8862,"[5.608098,0.6622184,2.756879]",
8863,"[5.576019,0.6778415,2.707438]",
8864,"[5.576019,0.6804468,2.659975]",
8865,"[5.576019,0.6822497,2.641129]",
8866,"[5.586623,0.6776982,2.615823]",
8867,"[5.6208,0.6622184,2.615631]",
8868,"[5.622876,0.6622185,2.604524]",
8869,"[5.629176,0.6622185,2.588162]",
8870,"[5.634122,0.6622185,2.580642]",
8871,"[5.640162,0.6622185,2.575826]",
8872,"[5.641835,0.6622185,2.57512]",
8873,"[5.558853,0.7017276,2.545472]",
8874,"[5.558856,0.7016735,2.545403]",
8875,"[5.558947,0.700569,2.542793]",
8876,"[5.559134,0.6990055,2.537432]",
8877,"[5.559719,0.6969006,2.525514]",
8878,"[5.56586,0.6903986,2.489335]",
8879,"[5.555814,0.6902792,2.433995]",
8880,"[5.57793,0.6622185,2.236245]",
8881,"[5.576952,0.6588494,2.16049]",
8882,"[5.591491,0.6593217,1.747739]",
8883,"[5.592954,0.6533044,1.69336]",
8884,"[5.570069,0.6539177,1.476214]",
8885,"[5.460331,0.6726176,1.329988]",
8886,"[5.435262,0.6726176,1.182932]",
8887,"[4.936644,0.9024115,1.518631]",
8888,"[4.91224,0.9090471,1.518631]",
8889,"[4.824356,0.9264336,1.518631]",
8890,"[4.79521,0.9303757,1.518631]",
8891,"[4.7577,0.9268298,1.518631]",
8892,"[4.740654,0.9162842,1.518631]",
8893,"[4.667578,0.8371699,1.124746]",
8894,"[4.685566,0.8345356,1.234671]",
8895,"[4.689869,0.8215105,1.220939]",
8896,"[4.782297,0.8577083,1.518631]",
8897,"[4.812698,0.842564,1.518631]",
8898,"[4.827144,0.8309714,1.518631]",
8899,"[4.846228,0.8203518,1.518631]",
8900,"[4.853916,0.8150243,1.518631]",
8901,"[4.878799,0.8235065,1.57467]",
8902,"[4.88533,0.8207985,1.573697]",
8903,"[4.90674,0.8146806,1.570223]",
8904,"[4.921101,0.8085252,1.568103]",
8905,"[4.936302,0.7999991,1.566064]",
8906,"[4.942421,0.7958648,1.565315]",
8907,"[4.955758,0.7837209,1.564004]",
8908,"[4.962814,0.775411,1.563502]",
8909,"[4.954616,0.7874001,1.636924]",
8910,"[4.964783,0.7663925,1.644422]",
8911,"[4.969673,0.7555738,1.645955]",
8912,"[4.978687,0.7367923,1.64878]",
8913,"[4.983215,0.7275817,1.650198]",
8914,"[4.992009,0.7182496,1.652954]",
8915,"[4.996415,0.712059,1.654335]",
8916,"[4.999603,0.7068129,1.655334]",
8917,"[4.999327,0.7100847,1.655248]",
8918,"[4.99994,0.711405,1.65544]",
8919,"[5.005088,0.7087182,1.657053]",
8920,"[5.009478,0.7066187,1.658429]",
8921,"[5.11235,0.6578397,1.523883]",
8922,"[5.365076,0.5690091,1.133529]",
8923,"[5.365076,0.6151484,1.204096]",
8924,"[5.365076,0.6284779,1.22569]",
8925,"[5.365076,0.6385329,1.244]",
8926,"[5.365076,0.6537105,1.258717]",
8927,"[5.365076,0.6631772,1.26672]",
8928,"[5.369412,0.6726176,1.263575]",
8929,"[5.398645,0.6726176,1.214189]",
8930,"[5.454127,0.6726176,1.12176]",
8931,"[5.482928,0.6726176,1.073979]",
8932,"[5.513396,0.6726176,1.024423]",
8933,"[5.540629,0.6726176,0.9742886]",
8934,"[5.531382,0.6726176,0.9806054]",
8935,"[5.528021,0.6726176,0.9783959]",
8936,"[5.520096,0.6726176,0.9756394]",
8937,"[5.49882,0.6726176,0.9821672]",
8938,"[5.488017,0.6726176,0.9864737]",
8939,"[5.45049,0.6726176,1.017647]",
8940,"[5.443343,0.6726176,1.020564]",
8941,"[5.430716,0.6726176,1.030878]",
8942,"[5.414629,0.6726176,1.040375]",
8943,"[5.408826,0.6726176,1.041292]",
8944,"[5.402292,0.6726176,1.037279]",
8945,"[5.400824,0.6726176,1.031328]",
8946,"[5.398304,0.6726176,1.019143]",
8947,"[5.396258,0.6726176,1.014512]",
8948,"[5.3938,0.6726176,0.9978263]",
8949,"[5.391614,0.6726176,0.9936072]",
8950,"[5.389696,0.6726176,0.9878871]",
8951,"[5.385384,0.6726176,0.976792]",
8952,"[5.383088,0.6726176,0.9696424]",
8953,"[5.376787,0.6726176,0.9641488]",
8954,"[5.373115,0.6726176,0.9615892]",
8955,"[5.366013,0.6726176,0.9549441]",
8956,"[5.365076,0.6719394,0.9537164]",
8957,"[5.365076,0.669103,0.9479634]",
8958,"[5.365076,0.661396,0.9307586]",
8959,"[5.365076,0.6405386,0.8796821]",
8960,"[5.365076,0.6017542,0.7905543]",
8961,"[5.365076,0.4858229,0.5023399]",
8962,"[5.057742,1.090062,1.518631]",
8963,"[5.048445,1.098743,1.518631]",
8964,"[5.034758,1.110172,1.518631]",
8965,"[5.026161,1.115646,1.518631]",
8966,"[5.02301,1.114558,1.518631]",
8967,"[5.010314,1.125876,1.518631]",
8968,"[5.003712,1.131489,1.518631]",
8969,"[4.994886,1.136611,1.518631]",
8970,"[4.988727,1.142767,1.518631]",
8971,"[4.984285,1.149212,1.518631]",
8972,"[4.986354,1.149981,1.518631]",
8973,"[4.987298,1.151685,1.518631]",
8974,"[4.984782,1.160843,1.518631]",
8975,"[4.980267,1.168299,1.518631]",
8976,"[4.969028,1.181705,1.518631]",
8977,"[4.962156,1.187721,1.518631]",
8978,"[4.9469,1.198957,1.518631]",
8979,"[4.890495,1.212824,1.518631]",
8980,"[4.863499,1.222247,1.518631]",
8981,"[4.85266,1.226251,1.518631]",
8982,"[4.843421,1.230311,1.518631]",
8983,"[4.827976,1.238237,1.518631]",
8984,"[4.827569,1.238267,1.518631]",
8985,"[4.81412,1.246735,1.518631]",
8986,"[4.814092,1.247187,1.518631]",
8987,"[4.807352,1.252216,1.518631]",
8988,"[4.799915,1.25692,1.518631]",
8989,"[4.799959,1.257337,1.518631]",
8990,"[4.784736,1.265951,1.518631]",
8991,"[4.784699,1.266508,1.518631]",
8992,"[4.769575,1.27756,1.518631]",
8993,"[4.762177,1.284174,1.518631]",
8994,"[4.754159,1.311639,1.518631]",
8995,"[4.783432,1.3182,1.384459]",
8996,"[4.783306,1.3182,1.356408]",
8997,"[4.784382,1.3182,1.30021]",
8998,"[4.786722,1.3182,1.268626]",
8999,"[4.802838,1.3182,1.208544]",
9000,"[4.815843,1.3182,1.178239]",
9001,"[5.191608,0.9801219,0.05000012]",
9002,"[5.218613,0.9977201,0.05000024]",
9003,"[5.182531,1.090105,0.3287099]",
9004,"[5.435436,1.145049,0.5611662]",
9005,"[5.656603,1.180851,0.7644507]",
9006,"[5.710265,1.197307,0.813774]",
9007,"[5.733479,1.205731,0.8351114]",
9008,"[5.769099,1.208616,0.8678509]",
9009,"[5.773965,1.202926,0.872324]",
9010,"[5.785371,1.193839,0.8828074]",
9011,"[5.781793,1.177963,0.8795185]",
9012,"[5.780074,1.166132,0.8779389]",
9013,"[5.747048,1.12215,0.8475829]",
9014,"[5.732914,1.109481,0.8345923]",
9015,"[5.486304,1.190878,0.9803283]",
9016,"[5.474845,1.190878,0.9722116]",
9017,"[5.448144,1.190878,0.9484832]",
9018,"[5.442676,1.190878,0.937026]",
9019,"[5.436759,1.190878,0.917621]",
9020,"[5.62906,1.103038,0.7391351]",
9021,"[5.623832,1.103001,0.7343292]",
9022,"[5.611594,1.107113,0.7230814]",
9023,"[5.601871,1.11454,0.7141438]",
9024,"[5.570601,1.141258,0.6854026]",
9025,"[5.548272,1.159059,0.664879]",
9026,"[5.275099,1.261109,0.4137927]",
9027,"[4.792262,1.39,0.2738332]",
9028,"[4.779529,1.39,0.2399602]",
9029,"[4.633653,1.392372,0.05000003]",
9030,"[4.562312,1.406472,0.04999997]",
9031,"[4.468378,1.424856,0.04999992]",
9032,"[4.429727,1.433874,0.0499999]",
9033,"[4.413684,1.431407,0.04999989]",
9034,"[4.415782,1.427709,0.04999989]",
9035,"[4.415078,1.425295,0.04999989]",
9036,"[4.420453,1.415254,0.04999989]",
9037,"[4.458753,1.391563,0.0499999]",
9038,"[4.469985,1.39,0.160661]",
9039,"[4.48285,1.39,0.2504956]",
9040,"[4.499719,1.385193,0.3340316]",
9041,"[4.507813,1.37721,0.3340316]",
9042,"[4.539215,1.362489,0.3340316]",
9043,"[4.543155,1.359048,0.3340316]",
9044,"[4.555282,1.354029,0.3340316]",
9045,"[4.570813,1.345602,0.3340316]",
9046,"[4.576008,1.341063,0.3340316]",
9047,"[4.59448,1.329104,0.3340316]",
9048,"[4.598655,1.32228,0.3340316]",
9049,"[4.611126,1.309784,0.3340316]",
9050,"[4.614779,1.299748,0.3340316]",
9051,"[4.617053,1.286001,0.3340316]",
9052,"[4.59239,1.194365,0.3340316]",
9053,"[4.578739,1.151011,0.3340316]",
9054,"[4.51022,0.9137307,0.3340316]",
9055,"[4.428112,0.8385419,0.5454106]",
9056,"[4.401915,0.8295541,0.6239735]",
9057,"[4.393609,0.8295541,0.6503811]",
9058,"[4.378079,0.8295541,0.7026933]",
9059,"[4.376145,0.8295541,0.7205937]",
9060,"[4.373306,0.8295541,0.7438309]",
9061,"[4.373461,0.8295541,0.780332]",
9062,"[4.377153,0.8295541,0.7848899]",
9063,"[4.390955,0.8295541,0.787818]",
9064,"[4.398627,0.8295541,0.7879422]",
9065,"[4.407879,0.8295541,0.791995]",
9066,"[4.41066,0.8295541,0.7955273]",
9067,"[4.412794,0.8281317,0.7996454]",
9068,"[4.418328,0.8149203,0.7996454]",
9069,"[4.431721,0.7891434,0.7996454]",
9070,"[4.442669,0.7567535,0.7996454]",
9071,"[4.444399,0.7414104,0.7996454]",
9072,"[4.439602,0.7309428,0.7996454]",
9073,"[4.433907,0.719862,0.7996454]",
9074,"[4.429504,0.712985,0.7996454]",
9075,"[4.51777,0.478506,0.5944417]",
9076,"[4.518857,0.4756128,0.5953165]",
9077,"[4.52494,0.4626651,0.5953166]",
9078,"[4.527366,0.4606499,0.5953166]",
9079,"[4.531048,0.4652846,0.5953165]",
9080,"[4.533554,0.4680984,0.5953165]",
9081,"[4.538479,0.4738367,0.5953164]",
9082,"[4.59585,0.742461,0.7996454]",
9083,"[4.612546,0.7499841,0.7996454]",
9084,"[4.644581,0.7859758,0.7996454]",
9085,"[4.650951,0.7936366,0.7996454]",
9086,"[4.661164,0.8002809,0.7996454]",
9087,"[4.665452,0.8013644,0.7996454]",
9088,"[4.674379,0.7991071,0.7996454]",
9089,"[4.677824,0.7967603,0.7996454]",
9090,"[4.680686,0.7946729,0.7996454]",
9091,"[4.677227,0.7704735,0.7996454]",
9092,"[4.674507,0.7585117,0.7996454]",
9093,"[4.670768,0.7362509,0.7996454]",
9094,"[4.667964,0.7262516,0.7996454]",
9095,"[5.365076,0.250452,0.09676892]",
9096,"[5.365076,0.2509386,0.09715033]",
9097,"[5.365076,0.2496463,0.09657574]",
9098,"[5.365076,0.248845,0.09683943]",
9099,"[5.365076,0.248017,0.09605473]",
9100,"[5.365076,0.2442759,0.09394175]",
9101,"[5.408197,0.2158467,0.05000015]",
9102,"[5.403579,0.2087769,0.05000015]",
9103,"[5.40077,0.2041687,0.05000014]",
9104,"[5.39491,0.1954544,0.05000013]",
9105,"[5.39145,0.1914414,0.05000013]",
9106,"[5.389011,0.1879465,0.05000013]",
9107,"[5.385939,0.1818763,0.05000013]",
9108,"[5.385195,0.1789062,0.05000012]",
9109,"[5.38336,0.1730599,0.05000012]",
9110,"[5.383675,0.1695471,0.05000012]",
9111,"[5.385696,0.1641864,0.05000012]",
9112,"[5.386164,0.1627631,0.05000012]",
9113,"[5.389972,0.1571658,0.05000012]",
9114,"[5.392412,0.1534939,0.05000013]",
9115,"[5.396671,0.1461269,0.05000013]",
9116,"[5.402938,0.1213483,0.05000012]",
9117,"[5.400103,0.1102052,0.05000012]",
9118,"[5.370647,0.1,0.07567847]",
9119,"[5.345835,0.1,0.09552717]",
9120,"[5.313611,0.1,0.1143657]",
9121,"[5.301013,0.1,0.1160437]",
9122,"[5.27205,0.1,0.1134312]",
9123,"[5.221502,0.1,0.1016805]",
9124,"[4.47599,0.3966439,0.5953174]",
9125,"[4.24837,0.4643701,0.6911662]",
9126,"[4.236032,0.4655725,0.6911662]",
9127,"[4.217447,0.4670268,0.6911662]",
9128,"[4.208964,0.4674714,0.6911662]",
9129,"[4.204373,0.46764,0.6911662]",
9130,"[4.192693,0.4692865,0.6911662]",
9131,"[4.190521,0.470224,0.6911662]",
9132,"[4.191697,0.4722564,0.6911662]",
9133,"[4.191549,0.4747934,0.6911662]",
9134,"[4.196368,0.4760203,0.6911662]",
9135,"[4.195105,0.4785696,0.6911662]",
9136,"[4.199746,0.4778721,0.6911662]",
9137,"[4.20739,0.4770254,0.6911662]",
9138,"[4.208272,0.4800876,0.6911662]",
9139,"[4.249959,0.4734984,0.6911662]",
9140,"[4.260945,0.474081,0.6911662]",
9141,"[4.410432,0.3595397,0.5095661]",
9142,"[4.41043,0.402795,0.5907357]",
9143,"[4.441274,0.4044227,0.5953174]",
9144,"[4.458324,0.401906,0.5953174]",
9145,"[4.473119,0.398961,0.5953174]",
9146,"[4.49852,0.3912125,0.5953174]",
9147,"[4.512034,0.3859788,0.5953174]",
9148,"[4.53261,0.378566,0.5953175]",
9149,"[4.539677,0.3754553,0.5953175]",
9150,"[4.546114,0.3689454,0.5953176]",
9151,"[4.545455,0.3656428,0.5953176]",
9152,"[4.542683,0.361315,0.5953177]",
9153,"[4.541124,0.3605036,0.5953177]",
9154,"[4.538008,0.3595016,0.5953177]",
9155,"[4.527223,0.360127,0.5953177]",
9156,"[4.520662,0.3610782,0.5953177]",
9157,"[4.510557,0.362547,0.5953177]",
9158,"[4.506074,0.3639268,0.5953177]",
9159,"[4.497546,0.3687992,0.5953176]",
9160,"[4.493864,0.3715526,0.5953176]",
9161,"[4.490535,0.3742826,0.5953176]",
9162,"[4.485326,0.3778908,0.5953176]",
9163,"[4.483521,0.3791509,0.5953175]",
9164,"[4.48325,0.3799121,0.5953175]",
9165,"[4.483301,0.3800542,0.5953175]",
9166,"[4.48727,0.3773696,0.5953175]",
9167,"[4.46886,0.369896,0.5953177]",
9168,"[4.452243,0.3620483,0.5953178]",
9169,"[4.444749,0.35709,0.5953178]",
9170,"[4.439439,0.3536753,0.5953179]",
9171,"[4.429971,0.3482197,0.595318]",
9172,"[4.425656,0.34586,0.595318]",
9173,"[4.41748,0.3424496,0.5953181]",
9174,"[4.414365,0.341915,0.5953181]",
9175,"[4.410434,0.3143639,0.5435492]",
9176,"[4.410435,0.2654461,0.4496404]",
9177,"[4.410438,0.198815,0.3219296]",
9178,"[4.409203,0.1,0.1356466]",
9179,"[4.40739,0.1,0.1385425]",
9180,"[4.403811,0.1,0.1466351]",
9181,"[4.401917,0.1,0.1527985]",
9182,"[4.398542,0.1,0.1636711]",
9183,"[4.396875,0.1,0.1688879]",
9184,"[4.396429,0.1,0.1753471]",
9185,"[4.393392,0.1,0.1877369]",
9186,"[4.393598,0.1,0.1941232]",
9187,"[4.392405,0.1,0.206768]",
9188,"[4.391246,0.1,0.2125114]",
9189,"[4.389977,0.1,0.2184384]",
9190,"[4.386429,0.1,0.2253714]",
9191,"[4.367408,0.1,0.2550756]",
9192,"[4.296942,0.4424667,0.9487157]",
9193,"[4.282071,0.4313095,0.9487157]",
9194,"[4.219576,0.3642799,0.9487157]",
9195,"[4.201789,0.3455553,0.9487157]",
9196,"[4.176227,0.320146,0.9487157]",
9197,"[4.128174,0.2129298,0.8448316]",
9198,"[4.119555,0.2129298,0.8642404]",
9199,"[4.121686,0.2129298,0.8689212]",
9200,"[4.123476,0.2129298,0.874271]",
9201,"[4.129025,0.2129298,0.8814421]",
9202,"[4.13131,0.2129298,0.8851964]",
9203,"[4.142144,0.2129298,0.8874024]",
9204,"[4.148584,0.2129298,0.8863699]",
9205,"[4.155529,0.2129298,0.886107]",
9206,"[4.157671,0.2129298,0.886408]",
9207,"[4.160129,0.2129298,0.8893126]",
9208,"[4.160317,0.2109183,0.8902359]",
9209,"[4.160317,0.2046025,0.8887404]",
9210,"[4.160317,0.2067146,0.9007736]",
9211,"[4.160011,0.2129298,0.9097634]",
9212,"[4.141528,0.2129298,0.907236]",
9213,"[4.129924,0.2129298,0.904358]",
9214,"[4.110636,0.2129298,0.8922589]",
9215,"[4.104045,0.2129298,0.888799]",
9216,"[4.098714,0.2129298,0.88397]",
9217,"[4.094229,0.2129298,0.8766913]",
9218,"[4.094029,0.2129298,0.87344]",
9219,"[4.091245,0.2129298,0.8664402]",
9220,"[4.088203,0.2129298,0.8619525]",
9221,"[4.089723,0.2129298,0.856114]",
9222,"[4.090292,0.2129298,0.8537259]",
9223,"[4.08765,0.2129298,0.8487831]",
9224,"[4.087648,0.2129298,0.847495]",
9225,"[4.08489,0.2129298,0.8452985]",
9226,"[4.113817,0.3166437,0.9487157]",
9227,"[4.111407,0.3178788,0.9487157]",
9228,"[4.109378,0.3180306,0.9487157]",
9229,"[4.106908,0.3181261,0.9487157]",
9230,"[4.101256,0.3183584,0.9487157]",
9231,"[4.09811,0.3184583,0.9487157]",
9232,"[4.095072,0.318087,0.9487157]",
9233,"[4.089919,0.3169747,0.9487157]",
9234,"[4.090117,0.3163828,0.9487157]",
9235,"[4.089987,0.3147402,0.9487157]",
9236,"[4.058928,0.2129298,0.8481759]",
9237,"[4.061224,0.2129298,0.8493982]",
9238,"[4.062118,0.2129298,0.8502961]",
9239,"[4.064532,0.2129298,0.8502676]",
9240,"[4.065575,0.2129298,0.8505915]",
9241,"[4.066441,0.2129298,0.8509443]",
9242,"[4.067814,0.2129298,0.8513291]",
9243,"[4.068349,0.2129298,0.8513719]",
9244,"[4.069386,0.2129298,0.8512292]",
9245,"[4.069988,0.2129298,0.8511029]",
9246,"[4.071109,0.2129298,0.850297]",
9247,"[4.071646,0.2129298,0.8498125]",
9248,"[4.071998,0.2129298,0.8496419]",
9249,"[4.072929,0.2129298,0.8495001]",
9250,"[4.073533,0.2129298,0.8496841]",
9251,"[4.074778,0.2129298,0.8508772]",
9252,"[4.075446,0.2129298,0.8511699]",
9253,"[4.077097,0.2129298,0.8512844]",
9254,"[4.07789,0.2129298,0.8510405]",
9255,"[4.078676,0.2129298,0.8490861]",
9256,"[4.1005,0.315428,0.9487157]",
9257,"[4.100744,0.3162107,0.9487157]",
9258,"[4.099735,0.3168848,0.9487157]",
9259,"[4.098475,0.3169189,0.9487157]",
9260,"[4.096261,0.3163056,0.9487157]",
9261,"[4.095115,0.3156491,0.9487157]",
9262,"[4.09398,0.3151236,0.9487157]",
9263,"[4.071024,0.2129298,0.8490619]",
9264,"[4.070303,0.2129298,0.8494708]",
9265,"[4.06907,0.2129298,0.8505852]",
9266,"[4.069108,0.2129298,0.8505145]",
9267,"[4.069191,0.2129298,0.8504726]",
9268,"[4.069244,0.2129298,0.8505401]",
9269,"[4.069376,0.2129298,0.8506576]",
9270,"[4.069466,0.2129298,0.8506875]",
9271,"[4.069705,0.2129298,0.8504454]",
9272,"[4.069909,0.2129298,0.8500476]",
9273,"[4.070117,0.2129298,0.8496707]",
9274,"[4.070506,0.2129298,0.8489131]",
9275,"[4.070668,0.2129298,0.8485296]",
9276,"[4.06978,0.2129298,0.8481738]",
9277,"[4.069266,0.2129298,0.8480952]",
9278,"[4.068319,0.2129298,0.8481295]",
9279,"[4.067761,0.2129298,0.8484572]",
9280,"[4.067224,0.2129298,0.8490674]",
9281,"[4.066341,0.2129298,0.8500477]",
9282,"[4.06592,0.2129298,0.8505612]",
9283,"[4.0651,0.2129298,0.8521076]",
9284,"[4.064681,0.2129298,0.853211]",
9285,"[4.064041,0.2129298,0.8555139]",
9286,"[4.063799,0.2129298,0.8568033]",
9287,"[4.063627,0.2129298,0.858111]",
9288,"[4.063742,0.2129298,0.8607047]",
9289,"[4.064007,0.2129298,0.8620919]",
9290,"[4.064583,0.2129298,0.8644576]",
9291,"[4.064701,0.2129298,0.8657566]",
9292,"[4.065293,0.2129298,0.8672432]",
9293,"[4.065579,0.2129298,0.8677759]",
9294,"[4.066056,0.2129298,0.8689657]",
9295,"[4.066242,0.2129298,0.8694248]",
9296,"[4.066407,0.2129298,0.8700085]",
9297,"[4.066775,0.2129298,0.8713831]",
9298,"[4.066884,0.2129298,0.8718997]",
9299,"[4.067153,0.2129298,0.8732818]",
9300,"[4.067432,0.2129298,0.8740256]",
9301,"[4.067885,0.2129298,0.8752418]",
9302,"[4.068386,0.2129298,0.8770053]",
9303,"[4.068821,0.2129298,0.8785304]",
9304,"[4.083755,0.2129298,0.9235985]",
9305,"[4.086812,0.2129298,0.9328407]",
9306,"[4.089996,0.2129298,0.942556]",
9307,"[4.091062,0.2129298,0.9460467]",
9308,"[4.092389,0.2129298,0.9505451]",
9309,"[4.092945,0.2129298,0.9526123]",
9310,"[4.0936,0.2129298,0.9552855]",
9311,"[4.093855,0.2129298,0.9563884]",
9312,"[4.093915,0.2129298,0.957002]",
9313,"[4.093984,0.2129298,0.9582946]",
9314,"[4.094015,0.2129298,0.9590479]",
9315,"[4.094087,0.2129298,0.9598862]",
9316,"[4.094133,0.2129298,0.9601192]",
9317,"[4.094419,0.2129298,0.9610834]",
9318,"[4.094587,0.2129298,0.961592]",
9319,"[4.094748,0.2129298,0.9620283]",
9320,"[4.095079,0.2129298,0.9629005]",
9321,"[4.09529,0.2129298,0.9634265]",
9322,"[4.09514,0.2129298,0.9639048]",
9323,"[4.095098,0.2129298,0.9641356]",
9324,"[4.090288,0.2129298,0.9332852]",
9325,"[4.087314,0.2129298,0.917341]",
9326,"[4.084265,0.2129298,0.9015838]",
9327,"[4.083322,0.2129298,0.8972601]",
9328,"[4.082582,0.2129298,0.8940539]",
9329,"[4.081616,0.2129298,0.8906077]",
9330,"[4.081626,0.2129298,0.8897022]",
9331,"[4.081686,0.2129298,0.8883125]",
9332,"[4.08173,0.2129298,0.8876392]",
9333,"[4.081858,0.2129298,0.8868772]",
9334,"[4.081953,0.2129298,0.8866841]",
9335,"[4.082051,0.2129298,0.8864559]",
9336,"[4.082293,0.2129298,0.8859123]",
9337,"[4.082389,0.2129298,0.8855916]",
9338,"[4.082603,0.2129298,0.8843704]",
9339,"[4.082747,0.2129298,0.8834518]",
9340,"[4.082964,0.2129298,0.8818407]",
9341,"[4.083059,0.2129298,0.8810363]",
9342,"[4.083133,0.2129298,0.8802346]",
9343,"[4.083162,0.2129298,0.8790751]",
9344,"[4.083044,0.2129298,0.8786004]",
9345,"[4.082938,0.2129298,0.8777773]",
9346,"[4.082946,0.2129298,0.8772403]",
9347,"[4.08303,0.2129298,0.8760456]",
9348,"[4.083202,0.2129298,0.8754319]",
9349,"[4.083826,0.2129298,0.8746498]",
9350,"[4.084435,0.2129298,0.8740975]",
9351,"[4.085369,0.2129298,0.8733571]",
9352,"[4.089386,0.2129298,0.8709282]",
9353,"[4.094434,0.2129298,0.8684105]",
9354,"[4.110197,0.2129298,0.8591831]",
9355,"[4.121549,0.2129298,0.8506795]",
9356,"[4.172078,0.333448,0.9487157]",
9357,"[4.191726,0.3412538,0.9487157]",
9358,"[4.248509,0.3506286,0.9487157]",
9359,"[4.290418,0.3536196,0.9487157]",
9360,"[4.433621,0.1,0.691537]",
9361,"[4.671033,0.09999996,0.7120895]",
9362,"[4.871512,0.1,0.768386]",
9363,"[4.516966,0.7122037,1.331177]",
9364,"[4.50526,0.7529569,1.368533]",
9365,"[4.576971,0.8371699,1.489338]",
9366,"[4.740628,0.812086,1.511365]",
9367,"[5.57775,0.7629493,1.64267]",
9368,"[5.624534,0.918318,1.832029]",
9369,"[5.751927,1.126554,2.080626]",
9370,"[5.59332,1.288514,2.224028]",
9371,"[5.611683,1.401622,2.36601]",
9372,"[5.555806,1.571515,2.595891]",
9373,"[5.546803,1.674398,2.752069]",
9374,"[5.949999,2.173635,3.754498]",
9375,"[5.644599,2.246818,3.949064]",
9376,"[5.463684,2.238186,3.957445]",
9377,"[5.171432,2.215301,3.957612]",
9378,"[5.05706,2.204038,3.957694]",
9379,"[4.865992,2.152225,3.983935]",
9380,"[4.745229,2.085818,3.983796]",
9381,"[4.672133,2.049204,3.983719]",
9382,"[4.543094,1.972319,3.983558]",
9383,"[4.488105,1.93785,3.983486]",
9384,"[4.493075,1.895885,3.983398]",
9385,"[4.485787,1.878965,3.983363]",
9386,"[4.518824,1.84376,3.983289]",
9387,"[4.561055,1.823788,3.983247]",
9388,"[4.606076,1.815956,3.983231]",
9389,"[4.617308,1.816982,3.983233]",
9390,"[4.621012,1.819088,3.983237]",
9391,"[4.624084,1.829935,3.98326]",
9392,"[4.55682,1.837839,3.983277]",
9393,"[4.48597,1.845638,3.983293]",
9394,"[4.460208,1.84391,3.983289]",
9395,"[4.435173,1.834882,3.98327]",
9396,"[4.430004,1.827363,3.983255]",
9397,"[4.430752,1.818145,3.983235]",
9398,"[4.426221,1.79444,3.983186]",
9399,"[4.420568,1.780226,3.983156]",
9400,"[4.39409,1.747354,3.983087]",
9401,"[4.377195,1.732403,3.983056]",
9402,"[4.346673,1.7096,3.983008]",
9403,"[4.334879,1.702794,3.982994]",
9404,"[4.327758,1.697209,3.982982]",
9405,"[4.32859,1.697092,3.982982]",
9406,"[4.32972,1.696844,3.982981]",
9407,"[4.33374,1.69563,3.982979]",
9408,"[4.33754,1.69427,3.982976]",
9409,"[4.360605,1.685198,3.982957]",
9410,"[4.373557,1.678614,3.982943]",
9411,"[4.400571,1.663856,3.982912]",
9412,"[4.410705,1.658229,3.9829]",
9413,"[4.421969,1.652165,3.982888]",
9414,"[4.457286,1.63684,3.982856]",
9415,"[4.49334,1.625125,3.982831]",
9416,"[4.62913,1.601377,3.982781]",
9417,"[4.736312,1.581952,3.982741]",
9418,"[5.097436,1.489282,3.982547]",
9419,"[5.336011,1.437304,3.982438]",
9420,"[5.598948,1.221859,3.197449]",
9421,"[5.693919,1.145244,2.970119]",
9422,"[5.643569,1.109372,2.523404]",
9423,"[5.950001,0.9806127,2.263532]",
9424,"[5.624534,0.8682142,1.770491]",
9425,"[4.890614,0.8906101,1.518631]",
9426,"[4.740628,0.8953613,1.474152]",
9427,"[4.454246,0.9385006,1.461399]",
9428,"[4.45365,0.891763,1.365598]",
9429,"[4.472999,0.864799,1.303858]",
9430,"[4.616338,0.7108864,1.014082]",
9431,"[5.266937,0.1656069,0.05000012]",
9432,"[4.891221,0.2053463,0.04999984]",
9433,"[4.571559,0.4785072,0.530022]",
9434,"[4.25982,0.637055,0.8599696]",
9435,"[4.21955,0.6265557,0.8599696]",
9436,"[4.13068,0.5812739,0.8599696]",
9437,"[4.067751,0.5514361,0.911751]",
9438,"[4.048659,0.5514361,0.9370613]",
9439,"[3.979011,0.4613849,0.9487157]",
9440,"[3.961209,0.4423584,0.9487157]",
9441,"[3.912228,0.3460041,0.9487157]",
9442,"[3.860822,0.1,0.7778921]",
9443,"[3.875154,0.1,0.8149277]",
9444,"[3.894921,0.1,0.8236248]",
9445,"[3.90517,0.1,0.8295019]",
9446,"[3.966089,0.2129298,0.9165652]",
9447,"[3.991515,0.2129298,0.9138128]",
9448,"[4.006671,0.2129298,0.9145434]",
9449,"[4.0154,0.2129298,0.9140939]",
9450,"[4.034508,0.2129298,0.9159993]",
9451,"[4.042625,0.2129298,0.9174845]",
9452,"[4.048189,0.2129298,0.9191079]",
9453,"[4.068434,0.2129298,0.9195949]",
9454,"[4.074538,0.2129298,0.9187145]",
9455,"[4.081364,0.2129298,0.9194591]",
9456,"[4.085264,0.2129298,0.918457]",
9457,"[4.091899,0.2129298,0.9180081]",
9458,"[4.094512,0.2129298,0.9183818]",
9459,"[4.098388,0.2129298,0.9168162]",
9460,"[4.099652,0.2129298,0.9166225]",
9461,"[4.100916,0.2129298,0.9151025]",
9462,"[4.101528,0.2129298,0.9128415]",
9463,"[4.101028,0.2129298,0.9118416]",
9464,"[4.089473,0.2129298,0.9089832]",
9465,"[4.085184,0.2129298,0.9082696]",
9466,"[4.067813,0.2129298,0.9042537]",
9467,"[4.062262,0.2129298,0.9010018]",
9468,"[4.055364,0.2129298,0.897627]",
9469,"[4.054711,0.2129298,0.8971148]",
9470,"[4.054173,0.2129298,0.8967669]",
9471,"[4.053506,0.2129298,0.8964626]",
9472,"[4.053354,0.2129298,0.8963288]",
9473,"[4.053584,0.2129298,0.8963182]",
9474,"[4.053827,0.2129298,0.8961796]",
9475,"[4.054704,0.2129298,0.8951333]",
9476,"[4.055376,0.2129298,0.8941276]",
9477,"[4.056044,0.2129298,0.8932064]",
9478,"[4.057346,0.2129298,0.891531]",
9479,"[4.057614,0.2129298,0.8909338]",
9480,"[4.057947,0.2129298,0.8903062]",
9481,"[4.058074,0.2129298,0.89016]",
9482,"[4.058069,0.2129298,0.8898437]",
9483,"[4.058112,0.2129298,0.8897737]",
9484,"[4.058167,0.2129298,0.8897372]",
9485,"[4.058344,0.2129298,0.8898252]",
9486,"[4.058456,0.2129298,0.8899646]",
9487,"[4.058681,0.2129298,0.8904622]",
9488,"[4.058761,0.2129298,0.8908758]",
9489,"[4.058952,0.2129298,0.8922453]",
9490,"[4.059055,0.2129298,0.8931286]",
9491,"[4.058632,0.2129298,0.8949851]",
9492,"[4.058208,0.2129298,0.896148]",
9493,"[4.05784,0.2129298,0.8972006]",
9494,"[4.057287,0.2129298,0.8987535]",
9495,"[4.05739,0.2129298,0.8993467]",
9496,"[4.057961,0.2129298,0.9004157]",
9497,"[4.058249,0.2129298,0.900304]",
9498,"[4.058627,0.2129298,0.9001198]",
9499,"[4.059381,0.2129298,0.8997616]",
9500,"[4.059854,0.2129298,0.8996052]",
9501,"[4.060852,0.2129298,0.9000214]",
9502,"[4.061386,0.2129298,0.900351]",
9503,"[4.085155,0.2129298,0.9071381]",
9504,"[4.09105,0.2129298,0.9089423]",
9505,"[4.098191,0.2129298,0.9113136]",
9506,"[4.100727,0.2129298,0.9123346]",
9507,"[4.102945,0.2129298,0.9133358]",
9508,"[4.105165,0.2129298,0.9139407]",
9509,"[4.10617,0.2129298,0.9141504]",
9510,"[4.107798,0.2129298,0.9144806]",
9511,"[4.108561,0.2129298,0.9145122]",
9512,"[4.109787,0.2129298,0.9144253]",
9513,"[4.110384,0.2129298,0.9143173]",
9514,"[4.111287,0.2129298,0.9139977]",
9515,"[4.111655,0.2129298,0.9137335]",
9516,"[4.111754,0.2129298,0.9133447]",
9517,"[4.111782,0.2129298,0.9124469]",
9518,"[4.111715,0.2129298,0.9119706]",
9519,"[4.111391,0.2129298,0.911445]",
9520,"[4.111277,0.2129298,0.9112099]",
9521,"[4.110894,0.2129298,0.9114659]",
9522,"[4.110672,0.2129298,0.9116296]",
9523,"[4.110296,0.2129298,0.9119423]",
9524,"[4.110153,0.2129298,0.9121213]",
9525,"[4.110034,0.2129298,0.9123023]",
9526,"[4.11015,0.2129298,0.912344]",
9527,"[4.110264,0.2129298,0.9123464]",
9528,"[4.110476,0.2129298,0.9123526]",
9529,"[4.110676,0.2129298,0.9123451]",
9530,"[4.110734,0.2129298,0.9123745]",
9531,"[4.110585,0.2129298,0.9123595]",
9532,"[4.110461,0.2129298,0.9122896]",
9533,"[4.110628,0.2129298,0.9129385]",
9534,"[4.110746,0.2129298,0.9132512]",
9535,"[4.111114,0.2129298,0.9137375]",
9536,"[4.111435,0.2129298,0.9136025]",
9537,"[4.112319,0.2129298,0.9132028]",
9538,"[4.112909,0.2129298,0.9128416]",
9539,"[4.113138,0.2129298,0.9126425]",
9540,"[4.112985,0.2129298,0.9122607]",
9541,"[4.113145,0.2129298,0.9122916]",
9542,"[4.113632,0.2129298,0.9123333]",
9543,"[4.113936,0.2129298,0.9123415]",
9544,"[4.114439,0.2129298,0.9123659]",
9545,"[4.114687,0.2129298,0.9124095]",
9546,"[4.115236,0.2129298,0.9123113]",
9547,"[4.115431,0.2129298,0.9121804]",
9548,"[4.115624,0.2129298,0.9119893]",
9549,"[4.115911,0.2129298,0.9116008]",
9550,"[4.115674,0.2129298,0.9113681]",
9551,"[4.105562,0.2129298,0.8975782]",
9552,"[4.102461,0.2129298,0.8937147]",
9553,"[4.097727,0.2129298,0.8880475]",
9554,"[4.096447,0.2129298,0.8867753]",
9555,"[4.09516,0.2129298,0.8857182]",
9556,"[4.092705,0.2129298,0.8844091]",
9557,"[4.091317,0.2129298,0.8840182]",
9558,"[4.0889,0.2129298,0.8833107]",
9559,"[4.088236,0.2129298,0.882905]",
9560,"[4.087088,0.2129298,0.8819953]",
9561,"[4.086535,0.2129298,0.8814112]",
9562,"[4.085702,0.2129298,0.8803189]",
9563,"[4.086235,0.2129298,0.8794889]",
9564,"[4.086768,0.2129298,0.8787521]",
9565,"[4.087995,0.2129298,0.8771799]",
9566,"[4.088679,0.2129298,0.8762817]",
9567,"[4.090638,0.2129298,0.874635]",
9568,"[4.091591,0.2129298,0.8738116]",
9569,"[4.096094,0.2129298,0.9075075]",
9570,"[4.097514,0.2129298,0.9148775]",
9571,"[4.098486,0.2129298,0.9198055]",
9572,"[4.09943,0.2129298,0.9259778]",
9573,"[4.099751,0.2129298,0.9279051]",
9574,"[4.100581,0.2129298,0.9307171]",
9575,"[4.101109,0.2129298,0.9321507]",
9576,"[4.102204,0.2129298,0.9344567]",
9577,"[4.102788,0.2129298,0.9354516]",
9578,"[4.103931,0.2129298,0.9368631]",
9579,"[4.104286,0.2129298,0.9376869]",
9580,"[4.104533,0.2129298,0.9384159]",
9581,"[4.105014,0.2129298,0.939459]",
9582,"[4.105221,0.2129298,0.9397792]",
9583,"[4.105379,0.2129298,0.9401423]",
9584,"[4.105365,0.2129298,0.9402773]",
9585,"[4.104762,0.2129298,0.9405208]",
9586,"[4.104393,0.2129298,0.9406728]",
9587,"[4.103986,0.2129298,0.9410285]",
9588,"[4.103011,0.2129298,0.9417521]",
9589,"[4.102348,0.2129298,0.9422762]",
9590,"[4.101016,0.2129298,0.9432595]",
9591,"[4.10033,0.2129298,0.9437512]",
9592,"[4.099007,0.2129298,0.9448908]",
9593,"[4.098359,0.2129298,0.9456021]",
9594,"[4.09832,0.2129298,0.9462648]",
9595,"[4.097676,0.2129298,0.9353689]",
9596,"[4.097268,0.2129298,0.9272618]",
9597,"[4.095428,0.2129298,0.9043267]",
9598,"[4.094991,0.2129298,0.8977189]",
9599,"[4.093125,0.2129298,0.8874862]",
9600,"[4.092358,0.2129298,0.8831495]",
9601,"[4.091053,0.2129298,0.8770394]",
9602,"[4.090433,0.2129298,0.8745227]",
9603,"[4.090007,0.2129298,0.8736402]",
9604,"[4.0892,0.2129298,0.8720211]",
9605,"[4.088701,0.2129298,0.8709347]",
9606,"[4.087788,0.2129298,0.8691727]",
9607,"[4.087321,0.2129298,0.8683946]",
9608,"[4.086598,0.2129298,0.8672668]",
9609,"[4.080276,0.3148777,0.9487157]",
9610,"[4.080029,0.3152541,0.9487157]",
9611,"[4.079642,0.3158567,0.9487157]",
9612,"[4.07948,0.3161256,0.9487157]",
9613,"[4.07924,0.3166092,0.9487157]",
9614,"[4.07916,0.3167998,0.9487157]",
9615,"[4.079377,0.3171967,0.9487157]",
9616,"[4.079706,0.3174684,0.9487157]",
9617,"[4.08045,0.3185153,0.9487157]",
9618,"[4.080858,0.3189895,0.9487157]",
9619,"[4.080908,0.3192459,0.9487157]",
9620,"[4.080954,0.3196346,0.9487157]",
9621,"[4.080929,0.3197758,0.9487157]",
9622,"[4.080867,0.3199136,0.9487157]",
9623,"[4.08083,0.3199775,0.9487157]",
9624,"[4.080537,0.3202365,0.9487157]",
9625,"[4.080118,0.3203875,0.9487157]",
9626,"[4.079647,0.3205769,0.9487157]",
9627,"[4.078372,0.3212282,0.9487157]",
9628,"[4.07753,0.3216576,0.9487157]",
9629,"[4.075856,0.3216344,0.9487157]",
9630,"[4.075244,0.3215082,0.9487157]",
9631,"[4.073807,0.3210374,0.9487157]",
9632,"[4.073172,0.3206353,0.9487157]",
9633,"[4.071599,0.3197155,0.9487157]",
9634,"[4.070575,0.319319,0.9487157]",
9635,"[4.069416,0.3191199,0.9487157]",
9636,"[4.054054,0.3178362,0.9487157]",
9637,"[4.045702,0.3178198,0.9487157]",
9638,"[4.035411,0.3179684,0.9487157]",
9639,"[4.031546,0.3180011,0.9487157]",
9640,"[4.026464,0.3175029,0.9487157]",
9641,"[4.024653,0.3171217,0.9487157]",
9642,"[4.024037,0.316905,0.9487157]",
9643,"[4.023069,0.3166389,0.9487157]",
9644,"[4.022688,0.3165583,0.9487157]",
9645,"[4.022751,0.3162577,0.9487157]",
9646,"[4.023224,0.3160084,0.9487157]",
9647,"[4.024564,0.315677,0.9487157]",
9648,"[4.025301,0.3155955,0.9487157]",
9649,"[4.025665,0.315517,0.9487157]",
9650,"[4.026338,0.3153137,0.9487157]",
9651,"[4.026656,0.315247,0.9487157]",
9652,"[4.026934,0.315322,0.9487157]",
9653,"[4.02673,0.3153974,0.9487157]",
9654,"[4.026282,0.3154456,0.9487157]",
9655,"[4.025993,0.3153983,0.9487157]",
9656,"[4.025351,0.3153795,0.9487157]",
9657,"[4.02504,0.3153062,0.9487157]",
9658,"[4.024676,0.3151758,0.9487157]",
9659,"[4.024148,0.3149449,0.9487157]",
9660,"[4.023856,0.314825,0.9487157]",
9661,"[4.023386,0.3145921,0.9487157]",
9662,"[4.023787,0.314575,0.9487157]",
9663,"[4.022962,0.2129298,0.8678983]",
9664,"[4.023726,0.2129298,0.8680393]",
9665,"[4.024575,0.2129298,0.8681488]",
9666,"[4.026778,0.2129298,0.8682901]",
9667,"[4.027741,0.2129298,0.8682604]",
9668,"[4.029415,0.2129298,0.86804]",
9669,"[4.030038,0.2129298,0.8680708]",
9670,"[4.030932,0.2129298,0.8678493]",
9671,"[4.03129,0.2129298,0.8676201]",
9672,"[4.031846,0.314564,0.9487157]",
9673,"[4.031836,0.2129298,0.867638]",
9674,"[4.031582,0.2129298,0.8676788]",
9675,"[4.03118,0.2129298,0.8678647]",
9676,"[4.030774,0.2129298,0.8679756]",
9677,"[4.030015,0.2129298,0.8681232]",
9678,"[4.029638,0.2129298,0.8681616]",
9679,"[4.029676,0.2129298,0.8682302]",
9680,"[4.031279,0.2129298,0.868124]",
9681,"[4.032673,0.2129298,0.86797]",
9682,"[4.048772,0.2129298,0.8683164]",
9683,"[4.057195,0.2129298,0.8687501]",
9684,"[4.067821,0.2129298,0.8722188]",
9685,"[4.07115,0.2129298,0.8734953]",
9686,"[4.075577,0.2129298,0.8747162]",
9687,"[4.077718,0.2129298,0.8756388]",
9688,"[4.080538,0.2129298,0.8772644]",
9689,"[4.081728,0.2129298,0.8782208]",
9690,"[4.083008,0.2129298,0.8792455]",
9691,"[4.086047,0.2129298,0.8808547]",
9692,"[4.08771,0.2129298,0.8809777]",
9693,"[4.090723,0.2129298,0.8804092]",
9694,"[4.092301,0.2129298,0.8798176]",
9695,"[4.094745,0.2129298,0.8781561]",
9696,"[4.095751,0.2129298,0.8770063]",
9697,"[4.096691,0.2129298,0.8759854]",
9698,"[4.098863,0.2129298,0.8732839]",
9699,"[4.098272,0.2129298,0.8719492]",
9700,"[4.097153,0.2129298,0.8696675]",
9701,"[4.096498,0.2129298,0.8685758]",
9702,"[4.08611,0.3156853,0.9487157]",
9703,"[4.085336,0.3166689,0.9487157]",
9704,"[4.081284,0.3189332,0.9487157]",
9705,"[4.07981,0.3195635,0.9487157]",
9706,"[4.078498,0.3198914,0.9487157]",
9707,"[4.076432,0.3199754,0.9487157]",
9708,"[4.075539,0.3198021,0.9487157]",
9709,"[4.074075,0.3193935,0.9487157]",
9710,"[4.073395,0.3193302,0.9487157]",
9711,"[4.071935,0.3197784,0.9487157]",
9712,"[4.070913,0.3209268,0.9487157]",
9713,"[4.070045,0.3225362,0.9487157]",
9714,"[4.06893,0.3261458,0.9487157]",
9715,"[4.068649,0.3280347,0.9487157]",
9716,"[4.067844,0.3297158,0.9487157]",
9717,"[4.067592,0.3299702,0.9487157]",
9718,"[4.067433,0.3301759,0.9487157]",
9719,"[4.067408,0.3297777,0.9487157]",
9720,"[4.068974,0.3286644,0.9487157]",
9721,"[4.070243,0.3264975,0.9487157]",
9722,"[4.069906,0.3259625,0.9487157]",
9723,"[4.069488,0.3254231,0.9487157]",
9724,"[4.069222,0.3254119,0.9487157]",
9725,"[4.068524,0.3256713,0.9487157]",
9726,"[4.067962,0.3260787,0.9487157]",
9727,"[4.066303,0.327424,0.9487157]",
9728,"[4.064975,0.3284693,0.9487157]",
9729,"[4.063641,0.3288775,0.9487157]",
9730,"[4.06121,0.3299531,0.9487157]",
9731,"[4.060106,0.3305892,0.9487157]",
9732,"[4.058289,0.3323458,0.9487157]",
9733,"[4.057579,0.3335404,0.9487157]",
9734,"[4.057546,0.3336823,0.9487157]",
9735,"[4.058566,0.3331329,0.9487157]",
9736,"[4.060464,0.3327659,0.9487157]",
9737,"[4.064291,0.3329548,0.9487157]",
9738,"[4.066298,0.3333368,0.9487157]",
9739,"[4.07034,0.3334242,0.9487157]",
9740,"[4.072254,0.332976,0.9487157]",
9741,"[4.075446,0.3306408,0.9487157]",
9742,"[4.076234,0.3289655,0.9487157]",
9743,"[4.077585,0.3255008,0.9487157]",
9744,"[4.077994,0.3236132,0.9487157]",
9745,"[4.078375,0.3218801,0.9487157]",
9746,"[4.069087,0.3176122,0.9487157]",
9747,"[4.06554,0.3165847,0.9487157]",
9748,"[4.06058,0.31522,0.9487157]",
9749,"[4.058893,0.314858,0.9487157]",
9750,"[4.045705,0.2129298,0.8598517]",
9751,"[4.044214,0.2129298,0.8602811]",
9752,"[4.042864,0.2129298,0.8608202]",
9753,"[4.040317,0.2129298,0.8615342]",
9754,"[4.039243,0.2129298,0.8619124]",
9755,"[4.037428,0.2129298,0.8632917]",
9756,"[4.036716,0.2129298,0.8641148]",
9757,"[4.035389,0.2129298,0.8651716]",
9758,"[4.03481,0.2129298,0.8653817]",
9759,"[4.033897,0.2129298,0.8650579]",
9760,"[4.03349,0.2129298,0.8648494]",
9761,"[4.033147,0.2129298,0.864608]",
9762,"[4.032642,0.2129298,0.8641083]",
9763,"[4.032506,0.2129298,0.8638974]",
9764,"[4.032312,0.2129298,0.863593]",
9765,"[4.032241,0.2129298,0.8634741]",
9766,"[4.032153,0.2129298,0.8631081]",
9767,"[4.032222,0.2129298,0.8628706]",
9768,"[4.032326,0.2129298,0.8625917]",
9769,"[4.032715,0.2129298,0.861692]",
9770,"[4.03293,0.2129298,0.8609336]",
9771,"[4.033206,0.2129298,0.8606009]",
9772,"[4.03335,0.2129298,0.8608376]",
9773,"[4.033586,0.2129298,0.8612756]",
9774,"[4.033539,0.2129298,0.8615198]",
9775,"[4.033449,0.2129298,0.8617689]",
9776,"[4.033204,0.2129298,0.8621557]",
9777,"[4.033036,0.2129298,0.8623345]",
9778,"[4.032765,0.2129298,0.8624586]",
9779,"[4.032691,0.2129298,0.8623477]",
9780,"[4.032571,0.2129298,0.8621002]",
9781,"[4.032537,0.2129298,0.8618954]",
9782,"[4.032552,0.2129298,0.8606866]",
9783,"[4.032626,0.2129298,0.8595111]",
9784,"[4.04701,0.3156298,0.9487157]",
9785,"[4.050383,0.32137,0.9487157]",
9786,"[4.072592,0.392734,0.9487157]",
9787,"[4.082747,0.4271824,0.9487157]",
9788,"[4.085756,0.4383592,0.9487157]",
9789,"[4.089968,0.4509342,0.9487157]",
9790,"[4.091897,0.4573212,0.9487157]",
9791,"[4.093081,0.4613661,0.9487157]",
9792,"[4.095998,0.4708472,0.9487157]",
9793,"[4.097681,0.475983,0.9487157]",
9794,"[4.099366,0.4926156,0.9487157]",
9795,"[4.09986,0.5016236,0.9487157]",
9796,"[4.100926,0.5152791,0.9487157]",
9797,"[4.101298,0.5188148,0.9487157]",
9798,"[4.101799,0.5230052,0.9487157]",
9799,"[4.10264,0.5303372,0.9487157]",
9800,"[4.103222,0.5348384,0.9487157]",
9801,"[4.103691,0.54348,0.9487157]",
9802,"[4.104129,0.5497429,0.9487157]",
9803,"[4.101756,0.5514361,0.9303302]",
9804,"[4.092962,0.4579883,0.7360336]",
9805,"[4.085138,0.4655368,0.6911662]",
9806,"[4.08236,0.4780171,0.6911662]",
9807,"[4.085341,0.5827673,0.8599696]",
9808,"[4.082872,0.5894482,0.8599696]",
9809,"[4.081625,0.5918134,0.8599696]",
9810,"[4.079118,0.5974427,0.8599696]",
9811,"[4.077929,0.5995405,0.8599696]",
9812,"[4.076952,0.6014445,0.8599696]",
9813,"[4.077107,0.6012896,0.8599696]",
9814,"[4.077864,0.5999052,0.8599696]",
9815,"[4.078174,0.5996702,0.8599696]",
9816,"[4.079479,0.5987789,0.8599696]",
9817,"[4.081743,0.5964342,0.8599696]",
9818,"[4.082696,0.5957936,0.8599696]",
9819,"[4.08471,0.5934292,0.8599696]",
9820,"[4.085929,0.591352,0.8599696]",
9821,"[4.089107,0.582011,0.8599696]",
9822,"[4.093913,0.4662369,0.6911662]",
9823,"[4.096427,0.4579882,0.6956983]",
9824,"[4.096182,0.5514361,0.916932]",
9825,"[4.095974,0.5514361,0.9377959]",
9826,"[4.088477,0.4140451,0.9487157]",
9827,"[4.086394,0.3929326,0.9487157]",
9828,"[4.074363,0.2129298,0.8731778]",
9829,"[4.069369,0.2129298,0.8928964]",
9830,"[4.065387,0.2129298,0.9065304]",
9831,"[4.062106,0.2129298,0.9125594]",
9832,"[4.061087,0.2129298,0.913184]",
9833,"[4.059752,0.2129298,0.9122148]",
9834,"[4.059425,0.2129298,0.9110644]",
9835,"[4.058646,0.2129298,0.9054095]",
9836,"[4.058235,0.2129298,0.901456]",
9837,"[4.058043,0.2129298,0.8950833]",
9838,"[4.058129,0.2129298,0.8927114]",
9839,"[4.058666,0.2129298,0.8891515]",
9840,"[4.059644,0.2129298,0.8851956]",
9841,"[4.062449,0.2129298,0.8832551]",
9842,"[4.066466,0.2129298,0.8801492]",
9843,"[4.068111,0.2129298,0.8787144]",
9844,"[4.070026,0.2129298,0.8770664]",
9845,"[4.070622,0.2129298,0.8764592]",
9846,"[4.071184,0.2129298,0.8741183]",
9847,"[4.071742,0.2129298,0.8701175]",
9848,"[4.071847,0.2129298,0.868449]",
9849,"[4.0714,0.3156902,0.9487157]",
9850,"[4.071062,0.3173113,0.9487157]",
9851,"[4.070182,0.3205172,0.9487157]",
9852,"[4.069905,0.3218324,0.9487157]",
9853,"[4.069494,0.3242092,0.9487157]",
9854,"[4.069306,0.3255493,0.9487157]",
9855,"[4.069051,0.32695,0.9487157]",
9856,"[4.068859,0.3299749,0.9487157]",
9857,"[4.068747,0.3316891,0.9487157]",
9858,"[4.067721,0.3350982,0.9487157]",
9859,"[4.066979,0.33652,0.9487157]",
9860,"[4.065138,0.3392658,0.9487157]",
9861,"[4.064089,0.3404953,0.9487157]",
9862,"[4.064244,0.3407807,0.9487157]",
9863,"[4.064838,0.340922,0.9487157]",
9864,"[4.065526,0.3405508,0.9487157]",
9865,"[4.068017,0.3388714,0.9487157]",
9866,"[4.070801,0.3371023,0.9487157]",
9867,"[4.07875,0.3323188,0.9487157]",
9868,"[4.084276,0.3278849,0.9487157]",
9869,"[4.095456,0.3154983,0.9487157]",
9870,"[4.106635,0.2129298,0.8723933]",
9871,"[4.111509,0.2129298,0.8798989]",
9872,"[4.118524,0.2129298,0.8929402]",
9873,"[4.121197,0.2129298,0.8993665]",
9874,"[4.120576,0.2129298,0.9129354]",
9875,"[4.119062,0.2129298,0.9394917]",
9876,"[4.115623,0.2129298,0.9701344]",
9877,"[4.093031,0.2129298,1.062173]",
9878,"[4.087492,0.2129298,1.080632]",
9879,"[4.07508,0.2129298,1.103963]",
9880,"[4.070067,0.1945722,1.102864]",
9881,"[4.06398,0.1582779,1.094013]",
9882,"[4.061814,0.1380698,1.087093]",
9883,"[4.05833,0.2924361,1.155933]",
9884,"[4.057982,0.2924361,1.154401]",
9885,"[4.05768,0.2924361,1.152873]",
9886,"[4.057233,0.2924361,1.14773]",
9887,"[4.056938,0.2924361,1.143627]",
9888,"[4.056991,0.2839619,1.124774]",
9889,"[4.0571,0.2826189,1.115738]",
9890,"[4.057165,0.2793564,1.101015]",
9891,"[4.057668,0.2924361,1.05149]",
9892,"[4.064685,0.386337,0.9487157]",
9893,"[4.064404,0.3977758,0.9487157]",
9894,"[4.064071,0.4066507,0.9487157]",
9895,"[4.06352,0.4225015,0.9487157]",
9896,"[4.063317,0.4304729,0.9487157]",
9897,"[4.06308,0.4447214,0.9487157]",
9898,"[4.063137,0.4525289,0.9487157]",
9899,"[4.063286,0.4604298,0.9487157]",
9900,"[4.063413,0.4695636,0.9487157]",
9901,"[4.063436,0.4737438,0.9487157]",
9902,"[4.063472,0.47913,0.9487157]",
9903,"[4.063364,0.481119,0.9487157]",
9904,"[4.062932,0.4813054,0.9487157]",
9905,"[4.062739,0.4813783,0.9487157]",
9906,"[4.062553,0.4813576,0.9487157]",
9907,"[4.062479,0.4805742,0.9487157]",
9908,"[4.062303,0.4789035,0.9487157]",
9909,"[4.062134,0.4779359,0.9487157]",
9910,"[4.061824,0.4771126,0.9487157]",
9911,"[4.061385,0.4754151,0.9487157]",
9912,"[4.061089,0.4742338,0.9487157]",
9913,"[4.060247,0.4710101,0.9487157]",
9914,"[4.059628,0.4687264,0.9487157]",
9915,"[4.046987,0.4171568,0.9487157]",
9916,"[4.042335,0.3990272,0.9487157]",
9917,"[4.028228,0.3216995,0.9487157]",
9918,"[4.018313,0.2129298,0.8928457]",
9919,"[4.016244,0.2129298,0.9004681]",
9920,"[4.013558,0.2129298,0.9085582]",
9921,"[4.012949,0.2129298,0.9102114]",
9922,"[4.01214,0.2129298,0.9114181]",
9923,"[4.011818,0.2129298,0.9114776]",
9924,"[4.011113,0.2129298,0.9105785]",
9925,"[4.010823,0.2129298,0.9092613]",
9926,"[4.009815,0.2004809,0.8971073]",
9927,"[4.012122,0.2924361,0.9569337]",
9928,"[4.011349,0.2924361,0.9456462]",
9929,"[4.01231,0.3436909,0.9487157]",
9930,"[4.015779,0.3925725,0.9487157]",
9931,"[4.019018,0.4521603,0.9487157]",
9932,"[4.033758,0.6700142,0.8599696]",
9933,"[4.033581,0.6734493,0.8599696]",
9934,"[4.036487,0.7564215,0.8599696]",
9935,"[4.037256,0.772012,0.8599696]",
9936,"[4.039064,0.7970668,0.8599696]",
9937,"[4.039428,0.7998845,0.8599696]",
9938,"[4.040917,0.801783,0.8599696]",
9939,"[4.041824,0.80111,0.8599696]",
9940,"[4.044904,0.8031909,0.8599696]",
9941,"[4.047104,0.8055435,0.8599696]",
9942,"[4.049947,0.8049835,0.8599696]",
9943,"[4.054629,0.8098416,0.8599696]",
9944,"[4.05697,0.8080991,0.8599696]",
9945,"[4.060287,0.8055207,0.8599696]",
9946,"[4.061546,0.8045304,0.8599696]",
9947,"[4.062053,0.8020818,0.8599696]",
9948,"[4.062113,0.8016644,0.8595757]",
9949,"[4.062146,0.8007183,0.8585247]",
9950,"[4.061871,0.7978266,0.855781]",
9951,"[4.061474,0.796331,0.8547291]",
9952,"[4.060417,0.7947417,0.8540835]",
9953,"[4.059304,0.7931302,0.8559899]",
9954,"[4.057552,0.7888108,0.8580393]",
9955,"[4.05619,0.7835782,0.8588881]",
9956,"[4.054146,0.778682,0.8622231]",
9957,"[4.053648,0.7777026,0.8651366]",
9958,"[4.053197,0.7779876,0.8690495]",
9959,"[4.055027,0.7810355,0.8803753]",
9960,"[4.055594,0.7841616,0.8875746]",
9961,"[4.056108,0.7922171,0.9030604]",
9962,"[4.05624,0.7958983,0.9096636]",
9963,"[4.056522,0.8016319,0.9189867]",
9964,"[4.056899,0.8107104,0.9222302]",
9965,"[4.057239,0.8122607,0.9246058]",
9966,"[4.058927,0.8144361,0.9160807]",
9967,"[4.059496,0.8144361,0.9159302]",
9968,"[4.070566,0.6990373,0.7337975]",
9969,"[4.07078,0.7075721,0.7461067]",
9970,"[4.072258,0.7391788,0.7819995]",
9971,"[4.073002,0.7513673,0.7997659]",
9972,"[4.090091,0.6956855,0.6911662]",
9973,"[4.092205,0.7174121,0.7117947]",
9974,"[4.093966,0.734762,0.7289151]",
9975,"[4.096947,0.7571308,0.7573107]",
9976,"[4.098711,0.7643727,0.7697753]",
9977,"[4.103886,0.7731426,0.791068]",
9978,"[4.107399,0.7749264,0.8005866]",
9979,"[4.112797,0.772891,0.8142661]",
9980,"[4.113435,0.7724713,0.8214272]",
9981,"[4.114731,0.7679957,0.8242472]",
9982,"[4.116915,0.7629304,0.8322467]",
9983,"[4.117941,0.7598953,0.833969]",
9984,"[4.119833,0.7521883,0.835761]",
9985,"[4.120518,0.7470129,0.8376778]",
9986,"[4.123976,0.7600897,0.9710103]",
9987,"[4.12325,0.7600897,0.9917277]",
9988,"[4.123397,0.7600897,1.00115]",
9989,"[4.12277,0.7600897,1.00991]",
9990,"[4.122929,0.7600897,1.012017]",
9991,"[4.124282,0.7600897,1.009177]",
9992,"[4.125683,0.7600897,1.005409]",
9993,"[4.128085,0.7600897,0.997896]",
9994,"[4.129017,0.7600897,0.9940942]",
9995,"[4.128993,0.7600897,0.9873266]",
9996,"[4.127918,0.7600897,0.9846914]",
9997,"[4.09816,0.7228079,0.8425025]",
9998,"[4.089851,0.7528101,0.8441743]",
9999,"[4.084263,0.7750729,0.8451489]",
10000,"[4.078852,0.7940316,0.8466491]",
10001,"[4.07647,0.79782,0.8443191]",
10002,"[4.074131,0.79782,0.8365179]",
10003,"[4.073797,0.79782,0.8331077]",
10004,"[4.07339,0.79782,0.8298015]",
10005,"[4.071461,0.79782,0.8223069]",
10006,"[4.069763,0.79782,0.8180065]",
10007,"[4.065499,0.79782,0.810204]",
10008,"[4.062548,0.79782,0.8061364]",
10009,"[4.059787,0.79782,0.8000137]",
10010,"[4.057197,0.79782,0.7964051]",
10011,"[4.056141,0.79782,0.7934204]",
10012,"[4.054871,0.79782,0.7883573]",
10013,"[4.054716,0.79782,0.7859963]",
10014,"[4.056974,0.79782,0.7833727]",
10015,"[4.058216,0.79782,0.7817539]",
10016,"[4.062063,0.79782,0.77925]",
10017,"[4.065486,0.79782,0.7776274]",
10018,"[4.073075,0.79782,0.773187]",
10019,"[4.078286,0.79782,0.7718833]",
10020,"[4.084348,0.79782,0.7701277]",
10021,"[4.098068,0.79782,0.7684356]",
10022,"[4.106276,0.79782,0.7673894]",
10023,"[4.127183,0.79782,0.7645564]",
10024,"[4.13585,0.8862855,0.84891]",
10025,"[4.190701,0.9362671,0.8925713]",
10026,"[4.213389,0.9488844,0.9009039]",
10027,"[4.264722,0.8896132,0.8364149]",
10028,"[4.301853,0.8295541,0.7736862]",
10029,"[4.520149,0.8295541,0.7600576]",
10030,"[4.6271,0.8295541,0.765361]",
10031,"[4.659194,0.8295541,0.76821]",
10032,"[4.640765,0.8927394,0.833003]",
10033,"[4.647619,0.8979161,0.8405682]",
10034,"[4.659859,0.8907888,0.8405682]",
10035,"[4.674926,0.8862208,0.8405682]",
10036,"[4.674831,0.8826102,0.8405682]",
10037,"[4.468978,1.149554,1.089293]",
10038,"[4.462634,1.169748,1.109537]",
10039,"[4.439696,1.241231,1.182733]",
10040,"[4.433178,1.262935,1.203532]",
10041,"[4.42234,1.29852,1.238117]",
10042,"[4.422088,1.298723,1.23892]",
10043,"[4.414491,1.325476,1.263161]",
10044,"[4.411571,1.336578,1.272481]",
10045,"[4.408037,1.350204,1.283757]",
10046,"[4.405499,1.363375,1.294172]",
10047,"[4.406268,1.363375,1.294012]",
10048,"[4.427033,1.363375,1.292849]",
10049,"[4.437191,1.363375,1.291683]",
10050,"[4.446944,1.363375,1.289931]",
10051,"[4.458414,1.363375,1.288806]",
10052,"[4.470733,1.363375,1.288247]",
10053,"[4.496368,1.363375,1.290019]",
10054,"[4.740628,1.211968,1.213218]",
10055,"[4.740628,1.314976,1.303824]",
10056,"[4.763264,1.3182,1.313034]",
10057,"[4.804219,1.3182,1.330665]",
10058,"[4.820189,1.3182,1.340957]",
10059,"[4.754012,1.3182,1.3664]",
10060,"[4.751734,1.3182,1.376353]",
10061,"[4.740628,1.315379,1.380241]",
10062,"[4.740628,1.303626,1.38017]",
10063,"[4.740628,1.300574,1.379896]",
10064,"[4.740628,1.290676,1.372077]",
10065,"[4.740628,1.28937,1.37148]",
10066,"[4.740628,1.283767,1.365687]",
10067,"[4.740628,1.280786,1.361798]",
10068,"[4.740628,1.279133,1.359651]",
10069,"[4.740628,1.230533,1.289165]",
10070,"[4.740628,1.221313,1.277013]",
10071,"[4.740628,1.192084,1.242566]",
10072,"[4.740628,1.181467,1.229992]",
10073,"[4.740628,1.168251,1.213243]",
10074,"[4.740628,1.16291,1.203519]",
10075,"[4.740628,1.158616,1.19545]",
10076,"[4.740628,1.15209,1.182031]",
10077,"[4.740628,1.149111,1.175836]",
10078,"[4.740628,1.14501,1.167285]",
10079,"[4.740628,1.144025,1.164996]",
10080,"[4.740628,1.141384,1.161606]",
10081,"[5.293591,0.1000001,0.3868398]",
10082,"[4.740628,1.141163,1.161486]",
10083,"[4.740628,1.140992,1.161488]",
10084,"[4.740628,1.148964,1.16717]",
10085,"[4.740628,1.168803,1.181068]",
10086,"[4.740628,1.184522,1.191868]",
10087,"[4.740628,1.249959,1.246038]",
10088,"[4.740628,1.272915,1.265688]",
10089,"[4.846224,1.3182,1.322783]",
10090,"[4.857778,1.3182,1.326169]",
10091,"[4.900445,1.3182,1.340919]",
10092,"[4.938096,1.3182,1.357469]",
10093,"[4.951866,1.3182,1.365319]",
10094,"[4.971037,1.3182,1.380044]",
10095,"[4.978805,1.3182,1.388206]",
10096,"[4.989204,1.3182,1.399271]",
10097,"[4.997882,1.3182,1.406946]",
10098,"[5.018216,1.3182,1.425363]",
10099,"[5.05545,1.3182,1.485297]",
10100,"[5.066201,1.3182,1.500977]",
10101,"[5.753657,0.9005975,1.463176]",
10102,"[5.770523,0.9005975,1.483628]",
10103,"[5.780739,0.9005975,1.495268]",
10104,"[5.784873,0.9005975,1.497503]",
10105,"[5.786603,0.9005975,1.495306]",
10106,"[5.788843,0.9005975,1.49705]",
10107,"[5.791183,0.9005975,1.500349]",
10108,"[5.791379,0.9005975,1.49461]",
10109,"[5.793455,0.9005975,1.48663]",
10110,"[5.795761,0.9005975,1.481053]",
10111,"[5.790277,0.9005975,1.472966]",
10112,"[5.764447,0.9005975,1.454504]",
10113,"[5.748131,0.9005975,1.455351]",
10114,"[5.734003,0.9005975,1.45982]",
10115,"[5.717344,0.9005975,1.474575]",
10116,"[5.624534,0.8575543,1.730409]",
10117,"[5.624534,0.7674301,1.837883]",
10118,"[5.624534,0.7358333,1.873583]",
10119,"[5.621785,0.6622184,1.930009]",
10120,"[5.592401,0.6622184,1.948456]",
10121,"[5.5798,0.6175256,1.974988]",
10122,"[5.579634,0.5976016,1.979759]",
10123,"[5.579415,0.5809196,1.986006]",
10124,"[5.579395,0.5761258,1.986581]",
10125,"[5.579428,0.5746221,1.985651]",
10126,"[5.579425,0.5724286,1.98574]",
10127,"[5.57951,0.5730237,1.983297]",
10128,"[5.579829,0.5754204,1.97415]",
10129,"[5.579996,0.5766448,1.969382]",
10130,"[5.580273,0.5795481,1.961436]",
10131,"[5.580531,0.5833696,1.954052]",
10132,"[5.580673,0.5880556,1.94998]",
10133,"[5.580986,0.5971165,1.941041]",
10134,"[5.581126,0.6008339,1.937011]",
10135,"[5.581429,0.609327,1.928339]",
10136,"[5.581587,0.6138963,1.923808]",
10137,"[5.582057,0.622529,1.913489]",
10138,"[5.586986,0.622529,1.909004]",
10139,"[5.590683,0.622529,1.905656]",
10140,"[5.586318,0.6311184,1.900556]",
10141,"[5.586489,0.6308265,1.897895]",
10142,"[5.592334,0.622529,1.889801]",
10143,"[5.591583,0.622529,1.886215]",
10144,"[5.591095,0.622529,1.879838]",
10145,"[5.590687,0.622529,1.876822]",
10146,"[5.589234,0.622529,1.874228]",
10147,"[5.586455,0.622529,1.871063]",
10148,"[5.584805,0.622529,1.869888]",
10149,"[5.583578,0.6174599,1.86682]",
10150,"[5.583606,0.6143343,1.865996]",
10151,"[5.58365,0.6064615,1.864741]",
10152,"[5.58365,0.6056541,1.864754]",
10153,"[5.583645,0.6042649,1.864879]",
10154,"[5.583628,0.6010727,1.865373]",
10155,"[5.583619,0.6002309,1.865645]",
10156,"[5.583593,0.5966149,1.866371]",
10157,"[5.58358,0.5979964,1.866761]",
10158,"[5.583544,0.5996841,1.867775]",
10159,"[5.583523,0.6001979,1.868377]",
10160,"[5.58347,0.6029912,1.8699]",
10161,"[5.58344,0.6050538,1.87075]",
10162,"[5.58341,0.6073664,1.871615]",
10163,"[5.583365,0.610351,1.872903]",
10164,"[5.583345,0.6129956,1.873461]",
10165,"[5.583309,0.6184386,1.8745]",
10166,"[5.583289,0.6218557,1.875093]",
10167,"[5.589422,0.622529,1.87567]",
10168,"[5.593163,0.622529,1.875893]",
10169,"[5.586629,0.6331116,1.876401]",
10170,"[5.586584,0.6392291,1.875775]",
10171,"[5.586605,0.6421365,1.875185]",
10172,"[5.586621,0.6458484,1.874713]",
10173,"[5.586623,0.6480083,1.874669]",
10174,"[5.586595,0.6512862,1.875477]",
10175,"[5.586545,0.6520283,1.876889]",
10176,"[5.58638,0.6540506,1.881615]",
10177,"[5.5863,0.6546156,1.883913]",
10178,"[5.586181,0.6553349,1.887324]",
10179,"[5.58561,0.6571185,1.90366]",
10180,"[5.582729,0.6580679,1.989058]",
10181,"[5.581471,0.659161,2.03346]",
10182,"[5.57314,0.6460964,2.260765]",
10183,"[5.57194,0.6442394,2.29513]",
10184,"[5.571347,0.6443638,2.312115]",
10185,"[5.570789,0.6446849,2.328081]",
10186,"[5.570396,0.6487878,2.339346]",
10187,"[5.570308,0.6512896,2.34187]",
10188,"[5.570143,0.6563823,2.346586]",
10189,"[5.5704,0.6589382,2.348791]",
10190,"[5.571213,0.6612109,2.354669]",
10191,"[5.571453,0.6614422,2.358106]",
10192,"[5.566104,0.668066,2.354667]",
10193,"[5.564836,0.6716447,2.355627]",
10194,"[5.565352,0.6725546,2.354811]",
10195,"[5.568748,0.6732711,2.350395]",
10196,"[5.571141,0.6732174,2.347384]",
10197,"[5.575434,0.6719092,2.342198]",
10198,"[5.577674,0.6705751,2.33961]",
10199,"[5.588396,0.6622185,2.330658]",
10200,"[5.589478,0.6622186,2.323646]",
10201,"[5.590059,0.6622185,2.318866]",
10202,"[5.591122,0.6622186,2.311505]",
10203,"[5.591919,0.6622186,2.308051]",
10204,"[5.593926,0.6622186,2.301436]",
10205,"[5.595856,0.6622186,2.294857]",
10206,"[5.599118,0.6622186,2.286175]",
10207,"[5.601193,0.6622185,2.281158]",
10208,"[5.602995,0.6622185,2.277207]",
10209,"[5.60297,0.6622185,2.271889]",
10210,"[5.602925,0.6622186,2.269973]",
10211,"[5.60217,0.6622186,2.266922]",
10212,"[5.600917,0.6622185,2.265093]",
10213,"[5.598931,0.6622186,2.262832]",
10214,"[5.597998,0.6622185,2.262144]",
10215,"[5.59641,0.6622185,2.261597]",
10216,"[5.595531,0.6622186,2.261587]",
10217,"[5.593556,0.6622186,2.266664]",
10218,"[5.592598,0.6622186,2.266724]",
10219,"[5.592846,0.6622186,2.265784]",
10220,"[5.594621,0.6622185,2.263073]",
10221,"[5.59566,0.6622186,2.261832]",
10222,"[5.596332,0.6622185,2.259567]",
10223,"[5.595949,0.6622186,2.259226]",
10224,"[5.594994,0.6622185,2.259224]",
10225,"[5.589188,0.6622186,2.265829]",
10226,"[5.585146,0.6622186,2.272575]",
10227,"[5.576832,0.6622186,2.287865]",
10228,"[5.573125,0.6611445,2.29696]",
10229,"[5.569709,0.6522911,2.359003]",
10230,"[5.563412,0.6617296,2.601211]",
10231,"[5.560679,0.6601683,2.636553]",
10232,"[5.559455,0.6576514,2.652646]",
10233,"[5.558898,0.6536543,2.668609]",
10234,"[5.558348,0.6485564,2.684361]",
10235,"[5.557949,0.6446168,2.69578]",
10236,"[5.557671,0.6404924,2.703737]",
10237,"[5.557536,0.640022,2.70761]",
10238,"[5.557262,0.6428787,2.71544]",
10239,"[5.557112,0.6469914,2.719746]",
10240,"[5.556866,0.6507741,2.726787]",
10241,"[5.556764,0.6579353,2.731605]",
10242,"[5.557549,0.6609313,2.733485]",
10243,"[5.563057,0.6622185,2.742954]",
10244,"[5.563762,0.6622184,2.743359]",
10245,"[5.564447,0.6622185,2.743421]",
10246,"[5.564556,0.6622184,2.743019]",
10247,"[5.565586,0.6622185,2.739561]",
10248,"[5.566991,0.6622185,2.736978]",
10249,"[5.568006,0.6622185,2.734888]",
10250,"[5.569156,0.6622184,2.732017]",
10251,"[5.569377,0.6622185,2.730615]",
10252,"[5.571703,0.6622185,2.723127]",
10253,"[5.573172,0.6622185,2.718307]",
10254,"[5.574538,0.6622185,2.710268]",
10255,"[5.575542,0.6622185,2.706808]",
10256,"[5.576647,0.6622185,2.704378]",
10257,"[5.578893,0.6622185,2.701056]",
10258,"[5.579993,0.6622185,2.700044]",
10259,"[5.581812,0.6622185,2.698856]",
10260,"[5.582283,0.6622185,2.698659]",
10261,"[5.580503,0.6622185,2.697307]",
10262,"[5.57873,0.6622185,2.696269]",
10263,"[5.573868,0.6622184,2.694503]",
10264,"[5.570436,0.6622185,2.693735]",
10265,"[5.566867,0.6622185,2.693216]",
10266,"[5.560627,0.6619917,2.692644]",
10267,"[5.559137,0.6610548,2.693531]",
10268,"[5.557911,0.6575575,2.696854]",
10269,"[5.557852,0.6559854,2.698543]",
10270,"[5.557722,0.6528972,2.702282]",
10271,"[5.557643,0.6512439,2.704536]",
10272,"[5.557603,0.6501173,2.705676]",
10273,"[5.5575,0.6469058,2.708644]",
10274,"[5.557465,0.6448762,2.709641]",
10275,"[5.55742,0.6409086,2.710938]",
10276,"[5.557412,0.6391836,2.711165]",
10277,"[5.557409,0.6374258,2.711242]",
10278,"[5.55741,0.6375299,2.711208]",
10279,"[5.55743,0.6400348,2.710639]",
10280,"[5.557442,0.6471418,2.710312]",
10281,"[5.557437,0.6512902,2.710426]",
10282,"[5.557435,0.6562197,2.710502]",
10283,"[5.55744,0.6575584,2.710353]",
10284,"[5.557477,0.6574349,2.70928]",
10285,"[5.55752,0.6558536,2.708063]",
10286,"[5.557724,0.6486356,2.702211]",
10287,"[5.557829,0.6443971,2.699214]",
10288,"[5.557904,0.6416015,2.697063]",
10289,"[5.557892,0.6374,2.697408]",
10290,"[5.557894,0.6363524,2.697345]",
10291,"[5.557871,0.6359426,2.698017]",
10292,"[5.557811,0.6358115,2.699734]",
10293,"[5.557722,0.6350132,2.70229]",
10294,"[5.557667,0.6339241,2.703863]",
10295,"[5.557967,0.6320107,2.705606]",
10296,"[5.95,0.2392803,2.82507]",
10297,"[5.95,0.1647467,2.850929]",
10298,"[5.947403,0.1,2.872932]",
10299,"[5.894031,0.1,2.872395]",
10300,"[5.842243,0.1,2.871352]",
10301,"[5.824276,0.1,2.870441]",
10302,"[5.801905,0.1,2.869836]",
10303,"[5.793532,0.1,2.869951]",
10304,"[5.786271,0.1,2.869802]",
10305,"[5.776345,0.1,2.87024]",
10306,"[5.77177,0.1,2.870531]",
10307,"[5.762495,0.1,2.870015]",
10308,"[5.757175,0.1,2.869135]",
10309,"[5.735339,0.1,2.865692]",
10310,"[5.727098,0.1,2.864272]",
10311,"[5.718289,0.1,2.863676]",
10312,"[5.703655,0.1,2.861821]",
10313,"[5.696722,0.1,2.860559]",
10314,"[5.679999,0.1,2.861977]",
10315,"[5.476473,0.4127995,2.770574]",
10316,"[5.461699,0.4182795,2.770983]",
10317,"[5.455146,0.4207077,2.771341]",
10318,"[5.446358,0.423977,2.770847]",
10319,"[5.44253,0.4254061,2.770242]",
10320,"[5.439422,0.4265759,2.769018]",
10321,"[5.426468,0.4366281,2.761277]",
10322,"[5.423194,0.4378812,2.758366]",
10323,"[5.420104,0.4391071,2.752321]",
10324,"[5.419716,0.4392794,2.750132]",
10325,"[5.421269,0.4387411,2.747178]",
10326,"[5.423071,0.4380797,2.746596]",
10327,"[5.426216,0.4369228,2.745764]",
10328,"[5.434514,0.4338563,2.74466]",
10329,"[5.437361,0.4327901,2.745362]",
10330,"[5.445229,0.4298559,2.74636]",
10331,"[5.449933,0.4281083,2.746472]",
10332,"[5.464803,0.4226164,2.744215]",
10333,"[5.47412,0.4191921,2.741535]",
10334,"[5.743129,0.1,2.723098]",
10335,"[5.75855,0.1,2.703676]",
10336,"[5.55235,0.622529,2.472427]",
10337,"[5.55542,0.6767123,2.412719]",
10338,"[5.550512,0.7017726,2.391048]",
10339,"[5.552606,0.7192714,2.366518]",
10340,"[5.557561,0.7209409,2.355957]",
10341,"[5.563572,0.7176228,2.348964]",
10342,"[5.565663,0.7157015,2.346669]",
10343,"[5.568501,0.7125971,2.343645]",
10344,"[5.572412,0.7043603,2.340186]",
10345,"[5.573723,0.6992846,2.339442]",
10346,"[5.576293,0.6869384,2.338415]",
10347,"[5.577191,0.6811767,2.338316]",
10348,"[5.581549,0.6678011,2.335216]",
10349,"[5.582813,0.6622186,2.336635]",
10350,"[5.579018,0.6622185,2.337893]",
10351,"[5.57276,0.6618853,2.340451]",
10352,"[5.57104,0.6602846,2.340749]",
10353,"[5.570296,0.6555702,2.34221]",
10354,"[5.570279,0.6540214,2.342694]",
10355,"[5.570203,0.6507946,2.344862]",
10356,"[5.570158,0.6491103,2.346144]",
10357,"[5.570096,0.6461054,2.347933]",
10358,"[5.570068,0.6446267,2.348741]",
10359,"[5.570017,0.6438642,2.350193]",
10360,"[5.569963,0.6429296,2.35173]",
10361,"[5.569948,0.6430043,2.352184]",
10362,"[5.569935,0.6428881,2.352528]",
10363,"[5.569932,0.642714,2.352611]",
10364,"[5.570273,0.6429205,2.342858]",
10365,"[5.570395,0.6426629,2.339356]",
10366,"[5.570489,0.642291,2.336675]",
10367,"[5.5706,0.6413683,2.333496]",
10368,"[5.570638,0.6407079,2.332412]",
10369,"[5.570696,0.6391194,2.330749]",
10370,"[5.570722,0.638012,2.329997]",
10371,"[5.570705,0.6364067,2.330498]",
10372,"[5.570698,0.6355227,2.330698]",
10373,"[5.570706,0.6338047,2.330458]",
10374,"[5.57085,0.6329355,2.329596]",
10375,"[5.571205,0.631723,2.328731]",
10376,"[5.713699,0.4542568,2.314714]",
10377,"[5.714037,0.4535162,2.313816]",
10378,"[5.715116,0.451829,2.311782]",
10379,"[5.715541,0.4508323,2.310574]",
10380,"[5.717747,0.4482806,2.307518]",
10381,"[5.719531,0.446712,2.305654]",
10382,"[5.723249,0.4435397,2.301889]",
10383,"[5.725458,0.4416361,2.299629]",
10384,"[5.72812,0.440042,2.297765]",
10385,"[5.733908,0.4366166,2.293762]",
10386,"[5.735981,0.4360026,2.29308]",
10387,"[5.742636,0.4358243,2.293094]",
10388,"[5.746668,0.4365837,2.294167]",
10389,"[5.750743,0.4425693,2.301658]",
10390,"[5.750628,0.4444248,2.303932]",
10391,"[5.75004,0.4457917,2.30559]",
10392,"[5.747439,0.4476829,2.307821]",
10393,"[5.745444,0.4483476,2.308567]",
10394,"[5.549859,0.622529,2.314717]",
10395,"[5.541722,0.622529,2.313725]",
10396,"[5.528399,0.622529,2.311625]",
10397,"[5.527009,0.6181424,2.31031]",
10398,"[5.527635,0.6125319,2.308997]",
10399,"[5.528857,0.6072159,2.307456]",
10400,"[5.528944,0.6073946,2.307156]",
10401,"[5.528184,0.6097865,2.306454]",
10402,"[5.526223,0.612056,2.306085]",
10403,"[5.520901,0.6195892,2.305939]",
10404,"[5.518363,0.622529,2.305971]",
10405,"[5.518878,0.622529,2.306062]",
10406,"[5.519074,0.622529,2.306178]",
10407,"[5.713941,0.4430652,2.300982]",
10408,"[5.714366,0.443411,2.301421]",
10409,"[5.714598,0.4436837,2.301764]",
10410,"[5.950001,0.228849,2.297032]",
10411,"[5.950001,0.2304606,2.297392]",
10412,"[5.950001,0.2345541,2.298097]",
10413,"[5.950001,0.2376289,2.298571]",
10414,"[5.950001,0.239721,2.299714]",
10415,"[5.950001,0.244276,2.302483]",
10416,"[5.950001,0.2451072,2.303799]",
10417,"[5.950001,0.2441805,2.307827]",
10418,"[5.950001,0.2426831,2.309855]",
10419,"[5.950001,0.2329736,2.313953]",
10420,"[5.950001,0.2242559,2.315921]",
10421,"[5.950001,0.1921524,2.31877]",
10422,"[5.950001,0.1663949,2.319491]",
10423,"[5.950001,0.130205,2.318423]",
10424,"[5.89497,0.1,2.314238]",
10425,"[5.439597,0.4532673,2.303927]",
10426,"[5.389393,0.4520105,2.300631]",
10427,"[5.38133,0.4519743,2.300305]",
10428,"[5.32687,0.4519443,2.298366]",
10429,"[5.317899,0.4526569,2.298928]",
10430,"[5.314178,0.453445,2.299765]",
10431,"[5.310537,0.4541922,2.300556]",
10432,"[5.309955,0.4542438,2.300599]",
10433,"[5.309558,0.453998,2.300283]",
10434,"[5.309368,0.4535358,2.299709]",
10435,"[5.313088,0.4504642,2.296067]",
10436,"[5.315162,0.4487285,2.294009]",
10437,"[5.317776,0.4466282,2.291522]",
10438,"[5.317694,0.4464704,2.291325]",
10439,"[5.317662,0.4463305,2.291152]",
10440,"[5.312416,0.4622898,2.310563]",
10441,"[5.308754,0.472034,2.322399]",
10442,"[5.300017,0.4920706,2.346693]",
10443,"[5.303771,0.4843925,2.355718]",
10444,"[5.315782,0.4694466,2.368325]",
10445,"[5.318191,0.46405,2.37281]",
10446,"[5.320477,0.4588142,2.37716]",
10447,"[5.491108,0.1,2.425381]",
10448,"[5.490916,0.1,2.429388]",
10449,"[5.490023,0.1,2.434603]",
10450,"[5.488833,0.1,2.438144]",
10451,"[5.484162,0.1,2.441832]",
10452,"[5.479495,0.1000001,2.443656]",
10453,"[5.469102,0.1,2.448265]",
10454,"[5.462775,0.0999999,2.451774]",
10455,"[5.456314,0.0999999,2.456053]",
10456,"[5.445465,0.1,2.463887]",
10457,"[5.443708,0.0999999,2.46484]",
10458,"[5.441796,0.1,2.466051]",
10459,"[5.441598,0.1,2.466131]",
10460,"[5.440842,0.1,2.468011]",
10461,"[5.441156,0.1,2.467713]",
10462,"[5.441283,0.1,2.468071]",
10463,"[5.441055,0.0999999,2.464422]",
10464,"[5.441295,0.1,2.459317]",
10465,"[5.440723,0.1,2.451078]",
10466,"[5.439915,0.1,2.447436]",
10467,"[5.437521,0.1,2.439713]",
10468,"[5.43567,0.0999999,2.437628]",
10469,"[5.434937,0.1,2.432551]",
10470,"[5.432989,0.1,2.427075]",
10471,"[5.431549,0.1,2.426011]",
10472,"[5.431428,0.1,2.42602]",
10473,"[5.431649,0.1,2.427151]",
10474,"[5.432043,0.1000001,2.42756]",
10475,"[5.432292,0.1,2.426361]",
10476,"[5.430703,0.1,2.429261]",
10477,"[5.433413,0.1,2.430527]",
10478,"[5.435515,0.1,2.433422]",
10479,"[5.444924,0.1,2.436952]",
10480,"[5.449852,0.1,2.43479]",
10481,"[5.453295,0.1,2.432588]",
10482,"[5.453062,0.1,2.4316]",
10483,"[5.452594,0.1,2.42631]",
10484,"[5.450295,0.1,2.421008]",
10485,"[5.444768,0.1,2.407231]",
10486,"[5.442191,0.1,2.399972]",
10487,"[5.44225,0.1,2.393322]",
10488,"[5.442275,0.1,2.38086]",
10489,"[5.446191,0.1,2.372861]",
10490,"[5.454422,0.1,2.356447]",
10491,"[5.460761,0.1,2.350197]",
10492,"[5.340117,0.4554982,2.38055]",
10493,"[5.342817,0.4583339,2.378332]",
10494,"[5.345721,0.4585949,2.378221]",
10495,"[5.351762,0.4578883,2.379008]",
10496,"[5.355135,0.4570301,2.379826]",
10497,"[5.499386,0.1,2.344835]",
10498,"[5.501681,0.1,2.346626]",
10499,"[5.50641,0.1,2.352328]",
10500,"[5.508725,0.1,2.35564]",
10501,"[5.51214,0.1000001,2.360929]",
10502,"[5.510473,0.1,2.366076]",
10503,"[5.50851,0.1,2.369439]",
10504,"[5.50033,0.1,2.373096]",
10505,"[5.494673,0.1,2.374682]",
10506,"[5.487449,0.1,2.375831]",
10507,"[5.485555,0.1,2.376468]",
10508,"[5.484235,0.1,2.377294]",
10509,"[5.484021,0.1,2.377424]",
10510,"[5.484122,0.1,2.376976]",
10511,"[5.484982,0.1000001,2.375688]",
10512,"[5.484908,0.1,2.376448]",
10513,"[5.485206,0.1,2.376142]",
10514,"[5.485366,0.1000001,2.375039]",
10515,"[5.485783,0.1,2.37189]",
10516,"[5.485917,0.1,2.369984]",
10517,"[5.484791,0.1,2.369182]",
10518,"[5.483221,0.1,2.367221]",
10519,"[5.481888,0.1,2.367167]",
10520,"[5.479288,0.1,2.367983]",
10521,"[5.477454,0.1,2.369123]",
10522,"[5.473807,0.1,2.372557]",
10523,"[5.472255,0.1,2.374351]",
10524,"[5.470291,0.1,2.378222]",
10525,"[5.468908,0.0999999,2.382675]",
10526,"[5.467672,0.1,2.386198]",
10527,"[5.465279,0.1,2.391245]",
10528,"[5.463907,0.1,2.393087]",
10529,"[5.459873,0.1,2.395131]",
10530,"[5.458251,0.1,2.395754]",
10531,"[5.456196,0.1,2.397195]",
10532,"[5.455571,0.1,2.397911]",
10533,"[5.45498,0.1,2.398712]",
10534,"[5.452877,0.1,2.400017]",
10535,"[5.452009,0.1,2.400511]",
10536,"[5.450783,0.0999999,2.400228]",
10537,"[5.450183,0.1,2.399987]",
10538,"[5.449048,0.1,2.398995]",
10539,"[5.448611,0.1,2.398343]",
10540,"[5.447975,0.1,2.397219]",
10541,"[5.447802,0.0999999,2.396815]",
10542,"[5.447401,0.1,2.396443]",
10543,"[5.446736,0.1,2.395773]",
10544,"[5.446366,0.1,2.395646]",
10545,"[5.445736,0.1,2.395481]",
10546,"[5.445393,0.1,2.395478]",
10547,"[5.44474,0.1,2.395573]",
10548,"[5.44436,0.1,2.395669]",
10549,"[5.444316,0.1,2.395847]",
10550,"[5.444081,0.1,2.396529]",
10551,"[5.443911,0.1,2.396987]",
10552,"[5.44368,0.1,2.397743]",
10553,"[5.443664,0.1,2.397965]",
10554,"[5.443819,0.1,2.398442]",
10555,"[5.443862,0.0999999,2.398568]",
10556,"[5.443876,0.1,2.39868]",
10557,"[5.444132,0.1,2.398668]",
10558,"[5.444368,0.1,2.398623]",
10559,"[5.445209,0.1,2.3984]",
10560,"[5.445749,0.1,2.39825]",
10561,"[5.446442,0.1,2.398069]",
10562,"[5.446912,0.1,2.398041]",
10563,"[5.448029,0.1,2.398399]",
10564,"[5.44886,0.1,2.398714]",
10565,"[5.449815,0.1,2.398985]",
10566,"[5.451563,0.1,2.398124]",
10567,"[5.452146,0.1,2.397377]",
10568,"[5.453322,0.1,2.395205]",
10569,"[5.454326,0.1,2.393477]",
10570,"[5.45696,0.1,2.390481]",
10571,"[5.458406,0.1,2.389293]",
10572,"[5.46128,0.1000001,2.387666]",
10573,"[5.46257,0.1,2.386789]",
10574,"[5.46437,0.1,2.385534]",
10575,"[5.468662,0.1,2.382728]",
10576,"[5.470986,0.1,2.3812]",
10577,"[5.47451,0.1,2.378467]",
10578,"[5.475424,0.1,2.377572]",
10579,"[5.475704,0.1,2.376758]",
10580,"[5.475361,0.1,2.376768]",
10581,"[5.475146,0.1,2.376872]",
10582,"[5.474967,0.1,2.377779]",
10583,"[5.475016,0.1,2.378641]",
10584,"[5.475142,0.1,2.380706]",
10585,"[5.475087,0.1,2.382119]",
10586,"[5.476475,0.1,2.384362]",
10587,"[5.475951,0.1,2.384954]",
10588,"[5.475377,0.1000001,2.385588]",
10589,"[5.475868,0.1,2.387465]",
10590,"[5.476187,0.1,2.388545]",
10591,"[5.34971,0.4569519,2.402997]",
10592,"[5.336892,0.4935058,2.404478]",
10593,"[5.337038,0.4937508,2.404656]",
10594,"[5.288658,0.6292887,2.410134]",
10595,"[5.286875,0.6327621,2.411006]",
10596,"[5.286339,0.6326563,2.411341]",
10597,"[5.286045,0.631723,2.411436]",
10598,"[5.476046,0.1,2.390907]",
10599,"[5.475788,0.1,2.390673]",
10600,"[5.475977,0.1,2.390242]",
10601,"[5.476454,0.1,2.389963]",
10602,"[5.284844,0.6321589,2.410951]",
10603,"[5.285362,0.632159,2.410815]",
10604,"[5.28575,0.6323735,2.410681]",
10605,"[5.286365,0.6331419,2.410389]",
10606,"[5.286651,0.6335558,2.410186]",
10607,"[5.287075,0.6343019,2.40969]",
10608,"[5.287065,0.6345561,2.409107]",
10609,"[5.286203,0.6357198,2.40826]",
10610,"[5.285794,0.6362474,2.407665]",
10611,"[5.284544,0.6384763,2.406693]",
10612,"[5.283783,0.6401237,2.405969]",
10613,"[5.281914,0.645323,2.404399]",
10614,"[5.280416,0.6500226,2.403358]",
10615,"[5.279019,0.6549308,2.402112]",
10616,"[5.488228,0.1,2.373087]",
10617,"[5.48974,0.1,2.370947]",
10618,"[5.493086,0.1,2.363433]",
10619,"[5.498497,0.1,2.349449]",
10620,"[5.506646,0.1,2.325924]",
10621,"[5.509916,0.1,2.314548]",
10622,"[5.511368,0.1,2.308028]",
10623,"[5.513842,0.1,2.293291]",
10624,"[5.513144,0.1,2.291063]",
10625,"[5.511078,0.1,2.289751]",
10626,"[5.509755,0.1,2.290763]",
10627,"[5.507353,0.1000001,2.294126]",
10628,"[5.506357,0.1,2.296267]",
10629,"[5.504791,0.1,2.299042]",
10630,"[5.50287,0.1,2.304677]",
10631,"[5.502122,0.1,2.307628]",
10632,"[5.499918,0.1,2.314152]",
10633,"[5.498416,0.1,2.317904]",
10634,"[5.359024,0.4860665,2.341382]",
10635,"[5.357382,0.4879878,2.343684]",
10636,"[5.353912,0.4910404,2.347311]",
10637,"[5.351834,0.4930376,2.34969]",
10638,"[5.35113,0.4916341,2.351466]",
10639,"[5.349945,0.4875157,2.354783]",
10640,"[5.349519,0.4861643,2.35587]",
10641,"[5.349172,0.4827192,2.358668]",
10642,"[5.34897,0.4798081,2.361035]",
10643,"[5.348867,0.4772903,2.363085]",
10644,"[5.348932,0.4738086,2.365926]",
10645,"[5.34926,0.4718488,2.367536]",
10646,"[5.351135,0.4685874,2.370261]",
10647,"[5.352678,0.4677078,2.371032]",
10648,"[5.355477,0.4657887,2.372695]",
10649,"[5.356558,0.4653578,2.373084]",
10650,"[5.358379,0.4643376,2.37398]",
10651,"[5.359374,0.4635164,2.374684]",
10652,"[5.36038,0.4614145,2.376433]",
10653,"[5.360353,0.4600252,2.377565]",
10654,"[5.359832,0.4587495,2.378587]",
10655,"[5.472429,0.1,2.396267]",
10656,"[5.471354,0.1,2.398897]",
10657,"[5.470346,0.1,2.409153]",
10658,"[5.470176,0.1,2.414685]",
10659,"[5.470302,0.1,2.422869]",
10660,"[5.470676,0.1,2.426171]",
10661,"[5.470663,0.1,2.426911]",
10662,"[5.470842,0.1,2.426981]",
10663,"[5.471742,0.1,2.42682]",
10664,"[5.481438,0.1,2.419211]",
10665,"[5.489466,0.1,2.412383]",
10666,"[5.675951,0.1,2.224339]",
10667,"[5.578106,0.4606066,2.105574]",
10668,"[5.576246,0.4977711,2.076557]",
10669,"[5.583207,0.6582307,1.976624]",
10670,"[5.591688,0.6622185,1.960714]",
10671,"[5.616311,0.6622184,1.901758]",
10672,"[5.623749,0.6622185,1.881274]",
10673,"[5.624534,0.6743621,1.857918]",
10674,"[5.624534,0.6754776,1.852527]",
10675,"[5.624534,0.6715679,1.844015]",
10676,"[5.624534,0.6676605,1.840628]",
10677,"[5.624534,0.666481,1.832694]",
10678,"[5.622265,0.6622184,1.825503]",
10679,"[5.616277,0.6622184,1.832377]",
10680,"[5.606847,0.6622184,1.84013]",
10681,"[5.603083,0.6622184,1.841834]",
10682,"[5.598326,0.6622184,1.838884]",
10683,"[5.59619,0.6622184,1.839045]",
10684,"[5.592584,0.6622184,1.844149]",
10685,"[5.590958,0.6622185,1.838406]",
10686,"[5.588847,0.6610249,1.841419]",
10687,"[5.587622,0.6557106,1.846063]",
10688,"[5.587565,0.6530197,1.847682]",
10689,"[5.587353,0.6469331,1.853759]",
10690,"[5.587361,0.6443952,1.853528]",
10691,"[5.587301,0.6408272,1.855255]",
10692,"[5.587121,0.6406773,1.860402]",
10693,"[5.587026,0.6410657,1.863117]",
10694,"[5.586909,0.6438376,1.866467]",
10695,"[5.586868,0.6457583,1.867634]",
10696,"[5.586555,0.6498968,1.876587]",
10697,"[5.586392,0.6507121,1.881263]",
10698,"[5.586257,0.6519217,1.885151]",
10699,"[5.586151,0.6529422,1.888186]",
10700,"[5.586083,0.6538345,1.890121]",
10701,"[5.585888,0.6550342,1.895715]",
10702,"[5.58585,0.6553075,1.896802]",
10703,"[5.585716,0.6539206,1.900638]",
10704,"[5.58557,0.6497527,1.904818]",
10705,"[5.585327,0.6444904,1.911762]",
10706,"[5.585225,0.6432511,1.914692]",
10707,"[5.58511,0.6431331,1.917983]",
10708,"[5.585076,0.6443302,1.918959]",
10709,"[5.585034,0.645165,1.920171]",
10710,"[5.585004,0.6440478,1.921019]",
10711,"[5.585144,0.6361942,1.917014]",
10712,"[5.95,0.1523825,1.803783]",
10713,"[5.95,0.1396898,1.803289]",
10714,"[5.95,0.1167375,1.807958]",
10715,"[5.95,0.1067696,1.810992]",
10716,"[5.932302,0.1,1.82845]",
10717,"[5.920873,0.1,1.837488]",
10718,"[5.911412,0.1,1.845577]",
10719,"[5.897912,0.1,1.859199]",
10720,"[5.891022,0.1,1.866252]",
10721,"[5.790998,0.1,1.888766]",
10722,"[5.748403,0.1,1.896858]",
10723,"[5.720033,0.1,1.902583]",
10724,"[5.559952,0.0999999,1.911818]",
10725,"[5.398709,0.4080001,1.942597]",
10726,"[5.375979,0.4080001,1.941503]",
10727,"[5.368954,0.4080001,1.940545]",
10728,"[5.355055,0.4080001,1.936449]",
10729,"[5.348561,0.4080001,1.932527]",
10730,"[5.337747,0.4080001,1.926635]",
10731,"[5.333759,0.4080001,1.924631]",
10732,"[5.331029,0.4080001,1.923117]",
10733,"[5.327945,0.4080001,1.921033]",
10734,"[5.327293,0.4080001,1.92075]",
10735,"[5.326442,0.4080001,1.920528]",
10736,"[5.325992,0.4080001,1.920511]",
10737,"[5.324249,0.4080001,1.920546]",
10738,"[5.323001,0.4080001,1.920435]",
10739,"[5.322042,0.4080001,1.920478]",
10740,"[5.32091,0.4080001,1.920045]",
10741,"[5.320673,0.4080001,1.919601]",
10742,"[5.327445,0.4080001,1.914905]",
10743,"[5.330735,0.4080001,1.912682]",
10744,"[5.336289,0.4080001,1.908385]",
10745,"[5.338912,0.4080001,1.906081]",
10746,"[5.338103,0.4080001,1.905039]",
10747,"[5.337996,0.4080001,1.904965]",
10748,"[5.337904,0.4080001,1.904807]",
10749,"[5.337143,0.4080001,1.90464]",
10750,"[5.336458,0.4080001,1.904625]",
10751,"[5.3356,0.4080001,1.904312]",
10752,"[5.335416,0.4080001,1.90419]",
10753,"[5.337296,0.4080001,1.903582]",
10754,"[5.339504,0.4080001,1.903166]",
10755,"[5.341801,0.4080001,1.902778]",
10756,"[5.345973,0.4080001,1.901777]",
10757,"[5.348525,0.4080001,1.900769]",
10758,"[5.354268,0.4080001,1.89675]",
10759,"[5.361474,0.4080001,1.876767]",
10760,"[5.528943,0.2966194,1.476214]",
10761,"[5.527906,0.2997787,1.476214]",
10762,"[5.448345,0.6715212,1.476214]",
10763,"[5.451904,0.6726176,1.456263]",
10764,"[5.380819,0.8380887,1.563032]",
10765,"[5.366672,0.8749509,1.563032]",
10766,"[5.360169,0.8898483,1.563032]",
10767,"[5.355017,0.9005975,1.560852]",
10768,"[5.354258,0.9005975,1.552456]",
10769,"[5.351578,0.9005975,1.547535]",
10770,"[5.349718,0.9005975,1.541106]",
10771,"[5.349901,0.9005975,1.542638]",
10772,"[5.348101,0.9005975,1.540968]",
10773,"[5.345653,0.9005975,1.537342]",
10774,"[5.346627,0.9005975,1.54376]",
10775,"[5.346435,0.9005975,1.547054]",
10776,"[5.342927,0.9005975,1.542816]",
10777,"[5.339597,0.9005975,1.536913]",
10778,"[5.339148,0.9005975,1.536903]",
10779,"[5.338981,0.9005975,1.540357]",
10780,"[5.334861,0.9005975,1.536241]",
10781,"[5.330269,0.9005975,1.534666]",
10782,"[5.330327,0.9005975,1.537208]",
10783,"[5.325035,0.9005975,1.535421]",
10784,"[5.325827,0.9005975,1.537727]",
10785,"[5.321049,0.9005975,1.536014]",
10786,"[5.322197,0.9005975,1.538184]",
10787,"[5.322576,0.9005975,1.539092]",
10788,"[5.322097,0.9005975,1.544405]",
10789,"[5.321054,0.9005975,1.54549]",
10790,"[5.307745,0.9005975,1.539103]",
10791,"[5.301045,0.9005975,1.534674]",
10792,"[5.291712,0.8861763,1.514762]",
10793,"[5.291712,0.8730794,1.50098]",
10794,"[5.291712,0.8613225,1.489237]",
10795,"[5.291712,0.8448097,1.470785]",
10796,"[5.291712,0.847492,1.472802]",
10797,"[5.291712,0.8532401,1.479949]",
10798,"[5.291712,0.8571923,1.483184]",
10799,"[5.291712,0.8650628,1.489123]",
10800,"[5.291712,0.8712717,1.492457]",
10801,"[5.291712,0.8915028,1.500887]",
10802,"[5.291712,0.8980262,1.504162]",
10803,"[5.297869,0.9005975,1.503426]",
10804,"[5.317958,0.9005975,1.499993]",
10805,"[5.334588,0.9005975,1.498269]",
10806,"[5.361395,0.9005975,1.507208]",
10807,"[5.384223,0.9005975,1.513748]",
10808,"[5.668394,0.9005975,1.462095]",
10809,"[5.723057,0.9005975,1.460372]",
10810,"[5.780098,0.9005975,1.467983]",
10811,"[5.578072,1.177876,1.657755]",
10812,"[5.605606,1.186199,1.661578]",
10813,"[5.684029,1.174186,1.664316]",
10814,"[5.743627,1.153,1.668816]",
10815,"[5.749476,1.153,1.720525]",
10816,"[5.734763,1.153,1.760479]",
10817,"[5.708009,1.153,1.821797]",
10818,"[5.668364,1.153,1.96502]",
10819,"[5.950001,0.9736282,2.300949]",
10820,"[5.95,0.925851,2.833613]",
10821,"[5.95,0.9096057,2.908369]",
10822,"[5.630199,1.004582,3.204035]",
10823,"[5.496823,1.067844,3.175928]",
10824,"[5.270886,1.065531,3.199039]",
10825,"[5.446169,0.6968325,3.927926]",
10826,"[5.324502,0.7311596,3.913419]",
10827,"[5.020107,0.8058087,3.877121]",
10828,"[4.916124,0.8268238,3.864722]",
10829,"[4.74048,0.8236334,3.875957]",
10830,"[4.728909,0.8134152,3.877045]",
10831,"[4.649165,0.7878419,3.884541]",
10832,"[4.663862,0.775824,3.883159]",
10833,"[4.664956,0.7676706,3.883056]",
10834,"[4.739682,0.7312444,3.876032]",
10835,"[4.743358,0.7240426,3.875686]",
10836,"[4.814885,0.704954,3.868963]",
10837,"[4.888685,0.6885933,3.86145]",
10838,"[4.916741,0.6797678,3.864796]",
10839,"[4.915043,0.6812608,3.864594]",
10840,"[4.669061,0.6810753,3.88267]",
10841,"[4.59768,0.6776649,3.88938]",
10842,"[4.170014,0.6963748,3.92958]",
10843,"[4.081231,0.6985244,3.926217]",
10844,"[4.036615,0.6763406,3.957259]",
10845,"[3.765592,0.2236013,4.718975]",
10846,"[3.761323,0.2179331,4.716908]",
10847,"[3.78802,0.1954594,4.716853]",
10848,"[4.031769,0.6376562,3.957229]",
10849,"[4.09199,0.642316,3.930599]",
10850,"[4.19912,0.6353626,3.923557]",
10851,"[4.256495,0.6375108,3.921451]",
10852,"[4.368177,0.6550783,3.910953]",
10853,"[4.43771,0.6677371,3.904417]",
10854,"[4.622841,0.7162048,3.887015]",
10855,"[4.825624,0.7555168,3.853931]",
10856,"[5.010431,0.7529076,3.875968]",
10857,"[5.23111,0.9865724,3.387787]",
10858,"[5.246466,1.026037,3.314921]",
10859,"[5.722675,0.9550228,3.254703]",
10860,"[5.75464,0.9723945,3.224792]",
10861,"[5.531129,1.151901,2.977734]",
10862,"[5.53071,1.149766,2.98971]",
10863,"[5.7739,0.9860581,3.255105]",
10864,"[5.755276,0.9809054,3.278365]",
10865,"[5.745845,0.9774086,3.297994]",
10866,"[5.463181,1.07619,3.168839]",
10867,"[5.360917,1.096097,3.147288]",
10868,"[5.281162,1.101616,3.150274]",
10869,"[5.264749,1.049251,3.22816]",
10870,"[5.229035,0.9435839,3.397636]",
10871,"[5.453679,0.6062681,3.928822]",
10872,"[4.969295,0.7017427,3.871063]",
10873,"[4.851944,0.7225389,3.857069]",
10874,"[4.297379,0.7850355,3.917608]",
10875,"[3.715041,0.7130652,4.041768]",
10876,"[3.630236,0.7130653,4.03265]",
10877,"[3.230679,0.6476239,4.101955]",
10878,"[2.821044,0.4176885,4.469834]",
10879,"[2.682934,0.4687366,4.301927]",
10880,"[2.672423,0.4558078,4.296861]",
10881,"[2.643372,0.4377753,4.283707]",
10882,"[2.595408,0.3983675,4.272449]",
10883,"[2.59005,0.3851862,4.274549]",
10884,"[2.638287,0.3338139,4.316542]",
10885,"[2.641115,0.3260181,4.322267]",
10886,"[2.703691,0.2669109,4.414883]",
10887,"[2.75717,0.2449521,4.485107]",
10888,"[2.776885,0.241906,4.504926]",
10889,"[2.806767,0.2393037,4.536893]",
10890,"[2.803887,0.2416513,4.5424]",
10891,"[2.766459,0.2650515,4.51454]",
10892,"[2.281737,0.3143286,4.149019]",
10893,"[2.134642,0.3245063,3.989733]",
10894,"[2.05,0.3342586,3.842462]",
10895,"[2.049999,0.3693129,3.705543]",
10896,"[2.05,0.4126221,3.494578]",
10897,"[2.05,0.4138192,3.476342]",
10898,"[2.05,0.430277,3.389903]",
10899,"[2.05,0.4275214,3.388497]",
10900,"[2.05,0.4170113,3.354961]",
10901,"[2.05,0.4103521,3.319458]",
10902,"[2.05,0.4056003,3.275352]",
10903,"[2.64331,0.5806857,2.812231]",
10904,"[2.770908,0.5806857,2.700557]",
10905,"[3.005,0.6740839,2.608344]",
10906,"[3.005,0.6403814,2.603356]",
10907,"[3.005,0.6006516,2.602216]",
10908,"[3.005,0.5911419,2.605238]",
10909,"[3.004324,0.5806857,2.61553]",
10910,"[3.007957,0.5806857,2.615864]",
10911,"[3.008228,0.5806857,2.62696]",
10912,"[3.001961,0.5806857,2.654965]",
10913,"[2.99853,0.5806857,2.666118]",
10914,"[3.001431,0.5806857,2.69254]",
10915,"[3.005741,0.5806857,2.694902]",
10916,"[3.022671,0.5806857,2.699744]",
10917,"[3.035847,0.5806857,2.697829]",
10918,"[3.077379,0.5806857,2.685281]",
10919,"[3.232542,0.6002312,2.581439]",
10920,"[3.268225,0.6002312,2.555149]",
10921,"[3.2929,0.6002312,2.534935]",
10922,"[3.296091,0.6002312,2.532643]",
10923,"[3.299738,0.6002312,2.528078]",
10924,"[3.29627,0.6002312,2.52833]",
10925,"[3.286848,0.6002312,2.528297]",
10926,"[3.282207,0.6002312,2.527575]",
10927,"[3.278796,0.6002312,2.526227]",
10928,"[3.274708,0.6002312,2.522602]",
10929,"[3.273605,0.6002312,2.519951]",
10930,"[3.274691,0.6002312,2.509291]",
10931,"[3.277816,0.6002312,2.501311]",
10932,"[3.300326,0.5833478,2.37629]",
10933,"[3.300094,0.5731586,2.350606]",
10934,"[3.299969,0.566876,2.336793]",
10935,"[3.299798,0.5538568,2.317892]",
10936,"[3.299718,0.531552,2.309047]",
10937,"[3.194633,0.4089118,2.297703]",
10938,"[3.196716,0.4089233,2.294322]",
10939,"[3.198468,0.4088706,2.292258]",
10940,"[3.215695,0.4069465,2.289643]",
10941,"[3.215812,0.4070438,2.288239]",
10942,"[3.215168,0.4072188,2.287044]",
10943,"[3.214723,0.4074194,2.285215]",
10944,"[3.214532,0.4077841,2.280932]",
10945,"[3.21558,0.4079055,2.277778]",
10946,"[3.226276,0.4025426,2.267485]",
10947,"[3.223903,0.4020517,2.265394]",
10948,"[3.21208,0.3827194,2.255485]",
10949,"[3.205185,0.3674334,2.249827]",
10950,"[3.198742,0.3526546,2.244555]",
10951,"[3.195529,0.3423127,2.242017]",
10952,"[3.192029,0.3310204,2.239251]",
10953,"[3.189983,0.3236642,2.237658]",
10954,"[3.193689,0.3251808,2.240902]",
10955,"[3.201155,0.3295729,2.247395]",
10956,"[3.204544,0.3318264,2.250335]",
10957,"[3.213933,0.3363825,2.258531]",
10958,"[3.220152,0.3376308,2.264013]",
10959,"[3.227471,0.3412226,2.2704]",
10960,"[3.235128,0.3365193,2.277339]",
10961,"[3.237612,0.336823,2.279533]",
10962,"[3.237803,0.3305131,2.279895]",
10963,"[3.23744,0.3268618,2.279682]",
10964,"[3.236804,0.3212411,2.279288]",
10965,"[3.236709,0.3177491,2.279309]",
10966,"[3.237439,0.3188417,2.279924]",
10967,"[3.246607,0.3410673,2.287389]",
10968,"[3.252839,0.355233,2.292491]",
10969,"[3.268689,0.3887179,2.305547]",
10970,"[3.267972,0.3986431,2.312661]",
10971,"[3.227295,0.3988755,2.372978]",
10972,"[3.219626,0.398872,2.384944]",
10973,"[3.212509,0.3986098,2.399302]",
10974,"[3.211947,0.3983877,2.402965]",
10975,"[3.211339,0.3981943,2.40634]",
10976,"[3.213593,0.3977392,2.40855]",
10977,"[3.216271,0.3973074,2.409811]",
10978,"[3.228157,0.3960048,2.407693]",
10979,"[3.237134,0.3950847,2.405293]",
10980,"[3.249333,0.3939298,2.400834]",
10981,"[3.252419,0.393591,2.40029]",
10982,"[3.253889,0.3934718,2.399502]",
10983,"[3.255128,0.3933573,2.399014]",
10984,"[3.255229,0.3933566,2.398867]",
10985,"[3.247855,0.3942141,2.399561]",
10986,"[3.240548,0.3950421,2.400522]",
10987,"[3.225652,0.3967521,2.402201]",
10988,"[3.220697,0.3973445,2.402464]",
10989,"[3.21635,0.3978783,2.402519]",
10990,"[3.211209,0.3985914,2.401554]",
10991,"[3.210049,0.3988033,2.400696]",
10992,"[3.210558,0.398864,2.399142]",
10993,"[3.212429,0.3986971,2.398329]",
10994,"[3.220922,0.3978659,2.395565]",
10995,"[3.228012,0.3970819,2.394391]",
10996,"[3.239268,0.3957394,2.393752]",
10997,"[3.244325,0.3950927,2.394012]",
10998,"[3.248379,0.3945585,2.39442]",
10999,"[3.25429,0.3938266,2.394423]",
11000,"[3.256778,0.3935869,2.393567]",
11001,"[3.263602,0.3929014,2.391567]",
11002,"[3.26712,0.3925666,2.390304]",
11003,"[3.272936,0.391966,2.388805]",
11004,"[3.274651,0.3917933,2.388308]",
11005,"[3.275677,0.3916941,2.387959]",
11006,"[3.275918,0.3918373,2.385785]",
11007,"[3.276149,0.3919355,2.384194]",
11008,"[3.277582,0.3921704,2.379014]",
11009,"[3.277944,0.3924593,2.374823]",
11010,"[3.278284,0.393023,2.367215]",
11011,"[3.27861,0.3933048,2.363169]",
11012,"[3.278928,0.3937247,2.3574]",
11013,"[3.280649,0.3937052,2.35497]",
11014,"[3.282548,0.3936568,2.352625]",
11015,"[3.284793,0.3935724,2.350195]",
11016,"[3.286958,0.3934304,2.348614]",
11017,"[3.291022,0.3931688,2.34558]",
11018,"[3.292809,0.3930625,2.344136]",
11019,"[3.295656,0.3928943,2.341824]",
11020,"[3.296983,0.3928167,2.340737]",
11021,"[3.297191,0.3927712,2.340984]",
11022,"[3.297553,0.3926275,2.342226]",
11023,"[3.298098,0.3925194,2.342737]",
11024,"[3.298367,0.392369,2.344207]",
11025,"[3.29774,0.3923143,2.34587]",
11026,"[3.297614,0.3921587,2.34802]",
11027,"[3.29773,0.3920784,2.348847]",
11028,"[3.297931,0.3919889,2.349659]",
11029,"[3.297367,0.3919298,2.351278]",
11030,"[3.296914,0.3919236,2.35206]",
11031,"[3.296146,0.3919198,2.353302]",
11032,"[3.295437,0.3919568,2.353939]",
11033,"[3.293003,0.3921485,2.355316]",
11034,"[3.291255,0.3923099,2.356007]",
11035,"[3.288168,0.3926499,2.356534]",
11036,"[3.287037,0.3927727,2.35675]",
11037,"[3.285894,0.3928537,2.357511]",
11038,"[3.283525,0.392967,2.359771]",
11039,"[3.282179,0.3929623,2.361922]",
11040,"[3.115515,0.3273513,2.60794]",
11041,"[3.121381,0.3330769,2.62287]",
11042,"[3.156718,0.3711994,2.712809]",
11043,"[3.164399,0.3781187,2.732357]",
11044,"[3.174189,0.3840614,2.771075]",
11045,"[3.178038,0.3840614,2.778926]",
11046,"[3.184739,0.3840614,2.788341]",
11047,"[3.18958,0.3803361,2.796447]",
11048,"[3.192646,0.3769554,2.804251]",
11049,"[3.194224,0.3708599,2.808266]",
11050,"[3.193638,0.3681091,2.806775]",
11051,"[3.195529,0.3633381,2.81159]",
11052,"[3.19557,0.3618051,2.811694]",
11053,"[3.196752,0.3602042,2.8147]",
11054,"[3.198087,0.3575713,2.8181]",
11055,"[3.20071,0.3558217,2.824775]",
11056,"[3.202626,0.3556029,2.829651]",
11057,"[3.203284,0.3561046,2.831327]",
11058,"[3.2062,0.3572032,2.838749]",
11059,"[3.208421,0.3579248,2.844401]",
11060,"[3.210658,0.3586789,2.850096]",
11061,"[3.215532,0.3605998,2.862499]",
11062,"[3.215073,0.3622878,2.861331]",
11063,"[3.213629,0.3640956,2.857657]",
11064,"[3.212457,0.3644473,2.854674]",
11065,"[3.209256,0.3647468,2.846527]",
11066,"[3.207475,0.3646351,2.841994]",
11067,"[3.202466,0.3626938,2.829244]",
11068,"[3.201112,0.3623068,2.825799]",
11069,"[3.200218,0.362148,2.823524]",
11070,"[3.199306,0.3624352,2.821203]",
11071,"[3.199082,0.3627156,2.820633]",
11072,"[3.210543,0.3790203,2.849802]",
11073,"[3.213685,0.3833831,2.8578]",
11074,"[3.293557,0.4294438,2.815063]",
11075,"[3.366714,0.4684921,2.768433]",
11076,"[3.370933,0.4704342,2.770638]",
11077,"[3.373931,0.4718981,2.771296]",
11078,"[3.375535,0.4727644,2.77135]",
11079,"[3.378404,0.4742312,2.772146]",
11080,"[3.380196,0.4752013,2.772192]",
11081,"[3.384691,0.4778689,2.77196]",
11082,"[3.387579,0.4793462,2.771293]",
11083,"[3.395974,0.4838058,2.768135]",
11084,"[3.40035,0.486281,2.766392]",
11085,"[3.405006,0.4890533,2.764246]",
11086,"[3.381564,0.4773441,2.782333]",
11087,"[3.360625,0.4665793,2.7977]",
11088,"[2.678442,0.1,3.278734]",
11089,"[2.676607,0.1,3.278718]",
11090,"[2.672607,0.1,3.277692]",
11091,"[2.670865,0.1,3.27621]",
11092,"[2.649472,0.1,3.251573]",
11093,"[2.644632,0.1,3.242123]",
11094,"[2.611984,0.1,3.197793]",
11095,"[2.588432,0.1,3.163655]",
11096,"[2.58369,0.1,3.155326]",
11097,"[2.580564,0.1,3.144124]",
11098,"[2.580604,0.1,3.140525]",
11099,"[2.577797,0.1,3.136657]",
11100,"[2.577244,0.1,3.135281]",
11101,"[2.577026,0.1,3.134417]",
11102,"[2.57518,0.1,3.136452]",
11103,"[2.573854,0.1,3.139102]",
11104,"[2.561142,0.1,3.145663]",
11105,"[2.552459,0.1,3.149765]",
11106,"[2.536707,0.1,3.161922]",
11107,"[2.529129,0.1,3.167944]",
11108,"[2.517386,0.1,3.176817]",
11109,"[2.513464,0.1,3.179281]",
11110,"[2.510064,0.1,3.181359]",
11111,"[2.501778,0.1,3.1821]",
11112,"[2.480982,0.1,3.076748]",
11113,"[3.096803,0.3983914,2.581921]",
11114,"[3.096497,0.4007122,2.55325]",
11115,"[3.103213,0.4038604,2.50327]",
11116,"[3.106896,0.4050552,2.482538]",
11117,"[3.109436,0.4062056,2.46414]",
11118,"[3.11161,0.4089251,2.426605]",
11119,"[3.115904,0.4094349,2.413528]",
11120,"[3.12384,0.4106913,2.385409]",
11121,"[3.129395,0.4116775,2.364388]",
11122,"[3.134101,0.4125659,2.345913]",
11123,"[3.132127,0.4164048,2.300768]",
11124,"[3.125965,0.4187302,2.281142]",
11125,"[2.338551,0.1,2.067563]",
11126,"[2.308635,0.1,1.999905]",
11127,"[3.296637,0.551756,1.968474]",
11128,"[3.296354,0.5578064,1.937136]",
11129,"[3.384338,0.5935345,1.810123]",
11130,"[3.391456,0.5762469,1.720024]",
11131,"[3.404652,0.5700768,1.63443]",
11132,"[3.404848,0.5482355,1.565189]",
11133,"[3.389077,0.526994,1.498773]",
11134,"[3.401983,0.5120037,1.500229]",
11135,"[3.388753,0.4934667,1.46989]",
11136,"[3.400326,0.4770977,1.490553]",
11137,"[3.401093,0.4650002,1.5127]",
11138,"[3.389445,0.4415724,1.534012]",
11139,"[3.39995,0.4422342,1.558421]",
11140,"[3.389827,0.4289719,1.58595]",
11141,"[3.399743,0.4335569,1.607899]",
11142,"[3.400741,0.4343336,1.630479]",
11143,"[3.390289,0.4260284,1.632807]",
11144,"[3.400429,0.435375,1.654802]",
11145,"[3.390531,0.4311175,1.654415]",
11146,"[3.40036,0.4389619,1.663117]",
11147,"[3.401525,0.4476314,1.663424]",
11148,"[3.390401,0.4442282,1.647878]",
11149,"[3.401255,0.4593134,1.651891]",
11150,"[3.390478,0.4549864,1.645105]",
11151,"[3.401103,0.4643055,1.646425]",
11152,"[3.402095,0.4684831,1.627198]",
11153,"[3.390016,0.461504,1.603848]",
11154,"[3.200937,0.3323359,1.146522]",
11155,"[3.108538,0.2712979,1.001056]",
11156,"[2.849438,0.09999996,0.6247343]",
11157,"[2.84175,0.1,0.5907767]",
11158,"[2.838519,0.1,0.5674493]",
11159,"[2.834992,0.1,0.5574054]",
11160,"[2.836144,0.1,0.5525587]",
11161,"[2.825086,0.09999996,0.6178306]",
11162,"[3.156112,0.3329571,1.092835]",
11163,"[3.133342,0.3329571,1.130988]",
11164,"[3.128596,0.3329571,1.140793]",
11165,"[3.125592,0.3329571,1.146771]",
11166,"[3.115301,0.3329571,1.161635]",
11167,"[3.106367,0.3329571,1.166967]",
11168,"[3.097003,0.3329571,1.169912]",
11169,"[3.091099,0.3329571,1.172036]",
11170,"[3.079367,0.3329571,1.175136]",
11171,"[3.073223,0.3329571,1.176553]",
11172,"[3.40308,0.5256198,1.451407]",
11173,"[3.058172,0.3329571,1.177912]",
11174,"[3.402223,0.5288619,1.45271]",
11175,"[3.047702,0.3329571,1.180542]",
11176,"[3.40201,0.5338701,1.455828]",
11177,"[3.403593,0.5376548,1.455055]",
11178,"[3.036559,0.3329571,1.176641]",
11179,"[3.402635,0.5400935,1.454609]",
11180,"[3.030089,0.3329571,1.178798]",
11181,"[3.402277,0.541509,1.456227]",
11182,"[3.403827,0.5428329,1.458421]",
11183,"[3.028926,0.3329571,1.185135]",
11184,"[3.402691,0.5410467,1.457503]",
11185,"[3.033828,0.3329571,1.190936]",
11186,"[3.402178,0.5384763,1.456972]",
11187,"[3.403646,0.5383852,1.458129]",
11188,"[3.043553,0.3329571,1.199767]",
11189,"[3.402515,0.5360932,1.457518]",
11190,"[3.047498,0.3329571,1.204493]",
11191,"[3.402027,0.5337223,1.458577]",
11192,"[3.40349,0.5341196,1.460363]",
11193,"[3.38869,0.5251932,1.452685]",
11194,"[3.402487,0.5337198,1.465009]",
11195,"[3.388728,0.5283094,1.461451]",
11196,"[3.402319,0.5385431,1.474736]",
11197,"[3.403956,0.5421469,1.479154]",
11198,"[3.388883,0.5385661,1.476872]",
11199,"[3.403147,0.5473253,1.488721]",
11200,"[3.388973,0.539975,1.483375]",
11201,"[3.402795,0.5478671,1.494539]",
11202,"[3.404384,0.5492424,1.498005]",
11203,"[3.388992,0.5423014,1.490201]",
11204,"[3.403398,0.5518681,1.500795]",
11205,"[3.389083,0.5480178,1.492729]",
11206,"[3.403201,0.5579108,1.502316]",
11207,"[3.404917,0.5618613,1.501178]",
11208,"[3.388963,0.5542293,1.488011]",
11209,"[3.403738,0.563152,1.492897]",
11210,"[3.388975,0.5556672,1.480866]",
11211,"[3.40327,0.5633928,1.486987]",
11212,"[3.404894,0.5639527,1.486893]",
11213,"[3.388852,0.5548077,1.474893]",
11214,"[3.403649,0.5624353,1.484369]",
11215,"[3.388898,0.5540666,1.473642]",
11216,"[3.403182,0.5616239,1.483444]",
11217,"[3.404819,0.5625318,1.484533]",
11218,"[3.388837,0.5560238,1.473211]",
11219,"[3.403769,0.5660008,1.4835]",
11220,"[3.388896,0.5590924,1.472608]",
11221,"[3.403471,0.5704209,1.481722]",
11222,"[3.405207,0.5725693,1.482213]",
11223,"[3.388793,0.5656788,1.468966]",
11224,"[3.404062,0.5752887,1.478779]",
11225,"[3.388846,0.5666279,1.466454]",
11226,"[3.403552,0.5739932,1.476247]",
11227,"[3.405228,0.5740881,1.476859]",
11228,"[3.388751,0.5619758,1.463548]",
11229,"[3.403786,0.5686769,1.473148]",
11230,"[3.38876,0.5561901,1.459741]",
11231,"[3.403089,0.5623959,1.468105]",
11232,"[3.404492,0.5579817,1.465438]",
11233,"[3.388668,0.5454803,1.452016]",
11234,"[3.403089,0.5516815,1.46043]",
11235,"[3.053612,0.3329571,1.203548]",
11236,"[3.402427,0.5462254,1.45469]",
11237,"[3.40388,0.5451769,1.452757]",
11238,"[3.062052,0.3329571,1.202406]",
11239,"[3.062558,0.3329571,1.202623]",
11240,"[3.06268,0.3329571,1.202606]",
11241,"[3.060493,0.3329571,1.20062]",
11242,"[3.058967,0.3329571,1.199593]",
11243,"[3.057149,0.3329571,1.198297]",
11244,"[3.053249,0.3329571,1.195194]",
11245,"[3.050682,0.3329571,1.192876]",
11246,"[3.047779,0.3329571,1.190234]",
11247,"[3.045518,0.3329571,1.188694]",
11248,"[3.038348,0.3329571,1.183455]",
11249,"[3.035904,0.3329571,1.18171]",
11250,"[3.032885,0.3329571,1.179516]",
11251,"[3.026875,0.3329571,1.174875]",
11252,"[3.023093,0.3329571,1.171636]",
11253,"[3.017992,0.3329571,1.16771]",
11254,"[3.016864,0.3329571,1.167725]",
11255,"[3.017491,0.3329571,1.16887]",
11256,"[3.019237,0.3329571,1.170209]",
11257,"[3.025865,0.3329571,1.175295]",
11258,"[3.031285,0.3329571,1.179172]",
11259,"[3.037165,0.3329571,1.184175]",
11260,"[3.050561,0.3329571,1.193192]",
11261,"[3.058803,0.3329571,1.197924]",
11262,"[3.60946,0.6719527,1.576465]",
11263,"[3.735183,0.7494576,1.662891]",
11264,"[3.739221,0.7473952,1.665252]",
11265,"[3.738543,0.7444038,1.664573]",
11266,"[3.737466,0.7407304,1.664723]",
11267,"[3.736794,0.739978,1.66482]",
11268,"[3.736794,0.739978,1.66482]",
11269,"[3.735775,0.7395613,1.664827]",
11270,"[3.734341,0.7396672,1.664726]",
11271,"[3.733392,0.739796,1.664903]",
11272,"[3.731437,0.7407337,1.66497]",
11273,"[3.730526,0.740998,1.66517]",
11274,"[3.729223,0.7410927,1.664852]",
11275,"[3.728904,0.7413306,1.665053]",
11276,"[3.7309,0.74323,1.667102]",
11277,"[3.734353,0.7460506,1.670168]",
11278,"[3.747129,0.7562071,1.68036]",
11279,"[3.754054,0.7619753,1.68562]",
11280,"[3.765437,0.772657,1.694363]",
11281,"[3.769169,0.7767511,1.697149]",
11282,"[3.771089,0.7797338,1.698663]",
11283,"[3.775658,0.7840857,1.700919]",
11284,"[3.777105,0.7855357,1.701314]",
11285,"[3.77803,0.7864094,1.702102]",
11286,"[3.779353,0.7868177,1.702684]",
11287,"[3.7839,0.7877097,1.70505]",
11288,"[3.78676,0.788092,1.706558]",
11289,"[3.792818,0.7891583,1.709566]",
11290,"[3.796358,0.790224,1.711401]",
11291,"[3.800714,0.7916612,1.713393]",
11292,"[3.811577,0.7918413,1.718967]",
11293,"[3.816896,0.7915499,1.721954]",
11294,"[3.827542,0.7890924,1.728533]",
11295,"[3.831631,0.7885391,1.731236]",
11296,"[3.836896,0.7895906,1.735478]",
11297,"[3.838346,0.7905565,1.737113]",
11298,"[3.839673,0.7915766,1.738593]",
11299,"[3.840436,0.7938082,1.740488]",
11300,"[3.840367,0.7950963,1.741349]",
11301,"[3.839632,0.7975882,1.743208]",
11302,"[3.839082,0.7986925,1.743876]",
11303,"[3.837593,0.8000329,1.744472]",
11304,"[3.83649,0.8001975,1.74444]",
11305,"[3.835758,0.8004119,1.744438]",
11306,"[3.834582,0.800827,1.74415]",
11307,"[3.833847,0.8006308,1.743602]",
11308,"[3.829877,0.8052357,1.740333]",
11309,"[3.826082,0.806585,1.737453]",
11310,"[3.02812,0.2713,1.260243]",
11311,"[3.008017,0.3329572,1.253162]",
11312,"[3.292535,0.5877287,1.514965]",
11313,"[3.240759,0.6002311,1.601192]",
11314,"[3.22024,0.6002311,1.613755]",
11315,"[3.178247,0.6002311,1.651978]",
11316,"[3.114328,0.5806856,1.657119]",
11317,"[3.104128,0.5806856,1.678818]",
11318,"[3.102405,0.5806856,1.689394]",
11319,"[3.100471,0.5806856,1.706382]",
11320,"[3.095856,0.5806856,1.71331]",
11321,"[3.093675,0.5806856,1.716626]",
11322,"[3.092052,0.5806856,1.721159]",
11323,"[3.116876,0.5902144,1.730017]",
11324,"[3.112336,0.5806856,1.736175]",
11325,"[3.12834,0.5806856,1.742503]",
11326,"[3.188954,0.6002311,1.7601]",
11327,"[3.191873,0.6002311,1.761582]",
11328,"[3.193921,0.6002311,1.763447]",
11329,"[3.234725,0.6002311,1.686682]",
11330,"[3.241935,0.6002311,1.667045]",
11331,"[3.292288,0.5863717,1.487697]",
11332,"[3.292069,0.5787839,1.46342]",
11333,"[3.291722,0.5661206,1.425123]",
11334,"[3.291547,0.5597972,1.405749]",
11335,"[3.291298,0.5522125,1.378265]",
11336,"[3.291185,0.5490637,1.365749]",
11337,"[3.29106,0.5469436,1.351893]",
11338,"[3.290985,0.5460013,1.343583]",
11339,"[3.290931,0.54538,1.337651]",
11340,"[3.290818,0.5442834,1.32513]",
11341,"[3.290756,0.543028,1.318341]",
11342,"[3.290577,0.5296597,1.2985]",
11343,"[3.290486,0.521034,1.2884]",
11344,"[3.071227,0.3574079,1.124884]",
11345,"[3.076088,0.3467628,1.121796]",
11346,"[3.081319,0.3343978,1.118474]",
11347,"[3.121172,0.3329571,1.136253]",
11348,"[3.134094,0.3329571,1.143047]",
11349,"[3.138633,0.3329571,1.14567]",
11350,"[3.137584,0.3329571,1.145633]",
11351,"[3.133404,0.3329571,1.1443]",
11352,"[3.130143,0.3329571,1.143928]",
11353,"[3.126728,0.3329571,1.143411]",
11354,"[3.116737,0.3329571,1.142532]",
11355,"[3.112789,0.3329571,1.14586]",
11356,"[3.10869,0.3329571,1.149261]",
11357,"[3.107156,0.3329571,1.149907]",
11358,"[3.105896,0.3329571,1.151254]",
11359,"[3.105661,0.3329571,1.151714]",
11360,"[3.104401,0.3329571,1.152971]",
11361,"[3.103426,0.3329571,1.153748]",
11362,"[3.102838,0.3329571,1.155384]",
11363,"[3.102828,0.3329571,1.157916]",
11364,"[3.103458,0.3329571,1.159158]",
11365,"[3.105261,0.3329571,1.161051]",
11366,"[3.106281,0.3329571,1.161737]",
11367,"[3.105017,0.3329571,1.160976]",
11368,"[3.104136,0.3329571,1.160211]",
11369,"[3.102985,0.3329571,1.15906]",
11370,"[3.101105,0.3329571,1.157254]",
11371,"[3.100337,0.3329571,1.15641]",
11372,"[3.099352,0.3329571,1.154836]",
11373,"[3.099145,0.3329571,1.154219]",
11374,"[3.099252,0.3329571,1.153267]",
11375,"[3.099481,0.3329571,1.153394]",
11376,"[3.100836,0.3329571,1.154012]",
11377,"[3.10166,0.3329571,1.154646]",
11378,"[3.103027,0.3329571,1.155509]",
11379,"[3.106325,0.3329571,1.157569]",
11380,"[3.107537,0.3329571,1.158241]",
11381,"[3.110958,0.3329571,1.160024]",
11382,"[3.112079,0.3329571,1.160504]",
11383,"[3.114918,0.3329571,1.161547]",
11384,"[3.116369,0.3329571,1.161965]",
11385,"[3.117928,0.3329571,1.162464]",
11386,"[3.120081,0.3329571,1.163492]",
11387,"[3.119806,0.3329571,1.163273]",
11388,"[3.118286,0.3329571,1.162385]",
11389,"[3.117083,0.3329571,1.161729]",
11390,"[3.115217,0.3329571,1.160469]",
11391,"[3.114647,0.3329571,1.159922]",
11392,"[3.114189,0.3329571,1.158791]",
11393,"[3.114109,0.3329571,1.158386]",
11394,"[3.11449,0.3329571,1.157359]",
11395,"[3.115495,0.3329571,1.155671]",
11396,"[3.116063,0.3329571,1.15482]",
11397,"[3.116025,0.3329571,1.154971]",
11398,"[3.115968,0.3329571,1.155185]",
11399,"[3.115039,0.3329571,1.15554]",
11400,"[3.114117,0.3329571,1.155901]",
11401,"[3.113235,0.3329571,1.156256]",
11402,"[3.111647,0.3329571,1.157076]",
11403,"[3.111002,0.3329571,1.157529]",
11404,"[3.109846,0.3329571,1.158141]",
11405,"[3.109145,0.3329571,1.158285]",
11406,"[3.107589,0.3329571,1.158259]",
11407,"[3.106474,0.3329571,1.158079]",
11408,"[3.10545,0.3329571,1.157759]",
11409,"[3.1037,0.3329571,1.1556]",
11410,"[3.103489,0.3329571,1.154098]",
11411,"[3.104121,0.3329571,1.151048]",
11412,"[3.104979,0.3329571,1.149898]",
11413,"[3.107905,0.3329571,1.147848]",
11414,"[3.110237,0.3329571,1.14683]",
11415,"[3.115633,0.3329571,1.145578]",
11416,"[3.117827,0.3329571,1.145888]",
11417,"[3.11891,0.3329571,1.14613]",
11418,"[3.121398,0.3329571,1.146632]",
11419,"[3.121708,0.3329571,1.146921]",
11420,"[3.122435,0.3329571,1.148337]",
11421,"[3.122854,0.3329571,1.149458]",
11422,"[3.121844,0.3329571,1.150566]",
11423,"[3.121069,0.3329571,1.150771]",
11424,"[3.119197,0.3329571,1.150582]",
11425,"[3.116206,0.3329571,1.150403]",
11426,"[3.114929,0.3329571,1.150077]",
11427,"[3.112136,0.3329571,1.148675]",
11428,"[3.111269,0.3329571,1.148102]",
11429,"[3.111832,0.3329571,1.148139]",
11430,"[3.113763,0.3329571,1.148902]",
11431,"[3.119789,0.3329571,1.151386]",
11432,"[3.123445,0.3329571,1.152705]",
11433,"[3.127419,0.3329571,1.153971]",
11434,"[3.131483,0.3329571,1.154186]",
11435,"[3.133244,0.3329571,1.154271]",
11436,"[3.131078,0.3329571,1.153349]",
11437,"[3.129524,0.3329571,1.153157]",
11438,"[3.126812,0.3329571,1.153126]",
11439,"[3.125566,0.3329571,1.153189]",
11440,"[3.124676,0.3329571,1.153339]",
11441,"[3.124066,0.3329571,1.153965]",
11442,"[3.123945,0.3329571,1.154655]",
11443,"[3.123926,0.3329571,1.155393]",
11444,"[3.123572,0.3329571,1.155246]",
11445,"[3.125798,0.3329571,1.153379]",
11446,"[3.127137,0.3329571,1.152354]",
11447,"[3.127974,0.3329571,1.151552]",
11448,"[3.129438,0.3329571,1.14953]",
11449,"[3.129017,0.3329571,1.149393]",
11450,"[3.128931,0.3329571,1.148652]",
11451,"[3.128563,0.3329571,1.14869]",
11452,"[3.127683,0.3329571,1.149187]",
11453,"[3.126826,0.3329571,1.149513]",
11454,"[3.162899,0.3577576,1.165261]",
11455,"[3.187015,0.3737164,1.17471]",
11456,"[3.182232,0.3711516,1.173172]",
11457,"[3.184834,0.3746017,1.175042]",
11458,"[3.184967,0.376015,1.175823]",
11459,"[3.184967,0.376015,1.175823]",
11460,"[3.184826,0.3777862,1.176731]",
11461,"[3.184493,0.3783907,1.178191]",
11462,"[3.184588,0.3786295,1.17908]",
11463,"[3.184022,0.3784435,1.180627]",
11464,"[3.183188,0.3780132,1.183163]",
11465,"[3.182706,0.377765,1.184571]",
11466,"[3.182399,0.3775353,1.185543]",
11467,"[3.182031,0.3771275,1.187062]",
11468,"[3.181909,0.3769314,1.188161]",
11469,"[3.181962,0.3768752,1.1884]",
11470,"[3.182898,0.3774863,1.189125]",
11471,"[3.184475,0.3786954,1.189615]",
11472,"[3.186815,0.3806632,1.190144]",
11473,"[3.193379,0.3860283,1.191735]",
11474,"[3.193379,0.3860283,1.191735]",
11475,"[3.196395,0.3885853,1.192287]",
11476,"[2.735512,0.1,1.029594]",
11477,"[2.740624,0.09999996,1.029192]",
11478,"[2.746577,0.1,1.029814]",
11479,"[2.762908,0.1,1.032377]",
11480,"[2.785321,0.1,1.033225]",
11481,"[2.804797,0.09999996,1.034597]",
11482,"[2.82716,0.1,1.037406]",
11483,"[2.8414,0.1,1.041334]",
11484,"[2.900194,0.1,1.055769]",
11485,"[2.922012,0.09999996,1.062885]",
11486,"[2.954023,0.1,1.075742]",
11487,"[3.421613,0.4334539,1.272816]",
11488,"[3.410361,0.4082593,1.281151]",
11489,"[3.478059,0.3812529,1.328999]",
11490,"[3.526408,0.3548421,1.34077]",
11491,"[3.540169,0.3621468,1.364164]",
11492,"[3.541999,0.3660321,1.378534]",
11493,"[3.545061,0.3754845,1.408047]",
11494,"[3.543116,0.3807259,1.423417]",
11495,"[3.539709,0.394177,1.451613]",
11496,"[3.53622,0.3998627,1.466722]",
11497,"[3.530104,0.4052495,1.488447]",
11498,"[3.536388,0.4171414,1.498308]",
11499,"[3.5308,0.4201302,1.52098]",
11500,"[3.527782,0.4304172,1.558837]",
11501,"[3.526064,0.4333305,1.577927]",
11502,"[3.525772,0.436918,1.612618]",
11503,"[3.526719,0.4380171,1.632372]",
11504,"[3.526287,0.4364164,1.651109]",
11505,"[3.528487,0.4368465,1.682799]",
11506,"[3.482604,0.3800288,1.694527]",
11507,"[3.493723,0.3849551,1.753533]",
11508,"[3.486383,0.3705146,1.779602]",
11509,"[3.478675,0.344148,1.82746]",
11510,"[3.482704,0.3401073,1.850922]",
11511,"[3.487428,0.3363995,1.873698]",
11512,"[3.542957,0.3986043,1.880566]",
11513,"[3.584194,0.4034964,1.94464]",
11514,"[3.605806,0.3990704,1.992485]",
11515,"[3.616896,0.3956926,2.019546]",
11516,"[3.633197,0.3944949,2.06166]",
11517,"[3.642016,0.3925603,2.08233]",
11518,"[3.660131,0.3872139,2.119378]",
11519,"[3.669282,0.3848546,2.136323]",
11520,"[3.669282,0.3848546,2.136323]",
11521,"[3.682831,0.3808171,2.162521]",
11522,"[3.699538,0.3790537,2.187694]",
11523,"[3.72265,0.3732705,2.218155]",
11524,"[3.734181,0.3691993,2.22998]",
11525,"[3.753357,0.362649,2.251815]",
11526,"[3.761564,0.3596563,2.263748]",
11527,"[3.768588,0.3570948,2.275025]",
11528,"[3.779286,0.3541061,2.290609]",
11529,"[3.781173,0.3518991,2.29565]",
11530,"[3.795942,0.3455001,2.315037]",
11531,"[3.801856,0.3421896,2.322863]",
11532,"[3.812126,0.3344031,2.336925]",
11533,"[3.81819,0.3303806,2.344761]",
11534,"[3.827576,0.3272215,2.360795]",
11535,"[3.827576,0.3272215,2.360795]",
11536,"[3.832594,0.3213382,2.374136]",
11537,"[3.836398,0.3142256,2.389322]",
11538,"[3.83976,0.3097933,2.39625]",
11539,"[3.846435,0.2986492,2.405787]",
11540,"[3.849808,0.29313,2.409422]",
11541,"[3.85492,0.2824166,2.415902]",
11542,"[3.857492,0.277804,2.418999]",
11543,"[3.862078,0.2720603,2.422464]",
11544,"[3.87213,0.263403,2.431432]",
11545,"[3.888389,0.2577665,2.438756]",
11546,"[3.905423,0.2484187,2.450372]",
11547,"[3.909995,0.2455667,2.454537]",
11548,"[3.91754,0.2406113,2.461116]",
11549,"[3.920633,0.239044,2.464471]",
11550,"[3.923715,0.2377352,2.467016]",
11551,"[3.926708,0.236516,2.469151]",
11552,"[3.927736,0.2356191,2.469981]",
11553,"[3.932773,0.2335547,2.471286]",
11554,"[3.934921,0.2323054,2.472516]",
11555,"[3.939499,0.2274624,2.47551]",
11556,"[3.942442,0.2240796,2.477055]",
11557,"[3.949821,0.2173876,2.479034]",
11558,"[3.949821,0.2173876,2.479034]",
11559,"[3.957369,0.2145577,2.478535]",
11560,"[3.987075,0.2063636,2.466052]",
11561,"[4.002356,0.2359625,2.446132]",
11562,"[4.010797,0.2322869,2.44677]",
11563,"[4.013023,0.2313383,2.448353]",
11564,"[4.016016,0.229517,2.451112]",
11565,"[4.017025,0.2279253,2.452584]",
11566,"[4.001682,0.1,2.518682]",
11567,"[4.002043,0.1,2.518879]",
11568,"[4.002844,0.1,2.518911]",
11569,"[4.003928,0.1,2.518054]",
11570,"[4.003942,0.1,2.517408]",
11571,"[4.004273,0.1,2.515394]",
11572,"[4.00441,0.1,2.514199]",
11573,"[4.004581,0.1,2.512818]",
11574,"[4.004581,0.1,2.512818]",
11575,"[4.004876,0.1,2.510329]",
11576,"[4.003583,0.1,2.509711]",
11577,"[4.001937,0.1,2.508029]",
11578,"[3.999945,0.09999996,2.506695]",
11579,"[3.998958,0.1,2.506524]",
11580,"[3.996964,0.1,2.507494]",
11581,"[3.992566,0.1,2.509864]",
11582,"[3.988943,0.1,2.511629]",
11583,"[3.975365,0.1,2.516582]",
11584,"[3.964749,0.1,2.519539]",
11585,"[3.916059,0.1,2.524585]",
11586,"[3.873521,0.1,2.522042]",
11587,"[3.630449,0.1,2.417101]",
11588,"[3.58863,0.1,2.392181]",
11589,"[3.233219,0.1,2.143322]",
11590,"[3.175295,0.09999996,2.071932]",
11591,"[3.390298,0.4191636,1.88749]",
11592,"[3.294758,0.419164,1.709579]",
11593,"[2.733194,0.1,1.331774]",
11594,"[2.972986,0.2764881,1.295263]",
11595,"[3.038821,0.3225533,1.253445]",
11596,"[3.064628,0.3334008,1.129076]",
11597,"[3.09333,0.3441198,1.085045]",
11598,"[3.108674,0.3329571,1.105634]",
11599,"[3.13361,0.3171417,1.193236]",
11600,"[3.124854,0.302059,1.198797]",
11601,"[3.118344,0.2881144,1.202932]",
11602,"[3.120212,0.2833249,1.201746]",
11603,"[3.11245,0.2748413,1.206677]",
11604,"[3.111067,0.2728319,1.207555]",
11605,"[3.095112,0.2611763,1.21769]",
11606,"[3.086269,0.2563268,1.223306]",
11607,"[3.080732,0.2542553,1.226824]",
11608,"[3.050446,0.2446047,1.246061]",
11609,"[3.026667,0.2378084,1.261165]",
11610,"[3.012938,0.2363157,1.269886]",
11611,"[3.011476,0.2392322,1.270815]",
11612,"[3.083317,0.3329571,1.223428]",
11613,"[3.071881,0.3329571,1.190631]",
11614,"[3.055081,0.3352548,1.13514]",
11615,"[3.07074,0.3480654,1.125194]",
11616,"[3.078173,0.3560009,1.120472]",
11617,"[3.089477,0.3675478,1.113292]",
11618,"[3.086401,0.3677116,1.105398]",
11619,"[3.081279,0.3677116,1.093657]",
11620,"[3.07936,0.3677116,1.090961]",
11621,"[3.074824,0.3677116,1.091239]",
11622,"[3.070398,0.3677116,1.096665]",
11623,"[3.065757,0.3677116,1.099391]",
11624,"[3.052986,0.3677116,1.111594]",
11625,"[3.046417,0.3677116,1.113709]",
11626,"[3.033471,0.3677116,1.122929]",
11627,"[3.027722,0.3677116,1.124863]",
11628,"[3.016199,0.3677116,1.134823]",
11629,"[3.290456,0.5213772,1.285134]",
11630,"[3.29055,0.5236655,1.295514]",
11631,"[3.290578,0.5247453,1.298562]",
11632,"[3.290609,0.5248674,1.301995]",
11633,"[3.290649,0.5255946,1.306463]",
11634,"[3.290673,0.5263333,1.309082]",
11635,"[3.290708,0.5281342,1.313006]",
11636,"[3.290725,0.5283135,1.314834]",
11637,"[3.29074,0.5285898,1.316524]",
11638,"[3.290768,0.52842,1.319597]",
11639,"[3.290781,0.5282023,1.321068]",
11640,"[3.290816,0.5262245,1.324913]",
11641,"[3.290836,0.5248306,1.327147]",
11642,"[3.29086,0.5227227,1.329829]",
11643,"[3.290865,0.5220065,1.330305]",
11644,"[3.290866,0.5207552,1.330412]",
11645,"[3.290867,0.5198846,1.330533]",
11646,"[2.956523,0.3329572,1.223515]",
11647,"[2.967056,0.3329572,1.222867]",
11648,"[2.972294,0.3329572,1.222975]",
11649,"[2.985857,0.3329571,1.222587]",
11650,"[2.996001,0.3329571,1.22134]",
11651,"[3.018014,0.3329571,1.221471]",
11652,"[3.02932,0.3329571,1.222735]",
11653,"[3.036173,0.3329571,1.223413]",
11654,"[3.049359,0.3329571,1.224327]",
11655,"[3.05362,0.3329571,1.224617]",
11656,"[3.067583,0.3329571,1.227716]",
11657,"[3.075765,0.3320956,1.229978]",
11658,"[3.079679,0.3273574,1.227493]",
11659,"[3.08141,0.3255711,1.226393]",
11660,"[3.083851,0.3249277,1.224842]",
11661,"[3.084946,0.3254649,1.224147]",
11662,"[3.086443,0.3274878,1.223196]",
11663,"[3.089857,0.3323591,1.221027]",
11664,"[3.088615,0.3329571,1.219453]",
11665,"[3.084723,0.3329571,1.216281]",
11666,"[3.082712,0.3329571,1.214782]",
11667,"[3.072301,0.3329571,1.209078]",
11668,"[3.068371,0.3329571,1.20689]",
11669,"[3.06494,0.3329571,1.20567]",
11670,"[3.058721,0.3329571,1.203487]",
11671,"[3.055017,0.3329571,1.202049]",
11672,"[3.046386,0.3329571,1.198393]",
11673,"[3.041484,0.3329571,1.196233]",
11674,"[3.033718,0.3329571,1.19253]",
11675,"[3.03073,0.3329571,1.190429]",
11676,"[3.025438,0.3329571,1.186775]",
11677,"[3.026986,0.3348531,1.186528]",
11678,"[3.110496,0.3817258,1.214231]",
11679,"[3.154312,0.4061294,1.22831]",
11680,"[3.156725,0.4072372,1.228775]",
11681,"[3.156725,0.4072372,1.228775]",
11682,"[3.158195,0.4076498,1.228476]",
11683,"[3.163127,0.4097658,1.229438]",
11684,"[3.164334,0.4082299,1.226515]",
11685,"[3.164954,0.407013,1.224636]",
11686,"[3.166959,0.4033408,1.221534]",
11687,"[3.166802,0.4020423,1.220345]",
11688,"[3.167696,0.4013695,1.21957]",
11689,"[3.165648,0.3991406,1.218786]",
11690,"[3.164233,0.3977666,1.219028]",
11691,"[3.163452,0.3972717,1.219485]",
11692,"[3.162131,0.3968004,1.220687]",
11693,"[3.161692,0.3969587,1.221863]",
11694,"[3.161418,0.3974966,1.223459]",
11695,"[3.16203,0.3995121,1.228445]",
11696,"[3.16203,0.3995121,1.228445]",
11697,"[3.162205,0.4010592,1.233208]",
11698,"[3.181387,0.4114835,1.248261]",
11699,"[2.653683,0.1,1.079646]",
11700,"[2.682941,0.1,1.095149]",
11701,"[2.712746,0.1,1.112656]",
11702,"[2.763753,0.1,1.141979]",
11703,"[2.790343,0.1,1.156666]",
11704,"[2.827228,0.1,1.17315]",
11705,"[2.864166,0.1,1.185893]",
11706,"[2.948084,0.1,1.230536]",
11707,"[3.350384,0.3488357,1.3629]",
11708,"[3.375693,0.3232374,1.383572]",
11709,"[3.385057,0.3135644,1.393537]",
11710,"[3.182202,0.09999996,1.333607]",
11711,"[3.400115,0.2982711,1.406173]",
11712,"[3.235946,0.1,1.360461]",
11713,"[3.254087,0.09999996,1.369543]",
11714,"[3.265647,0.09999996,1.377334]",
11715,"[3.290556,0.1,1.39614]",
11716,"[3.303933,0.1,1.407297]",
11717,"[3.313963,0.1,1.416465]",
11718,"[3.467213,0.2645142,1.482289]",
11719,"[3.467213,0.2645142,1.482289]",
11720,"[3.469914,0.2584914,1.501891]",
11721,"[3.485634,0.2386009,1.546146]",
11722,"[3.492146,0.2306143,1.575197]",
11723,"[3.493832,0.2276236,1.586487]",
11724,"[3.495706,0.2246032,1.603213]",
11725,"[3.496058,0.2238407,1.610419]",
11726,"[3.496759,0.2233103,1.616737]",
11727,"[3.497649,0.2217979,1.625397]",
11728,"[3.499983,0.2244302,1.625466]",
11729,"[3.503361,0.2258567,1.624962]",
11730,"[3.504832,0.2262349,1.624883]",
11731,"[3.508048,0.2266542,1.624674]",
11732,"[3.509388,0.2271436,1.624587]",
11733,"[3.510601,0.2273321,1.624352]",
11734,"[3.51136,0.2269957,1.624084]",
11735,"[3.513415,0.2274163,1.623894]",
11736,"[3.515769,0.2277311,1.623099]",
11737,"[3.517448,0.2274443,1.622474]",
11738,"[3.521231,0.226879,1.621179]",
11739,"[3.523761,0.2264181,1.620409]",
11740,"[3.526569,0.2258465,1.61956]",
11741,"[3.530272,0.2255911,1.619047]",
11742,"[3.530272,0.2255911,1.619047]",
11743,"[3.531616,0.2257807,1.619245]",
11744,"[3.5358,0.2301622,1.620354]",
11745,"[3.537591,0.238765,1.626138]",
11746,"[3.540989,0.2437984,1.627791]",
11747,"[3.541265,0.2517092,1.633943]",
11748,"[3.541569,0.2676955,1.646669]",
11749,"[3.549543,0.2756543,1.652284]",
11750,"[3.54862,0.2838511,1.666152]",
11751,"[3.579736,0.3304439,1.684944]",
11752,"[3.586951,0.3423179,1.720356]",
11753,"[3.591594,0.348012,1.739576]",
11754,"[3.600672,0.3612808,1.779134]",
11755,"[3.604493,0.3656744,1.802122]",
11756,"[3.609864,0.3739409,1.822898]",
11757,"[3.605001,0.3662363,1.845154]",
11758,"[3.617519,0.3855075,1.877826]",
11759,"[3.629881,0.4122207,1.91218]",
11760,"[3.634553,0.4274751,1.937149]",
11761,"[3.639556,0.4578424,1.9694]",
11762,"[3.628792,0.4521985,1.987249]",
11763,"[3.622854,0.4561536,2.008107]",
11764,"[3.62307,0.4887053,2.043949]",
11765,"[3.62307,0.4887053,2.043949]",
11766,"[3.619051,0.5059983,2.080126]",
11767,"[3.630948,0.5458539,2.118047]",
11768,"[3.64229,0.5852191,2.16714]",
11769,"[3.650928,0.5992662,2.19643]",
11770,"[3.681336,0.6218887,2.257628]",
11771,"[3.70161,0.6430928,2.280421]",
11772,"[3.730636,0.671649,2.297573]",
11773,"[3.752216,0.6798242,2.330418]",
11774,"[3.760381,0.6878858,2.335445]",
11775,"[3.801009,0.7178758,2.376226]",
11776,"[3.816979,0.7285345,2.392956]",
11777,"[3.843638,0.749774,2.414864]",
11778,"[3.857054,0.7582148,2.424709]",
11779,"[3.868054,0.7676535,2.43286]",
11780,"[3.87776,0.7663689,2.444702]",
11781,"[3.892852,0.784191,2.452782]",
11782,"[3.908949,0.7813451,2.477253]",
11783,"[3.920676,0.7918576,2.485246]",
11784,"[3.943587,0.8312103,2.492469]",
11785,"[3.953053,0.8453431,2.498456]",
11786,"[3.968193,0.8642751,2.519557]",
11787,"[3.976295,0.8724065,2.529745]",
11788,"[3.988117,0.881938,2.545326]",
11789,"[4.000652,0.8889631,2.551368]",
11790,"[4.020265,0.8932568,2.566497]",
11791,"[4.045945,0.9143803,2.558733]",
11792,"[4.053312,0.8853935,2.576907]",
11793,"[4.077084,0.9593554,2.526241]",
11794,"[4.083952,0.9627835,2.52132]",
11795,"[4.090583,0.9602906,2.519591]",
11796,"[4.090583,0.9602906,2.519591]",
11797,"[4.09555,0.9554191,2.516279]",
11798,"[4.099153,0.9545772,2.518276]",
11799,"[4.107957,0.9539669,2.520364]",
11800,"[4.113333,0.9538661,2.52204]",
11801,"[4.120288,0.9551165,2.527356]",
11802,"[4.12344,0.9553449,2.530449]",
11803,"[4.126196,0.9575257,2.532593]",
11804,"[4.129058,0.884513,2.581915]",
11805,"[4.13642,0.8888659,2.588364]",
11806,"[4.140821,0.8905742,2.591371]",
11807,"[4.14916,0.8925241,2.595497]",
11808,"[4.153287,0.8930886,2.597107]",
11809,"[4.16162,0.8941706,2.601096]",
11810,"[4.166038,0.8949381,2.603972]",
11811,"[4.172016,0.9871815,2.553981]",
11812,"[4.175237,0.9941897,2.553974]",
11813,"[4.180345,1.002559,2.557004]",
11814,"[4.246833,1.063075,2.581846]",
11815,"[4.255134,1.075878,2.585743]",
11816,"[4.267086,1.10365,2.59897]",
11817,"[4.271183,1.117555,2.606856]",
11818,"[4.274756,1.129579,2.614662]",
11819,"[4.280018,1.149309,2.625474]",
11820,"[4.287109,1.165146,2.637344]",
11821,"[4.292257,1.174849,2.64513]",
11822,"[4.297337,1.18158,2.652045]",
11823,"[4.308355,1.195796,2.667521]",
11824,"[4.314938,1.20491,2.677048]",
11825,"[4.327466,1.221866,2.696637]",
11826,"[4.327466,1.221866,2.696637]",
11827,"[4.336691,1.237643,2.710195]",
11828,"[4.349624,1.253441,2.731576]",
11829,"[4.356727,1.263905,2.741791]",
11830,"[4.369098,1.284165,2.762007]",
11831,"[4.374945,1.294835,2.772264]",
11832,"[4.383157,1.316351,2.793948]",
11833,"[4.386586,1.327317,2.804619]",
11834,"[4.391441,1.452644,2.876729]",
11835,"[4.395342,1.456086,2.885516]",
11836,"[4.57746,1.277814,3.958541]",
11837,"[4.573088,1.382926,3.982324]",
11838,"[4.571973,1.418558,3.982399]",
11839,"[4.575276,1.461715,3.982489]",
11840,"[4.57797,1.477011,3.982521]",
11841,"[4.578482,1.476635,3.98252]",
11842,"[4.579151,1.477267,3.982522]",
11843,"[4.578401,1.476201,3.982519]",
11844,"[4.576698,1.47686,3.982521]",
11845,"[4.575515,1.477839,3.982523]",
11846,"[4.443247,1.632673,3.001115]",
11847,"[4.446927,1.643127,3.006616]",
11848,"[4.452388,1.657416,3.016965]",
11849,"[4.452388,1.657416,3.016965]",
11850,"[4.581935,1.558587,3.982692]",
11851,"[4.461237,1.670217,3.032473]",
11852,"[4.464995,1.674325,3.037897]",
11853,"[4.471489,1.6791,3.047749]",
11854,"[4.474748,1.68103,3.052136]",
11855,"[4.48083,1.685297,3.061536]",
11856,"[4.484066,1.687939,3.066381]",
11857,"[4.484066,1.687939,3.066381]",
11858,"[4.488968,1.693238,3.071666]",
11859,"[4.490355,1.691294,3.079827]",
11860,"[4.494402,1.68998,3.097651]",
11861,"[4.498767,1.690058,3.109397]",
11862,"[4.502799,1.688708,3.126022]",
11863,"[4.503367,1.687715,3.131219]",
11864,"[4.504136,1.686885,3.137499]",
11865,"[4.508399,1.685549,3.151735]",
11866,"[4.510568,1.684351,3.159258]",
11867,"[4.514679,1.681524,3.175734]",
11868,"[4.516661,1.680048,3.184334]",
11869,"[4.520159,1.677267,3.200709]",
11870,"[4.521912,1.675806,3.210012]",
11871,"[4.52427,1.673486,3.227704]",
11872,"[4.525702,1.672311,3.236924]",
11873,"[4.529036,1.670149,3.256009]",
11874,"[4.547231,1.662713,3.262337]",
11875,"[4.558675,1.658151,3.270887]",
11876,"[4.573965,1.647494,3.289816]",
11877,"[4.579833,1.644084,3.300595]",
11878,"[4.588391,1.638102,3.324533]",
11879,"[4.592333,1.63501,3.336342]",
11880,"[4.599882,1.629755,3.363761]",
11881,"[4.603096,1.62772,3.376741]",
11882,"[4.733777,1.545693,3.982665]",
11883,"[4.734639,1.545918,3.982665]",
11884,"[4.734943,1.546673,3.982667]",
11885,"[4.735081,1.548002,3.98267]",
11886,"[4.734644,1.547667,3.982669]",
11887,"[4.733224,1.545233,3.982664]",
11888,"[4.727379,1.533528,3.982639]",
11889,"[4.720283,1.519237,3.982609]",
11890,"[4.717986,1.513437,3.982597]",
11891,"[4.715639,1.506337,3.982582]",
11892,"[4.713641,1.497551,3.982564]",
11893,"[4.71334,1.494606,3.982558]",
11894,"[4.713082,1.49153,3.982551]",
11895,"[4.712919,1.490579,3.982549]",
11896,"[4.712314,1.48744,3.982543]",
11897,"[4.676468,1.482106,3.982532]",
11898,"[4.649611,1.478792,3.982525]",
11899,"[4.611639,1.481053,3.982529]",
11900,"[4.592153,1.482464,3.982532]",
11901,"[4.527985,1.536824,3.76922]",
11902,"[4.521756,1.536239,3.780655]",
11903,"[4.516753,1.532963,3.801208]",
