frame,gazeStartPos,
0,"[4.828931,1.74751,3.983088]",
1,"[4.827332,1.747156,3.983087]",
2,"[4.827242,1.747029,3.983086]",
3,"[4.826905,1.746561,3.983085]",
4,"[4.826632,1.746196,3.983085]",
5,"[4.82609,1.745605,3.983083]",
6,"[4.825749,1.745379,3.983083]",
7,"[4.825716,1.745376,3.983083]",
8,"[4.825526,1.745345,3.983083]",
9,"[4.824996,1.745174,3.983083]",
10,"[4.824678,1.745076,3.983082]",
11,"[4.824004,1.744852,3.983082]",
12,"[4.82363,1.744731,3.983082]",
13,"[4.823312,1.744604,3.983081]",
14,"[4.822782,1.744831,3.983082]",
15,"[4.822603,1.745102,3.983082]",
16,"[4.822277,1.745492,3.983083]",
17,"[4.822131,1.745686,3.983084]",
18,"[4.822085,1.745592,3.983083]",
19,"[4.822114,1.745564,3.983083]",
20,"[4.822404,1.7454,3.983083]",
21,"[4.822853,1.745602,3.983083]",
22,"[4.823405,1.745745,3.983084]",
23,"[4.825364,1.746218,3.983085]",
24,"[4.826921,1.74652,3.983085]",
25,"[4.82735,1.746766,3.983086]",
26,"[4.813755,1.733285,3.983058]",
27,"[4.802093,1.719472,3.983029]",
28,"[4.775982,1.704057,3.982996]",
29,"[4.765828,1.697531,3.982983]",
30,"[4.753838,1.685312,3.982957]",
31,"[4.750799,1.681038,3.982948]",
32,"[4.753744,1.672955,3.982931]",
33,"[4.755744,1.669269,3.982924]",
34,"[4.768222,1.664488,3.982913]",
35,"[4.781022,1.660763,3.982906]",
36,"[4.797659,1.656443,3.982897]",
37,"[4.803502,1.654234,3.982892]",
38,"[4.807793,1.652231,3.982888]",
39,"[4.808986,1.652504,3.982888]",
40,"[4.809049,1.652856,3.982889]",
41,"[4.808836,1.653463,3.98289]",
42,"[4.808355,1.653636,3.982891]",
43,"[4.806787,1.656032,3.982896]",
44,"[4.805542,1.658179,3.9829]",
45,"[4.80369,1.659891,3.982904]",
46,"[4.799309,1.661527,3.982907]",
47,"[4.798522,1.662481,3.982909]",
48,"[4.795754,1.662566,3.982909]",
49,"[4.793519,1.661557,3.982908]",
50,"[4.790988,1.657194,3.982898]",
51,"[4.790543,1.653721,3.982891]",
52,"[4.789386,1.649587,3.982882]",
53,"[4.78805,1.646118,3.982875]",
54,"[4.786181,1.641871,3.982866]",
55,"[4.779942,1.630499,3.982842]",
56,"[4.750893,1.558542,3.982692]",
57,"[4.730567,1.507584,3.982585]",
58,"[4.696651,1.402589,3.982365]",
59,"[4.669182,1.336034,3.982226]",
60,"[4.658507,1.31509,3.982182]",
61,"[4.650159,1.298326,3.982147]",
62,"[4.637413,1.280947,3.958529]",
63,"[4.634433,1.276835,3.953227]",
64,"[4.629571,1.270592,3.951178]",
65,"[4.627311,1.269795,3.950668]",
66,"[4.612192,1.269146,3.950253]",
67,"[4.601453,1.269455,3.95045]",
68,"[4.492395,1.334769,3.982223]",
69,"[4.442431,1.368262,3.982293]",
70,"[4.427181,1.377985,3.982314]",
71,"[4.425794,1.414931,3.982391]",
72,"[4.430807,1.430775,3.982424]",
73,"[4.439625,1.44991,3.982464]",
74,"[4.441833,1.457422,3.98248]",
75,"[4.447909,1.46356,3.982493]",
76,"[4.459105,1.473744,3.982514]",
77,"[4.464165,1.478082,3.982523]",
78,"[4.471309,1.485173,3.982538]",
79,"[4.473877,1.488127,3.982544]",
80,"[4.478561,1.493726,3.982556]",
81,"[4.481772,1.496897,3.982563]",
82,"[4.485455,1.503008,3.982575]",
83,"[4.487843,1.505072,3.98258]",
84,"[4.489357,1.506612,3.982583]",
85,"[4.490856,1.50916,3.982588]",
86,"[4.477773,1.533971,3.98264]",
87,"[4.463853,1.558627,3.982692]",
88,"[4.456828,1.583231,3.982743]",
89,"[4.45057,1.607569,3.982794]",
90,"[4.448904,1.615247,3.98281]",
91,"[4.44663,1.622527,3.982826]",
92,"[4.442926,1.632908,3.982847]",
93,"[4.4431,1.635312,3.982852]",
94,"[4.441658,1.639708,3.982862]",
95,"[4.440535,1.639625,3.982862]",
96,"[4.438828,1.638592,3.982859]",
97,"[4.438673,1.637742,3.982857]",
98,"[4.436624,1.636599,3.982855]",
99,"[4.434814,1.636784,3.982856]",
100,"[4.411559,1.660792,3.982906]",
101,"[4.378574,1.725988,3.983042]",
102,"[4.366987,1.755848,3.983105]",
103,"[4.359568,1.800592,3.983199]",
104,"[4.356396,1.816339,3.983232]",
105,"[4.356654,1.833037,3.983267]",
106,"[4.357455,1.834822,3.98327]",
107,"[4.358021,1.836542,3.983274]",
108,"[4.360243,1.838947,3.983279]",
109,"[4.361694,1.839723,3.983281]",
110,"[4.365424,1.84017,3.983282]",
111,"[4.367416,1.840956,3.983283]",
112,"[4.37158,1.842035,3.983285]",
113,"[4.374151,1.842686,3.983287]",
114,"[4.376771,1.843322,3.983288]",
115,"[4.384115,1.844899,3.983291]",
116,"[4.388603,1.845722,3.983293]",
117,"[4.406913,1.84588,3.983294]",
118,"[4.560646,1.799946,3.983197]",
119,"[4.678912,1.756612,3.983107]",
120,"[4.718021,1.740404,3.983073]",
121,"[4.763188,1.720485,3.983031]",
122,"[4.781487,1.712676,3.983015]",
123,"[4.785682,1.711413,3.983012]",
124,"[4.799271,1.710214,3.983009]",
125,"[4.80479,1.710649,3.98301]",
126,"[4.817631,1.710923,3.983011]",
127,"[4.824682,1.710565,3.98301]",
128,"[4.831255,1.709827,3.983009]",
129,"[4.831868,1.709522,3.983008]",
130,"[4.831392,1.709403,3.983008]",
131,"[4.827133,1.710082,3.983009]",
132,"[4.823326,1.711002,3.983011]",
133,"[4.815039,1.713266,3.983016]",
134,"[4.810199,1.714798,3.983019]",
135,"[4.670528,1.743384,3.983079]",
136,"[4.520056,1.769011,3.983133]",
137,"[4.44948,1.777676,3.983151]",
138,"[4.42733,1.780879,3.983157]",
139,"[4.413044,1.782337,3.98316]",
140,"[4.393222,1.785328,3.983167]",
141,"[4.38476,1.785811,3.983168]",
142,"[4.368159,1.785824,3.983168]",
143,"[4.35849,1.785838,3.983168]",
144,"[4.341966,1.782631,3.983161]",
145,"[4.335558,1.778604,3.983153]",
146,"[4.329046,1.773482,3.983142]",
147,"[4.308275,1.720037,3.98303]",
148,"[4.265978,1.526174,3.982624]",
149,"[4.249691,1.444869,3.982454]",
150,"[4.250214,1.417635,3.982397]",
151,"[4.268019,1.366618,3.98229]",
152,"[4.279756,1.342476,3.982239]",
153,"[4.294709,1.320815,3.982194]",
154,"[4.310766,1.296344,3.965772]",
155,"[4.318675,1.283837,3.958519]",
156,"[4.33817,1.207351,3.957912]",
157,"[4.345047,1.186609,3.913127]",
158,"[4.357529,1.126387,3.911954]",
159,"[4.363445,1.097592,3.911398]",
160,"[4.370131,1.048784,3.91077]",
161,"[4.371915,1.027029,3.910602]",
162,"[4.370793,1.018762,3.910707]",
163,"[4.369946,1.005715,3.910787]",
164,"[4.370338,0.9995241,3.91075]",
165,"[4.387468,0.9935545,3.90914]",
166,"[4.393642,0.9874893,3.90856]",
167,"[4.402511,0.9755154,3.907726]",
168,"[4.404055,0.9706997,3.907581]",
169,"[4.404926,0.962809,3.907499]",
170,"[4.406385,0.9510252,3.907362]",
171,"[4.406684,0.9433926,3.907334]",
172,"[4.435078,0.9164112,3.904665]",
173,"[4.442982,0.9058431,3.903922]",
174,"[4.453616,0.8900676,3.902922]",
175,"[4.449147,0.8819752,3.903342]",
176,"[4.44134,0.8583963,3.904076]",
177,"[4.438889,0.8466008,3.904306]",
178,"[4.50508,0.8111753,3.898084]",
179,"[4.556326,0.7876475,3.893267]",
180,"[4.614915,0.7806653,3.88776]",
181,"[4.67174,0.7910194,3.882418]",
182,"[4.690976,0.8021765,3.88061]",
183,"[4.718455,0.8191065,3.878027]",
184,"[4.729816,0.8241829,3.876959]",
185,"[4.742013,0.8278088,3.875813]",
186,"[4.749033,0.8303025,3.875153]",
187,"[4.747367,0.8310647,3.875309]",
188,"[4.760572,0.831569,3.874068]",
189,"[4.772722,0.830927,3.872926]",
190,"[4.789816,0.8306472,3.871319]",
191,"[4.797527,0.831435,3.870595]",
192,"[4.814182,0.8400955,3.869029]",
193,"[4.817982,0.8497518,3.859376]",
194,"[4.822712,0.8556847,3.853584]",
195,"[4.831577,0.8585347,3.854641]",
196,"[4.834189,0.8602649,3.854952]",
197,"[4.834728,0.8604019,3.855016]",
198,"[4.834997,0.8588737,3.855048]",
199,"[4.836045,0.8572609,3.855173]",
200,"[4.834902,0.8578367,3.855037]",
201,"[4.832274,0.8602421,3.854724]",
202,"[4.830981,0.8616405,3.85457]",
203,"[4.828344,0.8617986,3.854255]",
204,"[4.824258,0.8627683,3.853768]",
205,"[4.821971,0.8617702,3.853495]",
206,"[4.818567,0.8594705,3.854473]",
207,"[4.818079,0.8563876,3.858558]",
208,"[4.831845,0.839142,3.854673]",
209,"[4.843193,0.8257761,3.856026]",
210,"[4.851496,0.8158906,3.857016]",
211,"[4.861714,0.8022019,3.858234]",
212,"[4.865018,0.7970245,3.858628]",
213,"[4.870267,0.7881597,3.859254]",
214,"[4.872272,0.7848391,3.859493]",
215,"[4.874825,0.7806732,3.859798]",
216,"[4.875735,0.7790866,3.859906]",
217,"[4.883596,0.7734119,3.860844]",
218,"[4.894828,0.7645968,3.862183]",
219,"[4.898911,0.7611682,3.86267]",
220,"[4.904469,0.7556968,3.863333]",
221,"[4.906821,0.7532416,3.863613]",
222,"[4.910673,0.7516481,3.864072]",
223,"[4.913177,0.751111,3.864371]",
224,"[4.915481,0.7505601,3.864645]",
225,"[4.920786,0.7493468,3.865278]",
226,"[4.923784,0.7487988,3.865636]",
227,"[4.932947,0.747498,3.866728]",
228,"[4.936989,0.7470174,3.86721]",
229,"[4.945463,0.7483159,3.868221]",
230,"[4.947306,0.7486485,3.868441]",
231,"[4.951338,0.7486945,3.868921]",
232,"[4.953661,0.7486923,3.869198]",
233,"[4.956223,0.7490413,3.869504]",
234,"[4.959621,0.7520897,3.869909]",
235,"[4.961582,0.7545691,3.870143]",
236,"[4.965219,0.7609425,3.870576]",
237,"[4.966945,0.7650904,3.870782]",
238,"[4.970258,0.7753543,3.871177]",
239,"[4.971797,0.7811459,3.871361]",
240,"[4.971754,0.785552,3.871356]",
241,"[4.97183,0.7884366,3.871365]",
242,"[4.971279,0.7901557,3.871299]",
243,"[4.970082,0.7944377,3.871156]",
244,"[4.969385,0.796846,3.871073]",
245,"[4.967341,0.7951065,3.87083]",
246,"[4.966318,0.794395,3.870708]",
247,"[4.96394,0.790618,3.870424]",
248,"[4.959502,0.7889631,3.869895]",
249,"[4.955697,0.7874143,3.869441]",
250,"[4.948611,0.7838352,3.868596]",
251,"[4.945058,0.7807975,3.868172]",
252,"[4.936797,0.7694109,3.867188]",
253,"[4.93089,0.7586336,3.866483]",
254,"[4.921547,0.7315364,3.865369]",
255,"[4.918497,0.7167215,3.865005]",
256,"[4.919872,0.6892025,3.865169]",
257,"[4.921151,0.6762548,3.865322]",
258,"[4.922018,0.6745303,3.865425]",
259,"[4.925633,0.6722731,3.865856]",
260,"[4.928332,0.6706818,3.866178]",
261,"[4.935773,0.6600997,3.867065]",
262,"[4.942154,0.6551523,3.867826]",
263,"[4.959702,0.6608503,3.869919]",
264,"[4.969241,0.6628653,3.871056]",
265,"[4.978733,0.6683454,3.872188]",
266,"[4.995615,0.6806925,3.874201]",
267,"[5.005163,0.6923237,3.87534]",
268,"[5.023232,0.721508,3.877494]",
269,"[5.032444,0.7364318,3.878592]",
270,"[5.046738,0.7577769,3.880297]",
271,"[5.053309,0.766156,3.881081]",
272,"[5.059258,0.7734423,3.88179]",
273,"[5.070758,0.787279,3.883161]",
274,"[5.075852,0.7940198,3.883769]",
275,"[5.083698,0.8075216,3.884704]",
276,"[5.086375,0.8176764,3.885024]",
277,"[5.088849,0.8374533,3.885319]",
278,"[5.088862,0.848072,3.88532]",
279,"[5.08721,0.867227,3.885123]",
280,"[5.085446,0.878087,3.884913]",
281,"[5.083517,0.890048,3.884683]",
282,"[5.078905,0.9132833,3.884133]",
283,"[5.076529,0.9268152,3.883849]",
284,"[5.066065,0.9495199,3.882602]",
285,"[5.059312,0.9625908,3.881797]",
286,"[4.964751,1.00303,3.870521]",
287,"[4.951918,1.014804,3.868991]",
288,"[4.939964,1.011863,3.867565]",
289,"[4.934405,1.017267,3.866902]",
290,"[4.935568,1.022613,3.867041]",
291,"[4.942913,1.035826,3.867917]",
292,"[4.947962,1.043139,3.868519]",
293,"[4.959211,1.057554,3.86986]",
294,"[4.964307,1.063223,3.870468]",
295,"[4.96804,1.068709,3.870913]",
296,"[4.971025,1.072306,3.871269]",
297,"[4.972074,1.069899,3.871394]",
298,"[4.973476,1.061703,3.871561]",
299,"[4.973833,1.057356,3.871604]",
300,"[4.974744,1.047432,3.871712]",
301,"[4.977029,1.03897,3.871985]",
302,"[4.980642,1.024845,3.872416]",
303,"[4.982048,1.019111,3.872583]",
304,"[4.98282,1.014806,3.872675]",
305,"[4.983335,1.008116,3.872737]",
306,"[4.98314,1.004889,3.872714]",
307,"[4.982265,0.9994708,3.872609]",
308,"[4.981516,0.9953743,3.87252]",
309,"[4.980066,0.9894369,3.872347]",
310,"[4.979266,0.9866784,3.872252]",
311,"[4.978799,0.9831665,3.872196]",
312,"[4.978321,0.981172,3.872139]",
313,"[4.977724,0.9803311,3.872068]",
314,"[4.97611,0.9784967,3.871875]",
315,"[4.974731,0.9772437,3.871711]",
316,"[4.972952,0.9766101,3.871499]",
317,"[4.971137,0.9764963,3.871282]",
318,"[4.9709,0.9764311,3.871254]",
319,"[4.969906,0.9763272,3.871135]",
320,"[4.96911,0.9761263,3.871041]",
321,"[4.96746,0.9759322,3.870844]",
322,"[4.9666,0.9760776,3.870741]",
323,"[4.96539,0.9775427,3.870597]",
324,"[4.965074,0.9786019,3.870559]",
325,"[4.964756,0.9792652,3.870522]",
326,"[4.964986,0.9792951,3.870549]",
327,"[4.965332,0.9791232,3.87059]",
328,"[4.965943,0.9779094,3.87066]",
329,"[4.966132,0.9774131,3.870552]",
330,"[4.966554,0.9793262,3.868497]",
331,"[4.966496,0.9810358,3.866175]",
332,"[4.965471,0.989827,3.855965]",
333,"[4.964534,0.9962572,3.848368]",
334,"[4.962566,1.008023,3.83423]",
335,"[4.957906,1.014782,3.825478]",
336,"[4.953319,1.022664,3.815431]",
337,"[4.945395,1.040887,3.793245]",
338,"[4.940558,1.049812,3.780253]",
339,"[4.933537,1.073549,3.751339]",
340,"[4.930731,1.087213,3.736015]",
341,"[4.926287,1.120406,3.701773]",
342,"[4.924354,1.141106,3.681284]",
343,"[4.922405,1.162022,3.660601]",
344,"[4.954554,0.6245353,4.206568]",
345,"[4.953739,0.6245382,4.207332]",
346,"[4.949153,0.6245769,4.209098]",
347,"[4.94581,0.6246083,4.210029]",
348,"[4.945032,0.624616,4.210196]",
349,"[4.944489,0.6246222,4.210221]",
350,"[4.941979,0.6246544,4.209937]",
351,"[4.941863,0.6246564,4.209865]",
352,"[4.941722,0.6246596,4.209699]",
353,"[4.939243,0.6247028,4.208125]",
354,"[4.937708,0.6247371,4.206287]",
355,"[4.894938,0.6255007,4.177005]",
356,"[4.882234,0.6257743,4.162988]",
357,"[4.867246,0.6261012,4.145981]",
358,"[4.862565,0.6262126,4.139613]",
359,"[4.858844,0.6263013,4.134538]",
360,"[4.854434,0.626384,4.131061]",
361,"[4.852105,0.626407,4.131577]",
362,"[4.848102,0.6264466,4.132468]",
363,"[4.84611,0.6264678,4.132741]",
364,"[4.844182,0.6264851,4.133363]",
365,"[4.844164,0.6264824,4.133694]",
366,"[4.844164,0.6264731,4.134755]",
367,"[4.84419,0.6264664,4.135478]",
368,"[4.844213,0.6264582,4.136381]",
369,"[4.843524,0.6264279,4.140754]",
370,"[4.842872,0.6264038,4.144373]",
371,"[4.841843,0.6263494,4.15194]",
372,"[4.841583,0.6263135,4.156374]",
373,"[4.842415,0.6262183,4.166083]",
374,"[4.84364,0.626157,4.171405]",
375,"[4.867114,0.6258241,4.177671]",
376,"[5.075509,0.3221402,4.457097]",
377,"[4.983269,1.188573,3.622231]",
378,"[5.024272,1.122358,3.690699]",
379,"[5.042478,1.098962,3.717541]",
380,"[5.073928,1.057187,3.764092]",
381,"[5.086147,1.041173,3.781625]",
382,"[5.099168,1.02607,3.798292]",
383,"[5.11825,1.000041,3.823692]",
384,"[5.126268,0.9871083,3.834197]",
385,"[5.137446,0.9648025,3.85149]",
386,"[5.139061,0.9543306,3.857347]",
387,"[5.150563,0.9352446,3.870427]",
388,"[5.153276,0.9332886,3.874973]",
389,"[5.16686,0.9372863,3.884572]",
390,"[5.179737,0.9436819,3.889114]",
391,"[5.197131,0.9495859,3.893812]",
392,"[5.235848,0.9641335,3.901635]",
393,"[5.262801,0.9706403,3.90564]",
394,"[5.330701,0.9826097,3.914158]",
395,"[5.438294,0.981687,3.926987]",
396,"[5.560987,0.9773877,3.945585]",
397,"[5.631998,0.9728726,3.957206]",
398,"[5.950001,0.7410439,4.237495]",
399,"[5.950001,0.8447743,4.13674]",
400,"[5.950001,0.9182531,4.099395]",
401,"[5.95,1.164589,3.900076]",
402,"[5.95,1.258376,3.796783]",
403,"[5.95,1.680849,3.332626]",
404,"[5.95,1.694165,3.29286]",
405,"[5.95,1.713823,3.101908]",
406,"[5.95,1.690316,3.009485]",
407,"[5.530876,1.739732,2.984957]",
408,"[5.774146,1.698017,2.838563]",
409,"[5.757938,1.698017,2.802032]",
410,"[5.95,1.676667,2.562309]",
411,"[5.872762,1.687921,2.562425]",
412,"[5.748934,1.704989,2.558101]",
413,"[5.753944,1.704034,2.558276]",
414,"[5.753914,1.704049,2.558275]",
415,"[5.795818,1.704961,2.559738]",
416,"[5.798757,1.707827,2.559841]",
417,"[5.849097,1.719077,2.561599]",
418,"[5.95,1.71887,2.554049]",
419,"[5.95,1.738187,2.574775]",
420,"[5.95,1.75103,2.594623]",
421,"[5.95,1.767293,2.625336]",
422,"[5.95,1.772472,2.635116]",
423,"[5.95,1.77932,2.64507]",
424,"[5.95,1.797311,2.655293]",
425,"[5.555774,1.853451,2.758061]",
426,"[5.608872,1.948934,2.733663]",
427,"[5.608872,1.974183,2.727884]",
428,"[5.608872,2.006448,2.721666]",
429,"[5.608872,2.021594,2.719219]",
430,"[5.608872,2.025483,2.721665]",
431,"[5.608872,2.031578,2.722327]",
432,"[5.608872,2.031767,2.723589]",
433,"[5.608872,2.031534,2.727922]",
434,"[5.608872,2.031398,2.730235]",
435,"[5.608872,2.024095,2.737302]",
436,"[5.608872,2.019308,2.742179]",
437,"[5.608872,2.014848,2.746874]",
438,"[5.623841,2.013166,2.747104]",
439,"[5.633577,2.012409,2.747104]",
440,"[5.642941,2.012477,2.747104]",
441,"[5.645074,2.012776,2.747104]",
442,"[5.608872,2.021715,2.746552]",
443,"[5.608872,2.053743,2.738837]",
444,"[5.608872,2.069829,2.733812]",
445,"[5.608872,2.087198,2.726181]",
446,"[5.608872,2.092875,2.722484]",
447,"[5.608872,2.099615,2.716017]",
448,"[5.608872,2.100187,2.716105]",
449,"[5.608872,2.102085,2.709025]",
450,"[5.608872,2.102494,2.704842]",
451,"[5.608872,2.102864,2.700185]",
452,"[5.608872,2.102197,2.69138]",
453,"[5.608872,2.101409,2.685771]",
454,"[5.608872,2.098705,2.67223]",
455,"[5.608872,2.085338,2.638512]",
456,"[5.588957,2.035244,2.500036]",
457,"[5.587901,2.028508,2.475841]",
458,"[5.586509,2.018093,2.443974]",
459,"[5.585964,2.014091,2.43149]",
460,"[5.585631,2.012671,2.423857]",
461,"[5.585101,2.011198,2.411715]",
462,"[5.584865,2.010804,2.406308]",
463,"[5.584435,2.010208,2.396452]",
464,"[5.584228,2.010126,2.391706]",
465,"[5.583854,2.010621,2.38315]",
466,"[5.583663,2.010755,2.378763]",
467,"[5.583485,2.010686,2.374711]",
468,"[5.583498,2.01091,2.374995]",
469,"[5.583496,2.010958,2.374952]",
470,"[5.583135,2.010015,2.366694]",
471,"[5.582926,2.009234,2.361897]",
472,"[5.580781,2.001812,2.312781]",
473,"[5.580118,1.998271,2.297583]",
474,"[5.579145,1.99365,2.2753]",
475,"[5.578908,1.993173,2.269885]",
476,"[5.578434,1.991416,2.259003]",
477,"[5.578218,1.99028,2.254071]",
478,"[5.577976,1.988301,2.248518]",
479,"[5.577678,1.984844,2.241699]",
480,"[5.577551,1.983577,2.238787]",
481,"[5.577449,1.981875,2.236469]",
482,"[5.577465,1.981653,2.236815]",
483,"[5.577346,1.979625,2.234095]",
484,"[5.577211,1.977116,2.231015]",
485,"[5.576987,1.951583,2.225877]",
486,"[5.576101,1.883998,2.205585]",
487,"[5.576233,1.86272,2.19613]",
488,"[5.575819,1.841799,2.184048]",
489,"[5.576353,1.834017,2.178308]",
490,"[5.692667,1.826943,2.109574]",
491,"[5.686925,1.824683,2.109374]",
492,"[5.680618,1.822364,2.109154]",
493,"[5.672492,1.817698,2.10887]",
494,"[5.670282,1.815452,2.108793]",
495,"[5.662791,1.810642,2.108531]",
496,"[5.657673,1.808182,2.108352]",
497,"[5.645703,1.807045,2.107934]",
498,"[5.637081,1.80684,2.107633]",
499,"[5.627722,1.806299,2.107306]",
500,"[5.575003,1.81244,2.083008]",
501,"[5.95,1.800549,1.826518]",
502,"[5.95,1.805217,1.790623]",
503,"[5.95,1.806053,1.776262]",
504,"[5.95,1.806708,1.761955]",
505,"[5.95,1.809773,1.758717]",
506,"[5.95,1.813193,1.754912]",
507,"[5.95,1.81392,1.754132]",
508,"[5.95,1.814537,1.75551]",
509,"[5.95,1.81342,1.758984]",
510,"[5.95,1.811651,1.765826]",
511,"[5.95,1.803852,1.823405]",
512,"[5.95,1.796521,1.857816]",
513,"[5.95,1.681724,2.137857]",
514,"[5.95,1.666928,2.164018]",
515,"[5.579569,1.565512,2.417455]",
516,"[5.57932,1.545957,2.433375]",
517,"[5.57932,1.526121,2.47333]",
518,"[5.654064,1.483401,2.505306]",
519,"[5.559288,1.505152,2.533014]",
520,"[5.559766,1.48672,2.549563]",
521,"[5.704513,1.417549,2.55655]",
522,"[5.900014,1.334303,2.563377]",
523,"[5.883692,1.340024,2.562807]",
524,"[5.882202,1.33995,2.562755]",
525,"[5.95,1.319664,2.562807]",
526,"[5.95,1.324922,2.565927]",
527,"[5.910635,1.346563,2.578032]",
528,"[5.876176,1.361436,2.585352]",
529,"[5.723839,1.409028,2.623802]",
530,"[5.680702,1.420943,2.635546]",
531,"[5.646497,1.430321,2.644849]",
532,"[5.643638,1.431616,2.645693]",
533,"[5.639582,1.43331,2.646871]",
534,"[5.643143,1.441348,2.647067]",
535,"[5.651894,1.442229,2.645111]",
536,"[5.671956,1.443447,2.640522]",
537,"[5.675635,1.44431,2.639763]",
538,"[5.682038,1.446681,2.638555]",
539,"[5.683991,1.447894,2.638249]",
540,"[5.692202,1.447682,2.636279]",
541,"[5.698379,1.447133,2.634747]",
542,"[5.700563,1.44629,2.634121]",
543,"[5.699742,1.336896,2.626778]",
544,"[5.713497,1.292125,2.62521]",
545,"[5.563495,1.264227,2.620788]",
546,"[5.560585,1.236398,2.620279]",
547,"[5.95,0.8975567,2.572471]",
548,"[5.95,0.8780868,2.562979]",
549,"[5.840152,0.9427454,2.561286]",
550,"[5.788924,0.969389,2.559497]",
551,"[5.788064,0.9685674,2.559467]",
552,"[5.78548,0.96843,2.559377]",
553,"[5.780664,0.9704605,2.559209]",
554,"[5.770608,0.9750332,2.558858]",
555,"[5.770595,0.9753177,2.558857]",
556,"[5.770249,0.9761809,2.558845]",
557,"[5.758626,0.9953603,2.558439]",
558,"[5.752926,1.006111,2.55824]",
559,"[5.762525,1.011973,2.558576]",
560,"[5.752173,1.022948,2.558214]",
561,"[5.725809,1.046043,2.557293]",
562,"[5.707091,1.058703,2.55664]",
563,"[5.65717,0.9859456,2.461838]",
564,"[5.62031,0.98439,2.447795]",
565,"[5.598046,0.9832644,2.44061]",
566,"[5.569868,0.9814423,2.432734]",
567,"[5.560588,0.9807775,2.430282]",
568,"[5.539384,0.9800167,2.433544]",
569,"[5.531567,0.9797058,2.434484]",
570,"[5.529188,0.9760152,2.434022]",
571,"[5.529466,0.9726629,2.433321]",
572,"[5.530023,0.9714496,2.429653]",
573,"[5.530914,0.9707168,2.423284]",
574,"[5.531271,0.9709193,2.420532]",
575,"[5.531857,0.9701921,2.416449]",
576,"[5.532051,0.9696614,2.41521]",
577,"[5.532592,0.9666756,2.412391]",
578,"[5.532924,0.9645103,2.410796]",
579,"[5.533316,0.9613577,2.409159]",
580,"[5.534919,0.9477957,2.402725]",
581,"[5.536161,0.9370562,2.397843]",
582,"[5.544406,0.8714542,2.363071]",
583,"[5.548209,0.8452985,2.346901]",
584,"[5.716238,0.6622186,2.291333]",
585,"[5.709294,0.6622185,2.284564]",
586,"[5.702546,0.6622186,2.267634]",
587,"[5.699854,0.6622186,2.259774]",
588,"[5.704007,0.6622186,2.251066]",
589,"[5.596,0.7689495,2.265439]",
590,"[5.596,0.7721176,2.26033]",
591,"[5.596,0.7757771,2.251837]",
592,"[5.596,0.7763518,2.250759]",
593,"[5.596,0.7789066,2.247506]",
594,"[5.596,0.7792987,2.244965]",
595,"[5.596,0.7755126,2.242132]",
596,"[5.596,0.7447582,2.236081]",
597,"[5.596,0.725852,2.233999]",
598,"[5.596,0.6935087,2.234953]",
599,"[5.596,0.6795275,2.237204]",
600,"[5.593176,0.6622186,2.242166]",
601,"[5.590097,0.6622186,2.245799]",
602,"[5.587291,0.6622186,2.248812]",
603,"[5.580922,0.6622186,2.255541]",
604,"[5.576859,0.6622185,2.259403]",
605,"[5.573006,0.6579721,2.266775]",
606,"[5.572785,0.6523623,2.270911]",
607,"[5.572478,0.6396899,2.279707]",
608,"[5.572324,0.633623,2.284127]",
609,"[5.572155,0.622529,2.331517]",
610,"[5.569305,0.622529,2.354587]",
611,"[5.5367,0.5623381,2.616023]",
612,"[5.535062,0.5385287,2.662933]",
613,"[5.534608,0.5290237,2.675926]",
614,"[5.533982,0.5181864,2.693879]",
615,"[5.533995,0.5173631,2.693509]",
616,"[5.533999,0.5157395,2.693383]",
617,"[5.534011,0.5139536,2.693021]",
618,"[5.534026,0.5126123,2.692622]",
619,"[5.534072,0.5067339,2.691289]",
620,"[5.534053,0.5018395,2.691836]",
621,"[5.53405,0.4912486,2.691918]",
622,"[5.534067,0.4861258,2.691436]",
623,"[5.534225,0.4800198,2.686923]",
624,"[5.534301,0.4795693,2.684725]",
625,"[5.534914,0.5024785,2.667186]",
626,"[5.535224,0.5143858,2.658282]",
627,"[5.535435,0.5227391,2.65227]",
628,"[5.535608,0.5327892,2.647292]",
629,"[5.53567,0.5353747,2.645523]",
630,"[5.535755,0.5374182,2.643095]",
631,"[5.535796,0.5381774,2.641924]",
632,"[5.535805,0.5394071,2.641653]",
633,"[5.53581,0.5396215,2.641516]",
634,"[5.535818,0.5396592,2.641281]",
635,"[5.535871,0.5415229,2.639775]",
636,"[5.53593,0.5414664,2.638099]",
637,"[5.536054,0.5387781,2.634533]",
638,"[5.536109,0.5386084,2.632952]",
639,"[5.53624,0.5373886,2.629207]",
640,"[5.536316,0.5367625,2.627012]",
641,"[5.5365,0.5391635,2.621766]",
642,"[5.536596,0.5426108,2.619012]",
643,"[5.536687,0.546081,2.616408]",
644,"[5.536849,0.5549732,2.611754]",
645,"[5.536972,0.5603798,2.608246]",
646,"[5.537181,0.5700424,2.602257]",
647,"[5.537276,0.5738782,2.599535]",
648,"[5.537454,0.5736951,2.594447]",
649,"[5.537561,0.5728014,2.591373]",
650,"[5.537597,0.5709048,2.590341]",
651,"[5.53767,0.5678847,2.588249]",
652,"[5.537707,0.5670046,2.587203]",
653,"[5.537815,0.5701957,2.584095]",
654,"[5.537871,0.5738941,2.582495]",
655,"[5.537722,0.5834497,2.586765]",
656,"[5.537635,0.5899766,2.589253]",
657,"[5.53752,0.5989278,2.592546]",
658,"[5.537464,0.6042473,2.59417]",
659,"[5.537399,0.612554,2.596015]",
660,"[5.554201,0.622529,2.603458]",
661,"[5.559003,0.622529,2.606903]",
662,"[5.56085,0.6368015,2.6127]",
663,"[5.56077,0.6432081,2.614993]",
664,"[5.560693,0.6578915,2.618748]",
665,"[5.563391,0.6621531,2.620686]",
666,"[5.570088,0.6622185,2.623103]",
667,"[5.569694,0.6622185,2.62432]",
668,"[5.567568,0.6622185,2.621641]",
669,"[5.560713,0.656253,2.616625]",
670,"[5.560765,0.6450025,2.615136]",
671,"[5.541519,0.622529,2.60908]",
672,"[5.537058,0.5967517,2.605778]",
673,"[5.537242,0.5069482,2.600516]",
674,"[5.537315,0.4682418,2.598416]",
675,"[5.537384,0.4463995,2.596444]",
676,"[5.537557,0.4103929,2.591495]",
677,"[5.537658,0.3946297,2.588589]",
678,"[5.537792,0.380352,2.584761]",
679,"[5.53788,0.368081,2.582246]",
680,"[5.538031,0.3512452,2.577929]",
681,"[5.537967,0.3491614,2.579745]",
682,"[5.53791,0.3461689,2.581384]",
683,"[5.537808,0.3501344,2.584288]",
684,"[5.53774,0.3550549,2.586248]",
685,"[5.537833,0.3847952,2.58358]",
686,"[5.537867,0.3923498,2.582607]",
687,"[5.537999,0.4172742,2.578841]",
688,"[5.538093,0.4341476,2.576151]",
689,"[5.53815,0.4433567,2.574512]",
690,"[5.538253,0.4574621,2.571567]",
691,"[5.538284,0.4624251,2.570665]",
692,"[5.538309,0.4691031,2.569969]",
693,"[5.538325,0.4736293,2.569505]",
694,"[5.538332,0.4773267,2.569298]",
695,"[5.538327,0.4780715,2.569452]",
696,"[5.538257,0.4816294,2.571441]",
697,"[5.538172,0.4854305,2.573878]",
698,"[5.538077,0.4906866,2.576606]",
699,"[5.537868,0.5042872,2.582588]",
700,"[5.537749,0.5128919,2.585999]",
701,"[5.537484,0.5323238,2.593595]",
702,"[5.537386,0.5402637,2.596391]",
703,"[5.537249,0.5542789,2.600328]",
704,"[5.537177,0.5595061,2.602383]",
705,"[5.537092,0.5634947,2.604806]",
706,"[5.536994,0.5634953,2.60761]",
707,"[5.536962,0.561852,2.608533]",
708,"[5.536915,0.5594449,2.609875]",
709,"[5.536899,0.558615,2.610345]",
710,"[5.536834,0.5556097,2.612196]",
711,"[5.536792,0.5532153,2.613408]",
712,"[5.536753,0.5508929,2.614507]",
713,"[5.536693,0.5471872,2.616238]",
714,"[5.536653,0.5446359,2.617372]",
715,"[5.536559,0.5328115,2.620062]",
716,"[5.536534,0.5249366,2.620776]",
717,"[5.536463,0.518701,2.622828]",
718,"[5.536419,0.5208207,2.624086]",
719,"[5.536318,0.5244793,2.626967]",
720,"[5.53627,0.5239437,2.628356]",
721,"[5.536104,0.5116165,2.633089]",
722,"[5.536015,0.5017092,2.635654]",
723,"[5.535947,0.4888028,2.637602]",
724,"[5.535869,0.4588649,2.639832]",
725,"[5.535856,0.4528764,2.640198]",
726,"[5.535898,0.4433608,2.638988]",
727,"[5.535936,0.4415875,2.637911]",
728,"[5.535999,0.4400106,2.636105]",
729,"[5.536032,0.4396703,2.63515]",
730,"[5.536124,0.4442646,2.63254]",
731,"[5.536207,0.4549257,2.630156]",
732,"[5.53622,0.4626987,2.629785]",
733,"[5.536255,0.4810084,2.62878]",
734,"[5.536272,0.4897173,2.628288]",
735,"[5.536307,0.4998364,2.627295]",
736,"[5.536357,0.5022165,2.625858]",
737,"[5.536443,0.5062329,2.623386]",
738,"[5.53648,0.5078393,2.622338]",
739,"[5.536511,0.5091583,2.62145]",
740,"[5.536508,0.5091265,2.621547]",
741,"[5.536504,0.5091006,2.621638]",
742,"[5.536479,0.5087451,2.622355]",
743,"[5.536468,0.5085441,2.622695]",
744,"[5.536441,0.5082041,2.623439]",
745,"[5.536417,0.5078064,2.62413]",
746,"[5.536388,0.5072439,2.624969]",
747,"[5.536341,0.5069683,2.62631]",
748,"[5.536323,0.5075763,2.626841]",
749,"[5.536271,0.5095284,2.628315]",
750,"[5.536253,0.5114076,2.628828]",
751,"[5.536244,0.5157028,2.629099]",
752,"[5.536252,0.5183792,2.628845]",
753,"[5.536263,0.5226295,2.628539]",
754,"[5.536334,0.5333548,2.62652]",
755,"[5.536371,0.5392843,2.625464]",
756,"[5.536461,0.5537475,2.622884]",
757,"[5.536502,0.5615561,2.621686]",
758,"[5.536578,0.5743957,2.619523]",
759,"[5.536617,0.5795809,2.618401]",
760,"[5.536658,0.5838269,2.617233]",
761,"[5.536675,0.585946,2.616732]",
762,"[5.536684,0.5870339,2.616505]",
763,"[5.536709,0.5903066,2.615767]",
764,"[5.536736,0.5932744,2.614996]",
765,"[5.536774,0.5968857,2.613919]",
766,"[5.536786,0.5986982,2.613572]",
767,"[5.536789,0.6004044,2.613482]",
768,"[5.536758,0.6013784,2.614358]",
769,"[5.536714,0.6029341,2.615635]",
770,"[5.53652,0.6065878,2.621177]",
771,"[5.536417,0.6087263,2.624137]",
772,"[5.536278,0.6104747,2.628112]",
773,"[5.536221,0.6108695,2.629753]",
774,"[5.53612,0.6117573,2.632627]",
775,"[5.536095,0.6114354,2.633368]",
776,"[5.536077,0.6112213,2.633853]",
777,"[5.536118,0.6013289,2.632701]",
778,"[5.536135,0.6018059,2.632206]",
779,"[5.536205,0.6058261,2.63021]",
780,"[5.536214,0.6087062,2.629952]",
781,"[5.536226,0.6119902,2.629602]",
782,"[5.536225,0.6121127,2.629645]",
783,"[5.536229,0.6122031,2.629534]",
784,"[5.536237,0.6122501,2.629293]",
785,"[5.536255,0.6083233,2.628761]",
786,"[5.536273,0.6048494,2.628259]",
787,"[5.536273,0.6048228,2.628248]",
788,"[5.536317,0.5979043,2.626989]",
789,"[5.536376,0.5951908,2.625319]",
790,"[5.536709,0.5943866,2.615787]",
791,"[5.536939,0.5947553,2.609192]",
792,"[5.537214,0.5948946,2.601305]",
793,"[5.537941,0.595711,2.580497]",
794,"[5.538389,0.596096,2.567658]",
795,"[5.565389,0.5479655,2.387665]",
796,"[5.565827,0.5440416,2.375104]",
797,"[5.569324,0.5241789,2.274992]",
798,"[5.570095,0.5155714,2.252912]",
799,"[5.570542,0.5096307,2.24011]",
800,"[5.571117,0.5003417,2.223638]",
801,"[5.57136,0.4959434,2.216691]",
802,"[5.571331,0.4980532,2.217513]",
803,"[5.571314,0.4994543,2.217976]",
804,"[5.571312,0.5012742,2.218035]",
805,"[5.571173,0.5044317,2.222042]",
806,"[5.570859,0.5103648,2.231014]",
807,"[5.570718,0.5126778,2.235053]",
808,"[5.570648,0.5136597,2.237069]",
809,"[5.570454,0.5177859,2.242632]",
810,"[5.570379,0.520079,2.244774]",
811,"[5.5703,0.5222235,2.247041]",
812,"[5.570248,0.5230122,2.248512]",
813,"[5.570159,0.5242183,2.25105]",
814,"[5.57011,0.524954,2.252462]",
815,"[5.569988,0.5263467,2.255956]",
816,"[5.569839,0.5282243,2.260221]",
817,"[5.569614,0.5322599,2.266678]",
818,"[5.563943,0.542685,2.278618]",
819,"[5.559212,0.549024,2.284406]",
820,"[5.548975,0.563968,2.293623]",
821,"[5.544903,0.5687302,2.297202]",
822,"[5.537202,0.5774819,2.302136]",
823,"[5.531798,0.5833472,2.304479]",
824,"[5.527826,0.5876662,2.306248]",
825,"[5.519139,0.596763,2.309334]",
826,"[5.51464,0.6013311,2.310679]",
827,"[5.504869,0.6106207,2.313182]",
828,"[5.498861,0.6163185,2.314478]",
829,"[5.492256,0.622529,2.315579]",
830,"[5.491746,0.622529,2.315334]",
831,"[5.490469,0.622529,2.314867]",
832,"[5.489654,0.622529,2.314638]",
833,"[5.489281,0.622529,2.314331]",
834,"[5.689349,0.4122934,2.262343]",
835,"[5.688283,0.4128802,2.263026]",
836,"[5.684856,0.4137705,2.263999]",
837,"[5.682652,0.4139327,2.264122]",
838,"[5.950001,0.1281711,2.195816]",
839,"[5.950001,0.1257891,2.195286]",
840,"[5.950001,0.1222955,2.19577]",
841,"[5.950001,0.1147907,2.195581]",
842,"[5.950001,0.1102759,2.194912]",
843,"[5.946234,0.1,2.192409]",
844,"[5.936401,0.1,2.19233]",
845,"[5.902716,0.1,2.1941]",
846,"[5.867099,0.1,2.194865]",
847,"[5.833737,0.1,2.197683]",
848,"[5.823762,0.1,2.19958]",
849,"[5.816903,0.1,2.200837]",
850,"[5.546249,0.426941,2.27533]",
851,"[5.535742,0.4268901,2.2749]",
852,"[5.521976,0.4267627,2.274263]",
853,"[5.516553,0.4266678,2.273957]",
854,"[5.50121,0.4264753,2.273185]",
855,"[5.494262,0.4264357,2.272894]",
856,"[5.488842,0.4262427,2.272467]",
857,"[5.450551,0.4416116,2.289999]",
858,"[5.443144,0.4445476,2.293345]",
859,"[5.438003,0.4475014,2.296792]",
860,"[5.437089,0.4482927,2.297732]",
861,"[5.437492,0.4481615,2.297585]",
862,"[5.438973,0.4469403,2.296137]",
863,"[5.440235,0.4461424,2.295202]",
864,"[5.441197,0.445271,2.294166]",
865,"[5.440831,0.445347,2.294246]",
866,"[5.440713,0.4437154,2.292238]",
867,"[5.440929,0.4424939,2.290746]",
868,"[5.443255,0.4386903,2.286158]",
869,"[5.44551,0.4355714,2.282407]",
870,"[5.451507,0.429601,2.275287]",
871,"[5.452947,0.4278025,2.273129]",
872,"[5.454741,0.4253248,2.270149]",
873,"[5.460405,0.4171226,2.260277]",
874,"[5.46471,0.4108745,2.252757]",
875,"[5.575252,0.32113,2.103184]",
876,"[5.576988,0.4322603,1.854933]",
877,"[5.577434,0.441404,1.842166]",
878,"[5.577659,0.448839,1.835728]",
879,"[5.57785,0.4545769,1.830262]",
880,"[5.577777,0.4807315,1.832346]",
881,"[5.577835,0.4903444,1.830687]",
882,"[5.577629,0.5070015,1.836585]",
883,"[5.577499,0.5113413,1.840314]",
884,"[5.577344,0.5179788,1.84473]",
885,"[5.577235,0.5208668,1.847868]",
886,"[5.577094,0.5259546,1.851909]",
887,"[5.577052,0.528186,1.853104]",
888,"[5.577079,0.529779,1.852335]",
889,"[5.577045,0.5298528,1.8533]",
890,"[5.57704,0.5296888,1.853446]",
891,"[5.577116,0.5266043,1.851279]",
892,"[5.577157,0.5241364,1.850122]",
893,"[5.577254,0.5161836,1.847332]",
894,"[5.577279,0.513597,1.846614]",
895,"[5.577369,0.5110377,1.844037]",
896,"[5.577617,0.5065229,1.836945]",
897,"[5.577754,0.503446,1.832998]",
898,"[5.577867,0.4992613,1.829781]",
899,"[5.57796,0.4974582,1.827124]",
900,"[5.578059,0.4959083,1.824283]",
901,"[5.5781,0.4956167,1.82311]",
902,"[5.577935,0.4961635,1.827824]",
903,"[5.57779,0.4968112,1.831971]",
904,"[5.577686,0.4975255,1.834956]",
905,"[5.577294,0.4977408,1.846184]",
906,"[5.577166,0.4972788,1.849851]",
907,"[5.576847,0.4938872,1.858977]",
908,"[5.576743,0.4920813,1.861952]",
909,"[5.576614,0.489928,1.865638]",
910,"[5.576554,0.4874546,1.867373]",
911,"[5.576513,0.4845025,1.868555]",
912,"[5.57647,0.4792774,1.869776]",
913,"[5.576443,0.4773363,1.870539]",
914,"[5.576429,0.4751135,1.870945]",
915,"[5.576437,0.4742661,1.870732]",
916,"[5.57656,0.4729198,1.867193]",
917,"[5.576621,0.4728512,1.865464]",
918,"[5.576789,0.4695592,1.860635]",
919,"[5.577265,0.4492727,1.847019]",
920,"[5.577598,0.4347801,1.83747]",
921,"[5.578027,0.414423,1.825193]",
922,"[5.578196,0.4057011,1.820356]",
923,"[5.578431,0.3919608,1.813632]",
924,"[5.578524,0.3869652,1.810972]",
925,"[5.578701,0.3793926,1.805879]",
926,"[5.578784,0.3758883,1.803493]",
927,"[5.578858,0.3732396,1.801394]",
928,"[5.579128,0.3660707,1.793646]",
929,"[5.579238,0.3636026,1.790515]",
930,"[5.579286,0.3595994,1.789148]",
931,"[5.579317,0.3577614,1.788259]",
932,"[5.579365,0.3552263,1.786881]",
933,"[5.579387,0.3537853,1.786232]",
934,"[5.579405,0.3526248,1.785718]",
935,"[5.579428,0.3509892,1.785083]",
936,"[5.579445,0.3499884,1.784577]",
937,"[5.579464,0.3488844,1.784036]",
938,"[5.579469,0.3485483,1.783897]",
939,"[5.579483,0.3474944,1.783507]",
940,"[5.579493,0.3466728,1.7832]",
941,"[5.579502,0.3437163,1.782958]",
942,"[5.579504,0.3416235,1.782908]",
943,"[5.57951,0.3400602,1.782733]",
944,"[5.577269,0.3408123,1.784466]",
945,"[5.573436,0.3451669,1.787933]",
946,"[5.566317,0.3525395,1.793656]",
947,"[5.56252,0.3562142,1.796348]",
948,"[5.553689,0.3659492,1.803265]",
949,"[5.548658,0.3717163,1.807362]",
950,"[5.542286,0.3803248,1.813559]",
951,"[5.529722,0.3975268,1.825888]",
952,"[5.524483,0.4048333,1.831087]",
953,"[5.507434,0.4280728,1.84797]",
954,"[5.498764,0.4398302,1.856623]",
955,"[5.481458,0.464282,1.874024]",
956,"[5.471769,0.4771234,1.883306]",
957,"[5.451753,0.5040907,1.902741]",
958,"[5.442723,0.5161691,1.911517]",
959,"[5.432836,0.5295761,1.921185]",
960,"[5.414469,0.554486,1.939114]",
961,"[5.405269,0.5748937,1.952024]",
962,"[5.388405,0.6068943,1.972712]",
963,"[5.380706,0.621595,1.981853]",
964,"[5.383253,0.622529,1.980945]",
965,"[5.384307,0.622529,1.980224]",
966,"[5.51591,0.4481157,1.854904]",
967,"[5.505488,0.466074,1.862919]",
968,"[5.502997,0.4701115,1.864716]",
969,"[5.502292,0.471727,1.865445]",
970,"[5.503655,0.4699146,1.864647]",
971,"[5.532696,0.4261997,1.845264]",
972,"[5.55371,0.3944104,1.831166]",
973,"[5.568429,0.3722845,1.821356]",
974,"[5.590437,0.3394545,1.806806]",
975,"[5.746427,0.1241621,1.666495]",
976,"[5.748447,0.1123871,1.666566]",
977,"[5.748486,0.1082425,1.666567]",
978,"[5.749758,0.1015114,1.666612]",
979,"[5.749541,0.1,1.667525]",
980,"[5.74954,0.1,1.668035]",
981,"[5.749615,0.1,1.668198]",
982,"[5.749723,0.1,1.668309]",
983,"[5.750288,0.1,1.668539]",
984,"[5.751049,0.1,1.668589]",
985,"[5.752171,0.1,1.667558]",
986,"[5.752627,0.1,1.667252]",
987,"[5.753456,0.1,1.666846]",
988,"[5.754028,0.1003736,1.666761]",
989,"[5.755019,0.1008101,1.666795]",
990,"[5.755682,0.1007651,1.666818]",
991,"[5.378034,0.622529,2.005255]",
992,"[5.379587,0.622529,2.004071]",
993,"[5.380805,0.622529,2.003434]",
994,"[5.385098,0.622529,2.002463]",
995,"[5.769292,0.1059677,1.667294]",
996,"[5.788075,0.1,1.670781]",
997,"[5.795315,0.1,1.676273]",
998,"[5.801934,0.1,1.681396]",
999,"[5.588346,0.4080001,1.896208]",
1000,"[5.605332,0.4080001,1.915607]",
1001,"[5.629416,0.5159018,2.107366]",
1002,"[5.725128,0.4419428,2.110708]",
1003,"[5.565979,0.7070981,2.347816]",
1004,"[5.551874,0.7279692,2.367232]",
1005,"[5.546863,0.7846171,2.455421]",
1006,"[5.54875,0.8019861,2.492254]",
1007,"[5.590536,0.7798961,2.521552]",
1008,"[5.559023,0.8068056,2.5406]",
1009,"[5.778475,0.6622185,2.619428]",
1010,"[5.764379,0.6622185,2.625304]",
1011,"[5.745309,0.6622185,2.614621]",
1012,"[5.709674,0.6622185,2.626216]",
1013,"[5.604465,0.7232838,2.615823]",
1014,"[5.576019,0.7327391,2.628127]",
1015,"[5.576019,0.6865224,2.690063]",
1016,"[5.592021,0.6622185,2.717902]",
1017,"[5.541313,0.622529,2.805176]",
1018,"[5.529592,0.6204649,2.819589]",
1019,"[5.529037,0.6114773,2.835455]",
1020,"[5.528885,0.6106031,2.839828]",
1021,"[5.529196,0.6088223,2.830927]",
1022,"[5.529378,0.6077667,2.825711]",
1023,"[5.52981,0.6103451,2.813329]",
1024,"[5.530175,0.6113298,2.802897]",
1025,"[5.530725,0.6135135,2.787152]",
1026,"[5.531304,0.6146873,2.770548]",
1027,"[5.531473,0.6146399,2.765732]",
1028,"[5.531575,0.6143582,2.762799]",
1029,"[5.532367,0.6223241,2.740113]",
1030,"[5.533993,0.622529,2.734539]",
1031,"[5.535058,0.622529,2.729398]",
1032,"[5.535044,0.622529,2.72832]",
1033,"[5.532874,0.6218325,2.725597]",
1034,"[5.532901,0.6193523,2.724829]",
1035,"[5.532924,0.6145878,2.724162]",
1036,"[5.532957,0.6125039,2.723212]",
1037,"[5.532979,0.6107126,2.722585]",
1038,"[5.531384,0.6086656,2.721244]",
1039,"[5.526762,0.6113471,2.719395]",
1040,"[5.514263,0.6215314,2.714521]",
1041,"[5.511897,0.622529,2.714458]",
1042,"[5.511301,0.622529,2.713998]",
1043,"[5.510835,0.622529,2.713406]",
1044,"[5.510292,0.622529,2.712788]",
1045,"[5.508755,0.622529,2.709736]",
1046,"[5.507822,0.622529,2.707646]",
1047,"[5.699821,0.4262023,2.766708]",
1048,"[5.695091,0.4308553,2.763796]",
1049,"[5.686347,0.4398292,2.758814]",
1050,"[5.689507,0.4366771,2.758805]",
1051,"[5.69632,0.4301749,2.758959]",
1052,"[5.700136,0.4267356,2.759189]",
1053,"[5.703341,0.4236965,2.759741]",
1054,"[5.708518,0.4185535,2.760194]",
1055,"[5.707427,0.4177556,2.759951]",
1056,"[5.701644,0.4183439,2.757894]",
1057,"[5.697676,0.4193193,2.756293]",
1058,"[5.658837,0.432809,2.736655]",
1059,"[5.640684,0.4359325,2.726332]",
1060,"[5.634264,0.4153734,2.718501]",
1061,"[5.626961,0.3964871,2.710025]",
1062,"[5.427876,0.622529,2.653646]",
1063,"[5.420404,0.622529,2.647217]",
1064,"[5.417307,0.622529,2.644075]",
1065,"[5.414389,0.622529,2.638875]",
1066,"[5.413243,0.622529,2.636059]",
1067,"[5.413501,0.622529,2.631515]",
1068,"[5.414155,0.622529,2.631771]",
1069,"[5.416444,0.622529,2.630879]",
1070,"[5.650565,0.3723936,2.674415]",
1071,"[5.910114,0.1,2.719758]",
1072,"[5.950001,0.1444413,2.644778]",
1073,"[5.55026,0.7202975,2.411537]",
1074,"[5.547862,0.7313886,2.395491]",
1075,"[5.550273,0.7455388,2.370822]",
1076,"[5.552959,0.7521481,2.356162]",
1077,"[5.697316,0.6622186,2.291479]",
1078,"[5.700685,0.6622185,2.287442]",
1079,"[5.705992,0.6622186,2.283957]",
1080,"[5.707894,0.6622186,2.284392]",
1081,"[5.715846,0.6622186,2.282974]",
1082,"[5.721629,0.6622185,2.280863]",
1083,"[5.72795,0.6622185,2.281879]",
1084,"[5.729176,0.6622186,2.283805]",
1085,"[5.565862,0.7761443,2.335563]",
1086,"[5.558654,0.7820662,2.343599]",
1087,"[5.556765,0.7833782,2.345749]",
1088,"[5.555429,0.7842518,2.347277]",
1089,"[5.555337,0.7842746,2.34739]",
1090,"[5.55967,0.7836646,2.342029]",
1091,"[5.561841,0.7830586,2.339398]",
1092,"[5.564013,0.7823336,2.336786]",
1093,"[5.565096,0.7822697,2.335429]",
1094,"[5.566275,0.7819608,2.333997]",
1095,"[5.563924,0.7847502,2.336463]",
1096,"[5.562874,0.7860494,2.337556]",
1097,"[5.561097,0.7887281,2.339318]",
1098,"[5.560609,0.7894566,2.339803]",
1099,"[5.560243,0.7901191,2.340147]",
1100,"[5.559987,0.7907141,2.340363]",
1101,"[5.587082,0.7732635,2.332672]",
1102,"[5.750401,0.6622186,2.298142]",
1103,"[5.231553,1.01745,2.406375]",
1104,"[5.225478,1.022306,2.404637]",
1105,"[5.224774,1.023152,2.403468]",
1106,"[5.232952,1.018524,2.399238]",
1107,"[5.236165,1.016788,2.397575]",
1108,"[5.7605,0.6622185,2.287707]",
1109,"[5.762033,0.6622186,2.287754]",
1110,"[5.762262,0.6622185,2.288309]",
1111,"[5.763054,0.6622185,2.290135]",
1112,"[5.763924,0.6622185,2.291181]",
1113,"[5.766557,0.6622186,2.29294]",
1114,"[5.76824,0.6622186,2.293728]",
1115,"[5.769653,0.6622185,2.295487]",
1116,"[5.769578,0.6622186,2.296346]",
1117,"[5.769301,0.6622185,2.29745]",
1118,"[5.769079,0.6622185,2.297095]",
1119,"[5.768925,0.6622186,2.296696]",
1120,"[5.768388,0.6622186,2.295719]",
1121,"[5.768079,0.6622185,2.29501]",
1122,"[5.22851,1.025919,2.393812]",
1123,"[5.224307,1.028668,2.394319]",
1124,"[5.22751,1.026315,2.39321]",
1125,"[5.237373,1.019521,2.391095]",
1126,"[5.245909,1.013637,2.389196]",
1127,"[5.763417,0.6622185,2.292688]",
1128,"[5.764914,0.6622186,2.29187]",
1129,"[5.76981,0.6622186,2.289188]",
1130,"[5.799134,0.6622186,2.245923]",
1131,"[5.596,0.8063311,2.272902]",
1132,"[5.596,0.8105025,2.267235]",
1133,"[5.596,0.8152717,2.261294]",
1134,"[5.596,0.8191087,2.259539]",
1135,"[5.596,0.8194349,2.258975]",
1136,"[5.596,0.8199353,2.257884]",
1137,"[5.596,0.8201393,2.257332]",
1138,"[5.596,0.8207202,2.256543]",
1139,"[5.596,0.8211227,2.25629]",
1140,"[5.596,0.8211284,2.254222]",
1141,"[5.596,0.8212517,2.253247]",
1142,"[5.596,0.8214135,2.252996]",
1143,"[5.596,0.8215054,2.25252]",
1144,"[5.596,0.821389,2.252286]",
1145,"[5.596,0.8210587,2.252072]",
1146,"[5.603446,0.8163406,2.249921]",
1147,"[5.612194,0.8112039,2.248215]",
1148,"[5.856528,0.6622186,2.178155]",
1149,"[5.856939,0.6622186,2.178282]",
1150,"[5.859354,0.6622186,2.177935]",
1151,"[5.859371,0.6622186,2.178105]",
1152,"[5.859815,0.6622186,2.178251]",
1153,"[5.8603,0.6622186,2.178259]",
1154,"[5.86136,0.6622186,2.178194]",
1155,"[5.862074,0.6622185,2.178615]",
1156,"[5.863054,0.6622186,2.179098]",
1157,"[5.863391,0.6622186,2.179125]",
1158,"[5.863901,0.6622185,2.179089]",
1159,"[5.864006,0.6622185,2.179213]",
1160,"[5.863978,0.6622186,2.179273]",
1161,"[5.864571,0.6622186,2.17905]",
1162,"[5.864972,0.6622186,2.178865]",
1163,"[5.86732,0.6622186,2.179429]",
1164,"[5.87643,0.6622186,2.178425]",
1165,"[5.895023,0.6622186,2.175251]",
1166,"[5.950001,0.6709605,2.169955]",
1167,"[5.950001,0.7195585,2.182608]",
1168,"[5.661503,1.194491,2.316978]",
1169,"[5.95,1.187981,2.269005]",
1170,"[5.571307,1.233226,2.329669]",
1171,"[5.570779,1.252072,2.32836]",
1172,"[5.57596,1.272738,2.315601]",
1173,"[5.57596,1.300166,2.296019]",
1174,"[5.57596,1.311629,2.288311]",
1175,"[5.57596,1.320319,2.282801]",
1176,"[5.57596,1.326116,2.280342]",
1177,"[5.57596,1.324966,2.279578]",
1178,"[5.57596,1.324399,2.279045]",
1179,"[5.57596,1.319435,2.27812]",
1180,"[5.57596,1.317345,2.278033]",
1181,"[5.57596,1.313349,2.278309]",
1182,"[5.57596,1.310167,2.278943]",
1183,"[5.57596,1.309449,2.279198]",
1184,"[5.57596,1.302738,2.280186]",
1185,"[5.57596,1.300225,2.28067]",
1186,"[5.57596,1.298242,2.28121]",
1187,"[5.57596,1.295634,2.28134]",
1188,"[5.57596,1.293465,2.281678]",
1189,"[5.57596,1.293489,2.281667]",
1190,"[5.57596,1.293208,2.281552]",
1191,"[5.57596,1.300666,2.281422]",
1192,"[5.57596,1.300666,2.281422]",
1193,"[5.57596,1.300308,2.281251]",
1194,"[5.57596,1.300176,2.281102]",
1195,"[5.57596,1.298584,2.280591]",
1196,"[5.57596,1.29522,2.280185]",
1197,"[5.530689,1.299638,2.290562]",
1198,"[5.57596,1.289258,2.278436]",
1199,"[5.57596,1.287928,2.277618]",
1200,"[5.57596,1.283782,2.276]",
1201,"[5.57596,1.283167,2.275711]",
1202,"[5.57596,1.283035,2.275491]",
1203,"[5.57596,1.282966,2.275361]",
1204,"[5.57596,1.290333,2.275188]",
1205,"[5.57596,1.297635,2.275304]",
1206,"[5.57596,1.297812,2.275621]",
1207,"[5.57596,1.312344,2.27506]",
1208,"[5.57596,1.312292,2.275224]",
1209,"[5.57596,1.319393,2.27467]",
1210,"[5.57596,1.319037,2.274297]",
1211,"[5.57596,1.326716,2.272525]",
1212,"[5.57596,1.326773,2.27227]",
1213,"[5.57596,1.326234,2.272118]",
1214,"[5.57596,1.326249,2.272152]",
1215,"[5.57596,1.335229,2.270896]",
1216,"[5.57596,1.343194,2.270757]",
1217,"[5.57596,1.343547,2.271844]",
1218,"[5.57596,1.344097,2.274664]",
1219,"[5.57596,1.343605,2.27716]",
1220,"[5.57596,1.34323,2.280199]",
1221,"[5.57596,1.34069,2.288427]",
1222,"[5.57596,1.338903,2.292715]",
1223,"[5.57596,1.338068,2.308479]",
1224,"[5.57596,1.338939,2.31353]",
1225,"[5.57596,1.340642,2.319023]",
1226,"[5.576993,1.347145,2.322666]",
1227,"[5.577767,1.347732,2.325144]",
1228,"[5.578801,1.355393,2.32788]",
1229,"[5.579126,1.361781,2.328255]",
1230,"[5.591482,1.356723,2.332421]",
1231,"[5.62651,1.335154,2.332421]",
1232,"[5.680398,1.300761,2.332421]",
1233,"[5.712574,1.27928,2.332421]",
1234,"[5.689668,1.290382,2.337116]",
1235,"[5.687871,1.290113,2.338702]",
1236,"[5.68729,1.28937,2.339498]",
1237,"[5.686833,1.287224,2.340412]",
1238,"[5.68638,1.283597,2.34132]",
1239,"[5.566181,1.350674,2.350649]",
1240,"[5.552278,1.352802,2.354215]",
1241,"[5.677024,1.264227,2.351408]",
1242,"[5.673374,1.264227,2.353151]",
1243,"[5.674708,1.264227,2.353436]",
1244,"[5.678824,1.264227,2.353563]",
1245,"[5.681159,1.264227,2.353508]",
1246,"[5.683285,1.264227,2.353416]",
1247,"[5.683463,1.264227,2.353174]",
1248,"[5.685329,1.264585,2.349345]",
1249,"[5.685305,1.264689,2.34786]",
1250,"[5.68682,1.267516,2.340625]",
1251,"[5.69369,1.264227,2.335026]",
1252,"[5.696304,1.264227,2.33084]",
1253,"[5.715185,1.264227,2.319417]",
1254,"[5.721754,1.264227,2.316231]",
1255,"[5.730958,1.264227,2.311561]",
1256,"[5.73466,1.264227,2.309527]",
1257,"[5.57936,1.372598,2.328524]",
1258,"[5.57867,1.374594,2.327729]",
1259,"[5.580232,1.37797,2.329529]",
1260,"[5.615417,1.364417,2.332421]",
1261,"[5.648038,1.349085,2.332421]",
1262,"[5.705986,1.322509,2.332421]",
1263,"[5.686872,1.341343,2.34047]",
1264,"[5.685399,1.345394,2.343422]",
1265,"[5.685315,1.350559,2.348521]",
1266,"[5.685416,1.355049,2.35462]",
1267,"[5.685544,1.356707,2.357682]",
1268,"[5.603839,1.409484,2.369112]",
1269,"[5.692232,1.354749,2.361246]",
1270,"[5.690477,1.355194,2.361726]",
1271,"[5.688966,1.355308,2.362312]",
1272,"[5.686838,1.351313,2.359096]",
1273,"[5.685495,1.346291,2.352946]",
1274,"[5.685217,1.344167,2.350329]",
1275,"[5.685452,1.341198,2.347725]",
1276,"[5.685581,1.339437,2.346125]",
1277,"[5.686013,1.337597,2.3447]",
1278,"[5.686389,1.335549,2.343587]",
1279,"[5.686337,1.335125,2.343316]",
1280,"[5.685701,1.336244,2.345906]",
1281,"[5.685709,1.336609,2.3473]",
1282,"[5.68573,1.33753,2.349801]",
1283,"[5.685742,1.338391,2.351214]",
1284,"[5.685753,1.339178,2.352554]",
1285,"[5.685767,1.340116,2.354162]",
1286,"[5.685779,1.340575,2.355156]",
1287,"[5.685811,1.342206,2.357745]",
1288,"[5.685841,1.343809,2.360657]",
1289,"[5.685892,1.349951,2.366916]",
1290,"[5.68591,1.353828,2.370065]",
1291,"[5.685943,1.359619,2.375194]",
1292,"[5.685957,1.362162,2.377498]",
1293,"[5.685964,1.362407,2.378331]",
1294,"[5.685975,1.362733,2.379563]",
1295,"[5.685985,1.363004,2.380892]",
1296,"[5.686002,1.363428,2.382879]",
1297,"[5.686011,1.363845,2.384084]",
1298,"[5.686033,1.365402,2.386697]",
1299,"[5.686047,1.366573,2.388369]",
1300,"[5.686059,1.367589,2.389874]",
1301,"[5.584257,1.436143,2.408681]",
1302,"[5.580842,1.439085,2.413056]",
1303,"[5.57932,1.440715,2.424671]",
1304,"[5.57932,1.440921,2.43271]",
1305,"[5.57932,1.442207,2.453302]",
1306,"[5.57932,1.443889,2.466718]",
1307,"[5.57932,1.445352,2.478765]",
1308,"[5.626775,1.436112,2.650263]",
1309,"[5.609976,1.446484,2.655577]",
1310,"[5.580188,1.464512,2.664953]",
1311,"[5.565843,1.473147,2.669462]",
1312,"[5.551807,1.479646,2.674509]",
1313,"[5.552955,1.478592,2.673665]",
1314,"[5.553622,1.477917,2.673157]",
1315,"[5.555402,1.477277,2.672465]",
1316,"[5.556556,1.477162,2.672177]",
1317,"[5.564252,1.476069,2.670215]",
1318,"[5.566469,1.476559,2.669754]",
1319,"[5.568748,1.478258,2.669435]",
1320,"[5.557044,1.493055,2.676225]",
1321,"[5.56181,1.49681,2.687371]",
1322,"[5.563177,1.497648,2.691143]",
1323,"[5.563944,1.498036,2.693455]",
1324,"[5.564883,1.498196,2.69704]",
1325,"[5.565102,1.49795,2.698558]",
1326,"[5.565274,1.497683,2.699925]",
1327,"[5.565286,1.49773,2.699859]",
1328,"[5.151582,1.723661,2.584763]",
1329,"[5.147863,1.725027,2.584778]",
1330,"[5.146992,1.725494,2.584541]",
1331,"[5.148049,1.723469,2.586826]",
1332,"[5.148925,1.7218,2.588525]",
1333,"[5.149692,1.720605,2.589635]",
1334,"[5.151638,1.719478,2.589691]",
1335,"[5.155514,1.717367,2.590594]",
1336,"[5.166077,1.710102,2.594874]",
1337,"[5.171519,1.706432,2.597088]",
1338,"[5.182032,1.700193,2.600582]",
1339,"[5.187438,1.696664,2.602852]",
1340,"[5.200747,1.688068,2.607469]",
1341,"[5.563359,1.495139,2.697927]",
1342,"[5.562218,1.493215,2.697713]",
1343,"[5.561204,1.491831,2.696743]",
1344,"[5.550701,1.480809,2.678765]",
1345,"[5.554059,1.470864,2.671955]",
1346,"[5.566785,1.455035,2.666899]",
1347,"[5.571096,1.4497,2.66519]",
1348,"[5.574819,1.445915,2.663821]",
1349,"[5.580908,1.439817,2.661592]",
1350,"[5.58402,1.437454,2.660551]",
1351,"[5.59072,1.433148,2.65841]",
1352,"[5.594541,1.431071,2.657238]",
1353,"[5.596909,1.429741,2.656506]",
1354,"[5.598446,1.428933,2.656038]",
1355,"[5.601589,1.427083,2.655055]",
1356,"[5.603559,1.425905,2.654437]",
1357,"[5.660948,1.392076,2.636491]",
1358,"[5.710776,1.362497,2.625566]",
1359,"[5.877393,1.264227,2.635744]",
1360,"[5.880157,1.264227,2.628335]",
1361,"[5.881736,1.264227,2.624633]",
1362,"[5.883303,1.264227,2.622165]",
1363,"[5.886375,1.264227,2.617642]",
1364,"[5.886904,1.264227,2.61674]",
1365,"[5.886821,1.264227,2.612884]",
1366,"[5.885913,1.264227,2.610495]",
1367,"[5.882386,1.264227,2.609322]",
1368,"[5.880371,1.264227,2.608817]",
1369,"[5.876622,1.264227,2.607713]",
1370,"[5.8765,1.264227,2.607315]",
1371,"[5.87715,1.264227,2.606825]",
1372,"[5.881113,1.264227,2.606577]",
1373,"[5.886655,1.264227,2.606325]",
1374,"[5.95,1.236595,2.609278]",
1375,"[5.95,1.245932,2.60592]",
1376,"[5.95,1.283492,2.595815]",
1377,"[5.95,1.317768,2.587686]",
1378,"[5.95,1.407143,2.579992]",
1379,"[5.618701,1.583938,2.556265]",
1380,"[5.558848,1.645663,2.545865]",
1381,"[5.588459,1.913573,2.488619]",
1382,"[5.588334,1.918727,2.485753]",
1383,"[5.587088,1.976119,2.457217]",
1384,"[5.586525,2.000792,2.444335]",
1385,"[5.583747,2.039417,2.3807]",
1386,"[5.583014,2.040826,2.363909]",
1387,"[5.582673,2.042768,2.356096]",
1388,"[5.581769,2.039854,2.335384]",
1389,"[5.581412,2.03735,2.327236]",
1390,"[5.581161,2.005265,2.32147]",
1391,"[5.581028,1.998919,2.318438]",
1392,"[5.581104,1.98729,2.320166]",
1393,"[5.581348,1.976453,2.325752]",
1394,"[5.581438,1.970385,2.327821]",
1395,"[5.581593,1.951648,2.331356]",
1396,"[5.581626,1.943219,2.332133]",
1397,"[5.581705,1.925845,2.33394]",
1398,"[5.58191,1.920728,2.338623]",
1399,"[5.579973,1.914948,2.342853]",
1400,"[5.537815,1.908651,2.355986]",
1401,"[5.411116,1.896769,2.388041]",
1402,"[5.498137,1.901312,2.370704]",
1403,"[5.771719,1.919393,2.309824]",
1404,"[5.771719,1.918361,2.312822]",
1405,"[5.771719,1.918859,2.322842]",
1406,"[5.771719,1.919913,2.33399]",
1407,"[5.771719,1.920245,2.337444]",
1408,"[5.771719,1.920396,2.342164]",
1409,"[5.771719,1.920231,2.344049]",
1410,"[5.771719,1.920019,2.345857]",
1411,"[5.771719,1.919789,2.348031]",
1412,"[5.771719,1.920046,2.349158]",
1413,"[5.771719,1.920877,2.350589]",
1414,"[5.771719,1.921423,2.351125]",
1415,"[5.771719,1.9224,2.34956]",
1416,"[5.771719,1.922935,2.348582]",
1417,"[5.771719,1.922617,2.338467]",
1418,"[5.771719,1.920712,2.333084]",
1419,"[5.771719,1.919413,2.329335]",
1420,"[5.771719,1.916696,2.325012]",
1421,"[5.771719,1.915179,2.323946]",
1422,"[5.771719,1.913039,2.324303]",
1423,"[5.771719,1.912104,2.326051]",
1424,"[5.771719,1.909957,2.336428]",
1425,"[5.771719,1.909848,2.344441]",
1426,"[5.771719,1.91029,2.354415]",
1427,"[5.58437,1.902337,2.394964]",
1428,"[5.584736,1.903446,2.403362]",
1429,"[5.58521,1.904924,2.414208]",
1430,"[5.585597,1.905543,2.423062]",
1431,"[5.95,1.919071,2.528484]",
1432,"[5.562098,1.898443,2.521445]",
1433,"[5.608872,1.908682,2.637691]",
1434,"[5.608872,1.91039,2.670412]",
1435,"[5.608872,1.907673,2.68618]",
1436,"[5.608872,1.903528,2.712321]",
1437,"[5.608872,1.901744,2.723258]",
1438,"[5.608872,1.899446,2.734158]",
1439,"[5.608872,1.898716,2.736247]",
1440,"[5.608872,1.897326,2.734025]",
1441,"[5.608872,1.8957,2.735181]",
1442,"[5.608872,1.894776,2.730379]",
1443,"[5.608872,1.896232,2.71858]",
1444,"[5.608872,1.89668,2.716831]",
1445,"[5.608872,1.897399,2.714342]",
1446,"[5.610048,1.897632,2.714051]",
1447,"[5.862098,1.909508,2.787474]",
1448,"[5.862098,1.908652,2.788553]",
1449,"[5.862098,1.907793,2.789997]",
1450,"[5.862098,1.907221,2.791184]",
1451,"[5.862098,1.9072,2.791175]",
1452,"[5.862098,1.908912,2.787049]",
1453,"[5.862098,1.909588,2.785277]",
1454,"[5.862098,1.910212,2.779851]",
1455,"[5.862098,1.910009,2.76999]",
1456,"[5.862098,1.909805,2.757924]",
1457,"[5.862098,1.909851,2.753405]",
1458,"[5.862098,1.909743,2.750202]",
1459,"[5.862098,1.909687,2.745933]",
1460,"[5.862098,1.909394,2.744324]",
1461,"[5.862098,1.908973,2.743439]",
1462,"[5.862098,1.908691,2.74305]",
1463,"[5.862098,1.907677,2.74188]",
1464,"[5.862098,1.90719,2.741032]",
1465,"[5.862098,1.906587,2.740018]",
1466,"[5.862098,1.904917,2.737182]",
1467,"[5.608872,1.893232,2.681475]",
1468,"[5.608872,1.891272,2.672536]",
1469,"[5.608872,1.890203,2.670471]",
1470,"[5.608872,1.887792,2.664212]",
1471,"[5.608872,1.885411,2.65043]",
1472,"[5.608872,1.883519,2.630714]",
1473,"[5.608872,1.887891,2.599239]",
1474,"[5.608872,1.88937,2.566199]",
1475,"[5.58842,1.894613,2.487727]",
1476,"[5.583878,1.906031,2.383698]",
1477,"[5.574873,1.886309,2.177461]",
1478,"[5.573397,1.882556,2.143652]",
1479,"[5.79238,1.792238,1.6681]",
1480,"[5.745356,1.782546,1.666458]",
1481,"[5.616923,1.745781,1.661973]",
1482,"[5.95,1.615236,1.038595]",
1483,"[5.95,1.581652,0.9525959]",
1484,"[5.950001,1.489356,0.8291125]",
1485,"[5.950001,1.442038,0.8755552]",
1486,"[5.950001,1.417166,1.0684]",
1487,"[5.950001,1.399326,1.088369]",
1488,"[5.950001,1.376755,1.099229]",
1489,"[5.630474,1.535312,1.662446]",
1490,"[5.654629,1.521354,1.66329]",
1491,"[5.707946,1.467139,1.665151]",
1492,"[5.727792,1.435222,1.665844]",
1493,"[5.622358,1.35356,1.849694]",
1494,"[5.578642,1.284408,1.918993]",
1495,"[5.624534,1.150335,1.894215]",
1496,"[5.624534,1.108911,1.899892]",
1497,"[5.624534,1.080147,1.903065]",
1498,"[5.624534,1.019717,1.907833]",
1499,"[5.624534,0.9920618,1.908686]",
1500,"[5.624534,0.9862401,1.906269]",
1501,"[5.624534,0.9773992,1.895147]",
1502,"[5.624534,0.9601285,1.875205]",
1503,"[5.624534,0.9524546,1.865336]",
1504,"[5.624534,0.944782,1.855751]",
1505,"[5.624534,0.9109869,1.818263]",
1506,"[5.624534,0.8905675,1.800291]",
1507,"[5.624534,0.8491867,1.769298]",
1508,"[5.624534,0.8311368,1.758327]",
1509,"[5.624534,0.8013114,1.740759]",
1510,"[5.624534,0.7889295,1.733386]",
1511,"[5.624534,0.7777771,1.729261]",
1512,"[5.624534,0.7675653,1.725535]",
1513,"[5.624534,0.754611,1.721105]",
1514,"[5.624534,0.7233657,1.711107]",
1515,"[5.594957,0.6620083,1.710304]",
1516,"[5.736845,0.1,1.479708]",
1517,"[5.683221,0.1,1.493786]",
1518,"[5.388316,0.622529,1.755166]",
1519,"[5.387487,0.622529,1.756654]",
1520,"[5.386152,0.622529,1.758435]",
1521,"[5.383345,0.622529,1.761572]",
1522,"[5.381802,0.622529,1.762922]",
1523,"[5.37837,0.622529,1.765208]",
1524,"[5.375806,0.622529,1.766469]",
1525,"[5.374645,0.622529,1.766958]",
1526,"[5.377509,0.622529,1.767175]",
1527,"[5.381588,0.622529,1.765946]",
1528,"[5.383249,0.622529,1.764584]",
1529,"[5.384611,0.622529,1.762717]",
1530,"[5.384398,0.622529,1.744589]",
1531,"[5.370624,0.6188999,1.712091]",
1532,"[5.372792,0.5672322,1.650007]",
1533,"[5.138524,0.6702116,1.510939]",
1534,"[5.10569,0.7163773,1.52703]",
1535,"[4.911588,0.8650198,1.518633]",
1536,"[4.890797,0.8800915,1.518633]",
1537,"[4.858879,0.8983371,1.518633]",
1538,"[4.850098,0.9028571,1.518633]",
1539,"[4.8402,0.9069445,1.518633]",
1540,"[4.838074,0.9080304,1.518633]",
1541,"[4.83481,0.911667,1.518633]",
1542,"[4.834476,0.9145992,1.518633]",
1543,"[4.834926,0.9174079,1.518633]",
1544,"[4.832762,0.9259472,1.518633]",
1545,"[4.834864,0.9285392,1.518633]",
1546,"[4.836779,0.9333627,1.518633]",
1547,"[4.836823,0.9359787,1.518633]",
1548,"[4.839057,0.941051,1.518633]",
1549,"[4.838991,0.9446232,1.518633]",
1550,"[4.841969,0.9497755,1.518633]",
1551,"[4.879055,0.902752,1.518633]",
1552,"[4.894354,0.8834791,1.518633]",
1553,"[4.915639,0.8594828,1.518633]",
1554,"[4.92094,0.8520112,1.518633]",
1555,"[4.933607,0.8329089,1.518633]",
1556,"[4.937653,0.825111,1.521376]",
1557,"[4.93853,0.825111,1.534561]",
1558,"[4.936761,0.825111,1.54366]",
1559,"[4.934481,0.825111,1.551095]",
1560,"[4.928622,0.8219389,1.562038]",
1561,"[4.925123,0.8190911,1.565737]",
1562,"[4.91983,0.8130724,1.567881]",
1563,"[4.919589,0.8112859,1.56811]",
1564,"[4.919501,0.8082738,1.568435]",
1565,"[4.919715,0.8068773,1.568537]",
1566,"[4.919506,0.8060715,1.568659]",
1567,"[4.917838,0.8163627,1.567926]",
1568,"[4.908545,0.825111,1.532401]",
1569,"[4.897108,0.8458773,1.518633]",
1570,"[4.881093,0.8674431,1.518633]",
1571,"[4.860725,0.8911895,1.518633]",
1572,"[4.853843,0.897032,1.518633]",
1573,"[4.848502,0.9005272,1.518633]",
1574,"[4.845304,0.9018453,1.518633]",
1575,"[4.845143,0.9018648,1.518633]",
1576,"[4.84414,0.9024428,1.518633]",
1577,"[4.844229,0.9018083,1.518633]",
1578,"[4.845217,0.9025589,1.518633]",
1579,"[4.845553,0.9042223,1.518633]",
1580,"[4.849177,0.9065949,1.518633]",
1581,"[4.851388,0.9066498,1.518633]",
1582,"[4.85355,0.9075508,1.518633]",
1583,"[4.859699,0.9088988,1.518633]",
1584,"[4.863731,0.9088765,1.518633]",
1585,"[4.869257,0.9065934,1.518633]",
1586,"[4.871188,0.9014492,1.518633]",
1587,"[4.873812,0.8913503,1.518633]",
1588,"[4.874547,0.8856629,1.518633]",
1589,"[4.875991,0.8731617,1.518633]",
1590,"[4.87675,0.8669959,1.518633]",
1591,"[4.877384,0.8612006,1.518633]",
1592,"[4.87879,0.8494482,1.518633]",
1593,"[4.879901,0.8443359,1.518633]",
1594,"[4.881819,0.8363553,1.518633]",
1595,"[4.886606,0.8329907,1.518633]",
1596,"[4.889901,0.8256446,1.518633]",
1597,"[4.893302,0.8251111,1.522532]",
1598,"[4.899545,0.8251111,1.525673]",
1599,"[4.91074,0.8251111,1.531538]",
1600,"[4.915445,0.8251111,1.532345]",
1601,"[4.924524,0.8251111,1.535064]",
1602,"[4.928535,0.8251111,1.536707]",
1603,"[4.932697,0.8251111,1.540061]",
1604,"[4.933438,0.825111,1.542558]",
1605,"[4.935925,0.8249487,1.557033]",
1606,"[4.941607,0.8071086,1.564322]",
1607,"[4.946768,0.8605912,1.608468]",
1608,"[4.958873,1.028295,1.732071]",
1609,"[4.967098,1.120696,1.799924]",
1610,"[4.962585,0.5773456,1.44736]",
1611,"[4.963459,0.5773456,1.449303]",
1612,"[4.964148,0.5773456,1.450882]",
1613,"[4.965232,0.5773456,1.452801]",
1614,"[4.965789,0.5773456,1.453314]",
1615,"[4.966738,0.5773456,1.454823]",
1616,"[4.967247,0.5773456,1.45664]",
1617,"[4.967964,0.5773456,1.460907]",
1618,"[4.967875,0.5773456,1.461552]",
1619,"[4.967826,0.5773456,1.462567]",
1620,"[4.967183,0.5773456,1.461965]",
1621,"[4.966279,0.5773456,1.460435]",
1622,"[4.965948,0.5773456,1.459519]",
1623,"[4.965755,0.5773456,1.459032]",
1624,"[4.965351,0.5773456,1.458471]",
1625,"[4.965538,0.5773456,1.458528]",
1626,"[4.965415,0.5773456,1.458066]",
1627,"[4.965073,0.5773456,1.457384]",
1628,"[4.963292,0.5773456,1.455247]",
1629,"[4.961831,0.5773456,1.453555]",
1630,"[4.960324,0.5773456,1.452127]",
1631,"[4.956532,0.5773456,1.44818]",
1632,"[4.954035,0.5773456,1.445645]",
1633,"[4.885246,0.5773456,1.369508]",
1634,"[4.898519,0.8051416,1.518633]",
1635,"[4.880535,0.8460955,1.518633]",
1636,"[4.875172,0.8596524,1.518633]",
1637,"[4.868956,0.8711834,1.518633]",
1638,"[4.86876,0.8715233,1.518633]",
1639,"[4.922707,1.124328,1.728644]",
1640,"[4.926765,1.141534,1.74126]",
1641,"[4.92538,1.135015,1.734334]",
1642,"[4.887842,0.9587067,1.582613]",
1643,"[4.873304,0.8865168,1.518633]",
1644,"[4.876915,0.9003247,1.518633]",
1645,"[4.883333,0.9492142,1.518633]",
1646,"[4.887206,0.9841743,1.518633]",
1647,"[4.891463,1.063712,1.518633]",
1648,"[4.892215,1.085656,1.518633]",
1649,"[4.891031,1.116358,1.518633]",
1650,"[4.889211,1.124352,1.518633]",
1651,"[4.887857,1.131658,1.518633]",
1652,"[4.888077,1.132684,1.518633]",
1653,"[4.883979,1.13586,1.518633]",
1654,"[4.879382,1.135866,1.518633]",
1655,"[4.882119,1.134494,1.518633]",
1656,"[4.884119,1.133488,1.518633]",
1657,"[4.883862,1.133762,1.518633]",
1658,"[4.870992,1.141356,1.518633]",
1659,"[4.864138,1.145918,1.518633]",
1660,"[4.84854,1.15062,1.518633]",
1661,"[4.839114,1.154038,1.518633]",
1662,"[4.842143,1.155873,1.518633]",
1663,"[4.832675,1.163906,1.518633]",
1664,"[4.82047,1.170121,1.518633]",
1665,"[4.593056,1.062397,1.362251]",
1666,"[4.582382,1.091375,1.393]",
1667,"[3.97654,0.7330765,0.8599696]",
1668,"[3.948451,0.7428981,0.8599696]",
1669,"[3.92319,0.7525283,0.8599696]",
1670,"[3.894301,0.7750049,0.8599696]",
1671,"[3.887929,0.7886528,0.8599696]",
1672,"[3.879707,0.8050405,0.8599696]",
1673,"[3.883973,0.8119591,0.8599696]",
1674,"[3.879485,0.8144361,0.8477534]",
1675,"[3.880388,0.8144361,0.83816]",
1676,"[3.886153,0.8144361,0.8238977]",
1677,"[3.889703,0.8144361,0.8222531]",
1678,"[3.892501,0.8144361,0.824116]",
1679,"[3.937851,0.8103368,0.8599696]",
1680,"[3.941676,0.788371,0.8599696]",
1681,"[3.93996,0.7478565,0.8599696]",
1682,"[3.935991,0.7334126,0.8599696]",
1683,"[3.929421,0.7215495,0.8599696]",
1684,"[3.926944,0.719246,0.8599696]",
1685,"[3.928706,0.7262541,0.8599696]",
1686,"[3.927315,0.7375339,0.8599696]",
1687,"[3.928249,0.7423873,0.8599696]",
1688,"[3.93022,0.7434362,0.8599696]",
1689,"[3.931521,0.7400336,0.8599696]",
1690,"[3.935167,0.6968687,0.8599696]",
1691,"[3.935841,0.6845231,0.8599696]",
1692,"[3.86669,0.3600984,0.6911662]",
1693,"[3.962597,0.5514361,0.9171251]",
1694,"[3.971085,0.5514361,0.9383992]",
1695,"[3.976985,0.5411181,0.9487157]",
1696,"[3.978457,0.5368193,0.9487157]",
1697,"[3.979349,0.5334808,0.9487157]",
1698,"[3.979433,0.5316216,0.9487157]",
1699,"[3.979097,0.5293906,0.9487157]",
1700,"[3.977037,0.5235392,0.9487157]",
1701,"[3.975461,0.5205315,0.9487157]",
1702,"[3.97394,0.5136152,0.9487157]",
1703,"[3.973009,0.5113689,0.9487157]",
1704,"[3.970705,0.5088629,0.9487157]",
1705,"[3.969138,0.5082133,0.9487157]",
1706,"[3.965061,0.5066362,0.9487157]",
1707,"[3.962723,0.5056887,0.9487157]",
1708,"[3.959895,0.5046652,0.9487157]",
1709,"[3.95707,0.5017439,0.9487157]",
1710,"[3.956948,0.5014599,0.9487157]",
1711,"[3.955861,0.5022078,0.9487157]",
1712,"[3.95601,0.5034916,0.9487157]",
1713,"[3.959426,0.5112025,0.9487157]",
1714,"[3.962547,0.5179846,0.9487157]",
1715,"[3.975829,0.5363182,0.9487157]",
1716,"[3.98056,0.5444186,0.9487157]",
1717,"[3.985967,0.5514361,0.9474866]",
1718,"[3.992064,0.5514361,0.9344295]",
1719,"[3.994333,0.5514361,0.9286007]",
1720,"[3.998157,0.5514361,0.9223909]",
1721,"[3.99894,0.5514361,0.916906]",
1722,"[3.999828,0.5514361,0.9091074]",
1723,"[4.000552,0.5514361,0.9087493]",
1724,"[4.00143,0.5514361,0.9089798]",
1725,"[4.005286,0.5514361,0.912953]",
1726,"[4.007568,0.5514361,0.915019]",
1727,"[4.017167,0.5514361,0.9142435]",
1728,"[4.03245,0.4579883,0.8136704]",
1729,"[4.086376,0.4579881,0.7659259]",
1730,"[4.128345,0.5931423,0.8599696]",
1731,"[4.142056,0.6044507,0.8599696]",
1732,"[4.166365,0.5916021,0.8599696]",
1733,"[4.16089,0.4579881,0.7817304]",
1734,"[4.177199,0.4579881,0.8188877]",
1735,"[4.181235,0.4579883,0.8337761]",
1736,"[4.195801,0.5514361,0.9187766]",
1737,"[4.198482,0.5514361,0.9258747]",
1738,"[4.199574,0.5514361,0.9311543]",
1739,"[4.198385,0.5514361,0.9303076]",
1740,"[4.184333,0.5514361,0.9254579]",
1741,"[4.169736,0.5514361,0.9192052]",
1742,"[4.165007,0.5514361,0.9172761]",
1743,"[4.156966,0.5514361,0.9139735]",
1744,"[4.153351,0.5514361,0.9118974]",
1745,"[4.135178,0.5514361,0.9072002]",
1746,"[4.129597,0.5514361,0.9050174]",
1747,"[4.125204,0.5514361,0.902832]",
1748,"[4.108908,0.4579883,0.8346385]",
1749,"[4.106944,0.4579883,0.8320346]",
1750,"[4.105809,0.4579883,0.8306441]",
1751,"[4.105589,0.4579883,0.8299143]",
1752,"[4.105104,0.4579883,0.824865]",
1753,"[4.102538,0.4579883,0.8191787]",
1754,"[4.099979,0.4579883,0.8126772]",
1755,"[4.096762,0.4579883,0.8020831]",
1756,"[4.096342,0.4579883,0.7997324]",
1757,"[4.095131,0.4579883,0.799253]",
1758,"[4.094841,0.4579883,0.8005584]",
1759,"[4.096488,0.4579883,0.8116071]",
1760,"[4.106024,0.5514361,0.9048074]",
1761,"[4.109651,0.5457194,0.9487157]",
1762,"[4.110195,0.5193055,0.9487157]",
1763,"[4.110497,0.5000933,0.9487157]",
1764,"[4.098976,0.4970641,0.9487157]",
1765,"[4.092169,0.5067375,0.9487157]",
1766,"[4.085467,0.5136465,0.9487157]",
1767,"[4.083532,0.5152965,0.9487157]",
1768,"[4.080453,0.5175397,0.9487157]",
1769,"[4.078507,0.5183129,0.9487157]",
1770,"[4.075284,0.5206917,0.9487157]",
1771,"[4.070111,0.5233474,0.9487157]",
1772,"[4.064987,0.5286573,0.9487157]",
1773,"[4.059037,0.533467,0.9487157]",
1774,"[4.056253,0.5351945,0.9487157]",
1775,"[4.050949,0.5362483,0.9487157]",
1776,"[4.048667,0.5291972,0.9487157]",
1777,"[4.04452,0.5217301,0.9478517]",
1778,"[4.042707,0.5231136,0.9486461]",
1779,"[4.041738,0.5255007,0.9506869]",
1780,"[4.04043,0.5283661,0.9573026]",
1781,"[4.039819,0.5360018,0.9640594]",
1782,"[4.03898,0.5514361,0.9792064]",
1783,"[4.03683,0.5514361,0.9786153]",
1784,"[4.031909,0.5514361,0.9769096]",
1785,"[4.010902,0.4579883,0.895349]",
1786,"[4.008454,0.4579883,0.8939769]",
1787,"[4.00571,0.4579883,0.8928189]",
1788,"[4.006408,0.4579883,0.893075]",
1789,"[4.00649,0.4579883,0.8946022]",
1790,"[4.006433,0.4579883,0.8959048]",
1791,"[4.011995,0.4763843,0.9157435]",
1792,"[4.013159,0.4763843,0.9187422]",
1793,"[4.01462,0.4763843,0.9222938]",
1794,"[4.018447,0.4763843,0.9299836]",
1795,"[4.022408,0.4763843,0.9347887]",
1796,"[4.029921,0.4763843,0.9434828]",
1797,"[4.033,0.4763843,0.9478597]",
1798,"[4.06028,0.4763843,0.9804137]",
1799,"[4.06499,0.4636004,0.9814433]",
1800,"[4.076522,0.4579882,1.013287]",
1801,"[4.079149,0.4579882,1.021571]",
1802,"[4.080428,0.4579882,1.027492]",
1803,"[4.080401,0.4579882,1.03708]",
1804,"[4.079622,0.4579882,1.041327]",
1805,"[4.080068,0.4579882,1.045572]",
1806,"[4.080746,0.4579882,1.046068]",
1807,"[4.082514,0.4579882,1.04679]",
1808,"[4.083643,0.4579882,1.04662]",
1809,"[4.084647,0.4579882,1.046498]",
1810,"[4.086774,0.4579882,1.045352]",
1811,"[4.087827,0.4579882,1.045242]",
1812,"[4.089278,0.4579882,1.044741]",
1813,"[4.089747,0.4579882,1.044614]",
1814,"[4.09045,0.4579882,1.0442]",
1815,"[4.090801,0.4579882,1.0438]",
1816,"[4.091477,0.4579882,1.042843]",
1817,"[4.091897,0.4579882,1.042285]",
1818,"[4.092261,0.4579882,1.041353]",
1819,"[4.093295,0.4579882,1.038838]",
1820,"[4.093959,0.4579882,1.03739]",
1821,"[4.095406,0.4579882,1.034165]",
1822,"[4.096243,0.4579882,1.032197]",
1823,"[4.096912,0.4579882,1.029249]",
1824,"[4.097323,0.4579882,1.027856]",
1825,"[4.097283,0.4579882,1.027202]",
1826,"[4.097101,0.4579882,1.026095]",
1827,"[4.096912,0.4579882,1.025707]",
1828,"[4.096561,0.4579882,1.025089]",
1829,"[4.096386,0.4579882,1.024722]",
1830,"[4.095531,0.4579882,1.024016]",
1831,"[4.094911,0.4579882,1.023143]",
1832,"[4.095765,0.4790587,1.036776]",
1833,"[4.109977,0.6918131,1.182652]",
1834,"[4.110376,0.7026026,1.189562]",
1835,"[4.110095,0.7024145,1.189074]",
1836,"[4.109901,0.7029722,1.189368]",
1837,"[4.109508,0.7051594,1.190697]",
1838,"[4.109699,0.7082823,1.192866]",
1839,"[4.109643,0.7113361,1.195001]",
1840,"[4.109542,0.7138165,1.196757]",
1841,"[4.109363,0.7153194,1.197833]",
1842,"[4.108517,0.7130505,1.196414]",
1843,"[4.065874,0.2014082,0.8378823]",
1844,"[4.064283,0.1993716,0.8378823]",
1845,"[4.063427,0.1983373,0.8378823]",
1846,"[4.062412,0.1973304,0.8378823]",
1847,"[4.062212,0.1972457,0.8378823]",
1848,"[4.06173,0.1977474,0.8378823]",
1849,"[4.061368,0.1982426,0.8378823]",
1850,"[4.058909,0.1997842,0.8378823]",
1851,"[4.054595,0.2025932,0.8378823]",
1852,"[4.052648,0.2038436,0.8378823]",
1853,"[4.04961,0.2063946,0.8378823]",
1854,"[4.047946,0.2079328,0.8378823]",
1855,"[4.045003,0.2092672,0.8378823]",
1856,"[4.044319,0.2114883,0.8378823]",
1857,"[4.042885,0.215522,0.8378823]",
1858,"[4.040916,0.2176419,0.8378823]",
1859,"[4.039214,0.219499,0.8378823]",
1860,"[4.036535,0.2326467,0.8378823]",
1861,"[4.035589,0.2383568,0.8378823]",
1862,"[4.093236,0.7527199,1.214146]",
1863,"[4.092345,0.7544978,1.21339]",
1864,"[4.054893,0.4579882,0.9840251]",
1865,"[4.053678,0.4579882,0.9808823]",
1866,"[4.052592,0.4579882,0.9778643]",
1867,"[4.051517,0.4633363,0.977322]",
1868,"[4.052652,0.4632026,0.9760807]",
1869,"[4.053317,0.4632656,0.9753531]",
1870,"[4.054335,0.4629917,0.9742397]",
1871,"[4.054738,0.4626023,0.9737984]",
1872,"[4.055336,0.4613353,0.9731441]",
1873,"[4.055952,0.4580179,0.9724703]",
1874,"[4.056917,0.4579882,0.9749484]",
1875,"[4.05703,0.4579882,0.9756353]",
1876,"[4.055726,0.4579882,0.9753415]",
1877,"[4.054387,0.4579882,0.9745519]",
1878,"[4.052461,0.4625723,0.9762895]",
1879,"[4.051445,0.4655864,0.9774011]",
1880,"[4.051539,0.4655773,0.9772982]",
1881,"[4.050231,0.4707036,0.9787284]",
1882,"[4.049672,0.4736773,0.9793403]",
1883,"[4.048208,0.4763843,0.9781476]",
1884,"[4.047344,0.4763843,0.9763912]",
1885,"[4.047511,0.4763843,0.9653207]",
1886,"[4.060755,0.4763843,0.9486706]",
1887,"[4.074473,0.4763843,0.9313589]",
1888,"[4.084989,0.4763843,0.9219221]",
1889,"[4.086919,0.2129298,0.6921148]",
1890,"[4.103634,0.4821096,0.9174159]",
1891,"[4.10762,0.4846311,0.9174159]",
1892,"[4.111794,0.4860112,0.9174159]",
1893,"[4.113872,0.4864724,0.9174159]",
1894,"[4.11808,0.4899521,0.9174159]",
1895,"[4.118257,0.493691,0.9174159]",
1896,"[4.118801,0.514939,0.9174159]",
1897,"[4.118637,0.5281155,0.9174159]",
1898,"[4.115034,0.5316007,0.8702506]",
1899,"[4.111119,0.5316007,0.8286966]",
1900,"[4.112061,0.4143154,0.6911662]",
1901,"[4.103997,0.5982593,0.8599696]",
1902,"[4.101247,0.6088566,0.8599696]",
1903,"[4.096856,0.6210744,0.8599696]",
1904,"[4.09383,0.6297423,0.8599696]",
1905,"[4.089214,0.6400628,0.8599696]",
1906,"[4.06384,0.6780692,0.8599696]",
1907,"[4.051471,0.6947661,0.8599696]",
1908,"[4.033987,0.7123098,0.8599696]",
1909,"[4.026215,0.71858,0.8599696]",
1910,"[4.01866,0.7224625,0.8599696]",
1911,"[4.0143,0.7238522,0.8599696]",
1912,"[4.014301,0.7207744,0.8599696]",
1913,"[4.01551,0.7196271,0.8599696]",
1914,"[4.016324,0.718275,0.8599696]",
1915,"[4.019266,0.7155868,0.8599696]",
1916,"[4.020294,0.7139204,0.8599696]",
1917,"[4.024179,0.7115193,0.8599696]",
1918,"[4.026205,0.7100875,0.8599696]",
1919,"[4.029394,0.707053,0.8599696]",
1920,"[4.033299,0.7041245,0.8599696]",
1921,"[4.03616,0.7019588,0.8599696]",
1922,"[4.041481,0.6998279,0.8599696]",
1923,"[4.043791,0.699806,0.8599696]",
1924,"[4.047977,0.7096869,0.8716711]",
1925,"[4.049282,0.712735,0.8751912]",
1926,"[4.052305,0.7317895,0.8971028]",
1927,"[4.05412,0.7444518,0.9112658]",
1928,"[4.056169,0.7543291,0.9220242]",
1929,"[4.059385,0.7777649,0.9488949]",
1930,"[4.061824,0.7882239,0.9608883]",
1931,"[4.064188,0.8106284,0.9868883]",
1932,"[4.064859,0.8144361,0.9907945]",
1933,"[4.065523,0.8144361,0.9902626]",
1934,"[4.068776,0.6624761,0.8029993]",
1935,"[4.068418,0.6777945,0.8233621]",
1936,"[4.068048,0.6843551,0.8330122]",
1937,"[4.067765,0.6900072,0.8416727]",
1938,"[4.06765,0.696449,0.8539758]",
1939,"[4.067719,0.6985061,0.859773]",
1940,"[4.067998,0.695487,0.8638421]",
1941,"[4.068101,0.6934045,0.8657416]",
1942,"[4.068164,0.6901956,0.8683889]",
1943,"[4.067426,0.6871104,0.8681038]",
1944,"[4.066872,0.6845322,0.8675923]",
1945,"[4.065647,0.6789325,0.8657708]",
1946,"[4.064958,0.6753085,0.863495]",
1947,"[4.063972,0.6642691,0.8566036]",
1948,"[4.066092,0.6488824,0.8581238]",
1949,"[4.068075,0.8144361,1.051462]",
1950,"[4.068184,0.8144361,1.058171]",
1951,"[4.068134,0.8144361,1.06303]",
1952,"[4.067666,0.7783961,1.032741]",
1953,"[4.067422,0.7578369,1.015856]",
1954,"[4.066349,0.7131021,0.9791064]",
1955,"[4.065756,0.6934975,0.9620594]",
1956,"[4.06432,0.6515238,0.9237313]",
1957,"[4.063505,0.6327036,0.9063372]",
1958,"[4.06214,0.5937405,0.8694062]",
1959,"[4.057472,0.4088705,0.6911662]",
1960,"[4.057416,0.4089008,0.6911662]",
1961,"[4.057244,0.408021,0.6911662]",
1962,"[4.057117,0.4055408,0.6911662]",
1963,"[4.057363,0.3871105,0.6911662]",
1964,"[4.058212,0.3702241,0.6911662]",
1965,"[4.060388,0.2585359,0.6911662]",
1966,"[4.067035,0.4763843,0.895839]",
1967,"[4.050914,0.4598002,0.977982]",
1968,"[4.036914,0.4579882,1.019984]",
1969,"[4.034269,0.4579882,1.031534]",
1970,"[4.031251,0.4579882,1.041024]",
1971,"[4.02953,0.4579882,1.042046]",
1972,"[4.027535,0.4579882,1.038114]",
1973,"[4.025187,0.4579882,1.032736]",
1974,"[4.023447,0.4579882,1.028869]",
1975,"[4.02073,0.4579882,1.021052]",
1976,"[4.020075,0.4579882,1.016713]",
1977,"[4.019338,0.4579882,1.011475]",
1978,"[4.019158,0.4579882,1.009876]",
1979,"[4.017973,0.4579883,1.00583]",
1980,"[4.01777,0.454687,1.00149]",
1981,"[4.028391,0.5514361,1.055425]",
1982,"[4.028699,0.5514361,1.054052]",
1983,"[4.027124,0.5325633,1.040951]",
1984,"[4.021591,0.4746531,1.001484]",
1985,"[4.019758,0.4542131,0.9848504]",
1986,"[4.0164,0.4324064,0.9551663]",
1987,"[4.014885,0.4276331,0.9422841]",
1988,"[4.015729,0.4203655,0.9234986]",
1989,"[4.016202,0.4148334,0.9146523]",
1990,"[4.018155,0.4103037,0.9109349]",
1991,"[4.023821,0.4099878,0.9097495]",
1992,"[4.026429,0.4016865,0.9037366]",
1993,"[4.031331,0.407299,0.9065423]",
1994,"[4.033241,0.409656,0.9075313]",
1995,"[4.036204,0.4163739,0.9110837]",
1996,"[4.036427,0.420236,0.9137673]",
1997,"[4.035255,0.4318452,0.9189134]",
1998,"[4.033329,0.4351893,0.9189134]",
1999,"[4.031128,0.439057,0.9189134]",
2000,"[4.022152,0.4554802,0.9189134]",
2001,"[4.015079,0.468811,0.9189134]",
2002,"[3.994791,0.5066865,0.9189134]",
2003,"[3.982177,0.5282873,0.9189134]",
2004,"[3.94721,0.5514361,0.9024827]",
2005,"[3.668046,0.1,0.3708173]",
2006,"[3.671141,0.6627658,0.6978415]",
2007,"[3.657158,0.6876848,0.7046565]",
2008,"[3.619092,0.7050068,0.7171023]",
2009,"[3.578439,0.7119265,0.7269129]",
2010,"[3.561177,0.7105293,0.7303605]",
2011,"[3.533855,0.6879034,0.7378713]",
2012,"[3.524336,0.6750588,0.7401736]",
2013,"[3.513915,0.6606113,0.7426941]",
2014,"[3.513351,0.6422133,0.7428185]",
2015,"[3.512438,0.6320806,0.7428336]",
2016,"[3.510778,0.6219501,0.7430395]",
2017,"[3.515244,0.6174315,0.7417988]",
2018,"[3.522106,0.6128152,0.7399423]",
2019,"[3.52405,0.6118131,0.739423]",
2020,"[3.531775,0.6103374,0.7374133]",
2021,"[3.536935,0.6077865,0.7360371]",
2022,"[3.54073,0.6077377,0.7350646]",
2023,"[3.546877,0.612107,0.7335852]",
2024,"[3.549623,0.6168988,0.7329857]",
2025,"[3.552242,0.7173551,0.7313734]",
2026,"[3.549842,0.7414513,0.7293692]",
2027,"[3.52397,0.8406145,0.7252319]",
2028,"[3.5088,0.8491938,0.7144346]",
2029,"[3.498362,0.8546323,0.7069376]",
2030,"[3.483445,0.8557939,0.6952602]",
2031,"[3.480591,0.8560975,0.6930378]",
2032,"[3.474492,0.8573595,0.6883783]",
2033,"[3.475072,0.8577494,0.6888952]",
2034,"[3.478237,0.859626,0.6916826]",
2035,"[3.480244,0.860954,0.6934705]",
2036,"[3.483773,0.8638153,0.69669]",
2037,"[3.485383,0.8652906,0.6981838]",
2038,"[3.486468,0.8657963,0.6991194]",
2039,"[3.513697,0.8822311,0.7342175]",
2040,"[3.607523,0.9423083,0.8588737]",
2041,"[3.331301,0.761256,0.4884842]",
2042,"[3.331301,0.7603396,0.4880711]",
2043,"[3.724406,1.015615,1.015525]",
2044,"[3.723817,1.01388,1.014537]",
2045,"[3.712031,1.005094,0.9982929]",
2046,"[3.387141,0.770111,0.554988]",
2047,"[3.399297,0.770111,0.5701572]",
2048,"[3.444839,0.770111,0.6323121]",
2049,"[3.455212,0.770111,0.6462402]",
2050,"[3.466261,0.770111,0.6647818]",
2051,"[3.469702,0.770111,0.6714324]",
2052,"[3.47419,0.770111,0.6806847]",
2053,"[3.477141,0.770111,0.6862243]",
2054,"[3.479491,0.770111,0.6905655]",
2055,"[3.489125,0.770111,0.7052791]",
2056,"[3.492952,0.770111,0.7116933]",
2057,"[3.501866,0.770111,0.7229069]",
2058,"[3.504477,0.770111,0.7259547]",
2059,"[3.507169,0.7678895,0.7288297]",
2060,"[3.50807,0.7665015,0.7298414]",
2061,"[3.50853,0.7633319,0.7326361]",
2062,"[3.50888,0.761683,0.7340567]",
2063,"[3.510756,0.7380711,0.7371981]",
2064,"[3.512316,0.712688,0.7394948]",
2065,"[3.512952,0.7031219,0.7403509]",
2066,"[3.512497,0.6932414,0.7414482]",
2067,"[3.511697,0.6898906,0.7419441]",
2068,"[3.511152,0.687986,0.7422431]",
2069,"[3.509968,0.6847321,0.7428024]",
2070,"[3.508111,0.682381,0.7433984]",
2071,"[3.50644,0.6799272,0.7439692]",
2072,"[3.505553,0.6786367,0.7442709]",
2073,"[3.505491,0.6771469,0.7444352]",
2074,"[3.505257,0.6759813,0.7445992]",
2075,"[3.506231,0.6714389,0.7445524]",
2076,"[3.507701,0.669387,0.7441971]",
2077,"[3.509703,0.6649919,0.7437127]",
2078,"[3.510838,0.6654834,0.7434381]",
2079,"[3.511546,0.6655785,0.7432671]",
2080,"[3.512493,0.66508,0.7430379]",
2081,"[3.512627,0.6531273,0.7430055]",
2082,"[3.511738,0.6360157,0.7430975]",
2083,"[3.512111,0.6155024,0.7425593]",
2084,"[3.512625,0.5922118,0.7419249]",
2085,"[3.50857,0.578901,0.7362291]",
2086,"[3.505287,0.5697384,0.732164]",
2087,"[3.498793,0.5536532,0.7250279]",
2088,"[3.494747,0.5441165,0.7207971]",
2089,"[3.487061,0.5265031,0.712983]",
2090,"[3.486759,0.522711,0.7144101]",
2091,"[3.490986,0.522711,0.7224767]",
2092,"[3.492988,0.522711,0.7258102]",
2093,"[3.496214,0.522711,0.7294546]",
2094,"[3.497486,0.522711,0.730829]",
2095,"[3.498178,0.522711,0.731095]",
2096,"[3.499094,0.522711,0.7311005]",
2097,"[3.499486,0.522711,0.7310009]",
2098,"[3.50039,0.522711,0.7304671]",
2099,"[3.500854,0.522711,0.7298898]",
2100,"[3.495615,0.522711,0.719798]",
2101,"[3.495847,0.5350162,0.7167597]",
2102,"[3.503045,0.5532457,0.7248471]",
2103,"[3.512954,0.5787826,0.7361764]",
2104,"[3.516652,0.5893738,0.7408326]",
2105,"[3.517514,0.6008283,0.7408592]",
2106,"[3.518401,0.6047391,0.7407165]",
2107,"[3.519698,0.6112772,0.7405254]",
2108,"[3.520099,0.6119499,0.7404375]",
2109,"[3.520405,0.6124601,0.7403701]",
2110,"[3.521204,0.6128494,0.7401739]",
2111,"[3.521683,0.6131881,0.7400586]",
2112,"[3.522887,0.6142903,0.7397742]",
2113,"[3.523182,0.6140512,0.7396934]",
2114,"[3.523655,0.6137574,0.739566]",
2115,"[3.523853,0.6136458,0.7395129]",
2116,"[3.52423,0.6133637,0.7394103]",
2117,"[3.524442,0.6131138,0.7393506]",
2118,"[3.52467,0.6128153,0.7392857]",
2119,"[3.525071,0.612278,0.7391714]",
2120,"[3.525233,0.6120414,0.7391252]",
2121,"[3.52549,0.6115829,0.7390493]",
2122,"[3.525648,0.6113006,0.7390026]",
2123,"[3.52683,0.6107359,0.7386879]",
2124,"[3.527436,0.6106445,0.7385308]",
2125,"[3.528461,0.6112129,0.7382807]",
2126,"[3.530475,0.6108994,0.7377582]",
2127,"[3.531873,0.6100068,0.7373813]",
2128,"[3.540301,0.6089225,0.7351999]",
2129,"[3.546052,0.608351,0.7337153]",
2130,"[3.565865,0.6046017,0.7285618]",
2131,"[3.571246,0.6050651,0.7271941]",
2132,"[3.581219,0.6063909,0.7246696]",
2133,"[3.583477,0.6074347,0.7241141]",
2134,"[3.585544,0.6084057,0.7236058]",
2135,"[3.58778,0.6097878,0.7230631]",
2136,"[3.588058,0.6102721,0.7230025]",
2137,"[3.588558,0.6113903,0.7228985]",
2138,"[3.588605,0.6118624,0.7228966]",
2139,"[3.588677,0.6128861,0.7229003]",
2140,"[3.588686,0.6134195,0.7229095]",
2141,"[3.588809,0.6150666,0.7229137]",
2142,"[3.588907,0.6163707,0.7229166]",
2143,"[3.58901,0.6166549,0.7228965]",
2144,"[3.589087,0.6172165,0.7228887]",
2145,"[3.58904,0.6173421,0.7229037]",
2146,"[3.588963,0.617353,0.7229238]",
2147,"[3.588952,0.6173138,0.7229257]",
2148,"[3.588912,0.6172919,0.7229352]",
2149,"[3.581933,0.6073725,0.7100322]",
2150,"[3.52185,0.522711,0.5989833]",
2151,"[3.729651,0.8220037,0.9976126]",
2152,"[3.732152,0.8261458,1.003657]",
2153,"[3.72922,0.823351,1.000485]",
2154,"[3.727402,0.8215973,0.9983712]",
2155,"[3.726566,0.8208125,0.997293]",
2156,"[3.725349,0.8194411,0.9958384]",
2157,"[3.724768,0.8186797,0.9951931]",
2158,"[3.724155,0.8169447,0.9931773]",
2159,"[3.724123,0.8159786,0.991761]",
2160,"[3.722507,0.8136751,0.989255]",
2161,"[3.721745,0.8118257,0.9868348]",
2162,"[3.5155,0.522711,0.6094236]",
2163,"[3.515682,0.522711,0.609883]",
2164,"[3.516385,0.522711,0.6109319]",
2165,"[3.517046,0.522711,0.6116686]",
2166,"[3.517943,0.522711,0.6125363]",
2167,"[3.526399,0.522711,0.6326623]",
2168,"[3.53185,0.522711,0.6458502]",
2169,"[3.539077,0.522711,0.6645145]",
2170,"[3.541531,0.522711,0.6714271]",
2171,"[3.544358,0.522711,0.6814465]",
2172,"[3.544942,0.522711,0.6853305]",
2173,"[3.5448,0.522711,0.6892005]",
2174,"[3.544521,0.522711,0.6954545]",
2175,"[3.544109,0.522711,0.6989432]",
2176,"[3.5432,0.522711,0.7051183]",
2177,"[3.542804,0.522711,0.7081265]",
2178,"[3.543215,0.522711,0.7133201]",
2179,"[3.543885,0.522711,0.7157519]",
2180,"[3.5451,0.522711,0.7205807]",
2181,"[3.545716,0.522711,0.7226115]",
2182,"[3.546225,0.522711,0.7243344]",
2183,"[3.547336,0.522711,0.7276846]",
2184,"[3.547245,0.5217257,0.7281922]",
2185,"[3.54709,0.518626,0.7283937]",
2186,"[3.547025,0.5171953,0.7284769]",
2187,"[3.547129,0.5114304,0.7283421]",
2188,"[3.547353,0.5054461,0.7280516]",
2189,"[3.547549,0.5008895,0.7277971]",
2190,"[3.547924,0.4936458,0.7273098]",
2191,"[3.548124,0.4906343,0.7270508]",
2192,"[3.548404,0.4843853,0.7266865]",
2193,"[3.5486,0.4832393,0.7264323]",
2194,"[3.548856,0.4817039,0.7260998]",
2195,"[3.549196,0.4802469,0.7255678]",
2196,"[3.549384,0.4790547,0.7250908]",
2197,"[3.550311,0.47508,0.7231113]",
2198,"[3.550593,0.4737068,0.7224768]",
2199,"[3.550986,0.4714991,0.7215368]",
2200,"[3.551214,0.4703802,0.7210223]",
2201,"[3.55205,0.4679953,0.7194712]",
2202,"[3.552711,0.4666437,0.7183493]",
2203,"[3.553208,0.4657118,0.7175208]",
2204,"[3.553458,0.4652829,0.717113]",
2205,"[3.553866,0.4647181,0.7164723]",
2206,"[3.554718,0.463799,0.7151869]",
2207,"[3.555125,0.4635441,0.7146089]",
2208,"[3.555826,0.4630069,0.7135934]",
2209,"[3.556179,0.4626559,0.7130662]",
2210,"[3.557487,0.4596305,0.7107776]",
2211,"[3.558142,0.4580838,0.7096258]",
2212,"[3.559721,0.4549195,0.7069577]",
2213,"[3.560414,0.4532515,0.7057312]",
2214,"[3.560952,0.4517263,0.7047352]",
2215,"[3.555709,0.4434734,0.7099337]",
2216,"[3.553375,0.4401219,0.7123095]",
2217,"[3.546245,0.4342381,0.7204195]",
2218,"[3.543494,0.4322937,0.7236122]",
2219,"[3.540773,0.4302811,0.7267532]",
2220,"[3.540079,0.4297007,0.7275401]",
2221,"[3.539407,0.4290431,0.7282856]",
2222,"[3.538527,0.4277755,0.7291803]",
2223,"[3.53828,0.4268329,0.7293167]",
2224,"[3.537883,0.4252384,0.7295209]",
2225,"[3.537892,0.4246246,0.7293901]",
2226,"[3.537952,0.4231912,0.7290324]",
2227,"[3.538004,0.4224325,0.7288167]",
2228,"[3.538054,0.4218698,0.7286418]",
2229,"[3.537996,0.4217977,0.7287031]",
2230,"[3.537965,0.4217546,0.7287347]",
2231,"[3.537665,0.4219143,0.7291554]",
2232,"[3.537431,0.4221714,0.7295102]",
2233,"[3.537091,0.422627,0.7300405]",
2234,"[3.536955,0.4227818,0.7302465]",
2235,"[3.536471,0.4233732,0.7309906]",
2236,"[3.536274,0.4236092,0.7312922]",
2237,"[3.536216,0.4238218,0.7314093]",
2238,"[3.536128,0.4242181,0.7316007]",
2239,"[3.536091,0.4245566,0.7317156]",
2240,"[3.536232,0.4248007,0.7315805]",
2241,"[3.5363,0.4248757,0.7315056]",
2242,"[3.53623,0.4233593,0.7313017]",
2243,"[3.536247,0.4231963,0.7312469]",
2244,"[3.536243,0.422992,0.7312128]",
2245,"[3.535974,0.4213631,0.731244]",
2246,"[3.535696,0.4200222,0.7313437]",
2247,"[3.535504,0.4189682,0.7313864]",
2248,"[3.535212,0.4171481,0.731411]",
2249,"[3.534719,0.4140958,0.7314544]",
2250,"[3.534602,0.4121577,0.7312282]",
2251,"[3.534506,0.4105279,0.7310355]",
2252,"[3.534403,0.4072343,0.7305263]",
2253,"[3.534316,0.4052358,0.7302492]",
2254,"[3.534132,0.4019522,0.729848]",
2255,"[3.534041,0.4009079,0.7297618]",
2256,"[3.534289,0.3985104,0.728971]",
2257,"[3.534662,0.3972605,0.7282428]",
2258,"[3.535303,0.3950874,0.7269862]",
2259,"[3.535574,0.3941312,0.7264475]",
2260,"[3.536302,0.3928565,0.7252543]",
2261,"[3.53723,0.3908968,0.7236665]",
2262,"[3.537236,0.3907704,0.7236342]",
2263,"[3.53723,0.3904762,0.7235844]",
2264,"[3.537232,0.3903029,0.7235474]",
2265,"[3.537247,0.3896346,0.7233983]",
2266,"[3.537291,0.3890975,0.7232364]",
2267,"[3.537211,0.3887421,0.7232705]",
2268,"[3.537178,0.3880164,0.7231725]",
2269,"[3.537234,0.3875169,0.7230017]",
2270,"[3.537444,0.3869865,0.7226251]",
2271,"[3.537676,0.3862613,0.7221826]",
2272,"[3.538782,0.3815428,0.719825]",
2273,"[3.539221,0.3805591,0.7190636]",
2274,"[3.539722,0.3792173,0.7181507]",
2275,"[3.541055,0.3741499,0.7154311]",
2276,"[3.540909,0.372055,0.7152123]",
2277,"[3.540826,0.3672624,0.7143837]",
2278,"[3.540871,0.3647087,0.7138271]",
2279,"[3.539743,0.3617481,0.7147139]",
2280,"[3.539556,0.3604777,0.7147096]",
2281,"[3.539205,0.3578065,0.7146426]",
2282,"[3.539012,0.3559682,0.7145352]",
2283,"[3.538916,0.3537447,0.7142254]",
2284,"[3.538522,0.3503002,0.7140651]",
2285,"[3.538421,0.3489225,0.713928]",
2286,"[3.538513,0.3453156,0.7131033]",
2287,"[3.538506,0.3435616,0.7127701]",
2288,"[3.538674,0.3399933,0.7118558]",
2289,"[3.538759,0.3383868,0.7114312]",
2290,"[3.539451,0.3353932,0.7099493]",
2291,"[3.540644,0.3282817,0.7070124]",
2292,"[3.541114,0.3242745,0.705619]",
2293,"[3.540905,0.3188232,0.7048268]",
2294,"[3.540427,0.3167719,0.7050472]",
2295,"[3.539281,0.31469,0.7061295]",
2296,"[3.538504,0.3143279,0.7070669]",
2297,"[3.535956,0.3140285,0.7103176]",
2298,"[3.535089,0.3149453,0.7116221]",
2299,"[3.534461,0.3155384,0.7125534]",
2300,"[3.533815,0.3157616,0.7134355]",
2301,"[3.533465,0.3157021,0.7138787]",
2302,"[3.533509,0.3149201,0.713669]",
2303,"[3.533615,0.3142039,0.7133909]",
2304,"[3.533829,0.313824,0.7130391]",
2305,"[3.533989,0.3147724,0.7130165]",
2306,"[3.534235,0.3156933,0.7128773]",
2307,"[3.533603,0.3200518,0.7145479]",
2308,"[3.533419,0.3219792,0.7151644]",
2309,"[3.532643,0.3258568,0.7169287]",
2310,"[3.532239,0.3275405,0.7177819]",
2311,"[3.531695,0.3295384,0.7188779]",
2312,"[3.530623,0.33014,0.7203862]",
2313,"[3.527797,0.3319005,0.7244011]",
2314,"[3.526697,0.3320356,0.7258556]",
2315,"[3.525508,0.3322038,0.7274317]",
2316,"[3.523578,0.3324822,0.7299923]",
2317,"[3.522901,0.3325692,0.7308889]",
2318,"[3.521897,0.3320641,0.7320937]",
2319,"[3.52144,0.3315298,0.7325826]",
2320,"[3.489777,0.2501075,0.6873157]",
2321,"[3.492225,0.2431539,0.6888478]",
2322,"[3.493854,0.2374301,0.6899841]",
2323,"[3.495903,0.2281349,0.6913399]",
2324,"[3.496714,0.2244667,0.691875]",
2325,"[3.495228,0.2174565,0.6926894]",
2326,"[3.494582,0.2155198,0.6928982]",
2327,"[3.492414,0.2097836,0.692784]",
2328,"[3.490751,0.2059244,0.69267]",
2329,"[3.4885,0.2013583,0.6925156]",
2330,"[3.484722,0.1950123,0.6922563]",
2331,"[3.483294,0.1928627,0.6921583]",
2332,"[3.478043,0.1844408,0.6906826]",
2333,"[3.433432,0.1075078,0.6402431]",
2334,"[3.430329,0.1,0.6385282]",
2335,"[3.431659,0.1,0.6396208]",
2336,"[3.43419,0.1,0.6431285]",
2337,"[3.435643,0.1,0.6439043]",
2338,"[3.436985,0.1,0.6440015]",
2339,"[3.440577,0.1026588,0.6452193]",
2340,"[3.443887,0.1069322,0.6475252]",
2341,"[3.448692,0.1146575,0.6508712]",
2342,"[3.450325,0.1179863,0.6520085]",
2343,"[3.463864,0.1351466,0.658986]",
2344,"[3.469409,0.138349,0.6564796]",
2345,"[3.473058,0.1405373,0.6546323]",
2346,"[3.479574,0.1446057,0.6509431]",
2347,"[3.483001,0.1466491,0.6492369]",
2348,"[3.488383,0.1498285,0.6466308]",
2349,"[3.490901,0.1514206,0.6451564]",
2350,"[3.49527,0.1539835,0.6312522]",
2351,"[3.496897,0.1539836,0.6277736]",
2352,"[3.49942,0.1539835,0.6220386]",
2353,"[3.500294,0.1539835,0.6189564]",
2354,"[3.500767,0.1539835,0.616266]",
2355,"[3.501092,0.1539836,0.6123006]",
2356,"[3.500892,0.1539836,0.611819]",
2357,"[3.500163,0.1539835,0.6103784]",
2358,"[3.49997,0.1539835,0.6099178]",
2359,"[3.499525,0.1539835,0.6080096]",
2360,"[3.499256,0.1539836,0.6065185]",
2361,"[3.498739,0.1539836,0.6038974]",
2362,"[3.498473,0.1539836,0.6026543]",
2363,"[3.49806,0.1539835,0.6013092]",
2364,"[3.496777,0.1539836,0.5985115]",
2365,"[3.494083,0.1539836,0.5984313]",
2366,"[3.468228,0.1539836,0.573733]",
2367,"[3.543059,0.3208646,0.702428]",
2368,"[3.541444,0.3480719,0.7098362]",
2369,"[3.540805,0.3587212,0.7127446]",
2370,"[3.540554,0.3623658,0.7137818]",
2371,"[3.540011,0.370088,0.7159936]",
2372,"[3.539598,0.3742846,0.7173485]",
2373,"[3.538738,0.3791883,0.7194222]",
2374,"[3.538296,0.3803082,0.7202156]",
2375,"[3.537218,0.383541,0.7222464]",
2376,"[3.536449,0.3853332,0.723595]",
2377,"[3.53579,0.3874122,0.724856]",
2378,"[3.535341,0.3916537,0.7262667]",
2379,"[3.535494,0.3948474,0.7266923]",
2380,"[3.536186,0.3986914,0.7265427]",
2381,"[3.537826,0.3992425,0.7245221]",
2382,"[3.541156,0.4024148,0.7208167]",
2383,"[3.542851,0.4053382,0.7191855]",
2384,"[3.545112,0.4090207,0.7169688]",
2385,"[3.545972,0.4098796,0.7160192]",
2386,"[3.547331,0.4103002,0.7143377]",
2387,"[3.549327,0.4105249,0.7117888]",
2388,"[3.549477,0.4104073,0.7115715]",
2389,"[3.546098,0.4116524,0.716202]",
2390,"[3.54342,0.4118063,0.7197093]",
2391,"[3.539505,0.410319,0.7245035]",
2392,"[3.537831,0.4096886,0.7265545]",
2393,"[3.537208,0.4100538,0.7274336]",
2394,"[3.534382,0.410868,0.7312621]",
2395,"[3.53392,0.4109456,0.731878]",
2396,"[3.532821,0.4122087,0.7335508]",
2397,"[3.532365,0.4134895,0.7343938]",
2398,"[3.530838,0.4169356,0.7370483]",
2399,"[3.554939,0.4715614,0.7949462]",
2400,"[3.592464,0.5480128,0.8740909]",
2401,"[3.650586,0.6674504,0.9991916]",
2402,"[3.649608,0.6710621,1.005151]",
2403,"[3.644484,0.6689857,1.006218]",
2404,"[3.641211,0.6678679,1.007151]",
2405,"[3.639003,0.6668186,1.007334]",
2406,"[3.641138,0.6670612,1.005504]",
2407,"[3.642261,0.6671215,1.004566]",
2408,"[3.643918,0.6673127,1.003229]",
2409,"[3.644475,0.6674155,1.002718]",
2410,"[3.645619,0.6680311,1.002058]",
2411,"[3.646138,0.6683027,1.001819]",
2412,"[3.647902,0.6693038,1.001087]",
2413,"[3.649423,0.6703193,1.000697]",
2414,"[3.65168,0.6732205,1.001368]",
2415,"[3.652693,0.6754583,1.002403]",
2416,"[3.652946,0.6812192,1.005032]",
2417,"[3.470483,0.2949018,0.58889]",
2418,"[3.470037,0.2949018,0.5871322]",
2419,"[3.468771,0.2949018,0.5831441]",
2420,"[3.471949,0.3027225,0.5894883]",
2421,"[3.480361,0.3163843,0.6013072]",
2422,"[3.482653,0.3163843,0.6006917]",
2423,"[3.485749,0.3163843,0.5995139]",
2424,"[3.487875,0.3163843,0.5993309]",
2425,"[3.490046,0.3163843,0.5995551]",
2426,"[3.493364,0.3163843,0.6002754]",
2427,"[3.494687,0.3163843,0.6005752]",
2428,"[3.504141,0.3163843,0.6047198]",
2429,"[3.508677,0.3163843,0.6070978]",
2430,"[3.516844,0.3148161,0.6104599]",
2431,"[3.519353,0.3105364,0.6092215]",
2432,"[3.52407,0.3009074,0.606893]",
2433,"[3.525506,0.2949016,0.6048422]",
2434,"[3.529941,0.2949016,0.6096656]",
2435,"[3.536134,0.2949017,0.6205872]",
2436,"[3.53929,0.2949018,0.6256725]",
2437,"[3.544055,0.2949018,0.6331859]",
2438,"[3.544867,0.2949017,0.6344571]",
2439,"[3.54741,0.2949019,0.638097]",
2440,"[3.549149,0.2949017,0.6405251]",
2441,"[3.550726,0.2949017,0.6428434]",
2442,"[3.55065,0.2949019,0.644417]",
2443,"[3.550188,0.2949017,0.6466837]",
2444,"[3.5494,0.2949019,0.6503212]",
2445,"[3.548448,0.2949018,0.6513066]",
2446,"[3.546406,0.2949018,0.6530688]",
2447,"[3.544976,0.2949017,0.6538987]",
2448,"[3.541437,0.2949018,0.6543833]",
2449,"[3.538963,0.2949017,0.6546025]",
2450,"[3.53767,0.2949019,0.6544695]",
2451,"[3.5343,0.294902,0.654775]",
2452,"[3.532464,0.2949019,0.6551806]",
2453,"[3.528701,0.2949019,0.6559027]",
2454,"[3.526823,0.2949019,0.6562455]",
2455,"[3.52717,0.2949019,0.6549397]",
2456,"[3.52751,0.2949019,0.653588]",
2457,"[3.527764,0.2949019,0.6521724]",
2458,"[3.528437,0.2949019,0.649066]",
2459,"[3.528909,0.2949019,0.6475848]",
2460,"[3.53071,0.2949019,0.6434487]",
2461,"[3.531514,0.2949019,0.6417389]",
2462,"[3.531919,0.2949018,0.6376178]",
2463,"[3.533059,0.2949019,0.6373837]",
2464,"[3.53405,0.2949018,0.6371891]",
2465,"[3.533726,0.2949017,0.6358594]",
2466,"[3.53353,0.2949018,0.6353197]",
2467,"[3.533526,0.2949018,0.6355777]",
2468,"[3.533144,0.2949018,0.6351943]",
2469,"[3.53211,0.2949018,0.634333]",
2470,"[3.531879,0.2949018,0.6344409]",
2471,"[3.530833,0.2949018,0.6341413]",
2472,"[3.530027,0.2949018,0.6336965]",
2473,"[3.529799,0.2949018,0.6337391]",
2474,"[3.529252,0.2949018,0.6337895]",
2475,"[3.52918,0.2949017,0.6339833]",
2476,"[3.529119,0.2949018,0.6342807]",
2477,"[3.529123,0.2949018,0.6344275]",
2478,"[3.529256,0.2949018,0.6344773]",
2479,"[3.52937,0.2949018,0.6343886]",
2480,"[3.529378,0.2949018,0.6341527]",
2481,"[3.52937,0.2949018,0.6337361]",
2482,"[3.529359,0.2949017,0.6335672]",
2483,"[3.529384,0.2949018,0.6334479]",
2484,"[3.529429,0.2949018,0.633464]",
2485,"[3.529284,0.2949018,0.6337261]",
2486,"[3.529135,0.2949018,0.6338248]",
2487,"[3.528775,0.2949018,0.6334674]",
2488,"[3.528274,0.2949018,0.6333612]",
2489,"[3.527778,0.2949018,0.6332429]",
2490,"[3.527493,0.2949018,0.6326471]",
2491,"[3.527291,0.2949017,0.6323133]",
2492,"[3.526968,0.2949017,0.6311923]",
2493,"[3.526923,0.2949017,0.6297409]",
2494,"[3.526865,0.2949017,0.6283092]",
2495,"[3.525959,0.2949018,0.6245066]",
2496,"[3.525187,0.2949018,0.6220868]",
2497,"[3.523956,0.2949018,0.6180795]",
2498,"[3.52398,0.2949017,0.6156625]",
2499,"[3.523911,0.2949017,0.6120367]",
2500,"[3.523712,0.2949017,0.6117634]",
2501,"[3.523318,0.2949018,0.6106383]",
2502,"[3.523153,0.2949018,0.6098778]",
2503,"[3.523022,0.2949018,0.609265]",
2504,"[3.522712,0.2949018,0.6080036]",
2505,"[3.522588,0.2949017,0.6074737]",
2506,"[3.522366,0.2949017,0.6070485]",
2507,"[3.522277,0.2949017,0.6070668]",
2508,"[3.522151,0.2949017,0.6070817]",
2509,"[3.522058,0.2949017,0.6070646]",
2510,"[3.52193,0.2949018,0.6069435]",
2511,"[3.521869,0.2949018,0.6068745]",
2512,"[3.52177,0.2949018,0.6063633]",
2513,"[3.521894,0.2949017,0.6063411]",
2514,"[3.522139,0.2949018,0.6068513]",
2515,"[3.522229,0.2949018,0.6080937]",
2516,"[3.522305,0.2949018,0.6087613]",
2517,"[3.522401,0.2949017,0.6101239]",
2518,"[3.522217,0.2949017,0.6104915]",
2519,"[3.521976,0.2949018,0.6108605]",
2520,"[3.521468,0.2949018,0.6117175]",
2521,"[3.521271,0.2949017,0.6121967]",
2522,"[3.528203,0.3095964,0.6283801]",
2523,"[3.529737,0.3094441,0.6281744]",
2524,"[3.532634,0.3073373,0.6271939]",
2525,"[3.535448,0.3059558,0.6261134]",
2526,"[3.538334,0.3041601,0.6252481]",
2527,"[3.541014,0.3022171,0.6244639]",
2528,"[3.543689,0.2995802,0.6238828]",
2529,"[3.543298,0.2956001,0.6255881]",
2530,"[3.54387,0.2949018,0.6286483]",
2531,"[3.545036,0.2949018,0.6345502]",
2532,"[3.545389,0.2949018,0.6365237]",
2533,"[3.545789,0.2949018,0.638072]",
2534,"[3.543765,0.2949018,0.644273]",
2535,"[3.543508,0.2949019,0.6473845]",
2536,"[3.54341,0.2949019,0.6521459]",
2537,"[3.542089,0.2949018,0.6515984]",
2538,"[3.540629,0.2949018,0.6502413]",
2539,"[3.540624,0.2949018,0.6494095]",
2540,"[3.541142,0.2949019,0.6489151]",
2541,"[3.541719,0.2949018,0.6486121]",
2542,"[3.542977,0.2949019,0.648402]",
2543,"[3.543873,0.2949019,0.6485099]",
2544,"[3.545218,0.2949018,0.6487761]",
2545,"[3.546397,0.2949018,0.6502165]",
2546,"[3.547021,0.2949019,0.6502833]",
2547,"[3.545326,0.2949019,0.6484431]",
2548,"[3.544019,0.2949019,0.6458548]",
2549,"[3.541141,0.2949018,0.6386405]",
2550,"[3.539485,0.2949017,0.6332592]",
2551,"[3.538036,0.2949018,0.627822]",
2552,"[3.536347,0.2949018,0.6183896]",
2553,"[3.536008,0.2949018,0.6138837]",
2554,"[3.537764,0.2949018,0.6135408]",
2555,"[3.539334,0.2949017,0.6129037]",
2556,"[3.547037,0.2949017,0.6099626]",
2557,"[3.55256,0.2949017,0.6077152]",
2558,"[3.562454,0.2949017,0.6022412]",
2559,"[3.567519,0.2949017,0.5990707]",
2560,"[3.568836,0.2949017,0.5988829]",
2561,"[3.573641,0.2949016,0.5978503]",
2562,"[3.733055,0.6927803,0.9699667]",
2563,"[3.734954,0.6901178,0.9655253]",
2564,"[3.736507,0.690148,0.9642581]",
2565,"[3.7363,0.6872739,0.961373]",
2566,"[3.734755,0.6842731,0.9591554]",
2567,"[3.591776,0.3387495,0.6426581]",
2568,"[3.590635,0.3399134,0.6443678]",
2569,"[3.589878,0.3410134,0.6455646]",
2570,"[3.587655,0.3461834,0.6494604]",
2571,"[3.586259,0.3503672,0.6520897]",
2572,"[3.583468,0.3628009,0.6581406]",
2573,"[3.58176,0.368967,0.6615618]",
2574,"[3.579417,0.379344,0.666631]",
2575,"[3.57821,0.3847229,0.6692479]",
2576,"[3.577236,0.390049,0.6715518]",
2577,"[3.573294,0.3991494,0.6784474]",
2578,"[3.571707,0.4044123,0.6815349]",
2579,"[3.569816,0.4104155,0.6851618]",
2580,"[3.569255,0.4140893,0.686607]",
2581,"[3.568445,0.4249265,0.6897742]",
2582,"[3.568252,0.4319794,0.6914018]",
2583,"[3.568839,0.4473376,0.6936377]",
2584,"[3.56982,0.4562843,0.6941098]",
2585,"[3.571001,0.4647786,0.6942341]",
2586,"[3.57402,0.4867904,0.6934236]",
2587,"[3.591825,0.5239444,0.7118469]",
2588,"[3.671722,0.6623273,0.6975567]",
2589,"[3.684502,0.6830242,0.6905146]",
2590,"[3.733891,0.7107365,0.5944602]",
2591,"[3.745321,0.7240418,0.5916735]",
2592,"[3.755971,0.7388554,0.5882905]",
2593,"[3.767324,0.7586645,0.5890255]",
2594,"[3.770746,0.7666123,0.5903304]",
2595,"[3.75984,0.77858,0.6015954]",
2596,"[3.751516,0.7821937,0.6081215]",
2597,"[3.7344,0.7791551,0.6218379]",
2598,"[3.729388,0.7784517,0.6265467]",
2599,"[3.724217,0.7787907,0.6307846]",
2600,"[3.720553,0.7808266,0.6355874]",
2601,"[3.715896,0.7866426,0.638421]",
2602,"[3.69423,0.7966844,0.6495702]",
2603,"[3.686172,0.8037137,0.653306]",
2604,"[3.625095,0.751516,0.5630332]",
2605,"[3.621848,0.7595819,0.58671]",
2606,"[3.612776,0.7681558,0.6139873]",
2607,"[3.606734,0.7701109,0.6218607]",
2608,"[3.58334,0.7701108,0.6302617]",
2609,"[3.573048,0.7701109,0.6309996]",
2610,"[3.580239,0.8444025,0.6870373]",
2611,"[3.575069,0.9055351,0.7081195]",
2612,"[3.570902,0.9284926,0.7118144]",
2613,"[3.545975,0.9556041,0.6904879]",
2614,"[3.516765,0.9619834,0.6589362]",
2615,"[3.39539,0.9619834,0.5348247]",
2616,"[3.334476,0.9619833,0.4788208]",
2617,"[3.062542,1.089054,0.05000025]",
2618,"[2.917459,1.1968,0.05000025]",
2619,"[2.676687,1.256826,0.05000003]",
2620,"[2.544033,1.299531,0.05000004]",
2621,"[2.491995,1.321403,0.05000004]",
2622,"[2.116067,1.310363,0.04999971]",
2623,"[2.050001,1.323276,0.06546569]",
2624,"[2.050001,1.34502,0.1184565]",
2625,"[2.050001,1.373864,0.1823978]",
2626,"[2.050001,1.384014,0.207066]",
2627,"[2.050001,1.377203,0.2139899]",
2628,"[2.050001,1.37556,0.2151706]",
2629,"[2.050001,1.349425,0.1715638]",
2630,"[2.050001,1.337919,0.1429991]",
2631,"[2.050001,1.317849,0.06749207]",
2632,"[2.089109,1.316132,0.04999983]",
2633,"[2.157766,1.322691,0.04999982]",
2634,"[2.376967,1.285189,0.04999993]",
2635,"[2.468682,1.284441,0.04999993]",
2636,"[2.739322,1.280187,0.05000015]",
2637,"[2.839602,1.287165,0.05000014]",
2638,"[3.318876,1.366492,0.05000047]",
2639,"[3.416789,1.377796,0.05000058]",
2640,"[3.806474,1.4694,0.05000068]",
2641,"[3.962295,1.474712,0.05000103]",
2642,"[4.182584,1.51771,0.0499997]",
2643,"[4.418376,1.547196,0.04999992]",
2644,"[4.526861,1.556135,0.04999999]",
2645,"[4.742946,1.566672,0.05000015]",
2646,"[4.864395,1.573238,0.05000014]",
2647,"[4.967757,1.607787,0.05000028]",
2648,"[5.119008,1.6536,0.05000038]",
2649,"[5.261794,1.666839,0.05000047]",
2650,"[5.60103,1.679898,0.05000068]",
2651,"[5.795248,1.68069,0.05000079]",
2652,"[5.950001,1.717317,0.2677584]",
2653,"[5.950001,1.736476,0.4937569]",
2654,"[5.950001,1.743694,0.6790566]",
2655,"[5.95,1.768184,1.023638]",
2656,"[5.95,1.782907,1.19535]",
2657,"[5.95,1.780578,1.472834]",
2658,"[5.636994,1.793594,1.662674]",
2659,"[5.95,1.774155,2.01471]",
2660,"[5.590903,1.78034,2.075003]",
2661,"[5.95,1.747572,2.472322]",
2662,"[5.729656,1.749407,2.52641]",
2663,"[5.95,1.729466,2.890673]",
2664,"[5.572086,1.746398,2.965864]",
2665,"[5.95,1.718994,3.550682]",
2666,"[5.95,1.714315,4.108371]",
2667,"[5.882833,1.722606,4.293614]",
2668,"[5.277952,1.708223,3.983005]",
2669,"[5.167819,1.710064,3.983009]",
2670,"[5.031301,1.716622,3.983023]",
2671,"[4.846302,1.724633,3.98304]",
2672,"[4.781836,1.725718,3.983042]",
2673,"[4.73746,1.718781,3.983027]",
2674,"[4.74124,1.715174,3.98302]",
2675,"[4.811738,1.694215,3.982976]",
2676,"[4.942501,1.659702,3.982903]",
2677,"[4.978996,1.642976,3.982868]",
2678,"[4.97943,1.639741,3.982862]",
2679,"[4.974296,1.634805,3.982852]",
2680,"[4.821473,1.573438,3.982723]",
2681,"[4.773041,1.558694,3.982692]",
2682,"[4.700104,1.543761,3.982661]",
2683,"[4.703384,1.540834,3.982655]",
2684,"[4.708725,1.536198,3.982645]",
2685,"[4.70983,1.534519,3.982641]",
2686,"[4.731975,1.521086,3.982613]",
2687,"[4.740843,1.515385,3.982601]",
2688,"[4.778035,1.501928,3.982573]",
2689,"[4.821352,1.490289,3.982549]",
2690,"[4.833638,1.488833,3.982546]",
2691,"[4.866308,1.493663,3.982556]",
2692,"[4.879629,1.498669,3.982566]",
2693,"[4.888181,1.502274,3.982574]",
2694,"[4.890244,1.50491,3.982579]",
2695,"[4.820338,1.531898,3.982636]",
2696,"[4.760139,1.554305,3.982683]",
2697,"[4.743848,1.558368,3.982691]",
2698,"[4.733827,1.5531,3.98268]",
2699,"[4.729669,1.550568,3.982675]",
2700,"[4.723559,1.544739,3.982663]",
2701,"[4.72463,1.542015,3.982657]",
2702,"[4.432656,1.681657,3.098233]",
2703,"[4.440944,1.684066,3.11234]",
2704,"[4.445284,1.690166,3.11887]",
2705,"[4.457001,1.703178,3.133398]",
2706,"[4.761061,1.58752,3.982752]",
2707,"[4.762938,1.600929,3.98278]",
2708,"[4.76319,1.602954,3.982785]",
2709,"[4.763282,1.605008,3.982789]",
2710,"[4.76286,1.605126,3.982789]",
2711,"[4.76246,1.606927,3.982793]",
2712,"[4.762915,1.614424,3.982809]",
2713,"[4.762336,1.615118,3.98281]",
2714,"[4.759501,1.621595,3.982824]",
2715,"[4.756878,1.628779,3.982839]",
2716,"[4.749513,1.643636,3.98287]",
2717,"[4.744806,1.649509,3.982882]",
2718,"[4.739517,1.649541,3.982882]",
2719,"[4.728432,1.645839,3.982874]",
2720,"[4.721339,1.641045,3.982864]",
2721,"[4.704153,1.624466,3.98283]",
2722,"[4.695565,1.61512,3.98281]",
2723,"[4.680262,1.59943,3.982777]",
2724,"[4.506319,1.679459,3.422338]",
2725,"[4.500268,1.67325,3.437921]",
2726,"[4.496068,1.662277,3.467761]",
2727,"[4.494984,1.655842,3.481884]",
2728,"[4.615368,1.558265,3.982691]",
2729,"[4.613529,1.550284,3.982674]",
2730,"[4.613367,1.545975,3.982665]",
2731,"[4.613608,1.545341,3.982664]",
2732,"[4.614384,1.543423,3.98266]",
2733,"[4.527425,1.616952,3.599143]",
2734,"[4.531269,1.616766,3.611422]",
2735,"[4.541078,1.628538,3.633482]",
2736,"[4.545202,1.631649,3.64506]",
2737,"[4.552605,1.632187,3.671237]",
2738,"[4.555015,1.630104,3.684676]",
2739,"[4.559732,1.625324,3.710943]",
2740,"[4.614144,1.577302,3.982731]",
2741,"[4.613673,1.57715,3.982731]",
2742,"[4.612223,1.575935,3.982728]",
2743,"[4.612344,1.5758,3.982728]",
2744,"[4.612952,1.574984,3.982726]",
2745,"[4.581143,1.607478,3.809609]",
2746,"[4.586547,1.604131,3.831637]",
2747,"[4.589423,1.602446,3.842442]",
2748,"[4.593188,1.601907,3.853574]",
2749,"[4.600359,1.600332,3.873511]",
2750,"[4.604474,1.599746,3.883422]",
2751,"[4.613782,1.601003,3.904352]",
2752,"[4.618845,1.603373,3.913899]",
2753,"[4.628137,1.604471,3.932925]",
2754,"[4.640444,1.596901,3.982772]",
2755,"[4.645789,1.59328,3.982764]",
2756,"[4.658184,1.577507,3.982731]",
2757,"[4.663569,1.570128,3.982716]",
2758,"[4.669797,1.544027,3.982661]",
2759,"[4.670476,1.539754,3.982652]",
2760,"[4.673351,1.537609,3.982648]",
2761,"[4.675724,1.536944,3.982646]",
2762,"[4.682192,1.536287,3.982645]",
2763,"[4.686637,1.536708,3.982646]",
2764,"[4.691901,1.538168,3.982649]",
2765,"[4.695566,1.539461,3.982652]",
2766,"[4.698517,1.539739,3.982652]",
2767,"[4.699113,1.540249,3.982653]",
2768,"[4.698698,1.54037,3.982654]",
2769,"[4.696643,1.536971,3.982646]",
2770,"[4.694708,1.531476,3.982635]",
2771,"[4.690721,1.517519,3.982606]",
2772,"[4.689101,1.512099,3.982594]",
2773,"[4.688166,1.508734,3.982587]",
2774,"[4.686743,1.504681,3.982579]",
2775,"[4.684166,1.503201,3.982576]",
2776,"[4.679956,1.501953,3.982573]",
2777,"[4.677964,1.502035,3.982573]",
2778,"[4.67465,1.503892,3.982577]",
2779,"[4.672905,1.505951,3.982582]",
2780,"[4.671949,1.507042,3.982584]",
2781,"[4.66797,1.509792,3.982589]",
2782,"[4.665202,1.511146,3.982592]",
2783,"[4.652604,1.515326,3.982601]",
2784,"[4.645087,1.51751,3.982606]",
2785,"[4.6374,1.519445,3.98261]",
2786,"[4.635496,1.521629,3.982614]",
2787,"[4.633018,1.524046,3.98262]",
2788,"[4.632277,1.524762,3.982621]",
2789,"[4.631061,1.525824,3.982623]",
2790,"[4.630491,1.526139,3.982624]",
2791,"[4.630168,1.526223,3.982624]",
2792,"[4.629916,1.525372,3.982622]",
2793,"[4.630054,1.524733,3.982621]",
2794,"[4.631231,1.522933,3.982617]",
2795,"[4.623596,1.524718,3.982621]",
2796,"[4.588273,1.58695,3.982751]",
2797,"[4.57655,1.611907,3.982803]",
2798,"[4.570361,1.638006,3.982858]",
2799,"[4.5641,1.662672,3.98291]",
2800,"[4.57926,1.673595,3.982933]",
2801,"[4.630929,1.688728,3.982964]",
2802,"[4.652634,1.692931,3.982973]",
2803,"[4.680285,1.699535,3.982987]",
2804,"[4.691453,1.702866,3.982994]",
2805,"[4.710504,1.708088,3.983005]",
2806,"[4.716691,1.709739,3.983008]",
2807,"[4.720799,1.710715,3.98301]",
2808,"[4.725739,1.70958,3.983008]",
2809,"[4.728148,1.707192,3.983003]",
2810,"[4.732481,1.698202,3.982984]",
2811,"[4.734331,1.691443,3.98297]",
2812,"[4.738175,1.673633,3.982933]",
2813,"[4.743579,1.667216,3.982919]",
2814,"[4.748752,1.659573,3.982903]",
2815,"[4.766331,1.63436,3.982851]",
2816,"[4.776094,1.61607,3.982812]",
2817,"[4.795513,1.564019,3.982703]",
2818,"[4.795789,1.481238,3.98253]",
2819,"[4.878843,0.934979,4.478671]",
2820,"[4.72458,1.169847,3.877452]",
2821,"[4.724366,1.123538,3.877472]",
2822,"[4.699404,0.8248523,3.879818]",
2823,"[4.718606,0.735196,3.878013]",
2824,"[4.741523,0.6381685,3.875859]",
2825,"[4.774654,0.5852252,3.872745]",
2826,"[4.814083,0.5519429,3.869038]",
2827,"[4.823073,0.5648288,3.853627]",
2828,"[4.835573,0.5594544,3.855117]",
2829,"[4.8695,0.5541772,3.859163]",
2830,"[4.877183,0.558911,3.860079]",
2831,"[4.902157,0.5547366,3.863057]",
2832,"[4.917528,0.5468138,3.86489]",
2833,"[5.062396,0.4324732,3.882164]",
2834,"[5.114543,0.3847744,3.888382]",
2835,"[5.176335,0.2961002,3.895751]",
2836,"[5.23899,0.1863017,3.963593]",
2837,"[5.288892,0.1,4.008721]",
2838,"[5.293465,0.1,3.963416]",
2839,"[5.296589,0.1,3.94698]",
2840,"[5.313747,0.1,3.929105]",
2841,"[5.323794,0.1,3.917865]",
2842,"[5.358427,0.1,3.900858]",
2843,"[5.396313,0.1,3.884603]",
2844,"[5.426935,0.1,3.869106]",
2845,"[5.263083,0.629285,3.236068]",
2846,"[5.277154,0.6594104,3.169292]",
2847,"[5.59531,0.5226472,2.966675]",
2848,"[5.767255,0.4053482,2.97268]",
2849,"[5.553794,0.6523304,2.814768]",
2850,"[5.562871,0.6622185,2.781883]",
2851,"[5.582735,0.6622185,2.747487]",
2852,"[5.587986,0.6622185,2.735179]",
2853,"[5.576019,0.6788314,2.711766]",
2854,"[5.593163,0.6622184,2.69375]",
2855,"[5.591124,0.6622184,2.688392]",
2856,"[5.593039,0.6622185,2.67739]",
2857,"[5.576019,0.6815451,2.667367]",
2858,"[5.576019,0.6886651,2.659937]",
2859,"[5.576019,0.6917827,2.658812]",
2860,"[5.576019,0.6939346,2.662891]",
2861,"[5.576019,0.7017493,2.667058]",
2862,"[5.576019,0.707759,2.668508]",
2863,"[5.576019,0.7246355,2.666579]",
2864,"[5.576019,0.7344319,2.663662]",
2865,"[5.576019,0.7673118,2.623649]",
2866,"[5.607183,0.7534792,2.615823]",
2867,"[5.732043,0.6622185,2.629383]",
2868,"[5.73952,0.6622185,2.614896]",
2869,"[5.740764,0.6622185,2.609626]",
2870,"[5.736306,0.6622185,2.602625]",
2871,"[5.7333,0.6622185,2.601038]",
2872,"[5.724539,0.6622185,2.603071]",
2873,"[5.723531,0.6622185,2.603662]",
2874,"[5.724766,0.6622185,2.604096]",
2875,"[5.732429,0.6622185,2.603779]",
2876,"[5.739061,0.6622185,2.60285]",
2877,"[5.7418,0.6622185,2.596484]",
2878,"[5.745375,0.6622185,2.593066]",
2879,"[5.558928,0.8103037,2.543336]",
2880,"[5.558957,0.8109292,2.542494]",
2881,"[5.558979,0.814195,2.541851]",
2882,"[5.558977,0.8165993,2.541928]",
2883,"[5.558997,0.8194634,2.541341]",
2884,"[5.559005,0.8249782,2.541105]",
2885,"[5.55906,0.8276681,2.539535]",
2886,"[5.559247,0.8354222,2.534185]",
2887,"[5.537961,0.9170117,2.392597]",
2888,"[5.543407,0.939006,2.34284]",
2889,"[5.544322,0.9450472,2.333525]",
2890,"[5.612844,0.903911,2.32914]",
2891,"[5.596,0.9307863,2.310834]",
2892,"[5.596,0.9396672,2.303891]",
2893,"[5.596,0.9603102,2.293725]",
2894,"[5.596,0.9726927,2.287045]",
2895,"[5.665509,0.950586,2.27962]",
2896,"[5.715923,0.9305395,2.274477]",
2897,"[5.775649,0.9048341,2.267882]",
2898,"[5.950001,0.8198745,2.244118]",
2899,"[5.950001,0.8334235,2.22579]",
2900,"[5.95,0.9355212,2.0118]",
2901,"[5.846626,1.015042,1.981407]",
2902,"[5.642291,1.153,1.972314]",
2903,"[5.658195,1.153,1.960902]",
2904,"[5.696015,1.153,1.937092]",
2905,"[5.712995,1.153,1.93334]",
2906,"[5.73276,1.153,1.928352]",
2907,"[5.583714,1.238354,1.957949]",
2908,"[5.583602,1.244633,1.961174]",
2909,"[5.578642,1.310256,1.970732]",
2910,"[5.578642,1.337692,1.972137]",
2911,"[5.578642,1.370268,1.972642]",
2912,"[5.578642,1.381188,1.972108]",
2913,"[5.578642,1.388187,1.971306]",
2914,"[5.578642,1.38955,1.971354]",
2915,"[5.578642,1.390947,1.971546]",
2916,"[5.578642,1.393574,1.972862]",
2917,"[5.578642,1.393653,1.975508]",
2918,"[5.577572,1.409206,2.075483]",
2919,"[5.574611,1.413935,2.094216]",
2920,"[5.57932,1.45161,2.423214]",
2921,"[5.57932,1.456759,2.486209]",
2922,"[5.610254,1.44747,2.522241]",
2923,"[5.559357,1.464474,2.531032]",
2924,"[5.559006,1.463518,2.541082]",
2925,"[5.559506,1.461941,2.548515]",
2926,"[5.559826,1.461484,2.549805]",
2927,"[5.720265,1.401013,2.623612]",
2928,"[5.718156,1.400523,2.624048]",
2929,"[5.71523,1.400377,2.624721]",
2930,"[5.707946,1.401233,2.626555]",
2931,"[5.708059,1.400669,2.626455]",
2932,"[5.70639,1.39935,2.62668]",
2933,"[5.706755,1.397694,2.626379]",
2934,"[5.706459,1.396241,2.626262]",
2935,"[5.706304,1.396152,2.626287]",
2936,"[5.705712,1.395845,2.626387]",
2937,"[5.705391,1.395651,2.626438]",
2938,"[5.7057,1.39512,2.626297]",
2939,"[5.707195,1.394039,2.625803]",
2940,"[5.708121,1.393645,2.625533]",
2941,"[5.714331,1.393588,2.624057]",
2942,"[5.718158,1.394164,2.623226]",
2943,"[5.724959,1.399337,2.622285]",
2944,"[5.727662,1.403934,2.62224]",
2945,"[5.694955,1.425005,2.632699]",
2946,"[5.660874,1.445608,2.643423]",
2947,"[5.649402,1.451824,2.64694]",
2948,"[5.637401,1.458061,2.650584]",
2949,"[5.625032,1.466105,2.65455]",
2950,"[5.607207,1.475193,2.65994]",
2951,"[5.607233,1.474746,2.659877]",
2952,"[5.60663,1.474448,2.659981]",
2953,"[5.606006,1.474393,2.660121]",
2954,"[5.598938,1.478204,2.662286]",
2955,"[5.586126,1.485278,2.66623]",
2956,"[5.579956,1.492001,2.668799]",
2957,"[5.570332,1.501627,2.6747]",
2958,"[5.575174,1.501627,2.680894]",
2959,"[5.578623,1.504851,2.686577]",
2960,"[5.577432,1.508266,2.68611]",
2961,"[5.576272,1.511594,2.685979]",
2962,"[5.573705,1.518954,2.685833]",
2963,"[5.57246,1.522524,2.682443]",
2964,"[5.570893,1.52702,2.678652]",
2965,"[5.570231,1.528917,2.677113]",
2966,"[5.56855,1.533739,2.674214]",
2967,"[5.567312,1.537289,2.672772]",
2968,"[5.565916,1.541294,2.670592]",
2969,"[5.561669,1.553473,2.66976]",
2970,"[5.558905,1.561402,2.670456]",
2971,"[5.551638,1.582245,2.671252]",
2972,"[5.54794,1.59285,2.672177]",
2973,"[5.95,1.732086,2.796374]",
2974,"[5.95,1.754025,2.794172]",
2975,"[5.5592,1.845808,2.659953]",
2976,"[5.608872,1.876987,2.657488]",
2977,"[5.608872,1.895285,2.65012]",
2978,"[5.608872,1.92246,2.637895]",
2979,"[5.608872,1.935947,2.633025]",
2980,"[5.608872,1.956854,2.626563]",
2981,"[5.608872,1.958948,2.627759]",
2982,"[5.608872,1.965691,2.628968]",
2983,"[5.608872,1.967333,2.630336]",
2984,"[5.608872,1.969031,2.63121]",
2985,"[5.608872,1.968792,2.633229]",
2986,"[5.608872,1.96771,2.634314]",
2987,"[5.608872,1.966772,2.636053]",
2988,"[5.608872,1.961422,2.640189]",
2989,"[5.608872,1.955587,2.647173]",
2990,"[5.608872,1.954353,2.650263]",
2991,"[5.608872,1.953941,2.652885]",
2992,"[5.608872,1.954018,2.657553]",
2993,"[5.608872,1.952797,2.660622]",
2994,"[5.608872,1.951009,2.665695]",
2995,"[5.608872,1.950454,2.667614]",
2996,"[5.608872,1.95011,2.671677]",
2997,"[5.608872,1.95031,2.673757]",
2998,"[5.608872,1.946986,2.678782]",
2999,"[5.608872,1.94636,2.680708]",
3000,"[5.608872,1.946154,2.682329]",
3001,"[5.608872,1.946473,2.684976]",
3002,"[5.608872,1.946925,2.68633]",
3003,"[5.608872,1.947748,2.68838]",
3004,"[5.608872,1.948086,2.689255]",
3005,"[5.608872,1.948583,2.68891]",
3006,"[5.608872,1.948458,2.688817]",
3007,"[5.608872,1.948376,2.688687]",
3008,"[5.608872,1.948386,2.688489]",
3009,"[5.608872,1.948455,2.688428]",
3010,"[5.608872,1.947276,2.689802]",
3011,"[5.608872,1.946675,2.690427]",
3012,"[5.608872,1.945725,2.690685]",
3013,"[5.608872,1.945051,2.690362]",
3014,"[5.608872,1.943686,2.689393]",
3015,"[5.608872,1.942993,2.688724]",
3016,"[5.608872,1.942321,2.687968]",
3017,"[5.608872,1.941247,2.686466]",
3018,"[5.608872,1.940105,2.685605]",
3019,"[5.608872,1.938015,2.68487]",
3020,"[5.608872,1.937187,2.6843]",
3021,"[5.608872,1.935882,2.683379]",
3022,"[5.608872,1.93538,2.683012]",
3023,"[5.608872,1.934758,2.683269]",
3024,"[5.608872,1.933571,2.683664]",
3025,"[5.608872,1.933019,2.684453]",
3026,"[5.608872,1.931883,2.68607]",
3027,"[5.608872,1.9314,2.686803]",
3028,"[5.608872,1.930757,2.688165]",
3029,"[5.608872,1.930505,2.688886]",
3030,"[5.608872,1.93026,2.689566]",
3031,"[5.608872,1.929838,2.690542]",
3032,"[5.608872,1.929641,2.69093]",
3033,"[5.608872,1.929348,2.691483]",
3034,"[5.608872,1.929326,2.691467]",
3035,"[5.608872,1.929302,2.691094]",
3036,"[5.608872,1.929195,2.690636]",
3037,"[5.608872,1.928761,2.688654]",
3038,"[5.608872,1.925925,2.673796]",
3039,"[5.608872,1.924014,2.664333]",
3040,"[5.608872,1.9281,2.586724]",
3041,"[5.608872,1.926929,2.574336]",
3042,"[5.685125,1.931564,2.56454]",
3043,"[5.559673,1.918983,2.549189]",
3044,"[5.559102,1.914439,2.538329]",
3045,"[5.559325,1.912196,2.531966]",
3046,"[5.56008,1.909338,2.524399]",
3047,"[5.589296,1.903615,2.507801]",
3048,"[5.588026,1.892776,2.478699]",
3049,"[5.586785,1.881749,2.450297]",
3050,"[5.655361,1.868831,2.402727]",
3051,"[5.56893,1.857225,2.38133]",
3052,"[5.569343,1.852933,2.369501]",
3053,"[5.569728,1.848976,2.358463]",
3054,"[5.569807,1.848453,2.356206]",
3055,"[5.569776,1.849519,2.357094]",
3056,"[5.569829,1.849301,2.355572]",
3057,"[5.569906,1.848242,2.353368]",
3058,"[5.570191,1.841115,2.345216]",
3059,"[5.571078,1.832896,2.337944]",
3060,"[5.95,1.722463,2.234862]",
3061,"[5.95,1.692055,2.222151]",
3062,"[5.596345,1.579305,2.276369]",
3063,"[5.57596,1.545354,2.275641]",
3064,"[5.57596,1.522962,2.270842]",
3065,"[5.57596,1.498,2.270696]",
3066,"[5.57596,1.487366,2.269136]",
3067,"[5.57596,1.484159,2.266022]",
3068,"[5.57596,1.484348,2.266133]",
3069,"[5.57596,1.481395,2.263026]",
3070,"[5.57596,1.485775,2.266176]",
3071,"[5.57596,1.488897,2.26827]",
3072,"[5.57596,1.497566,2.277448]",
3073,"[5.57596,1.499936,2.280244]",
3074,"[5.57596,1.503514,2.284309]",
3075,"[5.57596,1.506374,2.288015]",
3076,"[5.57596,1.51215,2.298236]",
3077,"[5.57596,1.515294,2.303926]",
3078,"[5.57596,1.520957,2.310537]",
3079,"[5.579746,1.543332,2.328969]",
3080,"[5.698553,1.519686,2.332421]",
3081,"[5.95,1.523237,2.401179]",
3082,"[5.95,1.554076,2.431832]",
3083,"[5.608872,1.926967,2.698988]",
3084,"[5.608872,1.929533,2.701803]",
3085,"[5.608872,1.988369,2.726089]",
3086,"[5.608872,2.005982,2.736344]",
3087,"[5.608872,2.024315,2.746333]",
3088,"[5.751733,2.081055,2.81172]",
3089,"[5.744055,2.088172,2.81172]",
3090,"[5.777247,2.095332,2.81172]",
3091,"[5.784194,2.097365,2.81172]",
3092,"[5.608872,2.050096,2.734215]",
3093,"[5.608872,2.041805,2.720323]",
3094,"[5.608872,2.038307,2.714358]",
3095,"[5.608872,2.024705,2.697437]",
3096,"[5.608872,2.01841,2.690515]",
3097,"[5.608872,2.006758,2.670573]",
3098,"[5.608872,2.002466,2.66213]",
3099,"[5.608872,1.998894,2.654973]",
3100,"[5.608872,1.995892,2.651268]",
3101,"[5.608872,1.992758,2.644351]",
3102,"[5.608872,1.99015,2.637622]",
3103,"[5.608872,1.989677,2.635926]",
3104,"[5.608872,1.989484,2.633819]",
3105,"[5.608872,1.989675,2.633256]",
3106,"[5.608872,1.99007,2.631214]",
3107,"[5.608872,1.99028,2.630104]",
3108,"[5.608872,1.990912,2.629239]",
3109,"[5.608872,1.99238,2.628427]",
3110,"[5.608872,1.992641,2.628041]",
3111,"[5.608872,1.995036,2.62731]",
3112,"[5.608872,1.99732,2.627159]",
3113,"[5.608872,2.000294,2.626607]",
3114,"[5.608872,2.002502,2.626778]",
3115,"[5.608872,2.007569,2.627644]",
3116,"[5.608872,2.008169,2.627874]",
3117,"[5.608872,2.009096,2.628444]",
3118,"[5.608872,2.009926,2.631457]",
3119,"[5.608872,2.010552,2.634037]",
3120,"[5.641671,2.016516,2.643543]",
3121,"[5.862098,2.058869,2.674981]",
3122,"[5.241901,1.935542,2.590554]",
3123,"[5.249359,1.936891,2.591433]",
3124,"[5.257826,1.938106,2.594042]",
3125,"[5.269118,1.939886,2.595183]",
3126,"[5.278807,1.93932,2.597439]",
3127,"[5.29668,1.938945,2.601989]",
3128,"[5.301213,1.938372,2.603327]",
3129,"[5.309552,1.938277,2.606325]",
3130,"[5.312932,1.938236,2.607778]",
3131,"[5.319798,1.939119,2.607668]",
3132,"[5.322868,1.939279,2.607818]",
3133,"[5.325743,1.938743,2.609139]",
3134,"[5.330936,1.937679,2.610399]",
3135,"[5.332981,1.936592,2.611398]",
3136,"[5.336407,1.933944,2.613324]",
3137,"[5.337687,1.933292,2.613075]",
3138,"[5.862098,2.019533,2.663397]",
3139,"[5.862098,2.016948,2.66326]",
3140,"[5.862098,1.997677,2.673681]",
3141,"[5.862098,1.992187,2.676802]",
3142,"[5.862098,1.98796,2.679251]",
3143,"[5.862098,1.979886,2.682661]",
3144,"[5.862098,1.97558,2.68371]",
3145,"[5.862098,1.966296,2.682158]",
3146,"[5.862098,1.960704,2.679705]",
3147,"[5.862098,1.951854,2.676577]",
3148,"[5.862098,1.947845,2.674666]",
3149,"[5.862098,1.944124,2.672848]",
3150,"[5.862098,1.9395,2.670108]",
3151,"[5.862098,1.938712,2.66917]",
3152,"[5.862098,1.938528,2.667431]",
3153,"[5.862098,1.938562,2.66662]",
3154,"[5.862098,1.940801,2.665692]",
3155,"[5.862098,1.942597,2.665069]",
3156,"[5.862098,1.945585,2.665386]",
3157,"[5.862098,1.946928,2.665557]",
3158,"[5.862098,1.947902,2.665712]",
3159,"[5.862098,1.949368,2.666617]",
3160,"[5.862098,1.949876,2.667361]",
3161,"[5.862098,1.950366,2.668465]",
3162,"[5.862098,1.951221,2.669075]",
3163,"[5.862098,1.953795,2.671014]",
3164,"[5.862098,1.955458,2.671913]",
3165,"[5.862098,1.956776,2.672467]",
3166,"[5.862098,1.958508,2.673197]",
3167,"[5.862098,1.959178,2.6735]",
3168,"[5.862098,1.960762,2.673958]",
3169,"[5.862098,1.96195,2.674066]",
3170,"[5.862098,1.963999,2.672734]",
3171,"[5.862098,1.965284,2.673048]",
3172,"[5.862098,1.967926,2.673445]",
3173,"[5.862098,1.969505,2.671566]",
3174,"[5.862098,1.97097,2.669895]",
3175,"[5.862098,1.974834,2.67218]",
3176,"[5.862098,1.976045,2.672987]",
3177,"[5.862098,1.978301,2.673991]",
3178,"[5.862098,1.978437,2.674202]",
3179,"[5.862098,1.979188,2.674561]",
3180,"[5.862098,1.980021,2.674722]",
3181,"[5.844185,1.979208,2.672738]",
3182,"[5.95,1.993766,2.688718]",
3183,"[5.95,1.994459,2.688855]",
3184,"[5.95,1.995213,2.688974]",
3185,"[5.95,1.993563,2.689485]",
3186,"[5.95,1.992536,2.689774]",
3187,"[5.95,1.988733,2.690686]",
3188,"[5.95,1.986145,2.69203]",
3189,"[5.95,1.981449,2.694403]",
3190,"[5.95,1.978729,2.695798]",
3191,"[5.95,1.974752,2.698104]",
3192,"[5.95,1.973158,2.699305]",
3193,"[5.95,1.971609,2.702117]",
3194,"[5.95,1.970327,2.704903]",
3195,"[5.95,1.966505,2.715086]",
3196,"[5.95,1.963951,2.721759]",
3197,"[5.95,1.962063,2.727821]",
3198,"[5.95,1.958987,2.741313]",
3199,"[5.95,1.957544,2.749291]",
3200,"[5.95,1.955252,2.766869]",
3201,"[5.95,1.952989,2.780049]",
3202,"[5.95,1.958674,2.793045]",
3203,"[5.95,1.960755,2.800276]",
3204,"[5.95,1.965912,2.823186]",
3205,"[5.95,1.968666,2.842875]",
3206,"[5.95,1.972356,2.858775]",
3207,"[5.676415,1.944197,2.81172]",
3208,"[5.616,1.93546,2.82397]",
3209,"[5.616,1.928947,2.90054]",
3210,"[5.949999,1.974093,3.629061]",
3211,"[5.95,1.934254,4.400477]",
3212,"[5.629784,1.897856,3.95722]",
3213,"[5.22448,1.792408,3.983181]",
3214,"[5.105821,1.763605,3.983121]",
3215,"[5.000741,1.709731,3.983008]",
3216,"[4.868102,1.655498,3.982895]",
3217,"[4.805818,1.633183,3.982848]",
3218,"[4.73198,1.602543,3.982784]",
3219,"[4.703762,1.589319,3.982756]",
3220,"[4.698119,1.577406,3.982731]",
3221,"[4.697118,1.573636,3.982723]",
3222,"[4.692891,1.568742,3.982713]",
3223,"[4.682653,1.561278,3.982697]",
3224,"[4.681267,1.560908,3.982697]",
3225,"[4.710129,1.567763,3.982711]",
3226,"[4.744975,1.578121,3.982733]",
3227,"[4.772412,1.585755,3.982749]",
3228,"[4.802661,1.586915,3.982751]",
3229,"[4.81247,1.586407,3.98275]",
3230,"[4.823511,1.582905,3.982743]",
3231,"[4.8243,1.580831,3.982738]",
3232,"[4.821828,1.576879,3.98273]",
3233,"[4.791097,1.573204,3.982722]",
3234,"[4.857975,1.729509,3.173091]",
3235,"[4.851766,1.729395,3.175269]",
3236,"[4.846376,1.725398,3.199967]",
3237,"[4.838835,1.716785,3.246213]",
3238,"[4.833215,1.708183,3.288935]",
3239,"[4.82602,1.697073,3.342154]",
3240,"[4.818906,1.688859,3.38434]",
3241,"[4.807935,1.673554,3.458156]",
3242,"[4.740549,1.565775,3.982707]",
3243,"[4.80028,1.662056,3.513901]",
3244,"[4.742459,1.564523,3.982704]",
3245,"[4.744058,1.563569,3.982702]",
3246,"[4.744287,1.563163,3.982701]",
3247,"[4.744162,1.562738,3.9827]",
3248,"[4.743933,1.562527,3.9827]",
3249,"[4.743489,1.56247,3.9827]",
3250,"[4.743622,1.562532,3.9827]",
3251,"[4.743963,1.562703,3.9827]",
3252,"[4.744226,1.563516,3.982702]",
3253,"[4.744442,1.564517,3.982704]",
3254,"[4.744758,1.566517,3.982708]",
3255,"[4.747291,1.573967,3.982724]",
3256,"[4.749396,1.578781,3.982734]",
3257,"[4.754166,1.591912,3.982762]",
3258,"[4.757213,1.600971,3.98278]",
3259,"[4.763934,1.617746,3.982816]",
3260,"[4.767621,1.625875,3.982833]",
3261,"[4.771756,1.634301,3.98285]",
3262,"[4.77779,1.643306,3.982869]",
3263,"[4.778735,1.644973,3.982873]",
3264,"[4.782336,1.652322,3.982888]",
3265,"[4.783506,1.65416,3.982892]",
3266,"[4.784117,1.651866,3.982887]",
3267,"[4.784248,1.649161,3.982882]",
3268,"[4.777586,1.648078,3.982879]",
3269,"[4.775657,1.647664,3.982878]",
3270,"[4.772985,1.647549,3.982878]",
3271,"[4.762577,1.648613,3.98288]",
3272,"[4.758884,1.649294,3.982882]",
3273,"[4.749596,1.651914,3.982887]",
3274,"[4.744502,1.653841,3.982891]",
3275,"[4.735683,1.656044,3.982896]",
3276,"[4.731037,1.657189,3.982898]",
3277,"[4.72297,1.65933,3.982903]",
3278,"[4.719886,1.659955,3.982904]",
3279,"[4.717443,1.660436,3.982905]",
3280,"[4.688547,1.663695,3.982912]",
3281,"[4.672634,1.67004,3.982925]",
3282,"[4.655052,1.671655,3.982929]",
3283,"[4.646802,1.670456,3.982926]",
3284,"[4.63196,1.665638,3.982916]",
3285,"[4.627085,1.664419,3.982913]",
3286,"[4.623833,1.663912,3.982912]",
3287,"[4.614372,1.664072,3.982913]",
3288,"[4.610569,1.664983,3.982915]",
3289,"[4.605556,1.666128,3.982917]",
3290,"[4.604224,1.66654,3.982918]",
3291,"[4.601402,1.668967,3.982923]",
3292,"[4.599998,1.670833,3.982927]",
3293,"[4.599313,1.672053,3.982929]",
3294,"[4.598119,1.673407,3.982932]",
3295,"[4.598032,1.673345,3.982932]",
3296,"[4.597342,1.673124,3.982932]",
3297,"[4.596771,1.672991,3.982931]",
3298,"[4.599452,1.66941,3.982924]",
3299,"[4.60279,1.6657,3.982916]",
3300,"[4.609512,1.657698,3.982899]",
3301,"[4.615782,1.651819,3.982887]",
3302,"[4.621352,1.646473,3.982876]",
3303,"[4.748568,1.652436,3.982888]",
3304,"[4.776706,1.652036,3.982888]",
3305,"[4.810846,1.655688,3.982895]",
3306,"[4.822929,1.657666,3.982899]",
3307,"[4.842319,1.653769,3.982891]",
3308,"[4.852428,1.649666,3.982882]",
3309,"[4.860563,1.643965,3.982871]",
3310,"[4.85244,1.681856,3.98295]",
3311,"[4.851115,1.687982,3.982963]",
3312,"[4.830152,1.702836,3.982994]",
3313,"[4.772558,1.729986,3.983051]",
3314,"[4.741655,1.745696,3.983084]",
3315,"[4.734386,1.750478,3.983094]",
3316,"[4.738897,1.766718,3.983128]",
3317,"[4.745033,1.775351,3.983146]",
3318,"[4.752073,1.782721,3.983161]",
3319,"[4.759092,1.79108,3.983179]",
3320,"[4.760987,1.793444,3.983184]",
3321,"[4.765041,1.796881,3.983191]",
3322,"[4.767651,1.798331,3.983194]",
3323,"[4.77424,1.809234,3.983217]",
3324,"[4.775322,1.813458,3.983226]",
3325,"[4.77574,1.81636,3.983232]",
3326,"[4.772526,1.814954,3.983229]",
3327,"[4.769078,1.811789,3.983222]",
3328,"[4.757673,1.804212,3.983206]",
3329,"[4.750084,1.798766,3.983195]",
3330,"[4.729263,1.774158,3.983143]",
3331,"[4.698057,1.755984,3.983105]",
3332,"[4.660639,1.727162,3.983045]",
3333,"[4.617012,1.700361,3.982989]",
3334,"[4.592778,1.683466,3.982953]",
3335,"[4.480298,1.451252,3.982467]",
3336,"[4.440181,1.321922,3.982196]",
3337,"[4.421631,1.269699,3.950606]",
3338,"[4.449459,1.249612,3.930778]",
3339,"[4.470193,1.205599,3.957912]",
3340,"[4.480922,1.19157,3.957912]",
3341,"[4.479942,1.158733,4.002724]",
3342,"[4.515182,1.188573,3.917561]",
3343,"[4.533153,1.188573,3.898351]",
3344,"[4.54953,1.175706,3.893906]",
3345,"[4.555125,1.172792,3.89338]",
3346,"[4.570068,1.171334,3.891976]",
3347,"[4.577759,1.171571,3.891253]",
3348,"[4.591106,1.169152,3.889998]",
3349,"[4.611557,1.160841,3.888076]",
3350,"[4.645488,1.106764,3.884886]",
3351,"[4.690707,1.053833,3.880636]",
3352,"[4.709959,1.036555,3.878826]",
3353,"[4.735934,1.015611,3.876384]",
3354,"[4.74742,1.007159,3.875305]",
3355,"[4.76357,0.9996774,3.873786]",
3356,"[4.770415,0.9974838,3.873143]",
3357,"[4.77708,0.9952343,3.872517]",
3358,"[4.786829,0.9931926,3.8716]",
3359,"[4.790135,0.9932299,3.871289]",
3360,"[4.789526,0.9939857,3.871347]",
3361,"[4.789676,0.9938289,3.871333]",
3362,"[4.783715,0.9929225,3.871893]",
3363,"[4.782092,0.991137,3.872046]",
3364,"[4.781217,0.9885602,3.872128]",
3365,"[4.8514,0.9323295,3.857004]",
3366,"[4.869615,0.9142706,3.859176]",
3367,"[4.964058,0.842154,3.870438]",
3368,"[4.984759,0.8233448,3.872906]",
3369,"[5.012241,0.7984006,3.876184]",
3370,"[5.01621,0.7943673,3.876657]",
3371,"[5.023054,0.7865432,3.877473]",
3372,"[5.026392,0.7818953,3.877871]",
3373,"[5.029226,0.7784045,3.878209]",
3374,"[5.036795,0.7699682,3.879111]",
3375,"[5.038329,0.7690688,3.879294]",
3376,"[5.040611,0.7680687,3.879566]",
3377,"[5.041169,0.7680337,3.879633]",
3378,"[5.04177,0.7687622,3.879705]",
3379,"[5.041732,0.7695768,3.8797]",
3380,"[5.041159,0.7713608,3.879632]",
3381,"[5.04045,0.7779586,3.879547]",
3382,"[5.040392,0.7821657,3.87954]",
3383,"[5.040104,0.7899417,3.879506]",
3384,"[5.039944,0.7940229,3.879487]",
3385,"[5.037127,0.7974704,3.879151]",
3386,"[5.032459,0.8007904,3.878594]",
3387,"[5.028628,0.8037948,3.878138]",
3388,"[5.018408,0.8079554,3.876919]",
3389,"[5.012752,0.8089471,3.876245]",
3390,"[4.99874,0.8108878,3.874574]",
3391,"[4.994812,0.8112999,3.874105]",
3392,"[4.990614,0.8130707,3.873605]",
3393,"[4.990972,0.8129626,3.873647]",
3394,"[5.00351,0.8107949,3.875142]",
3395,"[5.020456,0.8080631,3.877163]",
3396,"[5.043405,0.804112,3.8799]",
3397,"[5.111318,0.7760435,3.887998]",
3398,"[5.161548,0.7693053,3.893987]",
3399,"[5.273967,0.7452973,3.907393]",
3400,"[5.507324,0.7115428,3.935219]",
3401,"[5.278668,1.219226,3.162107]",
3402,"[5.321342,1.217459,3.138948]",
3403,"[5.383896,1.189319,3.152131]",
3404,"[5.723835,1.052019,2.971163]",
3405,"[5.95,0.9086035,2.920512]",
3406,"[5.95,0.9351072,2.733019]",
3407,"[5.95,0.9426439,2.680779]",
3408,"[5.561021,1.23165,2.550618]",
3409,"[5.559422,1.235656,2.529158]",
3410,"[5.559513,1.232599,2.526587]",
3411,"[5.560671,1.229919,2.522572]",
3412,"[5.559463,1.220255,2.528019]",
3413,"[5.558984,1.203282,2.541728]",
3414,"[5.559275,1.196118,2.547583]",
3415,"[5.95,0.8576037,2.636027]",
3416,"[5.95,0.8508402,2.637969]",
3417,"[5.95,0.6697233,2.6889]",
3418,"[5.772249,0.6622184,2.643113]",
3419,"[5.72565,0.6622185,2.626056]",
3420,"[5.610132,0.6622185,2.595186]",
3421,"[5.575535,0.6622185,2.583711]",
3422,"[5.894554,0.1,2.637773]",
3423,"[5.88537,0.1,2.628186]",
3424,"[5.559373,0.610135,2.547979]",
3425,"[5.559207,0.6072939,2.547312]",
3426,"[5.558871,0.5989094,2.544951]",
3427,"[5.55892,0.5914512,2.543535]",
3428,"[5.559074,0.5814035,2.539129]",
3429,"[5.559584,0.5729406,2.525931]",
3430,"[5.55957,0.5663142,2.525975]",
3431,"[5.55953,0.5368514,2.526097]",
3432,"[5.559518,0.5121,2.526429]",
3433,"[5.559945,0.4583281,2.524815]",
3434,"[5.560496,0.4240667,2.523114]",
3435,"[5.560022,0.4044922,2.524576]",
3436,"[5.559955,0.3766435,2.524784]",
3437,"[5.560157,0.3686531,2.52416]",
3438,"[5.560972,0.3644862,2.522069]",
3439,"[5.578749,0.3266864,2.52114]",
3440,"[5.561941,0.3682435,2.521532]",
3441,"[5.562237,0.3690355,2.521368]",
3442,"[5.56157,0.3766212,2.521738]",
3443,"[5.636364,0.2397732,2.523152]",
3444,"[5.710687,0.1,2.525098]",
3445,"[5.704576,0.1,2.514421]",
3446,"[5.69542,0.1,2.507398]",
3447,"[5.683098,0.1,2.505745]",
3448,"[5.678152,0.1,2.509289]",
3449,"[5.669666,0.1,2.516156]",
3450,"[5.666719,0.1,2.519243]",
3451,"[5.666559,0.1,2.521296]",
3452,"[5.560736,0.3039325,2.522371]",
3453,"[5.560207,0.3169445,2.524004]",
3454,"[5.559524,0.3329509,2.526254]",
3455,"[5.559502,0.3356313,2.526889]",
3456,"[5.559464,0.3387278,2.527958]",
3457,"[5.559446,0.3401406,2.528498]",
3458,"[5.559417,0.3410942,2.529321]",
3459,"[5.55934,0.3412759,2.531541]",
3460,"[5.559301,0.3402203,2.53264]",
3461,"[5.400663,0.622529,2.53857]",
3462,"[5.393727,0.622529,2.548437]",
3463,"[5.377759,0.622529,2.563107]",
3464,"[5.370974,0.622529,2.56657]",
3465,"[5.363282,0.622529,2.568861]",
3466,"[5.347118,0.622529,2.571429]",
3467,"[5.338089,0.622529,2.572023]",
3468,"[5.317895,0.6120231,2.569967]",
3469,"[5.308285,0.5927092,2.568701]",
3470,"[5.290653,0.5862677,2.557906]",
3471,"[5.28263,0.5726179,2.552901]",
3472,"[5.267358,0.5547516,2.549064]",
3473,"[5.26182,0.5639877,2.543048]",
3474,"[5.257014,0.5677142,2.537122]",
3475,"[5.261244,0.5497577,2.510287]",
3476,"[5.261581,0.542012,2.500615]",
3477,"[5.2647,0.5001128,2.41129]",
3478,"[5.265269,0.4895203,2.395016]",
3479,"[5.26584,0.479154,2.378677]",
3480,"[5.266067,0.4757284,2.372181]",
3481,"[5.266198,0.4758594,2.368412]",
3482,"[5.266507,0.471901,2.35956]",
3483,"[5.266656,0.4749751,2.355294]",
3484,"[5.266925,0.4802621,2.347581]",
3485,"[5.267054,0.4834233,2.3439]",
3486,"[5.267255,0.5038949,2.338141]",
3487,"[5.267326,0.5167567,2.336103]",
3488,"[5.267393,0.5262083,2.334198]",
3489,"[5.267395,0.538957,2.334123]",
3490,"[5.267403,0.5450507,2.33392]",
3491,"[5.267328,0.5546601,2.336052]",
3492,"[5.267256,0.5575953,2.338116]",
3493,"[5.266993,0.5649061,2.345644]",
3494,"[5.266901,0.5679241,2.348276]",
3495,"[5.266772,0.5740469,2.351978]",
3496,"[5.266719,0.577361,2.353483]",
3497,"[5.266705,0.5850863,2.353887]",
3498,"[5.266629,0.5870345,2.356056]",
3499,"[5.266606,0.5883752,2.356719]",
3500,"[5.266616,0.5953892,2.356446]",
3501,"[5.267212,0.5977278,2.339362]",
3502,"[5.26784,0.6088063,2.321397]",
3503,"[5.26806,0.6162764,2.315095]",
3504,"[5.268233,0.622454,2.310133]",
3505,"[5.272398,0.622529,2.305994]",
3506,"[5.271569,0.622529,2.305663]",
3507,"[5.270239,0.622529,2.304528]",
3508,"[5.272142,0.622529,2.302187]",
3509,"[5.274343,0.622529,2.300123]",
3510,"[5.276979,0.622529,2.298638]",
3511,"[5.279593,0.622529,2.297312]",
3512,"[5.279635,0.622529,2.297435]",
3513,"[5.279632,0.622529,2.297568]",
3514,"[5.279778,0.622529,2.297743]",
3515,"[5.279723,0.622529,2.297848]",
3516,"[5.279548,0.622529,2.298106]",
3517,"[5.279543,0.622529,2.298193]",
3518,"[5.283374,0.622529,2.298554]",
3519,"[5.287554,0.622529,2.297904]",
3520,"[5.295051,0.622529,2.297263]",
3521,"[5.365698,0.4320192,2.275259]",
3522,"[5.36793,0.4326979,2.27617]",
3523,"[5.369955,0.4378318,2.282544]",
3524,"[5.371099,0.4392844,2.284368]",
3525,"[5.371486,0.4407626,2.286196]",
3526,"[5.371536,0.440614,2.286015]",
3527,"[5.3715,0.4404111,2.285765]",
3528,"[5.371318,0.4397015,2.284887]",
3529,"[5.371468,0.4392796,2.284374]",
3530,"[5.374055,0.4384755,2.283478]",
3531,"[5.374095,0.438416,2.283406]",
3532,"[5.373919,0.4385625,2.28358]",
3533,"[5.372987,0.4397019,2.284946]",
3534,"[5.373176,0.4422196,2.288044]",
3535,"[5.374717,0.4434343,2.289589]",
3536,"[5.374521,0.4437312,2.289947]",
3537,"[5.372052,0.4428477,2.288776]",
3538,"[5.367924,0.4416668,2.287182]",
3539,"[5.362543,0.4413463,2.2866]",
3540,"[5.360061,0.4422094,2.287573]",
3541,"[5.353567,0.4413601,2.289205]",
3542,"[5.350631,0.4368039,2.289292]",
3543,"[5.300917,0.622529,2.308961]",
3544,"[5.297126,0.622529,2.31018]",
3545,"[5.298753,0.622529,2.310362]",
3546,"[5.350181,0.43317,2.291412]",
3547,"[5.35188,0.4416178,2.292044]",
3548,"[5.359213,0.4455371,2.291629]",
3549,"[5.362907,0.4450212,2.291125]",
3550,"[5.366438,0.4444243,2.290515]",
3551,"[5.369043,0.4464829,2.293134]",
3552,"[5.368665,0.4488493,2.296026]",
3553,"[5.367374,0.4548911,2.303399]",
3554,"[5.367035,0.4572802,2.30632]",
3555,"[5.366426,0.4604699,2.310215]",
3556,"[5.365942,0.4616729,2.311675]",
3557,"[5.364913,0.4635801,2.313981]",
3558,"[5.364487,0.4641915,2.314716]",
3559,"[5.364202,0.4646144,2.315225]",
3560,"[5.3638,0.4650779,2.31578]",
3561,"[5.363571,0.4656225,2.316441]",
3562,"[5.363449,0.4662303,2.317183]",
3563,"[5.363462,0.4664896,2.317502]",
3564,"[5.364701,0.4666315,2.317719]",
3565,"[5.366741,0.4664542,2.317573]",
3566,"[5.37064,0.4665328,2.317806]",
3567,"[5.372483,0.4667963,2.318194]",
3568,"[5.374146,0.4671664,2.318706]",
3569,"[5.37571,0.468161,2.319982]",
3570,"[5.375879,0.4687794,2.320747]",
3571,"[5.377502,0.4692717,2.321408]",
3572,"[5.37905,0.4693869,2.321603]",
3573,"[5.381883,0.4698012,2.322211]",
3574,"[5.383393,0.4698545,2.322329]",
3575,"[5.385057,0.4702651,2.322891]",
3576,"[5.386272,0.47195,2.325002]",
3577,"[5.386819,0.4726443,2.325874]",
3578,"[5.38843,0.4732465,2.326669]",
3579,"[5.388697,0.4738148,2.327377]",
3580,"[5.389556,0.4749526,2.328804]",
3581,"[5.390062,0.4754484,2.32943]",
3582,"[5.391323,0.4752785,2.329265]",
3583,"[5.393102,0.4756673,2.329805]",
3584,"[5.394063,0.4763139,2.330632]",
3585,"[5.395339,0.4786231,2.333512]",
3586,"[5.3962,0.4795744,2.33471]",
3587,"[5.398074,0.4812278,2.336805]",
3588,"[5.40059,0.4805284,2.336035]",
3589,"[5.424995,0.474343,2.329293]",
3590,"[5.438244,0.4703256,2.324823]",
3591,"[5.446647,0.467397,2.321521]",
3592,"[5.497168,0.4361215,2.284887]",
3593,"[5.511555,0.4262463,2.273265]",
3594,"[5.531643,0.4105995,2.254756]",
3595,"[5.540075,0.4038106,2.246716]",
3596,"[5.557638,0.3913321,2.232008]",
3597,"[5.568532,0.3839304,2.223301]",
3598,"[5.696219,0.1,2.167946]",
3599,"[5.699864,0.1,2.154495]",
3600,"[5.696064,0.1,2.126189]",
3601,"[5.501856,0.3604093,1.969901]",
3602,"[5.476106,0.4080001,1.964968]",
3603,"[5.456873,0.4080001,1.918625]",
3604,"[5.44922,0.4080001,1.898904]",
3605,"[5.377361,0.622529,1.968837]",
3606,"[5.376099,0.622529,1.964696]",
3607,"[5.374907,0.622529,1.960246]",
3608,"[5.371887,0.622529,1.951995]",
3609,"[5.369826,0.622529,1.947637]",
3610,"[5.37017,0.622529,1.943433]",
3611,"[5.368882,0.622529,1.939213]",
3612,"[5.372634,0.622529,1.939982]",
3613,"[5.375107,0.622529,1.93936]",
3614,"[5.376647,0.622529,1.938459]",
3615,"[5.378358,0.622529,1.933576]",
3616,"[5.378151,0.622529,1.928634]",
3617,"[5.377574,0.622529,1.919052]",
3618,"[5.378373,0.622529,1.912277]",
3619,"[5.378242,0.622529,1.89959]",
3620,"[5.376603,0.622529,1.863862]",
3621,"[5.371046,0.622529,1.825493]",
3622,"[5.368073,0.622529,1.812096]",
3623,"[5.367579,0.6173301,1.799291]",
3624,"[5.368661,0.5986472,1.768316]",
3625,"[5.369213,0.5880131,1.752517]",
3626,"[5.370251,0.567215,1.722786]",
3627,"[5.370784,0.5584181,1.707513]",
3628,"[5.371246,0.5615262,1.694273]",
3629,"[5.371236,0.5704468,1.694571]",
3630,"[5.371544,0.5731112,1.685743]",
3631,"[5.4333,0.3868837,1.476214]",
3632,"[5.412928,0.4398474,1.476213]",
3633,"[5.365076,0.3708764,1.212733]",
3634,"[5.365076,0.3146378,1.111209]",
3635,"[5.365076,0.2651034,1.007338]",
3636,"[5.365076,0.2493386,0.9682364]",
3637,"[5.365076,0.2452769,0.9576387]",
3638,"[5.365076,0.2391147,0.948572]",
3639,"[5.365076,0.2285124,0.9330175]",
3640,"[5.268186,0.5773456,1.272953]",
3641,"[5.263589,0.5773456,1.265212]",
3642,"[5.2414,0.5773456,1.256266]",
3643,"[5.206357,0.5773456,1.23787]",
3644,"[5.165578,0.5773456,1.203919]",
3645,"[5.014061,0.9328381,1.518633]",
3646,"[4.963718,0.9624628,1.518633]",
3647,"[4.946762,0.9748464,1.518633]",
3648,"[4.934623,0.989033,1.518633]",
3649,"[4.928023,1.01154,1.518633]",
3650,"[4.928998,1.025896,1.518633]",
3651,"[4.92962,1.059143,1.518633]",
3652,"[4.928082,1.076836,1.518633]",
3653,"[4.930337,1.100059,1.518633]",
3654,"[4.929117,1.11276,1.518633]",
3655,"[4.91446,1.111666,1.518633]",
3656,"[4.898558,1.109869,1.518633]",
3657,"[4.890169,1.112554,1.518633]",
3658,"[4.870723,1.119454,1.518633]",
3659,"[4.859903,1.124105,1.518633]",
3660,"[4.849502,1.1336,1.518633]",
3661,"[4.842745,1.139104,1.518633]",
3662,"[4.843347,1.139365,1.518633]",
3663,"[4.840142,1.137429,1.518633]",
3664,"[4.839757,1.135256,1.518633]",
3665,"[4.833033,1.130367,1.518633]",
3666,"[4.823568,1.129496,1.518633]",
3667,"[4.811513,1.125861,1.518633]",
3668,"[4.804092,1.122712,1.518633]",
3669,"[4.793997,1.119252,1.518633]",
3670,"[4.775952,1.114678,1.518633]",
3671,"[4.76592,1.113123,1.518633]",
3672,"[4.741261,1.108847,1.518633]",
3673,"[4.631345,0.853175,1.240071]",
3674,"[4.597469,0.9391829,1.348167]",
3675,"[4.040606,0.4698841,0.9189134]",
3676,"[3.96502,0.4604627,0.9189134]",
3677,"[3.928057,0.4567956,0.9189134]",
3678,"[3.898771,0.4524728,0.9189134]",
3679,"[3.686175,0.2296917,0.6858298]",
3680,"[3.681528,0.2355929,0.6884632]",
3681,"[3.67482,0.2333358,0.6926762]",
3682,"[3.672318,0.2244274,0.6945556]",
3683,"[3.670327,0.2068167,0.6964529]",
3684,"[3.670778,0.1991229,0.6957754]",
3685,"[3.668762,0.1539834,0.6530784]",
3686,"[3.677722,0.1539834,0.6563872]",
3687,"[3.867014,0.4192206,0.9189134]",
3688,"[3.898062,0.4216377,0.9189134]",
3689,"[3.909783,0.4235997,0.9189134]",
3690,"[3.922228,0.4269892,0.9189134]",
3691,"[3.92528,0.4275256,0.9189134]",
3692,"[3.928428,0.4310761,0.9189134]",
3693,"[3.928173,0.4322478,0.9189134]",
3694,"[3.926816,0.4331875,0.9189134]",
3695,"[3.926115,0.4359592,0.9189134]",
3696,"[3.926677,0.4372732,0.9189134]",
3697,"[3.929924,0.4401976,0.9189134]",
3698,"[3.930568,0.4408238,0.9189134]",
3699,"[3.930218,0.4419636,0.9189134]",
3700,"[3.930277,0.4436404,0.9189134]",
3701,"[3.929611,0.445568,0.9189134]",
3702,"[3.928314,0.4493591,0.9189134]",
3703,"[3.926746,0.4514232,0.9189134]",
3704,"[3.927822,0.4555798,0.9189134]",
3705,"[3.931677,0.4603833,0.9189134]",
3706,"[3.950857,0.5238312,0.9189134]",
3707,"[3.955706,0.5514361,0.9070346]",
3708,"[3.901014,0.4353715,0.6911662]",
3709,"[3.920485,0.4642411,0.6911662]",
3710,"[3.937368,0.4887918,0.6911662]",
3711,"[4.000332,0.6052259,0.7832074]",
3712,"[4.012725,0.6250168,0.7832074]",
3713,"[4.024863,0.6440823,0.7832074]",
3714,"[4.026406,0.646843,0.7832074]",
3715,"[4.026814,0.6482501,0.7832074]",
3716,"[4.026529,0.6487529,0.7832074]",
3717,"[4.024791,0.6478988,0.7832074]",
3718,"[4.021808,0.6454098,0.7832074]",
3719,"[4.016584,0.6390486,0.7832074]",
3720,"[3.98294,0.6057892,0.7832074]",
3721,"[3.969692,0.5912451,0.7832074]",
3722,"[3.961818,0.578166,0.7832074]",
3723,"[3.929641,0.4976022,0.6911662]",
3724,"[3.925669,0.4962428,0.6911662]",
3725,"[3.916605,0.4952634,0.6911662]",
3726,"[3.911416,0.4947878,0.6911662]",
3727,"[3.904167,0.4928572,0.6911662]",
3728,"[3.900271,0.4917897,0.6911662]",
3729,"[3.899758,0.4877039,0.6911662]",
3730,"[3.898962,0.4843995,0.6911662]",
3731,"[3.897431,0.479674,0.6911662]",
3732,"[3.896906,0.4787136,0.6911662]",
3733,"[3.896267,0.4776475,0.6911662]",
3734,"[3.896075,0.4761762,0.6911662]",
3735,"[3.896382,0.4760084,0.6911662]",
3736,"[3.896541,0.476086,0.6911662]",
3737,"[3.899691,0.478222,0.6911662]",
3738,"[3.904319,0.4849083,0.6911662]",
3739,"[3.905937,0.4894641,0.6911662]",
3740,"[3.937974,0.5920098,0.7832074]",
3741,"[3.938818,0.6071218,0.7832074]",
3742,"[3.946001,0.6259916,0.7832074]",
3743,"[3.953774,0.6484454,0.7832074]",
3744,"[3.956105,0.6547703,0.7832074]",
3745,"[3.961384,0.6644241,0.7832074]",
3746,"[3.96457,0.668583,0.7832074]",
3747,"[3.974432,0.6722013,0.7832074]",
3748,"[3.984403,0.6711363,0.7832074]",
3749,"[3.992468,0.6703504,0.7832074]",
3750,"[4.010408,0.665778,0.7832074]",
3751,"[4.021465,0.6657059,0.7832074]",
3752,"[4.041866,0.6770055,0.7832074]",
3753,"[4.050928,0.6845921,0.7832074]",
3754,"[4.063243,0.6880731,0.7832074]",
3755,"[4.064435,0.6872294,0.7832074]",
3756,"[4.065181,0.6869889,0.7832074]",
3757,"[4.06776,0.6886828,0.7832074]",
3758,"[4.068655,0.6901702,0.7832074]",
3759,"[4.070819,0.6960253,0.7832074]",
3760,"[4.072218,0.6990646,0.7832074]",
3761,"[4.073987,0.7023185,0.7832074]",
3762,"[4.074205,0.7028261,0.7832074]",
3763,"[4.075521,0.7011567,0.7832074]",
3764,"[4.076667,0.7005152,0.7832074]",
3765,"[4.077944,0.6999949,0.7832074]",
3766,"[4.081214,0.6956003,0.7832074]",
3767,"[4.081736,0.6918989,0.7832074]",
3768,"[4.075755,0.674892,0.7832074]",
3769,"[4.072646,0.6676335,0.7832074]",
3770,"[4.068106,0.6665614,0.7832074]",
3771,"[4.065312,0.6655496,0.7832074]",
3772,"[4.0613,0.6642045,0.7832074]",
3773,"[4.053271,0.6525958,0.7832074]",
3774,"[4.049688,0.6424088,0.7832074]",
3775,"[4.045703,0.6259274,0.7832074]",
3776,"[4.045643,0.6259815,0.7832074]",
3777,"[4.045784,0.6264287,0.7832074]",
3778,"[4.046434,0.6332124,0.7832074]",
3779,"[4.047355,0.6365808,0.7832074]",
3780,"[4.047599,0.6366423,0.7832074]",
3781,"[4.047302,0.6280845,0.7832074]",
3782,"[4.047218,0.6206445,0.7832074]",
3783,"[4.046453,0.6129695,0.7832074]",
3784,"[4.044123,0.5984839,0.7832074]",
3785,"[4.043068,0.5922542,0.7832074]",
3786,"[4.04129,0.5870216,0.7832074]",
3787,"[4.040398,0.5870195,0.7832074]",
3788,"[4.038241,0.5901415,0.7832074]",
3789,"[4.033331,0.6017971,0.7832074]",
3790,"[4.030712,0.6083608,0.7832074]",
3791,"[4.030159,0.6220295,0.7832074]",
3792,"[4.031066,0.6280659,0.7832074]",
3793,"[4.031816,0.6417829,0.7832074]",
3794,"[4.032104,0.6449856,0.7832074]",
3795,"[4.033796,0.6504022,0.7832074]",
3796,"[4.035768,0.6493478,0.7832074]",
3797,"[4.03649,0.6481364,0.7832074]",
3798,"[4.038081,0.6452006,0.7832074]",
3799,"[4.0392,0.6434911,0.7832074]",
3800,"[4.041988,0.6115192,0.7832074]",
3801,"[4.039158,0.5954252,0.7832074]",
3802,"[4.018259,0.5086442,0.6911662]",
3803,"[4.016675,0.4996303,0.6911662]",
3804,"[4.015046,0.4921402,0.6911662]",
3805,"[4.011033,0.4822388,0.6911662]",
3806,"[4.007565,0.4774652,0.6911662]",
3807,"[4.001892,0.4721982,0.6911662]",
3808,"[3.998672,0.4721567,0.6911662]",
3809,"[3.99262,0.4732689,0.6911662]",
3810,"[3.990227,0.4740655,0.6911662]",
3811,"[3.986303,0.4763705,0.6911662]",
3812,"[3.985234,0.4781829,0.6911662]",
3813,"[3.98423,0.4801516,0.6911662]",
3814,"[4.013349,0.5885149,0.7832074]",
3815,"[4.015452,0.6067518,0.7832074]",
3816,"[4.018066,0.6306543,0.7832074]",
3817,"[4.019454,0.6402208,0.7832074]",
3818,"[4.021662,0.6519868,0.7832074]",
3819,"[4.022499,0.6566947,0.7832074]",
3820,"[4.023377,0.6591426,0.7832074]",
3821,"[4.024774,0.6618648,0.7832074]",
3822,"[4.025289,0.6624041,0.7832074]",
3823,"[4.025789,0.6632384,0.7832074]",
3824,"[4.026024,0.6635348,0.7832074]",
3825,"[4.023391,0.6580361,0.7766499]",
3826,"[4.022038,0.655028,0.7732462]",
3827,"[4.021275,0.652486,0.7714781]",
3828,"[4.019561,0.6456088,0.7685465]",
3829,"[4.018891,0.6418124,0.7680582]",
3830,"[4.01941,0.6367059,0.7683596]",
3831,"[4.020517,0.6376894,0.7723297]",
3832,"[4.021614,0.6358526,0.7737784]",
3833,"[4.022435,0.6361182,0.7746853]",
3834,"[4.023981,0.637793,0.7770037]",
3835,"[4.024754,0.6395891,0.7793288]",
3836,"[4.025323,0.6409647,0.7808995]",
3837,"[4.02733,0.6447565,0.784696]",
3838,"[4.027866,0.6467073,0.7870192]",
3839,"[4.028893,0.650718,0.79287]",
3840,"[4.029368,0.6528121,0.7963223]",
3841,"[4.031147,0.6600035,0.8088068]",
3842,"[4.032403,0.6648846,0.8174357]",
3843,"[4.033637,0.6687867,0.8258538]",
3844,"[4.039076,0.685337,0.8539843]",
3845,"[4.04215,0.694453,0.8685097]",
3846,"[4.049026,0.7158131,0.9003939]",
3847,"[4.052564,0.726696,0.9158301]",
3848,"[4.060658,0.751595,0.9516158]",
3849,"[4.064734,0.7640225,0.9697699]",
3850,"[4.072615,0.7881001,1.006368]",
3851,"[4.076653,0.7998411,1.025339]",
3852,"[4.080383,0.8107166,1.042832]",
3853,"[4.082276,0.8144361,1.051661]",
3854,"[4.082605,0.8144361,1.052895]",
3855,"[4.006421,0.5812765,0.6911662]",
3856,"[4.006048,0.5799758,0.6911662]",
3857,"[4.004933,0.577855,0.6911662]",
3858,"[4.00355,0.5749529,0.6911662]",
3859,"[4.002021,0.5717864,0.6911662]",
3860,"[3.997748,0.5633754,0.6911662]",
3861,"[3.995247,0.5588839,0.6911662]",
3862,"[3.989327,0.5487933,0.6911662]",
3863,"[3.987069,0.5423948,0.6911662]",
3864,"[3.983923,0.5316868,0.6911662]",
3865,"[3.982506,0.5269973,0.6911662]",
3866,"[3.980433,0.5164667,0.6911662]",
3867,"[4.07864,0.8144361,1.105613]",
3868,"[4.082147,0.8144361,1.114431]",
3869,"[4.082039,0.8036879,1.109462]",
3870,"[4.07971,0.7931199,1.09822]",
3871,"[4.074116,0.7690797,1.070135]",
3872,"[4.071657,0.757934,1.056719]",
3873,"[4.066526,0.7328574,1.026076]",
3874,"[4.061919,0.713547,1.002321]",
3875,"[4.058895,0.6982236,0.9837946]",
3876,"[4.051752,0.6641005,0.9425778]",
3877,"[4.048282,0.6478993,0.9230885]",
3878,"[4.04057,0.6124806,0.8811545]",
3879,"[4.036876,0.593426,0.8599543]",
3880,"[4.039031,0.5514361,0.8832818]",
3881,"[4.048304,0.5165237,0.9189134]",
3882,"[4.049715,0.4704854,0.9189134]",
3883,"[4.05397,0.4334941,0.9189134]",
3884,"[4.056729,0.4113785,0.9189134]",
3885,"[4.061595,0.3793741,0.9189134]",
3886,"[4.063782,0.3633928,0.9189134]",
3887,"[4.066998,0.3393071,0.9189134]",
3888,"[4.067542,0.3348684,0.9189134]",
3889,"[4.068223,0.329725,0.9189134]",
3890,"[4.06812,0.3281713,0.9189134]",
3891,"[4.067998,0.3258744,0.9189134]",
3892,"[4.065568,0.3233454,0.9189134]",
3893,"[4.062973,0.3241682,0.9189134]",
3894,"[4.059102,0.3246598,0.9189134]",
3895,"[4.055351,0.323911,0.9189134]",
3896,"[4.048482,0.3194854,0.9189134]",
3897,"[4.045485,0.3161975,0.9189134]",
3898,"[4.023456,0.203455,0.8378823]",
3899,"[4.016582,0.19049,0.8378823]",
3900,"[4.013682,0.1839149,0.8378823]",
3901,"[4.009843,0.1708097,0.8378823]",
3902,"[4.008688,0.1641807,0.8378823]",
3903,"[4.007989,0.1527236,0.8378823]",
3904,"[4.008494,0.1472758,0.8378823]",
3905,"[4.008816,0.1399542,0.8378823]",
3906,"[4.008868,0.1397972,0.8378823]",
3907,"[4.008914,0.1394801,0.8378823]",
3908,"[4.008997,0.1392242,0.8378823]",
3909,"[4.009099,0.1393352,0.8378823]",
3910,"[4.008943,0.1401174,0.8378823]",
3911,"[4.008934,0.1403491,0.8378823]",
3912,"[4.008385,0.1422261,0.8378823]",
3913,"[4.008178,0.1429235,0.8378823]",
3914,"[4.008064,0.1435603,0.8378823]",
3915,"[4.007837,0.1443107,0.8378823]",
3916,"[4.007677,0.1444876,0.8378823]",
3917,"[4.006124,0.144812,0.8378823]",
3918,"[4.004644,0.1446611,0.8378823]",
3919,"[4.002548,0.144824,0.8383945]",
3920,"[4.002052,0.1480806,0.8413556]",
3921,"[4.00145,0.1530842,0.8464368]",
3922,"[4.002041,0.1594587,0.8519776]",
3923,"[4.002286,0.1634705,0.8557342]",
3924,"[4.004241,0.1783201,0.867533]",
3925,"[4.0055,0.1876593,0.8742383]",
3926,"[4.009171,0.2107368,0.8904737]",
3927,"[4.010876,0.2210907,0.8977225]",
3928,"[4.015514,0.2464568,0.9158033]",
3929,"[4.01818,0.2602934,0.925751]",
3930,"[4.020589,0.2729645,0.9349368]",
3931,"[4.024372,0.2924361,0.9494385]",
3932,"[4.024304,0.2924361,0.9498852]",
3933,"[4.023961,0.2924361,0.9510875]",
3934,"[4.023666,0.2924361,0.9523551]",
3935,"[4.005479,0.2034402,0.8943569]",
3936,"[4.007362,0.2129298,0.9040395]",
3937,"[4.00749,0.2129298,0.9070964]",
3938,"[4.007993,0.2129298,0.9138832]",
3939,"[4.008326,0.2129298,0.918108]",
3940,"[4.008543,0.2129298,0.9260316]",
3941,"[4.008279,0.2129298,0.9298497]",
3942,"[4.006812,0.2129298,0.9364364]",
3943,"[4.006417,0.2129298,0.9398803]",
3944,"[4.004766,0.2129298,0.9453213]",
3945,"[4.004445,0.2129298,0.9470692]",
3946,"[4.00386,0.2129298,0.948725]",
3947,"[4.003167,0.2129298,0.9582747]",
3948,"[4.003778,0.2129298,0.9612771]",
3949,"[4.004429,0.2129298,0.9660836]",
3950,"[4.005513,0.2129298,0.9678192]",
3951,"[4.007148,0.2129298,0.9707852]",
3952,"[4.007912,0.2129298,0.9723619]",
3953,"[4.008515,0.2129298,0.9737727]",
3954,"[4.009338,0.2129298,0.976089]",
3955,"[4.012489,0.2129298,0.9778816]",
3956,"[4.017331,0.2129298,0.9778841]",
3957,"[4.019101,0.2129298,0.9767847]",
3958,"[4.022057,0.2129298,0.9754447]",
3959,"[4.023291,0.2129298,0.9753974]",
3960,"[4.024883,0.2129298,0.972863]",
3961,"[4.027277,0.2129298,0.9680095]",
3962,"[4.027738,0.2129298,0.952985]",
3963,"[4.046675,0.3519428,0.9189134]",
3964,"[4.051589,0.3846639,0.9189134]",
3965,"[4.056306,0.4127108,0.9189134]",
3966,"[4.057673,0.4204409,0.9189134]",
3967,"[4.059965,0.4307677,0.9189134]",
3968,"[4.060454,0.4342298,0.9189134]",
3969,"[4.060972,0.4374254,0.9189134]",
3970,"[4.061733,0.4414433,0.9189134]",
3971,"[4.062038,0.4426726,0.9189134]",
3972,"[4.062653,0.4451064,0.9189134]",
3973,"[4.064129,0.4470235,0.9189134]",
3974,"[4.066361,0.4508381,0.9189134]",
3975,"[4.068001,0.4540358,0.9189134]",
3976,"[4.070437,0.4662695,0.9189134]",
3977,"[4.071146,0.4731734,0.9189134]",
3978,"[4.071713,0.4784272,0.9189134]",
3979,"[4.073987,0.4873959,0.9189134]",
3980,"[4.074453,0.4901139,0.9189134]",
3981,"[4.075274,0.4948302,0.9189134]",
3982,"[4.075655,0.4973273,0.9189134]",
3983,"[4.076047,0.5015196,0.9189134]",
3984,"[4.076068,0.5036523,0.9189134]",
3985,"[4.07607,0.5062121,0.9189134]",
3986,"[4.075982,0.5116583,0.9189134]",
3987,"[4.075987,0.514384,0.9189134]",
3988,"[4.076099,0.5176816,0.9189134]",
3989,"[4.076268,0.5187651,0.9189134]",
3990,"[4.076686,0.5198245,0.9189134]",
3991,"[4.076735,0.5202628,0.9189134]",
3992,"[4.076902,0.52114,0.9189134]",
3993,"[4.076811,0.5210985,0.9189134]",
3994,"[4.076705,0.5210989,0.9189134]",
3995,"[4.076301,0.5199166,0.9189134]",
3996,"[4.07596,0.518667,0.9189134]",
3997,"[4.075151,0.516903,0.9189134]",
3998,"[4.074685,0.51635,0.9189134]",
3999,"[4.07403,0.5157776,0.9189134]",
4000,"[4.072965,0.5197213,0.9244075]",
4001,"[4.072708,0.5244327,0.9302268]",
4002,"[4.07207,0.5364909,0.9467502]",
4003,"[4.072278,0.5471861,0.9602628]",
4004,"[4.071715,0.5514361,0.9670739]",
4005,"[4.072066,0.5514361,0.9672367]",
4006,"[4.053067,0.4579883,0.871578]",
4007,"[4.052699,0.4579883,0.8714103]",
4008,"[4.052208,0.4579883,0.8711494]",
4009,"[4.050897,0.4579883,0.8689692]",
4010,"[4.051452,0.4579883,0.8671076]",
4011,"[4.052589,0.4641529,0.8716673]",
4012,"[4.054498,0.4739189,0.8812421]",
4013,"[4.054808,0.4763843,0.8834803]",
4014,"[4.05518,0.4763843,0.8841769]",
4015,"[4.055414,0.4763843,0.8852385]",
4016,"[4.055294,0.4763843,0.8857469]",
4017,"[4.055532,0.4763843,0.8871984]",
4018,"[4.036842,0.4763843,0.9164569]",
4019,"[4.032096,0.4763843,0.9233059]",
4020,"[4.023938,0.4763843,0.9322286]",
4021,"[4.019813,0.4763843,0.9356699]",
4022,"[4.011179,0.4673744,0.9319703]",
4023,"[4.006558,0.4579883,0.9267269]",
4024,"[4.005148,0.4579883,0.9290325]",
4025,"[4.00301,0.4579883,0.9319317]",
4026,"[4.002122,0.4579883,0.9329881]",
4027,"[4.001804,0.4579883,0.9337336]",
4028,"[4.001667,0.4579883,0.9339451]",
4029,"[4.002242,0.4577907,0.9338242]",
4030,"[4.029693,0.5514361,1.020937]",
4031,"[4.03013,0.5514361,1.020875]",
4032,"[4.030457,0.550559,1.01988]",
4033,"[4.026608,0.5364637,1.006564]",
4034,"[4.017011,0.5053285,0.9752927]",
4035,"[4.012417,0.4912686,0.9604878]",
4036,"[4.00271,0.46389,0.9308772]",
4037,"[3.997517,0.4505455,0.9162908]",
4038,"[3.988406,0.4284173,0.8916669]",
4039,"[3.983807,0.4179542,0.8796964]",
4040,"[3.979151,0.4074346,0.867888]",
4041,"[3.972566,0.3884815,0.8462329]",
4042,"[3.969869,0.3793242,0.8356662]",
4043,"[3.967318,0.3686956,0.8166165]",
4044,"[3.966471,0.3663152,0.8107209]",
4045,"[3.96801,0.3669348,0.8014474]",
4046,"[3.967694,0.3663558,0.7969375]",
4047,"[3.967708,0.3710088,0.7958369]",
4048,"[3.966795,0.3734496,0.7958369]",
4049,"[3.96483,0.375652,0.7958369]",
4050,"[3.959693,0.3805702,0.7958369]",
4051,"[3.951169,0.3833125,0.7958369]",
4052,"[3.921986,0.3837533,0.7958369]",
4053,"[3.90305,0.3811042,0.7958369]",
4054,"[3.294523,0.1,0.7535285]",
4055,"[3.290891,0.1,0.7561605]",
4056,"[3.279206,0.1,0.7642865]",
4057,"[3.161471,0.2817365,1.08439]",
4058,"[3.026058,0.3329572,1.238825]",
4059,"[3.291194,0.5533193,1.366745]",
4060,"[3.291385,0.5657395,1.387815]",
4061,"[3.291569,0.5759631,1.408152]",
4062,"[3.318665,0.5953087,1.419417]",
4063,"[3.349233,0.6018234,1.423846]",
4064,"[3.291571,0.5556651,1.408408]",
4065,"[3.291558,0.5510404,1.406911]",
4066,"[3.291546,0.5441642,1.405606]",
4067,"[3.291545,0.541456,1.405514]",
4068,"[3.291502,0.5349901,1.400752]",
4069,"[3.291499,0.5339649,1.400442]",
4070,"[3.291427,0.5287702,1.392452]",
4071,"[3.291355,0.5241407,1.38453]",
4072,"[3.291322,0.5219418,1.380909]",
4073,"[2.972298,0.2774827,1.295701]",
4074,"[2.974001,0.2755492,1.294618]",
4075,"[2.973946,0.2669244,1.294653]",
4076,"[2.972055,0.2617921,1.295854]",
4077,"[2.97811,0.2587394,1.292008]",
4078,"[2.978777,0.2558447,1.291585]",
4079,"[2.978657,0.2503716,1.291661]",
4080,"[2.977221,0.2426643,1.292573]",
4081,"[2.975482,0.2363066,1.293678]",
4082,"[2.969904,0.2252189,1.297221]",
4083,"[2.973287,0.2254972,1.295072]",
4084,"[2.978384,0.2257157,1.291834]",
4085,"[2.980034,0.2258867,1.290787]",
4086,"[2.983406,0.2271086,1.288644]",
4087,"[2.985157,0.2277418,1.287532]",
4088,"[2.991419,0.2304602,1.283555]",
4089,"[2.998864,0.2332166,1.278826]",
4090,"[3.002251,0.234279,1.276674]",
4091,"[3.016515,0.2376593,1.267614]",
4092,"[3.023758,0.2387101,1.263013]",
4093,"[3.032892,0.2384635,1.257211]",
4094,"[3.036467,0.2378571,1.25494]",
4095,"[3.041419,0.2378428,1.251795]",
4096,"[3.053346,0.2302118,1.244219]",
4097,"[3.058607,0.224799,1.240877]",
4098,"[3.065361,0.2143253,1.236587]",
4099,"[3.067669,0.2074958,1.235121]",
4100,"[3.0712,0.1979831,1.232878]",
4101,"[3.072351,0.1949902,1.232147]",
4102,"[3.074158,0.1909723,1.230999]",
4103,"[3.076989,0.1925584,1.229201]",
4104,"[3.079965,0.1942824,1.227311]",
4105,"[3.087517,0.2002973,1.222514]",
4106,"[3.089883,0.2032583,1.221011]",
4107,"[3.094699,0.2103162,1.217952]",
4108,"[3.096032,0.2136076,1.217105]",
4109,"[3.098677,0.2210239,1.215425]",
4110,"[3.096722,0.2238704,1.216667]",
4111,"[3.094868,0.2258785,1.217844]",
4112,"[3.089337,0.2235989,1.221358]",
4113,"[3.08581,0.2206497,1.223598]",
4114,"[3.078627,0.2137764,1.22816]",
4115,"[3.073523,0.2094528,1.231403]",
4116,"[3.06545,0.2018702,1.236531]",
4117,"[3.061531,0.1974908,1.23902]",
4118,"[3.059637,0.1949989,1.240223]",
4119,"[3.056709,0.1911893,1.242083]",
4120,"[3.056861,0.1911685,1.241986]",
4121,"[3.057489,0.1942706,1.241588]",
4122,"[3.057505,0.1948684,1.241577]",
4123,"[3.057447,0.1947847,1.241614]",
4124,"[3.057149,0.1940466,1.241803]",
4125,"[3.046288,0.1757823,1.248702]",
4126,"[3.007609,0.1,1.334]",
4127,"[3.34251,0.4448564,1.430654]",
4128,"[3.342542,0.4353412,1.45378]",
4129,"[3.342011,0.4325415,1.461347]",
4130,"[3.342495,0.4340012,1.469972]",
4131,"[3.342047,0.4331769,1.47053]",
4132,"[3.342367,0.4320921,1.472587]",
4133,"[3.341995,0.431925,1.473093]",
4134,"[3.342395,0.4324169,1.474007]",
4135,"[3.341988,0.4317303,1.474306]",
4136,"[3.342335,0.4315318,1.474846]",
4137,"[3.341979,0.43148,1.475787]",
4138,"[3.34234,0.4315424,1.476492]",
4139,"[3.342002,0.4320692,1.473631]",
4140,"[3.342387,0.4323786,1.472221]",
4141,"[3.342061,0.4335438,1.468778]",
4142,"[3.342593,0.4354948,1.467014]",
4143,"[3.342155,0.4358205,1.465635]",
4144,"[3.34292,0.4403091,1.461713]",
4145,"[3.342491,0.4438015,1.458043]",
4146,"[3.343755,0.452483,1.45159]",
4147,"[3.342965,0.455085,1.448442]",
4148,"[3.344437,0.4630471,1.428318]",
4149,"[3.3433,0.463423,1.423318]",
4150,"[2.989866,0.1,1.289994]",
4151,"[3.027111,0.1406845,1.260883]",
4152,"[3.037813,0.1537294,1.254086]",
4153,"[3.051432,0.1705018,1.245434]",
4154,"[3.057514,0.1779086,1.241571]",
4155,"[3.067571,0.1909446,1.235183]",
4156,"[3.071898,0.1966488,1.232435]",
4157,"[3.079647,0.2059928,1.227513]",
4158,"[3.081992,0.2081874,1.226023]",
4159,"[3.084148,0.2100286,1.224653]",
4160,"[3.087749,0.2126333,1.222366]",
4161,"[3.089697,0.2137932,1.221129]",
4162,"[3.090863,0.2144684,1.220388]",
4163,"[3.090776,0.2143013,1.220443]",
4164,"[3.090836,0.2143339,1.220406]",
4165,"[3.090791,0.2143035,1.220434]",
4166,"[3.090791,0.2144402,1.220434]",
4167,"[3.090958,0.2147087,1.220328]",
4168,"[3.094367,0.2184113,1.218163]",
4169,"[3.16978,0.296421,1.239699]",
4170,"[3.201053,0.3292859,1.248548]",
4171,"[3.190146,0.3206085,1.24069]",
4172,"[3.189596,0.3210766,1.239271]",
4173,"[3.189667,0.3208372,1.237662]",
4174,"[3.189363,0.3203326,1.236481]",
4175,"[3.190112,0.3202207,1.23414]",
4176,"[3.190735,0.3200224,1.231883]",
4177,"[3.191023,0.3200241,1.231126]",
4178,"[3.191341,0.3198619,1.230198]",
4179,"[3.191399,0.3196804,1.229772]",
4180,"[3.19136,0.3188461,1.230095]",
4181,"[3.191497,0.318547,1.230526]",
4182,"[3.191849,0.3184031,1.231037]",
4183,"[3.193383,0.3182789,1.232471]",
4184,"[3.19494,0.3185308,1.23372]",
4185,"[3.198494,0.3186744,1.240528]",
4186,"[3.200118,0.3190775,1.24313]",
4187,"[3.203175,0.3201482,1.247574]",
4188,"[3.236316,0.3236719,1.273766]",
4189,"[3.245686,0.3079627,1.28877]",
4190,"[3.249188,0.3029631,1.29407]",
4191,"[3.252299,0.2995335,1.29828]",
4192,"[3.260182,0.2928413,1.303628]",
4193,"[3.263179,0.2896753,1.306764]",
4194,"[3.268555,0.2866905,1.311479]",
4195,"[3.271796,0.2860306,1.313056]",
4196,"[3.277448,0.2859208,1.316393]",
4197,"[3.279981,0.2857465,1.31824]",
4198,"[3.28609,0.2871743,1.318982]",
4199,"[3.288898,0.2882002,1.319467]",
4200,"[3.291218,0.2898329,1.320076]",
4201,"[3.295738,0.2940579,1.321256]",
4202,"[3.297888,0.2964704,1.321792]",
4203,"[3.302514,0.3016103,1.322871]",
4204,"[3.304715,0.3039885,1.323295]",
4205,"[3.309566,0.3093113,1.324236]",
4206,"[3.312107,0.3119593,1.324274]",
4207,"[3.314652,0.3146969,1.324365]",
4208,"[3.319622,0.3205769,1.324594]",
4209,"[3.321878,0.3234106,1.324614]",
4210,"[3.326458,0.3292535,1.324965]",
4211,"[3.328621,0.3321928,1.325172]",
4212,"[3.331417,0.3364279,1.328977]",
4213,"[3.332202,0.3376101,1.332864]",
4214,"[3.333282,0.3390052,1.335789]",
4215,"[3.335627,0.3409421,1.341134]",
4216,"[3.336828,0.3420785,1.342989]",
4217,"[3.339549,0.3442031,1.345387]",
4218,"[3.341136,0.3450391,1.346496]",
4219,"[3.343616,0.346612,1.348026]",
4220,"[3.344673,0.3473909,1.348531]",
4221,"[3.346822,0.3493361,1.349336]",
4222,"[3.347911,0.3504247,1.349618]",
4223,"[3.349024,0.3515756,1.34984]",
4224,"[3.350815,0.3534796,1.350207]",
4225,"[3.351592,0.3543121,1.350661]",
4226,"[3.353025,0.3557513,1.351149]",
4227,"[3.353747,0.3564027,1.351206]",
4228,"[3.354748,0.3573237,1.351683]",
4229,"[3.354981,0.3574754,1.352111]",
4230,"[3.355067,0.3574225,1.352755]",
4231,"[3.355055,0.3569672,1.35435]",
4232,"[3.355051,0.3566957,1.355178]",
4233,"[3.355004,0.3561965,1.356737]",
4234,"[3.354921,0.3559396,1.35752]",
4235,"[3.355443,0.3560278,1.357591]",
4236,"[3.355502,0.3560537,1.357854]",
4237,"[3.356172,0.3561506,1.357574]",
4238,"[3.356685,0.3559778,1.357427]",
4239,"[3.357156,0.3558228,1.357317]",
4240,"[3.359776,0.3535784,1.35682]",
4241,"[3.360904,0.3525844,1.356626]",
4242,"[3.361452,0.3525824,1.356422]",
4243,"[3.361686,0.3525735,1.356357]",
4244,"[3.362076,0.3525849,1.356261]",
4245,"[3.362463,0.3528887,1.35562]",
4246,"[3.362745,0.3532532,1.355065]",
4247,"[3.363178,0.3539655,1.354093]",
4248,"[3.363363,0.3542818,1.35367]",
4249,"[3.363609,0.3546858,1.35321]",
4250,"[3.363789,0.3547239,1.353055]",
4251,"[3.364202,0.3547708,1.352691]",
4252,"[3.364387,0.3547848,1.352525]",
4253,"[3.364599,0.354764,1.352281]",
4254,"[3.365163,0.3547875,1.351424]",
4255,"[3.365757,0.354957,1.350404]",
4256,"[3.36678,0.3554041,1.348682]",
4257,"[3.367245,0.3556818,1.347869]",
4258,"[3.367779,0.3568,1.346168]",
4259,"[3.367847,0.3575363,1.345377]",
4260,"[3.368387,0.3587046,1.343566]",
4261,"[3.369163,0.3599929,1.341415]",
4262,"[3.370084,0.3598076,1.34046]",
4263,"[3.371947,0.3595541,1.338235]",
4264,"[3.37279,0.3595425,1.33702]",
4265,"[3.373281,0.360732,1.335003]",
4266,"[3.373587,0.361459,1.333941]",
4267,"[3.374068,0.3643594,1.330844]",
4268,"[3.374262,0.3658328,1.329388]",
4269,"[3.37446,0.36702,1.328216]",
4270,"[3.374807,0.3686885,1.326614]",
4271,"[3.374934,0.3693578,1.32606]",
4272,"[3.375018,0.3706077,1.325245]",
4273,"[3.37501,0.37115,1.324983]",
4274,"[3.375064,0.3719221,1.324747]",
4275,"[3.374485,0.3725101,1.325171]",
4276,"[3.373825,0.3731313,1.325747]",
4277,"[3.373707,0.3750675,1.324811]",
4278,"[3.373677,0.3757891,1.324608]",
4279,"[3.373585,0.377045,1.324561]",
4280,"[3.373489,0.3777433,1.324553]",
4281,"[3.395375,0.4072984,1.333353]",
4282,"[3.351278,0.3513697,1.315159]",
4283,"[3.351468,0.3532659,1.3149]",
4284,"[3.351429,0.3543796,1.31473]",
4285,"[3.351687,0.3552767,1.314423]",
4286,"[3.351916,0.3567164,1.314311]",
4287,"[3.351978,0.3573303,1.314323]",
4288,"[3.352207,0.35816,1.31392]",
4289,"[3.352706,0.3590576,1.314017]",
4290,"[3.352841,0.3593343,1.314613]",
4291,"[3.353867,0.3606955,1.312665]",
4292,"[3.354784,0.3619748,1.31092]",
4293,"[3.356161,0.3647372,1.307738]",
4294,"[3.35676,0.3660923,1.306218]",
4295,"[3.357797,0.3677883,1.304301]",
4296,"[3.358152,0.3683287,1.303746]",
4297,"[3.358559,0.3693633,1.30291]",
4298,"[3.358514,0.3696705,1.302902]",
4299,"[3.358265,0.3703783,1.302925]",
4300,"[3.357928,0.3709899,1.303034]",
4301,"[3.139051,0.1,1.210097]",
4302,"[3.137222,0.1,1.209693]",
4303,"[3.135603,0.1,1.2086]",
4304,"[3.13263,0.1,1.206389]",
4305,"[3.128554,0.1,1.203294]",
4306,"[3.124505,0.1042062,1.199019]",
4307,"[3.125924,0.110758,1.198118]",
4308,"[3.127529,0.116049,1.197098]",
4309,"[3.130546,0.1270798,1.195182]",
4310,"[3.131958,0.1338634,1.194285]",
4311,"[3.13517,0.1501749,1.192245]",
4312,"[3.464181,0.5469676,1.339451]",
4313,"[3.470411,0.5631973,1.341691]",
4314,"[3.473249,0.5715292,1.343192]",
4315,"[3.479249,0.5886205,1.346616]",
4316,"[3.481942,0.5963464,1.348241]",
4317,"[3.488284,0.6131814,1.352245]",
4318,"[3.490139,0.6225115,1.354656]",
4319,"[3.49291,0.6326801,1.357101]",
4320,"[3.469508,0.6999992,1.366523]",
4321,"[3.466621,0.7209116,1.370295]",
4322,"[3.278221,0.6002311,1.305975]",
4323,"[3.26023,0.6002311,1.303132]",
4324,"[3.227027,0.6002311,1.295955]",
4325,"[3.213963,0.6002311,1.295807]",
4326,"[3.199556,0.6002311,1.294934]",
4327,"[3.176219,0.6002311,1.297166]",
4328,"[3.143123,0.5806856,1.294159]",
4329,"[3.145731,0.5806856,1.309618]",
4330,"[3.170845,0.6002311,1.330676]",
4331,"[3.176152,0.6002311,1.369825]",
4332,"[3.188078,0.6002311,1.396794]",
4333,"[3.192072,0.6002311,1.423654]",
4334,"[3.247611,0.6118472,1.565068]",
4335,"[3.290406,0.6059213,1.700319]",
4336,"[3.286478,0.6080948,1.742121]",
4337,"[3.283842,0.6054974,1.786456]",
4338,"[3.27615,0.6070311,1.823439]",
4339,"[3.266505,0.6058325,1.837854]",
4340,"[3.268032,0.6070342,1.835086]",
4341,"[3.266621,0.6058507,1.835034]",
4342,"[3.268549,0.6070817,1.831382]",
4343,"[3.267807,0.605904,1.822285]",
4344,"[3.268302,0.6072698,1.820018]",
4345,"[3.261163,0.6063267,1.806319]",
4346,"[3.258075,0.6078625,1.798018]",
4347,"[3.254533,0.6065593,1.813331]",
4348,"[3.250445,0.6075545,1.828327]",
4349,"[3.244418,0.606809,1.836732]",
4350,"[3.243144,0.6002311,1.943118]",
4351,"[3.24169,0.6002311,1.953232]",
4352,"[3.227254,0.6002311,1.97334]",
4353,"[3.221259,0.6002311,1.981084]",
4354,"[3.218405,0.6002311,1.978441]",
4355,"[3.212021,0.6002311,1.971877]",
4356,"[3.201738,0.6002311,1.962301]",
4357,"[3.15089,0.5806856,1.937334]",
4358,"[2.930255,0.5806856,1.627935]",
4359,"[2.66739,0.5942996,1.204843]",
4360,"[2.644587,0.5942996,1.163298]",
4361,"[2.591159,0.5830034,1.074407]",
4362,"[3.037167,0.9206412,1.129594]",
4363,"[3.627561,1.346919,1.404194]",
4364,"[3.082494,0.9206412,0.9333328]",
4365,"[3.098479,0.9206412,0.8957725]",
4366,"[2.312545,0.2437365,0.04999958]",
4367,"[2.326506,0.2530073,0.04999958]",
4368,"[2.386463,0.2849876,0.04999969]",
4369,"[2.433413,0.3071963,0.04999957]",
4370,"[3.082297,0.8228298,0.6029561]",
4371,"[3.149952,0.8530858,0.6029561]",
4372,"[3.584481,0.9169794,0.05000046]",
4373,"[3.667197,0.9492179,0.05000057]",
4374,"[3.73947,0.9720605,0.05000056]",
4375,"[3.907648,1.012044,0.05000067]",
4376,"[3.987397,1.033392,0.05000067]",
4377,"[4.141469,1.194014,0.3340316]",
4378,"[4.155201,1.197248,0.3340316]",
4379,"[4.199283,1.207569,0.3340316]",
4380,"[4.265459,1.221363,0.3340316]",
4381,"[4.264619,1.21818,0.3340316]",
4382,"[4.338184,1.22217,0.3340316]",
4383,"[4.414035,1.233538,0.3340316]",
4384,"[5.045839,1.313454,0.3340316]",
4385,"[5.149995,1.301258,0.2988042]",
4386,"[5.428693,1.403584,0.5549682]",
4387,"[5.505011,1.427314,0.6251155]",
4388,"[5.579697,1.448193,0.6937628]",
4389,"[5.712751,1.481359,0.8160595]",
4390,"[5.78757,1.497065,0.8848281]",
4391,"[5.95,1.515954,1.006832]",
4392,"[5.95,1.538395,1.123235]",
4393,"[5.95,1.573901,1.361878]",
4394,"[5.95,1.586959,1.482699]",
4395,"[5.668364,1.642768,1.776521]",
4396,"[5.687609,1.642768,1.876301]",
4397,"[5.756658,1.634908,1.962744]",
4398,"[5.95,1.614247,2.174415]",
4399,"[5.95,1.616002,2.287262]",
4400,"[5.95,1.628642,2.305431]",
4401,"[5.95,1.633117,2.29648]",
4402,"[5.95,1.646693,2.361701]",
4403,"[5.95,1.656556,2.468138]",
4404,"[5.731307,1.684884,2.526468]",
4405,"[5.95,1.576316,3.303368]",
4406,"[5.95,1.406903,3.819442]",
4407,"[5.95,1.300409,4.236225]",
4408,"[5.298615,1.405462,3.982371]",
4409,"[4.970863,1.448469,3.982461]",
4410,"[4.872427,1.46436,3.982494]",
4411,"[4.780388,1.477246,3.982522]",
4412,"[4.583597,1.49711,3.982563]",
4413,"[4.514698,1.503716,3.982577]",
4414,"[4.448963,1.514288,3.982599]",
4415,"[4.440973,1.520797,3.982613]",
4416,"[4.419598,1.533104,3.982638]",
4417,"[4.416043,1.536406,3.982645]",
4418,"[4.419595,1.546746,3.982667]",
4419,"[4.402682,1.558998,3.982693]",
4420,"[4.452182,1.568866,3.982713]",
4421,"[4.526534,1.580305,3.982737]",
4422,"[4.540267,1.586195,3.98275]",
4423,"[4.536129,1.585261,3.982748]",
4424,"[4.526139,1.582759,3.982742]",
4425,"[4.349212,1.579258,3.982735]",
4426,"[4.31588,1.574813,3.982726]",
4427,"[4.294612,1.572438,3.982721]",
4428,"[4.277736,1.568822,3.982713]",
4429,"[4.277648,1.5675,3.98271]",
4430,"[4.303524,1.566766,3.982709]",
4431,"[4.330872,1.566036,3.982707]",
4432,"[4.357536,1.566346,3.982708]",
4433,"[4.37445,1.567718,3.982711]",
4434,"[4.184811,1.746541,2.967385]",
4435,"[4.196648,1.753685,2.964952]",
4436,"[4.206087,1.763332,2.964366]",
4437,"[4.22579,1.775714,2.962994]",
4438,"[4.231402,1.777133,2.964746]",
4439,"[4.248771,1.790502,2.969306]",
4440,"[4.276836,1.800844,3.01523]",
4441,"[4.669428,1.760455,3.983114]",
4442,"[4.681127,1.774189,3.983143]",
4443,"[4.684713,1.769628,3.983134]",
4444,"[4.689031,1.765991,3.983126]",
4445,"[4.676874,1.751178,3.983095]",
4446,"[4.645895,1.688821,3.982965]",
4447,"[4.633944,1.65827,3.982901]",
4448,"[4.293208,1.741316,3.044706]",
4449,"[4.293595,1.730767,3.051888]",
4450,"[4.294201,1.718114,3.059698]",
4451,"[4.294859,1.696002,3.076332]",
4452,"[4.295083,1.685875,3.084348]",
4453,"[4.297134,1.668783,3.099371]",
4454,"[4.298577,1.659728,3.105716]",
4455,"[4.309545,1.642612,3.120385]",
4456,"[4.310621,1.634816,3.129705]",
4457,"[4.314838,1.614838,3.150668]",
4458,"[4.326318,1.606746,3.156894]",
4459,"[4.329892,1.594782,3.169221]",
4460,"[4.352105,1.586495,3.181841]",
4461,"[4.365457,1.582545,3.186416]",
4462,"[4.386266,1.578808,3.199648]",
4463,"[4.398117,1.579443,3.205449]",
4464,"[4.419322,1.576656,3.220842]",
4465,"[4.422453,1.570147,3.230118]",
4466,"[4.564238,1.26238,3.94562]",
4467,"[4.567267,1.251921,3.932994]",
4468,"[4.579268,1.239817,3.931157]",
4469,"[4.605886,1.193363,3.957912]",
4470,"[4.612422,1.191775,3.957912]",
4471,"[4.618599,1.189013,3.957912]",
4472,"[4.619094,1.187341,3.957912]",
4473,"[4.599163,1.187967,3.957912]",
4474,"[4.665301,0.9274652,4.478671]",
4475,"[4.581231,1.190074,3.957912]",
4476,"[4.566282,1.194098,3.957912]",
4477,"[4.560835,1.194382,3.957912]",
4478,"[4.552614,1.19674,3.957912]",
4479,"[4.550038,1.200511,3.957912]",
4480,"[4.542653,1.240269,3.930896]",
4481,"[4.557111,1.267998,3.949517]",
4482,"[4.564825,1.284271,3.958517]",
4483,"[4.585445,1.329838,3.982213]",
4484,"[4.591403,1.348795,3.982252]",
4485,"[4.610169,1.369473,3.982296]",
4486,"[4.615382,1.375628,3.982309]",
4487,"[4.594788,1.546215,3.533525]",
4488,"[4.604417,1.547152,3.544846]",
4489,"[4.684148,1.404916,3.98237]",
4490,"[4.688276,1.407884,3.982376]",
4491,"[4.691572,1.410342,3.982381]",
4492,"[4.640085,1.543521,3.61671]",
4493,"[4.706953,1.427868,3.982418]",
4494,"[4.714501,1.441772,3.982447]",
4495,"[4.72128,1.447358,3.982459]",
4496,"[4.732317,1.452201,3.982469]",
4497,"[4.736777,1.453683,3.982472]",
4498,"[4.742902,1.458549,3.982482]",
4499,"[4.758151,1.47704,3.982521]",
4500,"[4.718601,1.505119,3.98258]",
4501,"[4.697825,1.523564,3.982618]",
4502,"[4.657184,1.593058,3.740099]",
4503,"[4.65646,1.59313,3.758704]",
4504,"[4.656091,1.590232,3.769739]",
