frame,gazeStartPos,
0,"[3.453468,2.097159,5.039999]",
1,"[3.445334,2.086055,5.039999]",
2,"[3.349398,2.126877,5.039999]",
3,"[3.305174,2.145536,5.039999]",
4,"[3.279485,2.155989,5.039999]",
5,"[3.274066,2.162382,5.039999]",
6,"[3.272045,2.166424,5.039999]",
7,"[3.269934,2.170181,5.039999]",
8,"[3.26721,2.197947,5.039999]",
9,"[3.266175,2.206587,5.039999]",
10,"[3.264123,2.228188,5.039999]",
11,"[3.266307,2.240878,5.039999]",
12,"[3.267856,2.25328,5.039999]",
13,"[3.266249,2.256272,5.039999]",
14,"[3.26319,2.259141,5.039999]",
15,"[3.261895,2.259359,5.039999]",
16,"[3.260871,2.258732,5.039999]",
17,"[3.259007,2.256506,5.039999]",
18,"[3.258005,2.25528,5.039999]",
19,"[3.257014,2.254183,5.039999]",
20,"[3.256762,2.254102,5.039999]",
21,"[3.255957,2.253326,5.039999]",
22,"[3.255322,2.252657,5.039999]",
23,"[3.254496,2.252688,5.039999]",
24,"[3.254318,2.252075,5.039999]",
25,"[3.253995,2.252212,5.039999]",
26,"[3.254114,2.2514,5.039999]",
27,"[3.254714,2.249899,5.039999]",
28,"[3.597581,2.076934,5.039999]",
29,"[4.031605,1.874055,3.957228]",
30,"[4.195216,1.811154,3.983221]",
31,"[4.218943,1.802666,3.983203]",
32,"[4.2481,1.798957,3.983195]",
33,"[4.260652,1.800811,3.983199]",
34,"[4.273602,1.803236,3.983204]",
35,"[4.301316,1.810784,3.98322]",
36,"[4.318771,1.813541,3.983226]",
37,"[4.377052,1.81403,3.983227]",
38,"[4.400157,1.813488,3.983226]",
39,"[4.443963,1.809219,3.983217]",
40,"[4.46714,1.804525,3.983207]",
41,"[4.475571,1.801652,3.983201]",
42,"[4.51402,1.788274,3.983173]",
43,"[4.521384,1.784835,3.983166]",
44,"[4.560354,1.773614,3.983142]",
45,"[4.590637,1.765715,3.983126]",
46,"[4.630968,1.753021,3.983099]",
47,"[4.706096,1.715178,3.98302]",
48,"[5.170759,1.570689,3.982717]",
49,"[5.21182,1.559851,3.982694]",
50,"[5.253065,1.54748,3.982668]",
51,"[5.343069,1.51726,3.982605]",
52,"[5.397058,1.499183,3.982567]",
53,"[5.431656,1.491771,3.982552]",
54,"[5.479848,1.48102,3.982529]",
55,"[5.491559,1.47707,3.982521]",
56,"[5.493482,1.479648,3.982527]",
57,"[5.507659,1.482335,3.982532]",
58,"[5.572443,1.484107,3.944411]",
59,"[5.573494,1.485747,3.943483]",
60,"[5.62008,1.480393,3.957279]",
61,"[5.95,1.440317,4.151748]",
62,"[5.949999,1.430959,3.947212]",
63,"[5.95,1.441123,3.798296]",
64,"[5.95,1.440834,3.670805]",
65,"[5.95,1.436718,3.614903]",
66,"[5.95,1.431198,3.564401]",
67,"[5.95,1.429046,3.559409]",
68,"[5.95,1.429016,3.561192]",
69,"[5.95,1.431794,3.548221]",
70,"[5.95,1.434626,3.525026]",
71,"[5.574811,1.515784,2.844153]",
72,"[5.574212,1.517501,2.8154]",
73,"[5.57154,1.525165,2.729636]",
74,"[5.571133,1.52633,2.668957]",
75,"[5.570902,1.526993,2.644773]",
76,"[5.570952,1.526851,2.618121]",
77,"[5.570932,1.526907,2.611894]",
78,"[5.570615,1.527816,2.613842]",
79,"[5.570528,1.528066,2.609489]",
80,"[5.570188,1.529042,2.615895]",
81,"[5.569611,1.530697,2.628199]",
82,"[5.569168,1.531967,2.631598]",
83,"[5.568249,1.534602,2.627687]",
84,"[5.56745,1.536895,2.621119]",
85,"[5.57932,1.504431,2.476611]",
86,"[5.57932,1.502779,2.464195]",
87,"[5.57932,1.501528,2.450495]",
88,"[5.57932,1.500457,2.451653]",
89,"[5.57932,1.499671,2.45273]",
90,"[5.57932,1.496275,2.467698]",
91,"[5.57932,1.495801,2.472961]",
92,"[5.684317,1.483078,2.524827]",
93,"[5.559934,1.49668,2.524849]",
94,"[5.749186,1.478846,2.626823]",
95,"[5.579328,1.502829,2.628451]",
96,"[5.576164,1.511904,2.729754]",
97,"[5.574373,1.51704,2.798331]",
98,"[5.95,1.492008,3.694939]",
99,"[5.95,1.507799,3.876986]",
100,"[5.621891,1.67805,3.957268]",
101,"[4.837294,1.742042,3.983076]",
102,"[4.781948,1.745265,3.983083]",
103,"[4.357326,1.625969,3.982833]",
104,"[4.258979,1.616312,3.982813]",
105,"[4.159804,1.610519,3.9828]",
106,"[4.064848,1.609184,3.935189]",
107,"[3.623033,1.608181,5.04]",
108,"[3.594193,1.601295,5.04]",
109,"[3.600393,1.598773,5.04]",
110,"[4.100054,1.596709,3.956245]",
111,"[4.116647,1.597474,3.95775]",
112,"[4.122387,1.597082,3.97684]",
113,"[4.183666,1.60231,3.982783]",
114,"[4.209265,1.604467,3.982788]",
115,"[4.356665,1.623544,3.982828]",
116,"[4.424635,1.62838,3.982838]",
117,"[4.470605,1.630771,3.982843]",
118,"[4.513346,1.633935,3.98285]",
119,"[4.559007,1.638525,3.982859]",
120,"[4.5766,1.640386,3.982863]",
121,"[4.589932,1.641991,3.982867]",
122,"[4.61127,1.647779,3.982879]",
123,"[4.62687,1.652499,3.982888]",
124,"[4.647607,1.656459,3.982897]",
125,"[4.661658,1.659577,3.982903]",
126,"[4.674547,1.661852,3.982908]",
127,"[4.685046,1.662748,3.98291]",
128,"[4.687681,1.660803,3.982906]",
129,"[4.643888,1.634713,3.982851]",
130,"[4.625057,1.624202,3.982829]",
131,"[4.612986,1.617938,3.982816]",
132,"[4.601834,1.612597,3.982805]",
133,"[4.598691,1.611319,3.982802]",
134,"[4.597238,1.610643,3.982801]",
135,"[4.593318,1.609007,3.982797]",
136,"[4.592422,1.60866,3.982797]",
137,"[4.592329,1.608811,3.982797]",
138,"[4.591941,1.608686,3.982797]",
139,"[4.592512,1.608561,3.982796]",
140,"[4.597907,1.608285,3.982796]",
141,"[4.603354,1.608398,3.982796]",
142,"[4.901006,1.728846,3.983048]",
143,"[4.935366,1.745057,3.983082]",
144,"[4.984725,1.771115,3.983137]",
145,"[5.01023,1.785749,3.983168]",
146,"[5.052871,1.807594,3.983213]",
147,"[5.077086,1.814739,3.983228]",
148,"[5.089527,1.817163,3.983233]",
149,"[5.148527,1.823078,3.983246]",
150,"[5.212348,1.829512,3.983259]",
151,"[5.383824,1.853189,3.983309]",
152,"[5.525851,1.8723,3.983349]",
153,"[5.949999,1.949622,3.930886]",
154,"[5.949999,1.94328,3.728602]",
155,"[5.95,1.93553,3.379792]",
156,"[5.571014,1.830736,2.658899]",
157,"[5.605408,1.830736,2.622343]",
158,"[5.95,1.828813,2.188228]",
159,"[5.95,1.824917,2.173595]",
160,"[5.5746,1.692111,2.100557]",
161,"[5.95,1.688149,1.962797]",
162,"[5.721324,1.629462,1.933001]",
163,"[5.725374,1.623356,1.936411]",
164,"[5.72495,1.614965,1.936053]",
165,"[5.781901,1.606051,1.983994]",
166,"[5.785616,1.602858,1.987121]",
167,"[5.574744,1.608498,2.101138]",
168,"[5.95,1.631755,2.168396]",
169,"[5.95,1.646765,2.23249]",
170,"[5.950001,1.65107,2.247716]",
171,"[5.95,1.652844,2.253936]",
172,"[5.95,1.674475,2.315673]",
173,"[5.95,1.677331,2.321918]",
174,"[5.95,1.679146,2.324426]",
175,"[5.95,1.566465,2.178024]",
176,"[5.95,1.473991,2.006127]",
177,"[5.676573,1.494135,2.034006]",
178,"[5.606895,1.494135,2.034246]",
179,"[5.578642,1.487493,2.020169]",
180,"[5.578642,1.486138,2.017699]",
181,"[5.578642,1.482966,2.012245]",
182,"[5.578642,1.481022,2.009875]",
183,"[5.578642,1.477841,2.005403]",
184,"[5.578642,1.475628,2.000437]",
185,"[5.578642,1.475176,1.999721]",
186,"[5.578642,1.474731,1.998254]",
187,"[5.578642,1.474713,1.997741]",
188,"[5.578642,1.475562,1.996985]",
189,"[5.578642,1.476332,1.996971]",
190,"[5.578642,1.478101,1.998307]",
191,"[5.578642,1.479193,2.001748]",
192,"[5.578642,1.479352,2.004643]",
193,"[5.578642,1.478623,2.005512]",
194,"[5.578642,1.477721,2.00622]",
195,"[5.578642,1.459669,1.970768]",
196,"[5.578642,1.456524,1.961999]",
197,"[5.578642,1.454953,1.95232]",
198,"[5.578642,1.455858,1.951813]",
199,"[5.578642,1.462077,1.952543]",
200,"[5.578642,1.466976,1.953626]",
201,"[5.578642,1.477785,1.955431]",
202,"[5.709396,1.495205,1.922961]",
203,"[5.712801,1.517356,1.925827]",
204,"[5.718813,1.555845,1.930888]",
205,"[5.670978,1.890346,1.974178]",
206,"[5.678294,2.011485,2.011906]",
207,"[5.68035,2.044745,2.022511]",
208,"[5.682615,2.078576,2.034192]",
209,"[5.683597,2.093758,2.039257]",
210,"[5.683978,2.096074,2.04122]",
211,"[5.684051,2.094946,2.041598]",
212,"[5.684082,2.095118,2.041756]",
213,"[5.683743,2.093104,2.040011]",
214,"[5.683505,2.091798,2.038784]",
215,"[5.682677,2.083204,2.034514]",
216,"[5.682431,2.081614,2.033244]",
217,"[5.682105,2.076023,2.031563]",
218,"[5.681489,2.070427,2.028389]",
219,"[5.680698,2.065545,2.024308]",
220,"[5.679868,2.063348,2.020028]",
221,"[5.679596,2.063997,2.018626]",
222,"[5.679206,2.065743,2.016611]",
223,"[5.679082,2.068071,2.015973]",
224,"[5.67934,2.068629,2.017304]",
225,"[5.574907,2.027532,2.08573]",
226,"[5.577301,2.030138,2.233068]",
227,"[5.578901,2.035796,2.269705]",
228,"[5.579482,2.036288,2.283007]",
229,"[5.580318,2.033996,2.302167]",
230,"[5.580684,2.031844,2.310549]",
231,"[5.581151,2.029341,2.321258]",
232,"[5.581178,2.027378,2.321871]",
233,"[5.581298,2.026367,2.324609]",
234,"[5.581464,2.023189,2.328405]",
235,"[5.581565,2.021696,2.330724]",
236,"[5.581694,2.015215,2.333688]",
237,"[5.581734,2.01061,2.334593]",
238,"[5.581666,2.001183,2.333031]",
239,"[5.581517,1.9966,2.329618]",
240,"[5.581425,1.993083,2.327531]",
241,"[5.581061,1.986255,2.319185]",
242,"[5.580987,1.984624,2.317492]",
243,"[5.580793,1.983335,2.313045]",
244,"[5.580696,1.983127,2.310812]",
245,"[5.580627,1.983006,2.309241]",
246,"[5.580575,1.983224,2.308039]",
247,"[5.580586,1.984152,2.308307]",
248,"[5.580629,1.985127,2.3093]",
249,"[5.580977,1.987472,2.31726]",
250,"[5.581537,1.991282,2.330083]",
251,"[5.58179,1.9876,2.335885]",
252,"[5.582174,1.981937,2.344682]",
253,"[5.582333,1.979787,2.348305]",
254,"[5.582396,1.976875,2.349757]",
255,"[5.582336,1.976142,2.348393]",
256,"[5.582212,1.975584,2.345556]",
257,"[5.582103,1.975396,2.343059]",
258,"[5.582049,1.975336,2.341815]",
259,"[5.581955,1.97509,2.33966]",
260,"[5.581915,1.974994,2.338737]",
261,"[5.581724,1.975038,2.334373]",
262,"[5.581667,1.975099,2.333068]",
263,"[5.581597,1.975138,2.331466]",
264,"[5.581508,1.974995,2.329414]",
265,"[5.581476,1.974837,2.328697]",
266,"[5.581438,1.97453,2.327813]",
267,"[5.581435,1.974401,2.327758]",
268,"[5.58142,1.974225,2.327409]",
269,"[5.581413,1.974068,2.327254]",
270,"[5.581437,1.973466,2.327793]",
271,"[5.581476,1.972902,2.328688]",
272,"[5.581672,1.971844,2.333173]",
273,"[5.582954,1.970751,2.362541]",
274,"[5.587937,1.976261,2.476663]",
275,"[5.608872,1.985517,2.565173]",
276,"[5.53093,1.979091,2.983431]",
277,"[5.95,2.158938,3.536433]",
278,"[5.949999,2.170432,3.65737]",
279,"[5.949999,2.197943,3.879385]",
280,"[5.95,2.259218,4.441771]",
281,"[5.578928,2.092263,3.939703]",
282,"[5.29351,2.017686,3.983653]",
283,"[5.118856,1.971144,3.983556]",
284,"[4.481903,1.794137,3.983185]",
285,"[4.379216,1.773154,3.983141]",
286,"[3.623738,1.715299,5.04]",
287,"[3.486276,1.6844,5.04]",
288,"[3.350656,1.645971,5.04]",
289,"[3.292013,1.614647,5.039999]",
290,"[3.318283,1.610639,5.039999]",
291,"[4.03535,1.618901,3.957251]",
292,"[4.066133,1.615892,3.933914]",
293,"[4.244849,1.622977,3.982827]",
294,"[4.412748,1.659569,3.982903]",
295,"[4.449155,1.666796,3.982919]",
296,"[4.557984,1.696613,3.982981]",
297,"[4.597498,1.708646,3.983006]",
298,"[4.633347,1.723144,3.983037]",
299,"[4.619128,1.728838,3.983048]",
300,"[4.604953,1.736527,3.983064]",
301,"[4.597952,1.744046,3.98308]",
302,"[4.592999,1.749876,3.983092]",
303,"[4.586211,1.759833,3.983113]",
304,"[4.584403,1.762778,3.983119]",
305,"[4.582673,1.764951,3.983124]",
306,"[4.580887,1.768267,3.983131]",
307,"[4.578778,1.771421,3.983138]",
308,"[4.578438,1.771533,3.983138]",
309,"[4.578316,1.771386,3.983137]",
310,"[4.574339,1.768711,3.983132]",
311,"[4.522088,1.667624,3.98292]",
312,"[4.502851,1.624291,3.982829]",
313,"[4.499814,1.6122,3.982804]",
314,"[4.499743,1.597828,3.982774]",
315,"[4.500825,1.592178,3.982762]",
316,"[4.501457,1.586163,3.982749]",
317,"[4.502564,1.583528,3.982744]",
318,"[4.502114,1.581248,3.982739]",
319,"[4.501437,1.579877,3.982736]",
320,"[4.501311,1.578636,3.982734]",
321,"[4.502187,1.575889,3.982728]",
322,"[4.503431,1.574134,3.982724]",
323,"[4.507855,1.572263,3.98272]",
324,"[4.511698,1.57117,3.982718]",
325,"[4.526038,1.571099,3.982718]",
326,"[4.740052,1.691449,3.98297]",
327,"[4.774986,1.709497,3.983008]",
328,"[4.817831,1.735835,3.983063]",
329,"[4.834692,1.744372,3.983081]",
330,"[4.857634,1.75662,3.983107]",
331,"[4.864273,1.760245,3.983114]",
332,"[4.886826,1.769647,3.983134]",
333,"[4.904658,1.775112,3.983145]",
334,"[4.929716,1.780876,3.983157]",
335,"[4.968486,1.785289,3.983167]",
336,"[4.983491,1.786801,3.98317]",
337,"[5.065703,1.795452,3.983188]",
338,"[5.093197,1.79771,3.983193]",
339,"[5.159252,1.803686,3.983205]",
340,"[5.209003,1.807028,3.983212]",
341,"[5.290737,1.810909,3.98322]",
342,"[5.382838,1.811645,3.983222]",
343,"[5.49761,1.815121,3.983229]",
344,"[5.95,1.797476,3.615614]",
345,"[5.95,1.786196,3.509556]",
346,"[5.82397,1.730299,2.97466]",
347,"[5.558274,1.697372,2.770874]",
348,"[5.95,1.591933,2.530697]",
349,"[5.57596,1.566312,2.3118]",
350,"[5.576633,1.55708,2.260691]",
351,"[5.598631,1.519894,2.108294]",
352,"[5.801265,1.489963,2.000294]",
353,"[5.623821,1.494135,1.969045]",
354,"[5.578642,1.492901,1.94724]",
355,"[5.578642,1.493191,1.951639]",
356,"[5.598031,1.494135,1.987126]",
357,"[5.599655,1.494135,1.996783]",
358,"[5.645545,1.494135,2.032218]",
359,"[5.677345,1.491605,2.035673]",
360,"[5.59332,1.511677,2.128458]",
361,"[5.59332,1.515829,2.179852]",
362,"[5.59332,1.517226,2.202891]",
363,"[5.59332,1.518701,2.235018]",
364,"[5.57596,1.524266,2.275316]",
365,"[5.57596,1.525763,2.287132]",
366,"[5.57596,1.526399,2.293265]",
367,"[5.57596,1.527175,2.302279]",
368,"[5.57596,1.527244,2.303542]",
369,"[5.57596,1.527318,2.304801]",
370,"[5.59332,1.497415,2.165526]",
371,"[5.59332,1.490342,2.133286]",
372,"[5.59332,1.488165,2.124342]",
373,"[5.59332,1.488047,2.121897]",
374,"[5.593992,1.487584,2.117825]",
375,"[5.594658,1.487295,2.115895]",
376,"[5.595921,1.487473,2.112236]",
377,"[5.597092,1.488019,2.110275]",
378,"[5.599214,1.489055,2.107543]",
379,"[5.597466,1.490038,2.10625]",
380,"[5.586825,1.492299,2.105878]",
381,"[5.580588,1.493471,2.10566]",
382,"[5.576347,1.494524,2.104438]",
383,"[5.574705,1.495838,2.100982]",
384,"[5.574429,1.4963,2.099427]",
385,"[5.574576,1.495865,2.095225]",
386,"[5.574603,1.495747,2.094457]",
387,"[5.574704,1.495404,2.091546]",
388,"[5.574756,1.495434,2.090058]",
389,"[5.574826,1.495488,2.088049]",
390,"[5.574889,1.495627,2.086268]",
391,"[5.574945,1.495344,2.08465]",
392,"[5.575012,1.495023,2.082736]",
393,"[5.575,1.494578,2.083081]",
394,"[5.57497,1.493828,2.083934]",
395,"[5.574952,1.493358,2.084445]",
396,"[5.574853,1.491955,2.087272]",
397,"[5.574786,1.491133,2.089205]",
398,"[5.574655,1.489834,2.092957]",
399,"[5.574451,1.486777,2.099957]",
400,"[5.575278,1.484669,2.103291]",
401,"[5.589274,1.4789,2.105964]",
402,"[5.600052,1.475039,2.106463]",
403,"[5.596073,1.472156,2.111797]",
404,"[5.595309,1.470345,2.11401]",
405,"[5.593932,1.468449,2.117999]",
406,"[5.59332,1.4645,2.124558]",
407,"[5.59332,1.462413,2.128152]",
408,"[5.59332,1.45351,2.124673]",
409,"[5.59332,1.449781,2.12456]",
410,"[5.59332,1.44359,2.127263]",
411,"[5.59332,1.441757,2.129747]",
412,"[5.59332,1.438631,2.138656]",
413,"[5.59332,1.438655,2.142441]",
414,"[5.59332,1.438882,2.147743]",
415,"[5.59332,1.441082,2.152763]",
416,"[5.59332,1.44302,2.158389]",
417,"[5.59332,1.446298,2.164253]",
418,"[5.59332,1.44816,2.169106]",
419,"[5.59332,1.445898,2.181371]",
420,"[5.59332,1.442711,2.187906]",
421,"[5.59332,1.440063,2.195679]",
422,"[5.59332,1.431255,2.214757]",
423,"[5.59332,1.428338,2.218788]",
424,"[5.59332,1.423694,2.228025]",
425,"[5.59332,1.422558,2.228906]",
426,"[5.59332,1.42099,2.229404]",
427,"[5.59332,1.420608,2.229161]",
428,"[5.59332,1.419469,2.227142]",
429,"[5.59332,1.417921,2.225366]",
430,"[5.59332,1.417592,2.222452]",
431,"[5.59332,1.417854,2.220078]",
432,"[5.59332,1.418971,2.221205]",
433,"[5.57596,1.437648,2.265083]",
434,"[5.57596,1.448667,2.315039]",
435,"[5.57932,1.46696,2.444711]",
436,"[5.568387,1.534209,2.908436]",
437,"[5.56758,1.536521,2.935122]",
438,"[5.95,1.589558,4.26081]",
439,"[5.95,1.593395,4.370123]",
440,"[5.168128,1.670424,3.982926]",
441,"[5.029932,1.690424,3.982968]",
442,"[4.647984,1.728301,3.983047]",
443,"[4.434703,1.745045,3.983082]",
444,"[4.326921,1.747895,3.983088]",
445,"[4.108337,1.753608,3.957699]",
446,"[4.027327,1.763475,3.957202]",
447,"[3.457192,1.881187,5.04]",
448,"[3.493762,1.880053,5.04]",
449,"[3.53424,1.867377,5.04]",
450,"[4.122387,1.737917,3.961112]",
451,"[4.382067,1.696487,3.98298]",
452,"[4.43333,1.687361,3.982961]",
453,"[4.459846,1.681871,3.98295]",
454,"[4.49012,1.674929,3.982935]",
455,"[4.4953,1.675832,3.982937]",
456,"[4.508282,1.679131,3.982944]",
457,"[4.515357,1.681453,3.982949]",
458,"[4.525773,1.685854,3.982958]",
459,"[4.543491,1.691611,3.98297]",
460,"[4.555244,1.695508,3.982979]",
461,"[4.578552,1.701409,3.982991]",
462,"[4.594679,1.70415,3.982997]",
463,"[4.635592,1.708814,3.983006]",
464,"[4.657612,1.710516,3.98301]",
465,"[4.702506,1.712009,3.983013]",
466,"[4.734296,1.711675,3.983012]",
467,"[4.786367,1.710209,3.983009]",
468,"[4.820153,1.70879,3.983006]",
469,"[4.890883,1.706759,3.983002]",
470,"[5.139966,1.710802,3.983011]",
471,"[5.950001,1.70642,4.057642]",
472,"[5.95,1.466544,3.713023]",
473,"[5.95,1.352154,3.345599]",
474,"[5.623634,1.401265,2.967664]",
475,"[5.557821,1.413392,2.829654]",
476,"[5.569993,1.407341,2.520834]",
477,"[5.57932,1.403836,2.482691]",
478,"[5.611735,1.406784,1.839678]",
479,"[5.661319,1.392108,1.780774]",
480,"[5.639478,1.394158,1.66276]",
481,"[5.95,1.328885,1.334828]",
482,"[5.950001,1.329677,1.28303]",
483,"[5.95,1.337586,1.311671]",
484,"[5.95,1.337789,1.314654]",
485,"[5.645816,1.404256,1.662982]",
486,"[5.666334,1.40559,1.774817]",
487,"[5.628951,1.413303,1.819227]",
488,"[5.659552,1.413276,1.881003]",
489,"[5.578642,1.429942,1.936532]",
490,"[5.578642,1.440741,2.009599]",
491,"[5.578642,1.44223,2.021656]",
492,"[5.578642,1.444168,2.03559]",
493,"[5.678964,1.430205,2.035673]",
494,"[5.95,1.387234,1.98514]",
495,"[5.575044,1.452189,2.08182]",
496,"[5.57492,1.453451,2.08538]",
497,"[5.574741,1.455697,2.090499]",
498,"[5.574681,1.456727,2.092223]",
499,"[5.574588,1.45908,2.094888]",
500,"[5.574539,1.461033,2.09629]",
501,"[5.574501,1.46269,2.097381]",
502,"[5.574454,1.467034,2.098714]",
503,"[5.574416,1.469889,2.099791]",
504,"[5.575305,1.478582,2.103397]",
505,"[5.577567,1.481655,2.10523]",
506,"[5.595839,1.485268,2.106193]",
507,"[5.599057,1.487339,2.107745]",
508,"[5.596984,1.489947,2.110414]",
509,"[5.595738,1.492036,2.112766]",
510,"[5.595138,1.49193,2.114505]",
511,"[5.593925,1.491826,2.118018]",
512,"[5.59332,1.49178,2.121459]",
513,"[5.59332,1.494993,2.146893]",
514,"[5.59332,1.501727,2.17826]",
515,"[5.59332,1.511191,2.216582]",
516,"[5.561023,1.59468,2.550618]",
517,"[5.564509,1.602813,2.586856]",
518,"[5.531203,1.702358,2.991652]",
519,"[5.95,1.783885,3.517016]",
520,"[5.949999,1.880897,3.993815]",
521,"[5.95,1.89676,4.0693]",
522,"[5.547748,1.881876,3.957723]",
523,"[5.36424,1.885529,3.983377]",
524,"[4.472216,1.828615,3.983257]",
525,"[4.361836,1.833831,3.983268]",
526,"[4.238293,1.785717,3.983167]",
527,"[4.075039,1.754276,3.931798]",
528,"[3.57053,1.803198,5.04]",
529,"[3.431147,1.766479,5.04]",
530,"[3.524055,1.750355,5.04]",
531,"[4.20329,1.673253,3.982932]",
532,"[4.438301,1.645989,3.982875]",
533,"[4.478858,1.640527,3.982863]",
534,"[4.597636,1.634591,3.982851]",
535,"[4.636694,1.633582,3.982849]",
536,"[4.67026,1.636176,3.982854]",
537,"[4.681959,1.639145,3.982861]",
538,"[4.698219,1.653898,3.982891]",
539,"[4.702571,1.659925,3.982904]",
540,"[4.705449,1.664364,3.982913]",
541,"[4.710381,1.671428,3.982928]",
542,"[4.71203,1.674183,3.982934]",
543,"[4.715903,1.679861,3.982946]",
544,"[4.717818,1.680898,3.982948]",
545,"[4.719682,1.682119,3.98295]",
546,"[4.72344,1.683862,3.982954]",
547,"[4.726899,1.68521,3.982957]",
548,"[4.735912,1.686219,3.982959]",
549,"[4.742766,1.686659,3.98296]",
550,"[4.752302,1.688268,3.982963]",
551,"[4.755948,1.688913,3.982965]",
552,"[4.761411,1.697938,3.982984]",
553,"[4.762871,1.704142,3.982997]",
554,"[4.764572,1.709614,3.983008]",
555,"[4.768095,1.717915,3.983026]",
556,"[4.769841,1.720421,3.983031]",
557,"[4.773832,1.724432,3.983039]",
558,"[4.775921,1.727144,3.983045]",
559,"[4.778319,1.733014,3.983057]",
560,"[4.778735,1.735859,3.983063]",
561,"[4.779146,1.74218,3.983076]",
562,"[4.779238,1.745928,3.983084]",
563,"[4.780783,1.751254,3.983095]",
564,"[4.783245,1.761347,3.983116]",
565,"[4.784192,1.76539,3.983125]",
566,"[4.785731,1.7726,3.98314]",
567,"[4.78652,1.776541,3.983148]",
568,"[4.787363,1.780717,3.983157]",
569,"[4.844932,1.801184,3.9832]",
570,"[4.871468,1.809296,3.983217]",
571,"[4.899527,1.822015,3.983243]",
572,"[4.908652,1.829193,3.983258]",
573,"[4.919603,1.837875,3.983277]",
574,"[4.92309,1.839327,3.98328]",
575,"[4.927838,1.840441,3.983282]",
576,"[4.929732,1.84035,3.983282]",
577,"[4.931414,1.84067,3.983283]",
578,"[4.934107,1.838907,3.983279]",
579,"[4.935126,1.837529,3.983276]",
580,"[4.936236,1.83413,3.983269]",
581,"[4.913218,1.829388,3.983259]",
582,"[4.889484,1.825346,3.98325]",
583,"[4.869473,1.822658,3.983245]",
584,"[4.847677,1.816413,3.983232]",
585,"[4.840807,1.812957,3.983225]",
586,"[4.835614,1.810154,3.983219]",
587,"[4.829376,1.803845,3.983206]",
588,"[4.827034,1.799773,3.983197]",
589,"[4.823806,1.791072,3.983179]",
590,"[4.822664,1.78585,3.983168]",
591,"[4.8056,1.766614,3.983128]",
592,"[4.800786,1.760473,3.983115]",
593,"[4.797403,1.756107,3.983105]",
594,"[4.792197,1.750056,3.983093]",
595,"[4.790079,1.747891,3.983088]",
596,"[4.786975,1.745005,3.983082]",
597,"[4.785918,1.744332,3.983081]",
598,"[4.784262,1.743614,3.983079]",
599,"[4.783973,1.743718,3.983079]",
600,"[4.783819,1.74356,3.983079]",
601,"[4.815351,1.749676,3.983092]",
602,"[4.833261,1.753771,3.983101]",
603,"[4.855442,1.759579,3.983113]",
604,"[4.864233,1.761557,3.983117]",
605,"[4.873868,1.763431,3.983121]",
606,"[4.878545,1.763855,3.983122]",
607,"[4.912853,1.760314,3.983114]",
608,"[4.933489,1.757966,3.983109]",
609,"[4.948062,1.756685,3.983107]",
610,"[5.10938,1.730463,3.983052]",
611,"[5.133331,1.727059,3.983045]",
612,"[5.159914,1.722547,3.983035]",
613,"[5.167995,1.720721,3.983031]",
614,"[5.178218,1.717906,3.983026]",
615,"[5.181505,1.716816,3.983023]",
616,"[5.185433,1.714664,3.983019]",
617,"[5.186693,1.713314,3.983016]",
618,"[5.188152,1.71173,3.983012]",
619,"[5.207396,1.705674,3.983]",
620,"[5.22301,1.701392,3.982991]",
621,"[5.278253,1.692773,3.982973]",
622,"[5.30323,1.689353,3.982966]",
623,"[5.329016,1.686273,3.982959]",
624,"[5.33631,1.68529,3.982957]",
625,"[5.340429,1.685533,3.982958]",
626,"[5.344851,1.686337,3.982959]",
627,"[5.345802,1.686743,3.98296]",
628,"[5.250332,1.686365,3.982959]",
629,"[5.230768,1.686941,3.982961]",
630,"[4.882218,1.686574,3.98296]",
631,"[4.863008,1.687464,3.982962]",
632,"[4.844799,1.688679,3.982964]",
633,"[4.840016,1.688491,3.982964]",
634,"[4.836761,1.68829,3.982963]",
635,"[4.832255,1.686799,3.98296]",
636,"[4.830403,1.686473,3.98296]",
637,"[4.828001,1.686116,3.982959]",
638,"[4.827056,1.685894,3.982958]",
639,"[4.825493,1.685198,3.982957]",
640,"[4.82484,1.684782,3.982956]",
641,"[4.824136,1.684304,3.982955]",
642,"[4.822552,1.683103,3.982953]",
643,"[4.821522,1.682307,3.982951]",
644,"[4.819393,1.680672,3.982947]",
645,"[4.81818,1.679802,3.982946]",
646,"[4.816757,1.678584,3.982943]",
647,"[4.816463,1.678118,3.982942]",
648,"[4.81859,1.677507,3.982941]",
649,"[4.822919,1.676266,3.982938]",
650,"[4.827092,1.675477,3.982937]",
651,"[4.833713,1.675227,3.982936]",
652,"[4.836383,1.675495,3.982937]",
653,"[4.838829,1.67589,3.982937]",
654,"[4.840384,1.675972,3.982938]",
655,"[4.843996,1.677259,3.98294]",
656,"[4.883158,1.683248,3.982953]",
657,"[4.900588,1.686058,3.982959]",
658,"[4.934812,1.692583,3.982972]",
659,"[4.950492,1.695674,3.982979]",
660,"[4.967113,1.696817,3.982981]",
661,"[4.97203,1.697431,3.982983]",
662,"[4.980066,1.698928,3.982986]",
663,"[4.983574,1.699536,3.982987]",
664,"[4.986603,1.69992,3.982988]",
665,"[4.991291,1.700009,3.982988]",
666,"[4.994069,1.700182,3.982988]",
667,"[4.998928,1.70041,3.982989]",
668,"[5.004692,1.700393,3.982989]",
669,"[5.023389,1.699297,3.982986]",
670,"[5.033054,1.698439,3.982985]",
671,"[5.040465,1.697704,3.982983]",
672,"[5.051237,1.69661,3.982981]",
673,"[5.055124,1.696202,3.98298]",
674,"[5.061807,1.695334,3.982978]",
675,"[5.064565,1.694911,3.982977]",
676,"[5.069907,1.694204,3.982976]",
677,"[5.072757,1.693952,3.982975]",
678,"[5.087844,1.693718,3.982975]",
679,"[5.093493,1.69375,3.982975]",
680,"[5.308877,1.695404,3.982978]",
681,"[5.370555,1.695511,3.982979]",
682,"[5.386774,1.695538,3.982979]",
683,"[5.404995,1.695714,3.982979]",
684,"[5.410864,1.695623,3.982979]",
685,"[5.415888,1.695023,3.982978]",
686,"[5.417775,1.69451,3.982976]",
687,"[5.419799,1.693978,3.982975]",
688,"[5.424798,1.692918,3.982973]",
689,"[5.42776,1.692426,3.982972]",
690,"[5.436507,1.690982,3.982969]",
691,"[5.444551,1.689808,3.982967]",
692,"[5.469073,1.687844,3.982963]",
693,"[5.46194,1.688274,3.982963]",
694,"[5.46064,1.688666,3.982964]",
695,"[5.46704,1.691182,3.98297]",
696,"[5.490703,1.695141,3.982978]",
697,"[5.561223,1.705763,3.954158]",
698,"[5.594377,1.712759,3.934745]",
699,"[5.95,1.758008,4.289907]",
700,"[5.95,1.761063,4.202874]",
701,"[5.949999,1.764571,3.996244]",
702,"[5.949999,1.763173,3.881972]",
703,"[5.949999,1.76463,3.795029]",
704,"[5.95,1.767643,3.511456]",
705,"[5.95,1.781217,3.366143]",
706,"[5.558243,1.852741,2.687373]",
707,"[5.559253,1.856192,2.658432]",
708,"[5.58179,1.895392,2.335885]",
709,"[5.580934,1.897292,2.316267]",
710,"[5.575671,1.922503,2.195736]",
711,"[5.572499,1.936799,2.123078]",
712,"[5.571144,1.941716,2.092048]",
713,"[5.575727,1.947801,2.078158]",
714,"[5.575084,1.948386,2.080683]",
715,"[5.573784,1.933451,2.152525]",
716,"[5.573902,1.932575,2.155208]",
717,"[5.576299,1.929542,2.210125]",
718,"[5.578294,1.922644,2.2558]",
719,"[5.57867,1.921107,2.264412]",
720,"[5.580685,1.915055,2.310571]",
721,"[5.581075,1.914439,2.319499]",
722,"[5.582845,1.915034,2.360037]",
723,"[5.584244,1.916812,2.392087]",
724,"[5.585402,1.920718,2.418618]",
725,"[5.586002,1.923036,2.432352]",
726,"[5.586414,1.925067,2.441799]",
727,"[5.587537,1.930177,2.467517]",
728,"[5.588031,1.930903,2.478822]",
729,"[5.588898,1.932784,2.498683]",
730,"[5.58925,1.932339,2.506744]",
731,"[5.587642,1.931963,2.469917]",
732,"[5.586935,1.932887,2.45371]",
733,"[5.583017,1.938621,2.363994]",
734,"[5.582182,1.940441,2.344863]",
735,"[5.58145,1.940549,2.328078]",
736,"[5.580876,1.940663,2.314952]",
737,"[5.580752,1.940891,2.312108]",
738,"[5.580678,1.941121,2.310401]",
739,"[5.580678,1.941207,2.310411]",
740,"[5.580893,1.943204,2.315328]",
741,"[5.581064,1.944739,2.31926]",
742,"[5.608872,1.957563,2.609345]",
743,"[5.608872,1.959918,2.624938]",
744,"[5.608872,1.961853,2.632673]",
745,"[5.608872,1.965485,2.645292]",
746,"[5.608872,1.967015,2.650115]",
747,"[5.608872,1.96823,2.65424]",
748,"[5.608872,1.968512,2.654149]",
749,"[5.608872,1.968928,2.654204]",
750,"[5.608872,1.970153,2.653117]",
751,"[5.608872,1.970752,2.652766]",
752,"[5.608872,1.970682,2.651111]",
753,"[5.608872,1.97058,2.65008]",
754,"[5.608872,1.97081,2.649077]",
755,"[5.608872,1.970695,2.648867]",
756,"[5.608872,1.970642,2.64861]",
757,"[5.608872,1.970509,2.648451]",
758,"[5.608872,1.970526,2.648471]",
759,"[5.608872,1.97078,2.648856]",
760,"[5.608872,1.971014,2.649216]",
761,"[5.608872,1.971775,2.64993]",
762,"[5.608872,1.9724,2.650291]",
763,"[5.608872,1.973698,2.650615]",
764,"[5.608872,1.975204,2.651117]",
765,"[5.608872,1.975912,2.651154]",
766,"[5.608872,1.978292,2.651448]",
767,"[5.608872,1.980439,2.651744]",
768,"[5.608872,1.985036,2.65217]",
769,"[5.608872,1.987115,2.652236]",
770,"[5.608872,1.98865,2.652427]",
771,"[5.608872,1.99064,2.652837]",
772,"[5.608872,1.993613,2.65208]",
773,"[5.608872,1.995252,2.651729]",
774,"[5.608872,1.997281,2.651747]",
775,"[5.608872,1.999727,2.651341]",
776,"[5.608872,2.001668,2.65176]",
777,"[5.608872,2.002441,2.65225]",
778,"[5.608872,2.002211,2.652376]",
779,"[5.608872,2.002174,2.652919]",
780,"[5.608872,2.002362,2.652493]",
781,"[5.608872,2.021357,2.616729]",
782,"[5.608872,2.026577,2.609041]",
783,"[5.608872,2.03812,2.589552]",
784,"[5.608872,2.0523,2.573182]",
785,"[5.608872,2.058849,2.56677]",
786,"[5.648861,2.082752,2.56454]",
787,"[5.561478,2.049309,2.550914]",
788,"[5.559097,2.052598,2.546866]",
789,"[5.558847,2.05308,2.545632]",
790,"[5.55888,2.053912,2.544708]",
791,"[5.558926,2.055979,2.543391]",
792,"[5.558984,2.056756,2.54172]",
793,"[5.559076,2.057972,2.539073]",
794,"[5.559119,2.059079,2.537854]",
795,"[5.559191,2.0603,2.535788]",
796,"[5.559215,2.060525,2.535122]",
797,"[5.559237,2.061128,2.534478]",
798,"[5.559258,2.062804,2.533866]",
799,"[5.559257,2.064378,2.533916]",
800,"[5.95,2.23356,2.606443]",
801,"[5.95,2.234893,2.620375]",
802,"[5.95,2.23501,2.628955]",
803,"[5.95,2.23174,2.637978]",
804,"[5.95,2.230657,2.642139]",
805,"[5.95,2.229669,2.64917]",
806,"[5.95,2.22964,2.652234]",
807,"[5.95,2.227919,2.653861]",
808,"[5.95,2.22209,2.65719]",
809,"[5.95,2.211015,2.657335]",
810,"[5.271191,1.931275,2.551092]",
811,"[5.266519,1.92434,2.551081]",
812,"[5.263927,1.921212,2.551587]",
813,"[5.258878,1.917639,2.550093]",
814,"[5.256291,1.915975,2.549415]",
815,"[5.253109,1.914141,2.548786]",
816,"[5.246326,1.910996,2.54768]",
817,"[5.242638,1.909353,2.547994]",
818,"[5.235915,1.90653,2.547016]",
819,"[5.231918,1.904948,2.547294]",
820,"[5.223287,1.901657,2.547624]",
821,"[5.218373,1.899778,2.547781]",
822,"[5.207405,1.895581,2.547999]",
823,"[5.205322,1.894883,2.548662]",
824,"[5.95,2.182163,2.658172]",
825,"[5.95,2.183058,2.65828]",
826,"[5.95,2.183377,2.658106]",
827,"[5.95,2.184006,2.65681]",
828,"[5.95,2.184351,2.655508]",
829,"[5.95,2.184289,2.651895]",
830,"[5.95,2.18378,2.649364]",
831,"[5.95,2.183124,2.647492]",
832,"[5.95,2.179854,2.641996]",
833,"[5.95,2.176892,2.638152]",
834,"[5.95,2.170475,2.630469]",
835,"[5.95,2.16703,2.626353]",
836,"[5.95,2.163945,2.623755]",
837,"[5.95,2.161852,2.621852]",
838,"[5.95,2.160269,2.62008]",
839,"[5.95,2.155185,2.616019]",
840,"[5.95,2.152005,2.614073]",
841,"[5.95,2.149921,2.611793]",
842,"[5.95,2.14881,2.610703]",
843,"[5.95,2.146561,2.608577]",
844,"[5.95,2.14559,2.605366]",
845,"[5.95,2.142223,2.599562]",
846,"[5.95,2.140385,2.596902]",
847,"[5.95,2.138079,2.594196]",
848,"[5.250558,1.877858,2.518692]",
849,"[5.256057,1.877499,2.515851]",
850,"[5.266444,1.878478,2.510734]",
851,"[5.271977,1.879767,2.508257]",
852,"[5.287046,1.88615,2.506363]",
853,"[5.295721,1.890053,2.503613]",
854,"[5.304357,1.893976,2.500951]",
855,"[5.317125,1.901763,2.502378]",
856,"[5.322276,1.905689,2.502814]",
857,"[5.333744,1.912725,2.50491]",
858,"[5.338411,1.915398,2.506168]",
859,"[5.346903,1.919632,2.507673]",
860,"[5.351429,1.921543,2.504915]",
861,"[5.356609,1.924306,2.505471]",
862,"[5.368203,1.930529,2.503533]",
863,"[5.374485,1.933736,2.501046]",
864,"[5.559529,2.010026,2.526115]",
865,"[5.598347,2.025921,2.521825]",
866,"[5.584168,1.991398,2.390355]",
867,"[5.583652,1.988325,2.378525]",
868,"[5.582997,1.984065,2.363531]",
869,"[5.582791,1.983103,2.358811]",
870,"[5.582583,1.981933,2.354039]",
871,"[5.58219,1.97776,2.345044]",
872,"[5.58208,1.975739,2.342523]",
873,"[5.581801,1.96983,2.336133]",
874,"[5.581693,1.967184,2.333652]",
875,"[5.581576,1.962747,2.330981]",
876,"[5.581605,1.962098,2.331644]",
877,"[5.581686,1.961,2.3335]",
878,"[5.581763,1.960378,2.335258]",
879,"[5.581887,1.959468,2.338111]",
880,"[5.582259,1.957572,2.346612]",
881,"[5.582461,1.958226,2.351245]",
882,"[5.583734,1.962913,2.380394]",
883,"[5.58508,1.96937,2.411226]",
884,"[5.586903,1.97548,2.452986]",
885,"[5.608872,2.00409,2.615308]",
886,"[5.95,2.219086,3.552387]",
887,"[5.949999,2.223994,3.617263]",
888,"[5.575356,2.126644,3.948725]",
889,"[5.056188,1.952313,3.983516]",
890,"[4.965865,1.921446,3.983452]",
891,"[4.864495,1.885225,3.983376]",
892,"[4.50082,1.727137,3.983045]",
893,"[4.316438,1.642084,3.982867]",
894,"[4.064572,1.582121,4.176684]",
895,"[4.067282,1.571462,3.933098]",
896,"[3.529232,1.51775,5.04]",
897,"[3.556727,1.524292,5.04]",
898,"[4.0986,1.587316,3.954969]",
899,"[4.298842,1.623574,3.982828]",
900,"[4.336996,1.627224,3.982836]",
901,"[4.357239,1.628634,3.982838]",
902,"[4.361189,1.629529,3.98284]",
903,"[4.361189,1.629529,3.98284]",
904,"[4.37076,1.693187,3.982974]",
905,"[4.381916,1.737397,3.983066]",
906,"[4.381916,1.737397,3.983066]",
907,"[4.41033,1.772943,3.983141]",
908,"[4.441613,1.797876,3.983193]",
909,"[4.45759,1.804053,3.983206]",
910,"[4.50739,1.818469,3.983236]",
911,"[4.528656,1.824206,3.983248]",
912,"[4.573912,1.834991,3.983271]",
913,"[4.592981,1.841204,3.983284]",
914,"[4.627829,1.852808,3.983308]",
915,"[4.643188,1.858882,3.983321]",
916,"[4.701013,1.878612,3.983362]",
917,"[4.751091,1.893492,3.983393]",
918,"[4.789989,1.909076,3.983426]",
919,"[4.934192,1.951523,3.983515]",
920,"[5.023097,1.973515,3.983561]",
921,"[5.95,2.220441,4.144678]",
922,"[5.95,2.202842,4.034728]",
923,"[5.95,1.824583,3.587715]",
924,"[5.95,1.793465,3.453623]",
925,"[5.827063,1.759203,2.974768]",
926,"[5.95,1.792233,2.932496]",
927,"[5.95,1.801839,2.843018]",
928,"[5.95,1.814774,2.678159]",
929,"[5.629272,1.767859,2.522905]",
930,"[5.582181,1.91667,2.344845]",
931,"[5.580441,1.923534,2.304977]",
932,"[5.647889,2.059653,1.855101]",
933,"[5.644432,2.052306,1.837271]",
934,"[5.643625,2.041007,1.833113]",
935,"[5.644914,2.037341,1.839757]",
936,"[5.658224,2.027462,1.908404]",
937,"[5.662525,2.021284,1.930585]",
938,"[5.67385,2.009167,1.988989]",
939,"[5.57502,1.956725,2.082494]",
940,"[5.571342,1.953105,2.096594]",
941,"[5.571599,1.952122,2.102459]",
942,"[5.573216,1.949457,2.139512]",
943,"[5.574366,1.944984,2.165838]",
944,"[5.575123,1.934316,2.183174]",
945,"[5.575349,1.924877,2.188361]",
946,"[5.833141,1.748736,2.11448]",
947,"[5.815006,1.72266,2.113847]",
948,"[5.623,1.406788,2.035673]",
949,"[5.61567,1.389304,2.035673]",
950,"[5.728544,1.153,1.941088]",
951,"[5.624534,1.130356,1.960248]",
952,"[5.624534,1.092189,1.948372]",
953,"[5.624534,1.060528,1.93506]",
954,"[5.624534,1.038414,1.926343]",
955,"[5.624534,1.006407,1.913484]",
956,"[5.624534,1.014011,1.920901]",
957,"[5.624534,1.010283,1.92562]",
958,"[5.624534,1.018421,1.929173]",
959,"[5.624534,1.018787,1.930294]",
960,"[5.624534,1.023364,1.934316]",
961,"[5.624534,1.027613,1.935898]",
962,"[5.624534,1.027874,1.935902]",
963,"[5.624534,1.032423,1.935658]",
964,"[5.624534,1.05459,1.935855]",
965,"[5.624534,1.062539,1.934613]",
966,"[5.624534,1.064596,1.932616]",
967,"[5.624534,1.07491,1.931676]",
968,"[5.624534,1.074514,1.929152]",
969,"[5.624534,1.05644,1.900371]",
970,"[5.624534,1.039083,1.872045]",
971,"[5.624534,0.9393244,1.786433]",
972,"[5.624534,0.9035066,1.759659]",
973,"[5.624534,0.8637607,1.730201]",
974,"[5.624534,0.8523377,1.722403]",
975,"[5.624534,0.8516083,1.722419]",
976,"[5.624534,0.8464485,1.741855]",
977,"[5.624534,0.8425608,1.759805]",
978,"[5.884431,0.6622186,2.150756]",
979,"[5.884748,0.6622186,2.153323]",
980,"[5.76505,0.7759204,2.234806]",
981,"[5.666163,0.862908,2.257125]",
982,"[5.60484,0.9163791,2.270844]",
983,"[5.596,0.9305045,2.279673]",
984,"[5.596,0.932664,2.283394]",
985,"[5.596,0.9356325,2.285408]",
986,"[5.596,0.9377827,2.285218]",
987,"[5.596,0.9396775,2.28668]",
988,"[5.596,0.9407937,2.286857]",
989,"[5.596,0.9410009,2.288251]",
990,"[5.596,0.9428124,2.289303]",
991,"[5.596,0.9436059,2.291238]",
992,"[5.596,0.9474207,2.293537]",
993,"[5.596,0.9499063,2.296241]",
994,"[5.596,0.953242,2.299878]",
995,"[5.596,0.9537485,2.302106]",
996,"[5.596,0.9543072,2.304796]",
997,"[5.596,0.9564947,2.303386]",
998,"[5.596,0.9577135,2.300949]",
999,"[5.596,0.9545298,2.29563]",
1000,"[5.596,0.9507879,2.292894]",
1001,"[5.596,0.8231401,2.254726]",
1002,"[5.596,0.7915993,2.246357]",
1003,"[5.596,0.7530901,2.233256]",
1004,"[5.596,0.7380109,2.229594]",
1005,"[5.596,0.7278615,2.226934]",
1006,"[5.596,0.7064591,2.222858]",
1007,"[5.596,0.6952526,2.221317]",
1008,"[5.596,0.6775075,2.219766]",
1009,"[5.596,0.6705716,2.21952]",
1010,"[5.569527,0.613029,2.26916]",
1011,"[5.569258,0.5969638,2.276856]",
1012,"[5.569061,0.5846773,2.282499]",
1013,"[5.568842,0.5740013,2.28879]",
1014,"[5.568779,0.5726672,2.290586]",
1015,"[5.568699,0.5748344,2.292866]",
1016,"[5.568633,0.5819864,2.29476]",
1017,"[5.568544,0.5930456,2.297323]",
1018,"[5.667199,0.6622185,2.30092]",
1019,"[5.70282,0.6622185,2.300527]",
1020,"[5.800581,0.6622185,2.295375]",
1021,"[5.818719,0.6622186,2.294686]",
1022,"[5.840482,0.6622185,2.293119]",
1023,"[5.845706,0.6622186,2.292417]",
1024,"[5.85428,0.6622186,2.291911]",
1025,"[5.3056,1.11479,2.33504]",
1026,"[5.278227,1.137623,2.337359]",
1027,"[5.277428,1.138174,2.339082]",
1028,"[5.280178,1.136855,2.339216]",
1029,"[5.283201,1.135234,2.341076]",
1030,"[5.284111,1.135724,2.34097]",
1031,"[5.284457,1.137306,2.341033]",
1032,"[5.284222,1.138445,2.341155]",
1033,"[5.282576,1.141387,2.341056]",
1034,"[5.281179,1.143329,2.341309]",
1035,"[5.278762,1.145899,2.341537]",
1036,"[5.27314,1.151237,2.342485]",
1037,"[5.269612,1.153515,2.344797]",
1038,"[5.260468,1.159786,2.349904]",
1039,"[5.256568,1.162496,2.352853]",
1040,"[5.266515,1.154454,2.356738]",
1041,"[5.266873,1.154028,2.359693]",
1042,"[5.262345,1.157345,2.365252]",
1043,"[5.272269,1.149974,2.367437]",
1044,"[5.950001,0.640624,2.298319]",
1045,"[5.950001,0.6414854,2.303596]",
1046,"[5.950001,0.6411342,2.308905]",
1047,"[5.950001,0.6363596,2.314209]",
1048,"[5.950001,0.632674,2.315632]",
1049,"[5.900685,0.6622186,2.323846]",
1050,"[5.896311,0.6622186,2.323131]",
1051,"[5.892697,0.6622185,2.322916]",
1052,"[5.887181,0.6622186,2.315568]",
1053,"[5.886323,0.6622186,2.309575]",
1054,"[5.883518,0.6622185,2.299474]",
1055,"[5.881948,0.6622186,2.294386]",
1056,"[5.879478,0.6622185,2.285536]",
1057,"[5.878398,0.6622186,2.281926]",
1058,"[5.878117,0.6622185,2.277772]",
1059,"[5.878735,0.6622186,2.26957]",
1060,"[5.879593,0.6622185,2.265026]",
1061,"[5.882132,0.6622186,2.255695]",
1062,"[5.882805,0.6622186,2.251323]",
1063,"[5.882807,0.6622186,2.244092]",
1064,"[5.834912,0.6979944,2.251979]",
1065,"[5.642632,0.8420475,2.288939]",
1066,"[5.291401,1.109368,2.364101]",
1067,"[5.291863,1.107574,2.362803]",
1068,"[5.285005,1.107788,2.36187]",
1069,"[5.287122,1.102375,2.360021]",
1070,"[5.257073,0.9756455,2.36543]",
1071,"[5.259797,0.9592562,2.365275]",
1072,"[5.268889,0.9314542,2.363203]",
1073,"[5.273846,0.9190387,2.362142]",
1074,"[5.282074,0.9075463,2.360791]",
1075,"[5.568632,0.5510824,2.294809]",
1076,"[5.568584,0.5495918,2.296167]",
1077,"[5.568522,0.5478228,2.297945]",
1078,"[5.568498,0.5474187,2.298636]",
1079,"[5.568478,0.5470535,2.299215]",
1080,"[5.568451,0.5472993,2.299983]",
1081,"[5.568383,0.5502932,2.301933]",
1082,"[5.568347,0.5518284,2.302978]",
1083,"[5.568324,0.5531273,2.303632]",
1084,"[5.568291,0.5553581,2.304549]",
1085,"[5.568278,0.5564803,2.30492]",
1086,"[5.568227,0.5581962,2.306384]",
1087,"[5.568172,0.5607823,2.307977]",
1088,"[5.568081,0.5640944,2.310574]",
1089,"[5.56801,0.5664021,2.312617]",
1090,"[5.567952,0.568473,2.31427]",
1091,"[5.567873,0.5728634,2.31652]",
1092,"[5.567846,0.5758296,2.317295]",
1093,"[5.568435,0.5927624,2.300442]",
1094,"[5.568629,0.5987658,2.294892]",
1095,"[5.569,0.6066777,2.284268]",
1096,"[5.569169,0.6087352,2.279422]",
1097,"[5.569326,0.6100473,2.274906]",
1098,"[5.569476,0.6093025,2.270623]",
1099,"[5.56952,0.6063513,2.26938]",
1100,"[5.569613,0.5974528,2.266687]",
1101,"[5.569651,0.5912898,2.265629]",
1102,"[5.56971,0.578162,2.263929]",
1103,"[5.569726,0.5731289,2.263451]",
1104,"[5.569753,0.5682769,2.262691]",
1105,"[5.56977,0.5666376,2.2622]",
1106,"[5.56979,0.5645086,2.261624]",
1107,"[5.569832,0.5604457,2.260416]",
1108,"[5.569928,0.5596802,2.257677]",
1109,"[5.569909,0.5605605,2.25823]",
1110,"[5.569888,0.5612128,2.258829]",
1111,"[5.569785,0.5630972,2.261775]",
1112,"[5.569743,0.5634778,2.262979]",
1113,"[5.569697,0.5646847,2.264283]",
1114,"[5.569613,0.5665294,2.266717]",
1115,"[5.569585,0.5668403,2.26751]",
1116,"[5.561181,0.5771316,2.269142]",
1117,"[5.556938,0.5824061,2.269845]",
1118,"[5.542194,0.6020309,2.271413]",
1119,"[5.532791,0.6142662,2.271863]",
1120,"[5.524703,0.622529,2.270588]",
1121,"[5.525734,0.622529,2.270056]",
1122,"[5.698678,0.4090455,2.258681]",
1123,"[5.701175,0.4070237,2.256286]",
1124,"[5.702109,0.4058711,2.254904]",
1125,"[5.70413,0.4030269,2.251482]",
1126,"[5.706274,0.4015746,2.249774]",
1127,"[5.950001,0.1071537,2.230526]",
1128,"[5.950001,0.1096642,2.229357]",
1129,"[5.950001,0.1117873,2.228595]",
1130,"[5.950001,0.1145546,2.227934]",
1131,"[5.950001,0.1146273,2.227993]",
1132,"[5.950001,0.1136467,2.228873]",
1133,"[5.950001,0.1119251,2.230257]",
1134,"[5.950001,0.1041054,2.233907]",
1135,"[5.94834,0.1,2.236133]",
1136,"[5.52023,0.4373464,2.287196]",
1137,"[5.502466,0.4410261,2.291093]",
1138,"[5.488397,0.4438783,2.294104]",
1139,"[5.471394,0.4473187,2.297734]",
1140,"[5.463693,0.448814,2.299301]",
1141,"[5.451674,0.4515085,2.302189]",
1142,"[5.44768,0.4522731,2.302989]",
1143,"[5.440907,0.4536463,2.304438]",
1144,"[5.436838,0.4544463,2.305278]",
1145,"[5.431094,0.4554111,2.306262]",
1146,"[5.352011,0.4732066,2.325349]",
1147,"[5.327412,0.4781753,2.33059]",
1148,"[5.298567,0.4827445,2.335192]",
1149,"[5.290907,0.4832305,2.335522]",
1150,"[5.279404,0.4841477,2.336246]",
1151,"[5.27668,0.4841905,2.336204]",
1152,"[5.273778,0.4843679,2.33632]",
1153,"[5.272451,0.4845911,2.336548]",
1154,"[5.271667,0.4846588,2.336778]",
1155,"[5.270783,0.4863886,2.339698]",
1156,"[5.270778,0.4876696,2.34122]",
1157,"[5.270638,0.4903625,2.344547]",
1158,"[5.270875,0.4918116,2.346028]",
1159,"[5.272528,0.4910491,2.349198]",
1160,"[5.273988,0.4889388,2.350971]",
1161,"[5.275158,0.4876693,2.352047]",
1162,"[5.275469,0.4878312,2.351925]",
1163,"[5.277667,0.486584,2.353019]",
1164,"[5.281824,0.4846501,2.354741]",
1165,"[5.284386,0.4836024,2.355685]",
1166,"[5.287798,0.4837779,2.355662]",
1167,"[5.28882,0.4846328,2.355]",
1168,"[5.290401,0.4859601,2.353973]",
1169,"[5.290845,0.4869787,2.353158]",
1170,"[5.291395,0.4880142,2.352332]",
1171,"[5.292854,0.4901841,2.350614]",
1172,"[5.293602,0.4912109,2.349802]",
1173,"[5.294734,0.4929242,2.348445]",
1174,"[5.295398,0.4929186,2.347573]",
1175,"[5.29704,0.4915796,2.345986]",
1176,"[5.298024,0.4908478,2.345122]",
1177,"[5.303599,0.4679628,2.31722]",
1178,"[5.305432,0.4623607,2.310406]",
1179,"[5.30724,0.4581864,2.305345]",
1180,"[5.30921,0.453137,2.299214]",
1181,"[5.309619,0.4511673,2.29681]",
1182,"[5.309924,0.4495205,2.294799]",
1183,"[5.309899,0.4492715,2.294492]",
1184,"[5.309378,0.4506971,2.296224]",
1185,"[5.30875,0.4524817,2.298393]",
1186,"[5.307215,0.4526758,2.298578]",
1187,"[5.303397,0.4550619,2.301374]",
1188,"[5.301885,0.4552473,2.301549]",
1189,"[5.299207,0.4574607,2.304173]",
1190,"[5.297908,0.4596121,2.306769]",
1191,"[5.296198,0.4619163,2.309538]",
1192,"[5.294477,0.4646113,2.312787]",
1193,"[5.292795,0.4670633,2.315738]",
1194,"[5.302955,0.4311898,2.316751]",
1195,"[5.401831,0.1,2.277576]",
1196,"[5.403059,0.1,2.278933]",
1197,"[5.40382,0.1,2.280494]",
1198,"[5.40507,0.1,2.280201]",
1199,"[5.404655,0.1,2.279499]",
1200,"[5.403214,0.1,2.279024]",
1201,"[5.402651,0.0999999,2.277785]",
1202,"[5.402091,0.1,2.27686]",
1203,"[5.40148,0.1,2.274507]",
1204,"[5.40125,0.1,2.273892]",
1205,"[5.401101,0.0999999,2.270571]",
1206,"[5.401479,0.1,2.26824]",
1207,"[5.402361,0.1,2.264566]",
1208,"[5.40283,0.1,2.26271]",
1209,"[5.40429,0.0999999,2.254884]",
1210,"[5.405469,0.1,2.249278]",
1211,"[5.406759,0.1,2.24362]",
1212,"[5.410577,0.1,2.228889]",
1213,"[5.413186,0.1,2.220759]",
1214,"[5.418583,0.1,2.204106]",
1215,"[5.420907,0.1,2.195149]",
1216,"[5.42299,0.0999999,2.177418]",
1217,"[5.421885,0.1,2.166794]",
1218,"[5.419445,0.1,2.159309]",
1219,"[5.407762,0.1,2.141794]",
1220,"[5.398982,0.1,2.13181]",
1221,"[5.387084,0.1,2.119717]",
1222,"[5.381455,0.1,2.114621]",
1223,"[5.373591,0.1,2.115598]",
1224,"[5.369614,0.1,2.113965]",
1225,"[5.364405,0.0999999,2.117893]",
1226,"[5.36324,0.1,2.122429]",
1227,"[5.361891,0.1,2.124478]",
1228,"[5.359359,0.1,2.132214]",
1229,"[5.357164,0.1,2.133958]",
1230,"[5.351043,0.1000001,2.134436]",
1231,"[5.348282,0.1,2.150824]",
1232,"[5.342657,0.1,2.164584]",
1233,"[5.339935,0.1,2.177725]",
1234,"[5.339725,0.1,2.198687]",
1235,"[5.345182,0.1,2.210001]",
1236,"[5.351299,0.1,2.223629]",
1237,"[5.356595,0.1,2.233836]",
1238,"[5.361186,0.1,2.239602]",
1239,"[5.368296,0.1,2.245686]",
1240,"[5.371495,0.1,2.247602]",
1241,"[5.271894,0.5134017,2.267046]",
1242,"[5.274363,0.5130973,2.267769]",
1243,"[5.316181,0.4139007,2.251285]",
1244,"[5.329982,0.4061654,2.24227]",
1245,"[5.385533,0.3719003,2.202141]",
1246,"[5.411602,0.3572074,2.185012]",
1247,"[5.418201,0.3538519,2.181123]",
1248,"[5.530386,0.0999999,2.144735]",
1249,"[5.532654,0.1000001,2.14473]",
1250,"[5.535658,0.1,2.144727]",
1251,"[5.538317,0.1,2.144764]",
1252,"[5.539134,0.1,2.145049]",
1253,"[5.540154,0.1,2.14521]",
1254,"[5.540707,0.0999999,2.145456]",
1255,"[5.540612,0.1,2.145654]",
1256,"[5.53967,0.1,2.145141]",
1257,"[5.537437,0.1,2.14441]",
1258,"[5.535812,0.1,2.144206]",
1259,"[5.534292,0.1,2.144257]",
1260,"[5.52851,0.1,2.145205]",
1261,"[5.526882,0.1,2.14489]",
1262,"[5.524719,0.1,2.144447]",
1263,"[5.523659,0.1,2.144247]",
1264,"[5.396831,0.3507883,2.176615]",
1265,"[5.38066,0.3544716,2.180573]",
1266,"[5.371944,0.3565245,2.182789]",
1267,"[5.36261,0.3585336,2.18493]",
1268,"[5.360612,0.3587796,2.185162]",
1269,"[5.27544,0.622529,2.206935]",
1270,"[5.274734,0.622529,2.207146]",
1271,"[5.284469,0.5876605,2.204851]",
1272,"[5.298212,0.542236,2.201476]",
1273,"[5.309156,0.5063075,2.198893]",
1274,"[5.334352,0.4285581,2.19301]",
1275,"[5.347945,0.3869936,2.189857]",
1276,"[5.372745,0.3129135,2.183952]",
1277,"[5.385582,0.2771287,2.180683]",
1278,"[5.411077,0.2085875,2.173913]",
1279,"[5.424596,0.1808539,2.169504]",
1280,"[5.450704,0.1421245,2.160112]",
1281,"[5.464801,0.2772445,2.107448]",
1282,"[5.560274,0.1,2.053934]",
1283,"[5.574901,0.4893824,1.914735]",
1284,"[5.575048,0.5031304,1.910517]",
1285,"[5.57528,0.536487,1.903881]",
1286,"[5.575296,0.5499387,1.903413]",
1287,"[5.575396,0.572179,1.900544]",
1288,"[5.575486,0.5754237,1.897959]",
1289,"[5.575575,0.578985,1.89541]",
1290,"[5.575664,0.5800899,1.892887]",
1291,"[5.575767,0.5817732,1.889937]",
1292,"[5.575719,0.5798084,1.891296]",
1293,"[5.575766,0.5731566,1.889941]",
1294,"[5.575894,0.5611713,1.886286]",
1295,"[5.575968,0.5560349,1.884157]",
1296,"[5.576133,0.5534018,1.879427]",
1297,"[5.576217,0.546165,1.877025]",
1298,"[5.576253,0.5432837,1.876001]",
1299,"[5.576581,0.5412695,1.866601]",
1300,"[5.576599,0.5400574,1.866099]",
1301,"[5.576725,0.5384091,1.862474]",
1302,"[5.576734,0.5377054,1.862221]",
1303,"[5.576749,0.5346169,1.861807]",
1304,"[5.576904,0.5336052,1.85735]",
1305,"[5.576887,0.5320077,1.857853]",
1306,"[5.576831,0.5255904,1.859457]",
1307,"[5.576812,0.5208521,1.859988]",
1308,"[5.576732,0.5068369,1.862282]",
1309,"[5.576736,0.5019253,1.862162]",
1310,"[5.576675,0.4937707,1.863907]",
1311,"[5.576677,0.4909308,1.863863]",
1312,"[5.576686,0.488552,1.863593]",
1313,"[5.577071,0.494994,1.852592]",
1314,"[5.577281,0.5017431,1.846568]",
1315,"[5.57754,0.5069593,1.839155]",
1316,"[5.577662,0.5078384,1.835647]",
1317,"[5.577641,0.5102071,1.836259]",
1318,"[5.577728,0.5099267,1.833775]",
1319,"[5.577789,0.5105274,1.832004]",
1320,"[5.577775,0.5110385,1.832401]",
1321,"[5.577768,0.5109763,1.832615]",
1322,"[5.577837,0.5099291,1.830663]",
1323,"[5.577915,0.5093741,1.828414]",
1324,"[5.578054,0.5094434,1.824412]",
1325,"[5.578047,0.5107366,1.824622]",
1326,"[5.578095,0.511694,1.823261]",
1327,"[5.578094,0.5119234,1.8233]",
1328,"[5.578091,0.5120915,1.823374]",
1329,"[5.57809,0.5122039,1.823394]",
1330,"[5.578083,0.5124456,1.823602]",
1331,"[5.578069,0.5138251,1.823991]",
1332,"[5.578064,0.5146785,1.824141]",
1333,"[5.578121,0.51467,1.822518]",
1334,"[5.578186,0.5135676,1.82065]",
1335,"[5.57843,0.469588,1.813663]",
1336,"[5.578813,0.3981433,1.802688]",
1337,"[5.578983,0.3646339,1.79783]",
1338,"[5.579187,0.32674,1.791974]",
1339,"[5.579254,0.3141791,1.790057]",
1340,"[5.579302,0.3012213,1.788678]",
1341,"[5.579295,0.2980895,1.788896]",
1342,"[5.57929,0.2937401,1.789024]",
1343,"[5.579277,0.2932734,1.789411]",
1344,"[5.579267,0.2928421,1.789709]",
1345,"[5.579256,0.2925701,1.790015]",
1346,"[5.579253,0.2924579,1.790108]",
1347,"[5.586363,0.280127,1.787064]",
1348,"[5.586338,0.280331,1.787796]",
1349,"[5.586234,0.2806033,1.790757]",
1350,"[5.586164,0.2803875,1.792761]",
1351,"[5.586029,0.278893,1.796641]",
1352,"[5.585971,0.2777517,1.798299]",
1353,"[5.585906,0.2761225,1.800149]",
1354,"[5.585801,0.2709897,1.803174]",
1355,"[5.585781,0.2707086,1.803738]",
1356,"[5.585768,0.2698358,1.804093]",
1357,"[5.585773,0.2697484,1.803978]",
1358,"[5.582026,0.2811268,1.805017]",
1359,"[5.572916,0.3026932,1.809066]",
1360,"[5.567369,0.3204178,1.810654]",
1361,"[5.552559,0.3565036,1.816709]",
1362,"[5.547447,0.3691741,1.818815]",
1363,"[5.535112,0.3935893,1.823124]",
1364,"[5.528615,0.4069661,1.825867]",
1365,"[5.517076,0.4306835,1.834973]",
1366,"[5.51117,0.4425813,1.839848]",
1367,"[5.504171,0.4513144,1.873954]",
1368,"[5.491725,0.4730705,1.910096]",
1369,"[5.485432,0.4853538,1.921994]",
1370,"[5.470854,0.509982,1.938823]",
1371,"[5.46198,0.5250278,1.946465]",
1372,"[5.441954,0.5575717,1.959416]",
1373,"[5.430664,0.5757768,1.965346]",
1374,"[5.418624,0.5954499,1.971333]",
1375,"[5.401995,0.622529,1.979743]",
1376,"[5.527832,0.4080001,1.937882]",
1377,"[5.533204,0.4080001,1.916287]",
1378,"[5.536587,0.4080001,1.903067]",
1379,"[5.539943,0.4080001,1.889327]",
1380,"[5.746521,0.1,1.781639]",
1381,"[5.4917,0.529928,1.884425]",
1382,"[5.494281,0.532539,1.878912]",
1383,"[5.77519,0.1,1.734183]",
1384,"[5.77557,0.1,1.727592]",
1385,"[5.773622,0.1,1.725555]",
1386,"[5.758869,0.1,1.722411]",
1387,"[5.750747,0.1,1.721264]",
1388,"[5.721342,0.1,1.721377]",
1389,"[5.704868,0.1,1.721707]",
1390,"[5.690681,0.1,1.722189]",
1391,"[5.595366,0.1,1.744252]",
1392,"[5.558888,0.1,1.753701]",
1393,"[5.450089,0.1,1.784698]",
1394,"[5.31616,0.4080001,1.880717]",
1395,"[5.292737,0.4080001,1.888035]",
1396,"[5.286032,0.4080001,1.889404]",
1397,"[5.278164,0.4080001,1.890742]",
1398,"[5.257356,0.4080001,1.893685]",
1399,"[5.239625,0.4080001,1.896563]",
1400,"[5.205886,0.4080001,1.900818]",
1401,"[5.196539,0.4080001,1.900623]",
1402,"[5.190334,0.4080001,1.897098]",
1403,"[5.190234,0.4080001,1.894485]",
1404,"[5.190246,0.4080001,1.892276]",
1405,"[5.189927,0.4080001,1.892485]",
1406,"[5.186581,0.4080001,1.897426]",
1407,"[5.183394,0.4080001,1.899658]",
1408,"[5.178452,0.4080001,1.899856]",
1409,"[5.166693,0.4080001,1.900389]",
1410,"[5.15929,0.4080001,1.900734]",
1411,"[5.14077,0.4080001,1.906576]",
1412,"[5.140153,0.4080001,1.912604]",
1413,"[5.141616,0.4080001,1.916739]",
1414,"[5.144711,0.4080001,1.923784]",
1415,"[5.146143,0.4080001,1.926753]",
1416,"[5.150417,0.4080001,1.93069]",
1417,"[5.150988,0.4080001,1.931797]",
1418,"[5.151289,0.4080001,1.933152]",
1419,"[5.151442,0.4080001,1.933512]",
1420,"[5.151401,0.4080001,1.933964]",
1421,"[5.151757,0.4080001,1.935025]",
1422,"[5.152198,0.4080001,1.935768]",
1423,"[5.154052,0.4080001,1.93739]",
1424,"[5.155199,0.4080001,1.938288]",
1425,"[5.162027,0.4080001,1.940411]",
1426,"[5.164167,0.4080001,1.940716]",
1427,"[5.167594,0.4080001,1.941431]",
1428,"[5.169358,0.4080001,1.941949]",
1429,"[5.171087,0.4080001,1.942484]",
1430,"[5.17408,0.4080001,1.942249]",
1431,"[5.178082,0.4080001,1.933053]",
1432,"[5.182541,0.4080001,1.923378]",
1433,"[5.190436,0.4080001,1.90984]",
1434,"[5.200151,0.4080001,1.895456]",
1435,"[5.203992,0.4080001,1.89139]",
1436,"[5.206943,0.4080001,1.888532]",
1437,"[5.21036,0.4080001,1.885937]",
1438,"[5.210963,0.4080001,1.88546]",
1439,"[5.211491,0.4080001,1.884344]",
1440,"[5.211719,0.4080001,1.883647]",
1441,"[5.213351,0.4080001,1.88177]",
1442,"[5.214718,0.4080001,1.880701]",
1443,"[5.218101,0.4080001,1.878426]",
1444,"[5.220643,0.4080001,1.879242]",
1445,"[5.223232,0.4080001,1.880324]",
1446,"[5.229329,0.4080001,1.88828]",
1447,"[5.231926,0.4080001,1.893278]",
1448,"[5.233375,0.4080001,1.902721]",
1449,"[5.233785,0.4080001,1.906138]",
1450,"[5.236356,0.4080001,1.912379]",
1451,"[5.237885,0.4080001,1.914357]",
1452,"[5.246067,0.4080001,1.919267]",
1453,"[5.255878,0.4080001,1.924356]",
1454,"[5.273296,0.4080001,1.93372]",
1455,"[5.45107,0.1,1.926174]",
1456,"[5.553811,0.1834913,2.121666]",
1457,"[5.551061,0.3508248,2.200408]",
1458,"[5.549764,0.4553153,2.237562]",
1459,"[5.548341,0.542942,2.278305]",
1460,"[5.549478,0.622529,2.289955]",
1461,"[5.589577,0.6622186,2.319926]",
1462,"[5.544456,0.8364307,2.377062]",
1463,"[5.539609,0.9477262,2.367672]",
1464,"[5.670752,0.9862257,2.482239]",
1465,"[5.666844,1.047543,2.524217]",
1466,"[5.95,1.068143,2.808247]",
1467,"[5.95,1.133899,2.884785]",
1468,"[5.538619,1.361621,2.695992]",
1469,"[5.29581,2.265763,3.957243]",
1470,"[5.27703,2.276723,3.957164]",
1471,"[4.85325,2.240958,3.957424]",
1472,"[4.75495,2.254948,3.957322]",
1473,"[4.539989,2.154448,3.98394]",
1474,"[4.480175,2.138132,3.983906]",
1475,"[4.454346,2.025741,3.98367]",
1476,"[4.58641,1.884512,3.983374]",
1477,"[4.613361,1.842678,3.983287]",
1478,"[4.649065,1.768687,3.983132]",
1479,"[4.65464,1.745533,3.983083]",
1480,"[4.680361,1.639371,3.982861]",
1481,"[4.683232,1.618289,3.982817]",
1482,"[4.684253,1.603284,3.982785]",
1483,"[4.708892,1.588321,3.982754]",
1484,"[4.717674,1.582723,3.982742]",
1485,"[4.730633,1.57783,3.982732]",
1486,"[4.72908,1.580692,3.982738]",
1487,"[4.736179,1.579803,3.982736]",
1488,"[4.744343,1.580194,3.982737]",
1489,"[4.824869,1.557197,3.982689]",
1490,"[4.882314,1.534661,3.982642]",
1491,"[4.998191,1.482324,3.982532]",
1492,"[5.268034,1.349989,3.982255]",
1493,"[5.273414,1.300541,3.18704]",
1494,"[5.649937,0.8925446,3.170534]",
1495,"[5.531016,0.9776984,2.980959]",
1496,"[5.606642,0.8616613,2.855196]",
1497,"[5.606642,0.8307655,2.757397]",
1498,"[5.65552,0.6823663,2.615823]",
1499,"[5.572155,0.7151077,2.504505]",
1500,"[5.55639,0.6914239,2.441658]",
1501,"[5.546586,0.6073092,2.328576]",
1502,"[5.548356,0.5544066,2.277887]",
1503,"[5.617479,0.1,1.947195]",
1504,"[5.584481,0.1,1.907433]",
1505,"[5.286056,0.5372902,1.861446]",
1506,"[5.293304,0.1,1.444177]",
1507,"[5.276264,0.1,1.425666]",
1508,"[5.133767,0.5773456,1.683313]",
1509,"[5.107573,0.622529,1.705536]",
1510,"[5.096071,0.622529,1.748328]",
1511,"[5.093685,0.622529,1.781845]",
1512,"[5.085408,0.6207684,1.805675]",
1513,"[5.086852,0.622529,1.828608]",
1514,"[5.100688,0.622529,1.858161]",
1515,"[5.106204,0.622529,1.866242]",
1516,"[5.150869,0.4170637,1.802451]",
1517,"[5.156157,0.5335357,1.864966]",
1518,"[5.167445,0.5313871,1.869971]",
1519,"[5.181561,0.5285671,1.876515]",
1520,"[5.186438,0.5274259,1.879134]",
1521,"[5.309967,0.1,1.764387]",
1522,"[5.313915,0.1,1.765523]",
1523,"[5.317685,0.1,1.765707]",
1524,"[5.323791,0.1,1.765659]",
1525,"[5.328697,0.1,1.765924]",
1526,"[5.344952,0.1,1.763868]",
1527,"[5.190254,0.622529,1.903115]",
1528,"[5.201076,0.622529,1.901481]",
1529,"[5.206585,0.622529,1.900387]",
1530,"[5.212929,0.622529,1.899646]",
1531,"[5.226364,0.6188692,1.896919]",
1532,"[5.241833,0.5921111,1.888726]",
1533,"[5.269649,0.553513,1.876538]",
1534,"[5.284615,0.5326183,1.8704]",
1535,"[5.314147,0.4961177,1.860234]",
1536,"[5.328008,0.4834678,1.856346]",
1537,"[5.354338,0.4696642,1.852324]",
1538,"[5.367427,0.4590459,1.850108]",
1539,"[5.380047,0.45285,1.849606]",
1540,"[5.403932,0.4501953,1.851888]",
1541,"[5.415726,0.4545858,1.854527]",
1542,"[5.865806,0.1,1.814453]",
1543,"[5.585503,0.6320403,1.916852]",
1544,"[5.617736,0.6622184,1.921888]",
1545,"[5.624534,0.6736502,1.925746]",
1546,"[5.624534,0.6868581,1.931019]",
1547,"[5.624534,0.6923085,1.935061]",
1548,"[5.624534,0.6929631,1.934779]",
1549,"[5.624534,0.6969156,1.936553]",
1550,"[5.624534,0.700636,1.939945]",
1551,"[5.624534,0.7094984,1.950105]",
1552,"[5.624534,0.7151384,1.957675]",
1553,"[5.624534,0.7238066,1.972372]",
1554,"[5.63735,0.7195079,1.981407]",
1555,"[5.679914,0.6836603,1.981407]",
1556,"[5.708586,0.6622185,1.994345]",
1557,"[5.711318,0.6622185,2.004735]",
1558,"[5.717556,0.6622185,2.027244]",
1559,"[5.721831,0.6622184,2.042925]",
1560,"[5.576756,0.8046399,2.104704]",
1561,"[5.634891,0.6622186,2.302468]",
1562,"[5.631376,0.6622185,2.321223]",
1563,"[5.542796,0.622529,2.565431]",
1564,"[5.537938,0.622476,2.580598]",
1565,"[5.533072,0.4892839,2.719926]",
1566,"[5.531929,0.4551515,2.752672]",
1567,"[5.529855,0.391996,2.81206]",
1568,"[5.529838,0.3854617,2.812534]",
1569,"[5.529707,0.3759363,2.81628]",
1570,"[5.528874,0.341198,2.840138]",
1571,"[5.52821,0.3180313,2.859158]",
1572,"[5.526446,0.2612636,2.909674]",
1573,"[5.525472,0.2309267,2.937555]",
1574,"[5.524642,0.1970941,2.96135]",
1575,"[5.526523,0.2226388,2.907461]",
1576,"[5.53216,0.3317874,2.746053]",
1577,"[5.532819,0.34639,2.727175]",
1578,"[5.533484,0.3592177,2.70813]",
1579,"[5.533934,0.3658868,2.69524]",
1580,"[5.534233,0.3758,2.686692]",
1581,"[5.534461,0.384378,2.680147]",
1582,"[5.534513,0.3869467,2.678655]",
1583,"[5.534763,0.3985551,2.671494]",
1584,"[5.534804,0.4005125,2.670317]",
1585,"[5.534945,0.4105837,2.666282]",
1586,"[5.535085,0.4163579,2.662285]",
1587,"[5.53516,0.4198115,2.660134]",
1588,"[5.535293,0.429516,2.656318]",
1589,"[5.535335,0.4345082,2.655127]",
1590,"[5.535175,0.448326,2.659702]",
1591,"[5.535001,0.4513729,2.664675]",
1592,"[5.534651,0.4687645,2.674714]",
1593,"[5.534508,0.5265651,2.678796]",
1594,"[5.534336,0.5485092,2.683725]",
1595,"[5.534381,0.5740868,2.682442]",
1596,"[5.534205,0.5794476,2.687485]",
1597,"[5.534263,0.5892606,2.685825]",
1598,"[5.534284,0.5928209,2.68522]",
1599,"[5.534359,0.5990633,2.683075]",
1600,"[5.534404,0.6016241,2.681792]",
1601,"[5.534429,0.6031009,2.681061]",
1602,"[5.532216,0.607977,2.6794]",
1603,"[5.528533,0.6133293,2.677772]",
1604,"[5.522163,0.6219898,2.675584]",
1605,"[5.521766,0.622529,2.675359]",
1606,"[5.521786,0.622529,2.674666]",
1607,"[5.52192,0.622529,2.674227]",
1608,"[5.522241,0.622529,2.673652]",
1609,"[5.522432,0.622529,2.673614]",
1610,"[5.709392,0.4037663,2.708888]",
1611,"[5.695512,0.4230366,2.707225]",
1612,"[5.689031,0.4325841,2.706856]",
1613,"[5.692811,0.4320862,2.70925]",
1614,"[5.701646,0.424743,2.711502]",
1615,"[5.710441,0.4176374,2.714195]",
1616,"[5.950001,0.149658,2.758456]",
1617,"[5.950001,0.1525585,2.760467]",
1618,"[5.950001,0.1527944,2.762866]",
1619,"[5.950001,0.1522882,2.763873]",
1620,"[5.950001,0.150556,2.76429]",
1621,"[5.950001,0.1496682,2.764315]",
1622,"[5.950001,0.1418538,2.76437]",
1623,"[5.95,0.1285146,2.764222]",
1624,"[5.950001,0.1186402,2.764616]",
1625,"[5.944911,0.1,2.766952]",
1626,"[5.93534,0.1,2.767326]",
1627,"[5.906558,0.1,2.76544]",
1628,"[5.713203,0.1,2.721308]",
1629,"[5.470301,0.4162089,2.684355]",
1630,"[5.455581,0.4216812,2.683818]",
1631,"[5.431493,0.4306557,2.681388]",
1632,"[5.417734,0.4357749,2.68057]",
1633,"[5.406079,0.4392232,2.679947]",
1634,"[5.395859,0.4117436,2.68008]",
1635,"[5.390556,0.397447,2.679744]",
1636,"[5.380026,0.3689933,2.678414]",
1637,"[5.375272,0.3561089,2.677401]",
1638,"[5.357254,0.3074488,2.67539]",
1639,"[5.325546,0.2232085,2.686659]",
1640,"[5.193456,0.622529,2.662537]",
1641,"[5.182004,0.622529,2.662163]",
1642,"[5.178416,0.622529,2.661699]",
1643,"[5.174083,0.622529,2.661117]",
1644,"[5.173203,0.622529,2.661068]",
1645,"[5.171153,0.622529,2.660229]",
1646,"[5.17063,0.622529,2.660163]",
1647,"[5.170128,0.622529,2.659991]",
1648,"[5.170387,0.622529,2.659713]",
1649,"[5.170854,0.622529,2.659597]",
1650,"[5.173349,0.622529,2.660649]",
1651,"[5.175197,0.622529,2.661419]",
1652,"[5.186162,0.622529,2.664341]",
1653,"[5.194299,0.622529,2.666084]",
1654,"[5.201142,0.622529,2.667408]",
1655,"[5.260859,0.622529,2.681473]",
1656,"[5.274018,0.622529,2.682609]",
1657,"[5.293772,0.622529,2.684243]",
1658,"[5.297711,0.622529,2.683851]",
1659,"[5.325279,0.5811259,2.688226]",
1660,"[5.342575,0.5537542,2.691263]",
1661,"[5.37594,0.4954895,2.698126]",
1662,"[5.39187,0.4733884,2.701328]",
1663,"[5.407475,0.4476865,2.704567]",
1664,"[5.438311,0.4166006,2.708263]",
1665,"[5.453354,0.4099188,2.709052]",
1666,"[5.576019,0.7521635,2.695542]",
1667,"[5.576019,0.7560074,2.695552]",
1668,"[5.842648,0.6622185,2.723026]",
1669,"[5.878724,0.6622185,2.726368]",
1670,"[5.95,0.6341242,2.734955]",
1671,"[5.95,0.6533484,2.732936]",
1672,"[5.95,0.6585416,2.731601]",
1673,"[5.95,0.6593592,2.730009]",
1674,"[5.95,0.661531,2.728993]",
1675,"[5.95,0.6627399,2.727164]",
1676,"[5.95,0.6623091,2.725948]",
1677,"[5.95,0.661426,2.723931]",
1678,"[5.95,0.6612027,2.723092]",
1679,"[5.95,0.662155,2.721814]",
1680,"[5.95,0.6640621,2.717599]",
1681,"[5.95,0.6692446,2.714164]",
1682,"[5.95,0.6991731,2.693245]",
1683,"[5.95,0.7201779,2.681316]",
1684,"[5.95,0.7672748,2.657061]",
1685,"[5.95,0.7907927,2.645986]",
1686,"[5.95,0.8049025,2.638361]",
1687,"[5.95,0.8415792,2.624629]",
1688,"[5.95,0.846767,2.621242]",
1689,"[5.95,0.8580644,2.615462]",
1690,"[5.95,0.8641673,2.6125]",
1691,"[5.95,0.8910564,2.604585]",
1692,"[5.95,0.9128441,2.600068]",
1693,"[5.676305,1.264227,2.610982]",
1694,"[5.749403,1.3904,2.615348]",
1695,"[5.7676,1.412717,2.613926]",
1696,"[5.808828,1.451179,2.60914]",
1697,"[5.832884,1.470342,2.605924]",
1698,"[5.852067,1.484055,2.603158]",
1699,"[5.864473,1.492425,2.601604]",
1700,"[5.85372,1.486605,2.603096]",
1701,"[5.853094,1.486822,2.603272]",
1702,"[5.840015,1.482875,2.605856]",
1703,"[5.796352,1.462314,2.61353]",
1704,"[5.790781,1.461158,2.614698]",
1705,"[5.783859,1.456949,2.615792]",
1706,"[5.776889,1.457632,2.61753]",
1707,"[5.785023,1.469306,2.617113]",
1708,"[5.782325,1.4852,2.619805]",
1709,"[5.542801,1.607588,2.630995]",
1710,"[5.537084,1.623984,2.63096]",
1711,"[5.532594,1.636861,2.631537]",
1712,"[5.525782,1.657181,2.630558]",
1713,"[5.525789,1.657434,2.631675]",
1714,"[5.525057,1.660823,2.631058]",
1715,"[5.525102,1.660751,2.631601]",
1716,"[5.525629,1.658855,2.634144]",
1717,"[5.525654,1.659028,2.635284]",
1718,"[5.525947,1.658058,2.637021]",
1719,"[5.526054,1.658164,2.639418]",
1720,"[5.525262,1.661805,2.638656]",
1721,"[5.524266,1.668641,2.636166]",
1722,"[5.524024,1.671754,2.634264]",
1723,"[5.523637,1.678051,2.631208]",
1724,"[5.523624,1.68184,2.630008]",
1725,"[5.523707,1.681934,2.630335]",
1726,"[5.523569,1.680735,2.630669]",
1727,"[5.523621,1.679839,2.63108]",
1728,"[5.523732,1.675109,2.631951]",
1729,"[5.523832,1.673045,2.632747]",
1730,"[5.524065,1.666281,2.63354]",
1731,"[5.524895,1.662436,2.634227]",
1732,"[5.526874,1.653269,2.634932]",
1733,"[5.528494,1.648619,2.635233]",
1734,"[5.529609,1.645422,2.635509]",
1735,"[5.531306,1.640556,2.633869]",
1736,"[5.531816,1.639094,2.632645]",
1737,"[5.533221,1.635063,2.630994]",
1738,"[5.527078,1.632735,2.628846]",
1739,"[5.51164,1.62924,2.625087]",
1740,"[5.30668,1.617187,2.58852]",
1741,"[5.270372,1.614799,2.581978]",
1742,"[5.22176,1.611565,2.573385]",
1743,"[5.218061,1.610681,2.572798]",
1744,"[5.223882,1.610218,2.573895]",
1745,"[5.17603,1.583358,2.573744]",
1746,"[5.173768,1.581003,2.574305]",
1747,"[5.170646,1.578839,2.574802]",
1748,"[5.167424,1.577174,2.575199]",
1749,"[5.167011,1.576512,2.575584]",
1750,"[5.16747,1.575402,2.576553]",
1751,"[5.17028,1.575085,2.577293]",
1752,"[5.174288,1.574681,2.578274]",
1753,"[5.182387,1.573593,2.579818]",
1754,"[5.187326,1.572779,2.580997]",
1755,"[5.190181,1.57174,2.58111]",
1756,"[5.18728,1.571715,2.580352]",
1757,"[5.183849,1.571769,2.579572]",
1758,"[5.175656,1.571998,2.577921]",
1759,"[5.172099,1.571867,2.577855]",
1760,"[5.15617,1.571403,2.576574]",
1761,"[5.149118,1.571135,2.576243]",
1762,"[5.159363,1.569023,2.58107]",
1763,"[5.95,1.522747,2.743427]",
1764,"[5.95,1.518595,2.747015]",
1765,"[5.95,1.516617,2.748139]",
1766,"[5.95,1.514921,2.749239]",
1767,"[5.95,1.514074,2.747942]",
1768,"[5.95,1.515269,2.745793]",
1769,"[5.95,1.518602,2.740232]",
1770,"[5.95,1.520285,2.737068]",
1771,"[5.95,1.522799,2.732424]",
1772,"[5.95,1.524089,2.730558]",
1773,"[5.95,1.525235,2.729164]",
1774,"[5.95,1.527669,2.727069]",
1775,"[5.95,1.528139,2.725965]",
1776,"[5.95,1.529078,2.72383]",
1777,"[5.95,1.529471,2.722627]",
1778,"[5.95,1.529104,2.719802]",
1779,"[5.95,1.529047,2.718212]",
1780,"[5.95,1.528952,2.716444]",
1781,"[5.95,1.52915,2.712747]",
1782,"[5.95,1.52926,2.710792]",
1783,"[5.95,1.529504,2.7085]",
1784,"[5.95,1.529701,2.707331]",
1785,"[5.95,1.529848,2.705605]",
1786,"[5.95,1.529099,2.705052]",
1787,"[5.95,1.527188,2.703705]",
1788,"[5.95,1.527188,2.703705]",
1789,"[5.95,1.527188,2.703705]",
1790,"[5.95,1.527188,2.703705]",
1791,"[5.95,1.527188,2.703705]",
1792,"[5.95,1.527188,2.703705]",
1793,"[5.95,1.527188,2.703705]",
1794,"[5.95,1.527188,2.703705]",
1795,"[5.95,1.527188,2.703705]",
1796,"[5.95,1.527188,2.703705]",
1797,"[5.95,1.527188,2.703705]",
1798,"[5.95,1.527188,2.703705]",
1799,"[5.95,1.527188,2.703705]",
1800,"[5.223539,1.562541,2.5974]",
1801,"[5.529563,1.444509,2.676411]",
1802,"[5.524703,1.433295,2.682744]",
1803,"[5.52421,1.43176,2.68434]",
1804,"[5.524672,1.432669,2.68411]",
1805,"[5.525513,1.434778,2.682612]",
1806,"[5.526833,1.437622,2.681374]",
1807,"[5.527891,1.439861,2.680481]",
1808,"[5.528231,1.44073,2.679837]",
1809,"[5.52853,1.441421,2.679443]",
1810,"[5.529117,1.442542,2.679237]",
1811,"[5.530613,1.445681,2.67804]",
1812,"[5.53284,1.449871,2.677413]",
1813,"[5.533844,1.451601,2.677511]",
1814,"[5.535281,1.453963,2.67792]",
1815,"[5.536004,1.455077,2.678307]",
1816,"[5.53691,1.456178,2.6795]",
1817,"[5.537188,1.456658,2.679523]",
1818,"[5.537533,1.457594,2.67874]",
1819,"[5.538342,1.459308,2.678051]",
1820,"[5.538743,1.460053,2.677962]",
1821,"[5.538884,1.460351,2.677846]",
1822,"[5.53874,1.460339,2.677263]",
1823,"[5.537193,1.455727,2.675035]",
1824,"[5.537713,1.453744,2.674241]",
1825,"[5.549474,1.425069,2.667124]",
1826,"[5.558208,1.402397,2.662129]",
1827,"[5.560198,1.396302,2.660871]",
1828,"[5.563673,1.389248,2.659138]",
1829,"[5.565485,1.386748,2.658386]",
1830,"[5.525304,1.393631,2.652676]",
1831,"[5.365392,1.431124,2.634019]",
1832,"[5.194309,1.471909,2.614451]",
1833,"[5.120164,1.489215,2.605944]",
1834,"[5.112247,1.490861,2.604924]",
1835,"[5.10922,1.49088,2.604312]",
1836,"[5.110308,1.49007,2.604525]",
1837,"[5.108895,1.489218,2.604664]",
1838,"[5.107087,1.489122,2.604828]",
1839,"[5.101123,1.489143,2.605126]",
1840,"[5.100913,1.488208,2.605738]",
1841,"[5.101273,1.487022,2.606474]",
1842,"[5.10073,1.484949,2.608073]",
1843,"[5.098138,1.484751,2.608709]",
1844,"[5.082102,1.486968,2.60887]",
1845,"[5.073808,1.487999,2.609121]",
1846,"[5.065444,1.48825,2.610618]",
1847,"[5.070979,1.485711,2.61265]",
1848,"[5.077773,1.482895,2.614951]",
1849,"[5.106637,1.473102,2.621233]",
1850,"[5.867902,1.264227,2.70722]",
1851,"[5.821825,1.264227,2.720527]",
1852,"[5.795544,1.264227,2.727367]",
1853,"[5.763943,1.264227,2.734735]",
1854,"[5.750504,1.264227,2.737788]",
1855,"[5.748194,1.264227,2.739085]",
1856,"[5.745234,1.264227,2.740975]",
1857,"[5.746269,1.264227,2.741065]",
1858,"[5.75332,1.264227,2.740552]",
1859,"[5.761103,1.264227,2.739775]",
1860,"[5.782463,1.264227,2.735974]",
1861,"[5.799362,1.264227,2.733036]",
1862,"[5.829309,1.264227,2.727301]",
1863,"[5.95,1.274244,2.670923]",
1864,"[5.95,1.287326,2.649711]",
1865,"[5.95,1.301734,2.626842]",
1866,"[5.95,1.304342,2.620775]",
1867,"[5.95,1.308667,2.610831]",
1868,"[5.95,1.309079,2.609423]",
1869,"[5.95,1.310295,2.607073]",
1870,"[5.95,1.311322,2.606144]",
1871,"[5.95,1.312899,2.605207]",
1872,"[5.95,1.3156,2.606028]",
1873,"[5.95,1.316323,2.607725]",
1874,"[5.95,1.319061,2.61085]",
1875,"[5.95,1.32111,2.613635]",
1876,"[5.95,1.469663,2.714351]",
1877,"[5.578224,1.505993,2.681893]",
1878,"[5.574812,1.515779,2.685334]",
1879,"[5.569434,1.531204,2.688888]",
1880,"[5.566746,1.538913,2.690286]",
1881,"[5.562283,1.551713,2.691873]",
1882,"[5.560012,1.558225,2.692352]",
1883,"[5.554387,1.57436,2.692835]",
1884,"[5.550782,1.584699,2.69282]",
1885,"[5.547183,1.595021,2.692237]",
1886,"[5.95,1.803056,2.748975]",
1887,"[5.95,1.833943,2.749233]",
1888,"[5.788587,1.830736,2.726287]",
1889,"[5.739243,1.830736,2.718692]",
1890,"[5.707408,1.830736,2.710997]",
1891,"[5.682677,1.830736,2.705733]",
1892,"[5.65787,1.830736,2.698474]",
1893,"[5.633809,1.830736,2.692719]",
1894,"[5.608912,1.830736,2.687174]",
1895,"[5.608872,1.972962,2.690414]",
1896,"[5.608872,1.990303,2.689815]",
1897,"[5.608872,2.013088,2.688257]",
1898,"[5.608872,2.016253,2.687757]",
1899,"[5.608872,2.018892,2.687427]",
1900,"[5.608872,2.021094,2.687316]",
1901,"[5.608872,2.013308,2.688792]",
1902,"[5.608872,2.009772,2.689591]",
1903,"[5.608872,2.006099,2.690185]",
1904,"[5.608872,2.000952,2.69102]",
1905,"[5.608872,1.995592,2.691311]",
1906,"[5.608872,1.985448,2.69123]",
1907,"[5.608872,1.9809,2.69104]",
1908,"[5.608872,1.974571,2.690285]",
1909,"[5.608872,1.971405,2.689175]",
1910,"[5.608872,1.970124,2.688159]",
1911,"[5.608872,1.971863,2.683328]",
1912,"[5.608872,1.973444,2.680717]",
1913,"[5.608872,1.97796,2.674922]",
1914,"[5.608872,1.979297,2.671765]",
1915,"[5.608872,1.980629,2.59983]",
1916,"[5.608872,1.982095,2.573987]",
1917,"[5.873661,2.096194,2.562456]",
1918,"[5.582382,1.97025,2.34944]",
1919,"[5.581689,1.969944,2.33357]",
1920,"[5.580726,1.972383,2.311516]",
1921,"[5.580252,1.974759,2.300645]",
1922,"[5.580082,1.976628,2.296767]",
1923,"[5.580153,1.976371,2.298391]",
1924,"[5.580245,1.976657,2.300482]",
1925,"[5.580471,1.977677,2.305662]",
1926,"[5.5822,1.981694,2.345268]",
1927,"[5.608872,2.057663,2.584901]",
1928,"[5.608872,2.060037,2.59062]",
1929,"[5.608872,2.06357,2.596127]",
1930,"[5.608872,2.064993,2.597429]",
1931,"[5.608872,2.064798,2.59815]",
1932,"[5.608872,2.06551,2.596794]",
1933,"[5.608872,2.066119,2.595118]",
1934,"[5.559247,2.029753,2.534193]",
1935,"[5.589351,2.03958,2.509061]",
1936,"[5.577407,1.971532,2.235497]",
1937,"[5.577108,1.971959,2.22866]",
1938,"[5.576452,1.972996,2.213619]",
1939,"[5.576297,1.973418,2.210082]",
1940,"[5.576113,1.973918,2.205862]",
1941,"[5.575796,1.974921,2.198605]",
1942,"[5.575689,1.975252,2.196159]",
1943,"[5.575526,1.975429,2.19242]",
1944,"[5.575547,1.974951,2.192897]",
1945,"[5.575399,1.974453,2.189499]",
1946,"[5.575422,1.97387,2.190038]",
1947,"[5.575486,1.972675,2.1915]",
1948,"[5.575514,1.97213,2.192145]",
1949,"[5.575623,1.971136,2.194639]",
1950,"[5.575702,1.96983,2.196453]",
1951,"[5.575875,1.968381,2.200397]",
1952,"[5.576241,1.965366,2.208791]",
1953,"[5.576406,1.964054,2.212553]",
1954,"[5.576677,1.9622,2.218783]",
1955,"[5.576785,1.96152,2.221249]",
1956,"[5.578783,1.958852,2.26701]",
1957,"[5.579792,1.959163,2.290105]",
1958,"[5.58062,1.959906,2.309093]",
1959,"[5.581333,1.961932,2.325422]",
1960,"[5.581532,1.963114,2.329974]",
1961,"[5.581934,1.963996,2.339189]",
1962,"[5.582048,1.96463,2.341803]",
1963,"[5.582215,1.965475,2.345626]",
1964,"[5.582438,1.966088,2.350711]",
1965,"[5.582519,1.96618,2.35257]",
1966,"[5.582694,1.966798,2.356573]",
1967,"[5.582797,1.967363,2.358934]",
1968,"[5.584883,1.940992,2.406729]",
1969,"[5.585257,1.937051,2.415295]",
1970,"[5.58584,1.930078,2.428631]",
1971,"[5.586047,1.927625,2.433388]",
1972,"[5.586225,1.92603,2.437451]",
1973,"[5.622588,1.932797,2.449294]",
1974,"[5.620682,1.930624,2.452602]",
1975,"[5.410579,1.859923,2.439302]",
1976,"[5.41045,1.856567,2.44301]",
1977,"[5.412187,1.850324,2.448974]",
1978,"[5.413726,1.847211,2.451737]",
1979,"[5.414715,1.844841,2.45444]",
1980,"[5.95,1.990239,2.539548]",
1981,"[5.876594,1.966036,2.531541]",
1982,"[5.812084,1.941171,2.529289]",
1983,"[5.774923,1.927498,2.527991]",
1984,"[5.714315,1.906046,2.525874]",
1985,"[5.689233,1.897304,2.524998]",
1986,"[5.686419,1.896152,2.5249]",
1987,"[5.678838,1.893715,2.524636]",
1988,"[5.677694,1.893259,2.524595]",
1989,"[5.566813,1.863651,2.504627]",
1990,"[5.566269,1.863273,2.503344]",
1991,"[5.703722,1.900647,2.525505]",
1992,"[5.727327,1.908998,2.526329]",
1993,"[5.840627,1.950341,2.530285]",
1994,"[5.95,1.988507,2.534299]",
1995,"[5.95,2.000433,2.515408]",
1996,"[5.95,2.006011,2.503457]",
1997,"[5.95,2.010273,2.49528]",
1998,"[5.95,2.02437,2.413144]",
1999,"[5.95,2.026068,2.378026]",
2000,"[5.771719,1.972758,2.339683]",
2001,"[5.771719,1.971804,2.331026]",
2002,"[5.771719,1.969599,2.318317]",
2003,"[5.771719,1.968786,2.312878]",
2004,"[5.771719,1.968796,2.307785]",
2005,"[5.771719,1.969046,2.301891]",
2006,"[5.771719,1.968741,2.299459]",
2007,"[5.771719,1.968805,2.295895]",
2008,"[5.771719,1.968874,2.294254]",
2009,"[5.771719,1.968825,2.292289]",
2010,"[5.771719,1.96851,2.290646]",
2011,"[5.771719,1.967519,2.288237]",
2012,"[5.771719,1.966609,2.286575]",
2013,"[5.771719,1.963919,2.285365]",
2014,"[5.771719,1.955869,2.279295]",
2015,"[5.771719,1.950656,2.274345]",
2016,"[5.771719,1.93618,2.252881]",
2017,"[5.771719,1.929132,2.242594]",
2018,"[5.574084,1.85791,2.233724]",
2019,"[5.574374,1.849946,2.225439]",
2020,"[5.683875,1.830737,2.211913]",
2021,"[5.95,1.830798,2.209052]",
2022,"[5.95,1.817026,2.21788]",
2023,"[5.95,1.798348,2.189878]",
2024,"[5.95,1.793971,2.180207]",
2025,"[5.95,1.820437,2.177586]",
2026,"[5.824308,1.830737,2.18313]",
2027,"[5.706066,1.830737,2.190517]",
2028,"[5.679796,1.830737,2.192725]",
2029,"[5.66296,1.830737,2.194091]",
2030,"[5.639923,1.830737,2.196096]",
2031,"[5.627891,1.830737,2.198146]",
2032,"[5.608945,1.830737,2.201577]",
2033,"[5.609166,1.830737,2.201523]",
2034,"[5.612111,1.830737,2.20098]",
2035,"[5.613579,1.830737,2.200673]",
2036,"[5.613603,1.830737,2.20064]",
2037,"[5.591058,1.830737,2.204199]",
2038,"[5.574997,1.836487,2.207585]",
2039,"[5.574913,1.856299,2.21]",
2040,"[5.95,1.951683,2.171392]",
2041,"[5.95,1.966129,2.171451]",
2042,"[5.95,1.971563,2.17166]",
2043,"[5.95,1.975566,2.172281]",
2044,"[5.95,1.98055,2.173313]",
2045,"[5.95,1.981602,2.173706]",
2046,"[5.95,1.982638,2.173904]",
2047,"[5.95,1.982596,2.17385]",
2048,"[5.95,1.979949,2.1733]",
2049,"[5.95,1.978307,2.172182]",
2050,"[5.95,1.972794,2.168433]",
2051,"[5.95,1.97025,2.165784]",
2052,"[5.95,1.96791,2.162531]",
2053,"[5.682013,1.93832,2.031089]",
2054,"[5.679305,1.939199,2.017124]",
2055,"[5.667151,1.954551,1.954441]",
2056,"[5.664082,1.957715,1.938615]",
2057,"[5.660076,1.960517,1.917953]",
2058,"[5.659311,1.961287,1.914007]",
2059,"[5.658381,1.961131,1.909212]",
2060,"[5.657161,1.96297,1.902919]",
2061,"[5.656074,1.964162,1.897315]",
2062,"[5.653303,1.965917,1.883023]",
2063,"[5.647553,1.974039,1.853372]",
2064,"[5.637685,1.985465,1.802476]",
2065,"[5.633797,1.991078,1.782424]",
2066,"[5.631182,1.995473,1.768939]",
2067,"[5.627297,2.004377,1.748904]",
2068,"[5.626678,2.006905,1.745708]",
2069,"[5.62601,2.009524,1.742268]",
2070,"[5.625868,2.010249,1.741532]",
2071,"[5.625707,2.011381,1.740702]",
2072,"[5.625707,2.011647,1.740701]",
2073,"[5.626017,2.011381,1.742301]",
2074,"[5.626606,2.010853,1.745341]",
2075,"[5.627141,2.010653,1.748101]",
2076,"[5.633348,2.014915,1.78011]",
2077,"[5.636333,2.018066,1.795506]",
2078,"[5.646915,2.051473,1.850079]",
2079,"[5.648335,2.055952,1.857399]",
2080,"[5.651166,2.062657,1.872004]",
2081,"[5.652222,2.062758,1.877448]",
2082,"[5.653788,2.063068,1.885524]",
2083,"[5.654342,2.06301,1.888383]",
2084,"[5.654727,2.06291,1.890371]",
2085,"[5.655169,2.061744,1.892647]",
2086,"[5.655297,2.061193,1.893309]",
2087,"[5.655513,2.05985,1.89442]",
2088,"[5.655574,2.059266,1.894734]",
2089,"[5.655627,2.058353,1.895011]",
2090,"[5.655643,2.057653,1.895092]",
2091,"[5.65566,2.055106,1.895177]",
2092,"[5.655662,2.053451,1.89519]",
2093,"[5.655765,2.052882,1.89572]",
2094,"[5.655865,2.05285,1.896237]",
2095,"[5.655829,2.053344,1.896053]",
2096,"[5.6556,2.054828,1.894867]",
2097,"[5.65487,2.055038,1.891105]",
2098,"[5.570252,2.018166,1.925099]",
2099,"[5.501273,1.987144,1.952788]",
2100,"[5.493182,1.983771,1.953538]",
2101,"[5.489026,1.982934,1.948409]",
2102,"[5.488482,1.983061,1.946212]",
2103,"[5.493885,1.973877,1.937546]",
2104,"[5.494898,1.971645,1.934249]",
2105,"[5.50796,1.955931,1.930798]",
2106,"[5.514922,1.950388,1.930118]",
2107,"[5.522837,1.944985,1.928702]",
2108,"[5.528674,1.943622,1.927688]",
2109,"[5.95,2.09855,1.774219]",
2110,"[5.95,2.091394,1.776566]",
2111,"[5.95,2.088991,1.777283]",
2112,"[5.95,2.082687,1.777841]",
2113,"[5.95,2.080188,1.77729]",
2114,"[5.95,2.076646,1.775667]",
2115,"[5.95,2.0751,1.774443]",
2116,"[5.95,2.073926,1.77285]",
2117,"[5.95,2.069701,1.768496]",
2118,"[5.95,2.067307,1.766457]",
2119,"[5.95,2.063863,1.763873]",
2120,"[5.95,2.062366,1.763027]",
2121,"[5.95,2.05656,1.759548]",
2122,"[5.95,2.052386,1.756779]",
2123,"[5.95,2.044363,1.752381]",
2124,"[5.95,2.040488,1.749256]",
2125,"[5.95,2.035105,1.748284]",
2126,"[5.95,2.026066,1.74723]",
2127,"[5.95,2.021191,1.746982]",
2128,"[5.95,2.010713,1.745676]",
2129,"[5.95,2.003978,1.744693]",
2130,"[5.95,1.987944,1.725522]",
2131,"[5.95,1.978863,1.718567]",
2132,"[5.95,1.955609,1.709158]",
2133,"[5.587905,1.858166,1.837946]",
2134,"[5.587937,1.848079,1.837024]",
2135,"[5.59797,1.830736,1.835275]",
2136,"[5.685374,1.830736,1.807251]",
2137,"[5.95,1.829619,1.725586]",
2138,"[5.626101,1.604791,1.852844]",
2139,"[5.624574,1.528049,1.851559]",
2140,"[5.62361,1.495751,1.850748]",
2141,"[5.623414,1.474319,1.850582]",
2142,"[5.623126,1.435027,1.85034]",
2143,"[5.622759,1.431196,1.850031]",
2144,"[5.620585,1.425251,1.848202]",
2145,"[5.618922,1.422581,1.846801]",
2146,"[5.615041,1.417789,1.843535]",
2147,"[5.61341,1.414675,1.842161]",
2148,"[5.611293,1.417565,1.84038]",
2149,"[5.615511,1.41384,1.835193]",
2150,"[5.618491,1.415565,1.831652]",
2151,"[5.623353,1.4214,1.825877]",
2152,"[5.625009,1.423698,1.823909]",
2153,"[5.62861,1.43734,1.819632]",
2154,"[5.629387,1.43962,1.818709]",
2155,"[5.631088,1.450785,1.816688]",
2156,"[5.633009,1.463682,1.814406]",
2157,"[5.633668,1.467044,1.813623]",
2158,"[5.635668,1.474308,1.811248]",
2159,"[5.63655,1.476678,1.8102]",
2160,"[5.638946,1.486971,1.807353]",
2161,"[5.639519,1.488632,1.806673]",
2162,"[5.640077,1.48967,1.80601]",
2163,"[5.640908,1.492995,1.805022]",
2164,"[5.643035,1.500124,1.802495]",
2165,"[5.644576,1.502619,1.800665]",
2166,"[5.645878,1.503654,1.799119]",
2167,"[5.647659,1.508067,1.797002]",
2168,"[5.648562,1.509637,1.795929]",
2169,"[5.650066,1.511041,1.794142]",
2170,"[5.650795,1.511266,1.793277]",
2171,"[5.652587,1.510362,1.791148]",
2172,"[5.653496,1.509433,1.790068]",
2173,"[5.65469,1.465724,1.78865]",
2174,"[5.653156,1.434794,1.790472]",
2175,"[5.651795,1.423741,1.792089]",
2176,"[5.646292,1.413136,1.798626]",
2177,"[5.643369,1.411285,1.802099]",
2178,"[5.64021,1.408792,1.805852]",
2179,"[5.636671,1.406993,1.810056]",
2180,"[5.636835,1.406486,1.809862]",
2181,"[5.633548,1.405661,1.813765]",
2182,"[5.633992,1.405409,1.813238]",
2183,"[5.636422,1.405195,1.810352]",
2184,"[5.638582,1.404964,1.807785]",
2185,"[5.642989,1.404243,1.80255]",
2186,"[5.594965,1.414431,1.824945]",
2187,"[5.54962,1.423372,1.846125]",
2188,"[5.457431,1.441749,1.891468]",
2189,"[5.45328,1.441692,1.892702]",
2190,"[5.453113,1.441415,1.89254]",
2191,"[5.453393,1.440872,1.892216]",
2192,"[5.455994,1.439434,1.892824]",
2193,"[5.457091,1.439118,1.892187]",
2194,"[5.455462,1.44088,1.892683]",
2195,"[5.453693,1.44239,1.893322]",
2196,"[5.450119,1.443593,1.895006]",
2197,"[5.442185,1.445538,1.899096]",
2198,"[5.437293,1.4465,1.90175]",
2199,"[5.840015,1.366341,1.669763]",
2200,"[5.838701,1.366004,1.669718]",
2201,"[5.837183,1.365066,1.669664]",
2202,"[5.837398,1.364268,1.669672]",
2203,"[5.841245,1.359587,1.669806]",
2204,"[5.844411,1.355276,1.669917]",
2205,"[5.864652,1.294713,1.670624]",
2206,"[5.832947,1.264227,1.699104]",
2207,"[5.789206,1.264227,1.727611]",
2208,"[5.74461,1.264227,1.756167]",
2209,"[5.72335,1.264227,1.769612]",
2210,"[5.716039,1.264227,1.773912]",
2211,"[5.716018,1.264227,1.773881]",
2212,"[5.715947,1.264227,1.773822]",
2213,"[5.716735,1.264227,1.772589]",
2214,"[5.716969,1.264227,1.771392]",
2215,"[5.719171,1.264227,1.768515]",
2216,"[5.722745,1.264227,1.766007]",
2217,"[5.725999,1.264227,1.76141]",
2218,"[5.727041,1.264227,1.760906]",
2219,"[5.727179,1.264227,1.760988]",
2220,"[5.725826,1.264227,1.764548]",
2221,"[5.724332,1.264227,1.766832]",
2222,"[5.719166,1.264227,1.774687]",
2223,"[5.598792,1.264227,1.849564]",
2224,"[5.587061,1.24547,1.862101]",
2225,"[5.624534,1.15045,1.854119]",
2226,"[5.624534,1.120789,1.856682]",
2227,"[5.624534,1.113012,1.856751]",
2228,"[5.624534,1.107776,1.856264]",
2229,"[5.624534,1.10109,1.851013]",
2230,"[5.624534,1.099298,1.850595]",
2231,"[5.624534,1.097083,1.846089]",
2232,"[5.624534,1.096405,1.84601]",
2233,"[5.456772,1.193962,1.914509]",
2234,"[5.462735,1.190028,1.907793]",
2235,"[5.469543,1.185737,1.90524]",
2236,"[5.479837,1.179226,1.901316]",
2237,"[5.488626,1.173841,1.897939]",
2238,"[5.624534,1.092879,1.848553]",
2239,"[5.624534,1.092498,1.849295]",
2240,"[5.624534,1.092247,1.85226]",
2241,"[5.624534,1.09264,1.854143]",
2242,"[5.624534,1.107192,1.871426]",
2243,"[5.536237,1.277631,1.945869]",
2244,"[5.544141,1.286891,1.949571]",
2245,"[5.578642,1.317395,1.951608]",
2246,"[5.578642,1.32455,1.954088]",
2247,"[5.578642,1.332376,1.957864]",
2248,"[5.578642,1.333477,1.958392]",
2249,"[5.578642,1.335122,1.959486]",
2250,"[5.578642,1.335604,1.960009]",
2251,"[5.578642,1.335865,1.960446]",
2252,"[5.578642,1.335921,1.958712]",
2253,"[5.578642,1.335862,1.956982]",
2254,"[5.578642,1.335768,1.957131]",
2255,"[5.578642,1.336015,1.955898]",
2256,"[5.578642,1.336652,1.952569]",
2257,"[5.578642,1.33698,1.952597]",
2258,"[5.578642,1.337396,1.953012]",
2259,"[5.578642,1.337353,1.95313]",
2260,"[5.578642,1.33723,1.953297]",
2261,"[5.578642,1.336252,1.950265]",
2262,"[5.578642,1.33562,1.948934]",
2263,"[5.578642,1.334152,1.946312]",
2264,"[5.578642,1.333307,1.945029]",
2265,"[5.578642,1.32288,1.939626]",
2266,"[5.624534,1.06635,1.829512]",
2267,"[5.624534,1.06385,1.827484]",
2268,"[5.624534,1.051915,1.824396]",
2269,"[5.624534,1.047927,1.823343]",
2270,"[5.624534,1.041097,1.820346]",
2271,"[5.624534,1.039829,1.818918]",
2272,"[5.624534,1.037361,1.817434]",
2273,"[5.624534,1.033387,1.817191]",
2274,"[5.624534,1.030219,1.817191]",
2275,"[5.624534,1.023049,1.817582]",
2276,"[5.624534,1.021268,1.817973]",
2277,"[5.624534,1.018558,1.818552]",
2278,"[5.624534,1.017557,1.818711]",
2279,"[5.624534,1.014692,1.819167]",
2280,"[5.624534,1.013685,1.818161]",
2281,"[5.624534,1.013289,1.816375]",
2282,"[5.624534,1.013112,1.815394]",
2283,"[5.624534,1.012821,1.814544]",
2284,"[5.624534,1.012277,1.812483]",
2285,"[5.624534,1.012073,1.811423]",
2286,"[5.615934,1.018517,1.811673]",
2287,"[5.54897,1.06601,1.829641]",
2288,"[5.522287,1.085328,1.836484]",
2289,"[5.508532,1.095084,1.839011]",
2290,"[5.508459,1.094992,1.838372]",
2291,"[5.501881,1.057785,1.835401]",
2292,"[5.498722,1.038683,1.833802]",
2293,"[5.498188,1.032052,1.832741]",
2294,"[5.497189,1.023979,1.831346]",
2295,"[5.496661,1.021078,1.830904]",
2296,"[5.494694,1.017822,1.83048]",
2297,"[5.493189,1.017174,1.830373]",
2298,"[5.490182,1.017408,1.830443]",
2299,"[5.489115,1.01763,1.830414]",
2300,"[5.487261,1.018663,1.830467]",
2301,"[5.486664,1.019174,1.830492]",
2302,"[5.48677,1.019389,1.830427]",
2303,"[5.896854,0.6622182,1.706602]",
2304,"[5.903874,0.6622183,1.709617]",
2305,"[5.911248,0.6622183,1.713422]",
2306,"[5.95,0.6517157,1.727051]",
2307,"[5.95,0.7317669,1.831832]",
2308,"[5.950001,0.8192651,2.059133]",
2309,"[5.950001,0.8725626,2.193544]",
2310,"[5.950001,0.8959994,2.249033]",
2311,"[5.796275,1.022756,2.325613]",
2312,"[5.904853,0.9805017,2.444669]",
2313,"[5.789667,1.08587,2.528506]",
2314,"[5.656555,1.176718,2.523857]",
2315,"[5.560002,1.301433,2.524639]",
2316,"[5.530766,1.496312,2.988122]",
2317,"[5.95,1.473081,3.663525]",
2318,"[4.837254,1.960202,3.983533]",
2319,"[4.816232,1.966999,3.983547]",
2320,"[4.643401,2.017093,3.983652]",
2321,"[4.529424,1.999614,3.983615]",
2322,"[4.444128,1.995955,3.983608]",
2323,"[4.311279,1.93086,3.983471]",
2324,"[4.244288,1.915955,3.98344]",
2325,"[4.249479,1.884283,3.983374]",
2326,"[4.325981,1.845084,3.983292]",
2327,"[4.433968,1.795426,3.983188]",
2328,"[4.45856,1.783071,3.983162]",
2329,"[4.472529,1.770207,3.983135]",
2330,"[4.548545,1.747964,3.983088]",
2331,"[4.673427,1.722907,3.983036]",
2332,"[4.782094,1.701848,3.982992]",
2333,"[4.811014,1.696377,3.98298]",
2334,"[4.833882,1.691491,3.98297]",
2335,"[4.838903,1.690496,3.982968]",
2336,"[4.833009,1.689277,3.982965]",
2337,"[4.825038,1.688624,3.982964]",
2338,"[4.817577,1.687315,3.982961]",
2339,"[4.808882,1.686092,3.982959]",
2340,"[4.807323,1.685972,3.982959]",
2341,"[4.806473,1.685822,3.982958]",
2342,"[4.807239,1.685543,3.982958]",
2343,"[4.811342,1.685327,3.982957]",
2344,"[4.81532,1.68507,3.982957]",
2345,"[4.818426,1.684901,3.982956]",
2346,"[4.8238,1.684543,3.982956]",
2347,"[4.826309,1.684208,3.982955]",
2348,"[4.817881,1.68693,3.982961]",
2349,"[4.814275,1.688025,3.982963]",
2350,"[4.807441,1.69052,3.982968]",
2351,"[4.804767,1.69161,3.98297]",
2352,"[4.800412,1.694063,3.982975]",
2353,"[4.798736,1.695278,3.982978]",
2354,"[4.797564,1.696187,3.98298]",
2355,"[4.795913,1.698153,3.982984]",
2356,"[4.795365,1.698775,3.982985]",
2357,"[4.794588,1.699474,3.982987]",
2358,"[4.804961,1.707649,3.983004]",
2359,"[4.818515,1.717507,3.983025]",
2360,"[4.822507,1.720314,3.983031]",
2361,"[4.82528,1.721501,3.983033]",
2362,"[4.830772,1.724697,3.98304]",
2363,"[4.832983,1.726071,3.983042]",
2364,"[4.838439,1.729458,3.98305]",
2365,"[4.841175,1.731379,3.983054]",
2366,"[4.8523,1.737774,3.983067]",
2367,"[4.858873,1.741558,3.983075]",
2368,"[4.898739,1.764875,3.983124]",
2369,"[4.932177,1.783113,3.983162]",
2370,"[4.94173,1.788112,3.983172]",
2371,"[4.955388,1.79691,3.983191]",
2372,"[4.960732,1.801024,3.9832]",
2373,"[4.966544,1.805356,3.983209]",
2374,"[4.969049,1.806878,3.983212]",
2375,"[4.970243,1.807415,3.983213]",
2376,"[4.948539,1.804615,3.983207]",
2377,"[4.935314,1.802819,3.983203]",
2378,"[4.881988,1.780617,3.983157]",
2379,"[4.868945,1.775249,3.983145]",
2380,"[4.851906,1.767917,3.98313]",
2381,"[4.846299,1.765144,3.983124]",
2382,"[4.838461,1.760545,3.983115]",
2383,"[4.835567,1.758517,3.98311]",
2384,"[4.833458,1.756819,3.983107]",
2385,"[4.83213,1.748781,3.98309]",
2386,"[4.895515,1.714581,3.983018]",
2387,"[4.94001,1.690972,3.982969]",
2388,"[4.95158,1.685591,3.982958]",
2389,"[4.964872,1.680176,3.982946]",
2390,"[4.970064,1.678133,3.982942]",
2391,"[4.97461,1.676063,3.982938]",
2392,"[4.983132,1.671561,3.982928]",
2393,"[4.986846,1.669782,3.982925]",
2394,"[4.994252,1.666733,3.982918]",
2395,"[4.998148,1.665357,3.982915]",
2396,"[5.140904,1.666042,3.982917]",
2397,"[5.182788,1.667035,3.982919]",
2398,"[5.268528,1.670852,3.982927]",
2399,"[5.286698,1.67187,3.982929]",
2400,"[5.299096,1.672736,3.982931]",
2401,"[5.314561,1.675217,3.982936]",
2402,"[5.319676,1.676677,3.982939]",
2403,"[5.326332,1.678856,3.982944]",
2404,"[5.328759,1.679635,3.982945]",
2405,"[5.329868,1.680559,3.982947]",
2406,"[5.329419,1.681096,3.982948]",
2407,"[5.328487,1.682524,3.982951]",
2408,"[4.99602,1.689173,3.982965]",
2409,"[4.963672,1.690004,3.982967]",
2410,"[4.932406,1.690658,3.982968]",
2411,"[4.921916,1.691185,3.98297]",
2412,"[4.910492,1.691638,3.98297]",
2413,"[4.907395,1.691712,3.982971]",
2414,"[4.902521,1.691673,3.98297]",
2415,"[4.900413,1.691454,3.98297]",
2416,"[4.898496,1.690721,3.982969]",
2417,"[4.895565,1.689795,3.982967]",
2418,"[4.893758,1.689306,3.982965]",
2419,"[4.873746,1.686719,3.98296]",
2420,"[4.861187,1.685064,3.982957]",
2421,"[4.846777,1.682815,3.982952]",
2422,"[4.841783,1.681889,3.98295]",
2423,"[4.836923,1.681666,3.982949]",
2424,"[4.828809,1.681347,3.982949]",
2425,"[4.826979,1.681258,3.982949]",
2426,"[4.824165,1.681308,3.982949]",
2427,"[4.823152,1.681435,3.982949]",
2428,"[4.915139,1.683779,3.982954]",
2429,"[4.933619,1.68422,3.982955]",
2430,"[4.954496,1.684419,3.982955]",
2431,"[4.976696,1.685898,3.982958]",
2432,"[4.984525,1.686961,3.982961]",
2433,"[4.995885,1.688838,3.982965]",
2434,"[5.000152,1.689543,3.982966]",
2435,"[5.007339,1.690619,3.982968]",
2436,"[5.012004,1.690528,3.982968]",
2437,"[5.019907,1.690243,3.982968]",
2438,"[5.027153,1.689665,3.982966]",
2439,"[5.033007,1.689016,3.982965]",
2440,"[5.050329,1.685611,3.982958]",
2441,"[5.056251,1.684468,3.982955]",
2442,"[5.066404,1.684089,3.982955]",
2443,"[5.070248,1.68417,3.982955]",
2444,"[5.076066,1.684772,3.982956]",
2445,"[5.078476,1.685102,3.982957]",
2446,"[5.082373,1.685635,3.982958]",
2447,"[5.084154,1.686079,3.982959]",
2448,"[5.092813,1.687055,3.982961]",
2449,"[5.105423,1.688139,3.982963]",
2450,"[5.246563,1.694584,3.982977]",
2451,"[5.31029,1.697777,3.982983]",
2452,"[5.326358,1.69899,3.982986]",
2453,"[5.344151,1.700969,3.98299]",
2454,"[5.350878,1.701647,3.982991]",
2455,"[5.355129,1.70207,3.982992]",
2456,"[5.362051,1.70285,3.982994]",
2457,"[5.364557,1.703312,3.982995]",
2458,"[5.366576,1.703702,3.982996]",
2459,"[5.366621,1.703663,3.982996]",
2460,"[5.162992,1.707815,3.983004]",
2461,"[5.134634,1.705263,3.982999]",
2462,"[5.117508,1.703969,3.982996]",
2463,"[5.096394,1.70246,3.982993]",
2464,"[5.08917,1.701653,3.982991]",
2465,"[5.07876,1.699112,3.982986]",
2466,"[5.07508,1.698272,3.982984]",
2467,"[5.04495,1.694813,3.982977]",
2468,"[5.034797,1.693382,3.982974]",
2469,"[5.027417,1.692229,3.982972]",
2470,"[5.016517,1.690676,3.982968]",
2471,"[5.012834,1.690085,3.982967]",
2472,"[5.007244,1.689236,3.982965]",
2473,"[5.004934,1.689204,3.982965]",
2474,"[5.001427,1.689078,3.982965]",
2475,"[5.000106,1.688987,3.982965]",
2476,"[5.001228,1.688372,3.982964]",
2477,"[5.002933,1.687827,3.982962]",
2478,"[5.287551,1.697145,3.982982]",
2479,"[5.34354,1.699532,3.982987]",
2480,"[5.361795,1.700342,3.982989]",
2481,"[5.38212,1.700025,3.982988]",
2482,"[5.388483,1.69988,3.982988]",
2483,"[5.397435,1.699264,3.982986]",
2484,"[5.401062,1.698768,3.982985]",
2485,"[5.403429,1.698358,3.982985]",
2486,"[5.407136,1.698236,3.982984]",
2487,"[5.408772,1.69848,3.982985]",
2488,"[5.411457,1.698816,3.982985]",
2489,"[5.412671,1.698971,3.982986]",
2490,"[5.398804,1.699809,3.982988]",
2491,"[5.393993,1.700081,3.982988]",
2492,"[5.385764,1.700523,3.982989]",
2493,"[5.38242,1.700932,3.98299]",
2494,"[5.379584,1.701326,3.982991]",
2495,"[5.375478,1.701894,3.982992]",
2496,"[5.373809,1.702012,3.982992]",
2497,"[5.369543,1.701899,3.982992]",
2498,"[5.366385,1.701081,3.98299]",
2499,"[5.293113,1.699108,3.982986]",
2500,"[5.262472,1.69842,3.982985]",
2501,"[5.232881,1.697073,3.982982]",
2502,"[5.224353,1.696468,3.98298]",
2503,"[5.217134,1.69526,3.982978]",
2504,"[5.20766,1.693675,3.982975]",
2505,"[5.202663,1.693178,3.982974]",
2506,"[5.195552,1.692524,3.982972]",
2507,"[5.192672,1.692303,3.982972]",
2508,"[5.187995,1.691999,3.982971]",
2509,"[5.186149,1.691845,3.982971]",
2510,"[5.181171,1.691672,3.98297]",
2511,"[5.169207,1.691896,3.982971]",
2512,"[5.162631,1.69231,3.982972]",
2513,"[5.153864,1.692613,3.982972]",
2514,"[5.150585,1.692489,3.982972]",
2515,"[5.147333,1.692544,3.982972]",
2516,"[5.23658,1.691123,3.982969]",
2517,"[5.270506,1.690668,3.982968]",
2518,"[5.344997,1.69019,3.982967]",
2519,"[5.376111,1.690384,3.982968]",
2520,"[5.407745,1.693367,3.982974]",
2521,"[5.417937,1.694348,3.982976]",
2522,"[5.434078,1.695131,3.982978]",
2523,"[5.44067,1.695472,3.982979]",
2524,"[5.456164,1.696388,3.98298]",
2525,"[5.464207,1.696787,3.982981]",
2526,"[5.475293,1.697016,3.982982]",
2527,"[5.506083,1.694895,3.982977]",
2528,"[5.534348,1.689866,3.982967]",
2529,"[5.620514,1.663918,3.957276]",
2530,"[5.95,1.649325,4.383033]",
2531,"[5.949999,1.569558,3.988269]",
2532,"[5.95,1.529151,3.76456]",
2533,"[5.95,1.496814,3.548013]",
2534,"[5.560867,1.449406,2.796997]",
2535,"[5.526865,1.437972,2.680675]",
2536,"[5.685746,1.274873,2.638835]",
2537,"[5.57932,1.272251,2.450124]",
2538,"[5.575117,1.264227,2.466335]",
2539,"[5.56695,1.261806,2.454164]",
2540,"[5.950001,1.043386,2.436545]",
2541,"[5.950001,1.009204,2.344027]",
2542,"[5.733563,1.052208,1.981407]",
2543,"[5.751682,0.9005975,1.385368]",
2544,"[5.7436,0.9005975,1.38021]",
2545,"[5.51693,0.9005975,1.436136]",
2546,"[5.442223,0.9005975,1.463837]",
2547,"[5.375003,0.9005975,1.539862]",
2548,"[5.360308,0.8976215,1.563032]",
2549,"[5.530086,0.6677585,1.476214]",
2550,"[5.539487,0.6417052,1.476214]",
2551,"[5.605354,0.5725151,1.476214]",
2552,"[5.578938,0.6544696,1.632537]",
2553,"[5.583978,0.6557046,1.660822]",
2554,"[5.595048,0.6621175,1.712578]",
2555,"[5.600144,0.6622183,1.732538]",
2556,"[5.596686,0.6622185,1.75859]",
2557,"[5.591774,0.6613026,1.769973]",
2558,"[5.784544,0.3611426,1.667826]",
2559,"[5.500814,0.622529,1.812301]",
2560,"[5.481979,0.6078392,1.821689]",
2561,"[5.481931,0.5599216,1.823067]",
2562,"[5.481872,0.5399444,1.824771]",
2563,"[5.481698,0.5240459,1.829755]",
2564,"[5.481588,0.5119162,1.832884]",
2565,"[5.481351,0.499607,1.839684]",
2566,"[5.480708,0.4748307,1.858097]",
2567,"[5.480322,0.462469,1.86915]",
2568,"[5.480076,0.4579751,1.876206]",
2569,"[5.480034,0.4628091,1.877398]",
2570,"[5.479987,0.467075,1.878759]",
2571,"[5.480052,0.4743571,1.876882]",
2572,"[5.480273,0.4950542,1.870564]",
2573,"[5.48037,0.5052704,1.867784]",
2574,"[5.480429,0.5123047,1.866086]",
2575,"[5.480536,0.5292143,1.863008]",
2576,"[5.480683,0.5393633,1.858806]",
2577,"[5.480889,0.561009,1.852903]",
2578,"[5.480959,0.5705152,1.8509]",
2579,"[5.481071,0.5867586,1.847721]",
2580,"[5.481118,0.5939426,1.846345]",
2581,"[5.481192,0.6006621,1.844245]",
2582,"[5.481307,0.610571,1.840957]",
2583,"[5.481339,0.6168522,1.839092]",
2584,"[5.484627,0.622529,1.834082]",
2585,"[5.488016,0.622529,1.830773]",
2586,"[5.49387,0.622529,1.824659]",
2587,"[5.584512,0.4897237,1.77641]",
2588,"[5.618578,0.4437354,1.756142]",
2589,"[5.62583,0.4340414,1.751872]",
2590,"[5.634193,0.4228405,1.746938]",
2591,"[5.648908,0.4028805,1.738138]",
2592,"[5.653227,0.3967528,1.73543]",
2593,"[5.655725,0.3923892,1.733481]",
2594,"[5.654892,0.3934837,1.733963]",
2595,"[5.780474,0.2026682,1.667684]",
2596,"[5.780581,0.2004259,1.667688]",
2597,"[5.780716,0.1979718,1.667692]",
2598,"[5.778479,0.1925574,1.667614]",
2599,"[5.776325,0.1880213,1.667539]",
2600,"[5.771949,0.174887,1.667386]",
2601,"[5.473874,0.5482222,1.844547]",
2602,"[5.426877,0.5325701,1.876492]",
2603,"[5.406038,0.5269748,1.887771]",
2604,"[5.426158,0.408,1.87722]",
2605,"[5.410757,0.4080001,1.883604]",
2606,"[5.402492,0.4080001,1.886552]",
2607,"[5.386103,0.4080001,1.892076]",
2608,"[5.489467,0.1000001,1.83702]",
2609,"[5.468516,0.1,1.842307]",
2610,"[5.457426,0.1,1.844847]",
2611,"[5.439386,0.1,1.84826]",
2612,"[5.43247,0.1,1.849131]",
2613,"[5.315925,0.4080001,1.897103]",
2614,"[5.2782,0.4080001,1.890303]",
2615,"[5.263635,0.4080001,1.888367]",
2616,"[5.241565,0.4080001,1.885758]",
2617,"[5.231348,0.4080001,1.884554]",
2618,"[5.220182,0.4080001,1.883356]",
2619,"[5.211896,0.4080001,1.883656]",
2620,"[5.193656,0.4080001,1.885939]",
2621,"[5.164987,0.4080001,1.909499]",
2622,"[5.151899,0.4080001,1.918686]",
2623,"[5.135757,0.4080001,1.928687]",
2624,"[5.131303,0.4080001,1.931393]",
2625,"[5.12879,0.3628048,1.928559]",
2626,"[5.131058,0.3240465,1.924364]",
2627,"[5.137707,0.1993288,1.910421]",
2628,"[5.142916,0.1,1.899305]",
2629,"[5.118747,0.622529,1.959001]",
2630,"[5.121366,0.622529,1.959214]",
2631,"[5.123835,0.622529,1.959402]",
2632,"[5.127407,0.622529,1.95981]",
2633,"[5.130891,0.622529,1.959948]",
2634,"[5.15751,0.4080001,1.936641]",
2635,"[5.16307,0.4080001,1.935542]",
2636,"[5.188359,0.4080001,1.920572]",
2637,"[5.194494,0.4080001,1.917179]",
2638,"[5.200423,0.4080001,1.914442]",
2639,"[5.209185,0.4080001,1.911149]",
2640,"[5.212949,0.4080001,1.909893]",
2641,"[5.219262,0.4080001,1.907086]",
2642,"[5.221743,0.4080001,1.905504]",
2643,"[5.227169,0.4080001,1.900968]",
2644,"[5.23015,0.4080001,1.897656]",
2645,"[5.233111,0.4080001,1.894601]",
2646,"[5.237497,0.4080001,1.888646]",
2647,"[5.239438,0.4080001,1.885358]",
2648,"[5.244781,0.4080001,1.879443]",
2649,"[5.249203,0.4080001,1.87568]",
2650,"[5.332091,0.1,1.814867]",
2651,"[5.238887,0.5273299,1.881172]",
2652,"[5.243406,0.5303227,1.874907]",
2653,"[5.256896,0.5385888,1.857641]",
2654,"[5.263578,0.5427479,1.84895]",
2655,"[5.274718,0.563376,1.805075]",
2656,"[5.411942,0.1,1.487714]",
2657,"[5.370298,0.2560992,1.476213]",
2658,"[5.365076,0.274657,1.433859]",
2659,"[5.365076,0.1551208,1.184877]",
2660,"[5.361593,0.1,1.081626]",
2661,"[5.139897,0.5773456,1.259552]",
2662,"[5.088245,0.7769021,1.387894]",
2663,"[5.029783,0.9644971,1.518633]",
2664,"[4.993058,0.9966768,1.518633]",
2665,"[4.976424,1.007905,1.518633]",
2666,"[4.958236,1.014107,1.518633]",
2667,"[4.948641,1.017583,1.518633]",
2668,"[4.947272,1.004498,1.518633]",
2669,"[4.942985,0.9849032,1.518633]",
2670,"[4.940031,0.9776359,1.518633]",
2671,"[4.919834,0.9824846,1.518633]",
2672,"[4.908911,0.9858241,1.518633]",
2673,"[4.885417,0.9940455,1.518633]",
2674,"[4.873124,0.9987941,1.518633]",
2675,"[4.860782,0.9978878,1.518633]",
2676,"[4.865067,0.9839856,1.518633]",
2677,"[4.865557,0.9730465,1.518633]",
2678,"[4.874383,0.9432728,1.518633]",
2679,"[4.884273,0.9299437,1.518633]",
2680,"[4.90023,0.9056047,1.518633]",
2681,"[4.905408,0.8963057,1.518633]",
2682,"[4.902272,0.8779917,1.518633]",
2683,"[4.905648,0.8703673,1.518633]",
2684,"[4.902187,0.8614618,1.518633]",
2685,"[4.906534,0.8497002,1.518633]",
2686,"[4.908194,0.8483629,1.518633]",
2687,"[4.899767,0.837145,1.518633]",
2688,"[4.895116,0.8332241,1.518633]",
2689,"[4.862041,0.8512843,1.518633]",
2690,"[4.84678,0.8604096,1.518633]",
2691,"[4.837843,0.8646683,1.518633]",
2692,"[4.825087,0.8732928,1.518633]",
2693,"[4.825061,0.8786921,1.518633]",
2694,"[4.825619,0.886992,1.518633]",
2695,"[4.826344,0.8894686,1.518633]",
2696,"[4.828314,0.8910908,1.518633]",
2697,"[4.829273,0.8911546,1.518633]",
2698,"[4.830405,0.8916789,1.518633]",
2699,"[4.830921,0.8920829,1.518633]",
2700,"[4.832368,0.8926176,1.518633]",
2701,"[4.8357,0.894414,1.518633]",
2702,"[4.83738,0.8958252,1.518633]",
2703,"[4.840094,0.8985218,1.518633]",
2704,"[4.841274,0.8995307,1.518633]",
2705,"[4.842719,0.9001188,1.518633]",
2706,"[4.843046,0.8999924,1.518633]",
2707,"[4.843289,0.9000356,1.518633]",
2708,"[4.839628,0.9007611,1.518633]",
2709,"[4.839602,0.9009619,1.518633]",
2710,"[4.835274,0.9015591,1.518633]",
2711,"[4.830964,0.9027162,1.518633]",
2712,"[4.814141,0.9728515,1.572464]",
2713,"[4.794844,1.05551,1.637532]",
2714,"[4.793758,1.061325,1.64161]",
2715,"[4.7891,1.062533,1.638679]",
2716,"[4.783547,1.062488,1.633831]",
2717,"[4.784436,1.065342,1.632905]",
2718,"[4.78671,1.07392,1.630992]",
2719,"[4.787091,1.077509,1.630969]",
2720,"[4.787039,1.081156,1.631322]",
2721,"[4.782445,1.087982,1.630117]",
2722,"[4.782183,1.090156,1.631155]",
2723,"[4.781049,1.093459,1.633139]",
2724,"[4.775869,1.095503,1.631407]",
2725,"[4.77107,1.098269,1.630523]",
2726,"[4.765161,1.10513,1.63272]",
2727,"[4.760961,1.107707,1.63194]",
2728,"[4.760003,1.111528,1.634583]",
2729,"[4.759797,1.112976,1.635401]",
2730,"[4.757689,1.117911,1.640745]",
2731,"[4.756946,1.119039,1.642346]",
2732,"[4.757162,1.117802,1.641998]",
2733,"[4.761194,1.106592,1.634874]",
2734,"[4.828035,0.9492245,1.518632]",
2735,"[4.831923,0.9446971,1.518632]",
2736,"[4.846035,0.927143,1.518632]",
2737,"[4.866258,0.9007428,1.518632]",
2738,"[4.872406,0.8920613,1.518632]",
2739,"[4.878839,0.8842925,1.518632]",
2740,"[4.88129,0.8816907,1.518632]",
2741,"[4.883886,0.8784378,1.518632]",
2742,"[4.885675,0.8735383,1.518632]",
2743,"[4.88654,0.8725644,1.518632]",
2744,"[4.887446,0.8739865,1.518632]",
2745,"[4.887482,0.8760386,1.518632]",
2746,"[4.886503,0.8805802,1.518632]",
2747,"[4.886025,0.8823435,1.518632]",
2748,"[4.88481,0.8853917,1.518632]",
2749,"[4.884326,0.8880876,1.518632]",
2750,"[4.883933,0.8891309,1.518632]",
2751,"[4.883177,0.8900574,1.518632]",
2752,"[4.882934,0.8899234,1.518632]",
2753,"[4.879745,0.8905583,1.518632]",
2754,"[4.878971,0.8898451,1.518632]",
2755,"[4.877259,0.8890644,1.518632]",
2756,"[4.876594,0.8889426,1.518632]",
2757,"[4.876434,0.8885376,1.518632]",
2758,"[4.879255,0.8864689,1.518632]",
2759,"[4.878843,0.8867869,1.518632]",
2760,"[4.878597,0.8884551,1.518632]",
2761,"[4.878011,0.889567,1.518632]",
2762,"[4.877668,0.89042,1.518632]",
2763,"[4.876799,0.8922862,1.518632]",
2764,"[4.836334,1.00232,1.598263]",
2765,"[4.776339,1.169004,1.720095]",
2766,"[4.775828,1.170728,1.720998]",
2767,"[4.782292,1.151772,1.705513]",
2768,"[4.784743,1.156162,1.710708]",
2769,"[4.787827,1.155336,1.711205]",
2770,"[4.787058,1.168085,1.722541]",
2771,"[4.790984,1.167059,1.722655]",
2772,"[4.794587,1.167087,1.723938]",
2773,"[4.794765,1.167417,1.723586]",
2774,"[4.800626,1.169737,1.727685]",
2775,"[4.800063,1.171937,1.728833]",
2776,"[4.799442,1.175958,1.731276]",
2777,"[4.803129,1.175532,1.732464]",
2778,"[4.807467,1.170954,1.730281]",
2779,"[4.812006,1.165323,1.727251]",
2780,"[4.813916,1.158236,1.721125]",
2781,"[4.826971,1.131135,1.702569]",
2782,"[4.835556,1.107946,1.685446]",
2783,"[4.89301,0.8994725,1.518632]",
2784,"[4.896695,0.8954107,1.518632]",
2785,"[4.925349,0.8473788,1.518632]",
2786,"[4.933427,0.8338343,1.518632]",
2787,"[4.939657,0.8231567,1.518632]",
2788,"[4.944259,0.8119259,1.518632]",
2789,"[4.943948,0.8093115,1.518632]",
2790,"[4.941852,0.8048862,1.518632]",
2791,"[4.940106,0.8028179,1.518632]",
2792,"[4.931767,0.8035936,1.518632]",
2793,"[4.925524,0.8068305,1.518632]",
2794,"[4.920231,0.8104226,1.518632]",
2795,"[4.91001,0.8175412,1.518632]",
2796,"[4.904712,0.8202068,1.518632]",
2797,"[4.897063,0.8195534,1.518632]",
2798,"[4.89274,0.8176998,1.518632]",
2799,"[4.881001,0.81635,1.518632]",
2800,"[4.876985,0.8129005,1.518632]",
2801,"[4.863159,0.8185804,1.518632]",
2802,"[4.854522,0.8237389,1.518632]",
2803,"[4.832096,0.845127,1.518632]",
2804,"[4.804105,0.8695867,1.518632]",
2805,"[4.793602,0.8806386,1.518632]",
2806,"[4.781269,0.8955663,1.518632]",
2807,"[4.777282,0.9009566,1.518632]",
2808,"[4.77341,0.9044618,1.518632]",
2809,"[4.776228,0.9019023,1.518632]",
2810,"[4.777073,0.9006342,1.518632]",
2811,"[4.778991,0.9000965,1.518632]",
2812,"[4.77974,0.9006209,1.518632]",
2813,"[4.777987,0.9063976,1.518632]",
2814,"[4.779323,0.9069054,1.518632]",
2815,"[4.786347,0.9058843,1.518632]",
2816,"[4.789589,0.9057875,1.518632]",
2817,"[4.791453,0.9061754,1.518632]",
2818,"[4.794923,0.9072003,1.518632]",
2819,"[4.796471,0.908025,1.518632]",
2820,"[4.800532,0.9128922,1.518632]",
2821,"[4.80106,0.9192705,1.518632]",
2822,"[4.792183,0.9364218,1.518632]",
2823,"[4.760731,1.047611,1.518632]",
2824,"[4.74947,1.068101,1.518632]",
2825,"[4.743867,1.079053,1.518632]",
2826,"[4.740626,1.083456,1.514717]",
2827,"[4.740626,1.066321,1.485818]",
2828,"[4.740626,1.057881,1.472987]",
2829,"[4.701019,1.204732,1.606398]",
2830,"[4.699745,1.211309,1.611592]",
2831,"[4.695331,1.220052,1.615635]",
2832,"[4.693972,1.217833,1.610031]",
2833,"[4.700882,1.206586,1.594977]",
2834,"[4.73439,1.193801,1.548887]",
2835,"[4.749953,1.181068,1.523132]",
2836,"[4.754043,1.191747,1.518632]",
2837,"[4.755705,1.197183,1.518632]",
2838,"[4.757751,1.20114,1.518632]",
2839,"[4.758262,1.202037,1.518632]",
2840,"[4.756161,1.207969,1.518632]",
2841,"[4.756499,1.208493,1.518632]",
2842,"[4.755317,1.211086,1.518632]",
2843,"[4.755137,1.214682,1.518632]",
2844,"[4.754017,1.216005,1.518632]",
2845,"[4.752427,1.219015,1.518632]",
2846,"[4.752493,1.218747,1.518632]",
2847,"[4.752605,1.218646,1.518632]",
2848,"[4.752564,1.218516,1.518632]",
2849,"[4.752581,1.218431,1.518632]",
2850,"[4.752558,1.217928,1.518632]",
2851,"[4.752647,1.216281,1.518632]",
2852,"[4.753243,1.213846,1.518632]",
2853,"[4.753417,1.212834,1.518632]",
2854,"[4.753739,1.211976,1.518632]",
2855,"[4.755073,1.209072,1.518632]",
2856,"[4.754918,1.20778,1.518632]",
2857,"[4.755842,1.205614,1.518632]",
2858,"[4.756664,1.20352,1.518632]",
2859,"[4.757482,1.200397,1.518632]",
2860,"[4.758422,1.198776,1.518632]",
2861,"[4.757597,1.196146,1.518632]",
2862,"[4.75868,1.194333,1.518632]",
2863,"[4.759454,1.191823,1.518632]",
2864,"[4.760761,1.18986,1.518632]",
2865,"[4.762084,1.188147,1.518632]",
2866,"[4.765554,1.174471,1.518632]",
2867,"[4.767398,1.166491,1.518632]",
2868,"[4.771129,1.149115,1.518632]",
2869,"[4.771604,1.141847,1.518632]",
2870,"[4.77269,1.132737,1.518632]",
2871,"[4.773064,1.129359,1.518632]",
2872,"[4.772615,1.125874,1.518632]",
2873,"[4.771923,1.125069,1.518632]",
2874,"[4.772408,1.122835,1.518632]",
2875,"[4.772397,1.120147,1.518632]",
2876,"[4.771574,1.119391,1.518632]",
2877,"[4.770341,1.11835,1.518632]",
2878,"[4.769813,1.117895,1.518632]",
2879,"[4.769114,1.116974,1.518632]",
2880,"[4.769952,1.115089,1.518632]",
2881,"[4.769438,1.114555,1.518632]",
2882,"[4.770533,1.112437,1.518632]",
2883,"[4.771568,1.110625,1.518632]",
2884,"[4.773944,1.106803,1.518632]",
2885,"[4.77531,1.104806,1.518632]",
2886,"[4.777804,1.101555,1.518632]",
2887,"[4.779229,1.099686,1.518632]",
2888,"[4.780526,1.098159,1.518632]",
2889,"[4.760092,1.14283,1.562145]",
2890,"[4.718429,1.231538,1.647285]",
2891,"[4.714335,1.240826,1.655538]",
2892,"[4.71496,1.239802,1.654144]",
2893,"[4.716166,1.238671,1.651106]",
2894,"[4.717044,1.23798,1.64944]",
2895,"[4.719784,1.235949,1.648009]",
2896,"[4.721667,1.234785,1.648252]",
2897,"[4.723312,1.233786,1.648423]",
2898,"[4.726594,1.232141,1.649045]",
2899,"[4.72661,1.232088,1.648358]",
2900,"[4.726423,1.233202,1.648726]",
2901,"[4.725472,1.235268,1.650709]",
2902,"[4.724561,1.239945,1.657099]",
2903,"[4.725822,1.24032,1.658982]",
2904,"[4.728346,1.237975,1.657659]",
2905,"[4.989982,0.6720482,1.066198]",
2906,"[4.989511,0.6732324,1.066051]",
2907,"[4.989891,0.6763974,1.06617]",
2908,"[4.989617,0.6787524,1.066084]",
2909,"[4.989433,0.683122,1.066026]",
2910,"[4.989344,0.6847442,1.065999]",
2911,"[4.989291,0.6847896,1.065982]",
2912,"[4.989566,0.6855704,1.066068]",
2913,"[4.988388,0.6866447,1.065699]",
2914,"[4.986924,0.6902177,1.06524]",
2915,"[4.986759,0.6929142,1.065188]",
2916,"[5.002808,0.7167473,1.070218]",
2917,"[5.012693,0.7305305,1.073316]",
2918,"[5.165331,0.9262796,0.9711276]",
2919,"[5.20472,0.9266869,0.9134942]",
2920,"[5.230011,0.9269492,0.8764616]",
2921,"[5.263215,0.9273893,0.8242542]",
2922,"[5.275271,0.9276206,0.8026146]",
2923,"[5.286053,0.9278398,0.7828008]",
2924,"[5.292394,0.9279469,0.7719654]",
2925,"[5.301851,0.9280835,0.7566721]",
2926,"[5.305095,0.9281297,0.7514526]",
2927,"[5.308898,0.928174,0.745701]",
2928,"[5.310406,0.9281548,0.7448014]",
2929,"[5.312575,0.9281299,0.7434011]",
2930,"[4.817532,1.362738,1.662417]",
2931,"[5.370266,0.9972777,0.9584159]",
2932,"[5.370266,1.027675,1.034173]",
2933,"[5.376552,1.031303,1.048156]",
2934,"[5.393063,1.028249,1.048156]",
2935,"[5.39736,1.027519,1.048156]",
2936,"[5.400005,1.027274,1.048156]",
2937,"[4.925179,1.340176,1.650142]",
2938,"[4.914237,1.339227,1.633133]",
2939,"[4.855015,1.343235,1.580289]",
2940,"[4.849174,1.34427,1.574187]",
2941,"[4.842964,1.347575,1.572658]",
2942,"[4.873192,1.3182,1.495951]",
2943,"[4.872463,1.3182,1.494725]",
2944,"[4.87213,1.3182,1.492934]",
2945,"[4.872181,1.3182,1.49205]",
2946,"[4.872981,1.3182,1.488142]",
2947,"[4.873823,1.3182,1.484597]",
2948,"[4.873854,1.3182,1.483202]",
2949,"[4.87363,1.3182,1.479057]",
2950,"[4.872863,1.3182,1.476252]",
2951,"[4.866778,1.3182,1.472702]",
2952,"[4.813661,1.3182,1.453417]",
2953,"[4.799406,1.3182,1.446315]",
2954,"[4.784968,1.3182,1.434321]",
2955,"[4.77956,1.3182,1.433417]",
2956,"[4.774345,1.3182,1.43445]",
2957,"[4.766258,1.3182,1.431876]",
2958,"[4.763576,1.3182,1.433363]",
2959,"[4.759559,1.3182,1.435927]",
2960,"[4.757623,1.3182,1.437692]",
2961,"[4.757156,1.3182,1.441841]",
2962,"[4.754778,1.3182,1.447714]",
2963,"[4.75087,1.3182,1.455424]",
2964,"[4.740627,1.315501,1.455422]",
2965,"[4.740627,1.285493,1.379895]",
2966,"[4.757743,1.071277,0.8405682]",
2967,"[4.74574,1.069934,0.8405682]",
2968,"[4.742085,1.067259,0.8405682]",
2969,"[4.734222,1.061938,0.8405682]",
2970,"[4.73016,1.059259,0.8405682]",
2971,"[4.724453,1.052397,0.8405682]",
2972,"[4.722462,1.047979,0.8405682]",
2973,"[4.722298,1.038179,0.8405682]",
2974,"[4.72009,1.034079,0.8405682]",
2975,"[4.723773,1.028482,0.8405682]",
2976,"[4.733051,1.015969,0.8405682]",
2977,"[4.736647,1.011208,0.8405682]",
2978,"[4.746458,1.002847,0.8405682]",
2979,"[4.748079,1.000383,0.8405682]",
2980,"[4.755939,0.9952613,0.8405682]",
2981,"[4.760519,0.9918432,0.8405682]",
2982,"[4.763177,0.9891542,0.8405682]",
2983,"[4.770068,0.9843319,0.8405682]",
2984,"[4.774139,0.9823269,0.8405682]",
2985,"[4.784761,0.9791549,0.8405682]",
2986,"[4.790655,0.9770416,0.8405682]",
2987,"[4.799057,0.9725775,0.8405682]",
2988,"[4.80264,0.9706989,0.8405682]",
2989,"[4.809478,0.967355,0.8405682]",
2990,"[4.812724,0.9659811,0.8405682]",
2991,"[4.815033,0.9650827,0.8405682]",
2992,"[4.822046,0.9647341,0.8405682]",
2993,"[4.82629,0.9653878,0.8405682]",
2994,"[4.832114,0.9651163,0.8405682]",
2995,"[4.834848,0.9645004,0.8405682]",
2996,"[4.839926,0.9634337,0.8405682]",
2997,"[4.842463,0.9630681,0.8405682]",
2998,"[4.845638,0.9637319,0.8405682]",
2999,"[4.850913,0.9640998,0.8405682]",
3000,"[4.853825,0.9642131,0.8405682]",
3001,"[4.858212,0.9634516,0.8405682]",
3002,"[4.860296,0.9628875,0.8405682]",
3003,"[4.86166,0.9624661,0.8405682]",
3004,"[4.862381,0.9624013,0.8405682]",
3005,"[4.862823,0.9637136,0.8405682]",
3006,"[4.863555,0.9657414,0.8405682]",
3007,"[4.864007,0.9664113,0.8405682]",
3008,"[4.865289,0.9673771,0.8405682]",
3009,"[4.866038,0.9677125,0.8405682]",
3010,"[4.866302,0.9676696,0.8405682]",
3011,"[4.866114,0.9673626,0.8405682]",
3012,"[4.866052,0.966005,0.8405682]",
3013,"[4.866048,0.9647865,0.8405682]",
3014,"[4.866335,0.9632102,0.8405682]",
3015,"[4.867002,0.9622666,0.8405682]",
3016,"[4.86911,0.9612492,0.8405682]",
3017,"[4.872534,0.9598468,0.8405682]",
3018,"[4.886709,0.9577012,0.8405682]",
3019,"[4.902101,0.9537066,0.8405682]",
3020,"[4.906901,0.9526591,0.8405682]",
3021,"[4.925054,0.9361631,0.8149342]",
3022,"[4.930216,0.9372261,0.8136061]",
3023,"[4.934299,0.9372109,0.8097831]",
3024,"[4.940635,0.9371736,0.8043664]",
3025,"[4.943712,0.937153,0.8018312]",
3026,"[4.94854,0.937116,0.7980267]",
3027,"[4.949419,0.9370998,0.7976894]",
3028,"[4.949601,0.9370778,0.7983157]",
3029,"[4.950687,0.9370419,0.7984962]",
3030,"[4.952011,0.9370215,0.7978356]",
3031,"[4.956967,0.9369878,0.7937711]",
3032,"[4.960415,0.9369698,0.7907366]",
3033,"[4.968386,0.9369456,0.7830695]",
3034,"[4.973503,0.9369625,0.7769347]",
3035,"[4.740627,1.179988,1.161295]",
3036,"[4.740627,1.184627,1.161916]",
3037,"[4.740627,1.189778,1.162105]",
3038,"[4.740627,1.198904,1.161925]",
3039,"[4.740627,1.203524,1.162004]",
3040,"[4.740627,1.20959,1.164905]",
3041,"[4.740627,1.213587,1.167092]",
3042,"[4.740627,1.219561,1.173509]",
3043,"[5.025991,0.9383736,0.667583]",
3044,"[5.021765,0.9387133,0.6593904]",
3045,"[4.904277,1.048536,0.8405682]",
3046,"[4.89957,1.05106,0.8405682]",
3047,"[4.892519,1.051576,0.8405682]",
3048,"[4.89039,1.05132,0.8405682]",
3049,"[4.888034,1.051463,0.8405682]",
3050,"[4.885854,1.050717,0.8405682]",
3051,"[4.882356,1.049297,0.8405682]",
3052,"[4.881102,1.049092,0.8405682]",
3053,"[4.878427,1.048367,0.8405682]",
3054,"[4.872583,1.046397,0.8405682]",
3055,"[4.868178,1.045304,0.8405682]",
3056,"[4.860575,1.045264,0.8405682]",
3057,"[4.856164,1.045495,0.8405682]",
3058,"[4.848807,1.043881,0.8405682]",
3059,"[4.84493,1.042754,0.8405682]",
3060,"[4.842772,1.04197,0.8405682]",
3061,"[4.6518,1.280461,1.266287]",
3062,"[4.650811,1.281207,1.267603]",
3063,"[4.653138,1.277429,1.260471]",
3064,"[4.653919,1.276337,1.258539]",
3065,"[4.654451,1.275476,1.257118]",
3066,"[4.654232,1.275716,1.257594]",
3067,"[4.654171,1.276508,1.259085]",
3068,"[4.654587,1.277615,1.261817]",
3069,"[4.655568,1.277599,1.262671]",
3070,"[4.65725,1.277717,1.264477]",
3071,"[4.65785,1.278055,1.265801]",
3072,"[4.658886,1.278544,1.268325]",
3073,"[4.659616,1.278371,1.269104]",
3074,"[4.660825,1.27793,1.270786]",
3075,"[4.661064,1.277752,1.272238]",
3076,"[4.661675,1.276861,1.274816]",
3077,"[4.662212,1.276318,1.275277]",
3078,"[4.662704,1.275824,1.275418]",
3079,"[4.663097,1.275762,1.276612]",
3080,"[4.663082,1.276074,1.277524]",
3081,"[4.662612,1.276685,1.27846]",
3082,"[4.662462,1.276731,1.278614]",
3083,"[4.664209,1.274237,1.274487]",
3084,"[4.665578,1.272129,1.27089]",
3085,"[4.666125,1.271108,1.269078]",
3086,"[4.85642,1.022586,0.8405682]",
3087,"[4.856268,1.022369,0.8405682]",
3088,"[4.856182,1.021516,0.8405682]",
3089,"[4.856297,1.020923,0.8405682]",
3090,"[4.856692,1.021151,0.8405682]",
3091,"[4.856771,1.021316,0.8405682]",
3092,"[4.85769,1.021674,0.8405682]",
3093,"[4.859055,1.021463,0.8405682]",
3094,"[4.860552,1.021089,0.8405682]",
3095,"[4.863606,1.019809,0.8405682]",
3096,"[4.864365,1.019583,0.8405682]",
3097,"[4.865923,1.019252,0.8405682]",
3098,"[4.86597,1.019251,0.8405682]",
3099,"[4.866041,1.019145,0.8405682]",
3100,"[4.865989,1.019091,0.8405682]",
3101,"[4.865938,1.018951,0.8405682]",
3102,"[4.86589,1.01885,0.8405682]",
3103,"[4.865757,1.018869,0.8405682]",
3104,"[4.865348,1.01881,0.8405682]",
3105,"[4.86501,1.018753,0.8405682]",
3106,"[4.864424,1.018949,0.8405682]",
3107,"[4.864153,1.019161,0.8405682]",
3108,"[4.864042,1.019229,0.8405682]",
3109,"[4.864294,1.019307,0.8405682]",
3110,"[4.864674,1.019388,0.8405682]",
3111,"[4.865679,1.019385,0.8405682]",
3112,"[4.86628,1.019318,0.8405682]",
3113,"[4.86723,1.018952,0.8405682]",
3114,"[4.867925,1.018685,0.8405682]",
3115,"[4.869503,1.018361,0.8405682]",
3116,"[4.870025,1.0184,0.8405682]",
3117,"[4.870561,1.018535,0.8405682]",
3118,"[4.871471,1.019015,0.8405682]",
3119,"[4.871898,1.019389,0.8405682]",
3120,"[4.872613,1.020347,0.8405682]",
3121,"[4.87284,1.020931,0.8405682]",
3122,"[4.873836,1.021734,0.8405682]",
3123,"[4.874826,1.021812,0.8405682]",
3124,"[4.875755,1.022498,0.8405682]",
3125,"[4.877977,1.023552,0.8405682]",
3126,"[4.879079,1.023192,0.8405682]",
3127,"[4.881321,1.021365,0.8405682]",
3128,"[4.882319,1.020488,0.8405682]",
3129,"[4.883803,1.019623,0.8405682]",
3130,"[4.884459,1.019464,0.8405682]",
3131,"[4.88533,1.019542,0.8405682]",
3132,"[4.885743,1.019257,0.8405682]",
3133,"[4.88612,1.019107,0.8405682]",
3134,"[4.8867,1.019447,0.8405682]",
3135,"[4.886916,1.019951,0.8405682]",
3136,"[4.886971,1.023255,0.8405682]",
3137,"[4.886861,1.025846,0.8405682]",
3138,"[4.886804,1.029181,0.8405682]",
3139,"[4.886519,1.030245,0.8405682]",
3140,"[4.885987,1.032406,0.8405682]",
3141,"[4.885772,1.033641,0.8405682]",
3142,"[4.885537,1.035509,0.8405682]",
3143,"[4.895085,1.032423,0.8405682]",
3144,"[4.90697,1.02999,0.8405682]",
3145,"[5.00549,0.9382272,0.6951155]",
3146,"[5.009509,0.9380026,0.6992139]",
3147,"[4.740628,1.223394,1.164733]",
3148,"[4.740628,1.224571,1.168245]",
3149,"[4.740628,1.226633,1.172861]",
3150,"[4.740628,1.231461,1.182513]",
3151,"[4.740628,1.233743,1.187382]",
3152,"[4.740628,1.241045,1.200584]",
3153,"[4.740628,1.24673,1.209719]",
3154,"[4.740628,1.261673,1.232246]",
3155,"[4.740628,1.267604,1.243303]",
3156,"[4.740628,1.276894,1.261791]",
3157,"[4.740628,1.283997,1.276368]",
3158,"[4.740628,1.287981,1.285589]",
3159,"[4.740628,1.296095,1.30327]",
3160,"[4.740628,1.300685,1.31268]",
3161,"[4.740628,1.314082,1.343235]",
3162,"[4.746411,1.3182,1.357002]",
3163,"[4.770164,1.3182,1.371164]",
3164,"[4.797808,1.3182,1.39019]",
3165,"[4.813891,1.3182,1.403931]",
3166,"[4.83704,1.3182,1.43089]",
3167,"[4.844649,1.3182,1.44485]",
3168,"[4.850744,1.3182,1.462854]",
3169,"[4.849504,1.3182,1.464045]",
3170,"[4.85633,1.3182,1.478298]",
3171,"[4.860212,1.3182,1.486333]",
3172,"[4.86436,1.3182,1.494774]",
3173,"[4.872985,1.3182,1.510237]",
3174,"[4.878554,1.317988,1.518631]",
3175,"[4.902249,1.306375,1.518631]",
3176,"[4.900513,1.306215,1.518631]",
3177,"[4.897321,1.305902,1.518631]",
3178,"[4.895959,1.306069,1.518631]",
3179,"[4.892256,1.307585,1.518631]",
3180,"[4.89076,1.308299,1.518631]",
3181,"[4.887889,1.31025,1.518631]",
3182,"[4.88543,1.312032,1.518631]",
3183,"[4.885013,1.312457,1.518631]",
3184,"[4.885039,1.312585,1.518631]",
3185,"[4.89623,1.308842,1.518631]",
3186,"[4.896299,1.308522,1.518631]",
3187,"[4.908009,1.305239,1.518631]",
3188,"[4.862221,1.3182,1.51164]",
3189,"[4.858809,1.3182,1.510451]",
3190,"[4.857349,1.3182,1.510641]",
3191,"[4.856689,1.3182,1.511369]",
3192,"[4.865797,1.3182,1.517194]",
3193,"[4.875876,1.316071,1.518631]",
3194,"[4.885846,1.313233,1.518631]",
3195,"[4.894725,1.308711,1.518631]",
3196,"[4.902886,1.304761,1.518631]",
3197,"[4.910081,1.300783,1.518631]",
3198,"[4.916867,1.296146,1.518631]",
3199,"[4.923516,1.293124,1.518631]",
3200,"[4.934254,1.290442,1.518631]",
3201,"[4.934241,1.290236,1.518631]",
3202,"[4.934473,1.288872,1.518631]",
3203,"[4.934621,1.287609,1.518631]",
3204,"[4.934642,1.285966,1.518631]",
3205,"[4.934517,1.286009,1.518631]",
3206,"[4.933787,1.287156,1.518631]",
3207,"[4.93018,1.290052,1.518631]",
3208,"[4.927417,1.29281,1.518631]",
3209,"[4.921578,1.296663,1.518631]",
3210,"[4.918213,1.298105,1.518631]",
3211,"[4.911494,1.302124,1.518631]",
3212,"[4.907206,1.304997,1.518631]",
3213,"[4.907979,1.306652,1.518631]",
3214,"[4.907943,1.309953,1.518631]",
3215,"[4.907411,1.310751,1.518631]",
3216,"[4.902202,1.312017,1.518631]",
3217,"[4.896921,1.312551,1.518631]",
3218,"[4.859271,1.316406,1.518631]",
3219,"[4.849283,1.31746,1.518631]",
3220,"[4.830217,1.3182,1.515938]",
3221,"[4.827425,1.3182,1.513965]",
3222,"[4.822845,1.3182,1.511963]",
3223,"[4.817554,1.3182,1.508371]",
3224,"[4.812727,1.3182,1.508398]",
3225,"[4.806755,1.3182,1.512792]",
3226,"[4.803241,1.3182,1.5143]",
3227,"[4.79893,1.3182,1.51551]",
3228,"[4.776542,1.317288,1.518631]",
3229,"[4.768122,1.317042,1.518631]",
3230,"[4.753986,1.315794,1.518631]",
3231,"[4.754088,1.315424,1.518631]",
3232,"[4.748842,1.316386,1.518631]",
3233,"[4.749671,1.315552,1.518631]",
3234,"[4.750919,1.315192,1.518631]",
3235,"[4.751255,1.31544,1.518631]",
3236,"[4.752542,1.316775,1.518631]",
3237,"[4.748638,1.3182,1.513962]",
3238,"[4.749537,1.3182,1.511423]",
3239,"[4.750155,1.3182,1.50689]",
3240,"[4.745494,1.3182,1.501416]",
3241,"[4.742743,1.3182,1.493536]",
3242,"[4.743183,1.3182,1.489961]",
3243,"[4.744164,1.3182,1.485818]",
3244,"[4.744965,1.3182,1.47904]",
3245,"[4.723245,0.9430206,0.8405682]",
3246,"[4.730171,0.9503326,0.8405682]",
3247,"[4.734158,0.9536244,0.8405682]",
3248,"[4.741184,0.9565336,0.8405682]",
3249,"[4.743882,0.9576644,0.8405682]",
3250,"[4.748467,0.9575881,0.8405682]",
3251,"[4.740628,1.185063,1.208483]",
3252,"[4.740628,1.226983,1.273798]",
3253,"[4.759081,1.3182,1.403929]",
3254,"[4.763381,1.3182,1.400771]",
3255,"[4.767815,1.3182,1.396609]",
3256,"[4.768808,1.3182,1.395192]",
3257,"[4.770208,1.3182,1.392541]",
3258,"[4.767238,1.3182,1.387832]",
3259,"[4.768001,1.3182,1.386436]",
3260,"[4.768363,1.3182,1.385577]",
3261,"[4.7657,1.3182,1.38212]",
3262,"[4.763316,1.3182,1.378469]",
3263,"[4.760034,1.3182,1.374851]",
3264,"[4.753185,1.3182,1.368006]",
3265,"[4.749857,1.3182,1.365438]",
3266,"[4.743461,1.3182,1.362293]",
3267,"[4.743021,1.3182,1.36297]",
3268,"[4.740628,1.316048,1.358583]",
3269,"[4.740628,1.302528,1.33396]",
3270,"[4.740628,1.296027,1.321314]",
3271,"[4.740628,1.28356,1.296748]",
3272,"[4.740628,1.27774,1.284712]",
3273,"[4.740628,1.268426,1.262207]",
3274,"[4.740628,1.269994,1.26224]",
3275,"[4.740628,1.266905,1.253862]",
3276,"[4.740628,1.264845,1.244895]",
3277,"[4.740628,1.261663,1.234629]",
3278,"[4.717931,1.297385,1.280865]",
3279,"[4.682301,1.35701,1.370832]",
3280,"[4.701952,1.32492,1.318485]",
3281,"[4.712507,1.30939,1.292696]",
3282,"[4.712767,1.309574,1.292705]",
3283,"[4.711935,1.311437,1.29538]",
3284,"[4.710767,1.313554,1.298588]",
3285,"[4.71036,1.313645,1.299285]",
3286,"[4.707964,1.314631,1.299396]",
3287,"[4.705054,1.316888,1.301641]",
3288,"[4.703487,1.319501,1.30588]",
3289,"[4.703266,1.320302,1.307175]",
3290,"[4.701008,1.323922,1.312696]",
3291,"[4.696369,1.331655,1.324827]",
3292,"[4.695148,1.334466,1.329406]",
3293,"[4.693445,1.3374,1.333868]",
3294,"[4.691169,1.341479,1.339966]",
3295,"[4.693298,1.33894,1.336232]",
3296,"[4.702686,1.32686,1.319132]",
3297,"[4.704607,1.324485,1.31623]",
3298,"[4.702674,1.326593,1.320146]",
3299,"[4.700993,1.328551,1.323374]",
3300,"[4.69959,1.329813,1.324582]",
3301,"[4.698113,1.330809,1.325216]",
3302,"[4.697091,1.331247,1.324922]",
3303,"[4.692867,1.334186,1.327268]",
3304,"[4.691066,1.335207,1.327971]",
3305,"[4.68681,1.337966,1.33085]",
3306,"[4.740629,1.259913,1.219157]",
3307,"[4.740629,1.256963,1.215361]",
3308,"[4.740629,1.253199,1.211347]",
3309,"[4.740629,1.25142,1.210734]",
3310,"[4.740629,1.248549,1.210232]",
3311,"[4.740629,1.248153,1.210539]",
3312,"[4.740629,1.247705,1.211294]",
3313,"[4.740629,1.247834,1.211779]",
3314,"[4.740629,1.247973,1.212105]",
3315,"[4.740629,1.248528,1.212478]",
3316,"[4.740629,1.248783,1.212594]",
3317,"[4.740629,1.247572,1.208752]",
3318,"[4.740629,1.246849,1.206552]",
3319,"[4.740629,1.245383,1.202434]",
3320,"[4.740629,1.244583,1.200164]",
3321,"[4.740629,1.243207,1.195602]",
3322,"[4.740629,1.242518,1.193188]",
3323,"[4.740629,1.24261,1.193224]",
3324,"[4.740629,1.242764,1.191041]",
3325,"[4.740629,1.243251,1.191387]",
3326,"[4.740629,1.243283,1.189252]",
3327,"[4.740629,1.242713,1.186449]",
3328,"[4.740629,1.243931,1.187147]",
3329,"[4.740629,1.244536,1.18744]",
3330,"[4.740629,1.244787,1.185364]",
3331,"[4.740629,1.24534,1.185615]",
3332,"[4.740629,1.245954,1.185876]",
3333,"[4.740629,1.246205,1.184188]",
3334,"[4.740629,1.246575,1.18443]",
3335,"[4.740629,1.247145,1.184956]",
3336,"[4.740629,1.247254,1.185168]",
3337,"[4.740629,1.247043,1.185248]",
3338,"[4.740629,1.246132,1.183601]",
3339,"[4.740629,1.245235,1.181953]",
3340,"[4.740629,1.243567,1.178908]",
3341,"[4.740629,1.243028,1.177646]",
3342,"[4.740629,1.24246,1.175698]",
3343,"[4.740629,1.242371,1.174905]",
3344,"[4.740629,1.242427,1.173422]",
3345,"[4.740629,1.242597,1.172781]",
3346,"[4.740629,1.242812,1.17224]",
3347,"[4.740629,1.243069,1.170987]",
3348,"[4.740629,1.243128,1.170353]",
3349,"[4.740629,1.243346,1.169239]",
3350,"[4.740629,1.243531,1.168753]",
3351,"[4.740629,1.24422,1.167969]",
3352,"[4.740629,1.244688,1.167672]",
3353,"[4.740629,1.245124,1.167595]",
3354,"[4.740629,1.246059,1.167739]",
3355,"[4.740629,1.245977,1.167967]",
3356,"[4.740629,1.245898,1.168694]",
3357,"[4.740629,1.245921,1.169101]",
3358,"[4.740629,1.245727,1.169718]",
3359,"[4.740629,1.245605,1.169973]",
3360,"[4.740629,1.245412,1.170321]",
3361,"[4.740629,1.245345,1.170528]",
3362,"[4.740629,1.24576,1.171218]",
3363,"[4.740629,1.245993,1.171821]",
3364,"[4.740629,1.245774,1.171683]",
3365,"[4.740629,1.245386,1.171399]",
3366,"[4.740629,1.245257,1.171223]",
3367,"[4.740629,1.245027,1.170779]",
3368,"[4.740629,1.244894,1.170174]",
3369,"[4.740629,1.244879,1.169732]",
3370,"[4.740629,1.244927,1.169654]",
3371,"[4.740629,1.244973,1.169617]",
3372,"[4.740629,1.24593,1.170517]",
3373,"[4.740629,1.245973,1.170148]",
3374,"[4.740629,1.246125,1.169795]",
3375,"[4.740629,1.245997,1.169365]",
3376,"[4.740629,1.24555,1.168184]",
3377,"[4.740629,1.245385,1.167383]",
3378,"[4.740629,1.244249,1.164755]",
3379,"[4.740629,1.243571,1.163407]",
3380,"[4.740629,1.24275,1.162238]",
3381,"[4.84727,1.083895,0.9511522]",
3382,"[4.837226,1.094379,0.9566975]",
3383,"[4.814741,1.123081,0.9854953]",
3384,"[4.806528,1.13421,0.9977428]",
3385,"[4.805311,1.135034,0.9964513]",
3386,"[4.873767,1.026045,0.8405682]",
3387,"[4.87229,1.027877,0.8405682]",
3388,"[4.869387,1.031293,0.8405682]",
3389,"[4.867432,1.033278,0.8405682]",
3390,"[4.864643,1.036199,0.8405682]",
3391,"[4.862988,1.037264,0.8405682]",
3392,"[4.859344,1.038379,0.8405682]",
3393,"[4.857347,1.03809,0.8405682]",
3394,"[4.854254,1.034689,0.8405682]",
3395,"[4.852053,1.031393,0.8405682]",
3396,"[4.849568,1.027814,0.8405682]",
3397,"[4.846562,1.023769,0.8405682]",
3398,"[4.845409,1.022009,0.8405682]",
3399,"[4.844672,1.018157,0.8405682]",
3400,"[4.844571,1.016076,0.8405682]",
3401,"[4.843445,1.014381,0.8405682]",
3402,"[4.840858,1.01404,0.8405682]",
3403,"[4.840191,1.015302,0.8405682]",
3404,"[4.838952,1.019188,0.8405682]",
3405,"[4.838213,1.021994,0.8405682]",
3406,"[4.836853,1.026966,0.8405682]",
3407,"[4.83598,1.030018,0.8405682]",
3408,"[4.834986,1.032458,0.8405682]",
3409,"[4.723463,1.244022,1.143147]",
3410,"[4.72981,1.232745,1.125773]",
3411,"[4.739491,1.215646,1.099095]",
3412,"[4.737384,1.219988,1.104271]",
3413,"[4.735837,1.225254,1.108295]",
3414,"[4.739711,1.220832,1.098823]",
3415,"[4.749906,1.204579,1.068033]",
3416,"[4.756796,1.192206,1.04568]",
3417,"[4.838588,1.059565,0.8405682]",
3418,"[4.843871,1.064494,0.8405682]",
3419,"[4.847821,1.065292,0.8405682]",
3420,"[4.856153,1.07246,0.8405682]",
3421,"[4.857967,1.075338,0.8405682]",
3422,"[4.859457,1.075929,0.8405682]",
3423,"[4.861853,1.077728,0.8405682]",
3424,"[4.862229,1.078924,0.8405682]",
3425,"[4.860871,1.079192,0.8405682]",
3426,"[4.859371,1.078048,0.8405682]",
3427,"[4.857514,1.077243,0.8405682]",
3428,"[4.852435,1.075834,0.8405682]",
3429,"[4.848983,1.075865,0.8405682]",
3430,"[4.844535,1.076357,0.8405682]",
3431,"[4.735663,1.117756,0.8405682]",
3432,"[4.706152,1.129481,0.8405682]",
3433,"[4.679904,1.141351,0.8405682]",
3434,"[4.669594,1.14652,0.8405682]",
3435,"[4.628374,1.24658,1.022157]",
3436,"[4.613952,1.272328,1.068177]",
3437,"[4.60528,1.287748,1.095849]",
3438,"[4.597668,1.301659,1.120139]",
3439,"[4.596241,1.303741,1.124694]",
3440,"[4.591327,1.310643,1.140372]",
3441,"[4.593722,1.304149,1.132731]",
3442,"[4.592858,1.304919,1.135486]",
3443,"[4.600146,1.288071,1.112232]",
3444,"[4.604192,1.279444,1.099321]",
3445,"[4.607599,1.271184,1.088449]",
3446,"[4.611248,1.262296,1.076807]",
3447,"[4.607947,1.264781,1.087339]",
3448,"[4.60538,1.266832,1.095532]",
3449,"[4.602474,1.269478,1.104804]",
3450,"[4.595972,1.275387,1.125551]",
3451,"[4.596269,1.270669,1.124605]",
3452,"[4.593727,1.266776,1.132715]",
3453,"[4.590724,1.267801,1.142296]",
3454,"[4.581684,1.275008,1.171144]",
3455,"[4.575689,1.28123,1.190275]",
3456,"[4.568964,1.289049,1.211732]",
3457,"[4.554905,1.306802,1.256597]",
3458,"[4.497046,1.363375,1.370679]",
3459,"[4.458101,1.363375,1.374697]",
3460,"[4.444956,1.363375,1.377281]",
3461,"[4.428089,1.363375,1.382565]",
3462,"[4.420916,1.363375,1.384994]",
3463,"[4.411993,1.363375,1.389258]",
3464,"[4.411677,1.363375,1.388779]",
3465,"[4.407091,1.363375,1.390344]",
3466,"[4.402803,1.363375,1.391834]",
3467,"[4.398101,1.363375,1.393819]",
3468,"[4.400098,1.363375,1.39561]",
3469,"[4.400936,1.363375,1.397005]",
3470,"[4.390509,1.363375,1.40269]",
3471,"[4.390675,1.363375,1.403671]",
3472,"[4.384882,1.363375,1.405565]",
3473,"[4.379363,1.363375,1.405192]",
3474,"[4.372658,1.363375,1.405501]",
3475,"[4.237373,0.9980045,0.7167673]",
3476,"[4.237795,0.9980045,0.7156107]",
3477,"[4.240147,0.9980045,0.7129111]",
3478,"[4.242002,0.9980045,0.7113494]",
3479,"[4.243756,0.9980045,0.7098015]",
3480,"[4.259705,0.9980045,0.700048]",
3481,"[4.269152,0.9980045,0.6956799]",
3482,"[4.418331,0.8385428,0.3382695]",
3483,"[4.379888,1.363375,1.378011]",
3484,"[4.387013,1.363375,1.376748]",
3485,"[4.388556,1.363375,1.376935]",
3486,"[4.389663,1.363375,1.37783]",
3487,"[4.389678,1.363375,1.378242]",
3488,"[4.38952,1.363375,1.378563]",
3489,"[4.381903,1.363375,1.379512]",
3490,"[4.599143,0.9104361,0.4978467]",
3491,"[4.599143,0.9073358,0.5058928]",
3492,"[4.599143,0.9059555,0.5113951]",
3493,"[4.599143,0.9044614,0.5335242]",
3494,"[4.599143,0.9049252,0.5381691]",
3495,"[4.599143,0.9058644,0.5451667]",
3496,"[4.603695,0.9022794,0.5459979]",
3497,"[4.607223,0.9001083,0.5459979]",
3498,"[4.640765,0.9039108,0.5698881]",
3499,"[4.640765,0.9230724,0.6146826]",
3500,"[4.463387,1.193806,1.107137]",
3501,"[4.455663,1.207731,1.131781]",
3502,"[4.446318,1.225553,1.161604]",
3503,"[4.444065,1.230255,1.168792]",
3504,"[4.441377,1.235394,1.177368]",
3505,"[4.440334,1.237997,1.180696]",
3506,"[4.446756,1.227383,1.160204]",
3507,"[4.446478,1.228637,1.16109]",
3508,"[4.446048,1.230371,1.162463]",
3509,"[4.442911,1.238233,1.172474]",
3510,"[4.440318,1.244013,1.180747]",
3511,"[4.437757,1.24948,1.188922]",
3512,"[4.432422,1.25957,1.205945]",
3513,"[4.43193,1.260784,1.207515]",
3514,"[4.431366,1.261884,1.209313]",
3515,"[4.431317,1.261855,1.209469]",
3516,"[4.434416,1.256635,1.19958]",
3517,"[4.437343,1.251863,1.190243]",
3518,"[4.440584,1.24658,1.179899]",
3519,"[4.447023,1.236418,1.159353]",
3520,"[4.450397,1.231189,1.148587]",
3521,"[4.456357,1.222237,1.129565]",
3522,"[4.459231,1.218206,1.120396]",
3523,"[4.465989,1.209555,1.098832]",
3524,"[4.468735,1.206204,1.09007]",
3525,"[4.472808,1.20094,1.077071]",
3526,"[4.478871,1.193123,1.057726]",
3527,"[4.481603,1.189452,1.049007]",
3528,"[4.487663,1.181181,1.02967]",
3529,"[4.490465,1.177276,1.020729]",
3530,"[4.495599,1.169691,1.004345]",
3531,"[4.49832,1.165293,0.9956637]",
3532,"[4.504294,1.155496,0.9766008]",
3533,"[4.507588,1.150267,0.9660879]",
3534,"[4.510992,1.144933,0.9552287]",
3535,"[4.640765,1.014767,0.6996052]",
3536,"[4.640765,1.012841,0.696378]",
3537,"[4.640765,1.009053,0.6893978]",
3538,"[4.640765,1.006937,0.6845568]",
3539,"[4.640765,0.9800031,0.6076976]",
3540,"[4.640765,0.9649848,0.5636824]",
3541,"[4.637642,0.9601184,0.5459979]",
3542,"[4.622033,0.9658717,0.5459979]",
3543,"[4.618105,0.9676129,0.5459979]",
3544,"[4.612271,0.9698328,0.5459979]",
3545,"[4.610385,0.9704626,0.5459979]",
3546,"[4.607411,0.9717286,0.5459979]",
3547,"[4.606267,0.9723942,0.5459979]",
3548,"[4.604992,0.9728823,0.5459979]",
3549,"[4.604056,0.9731223,0.5459979]",
3550,"[4.603524,0.9729365,0.5459979]",
3551,"[4.600272,0.9807332,0.5699385]",
3552,"[4.527162,1.062342,0.7438462]",
3553,"[4.513299,1.082203,0.7875263]",
3554,"[4.510339,1.092965,0.8112366]",
3555,"[4.51512,1.09126,0.8083893]",
3556,"[4.520132,1.090837,0.8063428]",
3557,"[4.522512,1.090865,0.8048377]",
3558,"[4.526802,1.091269,0.8013956]",
3559,"[4.528569,1.091242,0.8003652]",
3560,"[4.530001,1.090987,0.7990541]",
3561,"[4.531141,1.091073,0.7975745]",
3562,"[4.531775,1.091499,0.7965785]",
3563,"[4.532007,1.092432,0.7952632]",
3564,"[4.533309,1.093396,0.7941687]",
3565,"[4.53396,1.093937,0.7940723]",
3566,"[4.535463,1.096008,0.7941653]",
3567,"[4.536119,1.097118,0.7941665]",
3568,"[4.536446,1.097247,0.7933204]",
3569,"[4.664632,0.9791115,0.5459979]",
3570,"[4.664532,0.9800603,0.5459979]",
3571,"[4.663851,0.9831445,0.5459979]",
3572,"[4.663419,0.9851156,0.5459979]",
3573,"[4.63713,0.9910492,0.5459979]",
3574,"[4.613158,0.9983388,0.5459979]",
3575,"[4.604974,1.000921,0.5459979]",
3576,"[4.599143,0.9983733,0.5351137]",
3577,"[4.599143,0.9949104,0.5260532]",
3578,"[4.599143,0.9816434,0.5009167]",
3579,"[4.599143,0.9756949,0.4909796]",
3580,"[4.599143,0.9688021,0.4808542]",
3581,"[4.471941,1.096608,0.7609967]",
3582,"[4.46735,1.096396,0.7639142]",
3583,"[4.459646,1.096144,0.7665507]",
3584,"[4.456643,1.096055,0.7662921]",
3585,"[4.451131,1.096052,0.7650877]",
3586,"[4.449059,1.096304,0.7645891]",
3587,"[4.668578,0.8295541,0.1983903]",
3588,"[4.612087,0.8953183,0.3340316]",
3589,"[4.609128,0.8971717,0.3340316]",
3590,"[4.605078,0.9006292,0.3340316]",
3591,"[4.60284,0.9028221,0.3340316]",
3592,"[4.60159,0.9056354,0.3340316]",
3593,"[4.601883,0.9066567,0.3340316]",
3594,"[4.602377,0.9077542,0.3340316]",
3595,"[4.602622,0.907899,0.3340316]",
3596,"[4.602972,0.908092,0.3340316]",
3597,"[4.603082,0.9081172,0.3340316]",
3598,"[4.603612,0.9079361,0.3340316]",
3599,"[4.604252,0.9077991,0.3340316]",
3600,"[4.604737,0.9071052,0.3340316]",
3601,"[4.605306,0.9059435,0.3340316]",
3602,"[4.605566,0.9054221,0.3340316]",
3603,"[4.606311,0.904658,0.3340316]",
3604,"[4.606836,0.9043475,0.3340316]",
3605,"[4.607765,0.9038274,0.3340316]",
3606,"[4.609753,0.9032187,0.3340316]",
3607,"[4.610737,0.9032629,0.3340316]",
3608,"[4.612146,0.9036994,0.3340316]",
3609,"[4.612592,0.903837,0.3340316]",
3610,"[4.612809,0.9029765,0.3340316]",
3611,"[4.593811,0.8295541,0.2167946]",
3612,"[4.556701,0.8295541,0.2318257]",
3613,"[4.219495,0.9980045,0.6691489]",
3614,"[4.194149,0.9980045,0.6789237]",
3615,"[4.167272,0.9980045,0.690909]",
3616,"[4.15566,0.9980045,0.6973273]",
3617,"[4.134328,0.9980045,0.7197248]",
3618,"[4.126248,0.9980045,0.7309518]",
3619,"[4.109298,0.9980045,0.75536]",
3620,"[4.099197,0.9980045,0.7692155]",
3621,"[4.088148,0.9980045,0.7830836]",
3622,"[4.054422,0.9723423,0.7840931]",
3623,"[3.704444,0.4604716,0.5201135]",
3624,"[3.678951,0.4474539,0.5506765]",
3625,"[3.624721,0.3199116,0.5962027]",
3626,"[3.601748,0.2923685,0.6891025]",
3627,"[3.563579,0.22461,0.6964443]",
3628,"[3.555382,0.210284,0.6971049]",
3629,"[3.506287,0.1398564,0.6880471]",
3630,"[3.501927,0.1357712,0.6879485]",
3631,"[3.500736,0.13975,0.683001]",
3632,"[3.492892,0.137636,0.6806577]",
3633,"[3.501294,0.189795,0.6933935]",
3634,"[3.491498,0.1960926,0.6927212]",
3635,"[3.44617,0.2118964,0.689611]",
3636,"[3.331301,0.1101028,0.5868679]",
3637,"[3.310719,0.1461894,0.6029561]",
3638,"[3.200841,0.1774126,0.6029561]",
3639,"[3.15392,0.1896632,0.6029561]",
3640,"[3.087202,0.2385423,0.6029561]",
3641,"[3.093644,0.2606685,0.6029561]",
3642,"[3.121381,0.3103805,0.6029561]",
3643,"[3.135908,0.3338183,0.6029561]",
3644,"[3.143929,0.3530756,0.6029561]",
3645,"[3.180384,0.5729616,0.6029561]",
3646,"[3.180658,0.6038373,0.6029561]",
3647,"[3.20335,0.7257202,0.6029561]",
3648,"[3.208939,0.7493144,0.6029561]",
3649,"[3.209558,0.7763867,0.6029561]",
3650,"[3.213695,0.7833493,0.6029561]",
3651,"[3.225586,0.794868,0.6029561]",
3652,"[3.229691,0.8021904,0.6029561]",
3653,"[3.238606,0.8090288,0.6029561]",
3654,"[3.249272,0.8227645,0.6029561]",
3655,"[3.255067,0.8284276,0.6029561]",
3656,"[3.264879,0.8400857,0.6029561]",
3657,"[3.27257,0.8425724,0.6029561]",
3658,"[3.282904,0.8486739,0.6029561]",
3659,"[3.286874,0.8520722,0.6029561]",
3660,"[3.292922,0.8540628,0.6029561]",
3661,"[3.304317,0.8522503,0.6029561]",
3662,"[3.308168,0.8530157,0.6029561]",
3663,"[3.316073,0.8556412,0.6029561]",
3664,"[3.317802,0.8557283,0.6017586]",
3665,"[3.31851,0.8557283,0.5979135]",
3666,"[3.319751,0.8557283,0.597966]",
3667,"[3.320882,0.8557283,0.5976987]",
3668,"[3.323796,0.8557283,0.5993154]",
3669,"[3.326902,0.8547444,0.6029561]",
3670,"[3.640304,1.096114,1.00145]",
3671,"[3.648775,1.100658,1.008849]",
3672,"[3.657128,1.105399,1.015868]",
3673,"[3.667326,1.110445,1.021583]",
3674,"[3.672059,1.112771,1.02351]",
3675,"[3.680585,1.117353,1.025743]",
3676,"[3.68451,1.119827,1.026147]",
3677,"[3.688168,1.122412,1.026588]",
3678,"[3.70043,1.124312,1.028885]",
3679,"[3.331301,0.8161862,0.5328149]",
3680,"[3.331301,0.8046045,0.5264078]",
3681,"[3.331301,0.7859372,0.5130483]",
3682,"[3.331301,0.776835,0.5052539]",
3683,"[3.331301,0.7413625,0.4657017]",
3684,"[3.387774,0.7701111,0.5191343]",
3685,"[3.436091,0.7701111,0.5450413]",
3686,"[3.455378,0.770111,0.5568546]",
3687,"[3.470867,0.770111,0.5657283]",
3688,"[3.492934,0.770111,0.5802149]",
3689,"[3.500391,0.770111,0.5866405]",
3690,"[3.508707,0.770111,0.5987279]",
3691,"[3.512104,0.770111,0.6038182]",
3692,"[3.50994,0.770111,0.6093704]",
3693,"[3.505938,0.770111,0.6091595]",
3694,"[3.502193,0.770111,0.6083935]",
3695,"[3.493667,0.770111,0.6058439]",
3696,"[3.490402,0.770111,0.6046884]",
3697,"[3.480738,0.770111,0.5994782]",
3698,"[3.477358,0.770111,0.5977391]",
3699,"[3.472898,0.770111,0.5954576]",
3700,"[3.471649,0.770111,0.5951077]",
3701,"[3.470919,0.770111,0.5952715]",
3702,"[3.471358,0.770111,0.5968051]",
3703,"[3.472757,0.770111,0.5997467]",
3704,"[3.476484,0.770111,0.6083226]",
3705,"[3.47886,0.7701109,0.6208886]",
3706,"[3.493169,0.7701109,0.6689969]",
3707,"[3.500529,0.770111,0.6907658]",
3708,"[3.694672,0.9886481,0.9992144]",
3709,"[3.690642,0.9809029,0.9962507]",
3710,"[3.686257,0.9724222,0.9919496]",
3711,"[3.677833,0.9575415,0.9806145]",
3712,"[3.673986,0.9513663,0.9744377]",
3713,"[3.668297,0.9408558,0.9644735]",
3714,"[3.665699,0.9354506,0.9593513]",
3715,"[3.659372,0.923564,0.9463079]",
3716,"[3.656515,0.9176091,0.9397608]",
3717,"[3.531791,0.745656,0.7323953]",
3718,"[3.533453,0.7445197,0.7321933]",
3719,"[3.533679,0.7443773,0.7321644]",
3720,"[3.534683,0.7437381,0.7320377]",
3721,"[3.534915,0.7436024,0.7320071]",
3722,"[3.53498,0.7431624,0.7320397]",
3723,"[3.534715,0.7425155,0.7321565]",
3724,"[3.534094,0.7387193,0.7326635]",
3725,"[3.533162,0.7351425,0.7332077]",
3726,"[3.53202,0.7326547,0.7336807]",
3727,"[3.530132,0.7294642,0.7343685]",
3728,"[3.529131,0.7280123,0.7347084]",
3729,"[3.527524,0.724347,0.7353911]",
3730,"[3.527078,0.7219844,0.735718]",
3731,"[3.525788,0.7188568,0.7362847]",
3732,"[3.525343,0.7169314,0.7365667]",
3733,"[3.525267,0.7158421,0.7366927]",
3734,"[3.525079,0.7126123,0.7370589]",
3735,"[3.525006,0.7106574,0.7372728]",
3736,"[3.525494,0.7101953,0.7372266]",
3737,"[3.525874,0.7092406,0.7372513]",
3738,"[3.526716,0.7076145,0.7372565]",
3739,"[3.527176,0.7066761,0.7372643]",
3740,"[3.527951,0.7040045,0.7373891]",
3741,"[3.533231,0.6935514,0.7374469]",
3742,"[3.536387,0.6868079,0.737259]",
3743,"[3.54068,0.6776558,0.7362207]",
3744,"[3.54163,0.6768258,0.7359911]",
3745,"[3.542528,0.6761551,0.7357737]",
3746,"[3.542653,0.6762131,0.7357436]",
3747,"[3.54268,0.6764656,0.7357371]",
3748,"[3.542562,0.6765895,0.7357654]",
3749,"[3.542286,0.6767167,0.7358324]",
3750,"[3.541496,0.6771402,0.7360233]",
3751,"[3.541392,0.6772325,0.7360486]",
3752,"[3.5411,0.6774232,0.7361193]",
3753,"[3.540886,0.6775964,0.7361709]",
3754,"[3.540152,0.6786555,0.7363485]",
3755,"[3.539621,0.679558,0.7364768]",
3756,"[3.538663,0.6813073,0.7367084]",
3757,"[3.538033,0.6822835,0.736861]",
3758,"[3.537885,0.6830212,0.7368969]",
3759,"[3.537329,0.6845919,0.7370312]",
3760,"[3.536954,0.6852858,0.7371218]",
3761,"[3.505346,0.6805888,0.744111]",
3762,"[3.496825,0.6790307,0.7459016]",
3763,"[3.476716,0.6763465,0.7500261]",
3764,"[3.467179,0.6756884,0.7519194]",
3765,"[3.458955,0.673359,0.7508711]",
3766,"[3.445499,0.6644366,0.7422572]",
3767,"[3.442633,0.662425,0.7401494]",
3768,"[3.439248,0.6597863,0.7376228]",
3769,"[3.437796,0.6575367,0.7363825]",
3770,"[3.43437,0.6508657,0.7332634]",
3771,"[3.433218,0.6485208,0.7322009]",
3772,"[3.43211,0.646098,0.7311549]",
3773,"[3.430786,0.6430214,0.72988]",
3774,"[3.430302,0.6419428,0.7294198]",
3775,"[3.346176,0.522711,0.605985]",
3776,"[3.34595,0.522711,0.6061618]",
3777,"[3.345735,0.522711,0.6064146]",
3778,"[3.345669,0.522711,0.6064801]",
3779,"[3.447776,0.6555392,0.7424577]",
3780,"[3.46076,0.6658804,0.7511131]",
3781,"[3.467607,0.6711993,0.7520311]",
3782,"[3.474829,0.6754581,0.7504783]",
3783,"[3.477714,0.6770016,0.7497683]",
3784,"[3.482991,0.6794226,0.7485103]",
3785,"[3.485916,0.6807972,0.7478098]",
3786,"[3.490412,0.683827,0.7466393]",
3787,"[3.492547,0.6859335,0.7460151]",
3788,"[3.494826,0.6907296,0.7450883]",
3789,"[3.495791,0.6930957,0.7446617]",
3790,"[3.496927,0.6957108,0.7441768]",
3791,"[3.498906,0.6995595,0.7434043]",
3792,"[3.499737,0.7009661,0.7431016]",
3793,"[3.500168,0.7008315,0.7430329]",
3794,"[3.500089,0.7004749,0.7430844]",
3795,"[3.499938,0.7000628,0.7431555]",
3796,"[3.499161,0.6995842,0.743353]",
3797,"[3.49856,0.6995593,0.7434706]",
3798,"[3.490214,0.7020419,0.7448148]",
3799,"[3.487519,0.7031031,0.7452223]",
3800,"[3.484507,0.7042592,0.7456807]",
3801,"[3.483522,0.7044634,0.7458483]",
3802,"[3.482772,0.7045475,0.7459834]",
3803,"[3.481341,0.7041965,0.7462934]",
3804,"[3.48085,0.704002,0.7464072]",
3805,"[3.480279,0.7039896,0.7465178]",
3806,"[3.479887,0.704007,0.7465912]",
3807,"[3.479295,0.7041036,0.7466944]",
3808,"[3.478922,0.704168,0.7467593]",
3809,"[3.478367,0.704609,0.7468205]",
3810,"[3.478164,0.7049901,0.7468204]",
3811,"[3.477645,0.7055522,0.7468623]",
3812,"[3.476792,0.7065918,0.7469192]",
3813,"[3.476582,0.7071075,0.7469068]",
3814,"[3.476782,0.7081999,0.7467568]",
3815,"[3.477135,0.7086931,0.7466389]",
3816,"[3.478701,0.7089989,0.7463076]",
3817,"[3.479967,0.7088725,0.7460782]",
3818,"[3.480843,0.7087605,0.745922]",
3819,"[3.481926,0.7088147,0.745709]",
3820,"[3.482473,0.7091736,0.7455676]",
3821,"[3.482979,0.7102305,0.7453628]",
3822,"[3.483016,0.7107469,0.7453029]",
3823,"[3.482903,0.7116141,0.7452358]",
3824,"[3.482809,0.7121021,0.745204]",
3825,"[3.482368,0.7130274,0.7451938]",
3826,"[3.48204,0.7135944,0.7451985]",
3827,"[3.481649,0.714288,0.7452025]",
3828,"[3.480607,0.7154936,0.7452787]",
3829,"[3.479812,0.7164568,0.7453327]",
3830,"[3.479515,0.7177582,0.7452562]",
3831,"[3.48314,0.7187778,0.7444582]",
3832,"[3.488575,0.7206293,0.7432282]",
3833,"[3.49112,0.7214913,0.7426527]",
3834,"[3.494952,0.7224542,0.7418205]",
3835,"[3.49681,0.7228953,0.7414197]",
3836,"[3.499011,0.7237411,0.7409118]",
3837,"[3.503036,0.7266839,0.7398404]",
3838,"[3.505196,0.728244,0.7392673]",
3839,"[3.508682,0.7302935,0.7383904]",
3840,"[3.5104,0.7311115,0.7379778]",
3841,"[3.514131,0.7328398,0.7370868]",
3842,"[3.516638,0.7340438,0.7364838]",
3843,"[3.519375,0.7352322,0.7358383]",
3844,"[3.523016,0.7378556,0.7348729]",
3845,"[3.524158,0.7390445,0.7345327]",
3846,"[3.526445,0.740152,0.7339815]",
3847,"[3.52848,0.7395667,0.7336517]",
3848,"[3.53557,0.7347782,0.7327839]",
3849,"[3.540172,0.7312541,0.7322632]",
3850,"[3.544498,0.7272164,0.7318477]",
3851,"[3.549311,0.7203109,0.7316324]",
3852,"[3.535739,0.6940291,0.7044486]",
3853,"[3.427938,0.522711,0.5022807]",
3854,"[3.634238,0.8344498,0.8862156]",
3855,"[3.653195,0.8590416,0.9208259]",
3856,"[3.446467,0.522711,0.5334361]",
3857,"[3.44753,0.522711,0.5366052]",
3858,"[3.449269,0.522711,0.5404874]",
3859,"[3.450414,0.522711,0.5424299]",
3860,"[3.45198,0.522711,0.5447733]",
3861,"[3.452844,0.522711,0.5483344]",
3862,"[3.45577,0.522711,0.559277]",
3863,"[3.455574,0.522711,0.5617231]",
3864,"[3.455114,0.522711,0.5643113]",
3865,"[3.451708,0.522711,0.5668542]",
3866,"[3.447553,0.522711,0.5633767]",
3867,"[3.443964,0.522711,0.5604429]",
3868,"[3.436965,0.522711,0.5551745]",
3869,"[3.650088,0.8559083,0.9391466]",
3870,"[3.656721,0.8691859,0.952378]",
3871,"[3.669872,0.8934956,0.9771358]",
3872,"[3.672509,0.8989471,0.9822856]",
3873,"[3.675786,0.9055035,0.9884459]",
3874,"[3.671219,0.89954,0.9802788]",
3875,"[3.662652,0.8873924,0.963985]",
3876,"[3.643598,0.8600662,0.9261853]",
3877,"[3.625582,0.8333651,0.8920408]",
3878,"[3.420401,0.522711,0.5172914]",
3879,"[3.421287,0.522711,0.5163184]",
3880,"[3.422039,0.522711,0.5155808]",
3881,"[3.422423,0.522711,0.5167861]",
3882,"[3.422737,0.522711,0.518264]",
3883,"[3.423236,0.522711,0.5212781]",
3884,"[3.423469,0.522711,0.5227035]",
3885,"[3.424031,0.522711,0.5260481]",
3886,"[3.424007,0.522711,0.5272616]",
3887,"[3.423855,0.522711,0.5287619]",
3888,"[3.423536,0.522711,0.5290241]",
3889,"[3.422946,0.522711,0.5295371]",
3890,"[3.42259,0.522711,0.5303329]",
3891,"[3.422196,0.522711,0.530669]",
3892,"[3.421717,0.522711,0.5322772]",
3893,"[3.421464,0.522711,0.5332379]",
3894,"[3.420663,0.522711,0.5352923]",
3895,"[3.420087,0.522711,0.5361369]",
3896,"[3.419564,0.522711,0.5377425]",
3897,"[3.419708,0.522711,0.5387014]",
3898,"[3.419664,0.522711,0.5390926]",
3899,"[3.419417,0.522711,0.5403364]",
3900,"[3.409504,0.522711,0.5438968]",
3901,"[3.397894,0.522711,0.5480879]",
3902,"[3.393496,0.522711,0.5491248]",
3903,"[3.387458,0.522711,0.549172]",
3904,"[3.384926,0.5227109,0.5491078]",
3905,"[3.331301,0.4497027,0.4629112]",
3906,"[3.331301,0.458665,0.4691336]",
3907,"[3.331301,0.4633457,0.4720774]",
3908,"[3.331301,0.4744347,0.4774452]",
3909,"[3.331301,0.4801825,0.479152]",
3910,"[3.331301,0.4878775,0.4801787]",
3911,"[3.331301,0.489076,0.4786286]",
3912,"[3.331301,0.4924319,0.4755285]",
3913,"[3.331301,0.4938217,0.4733687]",
3914,"[3.331301,0.4951584,0.4710153]",
3915,"[3.331301,0.4714228,0.4373767]",
3916,"[3.331301,0.4611275,0.4213724]",
3917,"[3.585984,0.522711,0.5022085]",
3918,"[3.661316,0.522711,0.5056975]",
3919,"[3.723283,0.5111427,0.4970186]",
3920,"[3.66234,0.1259837,0.05000021]",
3921,"[3.681077,0.1260037,0.05000033]",
3922,"[3.710369,0.1279044,0.05000033]",
3923,"[3.714939,0.1268429,0.05000033]",
3924,"[3.728256,0.1234975,0.05000032]",
3925,"[3.731366,0.1198834,0.05000032]",
3926,"[3.737517,0.1152077,0.05000032]",
3927,"[3.740025,0.1142185,0.05000032]",
3928,"[3.745984,0.1086572,0.05000044]",
3929,"[3.749351,0.10786,0.05000044]",
3930,"[3.74941,0.1079125,0.05000044]",
3931,"[3.747316,0.1106753,0.05000044]",
3932,"[3.745148,0.1121765,0.05000044]",
3933,"[3.678345,0.1219327,0.05000033]",
3934,"[3.646574,0.1327449,0.05000033]",
3935,"[3.75569,0.9656942,0.972651]",
3936,"[3.744421,0.9773685,0.9754409]",
3937,"[3.737899,0.9841685,0.9753686]",
3938,"[3.617045,0.7673403,0.6959682]",
3939,"[3.60557,0.7701109,0.6898779]",
3940,"[3.599459,0.7701108,0.6879939]",
3941,"[3.588666,0.7701108,0.6846755]",
3942,"[3.58286,0.7701109,0.6812282]",
3943,"[3.574276,0.7701108,0.6760481]",
3944,"[3.571109,0.7701109,0.6751859]",
3945,"[3.56577,0.7701109,0.675602]",
3946,"[3.558884,0.770111,0.6722733]",
3947,"[3.548349,0.7701109,0.6716088]",
3948,"[3.543323,0.770111,0.6729997]",
3949,"[3.549568,0.8096747,0.7129862]",
3950,"[3.546063,0.8157157,0.7191236]",
3951,"[3.53774,0.820706,0.7260798]",
3952,"[3.533484,0.8195111,0.728453]",
3953,"[3.522107,0.8034959,0.7183395]",
3954,"[3.499431,0.770111,0.7120511]",
3955,"[3.498711,0.7697126,0.7297098]",
3956,"[3.47735,0.7360706,0.7437977]",
3957,"[3.463266,0.7117614,0.7489796]",
3958,"[3.254711,0.3863559,0.6029561]",
3959,"[3.230173,0.3422959,0.6029561]",
3960,"[3.207534,0.287183,0.6029561]",
3961,"[3.203733,0.2664532,0.6029561]",
3962,"[3.200153,0.2463207,0.6029561]",
3963,"[3.192919,0.2002191,0.6029561]",
3964,"[3.190849,0.1764573,0.6029561]",
3965,"[3.177979,0.112352,0.6029561]",
3966,"[3.178854,0.1,0.6055008]",
3967,"[3.198109,0.1,0.6315509]",
3968,"[3.211211,0.1,0.6498234]",
3969,"[3.221125,0.1,0.6611406]",
3970,"[3.240309,0.1,0.6889287]",
3971,"[3.243387,0.1,0.6917447]",
3972,"[3.247853,0.1,0.6951222]",
3973,"[3.248989,0.1,0.6951491]",
3974,"[3.249931,0.1,0.6875821]",
3975,"[3.249983,0.1,0.6818329]",
3976,"[3.250738,0.1,0.6793618]",
3977,"[3.254967,0.1,0.6509163]",
3978,"[3.256565,0.1,0.6416425]",
3979,"[3.26176,0.1,0.6331748]",
3980,"[3.269576,0.1,0.6260697]",
3981,"[3.28187,0.1,0.6177584]",
3982,"[3.287473,0.1,0.615649]",
3983,"[3.297614,0.1031495,0.6029561]",
3984,"[3.310236,0.1226767,0.6029561]",
3985,"[3.322853,0.136484,0.6029561]",
3986,"[3.331301,0.1426703,0.5867034]",
3987,"[3.331301,0.1383734,0.5806751]",
3988,"[3.331301,0.1413859,0.5745489]",
3989,"[3.331301,0.1423559,0.5713134]",
3990,"[3.331301,0.1578166,0.5693272]",
3991,"[3.331301,0.1645302,0.5675776]",
3992,"[3.331301,0.1665007,0.5663648]",
3993,"[3.331301,0.163331,0.5606695]",
3994,"[3.331301,0.1554998,0.5458045]",
3995,"[3.453229,0.357586,0.6936492]",
3996,"[3.486256,0.4114029,0.7332598]",
3997,"[3.515778,0.4586946,0.764755]",
3998,"[3.517595,0.4602506,0.7626997]",
3999,"[3.520948,0.4641962,0.7591158]",
4000,"[3.544729,0.504861,0.7901036]",
4001,"[3.581357,0.5674562,0.8408505]",
4002,"[3.331301,0.1283187,0.4588217]",
4003,"[3.331301,0.1271375,0.456472]",
4004,"[3.331301,0.1264178,0.4523236]",
4005,"[3.331301,0.1262732,0.4506939]",
4006,"[3.331301,0.125958,0.4492384]",
4007,"[3.331301,0.1245066,0.4461135]",
4008,"[3.331301,0.1262885,0.4439742]",
4009,"[3.331301,0.1271286,0.4431571]",
4010,"[3.331301,0.1277819,0.4424534]",
4011,"[3.655586,0.6940108,0.9449509]",
4012,"[3.660512,0.7025602,0.9524559]",
4013,"[3.659302,0.7007535,0.9507179]",
4014,"[3.654917,0.6932318,0.9439492]",
4015,"[3.636655,0.6613107,0.9155655]",
4016,"[3.631004,0.6516719,0.9069533]",
4017,"[3.623705,0.6390612,0.8955464]",
4018,"[3.331301,0.1296526,0.4386618]",
4019,"[3.331301,0.1265559,0.434347]",
4020,"[3.331301,0.1189507,0.4249373]",
4021,"[3.48185,0.3163843,0.5929434]",
4022,"[3.508408,0.3163843,0.5863234]",
4023,"[3.515525,0.3163843,0.5841872]",
4024,"[3.520569,0.3163843,0.5823401]",
4025,"[3.525075,0.3163843,0.5789929]",
4026,"[3.525251,0.3163843,0.5783294]",
4027,"[3.516162,0.3163843,0.5772172]",
4028,"[3.509723,0.3163843,0.5773026]",
4029,"[3.50066,0.3163843,0.578799]",
4030,"[3.497278,0.3163843,0.5801316]",
4031,"[3.492337,0.3163843,0.5836276]",
4032,"[3.49112,0.3163843,0.5860261]",
4033,"[3.489586,0.3163843,0.5877592]",
4034,"[3.487975,0.3163843,0.5901555]",
4035,"[3.48728,0.3163843,0.591156]",
4036,"[3.486066,0.3163843,0.5934747]",
4037,"[3.485584,0.3163843,0.5950723]",
4038,"[3.484058,0.3163843,0.5951223]",
4039,"[3.483218,0.3163843,0.5951779]",
4040,"[3.482431,0.3163843,0.5953361]",
4041,"[3.480531,0.3163843,0.5954394]",
4042,"[3.47942,0.3163843,0.5955111]",
4043,"[3.475828,0.3163843,0.5958692]",
4044,"[3.461978,0.2949018,0.575712]",
4045,"[3.45893,0.2949019,0.5770828]",
4046,"[3.457612,0.2949018,0.5777092]",
4047,"[3.456285,0.2949018,0.5789034]",
4048,"[3.455009,0.2949019,0.581067]",
4049,"[3.454477,0.2949018,0.5825012]",
4050,"[3.453259,0.2949019,0.5819759]",
4051,"[3.453399,0.2949019,0.5801464]",
4052,"[3.45334,0.294902,0.5732877]",
4053,"[3.453127,0.2949019,0.5681487]",
4054,"[3.453647,0.2949018,0.5618292]",
4055,"[3.454109,0.2949019,0.5593188]",
4056,"[3.454798,0.2949019,0.5580433]",
4057,"[3.466997,0.3163843,0.576753]",
4058,"[3.466692,0.3163843,0.5755215]",
4059,"[3.465306,0.3163843,0.5715972]",
4060,"[3.46459,0.3163843,0.5696492]",
4061,"[3.464006,0.3163843,0.5685614]",
4062,"[3.463601,0.3163843,0.56819]",
4063,"[3.463365,0.3163843,0.5680334]",
4064,"[3.462746,0.3163843,0.5675484]",
4065,"[3.461882,0.3163843,0.5667278]",
4066,"[3.4477,0.2949018,0.5433273]",
4067,"[3.446202,0.2949018,0.542268]",
4068,"[3.443801,0.2949018,0.5406407]",
4069,"[3.443993,0.2949018,0.5404099]",
4070,"[3.443124,0.2949019,0.5391617]",
4071,"[3.439831,0.2905106,0.5335703]",
4072,"[3.435551,0.2843031,0.5262951]",
4073,"[3.343719,0.1,0.3454686]",
4074,"[3.343332,0.1,0.3457835]",
4075,"[3.342683,0.1,0.3452507]",
4076,"[3.342746,0.1,0.3452746]",
4077,"[3.342857,0.1,0.3456428]",
4078,"[3.345658,0.1,0.3483098]",
4079,"[3.436535,0.2862513,0.5326825]",
4080,"[3.437379,0.2875046,0.5343871]",
4081,"[3.441821,0.2941511,0.5437896]",
4082,"[3.442986,0.2949019,0.548438]",
4083,"[3.44311,0.2949019,0.5498258]",
4084,"[3.443655,0.2949018,0.5521038]",
4085,"[3.444141,0.2949018,0.5532299]",
4086,"[3.444687,0.2949019,0.5536091]",
4087,"[3.445607,0.2949019,0.5540965]",
4088,"[3.446971,0.2949018,0.5550559]",
4089,"[3.449117,0.2949019,0.5566196]",
4090,"[3.450116,0.2949018,0.5573676]",
4091,"[3.4518,0.2949019,0.5588099]",
4092,"[3.452795,0.2949018,0.559482]",
4093,"[3.453601,0.2949018,0.5597522]",
4094,"[3.453661,0.2949018,0.5596321]",
4095,"[3.45368,0.2949019,0.559526]",
4096,"[3.453653,0.2949018,0.5593134]",
4097,"[3.453599,0.2949018,0.5592227]",
4098,"[3.453708,0.2949018,0.5590478]",
4099,"[3.453813,0.2949018,0.558946]",
4100,"[3.453667,0.2949018,0.5589316]",
4101,"[3.453263,0.2949018,0.5590029]",
4102,"[3.452958,0.2949019,0.5591052]",
4103,"[3.452229,0.2949018,0.5601594]",
4104,"[3.452,0.2949018,0.5605333]",
4105,"[3.451583,0.2949019,0.5608221]",
4106,"[3.451151,0.2949019,0.5611674]",
4107,"[3.450613,0.2949018,0.5619482]",
4108,"[3.450216,0.2949018,0.5620794]",
4109,"[3.449265,0.2949019,0.5622001]",
4110,"[3.448759,0.2949019,0.5622822]",
4111,"[3.448172,0.2949019,0.5624651]",
4112,"[3.4471,0.2949018,0.5630312]",
4113,"[3.446584,0.2949018,0.5632159]",
4114,"[3.44568,0.2949019,0.5630654]",
4115,"[3.445292,0.2949019,0.5628325]",
4116,"[3.444703,0.2949018,0.5623544]",
4117,"[3.444497,0.2949018,0.5621313]",
4118,"[3.444048,0.2949019,0.5622113]",
4119,"[3.443354,0.2949018,0.5624203]",
4120,"[3.443044,0.2949018,0.5625244]",
4121,"[3.444266,0.2949018,0.5623068]",
4122,"[3.445604,0.2949018,0.5619653]",
4123,"[3.447684,0.2949019,0.5612691]",
4124,"[3.448269,0.2949018,0.5609909]",
4125,"[3.44893,0.2949019,0.5601536]",
4126,"[3.449178,0.2949018,0.559714]",
4127,"[3.449457,0.2949018,0.5591907]",
4128,"[3.449858,0.2949018,0.5586032]",
4129,"[3.449993,0.2949018,0.5582638]",
4130,"[3.450487,0.2949019,0.5583224]",
4131,"[3.450841,0.2949018,0.5585006]",
4132,"[3.451835,0.2949018,0.5592105]",
4133,"[3.452245,0.2949019,0.5594968]",
4134,"[3.452509,0.2949019,0.5596321]",
4135,"[3.453468,0.2949018,0.559718]",
4136,"[3.454004,0.2949018,0.5596576]",
4137,"[3.455007,0.2949018,0.5593599]",
4138,"[3.455339,0.2949018,0.5587579]",
4139,"[3.455601,0.2949018,0.5578749]",
4140,"[3.455623,0.2949018,0.557606]",
4141,"[3.455643,0.2949018,0.557348]",
4142,"[3.455708,0.2949018,0.5571079]",
4143,"[3.455744,0.2949018,0.5569026]",
4144,"[3.457622,0.2991321,0.5604618]",
4145,"[3.458748,0.3019734,0.5627437]",
4146,"[3.453345,0.2949018,0.5557159]",
4147,"[3.451497,0.2949018,0.5558199]",
4148,"[3.448816,0.2949018,0.5557698]",
4149,"[3.447697,0.2949018,0.5552838]",
4150,"[3.446807,0.2949018,0.5549549]",
4151,"[3.445228,0.2949018,0.5545875]",
4152,"[3.444892,0.2949018,0.5551655]",
4153,"[3.499415,0.4156338,0.6725624]",
4154,"[3.518018,0.4559005,0.7115524]",
4155,"[3.362291,0.1,0.3700294]",
4156,"[3.364855,0.1,0.3736599]",
4157,"[3.367405,0.1,0.376878]",
4158,"[3.369644,0.1,0.3792446]",
4159,"[3.369075,0.1,0.3786247]",
4160,"[3.364696,0.1,0.376092]",
4161,"[3.363674,0.1,0.375469]",
4162,"[3.360912,0.1,0.3740976]",
4163,"[3.36071,0.1,0.374243]",
4164,"[3.360558,0.1,0.3733422]",
4165,"[3.360877,0.1,0.3731914]",
4166,"[3.36107,0.1,0.3727295]",
4167,"[3.361784,0.1,0.3725861]",
4168,"[3.363415,0.1,0.3727772]",
4169,"[3.364488,0.1,0.3735698]",
4170,"[3.364326,0.1,0.3741168]",
4171,"[3.497644,0.4301108,0.6926934]",
4172,"[3.496667,0.4271262,0.690184]",
4173,"[3.496106,0.4249828,0.6880794]",
4174,"[3.495167,0.4269311,0.6895089]",
4175,"[3.494701,0.4291726,0.6913728]",
4176,"[3.494194,0.4304054,0.6925308]",
4177,"[3.363297,0.1,0.3761678]",
4178,"[3.366157,0.1,0.3778526]",
4179,"[3.367596,0.1,0.3787754]",
4180,"[3.370964,0.1,0.3811768]",
4181,"[3.373494,0.1,0.3835886]",
4182,"[3.375634,0.1,0.3856246]",
4183,"[3.379884,0.1,0.3895877]",
4184,"[3.381891,0.1,0.3913829]",
4185,"[3.509058,0.4330112,0.7056413]",
4186,"[3.511554,0.4365392,0.7090393]",
4187,"[3.516428,0.4413715,0.7134044]",
4188,"[3.518336,0.4416369,0.7137562]",
4189,"[3.520121,0.4408792,0.7133247]",
4190,"[3.522543,0.4388252,0.7123353]",
4191,"[3.480448,0.3163843,0.5988494]",
4192,"[3.483031,0.3163843,0.6023218]",
4193,"[3.483383,0.3163843,0.6031123]",
4194,"[3.485708,0.3163843,0.6061693]",
4195,"[3.486674,0.3163843,0.6069027]",
4196,"[3.487719,0.3163843,0.607235]",
4197,"[3.488267,0.3163843,0.6071478]",
4198,"[3.48921,0.3163843,0.6067082]",
4199,"[3.489837,0.3163843,0.6064595]",
4200,"[3.489732,0.3163843,0.606479]",
4201,"[3.488729,0.3163843,0.6072239]",
4202,"[3.487903,0.3163843,0.6081665]",
4203,"[3.485104,0.3163843,0.6095282]",
4204,"[3.484134,0.3163843,0.6102635]",
4205,"[3.473331,0.2949019,0.5925842]",
4206,"[3.472416,0.2949019,0.5930601]",
4207,"[3.471168,0.2949019,0.5936916]",
4208,"[3.470391,0.2949018,0.5937491]",
4209,"[3.469652,0.2949019,0.5934885]",
4210,"[3.467948,0.2949019,0.5925268]",
4211,"[3.466767,0.2949018,0.5917163]",
4212,"[3.464515,0.2949018,0.5904363]",
4213,"[3.463541,0.2949019,0.589849]",
4214,"[3.463858,0.2949018,0.5899303]",
4215,"[3.464881,0.2949018,0.5904338]",
4216,"[3.465976,0.2949018,0.5911931]",
4217,"[3.467845,0.2949019,0.5925294]",
4218,"[3.468557,0.2949018,0.5931523]",
4219,"[3.470537,0.2949019,0.5941658]",
4220,"[3.471668,0.2949019,0.5944554]",
4221,"[3.472996,0.2949018,0.5941555]",
4222,"[3.473295,0.2949019,0.5937575]",
4223,"[3.473251,0.2949018,0.5928949]",
4224,"[3.473006,0.2949019,0.5913732]",
4225,"[3.475594,0.3019252,0.5968725]",
4226,"[3.481171,0.3163843,0.6078974]",
4227,"[3.482421,0.3188711,0.6090321]",
4228,"[3.474576,0.2949018,0.5862039]",
4229,"[3.476009,0.2949019,0.5854681]",
4230,"[3.476896,0.2949019,0.584982]",
4231,"[3.476723,0.2949019,0.5846189]",
4232,"[3.476061,0.2949018,0.5847052]",
4233,"[3.47436,0.2949018,0.5854635]",
4234,"[3.473146,0.2949019,0.5860987]",
4235,"[3.471808,0.2949018,0.5865304]",
4236,"[3.470747,0.2949019,0.5864601]",
4237,"[3.470065,0.2949018,0.5858634]",
4238,"[3.469766,0.2949019,0.585499]",
4239,"[3.469216,0.2949018,0.5847427]",
4240,"[3.469057,0.2949019,0.5845103]",
4241,"[3.468954,0.2949019,0.5842992]",
4242,"[3.468889,0.2949018,0.5839784]",
4243,"[3.468891,0.2949019,0.5838357]",
4244,"[3.469329,0.2949018,0.5828576]",
4245,"[3.469677,0.2949019,0.5823592]",
4246,"[3.470284,0.2949018,0.5813904]",
4247,"[3.470706,0.2949018,0.5803983]",
4248,"[3.470687,0.2949018,0.579708]",
4249,"[3.470689,0.2949018,0.5774648]",
4250,"[3.470737,0.2949019,0.5764552]",
4251,"[3.470948,0.2949018,0.5736622]",
4252,"[3.470619,0.2949018,0.5698553]",
4253,"[3.467342,0.2949018,0.5594933]",
4254,"[3.465403,0.2949018,0.5542355]",
4255,"[3.464708,0.2949018,0.5525281]",
4256,"[3.463138,0.2949018,0.5510229]",
4257,"[3.461384,0.2949019,0.5482297]",
4258,"[3.459006,0.2949018,0.5430098]",
4259,"[3.458344,0.2949018,0.5409468]",
4260,"[3.456158,0.2949018,0.5374237]",
4261,"[3.454966,0.2949019,0.5358714]",
4262,"[3.450262,0.2949018,0.5288794]",
4263,"[3.649277,0.8061832,1.006813]",
4264,"[3.645544,0.8005216,0.9971744]",
4265,"[3.638654,0.7909651,0.9841536]",
4266,"[3.630028,0.7759687,0.965351]",
4267,"[3.605075,0.726705,0.9149488]",
4268,"[3.601361,0.7211563,0.9092897]",
4269,"[3.608958,0.7402915,0.9242803]",
4270,"[3.613649,0.7493727,0.9307715]",
4271,"[3.617185,0.7522233,0.930036]",
4272,"[3.618349,0.750999,0.9272372]",
4273,"[3.620456,0.7506971,0.9267319]",
4274,"[3.531622,0.5227112,0.7170243]",
4275,"[3.538038,0.5227112,0.7219454]",
4276,"[3.542423,0.5227112,0.7244661]",
4277,"[3.548759,0.5180237,0.7262253]",
4278,"[3.553886,0.5054095,0.7195683]",
4279,"[3.556538,0.4997308,0.7161248]",
4280,"[3.558297,0.4953378,0.713841]",
4281,"[3.560252,0.488193,0.7113016]",
4282,"[3.560083,0.4875529,0.7115214]",
4283,"[3.558692,0.4897974,0.713327]",
4284,"[3.557535,0.4928103,0.7148297]",
4285,"[3.554412,0.5024405,0.7188848]",
4286,"[3.552876,0.5079522,0.72088]",
4287,"[3.553123,0.5157067,0.7205591]",
4288,"[3.550462,0.5227112,0.7122838]",
4289,"[3.55423,0.538936,0.7184978]",
4290,"[3.5607,0.5661474,0.7290532]",
4291,"[3.560996,0.5764387,0.7291996]",
4292,"[3.557475,0.59462,0.7304936]",
4293,"[3.554622,0.6016783,0.7313762]",
4294,"[3.547971,0.6172408,0.7334152]",
4295,"[3.544165,0.6265776,0.734591]",
4296,"[3.539343,0.6392983,0.7361002]",
4297,"[3.529529,0.6540486,0.7389169]",
4298,"[3.522397,0.6560547,0.7406417]",
4299,"[3.502403,0.6651739,0.7454776]",
4300,"[3.487247,0.6715988,0.7484944]",
4301,"[3.312908,0.5166672,0.6029561]",
4302,"[3.279868,0.5173028,0.6029561]",
4303,"[3.205925,0.5337976,0.6029561]",
4304,"[3.068579,0.5534417,0.6029561]",
4305,"[3.011499,0.5604912,0.6029561]",
4306,"[2.258268,0.1,0.1707312]",
4307,"[2.183801,0.1,0.1744443]",
4308,"[3.184364,0.9206412,0.9617671]",
4309,"[3.164319,0.9206412,0.9650385]",
4310,"[3.134961,0.9206412,0.9668339]",
4311,"[3.088133,0.9206412,0.9629114]",
4312,"[3.065159,0.9206412,0.9586152]",
4313,"[3.032696,0.9206412,0.9565982]",
4314,"[3.022367,0.9206412,0.9595509]",
4315,"[2.998691,0.9206412,0.981358]",
4316,"[2.974629,0.9206412,0.9937673]",
4317,"[2.946295,0.9206412,1.00516]",
4318,"[2.881139,0.9206412,1.025888]",
4319,"[2.842394,0.9206412,1.035903]",
4320,"[2.637737,0.8978572,1.119311]",
4321,"[2.05,0.8406814,1.254019]",
4322,"[2.05,0.8897099,1.305977]",
4323,"[2.05,0.889258,1.306568]",
4324,"[2.05,0.865999,1.300499]",
4325,"[2.05,0.848724,1.299064]",
4326,"[2.05,0.813356,1.292964]",
4327,"[2.05,0.7889012,1.292888]",
4328,"[2.05,0.7875066,1.294863]",
4329,"[2.05,0.7968782,1.301636]",
4330,"[2.05,0.8090881,1.307119]",
4331,"[2.05,0.8255853,1.308387]",
4332,"[2.05,0.8388509,1.319709]",
4333,"[2.05,0.8386413,1.339993]",
4334,"[2.05,0.8306144,1.347795]",
4335,"[2.05,0.8207254,1.367514]",
4336,"[2.05,0.8026439,1.454176]",
4337,"[2.05,0.7985626,1.51045]",
4338,"[2.050001,0.8525112,2.095871]",
4339,"[2.050001,0.8792036,2.220839]",
4340,"[2.050001,0.8939474,2.385448]",
4341,"[2.050001,0.8950248,2.462653]",
4342,"[2.050001,0.8932637,2.541802]",
4343,"[2.050001,0.8947091,2.601972]",
4344,"[2.05,0.8915126,2.6733]",
4345,"[2.05,0.8687035,2.857049]",
4346,"[2.05,0.8136393,3.173937]",
4347,"[2.137378,0.7508018,4.094629]",
4348,"[2.219774,0.7649595,4.173897]",
4349,"[2.305495,0.7760409,4.248622]",
4350,"[2.485948,0.8371958,4.401349]",
4351,"[2.504367,0.8523193,4.422512]",
4352,"[2.545858,0.8778458,4.465539]",
4353,"[2.560644,0.8902682,4.483269]",
4354,"[2.600802,0.9156919,4.522335]",
4355,"[2.615069,0.9296783,4.538782]",
4356,"[2.610765,0.9553278,4.551867]",
4357,"[2.642004,0.9747138,4.57787]",
4358,"[2.700149,0.9950255,4.616683]",
4359,"[3.476344,1.118515,4.91232]",
4360,"[3.592187,1.129558,4.938379]",
4361,"[3.803192,1.150531,4.974049]",
4362,"[3.906536,1.158545,4.985872]",
4363,"[3.93995,1.162143,4.994617]",
4364,"[3.938792,1.161267,4.997639]",
4365,"[3.94675,1.160023,5.000755]",
4366,"[3.994928,1.25936,4.321233]",
4367,"[4.006258,1.268328,4.251169]",
4368,"[4.08543,1.314691,3.928244]",
4369,"[4.59696,1.333236,3.98222]",
4370,"[4.714149,1.332663,3.982219]",
4371,"[4.776414,1.336328,3.982226]",
4372,"[4.836808,1.339579,3.982233]",
4373,"[4.849137,1.346554,3.982248]",
4374,"[4.868123,1.352606,3.98226]",
4375,"[4.86413,1.362048,3.98228]",
4376,"[4.832361,1.369847,3.982296]",
4377,"[4.769957,1.379692,3.982317]",
4378,"[4.750499,1.382553,3.982323]",
4379,"[4.696217,1.381632,3.982321]",
4380,"[4.675667,1.380648,3.982319]",
4381,"[4.623892,1.375229,3.982308]",
4382,"[4.588531,1.372433,3.982302]",
4383,"[4.563239,1.373372,3.982304]",
4384,"[4.541766,1.380997,3.98232]",
4385,"[4.53589,1.387045,3.982332]",
4386,"[4.539491,1.539869,3.982653]",
4387,"[4.538998,1.56021,3.982695]",
4388,"[4.538185,1.572405,3.982721]",
4389,"[4.532312,1.589426,3.982756]",
4390,"[4.527957,1.596943,3.982772]",
4391,"[4.519081,1.610357,3.9828]",
4392,"[4.514001,1.616135,3.982812]",
4393,"[4.503942,1.624937,3.982831]",
4394,"[4.499937,1.626927,3.982835]",
4395,"[4.496932,1.628625,3.982838]",
4396,"[4.493592,1.631731,3.982845]",
4397,"[4.492524,1.633717,3.982849]",
4398,"[4.490321,1.639892,3.982862]",
4399,"[4.489198,1.644758,3.982872]",
4400,"[4.488166,1.657943,3.9829]",
4401,"[4.489871,1.662411,3.982909]",
4402,"[4.494207,1.674057,3.982934]",
4403,"[4.496342,1.680577,3.982947]",
4404,"[4.497713,1.68735,3.982961]",
4405,"[4.496959,1.691931,3.982971]",
4406,"[4.495916,1.695705,3.982979]",
4407,"[4.490862,1.710093,3.983009]",
4408,"[4.488034,1.716374,3.983022]",
4409,"[4.481624,1.728065,3.983047]",
4410,"[4.478625,1.734873,3.983061]",
4411,"[4.477417,1.73943,3.983071]",
4412,"[4.47428,1.75661,3.983107]",
4413,"[4.472624,1.761687,3.983117]",
4414,"[4.466102,1.772911,3.983141]",
4415,"[4.461614,1.779927,3.983155]",
4416,"[4.435803,1.794668,3.983186]",
4417,"[4.421737,1.800392,3.983198]",
4418,"[4.411662,1.804709,3.983207]",
4419,"[4.399691,1.808871,3.983216]",
4420,"[4.395117,1.81038,3.983219]",
4421,"[4.387609,1.811159,3.983221]",
4422,"[4.385259,1.81027,3.983219]",
4423,"[4.380497,1.80865,3.983216]",
4424,"[4.377694,1.806996,3.983212]",
4425,"[4.373092,1.800072,3.983197]",
4426,"[4.373374,1.795552,3.983188]",
4427,"[4.373606,1.791825,3.98318]",
4428,"[4.374071,1.785496,3.983167]",
4429,"[4.374159,1.782627,3.983161]",
4430,"[4.375158,1.775774,3.983147]",
4431,"[4.360143,1.726528,3.423434]",
4432,"[4.364076,1.723079,3.428721]",
4433,"[4.366978,1.721653,3.431711]",
4434,"[4.369631,1.720623,3.435064]",
4435,"[4.375703,1.717539,3.442513]",
4436,"[4.379472,1.716103,3.446389]",
4437,"[4.387768,1.713593,3.455425]",
4438,"[4.39263,1.711149,3.461027]",
4439,"[4.402803,1.703847,3.474654]",
4440,"[4.431873,1.729783,3.98305]",
4441,"[4.439628,1.720333,3.983031]",
4442,"[4.441523,1.717117,3.983024]",
4443,"[4.442482,1.71595,3.983021]",
4444,"[4.444165,1.714321,3.983018]",
4445,"[4.444644,1.714044,3.983017]",
4446,"[4.44586,1.713337,3.983016]",
4447,"[4.446594,1.713259,3.983016]",
4448,"[4.447627,1.713661,3.983016]",
4449,"[4.448399,1.714205,3.983018]",
4450,"[4.449189,1.714702,3.983019]",
4451,"[4.451197,1.715335,3.98302]",
4452,"[4.452355,1.715381,3.98302]",
4453,"[4.454696,1.715656,3.983021]",
4454,"[4.456015,1.715886,3.983021]",
4455,"[4.45996,1.726075,3.983042]",
4456,"[4.461532,1.730164,3.983051]",
4457,"[4.463146,1.734097,3.983059]",
4458,"[4.465468,1.739251,3.98307]",
4459,"[4.466513,1.741018,3.983074]",
4460,"[4.468752,1.743995,3.98308]",
4461,"[4.469782,1.745299,3.983083]",
4462,"[4.471385,1.748068,3.983088]",
4463,"[4.471653,1.749308,3.983091]",
4464,"[4.471132,1.751586,3.983096]",
4465,"[4.470346,1.752719,3.983098]",
4466,"[4.469491,1.753688,3.9831]",
4467,"[4.466772,1.753444,3.9831]",
4468,"[4.465269,1.752585,3.983098]",
4469,"[4.462308,1.749923,3.983093]",
4470,"[4.46078,1.747811,3.983088]",
4471,"[4.458051,1.742672,3.983077]",
4472,"[4.45692,1.740281,3.983072]",
4473,"[4.455597,1.738013,3.983068]",
4474,"[4.453936,1.73495,3.983061]",
4475,"[4.449687,1.728748,3.983048]",
4476,"[4.445058,1.721335,3.983033]",
4477,"[4.443851,1.719331,3.983028]",
4478,"[4.423663,1.701271,3.723125]",
4479,"[4.423668,1.700159,3.725343]",
4480,"[4.44146,1.711004,3.983011]",
4481,"[4.441365,1.707604,3.983004]",
4482,"[4.441443,1.703534,3.982995]",
4483,"[4.441228,1.697153,3.982982]",
4484,"[4.440948,1.693944,3.982975]",
4485,"[4.427721,1.6734,3.748135]",
4486,"[4.4266,1.669102,3.749008]",
4487,"[4.424607,1.660787,3.750805]",
4488,"[4.422653,1.6581,3.750752]",
4489,"[4.421074,1.656115,3.749668]",
4490,"[4.419601,1.655081,3.744899]",
4491,"[4.41917,1.65439,3.742993]",
4492,"[4.422596,1.662201,3.982909]",
4493,"[4.42269,1.662792,3.98291]",
4494,"[4.422772,1.66319,3.982911]",
4495,"[4.422773,1.663153,3.982911]",
4496,"[4.42288,1.661907,3.982908]",
4497,"[4.42323,1.659815,3.982904]",
4498,"[4.425951,1.630237,3.982842]",
4499,"[4.429938,1.597237,3.982773]",
4500,"[4.430557,1.586149,3.982749]",
4501,"[4.431486,1.57065,3.982717]",
4502,"[4.431752,1.562839,3.982701]",
4503,"[4.431689,1.554673,3.982684]",
4504,"[4.4315,1.550116,3.982674]",
4505,"[4.431086,1.547175,3.982668]",
4506,"[4.429179,1.539752,3.982652]",
4507,"[4.427801,1.535909,3.982644]",
4508,"[4.423926,1.527424,3.982626]",
4509,"[4.421119,1.52303,3.982617]",
4510,"[4.429991,1.530424,3.81389]",
4511,"[4.428797,1.529289,3.818558]",
4512,"[4.427065,1.527493,3.823483]",
4513,"[4.424332,1.524881,3.832707]",
4514,"[4.423446,1.524201,3.837393]",
4515,"[4.422512,1.523949,3.846915]",
4516,"[4.42206,1.523096,3.852288]",
4517,"[4.421771,1.523327,3.863353]",
4518,"[4.423023,1.523828,3.869765]",
4519,"[4.430564,1.528701,3.883688]",
4520,"[4.428698,1.526382,3.982624]",
4521,"[4.434035,1.528586,3.982629]",
4522,"[4.444936,1.535357,3.982643]",
4523,"[4.451362,1.54102,3.982655]",
4524,"[4.459261,1.547407,3.982668]",
4525,"[4.462049,1.550236,3.982674]",
4526,"[4.467653,1.555668,3.982686]",
4527,"[4.470183,1.558515,3.982692]",
4528,"[4.470571,1.563123,3.982701]",
4529,"[4.471137,1.569813,3.982715]",
4530,"[4.47058,1.575969,3.982728]",
4531,"[4.469254,1.583312,3.982744]",
4532,"[4.468503,1.587174,3.982752]",
4533,"[4.465549,1.592979,3.982764]",
4534,"[4.463268,1.594472,3.982767]",
4535,"[4.461532,1.595581,3.982769]",
4536,"[4.454143,1.600043,3.982779]",
4537,"[4.450498,1.602728,3.982784]",
4538,"[4.431864,1.609527,3.982799]",
4539,"[4.420878,1.613386,3.982806]",
4540,"[4.409719,1.618979,3.982818]",
4541,"[4.40634,1.621341,3.982823]",
4542,"[4.404105,1.623712,3.982828]",
4543,"[4.403277,1.625409,3.982832]",
4544,"[4.402529,1.628629,3.982838]",
4545,"[4.402601,1.630297,3.982842]",
4546,"[4.402765,1.630536,3.982842]",
4547,"[4.403781,1.631813,3.982845]",
4548,"[4.404938,1.632665,3.982847]",
4549,"[4.408243,1.63501,3.982852]",
4550,"[4.413208,1.637362,3.982857]",
4551,"[4.440636,1.665982,3.982917]",
4552,"[4.452506,1.679597,3.982945]",
4553,"[4.460343,1.688646,3.982964]",
4554,"[4.470437,1.700337,3.982989]",
4555,"[4.472325,1.702147,3.982992]",
4556,"[4.473382,1.703609,3.982996]",
4557,"[4.473803,1.704132,3.982997]",
4558,"[4.47426,1.704537,3.982997]",
4559,"[4.474319,1.704477,3.982997]",
4560,"[4.47438,1.704409,3.982997]",
4561,"[4.474213,1.704232,3.982997]",
4562,"[4.474138,1.704218,3.982997]",
4563,"[4.473912,1.704425,3.982997]",
4564,"[4.473806,1.704544,3.982997]",
4565,"[4.473454,1.704722,3.982998]",
4566,"[4.47315,1.70489,3.982998]",
4567,"[4.47181,1.706539,3.983002]",
4568,"[4.471369,1.707582,3.983004]",
4569,"[4.471926,1.709444,3.983008]",
4570,"[4.473396,1.711071,3.983011]",
4571,"[4.475112,1.712512,3.983014]",
4572,"[4.481821,1.713889,3.983017]",
4573,"[4.488696,1.714348,3.983018]",
4574,"[4.512154,1.717585,3.983025]",
4575,"[4.533674,1.721586,3.983033]",
4576,"[4.553073,1.724624,3.98304]",
4577,"[4.619449,1.728058,3.983047]",
4578,"[4.665598,1.728595,3.983048]",
4579,"[4.75716,1.736223,3.983064]",
4580,"[4.920712,1.749235,3.983091]",
4581,"[5.478774,1.758131,3.98311]",
4582,"[5.949999,1.739781,3.941265]",
4583,"[5.95,1.714961,3.724315]",
4584,"[5.95,1.644791,3.373089]",
4585,"[5.95,1.629339,3.28824]",
4586,"[5.561686,1.582789,2.923358]",
4587,"[5.555145,1.573582,2.856833]",
4588,"[5.571879,1.524192,2.652643]",
4589,"[5.558904,1.494433,2.544017]",
4590,"[5.601999,1.459884,2.39215]",
4591,"[5.57596,1.4245,2.274233]",
4592,"[5.59332,1.400984,2.190154]",
4593,"[5.578642,1.342756,2.00806]",
4594,"[5.633577,1.298163,1.859137]",
4595,"[5.592908,1.257497,1.694676]",
4596,"[5.592928,1.258657,1.69411]",
4597,"[5.60476,1.264227,1.684279]",
4598,"[5.608769,1.264227,1.679926]",
4599,"[5.60974,1.264227,1.672827]",
4600,"[5.675604,1.264227,1.702719]",
4601,"[5.578642,1.320175,1.939993]",
4602,"[5.575037,1.347558,2.082019]",
4603,"[5.575444,1.352355,2.103852]",
4604,"[5.59332,1.370416,2.172105]",
4605,"[5.59332,1.378376,2.193915]",
4606,"[5.57596,1.411722,2.276467]",
4607,"[5.57596,1.418771,2.289014]",
4608,"[5.57596,1.501026,2.316888]",
4609,"[5.95,1.588212,2.226226]",
4610,"[5.95,1.62096,2.240567]",
4611,"[5.95,1.663049,2.276206]",
4612,"[5.95,1.67995,2.295292]",
4613,"[5.95,1.701568,2.330894]",
4614,"[5.95,1.707859,2.345183]",
4615,"[5.95,1.718265,2.362956]",
4616,"[5.95,1.748072,2.4027]",
4617,"[5.95,1.765677,2.422796]",
4618,"[5.561587,1.862612,2.614708]",
4619,"[5.608872,1.941085,2.657261]",
4620,"[5.608872,1.980348,2.689763]",
4621,"[5.608872,1.995089,2.704454]",
4622,"[5.608872,2.009601,2.719569]",
4623,"[5.608872,2.01267,2.723188]",
4624,"[5.608872,2.017611,2.729789]",
4625,"[5.608872,2.015579,2.730697]",
4626,"[5.608872,2.013975,2.72877]",
4627,"[5.608872,2.010572,2.725239]",
4628,"[5.608872,2.008858,2.72406]",
4629,"[5.608872,2.007838,2.721606]",
4630,"[5.608872,2.00949,2.721215]",
4631,"[5.608872,2.005879,2.717186]",
4632,"[5.608872,2.004537,2.715223]",
4633,"[5.608872,2.002539,2.712744]",
4634,"[5.608872,2.002961,2.712843]",
4635,"[5.608872,2.004698,2.714852]",
4636,"[5.608872,2.015438,2.73431]",
4637,"[5.608872,2.021086,2.743773]",
4638,"[5.862098,2.144007,2.784251]",
4639,"[5.862098,2.157706,2.797064]",
4640,"[5.862098,2.163095,2.801003]",
4641,"[5.862098,2.169447,2.804444]",
4642,"[5.862098,2.171517,2.804639]",
4643,"[5.862098,2.174321,2.801433]",
4644,"[5.862098,2.174421,2.799421]",
4645,"[5.862098,2.175911,2.797522]",
4646,"[5.862098,2.176126,2.794352]",
4647,"[5.862098,2.176655,2.791694]",
4648,"[5.862098,2.172226,2.7803]",
4649,"[5.862098,2.171567,2.776758]",
4650,"[5.862098,2.172184,2.770691]",
4651,"[5.608872,2.05693,2.744473]",
4652,"[5.608872,2.05638,2.739301]",
4653,"[5.608872,2.056341,2.73732]",
4654,"[5.608872,2.056408,2.736069]",
4655,"[5.608872,2.054582,2.732173]",
4656,"[5.608872,2.052861,2.729968]",
4657,"[5.608872,2.051261,2.727838]",
4658,"[5.608872,2.050967,2.727394]",
4659,"[5.608872,2.053805,2.7307]",
4660,"[5.608872,2.057601,2.734502]",
4661,"[5.862098,2.201896,2.770269]",
4662,"[5.862098,2.213415,2.778119]",
4663,"[5.862098,2.223607,2.785706]",
4664,"[5.862098,2.235408,2.795687]",
4665,"[5.862098,2.239382,2.799742]",
4666,"[5.862098,2.244095,2.806049]",
4667,"[5.95,2.289637,2.817918]",
4668,"[5.95,2.290402,2.81875]",
4669,"[5.95,2.290408,2.820609]",
4670,"[5.95,2.289604,2.821791]",
4671,"[5.95,2.2888,2.824428]",
4672,"[5.95,2.288932,2.825767]",
4673,"[5.95,2.290204,2.826356]",
4674,"[5.792991,2.213288,2.81172]",
4675,"[5.783355,2.209687,2.81172]",
4676,"[5.787509,2.21109,2.81172]",
4677,"[5.788973,2.211318,2.81172]",
4678,"[5.79393,2.212954,2.81172]",
4679,"[5.95,2.289702,2.826183]",
4680,"[5.95,2.288918,2.824579]",
4681,"[5.95,2.288467,2.821971]",
4682,"[5.95,2.288394,2.818028]",
4683,"[5.95,2.288526,2.815696]",
4684,"[5.95,2.288867,2.813458]",
4685,"[5.95,2.288003,2.808251]",
4686,"[5.862098,2.244666,2.798226]",
4687,"[5.862098,2.244425,2.792438]",
4688,"[5.862098,2.244018,2.789737]",
4689,"[5.862098,2.24295,2.7852]",
4690,"[5.862098,2.242202,2.782898]",
4691,"[5.862098,2.239988,2.778416]",
4692,"[5.862098,2.238668,2.776248]",
4693,"[5.862098,2.23744,2.774421]",
4694,"[5.862098,2.235718,2.772011]",
4695,"[5.862098,2.234959,2.771113]",
4696,"[5.862098,2.233452,2.769217]",
4697,"[5.862098,2.232649,2.768215]",
4698,"[5.862098,2.231165,2.76625]",
4699,"[5.862098,2.230684,2.765483]",
4700,"[5.862098,2.230759,2.76511]",
4701,"[5.862098,2.231625,2.764404]",
4702,"[5.862098,2.231881,2.76394]",
4703,"[5.862098,2.2314,2.762993]",
4704,"[5.862098,2.230692,2.762524]",
4705,"[5.862098,2.228878,2.762348]",
4706,"[5.862098,2.227701,2.762775]",
4707,"[5.862098,2.223972,2.764151]",
4708,"[5.862098,2.221451,2.765088]",
4709,"[5.862098,2.21872,2.76599]",
4710,"[5.862098,2.215927,2.767154]",
4711,"[5.862098,2.214992,2.768079]",
4712,"[5.460328,2.025953,2.755454]",
4713,"[5.493157,2.040249,2.758348]",
4714,"[5.862098,2.209929,2.779315]",
4715,"[5.862098,2.211044,2.782194]",
4716,"[5.862098,2.212237,2.784618]",
4717,"[5.862098,2.212996,2.787181]",
4718,"[5.862098,2.208892,2.791486]",
4719,"[5.862098,2.201042,2.797231]",
4720,"[5.862098,2.198657,2.798525]",
4721,"[5.862098,2.197752,2.798394]",
4722,"[5.862098,2.19613,2.797762]",
4723,"[5.862098,2.19511,2.797282]",
4724,"[5.862098,2.19407,2.796764]",
4725,"[5.862098,2.191941,2.796041]",
4726,"[5.862098,2.191674,2.796123]",
4727,"[5.862098,2.19189,2.79704]",
4728,"[5.862098,2.192355,2.797724]",
4729,"[5.862098,2.192925,2.798427]",
4730,"[5.862098,2.193692,2.800183]",
4731,"[5.862098,2.193499,2.801355]",
4732,"[5.862098,2.192832,2.803438]",
4733,"[5.862098,2.19216,2.804317]",
4734,"[5.862098,2.191521,2.805132]",
4735,"[5.862098,2.190313,2.795586]",
4736,"[5.862098,2.185811,2.788516]",
4737,"[5.862098,2.179646,2.77867]",
4738,"[5.862098,2.177173,2.772371]",
4739,"[5.862098,2.174445,2.762573]",
4740,"[5.862098,2.173624,2.75768]",
4741,"[5.608872,2.063036,2.745551]",
4742,"[5.608872,2.063369,2.741934]",
4743,"[5.608872,2.063826,2.738563]",
4744,"[5.608872,2.064329,2.733686]",
4745,"[5.608872,2.064389,2.731214]",
4746,"[5.608872,2.064582,2.72678]",
4747,"[5.608872,2.06481,2.724998]",
4748,"[5.608872,2.061324,2.725875]",
4749,"[5.608872,2.060184,2.726165]",
4750,"[5.608872,2.040052,2.72459]",
4751,"[5.608872,2.0196,2.728183]",
4752,"[5.608872,2.013515,2.730657]",
4753,"[5.608872,2.007237,2.733664]",
4754,"[5.608872,2.004775,2.734824]",
4755,"[5.608872,2.000542,2.737083]",
4756,"[5.608872,1.998476,2.738122]",
4757,"[5.608872,1.996975,2.738963]",
4758,"[5.608872,1.994968,2.740558]",
4759,"[5.608872,1.994345,2.741292]",
4760,"[5.608872,1.993458,2.743191]",
4761,"[5.608872,1.992274,2.744551]",
4762,"[5.608872,1.991171,2.746852]",
4763,"[5.862098,2.081593,2.753519]",
4764,"[5.862098,2.082068,2.75488]",
4765,"[5.862098,2.0835,2.757231]",
4766,"[5.862098,2.08527,2.758556]",
4767,"[5.862098,2.088294,2.759076]",
4768,"[5.862098,2.09012,2.75877]",
4769,"[5.862098,2.094399,2.758701]",
4770,"[5.862098,2.096734,2.758735]",
4771,"[5.862098,2.101127,2.758247]",
4772,"[5.862098,2.103362,2.757599]",
4773,"[5.862098,2.106194,2.756851]",
4774,"[5.608872,2.014985,2.74657]",
4775,"[5.608872,2.015034,2.744104]",
4776,"[5.608872,2.014506,2.739726]",
4777,"[5.608872,2.014029,2.737519]",
4778,"[5.608872,2.012637,2.736276]",
4779,"[5.608872,2.012346,2.73575]",
4780,"[5.608872,2.012008,2.735355]",
4781,"[5.608872,2.021961,2.734268]",
4782,"[5.608872,2.029131,2.733377]",
4783,"[5.608872,2.037201,2.732062]",
4784,"[5.608872,2.039841,2.731713]",
4785,"[5.608872,2.042834,2.732786]",
4786,"[5.608872,2.043805,2.733972]",
4787,"[5.608872,2.044653,2.735417]",
4788,"[5.608872,2.044988,2.736846]",
4789,"[5.608872,2.045306,2.738194]",
4790,"[5.608872,2.046093,2.741087]",
4791,"[5.608872,2.046302,2.742369]",
4792,"[5.608872,2.048465,2.74442]",
4793,"[5.608872,2.049192,2.745199]",
4794,"[5.608872,2.050269,2.746635]",
4795,"[5.862098,2.152981,2.759807]",
4796,"[5.862098,2.154046,2.761039]",
4797,"[5.862098,2.155627,2.763232]",
4798,"[5.862098,2.156475,2.764685]",
4799,"[5.862098,2.15782,2.767501]",
4800,"[5.862098,2.158729,2.770122]",
4801,"[5.862098,2.159331,2.786393]",
4802,"[5.862098,2.159551,2.794848]",
4803,"[5.862098,2.159397,2.803842]",
4804,"[5.862098,2.158638,2.804933]",
4805,"[5.862098,2.157887,2.806076]",
4806,"[5.862098,2.157104,2.807057]",
4807,"[5.862098,2.156757,2.80748]",
4808,"[5.862098,2.156,2.807986]",
4809,"[5.862098,2.15554,2.808173]",
4810,"[5.862098,2.154207,2.808542]",
4811,"[5.862098,2.1532,2.808819]",
4812,"[5.862098,2.152176,2.809039]",
4813,"[5.862098,2.150404,2.809311]",
4814,"[5.862098,2.14961,2.809465]",
4815,"[5.862098,2.147974,2.810004]",
4816,"[5.862098,2.146997,2.810256]",
4817,"[5.862098,2.144986,2.81068]",
4818,"[5.862098,2.143959,2.811111]",
4819,"[5.862098,2.143402,2.811616]",
4820,"[5.862098,2.143036,2.812096]",
4821,"[5.862098,2.142695,2.812615]",
4822,"[5.868244,2.144798,2.813472]",
4823,"[5.879646,2.149112,2.814712]",
4824,"[5.727029,2.08832,2.80035]",
4825,"[5.728415,2.088837,2.800455]",
4826,"[5.729211,2.089056,2.800435]",
4827,"[5.730677,2.089211,2.800228]",
4828,"[5.731805,2.089316,2.800103]",
4829,"[5.732759,2.089093,2.799885]",
4830,"[5.734066,2.087678,2.799267]",
4831,"[5.734577,2.087187,2.799084]",
4832,"[5.73597,2.086289,2.798621]",
4833,"[5.736645,2.085994,2.798396]",
4834,"[5.737091,2.085586,2.798177]",
4835,"[5.737688,2.085083,2.797499]",
4836,"[5.737935,2.084935,2.79692]",
4837,"[5.73833,2.084588,2.795907]",
4838,"[5.95,2.167582,2.814192]",
4839,"[5.95,2.167362,2.814002]",
4840,"[5.95,2.167082,2.813771]",
4841,"[5.95,2.167022,2.813938]",
4842,"[5.95,2.166879,2.815585]",
4843,"[5.95,2.166886,2.817167]",
4844,"[5.95,2.1653,2.824899]",
4845,"[5.95,2.162545,2.833244]",
4846,"[5.95,2.159126,2.8444]",
4847,"[5.95,2.152854,2.870757]",
4848,"[5.95,2.151779,2.882189]",
4849,"[5.95,2.151333,2.909431]",
4850,"[5.95,2.152055,2.91893]",
4851,"[5.95,2.153985,2.939507]",
4852,"[5.95,2.155068,2.952244]",
4853,"[5.95,2.157674,2.967043]",
4854,"[5.95,2.160193,2.980676]",
4855,"[5.95,2.162647,2.985102]",
4856,"[5.95,2.184543,2.963118]",
4857,"[5.95,2.195019,2.949731]",
4858,"[5.95,2.211226,2.928845]",
4859,"[5.95,2.218249,2.920266]",
4860,"[5.95,2.233412,2.90203]",
4861,"[5.95,2.243475,2.879201]",
4862,"[5.95,2.249097,2.865364]",
4863,"[5.473695,2.033676,2.775551]",
4864,"[5.462873,2.029052,2.766171]",
4865,"[5.472301,2.031645,2.755135]",
4866,"[5.478498,2.033157,2.750841]",
4867,"[5.494462,2.03622,2.74179]",
4868,"[5.502067,2.037988,2.738379]",
4869,"[5.509002,2.040568,2.736667]",
4870,"[5.523429,2.045954,2.734362]",
4871,"[5.608872,2.082689,2.738081]",
4872,"[5.608872,2.078621,2.737744]",
4873,"[5.608872,2.077771,2.738513]",
4874,"[5.608872,2.077411,2.741304]",
4875,"[5.608872,2.077371,2.743582]",
4876,"[5.95,2.226243,2.776482]",
4877,"[5.95,2.224876,2.781388]",
4878,"[5.95,2.224039,2.787113]",
4879,"[5.95,2.22343,2.795119]",
4880,"[5.95,2.221236,2.808915]",
4881,"[5.95,2.217601,2.82375]",
4882,"[5.790542,2.147449,2.81172]",
4883,"[5.768426,2.137088,2.81172]",
4884,"[5.725169,2.115728,2.81172]",
4885,"[5.702777,2.103814,2.81172]",
4886,"[5.678998,2.089629,2.81172]",
4887,"[5.659422,2.079592,2.81172]",
4888,"[5.622886,2.062547,2.81172]",
4889,"[5.616,2.059014,2.812569]",
4890,"[5.616,2.056912,2.833171]",
4891,"[5.616,2.055889,2.858242]",
4892,"[5.616,2.055269,2.894243]",
4893,"[5.95,2.208613,3.177175]",
4894,"[5.949999,2.388877,3.970766]",
4895,"[5.95,2.402668,4.07981]",
4896,"[5.95,2.413234,4.177375]",
4897,"[4.916265,1.989912,3.983595]",
4898,"[4.871097,1.973412,3.983561]",
4899,"[4.596966,1.855505,3.983314]",
4900,"[4.549405,1.838301,3.983278]",
4901,"[4.492409,1.811426,3.983221]",
4902,"[4.408264,1.783983,3.983164]",
4903,"[4.367161,1.775423,3.983146]",
4904,"[4.320671,1.766876,3.983128]",
4905,"[4.307794,1.763705,3.983121]",
4906,"[4.318229,1.766013,3.983126]",
4907,"[4.31135,1.766026,3.983126]",
4908,"[4.325998,1.768899,3.983132]",
4909,"[4.330166,1.768109,3.983131]",
4910,"[4.326408,1.765833,3.983126]",
4911,"[4.313082,1.748308,3.983089]",
4912,"[4.302533,1.735108,3.983062]",
4913,"[4.272479,1.70272,3.982994]",
4914,"[4.279798,1.694312,3.982976]",
4915,"[4.282565,1.686801,3.98296]",
4916,"[4.305029,1.675709,3.982937]",
4917,"[4.316251,1.671694,3.982929]",
4918,"[4.353968,1.669803,3.982925]",
4919,"[4.383242,1.668023,3.982921]",
4920,"[4.404849,1.661531,3.982907]",
4921,"[4.430603,1.661525,3.982907]",
4922,"[4.460372,1.662857,3.98291]",
4923,"[4.494692,1.65469,3.698683]",
4924,"[4.499852,1.655909,3.721238]",
4925,"[4.512806,1.661412,3.753118]",
4926,"[4.518138,1.677319,3.98294]",
4927,"[4.537268,1.68432,3.982955]",
4928,"[4.54833,1.688048,3.982963]",
4929,"[4.568582,1.692999,3.982973]",
4930,"[4.578652,1.695052,3.982978]",
4931,"[4.597593,1.700386,3.982989]",
4932,"[4.608145,1.703681,3.982996]",
4933,"[4.615665,1.706819,3.983002]",
4934,"[4.627062,1.71161,3.983012]",
4935,"[4.63378,1.715009,3.983019]",
4936,"[4.642212,1.72043,3.983031]",
4937,"[4.64958,1.723047,3.983036]",
4938,"[4.654117,1.725391,3.983041]",
4939,"[4.654922,1.725814,3.983042]",
4940,"[4.656802,1.726213,3.983043]",
4941,"[4.660141,1.726409,3.983043]",
4942,"[4.661112,1.726211,3.983043]",
4943,"[4.657393,1.725301,3.983041]",
4944,"[4.64273,1.72439,3.983039]",
4945,"[4.632776,1.72393,3.983038]",
4946,"[4.625572,1.724674,3.98304]",
4947,"[4.621796,1.725097,3.983041]",
4948,"[4.609244,1.728177,3.983047]",
4949,"[4.605881,1.729489,3.98305]",
4950,"[4.59649,1.733205,3.983057]",
4951,"[4.587981,1.734527,3.98306]",
4952,"[4.571773,1.736189,3.983064]",
4953,"[4.565519,1.736804,3.983065]",
4954,"[4.555975,1.737739,3.983067]",
4955,"[4.552252,1.737991,3.983068]",
4956,"[4.549407,1.735464,3.983062]",
4957,"[4.5467,1.732668,3.983056]",
4958,"[4.540654,1.697864,3.982984]",
4959,"[4.539868,1.686757,3.98296]",
4960,"[4.5396,1.675906,3.982938]",
4961,"[4.541996,1.669046,3.982923]",
4962,"[4.544802,1.66674,3.982918]",
4963,"[4.551425,1.66499,3.982915]",
4964,"[4.556819,1.664775,3.982914]",
4965,"[4.563147,1.665506,3.982916]",
4966,"[4.575842,1.666046,3.982917]",
4967,"[4.583111,1.666197,3.982917]",
4968,"[4.594486,1.665573,3.982916]",
4969,"[4.596377,1.663842,3.982912]",
4970,"[4.612098,1.662885,3.98291]",
4971,"[4.622202,1.663375,3.982911]",
4972,"[4.646562,1.666486,3.982918]",
4973,"[4.738737,1.67837,3.982943]",
4974,"[4.80258,1.686377,3.98296]",
4975,"[5.135635,1.724627,3.98304]",
4976,"[5.583617,1.749135,3.932182]",
4977,"[5.95,1.796377,4.128146]",
4978,"[5.949999,1.792312,3.961847]",
4979,"[5.949999,1.784101,3.808334]",
4980,"[5.95,1.762915,3.549591]",
4981,"[5.95,1.768599,3.418081]",
4982,"[5.95,1.763989,3.217377]",
4983,"[5.680523,1.816899,2.969651]",
4984,"[5.749761,1.830737,2.252573]",
4985,"[5.747873,1.830737,2.238237]",
4986,"[5.712526,1.830737,2.209991]",
4987,"[5.63838,1.830737,2.127476]",
4988,"[5.631976,1.830737,2.129617]",
4989,"[5.60125,1.830737,2.146964]",
4990,"[5.596687,1.830737,2.149688]",
4991,"[5.583745,1.830737,2.178901]",
4992,"[5.582258,1.830736,2.182269]",
4993,"[5.577025,1.830737,2.236455]",
4994,"[5.589295,1.830737,2.299862]",
4995,"[5.588407,1.830737,2.307258]",
4996,"[5.582628,1.830737,2.305759]",
4997,"[5.574003,1.831172,2.300263]",
4998,"[5.571133,1.888053,2.091791]",
4999,"[5.676093,1.926905,2.000557]",
5000,"[5.668381,1.935724,1.960787]",
5001,"[5.668426,1.935648,1.961014]",
5002,"[5.668432,1.935471,1.96105]",
5003,"[5.676527,1.926795,2.002794]",
5004,"[5.678383,1.923623,2.01237]",
5005,"[5.572482,1.870679,2.122684]",
5006,"[5.577265,1.860164,2.147013]",
5007,"[5.576314,1.846549,2.169874]",
5008,"[5.575822,1.842191,2.183967]",
5009,"[5.575282,1.838091,2.199416]",
5010,"[5.575113,1.836934,2.20427]",
5011,"[5.574857,1.838591,2.211598]",
5012,"[5.574645,1.839751,2.217668]",
5013,"[5.574603,1.84001,2.21888]",
5014,"[5.594493,1.827754,2.106146]",
5015,"[5.57469,1.819709,2.091953]",
5016,"[5.782659,1.830737,1.885654]",
5017,"[5.85433,1.830736,1.8111]",
5018,"[5.908933,1.830736,1.756106]",
5019,"[5.95,1.826223,1.711146]",
5020,"[5.95,1.821418,1.707003]",
5021,"[5.95,1.814326,1.700673]",
5022,"[5.95,1.811449,1.697669]",
5023,"[5.95,1.809067,1.692547]",
5024,"[5.95,1.807823,1.689399]",
5025,"[5.95,1.807238,1.686621]",
5026,"[5.95,1.806242,1.682291]",
5027,"[5.95,1.805735,1.68067]",
5028,"[5.95,1.804881,1.678017]",
5029,"[5.95,1.804536,1.676055]",
5030,"[5.95,1.805036,1.673195]",
5031,"[5.95,1.805771,1.67149]",
5032,"[5.942699,1.805426,1.673349]",
5033,"[5.75828,1.830737,1.89861]",
5034,"[5.695262,1.830737,1.960855]",
5035,"[5.57585,1.873155,2.199843]",
5036,"[5.576238,1.87675,2.208721]",
5037,"[5.576528,1.878806,2.215358]",
5038,"[5.576626,1.879026,2.217618]",
5039,"[5.57666,1.879063,2.218377]",
5040,"[5.576643,1.879243,2.21799]",
5041,"[5.576547,1.879729,2.215806]",
5042,"[5.575879,1.880881,2.200502]",
5043,"[5.571319,1.878277,2.096054]",
5044,"[5.95,1.763364,1.181912]",
5045,"[5.95,1.755349,1.159282]",
5046,"[5.950001,1.448691,0.999001]",
5047,"[5.668297,1.427465,1.311985]",
5048,"[5.950001,1.206937,0.9027884]",
5049,"[5.950001,1.07142,0.7858453]",
5050,"[5.804079,1.05474,0.9000025]",
5051,"[5.6912,0.9191139,0.7962509]",
5052,"[5.476411,0.9809827,1.048156]",
5053,"[5.332636,0.9005975,1.057502]",
5054,"[5.291712,0.8520198,1.013643]",
5055,"[4.888378,1.051989,1.51863]",
5056,"[4.184603,0.6268882,1.025966]",
5057,"[4.178365,0.6245467,1.025966]",
5058,"[3.678094,0.2893512,0.6076918]",
5059,"[3.608402,0.2949019,0.6594948]",
5060,"[3.432622,0.2416096,0.683925]",
5061,"[3.283605,0.1627356,0.6029561]",
5062,"[3.113584,0.1128321,0.6029561]",
5063,"[3.037317,0.1,0.6318249]",
5064,"[2.984899,0.1,0.6755166]",
5065,"[3.063827,0.230332,0.9306672]",
5066,"[3.156974,0.3329571,1.088084]",
5067,"[3.117432,0.3329571,1.140195]",
5068,"[3.099121,0.3329571,1.155416]",
5069,"[3.08162,0.3329571,1.172792]",
5070,"[3.338864,0.5441753,1.417472]",
5071,"[3.338841,0.5467014,1.426632]",
5072,"[3.338999,0.5432506,1.424475]",
5073,"[3.339029,0.541714,1.420228]",
5074,"[3.339118,0.5390493,1.415982]",
5075,"[2.964939,0.1,0.7295581]",
5076,"[3.10453,0.1052164,0.6029561]",
5077,"[3.162913,0.129393,0.6029561]",
5078,"[3.197206,0.1438212,0.6029561]",
5079,"[3.217822,0.1589623,0.6029561]",
5080,"[3.223434,0.1631944,0.6029561]",
5081,"[3.217303,0.1599668,0.6029561]",
5082,"[3.197957,0.1438946,0.6029561]",
5083,"[3.151871,0.0999999,0.6300985]",
5084,"[3.152927,0.1,0.6934156]",
5085,"[3.169175,0.1,0.7970838]",
5086,"[3.168321,0.1,0.8542644]",
5087,"[3.149499,0.0999999,0.9666927]",
5088,"[3.190658,0.2122035,1.156999]",
5089,"[3.134923,0.1943563,1.192402]",
5090,"[3.345272,0.447093,1.518367]",
5091,"[3.345308,0.4583831,1.570312]",
5092,"[3.344584,0.4870461,1.635663]",
5093,"[3.344665,0.4856072,1.636024]",
5094,"[3.344383,0.4944053,1.651259]",
5095,"[3.344017,0.5058973,1.671273]",
5096,"[3.343731,0.5174075,1.697944]",
5097,"[3.343033,0.5472395,1.770532]",
5098,"[3.295631,0.5263406,1.857222]",
5099,"[3.296231,0.5364617,1.923601]",
5100,"[3.296413,0.538344,1.943676]",
5101,"[3.296556,0.5354607,1.959449]",
5102,"[3.296579,0.5316489,1.961991]",
5103,"[3.296563,0.5285057,1.960256]",
5104,"[3.296568,0.5212818,1.960802]",
5105,"[2.902073,0.1507681,1.799288]",
5106,"[2.902731,0.1344817,1.783743]",
5107,"[2.903121,0.1299056,1.779576]",
5108,"[2.896276,0.1080576,1.751133]",
5109,"[2.895095,0.1017205,1.743672]",
5110,"[2.897504,0.1,1.736407]",
5111,"[3.053792,0.2362318,1.781597]",
5112,"[3.069762,0.2452074,1.781376]",
5113,"[3.088769,0.2589341,1.781104]",
5114,"[3.102379,0.2734638,1.780894]",
5115,"[3.11626,0.288964,1.780679]",
5116,"[3.122597,0.2949037,1.780584]",
5117,"[3.343999,0.5125509,1.698683]",
5118,"[3.343393,0.5167721,1.667606]",
5119,"[3.342965,0.5204523,1.648695]",
5120,"[3.342178,0.5259807,1.608576]",
5121,"[3.341913,0.5268531,1.59082]",
5122,"[3.341663,0.5248883,1.561851]",
5123,"[3.341616,0.5232458,1.550908]",
5124,"[3.341545,0.5191526,1.527358]",
5125,"[3.341518,0.5160463,1.511732]",
5126,"[3.340987,0.522663,1.497139]",
5127,"[3.339853,0.5380555,1.471525]",
5128,"[3.339246,0.5471052,1.461372]",
5129,"[3.338412,0.5601919,1.450203]",
5130,"[3.338177,0.5641689,1.448285]",
5131,"[3.337388,0.5790157,1.448414]",
5132,"[3.336972,0.5868776,1.448632]",
5133,"[3.33269,0.6049014,1.453199]",
5134,"[3.319583,0.6041927,1.448927]",
5135,"[3.308696,0.603603,1.444963]",
5136,"[3.295621,0.6029014,1.442934]",
5137,"[3.291214,0.6026652,1.442377]",
5138,"[3.283013,0.6022357,1.445433]",
5139,"[3.280702,0.6021235,1.449962]",
5140,"[3.271755,0.6016635,1.456829]",
5141,"[3.266365,0.6013809,1.458759]",
5142,"[3.264122,0.6012701,1.462321]",
5143,"[3.263075,0.6012389,1.472439]",
5144,"[3.266893,0.6014566,1.478327]",
5145,"[3.280034,0.6021921,1.492858]",
5146,"[3.296676,0.603107,1.504428]",
5147,"[3.319356,0.6043552,1.520819]",
5148,"[3.32601,0.6047227,1.526155]",
5149,"[3.332225,0.6050669,1.531525]",
5150,"[3.337098,0.6047488,1.536461]",
5151,"[3.337337,0.6006277,1.538089]",
5152,"[3.338,0.5883657,1.538833]",
5153,"[3.338297,0.5828779,1.539234]",
5154,"[3.338741,0.5751038,1.541701]",
5155,"[3.33895,0.5716338,1.543688]",
5156,"[3.339178,0.5674279,1.54396]",
5157,"[3.339365,0.5637791,1.543386]",
5158,"[3.339458,0.5613775,1.540581]",
5159,"[3.339454,0.5593708,1.531509]",
5160,"[3.339415,0.5585925,1.524993]",
5161,"[3.339656,0.5513781,1.513307]",
5162,"[3.339908,0.5453826,1.507775]",
5163,"[3.34079,0.5258877,1.495074]",
5164,"[3.341319,0.514621,1.489266]",
5165,"[3.342,0.5004321,1.483224]",
5166,"[3.343542,0.4694647,1.474513]",
5167,"[3.345753,0.4289144,1.478698]",
5168,"[3.348713,0.3757528,1.489197]",
5169,"[3.348593,0.3787331,1.492317]",
5170,"[3.34873,0.3778612,1.499715]",
5171,"[3.348663,0.3794953,1.501338]",
5172,"[3.34883,0.3763352,1.501278]",
5173,"[3.348601,0.3795998,1.496771]",
5174,"[3.348548,0.3800437,1.494382]",
5175,"[3.347708,0.3929864,1.482098]",
5176,"[3.346813,0.4079818,1.474254]",
5177,"[3.345787,0.4253549,1.465982]",
5178,"[3.345487,0.4302731,1.462933]",
5179,"[3.344983,0.4390781,1.460043]",
5180,"[3.34464,0.4451647,1.458487]",
5181,"[3.344166,0.4534634,1.455937]",
5182,"[3.343773,0.459709,1.451003]",
5183,"[3.343541,0.463743,1.449568]",
5184,"[3.34332,0.4675096,1.447957]",
5185,"[3.343188,0.4697165,1.446722]",
5186,"[3.342617,0.4794676,1.442549]",
5187,"[3.342407,0.4828899,1.440241]",
5188,"[3.34227,0.4853575,1.439796]",
5189,"[3.562666,0.6335648,1.60789]",
5190,"[3.713409,0.7347269,1.722913]",
5191,"[3.69942,0.7304352,1.711411]",
5192,"[3.702267,0.7343668,1.7134]",
5193,"[3.702837,0.7385112,1.713486]",
5194,"[3.702099,0.7399741,1.712696]",
5195,"[3.701371,0.7408921,1.711866]",
5196,"[3.700468,0.7396594,1.711711]",
5197,"[3.699759,0.7387367,1.711854]",
5198,"[3.696505,0.7369925,1.712421]",
5199,"[3.694983,0.7363941,1.712642]",
5200,"[3.691079,0.7393568,1.712379]",
5201,"[3.689207,0.7406489,1.711708]",
5202,"[3.68515,0.7429446,1.709669]",
5203,"[3.683206,0.744449,1.708642]",
5204,"[3.681672,0.7487462,1.708371]",
5205,"[3.680893,0.7509086,1.708121]",
5206,"[3.68004,0.7525417,1.707668]",
5207,"[3.679338,0.7520739,1.707207]",
5208,"[3.677049,0.7503359,1.705554]",
5209,"[3.669301,0.7448137,1.699696]",
5210,"[3.667127,0.7432825,1.698062]",
5211,"[3.665853,0.7448773,1.697742]",
5212,"[3.662963,0.7454926,1.696256]",
5213,"[3.340636,0.5159864,1.456586]",
5214,"[3.342182,0.5202428,1.458961]",
5215,"[3.341879,0.5221564,1.459318]",
5216,"[3.341542,0.5239979,1.459623]",
5217,"[3.342183,0.524225,1.460078]",
5218,"[3.341932,0.523235,1.459763]",
5219,"[3.341764,0.5226359,1.459439]",
5220,"[3.341845,0.5218157,1.459024]",
5221,"[3.34185,0.5211574,1.458909]",
5222,"[3.341904,0.5200415,1.458444]",
5223,"[3.341982,0.5185776,1.458017]",
5224,"[3.341999,0.5182953,1.458174]",
5225,"[3.341938,0.5195909,1.459761]",
5226,"[3.341856,0.5213159,1.461896]",
5227,"[3.341694,0.5248377,1.466801]",
5228,"[3.340345,0.5250731,1.467985]",
5229,"[3.339246,0.5249981,1.470975]",
5230,"[3.339725,0.5250147,1.472923]",
5231,"[3.341875,0.5219362,1.470356]",
5232,"[3.342272,0.513943,1.463733]",
5233,"[3.342428,0.510767,1.460842]",
5234,"[3.342653,0.5061845,1.456702]",
5235,"[3.342775,0.5038131,1.455392]",
5236,"[3.34306,0.4986002,1.455183]",
5237,"[3.34325,0.495236,1.456125]",
5238,"[3.343379,0.4929649,1.456844]",
5239,"[3.343575,0.4894351,1.457273]",
5240,"[3.343666,0.4877757,1.457291]",
5241,"[3.343826,0.4848909,1.457594]",
5242,"[3.343881,0.4838945,1.457651]",
5243,"[3.343988,0.481709,1.455685]",
5244,"[3.426389,0.5389018,1.511153]",
5245,"[3.573838,0.6407301,1.610764]",
5246,"[3.760227,0.7715424,1.73838]",
5247,"[3.754034,0.766268,1.732141]",
5248,"[3.750242,0.7626854,1.72617]",
5249,"[3.749685,0.7622063,1.724722]",
5250,"[3.749835,0.7629464,1.722465]",
5251,"[3.750087,0.763837,1.721259]",
5252,"[3.749084,0.7650121,1.718194]",
5253,"[3.74848,0.765898,1.716527]",
5254,"[3.747643,0.7665156,1.71488]",
5255,"[3.745879,0.7678742,1.711452]",
5256,"[3.744344,0.7670862,1.710636]",
5257,"[3.742855,0.7691563,1.708468]",
5258,"[3.742244,0.7703375,1.707555]",
5259,"[3.740894,0.7710655,1.706443]",
5260,"[3.740617,0.7723268,1.705543]",
5261,"[3.740132,0.7734224,1.704515]",
5262,"[3.736698,0.771617,1.702722]",
5263,"[3.733496,0.7703418,1.699496]",
5264,"[3.72542,0.765234,1.692364]",
5265,"[3.72324,0.7647399,1.689456]",
5266,"[3.721276,0.7655826,1.685256]",
5267,"[3.720643,0.7663587,1.683046]",
5268,"[3.364951,0.5122772,1.436451]",
5269,"[3.375057,0.5226584,1.438738]",
5270,"[3.374601,0.5237965,1.436494]",
5271,"[3.373776,0.527842,1.429287]",
5272,"[3.373536,0.5293301,1.426451]",
5273,"[3.08848,0.3303658,1.221902]",
5274,"[3.089065,0.332091,1.22153]",
5275,"[3.089123,0.3329571,1.220458]",
5276,"[3.089001,0.3329571,1.219587]",
5277,"[3.088395,0.3329571,1.218176]",
5278,"[3.08708,0.3329571,1.216138]",
5279,"[3.085596,0.3329571,1.214052]",
5280,"[3.088367,0.3329571,1.214516]",
5281,"[3.125074,0.2029222,1.198657]",
5282,"[3.147182,0.1394092,1.184614]",
5283,"[3.190882,0.1,1.190064]",
5284,"[3.280811,0.1,1.232353]",
5285,"[3.305371,0.1,1.244187]",
5286,"[3.317826,0.1,1.250029]",
5287,"[3.328553,0.1,1.253415]",
5288,"[3.331226,0.1,1.255335]",
5289,"[3.333806,0.1,1.256976]",
5290,"[3.333983,0.1,1.257156]",
5291,"[3.333217,0.1,1.256755]",
5292,"[3.330881,0.1,1.259365]",
5293,"[3.328514,0.1,1.261559]",
5294,"[3.195919,0.1,1.247748]",
5295,"[3.135206,0.1,1.240727]",
5296,"[3.371478,0.4462034,1.423043]",
5297,"[3.372402,0.4818766,1.431336]",
5298,"[3.373183,0.5118808,1.439045]",
5299,"[3.373433,0.5212483,1.442758]",
5300,"[3.373618,0.528154,1.445803]",
5301,"[3.37361,0.5281295,1.444125]",
5302,"[3.373601,0.5280132,1.442715]",
5303,"[3.373554,0.5265185,1.440289]",
5304,"[3.373532,0.5256824,1.439978]",
5305,"[3.373623,0.5286936,1.44374]",
5306,"[3.373667,0.5301139,1.445742]",
5307,"[3.373657,0.5293881,1.447652]",
5308,"[3.373523,0.5242841,1.446054]",
5309,"[3.373392,0.5193396,1.444422]",
5310,"[3.373151,0.5106552,1.43857]",
5311,"[3.373038,0.5068535,1.434354]",
5312,"[3.372876,0.5015607,1.427219]",
5313,"[3.372842,0.5009919,1.422433]",
5314,"[3.093477,0.2337374,1.218728]",
5315,"[3.097972,0.2359419,1.215873]",
5316,"[3.101826,0.2378051,1.213425]",
5317,"[3.203353,0.3340689,1.280715]",
5318,"[3.197737,0.3283667,1.274678]",
5319,"[3.228984,0.358021,1.295534]",
5320,"[3.227634,0.3568031,1.293698]",
5321,"[3.22563,0.3553204,1.291858]",
5322,"[3.22562,0.3553934,1.29215]",
5323,"[3.224517,0.3552414,1.292881]",
5324,"[3.223118,0.3549764,1.294306]",
5325,"[3.222526,0.3554401,1.295329]",
5326,"[3.220983,0.3572468,1.298169]",
5327,"[3.220633,0.359154,1.300129]",
5328,"[3.220412,0.3635893,1.303108]",
5329,"[3.219991,0.3657641,1.30422]",
5330,"[3.220129,0.3680643,1.305301]",
5331,"[3.210895,0.3623843,1.300345]",
5332,"[3.201376,0.3548785,1.294452]",
5333,"[3.205562,0.361631,1.298674]",
5334,"[3.208378,0.3654227,1.300949]",
5335,"[3.215288,0.3733346,1.306253]",
5336,"[3.21876,0.3768864,1.30943]",
5337,"[3.226907,0.3854457,1.317093]",
5338,"[3.224171,0.3840083,1.316914]",
5339,"[3.213665,0.3751045,1.31113]",
5340,"[3.242254,0.4017317,1.334608]",
5341,"[3.247677,0.4069501,1.340907]",
5342,"[3.260264,0.4176744,1.355794]",
5343,"[3.266173,0.4226187,1.362458]",
5344,"[2.923231,0.1,1.143342]",
5345,"[2.926725,0.1,1.15016]",
5346,"[2.930648,0.1,1.157974]",
5347,"[2.942355,0.1,1.173816]",
5348,"[2.950882,0.1,1.188665]",
5349,"[2.961855,0.1,1.20797]",
5350,"[3.065517,0.1,1.34638]",
5351,"[3.538568,0.5930509,1.612922]",
5352,"[3.55214,0.6031941,1.623443]",
5353,"[3.554081,0.599031,1.625053]",
5354,"[3.563223,0.6033115,1.629793]",
5355,"[3.566275,0.604263,1.630758]",
5356,"[3.569223,0.6024826,1.629527]",
5357,"[3.572479,0.6039621,1.629231]",
5358,"[3.576507,0.605724,1.627293]",
5359,"[3.57777,0.6059605,1.625592]",
5360,"[3.578913,0.6047311,1.621007]",
5361,"[3.579117,0.6015956,1.614442]",
5362,"[3.579305,0.5998827,1.609504]",
5363,"[3.583779,0.586776,1.56653]",
5364,"[3.541996,0.5207104,1.517539]",
5365,"[3.539723,0.5142718,1.493567]",
5366,"[3.545643,0.5227918,1.491139]",
5367,"[3.553132,0.535995,1.489165]",
5368,"[3.55567,0.5385617,1.490163]",
5369,"[3.557773,0.5406716,1.490842]",
5370,"[3.560243,0.5420078,1.491777]",
5371,"[3.561185,0.5419801,1.492207]",
5372,"[3.562319,0.5414712,1.492819]",
5373,"[3.562571,0.541167,1.493666]",
5374,"[3.567938,0.5471509,1.500296]",
5375,"[3.572121,0.5517095,1.505466]",
5376,"[3.580768,0.5575265,1.51651]",
5377,"[3.582907,0.5560862,1.519819]",
5378,"[3.58221,0.5520322,1.520535]",
5379,"[3.580336,0.5438171,1.522254]",
5380,"[3.294024,0.1,1.290392]",
5381,"[3.296259,0.1,1.293522]",
5382,"[3.623684,0.6030879,1.563606]",
5383,"[3.624806,0.6033092,1.566469]",
5384,"[3.612681,0.5845583,1.560141]",
5385,"[3.610632,0.581395,1.558296]",
5386,"[3.304429,0.1,1.305134]",
5387,"[3.304106,0.1,1.305098]",
5388,"[3.303544,0.1,1.304372]",
5389,"[3.302502,0.1,1.302753]",
5390,"[3.300485,0.1,1.301119]",
5391,"[3.296268,0.1,1.297771]",
5392,"[3.290027,0.1,1.292356]",
5393,"[3.28698,0.1,1.289867]",
5394,"[3.285421,0.1,1.28772]",
5395,"[3.283248,0.1,1.285842]",
5396,"[3.282568,0.1,1.285609]",
5397,"[3.281627,0.1,1.285228]",
5398,"[3.281138,0.1,1.284987]",
5399,"[3.279701,0.1,1.2846]",
5400,"[3.278881,0.1,1.283612]",
5401,"[3.275991,0.1,1.278491]",
5402,"[3.274851,0.1,1.276038]",
5403,"[3.27393,0.1,1.274362]",
5404,"[3.271537,0.1,1.271464]",
5405,"[3.269863,0.1,1.269938]",
5406,"[3.155717,0.1,1.245139]",
5407,"[3.137831,0.1,1.242172]",
5408,"[3.113528,0.1,1.23669]",
5409,"[3.106723,0.1,1.235325]",
5410,"[3.099929,0.1,1.234744]",
5411,"[3.092862,0.1,1.233995]",
5412,"[3.09137,0.1,1.233719]",
5413,"[3.087555,0.1,1.232648]",
5414,"[3.085344,0.1,1.231734]",
5415,"[3.081372,0.1,1.230224]",
5416,"[3.079642,0.1,1.229726]",
5417,"[3.078574,0.1,1.229504]",
5418,"[3.077028,0.1000848,1.229176]",
5419,"[3.075676,0.1023025,1.230035]",
5420,"[3.07393,0.1047648,1.231144]",
5421,"[3.073211,0.1068053,1.231601]",
5422,"[3.071896,0.1089159,1.232436]",
5423,"[3.071453,0.1097863,1.232718]",
5424,"[3.071148,0.1113491,1.232911]",
5425,"[3.071001,0.1119702,1.233005]",
5426,"[3.070583,0.1126889,1.23327]",
5427,"[3.068633,0.1132948,1.234509]",
5428,"[3.067163,0.1128949,1.235442]",
5429,"[3.064694,0.1145853,1.237011]",
5430,"[3.063839,0.1163513,1.237554]",
5431,"[3.060501,0.1200818,1.239674]",
5432,"[3.058707,0.1212782,1.240814]",
5433,"[3.057228,0.1235774,1.241753]",
5434,"[3.054628,0.1268395,1.243405]",
5435,"[3.053209,0.1277159,1.244306]",
5436,"[3.050572,0.1299528,1.245981]",
5437,"[3.049671,0.1323938,1.246554]",
5438,"[3.048655,0.1406599,1.247199]",
5439,"[3.048113,0.1422929,1.247543]",
5440,"[3.046822,0.1440435,1.248363]",
5441,"[3.046505,0.1450541,1.248564]",
5442,"[3.046433,0.1459085,1.24861]",
5443,"[3.045987,0.1472204,1.248893]",
5444,"[3.046162,0.1478762,1.248782]",
5445,"[3.047901,0.1514384,1.247677]",
5446,"[3.049585,0.1547218,1.246608]",
5447,"[3.05271,0.1596807,1.244623]",
5448,"[3.053982,0.1607031,1.243815]",
5449,"[3.055141,0.1617379,1.243079]",
5450,"[3.05788,0.1663056,1.241339]",
5451,"[3.059504,0.1683479,1.240307]",
5452,"[3.064671,0.1722011,1.237025]",
5453,"[3.067996,0.1747695,1.234914]",
5454,"[3.075629,0.1810136,1.230065]",
5455,"[3.080598,0.184906,1.226909]",
5456,"[3.093742,0.2154296,1.21856]",
5457,"[3.107795,0.2463154,1.209633]",
5458,"[3.110318,0.2587006,1.208031]",
5459,"[3.112936,0.2772782,1.206368]",
5460,"[3.114204,0.2848137,1.205562]",
5461,"[3.115726,0.29059,1.204595]",
5462,"[3.117038,0.2933357,1.203762]",
5463,"[3.117726,0.2977706,1.203325]",
5464,"[3.116548,0.2970716,1.204073]",
5465,"[3.11558,0.2954369,1.204688]",
5466,"[3.115645,0.2943987,1.204647]",
5467,"[3.116173,0.293139,1.204312]",
5468,"[3.115479,0.2905641,1.204752]",
5469,"[3.114439,0.2891668,1.205413]",
5470,"[3.11355,0.2870721,1.205977]",
5471,"[3.113305,0.2860271,1.206134]",
5472,"[3.112968,0.2850899,1.206347]",
5473,"[3.113194,0.2847778,1.206203]",
5474,"[3.113782,0.2845153,1.20583]",
5475,"[3.113852,0.2848711,1.205786]",
5476,"[3.11379,0.2848852,1.205825]",
5477,"[3.11334,0.2845739,1.206111]",
5478,"[3.112953,0.2843822,1.206357]",
5479,"[3.112185,0.2842365,1.206845]",
5480,"[3.111633,0.2843216,1.207195]",
5481,"[3.109086,0.2849005,1.208813]",
5482,"[3.107999,0.2851626,1.209503]",
5483,"[3.107017,0.2852203,1.210127]",
5484,"[3.104629,0.2849079,1.211644]",
5485,"[3.103303,0.2847441,1.212486]",
5486,"[3.100486,0.2840187,1.214276]",
5487,"[3.099476,0.2838995,1.214917]",
5488,"[3.097452,0.283421,1.216203]",
5489,"[3.096935,0.2832829,1.216531]",
5490,"[3.096392,0.283114,1.216876]",
5491,"[3.096134,0.2832845,1.21704]",
5492,"[3.096142,0.2835101,1.217035]",
5493,"[3.096174,0.2837805,1.217015]",
5494,"[3.096182,0.2837627,1.21701]",
5495,"[3.096263,0.2837591,1.216958]",
5496,"[3.096326,0.2838007,1.216918]",
5497,"[3.096415,0.2838925,1.216862]",
5498,"[3.096754,0.2838083,1.216646]",
5499,"[3.097299,0.2837188,1.2163]",
5500,"[3.101171,0.2815946,1.213841]",
5501,"[3.107922,0.2792607,1.209553]",
5502,"[3.276107,0.1,1.010449]",
5503,"[3.304461,0.1,1.003573]",
5504,"[3.393295,0.1,0.9962267]",
5505,"[3.426415,0.1,0.996308]",
5506,"[3.447854,0.1,0.9979659]",
5507,"[3.475363,0.1,0.9998099]",
5508,"[3.487361,0.1,1.000199]",
5509,"[3.506743,0.1,1.000272]",
5510,"[3.516094,0.1,1.000071]",
5511,"[3.525997,0.1,0.9997061]",
5512,"[3.542549,0.1,0.9987983]",
5513,"[3.548602,0.1,0.9985172]",
5514,"[3.541041,0.1,0.9928733]",
5515,"[3.535753,0.1,0.9896179]",
5516,"[3.523546,0.1,0.9896012]",
5517,"[3.518131,0.1,0.9901343]",
5518,"[3.510077,0.1,0.9929765]",
5519,"[3.503451,0.1,0.9955803]",
5520,"[3.493011,0.1,0.9988641]",
5521,"[3.487774,0.1,1.00107]",
5522,"[3.48317,0.1,1.003411]",
5523,"[3.474503,0.1,1.008859]",
5524,"[3.470664,0.1,1.010713]",
5525,"[3.464982,0.1,1.013589]",
5526,"[3.46345,0.1,1.014252]",
5527,"[3.461426,0.1,1.014784]",
5528,"[3.460354,0.1,1.014762]",
5529,"[3.459194,0.1,1.014714]",
5530,"[3.457405,0.1,1.014848]",
5531,"[3.457191,0.1,1.014951]",
5532,"[3.457026,0.1,1.015081]",
5533,"[3.457237,0.1,1.015049]",
5534,"[3.459367,0.1,1.014371]",
5535,"[3.463002,0.1,1.013749]",
5536,"[3.467726,0.1,1.012916]",
5537,"[3.747691,0.1,1.107311]",
5538,"[3.88687,0.1,1.198064]",
5539,"[3.93274,0.1,1.219414]",
5540,"[3.949131,0.1,1.223706]",
5541,"[3.972055,0.1,1.227145]",
5542,"[3.98114,0.1,1.226053]",
5543,"[3.983622,0.1000001,1.222914]",
5544,"[3.988228,0.1,1.21654]",
5545,"[3.990327,0.1,1.214216]",
5546,"[3.99601,0.1,1.211762]",
5547,"[3.99966,0.1000001,1.207113]",
5548,"[3.999252,0.1,1.199294]",
5549,"[4.000807,0.1,1.194175]",
5550,"[4.003323,0.1,1.191171]",
5551,"[4.002435,0.1,1.193802]",
5552,"[4.002479,0.1,1.196892]",
5553,"[3.994009,0.1,1.219858]",
5554,"[3.993761,0.1,1.228765]",
5555,"[3.990122,0.0999999,1.242968]",
5556,"[3.98649,0.1,1.243632]",
5557,"[3.980166,0.0999999,1.239283]",
5558,"[3.970122,0.1,1.232097]",
5559,"[3.965501,0.1,1.230628]",
5560,"[3.966484,0.1,1.252077]",
5561,"[3.985176,0.1000001,1.289415]",
5562,"[4.018351,0.1,1.375842]",
5563,"[4.032695,0.1,1.415553]",
5564,"[4.052379,0.1,1.478207]",
5565,"[4.061628,0.1,1.507336]",
5566,"[4.041865,0.1,1.49508]",
5567,"[4.025434,0.1,1.474904]",
5568,"[3.997339,0.1,1.433685]",
5569,"[3.98334,0.1,1.42344]",
5570,"[3.980593,0.1,1.424743]",
5571,"[3.977657,0.1,1.442191]",
5572,"[3.97714,0.1000001,1.459843]",
5573,"[3.973673,0.1,1.465163]",
5574,"[3.971236,0.1,1.467194]",
5575,"[3.968143,0.1,1.461018]",
5576,"[3.957889,0.1,1.428741]",
5577,"[3.953555,0.1,1.412008]",
5578,"[3.942687,0.1,1.358873]",
5579,"[3.936859,0.1,1.340145]",
5580,"[3.924854,0.1,1.31174]",
5581,"[3.918397,0.1,1.315088]",
5582,"[3.9114,0.1,1.318311]",
5583,"[3.904048,0.1,1.321978]",
5584,"[3.901392,0.1,1.323654]",
5585,"[3.898551,0.1,1.326448]",
5586,"[3.897998,0.1,1.328691]",
5587,"[3.897596,0.1,1.331697]",
5588,"[3.897186,0.1,1.334079]",
5589,"[3.896654,0.1000001,1.336876]",
5590,"[3.895834,0.1,1.337192]",
5591,"[3.894177,0.1,1.336306]",
5592,"[3.89039,0.1000001,1.330322]",
5593,"[3.888149,0.1,1.327079]",
5594,"[3.884012,0.1,1.322623]",
5595,"[3.88242,0.1,1.321626]",
5596,"[3.881258,0.1,1.32383]",
5597,"[3.881536,0.1,1.327331]",
5598,"[3.887534,0.1,1.34889]",
5599,"[3.890505,0.1,1.358913]",
5600,"[3.893602,0.1,1.368439]",
5601,"[3.898422,0.1,1.385141]",
5602,"[3.898699,0.1,1.390756]",
5603,"[3.893418,0.1,1.395132]",
5604,"[3.887909,0.1,1.39643]",
5605,"[3.708888,0.1,1.434013]",
5606,"[3.556212,0.1,1.451053]",
5607,"[3.491167,0.1,1.448963]",
5608,"[3.353531,0.1,1.419191]",
5609,"[3.264809,0.1,1.392081]",
5610,"[2.922387,0.1,1.318295]",
5611,"[3.269446,0.6002311,1.494274]",
5612,"[3.10899,0.5806856,1.428777]",
5613,"[3.030136,0.6152172,1.392993]",
5614,"[2.978123,0.6298554,1.374945]",
5615,"[2.811918,0.5806856,1.289135]",
5616,"[2.766292,0.5806856,1.270713]",
5617,"[2.768131,0.5806856,1.269717]",
5618,"[2.803429,0.5806856,1.279152]",
5619,"[2.948819,0.6298554,1.337085]",
5620,"[2.974838,0.6298554,1.347209]",
5621,"[3.017593,0.5806856,1.35471]",
5622,"[3.063569,0.5806856,1.374655]",
5623,"[3.171798,0.6002311,1.419637]",
5624,"[3.215283,0.6002311,1.439662]",
5625,"[3.240803,0.6002311,1.445519]",
5626,"[3.276212,0.6002311,1.45009]",
5627,"[3.291968,0.5972514,1.452265]",
5628,"[3.291884,0.5765239,1.443005]",
5629,"[3.291828,0.5566446,1.436748]",
5630,"[3.291776,0.5471328,1.431049]",
5631,"[3.29169,0.5356342,1.421502]",
5632,"[3.291625,0.5277227,1.414393]",
5633,"[3.04444,0.273603,1.249876]",
5634,"[3.051155,0.2698839,1.24561]",
5635,"[3.062054,0.2664244,1.238688]",
5636,"[3.062445,0.2671949,1.238439]",
5637,"[3.064111,0.268377,1.237381]",
5638,"[3.291551,0.5290068,1.406122]",
5639,"[3.291642,0.5460995,1.416228]",
5640,"[3.291731,0.5642678,1.426092]",
5641,"[3.291754,0.5705265,1.428655]",
5642,"[3.291767,0.5763817,1.4301]",
5643,"[3.291768,0.5788468,1.430195]",
5644,"[3.291769,0.5813091,1.430258]",
5645,"[3.291767,0.5834035,1.430072]",
5646,"[3.29177,0.5842562,1.430403]",
5647,"[3.29177,0.5848645,1.430318]",
5648,"[3.291769,0.5848856,1.430284]",
5649,"[3.29176,0.5838605,1.429316]",
5650,"[3.291756,0.5821682,1.428792]",
5651,"[3.291741,0.5790563,1.427142]",
5652,"[3.291735,0.5770595,1.426476]",
5653,"[3.291543,0.5559829,1.405318]",
5654,"[3.291336,0.5309389,1.382405]",
5655,"[3.291275,0.5226019,1.375596]",
5656,"[3.075521,0.3166559,1.230134]",
5657,"[3.077664,0.3158191,1.228772]",
5658,"[3.081373,0.3153947,1.226416]",
5659,"[3.082639,0.3162006,1.225613]",
5660,"[3.084168,0.3169407,1.224641]",
5661,"[3.086167,0.3186712,1.223371]",
5662,"[3.086905,0.3191596,1.222902]",
5663,"[3.088397,0.3214801,1.221955]",
5664,"[3.089396,0.3228828,1.221321]",
5665,"[3.090576,0.3250427,1.22057]",
5666,"[3.092101,0.3280349,1.219602]",
5667,"[3.093425,0.3304203,1.218761]",
5668,"[3.092478,0.3329571,1.216412]",
5669,"[3.090928,0.3329571,1.215137]",
5670,"[3.089152,0.3329571,1.213168]",
5671,"[3.088748,0.3329571,1.212513]",
5672,"[3.088335,0.3329571,1.211718]",
5673,"[3.088151,0.3329571,1.209687]",
5674,"[3.088532,0.3329571,1.208128]",
5675,"[3.088712,0.3329571,1.206687]",
5676,"[3.089175,0.3329571,1.20646]",
5677,"[3.089707,0.3329571,1.206103]",
5678,"[3.091138,0.3329571,1.205018]",
5679,"[3.092153,0.3329571,1.204014]",
5680,"[3.09346,0.3329571,1.20365]",
5681,"[3.094683,0.3329571,1.202843]",
5682,"[3.095017,0.3329571,1.202006]",
5683,"[3.095455,0.3329571,1.200796]",
5684,"[3.095903,0.3329571,1.200377]",
5685,"[3.100373,0.3329571,1.198115]",
5686,"[3.105968,0.3329571,1.19369]",
5687,"[3.11774,0.3329571,1.186324]",
5688,"[3.161951,0.3329571,1.162444]",
5689,"[3.22365,0.1,0.7692428]",
5690,"[3.293262,0.1,0.718389]",
5691,"[3.69979,0.1539834,0.6020542]",
5692,"[3.758032,0.1539834,0.5744842]",
5693,"[4.003165,0.4579882,0.8833297]",
5694,"[4.044049,0.4579883,0.8947465]",
5695,"[4.095301,0.4579882,0.900683]",
5696,"[4.105769,0.4579883,0.9038897]",
5697,"[4.130127,0.4579883,0.9095936]",
5698,"[4.129474,0.4579883,0.9138889]",
5699,"[4.132596,0.4579883,0.9214826]",
5700,"[4.128821,0.4579882,0.9274475]",
5701,"[4.112758,0.4579883,0.9384564]",
5702,"[4.100861,0.4579883,0.9498401]",
5703,"[4.089509,0.5514361,1.068406]",
5704,"[4.075557,0.5514361,1.07409]",
5705,"[4.070877,0.5514361,1.075834]",
5706,"[4.059862,0.5514361,1.075676]",
5707,"[4.057617,0.5514361,1.074535]",
5708,"[4.052979,0.5514361,1.07107]",
5709,"[4.048464,0.5514361,1.0686]",
5710,"[4.037977,0.4579883,0.954128]",
5711,"[4.032091,0.4579883,0.947471]",
5712,"[4.031466,0.4579883,0.942789]",
5713,"[4.033957,0.4579883,0.9302109]",
5714,"[4.063529,0.4579883,0.8694514]",
5715,"[4.102255,0.6106473,1.025966]",
5716,"[4.114103,0.6218238,1.025966]",
5717,"[4.131401,0.7148805,1.025966]",
5718,"[4.140424,0.7508774,1.025966]",
5719,"[4.142434,0.7597885,1.025966]",
5720,"[4.147393,0.7710201,1.025966]",
5721,"[4.144345,0.7752367,1.025966]",
5722,"[4.140738,0.7828213,1.025966]",
5723,"[4.142668,0.7882354,1.025966]",
5724,"[4.145123,0.7933859,1.025966]",
5725,"[4.147601,0.7970066,1.025966]",
5726,"[4.145081,0.7982908,1.025966]",
5727,"[4.141554,0.7997866,1.025966]",
5728,"[4.140272,0.8004802,1.025966]",
5729,"[4.139561,0.8017017,1.025966]",
5730,"[4.142227,0.8041273,1.025966]",
5731,"[4.140522,0.8030812,1.025966]",
5732,"[4.14213,0.8056946,1.025966]",
5733,"[4.140473,0.8069788,1.025966]",
5734,"[4.139118,0.8131567,1.025966]",
5735,"[4.138988,0.8144361,1.019459]",
5736,"[4.127667,0.8144361,1.004104]",
5737,"[4.125559,0.8144361,0.9923731]",
5738,"[4.103676,0.75514,0.8504663]",
5739,"[4.097951,0.7547347,0.8414665]",
5740,"[4.0934,0.7557138,0.8343101]",
5741,"[4.086189,0.758271,0.822975]",
5742,"[4.082242,0.7600897,0.8167214]",
5743,"[4.073131,0.7600897,0.8003137]",
5744,"[4.069446,0.7600897,0.7954587]",
5745,"[4.062984,0.7600897,0.7827529]",
5746,"[4.060483,0.7600897,0.7794764]",
5747,"[4.039126,0.7041869,0.658635]",
5748,"[4.03873,0.7044707,0.658635]",
5749,"[4.038104,0.7052919,0.658635]",
5750,"[4.036086,0.7037999,0.658635]",
5751,"[4.035575,0.7021405,0.658635]",
5752,"[4.032661,0.6911301,0.658635]",
5753,"[4.030366,0.6821924,0.658635]",
5754,"[4.027522,0.6680518,0.658635]",
5755,"[4.02633,0.6627073,0.658635]",
5756,"[4.024956,0.656984,0.658635]",
5757,"[4.022119,0.6499567,0.658635]",
5758,"[4.09846,0.7761921,1.025966]",
5759,"[4.105156,0.6945367,1.025966]",
5760,"[4.105803,0.6711174,1.025966]",
5761,"[4.105727,0.643443,1.025966]",
5762,"[4.105126,0.6337826,1.025966]",
5763,"[4.105144,0.6244627,1.025966]",
5764,"[4.10498,0.6051616,1.025966]",
5765,"[4.104513,0.594807,1.025966]",
5766,"[4.102499,0.5786191,1.025966]",
5767,"[4.089584,0.4579881,0.8983591]",
5768,"[4.087312,0.4579881,0.8999576]",
5769,"[4.09293,0.5917729,1.025966]",
5770,"[4.088124,0.6086024,1.025966]",
5771,"[4.071437,0.7735373,1.025966]",
5772,"[4.066669,0.7950999,1.025966]",
5773,"[4.058628,0.8144361,1.024342]",
5774,"[4.054289,0.8144361,1.014542]",
5775,"[4.051458,0.8144361,1.003371]",
5776,"[4.053066,0.8144361,0.9982162]",
5777,"[4.055429,0.8144361,0.9893453]",
5778,"[4.056443,0.8144361,0.9851255]",
5779,"[4.023074,0.5037513,0.4404986]",
5780,"[4.026528,0.5074393,0.4404986]",
5781,"[4.030306,0.5095569,0.4404986]",
5782,"[4.048235,0.6400679,0.658635]",
5783,"[4.050911,0.6406041,0.658635]",
5784,"[4.061024,0.7131333,0.7834121]",
5785,"[4.063854,0.7152364,0.787861]",
5786,"[4.068912,0.7179914,0.7958128]",
5787,"[4.071031,0.7197967,0.7991449]",
5788,"[4.072023,0.719258,0.8007043]",
5789,"[4.073332,0.7174691,0.802762]",
5790,"[4.073811,0.7163913,0.8035144]",
5791,"[4.073732,0.7090122,0.8033904]",
5792,"[4.075682,0.8144361,0.9867896]",
5793,"[4.075221,0.8144361,1.005443]",
5794,"[4.074891,0.8144361,1.019209]",
5795,"[4.074419,0.7994467,1.025966]",
5796,"[4.073985,0.7868673,1.025966]",
5797,"[4.073502,0.773016,1.025966]",
5798,"[4.045915,0.5514361,1.102752]",
5799,"[4.044646,0.5405903,1.114712]",
5800,"[4.041288,0.4925669,1.114712]",
5801,"[4.041756,0.4816875,1.114712]",
5802,"[4.043357,0.4607206,1.114712]",
5803,"[4.044693,0.4494676,1.114712]",
5804,"[4.045956,0.4336098,1.114712]",
5805,"[4.049262,0.4130569,1.114712]",
5806,"[4.051239,0.4063838,1.114712]",
5807,"[4.056453,0.3869968,1.114712]",
5808,"[4.056868,0.388658,1.114712]",
5809,"[4.060111,0.3860939,1.114712]",
5810,"[4.060855,0.3875934,1.114712]",
5811,"[4.084251,0.4160013,1.114712]",
5812,"[4.092478,0.4109096,1.114712]",
5813,"[4.099351,0.42153,1.114712]",
5814,"[4.108294,0.4488418,1.114712]",
5815,"[4.111115,0.4594372,1.114712]",
5816,"[4.116395,0.5006263,1.114712]",
5817,"[4.117871,0.5056398,1.114712]",
5818,"[4.117602,0.5174352,1.114712]",
5819,"[4.116898,0.5248078,1.108716]",
5820,"[4.116762,0.5319649,1.108716]",
5821,"[4.116311,0.5444136,1.108716]",
5822,"[4.116277,0.549284,1.108716]",
5823,"[4.114647,0.5514361,1.091033]",
5824,"[4.1144,0.5514361,1.083304]",
5825,"[4.113909,0.5514361,1.069942]",
5826,"[4.113986,0.5514361,1.064188]",
5827,"[4.114539,0.5514361,1.057714]",
5828,"[4.116168,0.5514361,1.055485]",
5829,"[4.11761,0.5514361,1.053115]",
5830,"[4.117348,0.5514361,1.046274]",
5831,"[4.116729,0.5514361,1.044095]",
5832,"[4.116113,0.5514361,1.042185]",
5833,"[4.11512,0.5514361,1.03878]",
5834,"[4.114084,0.5514361,1.034441]",
5835,"[4.113981,0.5514361,1.033188]",
5836,"[4.115249,0.5514361,1.031356]",
5837,"[4.117935,0.5514361,1.028842]",
5838,"[4.119183,0.5514361,1.02891]",
5839,"[4.120573,0.5514361,1.029429]",
5840,"[4.12181,0.5514361,1.02978]",
5841,"[4.122074,0.5514361,1.033158]",
5842,"[4.122012,0.5514361,1.034957]",
5843,"[4.120621,0.5514361,1.035693]",
5844,"[4.107419,0.4579883,0.8997827]",
5845,"[4.105879,0.4579883,0.8986355]",
5846,"[4.103261,0.4579883,0.8969551]",
5847,"[4.101973,0.4579883,0.8958433]",
5848,"[4.098926,0.4579883,0.8924786]",
5849,"[4.098639,0.4579883,0.8891622]",
5850,"[4.098704,0.4579883,0.8830675]",
5851,"[4.098911,0.4579883,0.8802882]",
5852,"[4.099153,0.4579883,0.8777753]",
5853,"[4.098861,0.4579883,0.8728514]",
5854,"[4.098901,0.4579883,0.8708074]",
5855,"[4.09863,0.4579883,0.8687162]",
5856,"[4.097706,0.4579883,0.8680879]",
5857,"[4.096188,0.4579883,0.8665205]",
5858,"[4.095665,0.4579883,0.8666027]",
5859,"[4.095335,0.4579883,0.8668723]",
5860,"[4.094539,0.4579883,0.8681046]",
5861,"[4.094098,0.4579883,0.8692541]",
5862,"[4.092849,0.4579883,0.873109]",
5863,"[4.091638,0.4579883,0.8760767]",
5864,"[4.088984,0.4579883,0.8811379]",
5865,"[4.087559,0.4579883,0.8832266]",
5866,"[4.084698,0.4579883,0.8865418]",
5867,"[4.083199,0.4579883,0.887953]",
5868,"[4.081664,0.4579883,0.88945]",
5869,"[4.067315,0.4579883,0.9079944]",
5870,"[4.05994,0.4579883,0.916869]",
5871,"[4.051448,0.4579883,0.9277427]",
5872,"[4.049075,0.4579883,0.9314491]",
5873,"[4.046822,0.4579883,0.935886]",
5874,"[4.046089,0.4579883,0.9371574]",
5875,"[4.045932,0.4579883,0.9379148]",
5876,"[4.054148,0.4579883,0.9286146]",
5877,"[4.060558,0.4579883,0.9216937]",
5878,"[4.073532,0.4579883,0.9081132]",
5879,"[4.077163,0.4579883,0.9042475]",
5880,"[4.08202,0.4579883,0.8983555]",
5881,"[4.083655,0.4579883,0.8959076]",
5882,"[4.084523,0.4579883,0.8936121]",
5883,"[4.084632,0.4579883,0.8926381]",
5884,"[4.084509,0.4579883,0.8896074]",
5885,"[4.084299,0.4579883,0.8877895]",
5886,"[4.084119,0.4579883,0.8863575]",
5887,"[4.084128,0.4579883,0.8854997]",
5888,"[4.084194,0.4579883,0.8850247]",
5889,"[4.084387,0.4579883,0.8842962]",
5890,"[4.084569,0.4579883,0.8838511]",
5891,"[4.084826,0.4579883,0.8833727]",
5892,"[4.084197,0.4579883,0.884809]",
5893,"[4.080586,0.4579883,0.8938668]",
5894,"[4.075324,0.4579883,0.9063371]",
5895,"[4.073283,0.4579883,0.910447]",
5896,"[4.070079,0.4579883,0.9150605]",
5897,"[4.068113,0.4579883,0.9166535]",
5898,"[4.064608,0.4579883,0.9189457]",
5899,"[4.062328,0.4579883,0.9208429]",
5900,"[4.058056,0.4579883,0.9243085]",
5901,"[4.056737,0.4579883,0.9261284]",
5902,"[4.055393,0.4579883,0.9259985]",
5903,"[4.053607,0.4579883,0.9244123]",
5904,"[4.052352,0.4579883,0.9227935]",
5905,"[4.05117,0.4579883,0.9190096]",
5906,"[4.050585,0.4579883,0.9159631]",
5907,"[4.049413,0.4579883,0.9089296]",
5908,"[4.048485,0.4579883,0.9042019]",
5909,"[4.047377,0.4579883,0.8990228]",
5910,"[4.046407,0.4579883,0.8913895]",
5911,"[4.045587,0.4579883,0.8878049]",
5912,"[4.043244,0.4579883,0.8786094]",
5913,"[4.043304,0.4579883,0.8786474]",
5914,"[4.04118,0.4579883,0.8742821]",
5915,"[4.038581,0.4579883,0.8694571]",
5916,"[4.061661,0.5847376,1.025966]",
5917,"[4.059823,0.5897696,1.025966]",
5918,"[4.058647,0.5935991,1.025966]",
5919,"[4.056632,0.6037744,1.025966]",
5920,"[4.056158,0.6087223,1.025966]",
5921,"[4.05572,0.620416,1.025966]",
5922,"[4.055862,0.624868,1.025966]",
5923,"[4.059619,0.6318089,1.025966]",
5924,"[4.062011,0.6387889,1.025966]",
5925,"[4.064202,0.643593,1.025966]",
5926,"[4.068529,0.6490473,1.025966]",
5927,"[4.070838,0.6539913,1.025966]",
5928,"[4.073385,0.6507386,1.025966]",
5929,"[4.074103,0.6506668,1.025966]",
5930,"[4.075434,0.6487283,1.025966]",
5931,"[4.075305,0.6476955,1.025966]",
5932,"[4.075249,0.6475607,1.025966]",
5933,"[4.074975,0.6473042,1.025966]",
5934,"[4.07488,0.6507728,1.025966]",
5935,"[4.073545,0.6453789,1.025966]",
5936,"[4.072601,0.6381156,1.025966]",
5937,"[4.071241,0.6311675,1.025966]",
5938,"[4.070492,0.6241071,1.025966]",
5939,"[4.070031,0.6170031,1.025966]",
5940,"[4.069974,0.6145877,1.025966]",
5941,"[4.06983,0.6130092,1.025966]",
5942,"[4.069136,0.6062059,1.025966]",
5943,"[4.068276,0.5978456,1.025966]",
5944,"[4.066916,0.5891049,1.025966]",
5945,"[4.066384,0.5872602,1.025966]",
5946,"[4.070483,0.6148061,1.025966]",
5947,"[4.073281,0.6347153,1.025966]",
5948,"[4.077878,0.7248198,1.025966]",
5949,"[4.080095,0.7609506,1.025966]",
5950,"[4.081404,0.7705054,1.025966]",
5951,"[4.083552,0.7816482,1.025966]",
5952,"[4.084535,0.7856097,1.025966]",
5953,"[4.085561,0.7893955,1.025966]",
5954,"[4.086016,0.7913089,1.025966]",
5955,"[4.086298,0.7925438,1.025966]",
5956,"[4.086523,0.793174,1.025966]",
5957,"[4.086497,0.792877,1.025966]",
5958,"[4.086237,0.7922348,1.025966]",
5959,"[4.085961,0.7919146,1.025966]",
5960,"[4.085547,0.7913544,1.025966]",
5961,"[4.085325,0.7910538,1.025966]",
5962,"[4.084834,0.7905895,1.025966]",
5963,"[4.084494,0.7900417,1.025966]",
5964,"[4.084246,0.7895218,1.025966]",
5965,"[4.083988,0.7875101,1.025966]",
5966,"[4.084805,0.7861752,1.025966]",
5967,"[4.087578,0.7833288,1.025966]",
5968,"[4.090194,0.782384,1.025966]",
5969,"[4.095168,0.7814483,1.025966]",
5970,"[4.097873,0.7807721,1.025966]",
5971,"[4.102867,0.7788908,1.025966]",
5972,"[4.105156,0.7776226,1.025966]",
5973,"[4.106459,0.776351,1.025966]",
5974,"[4.107788,0.7733635,1.025966]",
5975,"[4.109227,0.7713112,1.025966]",
5976,"[4.110328,0.7687495,1.025966]",
5977,"[4.112476,0.7663977,1.025966]",
5978,"[4.11108,0.7657111,1.025966]",
5979,"[4.110545,0.7647691,1.025966]",
5980,"[4.108989,0.7648682,1.025966]",
5981,"[4.107806,0.7648009,1.025966]",
5982,"[4.106737,0.7654799,1.025966]",
5983,"[4.106047,0.7669716,1.025966]",
5984,"[4.100623,0.7990971,1.025966]",
5985,"[4.098661,0.8144361,1.022154]",
5986,"[4.096072,0.8144361,1.012339]",
5987,"[4.094894,0.8144361,0.9974903]",
5988,"[4.092029,0.8144361,0.989319]",
5989,"[3.981209,0.4797329,0.4404985]",
5990,"[3.979023,0.4860017,0.4404985]",
5991,"[3.977621,0.4921291,0.4404985]",
5992,"[3.976354,0.4970505,0.4404985]",
5993,"[3.976354,0.4970505,0.4404985]",
5994,"[3.973544,0.5032279,0.4404985]",
5995,"[4.019664,0.6410843,0.658635]",
5996,"[4.018698,0.6543486,0.658635]",
5997,"[4.018964,0.6885141,0.658635]",
5998,"[4.018726,0.7025557,0.658635]",
5999,"[4.020235,0.7449263,0.658635]",
6000,"[4.019798,0.7512434,0.658635]",
6001,"[4.019028,0.7657149,0.658635]",
6002,"[4.018428,0.7655992,0.658635]",
6003,"[4.017835,0.7739226,0.658635]",
6004,"[4.018307,0.7838935,0.658635]",
6005,"[4.018987,0.7855979,0.658635]",
6006,"[4.020231,0.7895895,0.658635]",
6007,"[4.020652,0.7912685,0.658635]",
6008,"[4.019044,0.7821762,0.658635]",
6009,"[4.013462,0.7481835,0.658635]",
6010,"[4.005732,0.7077452,0.658635]",
6011,"[3.999361,0.6647872,0.658635]",
6012,"[3.996237,0.6393092,0.658635]",
6013,"[3.94003,0.4248526,0.4404985]",
6014,"[3.941628,0.3795915,0.4404985]",
6015,"[4.084828,0.8144361,1.020257]",
6016,"[4.08687,0.7957148,1.025966]",
6017,"[4.104959,0.7471954,1.025966]",
6018,"[4.108542,0.7344314,1.025966]",
6019,"[4.110404,0.7269148,1.025966]",
6020,"[4.114562,0.7146474,1.025966]",
6021,"[4.116647,0.7152209,1.025966]",
6022,"[4.120897,0.7237538,1.025966]",
6023,"[4.122217,0.7281256,1.025966]",
6024,"[4.120286,0.7368465,1.025966]",
6025,"[4.117504,0.7408842,1.025966]",
6026,"[4.114709,0.7428151,1.025966]",
6027,"[4.11252,0.746041,1.025966]",
6028,"[4.112474,0.749215,1.025966]",
6029,"[4.109045,0.7588898,1.025966]",
6030,"[4.105531,0.7628977,1.025966]",
6031,"[4.098713,0.7717277,1.025966]",
6032,"[4.095444,0.7714529,1.025966]",
6033,"[4.090391,0.7642509,1.025966]",
6034,"[4.08824,0.7581651,1.025966]",
6035,"[4.088716,0.7443429,1.025966]",
6036,"[4.087828,0.7349808,1.025966]",
6037,"[4.086303,0.7272286,1.025966]",
6038,"[4.075908,0.7156664,1.025966]",
6039,"[4.071959,0.7116746,1.025966]",
6040,"[4.063949,0.7013113,1.025966]",
6041,"[4.062217,0.6970866,1.025966]",
6042,"[4.058788,0.6882262,1.025966]",
6043,"[4.05739,0.6830567,1.025966]",
6044,"[4.058698,0.6795103,1.025966]",
6045,"[4.061349,0.6659318,1.025966]",
6046,"[4.062967,0.6612211,1.025966]",
6047,"[4.070308,0.6561329,1.025966]",
6048,"[4.075447,0.6549757,1.025966]",
6049,"[4.080445,0.65731,1.025966]",
6050,"[4.081943,0.6595023,1.025966]",
6051,"[4.083865,0.6662399,1.025966]",
6052,"[4.086252,0.6744633,1.025966]",
6053,"[4.087232,0.6766234,1.025966]",
6054,"[4.08889,0.6781851,1.025966]",
6055,"[4.089114,0.683064,1.025966]",
6056,"[4.088839,0.6885555,1.025309]",
6057,"[4.088321,0.6913198,1.024923]",
6058,"[4.086119,0.6979827,1.022908]",
6059,"[4.085901,0.6994508,1.019752]",
6060,"[4.085532,0.699079,1.015938]",
6061,"[4.084147,0.6966142,1.006991]",
6062,"[4.083403,0.6954446,1.003156]",
6063,"[4.08139,0.6908609,0.9918494]",
6064,"[4.080687,0.6872237,0.9849266]",
6065,"[4.080025,0.6852973,0.9800867]",
6066,"[4.077851,0.6723547,0.9631838]",
6067,"[4.077117,0.6674108,0.9565548]",
6068,"[4.07736,0.661453,0.9473786]",
6069,"[4.078023,0.660598,0.943665]",
6070,"[4.07972,0.6620203,0.9413609]",
6071,"[4.080306,0.6623254,0.9393362]",
6072,"[4.081165,0.6595924,0.9308943]",
6073,"[4.082039,0.6578925,0.9248232]",
6074,"[4.082791,0.6552493,0.918157]",
6075,"[4.081238,0.6400241,0.8990807]",
6076,"[4.079577,0.6301843,0.8884234]",
6077,"[4.07583,0.6134118,0.870645]",
6078,"[4.073907,0.6052859,0.8620638]",
6079,"[4.070822,0.5897908,0.8449053]",
6080,"[4.069818,0.5834926,0.8373684]",
6081,"[4.019546,0.2316841,0.4404985]",
6082,"[4.020075,0.2324863,0.4404986]",
6083,"[4.019432,0.2344864,0.4404985]",
6084,"[4.018656,0.238661,0.4404985]",
6085,"[4.018235,0.2405238,0.4404985]",
6086,"[4.016618,0.2417822,0.4404985]",
6087,"[4.016356,0.2420607,0.4404985]",
6088,"[4.014985,0.2404204,0.4404985]",
6089,"[4.01445,0.2399782,0.4404985]",
6090,"[4.013787,0.2381388,0.4404985]",
6091,"[4.012644,0.2375049,0.4404985]",
6092,"[4.011485,0.2368109,0.4404985]",
6093,"[4.00992,0.2343837,0.4404985]",
6094,"[4.068355,0.4763843,0.7739998]",
6095,"[4.081397,0.4763843,0.8216346]",
6096,"[4.083104,0.4594972,0.8203506]",
6097,"[4.08789,0.4579881,0.8378504]",
6098,"[4.089071,0.4579882,0.8430028]",
6099,"[4.09002,0.4579881,0.8475105]",
6100,"[4.090351,0.4579881,0.8501777]",
6101,"[4.090601,0.4579881,0.8504829]",
6102,"[4.089253,0.4579881,0.8518578]",
6103,"[4.087663,0.4579881,0.8535313]",
6104,"[4.084514,0.4579881,0.8593277]",
6105,"[4.083487,0.4579881,0.8626944]",
6106,"[4.082286,0.4579881,0.8676347]",
6107,"[4.079688,0.4579881,0.8778862]",
6108,"[4.079664,0.4579882,0.8798795]",
6109,"[4.079529,0.4579881,0.8839372]",
6110,"[4.079699,0.4579881,0.8839072]",
6111,"[4.079776,0.4579881,0.8838801]",
6112,"[4.079762,0.4579881,0.8839063]",
6113,"[4.076789,0.4579882,0.8871893]",
6114,"[4.07549,0.4579881,0.8885297]",
6115,"[4.078489,0.4579882,0.8873956]",
6116,"[4.093277,0.4579881,0.8876976]",
6117,"[4.101393,0.4579881,0.8886909]",
6118,"[4.110836,0.4579882,0.8884322]",
6119,"[4.114237,0.4579882,0.8751816]",
6120,"[4.119772,0.4579882,0.8590231]",
6121,"[4.122856,0.4559739,0.8463025]",
6122,"[4.122819,0.4146878,0.7962021]",
6123,"[4.128853,0.4281128,0.7962021]",
6124,"[4.131747,0.4322097,0.7962021]",
6125,"[4.132224,0.4350079,0.7962021]",
6126,"[4.132064,0.4370673,0.7962021]",
6127,"[4.130755,0.4407933,0.7962021]",
6128,"[4.129494,0.4422099,0.7962021]",
6129,"[4.127144,0.4442504,0.7962021]",
6130,"[4.126242,0.4451114,0.7962021]",
6131,"[4.125671,0.4457656,0.7962021]",
6132,"[4.122973,0.4442427,0.7962021]",
6133,"[4.122971,0.4443135,0.7962021]",
6134,"[4.123041,0.444408,0.7962021]",
6135,"[4.123112,0.4444665,0.7962021]",
6136,"[4.123168,0.4451212,0.7962021]",
6137,"[4.123178,0.4453083,0.7962021]",
6138,"[4.123101,0.4453203,0.7962021]",
6139,"[4.123029,0.4450428,0.7962021]",
6140,"[4.123061,0.4447437,0.7962021]",
6141,"[4.123219,0.4441078,0.7962021]",
6142,"[4.123186,0.4438431,0.7962021]",
6143,"[4.120347,0.4409334,0.7962021]",
6144,"[4.12021,0.4412313,0.7962021]",
6145,"[4.120117,0.4415018,0.7962021]",
6146,"[4.119539,0.4422202,0.7962021]",
6147,"[4.119112,0.4425091,0.7962021]",
6148,"[4.118095,0.4438213,0.7962021]",
6149,"[4.117552,0.4443225,0.7962021]",
6150,"[4.116054,0.4454051,0.7962021]",
6151,"[4.114855,0.4460444,0.7962021]",
6152,"[4.111778,0.4476587,0.7956747]",
6153,"[4.109662,0.4489293,0.7956671]",
6154,"[4.107553,0.4505723,0.7962021]",
6155,"[4.104683,0.4518166,0.7949994]",
6156,"[4.103539,0.4528352,0.7949994]",
6157,"[4.101545,0.4546197,0.7949994]",
6158,"[4.101118,0.455033,0.7949994]",
6159,"[4.100681,0.4558281,0.7949994]",
6160,"[4.100339,0.4617106,0.8014956]",
6161,"[4.100375,0.4622251,0.8011577]",
6162,"[4.100614,0.4581812,0.793875]",
6163,"[4.100687,0.4592799,0.7940896]",
6164,"[4.100211,0.4667426,0.8016094]",
6165,"[4.099786,0.4675646,0.8021003]",
6166,"[4.098674,0.4687285,0.8033165]",
6167,"[4.098203,0.4691444,0.8038324]",
6168,"[4.097577,0.4699144,0.8045174]",
6169,"[4.097381,0.4701579,0.8047317]",
6170,"[4.09728,0.4701827,0.8048417]",
6171,"[4.097363,0.4697456,0.8047508]",
6172,"[4.097471,0.469354,0.8046326]",
6173,"[4.097545,0.4683775,0.8045525]",
6174,"[4.097658,0.467628,0.8044289]",
6175,"[4.097893,0.4660041,0.8041716]",
6176,"[4.098116,0.4647859,0.8039273]",
6177,"[4.098348,0.4636268,0.8036739]",
6178,"[4.098421,0.4627582,0.8035933]",
6179,"[4.098422,0.4623911,0.8035927]",
6180,"[4.0985,0.4614103,0.8033382]",
6181,"[4.098265,0.4605966,0.8031738]",
6182,"[4.098027,0.4599053,0.8032082]",
6183,"[4.097597,0.4594788,0.8042089]",
6184,"[4.097406,0.459395,0.8047034]",
6185,"[4.097363,0.4595883,0.8047518]",
6186,"[4.097342,0.460189,0.8047748]",
6187,"[4.097383,0.4613985,0.8047296]",
6188,"[4.097409,0.4600568,0.8020347]",
6189,"[4.097569,0.46003,0.7996041]",
6190,"[4.097578,0.4609988,0.799809]",
6191,"[4.097245,0.4631218,0.8002992]",
6192,"[4.097016,0.4640178,0.8006405]",
6193,"[4.096373,0.4655133,0.8017979]",
6194,"[4.095183,0.4680959,0.8041675]",
6195,"[4.094553,0.4688365,0.8048664]",
6196,"[4.093669,0.4685868,0.8044437]",
6197,"[4.093278,0.4689598,0.8048714]",
6198,"[4.092661,0.4693282,0.8055462]",
6199,"[4.092371,0.4695355,0.8058631]",
6200,"[4.091691,0.47021,0.8066071]",
6201,"[4.091394,0.4703959,0.8069317]",
6202,"[4.091192,0.4705269,0.8071529]",
6203,"[4.091007,0.4705191,0.807356]",
6204,"[4.091023,0.4703683,0.8073382]",
6205,"[4.091233,0.4699505,0.8071089]",
6206,"[4.091233,0.4698652,0.807108]",
6207,"[4.09124,0.4696761,0.8071007]",
6208,"[4.091395,0.469426,0.8069307]",
6209,"[4.091532,0.4692333,0.806781]",
6210,"[4.091599,0.4690267,0.8067088]",
6211,"[4.091616,0.469277,0.8071222]",
6212,"[4.091641,0.4692866,0.8073625]",
6213,"[4.091608,0.4687926,0.8068491]",
6214,"[4.091354,0.4679481,0.8058487]",
6215,"[4.091105,0.4683189,0.8063117]",
6216,"[4.090701,0.4694853,0.8078265]",
6217,"[4.090636,0.469929,0.8084192]",
6218,"[4.090665,0.4706661,0.8093448]",
6219,"[4.090983,0.4726515,0.8117305]",
6220,"[4.091568,0.4722193,0.8110912]",
6221,"[4.093115,0.4716812,0.8093988]",
6222,"[4.093894,0.4719628,0.8085463]",
6223,"[4.094682,0.4723836,0.8076842]",
6224,"[4.094965,0.4726775,0.8073747]",
6225,"[4.094933,0.4728032,0.8074099]",
6226,"[4.094664,0.4727436,0.8077041]",
6227,"[4.09445,0.472703,0.8079377]",
6228,"[4.093757,0.4731596,0.8086957]",
6229,"[4.093108,0.4737531,0.8094063]",
6230,"[4.091788,0.4737267,0.8108502]",
6231,"[4.091466,0.4730167,0.8112025]",
6232,"[4.09107,0.4725433,0.8116356]",
6233,"[4.0904,0.471763,0.8123688]",
6234,"[4.090265,0.4712783,0.8125157]",
6235,"[4.090621,0.4698525,0.8121268]",
6236,"[4.09076,0.4689794,0.8119747]",
6237,"[4.090693,0.4680581,0.8120484]",
6238,"[4.090681,0.4677018,0.8120613]",
6239,"[4.090594,0.4674342,0.8121567]",
6240,"[4.090214,0.4666961,0.8125715]",
6241,"[4.090069,0.466078,0.8127301]",
6242,"[4.090333,0.4638485,0.8124421]",
6243,"[4.090937,0.4609308,0.8117816]",
6244,"[4.094136,0.4424185,0.7949994]",
6245,"[4.096412,0.4406067,0.7949994]",
6246,"[4.100154,0.4370428,0.7949994]",
6247,"[4.101628,0.4353825,0.7949994]",
6248,"[4.102859,0.434027,0.7949994]",
6249,"[4.104604,0.4320801,0.7949994]",
6250,"[4.105255,0.4324011,0.7962021]",
6251,"[4.106988,0.4315925,0.7962021]",
6252,"[4.107969,0.4313159,0.7962021]",
6253,"[4.108389,0.4310649,0.7962021]",
6254,"[4.10847,0.430972,0.7962021]",
6255,"[4.108499,0.4307933,0.7962021]",
6256,"[4.109162,0.4287124,0.7962021]",
6257,"[4.10899,0.4518322,0.8249422]",
6258,"[4.110143,0.4531724,0.8286687]",
6259,"[4.110705,0.4532405,0.8293394]",
6260,"[4.111134,0.4530889,0.8294518]",
6261,"[4.111127,0.4530144,0.8292991]",
6262,"[4.111125,0.4527559,0.8287908]",
6263,"[4.111042,0.4521369,0.8275005]",
6264,"[4.110994,0.4517954,0.8267851]",
6265,"[4.111757,0.4271105,0.7962021]",
6266,"[4.111578,0.4282759,0.7962021]",
6267,"[4.111221,0.4307996,0.7962021]",
6268,"[4.110892,0.4322827,0.7962021]",
6269,"[4.110307,0.4350915,0.7962021]",
6270,"[4.109663,0.437429,0.7962021]",
6271,"[4.109052,0.4394578,0.7962021]",
6272,"[4.107339,0.4442325,0.7962021]",
6273,"[4.106484,0.4465151,0.7962021]",
6274,"[4.104873,0.45032,0.7962021]",
6275,"[4.10352,0.4516358,0.7949994]",
6276,"[4.10041,0.4606761,0.8014172]",
6277,"[4.098897,0.4634193,0.8030733]",
6278,"[4.0989,0.4630179,0.8030692]",
6279,"[4.098812,0.4621612,0.8031663]",
6280,"[4.098726,0.461845,0.8032599]",
6281,"[4.098919,0.4602808,0.8030488]",
6282,"[4.098918,0.4596377,0.8030495]",
6283,"[4.09911,0.4576429,0.8028404]",
6284,"[4.100355,0.4476606,0.7949994]",
6285,"[4.10093,0.4446824,0.7949994]",
6286,"[4.102665,0.4260587,0.7808011]",
6287,"[4.113652,0.2129298,0.5356948]",
6288,"[4.114198,0.2129298,0.5400821]",
6289,"[4.101905,0.4518868,0.8182791]",
6290,"[4.102425,0.4546079,0.8241036]",
6291,"[4.102884,0.4636049,0.8376849]",
6292,"[4.103203,0.4650416,0.8406979]",
6293,"[4.104515,0.4579882,0.8343526]",
6294,"[4.105314,0.4579881,0.834977]",
6295,"[4.106332,0.4654226,0.8440967]",
6296,"[4.107115,0.4642035,0.8428104]",
6297,"[4.108303,0.4651305,0.8438515]",
6298,"[4.108841,0.4653754,0.8441505]",
6299,"[4.10952,0.4722706,0.852321]",
6300,"[4.110052,0.4725215,0.8525412]",
6301,"[4.111975,0.4725898,0.8533547]",
6302,"[4.113215,0.4725415,0.8538629]",
6303,"[4.114758,0.4660738,0.8470716]",
6304,"[4.118685,0.4503562,0.8313171]",
6305,"[4.11955,0.4500249,0.8314953]",
6306,"[4.13842,0.2129298,0.5637836]",
6307,"[4.138737,0.2129298,0.5632695]",
6308,"[4.138423,0.2129298,0.5610816]",
6309,"[4.13829,0.2129298,0.5592734]",
6310,"[4.114543,0.511454,0.8941042]",
6311,"[4.11259,0.524834,0.9039519]",
6312,"[4.111979,0.5296847,0.9072858]",
6313,"[4.118415,0.2129298,0.5308378]",
6314,"[4.111094,0.2129298,0.5255144]",
6315,"[4.091951,0.4646006,0.810672]",
6316,"[4.089516,0.4690637,0.8133357]",
6317,"[4.087322,0.4736835,0.8157358]",
6318,"[4.087052,0.4743837,0.8160312]",
6319,"[4.087064,0.4747671,0.8160183]",
6320,"[4.087954,0.4741151,0.8150443]",
6321,"[4.088867,0.4734637,0.8140461]",
6322,"[4.08883,0.4713436,0.8140858]",
6323,"[4.088645,0.4701691,0.8142885]",
6324,"[4.088593,0.467099,0.8143448]",
6325,"[4.088929,0.4650345,0.8139778]",
6326,"[4.089719,0.461872,0.8131134]",
6327,"[4.097996,0.2129298,0.5315266]",
6328,"[4.10062,0.2129298,0.5329031]",
6329,"[4.117557,0.2129298,0.5381769]",
6330,"[4.128821,0.2129298,0.5409116]",
6331,"[4.14089,0.2129298,0.542648]",
6332,"[4.145016,0.2129298,0.5432214]",
6333,"[4.122964,0.5683811,0.9462522]",
6334,"[4.124027,0.5885404,0.9702916]",
6335,"[4.125011,0.5887507,0.9712911]",
6336,"[4.137663,0.4319917,0.7962011]",
6337,"[4.138252,0.4311755,0.7962011]",
6338,"[4.13883,0.430557,0.7962011]",
6339,"[4.138907,0.4303849,0.7962011]",
6340,"[4.138979,0.4298911,0.7962011]",
6341,"[4.138896,0.4292218,0.7962011]",
6342,"[4.138622,0.4268851,0.7962011]",
6343,"[4.138134,0.424946,0.7962011]",
6344,"[4.137848,0.4243378,0.7962011]",
6345,"[4.136496,0.4218958,0.7962011]",
6346,"[4.135436,0.4206939,0.7962011]",
6347,"[4.13329,0.4173847,0.7962011]",
6348,"[4.131949,0.4141108,0.7962011]",
6349,"[4.124787,0.4579882,0.8597774]",
6350,"[4.121483,0.4579882,0.8711134]",
6351,"[4.101238,0.4579882,0.9377719]",
6352,"[4.077151,0.5514361,1.094308]",
6353,"[4.068241,0.5425787,1.108716]",
6354,"[4.056203,0.5124854,1.108716]",
6355,"[4.050968,0.5004819,1.108716]",
6356,"[4.046772,0.4875398,1.108716]",
6357,"[4.043678,0.4790557,1.108716]",
6358,"[4.042045,0.4728712,1.108716]",
6359,"[4.039538,0.4655745,1.108716]",
6360,"[4.039693,0.4620932,1.108716]",
6361,"[4.040123,0.4613945,1.108716]",
6362,"[4.040682,0.4624123,1.108716]",
6363,"[4.048923,0.465037,1.108716]",
6364,"[4.05468,0.4694511,1.108716]",
6365,"[4.063812,0.4731077,1.108716]",
6366,"[4.068211,0.477303,1.108716]",
6367,"[4.072075,0.4800141,1.108716]",
6368,"[4.076819,0.4867964,1.10407]",
6369,"[4.076347,0.4881458,1.100075]",
6370,"[4.078771,0.4827472,1.091681]",
6371,"[4.077695,0.4796868,1.085476]",
6372,"[4.075754,0.4675024,1.067348]",
6373,"[4.075054,0.4610994,1.057469]",
6374,"[4.074065,0.449974,1.044445]",
6375,"[4.069835,0.4325831,1.02002]",
6376,"[4.067025,0.4242398,1.0083]",
6377,"[4.063462,0.4027078,0.9825702]",
6378,"[4.06494,0.3896988,0.9681697]",
6379,"[4.065074,0.3649511,0.9420829]",
6380,"[4.063839,0.3493127,0.9272609]",
6381,"[4.063307,0.3359799,0.9148278]",
6382,"[4.052307,0.2129298,0.8048429]",
6383,"[4.054118,0.2129298,0.805638]",
6384,"[4.056559,0.2129298,0.8056971]",
6385,"[4.057099,0.2129298,0.8048942]",
6386,"[4.060915,0.2129298,0.8027512]",
6387,"[4.063456,0.2129298,0.8021248]",
6388,"[4.060025,0.2129298,0.791603]",
6389,"[4.059134,0.2129298,0.7881938]",
6390,"[4.059452,0.2129298,0.7859769]",
6391,"[4.060595,0.2129298,0.7870367]",
6392,"[4.060962,0.2129298,0.7888526]",
6393,"[4.059988,0.2129298,0.7921302]",
6394,"[4.058787,0.2129298,0.7933887]",
6395,"[4.056978,0.2129298,0.7967126]",
6396,"[4.054121,0.2129298,0.7982692]",
6397,"[4.047466,0.2129298,0.8022574]",
6398,"[4.043746,0.2129298,0.8042568]",
6399,"[4.040435,0.2129298,0.8054636]",
6400,"[4.036246,0.2129298,0.80338]",
6401,"[4.034241,0.2129298,0.8019469]",
6402,"[4.029534,0.2129298,0.7978625]",
6403,"[4.026491,0.2129298,0.7936575]",
6404,"[4.022337,0.2129298,0.7871585]",
6405,"[4.016893,0.2129298,0.7800876]",
6406,"[4.014841,0.2129298,0.7791943]",
6407,"[4.007878,0.2129298,0.7792242]",
6408,"[4.004043,0.2129298,0.7805259]",
6409,"[3.998124,0.2129298,0.7825553]",
6410,"[3.996675,0.2129298,0.7823749]",
6411,"[3.99569,0.2129298,0.7824208]",
6412,"[3.995201,0.2129298,0.7827059]",
6413,"[3.997515,0.2129298,0.809502]",
6414,"[3.998197,0.2129298,0.849227]",
6415,"[3.996025,0.21217,0.8671057]",
6416,"[4.0084,0.2924361,0.9575483]",
6417,"[4.006367,0.2924361,0.9664267]",
6418,"[3.999015,0.2924361,0.977686]",
6419,"[3.999283,0.2924361,0.9786799]",
6420,"[3.999337,0.2924361,0.9797441]",
6421,"[4.001455,0.2924361,0.9808716]",
6422,"[4.002617,0.2924361,0.9811486]",
6423,"[4.006427,0.2924361,0.9816616]",
6424,"[4.007391,0.2924361,0.9821693]",
6425,"[4.009628,0.2924361,0.9820514]",
6426,"[4.011465,0.2924361,0.9815111]",
6427,"[4.012744,0.2924361,0.9809583]",
6428,"[4.015319,0.2924361,0.9792955]",
6429,"[4.015955,0.2924361,0.9787891]",
6430,"[4.016682,0.2924361,0.9782779]",
6431,"[4.016813,0.2924361,0.9773566]",
6432,"[4.014266,0.2924361,0.9751905]",
6433,"[4.014128,0.2924361,0.9741345]",
6434,"[3.998622,0.2006229,0.8973343]",
6435,"[3.999806,0.2124622,0.9044611]",
6436,"[3.999938,0.2129298,0.9028453]",
6437,"[3.998902,0.2129298,0.8990029]",
6438,"[3.998221,0.2129298,0.8976545]",
6439,"[3.994304,0.2129298,0.8932148]",
6440,"[3.989374,0.2129298,0.889372]",
6441,"[3.972798,0.2129298,0.8807435]",
6442,"[3.960391,0.2129298,0.8754742]",
6443,"[3.694504,0.1350214,0.7563459]",
6444,"[3.5707,0.1345498,0.7358479]",
6445,"[3.514242,0.1,0.6979077]",
6446,"[3.459066,0.1,0.6835684]",
6447,"[3.436304,0.1,0.6768393]",
6448,"[3.399996,0.1,0.6637143]",
6449,"[3.377795,0.1,0.6570601]",
6450,"[3.349558,0.1,0.6429877]",
6451,"[3.341779,0.1,0.6395376]",
6452,"[3.33109,0.1,0.6359986]",
6453,"[3.31553,0.1,0.6287751]",
6454,"[3.299798,0.1,0.622707]",
6455,"[3.267514,0.1,0.6049106]",
6456,"[3.259861,0.1581377,0.6029561]",
6457,"[3.238728,0.2188174,0.6029561]",
6458,"[3.225742,0.2420995,0.6029561]",
6459,"[3.210699,0.2781183,0.6029561]",
6460,"[3.204545,0.294534,0.6029561]",
6461,"[3.206875,0.3008683,0.6029561]",
6462,"[3.204156,0.3185641,0.6029561]",
6463,"[3.209659,0.3213468,0.6029561]",
6464,"[3.210418,0.3279582,0.6029561]",
6465,"[3.208462,0.3325929,0.6029561]",
6466,"[3.204444,0.34686,0.6029561]",
6467,"[3.202476,0.355728,0.6029561]",
6468,"[3.200923,0.3668016,0.6029561]",
6469,"[3.201783,0.389036,0.6029561]",
6470,"[3.203092,0.400108,0.6029561]",
6471,"[3.208252,0.4117905,0.6029561]",
6472,"[3.210915,0.4158673,0.6029561]",
6473,"[3.214613,0.4176881,0.6029561]",
6474,"[3.214262,0.4182271,0.6029561]",
6475,"[3.210425,0.4190469,0.6029561]",
6476,"[3.009732,0.2485112,0.6029561]",
6477,"[2.843819,0.1,0.4887266]",
6478,"[3.290373,0.5505244,1.275994]",
6479,"[3.29056,0.5540259,1.296675]",
6480,"[3.290827,0.5539383,1.326092]",
6481,"[3.290913,0.5535799,1.335589]",
6482,"[3.291081,0.5536262,1.35424]",
6483,"[3.291123,0.5517102,1.358848]",
6484,"[3.291173,0.5501419,1.364433]",
6485,"[3.291252,0.5408912,1.373131]",
6486,"[3.291276,0.5347953,1.375767]",
6487,"[3.29138,0.5198633,1.387322]",
6488,"[3.007048,0.2440249,1.273627]",
6489,"[2.998808,0.2130623,1.278862]",
6490,"[2.993876,0.1963944,1.281994]",
6491,"[2.978893,0.1599198,1.291511]",
6492,"[2.970289,0.1424301,1.296976]",
6493,"[2.968589,0.1356279,1.298056]",
6494,"[2.966922,0.1264662,1.299115]",
6495,"[2.966483,0.1215652,1.299394]",
6496,"[2.966178,0.1165654,1.299587]",
6497,"[2.965394,0.1145259,1.300086]",
6498,"[2.97397,0.1251479,1.294638]",
6499,"[2.974984,0.1279258,1.293994]",
6500,"[2.980329,0.1414731,1.290599]",
6501,"[2.995168,0.1723386,1.281173]",
6502,"[3.000691,0.1814627,1.277665]",
6503,"[3.011751,0.2022932,1.27064]",
6504,"[3.013853,0.207716,1.269305]",
6505,"[3.022809,0.221206,1.263616]",
6506,"[3.028854,0.2272743,1.259776]",
6507,"[3.033438,0.2309617,1.256864]",
6508,"[3.042451,0.2379242,1.251139]",
6509,"[3.047453,0.242007,1.247962]",
6510,"[3.063054,0.2550521,1.238052]",
6511,"[3.071304,0.2624446,1.232812]",
6512,"[3.079538,0.2687228,1.227582]",
6513,"[3.081874,0.2705745,1.226098]",
6514,"[3.08505,0.2730334,1.224081]",
6515,"[3.080553,0.2892948,1.226937]",
6516,"[3.079704,0.295603,1.227477]",
6517,"[3.080975,0.3070549,1.226669]",
6518,"[3.081336,0.3114244,1.22644]",
6519,"[3.081883,0.3172663,1.226092]",
6520,"[3.082095,0.319584,1.225958]",
6521,"[3.082292,0.3226535,1.225833]",
6522,"[3.08236,0.3238204,1.225789]",
6523,"[3.082534,0.3247617,1.225679]",
6524,"[3.083285,0.3265648,1.225202]",
6525,"[3.083986,0.3277649,1.224756]",
6526,"[3.085887,0.3299177,1.223549]",
6527,"[3.086967,0.3308076,1.222863]",
6528,"[3.088302,0.3317564,1.222015]",
6529,"[3.089015,0.3322178,1.221562]",
6530,"[3.089352,0.33282,1.221348]",
6531,"[3.089253,0.3329571,1.220701]",
6532,"[3.089392,0.3329571,1.220526]",
6533,"[3.089817,0.3329571,1.220258]",
6534,"[3.090147,0.3329571,1.220067]",
6535,"[3.090766,0.3329571,1.219926]",
6536,"[3.091098,0.3329571,1.219805]",
6537,"[3.091743,0.3329571,1.219497]",
6538,"[3.096333,0.3318486,1.216914]",
6539,"[3.098666,0.3312666,1.215431]",
6540,"[3.118078,0.3420023,1.219933]",
6541,"[3.149249,0.3638755,1.232843]",
6542,"[3.199768,0.401845,1.257107]",
6543,"[3.216928,0.4125744,1.262241]",
6544,"[3.216708,0.4111225,1.260422]",
6545,"[3.217126,0.408737,1.257261]",
6546,"[3.217929,0.4082837,1.256563]",
6547,"[3.219086,0.4080294,1.25621]",
6548,"[3.221385,0.4074017,1.255968]",
6549,"[3.221928,0.4071105,1.255691]",
6550,"[3.222621,0.4072177,1.255516]",
6551,"[3.224844,0.408387,1.256168]",
6552,"[3.227092,0.409976,1.257169]",
6553,"[3.223408,0.4079487,1.254465]",
6554,"[3.207965,0.3963121,1.245419]",
6555,"[3.2178,0.4042887,1.249818]",
6556,"[3.224093,0.4099866,1.252629]",
6557,"[3.230015,0.4155409,1.25508]",
6558,"[3.243032,0.428367,1.260357]",
6559,"[3.249311,0.4347804,1.262728]",
6560,"[3.261707,0.4441449,1.268311]",
6561,"[3.269969,0.449498,1.271589]",
6562,"[3.216041,0.4029329,1.239184]",
6563,"[3.18646,0.3759627,1.221577]",
6564,"[3.174395,0.3635867,1.213692]",
6565,"[2.876618,0.1,1.041862]",
6566,"[2.885386,0.1,1.043284]",
6567,"[2.903199,0.1,1.044981]",
6568,"[2.91952,0.1,1.047267]",
6569,"[2.950995,0.1,1.053797]",
6570,"[2.971573,0.1,1.058594]",
6571,"[2.988319,0.1,1.062186]",
6572,"[3.032148,0.1,1.076335]",
6573,"[3.153244,0.1,1.135082]",
6574,"[3.452523,0.4055595,1.321027]",
6575,"[3.488714,0.4199878,1.342593]",
6576,"[3.514761,0.412573,1.353512]",
6577,"[3.524835,0.4075844,1.356608]",
6578,"[3.552315,0.3896094,1.362942]",
6579,"[3.559345,0.3857208,1.365152]",
6580,"[3.570332,0.3738581,1.371173]",
6581,"[3.582106,0.3608875,1.378763]",
6582,"[3.585814,0.3569376,1.381238]",
6583,"[3.591883,0.3479579,1.385549]",
6584,"[3.593971,0.3436487,1.387791]",
6585,"[3.596478,0.337388,1.391556]",
6586,"[3.59731,0.3352563,1.393049]",
6587,"[3.598013,0.333354,1.394612]",
6588,"[3.60358,0.3382311,1.401079]",
6589,"[3.603741,0.3365995,1.402265]",
6590,"[3.60453,0.3363188,1.403551]",
6591,"[3.605384,0.3378987,1.405647]",
6592,"[3.607101,0.3419732,1.409731]",
6593,"[3.607713,0.343631,1.411757]",
6594,"[3.60832,0.346266,1.415437]",
6595,"[3.608426,0.3472499,1.417278]",
6596,"[3.607425,0.3460447,1.418248]",
6597,"[3.605185,0.3433683,1.420481]",
6598,"[3.603992,0.3427221,1.421352]",
6599,"[3.601533,0.3414431,1.423013]",
6600,"[3.600571,0.3407035,1.423728]",
6601,"[3.598247,0.3398877,1.425069]",
6602,"[3.596852,0.3403687,1.425285]",
6603,"[3.590697,0.3416355,1.427998]",
6604,"[3.581728,0.3432625,1.432053]",
6605,"[3.578326,0.3438872,1.433575]",
6606,"[3.574205,0.3444856,1.43543]",
6607,"[3.572785,0.3445413,1.436111]",
6608,"[3.571007,0.3444128,1.437073]",
6609,"[3.570274,0.344175,1.437636]",
6610,"[3.569034,0.3441008,1.438388]",
6611,"[3.568319,0.3441307,1.438684]",
6612,"[3.567636,0.3442069,1.438981]",
6613,"[3.567076,0.3440793,1.439312]",
6614,"[3.567142,0.3440697,1.43931]",
6615,"[3.567194,0.3441032,1.439381]",
6616,"[3.567248,0.3440503,1.43945]",
6617,"[3.567135,0.3440939,1.439594]",
6618,"[3.567174,0.3440922,1.439572]",
6619,"[3.567221,0.344094,1.439557]",
6620,"[3.549509,0.3110361,1.427042]",
6621,"[3.576968,0.3620164,1.446461]",
6622,"[3.599285,0.4034309,1.461994]",
6623,"[3.600011,0.4045727,1.462281]",
6624,"[3.600154,0.4056153,1.46091]",
6625,"[3.599887,0.406011,1.459645]",
6626,"[3.599792,0.4061435,1.458122]",
6627,"[3.599464,0.4060193,1.455491]",
6628,"[3.599149,0.4055319,1.454328]",
6629,"[3.5991,0.4054301,1.452888]",
6630,"[3.599266,0.4058105,1.452115]",
6631,"[3.599649,0.4070539,1.450537]",
6632,"[3.600041,0.4079981,1.449997]",
6633,"[3.601942,0.4118609,1.449827]",
6634,"[3.603585,0.4151147,1.450189]",
6635,"[3.605685,0.4192461,1.45069]",
6636,"[3.611364,0.4305246,1.453504]",
6637,"[3.615336,0.4379275,1.455974]",
6638,"[3.623338,0.4523616,1.461127]",
6639,"[3.628102,0.4609213,1.464127]",
6640,"[3.637326,0.4775091,1.469631]",
6641,"[3.64348,0.489094,1.473648]",
6642,"[3.649536,0.5006884,1.477721]",
6643,"[3.659227,0.5214015,1.484146]",
6644,"[3.655475,0.5376297,1.488614]",
6645,"[3.655674,0.5621318,1.495825]",
6646,"[3.638909,0.5888271,1.499854]",
6647,"[3.629175,0.6199589,1.503433]",
6648,"[3.628867,0.62921,1.504539]",
6649,"[3.6269,0.6403598,1.504087]",
6650,"[3.579159,0.5831952,1.473835]",
6651,"[3.370217,0.3290163,1.344739]",
6652,"[3.361409,0.3238866,1.340034]",
6653,"[3.351841,0.3167793,1.334331]",
6654,"[3.167598,0.1,1.221345]",
6655,"[3.161594,0.1,1.218614]",
6656,"[3.156542,0.1,1.217279]",
6657,"[3.146687,0.1,1.213419]",
6658,"[3.136615,0.1,1.21154]",
6659,"[3.125375,0.1,1.208312]",
6660,"[3.118872,0.1,1.204947]",
6661,"[3.116568,0.1045149,1.204061]",
6662,"[3.11638,0.1080075,1.20418]",
6663,"[3.115029,0.1139896,1.205038]",
6664,"[3.11436,0.1178631,1.205463]",
6665,"[3.114158,0.1234514,1.205591]",
6666,"[3.114624,0.1320453,1.205296]",
6667,"[3.114825,0.1359265,1.205168]",
6668,"[3.116094,0.1470082,1.204362]",
6669,"[3.116204,0.1487442,1.204292]",
6670,"[3.117625,0.1567507,1.20339]",
6671,"[3.119097,0.1633879,1.202454]",
6672,"[3.123426,0.1816129,1.199704]",
6673,"[3.12627,0.1933863,1.197898]",
6674,"[3.127874,0.2118996,1.196879]",
6675,"[3.12961,0.2278815,1.195776]",
6676,"[3.126581,0.2296954,1.1977]",
6677,"[3.11876,0.2398328,1.202668]",
6678,"[3.115046,0.2477978,1.205027]",
6679,"[3.104932,0.2614848,1.211452]",
6680,"[3.098118,0.2671511,1.21578]",
6681,"[3.084083,0.2795044,1.224695]",
6682,"[3.077427,0.2989709,1.228923]",
6683,"[3.291097,0.5338945,1.355995]",
6684,"[3.291297,0.5772886,1.378062]",
6685,"[3.276545,0.6002311,1.388548]",
6686,"[3.186456,0.6002311,1.376557]",
6687,"[3.119849,0.5806856,1.358519]",
6688,"[3.038509,0.5806856,1.350066]",
6689,"[3.02305,0.5806856,1.34973]",
6690,"[3.030136,0.6052928,1.364592]",
6691,"[3.021278,0.6298554,1.387469]",
6692,"[2.992434,0.6298554,1.393843]",
6693,"[2.910022,0.6298554,1.395243]",
6694,"[2.371762,0.5806856,1.280409]",
6695,"[2.05,0.5584662,1.225603]",
6696,"[2.05,0.6011821,1.247301]",
6697,"[2.05,0.6373419,1.268774]",
6698,"[2.05,0.6582333,1.281685]",
6699,"[2.05,0.6724705,1.293793]",
6700,"[2.05,0.6638138,1.304954]",
6701,"[2.05,0.6438268,1.304989]",
6702,"[2.05,0.5889636,1.301942]",
6703,"[2.05,0.562119,1.301704]",
6704,"[2.05,0.5393508,1.305861]",
6705,"[2.286024,0.6002311,1.38637]",
6706,"[2.311893,0.5808167,1.386484]",
6707,"[2.356326,0.5806856,1.402615]",
6708,"[2.362506,0.5806856,1.402687]",
6709,"[2.366434,0.5806856,1.405061]",
6710,"[2.368588,0.5806856,1.408174]",
6711,"[2.372859,0.5806856,1.423453]",
6712,"[2.371892,0.5806856,1.436423]",
6713,"[2.319063,0.5806856,1.521787]",
6714,"[2.69061,0.881209,1.883346]",
6715,"[2.708457,0.9082825,1.931548]",
6716,"[2.618244,0.8978408,1.987288]",
6717,"[2.53819,0.8843008,2.01975]",
6718,"[2.050001,0.7057026,2.038851]",
6719,"[2.050001,0.7130272,2.052785]",
6720,"[2.050001,0.7236036,2.079151]",
6721,"[2.050001,0.7347597,2.131399]",
6722,"[2.050001,0.7360173,2.166155]",
6723,"[2.050001,0.731182,2.218059]",
6724,"[2.050001,0.7322828,2.27208]",
6725,"[2.050001,0.7267063,2.344047]",
6726,"[2.050001,0.7253289,2.362545]",
6727,"[2.05,0.727457,2.42296]",
6728,"[2.05,0.7466033,2.653033]",
6729,"[2.05,0.7619064,2.799198]",
6730,"[2.05,0.8404309,3.529604]",
6731,"[2.225212,1.07418,4.592731]",
6732,"[2.456987,1.130491,4.789057]",
6733,"[3.136755,1.385551,5.04]",
6734,"[3.306923,1.429732,5.04]",
6735,"[4.040142,1.573401,3.957281]",
6736,"[4.302688,1.618008,3.982816]",
6737,"[4.521504,1.631052,3.982844]",
6738,"[4.677652,1.637097,3.982856]",
6739,"[4.920369,1.65124,3.982886]",
6740,"[5.059562,1.657779,3.982899]",
6741,"[5.190976,1.661232,3.982907]",
6742,"[5.22459,1.66044,3.982905]",
6743,"[5.18368,1.652732,3.982889]",
6744,"[5.032253,1.632783,3.982847]",
6745,"[5.018037,1.627963,3.982837]",
6746,"[5.028202,1.618106,3.982816]",
6747,"[5.049525,1.611665,3.982803]",
6748,"[5.070788,1.5981,3.982774]",
6749,"[5.095507,1.589568,3.982757]",
6750,"[5.163845,1.571678,3.982719]",
6751,"[5.153808,1.566492,3.982708]",
6752,"[5.151523,1.56202,3.982699]",
6753,"[5.088447,1.550729,3.982675]",
6754,"[5.081291,1.548135,3.98267]",
6755,"[5.000139,1.550232,3.982674]",
6756,"[4.938227,1.559678,3.982694]",
6757,"[4.902541,1.569139,3.982714]",
6758,"[4.73245,1.621931,3.982824]",
6759,"[4.699796,1.633429,3.982849]",
6760,"[4.61726,1.656767,3.982897]",
6761,"[4.582546,1.658319,3.982901]",
6762,"[4.537734,1.660854,3.982906]",
6763,"[4.498306,1.661978,3.982908]",
6764,"[4.447354,1.658626,3.982901]",
6765,"[4.430204,1.65604,3.982896]",
6766,"[4.405732,1.653418,3.98289]",
6767,"[4.392317,1.653331,3.98289]",
6768,"[4.386604,1.654905,3.982893]",
6769,"[4.369246,1.659124,3.982902]",
6770,"[4.356651,1.661003,3.982906]",
6771,"[4.332294,1.662565,3.982909]",
6772,"[4.306382,1.661459,3.982907]",
6773,"[4.257076,1.65481,3.982893]",
6774,"[4.21571,1.651915,3.982887]",
6775,"[4.196872,1.650067,3.982883]",
6776,"[4.159297,1.648055,3.982879]",
6777,"[4.14558,1.647568,3.982878]",
6778,"[4.14312,1.647994,3.982879]",
6779,"[4.112097,1.664562,4.468381]",
6780,"[4.104472,1.660741,4.468382]",
6781,"[4.120301,1.627849,3.957772]",
6782,"[4.105926,1.613837,3.957685]",
6783,"[4.090752,1.592526,3.948044]",
6784,"[4.087896,1.585625,3.94553]",
6785,"[4.106587,1.57101,3.957688]",
6786,"[4.103954,1.557697,4.468393]",
6787,"[4.152126,1.562322,3.9827]",
6788,"[4.188332,1.559874,3.982694]",
6789,"[4.230277,1.555093,3.982684]",
6790,"[4.250897,1.552563,3.982679]",
6791,"[4.266771,1.551161,3.982676]",
6792,"[4.310398,1.551406,3.982677]",
6793,"[4.331552,1.553259,3.982681]",
6794,"[4.366815,1.556785,3.982688]",
6795,"[4.384628,1.558588,3.982692]",
6796,"[4.415074,1.560992,3.982697]",
6797,"[4.341614,1.579226,3.112058]",
6798,"[4.351675,1.579944,3.117511]",
6799,"[4.37297,1.583655,3.129478]",
6800,"[4.381628,1.585383,3.135291]",
6801,"[4.396127,1.588897,3.148518]",
6802,"[4.402713,1.590629,3.155579]",
6803,"[4.409639,1.593071,3.177032]",
6804,"[4.415975,1.594468,3.187715]",
6805,"[4.417574,1.594649,3.20265]",
6806,"[4.425011,1.594128,3.238788]",
6807,"[4.426244,1.593646,3.254397]",
6808,"[4.427307,1.591958,3.287527]",
6809,"[4.427564,1.591152,3.303015]",
6810,"[4.425441,1.588126,3.339978]",
6811,"[4.423981,1.586241,3.3603]",
6812,"[4.423482,1.584712,3.383479]",
6813,"[4.422858,1.582345,3.418976]",
6814,"[4.422691,1.581752,3.429259]",
6815,"[4.44652,1.580577,3.442828]",
6816,"[4.454665,1.581754,3.451687]",
6817,"[4.467491,1.584675,3.471821]",
6818,"[4.473103,1.586477,3.480132]",
6819,"[4.481451,1.588824,3.492567]",
6820,"[4.485344,1.589461,3.497637]",
6821,"[4.488983,1.589949,3.504551]",
6822,"[4.496504,1.589675,3.524727]",
6823,"[4.500096,1.589495,3.534877]",
6824,"[4.549961,1.582671,3.982742]",
6825,"[4.551743,1.57954,3.982736]",
6826,"[4.556184,1.573621,3.982723]",
6827,"[4.558837,1.571935,3.98272]",
6828,"[4.560448,1.572018,3.98272]",
6829,"[4.548989,1.58465,3.982746]",
6830,"[4.54017,1.594217,3.982766]",
6831,"[4.524648,1.618392,3.982817]",
6832,"[4.519106,1.632359,3.982846]",
6833,"[4.512,1.654948,3.982893]",
6834,"[4.509647,1.66379,3.982912]",
6835,"[4.5053,1.673193,3.982932]",
6836,"[4.503922,1.67748,3.982941]",
6837,"[4.502916,1.681801,3.98295]",
6838,"[4.493755,1.689302,3.982965]",
6839,"[4.490234,1.693555,3.982975]",
6840,"[4.481247,1.698368,3.982985]",
6841,"[4.459729,1.681599,3.664337]",
6842,"[4.462178,1.70645,3.983001]",
6843,"[4.458291,1.707481,3.983004]",
6844,"[4.455256,1.708234,3.983005]",
6845,"[4.451103,1.708465,3.983006]",
6846,"[4.449434,1.707666,3.983004]",
6847,"[4.447055,1.705883,3.983]",
6848,"[4.446176,1.704961,3.982998]",
6849,"[4.4455,1.704217,3.982997]",
6850,"[4.445416,1.704064,3.982996]",
6851,"[4.444997,1.703811,3.982996]",
6852,"[4.444827,1.704016,3.982996]",
6853,"[4.444706,1.704435,3.982997]",
6854,"[4.441013,1.690203,3.752754]",
6855,"[4.44104,1.690831,3.758751]",
6856,"[4.441022,1.691373,3.769303]",
6857,"[4.441052,1.691523,3.773705]",
6858,"[4.441225,1.690177,3.781463]",
6859,"[4.441512,1.688954,3.78453]",
6860,"[4.441869,1.688103,3.787638]",
6861,"[4.443091,1.686582,3.792293]",
6862,"[4.44372,1.686177,3.794904]",
6863,"[4.444118,1.68627,3.79973]",
6864,"[4.444587,1.686282,3.801713]",
6865,"[4.445638,1.68622,3.805296]",
6866,"[4.445505,1.686069,3.806934]",
6867,"[4.444311,1.683345,3.80951]",
6868,"[4.443274,1.680731,3.810431]",
6869,"[4.442185,1.67801,3.811363]",
6870,"[4.440293,1.673494,3.813653]",
6871,"[4.440196,1.67258,3.814744]",
6872,"[4.439969,1.671389,3.816598]",
6873,"[4.439801,1.670884,3.817253]",
6874,"[4.439526,1.670213,3.817356]",
6875,"[4.43902,1.669095,3.817716]",
6876,"[4.438695,1.668276,3.817871]",
6877,"[4.438188,1.666432,3.817621]",
6878,"[4.4381,1.665803,3.817142]",
6879,"[4.438023,1.664744,3.816698]",
6880,"[4.438026,1.664138,3.816735]",
6881,"[4.441938,1.661489,3.816767]",
6882,"[4.444133,1.65946,3.81629]",
6883,"[4.485291,1.651522,3.819808]",
6884,"[4.518008,1.639174,3.82268]",
6885,"[4.537449,1.635679,3.982853]",
6886,"[4.550373,1.626317,3.982834]",
6887,"[4.55572,1.622123,3.982825]",
6888,"[4.56454,1.61344,3.982807]",
6889,"[4.568301,1.608853,3.982797]",
6890,"[4.574557,1.599766,3.982778]",
6891,"[4.577721,1.59454,3.982767]",
6892,"[4.580326,1.589847,3.982757]",
6893,"[4.592526,1.614274,3.982808]",
6894,"[4.592969,1.617789,3.982816]",
6895,"[4.588777,1.606803,3.982793]",
6896,"[4.534367,1.591594,3.982761]",
6897,"[4.487767,1.601749,3.982782]",
6898,"[4.473989,1.610093,3.9828]",
6899,"[4.465931,1.614563,3.982809]",
6900,"[4.454189,1.630777,3.982843]",
6901,"[4.453213,1.633133,3.982848]",
6902,"[4.452408,1.635034,3.982852]",
