frame,gazeStartPos,
0,"[4.885938,1.577053,3.98273]",
1,"[4.885938,1.577053,3.98273]",
2,"[4.887246,1.57408,3.982724]",
3,"[4.889124,1.570704,3.982717]",
4,"[4.890592,1.568666,3.982713]",
5,"[4.89087,1.56786,3.982711]",
6,"[4.89166,1.5665,3.982708]",
7,"[4.892233,1.566153,3.982708]",
8,"[4.893631,1.564582,3.982704]",
9,"[4.8946,1.563668,3.982702]",
10,"[4.895716,1.562567,3.9827]",
11,"[4.898732,1.560319,3.982695]",
12,"[4.900304,1.558738,3.982692]",
13,"[4.903263,1.557999,3.982691]",
14,"[4.903537,1.558103,3.982691]",
15,"[4.903441,1.558195,3.982691]",
16,"[4.903172,1.558165,3.982691]",
17,"[4.901924,1.558491,3.982692]",
18,"[4.901119,1.558583,3.982692]",
19,"[4.898866,1.558531,3.982692]",
20,"[4.893963,1.555739,3.982686]",
21,"[4.892647,1.55758,3.98269]",
22,"[4.895392,1.55982,3.982694]",
23,"[4.898215,1.56039,3.982696]",
24,"[4.901543,1.559647,3.982694]",
25,"[4.902882,1.55836,3.982691]",
26,"[4.80362,1.377685,3.982313]",
27,"[4.778997,1.329443,3.982212]",
28,"[4.772002,1.315964,3.982184]",
29,"[4.767255,1.306924,3.982165]",
30,"[4.767427,1.308264,3.982167]",
31,"[4.770569,1.315556,3.982183]",
32,"[4.777215,1.325193,3.982203]",
33,"[4.784489,1.336991,3.982228]",
34,"[4.788479,1.34561,3.982246]",
35,"[4.792688,1.351196,3.982257]",
36,"[4.797763,1.358186,3.982272]",
37,"[4.799384,1.360746,3.982277]",
38,"[4.801397,1.366176,3.982289]",
39,"[4.802051,1.366831,3.98229]",
40,"[4.800818,1.371552,3.9823]",
41,"[4.799151,1.374757,3.982307]",
42,"[4.797382,1.377331,3.982312]",
43,"[4.599253,1.452886,3.98247]",
44,"[4.520122,1.512239,3.982595]",
45,"[4.480988,1.540895,3.982655]",
46,"[4.470631,1.548489,3.982671]",
47,"[4.45322,1.56194,3.982699]",
48,"[4.44839,1.564717,3.982705]",
49,"[4.443475,1.567499,3.98271]",
50,"[4.433186,1.573732,3.982723]",
51,"[4.431201,1.575737,3.982728]",
52,"[4.42731,1.579125,3.982735]",
53,"[4.425307,1.580627,3.982738]",
54,"[4.422595,1.583092,3.982743]",
55,"[4.421957,1.583715,3.982744]",
56,"[4.419537,1.586973,3.982751]",
57,"[4.41802,1.589318,3.982756]",
58,"[4.416587,1.591545,3.982761]",
59,"[4.400449,1.607113,3.982793]",
60,"[4.379224,1.70364,3.982996]",
61,"[4.369867,1.747967,3.983088]",
62,"[4.367054,1.758661,3.983111]",
63,"[4.36361,1.772609,3.98314]",
64,"[4.362567,1.776839,3.983149]",
65,"[4.36032,1.780243,3.983156]",
66,"[4.356601,1.786374,3.983169]",
67,"[4.355221,1.78883,3.983174]",
68,"[4.352222,1.795134,3.983187]",
69,"[4.350746,1.798054,3.983193]",
70,"[4.348434,1.803255,3.983204]",
71,"[4.347317,1.805917,3.98321]",
72,"[4.346065,1.810519,3.983219]",
73,"[4.345612,1.811726,3.983222]",
74,"[4.345183,1.81289,3.983224]",
75,"[4.344575,1.814678,3.983228]",
76,"[4.344361,1.815261,3.983229]",
77,"[4.356167,1.814434,3.983228]",
78,"[4.360079,1.81434,3.983227]",
79,"[4.63202,1.775133,3.983145]",
80,"[4.663784,1.771591,3.983138]",
81,"[4.680035,1.769908,3.983134]",
82,"[4.699544,1.764417,3.983123]",
83,"[4.705893,1.762322,3.983119]",
84,"[4.71621,1.761795,3.983117]",
85,"[4.720496,1.761428,3.983117]",
86,"[4.727027,1.760839,3.983115]",
87,"[4.732137,1.761,3.983116]",
88,"[4.736349,1.761196,3.983116]",
89,"[4.739635,1.761662,3.983117]",
90,"[4.741144,1.761173,3.983116]",
91,"[4.743761,1.760281,3.983114]",
92,"[4.745113,1.75958,3.983113]",
93,"[4.747824,1.75816,3.98311]",
94,"[4.749465,1.757341,3.983108]",
95,"[4.751052,1.756667,3.983107]",
96,"[4.877897,1.734241,3.98306]",
97,"[5.075831,1.704096,3.982996]",
98,"[5.125679,1.695566,3.982979]",
99,"[5.14132,1.692874,3.982973]",
100,"[5.159558,1.68974,3.982966]",
101,"[5.166687,1.688269,3.982963]",
102,"[5.18294,1.687273,3.982961]",
103,"[5.190042,1.686792,3.98296]",
104,"[5.193173,1.68792,3.982963]",
105,"[5.16244,1.698264,3.982984]",
106,"[5.145021,1.703617,3.982996]",
107,"[4.95093,1.693063,3.982973]",
108,"[4.936542,1.692634,3.982973]",
109,"[4.925816,1.692906,3.982973]",
110,"[4.926356,1.699344,3.982986]",
111,"[4.927891,1.705282,3.982999]",
112,"[4.935401,1.719672,3.983029]",
113,"[4.941868,1.728329,3.983047]",
114,"[4.953655,1.743583,3.983079]",
115,"[4.95677,1.758149,3.98311]",
116,"[4.964214,1.776924,3.983149]",
117,"[4.967934,1.783312,3.983162]",
118,"[4.975096,1.792645,3.983182]",
119,"[4.978307,1.795803,3.983189]",
120,"[4.981143,1.798599,3.983194]",
121,"[4.981037,1.79834,3.983194]",
122,"[4.978723,1.798259,3.983194]",
123,"[4.970492,1.799087,3.983196]",
124,"[4.965205,1.799743,3.983197]",
125,"[4.953214,1.798188,3.983194]",
126,"[4.947005,1.79668,3.983191]",
127,"[4.942141,1.79572,3.983188]",
128,"[4.934255,1.79464,3.983186]",
129,"[4.92893,1.794414,3.983186]",
130,"[4.920362,1.795785,3.983189]",
131,"[4.916729,1.79715,3.983191]",
132,"[4.906777,1.796501,3.98319]",
133,"[4.902974,1.796282,3.98319]",
134,"[4.893292,1.8012,3.9832]",
135,"[4.863389,1.797969,3.983193]",
136,"[4.848545,1.796286,3.98319]",
137,"[4.803267,1.750927,3.983095]",
138,"[4.786911,1.730423,3.983052]",
139,"[4.760601,1.672124,3.982929]",
140,"[4.764238,1.657189,3.982898]",
141,"[4.767817,1.641747,3.982866]",
142,"[4.769412,1.640343,3.982863]",
143,"[4.770779,1.639097,3.98286]",
144,"[4.772857,1.637749,3.982857]",
145,"[4.773674,1.637151,3.982856]",
146,"[4.774882,1.63809,3.982858]",
147,"[4.774983,1.638646,3.982859]",
148,"[4.774656,1.639783,3.982862]",
149,"[4.774247,1.640387,3.982863]",
150,"[4.773786,1.640772,3.982864]",
151,"[4.772728,1.641032,3.982864]",
152,"[4.77245,1.640799,3.982864]",
153,"[4.771153,1.639069,3.98286]",
154,"[4.770015,1.633601,3.982849]",
155,"[4.775348,1.540172,3.982653]",
156,"[4.776883,1.507075,3.982584]",
157,"[4.772755,1.402015,3.982364]",
158,"[4.771197,1.383235,3.982325]",
159,"[4.770832,1.367514,3.982292]",
160,"[4.775643,1.344227,3.982243]",
161,"[4.7797,1.335287,3.982224]",
162,"[4.786846,1.322828,3.982198]",
163,"[4.790471,1.317759,3.982187]",
164,"[4.795421,1.308478,3.982168]",
165,"[4.797033,1.305134,3.982161]",
166,"[4.798412,1.301419,3.982153]",
167,"[4.799258,1.296355,3.969292]",
168,"[4.799162,1.293771,3.961072]",
169,"[4.799859,1.293908,3.961137]",
170,"[4.800113,1.293412,3.960901]",
171,"[4.802805,1.289272,3.959007]",
172,"[4.804231,1.283364,3.958521]",
173,"[4.809469,1.202215,3.957912]",
174,"[4.80427,1.188573,3.882494]",
175,"[4.803373,1.171571,3.870045]",
176,"[4.804992,1.144447,3.869893]",
177,"[4.806451,1.137467,3.869756]",
178,"[4.808069,1.126863,3.869604]",
179,"[4.808401,1.125266,3.869572]",
180,"[4.806167,1.129329,3.869782]",
181,"[4.803387,1.136952,3.870044]",
182,"[4.684597,1.372037,3.982301]",
183,"[4.666475,1.422947,3.982408]",
184,"[4.666231,1.55966,3.982694]",
185,"[4.714279,1.683884,3.982954]",
186,"[4.732471,1.719461,3.983029]",
187,"[4.750797,1.760929,3.983116]",
188,"[4.757268,1.777678,3.983151]",
189,"[4.767173,1.796394,3.98319]",
190,"[4.769067,1.798675,3.983195]",
191,"[4.770844,1.801548,3.983201]",
192,"[4.772447,1.808387,3.983215]",
193,"[4.771938,1.812431,3.983223]",
194,"[4.767869,1.812472,3.983223]",
195,"[4.765692,1.812943,3.983224]",
196,"[4.750196,1.815645,3.98323]",
197,"[4.733759,1.809301,3.983217]",
198,"[4.72242,1.805107,3.983208]",
199,"[4.704754,1.794456,3.983186]",
200,"[4.698872,1.79156,3.98318]",
201,"[4.696033,1.788812,3.983174]",
202,"[4.695369,1.78777,3.983172]",
203,"[4.693987,1.785778,3.983168]",
204,"[4.694161,1.784958,3.983166]",
205,"[4.694282,1.784222,3.983164]",
206,"[4.694208,1.783288,3.983162]",
207,"[4.696436,1.781326,3.983158]",
208,"[4.699735,1.778667,3.983153]",
209,"[4.701198,1.777432,3.98315]",
210,"[4.70332,1.775324,3.983146]",
211,"[4.704361,1.77423,3.983143]",
212,"[4.707085,1.772944,3.983141]",
213,"[4.708704,1.772582,3.98314]",
214,"[4.725488,1.781852,3.983159]",
215,"[4.767207,1.793148,3.983183]",
216,"[4.78628,1.796576,3.98319]",
217,"[4.806593,1.797074,3.983191]",
218,"[4.813407,1.795146,3.983187]",
219,"[4.822959,1.792622,3.983182]",
220,"[4.827642,1.791558,3.98318]",
221,"[4.830623,1.790775,3.983178]",
222,"[4.83601,1.789975,3.983176]",
223,"[4.83862,1.789906,3.983176]",
224,"[4.842684,1.787949,3.983172]",
225,"[4.845284,1.786796,3.98317]",
226,"[4.847684,1.78454,3.983165]",
227,"[4.84783,1.767,3.983128]",
228,"[4.848847,1.747766,3.983088]",
229,"[4.844425,1.740873,3.983073]",
230,"[4.841166,1.735779,3.983063]",
231,"[4.833127,1.731679,3.983054]",
232,"[4.828671,1.729967,3.983051]",
233,"[4.822339,1.727664,3.983046]",
234,"[4.817499,1.725505,3.983041]",
235,"[4.807926,1.722244,3.983035]",
236,"[4.803175,1.721015,3.983032]",
237,"[4.793598,1.720233,3.98303]",
238,"[4.788918,1.720532,3.983031]",
239,"[4.78505,1.721155,3.983032]",
240,"[4.778734,1.72254,3.983035]",
241,"[4.775907,1.72333,3.983037]",
242,"[4.770994,1.725935,3.983042]",
243,"[4.768806,1.727766,3.983046]",
244,"[4.768591,1.729614,3.98305]",
245,"[4.768474,1.730724,3.983052]",
246,"[4.765235,1.732366,3.983056]",
247,"[4.762296,1.734622,3.98306]",
248,"[4.762339,1.73527,3.983062]",
249,"[4.758147,1.738466,3.983068]",
250,"[4.756652,1.739731,3.983071]",
251,"[4.728937,1.717066,3.983024]",
252,"[4.719587,1.710352,3.98301]",
253,"[4.713034,1.705411,3.982999]",
254,"[4.704382,1.69825,3.982984]",
255,"[4.701158,1.695187,3.982978]",
256,"[4.694227,1.683418,3.982953]",
257,"[4.691669,1.677335,3.98294]",
258,"[4.690009,1.666775,3.982918]",
259,"[4.690229,1.661256,3.982907]",
260,"[4.688299,1.65468,3.982893]",
261,"[4.685684,1.644623,3.982872]",
262,"[4.684539,1.63978,3.982862]",
263,"[4.682294,1.630964,3.982843]",
264,"[4.681293,1.627299,3.982836]",
265,"[4.679977,1.624282,3.982829]",
266,"[4.67929,1.622841,3.982826]",
267,"[4.679075,1.622536,3.982826]",
268,"[4.678682,1.621928,3.982824]",
269,"[4.698121,1.621514,3.982824]",
270,"[4.787654,1.640769,3.982864]",
271,"[4.817855,1.64816,3.982879]",
272,"[4.854886,1.654032,3.982892]",
273,"[4.869514,1.655675,3.982895]",
274,"[4.887053,1.656695,3.982897]",
275,"[4.893197,1.65659,3.982897]",
276,"[4.894754,1.655644,3.982895]",
277,"[4.897109,1.654073,3.982892]",
278,"[4.898205,1.653327,3.98289]",
279,"[4.900753,1.651297,3.982886]",
280,"[4.907615,1.648835,3.982881]",
281,"[4.9173,1.645246,3.982873]",
282,"[5.107314,1.628582,3.982838]",
283,"[5.162534,1.622455,3.982826]",
284,"[5.17915,1.621735,3.982824]",
285,"[5.190159,1.621063,3.982823]",
286,"[5.204093,1.619657,3.98282]",
287,"[5.209365,1.618809,3.982818]",
288,"[5.214738,1.617708,3.982816]",
289,"[5.216105,1.618221,3.982817]",
290,"[4.895346,1.674236,3.982934]",
291,"[4.880394,1.676524,3.982939]",
292,"[4.75461,1.694868,3.982977]",
293,"[4.688692,1.689001,3.982965]",
294,"[4.669581,1.683319,3.982953]",
295,"[4.642073,1.666525,3.982918]",
296,"[4.631921,1.657811,3.9829]",
297,"[4.618506,1.647136,3.982877]",
298,"[4.615087,1.643871,3.98287]",
299,"[4.611594,1.640748,3.982864]",
300,"[4.606187,1.637554,3.982857]",
301,"[4.603436,1.636758,3.982856]",
302,"[4.599722,1.63541,3.982853]",
303,"[4.597189,1.634668,3.982851]",
304,"[4.590914,1.63193,3.982845]",
305,"[4.587718,1.630068,3.982841]",
306,"[4.581099,1.63332,3.982848]",
307,"[4.577557,1.637824,3.982858]",
308,"[4.573937,1.641657,3.982866]",
309,"[4.573801,1.645841,3.982874]",
310,"[4.57411,1.650621,3.982884]",
311,"[4.573732,1.656817,3.982898]",
312,"[4.573268,1.659336,3.982903]",
313,"[4.569301,1.664394,3.982913]",
314,"[4.566249,1.666961,3.982919]",
315,"[4.473166,1.706975,3.983003]",
316,"[4.425234,1.726069,3.983042]",
317,"[4.411839,1.731011,3.983053]",
318,"[4.397426,1.73554,3.983062]",
319,"[4.396493,1.735997,3.983063]",
320,"[4.395067,1.736558,3.983064]",
321,"[4.394568,1.736691,3.983065]",
322,"[4.395629,1.736268,3.983064]",
323,"[4.39725,1.735777,3.983063]",
324,"[4.399135,1.735058,3.983061]",
325,"[4.404471,1.732412,3.983056]",
326,"[4.408779,1.730013,3.983051]",
327,"[4.421587,1.721622,3.983033]",
328,"[4.432104,1.715509,3.983021]",
329,"[4.459412,1.7009,3.98299]",
330,"[4.634475,1.600856,3.98278]",
331,"[4.67352,1.578932,3.982734]",
332,"[4.956012,1.392866,3.982345]",
333,"[4.980024,1.378567,3.982315]",
334,"[5.164434,1.253173,3.935104]",
335,"[5.252491,1.188573,3.906023]",
336,"[5.31953,1.141914,3.912826]",
337,"[5.342589,1.127013,3.915575]",
338,"[5.363374,1.113253,3.918054]",
339,"[5.363864,1.112393,3.918112]",
340,"[5.363009,1.113401,3.91801]",
341,"[5.363744,1.113953,3.918098]",
342,"[5.362944,1.114864,3.918002]",
343,"[5.358994,1.117871,3.917531]",
344,"[5.356477,1.119774,3.917231]",
345,"[5.344461,1.125999,3.915798]",
346,"[5.33826,1.128886,3.915059]",
347,"[5.332333,1.134421,3.914352]",
348,"[5.317773,1.144805,3.912616]",
349,"[5.311205,1.149222,3.911833]",
350,"[5.304546,1.15429,3.911039]",
351,"[5.302808,1.155878,3.910832]",
352,"[5.302468,1.155666,3.910791]",
353,"[5.303487,1.155383,3.910913]",
354,"[5.362908,1.125544,3.917998]",
355,"[5.384828,1.11545,3.920612]",
356,"[5.433912,1.090317,3.926465]",
357,"[5.492154,1.059999,3.93341]",
358,"[5.516018,1.047548,3.936255]",
359,"[5.52667,1.036603,3.937526]",
360,"[5.525834,1.029008,3.937426]",
361,"[5.53223,0.9978902,3.938189]",
362,"[5.532178,0.9715757,3.938182]",
363,"[5.547882,0.9278191,3.957722]",
364,"[5.561282,0.7874897,3.95764]",
365,"[5.568691,0.5580941,3.92977]",
366,"[5.583386,0.4048458,3.925375]",
367,"[5.229581,0.8440477,3.395046]",
368,"[5.229608,0.798359,3.394917]",
369,"[5.229214,0.7795627,3.396785]",
370,"[5.229055,0.761943,3.397541]",
371,"[5.27274,0.6757569,3.464306]",
372,"[5.229109,0.7490466,3.397285]",
373,"[5.230043,0.7780637,3.39285]",
374,"[5.230777,0.8002294,3.389369]",
375,"[5.233119,0.8856292,3.378253]",
376,"[5.234082,0.9120395,3.373684]",
377,"[5.23474,0.9343981,3.370562]",
378,"[5.235038,0.9412079,3.369148]",
379,"[5.235112,0.9479073,3.368799]",
380,"[5.234595,0.9561983,3.371249]",
381,"[5.233871,0.9581388,3.374685]",
382,"[5.550436,0.5373063,3.957706]",
383,"[5.510135,0.5687553,3.935554]",
384,"[5.201615,0.695672,3.898765]",
385,"[5.168993,0.7061567,3.894875]",
386,"[5.146993,0.715189,3.892252]",
387,"[5.120971,0.7296553,3.889149]",
388,"[5.111153,0.7370466,3.887978]",
389,"[5.096229,0.7512829,3.886199]",
390,"[5.092857,0.7541384,3.885796]",
391,"[5.085041,0.7627037,3.884864]",
392,"[5.086008,0.7633269,3.88498]",
393,"[5.087152,0.7630289,3.885116]",
394,"[5.087371,0.7623217,3.885142]",
395,"[5.087411,0.7622462,3.885147]",
396,"[5.103157,0.7644041,3.887025]",
397,"[5.109841,0.7865138,3.887822]",
398,"[5.086719,0.9765944,3.885065]",
399,"[5.071387,1.055966,3.883236]",
400,"[5.032717,1.759103,3.983112]",
401,"[5.030832,1.767083,3.983129]",
402,"[5.000319,1.857362,3.983318]",
403,"[4.971806,1.938348,3.983487]",
404,"[4.829449,2.014597,3.983647]",
405,"[4.774212,2.019193,3.983656]",
406,"[4.757195,2.012937,3.983643]",
407,"[4.737762,1.966733,3.983546]",
408,"[4.732558,1.958564,3.98353]",
409,"[4.751522,1.898815,3.983404]",
410,"[4.766222,1.837499,3.983276]",
411,"[4.769103,1.821337,3.983242]",
412,"[4.781534,1.78627,3.983169]",
413,"[4.787593,1.772239,3.983139]",
414,"[4.799757,1.723075,3.983036]",
415,"[4.802252,1.702183,3.982993]",
416,"[4.803248,1.684492,3.982955]",
417,"[4.801894,1.657041,3.982898]",
418,"[4.799914,1.641081,3.982865]",
419,"[4.794868,1.603544,3.982786]",
420,"[4.789583,1.56585,3.982707]",
421,"[4.800531,1.489182,3.982546]",
422,"[4.817682,1.395402,3.98235]",
423,"[4.856746,1.188791,3.957912]",
424,"[4.850762,1.172847,3.856929]",
425,"[4.855282,1.134776,3.857467]",
426,"[4.848435,0.846345,3.856651]",
427,"[4.853539,0.8001851,3.85726]",
428,"[4.860315,0.7436494,3.858068]",
429,"[4.863004,0.7275493,3.858388]",
430,"[4.885545,0.730026,3.861076]",
431,"[4.898851,0.7364451,3.862663]",
432,"[4.92346,0.7763467,3.865597]",
433,"[4.929411,0.7868598,3.866307]",
434,"[4.935289,0.8007094,3.867008]",
435,"[4.940745,0.8234786,3.867658]",
436,"[4.941707,0.8325921,3.867773]",
437,"[4.942037,0.8445476,3.867812]",
438,"[4.941833,0.8486039,3.867788]",
439,"[4.941236,0.8519229,3.867717]",
440,"[4.940054,0.8548282,3.867576]",
441,"[4.938608,0.8619972,3.867403]",
442,"[4.934241,0.8656251,3.866883]",
443,"[4.93175,0.8657095,3.866586]",
444,"[4.930967,0.8609868,3.866492]",
445,"[4.929474,0.8556061,3.866314]",
446,"[4.924828,0.8408993,3.86576]",
447,"[4.908189,0.7782815,3.863776]",
448,"[4.88986,0.7236826,3.861591]",
449,"[4.882229,0.705058,3.860681]",
450,"[4.877916,0.6938672,3.860166]",
451,"[4.876447,0.6810507,3.859991]",
452,"[4.87631,0.6780397,3.859975]",
453,"[4.875875,0.6676108,3.859923]",
454,"[4.876336,0.6657998,3.859978]",
455,"[4.876923,0.6629139,3.860048]",
456,"[4.876966,0.6618916,3.860053]",
457,"[4.877742,0.6621574,3.860146]",
458,"[4.879014,0.662328,3.860297]",
459,"[4.879568,0.6619195,3.860363]",
460,"[4.881981,0.6607789,3.860192]",
461,"[4.883532,0.6600444,3.85923]",
462,"[4.884907,0.6620364,3.852979]",
463,"[4.884669,0.6654326,3.847235]",
464,"[4.885998,0.6750535,3.830805]",
465,"[4.886777,0.6805331,3.823251]",
466,"[4.886729,0.6874991,3.813615]",
467,"[4.885893,0.7016804,3.793141]",
468,"[4.885276,0.7090504,3.781952]",
469,"[4.882891,0.7298261,3.754521]",
470,"[4.88164,0.7419047,3.739445]",
471,"[4.959121,0.4665078,4.066055]",
472,"[4.96746,0.4784811,4.066184]",
473,"[4.984611,0.4990024,4.066402]",
474,"[4.992922,0.5080171,4.066498]",
475,"[5.000578,0.5162463,4.066585]",
476,"[5.015529,0.5340682,4.066774]",
477,"[5.096105,0.3221403,4.336308]",
478,"[5.111367,0.3221402,4.344574]",
479,"[5.113715,0.3221402,4.343985]",
480,"[5.118488,0.3221402,4.342964]",
481,"[5.120946,0.3221402,4.342893]",
482,"[5.122304,0.3221402,4.34039]",
483,"[5.124789,0.3221402,4.338002]",
484,"[5.124702,0.3221402,4.337866]",
485,"[5.121698,0.3221402,4.337764]",
486,"[5.118454,0.3221402,4.337289]",
487,"[5.11249,0.3221402,4.336466]",
488,"[5.108404,0.3221402,4.334991]",
489,"[5.107214,0.3221402,4.335071]",
490,"[5.016612,0.5458958,4.066908]",
491,"[5.015049,0.5471138,4.066923]",
492,"[5.011999,0.5492213,4.06695]",
493,"[5.010446,0.5500234,4.06696]",
494,"[5.007428,0.5512866,4.066977]",
495,"[5.005183,0.5516264,4.066983]",
496,"[4.997774,0.5430725,4.066892]",
497,"[4.991354,0.5384226,4.066844]",
498,"[4.986578,0.534635,4.066806]",
499,"[4.758439,0.5674849,4.067375]",
500,"[4.740883,0.5709718,4.067429]",
501,"[4.718534,0.5851473,4.067609]",
502,"[4.711706,0.5904112,4.067675]",
503,"[4.705911,0.5964091,4.067758]",
504,"[4.657325,1.004136,3.563494]",
505,"[4.656565,1.003851,3.565391]",
506,"[4.660953,0.9546697,3.625327]",
507,"[4.663506,0.934936,3.64881]",
508,"[4.671136,0.8969852,3.694293]",
509,"[4.944283,0.515317,4.066789]",
510,"[4.937681,0.7726717,3.760345]",
511,"[4.97685,0.7480222,3.785198]",
512,"[5.005181,0.7290822,3.804864]",
513,"[5.04371,0.7035828,3.83348]",
514,"[5.050375,0.6966698,3.842078]",
515,"[5.066114,0.6806417,3.858075]",
516,"[5.075508,0.672182,3.864841]",
517,"[5.100612,0.6498961,3.877048]",
518,"[5.113965,0.6375803,3.882152]",
519,"[5.129888,0.6233828,3.88813]",
520,"[5.149663,0.6113128,3.891721]",
521,"[5.164323,0.6052111,3.894176]",
522,"[5.202766,0.5947602,3.898902]",
523,"[5.228887,0.5882143,3.902017]",
524,"[5.299644,0.5620363,3.910454]",
525,"[5.344996,0.5402522,3.915862]",
526,"[5.925715,0.1,4.253995]",
527,"[5.239711,0.9741432,3.346973]",
528,"[5.25361,1.00368,3.281019]",
529,"[5.276118,0.9966099,3.174212]",
530,"[5.280627,0.9977267,3.152813]",
531,"[5.46375,0.8330358,3.168959]",
532,"[5.506662,0.7935081,3.164874]",
533,"[5.511376,0.79194,3.132343]",
534,"[5.512219,0.7913349,3.1245]",
535,"[5.512257,0.7899829,3.115359]",
536,"[5.511264,0.7891581,3.114395]",
537,"[5.51027,0.7880465,3.111535]",
538,"[5.504522,0.7841146,3.111554]",
539,"[5.5009,0.7818862,3.113216]",
540,"[5.494845,0.7778403,3.113876]",
541,"[5.492775,0.7762321,3.112608]",
542,"[5.490112,0.7747548,3.1149]",
543,"[5.48981,0.7749717,3.117709]",
544,"[5.493367,0.7779402,3.121251]",
545,"[5.499789,0.781496,3.115675]",
546,"[5.506684,0.7846975,3.105599]",
547,"[5.664387,0.6811934,3.037162]",
548,"[5.531271,0.8163537,2.973648]",
549,"[5.95,0.6731492,2.648802]",
550,"[5.95,0.6804827,2.629176]",
551,"[5.95,0.6950989,2.585202]",
552,"[5.950001,0.6939434,2.569685]",
553,"[5.95,0.6954977,2.552892]",
554,"[5.847029,0.7750825,2.561526]",
555,"[5.847827,0.7798364,2.561554]",
556,"[5.95,0.7331268,2.556002]",
557,"[5.95,0.75108,2.559153]",
558,"[5.95,0.7954887,2.555304]",
559,"[5.884133,0.8611988,2.562822]",
560,"[5.95,1.032048,2.628263]",
561,"[5.558031,1.24961,2.693438]",
562,"[5.533464,1.376163,2.696052]",
563,"[5.525114,1.423055,2.691399]",
564,"[5.528285,1.437494,2.687818]",
565,"[5.533315,1.447954,2.684015]",
566,"[5.533577,1.448288,2.684323]",
567,"[5.531004,1.443418,2.685118]",
568,"[5.529115,1.43782,2.690547]",
569,"[5.527888,1.434222,2.693986]",
570,"[5.561182,1.416772,2.843859]",
571,"[5.563643,1.414749,2.854263]",
572,"[5.5704,1.409401,2.882827]",
573,"[5.574195,1.406871,2.898869]",
574,"[5.582078,1.396848,2.931326]",
575,"[5.658024,1.371392,2.968865]",
576,"[5.623972,1.37725,2.967676]",
577,"[5.530922,1.38977,2.983651]",
578,"[5.95,1.266495,3.162497]",
579,"[5.95,1.262947,3.302498]",
580,"[5.95,1.270412,3.475634]",
581,"[5.573998,1.344728,3.420075]",
582,"[5.950001,1.155341,4.24861]",
583,"[5.459035,1.254718,3.937699]",
584,"[5.304237,1.252691,3.934291]",
585,"[5.061331,1.246078,3.929581]",
586,"[4.850825,1.215264,3.950962]",
587,"[4.730068,1.193763,3.957912]",
588,"[4.292708,1.143045,3.918047]",
589,"[3.266441,0.6194892,5.04]",
590,"[3.063428,0.5779297,5.04]",
591,"[2.863941,0.6915528,4.522685]",
592,"[2.765735,0.7133608,4.392945]",
593,"[2.572787,0.5629981,4.244619]",
594,"[2.377506,0.423933,4.275502]",
595,"[2.31045,0.2827696,4.106863]",
596,"[2.291118,0.2362347,4.028977]",
597,"[2.309086,0.1641183,3.991518]",
598,"[2.379731,0.1131065,4.066865]",
599,"[2.418885,0.0999999,4.079144]",
600,"[2.57394,0.1,4.09741]",
601,"[2.625629,0.1000001,4.09863]",
602,"[2.778957,0.1,4.149384]",
603,"[2.80122,0.1,4.15014]",
604,"[3.334728,0.4855979,3.795685]",
605,"[3.353386,0.4875921,3.804044]",
606,"[3.368425,0.494527,3.811974]",
607,"[3.371538,0.4981413,3.813686]",
608,"[3.373323,0.500908,3.814689]",
609,"[3.374259,0.510908,3.815489]",
610,"[3.37258,0.5181118,3.814858]",
611,"[3.364109,0.5333672,3.811004]",
612,"[3.466197,0.6179634,3.749238]",
613,"[3.483966,0.6346527,3.75869]",
614,"[3.505872,0.6446614,3.770343]",
615,"[3.529908,0.6373667,3.783128]",
616,"[3.549561,0.6314971,3.793582]",
617,"[3.575049,0.628596,3.80714]",
618,"[3.605176,0.6302193,3.823165]",
619,"[3.618353,0.6323019,3.830175]",
620,"[3.642262,0.6362144,3.842893]",
621,"[3.651943,0.6381078,3.848042]",
622,"[3.66822,0.6437038,3.8567]",
623,"[3.676135,0.6484868,3.860911]",
624,"[3.682887,0.6520011,3.864502]",
625,"[3.691836,0.6564574,3.869263]",
626,"[3.695815,0.6585085,3.87138]",
627,"[3.704916,0.6587455,3.87622]",
628,"[3.710263,0.6589938,3.879065]",
629,"[3.721856,0.6601715,3.885231]",
630,"[3.723209,0.662269,3.885951]",
631,"[3.724717,0.6643491,3.886753]",
632,"[3.725476,0.6688682,3.887157]",
633,"[3.725734,0.6702164,3.887294]",
634,"[3.726131,0.6712328,3.887505]",
635,"[3.726458,0.6710997,3.887679]",
636,"[3.725393,0.6685367,3.887113]",
637,"[3.72399,0.6671715,3.886367]",
638,"[3.720766,0.666216,3.884652]",
639,"[3.719043,0.6666104,3.883735]",
640,"[3.717806,0.6681674,3.883077]",
641,"[3.716468,0.6722747,3.882365]",
642,"[3.73156,0.6925964,3.861173]",
643,"[3.732152,0.6973358,3.861173]",
644,"[3.732475,0.698922,3.861173]",
645,"[3.731724,0.7012212,3.861173]",
646,"[3.730603,0.7020039,3.861173]",
647,"[3.729589,0.702715,3.861173]",
648,"[3.728816,0.703287,3.861173]",
649,"[3.728836,0.7036059,3.861173]",
650,"[3.728544,0.7048537,3.861173]",
651,"[3.728048,0.7057644,3.861173]",
652,"[3.725477,0.7071628,3.861173]",
653,"[3.724009,0.7080597,3.861173]",
654,"[3.719786,0.7080676,3.861173]",
655,"[3.709435,0.707516,3.861173]",
656,"[3.703404,0.7072954,3.861173]",
657,"[3.694267,0.7081177,3.861173]",
658,"[3.690275,0.7082253,3.861173]",
659,"[3.679275,0.7129849,3.861173]",
660,"[3.667846,0.7130653,3.867158]",
661,"[3.656677,0.7130653,3.873359]",
662,"[3.64239,0.7130653,3.879919]",
663,"[3.636295,0.7130653,3.882181]",
664,"[3.63461,0.7130653,3.877001]",
665,"[3.634153,0.7130653,3.874765]",
666,"[3.63311,0.7130653,3.872573]",
667,"[3.632496,0.7130653,3.872653]",
668,"[3.629011,0.7130653,3.876527]",
669,"[3.626473,0.7130653,3.880236]",
670,"[3.624118,0.7130653,3.88359]",
671,"[3.624489,0.7130653,3.89071]",
672,"[3.626455,0.7130653,3.89057]",
673,"[3.634277,0.7130653,3.886616]",
674,"[3.638812,0.7130653,3.883813]",
675,"[3.645542,0.7130653,3.879529]",
676,"[3.647632,0.7130653,3.878218]",
677,"[3.649374,0.7130653,3.878035]",
678,"[3.650652,0.7130653,3.87869]",
679,"[3.650122,0.7130653,3.88096]",
680,"[3.647745,0.7130653,3.886634]",
681,"[3.646142,0.7130653,3.88972]",
682,"[3.646671,0.7130653,3.89141]",
683,"[3.646853,0.7130653,3.891863]",
684,"[3.649822,0.7130653,3.890466]",
685,"[3.652366,0.7130653,3.888756]",
686,"[3.655906,0.7130653,3.886184]",
687,"[3.666951,0.7130653,3.876304]",
688,"[3.672739,0.7130653,3.870934]",
689,"[3.674376,0.7130653,3.870493]",
690,"[3.667968,0.7130653,3.873252]",
691,"[3.663864,0.7130653,3.881664]",
692,"[3.657188,0.7130653,3.891305]",
693,"[3.651776,0.7130653,3.899064]",
694,"[3.639389,0.7130653,3.907907]",
695,"[3.634197,0.7130653,3.909484]",
696,"[3.639192,0.7130653,3.90393]",
697,"[3.642078,0.7130653,3.901153]",
698,"[3.645863,0.7130653,3.897922]",
699,"[3.647231,0.7130653,3.896657]",
700,"[3.649318,0.7130653,3.894247]",
701,"[3.650393,0.7130653,3.892994]",
702,"[3.650744,0.7130653,3.891409]",
703,"[3.65175,0.7130653,3.888415]",
704,"[3.652015,0.7130653,3.887742]",
705,"[3.654025,0.7130653,3.88575]",
706,"[3.656219,0.7130653,3.884294]",
707,"[3.661031,0.7130653,3.881566]",
708,"[3.663191,0.7130653,3.880524]",
709,"[3.66443,0.7130653,3.879263]",
710,"[3.666005,0.7130653,3.877761]",
711,"[3.66653,0.7130653,3.87723]",
712,"[3.665066,0.7130653,3.878756]",
713,"[3.663166,0.7130653,3.880948]",
714,"[3.658894,0.7130653,3.88675]",
715,"[3.656768,0.7130653,3.889728]",
716,"[3.65451,0.7130653,3.892011]",
717,"[3.652123,0.7130653,3.893706]",
718,"[3.651535,0.7130653,3.89331]",
719,"[3.650835,0.7130653,3.892203]",
720,"[3.650433,0.7130653,3.891556]",
721,"[3.649233,0.7130653,3.889276]",
722,"[3.648521,0.7130653,3.887908]",
723,"[3.646805,0.7130653,3.885443]",
724,"[3.64518,0.7130653,3.884596]",
725,"[3.642596,0.7130653,3.884402]",
726,"[3.63261,0.7130653,3.893471]",
727,"[3.628996,0.7130653,3.897992]",
728,"[3.622425,0.7130653,3.902564]",
729,"[3.619832,0.7130653,3.903232]",
730,"[3.617581,0.7130653,3.901949]",
731,"[3.617338,0.7130653,3.900289]",
732,"[3.615821,0.7130653,3.896947]",
733,"[3.613796,0.7130653,3.891401]",
734,"[3.612935,0.7130653,3.888375]",
735,"[3.612752,0.7130653,3.884611]",
736,"[3.61305,0.7130653,3.883417]",
737,"[3.613532,0.7130653,3.882315]",
738,"[3.613786,0.7130653,3.882146]",
739,"[3.614493,0.7130653,3.881644]",
740,"[3.614299,0.7130653,3.884409]",
741,"[3.6139,0.7130653,3.887346]",
742,"[3.614001,0.7130653,3.893416]",
743,"[3.614179,0.7130653,3.896693]",
744,"[3.614485,0.7130653,3.901779]",
745,"[3.614628,0.7130653,3.903899]",
746,"[3.615182,0.7130653,3.903783]",
747,"[3.614939,0.7130653,3.905692]",
748,"[3.614438,0.7130653,3.907903]",
749,"[3.613523,0.7130653,3.912176]",
750,"[3.613379,0.7130653,3.913683]",
751,"[3.6137,0.7130653,3.916317]",
752,"[3.613754,0.7130653,3.918068]",
753,"[3.613369,0.7130653,3.922257]",
754,"[3.613374,0.7130653,3.922956]",
755,"[3.613649,0.7130653,3.923004]",
756,"[3.614271,0.7130653,3.922276]",
757,"[3.614544,0.7130653,3.922057]",
758,"[3.613091,0.7130653,3.924043]",
759,"[3.612224,0.7130653,3.925082]",
760,"[3.611578,0.7130653,3.92572]",
761,"[3.611486,0.7130653,3.925823]",
762,"[3.611025,0.7130653,3.926499]",
763,"[3.610726,0.7130653,3.926835]",
764,"[3.610454,0.7130653,3.926953]",
765,"[3.609242,0.7130653,3.925124]",
766,"[3.609064,0.7130653,3.922743]",
767,"[3.609282,0.7130653,3.918869]",
768,"[3.607419,0.7105745,3.92052]",
769,"[3.600658,0.6964499,3.929895]",
770,"[3.598189,0.6925373,3.933239]",
771,"[3.597947,0.6925373,3.933738]",
772,"[3.597077,0.6925373,3.935397]",
773,"[3.596602,0.6925373,3.936478]",
774,"[3.593721,0.6925373,3.941659]",
775,"[3.593154,0.6925373,3.942985]",
776,"[3.592175,0.6925373,3.945233]",
777,"[3.59081,0.6925373,3.945483]",
778,"[3.589874,0.6925373,3.944213]",
779,"[3.589912,0.6925373,3.943094]",
780,"[3.590638,0.6925373,3.939215]",
781,"[3.591384,0.6925373,3.936655]",
782,"[3.591861,0.6925373,3.935683]",
783,"[3.593287,0.6925373,3.933241]",
784,"[3.594129,0.6925373,3.933815]",
785,"[3.602218,0.7081879,3.926875]",
786,"[3.604022,0.7120854,3.927035]",
787,"[3.603264,0.7128713,3.933481]",
788,"[3.602574,0.7130253,3.937155]",
789,"[3.600232,0.713056,3.945203]",
790,"[3.59865,0.7130619,3.94774]",
791,"[3.597292,0.7130631,3.949898]",
792,"[3.594619,0.7130634,3.953107]",
793,"[3.593481,0.7130635,3.954123]",
794,"[3.590106,0.7130636,3.959175]",
795,"[3.588665,0.7130636,3.960872]",
796,"[3.586765,0.7130637,3.963432]",
797,"[3.585354,0.7130637,3.965305]",
798,"[3.583252,0.7130637,3.967039]",
799,"[3.582413,0.7130638,3.967242]",
800,"[3.581659,0.7130638,3.967474]",
801,"[3.580197,0.7130638,3.968162]",
802,"[3.579885,0.7130638,3.968811]",
803,"[3.578752,0.7130638,3.969435]",
804,"[3.578196,0.7130638,3.970259]",
805,"[3.576692,0.7130639,3.97097]",
806,"[3.575587,0.7130639,3.970953]",
807,"[3.595035,0.7519917,3.942308]",
808,"[3.594218,0.7519917,3.941914]",
809,"[3.595178,0.7519917,3.941557]",
810,"[3.596997,0.7519917,3.940599]",
811,"[3.597792,0.7519917,3.940084]",
812,"[3.597368,0.7519917,3.938682]",
813,"[3.596134,0.7519917,3.937509]",
814,"[3.594707,0.7519917,3.93664]",
815,"[3.594544,0.7519917,3.937268]",
816,"[3.594396,0.7519917,3.937614]",
817,"[3.593413,0.7519917,3.938861]",
818,"[3.591934,0.7519917,3.938807]",
819,"[3.589196,0.7519917,3.938295]",
820,"[3.587931,0.7519917,3.937886]",
821,"[3.584772,0.7429691,3.937961]",
822,"[3.572428,0.7130638,3.954928]",
823,"[3.573565,0.7130638,3.950566]",
824,"[3.574616,0.7130638,3.944162]",
825,"[3.574879,0.7130637,3.94129]",
826,"[3.574367,0.7130637,3.938011]",
827,"[3.574793,0.7130637,3.937649]",
828,"[3.59328,0.7525173,3.908336]",
829,"[3.572043,0.7054229,3.942547]",
830,"[3.56629,0.6925373,3.951898]",
831,"[3.566398,0.6925373,3.95191]",
832,"[3.566417,0.6925373,3.951871]",
833,"[3.564945,0.6925373,3.950752]",
834,"[3.565465,0.6925373,3.95092]",
835,"[3.566034,0.6925373,3.951136]",
836,"[3.566196,0.6925373,3.951224]",
837,"[3.594814,0.7568185,3.903941]",
838,"[3.60893,0.7885222,3.880471]",
839,"[3.622735,0.820022,3.857011]",
840,"[3.64192,0.8677719,3.819737]",
841,"[3.650502,0.8893845,3.802586]",
842,"[3.667115,0.9312617,3.769562]",
843,"[3.67214,0.94476,3.758387]",
844,"[3.671407,0.9455987,3.755055]",
845,"[3.563307,0.6925373,3.938849]",
846,"[3.570343,0.6925373,3.928162]",
847,"[3.581889,0.6925373,3.910203]",
848,"[3.586838,0.6925373,3.902046]",
849,"[3.592134,0.6925373,3.891212]",
850,"[3.594079,0.6925373,3.886998]",
851,"[3.597679,0.6925373,3.879451]",
852,"[3.598483,0.6925373,3.876899]",
853,"[3.600223,0.6925373,3.871641]",
854,"[3.600769,0.6925373,3.869421]",
855,"[3.60122,0.6925373,3.86748]",
856,"[3.603302,0.6925373,3.867745]",
857,"[3.604172,0.6925373,3.867919]",
858,"[3.605578,0.6925373,3.86808]",
859,"[3.605973,0.6925373,3.868339]",
860,"[3.60621,0.6925373,3.869034]",
861,"[3.606072,0.6925373,3.869503]",
862,"[3.605856,0.6925373,3.869933]",
863,"[3.609468,0.7053699,3.862087]",
864,"[3.608103,0.7011535,3.862085]",
865,"[3.60627,0.6961797,3.862081]",
866,"[3.60529,0.6941055,3.86208]",
867,"[3.604108,0.6925373,3.861197]",
868,"[3.603698,0.6925373,3.860437]",
869,"[3.603279,0.6925373,3.859906]",
870,"[3.602392,0.6925373,3.859127]",
871,"[3.601936,0.6925373,3.858584]",
872,"[3.601106,0.6925373,3.857456]",
873,"[3.600759,0.6925373,3.856857]",
874,"[3.600422,0.6925373,3.855665]",
875,"[3.600146,0.6925373,3.855078]",
876,"[3.599503,0.6925373,3.85286]",
877,"[3.598721,0.6925373,3.851055]",
878,"[3.597321,0.6925373,3.848199]",
879,"[3.59664,0.6925373,3.846575]",
880,"[3.595991,0.6925373,3.845315]",
881,"[3.594158,0.6925373,3.84361]",
882,"[3.593866,0.6925373,3.842673]",
883,"[3.593368,0.6925373,3.840845]",
884,"[3.593641,0.6925373,3.840204]",
885,"[3.595695,0.6925373,3.838599]",
886,"[3.597255,0.6925373,3.83762]",
887,"[3.598575,0.6925373,3.836726]",
888,"[3.600459,0.6925373,3.834932]",
889,"[3.600996,0.6925373,3.834739]",
890,"[3.602257,0.6925373,3.834594]",
891,"[3.602971,0.6925373,3.834633]",
892,"[3.604532,0.6925373,3.83498]",
893,"[3.605332,0.6925373,3.835277]",
894,"[3.606445,0.6925373,3.835608]",
895,"[3.608522,0.6925373,3.836476]",
896,"[3.608887,0.6925373,3.836322]",
897,"[3.609812,0.6925373,3.835995]",
898,"[3.61044,0.6925373,3.835804]",
899,"[3.611749,0.6925373,3.835595]",
900,"[3.612516,0.6925373,3.835551]",
901,"[3.613151,0.6925373,3.834677]",
902,"[3.6145,0.6925373,3.83281]",
903,"[3.615208,0.6925373,3.831825]",
904,"[3.615835,0.6925373,3.830163]",
905,"[3.615647,0.6925373,3.828992]",
906,"[3.61472,0.6905056,3.827994]",
907,"[3.613868,0.6882166,3.827537]",
908,"[3.612413,0.6843229,3.826767]",
909,"[3.610977,0.679519,3.826008]",
910,"[3.609761,0.6758375,3.825366]",
911,"[3.607635,0.6700095,3.824241]",
912,"[3.606431,0.6689284,3.823609]",
913,"[3.604056,0.6678928,3.822355]",
914,"[3.602885,0.6684076,3.82173]",
915,"[3.601288,0.6707477,3.820865]",
916,"[3.600523,0.6721672,3.820442]",
917,"[3.599877,0.6734887,3.820088]",
918,"[3.600341,0.6758813,3.82032]",
919,"[3.601329,0.6772792,3.820839]",
920,"[3.603161,0.6793325,3.82179]",
921,"[3.604182,0.680414,3.822322]",
922,"[3.605913,0.6832595,3.823225]",
923,"[3.605873,0.6850758,3.823202]",
924,"[3.605492,0.6864976,3.822997]",
925,"[3.604385,0.6897482,3.822406]",
926,"[3.603903,0.6899724,3.822151]",
927,"[3.602698,0.690388,3.821528]",
928,"[3.601979,0.6903896,3.82116]",
929,"[3.600962,0.6863956,3.820645]",
930,"[3.600664,0.6819044,3.820498]",
931,"[3.6004,0.6764183,3.820374]",
932,"[3.600796,0.6640609,3.820616]",
933,"[3.601455,0.6567782,3.820967]",
934,"[3.604163,0.644558,3.822407]",
935,"[3.606925,0.638616,3.823877]",
936,"[3.61215,0.6287419,3.826656]",
937,"[3.616237,0.6262931,3.82883]",
938,"[3.632993,0.6282932,3.837743]",
939,"[3.641933,0.6300083,3.842499]",
940,"[3.647753,0.6353963,3.845594]",
941,"[3.655872,0.6415001,3.849913]",
942,"[3.657625,0.6423641,3.850846]",
943,"[3.661876,0.6376458,3.853107]",
944,"[3.663524,0.6316907,3.853984]",
945,"[3.666288,0.6183451,3.855454]",
946,"[3.667592,0.610544,3.856148]",
947,"[3.671442,0.6016064,3.858196]",
948,"[3.67782,0.5851281,3.861588]",
949,"[3.680042,0.5789849,3.86277]",
950,"[3.682215,0.5752776,3.863926]",
951,"[3.682956,0.5764284,3.86432]",
952,"[3.684454,0.580806,3.865117]",
953,"[3.685196,0.5835739,3.865512]",
954,"[3.684583,0.6003345,3.865186]",
955,"[3.684029,0.605959,3.864891]",
956,"[3.683807,0.6109201,3.864773]",
957,"[3.684186,0.6169559,3.864974]",
958,"[3.68462,0.6194149,3.865205]",
959,"[3.685506,0.6261384,3.865677]",
960,"[3.685451,0.6261863,3.865647]",
961,"[3.685753,0.6265897,3.865808]",
962,"[3.6857,0.6276228,3.86578]",
963,"[3.6858,0.6282563,3.865833]",
964,"[3.687005,0.6275219,3.866474]",
965,"[3.686908,0.6276566,3.866422]",
966,"[3.686861,0.6278387,3.866397]",
967,"[3.686789,0.6279011,3.866359]",
968,"[3.687707,0.6249672,3.866847]",
969,"[3.688377,0.6226844,3.867204]",
970,"[3.689824,0.6188741,3.867973]",
971,"[3.690847,0.61662,3.868517]",
972,"[3.691939,0.6131196,3.869098]",
973,"[3.694163,0.6064231,3.870282]",
974,"[3.695825,0.6008232,3.871166]",
975,"[3.720935,0.5675896,3.884522]",
976,"[3.732347,0.5537299,3.890593]",
977,"[3.744086,0.5409697,3.896837]",
978,"[3.7481,0.5376266,3.898973]",
979,"[3.751442,0.5362663,3.90075]",
980,"[3.759799,0.53754,3.905195]",
981,"[3.765552,0.540252,3.908256]",
982,"[3.772421,0.5437688,3.91191]",
983,"[3.776826,0.5461831,3.914253]",
984,"[3.78668,0.5520896,3.919495]",
985,"[3.839644,0.5032914,4.023255]",
986,"[3.858226,0.5032914,4.043022]",
987,"[3.881154,0.5032914,4.065666]",
988,"[3.891311,0.5032914,4.074547]",
989,"[3.90878,0.5032914,4.085558]",
990,"[3.911854,0.5032914,4.08674]",
991,"[3.92404,0.5032914,4.089095]",
992,"[3.929235,0.5032914,4.089313]",
993,"[3.93723,0.5032914,4.092003]",
994,"[3.940423,0.5032914,4.094878]",
995,"[3.943884,0.5032914,4.098423]",
996,"[3.944892,0.5032914,4.099238]",
997,"[3.942937,0.5032914,4.100144]",
998,"[3.934732,0.5032914,4.103585]",
999,"[3.92959,0.5032914,4.105444]",
1000,"[3.923018,0.5032914,4.109656]",
1001,"[3.920841,0.5032914,4.11188]",
1002,"[3.916636,0.5262423,4.095467]",
1003,"[3.915487,0.5302336,4.093561]",
1004,"[3.915612,0.5229336,4.09344]",
1005,"[3.916603,0.5096571,4.095137]",
1006,"[3.917145,0.5037487,4.097175]",
1007,"[3.912938,0.5072441,4.091659]",
1008,"[3.911511,0.5073191,4.090924]",
1009,"[3.907113,0.5089597,4.088694]",
1010,"[3.903723,0.5083958,4.086929]",
1011,"[3.900792,0.5079571,4.085404]",
1012,"[3.895641,0.5075973,4.082735]",
1013,"[3.892917,0.5076581,4.08133]",
1014,"[3.883591,0.5104015,4.076583]",
1015,"[3.88008,0.5117928,4.074806]",
1016,"[3.874619,0.515923,4.072114]",
1017,"[3.870435,0.5195836,4.070086]",
1018,"[3.866436,0.5235459,4.068163]",
1019,"[3.85947,0.5305494,4.064816]",
1020,"[3.856644,0.5340364,4.063479]",
1021,"[3.851392,0.5361681,4.060856]",
1022,"[3.848675,0.5359843,4.059458]",
1023,"[3.844714,0.5346965,4.057386]",
1024,"[3.842874,0.5342268,4.056427]",
1025,"[3.841612,0.5343492,4.055785]",
1026,"[3.840623,0.5340199,4.055267]",
1027,"[3.840315,0.5338542,4.055105]",
1028,"[3.83987,0.5340196,4.054882]",
1029,"[3.839607,0.5345143,4.054762]",
1030,"[3.83172,0.5627488,4.052615]",
1031,"[3.825522,0.5779166,4.054356]",
1032,"[3.807956,0.6925373,3.985924]",
1033,"[3.796478,0.6925373,3.991632]",
1034,"[3.762349,0.6925373,3.98574]",
1035,"[3.729928,0.7130653,3.943193]",
1036,"[3.715987,0.7130653,3.929437]",
1037,"[3.698938,0.7130653,3.913049]",
1038,"[3.691123,0.7130653,3.905922]",
1039,"[3.68314,0.7130653,3.89729]",
1040,"[3.681616,0.7130653,3.895052]",
1041,"[3.676241,0.7130653,3.889943]",
1042,"[3.67708,0.7130653,3.888501]",
1043,"[3.677501,0.7130653,3.887061]",
1044,"[3.679571,0.7130653,3.88381]",
1045,"[3.680099,0.7130653,3.882445]",
1046,"[3.682015,0.7130653,3.879672]",
1047,"[3.688279,0.7130653,3.877434]",
1048,"[3.695915,0.7130653,3.874248]",
1049,"[3.698672,0.7130653,3.872665]",
1050,"[3.701656,0.7130653,3.870662]",
1051,"[3.705009,0.7130653,3.866853]",
1052,"[3.707811,0.7130653,3.863328]",
1053,"[3.709149,0.7065788,3.862274]",
1054,"[3.710814,0.7030931,3.862277]",
1055,"[3.71264,0.6979431,3.862281]",
1056,"[3.713454,0.6980364,3.862282]",
1057,"[3.714009,0.6983954,3.862283]",
1058,"[3.71476,0.699046,3.862285]",
1059,"[3.71501,0.6993902,3.862285]",
1060,"[3.715252,0.6999493,3.862286]",
1061,"[3.715287,0.700219,3.862286]",
1062,"[3.715272,0.700444,3.862286]",
1063,"[3.715253,0.7004396,3.862286]",
1064,"[3.718464,0.7017359,3.862292]",
1065,"[3.720131,0.7024707,3.862295]",
1066,"[3.7216,0.7030859,3.862298]",
1067,"[3.724255,0.7024623,3.862303]",
1068,"[3.725712,0.7013022,3.862305]",
1069,"[3.730061,0.6992177,3.862314]",
1070,"[3.731906,0.6986036,3.862317]",
1071,"[3.73632,0.7018346,3.862325]",
1072,"[3.741014,0.704398,3.862334]",
1073,"[3.742685,0.7007305,3.866239]",
1074,"[3.734915,0.6681165,3.891959]",
1075,"[3.737165,0.6680318,3.893156]",
1076,"[3.74134,0.6671239,3.895376]",
1077,"[3.741594,0.6674046,3.895511]",
1078,"[3.742311,0.6678592,3.895893]",
1079,"[3.742499,0.6677368,3.895993]",
1080,"[3.742919,0.6678121,3.896216]",
1081,"[3.74314,0.6680535,3.896334]",
1082,"[3.74356,0.6684572,3.896557]",
1083,"[3.744489,0.6695409,3.897052]",
1084,"[3.745723,0.6703411,3.897708]",
1085,"[3.757299,0.6664825,3.903866]",
1086,"[3.764122,0.6631882,3.907495]",
1087,"[3.773772,0.6582784,3.912628]",
1088,"[3.777441,0.6563322,3.91458]",
1089,"[3.779241,0.6548689,3.915537]",
1090,"[3.782571,0.6524215,3.917309]",
1091,"[3.784048,0.6515604,3.918094]",
1092,"[3.78583,0.6506574,3.919042]",
1093,"[3.786352,0.650369,3.91932]",
1094,"[3.787824,0.6501463,3.920103]",
1095,"[3.788445,0.6500674,3.920456]",
1096,"[3.789238,0.6496764,3.920897]",
1097,"[3.790607,0.6485675,3.92163]",
1098,"[3.791291,0.6477782,3.921984]",
1099,"[3.791584,0.6464711,3.922107]",
1100,"[3.791814,0.6454231,3.922237]",
1101,"[3.791962,0.6424099,3.92222]",
1102,"[3.79295,0.6351588,3.922702]",
1103,"[3.794955,0.6245657,3.923602]",
1104,"[3.796148,0.6197461,3.924165]",
1105,"[3.797438,0.6149356,3.924737]",
1106,"[3.799631,0.6112807,3.925713]",
1107,"[3.801003,0.6088777,3.926318]",
1108,"[3.803961,0.6033189,3.927665]",
1109,"[3.804118,0.6014897,3.927596]",
1110,"[3.80467,0.5984617,3.927606]",
1111,"[3.805068,0.5973495,3.927652]",
1112,"[3.805546,0.5959319,3.927731]",
1113,"[3.806817,0.5933406,3.928061]",
1114,"[3.807624,0.5920206,3.928326]",
1115,"[3.809054,0.59082,3.928752]",
1116,"[3.809682,0.5907431,3.928939]",
1117,"[3.810844,0.5908882,3.929273]",
1118,"[3.811365,0.5910243,3.929438]",
1119,"[3.822659,0.6178697,3.935325]",
1120,"[3.83298,0.6413786,3.940629]",
1121,"[3.839749,0.6524634,3.944149]",
1122,"[3.848872,0.6645979,3.948846]",
1123,"[3.852691,0.6687398,3.950795]",
1124,"[3.858317,0.6712266,3.953678]",
1125,"[3.86042,0.6721089,3.954752]",
1126,"[3.865322,0.6736647,3.957289]",
1127,"[3.868317,0.6762823,3.958886]",
1128,"[3.870667,0.6786315,3.960136]",
1129,"[3.873854,0.6830146,3.961852]",
1130,"[3.87627,0.6860424,3.96321]",
1131,"[3.879003,0.6918384,3.964818]",
1132,"[3.88001,0.6925373,3.973304]",
1133,"[3.879394,0.6925373,3.986098]",
1134,"[3.878567,0.6925373,3.991769]",
1135,"[3.877121,0.6925373,3.996928]",
1136,"[3.871826,0.6925373,4.005243]",
1137,"[3.868006,0.6925373,4.009729]",
1138,"[3.861866,0.6925373,4.017872]",
1139,"[3.859967,0.6925373,4.020824]",
1140,"[3.85483,0.6925373,4.025187]",
1141,"[3.851287,0.6925373,4.026721]",
1142,"[3.823852,0.6282627,4.088681]",
1143,"[3.815497,0.6308949,4.088574]",
1144,"[3.801748,0.6342999,4.086903]",
1145,"[3.774061,0.6396939,4.084946]",
1146,"[3.732256,0.7130654,4.028427]",
1147,"[3.555877,0.7519917,3.960895]",
1148,"[3.501671,0.7130654,3.983509]",
1149,"[3.461187,0.7130654,3.965973]",
1150,"[3.442165,0.7130654,3.957376]",
1151,"[3.433304,0.7130654,3.936513]",
1152,"[3.4262,0.7130654,3.915193]",
1153,"[3.426799,0.7130654,3.907953]",
1154,"[3.425841,0.7130654,3.897493]",
1155,"[3.428215,0.7130654,3.897274]",
1156,"[3.426468,0.7130654,3.895535]",
1157,"[3.426672,0.7130654,3.899384]",
1158,"[3.418987,0.7130654,3.90543]",
1159,"[3.421565,0.7130654,3.915117]",
1160,"[3.421207,0.7130654,3.920785]",
1161,"[3.42309,0.7130654,3.925006]",
1162,"[3.421539,0.7130654,3.924269]",
1163,"[3.42224,0.7130654,3.908325]",
1164,"[3.421351,0.7130654,3.895868]",
1165,"[3.391823,0.6925373,3.841219]",
1166,"[3.383347,0.6925373,3.821408]",
1167,"[3.37396,0.6925373,3.806087]",
1168,"[2.875917,0.1000001,4.147685]",
1169,"[2.864487,0.1000001,4.143019]",
1170,"[2.814806,0.1,4.129383]",
1171,"[2.778944,0.1000001,4.118002]",
1172,"[2.695566,0.1,4.071481]",
1173,"[2.654439,0.1,4.03858]",
1174,"[2.403991,0.1,3.655898]",
1175,"[2.238827,0.0999999,3.306317]",
1176,"[2.212299,0.0999999,3.221956]",
1177,"[2.711694,0.5806857,2.833179]",
1178,"[2.707839,0.5806857,2.782379]",
1179,"[2.99632,0.7995849,2.614488]",
1180,"[3.005,0.8003472,2.570905]",
1181,"[3.005,0.7912854,2.522581]",
1182,"[3.005,0.7845337,2.506885]",
1183,"[3.005,0.7757134,2.478014]",
1184,"[3.005,0.7717948,2.473293]",
1185,"[3.005,0.7708066,2.480892]",
1186,"[3.005,0.7659938,2.47167]",
1187,"[3.005,0.7660584,2.478599]",
1188,"[3.005,0.7568141,2.469455]",
1189,"[3.005,0.7530717,2.472775]",
1190,"[3.005,0.7479886,2.467129]",
1191,"[3.005,0.7284724,2.401672]",
1192,"[2.807162,0.5806856,1.974233]",
1193,"[2.820821,0.5806856,1.802841]",
1194,"[2.835307,0.5806856,1.727613]",
1195,"[2.847875,0.5806856,1.665929]",
1196,"[2.847811,0.5806856,1.66588]",
1197,"[2.846905,0.5806856,1.674574]",
1198,"[2.848376,0.5806856,1.674551]",
1199,"[2.850361,0.5806856,1.70019]",
1200,"[2.8569,0.5806856,1.711885]",
1201,"[2.860696,0.5806856,1.755088]",
1202,"[2.863497,0.5806856,1.834482]",
1203,"[2.866088,0.5806856,1.862327]",
1204,"[2.836887,0.5806856,2.01085]",
1205,"[3.005,0.7303715,2.220374]",
1206,"[3.005,0.7515481,2.287426]",
1207,"[3.005,0.7636572,2.316807]",
1208,"[3.005,0.7713557,2.334206]",
1209,"[3.005,0.7926221,2.380916]",
1210,"[3.005,0.8001056,2.402145]",
1211,"[3.005,0.8085207,2.4271]",
1212,"[3.005,0.8118258,2.444636]",
1213,"[3.005,0.8158174,2.472863]",
1214,"[3.005,0.8160324,2.487548]",
1215,"[3.005,0.8165998,2.501471]",
1216,"[3.005,0.8213921,2.532532]",
1217,"[3.005,0.8264329,2.543724]",
1218,"[3.005,0.8345221,2.570633]",
1219,"[3.005,0.8397429,2.586693]",
1220,"[3.005,0.8472269,2.613339]",
1221,"[2.980656,0.833083,2.614488]",
1222,"[2.968244,0.8257126,2.614488]",
1223,"[2.955008,0.8167916,2.614488]",
1224,"[2.956345,0.8176266,2.614488]",
1225,"[2.969709,0.824613,2.614488]",
1226,"[2.969266,0.8234231,2.614488]",
1227,"[2.977788,0.820449,2.614488]",
1228,"[2.978764,0.8118065,2.614488]",
1229,"[2.998836,0.7909107,2.614488]",
1230,"[3.001459,0.7667804,2.614488]",
1231,"[3.005,0.7270185,2.603783]",
1232,"[3.005,0.5946311,2.547972]",
1233,"[3.042724,0.5806857,2.551408]",
1234,"[3.301603,0.5972301,2.517429]",
1235,"[3.301425,0.5599887,2.497745]",
1236,"[3.243531,0.3958344,2.385932]",
1237,"[3.253828,0.3968223,2.357518]",
1238,"[3.265448,0.3989087,2.313249]",
1239,"[3.02922,0.1,2.083719]",
1240,"[3.004202,0.1000001,2.033785]",
1241,"[2.969245,0.1,1.947586]",
1242,"[3.298968,0.5403807,2.226122]",
1243,"[3.298604,0.5828656,2.185891]",
1244,"[3.298411,0.5989343,2.164524]",
1245,"[3.254441,0.6002311,1.862215]",
1246,"[3.250712,0.6002311,1.805272]",
1247,"[3.229962,0.6002311,1.68144]",
1248,"[3.221772,0.6002311,1.574632]",
1249,"[3.222183,0.6002311,1.541546]",
1250,"[3.223867,0.6002311,1.486989]",
1251,"[3.221916,0.6002311,1.466884]",
1252,"[3.221871,0.6002311,1.460496]",
1253,"[3.222021,0.6002311,1.452694]",
1254,"[3.222604,0.6002311,1.454069]",
1255,"[3.218456,0.6002311,1.456343]",
1256,"[3.214604,0.6002311,1.456035]",
1257,"[3.209032,0.6002311,1.451631]",
1258,"[3.207777,0.6002311,1.448711]",
1259,"[3.205568,0.6002311,1.464525]",
1260,"[3.20752,0.6002311,1.47397]",
1261,"[3.219311,0.6002311,1.485253]",
1262,"[3.230162,0.6002311,1.486632]",
1263,"[3.243277,0.6002311,1.484047]",
1264,"[3.316969,0.6040053,1.429191]",
1265,"[3.531176,0.4443611,0.7419631]",
1266,"[3.593586,0.4389976,0.6598749]",
1267,"[3.623635,0.4378341,0.6206287]",
1268,"[3.680988,0.4394069,0.5464604]",
1269,"[3.706988,0.442966,0.5133933]",
1270,"[3.729117,0.4404812,0.4675433]",
1271,"[3.665386,0.2707769,0.09343076]",
1272,"[3.662604,0.2685659,0.08892584]",
1273,"[3.72531,0.4652186,0.4873052]",
1274,"[3.719808,0.4779076,0.5035667]",
1275,"[3.694567,0.5003951,0.53689]",
1276,"[3.683138,0.5098882,0.5517302]",
1277,"[3.682946,0.5754258,0.6918702]",
1278,"[3.677141,0.5766208,0.6950771]",
1279,"[3.671103,0.574203,0.6980476]",
1280,"[3.660368,0.5665555,0.7033361]",
1281,"[3.656429,0.5630352,0.7044785]",
1282,"[3.635388,0.5514244,0.7096146]",
1283,"[3.63091,0.5504282,0.7107396]",
1284,"[3.611386,0.5485287,0.7156971]",
1285,"[3.605967,0.5473809,0.7170597]",
1286,"[3.599419,0.5461591,0.7187099]",
1287,"[3.597517,0.5455415,0.7191833]",
1288,"[3.596187,0.5446191,0.7195039]",
1289,"[3.583821,0.626469,0.7244369]",
1290,"[3.581346,0.643822,0.7254454]",
1291,"[3.581598,0.6672293,0.7258861]",
1292,"[3.57838,0.6815349,0.7270188]",
1293,"[3.578613,0.7033366,0.7270463]",
1294,"[3.581591,0.7132914,0.7261697]",
1295,"[3.585956,0.7229378,0.7243478]",
1296,"[3.589731,0.7381331,0.7220712]",
1297,"[3.59206,0.7470779,0.7207109]",
1298,"[3.5937,0.7582738,0.7114531]",
1299,"[3.593927,0.762024,0.707912]",
1300,"[3.595067,0.7669966,0.7029619]",
1301,"[3.595389,0.7681277,0.7018168]",
1302,"[3.593413,0.7687289,0.7018609]",
1303,"[3.592714,0.7687104,0.70209]",
1304,"[3.59017,0.766672,0.7047498]",
1305,"[3.568971,0.7525362,0.7242755]",
1306,"[3.551697,0.7397426,0.7291888]",
1307,"[3.511658,0.7176825,0.7391098]",
1308,"[3.49021,0.7087299,0.7441317]",
1309,"[3.447517,0.6987723,0.7483631]",
1310,"[3.331301,0.5784652,0.5198225]",
1311,"[3.331301,0.6023613,0.5655501]",
1312,"[3.321942,0.6422759,0.6029561]",
1313,"[3.314314,0.6596277,0.6029561]",
1314,"[3.305097,0.6883131,0.6029561]",
1315,"[3.308017,0.6982517,0.6029561]",
1316,"[3.309717,0.7175377,0.6029561]",
1317,"[3.309252,0.7267704,0.6029561]",
1318,"[3.311087,0.7306615,0.6029561]",
1319,"[3.313737,0.7331751,0.6029561]",
1320,"[3.315192,0.7343153,0.6029561]",
1321,"[3.318142,0.7388389,0.6029561]",
1322,"[3.319634,0.7412078,0.6029561]",
1323,"[3.32285,0.748527,0.6029561]",
1324,"[3.324358,0.7520419,0.6029561]",
1325,"[3.325725,0.7547737,0.6029561]",
1326,"[3.331301,0.7578327,0.586018]",
1327,"[3.331301,0.7567396,0.5751423]",
1328,"[3.331301,0.7544962,0.5591537]",
1329,"[3.331301,0.7510368,0.551092]",
1330,"[3.331301,0.748116,0.5434765]",
1331,"[3.331301,0.7481346,0.5422699]",
1332,"[3.331301,0.7490619,0.5294403]",
1333,"[3.331301,0.7514471,0.5244178]",
1334,"[3.331301,0.7548488,0.5218489]",
1335,"[3.331301,0.7608436,0.5189123]",
1336,"[3.364184,0.7958872,0.5858913]",
1337,"[3.366236,0.7997094,0.5884658]",
1338,"[3.367402,0.8003417,0.5895775]",
1339,"[3.371677,0.8021241,0.5935315]",
1340,"[3.375215,0.8019665,0.5964317]",
1341,"[3.380097,0.8024088,0.6005846]",
1342,"[3.396909,0.807738,0.615752]",
1343,"[3.409209,0.8127801,0.6271095]",
1344,"[3.438756,0.8252792,0.6544803]",
1345,"[3.454744,0.8351698,0.6694596]",
1346,"[3.496263,0.8646133,0.7067263]",
1347,"[3.516649,0.8783695,0.7243708]",
1348,"[3.541902,0.8873619,0.7278224]",
1349,"[3.552233,0.8862752,0.7218158]",
1350,"[3.562013,0.8833462,0.7160113]",
1351,"[3.572819,0.8760234,0.7060021]",
1352,"[3.573005,0.8752995,0.7055486]",
1353,"[3.57366,0.8748949,0.7046307]",
1354,"[3.572703,0.876004,0.7061357]",
1355,"[3.571174,0.8774403,0.7084335]",
1356,"[3.570534,0.8779658,0.7093712]",
1357,"[3.570298,0.8786401,0.7098688]",
1358,"[3.570275,0.8803034,0.7104247]",
1359,"[3.570539,0.8813323,0.7104327]",
1360,"[3.571771,0.8838824,0.7097558]",
1361,"[3.662692,0.8392841,0.5807174]",
1362,"[3.615442,0.5682752,0.05000033]",
1363,"[3.634522,0.5664272,0.05000033]",
1364,"[3.64185,0.5597261,0.05000045]",
1365,"[3.644337,0.5567738,0.05000045]",
1366,"[3.646486,0.5539501,0.05000033]",
1367,"[3.648904,0.5511438,0.05000045]",
1368,"[3.649426,0.5506927,0.05000045]",
1369,"[3.649557,0.5503662,0.05000033]",
1370,"[3.649442,0.5500264,0.05000045]",
1371,"[3.636265,0.548478,0.05000033]",
1372,"[3.611918,0.8325752,0.6451183]",
1373,"[3.594899,0.8379651,0.6673328]",
1374,"[3.578264,0.8431704,0.6890275]",
1375,"[3.571953,0.8448279,0.697157]",
1376,"[3.567407,0.846221,0.7030761]",
1377,"[3.560735,0.8471417,0.7114078]",
1378,"[3.557401,0.8472766,0.7154669]",
1379,"[3.554596,0.8476129,0.7180589]",
1380,"[3.548889,0.8485427,0.7213978]",
1381,"[3.545931,0.8496697,0.7231685]",
1382,"[3.539016,0.8595047,0.727753]",
1383,"[3.535478,0.8638391,0.7300561]",
1384,"[3.533269,0.8660819,0.7296294]",
1385,"[3.529666,0.8668793,0.7284487]",
1386,"[3.528369,0.8656676,0.7279912]",
1387,"[3.526636,0.8624215,0.7273442]",
1388,"[3.526069,0.8597832,0.727098]",
1389,"[3.525273,0.8562325,0.726756]",
1390,"[3.523062,0.8486236,0.7256781]",
1391,"[3.520889,0.8440781,0.72329]",
1392,"[3.517572,0.8388205,0.7198893]",
1393,"[3.51593,0.8369742,0.7183157]",
1394,"[3.514814,0.8370631,0.7174429]",
1395,"[3.513501,0.8365359,0.7163227]",
1396,"[3.508863,0.8341627,0.7122937]",
1397,"[3.505508,0.8325639,0.7093958]",
1398,"[3.501753,0.8310292,0.7061898]",
1399,"[3.502856,0.8316601,0.7071575]",
1400,"[3.503095,0.831895,0.7073823]",
1401,"[3.503502,0.8345071,0.7080864]",
1402,"[3.503612,0.835365,0.7082984]",
1403,"[3.503731,0.8367205,0.7085903]",
1404,"[3.503185,0.8368501,0.7081754]",
1405,"[3.502775,0.8369291,0.7078618]",
1406,"[3.501335,0.8328674,0.7061257]",
1407,"[3.500601,0.8306146,0.7052148]",
1408,"[3.499326,0.8262246,0.7035621]",
1409,"[3.497703,0.8231629,0.7018267]",
1410,"[3.495027,0.8184481,0.6990141]",
1411,"[3.493763,0.8164652,0.6977214]",
1412,"[3.491092,0.8136833,0.6951941]",
1413,"[3.489581,0.8128198,0.6938213]",
1414,"[3.485612,0.8104622,0.6899899]",
1415,"[3.477616,0.8065341,0.6824579]",
1416,"[3.473385,0.804665,0.678521]",
1417,"[3.465657,0.8006825,0.6711993]",
1418,"[3.462648,0.7990959,0.6683403]",
1419,"[3.458933,0.7975278,0.6648993]",
1420,"[3.457644,0.7971885,0.6637529]",
1421,"[3.457478,0.7977864,0.6637509]",
1422,"[3.457978,0.799908,0.6646498]",
1423,"[3.458849,0.8016193,0.6657624]",
1424,"[3.462648,0.8070388,0.670151]",
1425,"[3.46523,0.810191,0.6730118]",
1426,"[3.473138,0.8194697,0.68169]",
1427,"[3.476912,0.8235381,0.6853693]",
1428,"[3.480753,0.8273402,0.6889741]",
1429,"[3.486205,0.8318804,0.693966]",
1430,"[3.488341,0.8334051,0.6958848]",
1431,"[3.491525,0.8316374,0.6981556]",
1432,"[3.493425,0.8309155,0.6995592]",
1433,"[3.49832,0.8300682,0.7033232]",
1434,"[3.499093,0.8296483,0.7038762]",
1435,"[3.500222,0.8291792,0.7047046]",
1436,"[3.500439,0.8290854,0.7048633]",
1437,"[3.500099,0.8270742,0.7042994]",
1438,"[3.500844,0.8237681,0.7044091]",
1439,"[3.500878,0.8169992,0.7034492]",
1440,"[3.498708,0.8031225,0.6991853]",
1441,"[3.496024,0.7946646,0.69503]",
1442,"[3.483724,0.7701109,0.6768587]",
1443,"[3.486353,0.7701109,0.6863785]",
1444,"[3.486628,0.7701109,0.689136]",
1445,"[3.488123,0.7701109,0.6972917]",
1446,"[3.48941,0.7701108,0.7025653]",
1447,"[3.492488,0.7701109,0.7163374]",
1448,"[3.492727,0.7701109,0.7183169]",
1449,"[3.493301,0.7701109,0.7227765]",
1450,"[3.493246,0.7701109,0.7243819]",
1451,"[3.492844,0.7701109,0.7251149]",
1452,"[3.491001,0.7701108,0.7243329]",
1453,"[3.488702,0.7701108,0.7217791]",
1454,"[3.48168,0.7701108,0.7139419]",
1455,"[3.47752,0.7701108,0.7096796]",
1456,"[3.462568,0.7701109,0.6961902]",
1457,"[3.455421,0.7701109,0.6901585]",
1458,"[3.448302,0.7701109,0.6835831]",
1459,"[3.446925,0.770111,0.6818432]",
1460,"[3.445545,0.770111,0.6804012]",
1461,"[3.442805,0.770111,0.6778511]",
1462,"[3.441157,0.770111,0.6766856]",
1463,"[3.439277,0.770111,0.6721891]",
1464,"[3.438835,0.770111,0.6703137]",
1465,"[3.438007,0.770111,0.6657758]",
1466,"[3.437664,0.770111,0.6635107]",
1467,"[3.437999,0.770111,0.6631687]",
1468,"[3.439703,0.770111,0.6631308]",
1469,"[3.440863,0.770111,0.6633793]",
1470,"[3.444623,0.770111,0.6646324]",
1471,"[3.447184,0.770111,0.6658235]",
1472,"[3.455302,0.770111,0.6738926]",
1473,"[3.458822,0.770111,0.6779634]",
1474,"[3.465277,0.770111,0.6863252]",
1475,"[3.468353,0.770111,0.6885659]",
1476,"[3.470517,0.770111,0.6901538]",
1477,"[3.475873,0.770111,0.6876359]",
1478,"[3.477819,0.770111,0.6866531]",
1479,"[3.480597,0.770111,0.6842227]",
1480,"[3.48136,0.770111,0.6825627]",
1481,"[3.481298,0.770111,0.6783582]",
1482,"[3.481137,0.770111,0.6769826]",
1483,"[3.480999,0.770111,0.6756636]",
1484,"[3.481399,0.7701111,0.6725191]",
1485,"[3.482722,0.770111,0.6737269]",
1486,"[3.484853,0.770111,0.6755224]",
1487,"[3.500948,0.7701109,0.6981101]",
1488,"[3.518364,0.7696383,0.7238109]",
1489,"[3.521449,0.7653664,0.7268288]",
1490,"[3.525864,0.7594174,0.730996]",
1491,"[3.527412,0.756908,0.7320833]",
1492,"[3.528687,0.7528885,0.7322501]",
1493,"[3.531855,0.7444414,0.7325072]",
1494,"[3.53368,0.7404544,0.7325655]",
1495,"[3.537147,0.7355246,0.7324057]",
1496,"[3.538785,0.7345219,0.7321946]",
1497,"[3.539795,0.7336482,0.7320904]",
1498,"[3.540549,0.7323688,0.7320771]",
1499,"[3.540703,0.7311956,0.7321674]",
1500,"[3.541646,0.7274039,0.7323747]",
1501,"[3.541976,0.72546,0.7325102]",
1502,"[3.542466,0.7236958,0.7325968]",
1503,"[3.542712,0.7234911,0.7325707]",
1504,"[3.542933,0.7230371,0.7325748]",
1505,"[3.541676,0.7211292,0.7330104]",
1506,"[3.54057,0.7186756,0.7334731]",
1507,"[3.539253,0.7093245,0.7346812]",
1508,"[3.538589,0.7064685,0.7351003]",
1509,"[3.536983,0.7014669,0.7359193]",
1510,"[3.533902,0.7017476,0.7364802]",
1511,"[3.527399,0.7011321,0.7377882]",
1512,"[3.523719,0.7006879,0.7385383]",
1513,"[3.518102,0.6997696,0.7397078]",
1514,"[3.516145,0.6991221,0.7401486]",
1515,"[3.500049,0.6661604,0.7052531]",
1516,"[3.432711,0.522711,0.5515145]",
1517,"[3.431296,0.5227112,0.5591798]",
1518,"[3.432922,0.5227112,0.5833951]",
1519,"[3.435826,0.5227112,0.5991104]",
1520,"[3.439604,0.5227112,0.6177506]",
1521,"[3.448686,0.5227112,0.6358777]",
1522,"[3.450523,0.5227112,0.6359608]",
1523,"[3.450747,0.5227112,0.6309726]",
1524,"[3.449132,0.5227112,0.6261927]",
1525,"[3.445313,0.522711,0.6187069]",
1526,"[3.443398,0.522711,0.6158258]",
1527,"[3.441344,0.522711,0.6131254]",
1528,"[3.44076,0.5227112,0.6125537]",
1529,"[3.440594,0.5227112,0.6089545]",
1530,"[3.443901,0.5227112,0.5996436]",
1531,"[3.446347,0.522711,0.5924324]",
1532,"[3.453742,0.5227112,0.5787957]",
1533,"[3.457306,0.5227112,0.5746856]",
1534,"[3.474155,0.522711,0.5823953]",
1535,"[3.478781,0.5227112,0.5896623]",
1536,"[3.484313,0.522711,0.5980537]",
1537,"[3.486349,0.522711,0.6011064]",
1538,"[3.48801,0.5227112,0.6036416]",
1539,"[3.490324,0.522711,0.607393]",
1540,"[3.491406,0.5227112,0.6087394]",
1541,"[3.493809,0.522711,0.6111789]",
1542,"[3.49519,0.5227112,0.6133497]",
1543,"[3.498339,0.5227112,0.6199923]",
1544,"[3.500139,0.5227112,0.6240131]",
1545,"[3.524273,0.5227112,0.6834198]",
1546,"[3.535996,0.5227112,0.7109744]",
1547,"[3.543314,0.5227112,0.7301868]",
1548,"[3.543139,0.4994129,0.7335238]",
1549,"[3.542297,0.4892977,0.7346166]",
1550,"[3.540866,0.4752322,0.7354056]",
1551,"[3.540149,0.4696687,0.735251]",
1552,"[3.539664,0.4598809,0.7339702]",
1553,"[3.539552,0.4560962,0.7333766]",
1554,"[3.539376,0.4533336,0.733067]",
1555,"[3.539565,0.4497543,0.7321227]",
1556,"[3.539713,0.4461975,0.7312357]",
1557,"[3.539929,0.4367478,0.7291114]",
1558,"[3.539936,0.432556,0.7282835]",
1559,"[3.539748,0.426928,0.7274292]",
1560,"[3.539161,0.4261271,0.7280353]",
1561,"[3.538539,0.4261149,0.728841]",
1562,"[3.536016,0.4318115,0.7332281]",
1563,"[3.534138,0.4373296,0.7367443]",
1564,"[3.528743,0.4512404,0.7464654]",
1565,"[3.525864,0.4557515,0.7510844]",
1566,"[3.52339,0.4581339,0.7547613]",
1567,"[3.520387,0.4516242,0.7573907]",
1568,"[3.518767,0.4381737,0.7568688]",
1569,"[3.516471,0.3911014,0.7506627]",
1570,"[3.513756,0.3613761,0.7412593]",
1571,"[3.518674,0.3464839,0.7390935]",
1572,"[3.519226,0.3454293,0.7381713]",
1573,"[3.521057,0.3482113,0.7363364]",
1574,"[3.522079,0.3514004,0.7356322]",
1575,"[3.521839,0.366052,0.7388031]",
1576,"[3.520835,0.3767446,0.7421939]",
1577,"[3.522599,0.3920774,0.7428957]",
1578,"[3.525223,0.4187153,0.7446877]",
1579,"[3.526808,0.4341541,0.7456428]",
1580,"[3.528999,0.4600786,0.7478575]",
1581,"[3.529668,0.4711207,0.749144]",
1582,"[3.528895,0.4872204,0.7520205]",
1583,"[3.528284,0.4959225,0.7528129]",
1584,"[3.527803,0.4966722,0.7534377]",
1585,"[3.527507,0.495458,0.7538218]",
1586,"[3.527218,0.4948862,0.7541975]",
1587,"[3.524114,0.4940925,0.758228]",
1588,"[3.521546,0.4927323,0.7615631]",
1589,"[3.519077,0.4888911,0.764769]",
1590,"[3.518148,0.4877512,0.7659745]",
1591,"[3.516356,0.4859386,0.7683029]",
1592,"[3.517095,0.473146,0.7658661]",
1593,"[3.515644,0.4704843,0.7672312]",
1594,"[3.515019,0.4679698,0.7675513]",
1595,"[3.515395,0.454597,0.7644528]",
1596,"[3.514535,0.4537047,0.7653955]",
1597,"[3.515203,0.4530861,0.7644069]",
1598,"[3.517838,0.4529632,0.7609615]",
1599,"[3.51958,0.4525726,0.7586238]",
1600,"[3.524419,0.4517313,0.7521762]",
1601,"[3.527248,0.4508082,0.7483219]",
1602,"[3.530506,0.4489174,0.7437221]",
1603,"[3.535893,0.4426462,0.7355026]",
1604,"[3.539324,0.4399616,0.7305233]",
1605,"[3.545507,0.4322818,0.7209955]",
1606,"[3.548552,0.4212999,0.7148989]",
1607,"[3.576496,0.4701855,0.7656426]",
1608,"[3.631497,0.5688074,0.8796437]",
1609,"[3.668815,0.6332714,0.9561303]",
1610,"[3.687231,0.6604203,0.9910882]",
1611,"[3.689073,0.6548552,0.9901438]",
1612,"[3.691292,0.6482641,0.9892226]",
1613,"[3.693537,0.6396479,0.9872179]",
1614,"[3.698838,0.6131755,0.9890012]",
1615,"[3.700009,0.6020323,0.989768]",
1616,"[3.701232,0.5918681,0.9902074]",
1617,"[3.703413,0.5754468,0.989903]",
1618,"[3.704863,0.5675963,0.9894434]",
1619,"[3.70664,0.5599656,0.9861737]",
1620,"[3.707156,0.5553277,0.9837744]",
1621,"[3.709054,0.5419957,0.9750171]",
1622,"[3.592419,0.2545431,0.6945105]",
1623,"[3.60191,0.2526474,0.6954096]",
1624,"[3.606707,0.2504182,0.6960302]",
1625,"[3.611191,0.2478427,0.6966746]",
1626,"[3.611585,0.2434862,0.6972711]",
1627,"[3.610369,0.2410823,0.6975019]",
1628,"[3.608471,0.2356323,0.6980841]",
1629,"[3.607519,0.2346767,0.6981437]",
1630,"[3.605072,0.23264,0.6982421]",
1631,"[3.603969,0.231647,0.6982962]",
1632,"[3.60348,0.2308334,0.6983689]",
1633,"[3.603466,0.2297177,0.6985137]",
1634,"[3.602681,0.2312614,0.6982582]",
1635,"[3.602726,0.2367162,0.6975482]",
1636,"[3.603283,0.239651,0.6972029]",
1637,"[3.605731,0.2495277,0.6960797]",
1638,"[3.607896,0.2565908,0.695305]",
1639,"[3.611887,0.2680326,0.6940831]",
1640,"[3.613309,0.2764904,0.6930751]",
1641,"[3.614933,0.2848383,0.6916833]",
1642,"[3.617929,0.2949017,0.6860363]",
1643,"[3.618736,0.2949017,0.6806306]",
1644,"[3.612866,0.2949017,0.6629511]",
1645,"[3.610261,0.2949017,0.6546737]",
1646,"[3.618998,0.2949017,0.6570423]",
1647,"[3.641001,0.2949017,0.6838907]",
1648,"[3.654905,0.2811061,0.6953259]",
1649,"[3.658091,0.2747105,0.6963809]",
1650,"[3.659912,0.2719975,0.6968603]",
1651,"[3.65944,0.2701829,0.6970652]",
1652,"[3.659341,0.269926,0.6970919]",
1653,"[3.658557,0.2762915,0.6962061]",
1654,"[3.659217,0.2783557,0.6959815]",
1655,"[3.661385,0.2837566,0.6954243]",
1656,"[3.663388,0.2868634,0.6951557]",
1657,"[3.666483,0.2925996,0.6946182]",
1658,"[3.669135,0.2949016,0.6770457]",
1659,"[3.65717,0.2949016,0.615164]",
1660,"[3.695416,0.2747051,0.4777312]",
1661,"[3.698063,0.1967995,0.3615262]",
1662,"[3.689012,0.1,0.2362478]",
1663,"[3.688915,0.1,0.2358488]",
1664,"[3.748724,0.1,0.304194]",
1665,"[3.778897,0.1,0.3797551]",
1666,"[3.781706,0.1,0.405485]",
1667,"[3.787032,0.1,0.4308948]",
1668,"[3.791575,0.1,0.439289]",
1669,"[3.797156,0.1,0.4467584]",
1670,"[3.846093,0.3929326,0.6911662]",
1671,"[3.850247,0.392297,0.6911662]",
1672,"[3.903382,0.6238535,0.8599696]",
1673,"[3.926868,0.6445625,0.8599696]",
1674,"[4.122413,0.8144361,0.8276887]",
1675,"[4.156726,0.7600897,0.752606]",
1676,"[4.452288,0.8295541,0.724542]",
1677,"[4.468371,0.8295541,0.7311347]",
1678,"[4.49652,0.8295541,0.746648]",
1679,"[4.485913,0.8295541,0.7539957]",
1680,"[4.476776,0.8295541,0.7635717]",
1681,"[4.405645,0.8292658,0.7996454]",
1682,"[4.393802,0.8192244,0.7996454]",
1683,"[4.385281,0.8022438,0.7996454]",
1684,"[4.377389,0.7928583,0.7996454]",
1685,"[4.357562,0.7679082,0.7996454]",
1686,"[4.348183,0.7543116,0.7996454]",
1687,"[4.266788,0.7429966,0.8599696]",
1688,"[4.246382,0.7188501,0.8599696]",
1689,"[4.211319,0.4579883,0.7930076]",
1690,"[4.13381,0.5514361,0.9234143]",
1691,"[4.113573,0.5514361,0.9352176]",
1692,"[4.092729,0.5514361,0.9410021]",
1693,"[4.084773,0.5514361,0.9418184]",
1694,"[4.072549,0.5514361,0.9399566]",
1695,"[4.066927,0.5514361,0.9403511]",
1696,"[4.062885,0.5514361,0.9399416]",
1697,"[4.054952,0.5514361,0.9381317]",
1698,"[4.05059,0.5514361,0.9365997]",
1699,"[4.044179,0.5514361,0.9343634]",
1700,"[4.040753,0.5514361,0.9330528]",
1701,"[4.039797,0.5514361,0.9339546]",
1702,"[4.039353,0.5514361,0.9342487]",
1703,"[4.037542,0.5514361,0.934306]",
1704,"[4.036194,0.5514361,0.9339237]",
1705,"[4.0346,0.5514361,0.9331517]",
1706,"[4.033677,0.5514361,0.9301342]",
1707,"[4.033532,0.5514361,0.9296515]",
1708,"[4.032876,0.5514361,0.9286957]",
1709,"[4.032548,0.5514361,0.9285489]",
1710,"[4.031574,0.5514361,0.9280882]",
1711,"[4.030991,0.5514361,0.9276437]",
1712,"[4.030323,0.5514361,0.9268255]",
1713,"[4.021986,0.6032728,0.8599696]",
1714,"[4.032197,0.626617,0.8599696]",
1715,"[4.068615,0.4579883,0.7983856]",
1716,"[4.064122,0.5514361,0.9085931]",
1717,"[4.066158,0.5511944,0.9487157]",
1718,"[4.0681,0.5282198,0.9487157]",
1719,"[4.068793,0.5012658,0.9487157]",
1720,"[4.068182,0.4548395,0.9487157]",
1721,"[4.066617,0.4323759,0.9487157]",
1722,"[4.062968,0.4092678,0.9487157]",
1723,"[4.061089,0.4045853,0.9487157]",
1724,"[4.057882,0.4047151,0.9487157]",
1725,"[4.056175,0.4061724,0.9487157]",
1726,"[4.051234,0.4205709,0.9487157]",
1727,"[4.049212,0.4294808,0.9487157]",
1728,"[4.047567,0.4387472,0.9487157]",
1729,"[4.045427,0.4565624,0.9487157]",
1730,"[4.044978,0.4663931,0.9487157]",
1731,"[4.047357,0.4948837,0.9487157]",
1732,"[4.049001,0.5172571,0.9487157]",
1733,"[4.051166,0.543242,0.9487157]",
1734,"[4.052821,0.5493484,0.9487157]",
1735,"[4.054463,0.5514361,0.9465548]",
1736,"[4.051632,0.5514361,0.9484993]",
1737,"[4.050885,0.5511249,0.9487157]",
1738,"[4.049971,0.5436457,0.9477334]",
1739,"[4.049551,0.5380872,0.9473405]",
1740,"[4.048293,0.53086,0.9503942]",
1741,"[4.047296,0.5289215,0.9537492]",
1742,"[4.0446,0.5259482,0.96211]",
1743,"[4.042707,0.5371116,0.9711881]",
1744,"[4.040844,0.5457605,0.9792323]",
1745,"[4.036954,0.5514361,0.9895745]",
1746,"[4.036154,0.5514361,0.9925284]",
1747,"[4.036931,0.5514361,0.9957893]",
1748,"[4.037494,0.4579883,0.9458542]",
1749,"[4.037641,0.4579882,0.9458303]",
1750,"[4.037855,0.4579883,0.9457656]",
1751,"[4.038049,0.4579883,0.9432734]",
1752,"[4.038499,0.4579883,0.9401945]",
1753,"[4.038763,0.4579882,0.9392568]",
1754,"[4.039344,0.4579883,0.938301]",
1755,"[4.040248,0.4579882,0.9364042]",
1756,"[4.044416,0.4579882,0.9423038]",
1757,"[4.046658,0.4597196,0.9465832]",
1758,"[4.049616,0.462734,0.9537205]",
1759,"[4.050704,0.4629376,0.9564303]",
1760,"[4.051606,0.4649214,0.9598518]",
1761,"[4.053367,0.4579883,0.9607035]",
1762,"[4.05409,0.4579883,0.9631701]",
1763,"[4.055125,0.4579883,0.9675782]",
1764,"[4.055712,0.4579883,0.9701399]",
1765,"[4.056781,0.4579883,0.9757125]",
1766,"[4.057237,0.4579882,0.9786972]",
1767,"[4.057412,0.4579883,0.9800229]",
1768,"[4.057543,0.4579883,0.982517]",
1769,"[4.056879,0.4579883,0.9841384]",
1770,"[4.055625,0.4579883,0.9865904]",
1771,"[4.054927,0.4579883,0.9876506]",
1772,"[4.05444,0.4579883,0.9885617]",
1773,"[4.054684,0.4579883,0.98904]",
1774,"[4.054829,0.4579883,0.989448]",
1775,"[4.054823,0.4579883,0.9899886]",
1776,"[4.05469,0.4579883,0.990014]",
1777,"[4.054321,0.4579883,0.9896367]",
1778,"[4.054056,0.4579883,0.9892886]",
1779,"[4.053857,0.4579882,0.988372]",
1780,"[4.05389,0.4579883,0.9878713]",
1781,"[4.053918,0.4579883,0.9871389]",
1782,"[4.053942,0.4579882,0.9867583]",
1783,"[4.053411,0.4881129,1.000405]",
1784,"[4.059246,0.1413696,0.8378823]",
1785,"[4.059038,0.1429073,0.8378823]",
1786,"[4.058907,0.143975,0.8378823]",
1787,"[4.058901,0.1438377,0.8378823]",
1788,"[4.058176,0.1444481,0.8378823]",
1789,"[4.057735,0.1446368,0.8378823]",
1790,"[4.057043,0.1449893,0.8378823]",
1791,"[4.057007,0.145012,0.8378823]",
1792,"[4.057099,0.1446783,0.8378823]",
1793,"[4.057225,0.1442978,0.8378823]",
1794,"[4.05725,0.1442748,0.8378823]",
1795,"[4.057308,0.144176,0.8378823]",
1796,"[4.057347,0.1441229,0.8378823]",
1797,"[4.056777,0.1455731,0.8378823]",
1798,"[4.056972,0.1460424,0.8378823]",
1799,"[4.057184,0.1467741,0.8378823]",
1800,"[4.057722,0.1489724,0.8378823]",
1801,"[4.058271,0.149899,0.8378823]",
1802,"[4.059429,0.1515392,0.8378823]",
1803,"[4.060026,0.1523978,0.8378823]",
1804,"[4.06054,0.1531111,0.8378823]",
1805,"[4.060511,0.1541785,0.8378823]",
1806,"[4.060528,0.156078,0.8378823]",
1807,"[4.060728,0.1622276,0.8378823]",
1808,"[4.061018,0.1671483,0.8378823]",
1809,"[4.061772,0.1786267,0.8378823]",
1810,"[4.068647,0.1984503,0.8378823]",
1811,"[4.076396,0.2244218,0.8378823]",
1812,"[4.079257,0.2406741,0.8378823]",
1813,"[4.083008,0.2663511,0.8378823]",
1814,"[4.08302,0.2759448,0.8378823]",
1815,"[4.083147,0.2815804,0.8378823]",
1816,"[4.052596,0.7527027,1.083216]",
1817,"[4.053596,0.7440729,1.077004]",
1818,"[4.099586,0.4864038,0.8824723]",
1819,"[4.107805,0.5256815,0.8824723]",
1820,"[4.12788,0.5316007,0.8287547]",
1821,"[4.125169,0.6145872,0.8599696]",
1822,"[4.126874,0.6409798,0.8599696]",
1823,"[4.126467,0.6729118,0.8599696]",
1824,"[4.125509,0.6841145,0.8599696]",
1825,"[4.122634,0.7003646,0.8599696]",
1826,"[4.120311,0.7086004,0.8599696]",
1827,"[4.118825,0.7123138,0.8599696]",
1828,"[4.117168,0.7222625,0.8599696]",
1829,"[4.116472,0.7246107,0.8599696]",
1830,"[4.116609,0.7337616,0.8599696]",
1831,"[4.119127,0.7427849,0.8599696]",
1832,"[4.14478,0.790782,0.8599696]",
1833,"[4.154876,0.8079579,0.8599696]",
1834,"[4.178688,0.8144361,0.8415484]",
1835,"[4.189962,0.8144361,0.8377773]",
1836,"[4.200463,0.8927749,0.9003422]",
1837,"[4.205347,0.9002123,0.9042301]",
1838,"[4.218273,0.8973755,0.8947682]",
1839,"[4.268971,0.8112459,0.7996454]",
1840,"[4.287358,0.8220024,0.7996454]",
1841,"[4.348312,0.8295541,0.7765306]",
1842,"[4.440576,0.8295541,0.7481521]",
1843,"[4.640765,0.9606419,0.7994994]",
1844,"[4.487092,1.141744,1.031491]",
1845,"[4.444235,1.237177,1.168248]",
1846,"[4.428994,1.266728,1.216885]",
1847,"[4.397362,1.293692,1.317822]",
1848,"[4.38018,1.312017,1.372649]",
1849,"[4.373014,1.320931,1.395515]",
1850,"[4.362972,1.334709,1.427559]",
1851,"[4.371492,1.333803,1.435466]",
1852,"[4.386512,1.3253,1.440173]",
1853,"[4.400229,1.319051,1.444471]",
1854,"[4.399107,1.318482,1.44412]",
1855,"[4.402156,1.310217,1.445075]",
1856,"[4.407329,1.302579,1.446696]",
1857,"[4.424398,1.282198,1.452046]",
1858,"[4.437303,1.269052,1.45609]",
1859,"[4.471688,1.234974,1.466865]",
1860,"[4.740625,1.065988,1.43771]",
1861,"[4.740625,1.069716,1.480102]",
1862,"[4.740625,1.068894,1.493794]",
1863,"[4.740625,1.06664,1.506748]",
1864,"[4.740625,1.054152,1.510598]",
1865,"[4.740625,1.0364,1.504466]",
1866,"[4.740625,1.007448,1.504166]",
1867,"[4.740625,0.9845111,1.494357]",
1868,"[4.740625,0.954452,1.492306]",
1869,"[4.740625,0.9386203,1.494598]",
1870,"[4.740625,0.92397,1.497808]",
1871,"[4.740625,0.8762656,1.507412]",
1872,"[4.740625,0.8664858,1.512455]",
1873,"[4.745454,0.85623,1.518633]",
1874,"[4.756251,0.8465288,1.518633]",
1875,"[4.752414,0.8649384,1.518633]",
1876,"[4.749318,0.8787196,1.518633]",
1877,"[4.740625,0.8985775,1.517103]",
1878,"[4.740625,0.9036871,1.516294]",
1879,"[4.740625,0.9095109,1.514226]",
1880,"[4.740625,0.918946,1.509525]",
1881,"[4.740625,0.9233441,1.507003]",
1882,"[4.740625,0.9321431,1.505007]",
1883,"[4.740625,0.938238,1.508752]",
1884,"[4.740625,0.9394053,1.507441]",
1885,"[4.740625,0.9398562,1.506987]",
1886,"[4.740625,0.9402182,1.506573]",
1887,"[4.740625,0.9409413,1.50485]",
1888,"[4.740625,0.9411322,1.503572]",
1889,"[4.740625,0.9405281,1.500314]",
1890,"[4.740625,0.938372,1.494707]",
1891,"[4.740625,0.9350199,1.485752]",
1892,"[4.740625,0.93279,1.481678]",
1893,"[4.740625,0.9312455,1.478012]",
1894,"[4.740625,0.9321021,1.471369]",
1895,"[4.740625,0.9332222,1.467516]",
1896,"[4.740625,0.9380896,1.460617]",
1897,"[4.740625,0.9598209,1.470316]",
1898,"[4.740625,0.9838028,1.48077]",
1899,"[4.740625,0.9903159,1.481072]",
1900,"[4.740625,0.9955312,1.500443]",
1901,"[4.740625,0.9957615,1.515021]",
1902,"[4.762056,0.9602636,1.518633]",
1903,"[4.782805,0.9171964,1.518633]",
1904,"[4.78012,0.9036123,1.518633]",
1905,"[4.771083,0.8876981,1.518633]",
1906,"[4.765623,0.8825131,1.518633]",
1907,"[4.755716,0.8713353,1.518633]",
1908,"[4.751306,0.8649456,1.518633]",
1909,"[4.741448,0.8597901,1.518633]",
1910,"[4.740625,0.8349825,1.50749]",
1911,"[4.740625,0.82589,1.503876]",
1912,"[4.740625,0.8156503,1.501566]",
1913,"[4.740625,0.8128487,1.501984]",
1914,"[4.752445,0.8160092,1.518633]",
1915,"[4.765455,0.8064436,1.518633]",
1916,"[4.84199,0.7211419,1.469096]",
1917,"[4.84282,0.7206085,1.471865]",
1918,"[4.843792,0.7205955,1.475067]",
1919,"[4.844361,0.7226807,1.476794]",
1920,"[4.844921,0.7245405,1.47851]",
1921,"[4.844077,0.7262479,1.475609]",
1922,"[4.843805,0.7284082,1.474564]",
1923,"[4.843535,0.73438,1.473257]",
1924,"[4.80004,0.7951528,1.518633]",
1925,"[4.799746,0.7974235,1.518633]",
1926,"[4.800038,0.8003874,1.518633]",
1927,"[4.800073,0.8006202,1.518633]",
1928,"[4.805206,0.7996308,1.518633]",
1929,"[4.805141,0.7998376,1.518633]",
1930,"[4.804483,0.8004558,1.518633]",
1931,"[4.804042,0.8007567,1.518633]",
1932,"[4.803771,0.8009352,1.518633]",
1933,"[4.803622,0.8010607,1.518633]",
1934,"[4.803622,0.8010607,1.518633]",
1935,"[4.807029,0.8016869,1.518633]",
1936,"[4.810128,0.8025997,1.518633]",
1937,"[4.810347,0.8022259,1.518633]",
1938,"[4.810627,0.8016612,1.518633]",
1939,"[4.811926,0.798773,1.518633]",
1940,"[4.812538,0.7972475,1.518633]",
1941,"[4.813396,0.7957478,1.518633]",
1942,"[4.846937,0.7450792,1.483709]",
1943,"[4.848177,0.7457206,1.487749]",
1944,"[4.86266,0.7874001,1.572639]",
1945,"[4.871904,0.7874001,1.581727]",
1946,"[4.880757,0.7874001,1.593532]",
1947,"[4.881731,0.7874001,1.594694]",
1948,"[4.882744,0.7874001,1.595538]",
1949,"[4.886295,0.7874001,1.593525]",
1950,"[4.891873,0.7874001,1.588931]",
1951,"[4.894715,0.7874001,1.586444]",
1952,"[4.897672,0.7874001,1.58303]",
1953,"[4.907088,0.7829802,1.573398]",
1954,"[4.907828,0.7857811,1.57297]",
1955,"[4.909756,0.7911638,1.57205]",
1956,"[4.911055,0.7936767,1.571545]",
1957,"[4.91101,0.793709,1.57155]",
1958,"[4.91085,0.7936993,1.571582]",
1959,"[4.910651,0.7933058,1.57166]",
1960,"[4.909618,0.7884915,1.57235]",
1961,"[4.852932,0.8706606,1.626541]",
1962,"[4.764728,1.003857,1.711586]",
1963,"[4.767663,0.9990765,1.708924]",
1964,"[4.771202,0.9991227,1.708104]",
1965,"[4.777198,0.9979243,1.706087]",
1966,"[4.780424,0.9983853,1.705639]",
1967,"[4.786252,0.9989197,1.705433]",
1968,"[4.789086,0.9991773,1.705675]",
1969,"[4.79458,1.000156,1.705452]",
1970,"[4.797414,1.000772,1.705535]",
1971,"[4.799987,1.001198,1.705478]",
1972,"[4.802604,1.000712,1.705293]",
1973,"[4.803073,0.9996469,1.704902]",
1974,"[4.944305,0.7708177,1.567516]",
1975,"[4.942666,0.7708198,1.567829]",
1976,"[4.933897,0.7745205,1.56913]",
1977,"[4.930611,0.7747968,1.569731]",
1978,"[4.924427,0.777084,1.570681]",
1979,"[4.919569,0.7819014,1.571118]",
1980,"[4.899771,0.8033137,1.57272]",
1981,"[4.89006,0.8144146,1.573444]",
1982,"[4.878192,0.825111,1.538573]",
1983,"[4.874831,0.825111,1.511574]",
1984,"[4.874231,0.825111,1.504132]",
1985,"[4.873422,0.825111,1.495459]",
1986,"[4.872839,0.825111,1.492805]",
1987,"[4.871593,0.825111,1.490808]",
1988,"[4.871046,0.825111,1.490645]",
1989,"[4.869762,0.825111,1.490005]",
1990,"[4.868678,0.825111,1.488925]",
1991,"[4.868665,0.825111,1.488564]",
1992,"[4.851664,0.8643555,1.518632]",
1993,"[4.854394,0.8640918,1.518632]",
1994,"[4.860122,0.8642898,1.518632]",
1995,"[4.862492,0.8643402,1.518632]",
1996,"[4.864818,0.8640558,1.518632]",
1997,"[4.870238,0.8627554,1.518632]",
1998,"[4.873013,0.861858,1.518632]",
1999,"[4.875803,0.8603697,1.518632]",
2000,"[4.878529,0.8587256,1.518632]",
2001,"[4.884352,0.8508744,1.518632]",
2002,"[4.901059,0.825111,1.522237]",
2003,"[4.905475,0.825111,1.547413]",
2004,"[4.908292,0.825111,1.558306]",
2005,"[4.911051,0.8239721,1.565492]",
2006,"[4.921428,0.8107131,1.567817]",
2007,"[4.924464,0.8079655,1.567516]",
2008,"[4.929905,0.8029041,1.566992]",
2009,"[4.929379,0.8028719,1.567096]",
2010,"[4.928008,0.803203,1.567325]",
2011,"[4.927176,0.8035674,1.567447]",
2012,"[4.926491,0.8038195,1.567552]",
2013,"[4.846463,0.9720074,1.681587]",
2014,"[4.78899,1.093947,1.764685]",
2015,"[4.791507,1.088002,1.760172]",
2016,"[4.79223,1.086458,1.758334]",
2017,"[4.793322,1.084136,1.755228]",
2018,"[4.794037,1.082549,1.753607]",
2019,"[4.794324,1.082019,1.752874]",
2020,"[4.79473,1.081079,1.751721]",
2021,"[4.794861,1.080669,1.751279]",
2022,"[4.794915,1.080035,1.750527]",
2023,"[4.794868,1.079732,1.75017]",
2024,"[4.794941,1.079253,1.749255]",
2025,"[4.795022,1.078834,1.748773]",
2026,"[4.79563,1.077872,1.747765]",
2027,"[4.79766,1.077158,1.748302]",
2028,"[4.993536,0.5773456,1.373995]",
2029,"[4.993361,0.5773456,1.374341]",
2030,"[4.993044,0.5773456,1.374905]",
2031,"[4.993268,0.5773456,1.375184]",
2032,"[4.99379,0.5773456,1.374992]",
2033,"[4.994275,0.5773456,1.375409]",
2034,"[4.995027,0.5773456,1.375717]",
2035,"[4.99568,0.5773456,1.376079]",
2036,"[4.997914,0.5773456,1.375396]",
2037,"[4.998877,0.5773456,1.375067]",
2038,"[5.000212,0.5773456,1.374202]",
2039,"[5.000926,0.5773456,1.372712]",
2040,"[5.003623,0.5773456,1.367423]",
2041,"[5.005606,0.5773456,1.363547]",
2042,"[5.008913,0.5773456,1.354683]",
2043,"[5.010532,0.5773456,1.349576]",
2044,"[4.928106,0.7951939,1.518632]",
2045,"[4.929886,0.8021793,1.518632]",
2046,"[4.930498,0.8028248,1.518632]",
2047,"[4.933517,0.8062992,1.518632]",
2048,"[4.936084,0.8076796,1.518632]",
2049,"[4.947908,0.8112254,1.518632]",
2050,"[4.959284,0.8124977,1.518632]",
2051,"[4.975216,0.8107494,1.518632]",
2052,"[5.030627,0.7991552,1.518632]",
2053,"[5.185374,0.5773456,1.34885]",
2054,"[5.463186,0.9005975,1.556168]",
2055,"[5.484212,0.9005975,1.55704]",
2056,"[5.624534,0.9211882,1.663572]",
2057,"[5.624534,1.041209,1.916984]",
2058,"[5.624534,1.072646,1.962633]",
2059,"[5.65508,1.077917,1.981407]",
2060,"[5.837448,1.01589,1.981407]",
2061,"[5.95,0.9939816,1.983862]",
2062,"[5.95,1.014874,1.999275]",
2063,"[5.95,1.012617,1.99511]",
2064,"[5.95,1.011997,1.995133]",
2065,"[5.95,1.005035,1.997488]",
2066,"[5.95,0.9994855,2.001529]",
2067,"[5.95,0.9780468,2.00674]",
2068,"[5.95,0.9418659,1.994452]",
2069,"[5.95,0.9230568,1.993658]",
2070,"[5.95,0.8962811,2.009203]",
2071,"[5.950001,0.874324,2.033193]",
2072,"[5.826534,0.8563417,2.25544]",
2073,"[5.687283,0.9295763,2.27423]",
2074,"[5.599776,0.9835234,2.450061]",
2075,"[5.606847,0.9833806,2.483253]",
2076,"[5.642336,0.9642887,2.523361]",
2077,"[5.568352,1.004826,2.520777]",
2078,"[5.56152,1.006944,2.521766]",
2079,"[5.587095,0.9780865,2.521432]",
2080,"[5.587147,0.9724278,2.521434]",
2081,"[5.558439,0.9749497,2.498231]",
2082,"[5.533213,0.9807144,2.478209]",
2083,"[5.525838,0.9787404,2.470508]",
2084,"[5.529386,0.9466607,2.469424]",
2085,"[5.530842,0.9356769,2.471047]",
2086,"[5.533305,0.9197072,2.476243]",
2087,"[5.534454,0.9132757,2.479633]",
2088,"[5.534832,0.899556,2.469365]",
2089,"[5.535028,0.8936493,2.464073]",
2090,"[5.534313,0.8857279,2.446416]",
2091,"[5.53511,0.8760598,2.433992]",
2092,"[5.535608,0.8728566,2.430936]",
2093,"[5.536695,0.8657579,2.42434]",
2094,"[5.53717,0.8624179,2.421602]",
2095,"[5.538307,0.8581446,2.414152]",
2096,"[5.538826,0.856515,2.410938]",
2097,"[5.5395,0.8527365,2.407444]",
2098,"[5.540061,0.8496263,2.404522]",
2099,"[5.540437,0.8470819,2.402752]",
2100,"[5.540923,0.8471953,2.399075]",
2101,"[5.541129,0.8486191,2.396945]",
2102,"[5.542203,0.8510082,2.387931]",
2103,"[5.542674,0.8508229,2.384491]",
2104,"[5.544351,0.8503557,2.372138]",
2105,"[5.545189,0.8500224,2.366003]",
2106,"[5.545986,0.8500701,2.360021]",
2107,"[5.681792,0.7574461,2.32914]",
2108,"[5.789307,0.6861058,2.329141]",
2109,"[5.596,0.8214598,2.27702]",
2110,"[5.596,0.822682,2.268819]",
2111,"[5.596,0.8242826,2.257202]",
2112,"[5.596,0.8248551,2.252841]",
2113,"[5.597584,0.8232934,2.246961]",
2114,"[5.605704,0.8169774,2.24534]",
2115,"[5.612931,0.811469,2.243927]",
2116,"[5.630299,0.7996835,2.240903]",
2117,"[5.640489,0.7928491,2.23915]",
2118,"[5.666711,0.7766528,2.234994]",
2119,"[5.681585,0.7676727,2.23269]",
2120,"[5.699015,0.7570031,2.229953]",
2121,"[5.701147,0.755678,2.229613]",
2122,"[5.698403,0.7562088,2.229749]",
2123,"[5.703878,0.7523426,2.228757]",
2124,"[5.711677,0.747868,2.227609]",
2125,"[5.721877,0.7379605,2.225067]",
2126,"[5.727968,0.727394,2.222356]",
2127,"[5.745386,0.7035294,2.216233]",
2128,"[5.747441,0.6964954,2.214428]",
2129,"[5.743794,0.6932908,2.213606]",
2130,"[5.655486,0.7430995,2.226385]",
2131,"[5.597198,0.7786534,2.235507]",
2132,"[5.596,0.7676192,2.244049]",
2133,"[5.596,0.7624747,2.247779]",
2134,"[5.596,0.7627916,2.254849]",
2135,"[5.596,0.7639792,2.257677]",
2136,"[5.596,0.7662994,2.2616]",
2137,"[5.596,0.7672751,2.262607]",
2138,"[5.596,0.7678774,2.263118]",
2139,"[5.596,0.7671245,2.254242]",
2140,"[5.596,0.7662675,2.250643]",
2141,"[5.596,0.7636921,2.243894]",
2142,"[5.596,0.762307,2.240757]",
2143,"[5.596,0.7604839,2.236307]",
2144,"[5.596,0.7599518,2.234591]",
2145,"[5.596,0.7594551,2.233147]",
2146,"[5.596,0.759425,2.233242]",
2147,"[5.596,0.7597092,2.233833]",
2148,"[5.596,0.7610384,2.235786]",
2149,"[5.60022,0.7586108,2.236332]",
2150,"[5.717815,0.6622186,2.215221]",
2151,"[5.718956,0.6622186,2.21697]",
2152,"[5.721143,0.6622186,2.22052]",
2153,"[5.722468,0.6622185,2.222135]",
2154,"[5.724531,0.6622185,2.226587]",
2155,"[5.727245,0.6622186,2.230832]",
2156,"[5.727786,0.6622186,2.231392]",
2157,"[5.729167,0.6622186,2.234117]",
2158,"[5.730051,0.6622186,2.235659]",
2159,"[5.730287,0.6622185,2.23672]",
2160,"[5.731778,0.6622185,2.239359]",
2161,"[5.732908,0.6622186,2.241121]",
2162,"[5.733545,0.6622185,2.244096]",
2163,"[5.733332,0.6622186,2.245364]",
2164,"[5.733439,0.6622186,2.249613]",
2165,"[5.733109,0.6622186,2.250728]",
2166,"[5.732861,0.6622186,2.25256]",
2167,"[5.732821,0.6622186,2.253417]",
2168,"[5.732914,0.6622186,2.254134]",
2169,"[5.733011,0.6622186,2.255027]",
2170,"[5.73289,0.6622186,2.25545]",
2171,"[5.734957,0.6622185,2.255853]",
2172,"[5.735967,0.6622186,2.256429]",
2173,"[5.73655,0.6622185,2.258719]",
2174,"[5.736475,0.6622185,2.260111]",
2175,"[5.735815,0.6622185,2.269668]",
2176,"[5.73564,0.6622185,2.276527]",
2177,"[5.73581,0.6622186,2.281123]",
2178,"[5.736431,0.6622186,2.287185]",
2179,"[5.736631,0.6622186,2.288903]",
2180,"[5.737156,0.6622185,2.291383]",
2181,"[5.737623,0.6622185,2.292412]",
2182,"[5.73925,0.6622186,2.294001]",
2183,"[5.740259,0.6622186,2.294663]",
2184,"[5.741696,0.6622186,2.295828]",
2185,"[5.744295,0.6622186,2.298102]",
2186,"[5.745666,0.6622185,2.299525]",
2187,"[5.748182,0.6622186,2.30461]",
2188,"[5.749509,0.6622185,2.30834]",
2189,"[5.558992,0.8334811,2.333937]",
2190,"[5.555874,0.8357199,2.337472]",
2191,"[5.550692,0.8395998,2.343318]",
2192,"[5.547889,0.8430879,2.34916]",
2193,"[5.547133,0.8446644,2.35366]",
2194,"[5.545587,0.8527108,2.361923]",
2195,"[5.544944,0.8563354,2.365245]",
2196,"[5.551733,0.8515066,2.369188]",
2197,"[5.588834,0.8178501,2.36847]",
2198,"[5.364276,1.02174,2.374665]",
2199,"[5.328755,1.053728,2.375805]",
2200,"[5.334541,1.047672,2.376472]",
2201,"[5.340083,1.042174,2.37677]",
2202,"[5.756108,0.6622186,2.375386]",
2203,"[5.755937,0.6622186,2.376043]",
2204,"[5.75566,0.6622186,2.376215]",
2205,"[5.754358,0.6622186,2.376474]",
2206,"[5.753305,0.6622186,2.376695]",
2207,"[5.750397,0.6622186,2.376879]",
2208,"[5.748703,0.6622186,2.377186]",
2209,"[5.747704,0.6622185,2.377875]",
2210,"[5.747642,0.6622186,2.378856]",
2211,"[5.747752,0.6622185,2.380067]",
2212,"[5.749762,0.6622186,2.382948]",
2213,"[5.751758,0.6622185,2.384596]",
2214,"[5.754868,0.6622186,2.385131]",
2215,"[5.756235,0.6622186,2.38519]",
2216,"[5.757371,0.6622186,2.385444]",
2217,"[5.758607,0.6622186,2.386373]",
2218,"[5.758814,0.6622186,2.387071]",
2219,"[5.757212,0.6622186,2.39154]",
2220,"[5.755191,0.6622185,2.394981]",
2221,"[5.711596,0.6622186,2.521909]",
2222,"[5.626757,0.733059,2.615823]",
2223,"[5.576019,0.7722404,2.641513]",
2224,"[5.576019,0.7676054,2.653967]",
2225,"[5.576019,0.763303,2.663943]",
2226,"[5.576019,0.7594205,2.671276]",
2227,"[5.576019,0.7584177,2.672202]",
2228,"[5.576019,0.7566146,2.674675]",
2229,"[5.576019,0.7571582,2.674318]",
2230,"[5.576019,0.7582612,2.673603]",
2231,"[5.576019,0.7589572,2.673244]",
2232,"[5.576019,0.7604973,2.672442]",
2233,"[5.576019,0.7649692,2.671827]",
2234,"[5.576019,0.767689,2.669357]",
2235,"[5.576019,0.775343,2.665311]",
2236,"[5.577055,0.7800756,2.663913]",
2237,"[5.589946,0.7800756,2.664302]",
2238,"[5.596143,0.7800756,2.66416]",
2239,"[5.60172,0.7800756,2.663659]",
2240,"[5.605683,0.7800756,2.661333]",
2241,"[5.609866,0.7800756,2.660204]",
2242,"[5.626337,0.7800756,2.658801]",
2243,"[5.637762,0.7800756,2.659197]",
2244,"[5.653286,0.7800756,2.655423]",
2245,"[5.664007,0.7800756,2.654958]",
2246,"[5.836535,0.6622185,2.703588]",
2247,"[5.863608,0.6622185,2.713335]",
2248,"[5.95,0.6902295,2.745842]",
2249,"[5.95,0.7332748,2.74847]",
2250,"[5.95,0.758194,2.75006]",
2251,"[5.95,0.7946647,2.752501]",
2252,"[5.95,0.807413,2.751113]",
2253,"[5.95,0.8356928,2.749331]",
2254,"[5.95,0.8528523,2.746757]",
2255,"[5.95,0.902033,2.734739]",
2256,"[5.95,0.9274998,2.727432]",
2257,"[5.57932,1.337681,2.489355]",
2258,"[5.57932,1.35942,2.476114]",
2259,"[5.57932,1.379443,2.429274]",
2260,"[5.95,1.315702,2.406378]",
2261,"[5.61594,1.392239,2.388521]",
2262,"[5.615104,1.39934,2.372545]",
2263,"[5.615167,1.401916,2.365233]",
2264,"[5.615229,1.396684,2.354323]",
2265,"[5.615261,1.393371,2.348403]",
2266,"[5.6153,1.39113,2.341995]",
2267,"[5.583793,1.395566,2.332421]",
2268,"[5.578289,1.396272,2.326816]",
2269,"[5.57596,1.39465,2.319244]",
2270,"[5.57596,1.39371,2.312103]",
2271,"[5.57596,1.392845,2.304066]",
2272,"[5.59332,1.384764,2.214614]",
2273,"[5.59332,1.38368,2.195952]",
2274,"[5.59332,1.383806,2.164134]",
2275,"[5.59332,1.383555,2.150919]",
2276,"[5.59332,1.384231,2.136811]",
2277,"[5.59332,1.384781,2.136383]",
2278,"[5.59332,1.386274,2.13315]",
2279,"[5.59332,1.386493,2.1326]",
2280,"[5.59332,1.386778,2.13154]",
2281,"[5.59332,1.387683,2.132759]",
2282,"[5.59332,1.387435,2.133472]",
2283,"[5.59332,1.387264,2.133807]",
2284,"[5.59332,1.386862,2.137186]",
2285,"[5.59332,1.387951,2.147849]",
2286,"[5.59332,1.389064,2.153808]",
2287,"[5.59332,1.392353,2.167539]",
2288,"[5.59332,1.394026,2.173314]",
2289,"[5.59332,1.395534,2.177762]",
2290,"[5.59332,1.39753,2.188121]",
2291,"[5.59332,1.398166,2.193882]",
2292,"[5.59332,1.398854,2.201521]",
2293,"[5.59332,1.399133,2.204513]",
2294,"[5.59332,1.399889,2.208475]",
2295,"[5.59332,1.400307,2.210181]",
2296,"[5.59332,1.400875,2.211776]",
2297,"[5.59332,1.401771,2.215379]",
2298,"[5.59332,1.402181,2.217277]",
2299,"[5.59332,1.403235,2.220757]",
2300,"[5.59332,1.404053,2.222372]",
2301,"[5.59332,1.404865,2.224468]",
2302,"[5.59332,1.405154,2.225301]",
2303,"[5.59332,1.405524,2.226202]",
2304,"[5.59332,1.406648,2.227635]",
2305,"[5.59332,1.407561,2.228199]",
2306,"[5.59332,1.408508,2.227826]",
2307,"[5.59332,1.408727,2.227685]",
2308,"[5.59332,1.408041,2.227937]",
2309,"[5.59332,1.407288,2.228294]",
2310,"[5.59332,1.406464,2.229124]",
2311,"[5.59332,1.406303,2.229556]",
2312,"[5.59332,1.406601,2.229723]",
2313,"[5.59332,1.407548,2.229922]",
2314,"[5.59332,1.408166,2.2298]",
2315,"[5.59332,1.408997,2.229251]",
2316,"[5.59332,1.409552,2.228964]",
2317,"[5.59332,1.410914,2.228387]",
2318,"[5.59332,1.411777,2.228094]",
2319,"[5.59332,1.416514,2.220262]",
2320,"[5.59332,1.422955,2.210461]",
2321,"[5.59332,1.425583,2.206804]",
2322,"[5.566312,1.434919,2.206802]",
2323,"[5.578705,1.434112,2.202496]",
2324,"[5.481967,1.453815,2.220428]",
2325,"[5.466307,1.458899,2.22195]",
2326,"[5.467155,1.460065,2.221029]",
2327,"[5.469004,1.461385,2.218687]",
2328,"[5.469523,1.461885,2.217076]",
2329,"[5.555594,1.445138,2.19442]",
2330,"[5.896714,1.383796,2.1167]",
2331,"[5.87609,1.385863,2.11598]",
2332,"[5.864787,1.387121,2.115585]",
2333,"[5.842895,1.390266,2.11482]",
2334,"[5.838431,1.390097,2.114665]",
2335,"[5.836182,1.389464,2.114586]",
2336,"[5.829643,1.388526,2.114357]",
2337,"[5.830352,1.387536,2.114382]",
2338,"[5.831038,1.38579,2.114406]",
2339,"[5.8311,1.385019,2.114408]",
2340,"[5.829324,1.384566,2.114347]",
2341,"[5.827771,1.384869,2.114292]",
2342,"[5.829379,1.384878,2.114348]",
2343,"[5.830692,1.384816,2.114394]",
2344,"[5.844942,1.383195,2.114892]",
2345,"[5.872892,1.379891,2.115868]",
2346,"[5.950001,1.359344,2.130165]",
2347,"[5.950001,1.354844,2.167319]",
2348,"[5.59332,1.423851,2.236482]",
2349,"[5.579844,1.426457,2.253308]",
2350,"[5.57684,1.427407,2.26009]",
2351,"[5.57596,1.427971,2.268861]",
2352,"[5.559584,1.431184,2.274077]",
2353,"[5.550966,1.432866,2.2784]",
2354,"[5.356687,1.470477,2.299661]",
2355,"[5.352507,1.471233,2.300363]",
2356,"[5.354229,1.470689,2.30147]",
2357,"[5.354952,1.470352,2.30203]",
2358,"[5.354797,1.469432,2.303464]",
2359,"[5.95,1.350487,2.24533]",
2360,"[5.95,1.349138,2.247116]",
2361,"[5.95,1.347139,2.248799]",
2362,"[5.95,1.346045,2.25033]",
2363,"[5.95,1.345063,2.24998]",
2364,"[5.95,1.34448,2.249541]",
2365,"[5.850583,1.363691,2.254216]",
2366,"[5.836987,1.365852,2.254216]",
2367,"[5.824065,1.365291,2.254216]",
2368,"[5.812228,1.362376,2.254216]",
2369,"[5.842606,1.354273,2.254216]",
2370,"[5.95,1.328164,2.264022]",
2371,"[5.95,1.327054,2.276049]",
2372,"[5.95,1.327319,2.292227]",
2373,"[5.95,1.327997,2.296797]",
2374,"[5.95,1.328536,2.301591]",
2375,"[5.95,1.329468,2.309836]",
2376,"[5.659639,1.392537,2.326781]",
2377,"[5.655059,1.394005,2.331506]",
2378,"[5.654215,1.394279,2.332994]",
2379,"[5.653829,1.394324,2.334198]",
2380,"[5.653793,1.39439,2.335423]",
2381,"[5.65363,1.404406,2.341206]",
2382,"[5.653674,1.411826,2.34504]",
2383,"[5.653645,1.417506,2.348419]",
2384,"[5.653582,1.426748,2.354771]",
2385,"[5.653575,1.429232,2.355344]",
2386,"[5.653577,1.431178,2.355986]",
2387,"[5.65358,1.433477,2.357006]",
2388,"[5.653587,1.435367,2.357256]",
2389,"[5.653596,1.436402,2.357355]",
2390,"[5.653598,1.437393,2.357571]",
2391,"[5.653595,1.439038,2.357529]",
2392,"[5.653592,1.439775,2.357815]",
2393,"[5.653594,1.441147,2.357535]",
2394,"[5.653593,1.441707,2.357096]",
2395,"[5.653594,1.442359,2.356687]",
2396,"[5.653594,1.44251,2.356624]",
2397,"[5.653597,1.442713,2.356145]",
2398,"[5.653599,1.442844,2.355871]",
2399,"[5.653601,1.442886,2.355727]",
2400,"[5.65361,1.442484,2.354482]",
2401,"[5.653615,1.442087,2.353616]",
2402,"[5.605032,1.45023,2.354049]",
2403,"[5.480223,1.470746,2.357674]",
2404,"[5.459963,1.474126,2.358225]",
2405,"[5.459137,1.474332,2.358136]",
2406,"[5.458179,1.474515,2.358146]",
2407,"[5.457872,1.474505,2.357415]",
2408,"[5.458044,1.474431,2.357262]",
2409,"[5.458488,1.474328,2.357202]",
2410,"[5.458786,1.474238,2.357088]",
2411,"[5.72495,1.43052,2.346639]",
2412,"[5.725238,1.430698,2.346334]",
2413,"[5.727057,1.431669,2.345667]",
2414,"[5.728741,1.432425,2.345293]",
2415,"[5.95,1.397889,2.33516]",
2416,"[5.95,1.399774,2.333706]",
2417,"[5.950001,1.400479,2.333775]",
2418,"[5.95,1.401669,2.332871]",
2419,"[5.950001,1.40219,2.332049]",
2420,"[5.95,1.402617,2.331316]",
2421,"[5.95,1.402644,2.33125]",
2422,"[5.95,1.403032,2.331068]",
2423,"[5.950001,1.404234,2.330734]",
2424,"[5.95,1.40493,2.330611]",
2425,"[5.950001,1.406147,2.330616]",
2426,"[5.95,1.406699,2.330711]",
2427,"[5.95,1.40132,2.333215]",
2428,"[5.95,1.399011,2.334268]",
2429,"[5.719627,1.426686,2.347761]",
2430,"[5.720784,1.420836,2.349513]",
2431,"[5.72084,1.415639,2.351179]",
2432,"[5.720531,1.411098,2.353213]",
2433,"[5.720287,1.408899,2.354223]",
2434,"[5.720116,1.405585,2.35575]",
2435,"[5.720051,1.404258,2.356154]",
2436,"[5.720006,1.40177,2.356796]",
2437,"[5.719987,1.400698,2.356941]",
2438,"[5.719981,1.399661,2.357056]",
2439,"[5.719979,1.398432,2.357123]",
2440,"[5.719987,1.39829,2.357108]",
2441,"[5.719998,1.398003,2.357105]",
2442,"[5.719988,1.397894,2.357566]",
2443,"[5.719978,1.397726,2.357916]",
2444,"[5.719979,1.397692,2.357919]",
2445,"[5.719984,1.3975,2.357802]",
2446,"[5.719987,1.397303,2.357623]",
2447,"[5.719991,1.39714,2.357435]",
2448,"[5.720008,1.39673,2.356976]",
2449,"[5.720017,1.396527,2.356734]",
2450,"[5.720044,1.396066,2.356149]",
2451,"[5.720057,1.395868,2.355863]",
2452,"[5.720092,1.394664,2.35516]",
2453,"[5.720116,1.394022,2.354703]",
2454,"[5.720142,1.393351,2.354174]",
2455,"[5.720204,1.39203,2.352863]",
2456,"[5.720238,1.391446,2.352141]",
2457,"[5.720298,1.390736,2.35086]",
2458,"[5.720327,1.390405,2.350247]",
2459,"[5.720332,1.390193,2.350155]",
2460,"[5.72034,1.390167,2.349988]",
2461,"[5.72034,1.390173,2.349982]",
2462,"[5.720322,1.390212,2.350363]",
2463,"[5.720301,1.390238,2.350805]",
2464,"[5.720256,1.390781,2.351762]",
2465,"[5.720232,1.39095,2.352262]",
2466,"[5.720183,1.391212,2.353293]",
2467,"[5.720157,1.391378,2.353867]",
2468,"[5.720128,1.391717,2.354481]",
2469,"[5.720122,1.391893,2.35459]",
2470,"[5.720117,1.392029,2.354702]",
2471,"[5.720114,1.392425,2.354775]",
2472,"[5.72011,1.392619,2.354837]",
2473,"[5.720089,1.392835,2.355288]",
2474,"[5.720071,1.392809,2.355666]",
2475,"[5.720041,1.392659,2.356275]",
2476,"[5.588612,1.418802,2.360556]",
2477,"[5.598838,1.417,2.360409]",
2478,"[5.733877,1.390346,2.356207]",
2479,"[5.73378,1.39051,2.356292]",
2480,"[5.733755,1.391172,2.35635]",
2481,"[5.53145,1.431744,2.36237]",
2482,"[5.525249,1.432924,2.362234]",
2483,"[5.52001,1.433944,2.362226]",
2484,"[5.515022,1.435435,2.361822]",
2485,"[5.48993,1.440789,2.361949]",
2486,"[5.472781,1.444119,2.362345]",
2487,"[5.451924,1.44817,2.362754]",
2488,"[5.452041,1.448125,2.362632]",
2489,"[5.452228,1.448065,2.362413]",
2490,"[5.45231,1.44806,2.362329]",
2491,"[5.733853,1.392978,2.353815]",
2492,"[5.73384,1.393144,2.354132]",
2493,"[5.733825,1.393311,2.354459]",
2494,"[5.733814,1.393586,2.354704]",
2495,"[5.733807,1.393725,2.354867]",
2496,"[5.733783,1.394629,2.355366]",
2497,"[5.733771,1.394702,2.355622]",
2498,"[5.733748,1.394764,2.356161]",
2499,"[5.733734,1.394804,2.356506]",
2500,"[5.73371,1.394981,2.357053]",
2501,"[5.733624,1.395797,2.358998]",
2502,"[5.733581,1.396492,2.35997]",
2503,"[5.733137,1.400143,2.366242]",
2504,"[5.732863,1.403312,2.372052]",
2505,"[5.678588,1.472709,2.642733]",
2506,"[5.66893,1.474952,2.645307]",
2507,"[5.57864,1.495223,2.66998]",
2508,"[5.560472,1.499319,2.675705]",
2509,"[5.562825,1.499462,2.685306]",
2510,"[5.56724,1.49917,2.704669]",
2511,"[5.56913,1.499079,2.712879]",
2512,"[5.571768,1.499797,2.722309]",
2513,"[5.572924,1.500575,2.725332]",
2514,"[5.578638,1.504807,2.737019]",
2515,"[5.567634,1.536366,2.736018]",
2516,"[5.556739,1.567614,2.739751]",
2517,"[5.551606,1.582335,2.755894]",
2518,"[5.548434,1.591433,2.766557]",
2519,"[5.546108,1.598105,2.76413]",
2520,"[5.54505,1.601137,2.763812]",
2521,"[5.545106,1.600976,2.764524]",
2522,"[5.545717,1.599224,2.758534]",
2523,"[5.546297,1.597563,2.744374]",
2524,"[5.546386,1.597307,2.737783]",
2525,"[5.546316,1.597508,2.733444]",
2526,"[5.545914,1.598661,2.720349]",
2527,"[5.545898,1.598706,2.712378]",
2528,"[5.545787,1.599023,2.705566]",
2529,"[5.545895,1.598715,2.703582]",
2530,"[5.54707,1.595345,2.697604]",
2531,"[5.548028,1.592598,2.694461]",
2532,"[5.54921,1.589206,2.689825]",
2533,"[5.550655,1.585061,2.685556]",
2534,"[5.551133,1.583691,2.684339]",
2535,"[5.551577,1.582418,2.683319]",
2536,"[5.551648,1.582216,2.68318]",
2537,"[5.551427,1.582847,2.682925]",
2538,"[5.551202,1.583495,2.68281]",
2539,"[5.550948,1.584222,2.682812]",
2540,"[5.551079,1.583847,2.681226]",
2541,"[5.551433,1.582832,2.679587]",
2542,"[5.553004,1.578325,2.675038]",
2543,"[5.554071,1.575266,2.672815]",
2544,"[5.555767,1.570403,2.668546]",
2545,"[5.556802,1.567433,2.66748]",
2546,"[5.55907,1.560928,2.670989]",
2547,"[5.56088,1.555737,2.67432]",
2548,"[5.562566,1.550902,2.673884]",
2549,"[5.570478,1.528208,2.679186]",
2550,"[5.573335,1.520016,2.67818]",
2551,"[5.577643,1.50766,2.675627]",
2552,"[5.578909,1.50403,2.674607]",
2553,"[5.574879,1.498794,2.671834]",
2554,"[5.575265,1.498482,2.671659]",
2555,"[5.57591,1.498168,2.671421]",
2556,"[5.579437,1.498901,2.670785]",
2557,"[5.582648,1.498932,2.670033]",
2558,"[5.589018,1.498309,2.668358]",
2559,"[5.592652,1.497697,2.667333]",
2560,"[5.597719,1.497422,2.666061]",
2561,"[5.599176,1.497881,2.66584]",
2562,"[5.579777,1.50154,2.663478]",
2563,"[5.579375,1.502693,2.66287]",
2564,"[5.57883,1.504258,2.662653]",
2565,"[5.577662,1.507608,2.662436]",
2566,"[5.577046,1.509371,2.662429]",
2567,"[5.576086,1.512126,2.663565]",
2568,"[5.575708,1.513209,2.664662]",
2569,"[5.575687,1.513269,2.666638]",
2570,"[5.575657,1.513357,2.66761]",
2571,"[5.575591,1.513546,2.668459]",
2572,"[5.575271,1.514464,2.670618]",
2573,"[5.574955,1.515371,2.672257]",
2574,"[5.574464,1.516779,2.674487]",
2575,"[5.574234,1.517439,2.67575]",
2576,"[5.57412,1.517764,2.677969]",
2577,"[5.574133,1.517728,2.679204]",
2578,"[5.574095,1.517837,2.681591]",
2579,"[5.574182,1.517586,2.682679]",
2580,"[5.574235,1.517434,2.683715]",
2581,"[5.574207,1.517516,2.685225]",
2582,"[5.574197,1.517545,2.686048]",
2583,"[5.574149,1.517683,2.687606]",
2584,"[5.574083,1.517871,2.688339]",
2585,"[5.573964,1.518213,2.689694]",
2586,"[5.573905,1.51838,2.6903]",
2587,"[5.573847,1.518549,2.690874]",
2588,"[5.573757,1.518805,2.69172]",
2589,"[5.573786,1.518722,2.691638]",
2590,"[5.573941,1.518279,2.691539]",
2591,"[5.574067,1.517916,2.691556]",
2592,"[5.574306,1.517233,2.692244]",
2593,"[5.574405,1.516948,2.692944]",
2594,"[5.574461,1.516786,2.693629]",
2595,"[5.574555,1.516517,2.694941]",
2596,"[5.574534,1.516577,2.695621]",
2597,"[5.573999,1.51811,2.69711]",
2598,"[5.573521,1.519483,2.697918]",
2599,"[5.571399,1.52557,2.70194]",
2600,"[5.570586,1.527901,2.703541]",
2601,"[5.56995,1.529725,2.706344]",
2602,"[5.569592,1.53075,2.707854]",
2603,"[5.569168,1.531968,2.709368]",
2604,"[5.568368,1.534261,2.711959]",
2605,"[5.567916,1.535558,2.713345]",
2606,"[5.566931,1.538383,2.713684]",
2607,"[5.566874,1.538546,2.71364]",
2608,"[5.566259,1.54031,2.714002]",
2609,"[5.56579,1.541654,2.713532]",
2610,"[5.565372,1.542853,2.713253]",
2611,"[5.492158,1.546834,2.706966]",
2612,"[5.95,1.519669,2.739913]",
2613,"[5.95,1.519145,2.739286]",
2614,"[5.95,1.518762,2.738248]",
2615,"[5.95,1.51871,2.737203]",
2616,"[5.95,1.518726,2.73616]",
2617,"[5.95,1.519468,2.735079]",
2618,"[5.95,1.520054,2.734481]",
2619,"[5.95,1.520661,2.733577]",
2620,"[5.95,1.52265,2.731529]",
2621,"[5.95,1.523943,2.730163]",
2622,"[5.95,1.524994,2.728141]",
2623,"[5.95,1.524997,2.728018]",
2624,"[5.95,1.524276,2.727563]",
2625,"[5.95,1.522212,2.72708]",
2626,"[5.95,1.516829,2.725843]",
2627,"[5.95,1.510474,2.723509]",
2628,"[5.95,1.504827,2.721897]",
2629,"[5.793687,1.501627,2.711579]",
2630,"[5.655992,1.501627,2.704668]",
2631,"[5.564844,1.497143,2.699397]",
2632,"[5.562485,1.492566,2.700397]",
2633,"[5.560678,1.488777,2.701838]",
2634,"[5.560655,1.488393,2.702661]",
2635,"[5.561615,1.488231,2.707108]",
2636,"[5.562114,1.488129,2.709466]",
2637,"[5.56237,1.487893,2.71111]",
2638,"[5.554967,1.471144,2.71996]",
2639,"[5.550511,1.461803,2.723512]",
2640,"[5.542758,1.44664,2.727077]",
2641,"[5.539986,1.441495,2.727691]",
2642,"[5.537583,1.437145,2.727959]",
2643,"[5.537073,1.43622,2.728019]",
2644,"[5.536486,1.43517,2.728055]",
2645,"[5.534787,1.432227,2.727925]",
2646,"[5.534162,1.430866,2.728545]",
2647,"[5.534194,1.42733,2.729784]",
2648,"[5.534358,1.424723,2.730477]",
2649,"[5.534679,1.422121,2.731834]",
2650,"[5.534766,1.420358,2.732202]",
2651,"[5.490508,1.430378,2.724282]",
2652,"[5.4548,1.435913,2.718593]",
2653,"[5.95,1.291969,2.81356]",
2654,"[5.95,1.288316,2.813681]",
2655,"[5.95,1.286222,2.81352]",
2656,"[5.95,1.286507,2.813587]",
2657,"[5.95,1.286824,2.813867]",
2658,"[5.95,1.287423,2.814016]",
2659,"[5.95,1.289146,2.813936]",
2660,"[5.95,1.290871,2.814059]",
2661,"[5.95,1.292727,2.8137]",
2662,"[5.95,1.292979,2.813299]",
2663,"[5.95,1.292645,2.813177]",
2664,"[5.95,1.292497,2.812531]",
2665,"[5.95,1.292414,2.811255]",
2666,"[5.95,1.292343,2.81059]",
2667,"[5.95,1.293633,2.809649]",
2668,"[5.95,1.295046,2.808361]",
2669,"[5.95,1.295315,2.808397]",
2670,"[5.95,1.295406,2.808535]",
2671,"[5.95,1.295364,2.808612]",
2672,"[5.95,1.285878,2.811148]",
2673,"[5.95,1.28336,2.811979]",
2674,"[5.95,1.28148,2.812458]",
2675,"[5.95,1.282178,2.811886]",
2676,"[5.95,1.283496,2.811314]",
2677,"[5.95,1.290246,2.809173]",
2678,"[5.95,1.297005,2.80784]",
2679,"[5.95,1.320244,2.804893]",
2680,"[5.95,1.439381,2.808099]",
2681,"[5.570908,1.526977,2.730414]",
2682,"[5.567133,1.537804,2.730055]",
2683,"[5.563631,1.547847,2.729604]",
2684,"[5.559381,1.560035,2.727593]",
2685,"[5.557168,1.566381,2.726619]",
2686,"[5.555261,1.571852,2.724916]",
2687,"[5.555032,1.57251,2.724832]",
2688,"[5.542518,1.572514,2.72121]",
2689,"[5.525239,1.572618,2.716914]",
2690,"[5.513603,1.57236,2.713901]",
2691,"[5.488541,1.573422,2.707944]",
2692,"[5.473885,1.574695,2.704986]",
2693,"[5.555479,1.571227,2.720742]",
2694,"[5.555064,1.572417,2.720391]",
2695,"[5.552986,1.578377,2.718429]",
2696,"[5.551706,1.582049,2.716756]",
2697,"[5.546177,1.597906,2.710975]",
2698,"[5.538603,1.619628,2.715185]",
2699,"[5.535187,1.634016,2.716933]",
2700,"[5.883388,1.830736,2.795579]",
2701,"[5.784695,1.830736,2.776541]",
2702,"[5.555696,1.859703,2.761155]",
2703,"[5.716621,1.947954,2.81172]",
2704,"[5.680955,1.972903,2.81172]",
2705,"[5.738251,2.012898,2.81172]",
2706,"[5.774167,2.039274,2.81172]",
2707,"[5.862098,2.083299,2.82607]",
2708,"[5.862098,2.084186,2.824028]",
2709,"[5.862098,2.085401,2.820582]",
2710,"[5.862098,2.084503,2.818105]",
2711,"[5.862098,2.083644,2.815059]",
2712,"[5.862098,2.081448,2.81343]",
2713,"[5.862098,2.075574,2.810917]",
2714,"[5.862098,2.072566,2.809891]",
2715,"[5.862098,2.067217,2.808333]",
2716,"[5.862098,2.059084,2.805822]",
2717,"[5.862098,2.054906,2.804284]",
2718,"[5.862098,2.04472,2.799003]",
2719,"[5.608872,1.928803,2.746889]",
2720,"[5.608872,1.920357,2.740412]",
2721,"[5.608872,1.916722,2.737411]",
2722,"[5.608872,1.914989,2.73575]",
2723,"[5.608872,1.913849,2.733575]",
2724,"[5.608872,1.913798,2.73262]",
2725,"[5.608872,1.917334,2.701333]",
2726,"[5.608872,1.919521,2.68765]",
2727,"[5.608872,1.92374,2.674434]",
2728,"[5.608872,1.926114,2.66986]",
2729,"[5.608872,1.928371,2.666328]",
2730,"[5.608872,1.932124,2.661892]",
2731,"[5.608872,1.933834,2.66029]",
2732,"[5.608872,1.937505,2.657519]",
2733,"[5.608872,1.939308,2.656425]",
2734,"[5.608872,1.940733,2.655319]",
2735,"[5.608872,1.941193,2.654061]",
2736,"[5.608872,1.941893,2.653013]",
2737,"[5.608872,1.943346,2.651972]",
2738,"[5.608872,1.945231,2.653188]",
2739,"[5.608872,1.946485,2.654565]",
2740,"[5.608872,1.94748,2.656067]",
2741,"[5.608872,1.949294,2.658835]",
2742,"[5.608872,1.948991,2.658888]",
2743,"[5.608872,1.947922,2.658728]",
2744,"[5.608872,1.947298,2.658556]",
2745,"[5.608872,1.946831,2.658513]",
2746,"[5.608872,1.946139,2.658566]",
2747,"[5.608872,1.945759,2.660164]",
2748,"[5.608872,1.945131,2.665747]",
2749,"[5.608872,1.944793,2.669481]",
2750,"[5.608872,1.944635,2.675247]",
2751,"[5.608872,1.944745,2.677671]",
2752,"[5.608872,1.946107,2.681882]",
2753,"[5.608872,1.94649,2.683485]",
2754,"[5.608872,1.94703,2.684845]",
2755,"[5.608872,1.948227,2.686862]",
2756,"[5.608872,1.948867,2.687606]",
2757,"[5.608872,1.949901,2.688603]",
2758,"[5.608872,1.950308,2.688832]",
2759,"[5.608872,1.950561,2.688642]",
2760,"[5.608872,1.951049,2.687562]",
2761,"[5.608872,1.951273,2.686567]",
2762,"[5.608872,1.951632,2.684049]",
2763,"[5.608872,1.951791,2.682414]",
2764,"[5.608872,1.953052,2.681425]",
2765,"[5.608872,1.953269,2.681046]",
2766,"[5.608872,1.95383,2.679918]",
2767,"[5.608872,1.953614,2.679284]",
2768,"[5.608872,1.953517,2.67853]",
2769,"[5.608872,1.953866,2.67669]",
2770,"[5.608872,1.954234,2.675606]",
2771,"[5.608872,1.955011,2.672239]",
2772,"[5.608872,1.954901,2.670717]",
2773,"[5.608872,1.955075,2.670901]",
2774,"[5.608872,1.955377,2.672307]",
2775,"[5.608872,1.956252,2.675618]",
2776,"[5.608872,1.956868,2.677552]",
2777,"[5.608872,1.957189,2.679546]",
2778,"[5.608872,1.957926,2.683795]",
2779,"[5.608872,1.957489,2.685033]",
2780,"[5.608872,1.957159,2.687213]",
2781,"[5.608872,1.957241,2.688395]",
2782,"[5.608872,1.957599,2.690928]",
2783,"[5.608872,1.957916,2.692348]",
2784,"[5.608872,1.958302,2.69211]",
2785,"[5.601919,1.956335,2.6921]",
2786,"[5.862098,2.06559,2.68875]",
2787,"[5.862098,2.068017,2.689659]",
2788,"[5.862098,2.069919,2.690639]",
2789,"[5.862098,2.071641,2.690386]",
2790,"[5.862098,2.071816,2.690552]",
2791,"[5.862098,2.072132,2.691031]",
2792,"[5.862098,2.073064,2.693364]",
2793,"[5.862098,2.073649,2.695427]",
2794,"[5.862098,2.073352,2.702453]",
2795,"[5.862098,2.072927,2.706201]",
2796,"[5.862098,2.070524,2.711736]",
2797,"[5.862098,2.069664,2.713874]",
2798,"[5.862098,2.068101,2.717374]",
2799,"[5.862098,2.067135,2.718431]",
2800,"[5.862098,2.066163,2.719311]",
2801,"[5.862098,2.064479,2.719546]",
2802,"[5.862098,2.0638,2.719629]",
2803,"[5.862098,2.062923,2.719717]",
2804,"[5.862098,2.062581,2.719206]",
2805,"[5.862098,2.062162,2.717674]",
2806,"[5.862098,2.061964,2.716704]",
2807,"[5.862098,2.062783,2.714987]",
2808,"[5.862098,2.063169,2.71427]",
2809,"[5.862098,2.063509,2.713554]",
2810,"[5.862098,2.063944,2.71255]",
2811,"[5.862098,2.064088,2.712164]",
2812,"[5.862098,2.064054,2.711373]",
2813,"[5.862098,2.063851,2.710954]",
2814,"[5.862098,2.064487,2.710108]",
2815,"[5.862098,2.065036,2.709989]",
2816,"[5.862098,2.065635,2.709898]",
2817,"[5.862098,2.066291,2.710511]",
2818,"[5.862098,2.066047,2.71111]",
2819,"[5.862098,2.064833,2.715293]",
2820,"[5.608872,1.960214,2.714581]",
2821,"[5.608872,1.9406,2.733029]",
2822,"[5.608872,1.936544,2.736809]",
2823,"[5.608872,1.933537,2.739595]",
2824,"[5.608872,1.927671,2.744425]",
2825,"[5.608872,1.925478,2.746168]",
2826,"[5.862098,2.012181,2.769208]",
2827,"[5.862098,2.009758,2.774121]",
2828,"[5.862098,2.00766,2.780075]",
2829,"[5.862098,2.007552,2.781007]",
2830,"[5.862098,2.007541,2.781624]",
2831,"[5.862098,2.006897,2.782363]",
2832,"[5.862098,2.006421,2.782584]",
2833,"[5.862098,2.005696,2.782686]",
2834,"[5.862098,2.005809,2.783499]",
2835,"[5.862098,2.007972,2.783751]",
2836,"[5.862098,2.009951,2.783456]",
2837,"[5.862098,2.015332,2.782041]",
2838,"[5.862098,2.018031,2.78076]",
2839,"[5.862098,2.019682,2.78056]",
2840,"[5.862098,2.021244,2.779342]",
2841,"[5.862098,2.021011,2.777744]",
2842,"[5.862098,2.014905,2.769989]",
2843,"[5.608872,1.929996,2.743574]",
2844,"[5.608872,1.924042,2.727379]",
2845,"[5.608872,1.922203,2.719785]",
2846,"[5.608872,1.91986,2.709138]",
2847,"[5.608872,1.918202,2.702364]",
2848,"[5.608872,1.916579,2.695384]",
2849,"[5.608872,1.916334,2.69207]",
2850,"[5.608872,1.91632,2.687928]",
2851,"[5.608872,1.917147,2.677682]",
2852,"[5.608872,1.925514,2.57673]",
2853,"[5.559171,1.91287,2.547164]",
2854,"[5.58632,1.921406,2.43963]",
2855,"[5.585402,1.920735,2.418624]",
2856,"[5.584069,1.9209,2.388076]",
2857,"[5.583767,1.921158,2.381168]",
2858,"[5.583163,1.921091,2.367327]",
2859,"[5.583272,1.921219,2.36984]",
2860,"[5.583315,1.921159,2.370815]",
2861,"[5.583448,1.921227,2.373853]",
2862,"[5.583464,1.92135,2.374225]",
2863,"[5.583166,1.92069,2.367392]",
2864,"[5.583207,1.921125,2.368324]",
2865,"[5.583241,1.923971,2.369107]",
2866,"[5.583222,1.926595,2.368675]",
2867,"[5.582985,1.9339,2.36325]",
2868,"[5.582752,1.938686,2.357909]",
2869,"[5.58289,1.945012,2.361075]",
2870,"[5.582897,1.946089,2.36124]",
2871,"[5.583101,1.943911,2.36591]",
2872,"[5.583315,1.937484,2.370821]",
2873,"[5.583388,1.933907,2.372481]",
2874,"[5.583538,1.921791,2.375906]",
2875,"[5.583553,1.920087,2.376252]",
2876,"[5.583196,1.918074,2.368083]",
2877,"[5.583016,1.917348,2.363959]",
2878,"[5.582719,1.915552,2.357164]",
2879,"[5.582583,1.914251,2.354053]",
2880,"[5.582473,1.913011,2.35152]",
2881,"[5.582256,1.911464,2.346558]",
2882,"[5.582156,1.910419,2.344254]",
2883,"[5.581936,1.906955,2.339236]",
2884,"[5.581828,1.905769,2.336748]",
2885,"[5.581635,1.902238,2.33232]",
2886,"[5.581546,1.899667,2.330293]",
2887,"[5.581458,1.896999,2.328274]",
2888,"[5.581304,1.892777,2.324756]",
2889,"[5.581287,1.892501,2.324365]",
2890,"[5.581228,1.896393,2.323006]",
2891,"[5.581197,1.899218,2.322307]",
2892,"[5.581163,1.902046,2.321526]",
2893,"[5.581141,1.902928,2.321008]",
2894,"[5.581197,1.906304,2.322293]",
2895,"[5.581231,1.908802,2.323073]",
2896,"[5.581263,1.910975,2.323808]",
2897,"[5.581306,1.913625,2.324809]",
2898,"[5.581311,1.913984,2.32492]",
2899,"[5.581317,1.914365,2.325059]",
2900,"[5.58132,1.914399,2.325108]",
2901,"[5.581325,1.914829,2.32523]",
2902,"[5.581331,1.915033,2.325359]",
2903,"[5.581336,1.915142,2.325481]",
2904,"[5.581499,1.916353,2.329221]",
2905,"[5.581633,1.917432,2.332287]",
2906,"[5.582155,1.918819,2.344243]",
2907,"[5.58243,1.919085,2.350549]",
2908,"[5.582854,1.919612,2.360253]",
2909,"[5.583131,1.920448,2.366591]",
2910,"[5.583359,1.921409,2.371828]",
2911,"[5.583754,1.925227,2.380849]",
2912,"[5.583935,1.926654,2.385001]",
2913,"[5.584176,1.928071,2.39053]",
2914,"[5.584291,1.928293,2.393156]",
2915,"[5.584371,1.926355,2.394996]",
2916,"[5.584408,1.925471,2.395836]",
2917,"[5.584602,1.923666,2.400285]",
2918,"[5.584746,1.922754,2.403578]",
2919,"[5.584777,1.921919,2.404292]",
2920,"[5.584827,1.920836,2.405451]",
2921,"[5.584846,1.920505,2.405888]",
2922,"[5.584881,1.919812,2.406675]",
2923,"[5.584898,1.919443,2.407074]",
2924,"[5.584922,1.918476,2.407617]",
2925,"[5.584936,1.917405,2.407938]",
2926,"[5.58495,1.91633,2.408254]",
2927,"[5.58493,1.913755,2.407803]",
2928,"[5.584922,1.912547,2.407609]",
2929,"[5.58491,1.91074,2.407355]",
2930,"[5.584948,1.909056,2.408214]",
2931,"[5.585,1.906458,2.409407]",
2932,"[5.585019,1.905449,2.409833]",
2933,"[5.585046,1.902537,2.410462]",
2934,"[5.58506,1.9005,2.410769]",
2935,"[5.585063,1.899887,2.410859]",
2936,"[5.58507,1.899019,2.410999]",
2937,"[5.585073,1.898596,2.411066]",
2938,"[5.585091,1.89773,2.411477]",
2939,"[5.585105,1.898192,2.411819]",
2940,"[5.585129,1.899062,2.412363]",
2941,"[5.585141,1.899506,2.412631]",
2942,"[5.585144,1.899458,2.412691]",
2943,"[5.585162,1.899538,2.413103]",
2944,"[5.585167,1.899305,2.413225]",
2945,"[5.58517,1.898658,2.413289]",
2946,"[5.585167,1.898141,2.413233]",
2947,"[5.585137,1.894817,2.412552]",
2948,"[5.585122,1.893402,2.412203]",
2949,"[5.591022,1.893329,2.41119]",
2950,"[5.441598,1.855649,2.416175]",
2951,"[5.391743,1.843513,2.417804]",
2952,"[5.392341,1.843705,2.417632]",
2953,"[5.393176,1.84392,2.417355]",
2954,"[5.393812,1.84403,2.416967]",
2955,"[5.394113,1.844112,2.416773]",
2956,"[5.394845,1.844302,2.416403]",
2957,"[5.395222,1.844384,2.416241]",
2958,"[5.395621,1.844478,2.416099]",
2959,"[5.396075,1.8452,2.416342]",
2960,"[5.396359,1.845369,2.416204]",
2961,"[5.397081,1.845712,2.415952]",
2962,"[5.397505,1.84584,2.415907]",
2963,"[5.398695,1.846173,2.416008]",
2964,"[5.399937,1.846504,2.416134]",
2965,"[5.410057,1.849798,2.4155]",
2966,"[5.473264,1.865458,2.412558]",
2967,"[5.95,1.981524,2.38889]",
2968,"[5.95,1.982941,2.389137]",
2969,"[5.95,1.983504,2.389332]",
2970,"[5.95,1.984003,2.389678]",
2971,"[5.95,1.984139,2.38987]",
2972,"[5.95,1.984746,2.390184]",
2973,"[5.95,1.985375,2.390302]",
2974,"[5.95,1.985945,2.390346]",
2975,"[5.95,1.987056,2.388879]",
2976,"[5.95,1.987599,2.387241]",
2977,"[5.95,1.989101,2.384677]",
2978,"[5.95,1.990195,2.383501]",
2979,"[5.95,1.992247,2.372124]",
2980,"[5.810297,1.95525,2.364632]",
2981,"[5.771719,1.943144,2.348017]",
2982,"[5.771719,1.942031,2.340103]",
2983,"[5.771719,1.941175,2.334201]",
2984,"[5.771719,1.939851,2.32633]",
2985,"[5.771719,1.939461,2.325013]",
2986,"[5.771719,1.938982,2.322367]",
2987,"[5.771719,1.938906,2.321048]",
2988,"[5.771719,1.939423,2.318469]",
2989,"[5.771719,1.940092,2.317028]",
2990,"[5.771719,1.940753,2.315434]",
2991,"[5.771719,1.94333,2.311302]",
2992,"[5.771719,1.944589,2.309741]",
2993,"[5.771719,1.948588,2.305779]",
2994,"[5.771719,1.951329,2.303352]",
2995,"[5.771719,1.956727,2.298949]",
2996,"[5.771719,1.959272,2.296937]",
2997,"[5.771719,1.960586,2.295506]",
2998,"[5.771719,1.962031,2.291423]",
2999,"[5.771719,1.962001,2.288563]",
3000,"[5.771719,1.961128,2.282086]",
3001,"[5.771719,1.960138,2.277633]",
3002,"[5.771719,1.956327,2.26523]",
3003,"[5.4129,1.861332,2.320514]",
3004,"[5.579676,1.902912,2.287459]",
3005,"[5.579267,1.900009,2.278082]",
3006,"[5.57905,1.898816,2.273126]",
3007,"[5.573789,1.950779,2.152634]",
3008,"[5.572974,1.9565,2.133956]",
3009,"[5.679377,2.001198,2.017493]",
3010,"[5.671964,1.989718,1.979265]",
3011,"[5.666147,1.980774,1.949262]",
3012,"[5.6642,1.973068,1.939224]",
3013,"[5.662714,1.967095,1.931556]",
3014,"[5.660854,1.95778,1.921967]",
3015,"[5.661364,1.956081,1.924596]",
3016,"[5.662175,1.951263,1.92878]",
3017,"[5.663377,1.952071,1.934977]",
3018,"[5.665588,1.955814,1.946384]",
3019,"[5.66667,1.957376,1.95196]",
3020,"[5.667792,1.95892,1.957747]",
3021,"[5.668046,1.95942,1.959058]",
3022,"[5.668622,1.959552,1.96203]",
3023,"[5.669179,1.95968,1.964899]",
3024,"[5.669302,1.959689,1.965538]",
3025,"[5.669486,1.959196,1.966481]",
3026,"[5.669569,1.95862,1.966909]",
3027,"[5.668795,1.956574,1.96292]",
3028,"[5.668049,1.954717,1.959074]",
3029,"[5.66842,1.95295,1.960986]",
3030,"[5.668884,1.949623,1.963379]",
3031,"[5.669023,1.948133,1.964096]",
3032,"[5.669176,1.944951,1.964882]",
3033,"[5.669294,1.942917,1.965004]",
3034,"[5.561659,1.906341,1.989731]",
3035,"[5.530811,1.896652,1.998541]",
3036,"[5.532517,1.898306,1.994036]",
3037,"[5.535965,1.901065,1.990748]",
3038,"[5.53716,1.902369,1.987817]",
3039,"[5.54166,1.90729,1.983847]",
3040,"[5.544822,1.909496,1.980644]",
3041,"[5.95,2.057716,1.861899]",
3042,"[5.95,2.057563,1.862418]",
3043,"[5.95,2.057024,1.864944]",
3044,"[5.95,2.056446,1.866919]",
3045,"[5.95,2.055725,1.868479]",
3046,"[5.95,2.056051,1.870069]",
3047,"[5.95,2.056488,1.873629]",
3048,"[5.95,2.056045,1.878603]",
3049,"[5.95,2.055767,1.880189]",
3050,"[5.95,2.054765,1.883525]",
3051,"[5.95,2.054795,1.884694]",
3052,"[5.95,2.052553,1.886971]",
3053,"[5.95,2.050161,1.887784]",
3054,"[5.95,2.04915,1.887882]",
3055,"[5.95,2.044298,1.879041]",
3056,"[5.95,2.039763,1.87101]",
3057,"[5.95,2.034122,1.852124]",
3058,"[5.95,2.031057,1.845272]",
3059,"[5.95,2.023861,1.832573]",
3060,"[5.95,2.017706,1.826286]",
3061,"[5.95,2.010318,1.820062]",
3062,"[5.95,1.994524,1.811565]",
3063,"[5.95,1.984804,1.80856]",
3064,"[5.611304,1.830736,1.915518]",
3065,"[5.95,1.759636,1.791101]",
3066,"[5.95,1.710031,1.783842]",
3067,"[5.665958,1.609088,1.886395]",
3068,"[5.665934,1.583705,1.886375]",
3069,"[5.667522,1.548092,1.887712]",
3070,"[5.666914,1.531404,1.8872]",
3071,"[5.666043,1.502913,1.886467]",
3072,"[5.664286,1.48993,1.884988]",
3073,"[5.660885,1.471986,1.882125]",
3074,"[5.658194,1.462248,1.879859]",
3075,"[5.655724,1.452649,1.877781]",
3076,"[5.578642,1.454051,1.96188]",
3077,"[5.578642,1.442564,1.971407]",
3078,"[5.578642,1.415041,1.981436]",
3079,"[5.578642,1.357404,1.989701]",
3080,"[5.578642,1.298093,1.986503]",
3081,"[5.578642,1.269548,1.982041]",
3082,"[5.583682,1.23371,1.971603]",
3083,"[5.679101,1.153,1.939561]",
3084,"[5.624534,1.15041,1.942331]",
3085,"[5.624534,1.07002,1.924085]",
3086,"[5.624534,1.03367,1.918788]",
3087,"[5.624534,0.9539962,1.906162]",
3088,"[5.624534,0.919638,1.900054]",
3089,"[5.624534,0.8851433,1.89035]",
3090,"[5.624534,0.8800821,1.887867]",
3091,"[5.624534,0.8626531,1.879747]",
3092,"[5.624534,0.8622264,1.877405]",
3093,"[5.624534,0.8611168,1.873843]",
3094,"[5.624534,0.8788382,1.862868]",
3095,"[5.624534,0.8846025,1.85625]",
3096,"[5.624534,0.9246677,1.841108]",
3097,"[5.624534,0.9394403,1.832246]",
3098,"[5.624534,0.9587497,1.817947]",
3099,"[5.624534,0.9650086,1.809412]",
3100,"[5.624534,0.9671761,1.796969]",
3101,"[5.624534,0.9825513,1.77676]",
3102,"[5.624534,0.9858687,1.75448]",
3103,"[5.624534,0.9771575,1.695275]",
3104,"[5.468573,0.9005975,1.458203]",
3105,"[5.365076,0.3681998,0.5879545]",
3106,"[5.19979,0.7790793,1.131948]",
3107,"[5.181942,0.7737919,1.126355]",
3108,"[5.055938,1.06173,1.518632]",
3109,"[5.045679,1.053444,1.518632]",
3110,"[5.039141,1.039616,1.518632]",
3111,"[5.040278,1.033064,1.518632]",
3112,"[5.048103,1.02267,1.518632]",
3113,"[5.052158,1.019324,1.518632]",
3114,"[5.071281,1.010151,1.518632]",
3115,"[5.220432,0.5773456,1.102194]",
3116,"[5.226244,0.5773456,1.13689]",
3117,"[5.225785,0.5773456,1.191269]",
3118,"[5.221483,0.5773456,1.220148]",
3119,"[5.207585,0.5773456,1.28539]",
3120,"[5.196298,0.5773456,1.325973]",
3121,"[5.188413,0.5773456,1.379202]",
3122,"[5.198515,0.5773456,1.429043]",
3123,"[5.20438,0.5773456,1.472713]",
3124,"[5.579816,0.3184741,1.773965]",
3125,"[5.579532,0.3232068,1.782098]",
3126,"[5.573266,0.5262378,1.961533]",
3127,"[5.572722,0.5484512,1.977101]",
3128,"[5.572285,0.5717822,1.989633]",
3129,"[5.572298,0.5850773,1.989244]",
3130,"[5.572577,0.6055701,1.981264]",
3131,"[5.572906,0.6154749,1.971841]",
3132,"[5.57445,0.6181517,1.92762]",
3133,"[5.576476,0.6163007,1.869621]",
3134,"[5.577522,0.6110822,1.839644]",
3135,"[5.57947,0.5986342,1.783874]",
3136,"[5.580435,0.5912006,1.756219]",
3137,"[5.583653,0.5374713,1.664077]",
3138,"[5.759432,0.2535857,1.476214]",
3139,"[5.297981,0.876475,1.563032]",
3140,"[5.291712,0.8365794,1.471459]",
3141,"[5.369554,0.6726176,1.268422]",
3142,"[4.912021,0.9571273,1.518632]",
3143,"[4.900773,0.9602271,1.518632]",
3144,"[4.843563,0.9573043,1.518632]",
3145,"[4.829854,0.959004,1.518632]",
3146,"[4.809372,0.9618233,1.518632]",
3147,"[4.812374,0.9632061,1.518632]",
3148,"[4.813982,0.9645938,1.518632]",
3149,"[4.824519,0.9705934,1.518632]",
3150,"[4.826919,0.9739286,1.518632]",
3151,"[4.833367,0.9796131,1.518632]",
3152,"[4.840013,0.9790348,1.518632]",
3153,"[4.844617,0.9797166,1.518632]",
3154,"[4.846395,0.979103,1.518632]",
3155,"[4.847206,0.9790701,1.518632]",
3156,"[4.849189,0.977515,1.518632]",
3157,"[4.852332,0.9746045,1.518632]",
3158,"[4.854744,0.9713967,1.518632]",
3159,"[4.856313,0.96685,1.518632]",
3160,"[4.862965,0.9553476,1.518632]",
3161,"[4.867216,0.948985,1.518632]",
3162,"[4.874136,0.9347367,1.518632]",
3163,"[4.87719,0.9276657,1.518632]",
3164,"[4.874734,0.9148137,1.518632]",
3165,"[4.87248,0.8975041,1.518632]",
3166,"[4.872422,0.891627,1.518632]",
3167,"[4.875582,0.8846135,1.518632]",
3168,"[4.877587,0.8820653,1.518632]",
3169,"[4.880111,0.8795299,1.518632]",
3170,"[4.881029,0.8797703,1.518632]",
3171,"[4.882535,0.8798712,1.518632]",
3172,"[4.88646,0.8809792,1.518632]",
3173,"[4.889256,0.8818126,1.518632]",
3174,"[4.900164,0.8805745,1.518632]",
3175,"[4.910535,0.8763843,1.518632]",
3176,"[4.991121,0.8216993,1.543278]",
3177,"[5.365076,0.4758971,1.408094]",
3178,"[5.37599,0.5158638,1.476213]",
3179,"[5.774338,0.1712818,1.476214]",
3180,"[5.583695,0.4515027,1.662874]",
3181,"[5.577806,0.5588748,1.831519]",
3182,"[5.576326,0.5782619,1.87389]",
3183,"[5.581865,0.6464211,2.010908]",
3184,"[5.580555,0.6578485,2.04963]",
3185,"[5.574423,0.6519237,2.099611]",
3186,"[5.578114,0.6375421,2.118344]",
3187,"[5.585252,0.622529,2.136855]",
3188,"[5.573767,0.6194239,2.147749]",
3189,"[5.573864,0.6148844,2.144954]",
3190,"[5.57462,0.6045683,2.12332]",
3191,"[5.57472,0.6029183,2.120463]",
3192,"[5.574916,0.5872329,2.101831]",
3193,"[5.574442,0.5831304,2.099057]",
3194,"[5.574506,0.5811193,2.097217]",
3195,"[5.574667,0.5785139,2.100831]",
3196,"[5.574485,0.5761868,2.097826]",
3197,"[5.574791,0.5699704,2.089048]",
3198,"[5.574852,0.56882,2.087296]",
3199,"[5.569134,0.5712,2.079866]",
3200,"[5.569554,0.565409,2.067827]",
3201,"[5.569785,0.5643099,2.061226]",
3202,"[5.570606,0.5573194,2.037704]",
3203,"[5.570797,0.5589406,2.032228]",
3204,"[5.571281,0.5656223,2.018371]",
3205,"[5.571542,0.5718009,2.010906]",
3206,"[5.571843,0.5851772,2.002287]",
3207,"[5.571933,0.5948766,1.999703]",
3208,"[5.571991,0.610038,1.998045]",
3209,"[5.572041,0.6163014,1.996619]",
3210,"[5.573288,0.622529,1.995584]",
3211,"[5.588202,0.622529,1.984768]",
3212,"[5.582815,0.6435928,1.983706]",
3213,"[5.583081,0.6552019,1.976101]",
3214,"[5.583143,0.6525182,1.974319]",
3215,"[5.583393,0.640803,1.967146]",
3216,"[5.583502,0.6383107,1.964038]",
3217,"[5.583619,0.6339028,1.960682]",
3218,"[5.584026,0.622529,1.95422]",
3219,"[5.579514,0.622529,1.953518]",
3220,"[5.573622,0.6181321,1.951331]",
3221,"[5.573673,0.6106265,1.949858]",
3222,"[5.573705,0.5895391,1.948967]",
3223,"[5.573728,0.5749764,1.948308]",
3224,"[5.573741,0.5610237,1.947924]",
3225,"[5.573759,0.5361345,1.947417]",
3226,"[5.573748,0.5296722,1.947739]",
3227,"[5.573737,0.5167007,1.948048]",
3228,"[5.573706,0.506556,1.948934]",
3229,"[5.573906,0.4877991,1.943206]",
3230,"[5.574101,0.4799242,1.937604]",
3231,"[5.574371,0.4668394,1.929876]",
3232,"[5.574481,0.4601657,1.926741]",
3233,"[5.574574,0.45185,1.92406]",
3234,"[5.574691,0.4449014,1.920711]",
3235,"[5.574753,0.4394885,1.918947]",
3236,"[5.574839,0.4307383,1.916495]",
3237,"[5.574855,0.4280314,1.91603]",
3238,"[5.574871,0.430371,1.91557]",
3239,"[5.574872,0.4343672,1.915557]",
3240,"[5.574852,0.4525281,1.916103]",
3241,"[5.574813,0.4730013,1.917215]",
3242,"[5.574832,0.4885517,1.916668]",
3243,"[5.574866,0.5039812,1.915717]",
3244,"[5.574876,0.508528,1.915422]",
3245,"[5.574896,0.5139775,1.914859]",
3246,"[5.574901,0.5164613,1.914712]",
3247,"[5.57487,0.5191761,1.915601]",
3248,"[5.574852,0.5200704,1.91613]",
3249,"[5.574835,0.5205271,1.916595]",
3250,"[5.574857,0.5148122,1.915955]",
3251,"[5.574894,0.5079972,1.91491]",
3252,"[5.574954,0.4962895,1.913188]",
3253,"[5.574949,0.4964528,1.913321]",
3254,"[5.574945,0.499674,1.91345]",
3255,"[5.574954,0.504042,1.913208]",
3256,"[5.574958,0.5087411,1.91306]",
3257,"[5.575021,0.523121,1.91126]",
3258,"[5.575068,0.5294443,1.909938]",
3259,"[5.575356,0.5381945,1.901695]",
3260,"[5.575441,0.5406066,1.899251]",
3261,"[5.575536,0.5439805,1.896514]",
3262,"[5.575535,0.5450664,1.896541]",
3263,"[5.575481,0.5496404,1.898082]",
3264,"[5.575435,0.5527931,1.899428]",
3265,"[5.575388,0.5556152,1.900751]",
3266,"[5.575311,0.5599554,1.902972]",
3267,"[5.575295,0.5606335,1.903431]",
3268,"[5.575268,0.5610741,1.904209]",
3269,"[5.578156,0.5532786,1.90282]",
3270,"[5.58244,0.5436829,1.899391]",
3271,"[5.582487,0.5390332,1.898053]",
3272,"[5.582564,0.5386078,1.895851]",
3273,"[5.582689,0.5382692,1.892255]",
3274,"[5.582736,0.5382836,1.89091]",
3275,"[5.581928,0.5393934,1.889308]",
3276,"[5.579475,0.5424187,1.889645]",
3277,"[5.575458,0.5504593,1.890228]",
3278,"[5.573267,0.5547775,1.890909]",
3279,"[5.570427,0.5606987,1.892262]",
3280,"[5.565186,0.5710053,1.895631]",
3281,"[5.561357,0.5770915,1.898461]",
3282,"[5.552778,0.5882961,1.905418]",
3283,"[5.547961,0.594286,1.909242]",
3284,"[5.536015,0.6071578,1.918491]",
3285,"[5.529675,0.6133355,1.923001]",
3286,"[5.51953,0.622529,1.929856]",
3287,"[5.51686,0.622529,1.931362]",
3288,"[5.621671,0.5355453,1.87691]",
3289,"[5.61783,0.5345454,1.878921]",
3290,"[5.61525,0.5339876,1.880028]",
3291,"[5.610245,0.5331286,1.881697]",
3292,"[5.607431,0.5326766,1.882568]",
3293,"[5.600473,0.5317191,1.88438]",
3294,"[5.95,0.2356788,1.696056]",
3295,"[5.950001,0.2290732,1.692079]",
3296,"[5.950001,0.2013937,1.681148]",
3297,"[5.950001,0.1842315,1.67851]",
3298,"[5.930232,0.1391575,1.672914]",
3299,"[5.909686,0.1165975,1.672196]",
3300,"[5.821599,0.1,1.685369]",
3301,"[5.774045,0.1,1.693671]",
3302,"[5.607975,0.1,1.714174]",
3303,"[5.577721,0.1,1.71747]",
3304,"[5.370944,0.408,1.885666]",
3305,"[5.343471,0.408,1.890545]",
3306,"[5.336736,0.4080001,1.889968]",
3307,"[5.333565,0.4080001,1.886474]",
3308,"[5.332484,0.4080001,1.883999]",
3309,"[5.333233,0.4080001,1.876788]",
3310,"[5.470901,0.1,1.716612]",
3311,"[5.469532,0.1,1.711406]",
3312,"[5.453307,0.1,1.711459]",
3313,"[5.440945,0.1,1.714463]",
3314,"[5.424895,0.1,1.717229]",
3315,"[5.299253,0.4080001,1.872865]",
3316,"[5.294101,0.408,1.874352]",
3317,"[5.293162,0.4080001,1.87605]",
3318,"[5.29204,0.4080001,1.880276]",
3319,"[5.292053,0.4080001,1.882168]",
3320,"[5.29234,0.408,1.883652]",
3321,"[5.293263,0.4080001,1.88554]",
3322,"[5.293993,0.4080001,1.886174]",
3323,"[5.295362,0.4080001,1.888126]",
3324,"[5.295763,0.408,1.889473]",
3325,"[5.295213,0.408,1.89304]",
3326,"[5.294556,0.4080001,1.895062]",
3327,"[5.293836,0.4080001,1.896993]",
3328,"[5.292405,0.4080001,1.8997]",
3329,"[5.292222,0.4080001,1.900441]",
3330,"[5.291525,0.4080001,1.900567]",
3331,"[5.290997,0.4080001,1.900202]",
3332,"[5.289961,0.4080001,1.898953]",
3333,"[5.289291,0.4080001,1.898328]",
3334,"[5.287644,0.4080001,1.89757]",
3335,"[5.286513,0.4080001,1.897224]",
3336,"[5.285411,0.408,1.896867]",
3337,"[5.283297,0.4080001,1.896435]",
3338,"[5.282081,0.408,1.896624]",
3339,"[5.27591,0.4080001,1.900725]",
3340,"[5.265782,0.4080001,1.908956]",
3341,"[5.254819,0.4080001,1.917372]",
3342,"[5.245337,0.4080001,1.920889]",
3343,"[5.238591,0.4080001,1.923598]",
3344,"[5.226811,0.4080001,1.928113]",
3345,"[5.222286,0.4080001,1.929687]",
3346,"[5.21403,0.408,1.932249]",
3347,"[5.211072,0.4080001,1.934034]",
3348,"[5.206855,0.408,1.936691]",
3349,"[5.205254,0.4080001,1.937749]",
3350,"[5.203525,0.4080001,1.938702]",
3351,"[5.201278,0.4080001,1.93963]",
3352,"[5.201059,0.4080001,1.93984]",
3353,"[5.205997,0.4080001,1.936833]",
3354,"[5.206254,0.4080001,1.937249]",
3355,"[5.206791,0.4080001,1.938092]",
3356,"[5.207025,0.4080001,1.938484]",
3357,"[5.209684,0.4080001,1.937198]",
3358,"[5.210051,0.4080001,1.937508]",
3359,"[5.212687,0.4080001,1.935745]",
3360,"[5.217601,0.4080001,1.932475]",
3361,"[5.218162,0.4080001,1.932875]",
3362,"[5.220127,0.4080001,1.934484]",
3363,"[5.2231,0.4080001,1.933501]",
3364,"[5.225099,0.4080001,1.931606]",
3365,"[5.227215,0.4080001,1.929654]",
3366,"[5.229451,0.4080001,1.928096]",
3367,"[5.229637,0.4080001,1.928233]",
3368,"[5.229872,0.4080001,1.92836]",
3369,"[5.230123,0.4080001,1.928729]",
3370,"[5.230306,0.4080001,1.92887]",
3371,"[5.230562,0.4080001,1.929074]",
3372,"[5.230695,0.4080001,1.929151]",
3373,"[5.230802,0.4080001,1.929347]",
3374,"[5.231795,0.4080001,1.927479]",
3375,"[5.232546,0.4080001,1.926123]",
3376,"[5.232644,0.4080001,1.926243]",
3377,"[5.229463,0.4297931,1.930197]",
3378,"[5.220835,0.4869314,1.940158]",
3379,"[5.218673,0.4990198,1.942435]",
3380,"[5.217918,0.4946668,1.94235]",
3381,"[5.217574,0.4914176,1.942107]",
3382,"[5.217178,0.4874605,1.942232]",
3383,"[5.216959,0.4866023,1.942213]",
3384,"[5.268767,0.1,1.884955]",
3385,"[5.266812,0.1,1.883777]",
3386,"[5.266385,0.1,1.881856]",
3387,"[5.265835,0.1,1.87827]",
3388,"[5.265627,0.1,1.876138]",
3389,"[5.266824,0.0999999,1.87061]",
3390,"[5.26676,0.1,1.868914]",
3391,"[5.266598,0.1,1.867361]",
3392,"[5.266721,0.1,1.865854]",
3393,"[5.267248,0.1,1.865564]",
3394,"[5.271289,0.1,1.867742]",
3395,"[5.273004,0.1,1.86884]",
3396,"[5.27502,0.1000001,1.874451]",
3397,"[5.276863,0.1,1.877918]",
3398,"[5.280404,0.1,1.883315]",
3399,"[5.282356,0.1,1.886119]",
3400,"[5.284046,0.1,1.888485]",
3401,"[5.287167,0.1,1.892618]",
3402,"[5.287679,0.1,1.892835]",
3403,"[5.289663,0.1,1.893337]",
3404,"[5.291532,0.1,1.893613]",
3405,"[5.296429,0.1,1.894263]",
3406,"[5.299113,0.1,1.894656]",
3407,"[5.305889,0.1,1.895435]",
3408,"[5.308061,0.1,1.895207]",
3409,"[5.311555,0.1,1.89509]",
3410,"[5.320851,0.1,1.893673]",
3411,"[5.326478,0.1,1.893759]",
3412,"[5.344496,0.1,1.893631]",
3413,"[5.354831,0.1,1.893667]",
3414,"[5.347273,0.4080001,1.911692]",
3415,"[5.45765,0.0999999,1.861103]",
3416,"[5.474182,0.1,1.858149]",
3417,"[5.499475,0.1,1.856216]",
3418,"[5.511012,0.1,1.856426]",
3419,"[5.514607,0.1,1.850103]",
3420,"[5.520027,0.1,1.846183]",
3421,"[5.526558,0.1,1.850137]",
3422,"[5.527126,0.1,1.849744]",
3423,"[5.529262,0.1,1.851911]",
3424,"[5.541349,0.1,1.864793]",
3425,"[5.548912,0.1,1.877148]",
3426,"[5.567237,0.1,1.919493]",
3427,"[5.573414,0.3680273,2.157841]",
3428,"[5.572248,0.3956708,2.191263]",
3429,"[5.569065,0.4926539,2.282388]",
3430,"[5.567349,0.5295719,2.331534]",
3431,"[5.566711,0.5396909,2.349797]",
3432,"[5.566198,0.5419577,2.364506]",
3433,"[5.565284,0.5432084,2.390671]",
3434,"[5.565288,0.5423621,2.39055]",
3435,"[5.565347,0.5387857,2.388877]",
3436,"[5.565364,0.5368778,2.388363]",
3437,"[5.56547,0.5305084,2.385333]",
3438,"[5.56552,0.5277586,2.383909]",
3439,"[5.565756,0.522269,2.377152]",
3440,"[5.566179,0.5153901,2.36505]",
3441,"[5.566338,0.5133262,2.360504]",
3442,"[5.566533,0.5091125,2.354904]",
3443,"[5.566601,0.50675,2.352958]",
3444,"[5.566649,0.5035936,2.351585]",
3445,"[5.566647,0.5020006,2.351655]",
3446,"[5.566368,0.5043746,2.359638]",
3447,"[5.565904,0.5065008,2.372909]",
3448,"[5.565773,0.5059161,2.376663]",
3449,"[5.56552,0.5039378,2.38392]",
3450,"[5.565389,0.5025302,2.387661]",
3451,"[5.565408,0.4976319,2.387123]",
3452,"[5.565402,0.4940614,2.387298]",
3453,"[5.560343,0.4946359,2.392738]",
3454,"[5.551567,0.5043232,2.388402]",
3455,"[5.543252,0.5138923,2.384131]",
3456,"[5.523015,0.5436816,2.377598]",
3457,"[5.511071,0.5628757,2.374631]",
3458,"[5.486207,0.6040199,2.369526]",
3459,"[5.475084,0.622529,2.367203]",
3460,"[5.561827,0.467019,2.378897]",
3461,"[5.561416,0.467698,2.378329]",
3462,"[5.561073,0.4683767,2.377764]",
3463,"[5.557284,0.4726328,2.374161]",
3464,"[5.556596,0.4742517,2.372817]",
3465,"[5.554442,0.4768698,2.370606]",
3466,"[5.552789,0.4780647,2.369574]",
3467,"[5.546722,0.4826082,2.365657]",
3468,"[5.543454,0.4845111,2.363991]",
3469,"[5.530543,0.491336,2.357975]",
3470,"[5.525275,0.4927961,2.35545]",
3471,"[5.522143,0.4912246,2.353411]",
3472,"[5.513173,0.4885911,2.349865]",
3473,"[5.508891,0.4877517,2.348685]",
3474,"[5.501087,0.4863126,2.346645]",
3475,"[5.490594,0.4862118,2.346155]",
3476,"[5.476508,0.4859791,2.345378]",
3477,"[5.437376,0.4870921,2.345378]",
3478,"[5.420894,0.4872788,2.345031]",
3479,"[5.402862,0.4863762,2.343293]",
3480,"[5.396691,0.4856408,2.342175]",
3481,"[5.387001,0.484322,2.340217]",
3482,"[5.382919,0.4836685,2.339272]",
3483,"[5.374059,0.4829698,2.338105]",
3484,"[5.369692,0.4829207,2.337893]",
3485,"[5.366313,0.483395,2.338357]",
3486,"[5.361567,0.4837611,2.338641]",
3487,"[5.360898,0.4840193,2.338934]",
3488,"[5.360051,0.4843408,2.339299]",
3489,"[5.359797,0.4844873,2.33947]",
3490,"[5.359291,0.4848971,2.339956]",
3491,"[5.359108,0.4851005,2.340199]",
3492,"[5.360387,0.4855672,2.340817]",
3493,"[5.361292,0.4856587,2.340961]",
3494,"[5.362206,0.4857815,2.341143]",
3495,"[5.365185,0.4862937,2.341876]",
3496,"[5.367042,0.4866576,2.342388]",
3497,"[5.368545,0.4891388,2.345487]",
3498,"[5.368953,0.4903569,2.346997]",
3499,"[5.369636,0.4925094,2.349663]",
3500,"[5.3701,0.4923266,2.349455]",
3501,"[5.370341,0.492249,2.349368]",
3502,"[5.369655,0.492539,2.3497]",
3503,"[5.368638,0.4926752,2.349832]",
3504,"[5.366669,0.4928804,2.350015]",
3505,"[5.366375,0.4929674,2.350111]",
3506,"[5.366072,0.4931088,2.350275]",
3507,"[5.365946,0.4930567,2.350206]",
3508,"[5.365795,0.4929789,2.350105]",
3509,"[5.365917,0.4824566,2.337191]",
3510,"[5.365634,0.478855,2.332759]",
3511,"[5.365924,0.4747008,2.327669]",
3512,"[5.366571,0.4731342,2.325768]",
3513,"[5.367924,0.4706431,2.322757]",
3514,"[5.36837,0.4695396,2.321418]",
3515,"[5.368764,0.4676019,2.319052]",
3516,"[5.368742,0.4666442,2.317876]",
3517,"[5.368961,0.4652431,2.316163]",
3518,"[5.369636,0.4625812,2.312919]",
3519,"[5.370197,0.461225,2.311274]",
3520,"[5.371409,0.4600744,2.309903]",
3521,"[5.372077,0.4601427,2.31001]",
3522,"[5.372413,0.4602142,2.31011]",
3523,"[5.372549,0.4602013,2.310099]",
3524,"[5.372668,0.4601762,2.310072]",
3525,"[5.372854,0.4600928,2.309976]",
3526,"[5.372938,0.4600443,2.30992]",
3527,"[5.373004,0.4600117,2.309882]",
3528,"[5.373069,0.459989,2.309856]",
3529,"[5.373246,0.4602386,2.310169]",
3530,"[5.373149,0.4603627,2.310318]",
3531,"[5.381908,0.4331962,2.310005]",
3532,"[5.37915,0.441003,2.31039]",
3533,"[5.339361,0.5621846,2.312056]",
3534,"[5.337404,0.5645823,2.310892]",
3535,"[5.33707,0.5652323,2.311034]",
3536,"[5.338035,0.5613153,2.311266]",
3537,"[5.49043,0.1,2.309254]",
3538,"[5.490007,0.1,2.309614]",
3539,"[5.489921,0.1,2.309765]",
3540,"[5.490882,0.1,2.310531]",
3541,"[5.493118,0.1,2.312093]",
3542,"[5.493144,0.1,2.312886]",
3543,"[5.495485,0.1000001,2.3146]",
3544,"[5.497531,0.1,2.315519]",
3545,"[5.499813,0.1,2.316917]",
3546,"[5.500275,0.1000001,2.317528]",
3547,"[5.503211,0.1,2.316573]",
3548,"[5.504609,0.1,2.317079]",
3549,"[5.505585,0.1,2.317601]",
3550,"[5.50708,0.1,2.318307]",
3551,"[5.507903,0.1,2.318564]",
3552,"[5.51262,0.1,2.320669]",
3553,"[5.515265,0.1,2.322386]",
3554,"[5.520766,0.1000001,2.326602]",
3555,"[5.523831,0.1,2.33009]",
3556,"[5.526849,0.1,2.333643]",
3557,"[5.53164,0.1,2.340002]",
3558,"[5.533847,0.1,2.343597]",
3559,"[5.537963,0.1,2.354755]",
3560,"[5.540153,0.1,2.362541]",
3561,"[5.542297,0.1,2.380961]",
3562,"[5.581685,0.1,2.475597]",
3563,"[5.592484,0.1,2.507951]",
3564,"[5.534887,0.3638211,2.667959]",
3565,"[5.534509,0.3783279,2.678769]",
3566,"[5.534082,0.3939365,2.691]",
3567,"[5.534136,0.3980069,2.68945]",
3568,"[5.534226,0.4030734,2.686881]",
3569,"[5.534261,0.4044502,2.685868]",
3570,"[5.534309,0.4052679,2.684503]",
3571,"[5.534322,0.4052066,2.684119]",
3572,"[5.534372,0.4057456,2.682685]",
3573,"[5.534442,0.4095899,2.68069]",
3574,"[5.534361,0.4181017,2.683023]",
3575,"[5.534307,0.4611911,2.684573]",
3576,"[5.534274,0.4873089,2.685499]",
3577,"[5.534196,0.527801,2.687742]",
3578,"[5.534133,0.5462316,2.689537]",
3579,"[5.534061,0.5581302,2.691596]",
3580,"[5.534005,0.570338,2.6932]",
3581,"[5.533837,0.5720711,2.698027]",
3582,"[5.533351,0.5628505,2.711931]",
3583,"[5.533056,0.5550125,2.720376]",
3584,"[5.532524,0.541404,2.735616]",
3585,"[5.532463,0.5350009,2.737373]",
3586,"[5.532247,0.5334345,2.743554]",
3587,"[5.532147,0.5317051,2.746414]",
3588,"[5.532192,0.5308825,2.745118]",
3589,"[5.532408,0.5331091,2.738935]",
3590,"[5.53255,0.5356663,2.734882]",
3591,"[5.532685,0.5383938,2.730998]",
3592,"[5.532753,0.5399511,2.729075]",
3593,"[5.532908,0.5428445,2.724619]",
3594,"[5.532983,0.5439256,2.722466]",
3595,"[5.533026,0.544422,2.721242]",
3596,"[5.533119,0.5439692,2.718579]",
3597,"[5.533147,0.5436321,2.717772]",
3598,"[5.533179,0.5433752,2.716854]",
3599,"[5.533186,0.5432262,2.716658]",
3600,"[5.533207,0.5430498,2.716043]",
3601,"[5.53322,0.54279,2.715682]",
3602,"[5.533257,0.5422711,2.714647]",
3603,"[5.533305,0.5399361,2.713256]",
3604,"[5.533322,0.538225,2.712752]",
3605,"[5.533347,0.5340265,2.712062]",
3606,"[5.532643,0.5328144,2.7116]",
3607,"[5.527024,0.5389674,2.708897]",
3608,"[5.52174,0.5464398,2.706485]",
3609,"[5.508634,0.5640061,2.701238]",
3610,"[5.498095,0.5792008,2.697804]",
3611,"[5.487306,0.5943586,2.695888]",
3612,"[5.465632,0.622529,2.689771]",
3613,"[5.462503,0.622529,2.688515]",
3614,"[5.457298,0.622529,2.689612]",
3615,"[5.456192,0.622529,2.69094]",
3616,"[5.60442,0.3274307,2.739555]",
3617,"[5.594759,0.3441845,2.739024]",
3618,"[5.58452,0.3580137,2.740698]",
3619,"[5.564315,0.3937089,2.736743]",
3620,"[5.553972,0.4087164,2.736014]",
3621,"[5.533246,0.4379892,2.732759]",
3622,"[5.532589,0.4351565,2.733416]",
3623,"[5.531536,0.4267204,2.734494]",
3624,"[5.530699,0.4229065,2.734839]",
3625,"[5.525075,0.4196707,2.734795]",
3626,"[5.522753,0.4170448,2.734894]",
3627,"[5.472697,0.4346167,2.728761]",
3628,"[5.446186,0.4330983,2.726463]",
3629,"[5.438473,0.402737,2.727423]",
3630,"[5.427896,0.3762085,2.727728]",
3631,"[5.424531,0.3674774,2.728044]",
3632,"[5.423677,0.3446001,2.732278]",
3633,"[5.422782,0.3379662,2.733769]",
3634,"[5.42397,0.3268002,2.736103]",
3635,"[5.425212,0.3093317,2.742505]",
3636,"[5.425883,0.3011099,2.746469]",
3637,"[5.427636,0.2853193,2.752762]",
3638,"[5.428392,0.2786354,2.755035]",
3639,"[5.431417,0.2657144,2.756762]",
3640,"[5.433402,0.2585067,2.75755]",
3641,"[5.436243,0.2499812,2.758176]",
3642,"[5.443601,0.2324878,2.758653]",
3643,"[5.319909,0.622529,2.698128]",
3644,"[5.324698,0.622529,2.694986]",
3645,"[5.328613,0.622529,2.692645]",
3646,"[5.380457,0.622529,2.66907]",
3647,"[5.68658,0.1,2.638672]",
3648,"[5.459651,0.622529,2.591192]",
3649,"[5.472663,0.622529,2.577221]",
3650,"[5.483911,0.622529,2.56386]",
3651,"[5.501426,0.622529,2.546143]",
3652,"[5.50401,0.6202205,2.53621]",
3653,"[5.807929,0.1,2.471103]",
3654,"[5.809003,0.1,2.467232]",
3655,"[5.815632,0.1,2.444198]",
3656,"[5.819694,0.1,2.426015]",
3657,"[5.85547,0.1,2.367329]",
3658,"[5.879369,0.1,2.306123]",
3659,"[5.886037,0.1,2.275538]",
3660,"[5.877642,0.1,2.204454]",
3661,"[5.867843,0.1,2.168696]",
3662,"[5.851621,0.1,2.123987]",
3663,"[5.825425,0.131414,2.11421]",
3664,"[5.753884,0.2192712,2.111712]",
3665,"[5.705987,0.2879089,2.110039]",
3666,"[5.690992,0.3132688,2.109516]",
3667,"[5.627515,0.407606,2.107299]",
3668,"[5.590501,0.4617256,2.106007]",
3669,"[5.762664,0.1,1.910523]",
3670,"[5.756269,0.1,1.879865]",
3671,"[5.582505,0.1,1.621568]",
3672,"[5.521548,0.1,1.558559]",
3673,"[5.353156,0.5490715,1.838508]",
3674,"[5.317224,0.558709,1.816573]",
3675,"[5.301567,0.5627533,1.807348]",
3676,"[5.301589,0.5615931,1.809839]",
3677,"[5.30457,0.5593013,1.814861]",
3678,"[5.306027,0.5575656,1.818636]",
3679,"[5.309891,0.555969,1.822197]",
3680,"[5.326223,0.5504442,1.834623]",
3681,"[5.333388,0.5479863,1.840147]",
3682,"[5.341154,0.5445022,1.847894]",
3683,"[5.346431,0.5406411,1.856364]",
3684,"[5.352025,0.5383336,1.86151]",
3685,"[5.357695,0.536045,1.866619]",
3686,"[5.358328,0.5361389,1.86644]",
3687,"[5.355023,0.5393118,1.859516]",
3688,"[5.350554,0.5426665,1.852162]",
3689,"[5.346479,0.5461465,1.844552]",
3690,"[5.344016,0.550694,1.834708]",
3691,"[5.339385,0.555177,1.824926]",
3692,"[5.512437,0.1,1.550556]",
3693,"[5.504092,0.1,1.523517]",
3694,"[5.44368,0.1554458,1.476214]",
3695,"[5.383531,0.2351127,1.476213]",
3696,"[5.097415,0.7930955,1.51406]",
3697,"[4.909027,0.8974376,1.518632]",
3698,"[4.88205,0.9144632,1.518632]",
3699,"[4.777783,0.9878787,1.518632]",
3700,"[4.752818,1.005211,1.518632]",
3701,"[4.601195,0.9201824,1.336279]",
3702,"[4.574863,0.9871037,1.420305]",
3703,"[4.566956,1.010534,1.445537]",
3704,"[4.553482,1.049841,1.488531]",
3705,"[4.539138,1.054265,1.488003]",
3706,"[4.530624,1.054875,1.485335]",
3707,"[4.539596,1.051812,1.488146]",
3708,"[4.540553,1.049426,1.488446]",
3709,"[4.540187,1.044953,1.488332]",
3710,"[4.537978,1.045343,1.487639]",
3711,"[4.539923,1.046264,1.488249]",
3712,"[4.537907,1.052524,1.487617]",
3713,"[4.533106,1.057829,1.486113]",
3714,"[4.526049,1.059764,1.483901]",
3715,"[4.503051,1.06301,1.476694]",
3716,"[4.487971,1.063293,1.471968]",
3717,"[3.621089,0.3771648,0.6120926]",
3718,"[3.611056,0.3836832,0.6263931]",
3719,"[3.586769,0.3955226,0.6602408]",
3720,"[3.573322,0.4003402,0.6786426]",
3721,"[3.56018,0.3912175,0.6939279]",
3722,"[3.561276,0.3815815,0.6906238]",
3723,"[3.561411,0.3749878,0.6891612]",
3724,"[3.561618,0.3634314,0.6866364]",
3725,"[3.561965,0.3579011,0.6851066]",
3726,"[3.572155,0.3231338,0.6650892]",
3727,"[3.566912,0.2949017,0.6312006]",
3728,"[3.587193,0.2949017,0.6374302]",
3729,"[3.611025,0.2949017,0.6497504]",
3730,"[3.628155,0.2949017,0.6624351]",
3731,"[3.650406,0.2949017,0.6888265]",
3732,"[3.884682,0.5135931,0.9964986]",
3733,"[3.878131,0.4541747,0.9964986]",
3734,"[3.87494,0.4348384,0.9964986]",
3735,"[3.872214,0.4214316,0.9964986]",
3736,"[3.872319,0.421004,0.9964986]",
3737,"[3.872108,0.4211489,0.9964986]",
3738,"[3.871575,0.4182676,0.9964986]",
3739,"[3.875935,0.417064,0.9964986]",
3740,"[3.882362,0.408737,0.9964986]",
3741,"[3.885238,0.4027467,0.9964986]",
3742,"[3.90661,0.3902054,0.9964986]",
3743,"[3.919248,0.3838013,0.9964986]",
3744,"[3.942528,0.3802347,0.9964986]",
3745,"[3.949292,0.3785208,0.9964986]",
3746,"[3.95312,0.3823133,0.9964986]",
3747,"[3.960947,0.397075,0.9964986]",
3748,"[3.965301,0.4095671,0.9964986]",
3749,"[3.976158,0.441087,0.9964986]",
3750,"[3.980321,0.4568326,0.9964986]",
3751,"[3.987687,0.475069,0.9964986]",
3752,"[3.993002,0.4840995,0.9964986]",
3753,"[3.996848,0.4914092,0.9964986]",
3754,"[4.011112,0.5129493,0.9964986]",
3755,"[4.016201,0.5228394,0.9964986]",
3756,"[4.031078,0.5349966,0.9964986]",
3757,"[4.044988,0.5439623,0.9964986]",
3758,"[4.057894,0.5514361,0.9793085]",
3759,"[4.06392,0.5514361,0.972605]",
3760,"[4.07273,0.5514361,0.9634334]",
3761,"[4.07726,0.5514361,0.9644183]",
3762,"[4.082143,0.5514361,0.9665317]",
3763,"[4.086422,0.5514361,0.975088]",
3764,"[4.088514,0.5514361,0.9794527]",
3765,"[4.089046,0.5514361,0.9819954]",
3766,"[4.087867,0.5514361,0.9803088]",
3767,"[4.086517,0.5514361,0.9773628]",
3768,"[4.08663,0.5514361,0.9769551]",
3769,"[4.088674,0.5514361,0.9803426]",
3770,"[4.093925,0.5514361,0.9869715]",
3771,"[4.098468,0.5511665,0.9964986]",
3772,"[4.102954,0.530026,0.9964986]",
3773,"[4.105293,0.5203143,0.9964986]",
3774,"[4.105859,0.5064286,0.9964986]",
3775,"[4.106452,0.5027724,0.9964986]",
3776,"[4.106536,0.5026343,0.9964986]",
3777,"[4.105787,0.5072302,0.9964986]",
3778,"[4.105111,0.5128456,0.9964986]",
3779,"[4.101284,0.5196698,0.9964986]",
3780,"[4.100441,0.5211149,0.9964986]",
3781,"[4.097264,0.5174145,0.9964986]",
3782,"[4.094391,0.5009146,0.9964986]",
3783,"[4.090967,0.4819683,0.9964986]",
3784,"[4.089961,0.4808263,0.9964986]",
3785,"[4.088661,0.490547,0.9964986]",
3786,"[4.087397,0.4925005,0.9964986]",
3787,"[4.085627,0.4956065,0.9964986]",
3788,"[4.079278,0.490211,0.9896932]",
3789,"[4.075671,0.4858703,0.9854188]",
3790,"[4.073206,0.4715367,0.9761338]",
3791,"[4.074088,0.4658976,0.9738317]",
3792,"[4.076097,0.4558981,0.9709144]",
3793,"[4.07735,0.4501573,0.9696746]",
3794,"[4.079468,0.4486111,0.9716744]",
3795,"[4.084189,0.4497037,0.9794679]",
3796,"[4.086212,0.4554373,0.9854083]",
3797,"[4.091043,0.4746155,1.00175]",
3798,"[4.093058,0.4822067,1.008771]",
3799,"[4.095813,0.5119305,1.032603]",
3800,"[4.097733,0.5277293,1.045336]",
3801,"[4.100348,0.5463816,1.058634]",
3802,"[4.101211,0.5514361,1.066413]",
3803,"[4.101566,0.5514361,1.069298]",
3804,"[4.090088,0.4579882,1.022967]",
3805,"[4.090974,0.4579883,1.02542]",
3806,"[4.091255,0.4579882,1.026691]",
3807,"[4.091384,0.4579882,1.027509]",
3808,"[4.091512,0.4579882,1.029083]",
3809,"[4.09119,0.4579882,1.035024]",
3810,"[4.090589,0.4579882,1.039334]",
3811,"[4.089025,0.4579882,1.045805]",
3812,"[4.087739,0.4579882,1.049116]",
3813,"[4.085082,0.4579882,1.052872]",
3814,"[4.081445,0.4579882,1.052635]",
3815,"[4.073914,0.4579882,1.053245]",
3816,"[4.069834,0.4579882,1.05386]",
3817,"[4.067955,0.4579882,1.056426]",
3818,"[4.062675,0.4579882,1.059218]",
3819,"[4.062422,0.4579882,1.062407]",
3820,"[4.061778,0.4579882,1.067643]",
3821,"[4.061464,0.4579882,1.069903]",
3822,"[4.061033,0.4579882,1.072795]",
3823,"[4.06093,0.4579882,1.073566]",
3824,"[4.060918,0.4579882,1.074048]",
3825,"[4.061377,0.4579882,1.073859]",
3826,"[4.061828,0.4579882,1.073583]",
3827,"[4.05993,0.4579882,1.069349]",
3828,"[4.058901,0.4579882,1.067159]",
3829,"[4.060754,0.4579882,1.063974]",
3830,"[4.061899,0.4579882,1.062288]",
3831,"[4.063346,0.4579882,1.059925]",
3832,"[4.063794,0.4579882,1.059274]",
3833,"[4.064075,0.4579882,1.058879]",
3834,"[4.064475,0.4579882,1.058441]",
3835,"[4.064587,0.4579882,1.058384]",
3836,"[4.066957,0.4878998,1.07153]",
3837,"[4.074989,0.6091037,1.124304]",
3838,"[4.032372,0.1,0.8990117]",
3839,"[4.032376,0.0999999,0.898602]",
3840,"[4.03274,0.1,0.8976429]",
3841,"[4.032986,0.1,0.8963962]",
3842,"[4.033379,0.1,0.8952327]",
3843,"[4.03388,0.1,0.8927945]",
3844,"[4.034047,0.1,0.8915287]",
3845,"[4.034383,0.1,0.8898849]",
3846,"[4.034553,0.1,0.8893619]",
3847,"[4.035373,0.1,0.8887178]",
3848,"[4.036129,0.1,0.8883188]",
3849,"[4.036844,0.1,0.8878314]",
3850,"[4.038326,0.1,0.8862994]",
3851,"[4.039125,0.1000001,0.8848418]",
3852,"[4.040611,0.1,0.8803596]",
3853,"[4.04144,0.1,0.8771016]",
3854,"[4.042747,0.1,0.8664823]",
3855,"[4.043902,0.1,0.8614392]",
3856,"[4.045011,0.1,0.8557984]",
3857,"[4.046605,0.1,0.8379775]",
3858,"[4.048268,0.1182178,0.8378823]",
3859,"[4.067683,0.2756391,0.6911662]",
3860,"[4.071022,0.3416924,0.6911662]",
3861,"[4.080289,0.6048263,0.8599696]",
3862,"[4.081613,0.6191195,0.8599696]",
3863,"[4.083146,0.6336433,0.8599696]",
3864,"[4.083823,0.6417504,0.8599696]",
3865,"[4.082424,0.6444371,0.8599696]",
3866,"[4.080003,0.651445,0.8599696]",
3867,"[4.078662,0.6549601,0.8599696]",
3868,"[4.07689,0.6593475,0.8599696]",
3869,"[4.076298,0.6602345,0.8599696]",
3870,"[4.075287,0.6621338,0.8599696]",
3871,"[4.074762,0.663302,0.8599696]",
3872,"[4.072587,0.6615977,0.8599696]",
3873,"[4.071977,0.6613168,0.8599696]",
3874,"[4.071545,0.6612596,0.8599696]",
3875,"[4.071247,0.6624091,0.8599696]",
3876,"[4.071281,0.6631296,0.8599696]",
3877,"[4.071819,0.6607406,0.8599696]",
3878,"[4.07227,0.6598659,0.8599696]",
3879,"[4.072616,0.6568729,0.8599696]",
3880,"[4.073026,0.6555874,0.8599696]",
3881,"[4.073726,0.6545616,0.8599696]",
3882,"[4.083151,0.6650671,0.8599696]",
3883,"[4.086651,0.6679993,0.8599696]",
3884,"[4.096678,0.6846623,0.8599696]",
3885,"[4.100165,0.689715,0.8599696]",
3886,"[4.104715,0.6960151,0.8599696]",
3887,"[4.104928,0.6966777,0.8599696]",
3888,"[4.105132,0.6974801,0.8599696]",
3889,"[4.103274,0.6988528,0.8599696]",
3890,"[4.102421,0.6996685,0.8599696]",
3891,"[4.100972,0.7014318,0.8599696]",
3892,"[4.100307,0.7015509,0.8599696]",
3893,"[4.099316,0.7013178,0.8599696]",
3894,"[4.098945,0.7011152,0.8599696]",
3895,"[4.098584,0.7010026,0.8599696]",
3896,"[4.097938,0.700986,0.8599696]",
3897,"[4.097521,0.7010496,0.8599696]",
3898,"[4.096818,0.7011765,0.8599696]",
3899,"[4.09608,0.7009602,0.8599696]",
3900,"[4.094733,0.6998515,0.8599696]",
3901,"[4.094027,0.6989372,0.8599696]",
3902,"[4.092308,0.6964253,0.8599696]",
3903,"[4.091308,0.695324,0.8599696]",
3904,"[4.090168,0.6941674,0.8599696]",
3905,"[4.087708,0.6929978,0.8599696]",
3906,"[4.086265,0.6929353,0.8599696]",
3907,"[4.081738,0.6952946,0.8599696]",
3908,"[4.079924,0.6970437,0.8599696]",
3909,"[4.077918,0.7012184,0.8599696]",
3910,"[4.078451,0.7058772,0.8599696]",
3911,"[4.079027,0.7102388,0.8599696]",
3912,"[4.080521,0.7191406,0.8599696]",
3913,"[4.081768,0.7248274,0.8599696]",
3914,"[4.084273,0.7347156,0.8599696]",
3915,"[4.084875,0.7345102,0.8599696]",
3916,"[4.086781,0.7323312,0.8599696]",
3917,"[4.088721,0.7273573,0.8599696]",
3918,"[4.091512,0.7199497,0.8599696]",
3919,"[4.092664,0.7158342,0.8599696]",
3920,"[4.093686,0.7086989,0.8574719]",
3921,"[4.094261,0.7034439,0.856152]",
3922,"[4.094728,0.7031448,0.8583664]",
3923,"[4.095758,0.7011622,0.8607773]",
3924,"[4.096378,0.7054151,0.8653769]",
3925,"[4.097633,0.7153113,0.8729367]",
3926,"[4.098469,0.7207666,0.8751606]",
3927,"[4.098509,0.7286455,0.8802742]",
3928,"[4.098917,0.7481797,0.8931021]",
3929,"[4.097796,0.7586045,0.8998474]",
3930,"[4.095928,0.7764884,0.911261]",
3931,"[4.095048,0.7853734,0.9170098]",
3932,"[4.093493,0.8020606,0.927587]",
3933,"[4.092727,0.8103834,0.9327683]",
3934,"[4.091365,0.8144361,0.93508]",
3935,"[4.090582,0.8144361,0.9343227]",
3936,"[4.08995,0.8144361,0.9337723]",
3937,"[4.089144,0.8144361,0.9334918]",
3938,"[4.088669,0.8144361,0.9337534]",
3939,"[4.078741,0.6490157,0.7798176]",
3940,"[4.07983,0.6523987,0.7940512]",
3941,"[4.080043,0.6529876,0.8061091]",
3942,"[4.076627,0.6586316,0.8292127]",
3943,"[4.074668,0.6646777,0.8401492]",
3944,"[4.071944,0.6790155,0.8573576]",
3945,"[4.070648,0.683782,0.8635921]",
3946,"[4.068722,0.6895674,0.8750557]",
3947,"[4.067835,0.6901031,0.8792078]",
3948,"[4.071632,0.690962,0.8929355]",
3949,"[4.073902,0.6914217,0.8974678]",
3950,"[4.076218,0.6966587,0.9041623]",
3951,"[4.079664,0.7035888,0.9115677]",
3952,"[4.07881,0.6987299,0.9086756]",
3953,"[4.077154,0.687988,0.9015697]",
3954,"[4.0748,0.6706136,0.8876037]",
3955,"[4.071184,0.6485699,0.8695459]",
3956,"[4.043495,0.4324823,0.6911662]",
3957,"[4.04288,0.4309532,0.6911662]",
3958,"[4.091579,0.8144361,1.008719]",
3959,"[4.091892,0.813719,1.009411]",
3960,"[4.086023,0.76152,0.9704327]",
3961,"[4.083408,0.7370864,0.9534468]",
3962,"[4.078678,0.6819566,0.9176134]",
3963,"[4.076723,0.6539878,0.90035]",
3964,"[4.049643,0.3199609,0.6911662]",
3965,"[4.054599,0.218977,0.6911662]",
3966,"[4.058025,0.1947409,0.7011091]",
3967,"[4.074154,0.2924361,0.802543]",
3968,"[4.093013,0.4763843,0.933174]",
3969,"[4.090693,0.4579882,0.9603937]",
3970,"[4.091329,0.4579882,0.9751122]",
3971,"[4.087086,0.4579882,1.013628]",
3972,"[4.082174,0.4579882,1.030119]",
3973,"[4.075619,0.4579882,1.050114]",
3974,"[4.072639,0.4579882,1.057219]",
3975,"[4.070172,0.4579882,1.062144]",
3976,"[4.067806,0.4579882,1.070702]",
3977,"[4.067589,0.4579882,1.076482]",
3978,"[4.066262,0.4579882,1.086393]",
3979,"[4.065531,0.4579882,1.091637]",
3980,"[4.064586,0.4579882,1.10054]",
3981,"[4.064198,0.4579882,1.10476]",
3982,"[4.066397,0.4579882,1.108442]",
3983,"[4.068774,0.4579882,1.115044]",
3984,"[4.069574,0.4579882,1.118177]",
3985,"[4.071029,0.4579882,1.12429]",
3986,"[4.072221,0.4579882,1.128044]",
3987,"[4.074782,0.4579882,1.133572]",
3988,"[4.076059,0.4579882,1.134863]",
3989,"[4.081249,0.4579882,1.135473]",
3990,"[4.083396,0.4579882,1.135645]",
3991,"[4.085368,0.4579882,1.136361]",
3992,"[4.085702,0.4579882,1.148571]",
3993,"[4.089583,0.5514361,1.190731]",
3994,"[4.084814,0.5514361,1.204941]",
3995,"[4.083309,0.5514361,1.210883]",
3996,"[4.081802,0.5514361,1.222462]",
3997,"[4.080884,0.5514361,1.228107]",
3998,"[4.08005,0.5514361,1.232549]",
3999,"[4.076817,0.5514361,1.235748]",
4000,"[4.07502,0.5482854,1.235876]",
4001,"[4.074989,0.5499487,1.235876]",
4002,"[4.074779,0.5514361,1.235514]",
4003,"[4.073984,0.5514361,1.233479]",
4004,"[4.071582,0.5514361,1.233024]",
4005,"[4.066976,0.5514361,1.231802]",
4006,"[4.06637,0.5514361,1.230463]",
4007,"[4.066346,0.5514361,1.227821]",
4008,"[4.065766,0.5514361,1.223427]",
4009,"[4.065835,0.5514361,1.222033]",
4010,"[4.065642,0.5514361,1.219627]",
4011,"[4.06542,0.5514361,1.218576]",
4012,"[4.064612,0.5300183,1.209422]",
4013,"[4.064321,0.5179898,1.204618]",
4014,"[4.064004,0.5058241,1.199823]",
4015,"[4.063394,0.4822624,1.190811]",
4016,"[4.063073,0.4699539,1.186193]",
4017,"[4.06242,0.4448269,1.176468]",
4018,"[4.062009,0.4319589,1.171063]",
4019,"[4.060575,0.400784,1.157297]",
4020,"[4.059576,0.3818027,1.14845]",
4021,"[4.055742,0.3634908,1.137015]",
4022,"[4.046273,0.1,1.03104]",
4023,"[4.044773,0.1,1.028011]",
4024,"[4.043913,0.1,1.02576]",
4025,"[4.043637,0.1,1.023759]",
4026,"[4.044138,0.0999999,1.018425]",
4027,"[4.045087,0.1,1.009505]",
4028,"[4.047779,0.1,0.9903039]",
4029,"[4.074731,0.1,0.8942016]",
4030,"[4.083886,0.1,0.8639556]",
4031,"[4.098778,0.1415553,0.8378823]",
4032,"[4.101099,0.1639123,0.8378823]",
4033,"[4.104838,0.1944655,0.8378823]",
4034,"[4.105273,0.2014944,0.8378823]",
4035,"[4.106188,0.2096209,0.8378823]",
4036,"[4.10675,0.2103443,0.8378823]",
4037,"[4.107064,0.2093597,0.8378823]",
4038,"[4.110129,0.1994635,0.8378823]",
4039,"[4.111285,0.1973214,0.8378823]",
4040,"[4.113268,0.1965267,0.8378823]",
4041,"[4.113996,0.1979195,0.8378823]",
4042,"[4.115859,0.2034061,0.8378823]",
4043,"[4.116653,0.2064992,0.8378823]",
4044,"[4.114838,0.2098689,0.8378823]",
4045,"[4.109595,0.2229878,0.8378823]",
4046,"[4.106936,0.2307974,0.8378823]",
4047,"[4.103583,0.2399548,0.8378823]",
4048,"[4.102313,0.2416751,0.8378823]",
4049,"[4.099419,0.2417883,0.8378823]",
4050,"[4.097799,0.2408209,0.8378823]",
4051,"[4.097395,0.2268838,0.8378823]",
4052,"[4.096052,0.2260557,0.8378823]",
4053,"[4.095815,0.2194435,0.8378823]",
4054,"[4.094706,0.2119676,0.8378823]",
4055,"[4.094976,0.2051648,0.8378823]",
4056,"[4.095984,0.1912943,0.8378823]",
4057,"[4.09635,0.1848828,0.8378823]",
4058,"[4.096953,0.1713782,0.8378823]",
4059,"[4.097247,0.1652092,0.8378823]",
4060,"[4.097661,0.1605698,0.8378823]",
4061,"[4.09694,0.162956,0.8378823]",
4062,"[4.096338,0.1649504,0.8378823]",
4063,"[4.092798,0.1888672,0.8378823]",
4064,"[4.091035,0.2036657,0.8378823]",
4065,"[4.089348,0.2232554,0.8378823]",
4066,"[4.088951,0.2305885,0.8378823]",
4067,"[4.088282,0.2404021,0.8378823]",
4068,"[4.088085,0.2417039,0.8378823]",
4069,"[4.08783,0.2426795,0.8378823]",
4070,"[4.087296,0.2439193,0.8378823]",
4071,"[4.087007,0.2443811,0.8378823]",
4072,"[4.086935,0.2424142,0.8378823]",
4073,"[4.086587,0.2422221,0.8378823]",
4074,"[4.086453,0.2387282,0.8378823]",
4075,"[4.086493,0.2371018,0.8378823]",
4076,"[4.086402,0.2353297,0.8378823]",
4077,"[4.085303,0.2311172,0.8378823]",
4078,"[4.084587,0.2289489,0.8378823]",
4079,"[4.082951,0.2246856,0.8378823]",
4080,"[4.081815,0.2218999,0.8378823]",
4081,"[4.079653,0.2169437,0.8378823]",
4082,"[4.07853,0.2142173,0.8378823]",
4083,"[4.075649,0.2079464,0.8378823]",
4084,"[4.07485,0.2049216,0.8378823]",
4085,"[4.073442,0.2007688,0.8378823]",
4086,"[4.06969,0.1934667,0.8378823]",
4087,"[4.052696,0.1839246,0.8378823]",
4088,"[4.034136,0.1747664,0.8378823]",
4089,"[4.016168,0.1788701,0.8378823]",
4090,"[3.998521,0.1850184,0.8378823]",
4091,"[3.992283,0.1877889,0.8378823]",
4092,"[3.991011,0.1900201,0.8378823]",
4093,"[3.989335,0.1944752,0.8378823]",
4094,"[3.988804,0.1972638,0.8378823]",
4095,"[3.987556,0.2034461,0.8378823]",
4096,"[3.986987,0.2067163,0.8378823]",
4097,"[3.989598,0.2135023,0.8378823]",
4098,"[3.99054,0.2166952,0.8378823]",
4099,"[3.993565,0.2187026,0.8378823]",
4100,"[3.996342,0.2178013,0.8342517]",
4101,"[3.997687,0.219133,0.8346542]",
4102,"[3.999888,0.2175768,0.8333247]",
4103,"[4.000853,0.2175874,0.8334306]",
4104,"[4.001901,0.2166589,0.8347142]",
4105,"[4.00325,0.2172319,0.8362735]",
4106,"[4.006072,0.2206539,0.8409474]",
4107,"[4.007463,0.2231,0.8437303]",
4108,"[4.008715,0.2252149,0.8460687]",
4109,"[4.013001,0.2357485,0.8564027]",
4110,"[4.015479,0.2413947,0.862037]",
4111,"[4.020017,0.2526237,0.8730472]",
4112,"[4.021672,0.2591231,0.8793347]",
4113,"[4.024911,0.2723036,0.8921235]",
4114,"[4.027184,0.2820752,0.9017575]",
4115,"[4.029525,0.290976,0.911155]",
4116,"[4.030098,0.2924361,0.9129804]",
4117,"[4.030135,0.2924361,0.9129175]",
4118,"[4.030673,0.2924361,0.9131171]",
4119,"[4.012095,0.2129298,0.8332524]",
4120,"[4.01295,0.2129298,0.8347641]",
4121,"[4.013631,0.2129298,0.8361256]",
4122,"[4.015611,0.2129298,0.8406234]",
4123,"[4.016543,0.2129298,0.8449309]",
4124,"[4.017542,0.2129298,0.849513]",
4125,"[4.020673,0.2129298,0.8639231]",
4126,"[4.022371,0.2129298,0.8722528]",
4127,"[4.02435,0.2129298,0.8825146]",
4128,"[4.025074,0.2129298,0.8861863]",
4129,"[4.025424,0.2129298,0.8922961]",
4130,"[4.025994,0.2129298,0.8956566]",
4131,"[4.02638,0.2129298,0.8982458]",
4132,"[4.028274,0.2129298,0.9020379]",
4133,"[4.028901,0.2129298,0.903389]",
4134,"[4.036336,0.2129298,0.9116063]",
4135,"[4.039826,0.2129298,0.9143255]",
4136,"[4.043429,0.2129298,0.917352]",
4137,"[4.044624,0.2129298,0.9183516]",
4138,"[4.045934,0.2129298,0.9193105]",
4139,"[4.04405,0.2062276,0.912964]",
4140,"[4.059029,0.2924361,0.9876276]",
4141,"[4.049648,0.2924361,0.9797989]",
4142,"[4.038246,0.2924361,0.9701831]",
4143,"[3.9899,0.2924361,0.9279942]",
4144,"[3.964443,0.2924361,0.9078946]",
4145,"[3.654567,0.1,0.3411191]",
4146,"[3.695816,0.2057793,0.4646256]",
4147,"[3.574945,0.3309337,0.6629881]",
4148,"[3.546238,0.3597066,0.7058814]",
4149,"[3.53752,0.3698774,0.7191872]",
4150,"[3.530603,0.3811778,0.7303743]",
4151,"[3.530668,0.3830187,0.7306491]",
4152,"[3.530569,0.3905665,0.7322512]",
4153,"[3.530232,0.3960298,0.7337547]",
4154,"[3.53226,0.3970248,0.7313164]",
4155,"[3.538135,0.3885389,0.7220308]",
4156,"[3.541762,0.3834996,0.7163377]",
4157,"[3.546023,0.3753581,0.7092159]",
4158,"[3.547227,0.3723139,0.707058]",
4159,"[3.549706,0.3603508,0.7015039]",
4160,"[3.551986,0.3534606,0.697198]",
4161,"[3.553923,0.3426113,0.6925656]",
4162,"[3.556064,0.3364645,0.6885852]",
4163,"[3.557578,0.3315804,0.6856663]",
4164,"[3.560201,0.2949018,0.6737528]",
4165,"[3.592083,0.2250144,0.6983473]",
4166,"[3.600594,0.1785907,0.6977024]",
4167,"[3.596865,0.1539835,0.685538]",
4168,"[3.611151,0.1539834,0.7004526]",
4169,"[3.615556,0.1539834,0.7044879]",
4170,"[3.618631,0.1539835,0.7070917]",
4171,"[3.619103,0.1539834,0.7053576]",
4172,"[3.619038,0.1539834,0.7043434]",
4173,"[3.61889,0.1539834,0.7029824]",
4174,"[3.61891,0.1539835,0.7028198]",
4175,"[3.619333,0.1539835,0.7030843]",
4176,"[3.61988,0.1539834,0.703767]",
4177,"[3.621361,0.1539835,0.7054956]",
4178,"[3.624239,0.1539834,0.7096644]",
4179,"[3.626229,0.1539834,0.7128846]",
4180,"[3.629989,0.1539834,0.7193772]",
4181,"[3.632063,0.1539834,0.7231986]",
4182,"[3.636346,0.1539834,0.7290987]",
4183,"[3.638308,0.1539834,0.7317938]",
4184,"[3.638652,0.1539835,0.7320749]",
4185,"[3.636311,0.1539834,0.7280792]",
4186,"[3.634218,0.1539834,0.7245319]",
4187,"[3.630446,0.1539835,0.7184846]",
4188,"[3.628602,0.1539834,0.7156401]",
4189,"[3.625465,0.1539834,0.7103745]",
4190,"[3.624193,0.1539835,0.7085432]",
4191,"[3.621897,0.1539835,0.7051632]",
4192,"[3.620213,0.1539834,0.7029641]",
4193,"[3.617704,0.1539834,0.6992355]",
4194,"[3.61692,0.1539835,0.6977677]",
4195,"[3.616329,0.1539835,0.6964405]",
4196,"[3.615533,0.1539835,0.6940335]",
4197,"[3.615579,0.1539834,0.6930558]",
4198,"[3.615676,0.1539834,0.6918185]",
4199,"[3.615676,0.1539835,0.691631]",
4200,"[3.615621,0.1539835,0.6915211]",
4201,"[3.615551,0.1539835,0.691585]",
4202,"[3.615601,0.1539835,0.6919174]",
4203,"[3.615818,0.1539835,0.6930798]",
4204,"[3.615738,0.1539834,0.694302]",
4205,"[3.61564,0.1539834,0.6976309]",
4206,"[3.615678,0.1539834,0.6999835]",
4207,"[3.615349,0.1539835,0.7048674]",
4208,"[3.615305,0.1539834,0.707433]",
4209,"[3.613064,0.1539834,0.7096971]",
4210,"[3.611892,0.1539834,0.710678]",
4211,"[3.610914,0.1539835,0.7115363]",
4212,"[3.609349,0.1539834,0.7129228]",
4213,"[3.608866,0.1539835,0.713739]",
4214,"[3.607278,0.1539834,0.7152568]",
4215,"[3.606703,0.1539834,0.716239]",
4216,"[3.606293,0.1539835,0.7186832]",
4217,"[3.606168,0.1539835,0.7214364]",
4218,"[3.606322,0.1539834,0.7242308]",
4219,"[3.607114,0.1539834,0.7319386]",
4220,"[3.607713,0.1539834,0.7360427]",
4221,"[3.609465,0.1539834,0.7426265]",
4222,"[3.609152,0.1539834,0.7447604]",
4223,"[3.607941,0.1539835,0.7492446]",
4224,"[3.606552,0.1533268,0.7510282]",
4225,"[3.603167,0.1511746,0.7530398]",
4226,"[3.601404,0.1500844,0.7540118]",
4227,"[3.597238,0.1460294,0.7543307]",
4228,"[3.584746,0.1306256,0.7456304]",
4229,"[3.575785,0.1178204,0.7393891]",
4230,"[3.563317,0.1,0.7311524]",
4231,"[3.56332,0.1,0.7343727]",
4232,"[3.563177,0.1,0.7367531]",
4233,"[3.563208,0.1,0.7377781]",
4234,"[3.563183,0.1,0.7378409]",
4235,"[3.563384,0.1,0.7379937]",
4236,"[3.563624,0.09999996,0.7381024]",
4237,"[3.564444,0.1,0.7385473]",
4238,"[3.56515,0.1,0.7389417]",
4239,"[3.566056,0.1,0.7394299]",
4240,"[3.603266,0.1531907,0.7913069]",
4241,"[3.702745,0.2968406,0.9306883]",
4242,"[3.767428,0.3897662,1.020899]",
4243,"[3.767227,0.3891834,1.020346]",
4244,"[3.76655,0.3875907,1.018881]",
4245,"[3.766338,0.3870511,1.018348]",
4246,"[3.766241,0.3868334,1.017906]",
4247,"[3.765367,0.3862268,1.01729]",
4248,"[3.764731,0.3858992,1.017061]",
4249,"[3.763579,0.3852357,1.016522]",
4250,"[3.763013,0.3849894,1.016255]",
4251,"[3.762396,0.38477,1.015812]",
4252,"[3.762446,0.3846,1.015929]",
4253,"[3.76335,0.3853473,1.017034]",
4254,"[3.762724,0.3853478,1.015959]",
4255,"[3.758607,0.3801918,1.009339]",
4256,"[3.75474,0.3745144,1.003222]",
4257,"[3.56384,0.1,0.734331]",
4258,"[3.563858,0.09999996,0.7335644]",
4259,"[3.563333,0.1,0.734285]",
4260,"[3.56262,0.09999996,0.735508]",
4261,"[3.562272,0.1,0.7362156]",
4262,"[3.560315,0.1,0.7354234]",
4263,"[3.559024,0.1,0.7344478]",
4264,"[3.553454,0.1,0.7284962]",
4265,"[3.548962,0.1,0.7249799]",
4266,"[3.545324,0.09999996,0.7224141]",
4267,"[3.539289,0.1,0.7184207]",
4268,"[3.536542,0.1,0.7167479]",
4269,"[3.529634,0.1,0.7104363]",
4270,"[3.526487,0.1,0.7080638]",
4271,"[3.521691,0.1,0.7048511]",
4272,"[3.513909,0.09999996,0.7158973]",
4273,"[3.50836,0.1,0.7233433]",
4274,"[3.501591,0.09999996,0.7312638]",
4275,"[3.498765,0.1,0.7339453]",
4276,"[3.497137,0.1,0.7350076]",
4277,"[3.496167,0.1,0.734839]",
4278,"[3.494029,0.1,0.7341946]",
4279,"[3.717051,0.3926394,1.004296]",
4280,"[3.719843,0.4054635,0.9906538]",
4281,"[3.50012,0.1370386,0.6866888]",
4282,"[3.500467,0.143331,0.6740142]",
4283,"[3.524437,0.1801395,0.6928445]",
4284,"[3.530959,0.1920341,0.6954291]",
4285,"[3.535046,0.1995464,0.6957095]",
4286,"[3.536725,0.2017705,0.6958246]",
4287,"[3.539906,0.2061642,0.696043]",
4288,"[3.541297,0.2081548,0.6961385]",
4289,"[3.541533,0.2097401,0.6961546]",
4290,"[3.541965,0.210466,0.6961842]",
4291,"[3.542366,0.2111874,0.6962117]",
4292,"[3.542669,0.2116834,0.6962326]",
4293,"[3.542651,0.211638,0.6962313]",
4294,"[3.542418,0.2114779,0.6962154]",
4295,"[3.542304,0.2114883,0.6962075]",
4296,"[3.542125,0.211649,0.6961951]",
4297,"[3.542091,0.2118402,0.6961929]",
4298,"[3.542075,0.2121318,0.6961918]",
4299,"[3.542152,0.2139319,0.696197]",
4300,"[3.542264,0.2151444,0.6962048]",
4301,"[3.542949,0.2179168,0.6959038]",
4302,"[3.543433,0.2194734,0.6957335]",
4303,"[3.639056,0.3359941,0.8328504]",
4304,"[3.706142,0.4165375,0.9298859]",
4305,"[3.733704,0.4496848,0.9694402]",
4306,"[3.738724,0.4553837,0.9761182]",
4307,"[3.739033,0.4555522,0.9760385]",
4308,"[3.739359,0.4558549,0.9760877]",
4309,"[3.739292,0.4558953,0.9759063]",
4310,"[3.738085,0.4557112,0.9752469]",
4311,"[3.736795,0.4553549,0.9746367]",
4312,"[3.733911,0.4538652,0.9723651]",
4313,"[3.732212,0.4527686,0.9707029]",
4314,"[3.730015,0.4511952,0.9685606]",
4315,"[3.7233,0.4448012,0.9606696]",
4316,"[3.475456,0.1539834,0.6068171]",
4317,"[3.475091,0.1539834,0.6082429]",
4318,"[3.475194,0.1539835,0.6091713]",
4319,"[3.476705,0.1539834,0.6121839]",
4320,"[3.477505,0.1539834,0.6134134]",
4321,"[3.477764,0.1539835,0.6137649]",
4322,"[3.470694,0.1539835,0.6038803]",
4323,"[3.464554,0.1539835,0.59542]",
4324,"[3.450006,0.1539835,0.5764829]",
4325,"[3.444484,0.1539835,0.5696087]",
4326,"[3.43803,0.1539834,0.5628602]",
4327,"[3.434458,0.1539835,0.5593668]",
4328,"[3.428461,0.1539835,0.553992]",
4329,"[3.42565,0.1539835,0.5516789]",
4330,"[3.423019,0.1539835,0.5495654]",
4331,"[3.362547,0.1,0.4699686]",
4332,"[3.357392,0.1,0.4650497]",
4333,"[3.348484,0.1,0.4569386]",
4334,"[3.337432,0.1,0.4450918]",
4335,"[3.530974,0.3286671,0.7196435]",
4336,"[3.530138,0.3431487,0.723556]",
4337,"[3.591203,0.4100847,0.8087735]",
4338,"[3.529081,0.366292,0.7294453]",
4339,"[3.52909,0.3717059,0.73049]",
4340,"[3.529768,0.3778248,0.7308049]",
4341,"[3.530368,0.3796586,0.730384]",
4342,"[3.531499,0.3837827,0.7297199]",
4343,"[3.532135,0.3863805,0.7294009]",
4344,"[3.533355,0.3912701,0.7287716]",
4345,"[3.534068,0.3940442,0.7283864]",
4346,"[3.534647,0.3958908,0.7279951]",
4347,"[3.536734,0.3997275,0.7260335]",
4348,"[3.53778,0.4018655,0.7250929]",
4349,"[3.539347,0.4049618,0.7236625]",
4350,"[3.539953,0.4060088,0.7230793]",
4351,"[3.539852,0.4072088,0.7234448]",
4352,"[3.539822,0.40747,0.7235351]",
4353,"[3.539797,0.4081923,0.7237087]",
4354,"[3.539376,0.4090113,0.724415]",
4355,"[3.537452,0.411282,0.7273571]",
4356,"[3.57194,0.4456054,0.7809973]",
4357,"[3.647115,0.5098326,0.8838691]",
4358,"[3.724529,0.5766279,0.9921922]",
4359,"[3.725678,0.5789739,0.9967341]",
4360,"[3.724318,0.5790125,0.9972709]",
4361,"[3.722038,0.5790837,0.9978225]",
4362,"[3.7212,0.5790793,0.997891]",
4363,"[3.719274,0.5791047,0.9980066]",
4364,"[3.718744,0.579056,0.9980222]",
4365,"[3.718108,0.5791126,0.9982781]",
4366,"[3.717874,0.5792025,0.9984559]",
4367,"[3.717013,0.5789708,0.9981948]",
4368,"[3.716218,0.5785104,0.9975513]",
4369,"[3.714473,0.5769687,0.9961847]",
4370,"[3.706399,0.5701591,0.9871579]",
4371,"[3.700737,0.5657896,0.9802686]",
4372,"[3.684558,0.5528077,0.9598302]",
4373,"[3.331301,0.2714658,0.5136233]",
4374,"[3.331301,0.2708122,0.5130783]",
4375,"[3.331301,0.2705786,0.5128156]",
4376,"[3.331301,0.2625363,0.4956903]",
4377,"[3.331301,0.2595115,0.4890363]",
4378,"[3.331301,0.2574248,0.4843169]",
4379,"[3.331301,0.2547007,0.4777606]",
4380,"[3.331301,0.2535574,0.4751292]",
4381,"[3.331301,0.2521461,0.4716177]",
4382,"[3.331301,0.2516459,0.4702675]",
4383,"[3.331301,0.2508575,0.4681885]",
4384,"[3.331301,0.2500814,0.4664142]",
4385,"[3.331301,0.249963,0.4662437]",
4386,"[3.331301,0.2497021,0.4660789]",
4387,"[3.331301,0.2499381,0.464377]",
4388,"[3.331301,0.2499393,0.463227]",
4389,"[3.331301,0.2497579,0.4634514]",
4390,"[3.331301,0.2439575,0.4604161]",
4391,"[3.331301,0.2415179,0.4592793]",
4392,"[3.331301,0.2391954,0.458307]",
4393,"[3.331301,0.234655,0.4563504]",
4394,"[3.331301,0.2317048,0.454864]",
4395,"[3.331301,0.2259709,0.451656]",
4396,"[3.331301,0.2236851,0.4500494]",
4397,"[3.331301,0.2113728,0.4443176]",
4398,"[3.331301,0.2094758,0.4414937]",
4399,"[3.331301,0.2046276,0.4340641]",
4400,"[3.331301,0.2026482,0.4318888]",
4401,"[3.331301,0.2008182,0.4295865]",
4402,"[3.442265,0.294902,0.5744966]",
4403,"[3.444489,0.2949019,0.5744129]",
4404,"[3.454676,0.2949019,0.5865269]",
4405,"[3.464223,0.2949019,0.5984578]",
4406,"[3.477089,0.2949019,0.6156427]",
4407,"[3.481814,0.2949019,0.6224759]",
4408,"[3.48536,0.294902,0.6277668]",
4409,"[3.488791,0.2949019,0.6329457]",
4410,"[3.48919,0.2949018,0.6335034]",
4411,"[3.489351,0.2949019,0.6343855]",
4412,"[3.488316,0.2949019,0.6345139]",
4413,"[3.48734,0.2949019,0.6340488]",
4414,"[3.487257,0.2949018,0.6335241]",
4415,"[3.485568,0.2949019,0.6341099]",
4416,"[3.484911,0.2949019,0.6348094]",
4417,"[3.484987,0.294902,0.6368861]",
4418,"[3.484788,0.2949019,0.642134]",
4419,"[3.484467,0.2949019,0.6450903]",
4420,"[3.4843,0.294902,0.6495789]",
4421,"[3.484336,0.294902,0.651289]",
4422,"[3.483699,0.2949019,0.6545411]",
4423,"[3.481377,0.2949019,0.6540308]",
4424,"[3.479012,0.2949019,0.6535766]",
4425,"[3.475472,0.294902,0.653862]",
4426,"[3.474125,0.294902,0.6548604]",
4427,"[3.471795,0.294902,0.653036]",
4428,"[3.470937,0.294902,0.6527413]",
4429,"[3.469749,0.294902,0.6552069]",
4430,"[3.46904,0.294902,0.6557686]",
4431,"[3.468214,0.2949019,0.6564988]",
4432,"[3.467084,0.2949019,0.6576924]",
4433,"[3.466555,0.294902,0.6583904]",
4434,"[3.466229,0.294902,0.6588016]",
4435,"[3.464055,0.294902,0.6565799]",
4436,"[3.460441,0.2949019,0.652922]",
4437,"[3.459944,0.294902,0.6507288]",
4438,"[3.460458,0.294902,0.6450629]",
4439,"[3.461277,0.294902,0.6416936]",
4440,"[3.462777,0.294902,0.6391366]",
4441,"[3.464966,0.294902,0.6351718]",
4442,"[3.467954,0.294902,0.634683]",
4443,"[3.472007,0.294902,0.6331333]",
4444,"[3.473528,0.294902,0.6320889]",
4445,"[3.475781,0.2949018,0.6310892]",
4446,"[3.476825,0.2949018,0.6309478]",
4447,"[3.477697,0.2949018,0.6306659]",
4448,"[3.479075,0.2949018,0.6302845]",
4449,"[3.479701,0.2949018,0.6301359]",
4450,"[3.480701,0.2949018,0.6297259]",
4451,"[3.481085,0.2949018,0.6294651]",
4452,"[3.478543,0.2949018,0.6281223]",
4453,"[3.477434,0.2949018,0.6275236]",
4454,"[3.468746,0.2949018,0.6307068]",
4455,"[3.466097,0.2949019,0.63258]",
4456,"[3.463906,0.294902,0.634131]",
4457,"[3.46004,0.294902,0.6371448]",
4458,"[3.458264,0.294902,0.6386118]",
4459,"[3.455844,0.294902,0.6415838]",
4460,"[3.453533,0.2949019,0.6434828]",
4461,"[3.45004,0.2949019,0.646826]",
4462,"[3.449478,0.2949019,0.6481682]",
4463,"[3.449034,0.294902,0.6495179]",
4464,"[3.448174,0.294902,0.6509474]",
4465,"[3.448086,0.294902,0.6515013]",
4466,"[3.447862,0.294902,0.6525376]",
4467,"[3.447826,0.294902,0.6526022]",
4468,"[3.447751,0.2949019,0.6527034]",
4469,"[3.447701,0.294902,0.6527539]",
4470,"[3.447686,0.294902,0.6527334]",
4471,"[3.447711,0.294902,0.6526797]",
4472,"[3.448,0.294902,0.653041]",
4473,"[3.448575,0.294902,0.6537347]",
4474,"[3.44885,0.294902,0.6540494]",
4475,"[3.448969,0.294902,0.6544946]",
4476,"[3.448812,0.294902,0.6546134]",
4477,"[3.448888,0.294902,0.6543974]",
4478,"[3.448913,0.294902,0.654305]",
4479,"[3.448942,0.294902,0.6542232]",
4480,"[3.448715,0.294902,0.6536496]",
4481,"[3.448513,0.294902,0.6532272]",
4482,"[3.447316,0.294902,0.6519774]",
4483,"[3.446631,0.294902,0.6512848]",
4484,"[3.446258,0.294902,0.6502358]",
4485,"[3.446286,0.294902,0.6500773]",
4486,"[3.446301,0.294902,0.6498918]",
4487,"[3.446301,0.294902,0.6494855]",
4488,"[3.446302,0.294902,0.649296]",
4489,"[3.447033,0.294902,0.649359]",
4490,"[3.446816,0.294902,0.6488614]",
4491,"[3.446569,0.294902,0.6481488]",
4492,"[3.446423,0.294902,0.6478084]",
4493,"[3.446213,0.294902,0.6473402]",
4494,"[3.446162,0.294902,0.6471921]",
4495,"[3.446146,0.294902,0.6471117]",
4496,"[3.449246,0.294902,0.6492203]",
4497,"[3.450628,0.294902,0.6501765]",
4498,"[3.452322,0.294902,0.6515652]",
4499,"[3.452588,0.294902,0.651943]",
4500,"[3.452958,0.294902,0.6524369]",
4501,"[3.453093,0.294902,0.6526221]",
4502,"[3.453628,0.294902,0.6536335]",
4503,"[3.454443,0.294902,0.6551186]",
4504,"[3.454829,0.294902,0.6558641]",
4505,"[3.456137,0.294902,0.658161]",
4506,"[3.4571,0.294902,0.6598022]",
4507,"[3.457008,0.294902,0.6618009]",
4508,"[3.456945,0.294902,0.6626486]",
4509,"[3.456786,0.294902,0.6640533]",
4510,"[3.456761,0.294902,0.6641315]",
4511,"[3.456747,0.294902,0.6640726]",
4512,"[3.456677,0.294902,0.6639001]",
4513,"[3.4566,0.294902,0.6637599]",
4514,"[3.457196,0.294902,0.6644864]",
4515,"[3.457406,0.294902,0.6653603]",
4516,"[3.457666,0.294902,0.6669377]",
4517,"[3.457773,0.294902,0.6674571]",
4518,"[3.457827,0.294902,0.6678835]",
4519,"[3.458023,0.294902,0.6688501]",
4520,"[3.458097,0.294902,0.6693333]",
4521,"[3.457582,0.294902,0.6694564]",
4522,"[3.457527,0.294902,0.6701298]",
4523,"[3.457518,0.294902,0.6717354]",
4524,"[3.457638,0.294902,0.6728733]",
4525,"[3.457736,0.294902,0.6738878]",
4526,"[3.458123,0.2946669,0.6761013]",
4527,"[3.457695,0.2941021,0.6761706]",
4528,"[3.456971,0.2931293,0.6762918]",
4529,"[3.456971,0.2929662,0.6763227]",
4530,"[3.457014,0.2927648,0.6763645]",
4531,"[3.457059,0.2926932,0.6763821]",
4532,"[3.4573,0.2925246,0.676435]",
4533,"[3.457519,0.2924386,0.6764706]",
4534,"[3.457753,0.292343,0.6765091]",
4535,"[3.458259,0.2920986,0.6765998]",
4536,"[3.458516,0.2919435,0.6766515]",
4537,"[3.460027,0.2912389,0.6769173]",
4538,"[3.461221,0.2907292,0.6771183]",
4539,"[3.464918,0.2902065,0.6775409]",
4540,"[3.465486,0.2899173,0.6776454]",
4541,"[3.466054,0.2896094,0.6777534]",
4542,"[3.467341,0.289592,0.6778693]",
4543,"[3.468116,0.2898369,0.6778907]",
4544,"[3.469051,0.2895821,0.6780207]",
4545,"[3.469489,0.2893914,0.6780952]",
4546,"[3.47081,0.2890809,0.6782696]",
4547,"[3.471521,0.2888133,0.6783825]",
4548,"[3.472655,0.288308,0.6785775]",
4549,"[3.473169,0.2880327,0.6786747]",
4550,"[3.473644,0.2877563,0.6787686]",
4551,"[3.473734,0.287353,0.6788529]",
4552,"[3.473719,0.2873246,0.678857]",
4553,"[3.473663,0.2873164,0.6788537]",
4554,"[3.47367,0.2873763,0.678843]",
4555,"[3.473655,0.287645,0.6787906]",
4556,"[3.473632,0.2878468,0.6787504]",
4557,"[3.473664,0.2879714,0.6787297]",
4558,"[3.473688,0.2882168,0.6786854]",
4559,"[3.473692,0.2882959,0.6786706]",
4560,"[3.47385,0.2885464,0.6786369]",
4561,"[3.47401,0.2887251,0.6786171]",
4562,"[3.474427,0.289165,0.6785702]",
4563,"[3.474711,0.2894678,0.6785377]",
4564,"[3.475285,0.2902617,0.6784375]",
4565,"[3.475119,0.2903922,0.6783981]",
4566,"[3.47494,0.2905192,0.6783583]",
4567,"[3.47463,0.2907963,0.6782787]",
4568,"[3.474477,0.2909812,0.6782303]",
4569,"[3.474501,0.2910745,0.6782146]",
4570,"[3.474519,0.2911387,0.6782042]",
4571,"[3.474539,0.2914248,0.6781517]",
4572,"[3.47453,0.2915024,0.6781363]",
4573,"[3.474515,0.2915868,0.6781189]",
4574,"[3.474519,0.2916243,0.6781121]",
4575,"[3.474532,0.2916588,0.6781066]",
4576,"[3.474834,0.2917571,0.6781144]",
4577,"[3.475558,0.2920583,0.6781208]",
4578,"[3.476747,0.2925035,0.6781404]",
4579,"[3.476826,0.2925773,0.6781334]",
4580,"[3.476901,0.2926436,0.6781273]",
4581,"[3.477715,0.2947454,0.6778004]",
4582,"[3.476433,0.294902,0.6762377]",
4583,"[3.473938,0.294902,0.6732248]",
4584,"[3.473128,0.294902,0.6711693]",
4585,"[3.47172,0.294902,0.6677183]",
4586,"[3.471076,0.294902,0.6661573]",
4587,"[3.470437,0.294902,0.6639239]",
4588,"[3.470332,0.294902,0.6630981]",
4589,"[3.470221,0.294902,0.6623889]",
4590,"[3.469959,0.294902,0.6615009]",
4591,"[3.469773,0.2949019,0.6612607]",
4592,"[3.469111,0.2949019,0.6606537]",
4593,"[3.468671,0.294902,0.6603004]",
4594,"[3.468273,0.2949019,0.6600221]",
4595,"[3.468049,0.294902,0.6598573]",
4596,"[3.467705,0.2949019,0.6564769]",
4597,"[3.467581,0.2949019,0.6525643]",
4598,"[3.467742,0.294902,0.651426]",
4599,"[3.467477,0.2949019,0.64895]",
4600,"[3.467031,0.2949019,0.6473557]",
4601,"[3.465493,0.2949019,0.6436838]",
4602,"[3.464518,0.2949019,0.6419377]",
4603,"[3.462468,0.294902,0.6387651]",
4604,"[3.46209,0.294902,0.6386982]",
4605,"[3.462055,0.294902,0.6385628]",
4606,"[3.46178,0.2949019,0.6380774]",
4607,"[3.460805,0.294902,0.6362557]",
4608,"[3.459442,0.2949019,0.6337855]",
4609,"[3.458938,0.2949019,0.6326942]",
4610,"[3.458686,0.2949019,0.6318284]",
4611,"[3.459029,0.2949019,0.6321465]",
4612,"[3.45957,0.294902,0.6325065]",
4613,"[3.52371,0.3626993,0.735718]",
4614,"[3.524113,0.3620835,0.7350748]",
4615,"[3.525173,0.3608321,0.7334546]",
4616,"[3.525831,0.3602315,0.7324823]",
4617,"[3.527357,0.3590243,0.7302652]",
4618,"[3.528327,0.3584253,0.7288894]",
4619,"[3.529392,0.357862,0.7273957]",
4620,"[3.5301,0.3577177,0.7264493]",
4621,"[3.530163,0.3584647,0.7265126]",
4622,"[3.530394,0.3631909,0.7271355]",
4623,"[3.530744,0.3658126,0.7271928]",
4624,"[3.53098,0.3699836,0.7276999]",
4625,"[3.531184,0.3718745,0.7278038]",
4626,"[3.530921,0.3731361,0.7283915]",
4627,"[3.530406,0.3737249,0.7291757]",
4628,"[3.529472,0.3748139,0.7306005]",
4629,"[3.528899,0.3758049,0.7315387]",
4630,"[3.528398,0.3766665,0.7323574]",
4631,"[3.52601,0.3782967,0.7357762]",
4632,"[3.52467,0.3789687,0.7376481]",
4633,"[3.52245,0.3806314,0.7408549]",
4634,"[3.517835,0.3874641,0.7481811]",
4635,"[2.993399,0.3079005,0.6029561]",
4636,"[2.603337,0.1,0.2880058]",
4637,"[2.570919,0.1,0.2856256]",
4638,"[3.287063,0.5216182,0.9100651]",
4639,"[3.287166,0.5277256,0.9213508]",
4640,"[3.287295,0.5285669,0.9356624]",
4641,"[3.287325,0.524971,0.938935]",
4642,"[2.633964,0.1,0.4735315]",
4643,"[2.656322,0.1,0.5022081]",
4644,"[2.66912,0.1,0.5136537]",
4645,"[2.677986,0.1,0.5254239]",
4646,"[2.677948,0.1,0.5282174]",
4647,"[2.675385,0.1,0.532924]",
4648,"[3.287558,0.5240049,0.9647444]",
4649,"[3.287649,0.5305586,0.9748394]",
4650,"[3.287736,0.5387412,0.9844409]",
4651,"[3.130228,0.5822186,1.142357]",
4652,"[3.120871,0.590345,1.160492]",
4653,"[3.11196,0.5993882,1.177764]",
4654,"[3.076878,0.624141,1.245764]",
4655,"[2.95953,0.5806856,1.23948]",
4656,"[2.895112,0.5806856,1.263357]",
4657,"[2.861194,0.5806856,1.276439]",
4658,"[2.854107,0.5806856,1.272559]",
4659,"[2.849866,0.5806856,1.272411]",
4660,"[2.848776,0.5806856,1.270549]",
4661,"[2.844094,0.5806856,1.270028]",
4662,"[2.839674,0.5806856,1.271081]",
4663,"[2.827123,0.5806856,1.266493]",
4664,"[2.834029,0.5806856,1.265709]",
4665,"[2.878096,0.5806856,1.249779]",
4666,"[2.895971,0.5806856,1.244417]",
4667,"[2.907308,0.5806856,1.243765]",
4668,"[2.911039,0.5806856,1.260333]",
4669,"[2.912118,0.5806856,1.277375]",
4670,"[2.969693,0.6298554,1.338933]",
4671,"[2.959119,0.6298554,1.364917]",
4672,"[2.960662,0.6298554,1.455737]",
4673,"[2.961967,0.6298554,1.490813]",
4674,"[2.956709,0.6298554,1.560816]",
4675,"[2.963572,0.6298554,1.579661]",
4676,"[2.967131,0.6298554,1.604598]",
4677,"[2.907723,0.5806856,1.648121]",
4678,"[2.911871,0.5806856,1.684889]",
4679,"[2.911705,0.5806856,1.754731]",
4680,"[2.880012,0.5806857,2.08684]",
4681,"[2.863931,0.5806857,2.161716]",
4682,"[2.872335,0.5949908,2.193371]",
4683,"[2.943646,0.6545206,2.193371]",
4684,"[2.972901,0.6723648,2.193371]",
4685,"[2.979065,0.6714095,2.193371]",
4686,"[3.005,0.6467729,2.219537]",
4687,"[3.005,0.6330681,2.216585]",
4688,"[3.005,0.614974,2.20726]",
4689,"[3.005,0.6175479,2.202684]",
4690,"[3.005,0.6306161,2.212483]",
4691,"[3.005,0.6383097,2.227032]",
4692,"[3.005,0.6623048,2.324164]",
4693,"[3.005,0.6804822,2.426185]",
4694,"[3.005,0.6868793,2.472984]",
4695,"[3.005,0.692435,2.570791]",
4696,"[3.005,0.6969221,2.575671]",
4697,"[3.005,0.7079316,2.579882]",
4698,"[2.835018,0.5806857,2.75917]",
4699,"[2.853478,0.5806857,2.793993]",
4700,"[2.941163,0.6002312,2.959305]",
4701,"[2.4203,0.1320548,3.745286]",
4702,"[2.670262,0.3732989,4.085031]",
4703,"[2.804868,0.4468012,4.205391]",
4704,"[3.47605,1.061857,4.667789]",
4705,"[4.033586,1.29592,3.935307]",
4706,"[4.161353,1.326097,3.982205]",
4707,"[4.385493,1.379223,3.982316]",
4708,"[4.472323,1.401056,3.982362]",
4709,"[4.892724,1.421847,3.982405]",
4710,"[5.029657,1.421182,3.982404]",
4711,"[5.197572,1.437385,3.982438]",
4712,"[5.256423,1.437564,3.982438]",
4713,"[5.309532,1.432761,3.982428]",
4714,"[5.31027,1.428277,3.982419]",
4715,"[5.25804,1.405123,3.98237]",
4716,"[5.238966,1.392823,3.982345]",
4717,"[5.207466,1.38642,3.982331]",
4718,"[5.13106,1.377562,3.982313]",
4719,"[5.105888,1.376316,3.98231]",
4720,"[5.054938,1.369584,3.982296]",
4721,"[5.033599,1.36851,3.982294]",
4722,"[4.944004,1.379462,3.982316]",
4723,"[4.855755,1.404279,3.982368]",
4724,"[4.819479,1.418398,3.982398]",
4725,"[4.734568,1.537075,3.982647]",
4726,"[4.709472,1.586532,3.98275]",
4727,"[4.681501,1.64559,3.982874]",
4728,"[4.67511,1.66224,3.982909]",
4729,"[4.669216,1.677237,3.98294]",
4730,"[4.668812,1.677298,3.98294]",
4731,"[4.668741,1.67728,3.98294]",
4732,"[4.675684,1.660775,3.982906]",
4733,"[4.678269,1.656696,3.982897]",
4734,"[4.683593,1.648478,3.98288]",
4735,"[4.684679,1.647435,3.982878]",
4736,"[4.687658,1.645453,3.982874]",
4737,"[4.689872,1.646608,3.982876]",
4738,"[4.69193,1.646974,3.982877]",
4739,"[4.705782,1.659833,3.982904]",
4740,"[4.726641,1.670482,3.982926]",
4741,"[4.753782,1.682909,3.982952]",
4742,"[4.763903,1.686673,3.98296]",
4743,"[4.779202,1.692401,3.982972]",
4744,"[4.78492,1.694533,3.982976]",
4745,"[4.796162,1.698781,3.982985]",
4746,"[4.802327,1.700916,3.98299]",
4747,"[4.808911,1.704246,3.982997]",
4748,"[4.823231,1.711532,3.983012]",
4749,"[4.829845,1.714362,3.983018]",
4750,"[4.835977,1.717112,3.983024]",
4751,"[4.836482,1.718176,3.983026]",
4752,"[4.838446,1.721615,3.983033]",
4753,"[4.839845,1.723831,3.983038]",
4754,"[4.879388,1.730994,3.983053]",
4755,"[4.895525,1.736251,3.983064]",
4756,"[4.907699,1.742169,3.983076]",
4757,"[4.927425,1.759146,3.983112]",
4758,"[4.935033,1.76783,3.98313]",
4759,"[4.943716,1.779228,3.983154]",
4760,"[4.944474,1.780374,3.983156]",
4761,"[4.945475,1.782888,3.983161]",
4762,"[4.944827,1.783619,3.983163]",
4763,"[4.942844,1.786077,3.983168]",
4764,"[4.931967,1.790859,3.983178]",
4765,"[4.829942,1.783296,3.983162]",
4766,"[4.761847,1.773222,3.983141]",
4767,"[4.483761,1.7716,3.983138]",
4768,"[4.430232,1.763713,3.983121]",
4769,"[4.409939,1.75773,3.983109]",
4770,"[4.394784,1.752708,3.983098]",
4771,"[4.388218,1.73823,3.983068]",
4772,"[4.389384,1.727088,3.983045]",
4773,"[4.383729,1.615009,3.98281]",
4774,"[4.380906,1.580162,3.982737]",
4775,"[4.419327,1.518716,3.653855]",
4776,"[4.41455,1.496285,3.667822]",
4777,"[4.357443,1.440321,3.982444]",
4778,"[4.355962,1.433365,3.98243]",
4779,"[4.355889,1.432752,3.982428]",
4780,"[4.358401,1.435721,3.982435]",
4781,"[4.361142,1.439373,3.982442]",
4782,"[4.366013,1.446426,3.982457]",
4783,"[4.36774,1.448781,3.982462]",
4784,"[4.37004,1.453831,3.982472]",
4785,"[4.370409,1.458121,3.982481]",
4786,"[4.370677,1.461648,3.982489]",
4787,"[4.370812,1.466522,3.982499]",
4788,"[4.37073,1.468494,3.982503]",
4789,"[4.373502,1.472072,3.982511]",
4790,"[4.375483,1.475649,3.982518]",
4791,"[4.379001,1.481009,3.982529]",
4792,"[4.381809,1.487067,3.982542]",
4793,"[4.387124,1.499701,3.982569]",
4794,"[4.389607,1.506637,3.982583]",
4795,"[4.391675,1.513843,3.982598]",
4796,"[4.395672,1.532696,3.982638]",
4797,"[4.40138,1.549894,3.982674]",
4798,"[4.408008,1.573013,3.982722]",
4799,"[4.409965,1.580062,3.982737]",
4800,"[4.466375,1.570779,3.982717]",
4801,"[4.496075,1.561541,3.982698]",
4802,"[4.50322,1.559073,3.982693]",
4803,"[4.522145,1.554456,3.982683]",
4804,"[4.52828,1.553996,3.982682]",
4805,"[4.536522,1.554263,3.982683]",
4806,"[4.554073,1.55485,3.982684]",
4807,"[4.562914,1.554597,3.982683]",
4808,"[4.573817,1.554719,3.982684]",
4809,"[4.577677,1.55499,3.982684]",
4810,"[4.581556,1.555466,3.982685]",
4811,"[4.582384,1.556082,3.982687]",
4812,"[4.584231,1.557437,3.982689]",
4813,"[4.585271,1.558152,3.982691]",
4814,"[4.587172,1.558433,3.982692]",
4815,"[4.587515,1.55869,3.982692]",
4816,"[4.588727,1.559099,3.982693]",
4817,"[4.589489,1.558942,3.982692]",
4818,"[4.590821,1.558813,3.982692]",
4819,"[4.591547,1.5589,3.982692]",
4820,"[4.592383,1.559184,3.982693]",
4821,"[4.595562,1.558793,3.982692]",
4822,"[4.596685,1.558352,3.982691]",
4823,"[4.598566,1.55675,3.982688]",
4824,"[4.599217,1.555856,3.982686]",
4825,"[4.600037,1.55489,3.982684]",
4826,"[4.600221,1.5547,3.982684]",
4827,"[4.600058,1.55376,3.982682]",
4828,"[4.59977,1.551743,3.982677]",
4829,"[4.599776,1.551604,3.982677]",
4830,"[4.600743,1.551075,3.982676]",
4831,"[4.601555,1.550691,3.982675]",
4832,"[4.602959,1.550893,3.982676]",
4833,"[4.603737,1.551054,3.982676]",
4834,"[4.602459,1.552898,3.98268]",
4835,"[4.601296,1.554088,3.982682]",
4836,"[4.600314,1.555041,3.982684]",
4837,"[4.598003,1.557116,3.982689]",
4838,"[4.59691,1.558392,3.982691]",
4839,"[4.597459,1.561113,3.982697]",
4840,"[4.658762,1.621599,3.982824]",
4841,"[4.6835,1.646174,3.982875]",
4842,"[4.691567,1.65614,3.982896]",
4843,"[4.696881,1.662808,3.98291]",
4844,"[4.707194,1.671955,3.982929]",
4845,"[4.7106,1.674929,3.982935]",
4846,"[4.715126,1.678572,3.982943]",
4847,"[4.717132,1.688165,3.982963]",
4848,"[4.703064,1.708701,3.983006]",
4849,"[4.692838,1.718627,3.983027]",
4850,"[4.687367,1.72459,3.983039]",
4851,"[4.669801,1.736374,3.983064]",
4852,"[4.668391,1.735246,3.983062]",
4853,"[4.665255,1.733175,3.983057]",
4854,"[4.664369,1.731676,3.983054]",
4855,"[4.661919,1.728975,3.983049]",
4856,"[4.660583,1.727669,3.983046]",
4857,"[4.666811,1.723216,3.983037]",
4858,"[4.668683,1.72138,3.983033]",
4859,"[4.6721,1.719269,3.983028]",
4860,"[4.680487,1.714682,3.983019]",
4861,"[4.685242,1.711934,3.983013]",
4862,"[4.691032,1.70729,3.983003]",
4863,"[4.693064,1.704889,3.982998]",
4864,"[4.699487,1.69926,3.982986]",
4865,"[4.702485,1.697593,3.982983]",
4866,"[4.705507,1.695361,3.982978]",
4867,"[4.739228,1.696227,3.98298]",
4868,"[4.756486,1.69763,3.982983]",
4869,"[4.787427,1.699525,3.982987]",
4870,"[4.796789,1.699937,3.982988]",
4871,"[4.810132,1.700702,3.982989]",
4872,"[4.815781,1.701707,3.982991]",
4873,"[4.821048,1.70256,3.982993]",
4874,"[4.830758,1.705496,3.983]",
4875,"[4.835186,1.707279,3.983003]",
4876,"[4.838655,1.710065,3.983009]",
4877,"[4.840111,1.711778,3.983013]",
4878,"[4.844144,1.716205,3.983022]",
4879,"[4.846117,1.718222,3.983026]",
4880,"[4.849493,1.724448,3.983039]",
4881,"[4.850374,1.727809,3.983046]",
4882,"[4.851038,1.730811,3.983052]",
4883,"[4.852711,1.735781,3.983063]",
4884,"[4.852828,1.738309,3.983068]",
4885,"[4.852607,1.7373,3.983066]",
4886,"[4.852196,1.733712,3.983058]",
4887,"[4.851799,1.725137,3.983041]",
4888,"[4.851884,1.720708,3.983031]",
4889,"[4.851678,1.716716,3.983023]",
4890,"[4.852688,1.708144,3.983005]",
4891,"[4.853682,1.703256,3.982995]",
4892,"[4.85537,1.696306,3.98298]",
4893,"[4.856274,1.693444,3.982974]",
4894,"[4.857937,1.689549,3.982966]",
4895,"[4.858798,1.688129,3.982963]",
4896,"[4.859416,1.686131,3.982959]",
4897,"[4.834702,1.684868,3.982956]",
4898,"[4.819415,1.681422,3.982949]",
4899,"[4.805243,1.679079,3.982944]",
4900,"[4.80113,1.678732,3.982944]",
4901,"[4.794115,1.675708,3.982937]",
4902,"[4.791151,1.674527,3.982934]",
4903,"[4.787281,1.672716,3.982931]",
4904,"[4.785924,1.671978,3.982929]",
4905,"[4.784906,1.671368,3.982928]",
4906,"[4.783759,1.670953,3.982927]",
4907,"[4.781496,1.668319,3.982922]",
4908,"[4.778698,1.664398,3.982913]",
4909,"[4.77756,1.663599,3.982912]",
4910,"[4.773962,1.663953,3.982913]",
4911,"[4.770925,1.665894,3.982917]",
4912,"[4.767783,1.668632,3.982922]",
4913,"[4.762912,1.672474,3.98293]",
4914,"[4.760707,1.673277,3.982932]",
4915,"[4.75301,1.673882,3.982933]",
4916,"[4.747963,1.674153,3.982934]",
4917,"[4.734643,1.679129,3.982944]",
4918,"[4.727681,1.682788,3.982952]",
4919,"[4.715733,1.689789,3.982967]",
4920,"[4.711514,1.691852,3.982971]",
4921,"[4.708523,1.693253,3.982974]",
4922,"[4.702892,1.694079,3.982975]",
4923,"[4.700376,1.693865,3.982975]",
4924,"[4.697742,1.691532,3.98297]",
4925,"[4.696624,1.68996,3.982967]",
4926,"[4.695167,1.687476,3.982962]",
4927,"[4.69511,1.686699,3.98296]",
4928,"[4.695237,1.685347,3.982957]",
4929,"[4.746665,1.665164,3.982915]",
4930,"[4.759027,1.65847,3.982901]",
4931,"[4.915155,1.61078,3.982801]",
4932,"[4.931942,1.604099,3.982787]",
4933,"[4.953491,1.59562,3.982769]",
4934,"[4.958041,1.594977,3.982768]",
4935,"[4.963802,1.596996,3.982772]",
4936,"[4.967528,1.597727,3.982774]",
4937,"[4.969591,1.599693,3.982778]",
4938,"[4.972131,1.602706,3.982784]",
4939,"[4.972458,1.603972,3.982787]",
4940,"[4.97464,1.60826,3.982796]",
4941,"[4.976309,1.610356,3.9828]",
4942,"[5.011897,1.613509,3.982807]",
4943,"[5.030956,1.614608,3.982809]",
4944,"[5.044535,1.61539,3.982811]",
4945,"[5.061051,1.616793,3.982814]",
4946,"[5.064417,1.617655,3.982816]",
4947,"[5.069177,1.620346,3.982821]",
4948,"[5.069729,1.622312,3.982825]",
4949,"[5.070605,1.625108,3.982831]",
4950,"[5.070487,1.626493,3.982834]",
4951,"[5.070043,1.628753,3.982839]",
4952,"[5.061528,1.633731,3.982849]",
4953,"[5.055254,1.637264,3.982857]",
4954,"[4.898948,1.700921,3.98299]",
4955,"[4.876856,1.71018,3.983009]",
4956,"[4.857477,1.717258,3.983024]",
4957,"[4.851329,1.719066,3.983028]",
4958,"[4.843076,1.720798,3.983032]",
4959,"[4.839759,1.721194,3.983032]",
4960,"[4.836359,1.723611,3.983037]",
4961,"[4.830823,1.727245,3.983045]",
4962,"[4.827482,1.729022,3.983049]",
4963,"[4.813678,1.733447,3.983058]",
4964,"[4.805541,1.735429,3.983062]",
4965,"[4.751424,1.740844,3.983073]",
4966,"[4.728348,1.742131,3.983076]",
4967,"[4.715096,1.74237,3.983077]",
4968,"[4.701657,1.741875,3.983076]",
4969,"[4.697577,1.741382,3.983075]",
4970,"[4.690881,1.741815,3.983076]",
4971,"[4.687697,1.742799,3.983078]",
4972,"[4.685012,1.744131,3.98308]",
4973,"[4.68339,1.745042,3.983082]",
4974,"[4.674644,1.749805,3.983092]",
4975,"[4.673573,1.751027,3.983095]",
4976,"[4.672312,1.752277,3.983098]",
4977,"[4.669178,1.754948,3.983103]",
4978,"[4.66733,1.756343,3.983106]",
4979,"[4.664987,1.757054,3.983108]",
4980,"[4.664218,1.75709,3.983108]",
4981,"[4.662205,1.756618,3.983107]",
4982,"[4.660823,1.75609,3.983105]",
4983,"[4.659282,1.755543,3.983104]",
4984,"[4.657657,1.754777,3.983103]",
4985,"[4.657377,1.754629,3.983102]",
4986,"[4.656299,1.754386,3.983102]",
4987,"[4.656459,1.754369,3.983102]",
4988,"[4.656564,1.754175,3.983101]",
4989,"[4.65651,1.753831,3.983101]",
4990,"[4.659765,1.752011,3.983097]",
4991,"[4.660529,1.75115,3.983095]",
4992,"[4.660999,1.749981,3.983093]",
4993,"[4.659847,1.746918,3.983086]",
4994,"[4.658206,1.744892,3.983082]",
4995,"[4.594882,1.719366,3.983028]",
4996,"[4.571523,1.710296,3.98301]",
4997,"[4.544582,1.699056,3.982986]",
4998,"[4.536556,1.694435,3.982976]",
4999,"[4.528865,1.68972,3.982966]",
5000,"[4.519012,1.676738,3.982939]",
5001,"[4.516153,1.669356,3.982924]",
5002,"[4.512381,1.656047,3.982896]",
5003,"[4.508589,1.648259,3.98288]",
5004,"[4.50605,1.636461,3.982855]",
5005,"[4.504131,1.633924,3.98285]",
5006,"[4.496124,1.625736,3.982832]",
5007,"[4.495704,1.624994,3.982831]",
5008,"[4.494401,1.623784,3.982828]",
5009,"[4.491058,1.621563,3.982824]",
5010,"[4.487409,1.620121,3.982821]",
5011,"[4.476617,1.618203,3.982817]",
5012,"[4.452412,1.602532,3.982784]",
5013,"[4.413783,1.563175,3.982701]",
5014,"[4.399016,1.546398,3.982666]",
5015,"[4.393022,1.53735,3.982647]",
5016,"[4.380742,1.52485,3.982621]",
5017,"[4.379172,1.520976,3.982613]",
5018,"[4.375532,1.51278,3.982596]",
5019,"[4.373413,1.508114,3.982586]",
5020,"[4.371147,1.498385,3.982566]",
5021,"[4.370757,1.493181,3.982555]",
5022,"[4.370281,1.486371,3.982541]",
5023,"[4.373025,1.484562,3.982537]",
5024,"[4.374809,1.483557,3.982535]",
5025,"[4.379096,1.483435,3.982534]",
5026,"[4.381561,1.484185,3.982536]",
5027,"[4.391338,1.486206,3.98254]",
5028,"[4.394839,1.487281,3.982543]",
5029,"[4.403496,1.490786,3.98255]",
5030,"[4.415686,1.49733,3.982563]",
5031,"[4.422965,1.502567,3.982574]",
5032,"[4.443921,1.518202,3.982607]",
5033,"[4.45569,1.527966,3.982628]",
5034,"[4.500789,1.581652,3.98274]",
5035,"[4.544957,1.635271,3.982852]",
5036,"[4.591125,1.675486,3.982937]",
5037,"[4.613027,1.688414,3.982964]",
5038,"[4.640081,1.699628,3.982987]",
5039,"[4.683085,1.707484,3.983004]",
5040,"[4.699811,1.706604,3.983002]",
5041,"[4.765103,1.70769,3.983004]",
5042,"[4.806703,1.709329,3.983007]",
5043,"[4.989829,1.682496,3.982951]",
5044,"[5.048127,1.668693,3.982922]",
5045,"[5.178495,1.608795,3.982797]",
5046,"[5.243354,1.575178,3.982727]",
5047,"[5.388906,1.485693,3.982539]",
5048,"[5.549119,1.376165,3.948334]",
5049,"[5.634483,1.327308,3.954575]",
5050,"[5.950001,1.161431,4.038319]",
5051,"[5.95,1.128374,3.946148]",
5052,"[5.270992,1.32754,3.198533]",
5053,"[5.277701,1.316689,3.166698]",
5054,"[5.497228,1.216893,3.176013]",
5055,"[5.95,0.992915,3.215109]",
5056,"[5.95,0.9747532,3.165404]",
5057,"[5.531013,1.109426,2.981051]",
5058,"[5.556673,1.081635,2.965326]",
5059,"[5.74999,0.9471402,2.972077]",
5060,"[5.855592,0.8803387,2.975764]",
5061,"[5.95,0.8090857,2.960207]",
5062,"[5.95,0.8075601,2.961792]",
5063,"[5.95,0.8067013,2.962109]",
5064,"[5.95,0.8078619,2.964836]",
5065,"[5.95,0.8088295,2.965082]",
5066,"[5.95,0.8204734,2.976272]",
5067,"[5.95,0.8262075,2.982573]",
5068,"[5.95,0.8327038,2.985545]",
5069,"[5.95,0.8355092,2.984627]",
5070,"[5.95,0.8380769,2.982437]",
5071,"[5.95,0.7925507,2.891341]",
5072,"[5.730718,0.9001347,2.826054]",
5073,"[5.689701,0.9001347,2.788325]",
5074,"[5.67554,0.9001347,2.774941]",
5075,"[5.657289,0.9001347,2.759161]",
5076,"[5.650871,0.9001347,2.754843]",
5077,"[5.641733,0.9001347,2.754414]",
5078,"[5.639142,0.9001347,2.755833]",
5079,"[5.632767,0.9001347,2.76536]",
5080,"[5.621348,0.9001347,2.788557]",
5081,"[5.615234,0.9001347,2.80363]",
5082,"[5.606642,0.8982475,2.842244]",
5083,"[5.95,0.6459584,2.969807]",
5084,"[5.703908,0.801623,2.970468]",
5085,"[5.590134,0.8487089,3.151298]",
5086,"[5.577299,0.8457097,3.189688]",
5087,"[5.266963,1.111925,3.217653]",
5088,"[5.260637,1.115865,3.247675]",
5089,"[5.519039,0.8780295,3.936616]",
5090,"[5.318993,0.9709495,3.912761]",
5091,"[5.194744,1.023583,3.897946]",
5092,"[4.894668,1.110683,3.862164]",
5093,"[4.803242,1.130693,3.870058]",
5094,"[4.749446,1.139768,3.875114]",
5095,"[4.701012,1.146974,3.879667]",
5096,"[4.658209,1.151309,3.883691]",
5097,"[4.668314,1.149327,3.88274]",
5098,"[4.670435,1.148793,3.882541]",
5099,"[4.660851,1.150073,3.883442]",
5100,"[4.554482,1.172978,3.893441]",
5101,"[4.458876,1.187082,3.902428]",
5102,"[4.136563,1.248207,3.930031]",
5103,"[3.401138,0.9971169,5.04]",
5104,"[2.581218,1.010327,4.667109]",
5105,"[2.060863,0.9918717,4.010419]",
5106,"[2.049999,0.9974902,3.829755]",
5107,"[2.05,0.9757263,3.379714]",
5108,"[2.05,0.9742101,3.247956]",
5109,"[2.05,0.9366035,3.115075]",
5110,"[2.05,0.8244531,2.940287]",
5111,"[2.05,0.7805488,2.887217]",
5112,"[2.05,0.6618987,2.867731]",
5113,"[2.05,0.6196739,2.872466]",
5114,"[2.31224,0.6002312,2.966359]",
5115,"[2.357405,0.6002312,2.969515]",
5116,"[2.496958,0.6002312,3.01718]",
5117,"[2.563771,0.6002312,3.0519]",
5118,"[2.595022,0.6002312,3.059683]",
5119,"[2.633278,0.6002312,3.050905]",
5120,"[2.652695,0.6002312,3.034344]",
5121,"[2.690607,0.5953491,2.95824]",
5122,"[2.615971,0.5806857,2.647562]",
5123,"[3.005,0.7943957,2.533189]",
5124,"[3.005,0.8009409,2.502139]",
5125,"[3.005,0.8078907,2.473321]",
5126,"[3.005,0.8118553,2.466667]",
5127,"[3.005,0.8134988,2.470333]",
5128,"[3.005,0.8165076,2.468027]",
5129,"[3.005,0.8167381,2.476629]",
5130,"[3.005,0.8141563,2.48257]",
5131,"[3.005,0.8113745,2.482431]",
5132,"[3.005,0.7880904,2.499226]",
5133,"[3.005,0.7789175,2.495913]",
5134,"[3.005,0.76792,2.485234]",
5135,"[3.005,0.7369199,2.252952]",
5136,"[2.748041,0.5806857,2.137568]",
5137,"[2.649173,0.5806856,1.832107]",
5138,"[2.629094,0.5806856,1.744888]",
5139,"[2.742913,0.6374981,1.664934]",
5140,"[2.660506,0.5806856,1.551166]",
5141,"[2.671627,0.5806856,1.544543]",
5142,"[2.700744,0.5806856,1.521253]",
5143,"[2.718267,0.5806856,1.513516]",
5144,"[2.771737,0.5806856,1.464944]",
5145,"[2.915547,0.6298554,1.460579]",
5146,"[3.003158,0.5806856,1.241383]",
5147,"[3.129184,0.5922351,0.6029561]",
5148,"[3.666822,0.9068134,0.5771346]",
5149,"[3.579297,0.7921109,0.05000034]",
5150,"[3.840723,0.9980045,0.600979]",
5151,"[3.828912,0.910722,0.0500008]",
5152,"[3.818747,0.9075466,0.05000056]",
5153,"[3.818904,0.9086615,0.05000056]",
5154,"[3.8873,0.9980045,0.5198882]",
5155,"[3.604604,0.7991909,0.05000057]",
5156,"[3.580176,0.7730475,0.05000057]",
5157,"[3.577741,0.7621378,0.05000057]",
5158,"[3.843498,0.9243439,0.6161957]",
5159,"[3.939427,0.9414994,0.6925562]",
5160,"[4.513227,1.228616,1.389589]",
5161,"[4.561475,1.185764,1.235632]",
5162,"[4.687666,1.085963,0.8405682]",
5163,"[4.734792,1.096634,0.8405682]",
5164,"[4.746395,1.096975,0.8405682]",
5165,"[4.762442,1.099947,0.8405682]",
5166,"[4.762412,1.100611,0.8405682]",
5167,"[4.759811,1.104073,0.8405682]",
5168,"[4.758586,1.105511,0.8405682]",
5169,"[4.720303,1.09752,0.8405682]",
5170,"[4.718414,1.096972,0.8405682]",
5171,"[4.696058,1.093037,0.8405682]",
5172,"[4.695589,1.09301,0.8405682]",
5173,"[4.701705,1.094028,0.8405682]",
5174,"[4.740626,1.212126,1.20523]",
5175,"[4.740626,1.279109,1.425323]",
5176,"[4.866527,1.317804,1.518632]",
5177,"[4.919667,1.3182,1.481876]",
5178,"[4.997832,1.3182,1.48076]",
5179,"[4.994044,1.3182,1.509295]",
5180,"[5.010009,1.310714,1.518632]",
5181,"[5.022868,1.307242,1.518632]",
5182,"[5.052756,1.302295,1.518632]",
5183,"[5.422237,1.152496,1.048156]",
5184,"[5.950001,1.122648,0.9732928]",
5185,"[5.635626,1.350064,1.860862]",
5186,"[5.578642,1.371232,1.936175]",
5187,"[5.578642,1.402651,2.006712]",
5188,"[5.578642,1.418206,2.035429]",
5189,"[5.578642,1.424402,2.032605]",
5190,"[5.587128,1.440732,2.035673]",
5191,"[5.578642,1.442043,2.02598]",
5192,"[5.578642,1.450298,1.973387]",
5193,"[5.578642,1.45395,1.971648]",
5194,"[5.578642,1.468502,1.980512]",
5195,"[5.578642,1.477539,1.992003]",
5196,"[5.791832,1.522759,1.992354]",
5197,"[5.62817,1.563668,2.107322]",
5198,"[5.687344,1.575115,2.109388]",
5199,"[5.742312,1.588552,2.111308]",
5200,"[5.749157,1.594223,2.111547]",
5201,"[5.748215,1.607303,2.111514]",
5202,"[5.726765,1.618112,2.110765]",
5203,"[5.720052,1.648765,2.110531]",
5204,"[5.715902,1.652739,2.110386]",
5205,"[5.665824,1.654698,2.108637]",
5206,"[5.647666,1.665854,2.108003]",
5207,"[5.645538,1.688389,2.107929]",
5208,"[5.575137,1.905929,2.183511]",
5209,"[5.575441,1.927032,2.190459]",
5210,"[5.576034,1.951195,2.204049]",
5211,"[5.576281,1.959069,2.209698]",
5212,"[5.576483,1.963436,2.214336]",
5213,"[5.576862,1.970302,2.223011]",
5214,"[5.576797,1.969432,2.221518]",
5215,"[5.576528,1.963183,2.21535]",
5216,"[5.576397,1.958087,2.212368]",
5217,"[5.576011,1.941896,2.203515]",
5218,"[5.575677,1.926961,2.195869]",
5219,"[5.575525,1.916284,2.192395]",
5220,"[5.575187,1.888754,2.184644]",
5221,"[5.575027,1.871273,2.180975]",
5222,"[5.576032,1.841955,2.177937]",
5223,"[5.626132,1.830737,2.171928]",
5224,"[5.95,1.832184,2.135175]",
5225,"[5.57596,1.499717,2.266397]",
5226,"[5.57596,1.460125,2.276412]",
5227,"[5.57596,1.407378,2.299446]",
5228,"[5.57596,1.377874,2.3117]",
5229,"[5.950001,1.018831,2.394541]",
5230,"[5.950001,0.98224,2.404496]",
5231,"[5.761152,0.9863958,2.393938]",
5232,"[5.702416,0.9835628,2.38953]",
5233,"[5.618926,0.9739199,2.344511]",
5234,"[5.950001,0.7727872,2.328336]",
5235,"[5.596,0.9483235,2.299106]",
5236,"[5.596,0.9361591,2.285614]",
5237,"[5.596,0.9367503,2.281559]",
5238,"[5.656402,0.9045084,2.267798]",
5239,"[5.754157,0.8491359,2.253591]",
5240,"[5.950001,0.7352591,2.212331]",
5241,"[5.950001,0.7336988,2.200807]",
5242,"[5.950001,0.7262034,2.187414]",
5243,"[5.950001,0.6735175,2.185388]",
5244,"[5.950001,0.6417483,2.185094]",
5245,"[5.854537,0.6622185,2.20639]",
5246,"[5.693588,0.7560632,2.229712]",
5247,"[5.596,0.8146681,2.248413]",
5248,"[5.596,0.8117997,2.254496]",
5249,"[5.596,0.8050027,2.266127]",
5250,"[5.596,0.8002784,2.271819]",
5251,"[5.785263,0.6622186,2.265739]",
5252,"[5.768849,0.6622185,2.273329]",
5253,"[5.759544,0.6622186,2.275484]",
5254,"[5.741069,0.6622186,2.27175]",
5255,"[5.727049,0.6622186,2.270245]",
5256,"[5.573248,0.6370363,2.257668]",
5257,"[5.950001,0.243896,2.212376]",
5258,"[5.950001,0.1810968,2.204695]",
5259,"[5.950001,0.1604,2.202457]",
5260,"[5.950001,0.1534963,2.201009]",
5261,"[5.950001,0.1414964,2.199035]",
5262,"[5.950001,0.1392494,2.198783]",
5263,"[5.950001,0.1337943,2.198407]",
5264,"[5.950001,0.1311528,2.198347]",
5265,"[5.950001,0.1292509,2.198301]",
5266,"[5.950001,0.128223,2.198511]",
5267,"[5.950001,0.1280439,2.19838]",
5268,"[5.950001,0.1274978,2.198568]",
5269,"[5.950001,0.126566,2.199048]",
5270,"[5.950001,0.1238141,2.199247]",
5271,"[5.950001,0.1223723,2.199112]",
5272,"[5.950001,0.1182082,2.199898]",
5273,"[5.950001,0.1165052,2.20082]",
5274,"[5.950001,0.1130034,2.203254]",
5275,"[5.950001,0.1115381,2.20467]",
5276,"[5.950001,0.1100353,2.206219]",
5277,"[5.950001,0.1076805,2.208465]",
5278,"[5.950001,0.1066639,2.209113]",
5279,"[5.950001,0.1046296,2.210154]",
5280,"[5.950001,0.1039782,2.210489]",
5281,"[5.950001,0.1039288,2.21051]",
5282,"[5.950001,0.1064846,2.209211]",
5283,"[5.950001,0.1087167,2.207618]",
5284,"[5.950001,0.1107382,2.202669]",
5285,"[5.950001,0.109464,2.1981]",
5286,"[5.950001,0.102853,2.186313]",
5287,"[5.949628,0.0999999,2.183074]",
5288,"[5.943131,0.1,2.178312]",
5289,"[5.939741,0.1,2.176359]",
5290,"[5.930667,0.1,2.172009]",
5291,"[5.92723,0.1,2.169556]",
5292,"[5.926804,0.1,2.17028]",
5293,"[5.92653,0.1,2.170735]",
5294,"[5.926383,0.1,2.170786]",
5295,"[5.926105,0.1,2.170799]",
5296,"[5.92606,0.1,2.170806]",
5297,"[5.925631,0.1,2.170899]",
5298,"[5.925311,0.1,2.171173]",
5299,"[5.925502,0.1,2.171826]",
5300,"[5.929855,0.1,2.175132]",
5301,"[5.936477,0.1,2.178706]",
5302,"[5.950001,0.1080709,2.195819]",
5303,"[5.950001,0.1238838,2.20742]",
5304,"[5.950001,0.1567861,2.224629]",
5305,"[5.950001,0.1757207,2.236187]",
5306,"[5.950001,0.1936479,2.246099]",
5307,"[5.950001,0.2241951,2.261831]",
5308,"[5.950001,0.2368172,2.267654]",
5309,"[5.950001,0.2586954,2.276555]",
5310,"[5.572579,0.6612843,2.318815]",
5311,"[5.615891,0.6622186,2.321064]",
5312,"[5.651979,0.6622186,2.315434]",
5313,"[5.694572,0.6622186,2.313037]",
5314,"[5.711018,0.6622186,2.313798]",
5315,"[5.722074,0.6622185,2.312286]",
5316,"[5.741647,0.6622186,2.310498]",
5317,"[5.741476,0.6622186,2.310517]",
5318,"[5.74157,0.6622186,2.310637]",
5319,"[5.742195,0.6622186,2.310849]",
5320,"[5.747263,0.6622186,2.312109]",
5321,"[5.751763,0.6622185,2.313333]",
5322,"[5.757433,0.6622186,2.3146]",
5323,"[5.760759,0.6622186,2.315796]",
5324,"[5.761901,0.6622186,2.317383]",
5325,"[5.761306,0.6622186,2.322536]",
5326,"[5.564463,0.8185759,2.329708]",
5327,"[5.559053,0.8181756,2.336609]",
5328,"[5.556184,0.8180108,2.340261]",
5329,"[5.551069,0.8145283,2.347344]",
5330,"[5.549736,0.8126736,2.350106]",
5331,"[5.549521,0.8097071,2.352099]",
5332,"[5.549613,0.8070999,2.352503]",
5333,"[5.549632,0.8066291,2.352568]",
5334,"[5.549679,0.8066323,2.352335]",
5335,"[5.54976,0.8071819,2.351769]",
5336,"[5.549872,0.8092029,2.350574]",
5337,"[5.549904,0.8107194,2.349927]",
5338,"[5.551339,0.8122722,2.347409]",
5339,"[5.553793,0.8162153,2.343602]",
5340,"[5.554172,0.8182437,2.342761]",
5341,"[5.554377,0.823541,2.341549]",
5342,"[5.55432,0.8258809,2.341201]",
5343,"[5.55403,0.8320615,2.340457]",
5344,"[5.553932,0.8360327,2.339868]",
5345,"[5.553885,0.8394939,2.339306]",
5346,"[5.554992,0.8467797,2.336599]",
5347,"[5.828987,0.6622186,2.32636]",
5348,"[5.881891,0.6622186,2.311762]",
5349,"[5.902473,0.6622185,2.306062]",
5350,"[5.950001,0.6491844,2.295842]",
5351,"[5.596,0.9084974,2.302699]",
5352,"[5.596,0.9204099,2.296916]",
5353,"[5.596,0.9257072,2.294654]",
5354,"[5.596,0.9278573,2.293372]",
5355,"[5.596,0.932178,2.291138]",
5356,"[5.596,0.9348782,2.29001]",
5357,"[5.596,0.9411709,2.289086]",
5358,"[5.596,0.9460597,2.288242]",
5359,"[5.596,0.9521422,2.286981]",
5360,"[5.596,0.9552935,2.286344]",
5361,"[5.596,0.9629563,2.285211]",
5362,"[5.683567,0.9381421,2.276428]",
5363,"[5.76152,0.9103368,2.269294]",
5364,"[5.950001,1.017178,2.246875]",
5365,"[5.950001,1.044666,2.244705]",
5366,"[5.57596,1.328032,2.276455]",
5367,"[5.57596,1.345082,2.276819]",
5368,"[5.57596,1.363076,2.277978]",
5369,"[5.57596,1.369153,2.278751]",
5370,"[5.57596,1.375012,2.279348]",
5371,"[5.57596,1.380183,2.282024]",
5372,"[5.57596,1.379403,2.282604]",
5373,"[5.57596,1.37998,2.28485]",
5374,"[5.57596,1.379119,2.283911]",
5375,"[5.57596,1.37649,2.282588]",
5376,"[5.57596,1.374574,2.282103]",
5377,"[5.57596,1.372626,2.281448]",
5378,"[5.57596,1.370322,2.280426]",
5379,"[5.57596,1.368549,2.280196]",
5380,"[5.57596,1.366116,2.279502]",
5381,"[5.57596,1.365313,2.279068]",
5382,"[5.57596,1.364523,2.278594]",
5383,"[5.57596,1.364383,2.278526]",
5384,"[5.57596,1.362545,2.277184]",
5385,"[5.57596,1.360298,2.276676]",
5386,"[5.57596,1.358583,2.276164]",
5387,"[5.57596,1.356643,2.275346]",
5388,"[5.57596,1.356078,2.274924]",
5389,"[5.57596,1.355416,2.274309]",
5390,"[5.57596,1.355248,2.273973]",
5391,"[5.57596,1.353849,2.273292]",
5392,"[5.57596,1.353137,2.272948]",
5393,"[5.57596,1.352624,2.272581]",
5394,"[5.57596,1.351912,2.272095]",
5395,"[5.57596,1.351722,2.271846]",
5396,"[5.57596,1.351041,2.271249]",
5397,"[5.57596,1.350659,2.270849]",
5398,"[5.57596,1.350376,2.270319]",
5399,"[5.57596,1.350352,2.270146]",
5400,"[5.57596,1.350379,2.269904]",
5401,"[5.57596,1.350393,2.269818]",
5402,"[5.57596,1.350116,2.270833]",
5403,"[5.57596,1.349806,2.272278]",
5404,"[5.57596,1.34946,2.273176]",
5405,"[5.57596,1.349111,2.27473]",
5406,"[5.57596,1.349024,2.275507]",
5407,"[5.57596,1.34834,2.276934]",
5408,"[5.57596,1.347927,2.277009]",
5409,"[5.57596,1.347694,2.277694]",
5410,"[5.57596,1.34665,2.279155]",
5411,"[5.57596,1.345994,2.279852]",
5412,"[5.57596,1.344834,2.279967]",
5413,"[5.57596,1.344398,2.279981]",
5414,"[5.57596,1.344105,2.281144]",
5415,"[5.57596,1.343966,2.281121]",
5416,"[5.57596,1.343962,2.281631]",
5417,"[5.57596,1.344068,2.282084]",
5418,"[5.57596,1.344094,2.28207]",
5419,"[5.57596,1.344165,2.282019]",
5420,"[5.57596,1.344317,2.282343]",
5421,"[5.57596,1.344434,2.282252]",
5422,"[5.57596,1.344453,2.282983]",
5423,"[5.57596,1.344784,2.284209]",
5424,"[5.57596,1.34509,2.284794]",
5425,"[5.57596,1.345487,2.285361]",
5426,"[5.57596,1.348122,2.287574]",
5427,"[5.57596,1.366804,2.298408]",
5428,"[5.57596,1.384011,2.308346]",
5429,"[5.57596,1.389555,2.311425]",
5430,"[5.57596,1.397248,2.315635]",
5431,"[5.57596,1.400315,2.317306]",
5432,"[5.576143,1.405007,2.319945]",
5433,"[5.576526,1.407205,2.321169]",
5434,"[5.576828,1.408729,2.322136]",
5435,"[5.577631,1.412005,2.32471]",
5436,"[5.578105,1.413682,2.326227]",
5437,"[5.578941,1.415704,2.328041]",
5438,"[5.579348,1.416193,2.32851]",
5439,"[5.58105,1.417417,2.330473]",
5440,"[5.581852,1.418141,2.331397]",
5441,"[5.582143,1.41851,2.331732]",
5442,"[5.586515,1.418784,2.332421]",
5443,"[5.596173,1.417623,2.332421]",
5444,"[5.618324,1.414686,2.332421]",
5445,"[5.631056,1.413022,2.332421]",
5446,"[5.658402,1.408531,2.332421]",
5447,"[5.675014,1.405794,2.332421]",
5448,"[5.712461,1.399879,2.332421]",
5449,"[5.721182,1.398691,2.332421]",
5450,"[5.731892,1.397175,2.332421]",
5451,"[5.736454,1.396743,2.332421]",
5452,"[5.729374,1.398259,2.332421]",
5453,"[5.721051,1.400135,2.332421]",
5454,"[5.719313,1.400206,2.332421]",
5455,"[5.713798,1.399276,2.332421]",
5456,"[5.710515,1.398089,2.332421]",
5457,"[5.700181,1.396894,2.332421]",
5458,"[5.688462,1.393613,2.332421]",
5459,"[5.685541,1.392674,2.332421]",
5460,"[5.659579,1.395322,2.332421]",
5461,"[5.649784,1.396112,2.332421]",
5462,"[5.635874,1.396939,2.332421]",
5463,"[5.630399,1.397099,2.332421]",
5464,"[5.628511,1.396569,2.332421]",
5465,"[5.638431,1.392784,2.332421]",
5466,"[5.648164,1.389912,2.332421]",
5467,"[5.657418,1.386919,2.332421]",
5468,"[5.657314,1.386637,2.332421]",
5469,"[5.6649,1.385351,2.332421]",
5470,"[5.669318,1.384578,2.332421]",
5471,"[5.666664,1.385592,2.332421]",
5472,"[5.669073,1.386124,2.332421]",
5473,"[5.674275,1.385706,2.332421]",
5474,"[5.681511,1.38555,2.332421]",
5475,"[5.684021,1.385709,2.332421]",
5476,"[5.690615,1.385305,2.332421]",
5477,"[5.686424,1.386294,2.332421]",
5478,"[5.680757,1.387751,2.332421]",
5479,"[5.668556,1.390394,2.332421]",
5480,"[5.658465,1.392606,2.332421]",
5481,"[5.640575,1.394978,2.332421]",
5482,"[5.63316,1.395943,2.332421]",
5483,"[5.621731,1.397407,2.332421]",
5484,"[5.604058,1.400471,2.332421]",
5485,"[5.582443,1.404336,2.332078]",
5486,"[5.581789,1.404327,2.331325]",
5487,"[5.581159,1.404671,2.330598]",
5488,"[5.58084,1.404866,2.33023]",
5489,"[5.58051,1.405106,2.32985]",
5490,"[5.579834,1.405697,2.329071]",
5491,"[5.579464,1.406053,2.328645]",
5492,"[5.578857,1.406323,2.327945]",
5493,"[5.562755,1.409954,2.32915]",
5494,"[5.545592,1.413738,2.329743]",
5495,"[5.451253,1.434056,2.338395]",
5496,"[5.43576,1.437399,2.339854]",
5497,"[5.439679,1.436648,2.340052]",
5498,"[5.446703,1.435201,2.340135]",
5499,"[5.95,1.326673,2.287937]",
5500,"[5.95,1.326232,2.28778]",
5501,"[5.95,1.325587,2.28622]",
5502,"[5.95,1.325543,2.285419]",
5503,"[5.95,1.325737,2.283876]",
5504,"[5.465926,1.42979,2.338653]",
5505,"[5.463821,1.430213,2.338573]",
5506,"[5.95,1.326019,2.280481]",
5507,"[5.95,1.326223,2.280336]",
5508,"[5.95,1.32681,2.280061]",
5509,"[5.95,1.327172,2.279927]",
5510,"[5.95,1.327873,2.279576]",
5511,"[5.95,1.328168,2.279362]",
5512,"[5.95,1.328437,2.279129]",
5513,"[5.95,1.329006,2.279068]",
5514,"[5.95,1.328994,2.279393]",
5515,"[5.95,1.329243,2.279868]",
5516,"[5.95,1.329476,2.280112]",
5517,"[5.95,1.329619,2.280497]",
5518,"[5.95,1.330517,2.281281]",
5519,"[5.57957,1.410287,2.328766]",
5520,"[5.580243,1.410889,2.329542]",
5521,"[5.583588,1.412028,2.332421]",
5522,"[5.634567,1.403912,2.332421]",
5523,"[5.659603,1.399628,2.332421]",
5524,"[5.722276,1.388631,2.332421]",
5525,"[5.745661,1.383491,2.33242]",
5526,"[5.780116,1.376032,2.33242]",
5527,"[5.78037,1.375899,2.33242]",
5528,"[5.780797,1.375736,2.33242]",
5529,"[5.781927,1.375349,2.33242]",
5530,"[5.782593,1.375114,2.33242]",
5531,"[5.787814,1.374335,2.33242]",
5532,"[5.792794,1.373542,2.33242]",
5533,"[5.801964,1.372036,2.33242]",
5534,"[5.807527,1.371107,2.33242]",
5535,"[5.739346,1.385217,2.340178]",
5536,"[5.738718,1.38555,2.340672]",
5537,"[5.738047,1.38596,2.341199]",
5538,"[5.736354,1.387125,2.342616]",
5539,"[5.736041,1.38823,2.343163]",
5540,"[5.735669,1.390224,2.343811]",
5541,"[5.735412,1.391338,2.344259]",
5542,"[5.734862,1.393376,2.345218]",
5543,"[5.734669,1.394099,2.345555]",
5544,"[5.734438,1.394849,2.345958]",
5545,"[5.733871,1.396573,2.347011]",
5546,"[5.733844,1.397519,2.347663]",
5547,"[5.733772,1.397279,2.349417]",
5548,"[5.733727,1.397148,2.350527]",
5549,"[5.733636,1.397138,2.352738]",
5550,"[5.733573,1.397629,2.354254]",
5551,"[5.733511,1.398234,2.355763]",
5552,"[5.733259,1.400798,2.361938]",
5553,"[5.733132,1.402202,2.365022]",
5554,"[5.732904,1.405193,2.370579]",
5555,"[5.732769,1.407061,2.373861]",
5556,"[5.732757,1.408417,2.374158]",
5557,"[5.732764,1.409261,2.37398]",
5558,"[5.732765,1.410832,2.373954]",
5559,"[5.732757,1.411673,2.374153]",
5560,"[5.732741,1.412969,2.374525]",
5561,"[5.640078,1.431869,2.382675]",
5562,"[5.555751,1.447799,2.389002]",
5563,"[5.757331,1.414993,2.375519]",
5564,"[5.751535,1.416942,2.376462]",
5565,"[5.726712,1.422176,2.378641]",
5566,"[5.705573,1.426359,2.380777]",
5567,"[5.705181,1.426936,2.381553]",
5568,"[5.699009,1.428632,2.382702]",
5569,"[5.688585,1.431036,2.384298]",
5570,"[5.685431,1.433094,2.386896]",
5571,"[5.683815,1.434387,2.388344]",
5572,"[5.682459,1.436517,2.390248]",
5573,"[5.680373,1.438227,2.392571]",
5574,"[5.681018,1.441135,2.39987]",
5575,"[5.774175,1.429484,2.402623]",
5576,"[5.95,1.405053,2.402244]",
5577,"[5.576138,1.511975,2.625294]",
5578,"[5.575008,1.515218,2.64119]",
5579,"[5.571376,1.525636,2.679466]",
5580,"[5.570191,1.529033,2.69019]",
5581,"[5.568976,1.532517,2.700129]",
5582,"[5.568611,1.533564,2.702139]",
5583,"[5.568214,1.534702,2.704356]",
5584,"[5.567661,1.53629,2.708133]",
5585,"[5.567618,1.536412,2.707955]",
5586,"[5.567535,1.536651,2.707828]",
5587,"[5.567812,1.535856,2.706738]",
5588,"[5.568388,1.534206,2.705037]",
5589,"[5.568612,1.533562,2.704571]",
5590,"[5.568828,1.532942,2.703708]",
5591,"[5.568934,1.532639,2.703485]",
5592,"[5.569168,1.531966,2.70167]",
5593,"[5.569402,1.531295,2.699355]",
5594,"[5.569436,1.531199,2.698538]",
5595,"[5.569482,1.531067,2.69775]",
5596,"[5.569496,1.531026,2.697646]",
5597,"[5.549796,1.532052,2.691528]",
5598,"[5.925909,1.501627,2.769631]",
5599,"[5.925343,1.501627,2.769463]",
5600,"[5.159679,1.562539,2.613484]",
5601,"[5.161727,1.561597,2.616226]",
5602,"[5.168483,1.560199,2.61723]",
5603,"[5.170346,1.559056,2.619449]",
5604,"[5.176964,1.557126,2.622269]",
5605,"[5.180532,1.556898,2.622878]",
5606,"[5.188928,1.55638,2.624334]",
5607,"[5.884995,1.501627,2.749543]",
5608,"[5.887185,1.501627,2.749956]",
5609,"[5.884179,1.501627,2.7482]",
5610,"[5.869111,1.501627,2.74275]",
5611,"[5.850103,1.501627,2.735908]",
5612,"[5.836797,1.501627,2.729984]",
5613,"[5.81393,1.501627,2.720199]",
5614,"[5.802138,1.501627,2.715689]",
5615,"[5.751636,1.501627,2.701457]",
5616,"[5.732424,1.501627,2.696405]",
5617,"[5.71625,1.501627,2.692169]",
5618,"[5.682833,1.501627,2.684545]",
5619,"[5.664486,1.501627,2.680764]",
5620,"[5.580353,1.49991,2.670841]",
5621,"[5.570848,1.494937,2.671746]",
5622,"[5.558605,1.48842,2.67362]",
5623,"[5.555532,1.485911,2.674421]",
5624,"[5.552922,1.483491,2.675022]",
5625,"[5.548933,1.478937,2.675778]",
5626,"[5.547717,1.476693,2.676012]",
5627,"[5.545503,1.472563,2.676555]",
5628,"[5.54439,1.470578,2.676607]",
5629,"[5.542805,1.4681,2.675848]",
5630,"[5.542363,1.467322,2.675842]",
5631,"[5.541867,1.466494,2.67573]",
5632,"[5.541729,1.466007,2.676313]",
5633,"[5.541665,1.465829,2.676468]",
5634,"[5.541524,1.465507,2.676645]",
5635,"[5.541429,1.465394,2.676515]",
5636,"[5.541149,1.465044,2.676171]",
5637,"[5.5411,1.464946,2.676195]",
5638,"[5.540993,1.464707,2.67632]",
5639,"[5.540946,1.46459,2.676401]",
5640,"[5.540891,1.464477,2.676435]",
5641,"[5.540718,1.464208,2.676353]",
5642,"[5.540607,1.464079,2.676194]",
5643,"[5.541057,1.46459,2.675591]",
5644,"[5.542355,1.46529,2.675154]",
5645,"[5.545062,1.466886,2.674281]",
5646,"[5.546636,1.467852,2.673784]",
5647,"[5.55027,1.468921,2.6726]",
5648,"[5.553806,1.466141,2.671404]",
5649,"[5.557574,1.463244,2.670139]",
5650,"[5.564967,1.455488,2.667388]",
5651,"[5.568514,1.450828,2.665947]",
5652,"[5.573985,1.444686,2.663859]",
5653,"[5.576318,1.442029,2.662964]",
5654,"[5.574891,1.440345,2.663084]",
5655,"[5.572815,1.438574,2.663347]",
5656,"[5.571989,1.43826,2.663501]",
5657,"[5.570635,1.437912,2.663777]",
5658,"[5.570064,1.437682,2.663882]",
5659,"[5.571274,1.43806,2.663645]",
5660,"[5.572682,1.438011,2.663305]",
5661,"[5.575709,1.437565,2.662532]",
5662,"[5.56419,1.419678,2.662946]",
5663,"[5.558158,1.409386,2.663044]",
5664,"[5.551016,1.39591,2.662993]",
5665,"[5.550426,1.391667,2.662894]",
5666,"[5.550338,1.384298,2.663123]",
5667,"[5.549619,1.381972,2.663446]",
5668,"[5.549798,1.37817,2.663483]",
5669,"[5.550617,1.376449,2.663233]",
5670,"[5.551602,1.374814,2.66292]",
5671,"[5.551024,1.375182,2.66312]",
5672,"[5.550902,1.375386,2.663158]",
5673,"[5.550554,1.375761,2.663274]",
5674,"[5.550227,1.375949,2.663388]",
5675,"[5.549311,1.376324,2.663709]",
5676,"[5.548746,1.376468,2.66391]",
5677,"[5.546391,1.377849,2.664725]",
5678,"[5.545186,1.37845,2.665145]",
5679,"[5.544284,1.378918,2.665458]",
5680,"[5.541456,1.379934,2.666454]",
5681,"[5.539346,1.380503,2.667202]",
5682,"[5.536129,1.381348,2.668344]",
5683,"[5.535016,1.381637,2.668739]",
5684,"[5.534136,1.38178,2.669121]",
5685,"[5.533669,1.381977,2.66947]",
5686,"[5.533032,1.382231,2.669951]",
5687,"[5.531368,1.382794,2.671236]",
5688,"[5.530307,1.383049,2.672085]",
5689,"[5.527512,1.384177,2.674361]",
5690,"[5.527376,1.384183,2.67452]",
5691,"[5.526978,1.384139,2.675014]",
5692,"[5.526704,1.383917,2.675438]",
5693,"[5.526661,1.38298,2.675902]",
5694,"[5.526984,1.38213,2.675893]",
5695,"[5.527334,1.381092,2.675936]",
5696,"[5.529173,1.378426,2.674925]",
5697,"[5.5303,1.377097,2.67417]",
5698,"[5.532244,1.374581,2.672969]",
5699,"[5.532721,1.374123,2.672603]",
5700,"[5.533587,1.373251,2.671992]",
5701,"[5.534083,1.372751,2.671702]",
5702,"[5.534454,1.372628,2.671415]",
5703,"[5.535212,1.372408,2.67082]",
5704,"[5.537398,1.371089,2.669295]",
5705,"[5.545529,1.369877,2.665251]",
5706,"[5.551766,1.369572,2.663002]",
5707,"[5.560118,1.369476,2.659982]",
5708,"[5.562673,1.36965,2.659053]",
5709,"[5.567083,1.369896,2.657959]",
5710,"[5.569394,1.369847,2.657413]",
5711,"[5.571773,1.36973,2.656851]",
5712,"[5.575027,1.369182,2.656085]",
5713,"[5.576065,1.368752,2.655841]",
5714,"[5.552222,1.373705,2.662726]",
5715,"[5.545806,1.374587,2.665024]",
5716,"[5.536521,1.375285,2.668876]",
5717,"[5.533778,1.374338,2.671522]",
5718,"[5.532034,1.373398,2.67374]",
5719,"[5.531808,1.370697,2.679726]",
5720,"[5.532988,1.369083,2.682479]",
5721,"[5.53393,1.368295,2.68548]",
5722,"[5.534758,1.368209,2.689096]",
5723,"[5.535856,1.368134,2.693956]",
5724,"[5.536309,1.368074,2.695915]",
5725,"[5.536678,1.368035,2.697527]",
5726,"[5.53672,1.370019,2.700914]",
5727,"[5.536805,1.370893,2.702708]",
5728,"[5.536995,1.372464,2.706105]",
5729,"[5.497758,1.382581,2.700367]",
5730,"[5.214847,1.449792,2.647979]",
5731,"[5.164496,1.461901,2.638383]",
5732,"[5.160289,1.463132,2.638152]",
5733,"[5.164691,1.462675,2.639819]",
5734,"[5.166574,1.462456,2.641057]",
5735,"[5.169689,1.462083,2.643517]",
5736,"[5.170781,1.461966,2.644836]",
5737,"[5.171949,1.461808,2.647116]",
5738,"[5.172108,1.461699,2.648131]",
5739,"[5.174192,1.460904,2.647055]",
5740,"[5.175202,1.460528,2.646556]",
5741,"[5.176027,1.460256,2.646344]",
5742,"[5.179229,1.459015,2.645845]",
5743,"[5.18353,1.457603,2.645994]",
5744,"[5.95,1.277737,2.775808]",
5745,"[5.95,1.277395,2.775583]",
5746,"[5.95,1.277617,2.776488]",
5747,"[5.95,1.278214,2.777988]",
5748,"[5.95,1.278859,2.781601]",
5749,"[5.95,1.279313,2.783832]",
5750,"[5.95,1.279298,2.785955]",
5751,"[5.95,1.279116,2.786631]",
5752,"[5.95,1.279027,2.7868]",
5753,"[5.95,1.278796,2.787177]",
5754,"[5.95,1.278702,2.785713]",
5755,"[5.95,1.279884,2.783272]",
5756,"[5.95,1.281515,2.782008]",
5757,"[5.95,1.284501,2.780376]",
5758,"[5.95,1.304376,2.775771]",
5759,"[5.95,1.325779,2.77165]",
5760,"[5.95,1.392615,2.763387]",
5761,"[5.95,1.43458,2.759602]",
5762,"[5.139672,1.673838,2.624437]",
5763,"[5.166433,1.687823,2.627246]",
5764,"[5.95,2.301328,2.835233]",
5765,"[5.95,2.311884,2.835398]",
5766,"[5.95,2.322224,2.835399]",
5767,"[5.95,2.340095,2.83686]",
5768,"[5.95,2.347382,2.838325]",
5769,"[5.95,2.344676,2.838674]",
5770,"[5.95,2.344452,2.838849]",
5771,"[5.95,2.33845,2.839486]",
5772,"[5.95,2.320615,2.841227]",
5773,"[5.95,2.296553,2.84645]",
5774,"[5.781606,2.201129,2.81172]",
5775,"[5.770334,2.18936,2.81172]",
5776,"[5.731123,2.15006,2.81172]",
5777,"[5.711175,2.124854,2.81172]",
5778,"[5.682597,2.089293,2.81172]",
5779,"[5.675882,2.078027,2.81172]",
5780,"[5.670125,2.070395,2.81172]",
5781,"[5.670385,2.067042,2.81172]",
5782,"[5.670342,2.067026,2.81172]",
5783,"[5.668712,2.068029,2.81172]",
5784,"[5.666979,2.069574,2.81172]",
5785,"[5.66437,2.074779,2.81172]",
5786,"[5.664149,2.079296,2.81172]",
5787,"[5.668659,2.087075,2.81172]",
5788,"[5.672729,2.090429,2.81172]",
5789,"[5.681004,2.093685,2.81172]",
5790,"[5.697797,2.10281,2.81172]",
5791,"[5.707156,2.108833,2.81172]",
5792,"[5.728327,2.119966,2.81172]",
5793,"[5.739635,2.125292,2.81172]",
5794,"[5.763728,2.135114,2.81172]",
5795,"[5.778198,2.140176,2.81172]",
5796,"[5.862098,2.169134,2.82544]",
5797,"[5.862098,2.148833,2.813492]",
5798,"[5.862098,2.141437,2.812019]",
5799,"[5.862098,2.129712,2.809106]",
5800,"[5.862098,2.124625,2.807558]",
5801,"[5.862098,2.120594,2.805115]",
5802,"[5.862098,2.120481,2.804657]",
5803,"[5.862098,2.121023,2.803777]",
5804,"[5.862098,2.123361,2.803332]",
5805,"[5.862098,2.125265,2.802945]",
5806,"[5.862098,2.12731,2.801699]",
5807,"[5.862098,2.127744,2.801259]",
5808,"[5.469272,1.963979,2.733532]",
5809,"[5.862098,2.128307,2.806324]",
5810,"[5.862098,2.12836,2.806631]",
5811,"[5.862098,2.12819,2.806756]",
5812,"[5.862098,2.127845,2.806849]",
5813,"[5.862098,2.127129,2.806715]",
5814,"[5.862098,2.12682,2.806445]",
5815,"[5.862098,2.128585,2.802347]",
5816,"[5.862098,2.129189,2.80072]",
5817,"[5.862098,2.130606,2.797383]",
5818,"[5.862098,2.131551,2.795633]",
5819,"[5.862098,2.132457,2.793789]",
5820,"[5.862098,2.133716,2.790297]",
5821,"[5.862098,2.134165,2.788468]",
5822,"[5.862098,2.134595,2.785859]",
5823,"[5.862098,2.134583,2.784358]",
5824,"[5.862098,2.133269,2.781044]",
5825,"[5.862098,2.132557,2.779263]",
5826,"[5.862098,2.130993,2.77584]",
5827,"[5.862098,2.129897,2.774058]",
5828,"[5.862098,2.128668,2.771718]",
5829,"[5.862098,2.125797,2.764095]",
5830,"[5.608872,2.005504,2.685948]",
5831,"[5.608872,1.996655,2.643526]",
5832,"[5.608872,1.993991,2.629625]",
5833,"[5.608872,1.989281,2.609752]",
5834,"[5.608872,1.986965,2.601261]",
5835,"[5.608872,1.986065,2.598385]",
5836,"[5.608872,1.984964,2.590856]",
5837,"[5.608872,1.984868,2.586081]",
5838,"[5.608872,1.985457,2.584293]",
5839,"[5.608872,1.986051,2.582583]",
5840,"[5.608872,1.987367,2.581987]",
5841,"[5.608872,1.988762,2.58083]",
5842,"[5.608872,1.992505,2.578118]",
5843,"[5.608872,1.993757,2.576699]",
5844,"[5.608872,1.995295,2.574572]",
5845,"[5.608872,1.998592,2.56812]",
5846,"[5.660023,2.021719,2.554996]",
5847,"[5.614206,2.005983,2.553396]",
5848,"[5.5858,1.973699,2.427724]",
5849,"[5.584005,1.965665,2.386626]",
5850,"[5.583441,1.963467,2.373692]",
5851,"[5.582863,1.961375,2.360469]",
5852,"[5.582221,1.957341,2.34574]",
5853,"[5.58189,1.95542,2.338174]",
5854,"[5.581559,1.953603,2.33059]",
5855,"[5.581355,1.952423,2.325905]",
5856,"[5.580954,1.950871,2.316737]",
5857,"[5.580746,1.95053,2.31196]",
5858,"[5.580409,1.951297,2.30425]",
5859,"[5.580229,1.951947,2.300131]",
5860,"[5.580046,1.95269,2.295936]",
5861,"[5.58008,1.954706,2.296702]",
5862,"[5.580074,1.955624,2.296571]",
5863,"[5.579725,1.957353,2.288582]",
5864,"[5.57956,1.958089,2.284805]",
5865,"[5.579191,1.959703,2.276361]",
5866,"[5.579354,1.961052,2.280091]",
5867,"[5.57965,1.964009,2.286875]",
5868,"[5.579762,1.964931,2.289448]",
5869,"[5.579818,1.965601,2.290721]",
5870,"[5.579857,1.966542,2.291601]",
5871,"[5.579877,1.967141,2.292067]",
5872,"[5.580177,1.970947,2.298944]",
5873,"[5.580255,1.97097,2.30072]",
5874,"[5.580318,1.970877,2.302172]",
5875,"[5.58033,1.970776,2.302438]",
5876,"[5.580337,1.970658,2.302608]",
5877,"[5.580385,1.968149,2.303707]",
5878,"[5.580401,1.966626,2.304078]",
5879,"[5.580445,1.962885,2.305082]",
5880,"[5.580456,1.96162,2.305334]",
5881,"[5.580262,1.95743,2.300888]",
5882,"[5.580353,1.955343,2.302978]",
5883,"[5.580427,1.953313,2.304667]",
5884,"[5.580552,1.949423,2.307531]",
5885,"[5.58072,1.947487,2.311375]",
5886,"[5.580955,1.944612,2.316749]",
5887,"[5.581011,1.945135,2.318048]",
5888,"[5.581086,1.94586,2.319759]",
5889,"[5.581109,1.946106,2.320277]",
5890,"[5.580808,1.944163,2.313382]",
5891,"[5.580563,1.942575,2.307783]",
5892,"[5.580389,1.941485,2.303792]",
5893,"[5.580158,1.940229,2.298497]",
5894,"[5.580076,1.939854,2.296625]",
5895,"[5.579949,1.939081,2.293729]",
5896,"[5.579899,1.938708,2.292577]",
5897,"[5.579856,1.93827,2.291579]",
5898,"[5.579859,1.938105,2.291664]",
5899,"[5.579803,1.937129,2.290356]",
5900,"[5.579765,1.935032,2.2895]",
5901,"[5.579778,1.934015,2.289808]",
5902,"[5.579735,1.931381,2.288816]",
5903,"[5.579744,1.93022,2.289013]",
5904,"[5.57975,1.927766,2.28915]",
5905,"[5.579731,1.926251,2.288718]",
5906,"[5.579716,1.92484,2.288384]",
5907,"[5.579681,1.921884,2.287585]",
5908,"[5.579662,1.920438,2.287148]",
5909,"[5.579569,1.91702,2.285015]",
5910,"[5.579538,1.916376,2.284294]",
5911,"[5.579481,1.915133,2.282985]",
5912,"[5.57945,1.914492,2.282286]",
5913,"[5.579427,1.913877,2.28175]",
5914,"[5.579432,1.913833,2.28186]",
5915,"[5.579462,1.913549,2.282563]",
5916,"[5.579515,1.91298,2.283763]",
5917,"[5.579549,1.912369,2.284555]",
5918,"[5.580349,1.912305,2.302887]",
5919,"[5.580805,1.912444,2.31332]",
5920,"[5.581328,1.912842,2.325293]",
5921,"[5.581515,1.913128,2.32958]",
5922,"[5.581651,1.913228,2.332689]",
5923,"[5.581822,1.913373,2.336613]",
5924,"[5.581875,1.91349,2.33784]",
5925,"[5.581931,1.913653,2.33911]",
5926,"[5.581934,1.913679,2.339191]",
5927,"[5.581946,1.91563,2.339464]",
5928,"[5.581957,1.916843,2.339705]",
5929,"[5.581988,1.918453,2.340413]",
5930,"[5.582047,1.921471,2.341771]",
5931,"[5.582088,1.923338,2.342723]",
5932,"[5.582077,1.924621,2.34244]",
5933,"[5.582071,1.925452,2.342319]",
5934,"[5.582076,1.926354,2.342433]",
5935,"[5.582085,1.926839,2.342639]",
5936,"[5.582112,1.928121,2.34325]",
5937,"[5.582115,1.928603,2.343333]",
5938,"[5.582123,1.929199,2.343518]",
5939,"[5.582082,1.930209,2.34258]",
5940,"[5.582075,1.93061,2.342402]",
5941,"[5.582075,1.931183,2.342398]",
5942,"[5.582067,1.931274,2.342219]",
5943,"[5.582062,1.931371,2.342112]",
5944,"[5.582073,1.931461,2.342367]",
5945,"[5.582089,1.931522,2.342728]",
5946,"[5.582137,1.931712,2.343837]",
5947,"[5.582181,1.931976,2.344851]",
5948,"[5.582293,1.932533,2.347399]",
5949,"[5.582363,1.932736,2.349006]",
5950,"[5.582493,1.93322,2.351975]",
5951,"[5.582557,1.933546,2.353453]",
5952,"[5.582622,1.934495,2.354942]",
5953,"[5.582771,1.936609,2.358346]",
5954,"[5.582907,1.938161,2.361461]",
5955,"[5.583161,1.940514,2.367287]",
5956,"[5.583282,1.941258,2.370039]",
5957,"[5.583508,1.942537,2.375233]",
5958,"[5.583642,1.943107,2.378306]",
5959,"[5.583827,1.943538,2.382532]",
5960,"[5.583988,1.942966,2.386214]",
5961,"[5.584126,1.942449,2.389392]",
5962,"[5.584346,1.941159,2.394431]",
5963,"[5.584439,1.940401,2.396552]",
5964,"[5.584612,1.939918,2.40052]",
5965,"[5.584604,1.939694,2.400329]",
5966,"[5.584596,1.939373,2.400155]",
5967,"[5.584595,1.93927,2.400122]",
5968,"[5.584595,1.939173,2.400118]",
5969,"[5.584552,1.938747,2.399153]",
5970,"[5.584536,1.938599,2.398772]",
5971,"[5.584507,1.938483,2.398104]",
5972,"[5.584489,1.938401,2.397698]",
5973,"[5.584442,1.938252,2.396614]",
5974,"[5.584414,1.938205,2.395975]",
5975,"[5.58434,1.938132,2.39429]",
5976,"[5.584301,1.938157,2.393404]",
5977,"[5.584299,1.938161,2.393337]",
5978,"[5.584296,1.938179,2.393288]",
5979,"[5.588827,1.939705,2.392527]",
5980,"[5.463233,1.897525,2.414739]",
5981,"[5.425201,1.885016,2.423111]",
5982,"[5.428893,1.886476,2.42427]",
5983,"[5.430151,1.887049,2.425936]",
5984,"[5.431588,1.887505,2.428034]",
5985,"[5.434103,1.888026,2.428855]",
5986,"[5.435035,1.888074,2.42857]",
5987,"[5.436843,1.888123,2.427916]",
5988,"[5.438196,1.888196,2.427459]",
5989,"[5.781497,2.00201,2.364632]",
5990,"[5.77862,2.000828,2.364632]",
5991,"[5.776805,2.000084,2.364632]",
5992,"[5.774736,1.999694,2.364632]",
5993,"[5.774325,1.999904,2.364632]",
5994,"[5.77485,2.000509,2.364632]",
5995,"[5.775611,2.000938,2.364632]",
5996,"[5.77736,2.003314,2.364632]",
5997,"[5.778809,2.004729,2.364632]",
5998,"[5.778779,2.006871,2.364632]",
5999,"[5.777333,2.007526,2.364632]",
6000,"[5.776085,2.008093,2.364632]",
6001,"[5.775837,2.009466,2.364632]",
6002,"[5.774598,2.009789,2.364632]",
6003,"[5.784995,2.014335,2.364632]",
6004,"[5.799644,2.020036,2.364632]",
6005,"[5.844591,2.035049,2.364632]",
6006,"[5.882005,2.046382,2.364632]",
6007,"[5.608872,1.966057,2.60371]",
6008,"[5.608872,1.965546,2.630443]",
6009,"[5.608872,1.964778,2.642601]",
6010,"[5.608872,1.962257,2.661748]",
6011,"[5.608872,1.960667,2.669822]",
6012,"[5.608872,1.957572,2.68447]",
6013,"[5.608872,1.956191,2.691346]",
6014,"[5.608872,1.954871,2.697622]",
6015,"[5.608872,1.954565,2.697565]",
6016,"[5.608872,1.95409,2.699856]",
6017,"[5.608872,1.953068,2.702132]",
6018,"[5.608872,1.952644,2.701954]",
6019,"[5.608872,1.950819,2.698258]",
6020,"[5.608872,1.950087,2.697516]",
6021,"[5.608872,1.950146,2.696221]",
6022,"[5.608872,1.950318,2.695726]",
6023,"[5.608872,1.950656,2.695637]",
6024,"[5.608872,1.950809,2.697668]",
6025,"[5.608872,1.950953,2.699606]",
6026,"[5.608872,1.951203,2.697357]",
6027,"[5.608872,1.951586,2.696537]",
6028,"[5.604055,1.950286,2.695655]",
6029,"[5.610526,1.953603,2.694288]",
6030,"[5.862098,2.043838,2.697877]",
6031,"[5.862098,2.045791,2.694786]",
6032,"[5.862098,2.046291,2.693602]",
6033,"[5.862098,2.046963,2.691873]",
6034,"[5.862098,2.047265,2.691158]",
6035,"[5.862098,2.048358,2.690227]",
6036,"[5.862098,2.049066,2.689989]",
6037,"[5.862098,2.050651,2.690069]",
6038,"[5.862098,2.051336,2.690378]",
6039,"[5.862098,2.05179,2.69017]",
6040,"[5.862098,2.053591,2.690418]",
6041,"[5.862098,2.054556,2.690916]",
6042,"[5.862098,2.055824,2.692271]",
6043,"[5.862098,2.056171,2.69309]",
6044,"[5.862098,2.056637,2.69326]",
6045,"[5.862098,2.058472,2.693253]",
6046,"[5.862098,2.061624,2.691747]",
6047,"[5.862098,2.062295,2.690417]",
6048,"[5.862098,2.062359,2.689153]",
6049,"[5.862098,2.060493,2.685901]",
6050,"[5.862098,2.059735,2.683731]",
6051,"[5.862098,2.06021,2.67942]",
6052,"[5.862098,2.060692,2.67943]",
6053,"[5.862098,2.061513,2.679312]",
6054,"[5.862098,2.061681,2.679295]",
6055,"[5.862098,2.061533,2.679293]",
6056,"[5.862098,2.060271,2.679461]",
6057,"[5.862098,2.059259,2.679596]",
6058,"[5.862098,2.057103,2.679874]",
6059,"[5.862098,2.054544,2.681868]",
6060,"[5.862098,2.048228,2.685417]",
6061,"[5.862098,2.044555,2.687157]",
6062,"[5.862098,2.036747,2.689998]",
6063,"[5.862098,2.03349,2.691107]",
6064,"[5.862098,2.03123,2.691655]",
6065,"[5.862098,2.028446,2.69317]",
6066,"[5.862098,2.028091,2.694427]",
6067,"[5.862098,2.027927,2.696416]",
6068,"[5.862098,2.027783,2.698355]",
6069,"[5.862098,2.028024,2.699242]",
6070,"[5.862098,2.028714,2.69975]",
6071,"[5.862098,2.029368,2.700351]",
6072,"[5.862098,2.030512,2.702007]",
6073,"[5.862098,2.030399,2.704226]",
6074,"[5.862098,2.030228,2.707882]",
6075,"[5.862098,2.030129,2.707731]",
6076,"[5.862098,2.030606,2.707575]",
6077,"[5.862098,2.031337,2.707536]",
6078,"[5.862098,2.032606,2.708684]",
6079,"[5.862098,2.03885,2.711602]",
6080,"[5.862098,2.04242,2.714075]",
6081,"[5.862098,2.047951,2.718859]",
6082,"[5.862098,2.049733,2.720783]",
6083,"[5.862098,2.051877,2.72384]",
6084,"[5.862098,2.052513,2.724947]",
6085,"[5.846555,2.046724,2.725892]",
6086,"[5.826926,2.038692,2.725269]",
6087,"[5.95,2.090565,2.726338]",
6088,"[5.95,2.090327,2.726639]",
6089,"[5.95,2.090096,2.727022]",
6090,"[5.95,2.089605,2.72702]",
6091,"[5.95,2.089202,2.727285]",
6092,"[5.95,2.089089,2.727503]",
6093,"[5.95,2.088854,2.727889]",
6094,"[5.95,2.08873,2.727996]",
6095,"[5.95,2.088261,2.72823]",
6096,"[5.95,2.08794,2.728323]",
6097,"[5.95,2.088684,2.726376]",
6098,"[5.95,2.088989,2.72391]",
6099,"[5.95,2.089194,2.719917]",
6100,"[5.95,2.089239,2.719129]",
6101,"[5.95,2.088307,2.716864]",
6102,"[5.95,2.087188,2.715382]",
6103,"[5.95,2.085921,2.713992]",
6104,"[5.95,2.083727,2.712303]",
6105,"[5.95,2.083909,2.71156]",
6106,"[5.95,2.084574,2.710299]",
6107,"[5.95,2.084928,2.709659]",
6108,"[5.95,2.085732,2.708659]",
6109,"[5.95,2.086117,2.708384]",
6110,"[5.95,2.086158,2.70837]",
6111,"[5.95,2.086229,2.708351]",
6112,"[5.95,2.086469,2.708308]",
6113,"[5.95,2.086346,2.708316]",
6114,"[5.95,2.085965,2.708361]",
6115,"[5.95,2.085428,2.708081]",
6116,"[5.95,2.085495,2.70775]",
6117,"[5.95,2.08635,2.706715]",
6118,"[5.95,2.086752,2.706888]",
6119,"[5.95,2.086954,2.706859]",
6120,"[5.95,2.086879,2.706748]",
6121,"[5.95,2.086797,2.706691]",
6122,"[5.608872,1.94259,2.702296]",
6123,"[5.608872,1.943111,2.699869]",
6124,"[5.608872,1.943922,2.694779]",
6125,"[5.608872,1.944403,2.694912]",
6126,"[5.608872,1.944828,2.69487]",
6127,"[5.608872,1.945853,2.695065]",
6128,"[5.608872,1.946468,2.692584]",
6129,"[5.608872,1.945269,2.690622]",
6130,"[5.608872,1.942896,2.691154]",
6131,"[5.608872,1.938795,2.689409]",
6132,"[5.608872,1.936673,2.689462]",
6133,"[5.608872,1.933811,2.687901]",
6134,"[5.608872,1.932971,2.688338]",
6135,"[5.608872,1.931873,2.68636]",
6136,"[5.608872,1.929947,2.686754]",
6137,"[5.608872,1.930624,2.688419]",
6138,"[5.608872,1.93219,2.695112]",
6139,"[5.608872,1.932917,2.700891]",
6140,"[5.608872,1.93309,2.717578]",
6141,"[5.608872,1.932845,2.728469]",
6142,"[5.95,2.077619,2.812619]",
6143,"[5.683971,1.968987,2.81172]",
6144,"[5.616,1.947803,2.873988]",
6145,"[5.616,1.95097,2.959257]",
6146,"[5.559668,1.925567,2.96543]",
6147,"[5.95,2.082506,3.385676]",
6148,"[5.95,2.074762,3.524596]",
6149,"[5.949999,2.062279,3.676117]",
6150,"[5.949999,2.061472,3.753113]",
6151,"[5.949999,2.060156,3.827359]",
6152,"[5.949999,2.052335,3.986396]",
6153,"[5.95,2.053072,4.080168]",
6154,"[5.95,2.053098,4.138836]",
6155,"[5.95,2.050658,4.142532]",
6156,"[5.95,2.047904,4.178528]",
6157,"[5.95,2.087515,4.345599]",
6158,"[5.619305,1.964827,3.950099]",
6159,"[5.4872,1.932297,3.983474]",
6160,"[5.188,1.870533,3.983345]",
6161,"[5.073969,1.842389,3.983286]",
6162,"[4.842096,1.745009,3.983082]",
6163,"[4.795484,1.728011,3.983047]",
6164,"[4.701843,1.66367,3.982912]",
6165,"[4.673512,1.622373,3.982825]",
6166,"[4.622758,1.577093,3.982731]",
6167,"[4.616215,1.563893,3.982703]",
6168,"[4.612061,1.542049,3.982657]",
6169,"[4.612255,1.533593,3.982639]",
6170,"[4.614849,1.523194,3.982618]",
6171,"[4.614849,1.523194,3.982618]",
6172,"[4.616654,1.521672,3.982615]",
6173,"[4.679492,1.538434,3.98265]",
6174,"[4.685291,1.539768,3.982652]",
6175,"[4.688977,1.540919,3.982655]",
6176,"[4.688977,1.540919,3.982655]",
6177,"[4.689581,1.540066,3.982653]",
6178,"[4.699107,1.528686,3.982629]",
6179,"[4.701034,1.522063,3.982615]",
6180,"[4.696814,1.507194,3.982584]",
6181,"[4.692478,1.498299,3.982565]",
6182,"[4.627961,1.454422,3.982474]",
6183,"[4.593429,1.431398,3.982425]",
6184,"[4.580474,1.423443,3.982409]",
6185,"[4.571965,1.42232,3.982406]",
6186,"[4.567851,1.422224,3.982406]",
6187,"[4.568269,1.424533,3.982411]",
6188,"[4.568109,1.425696,3.982414]",
6189,"[4.570157,1.427267,3.982417]",
6190,"[4.573587,1.431602,3.982426]",
6191,"[4.574287,1.43293,3.982429]",
6192,"[4.576502,1.44437,3.982453]",
6193,"[4.581553,1.449757,3.982464]",
6194,"[4.584691,1.453612,3.982472]",
6195,"[4.591724,1.460751,3.982487]",
6196,"[4.594866,1.463772,3.982493]",
6197,"[4.620962,1.470303,3.982507]",
6198,"[4.628494,1.471672,3.98251]",
6199,"[4.635986,1.47394,3.982514]",
6200,"[4.637733,1.474994,3.982517]",
6201,"[4.638697,1.47593,3.982519]",
6202,"[4.612151,1.498143,3.768266]",
6203,"[4.616934,1.49611,3.81296]",
6204,"[4.637645,1.486374,3.982541]",
6205,"[4.636593,1.489863,3.982548]",
6206,"[4.632765,1.496018,3.982561]",
6207,"[4.629856,1.499178,3.982567]",
6208,"[4.628447,1.507742,3.982585]",
6209,"[4.629398,1.512783,3.982596]",
6210,"[4.624947,1.521154,3.937143]",
6211,"[4.618379,1.540186,3.879549]",
6212,"[4.61987,1.549339,3.890781]",
6213,"[4.620719,1.568381,3.876837]",
6214,"[4.616707,1.575815,3.825453]",
6215,"[4.620112,1.580943,3.840965]",
6216,"[4.623967,1.581112,3.87129]",
6217,"[4.624533,1.580121,3.881217]",
6218,"[4.623771,1.563858,3.912708]",
6219,"[4.628729,1.552826,3.98268]",
6220,"[4.625228,1.546149,3.982666]",
6221,"[4.623457,1.544122,3.982661]",
6222,"[4.621514,1.541652,3.982656]",
6223,"[4.62052,1.540691,3.982654]",
6224,"[4.619594,1.540097,3.982653]",
6225,"[4.619244,1.540857,3.982655]",
6226,"[4.619747,1.541767,3.982656]",
6227,"[4.631046,1.61242,3.982805]",
6228,"[4.632841,1.621367,3.982823]",
6229,"[4.632834,1.630403,3.982842]",
6230,"[4.632739,1.633029,3.982848]",
6231,"[4.632766,1.634255,3.98285]",
6232,"[4.632395,1.63547,3.982853]",
6233,"[4.632016,1.635956,3.982854]",
6234,"[4.631852,1.637592,3.982857]",
6235,"[4.631911,1.638961,3.98286]",
6236,"[4.63239,1.641956,3.982866]",
6237,"[4.633286,1.644408,3.982872]",
6238,"[4.635503,1.648281,3.98288]",
6239,"[4.636981,1.650016,3.982883]",
6240,"[4.638862,1.651958,3.982887]",
6241,"[4.644567,1.658642,3.982901]",
6242,"[4.646714,1.661111,3.982907]",
6243,"[4.654142,1.670813,3.982927]",
6244,"[4.659149,1.677613,3.982941]",
6245,"[4.670482,1.692872,3.982973]",
6246,"[4.676611,1.700371,3.982989]",
6247,"[4.692471,1.719325,3.983028]",
6248,"[4.711133,1.738858,3.983069]",
6249,"[4.718492,1.744796,3.983082]",
6250,"[4.727769,1.749897,3.983093]",
6251,"[4.730949,1.750021,3.983093]",
6252,"[4.73891,1.748384,3.983089]",
6253,"[4.744355,1.746705,3.983086]",
6254,"[4.749815,1.745299,3.983083]",
6255,"[4.736072,1.74513,3.983083]",
6256,"[4.730075,1.745013,3.983082]",
6257,"[4.724242,1.744306,3.983081]",
6258,"[4.722814,1.743687,3.983079]",
6259,"[4.754806,1.751478,3.983096]",
6260,"[4.76775,1.753464,3.9831]",
6261,"[4.784186,1.754528,3.983102]",
6262,"[4.796596,1.752984,3.983099]",
6263,"[4.813052,1.749538,3.983092]",
6264,"[4.819072,1.747638,3.983088]",
6265,"[4.823881,1.74568,3.983084]",
6266,"[4.828882,1.742221,3.983076]",
6267,"[4.826468,1.740736,3.983073]",
6268,"[4.815939,1.736652,3.983065]",
6269,"[4.809015,1.73464,3.983061]",
6270,"[4.799316,1.732829,3.983057]",
6271,"[4.795595,1.732455,3.983056]",
6272,"[4.78807,1.731288,3.983053]",
6273,"[4.761845,1.738278,3.983068]",
6274,"[4.747809,1.741985,3.983076]",
6275,"[4.711419,1.744527,3.983081]",
6276,"[4.696969,1.74432,3.983081]",
6277,"[4.675436,1.74374,3.98308]",
6278,"[4.66902,1.743271,3.983078]",
6279,"[4.664388,1.742967,3.983078]",
6280,"[4.658458,1.742834,3.983078]",
6281,"[4.656669,1.742929,3.983078]",
6282,"[4.818482,1.767778,3.98313]",
6283,"[4.835049,1.769964,3.983135]",
6284,"[4.976996,1.767738,3.98313]",
6285,"[4.996212,1.767441,3.983129]",
6286,"[5.020671,1.767149,3.983129]",
6287,"[5.021137,1.76694,3.983128]",
6288,"[5.022189,1.766678,3.983128]",
6289,"[5.022301,1.766556,3.983127]",
6290,"[5.022006,1.765086,3.983124]",
6291,"[5.021916,1.762701,3.983119]",
6292,"[5.020586,1.760858,3.983115]",
6293,"[5.018827,1.757863,3.983109]",
6294,"[5.018196,1.756676,3.983107]",
6295,"[5.017696,1.755692,3.983105]",
6296,"[5.068118,1.749619,3.983092]",
6297,"[5.07898,1.749125,3.983091]",
6298,"[5.088396,1.749023,3.983091]",
6299,"[5.090265,1.749238,3.983091]",
6300,"[5.092366,1.749811,3.983092]",
6301,"[5.092823,1.750151,3.983093]",
6302,"[5.092925,1.751007,3.983095]",
6303,"[5.092919,1.752549,3.983098]",
6304,"[5.093307,1.753275,3.983099]",
6305,"[5.092829,1.754591,3.983102]",
6306,"[5.091923,1.755288,3.983104]",
6307,"[5.086706,1.757103,3.983108]",
6308,"[5.082495,1.758178,3.98311]",
6309,"[4.873853,1.712877,3.983015]",
6310,"[4.813025,1.711822,3.983013]",
6311,"[4.788652,1.711377,3.983012]",
6312,"[4.76598,1.710789,3.983011]",
6313,"[4.75773,1.710522,3.98301]",
6314,"[4.746476,1.709923,3.983009]",
6315,"[4.743397,1.709013,3.983007]",
6316,"[4.736771,1.70684,3.983002]",
6317,"[4.733772,1.705684,3.983]",
6318,"[4.730651,1.704437,3.982997]",
6319,"[4.728993,1.704521,3.982997]",
6320,"[4.727661,1.704471,3.982997]",
6321,"[4.724607,1.704611,3.982998]",
6322,"[4.721714,1.704926,3.982998]",
6323,"[4.696676,1.70968,3.983008]",
6324,"[4.684932,1.712309,3.983014]",
6325,"[4.66356,1.71633,3.983022]",
6326,"[4.65486,1.717867,3.983025]",
6327,"[4.647518,1.720341,3.983031]",
6328,"[4.638022,1.72404,3.983038]",
6329,"[4.632747,1.725071,3.98304]",
6330,"[4.624795,1.725043,3.98304]",
6331,"[4.62161,1.724296,3.983039]",
6332,"[4.618458,1.721109,3.983032]",
6333,"[4.617011,1.719382,3.983029]",
6334,"[4.616345,1.714437,3.983018]",
6335,"[4.614935,1.70365,3.982996]",
6336,"[4.614234,1.698174,3.982984]",
6337,"[4.613637,1.688697,3.982964]",
6338,"[4.613602,1.684014,3.982955]",
6339,"[4.612718,1.681602,3.982949]",
6340,"[4.613132,1.681522,3.982949]",
6341,"[4.613078,1.681483,3.982949]",
6342,"[4.612985,1.681599,3.982949]",
6343,"[4.612967,1.681783,3.98295]",
6344,"[4.612936,1.683901,3.982954]",
6345,"[4.612851,1.68476,3.982956]",
6346,"[4.61442,1.68556,3.982958]",
6347,"[4.615503,1.686375,3.98296]",
6348,"[4.61755,1.687622,3.982962]",
6349,"[4.618687,1.688307,3.982964]",
6350,"[4.619757,1.689043,3.982965]",
6351,"[4.622221,1.691314,3.98297]",
6352,"[4.623234,1.692676,3.982973]",
6353,"[4.625231,1.695947,3.98298]",
6354,"[4.624932,1.698945,3.982986]",
6355,"[4.624327,1.704151,3.982997]",
6356,"[4.623957,1.706555,3.983002]",
6357,"[4.623638,1.707974,3.983005]",
6358,"[4.623231,1.709386,3.983008]",
6359,"[4.623105,1.70958,3.983008]",
6360,"[4.629251,1.709211,3.983007]",
6361,"[4.632197,1.708639,3.983006]",
6362,"[4.698275,1.694701,3.982977]",
6363,"[4.719388,1.689316,3.982965]",
6364,"[4.732553,1.686529,3.98296]",
6365,"[4.74795,1.683115,3.982953]",
6366,"[4.753398,1.681674,3.982949]",
6367,"[4.761277,1.679273,3.982944]",
6368,"[4.764258,1.679213,3.982944]",
6369,"[4.769304,1.678694,3.982943]",
6370,"[4.771832,1.678769,3.982944]",
6371,"[4.776122,1.678157,3.982942]",
6372,"[4.777438,1.677829,3.982942]",
6373,"[4.778385,1.677564,3.982941]",
6374,"[4.780303,1.676227,3.982938]",
6375,"[4.781391,1.674549,3.982935]",
6376,"[4.783586,1.67092,3.982927]",
6377,"[4.784739,1.667652,3.98292]",
6378,"[4.787202,1.65471,3.982893]",
6379,"[4.788403,1.644501,3.982872]",
6380,"[4.787085,1.632972,3.982847]",
6381,"[4.784859,1.603655,3.982786]",
6382,"[4.783943,1.584409,3.982746]",
6383,"[4.773639,1.400756,3.982361]",
6384,"[4.776765,1.338252,3.98223]",
6385,"[4.727848,1.064111,3.877144]",
6386,"[4.728297,1.049296,3.877102]",
6387,"[4.750688,0.9911116,3.874997]",
6388,"[4.757789,0.9653324,3.87433]",
6389,"[4.769489,0.925686,3.87323]",
6390,"[4.787439,0.8665364,3.871543]",
6391,"[4.795063,0.8401079,3.870826]",
6392,"[4.805192,0.8170116,3.869874]",
6393,"[4.810144,0.8031999,3.869409]",
6394,"[4.816888,0.7879921,3.868552]",
6395,"[4.817727,0.7863703,3.861516]",
6396,"[4.818608,0.7992435,3.854127]",
6397,"[4.81768,0.8082735,3.861903]",
6398,"[4.817506,0.811253,3.863365]",
6399,"[4.817344,0.8330612,3.864728]",
6400,"[4.817358,0.845762,3.86461]",
6401,"[4.817636,0.873724,3.86228]",
6402,"[4.817721,0.8846809,3.861566]",
6403,"[4.817832,0.8978813,3.860631]",
6404,"[4.817854,0.9022236,3.860451]",
6405,"[4.817912,0.905982,3.85996]",
6406,"[4.81798,0.9136161,3.859394]",
6407,"[4.818,0.9173781,3.859223]",
6408,"[4.817622,0.9221697,3.862394]",
6409,"[4.817287,0.9235596,3.865203]",
6410,"[4.814186,0.9286548,3.869029]",
6411,"[4.812155,0.932843,3.86922]",
6412,"[4.809582,0.939254,3.869462]",
6413,"[4.804984,0.9520105,3.869894]",
6414,"[4.802633,0.9600984,3.870115]",
6415,"[4.798734,0.9790317,3.870481]",
6416,"[4.796048,0.9941278,3.870733]",
6417,"[4.78888,1.038256,3.871408]",
6418,"[4.770285,1.169713,3.873155]",
6419,"[4.958548,0.9351912,4.478671]",
6420,"[4.522639,1.51252,3.982595]",
6421,"[4.52184,1.515183,3.982601]",
6422,"[4.522049,1.592041,3.982762]",
6423,"[4.533887,1.629575,3.982841]",
6424,"[4.5391,1.670101,3.982925]",
6425,"[4.541053,1.690868,3.982969]",
6426,"[4.541283,1.706955,3.983002]",
6427,"[4.542471,1.729991,3.983051]",
6428,"[4.541863,1.739698,3.983071]",
6429,"[4.543648,1.746534,3.983085]",
6430,"[4.546032,1.745017,3.983082]",
6431,"[4.548174,1.743818,3.98308]",
6432,"[4.556222,1.734256,3.98306]",
6433,"[4.560922,1.72789,3.983046]",
6434,"[4.56893,1.705865,3.983]",
6435,"[4.578293,1.684059,3.982955]",
6436,"[4.587227,1.654853,3.982893]",
6437,"[4.592161,1.63456,3.982851]",
6438,"[4.598125,1.587674,3.982753]",
6439,"[4.600389,1.55954,3.982694]",
6440,"[4.618932,1.489315,3.982547]",
6441,"[4.629013,1.455491,3.982476]",
6442,"[4.602459,1.118818,3.888931]",
6443,"[4.614519,0.9278431,3.887797]",
6444,"[4.616985,0.8816922,3.887565]",
6445,"[4.670885,0.7582687,3.882499]",
6446,"[4.693836,0.7105298,3.880341]",
6447,"[4.765025,0.6867657,3.87365]",
6448,"[4.783118,0.6718089,3.871949]",
6449,"[4.807627,0.6838667,3.869645]",
6450,"[4.811697,0.7067609,3.869262]",
6451,"[4.814376,0.7171833,3.869011]",
6452,"[4.817157,0.7586147,3.866296]",
6453,"[4.817487,0.7695064,3.863529]",
6454,"[4.818377,0.8353919,3.856056]",
6455,"[4.81843,0.8587185,3.85562]",
6456,"[4.818228,0.8798762,3.857315]",
6457,"[4.818076,0.8856641,3.858592]",
6458,"[4.817996,0.8888756,3.859262]",
6459,"[4.817705,0.8904912,3.861698]",
6460,"[4.816952,0.841328,3.86801]",
6461,"[4.815609,0.7990575,3.868895]",
6462,"[4.815837,0.7804641,3.868873]",
6463,"[4.817248,0.7562361,3.865526]",
6464,"[4.817767,0.7490605,3.861176]",
6465,"[4.818243,0.74425,3.857184]",
6466,"[4.820608,0.7347209,3.853333]",
6467,"[4.822874,0.7284558,3.853603]",
6468,"[4.823144,0.7264581,3.853635]",
6469,"[4.823175,0.7264473,3.853639]",
6470,"[4.82304,0.7275425,3.853623]",
6471,"[4.822912,0.7285099,3.853607]",
6472,"[4.823765,0.7295216,3.853709]",
6473,"[4.823715,0.7299195,3.853703]",
6474,"[4.823713,0.7303287,3.853703]",
6475,"[4.823932,0.7316002,3.853729]",
6476,"[4.824207,0.7327032,3.853762]",
6477,"[4.822467,0.7385271,3.853554]",
6478,"[4.821804,0.7410867,3.853475]",
6479,"[4.820146,0.7476023,3.853278]",
6480,"[4.818995,0.752104,3.85314]",
6481,"[4.818575,0.7544703,3.854398]",
6482,"[4.818031,0.7543817,3.858966]",
6483,"[4.817765,0.7543678,3.861191]",
6484,"[4.817396,0.7542916,3.864287]",
6485,"[4.817334,0.7546462,3.864808]",
6486,"[4.817223,0.7553627,3.86574]",
6487,"[4.817169,0.7558113,3.866194]",
6488,"[4.817072,0.7567915,3.867005]",
6489,"[4.817027,0.7573348,3.867383]",
6490,"[4.816973,0.7577552,3.867841]",
6491,"[4.816861,0.7585672,3.868777]",
6492,"[4.816629,0.7591779,3.868799]",
6493,"[4.816142,0.7605255,3.868845]",
6494,"[4.815879,0.7612227,3.86887]",
6495,"[4.814772,0.7623828,3.868973]",
6496,"[4.813902,0.7627967,3.869055]",
6497,"[4.813743,0.7627528,3.86907]",
6498,"[4.813313,0.7627746,3.869111]",
6499,"[4.813001,0.7628233,3.86914]",
6500,"[4.812759,0.7627884,3.869163]",
6501,"[4.812831,0.7627232,3.869156]",
6502,"[4.812972,0.7613501,3.869143]",
6503,"[4.812983,0.7608375,3.869142]",
6504,"[4.812788,0.7604771,3.86916]",
6505,"[4.812408,0.7603136,3.869196]",
6506,"[4.812219,0.7604775,3.869214]",
6507,"[4.812197,0.7606392,3.869215]",
6508,"[4.812167,0.7607661,3.869218]",
6509,"[4.813922,0.7609541,3.869053]",
6510,"[4.814527,0.760934,3.868997]",
6511,"[4.815513,0.7610912,3.868904]",
6512,"[4.815869,0.7608425,3.86887]",
6513,"[4.816151,0.760694,3.868844]",
6514,"[4.816227,0.7606766,3.868837]",
6515,"[4.816712,0.7610459,3.868791]",
6516,"[4.817005,0.7629552,3.86757]",
6517,"[4.817133,0.7645353,3.866493]",
6518,"[4.817318,0.7668666,3.864944]",
6519,"[4.817389,0.7677866,3.864348]",
6520,"[4.81747,0.7689105,3.863669]",
6521,"[4.81749,0.7692797,3.863499]",
6522,"[4.817503,0.7694863,3.86339]",
6523,"[4.817611,0.7706586,3.86249]",
6524,"[4.817699,0.7715753,3.861748]",
6525,"[4.817823,0.7727085,3.860707]",
6526,"[4.817852,0.7728702,3.860471]",
6527,"[4.817889,0.7731206,3.860154]",
6528,"[4.8179,0.773227,3.860067]",
6529,"[4.817428,0.7695003,3.864026]",
6530,"[4.817069,0.7681368,3.867032]",
6531,"[4.817171,0.770294,3.866181]",
6532,"[4.817273,0.7716191,3.865323]",
6533,"[4.817309,0.7722127,3.86502]",
6534,"[4.817385,0.7746121,3.864385]",
6535,"[4.817393,0.7748755,3.864317]",
6536,"[4.817396,0.7751289,3.86429]",
6537,"[4.817389,0.7754019,3.864345]",
6538,"[4.817383,0.7754616,3.864399]",
6539,"[4.817373,0.7756358,3.864484]",
6540,"[4.81737,0.7761657,3.864505]",
6541,"[4.817357,0.777119,3.864614]",
6542,"[4.817332,0.7775127,3.864823]",
6543,"[4.777294,0.7910814,3.872496]",
6544,"[4.759484,0.7982566,3.874171]",
6545,"[4.74886,0.8026165,3.875169]",
6546,"[4.728069,0.8074948,3.877124]",
6547,"[4.717497,0.8113711,3.878117]",
6548,"[4.7043,0.8170905,3.879358]",
6549,"[4.699044,0.8198708,3.879852]",
6550,"[4.692552,0.8237111,3.880462]",
6551,"[4.690438,0.8251464,3.880661]",
6552,"[4.688781,0.8266475,3.880816]",
6553,"[4.685195,0.829933,3.881154]",
6554,"[4.683289,0.8313068,3.881333]",
6555,"[4.680037,0.8334392,3.881639]",
6556,"[4.678533,0.8343536,3.88178]",
6557,"[4.676821,0.8353325,3.881941]",
6558,"[4.676585,0.8354177,3.881963]",
6559,"[4.676544,0.8351431,3.881967]",
6560,"[4.676005,0.8351151,3.881478]",
6561,"[4.675235,0.8359873,3.880245]",
6562,"[4.672915,0.8418059,3.873406]",
6563,"[4.671332,0.847073,3.867441]",
6564,"[4.66671,0.862216,3.850339]",
6565,"[4.6234,0.8599164,3.850513]",
6566,"[4.595303,0.8680246,3.838963]",
6567,"[4.577044,0.8719253,3.834645]",
6568,"[4.566028,0.877708,3.828025]",
6569,"[4.553072,0.8940181,3.81068]",
6570,"[4.54822,0.9025374,3.801446]",
6571,"[4.543679,0.925581,3.776702]",
6572,"[4.542303,0.9383329,3.762772]",
6573,"[4.548216,0.3232125,4.478649]",
6574,"[4.547957,0.3245857,4.478649]",
6575,"[4.547715,0.3259265,4.478649]",
6576,"[4.547387,0.3284659,4.478649]",
6577,"[4.54737,0.3296362,4.478649]",
6578,"[4.547575,0.3317057,4.478649]",
6579,"[4.547812,0.3322799,4.478649]",
6580,"[4.548443,0.3332754,4.478649]",
6581,"[4.548873,0.3338354,4.478649]",
6582,"[4.549425,0.3347288,4.478649]",
6583,"[4.549515,0.334922,4.478649]",
6584,"[4.549576,0.3348806,4.478649]",
6585,"[4.549839,0.3320888,4.478649]",
6586,"[4.550019,0.3294757,4.478649]",
6587,"[4.551364,0.3238396,4.478649]",
6588,"[4.552407,0.3221402,4.476974]",
6589,"[4.555132,0.3221402,4.47498]",
6590,"[4.556447,0.3221402,4.473602]",
6591,"[4.557734,0.3221402,4.471971]",
6592,"[4.55949,0.3221402,4.468371]",
6593,"[4.560037,0.3221402,4.466287]",
6594,"[4.559243,0.3221402,4.447994]",
6595,"[4.559132,0.3221402,4.440546]",
6596,"[4.533484,0.3221402,4.369916]",
6597,"[4.52563,0.7282079,3.923607]",
6598,"[4.520204,0.7142719,3.923617]",
6599,"[4.518459,0.7090858,3.923621]",
6600,"[4.517114,0.7044916,3.923625]",
6601,"[4.51508,0.6978372,3.92363]",
6602,"[4.514132,0.6946507,3.923632]",
6603,"[4.517521,1.09398,3.51572]",
6604,"[4.516522,1.051256,3.557746]",
6605,"[4.514713,0.9750554,3.632698]",
6606,"[4.513968,0.9466905,3.660382]",
6607,"[4.513346,0.9203628,3.686314]",
6608,"[4.512245,0.8753148,3.730513]",
6609,"[4.511749,0.8573853,3.748101]",
6610,"[4.510665,0.8243242,3.780556]",
6611,"[4.510032,0.8104051,3.794022]",
6612,"[4.508904,0.7858589,3.81809]",
6613,"[4.508474,0.7756666,3.82832]",
6614,"[4.507739,0.7577754,3.846333]",
6615,"[4.507321,0.7504243,3.85385]",
6616,"[4.506922,0.7430311,3.861412]",
6617,"[4.506114,0.7309835,3.87375]",
6618,"[4.505689,0.7259799,3.878846]",
6619,"[4.504403,0.7177313,3.88743]",
6620,"[4.503772,0.7145082,3.890822]",
6621,"[4.502004,0.7102306,3.895859]",
6622,"[4.501244,0.7090234,3.897393]",
6623,"[4.500537,0.7084243,3.898306]",
6624,"[4.499401,0.7086232,3.898618]",
6625,"[4.498403,0.7091412,3.898712]",
6626,"[4.497249,0.7097327,3.89882]",
6627,"[4.4969,0.7098873,3.898853]",
6628,"[4.496175,0.7101038,3.898921]",
6629,"[4.496021,0.710273,3.898936]",
6630,"[4.49586,0.710496,3.898951]",
6631,"[4.495516,0.7107472,3.898983]",
6632,"[4.495341,0.7108077,3.899]",
6633,"[4.494856,0.7109187,3.899045]",
6634,"[4.494341,0.7110369,3.899094]",
6635,"[4.493449,0.7115961,3.899178]",
6636,"[4.493036,0.7120548,3.899216]",
6637,"[4.492411,0.7129078,3.899275]",
6638,"[4.492082,0.7135878,3.899306]",
6639,"[4.492527,0.7140522,3.899264]",
6640,"[4.493141,0.7148604,3.899207]",
6641,"[4.493405,0.7153416,3.899182]",
6642,"[4.49337,0.7156066,3.899185]",
6643,"[4.49334,0.7159562,3.899188]",
6644,"[4.492898,0.7175521,3.89923]",
6645,"[4.492673,0.7187952,3.899251]",
6646,"[4.49273,0.7200326,3.899245]",
6647,"[4.492327,0.7254593,3.899283]",
6648,"[4.491977,0.7292342,3.899316]",
6649,"[4.493245,0.7361602,3.899197]",
6650,"[4.493847,0.7392157,3.89914]",
6651,"[4.617738,0.7852178,3.887495]",
6652,"[4.633902,0.7902524,3.885975]",
6653,"[4.649574,0.795714,3.884502]",
6654,"[4.656865,0.7980352,3.883817]",
6655,"[4.66227,0.8000111,3.883309]",
6656,"[4.669047,0.8023025,3.882672]",
6657,"[4.671261,0.803229,3.882463]",
6658,"[4.674139,0.8047802,3.882193]",
6659,"[4.674926,0.8054623,3.882119]",
6660,"[4.676778,0.8079503,3.881945]",
6661,"[4.67776,0.8097438,3.881853]",
6662,"[4.677952,0.8102558,3.881835]",
6663,"[4.678217,0.8117821,3.88181]",
6664,"[4.678334,0.8128908,3.881799]",
6665,"[4.678175,0.8150471,3.881814]",
6666,"[4.677933,0.8163051,3.881836]",
6667,"[4.677436,0.8171813,3.881883]",
6668,"[4.677186,0.8177151,3.881907]",
6669,"[4.676921,0.8188195,3.881932]",
6670,"[4.676904,0.8193856,3.881933]",
6671,"[4.67695,0.8200306,3.881929]",
6672,"[4.676683,0.8199397,3.881954]",
6673,"[4.6766,0.8197709,3.881962]",
6674,"[4.67655,0.8196128,3.881966]",
6675,"[4.676532,0.8193368,3.881968]",
6676,"[4.676569,0.8188747,3.881964]",
6677,"[4.676597,0.8187039,3.881962]",
6678,"[4.676623,0.8185622,3.881959]",
6679,"[4.674574,0.8184079,3.882152]",
6680,"[4.672331,0.8159745,3.882363]",
6681,"[4.668504,0.8119622,3.882723]",
6682,"[4.66658,0.8103018,3.882904]",
6683,"[4.654029,0.8074753,3.884083]",
6684,"[4.647036,0.806545,3.884741]",
6685,"[4.621275,0.808679,3.887162]",
6686,"[4.614015,0.809278,3.887845]",
6687,"[4.608236,0.8099382,3.888388]",
6688,"[4.601287,0.8132358,3.889041]",
6689,"[4.598803,0.8157457,3.889275]",
6690,"[4.596688,0.8177701,3.889473]",
6691,"[4.595399,0.8190647,3.889595]",
6692,"[4.592968,0.8228369,3.889823]",
6693,"[4.592173,0.824984,3.889898]",
6694,"[4.591439,0.8272225,3.889967]",
6695,"[4.590114,0.831965,3.890091]",
6696,"[4.589424,0.8344384,3.890156]",
6697,"[4.587337,0.8367643,3.890352]",
6698,"[4.586048,0.836668,3.890474]",
6699,"[4.583867,0.8368614,3.890679]",
6700,"[4.583438,0.8369554,3.890719]",
6701,"[4.583081,0.8371012,3.890752]",
6702,"[4.582445,0.8366846,3.890812]",
6703,"[4.58215,0.8360496,3.89084]",
6704,"[4.579998,0.8311675,3.891042]",
6705,"[4.57955,0.8301703,3.891084]",
6706,"[4.578886,0.8272783,3.891147]",
6707,"[4.578765,0.8247989,3.891158]",
6708,"[4.579249,0.8197598,3.891113]",
6709,"[4.579762,0.8171579,3.891064]",
6710,"[4.580281,0.8145887,3.891016]",
6711,"[4.581311,0.8090877,3.890919]",
6712,"[4.581521,0.8075072,3.890899]",
6713,"[4.580785,0.8037404,3.890968]",
6714,"[4.579734,0.8010164,3.891067]",
6715,"[4.578053,0.7965389,3.891225]",
6716,"[4.577268,0.794282,3.891299]",
6717,"[4.577937,0.7935234,3.891236]",
6718,"[4.579494,0.7928453,3.89109]",
6719,"[4.580454,0.7931142,3.890999]",
6720,"[4.582858,0.7940011,3.890773]",
6721,"[4.584284,0.7946649,3.890639]",
6722,"[4.586468,0.7963744,3.890434]",
6723,"[4.587064,0.7965854,3.890378]",
6724,"[4.587806,0.7968868,3.890308]",
6725,"[4.587971,0.7972702,3.890293]",
6726,"[4.588076,0.7975825,3.890283]",
6727,"[4.588101,0.797663,3.89028]",
6728,"[4.588117,0.7977256,3.890279]",
6729,"[4.588104,0.7979136,3.89028]",
6730,"[4.588606,0.7978319,3.890233]",
6731,"[4.589485,0.7975572,3.89015]",
6732,"[4.591128,0.7971113,3.889996]",
6733,"[4.592556,0.7966849,3.889862]",
6734,"[4.595089,0.7956721,3.889624]",
6735,"[4.596095,0.7948152,3.889529]",
6736,"[4.597991,0.7931599,3.889351]",
6737,"[4.598966,0.7927569,3.889259]",
6738,"[4.602793,0.7927797,3.888899]",
6739,"[4.605758,0.7935453,3.888621]",
6740,"[4.61218,0.7979026,3.888017]",
6741,"[4.61616,0.8019286,3.887643]",
6742,"[4.617518,0.805499,3.887515]",
6743,"[4.620763,0.811403,3.88721]",
6744,"[4.622975,0.8143024,3.887002]",
6745,"[4.627264,0.8199511,3.886599]",
6746,"[4.629936,0.8234789,3.886348]",
6747,"[4.642673,0.8336386,3.885151]",
6748,"[4.718424,0.8882456,3.87803]",
6749,"[4.740644,0.9029686,3.875942]",
6750,"[4.803864,0.9300977,3.869999]",
6751,"[4.823785,0.9503308,3.853712]",
6752,"[4.855559,0.9536549,3.8575]",
6753,"[4.871733,0.9531243,3.859429]",
6754,"[4.894868,0.9439433,3.862188]",
6755,"[4.913188,0.9375315,3.864372]",
6756,"[4.934488,0.9302107,3.866912]",
6757,"[5.059352,0.8859669,3.881801]",
6758,"[5.093228,0.8734931,3.885841]",
6759,"[5.170427,0.8398677,3.895046]",
6760,"[5.203789,0.8155363,3.899024]",
6761,"[5.262007,0.777365,3.905966]",
6762,"[5.290492,0.7488451,3.909363]",
6763,"[5.313749,0.7279063,3.912136]",
6764,"[5.315676,0.7261199,3.912366]",
6765,"[5.313892,0.7259037,3.912153]",
6766,"[5.315045,0.7231115,3.912291]",
6767,"[5.310339,0.7209682,3.91173]",
6768,"[5.303365,0.7192605,3.910898]",
6769,"[5.300571,0.7186122,3.910565]",
6770,"[5.294051,0.7170655,3.909787]",
6771,"[5.291402,0.7154636,3.909472]",
6772,"[5.291495,0.7062474,3.909483]",
6773,"[5.297775,0.6963806,3.910232]",
6774,"[5.309567,0.6809593,3.911638]",
6775,"[5.373683,0.6069959,3.919283]",
6776,"[5.413738,0.5621554,3.924059]",
6777,"[5.933534,0.1,3.875017]",
6778,"[5.378074,0.755318,3.542723]",
6779,"[5.248895,0.9662679,3.303393]",
6780,"[5.264695,0.970377,3.228417]",
6781,"[5.268582,0.9704204,3.209969]",
6782,"[5.273096,0.9698888,3.188551]",
6783,"[5.275154,0.969268,3.178788]",
6784,"[5.276149,0.966518,3.174065]",
6785,"[5.276342,0.9648908,3.173146]",
6786,"[5.277266,0.9594321,3.168766]",
6787,"[5.277273,0.9576241,3.168729]",
6788,"[5.277387,0.9552712,3.16819]",
6789,"[5.276953,0.949221,3.170249]",
6790,"[5.277017,0.9455395,3.169945]",
6791,"[5.277534,0.9381434,3.167494]",
6792,"[5.27725,0.9343935,3.168837]",
6793,"[5.277187,0.9292996,3.169137]",
6794,"[5.277371,0.9275597,3.168264]",
6795,"[5.277618,0.9245791,3.167094]",
6796,"[5.277626,0.9233546,3.167056]",
6797,"[5.277237,0.9185327,3.168898]",
6798,"[5.27708,0.9101588,3.169647]",
6799,"[5.276592,0.905477,3.171959]",
6800,"[5.275811,0.8976884,3.17567]",
6801,"[5.275499,0.894172,3.177146]",
6802,"[5.273741,0.8854753,3.185492]",
6803,"[5.273404,0.8823788,3.187092]",
6804,"[5.272978,0.8787584,3.189111]",
6805,"[5.272554,0.8728114,3.191123]",
6806,"[5.272489,0.8699843,3.191432]",
6807,"[5.272444,0.8661923,3.191644]",
6808,"[5.27232,0.8650286,3.192232]",
6809,"[5.272477,0.863516,3.191488]",
6810,"[5.272323,0.8632054,3.192221]",
6811,"[5.272521,0.8622195,3.191282]",
6812,"[5.27247,0.8620369,3.19152]",
6813,"[5.272653,0.8614088,3.190655]",
6814,"[5.272661,0.8607149,3.190614]",
6815,"[5.272875,0.8600583,3.1896]",
6816,"[5.272541,0.8635173,3.191187]",
6817,"[5.271873,0.8660222,3.194356]",
6818,"[5.270985,0.867287,3.198571]",
6819,"[5.270636,0.8669211,3.200226]",
6820,"[5.27042,0.8665906,3.201248]",
6821,"[5.26929,0.8657273,3.206609]",
6822,"[5.268493,0.8650488,3.210394]",
6823,"[5.267618,0.8640357,3.214546]",
6824,"[5.267247,0.8619387,3.216305]",
6825,"[5.266617,0.859125,3.219294]",
6826,"[5.266335,0.8580913,3.220632]",
6827,"[5.266009,0.8600121,3.222183]",
6828,"[5.265915,0.8607353,3.222626]",
6829,"[5.265696,0.8617171,3.223668]",
6830,"[5.265048,0.8639449,3.226742]",
6831,"[5.264652,0.8650313,3.228619]",
6832,"[5.264044,0.8663529,3.231504]",
6833,"[5.263774,0.8667757,3.232785]",
6834,"[5.263279,0.8660822,3.235133]",
6835,"[5.263103,0.8651223,3.235971]",
6836,"[5.262933,0.8640975,3.236776]",
6837,"[5.262593,0.8629888,3.238393]",
6838,"[5.262345,0.8630485,3.239568]",
6839,"[5.260547,0.8695121,3.248102]",
6840,"[5.259209,0.874777,3.254448]",
6841,"[5.255648,0.8851518,3.271349]",
6842,"[5.253149,0.8908879,3.283207]",
6843,"[5.245268,0.9016098,3.320606]",
6844,"[5.240363,0.9049781,3.34388]",
6845,"[5.234402,0.9060045,3.372168]",
6846,"[5.571205,0.4598267,3.928536]",
6847,"[5.327489,0.6771936,3.913774]",
6848,"[5.040434,0.9037198,3.879545]",
6849,"[4.984787,0.9389243,3.87291]",
6850,"[4.830628,1.020991,3.854527]",
6851,"[4.791501,1.023411,3.871161]",
6852,"[4.737912,1.035804,3.876198]",
6853,"[4.669808,1.043953,3.8826]",
6854,"[4.615016,1.045742,3.887751]",
6855,"[4.555056,1.040064,3.893387]",
6856,"[4.531444,1.036271,3.895606]",
6857,"[4.531682,1.023113,3.895584]",
6858,"[4.523948,1.016082,3.896311]",
6859,"[4.530841,1.007887,3.895663]",
6860,"[4.548191,0.9913769,3.894032]",
6861,"[4.553267,0.9859524,3.893555]",
6862,"[4.577727,0.9714786,3.891256]",
6863,"[4.584986,0.9677324,3.890573]",
6864,"[4.616313,0.9514829,3.887629]",
6865,"[4.619639,0.9496107,3.887316]",
6866,"[4.643349,0.9402644,3.885087]",
6867,"[4.661019,0.9328872,3.883426]",
6868,"[4.666719,0.9300936,3.88289]",
6869,"[4.687825,0.9223114,3.880907]",
6870,"[4.691018,0.920982,3.880606]",
6871,"[4.699678,0.9210008,3.879792]",
6872,"[4.705444,0.9210452,3.87925]",
6873,"[4.710218,0.9213966,3.878802]",
6874,"[4.715539,0.9217414,3.878301]",
6875,"[4.71867,0.9220276,3.878007]",
6876,"[4.730636,0.9221503,3.876882]",
6877,"[4.734339,0.9237697,3.876534]",
6878,"[4.738161,0.9264159,3.876175]",
6879,"[4.741961,0.9295232,3.875818]",
6880,"[4.746096,0.9333611,3.875429]",
6881,"[4.747155,0.934563,3.875329]",
6882,"[4.738664,0.9304544,3.876128]",
6883,"[4.732308,0.9270363,3.876725]",
6884,"[4.696671,0.9257368,3.880075]",
6885,"[4.675815,0.9235871,3.882035]",
6886,"[4.669509,0.9225594,3.882628]",
6887,"[4.6621,0.9215821,3.883325]",
6888,"[4.65945,0.921094,3.883574]",
6889,"[4.656677,0.9200351,3.883834]",
6890,"[4.655473,0.9191331,3.883948]",
6891,"[4.654954,0.9177223,3.883996]",
6892,"[4.655622,0.9138169,3.883934]",
6893,"[4.656824,0.911182,3.883821]",
6894,"[4.659648,0.9054084,3.883555]",
6895,"[4.660844,0.9037952,3.883443]",
6896,"[4.664219,0.9027376,3.883125]",
6897,"[4.665864,0.9024971,3.882971]",
6898,"[4.667808,0.9023514,3.882788]",
6899,"[4.673613,0.9076049,3.882242]",
6900,"[4.676616,0.9101657,3.88196]",
6901,"[4.746776,0.9367505,3.875365]",
6902,"[4.756243,0.9410528,3.874475]",
6903,"[4.765332,0.9480044,3.873621]",
6904,"[4.767715,0.9514719,3.873397]",
6905,"[4.767488,0.9578584,3.873418]",
6906,"[4.767404,0.9614795,3.873426]",
6907,"[4.76727,0.9650289,3.873439]",
6908,"[4.765547,0.9722728,3.873601]",
6909,"[4.764509,0.9760132,3.873698]",
6910,"[4.762875,0.9813862,3.873852]",
6911,"[4.762155,0.983466,3.873919]",
6912,"[4.760786,0.9859978,3.874048]",
6913,"[4.759312,0.9870398,3.874187]",
6914,"[4.757326,0.9887126,3.874373]",
6915,"[4.756594,0.989428,3.874442]",
6916,"[4.756073,0.9897991,3.874491]",
6917,"[4.755054,0.9901692,3.874587]",
6918,"[4.754541,0.9900764,3.874635]",
6919,"[4.753497,0.9874972,3.874733]",
6920,"[4.753187,0.9843175,3.874763]",
6921,"[4.753878,0.9790845,3.874698]",
6922,"[4.754886,0.9766786,3.874603]",
6923,"[4.756172,0.9746153,3.874482]",
6924,"[4.760141,0.9697038,3.874109]",
6925,"[4.762923,0.9657897,3.873847]",
6926,"[4.768549,0.9580272,3.873318]",
6927,"[4.786516,0.9101394,3.87163]",
6928,"[4.80167,0.8653104,3.870205]",
6929,"[4.806106,0.8495924,3.869788]",
6930,"[4.809639,0.8364422,3.869456]",
6931,"[4.810822,0.817622,3.869345]",
6932,"[4.811745,0.8082155,3.869258]",
6933,"[4.807539,0.8078433,3.869653]",
6934,"[4.80522,0.8086089,3.869871]",
6935,"[4.799595,0.8111061,3.8704]",
6936,"[4.797681,0.8114927,3.87058]",
6937,"[4.79248,0.8114682,3.871069]",
6938,"[4.790158,0.8113015,3.871287]",
6939,"[4.772915,0.8164013,3.872908]",
6940,"[4.758874,0.8217954,3.874228]",
6941,"[4.755255,0.8237524,3.874568]",
6942,"[4.752415,0.8252804,3.874835]",
6943,"[4.751655,0.8246943,3.874907]",
6944,"[4.751015,0.819376,3.874967]",
6945,"[4.754148,0.8065614,3.874672]",
6946,"[4.751017,0.7992568,3.874967]",
6947,"[4.746185,0.7852708,3.875421]",
6948,"[4.744281,0.7782577,3.8756]",
6949,"[4.740827,0.7735505,3.875924]",
6950,"[4.738311,0.7720808,3.876161]",
6951,"[4.734961,0.7710175,3.876476]",
6952,"[4.733952,0.7710381,3.876571]",
6953,"[4.733365,0.7761813,3.876626]",
6954,"[4.73366,0.780551,3.876598]",
6955,"[4.735608,0.7849234,3.876415]",
6956,"[4.738885,0.7895529,3.876107]",
6957,"[4.74094,0.7910587,3.875914]",
6958,"[4.745108,0.7939534,3.875522]",
6959,"[4.747529,0.7958767,3.875294]",
6960,"[4.749364,0.8003532,3.875122]",
6961,"[4.750454,0.8026966,3.875019]",
6962,"[4.751477,0.804787,3.874923]",
6963,"[4.753472,0.8083012,3.874736]",
6964,"[4.754533,0.8101548,3.874636]",
6965,"[4.756663,0.8148475,3.874436]",
6966,"[4.75767,0.8176178,3.874341]",
6967,"[4.759353,0.8232405,3.874183]",
6968,"[4.760105,0.8261901,3.874112]",
6969,"[4.76033,0.8323376,3.874091]",
6970,"[4.760145,0.8346812,3.874109]",
6971,"[4.760012,0.8368701,3.874121]",
6972,"[4.759824,0.8405572,3.874139]",
6973,"[4.759777,0.8420625,3.874143]",
6974,"[4.759788,0.8445527,3.874142]",
6975,"[4.759912,0.8454999,3.87413]",
6976,"[4.760034,0.8469594,3.874119]",
6977,"[4.760056,0.8476041,3.874117]",
6978,"[4.760031,0.8481948,3.874119]",
6979,"[4.755967,0.8520933,3.874501]",
6980,"[4.754185,0.853157,3.874669]",
6981,"[4.751167,0.8540893,3.874952]",
6982,"[4.749872,0.8544296,3.875074]",
6983,"[4.747765,0.8551504,3.875272]",
6984,"[4.746656,0.8554975,3.875376]",
6985,"[4.744884,0.8559874,3.875543]",
6986,"[4.742874,0.8603728,3.875732]",
6987,"[4.741233,0.8644699,3.875886]",
6988,"[4.74367,0.8723825,3.875657]",
6989,"[4.745601,0.8765948,3.875476]",
6990,"[4.749584,0.8812511,3.875101]",
6991,"[4.752124,0.8823603,3.874862]",
6992,"[4.753502,0.8794599,3.874733]",
6993,"[4.751859,0.8739746,3.874887]",
6994,"[4.751319,0.8686984,3.874938]",
6995,"[4.751396,0.8595091,3.874931]",
6996,"[4.751973,0.8566195,3.874877]",
6997,"[4.757393,0.8522642,3.874367]",
6998,"[4.761951,0.8512597,3.873939]",
6999,"[4.769839,0.8527999,3.873197]",
7000,"[4.770448,0.8535039,3.87314]",
7001,"[4.771838,0.8542642,3.873009]",
7002,"[4.772774,0.8547931,3.872921]",
7003,"[4.773606,0.8550789,3.872843]",
7004,"[4.765752,0.8601588,3.873581]",
7005,"[4.760844,0.86748,3.874043]",
7006,"[4.750463,0.8852311,3.875019]",
7007,"[4.745475,0.8951935,3.875488]",
7008,"[4.736855,0.9113253,3.876298]",
7009,"[4.732751,0.9188975,3.876683]",
7010,"[4.729746,0.9236667,3.876966]",
7011,"[4.726288,0.931454,3.87728]",
7012,"[4.72182,0.9377123,3.877439]",
7013,"[4.716788,0.9483768,3.87447]",
7014,"[4.71529,0.9541116,3.870876]",
7015,"[4.717717,0.9689835,3.855306]",
7016,"[4.719514,0.9786857,3.844686]",
7017,"[4.807248,0.9784701,3.818952]",
7018,"[5.132057,0.6543262,4.248821]",
7019,"[5.159118,0.6543263,4.241673]",
7020,"[5.194333,0.6543262,4.233268]",
7021,"[5.207355,0.6543262,4.230277]",
7022,"[5.219993,0.6543262,4.221297]",
7023,"[5.225152,0.6543262,4.218524]",
7024,"[5.225434,0.6543262,4.217914]",
7025,"[5.226045,0.6543262,4.216996]",
7026,"[5.226374,0.6543262,4.216574]",
7027,"[5.223925,0.6543262,4.212966]",
7028,"[5.222885,0.6543263,4.211536]",
7029,"[5.22064,0.6543263,4.208512]",
7030,"[5.219021,0.6543263,4.20594]",
7031,"[5.215717,0.6543263,4.201686]",
7032,"[5.213433,0.6543263,4.199295]",
7033,"[5.211034,0.6543263,4.197019]",
7034,"[5.203658,0.6543263,4.192508]",
7035,"[5.199081,0.6543263,4.189765]",
7036,"[5.187139,0.6543263,4.183517]",
7037,"[5.181094,0.6543263,4.181113]",
7038,"[5.169494,0.6543263,4.177247]",
7039,"[5.163461,0.6543263,4.175636]",
7040,"[5.160134,0.6543263,4.176008]",
7041,"[5.151698,0.6543263,4.176498]",
7042,"[5.151017,0.6543263,4.174683]",
7043,"[5.149696,0.6543263,4.171135]",
7044,"[5.148971,0.6543263,4.169279]",
7045,"[5.146029,0.6543263,4.166246]",
7046,"[5.143244,0.6543263,4.165309]",
7047,"[5.137482,0.6543263,4.16255]",
7048,"[5.130285,0.6543263,4.161979]",
7049,"[5.123057,0.6517752,4.165115]",
7050,"[5.00802,0.6234796,4.239271]",
7051,"[4.965908,0.6238992,4.248468]",
7052,"[4.62791,1.121458,3.619511]",
7053,"[4.618279,1.100704,3.653956]",
7054,"[4.601549,1.069357,3.711917]",
7055,"[4.594728,1.056583,3.733761]",
7056,"[4.588996,1.043726,3.755041]",
7057,"[4.586337,1.023376,3.78622]",
7058,"[4.584839,1.014643,3.799486]",
7059,"[4.583899,0.9987305,3.823294]",
7060,"[4.589323,0.9928498,3.83147]",
7061,"[4.595813,0.9811469,3.848228]",
7062,"[4.599704,0.9757745,3.855101]",
7063,"[4.606859,0.9706113,3.861286]",
7064,"[4.610189,0.9628673,3.87287]",
7065,"[4.613382,0.9598154,3.877116]",
7066,"[4.617949,0.9551776,3.88361]",
7067,"[4.619373,0.9537772,3.88572]",
7068,"[4.621287,0.9524398,3.887161]",
7069,"[4.621945,0.9520878,3.887099]",
7070,"[4.623131,0.951323,3.886988]",
7071,"[4.623639,0.9509529,3.88694]",
7072,"[4.625002,0.9506011,3.886812]",
7073,"[4.631013,0.9500312,3.886247]",
7074,"[4.635146,0.9498086,3.885858]",
7075,"[4.638751,0.9499766,3.88552]",
7076,"[4.639307,0.9502506,3.885467]",
7077,"[4.641698,0.9522809,3.885242]",
7078,"[4.642764,0.9532225,3.885142]",
7079,"[4.644448,0.956016,3.884984]",
7080,"[4.645004,0.9571552,3.884932]",
7081,"[4.645543,0.9582396,3.884881]",
7082,"[4.645688,0.9583026,3.884867]",
7083,"[4.645801,0.9583397,3.884857]",
7084,"[4.646115,0.9582825,3.884827]",
7085,"[4.646548,0.9582938,3.884787]",
7086,"[4.647818,0.9584026,3.884667]",
7087,"[4.649114,0.9589633,3.884545]",
7088,"[4.650414,0.9595586,3.884423]",
7089,"[4.652996,0.9608127,3.884181]",
7090,"[4.652811,0.9606994,3.884198]",
7091,"[4.652597,0.9606258,3.884218]",
7092,"[4.652507,0.9607028,3.884226]",
7093,"[4.652125,0.9611909,3.884262]",
7094,"[4.651806,0.9616392,3.884292]",
7095,"[4.650947,0.9637859,3.884373]",
7096,"[4.650334,0.9655128,3.884431]",
7097,"[4.649784,0.9660705,3.884482]",
7098,"[4.648502,0.9673187,3.884603]",
7099,"[4.647837,0.9679036,3.884665]",
7100,"[4.646359,0.9690393,3.884804]",
7101,"[4.645628,0.9696454,3.884873]",
7102,"[4.643304,0.9714585,3.885092]",
7103,"[4.642356,0.972217,3.88518]",
7104,"[4.64187,0.9728079,3.885226]",
7105,"[4.64155,0.9741583,3.885256]",
7106,"[4.641689,0.9750897,3.885243]",
7107,"[4.641747,0.9775425,3.884378]",
7108,"[4.641639,0.9795465,3.882875]",
7109,"[4.640788,0.9849309,3.87518]",
7110,"[4.640077,0.9891844,3.8686]",
7111,"[4.639214,0.9950388,3.859413]",
7112,"[4.637764,1.004992,3.844108]",
7113,"[4.636992,1.010796,3.835162]",
7114,"[4.635453,1.023998,3.814466]",
7115,"[4.634705,1.031381,3.802692]",
7116,"[4.633019,1.048588,3.775092]",
7117,"[4.631908,1.057242,3.76105]",
7118,"[4.629478,1.078695,3.726065]",
7119,"[4.628348,1.089939,3.707673]",
7120,"[4.626983,1.10344,3.685486]",
7121,"[4.624118,1.131789,3.638195]",
7122,"[4.622438,1.148092,3.611066]",
7123,"[4.618451,1.186222,3.547834]",
7124,"[4.618359,1.188573,3.543564]",
7125,"[4.682187,0.6150118,4.47866]",
7126,"[4.681175,0.6144551,4.47866]",
7127,"[4.678643,0.6137708,4.47866]",
7128,"[4.671917,0.6123041,4.47866]",
7129,"[4.666934,0.6115667,4.478659]",
7130,"[4.653649,0.6102189,4.478659]",
7131,"[4.644069,0.609473,4.478659]",
7132,"[4.62476,0.6085384,4.478659]",
7133,"[4.613224,0.6083584,4.478659]",
7134,"[4.593994,0.6064668,4.478659]",
7135,"[4.589027,0.6058463,4.478659]",
7136,"[4.581147,0.6051755,4.478659]",
7137,"[4.557642,0.6020675,4.478659]",
7138,"[4.543024,0.5997754,4.478659]",
7139,"[4.528994,0.8954513,3.990724]",
7140,"[4.521752,0.9350629,3.923423]",
7141,"[4.407453,0.8686875,3.923435]",
7142,"[4.38924,0.8574039,3.923437]",
7143,"[4.3753,0.8489833,3.923439]",
7144,"[4.355626,0.8360514,3.923443]",
7145,"[4.346131,0.8290079,3.923445]",
7146,"[4.332399,0.814276,3.923452]",
7147,"[4.332548,0.8068591,3.923459]",
7148,"[4.330493,0.7857268,3.923477]",
7149,"[4.32808,0.7726858,3.923487]",
7150,"[4.324474,0.7604274,3.923497]",
7151,"[4.319622,0.715549,3.923535]",
7152,"[4.320393,0.6972544,3.923551]",
7153,"[4.318327,0.6735736,3.923571]",
7154,"[4.318334,0.6714805,3.923573]",
7155,"[4.321646,0.6639569,3.923581]",
7156,"[4.323987,0.6595433,3.923586]",
7157,"[4.328237,0.6512382,3.923595]",
7158,"[4.330309,0.647355,3.923599]",
7159,"[4.337929,0.6441921,3.923605]",
7160,"[4.349735,0.6418663,3.923612]",
7161,"[4.355555,0.6421216,3.923614]",
7162,"[4.368834,0.643519,3.923618]",
7163,"[4.374774,0.644164,3.92362]",
7164,"[4.384029,0.6450286,3.923623]",
7165,"[4.387733,0.6450933,3.923625]",
7166,"[4.391295,0.6451675,3.923626]",
7167,"[4.397631,0.6463434,3.923628]",
7168,"[4.400554,0.6469183,3.923628]",
7169,"[4.404894,0.6480008,3.923629]",
7170,"[4.406781,0.6485952,3.923629]",
7171,"[4.422925,0.7247245,3.851589]",
7172,"[4.438424,0.8141757,3.765059]",
7173,"[4.445648,0.8583014,3.725606]",
7174,"[4.446103,0.8627251,3.723953]",
7175,"[4.44581,0.8635536,3.726596]",
7176,"[4.445261,0.8634976,3.732027]",
7177,"[4.44504,0.8637293,3.734251]",
7178,"[4.355249,0.3221402,4.281371]",
7179,"[4.355314,0.3221402,4.281535]",
7180,"[4.355941,0.3221402,4.281905]",
7181,"[4.356445,0.3221403,4.282102]",
7182,"[4.357257,0.3221402,4.282335]",
7183,"[4.358934,0.3221402,4.282869]",
7184,"[4.359855,0.3221402,4.283229]",
7185,"[4.361581,0.3221402,4.283989]",
7186,"[4.362369,0.3221403,4.284429]",
7187,"[4.363606,0.3221402,4.285666]",
7188,"[4.364021,0.3221402,4.286326]",
7189,"[4.363735,0.3221402,4.287669]",
7190,"[4.363627,0.3221402,4.288435]",
7191,"[4.364217,0.3221402,4.289345]",
7192,"[4.36438,0.3221402,4.291845]",
7193,"[4.364355,0.3221402,4.292201]",
7194,"[4.364244,0.3221402,4.293229]",
7195,"[4.364127,0.3221402,4.294021]",
7196,"[4.363884,0.3221402,4.299881]",
7197,"[4.364017,0.3221402,4.301988]",
7198,"[4.364371,0.3221402,4.304476]",
7199,"[4.38236,0.3221403,4.311171]",
7200,"[4.391326,0.3221402,4.308537]",
7201,"[4.411139,0.3221403,4.30599]",
7202,"[4.424918,0.3221402,4.30582]",
7203,"[4.457176,0.3221402,4.305416]",
7204,"[4.590628,0.3221403,4.290361]",
7205,"[4.855447,0.5392753,4.067551]",
7206,"[4.891064,0.5358777,4.067482]",
7207,"[4.91419,0.5334769,4.067436]",
7208,"[4.952816,0.527276,4.067331]",
7209,"[4.957568,0.5270737,4.067325]",
7210,"[4.96753,0.527092,4.067317]",
7211,"[4.970843,0.5277129,4.067322]",
7212,"[4.977015,0.5294166,4.067338]",
7213,"[4.980334,0.5306224,4.067351]",
7214,"[4.978526,0.5305021,4.067351]",
7215,"[4.978831,0.5303885,4.067349]",
7216,"[4.977753,0.5312198,4.06736]",
7217,"[4.970798,0.5343951,4.067404]",
7218,"[4.969014,0.5354851,4.067419]",
7219,"[4.966359,0.5377337,4.067448]",
7220,"[4.965683,0.5389337,4.067463]",
7221,"[4.962265,0.5391401,4.067468]",
7222,"[4.95199,0.5420575,4.067512]",
7223,"[4.945364,0.5443276,4.067544]",
7224,"[4.936714,0.5494192,4.067613]",
7225,"[4.933871,0.5520532,4.067647]",
7226,"[4.924941,0.560307,4.067755]",
7227,"[4.92152,0.5640898,4.067803]",
7228,"[4.9179,0.5694696,4.067872]",
7229,"[4.915149,0.5717385,4.067902]",
7230,"[4.910623,0.5753951,4.06795]",
7231,"[4.905246,0.5811859,4.068024]",
7232,"[4.899506,0.5856888,4.068084]",
7233,"[4.893287,0.5915244,4.06816]",
7234,"[4.890771,0.5924978,4.068173]",
7235,"[4.883228,0.596182,4.068224]",
7236,"[4.880898,0.597441,4.068241]",
7237,"[4.879243,0.59848,4.068255]",
7238,"[4.877373,0.6016645,4.068295]",
7239,"[4.874228,0.6054262,4.068344]",
7240,"[4.870611,0.6114656,4.06842]",
7241,"[4.869408,0.6134192,4.068445]",
7242,"[4.867749,0.6165702,4.068484]",
7243,"[4.867165,0.6179404,4.068501]",
7244,"[4.86678,0.6203451,4.068531]",
7245,"[4.866602,0.6224986,4.068557]",
7246,"[4.866573,0.6245006,4.068582]",
7247,"[4.866088,0.6273689,4.069664]",
7248,"[4.865953,0.6273463,4.071662]",
7249,"[4.865575,0.6273604,4.070927]",
7250,"[4.865549,0.627364,4.070663]",
7251,"[4.873819,0.6161548,4.068475]",
7252,"[4.877847,0.6095945,4.068391]",
7253,"[4.881419,0.6042411,4.068324]",
7254,"[4.886672,0.5975991,4.068239]",
7255,"[4.888503,0.5956832,4.068214]",
7256,"[4.892165,0.5927242,4.068175]",
7257,"[4.893961,0.5916845,4.068161]",
7258,"[4.896143,0.590123,4.06814]",
7259,"[4.897059,0.5894537,4.068131]",
7260,"[4.898197,0.5890135,4.068125]",
7261,"[4.898747,0.5889392,4.068124]",
7262,"[4.898917,0.5887347,4.068121]",
7263,"[4.899244,0.5885777,4.068119]",
7264,"[4.899419,0.5886281,4.06812]",
7265,"[4.899791,0.5890558,4.068124]",
7266,"[4.899932,0.5892506,4.068127]",
7267,"[4.899905,0.5896442,4.068131]",
7268,"[4.899603,0.5887752,4.068121]",
7269,"[4.89926,0.5881883,4.068114]",
7270,"[4.898364,0.5869467,4.0681]",
7271,"[4.897717,0.5860384,4.068089]",
7272,"[4.898524,0.5825403,4.068046]",
7273,"[4.898931,0.5814737,4.068033]",
7274,"[4.90086,0.5781973,4.067991]",
7275,"[4.901516,0.5760254,4.067964]",
7276,"[4.889861,0.5990625,4.042844]",
7277,"[4.884729,0.6028723,4.037693]",
7278,"[4.856024,0.6897356,3.95401]",
7279,"[4.850533,0.6951512,3.947334]",
7280,"[4.848634,0.6920313,3.948464]",
7281,"[4.846833,0.6864877,3.950495]",
7282,"[4.845916,0.6837872,3.950939]",
7283,"[4.844108,0.6779635,3.951561]",
7284,"[4.843155,0.6749804,3.951548]",
7285,"[4.842107,0.6717275,3.951316]",
7286,"[4.840231,0.664022,3.950675]",
7287,"[4.839231,0.6593935,3.949923]",
7288,"[4.838691,0.6533132,3.950552]",
7289,"[4.838333,0.6492702,3.951165]",
7290,"[4.916734,0.3221402,4.226027]",
7291,"[4.91499,0.3221403,4.219818]",
7292,"[4.911239,0.3221403,4.205867]",
7293,"[4.909881,0.3221402,4.199928]",
7294,"[4.908183,0.3221402,4.196348]",
7295,"[4.91029,0.3221402,4.203873]",
7296,"[4.910198,0.3221403,4.20766]",
7297,"[4.903734,0.3221402,4.211601]",
7298,"[4.89553,0.3221403,4.21677]",
7299,"[4.879768,0.3418882,4.206786]",
7300,"[4.875896,0.3418882,4.209149]",
7301,"[4.868905,0.3418882,4.213455]",
7302,"[4.866669,0.3418882,4.215069]",
7303,"[4.864609,0.3418882,4.216649]",
7304,"[4.859217,0.3418881,4.223414]",
7305,"[4.857114,0.3418881,4.226637]",
7306,"[4.852507,0.341888,4.23581]",
7307,"[4.850304,0.341888,4.241051]",
7308,"[4.84692,0.3418879,4.251396]",
7309,"[4.845716,0.3418879,4.256472]",
7310,"[4.844699,0.3418878,4.261472]",
7311,"[4.844134,0.3418878,4.269295]",
7312,"[4.843928,0.3418877,4.273043]",
7313,"[4.844612,0.3418877,4.275246]",
7314,"[4.845203,0.3418877,4.275954]",
7315,"[4.845695,0.3418877,4.278884]",
7316,"[4.846248,0.3418877,4.280741]",
7317,"[4.847095,0.3418877,4.282962]",
7318,"[4.854004,0.3418877,4.286479]",
7319,"[4.863132,0.3221402,4.306968]",
7320,"[5.113472,0.3221402,4.240641]",
7321,"[5.123057,0.3760044,4.183189]",
7322,"[5.135864,0.5464988,3.99644]",
7323,"[5.15924,0.5361036,3.99644]",
7324,"[5.189629,0.5233513,3.99644]",
7325,"[5.200349,0.5187261,3.99644]",
7326,"[5.210127,0.5147442,3.99644]",
7327,"[5.226392,0.5081916,3.99644]",
7328,"[5.234583,0.5046958,3.99644]",
7329,"[5.236186,0.5065527,3.99644]",
7330,"[5.236579,0.5075042,3.99644]",
7331,"[5.238554,0.5080234,3.99644]",
7332,"[5.24033,0.5075495,3.99644]",
7333,"[5.242761,0.5068283,3.99644]",
7334,"[5.241887,0.5093731,3.99644]",
7335,"[5.241238,0.5108533,3.99644]",
7336,"[5.241279,0.5133172,3.99644]",
7337,"[5.240339,0.5127304,3.99644]",
7338,"[5.238142,0.510898,3.99644]",
7339,"[5.236926,0.5096754,3.99644]",
7340,"[5.233742,0.5082506,3.99644]",
7341,"[5.231836,0.5080392,3.99644]",
7342,"[5.230919,0.5100242,3.99644]",
7343,"[5.229434,0.5136907,3.99644]",
7344,"[5.228767,0.5155662,3.99644]",
7345,"[5.227142,0.5203358,3.99644]",
7346,"[5.226117,0.5233247,3.99644]",
7347,"[5.225628,0.5268998,3.99644]",
7348,"[5.225506,0.5286596,3.99644]",
7349,"[5.225262,0.5307968,3.99644]",
7350,"[5.225235,0.5345304,3.99644]",
7351,"[5.225504,0.5362436,3.99644]",
7352,"[5.220257,0.5474798,3.99644]",
7353,"[5.218727,0.5515876,3.99644]",
7354,"[5.217035,0.5583239,3.99644]",
7355,"[5.216102,0.5618774,3.99644]",
7356,"[5.215527,0.5671345,3.99644]",
7357,"[5.215591,0.5693524,3.99644]",
7358,"[5.215896,0.5711209,3.99644]",
7359,"[5.21355,0.576047,3.99644]",
7360,"[5.212974,0.5773358,3.99644]",
7361,"[5.212627,0.5790666,3.99644]",
7362,"[5.212231,0.5798064,3.99644]",
7363,"[5.209436,0.5846919,3.99361]",
7364,"[5.180377,0.6346642,3.95074]",
7365,"[5.133899,0.7144658,3.88168]",
7366,"[5.362366,0.3221402,4.225536]",
7367,"[5.362696,0.3221402,4.226115]",
7368,"[5.36331,0.3221402,4.22653]",
7369,"[5.363608,0.3221402,4.226296]",
7370,"[5.363944,0.3221402,4.226652]",
7371,"[5.363989,0.3221402,4.227374]",
7372,"[5.364265,0.3221403,4.228428]",
7373,"[5.364735,0.3221403,4.228826]",
7374,"[5.365271,0.3221403,4.229343]",
7375,"[5.366903,0.3221403,4.230677]",
7376,"[5.368241,0.3221402,4.231445]",
7377,"[5.369781,0.3221403,4.234373]",
7378,"[5.372541,0.3221402,4.235359]",
7379,"[5.389636,0.3221403,4.237314]",
7380,"[5.405349,0.3221402,4.236199]",
7381,"[5.427824,0.3221403,4.229796]",
7382,"[5.495607,0.3221402,4.195304]",
7383,"[5.532979,0.3221403,4.168977]",
7384,"[5.559235,0.4896853,3.873185]",
7385,"[5.237376,0.9732574,3.358055]",
7386,"[5.245465,0.979668,3.319671]",
7387,"[5.264812,0.9780973,3.227861]",
7388,"[5.268534,0.9775548,3.2102]",
7389,"[5.27585,0.9660504,3.17548]",
7390,"[5.279045,0.96249,3.16032]",
7391,"[5.284049,0.9539824,3.136575]",
7392,"[5.28417,0.9489325,3.136002]",
7393,"[5.285103,0.9417066,3.131574]",
7394,"[5.463801,0.7595576,3.134546]",
7395,"[5.458255,0.755538,3.133196]",
7396,"[5.455063,0.753217,3.132363]",
7397,"[5.452325,0.7520751,3.137496]",
7398,"[5.449017,0.7502371,3.140542]",
7399,"[5.284943,0.9201725,3.132334]",
7400,"[5.283862,0.9187391,3.137463]",
7401,"[5.28336,0.918682,3.139842]",
7402,"[5.281346,0.9196058,3.149404]",
7403,"[5.281032,0.920124,3.150894]",
7404,"[5.280894,0.9218041,3.151548]",
7405,"[5.455953,0.7535849,3.130672]",
7406,"[5.461704,0.7548212,3.111895]",
7407,"[5.606642,0.6771933,2.826978]",
7408,"[5.606642,0.6793255,2.812242]",
7409,"[5.606642,0.6807932,2.779204]",
7410,"[5.606642,0.6784586,2.766729]",
7411,"[5.606642,0.6747607,2.745303]",
7412,"[5.61931,0.6622185,2.73787]",
7413,"[5.618746,0.6622185,2.73411]",
7414,"[5.619702,0.6622185,2.733169]",
7415,"[5.620048,0.6622185,2.731592]",
7416,"[5.62212,0.6622185,2.727152]",
7417,"[5.623913,0.6622185,2.727474]",
7418,"[5.62815,0.6622185,2.72799]",
7419,"[5.630382,0.6622185,2.728151]",
7420,"[5.633436,0.6622185,2.729785]",
7421,"[5.634179,0.6622185,2.731039]",
7422,"[5.634285,0.6622185,2.731872]",
7423,"[5.634732,0.6622185,2.731941]",
7424,"[5.606642,0.6895299,2.744084]",
7425,"[5.606642,0.6914942,2.747885]",
7426,"[5.606642,0.6924844,2.748739]",
7427,"[5.648462,0.6622185,2.720976]",
7428,"[5.651606,0.6622184,2.714228]",
7429,"[5.608647,0.7095574,2.71591]",
7430,"[5.598207,0.722019,2.71591]",
7431,"[5.587553,0.7344687,2.71591]",
7432,"[5.585743,0.738606,2.71591]",
7433,"[5.583417,0.7425613,2.71591]",
7434,"[5.577564,0.7516929,2.71591]",
7435,"[5.576529,0.7549903,2.71591]",
7436,"[5.576019,0.7606085,2.714829]",
7437,"[5.576019,0.7617469,2.715033]",
7438,"[5.576019,0.7630991,2.715136]",
7439,"[5.576019,0.7663136,2.715872]",
7440,"[5.576741,0.767745,2.71591]",
7441,"[5.586029,0.7662731,2.71591]",
7442,"[5.590388,0.7661591,2.71591]",
7443,"[5.600836,0.7622278,2.71591]",
7444,"[5.60752,0.758225,2.71591]",
7445,"[5.614559,0.754367,2.71591]",
7446,"[5.64592,0.7354977,2.71591]",
7447,"[5.66076,0.7243749,2.71591]",
7448,"[5.737015,0.6622185,2.704559]",
7449,"[5.738693,0.6622184,2.706952]",
7450,"[5.742806,0.6622185,2.712453]",
7451,"[5.606642,0.7799755,2.744066]",
7452,"[5.606642,0.790267,2.762981]",
7453,"[5.606642,0.7935556,2.768006]",
7454,"[5.606642,0.7958918,2.773426]",
7455,"[5.606642,0.7976159,2.781061]",
7456,"[5.606642,0.7969967,2.783696]",
7457,"[5.606642,0.7920545,2.78764]",
7458,"[5.606642,0.7873579,2.788995]",
7459,"[5.606642,0.7631726,2.784881]",
7460,"[5.606642,0.6842336,2.782756]",
7461,"[5.58378,0.6622185,2.783269]",
7462,"[5.552818,0.622529,2.781099]",
7463,"[5.530971,0.6182614,2.7801]",
7464,"[5.531188,0.5893962,2.773896]",
7465,"[5.531313,0.5767022,2.770305]",
7466,"[5.531533,0.5632992,2.763989]",
7467,"[5.531652,0.5591203,2.76059]",
7468,"[5.531901,0.5540693,2.753444]",
7469,"[5.53204,0.5530094,2.749476]",
7470,"[5.532188,0.5519869,2.745245]",
7471,"[5.532463,0.5531216,2.737363]",
7472,"[5.532556,0.5559481,2.734711]",
7473,"[5.53272,0.5615724,2.730023]",
7474,"[5.532752,0.5661234,2.729101]",
7475,"[5.532732,0.5781236,2.729681]",
7476,"[5.532692,0.5846421,2.730808]",
7477,"[5.532652,0.5907271,2.731943]",
7478,"[5.532589,0.6007082,2.733757]",
7479,"[5.532563,0.6040369,2.734493]",
7480,"[5.532487,0.6093106,2.73667]",
7481,"[5.532442,0.6114544,2.737958]",
7482,"[5.532399,0.613959,2.739209]",
7483,"[5.532393,0.6144867,2.739352]",
7484,"[5.532385,0.615222,2.739585]",
7485,"[5.532382,0.6156492,2.739676]",
7486,"[5.532384,0.6156431,2.739614]",
7487,"[5.532429,0.6141549,2.738351]",
7488,"[5.532494,0.6121257,2.73648]",
7489,"[5.53782,0.5359188,2.583944]",
7490,"[5.827857,0.1,2.32307]",
7491,"[5.7976,0.1,2.258693]",
7492,"[5.506995,0.4691902,2.375212]",
7493,"[5.488642,0.482457,2.363752]",
7494,"[5.467915,0.490789,2.350983]",
7495,"[5.468524,0.4806597,2.338568]",
7496,"[5.356003,0.622529,2.387571]",
7497,"[5.354958,0.622529,2.387329]",
7498,"[5.351275,0.622529,2.385144]",
7499,"[5.352234,0.622529,2.383315]",
7500,"[5.352757,0.622529,2.381471]",
7501,"[5.354625,0.622529,2.380027]",
7502,"[5.356265,0.622529,2.380224]",
7503,"[5.358934,0.622529,2.380693]",
7504,"[5.475456,0.4619956,2.315895]",
7505,"[5.476478,0.4648453,2.319429]",
7506,"[5.476462,0.4661702,2.321056]",
7507,"[5.47628,0.4672914,2.322426]",
7508,"[5.472375,0.4812557,2.339434]",
7509,"[5.469958,0.4862253,2.345451]",
7510,"[5.470491,0.4900381,2.356936]",
7511,"[5.475733,0.485548,2.36078]",
7512,"[5.483434,0.4776917,2.367456]",
7513,"[5.486322,0.4733338,2.371111]",
7514,"[5.489802,0.4638906,2.378933]",
7515,"[5.490324,0.457284,2.384339]",
7516,"[5.737175,0.1,2.273882]",
7517,"[5.376136,0.622529,2.606529]",
7518,"[5.374146,0.622529,2.63278]",
7519,"[5.366502,0.622529,2.660044]",
7520,"[5.716744,0.1,2.626871]",
7521,"[5.702865,0.1,2.646004]",
7522,"[5.519467,0.3707697,2.670361]",
7523,"[5.512546,0.3746529,2.676005]",
7524,"[5.50105,0.3797618,2.681012]",
7525,"[5.496321,0.3797525,2.683158]",
7526,"[5.491246,0.3809124,2.684445]",
7527,"[5.490099,0.3806101,2.684464]",
7528,"[5.489432,0.3751101,2.681028]",
7529,"[5.489681,0.3702458,2.677406]",
7530,"[5.491784,0.3588858,2.669623]",
7531,"[5.644557,0.1,2.650975]",
7532,"[5.642391,0.1,2.64553]",
7533,"[5.640214,0.1000001,2.633085]",
7534,"[5.318456,0.622529,2.558157]",
7535,"[5.323014,0.5858103,2.482851]",
7536,"[5.323483,0.580602,2.469435]",
7537,"[5.324188,0.5747626,2.449246]",
7538,"[5.324488,0.5728463,2.44064]",
7539,"[5.324663,0.5729802,2.435642]",
7540,"[5.325031,0.5727443,2.425096]",
7541,"[5.325078,0.5756535,2.423772]",
7542,"[5.325233,0.582319,2.41933]",
7543,"[5.325205,0.5895775,2.420106]",
7544,"[5.325195,0.6061699,2.420412]",
7545,"[5.325262,0.6164697,2.418499]",
7546,"[5.325193,0.621662,2.420443]",
7547,"[5.329545,0.622529,2.423763]",
7548,"[5.331599,0.622529,2.425973]",
7549,"[5.334047,0.622529,2.431342]",
7550,"[5.334376,0.622529,2.435112]",
7551,"[5.333692,0.622529,2.440233]",
7552,"[5.332494,0.622529,2.44267]",
7553,"[5.330054,0.622529,2.445871]",
7554,"[5.328715,0.622529,2.44698]",
7555,"[5.327847,0.622529,2.448671]",
7556,"[5.326488,0.622529,2.450235]",
7557,"[5.325984,0.622529,2.450486]",
7558,"[5.324991,0.622529,2.450011]",
7559,"[5.324441,0.622529,2.44918]",
7560,"[5.324291,0.6215318,2.446288]",
7561,"[5.324366,0.6209987,2.444151]",
7562,"[5.324545,0.6202124,2.439008]",
7563,"[5.324646,0.6192839,2.436115]",
7564,"[5.324741,0.6183005,2.433407]",
7565,"[5.324842,0.6162122,2.430516]",
7566,"[5.324862,0.6143881,2.42993]",
7567,"[5.324918,0.6134782,2.428332]",
7568,"[5.332794,0.622529,2.428423]",
7569,"[5.343726,0.622529,2.425878]",
7570,"[5.430289,0.4612227,2.379031]",
7571,"[5.430067,0.4630373,2.377543]",
7572,"[5.430449,0.4632391,2.377392]",
7573,"[5.430753,0.4633436,2.377318]",
7574,"[5.430939,0.4633986,2.377279]",
7575,"[5.432592,0.459424,2.380578]",
7576,"[5.561395,0.1,2.306005]",
7577,"[5.561374,0.1,2.312132]",
7578,"[5.561137,0.1,2.317013]",
7579,"[5.560112,0.1,2.321276]",
7580,"[5.559839,0.1,2.323252]",
7581,"[5.559157,0.1,2.326818]",
7582,"[5.558547,0.1,2.328607]",
7583,"[5.556817,0.1,2.332313]",
7584,"[5.555761,0.1,2.334392]",
7585,"[5.55464,0.1,2.336358]",
7586,"[5.555182,0.1,2.338254]",
7587,"[5.555697,0.1,2.339817]",
7588,"[5.556468,0.1,2.342274]",
7589,"[5.556751,0.1,2.343105]",
7590,"[5.556999,0.1,2.344258]",
7591,"[5.557046,0.1,2.344618]",
7592,"[5.5571,0.1000001,2.344933]",
7593,"[5.557376,0.1,2.345011]",
7594,"[5.557625,0.1,2.345076]",
7595,"[5.558239,0.1,2.345551]",
7596,"[5.558731,0.0999999,2.346023]",
7597,"[5.559361,0.0999999,2.347088]",
7598,"[5.559687,0.1,2.347569]",
7599,"[5.559743,0.1,2.348952]",
7600,"[5.559574,0.1,2.349422]",
7601,"[5.559409,0.1,2.349801]",
7602,"[5.558859,0.1,2.350892]",
7603,"[5.558313,0.0999999,2.351501]",
7604,"[5.557433,0.1,2.354811]",
7605,"[5.556548,0.1,2.356838]",
7606,"[5.555128,0.1,2.359925]",
7607,"[5.554536,0.1,2.361141]",
7608,"[5.553971,0.1,2.36222]",
7609,"[5.551848,0.1,2.366615]",
7610,"[5.551536,0.1,2.367332]",
7611,"[5.550766,0.1,2.368733]",
7612,"[5.549511,0.1,2.370621]",
7613,"[5.548065,0.0999999,2.373125]",
7614,"[5.547833,0.1,2.373898]",
7615,"[5.547273,0.1,2.375607]",
7616,"[5.54671,0.1,2.376608]",
7617,"[5.545977,0.1,2.377641]",
7618,"[5.543136,0.1,2.378679]",
7619,"[5.541138,0.0999999,2.378767]",
7620,"[5.537566,0.0999999,2.378002]",
7621,"[5.535945,0.1,2.377185]",
7622,"[5.532751,0.1,2.374331]",
7623,"[5.531175,0.1,2.372379]",
7624,"[5.529955,0.1,2.370489]",
7625,"[5.526168,0.1,2.367785]",
7626,"[5.523674,0.1,2.367013]",
7627,"[5.515774,0.1,2.367429]",
7628,"[5.512681,0.1,2.367474]",
7629,"[5.508809,0.1,2.3683]",
7630,"[5.507177,0.1,2.368734]",
7631,"[5.504714,0.1,2.368887]",
7632,"[5.503792,0.1,2.368691]",
7633,"[5.502878,0.1,2.368259]",
7634,"[5.502175,0.0999999,2.367213]",
7635,"[5.503032,0.1,2.367026]",
7636,"[5.505032,0.1,2.366223]",
7637,"[5.505774,0.1,2.365873]",
7638,"[5.507583,0.1,2.36607]",
7639,"[5.5086,0.1,2.366555]",
7640,"[5.509593,0.1,2.36688]",
7641,"[5.51114,0.1,2.36751]",
7642,"[5.511681,0.1,2.36783]",
7643,"[5.513073,0.1,2.367799]",
7644,"[5.513977,0.1,2.367453]",
7645,"[5.51647,0.1,2.366049]",
7646,"[5.518188,0.1,2.364778]",
7647,"[5.523784,0.1,2.362579]",
7648,"[5.527608,0.1,2.360787]",
7649,"[5.531897,0.0999999,2.358275]",
7650,"[5.54406,0.1,2.348261]",
7651,"[5.551833,0.0999999,2.340226]",
7652,"[5.467664,0.4723237,2.371283]",
7653,"[5.469455,0.4830406,2.362606]",
7654,"[5.575886,0.7306159,2.104138]",
7655,"[5.574926,0.7624686,2.085189]",
7656,"[5.642614,0.6622185,1.990769]",
7657,"[5.624534,0.7134508,1.972782]",
7658,"[5.624534,0.7196015,1.952302]",
7659,"[5.624534,0.6887339,1.916484]",
7660,"[5.624534,0.6744153,1.897692]",
7661,"[5.624534,0.666581,1.878134]",
7662,"[5.624534,0.6642676,1.875983]",
7663,"[5.624534,0.6628508,1.872214]",
7664,"[5.622667,0.6622183,1.873121]",
7665,"[5.621333,0.6622185,1.875868]",
7666,"[5.618913,0.6622184,1.874924]",
7667,"[5.615448,0.6622184,1.879531]",
7668,"[5.611103,0.6622185,1.882314]",
7669,"[5.609518,0.6622184,1.881792]",
7670,"[5.603883,0.6622185,1.888505]",
7671,"[5.601137,0.6622185,1.892874]",
7672,"[5.600274,0.6622185,1.89493]",
7673,"[5.600327,0.6622184,1.895611]",
7674,"[5.601788,0.6622185,1.896851]",
7675,"[5.605155,0.6622184,1.89688]",
7676,"[5.607845,0.6622184,1.895659]",
7677,"[5.624534,0.7186809,1.894063]",
7678,"[5.624534,0.7416182,1.896088]",
7679,"[5.624534,0.791413,1.892697]",
7680,"[5.624534,0.8347363,1.888192]",
7681,"[5.624534,0.8484551,1.886214]",
7682,"[5.624534,0.8613259,1.883426]",
7683,"[5.624534,0.8652239,1.881997]",
7684,"[5.624534,0.8686904,1.879123]",
7685,"[5.624534,0.8694739,1.877874]",
7686,"[5.624534,0.8712164,1.87592]",
7687,"[5.624534,0.8700754,1.867793]",
7688,"[5.624534,0.8714573,1.867238]",
7689,"[5.624534,0.8806891,1.865352]",
7690,"[5.624534,0.8898005,1.863993]",
7691,"[5.624534,0.9120521,1.864658]",
7692,"[5.624534,0.9329699,1.868727]",
7693,"[5.624534,1.093944,1.878432]",
7694,"[5.624534,1.132045,1.880693]",
7695,"[5.625079,1.153,1.882282]",
7696,"[5.697662,1.153,1.840377]",
7697,"[5.709388,1.153,1.834675]",
7698,"[5.740174,1.153,1.82075]",
7699,"[5.746512,1.153,1.815317]",
7700,"[5.754202,1.153,1.808768]",
7701,"[5.754807,1.153,1.807847]",
7702,"[5.751651,1.153,1.809592]",
7703,"[5.751702,1.153,1.809614]",
7704,"[5.747043,1.153,1.811819]",
7705,"[5.744576,1.153,1.812989]",
7706,"[5.744622,1.153,1.812985]",
7707,"[5.578642,1.277936,1.952602]",
7708,"[5.578642,1.300806,1.965842]",
7709,"[5.578642,1.326685,1.977679]",
7710,"[5.578642,1.332912,1.979969]",
7711,"[5.578642,1.336456,1.981584]",
7712,"[5.578642,1.339174,1.983183]",
7713,"[5.578642,1.339224,1.98341]",
7714,"[5.578642,1.33754,1.982365]",
7715,"[5.578642,1.336613,1.981222]",
7716,"[5.578642,1.33232,1.978141]",
7717,"[5.578642,1.331848,1.976633]",
7718,"[5.578642,1.334756,1.974301]",
7719,"[5.578642,1.338956,1.973252]",
7720,"[5.578642,1.345698,1.972136]",
7721,"[5.578642,1.362614,1.974627]",
7722,"[5.578642,1.365721,1.975984]",
7723,"[5.578642,1.383862,1.978563]",
7724,"[5.578642,1.400468,1.979895]",
7725,"[5.689091,1.495104,1.905868]",
7726,"[5.685973,1.529339,1.903243]",
7727,"[5.95,1.723694,1.727812]",
7728,"[5.95,1.806795,1.719795]",
7729,"[5.587557,1.864104,1.930793]",
7730,"[5.655918,1.942508,1.896512]",
7731,"[5.656918,1.96797,1.901668]",
7732,"[5.659158,2.015768,1.913219]",
7733,"[5.660496,2.037297,1.920121]",
7734,"[5.660495,2.038315,1.920112]",
7735,"[5.661016,2.041381,1.9228]",
7736,"[5.661876,2.044175,1.927238]",
7737,"[5.663994,2.04844,1.93816]",
7738,"[5.665342,2.049043,1.945112]",
7739,"[5.665735,2.0351,1.947137]",
7740,"[5.666218,2.030065,1.94963]",
7741,"[5.668787,1.997922,1.962882]",
7742,"[5.672469,1.98493,1.98187]",
7743,"[5.674356,1.97747,1.991601]",
7744,"[5.681098,1.963622,2.02637]",
7745,"[5.575065,1.920892,2.081227]",
7746,"[5.57121,1.910896,2.093569]",
7747,"[5.571308,1.907499,2.095803]",
7748,"[5.571386,1.90231,2.097594]",
7749,"[5.571332,1.89958,2.096349]",
7750,"[5.571262,1.897042,2.094759]",
7751,"[5.574811,1.894503,2.088479]",
7752,"[5.575104,1.898178,2.080103]",
7753,"[5.679108,1.938554,2.016107]",
7754,"[5.658818,1.965911,1.911465]",
7755,"[5.644731,1.967881,1.838817]",
7756,"[5.637147,1.959244,1.799702]",
7757,"[5.639555,1.901756,1.662763]",
7758,"[5.577583,1.849081,1.647447]",
7759,"[5.95,1.837942,1.040532]",
7760,"[5.665222,1.465886,0.7723726]",
7761,"[5.614738,1.405445,0.7259703]",
7762,"[5.433985,1.08154,0.5598325]",
7763,"[5.018086,1.310159,1.518632]",
7764,"[4.935507,1.14314,1.518632]",
7765,"[4.922451,1.122671,1.518632]",
7766,"[4.902179,1.09617,1.518632]",
7767,"[4.888014,1.075572,1.518632]",
7768,"[4.886351,1.069158,1.518632]",
7769,"[4.896862,1.058537,1.518632]",
7770,"[4.900453,1.051391,1.518632]",
7771,"[4.925286,1.03915,1.518632]",
7772,"[4.938705,1.03025,1.518632]",
7773,"[4.948732,1.011572,1.518632]",
7774,"[4.950799,0.9993579,1.518632]",
7775,"[4.9499,0.9860958,1.518632]",
7776,"[4.95544,0.9846672,1.518632]",
7777,"[4.955436,0.9829719,1.518632]",
7778,"[4.951738,0.976308,1.518632]",
7779,"[4.952191,0.9748878,1.518632]",
7780,"[4.949806,0.9686165,1.518632]",
7781,"[4.947277,0.9643362,1.518632]",
7782,"[4.944219,0.9594647,1.518632]",
7783,"[4.927035,0.9241626,1.518632]",
7784,"[4.920743,0.9099337,1.518632]",
7785,"[4.91488,0.8949938,1.518632]",
7786,"[4.914002,0.8915656,1.518632]",
7787,"[4.913061,0.8897396,1.518632]",
7788,"[4.91297,0.8902492,1.518632]",
7789,"[4.914049,0.8955939,1.518632]",
7790,"[4.913965,0.8974221,1.518632]",
7791,"[4.913744,0.8989612,1.518632]",
7792,"[4.913672,0.9012054,1.518632]",
7793,"[4.913699,0.9019011,1.518632]",
7794,"[4.913,0.9027089,1.518632]",
7795,"[4.912094,0.9031152,1.518632]",
7796,"[4.85851,0.8703086,1.518632]",
7797,"[4.847638,0.8643844,1.518632]",
7798,"[4.838132,0.8596485,1.518632]",
7799,"[4.830523,0.8556231,1.518632]",
7800,"[4.829732,0.8546966,1.518632]",
7801,"[4.828457,0.8532008,1.518632]",
7802,"[4.828793,0.8530827,1.518632]",
7803,"[4.829271,0.8529291,1.518632]",
7804,"[4.830465,0.8547226,1.518632]",
7805,"[4.834663,0.857233,1.518632]",
7806,"[4.840398,0.8609613,1.518632]",
7807,"[4.843766,0.862237,1.518632]",
7808,"[4.848296,0.8639606,1.518632]",
7809,"[4.849929,0.8645827,1.518632]",
7810,"[4.852226,0.8661036,1.518632]",
7811,"[4.853159,0.8672559,1.518632]",
7812,"[4.856102,0.8712927,1.518632]",
7813,"[4.858118,0.8741932,1.518632]",
7814,"[4.860008,0.876172,1.518632]",
7815,"[4.862306,0.8786027,1.518632]",
7816,"[4.86436,0.8810027,1.518632]",
7817,"[4.868254,0.8859737,1.518632]",
7818,"[4.870433,0.8888995,1.518632]",
7819,"[4.869995,0.8898806,1.518632]",
7820,"[4.872008,0.8936814,1.518632]",
7821,"[4.87067,0.8936233,1.518632]",
7822,"[4.867922,0.8941216,1.518632]",
7823,"[4.866326,0.8946893,1.518632]",
7824,"[4.862859,0.8963301,1.518632]",
7825,"[4.861105,0.8972467,1.518632]",
7826,"[4.86026,0.8986161,1.518632]",
7827,"[4.863651,0.9009933,1.518632]",
7828,"[4.867712,0.9024573,1.518632]",
7829,"[4.871773,0.9041529,1.518632]",
7830,"[4.876041,0.9054915,1.518632]",
7831,"[4.880661,0.9048061,1.518632]",
7832,"[4.884831,0.9055517,1.518632]",
7833,"[4.892758,0.9068256,1.518632]",
7834,"[4.892406,0.9062009,1.518632]",
7835,"[4.891872,0.9052379,1.518632]",
7836,"[4.891647,0.9047618,1.518632]",
7837,"[4.891689,0.9043459,1.518632]",
7838,"[4.890641,0.9038652,1.518632]",
7839,"[4.890325,0.9035614,1.518632]",
7840,"[4.890052,0.9027827,1.518632]",
7841,"[4.889982,0.9023585,1.518632]",
7842,"[4.889868,0.9021781,1.518632]",
7843,"[4.889728,0.9023834,1.518632]",
7844,"[4.889369,0.9034127,1.518632]",
7845,"[4.889241,0.9037315,1.518632]",
7846,"[4.889057,0.9039757,1.518632]",
7847,"[4.888492,0.9045537,1.518632]",
7848,"[4.888021,0.9050573,1.518632]",
7849,"[4.887012,0.9063428,1.518632]",
7850,"[4.886499,0.9071048,1.518632]",
7851,"[4.88512,0.9101556,1.518632]",
7852,"[4.865208,0.9490179,1.518632]",
7853,"[4.856517,0.9653482,1.518632]",
7854,"[4.838327,0.990151,1.518632]",
7855,"[4.830462,0.9997823,1.518632]",
7856,"[4.8202,1.01254,1.518632]",
7857,"[4.820137,1.015969,1.518632]",
7858,"[4.818887,1.023397,1.518632]",
7859,"[4.818288,1.027116,1.518632]",
7860,"[4.82412,1.030775,1.518632]",
7861,"[4.825676,1.032968,1.518632]",
7862,"[4.824129,1.036679,1.518632]",
7863,"[4.825553,1.036305,1.518632]",
7864,"[4.825937,1.035957,1.518632]",
7865,"[4.828949,1.03187,1.518632]",
7866,"[4.828934,1.030092,1.518632]",
7867,"[4.823283,1.028343,1.518632]",
7868,"[4.817234,1.028406,1.518632]",
7869,"[4.810736,1.028633,1.518632]",
7870,"[4.794358,1.015448,1.518632]",
7871,"[4.785621,1.008203,1.518632]",
7872,"[4.770701,1.000398,1.518632]",
7873,"[4.771847,0.9972125,1.518632]",
7874,"[4.764981,0.9952174,1.518632]",
7875,"[4.76493,0.9938049,1.518632]",
7876,"[4.758795,0.9936628,1.518632]",
7877,"[4.759273,0.9932553,1.518632]",
7878,"[4.759177,0.9929762,1.518632]",
7879,"[4.760429,0.9931312,1.518632]",
7880,"[4.760861,0.9929708,1.518632]",
7881,"[4.761377,0.9927896,1.518632]",
7882,"[4.761283,0.9927793,1.518632]",
7883,"[4.75359,0.9944745,1.518632]",
7884,"[4.753411,0.9943644,1.518632]",
7885,"[4.753141,0.9944354,1.518632]",
7886,"[4.746392,0.9961709,1.518632]",
7887,"[4.746513,0.9962642,1.518632]",
7888,"[4.747251,0.9975746,1.518632]",
7889,"[4.747827,0.998785,1.518632]",
7890,"[4.777032,1.014245,1.518632]",
7891,"[4.789664,1.020643,1.518632]",
7892,"[4.798157,1.025656,1.518632]",
7893,"[4.807128,1.031501,1.518632]",
7894,"[4.810341,1.03391,1.518632]",
7895,"[4.813769,1.037726,1.518632]",
7896,"[4.81473,1.039455,1.518632]",
7897,"[4.807219,1.042597,1.518632]",
7898,"[4.803626,1.043738,1.518632]",
7899,"[4.803451,1.044143,1.518632]",
7900,"[4.800278,1.045101,1.518632]",
7901,"[4.800308,1.044847,1.518632]",
7902,"[4.800279,1.045298,1.518632]",
7903,"[4.800422,1.045698,1.518632]",
7904,"[4.792552,1.048658,1.518632]",
7905,"[4.789041,1.051631,1.518632]",
7906,"[4.783597,1.057293,1.518632]",
7907,"[4.780918,1.060447,1.518632]",
7908,"[4.77877,1.063396,1.518632]",
7909,"[4.776926,1.066481,1.518632]",
7910,"[4.777035,1.066664,1.518632]",
7911,"[4.775167,1.069439,1.518632]",
7912,"[4.775362,1.069567,1.518632]",
7913,"[4.775346,1.069445,1.518632]",
7914,"[4.782092,1.05735,1.5049]",
7915,"[4.763967,1.088274,1.540388]",
7916,"[4.734576,1.136656,1.592601]",
7917,"[4.730167,1.143906,1.598782]",
7918,"[4.731127,1.143076,1.595524]",
7919,"[4.731984,1.143151,1.592926]",
7920,"[4.734603,1.142971,1.586781]",
7921,"[4.736254,1.143329,1.583206]",
7922,"[4.739959,1.146021,1.574838]",
7923,"[4.741722,1.148525,1.570159]",
7924,"[4.744805,1.151245,1.565991]",
7925,"[4.750268,1.155666,1.558993]",
7926,"[4.752642,1.15767,1.556509]",
7927,"[4.756962,1.16023,1.552436]",
7928,"[4.758827,1.162109,1.550971]",
7929,"[4.758932,1.161398,1.551949]",
7930,"[4.759438,1.16086,1.552546]",
7931,"[4.759889,1.161236,1.553135]",
7932,"[4.760487,1.167359,1.552918]",
7933,"[4.761222,1.169701,1.551891]",
7934,"[5.015679,0.7547863,1.074251]",
7935,"[5.015593,0.7542776,1.074224]",
7936,"[5.015248,0.7520737,1.074116]",
7937,"[5.013982,0.7483053,1.07372]",
7938,"[5.010801,0.740831,1.072723]",
7939,"[5.008808,0.7374316,1.072098]",
7940,"[5.006725,0.7349265,1.071445]",
7941,"[5.001355,0.7275608,1.069762]",
7942,"[4.998594,0.7257189,1.068897]",
7943,"[4.996064,0.7255708,1.068104]",
7944,"[4.995676,0.7268922,1.067983]",
7945,"[4.994166,0.7345211,1.06751]",
7946,"[4.993337,0.7401532,1.06725]",
7947,"[4.992563,0.7461725,1.067007]",
7948,"[4.993106,0.7874001,1.048151]",
7949,"[5.365076,0.1721768,0.2779486]",
7950,"[5.365076,0.2071661,0.2543621]",
7951,"[5.365076,0.2213878,0.2462902]",
7952,"[5.365076,0.2375378,0.2365115]",
7953,"[5.365076,0.2474133,0.2328404]",
7954,"[5.365076,0.2620714,0.2222555]",
7955,"[5.0887,0.7152448,0.7996455]",
7956,"[5.086629,0.7266728,0.7996455]",
7957,"[5.072392,0.7616355,0.7996455]",
7958,"[4.978925,0.9129254,0.9889767]",
7959,"[4.891555,0.9125788,0.8405682]",
7960,"[4.866203,0.9256491,0.8405682]",
7961,"[4.844422,0.9387757,0.8405682]",
7962,"[4.838513,0.9399506,0.8405682]",
7963,"[4.828943,0.9403775,0.8405682]",
7964,"[4.740627,1.159395,1.209443]",
7965,"[4.740627,1.155058,1.20205]",
7966,"[4.740627,1.148654,1.190225]",
7967,"[4.740627,1.146186,1.186024]",
7968,"[4.740627,1.143274,1.179827]",
7969,"[4.740627,1.142429,1.176677]",
7970,"[4.740627,1.147114,1.181355]",
7971,"[4.740627,1.152236,1.184133]",
7972,"[4.740627,1.157791,1.189529]",
7973,"[4.740627,1.160631,1.188231]",
7974,"[4.740627,1.158194,1.181955]",
7975,"[4.740627,1.152407,1.167019]",
7976,"[4.795,0.9606192,0.8405682]",
7977,"[4.771441,0.9891207,0.8405682]",
7978,"[4.765626,0.997381,0.8405682]",
7979,"[4.756668,1.010093,0.8405682]",
7980,"[4.753736,1.014777,0.8405682]",
7981,"[4.751329,1.019377,0.8405682]",
7982,"[4.747779,1.026566,0.8405682]",
7983,"[4.746264,1.029639,0.8405682]",
7984,"[4.738767,1.03645,0.8405682]",
7985,"[4.738402,1.038377,0.8405682]",
7986,"[4.736989,1.042504,0.8405682]",
7987,"[4.735414,1.044212,0.8405682]",
7988,"[4.733643,1.045623,0.8405682]",
7989,"[4.730747,1.046689,0.8405682]",
7990,"[4.728791,1.046877,0.8405682]",
7991,"[4.723304,1.044111,0.8405682]",
7992,"[4.721735,1.041516,0.8405682]",
7993,"[4.718479,1.036904,0.8405682]",
7994,"[4.717147,1.035576,0.8405682]",
7995,"[4.713068,1.031887,0.8405682]",
7996,"[4.710533,1.030042,0.8405682]",
7997,"[4.710502,1.030041,0.8405682]",
7998,"[4.708795,1.057027,0.8889567]",
7999,"[4.706374,1.116647,0.9965577]",
8000,"[4.705788,1.122807,1.007887]",
8001,"[4.714807,0.8295541,0.4818402]",
8002,"[4.714206,0.8295541,0.48173]",
8003,"[4.711962,0.8295541,0.4813656]",
8004,"[4.712428,0.8295541,0.4817192]",
8005,"[4.714321,0.8295541,0.4831144]",
8006,"[4.715316,0.8295541,0.4839432]",
8007,"[4.715943,0.8295541,0.4850433]",
8008,"[4.715963,0.8295541,0.4854737]",
8009,"[4.716752,0.8295541,0.4860333]",
8010,"[4.716929,0.8295541,0.4857742]",
8011,"[4.716859,0.8295541,0.4852089]",
8012,"[4.712835,0.8295541,0.4583663]",
8013,"[4.708723,0.8295541,0.4359167]",
8014,"[4.675209,1.028811,0.5459979]",
8015,"[4.668764,1.046812,0.5459979]",
8016,"[4.655581,1.073032,0.5459979]",
8017,"[4.652623,1.075955,0.5319272]",
8018,"[4.64834,1.075955,0.4999614]",
8019,"[4.646522,1.075955,0.4874638]",
8020,"[4.64298,1.075955,0.476953]",
8021,"[4.637933,1.273168,0.9916543]",
8022,"[4.627903,1.286992,1.02366]",
8023,"[4.608588,1.311807,1.085293]",
8024,"[4.528577,1.363375,1.27808]",
8025,"[4.49531,1.363375,1.29454]",
8026,"[4.481124,1.363375,1.301437]",
8027,"[4.469684,1.363375,1.307439]",
8028,"[4.449844,1.363375,1.315132]",
8029,"[4.442256,1.363375,1.315114]",
8030,"[4.432922,1.363375,1.315192]",
8031,"[4.425237,1.363375,1.315094]",
8032,"[4.419322,1.363375,1.315353]",
8033,"[4.419071,1.363375,1.315639]",
8034,"[4.40232,1.363375,1.319226]",
8035,"[4.402481,1.363375,1.319591]",
8036,"[4.150345,0.919756,0.3340316]",
8037,"[4.148413,0.9143907,0.3340316]",
8038,"[4.146103,0.9097256,0.3340316]",
8039,"[4.219201,0.9980045,0.6632625]",
8040,"[4.223263,0.9980045,0.6940866]",
8041,"[4.232113,0.9980045,0.7554289]",
8042,"[4.242812,0.9980045,0.7715151]",
8043,"[4.250178,0.9980045,0.785358]",
8044,"[4.261507,0.9980045,0.8024973]",
8045,"[4.265171,0.9980045,0.8115886]",
8046,"[4.271179,0.9980045,0.8270726]",
8047,"[4.274886,0.992237,0.8236471]",
8048,"[4.277603,0.9837707,0.8202339]",
8049,"[4.27804,0.9821873,0.8196839]",
8050,"[4.276855,0.9782736,0.8211731]",
8051,"[4.274543,0.9750836,0.8240778]",
8052,"[4.237758,0.9570299,0.8702895]",
8053,"[4.209131,0.9389544,0.9062527]",
8054,"[4.106084,0.7518323,0.8741383]",
8055,"[4.074184,0.6986292,0.8741383]",
8056,"[4.061089,0.6781775,0.8741383]",
8057,"[4.041396,0.6509162,0.8741383]",
8058,"[4.03244,0.6398401,0.8741383]",
8059,"[4.028547,0.6333275,0.8741383]",
8060,"[4.02538,0.6219295,0.8741383]",
8061,"[4.026011,0.6169986,0.8741383]",
8062,"[4.02475,0.606233,0.8741383]",
8063,"[4.022901,0.5999953,0.8741383]",
8064,"[4.025058,0.5913632,0.8741383]",
8065,"[4.024782,0.5855817,0.8741383]",
8066,"[4.023747,0.5825748,0.8741383]",
8067,"[4.001024,0.4835952,0.7942786]",
8068,"[3.996364,0.4745022,0.7942786]",
8069,"[3.942352,0.3333557,0.7942786]",
8070,"[3.926503,0.28583,0.7791703]",
8071,"[3.908665,0.2485677,0.7791703]",
8072,"[3.908472,0.2471316,0.7791703]",
8073,"[3.907386,0.2451262,0.7791703]",
8074,"[3.907277,0.2450557,0.7791703]",
8075,"[3.906898,0.2449634,0.7791703]",
8076,"[3.90606,0.2455977,0.7791703]",
8077,"[3.906219,0.2477071,0.7791703]",
8078,"[3.905777,0.2520187,0.7791703]",
8079,"[3.909574,0.2584057,0.7791703]",
8080,"[3.922893,0.2757597,0.7791703]",
8081,"[3.930719,0.2849029,0.7791703]",
8082,"[3.936333,0.2914746,0.7791703]",
8083,"[3.947994,0.31918,0.7942786]",
8084,"[3.951806,0.3217226,0.7942786]",
8085,"[3.959495,0.3231293,0.7942786]",
8086,"[3.96311,0.3229264,0.7942786]",
8087,"[3.966676,0.3226891,0.7942786]",
8088,"[3.977907,0.2657579,0.7791703]",
8089,"[3.989329,0.2346299,0.7791703]",
8090,"[3.994188,0.2232112,0.7791703]",
8091,"[4.000307,0.2122029,0.7791703]",
8092,"[4.010473,0.1959301,0.7791703]",
8093,"[4.015799,0.1877284,0.7791703]",
8094,"[4.023701,0.1719255,0.7791703]",
8095,"[4.027848,0.1647615,0.7791703]",
8096,"[4.030151,0.1572846,0.7791703]",
8097,"[4.030609,0.1537504,0.7791703]",
8098,"[4.031143,0.151411,0.7791703]",
8099,"[4.032504,0.149189,0.7791703]",
8100,"[4.033368,0.1493418,0.7791703]",
8101,"[4.033692,0.1550836,0.7791703]",
8102,"[4.033525,0.155648,0.7791703]",
8103,"[4.032874,0.1581766,0.7791703]",
8104,"[4.032439,0.1604643,0.7791703]",
8105,"[4.031734,0.1616387,0.7791703]",
8106,"[4.030575,0.1658642,0.7791703]",
8107,"[4.029952,0.1700604,0.7791703]",
8108,"[4.026577,0.1795767,0.7791703]",
8109,"[4.019091,0.1812669,0.7791703]",
8110,"[4.010627,0.1798849,0.7791703]",
8111,"[4.007212,0.1803877,0.7791703]",
8112,"[4.001387,0.178958,0.7791703]",
8113,"[3.999851,0.1742327,0.7791703]",
8114,"[3.998011,0.1681373,0.7791703]",
8115,"[3.993865,0.1535921,0.7791703]",
8116,"[3.992546,0.140298,0.7791703]",
8117,"[3.998611,0.1195274,0.7791703]",
8118,"[4.00441,0.1121264,0.7791703]",
8119,"[4.016277,0.1036853,0.7791703]",
8120,"[4.022056,0.1,0.7815784]",
8121,"[4.026844,0.1,0.7858783]",
8122,"[4.035603,0.1,0.8010517]",
8123,"[4.03878,0.1,0.8095253]",
8124,"[4.041365,0.1,0.8187268]",
8125,"[4.041783,0.1,0.8231314]",
8126,"[4.041588,0.1,0.8265263]",
8127,"[4.041171,0.1,0.8277781]",
8128,"[4.040571,0.1,0.8292226]",
8129,"[4.039225,0.1,0.830987]",
8130,"[4.037468,0.1,0.8292119]",
8131,"[4.053184,0.3595104,0.9582324]",
8132,"[4.053924,0.3883412,0.971766]",
8133,"[4.057297,0.4459368,0.9963155]",
8134,"[4.059271,0.4710821,1.00611]",
8135,"[4.061971,0.5146843,1.02424]",
8136,"[4.063072,0.5323744,1.032474]",
8137,"[4.064724,0.5480809,1.040584]",
8138,"[4.066096,0.5514361,1.043049]",
8139,"[4.06687,0.5514361,1.043829]",
8140,"[4.068688,0.5514361,1.04649]",
8141,"[4.070289,0.5514361,1.048867]",
8142,"[4.0731,0.5514361,1.059616]",
8143,"[4.074264,0.5514361,1.066749]",
8144,"[4.074622,0.5514361,1.072949]",
8145,"[4.075161,0.5514361,1.080575]",
8146,"[4.074985,0.5514361,1.081079]",
8147,"[4.069472,0.4579883,1.037896]",
8148,"[4.069098,0.4579883,1.037407]",
8149,"[4.068379,0.4579883,1.036604]",
8150,"[4.067843,0.4579883,1.035881]",
8151,"[4.06638,0.4579882,1.034331]",
8152,"[4.065493,0.4579882,1.033523]",
8153,"[4.064636,0.4579882,1.032734]",
8154,"[4.062876,0.4579882,1.030963]",
8155,"[4.061895,0.4579882,1.029843]",
8156,"[4.060587,0.4579882,1.029492]",
8157,"[4.059871,0.4579882,1.029212]",
8158,"[4.059175,0.4579882,1.028707]",
8159,"[4.058982,0.4579883,1.028235]",
8160,"[4.058931,0.4579883,1.027646]",
8161,"[4.065116,0.5514361,1.07058]",
8162,"[4.065099,0.5514361,1.069858]",
8163,"[4.084826,0.4579883,0.9584017]",
8164,"[4.088797,0.4579883,0.9470279]",
8165,"[4.093209,0.4579883,0.9281833]",
8166,"[4.094707,0.4579883,0.9214352]",
8167,"[4.099679,0.5514361,0.9676092]",
8168,"[4.100431,0.5514361,0.9629447]",
8169,"[4.100983,0.5514361,0.9590694]",
8170,"[4.102222,0.5471371,0.9488607]",
8171,"[4.102693,0.5325058,0.9358888]",
8172,"[4.103483,0.499731,0.9081884]",
8173,"[4.103875,0.4841578,0.8948961]",
8174,"[4.105443,0.4590562,0.8707853]",
8175,"[4.104582,0.4500443,0.8607183]",
8176,"[4.103766,0.4401723,0.8507858]",
8177,"[4.103309,0.4321212,0.8326269]",
8178,"[4.102786,0.4263066,0.8234859]",
8179,"[4.096786,0.4256326,0.8093696]",
8180,"[4.092133,0.4251105,0.8039785]",
8181,"[4.084795,0.4224589,0.7947946]",
8182,"[4.078032,0.416854,0.7912107]",
8183,"[4.068217,0.4114195,0.787621]",
8184,"[4.064001,0.4101141,0.7867179]",
8185,"[4.055233,0.4080184,0.7863679]",
8186,"[4.044801,0.4089091,0.7891097]",
8187,"[4.041316,0.4114361,0.7919507]",
8188,"[4.038908,0.4260539,0.8034482]",
8189,"[4.039151,0.4401625,0.8137574]",
8190,"[4.040439,0.472798,0.8387361]",
8191,"[4.041661,0.4963621,0.8567052]",
8192,"[4.042142,0.5104647,0.8679919]",
8193,"[4.04368,0.5514361,0.8954399]",
8194,"[4.034856,0.4579883,0.829489]",
8195,"[4.032722,0.4579883,0.8279124]",
8196,"[4.031605,0.4579882,0.8269119]",
8197,"[4.031414,0.4763843,0.838253]",
8198,"[4.030368,0.4763843,0.8390397]",
8199,"[4.029428,0.4763843,0.8400964]",
8200,"[4.007974,0.258165,0.6911662]",
8201,"[4.006635,0.2545274,0.6911662]",
8202,"[3.999245,0.2443895,0.6911662]",
8203,"[4.00226,0.2924361,0.7264979]",
8204,"[3.999268,0.2924361,0.7312821]",
8205,"[3.998862,0.2924361,0.7349859]",
8206,"[3.99702,0.2924361,0.7424783]",
8207,"[3.996501,0.2924361,0.7515563]",
8208,"[3.996071,0.2924361,0.758142]",
8209,"[3.994242,0.2924361,0.7675194]",
8210,"[3.992956,0.2924361,0.7707797]",
8211,"[3.99032,0.2924361,0.7753781]",
8212,"[4.008964,0.4763843,0.892857]",
8213,"[4.00637,0.4763843,0.8920125]",
8214,"[4.005221,0.4763843,0.8912908]",
8215,"[4.003151,0.4763843,0.8886149]",
8216,"[3.980765,0.2924361,0.7667918]",
8217,"[3.980022,0.2924361,0.7630565]",
8218,"[3.97768,0.2924361,0.7510559]",
8219,"[3.976323,0.2924361,0.743882]",
8220,"[4.02672,0.5977185,0.8741383]",
8221,"[4.035172,0.6312633,0.8741383]",
8222,"[4.049157,0.6796936,0.8741383]",
8223,"[4.051937,0.6916398,0.8741383]",
8224,"[4.053758,0.696934,0.8741383]",
8225,"[4.05596,0.7052358,0.8741383]",
8226,"[4.056643,0.7089684,0.8741383]",
8227,"[4.054868,0.7117136,0.8741383]",
8228,"[4.053989,0.7134079,0.8741383]",
8229,"[4.052491,0.7168385,0.8741383]",
8230,"[4.052276,0.7188822,0.8741383]",
8231,"[4.052074,0.721111,0.8741383]",
8232,"[4.051924,0.7247559,0.8741383]",
8233,"[4.051937,0.726207,0.8741383]",
8234,"[4.05178,0.7267203,0.8741383]",
8235,"[4.05171,0.7269279,0.8741383]",
8236,"[4.05156,0.7275059,0.8741383]",
8237,"[4.050717,0.7273719,0.8741383]",
8238,"[4.049265,0.7266277,0.8741383]",
8239,"[4.048456,0.7259926,0.8741383]",
8240,"[4.047743,0.7254692,0.8741383]",
8241,"[4.04628,0.7243346,0.8741383]",
8242,"[4.045354,0.723699,0.8741383]",
8243,"[4.04441,0.7240402,0.8754191]",
8244,"[4.044584,0.7279153,0.8794808]",
8245,"[4.044777,0.7367406,0.8894114]",
8246,"[4.044793,0.7410621,0.8945908]",
8247,"[4.045384,0.7484875,0.9023508]",
8248,"[4.047156,0.7673131,0.9212908]",
8249,"[4.047665,0.7763776,0.9294562]",
8250,"[4.049433,0.7994944,0.9501299]",
8251,"[4.05062,0.8144361,0.9631441]",
8252,"[4.049786,0.8144361,0.9619042]",
8253,"[4.015705,0.5246406,0.6911662]",
8254,"[4.015594,0.526359,0.6911662]",
8255,"[4.015213,0.5263294,0.6911662]",
8256,"[4.015027,0.5264101,0.6911662]",
8257,"[4.015503,0.5263517,0.6911662]",
8258,"[4.016218,0.5259371,0.6911662]",
8259,"[4.03494,0.6648769,0.8250273]",
8260,"[4.03599,0.6800426,0.8431987]",
8261,"[4.038686,0.7090423,0.875348]",
8262,"[4.040077,0.7182632,0.8879889]",
8263,"[4.041184,0.7256566,0.8981885]",
8264,"[4.040451,0.7155828,0.9016389]",
8265,"[4.039799,0.7102606,0.9016389]",
8266,"[4.038607,0.7033219,0.9016389]",
8267,"[4.036992,0.6993855,0.9016389]",
8268,"[4.032546,0.6912346,0.9016389]",
8269,"[4.029688,0.6866837,0.9016389]",
8270,"[4.026838,0.6827481,0.9016389]",
8271,"[4.016569,0.6723809,0.9016389]",
8272,"[4.012878,0.6679506,0.9016389]",
8273,"[4.003975,0.6605094,0.9016389]",
8274,"[3.999198,0.6570499,0.9016389]",
8275,"[3.938392,0.3899617,0.6911662]",
8276,"[3.928225,0.3847316,0.6911662]",
8277,"[3.906465,0.3814005,0.6911662]",
8278,"[3.895886,0.3796973,0.6911662]",
8279,"[3.630901,0.2949018,0.6595903]",
8280,"[3.534572,0.3251217,0.7142801]",
8281,"[3.464565,0.2649807,0.6822906]",
8282,"[3.331301,0.1295662,0.5964707]",
8283,"[3.312706,0.1338907,0.6029561]",
8284,"[3.284476,0.1298026,0.6029561]",
8285,"[3.283392,0.1314559,0.6029561]",
8286,"[3.280212,0.1323402,0.6029561]",
8287,"[3.273376,0.1327463,0.6029561]",
8288,"[3.27008,0.1319087,0.6029561]",
8289,"[3.262274,0.1186879,0.6029561]",
8290,"[3.255226,0.1087941,0.6029561]",
8291,"[3.260633,0.1,0.6056818]",
8292,"[3.270665,0.1,0.6137925]",
8293,"[3.278944,0.1,0.6231479]",
8294,"[3.289742,0.1,0.6448636]",
8295,"[3.29185,0.1,0.6569013]",
8296,"[3.226172,0.1,0.72271]",
8297,"[3.205156,0.1,0.736315]",
8298,"[3.178537,0.1,0.7562164]",
8299,"[3.172225,0.1,0.761677]",
8300,"[3.162117,0.1,0.7681586]",
8301,"[3.158182,0.1,0.7694269]",
8302,"[3.157978,0.1,0.7688932]",
8303,"[3.159602,0.1,0.7681543]",
8304,"[3.178961,0.1,0.7601203]",
8305,"[3.339838,0.1,0.7786588]",
8306,"[3.387413,0.1,0.7896466]",
8307,"[3.57864,0.1,0.7974076]",
8308,"[3.617454,0.1,0.8010349]",
8309,"[3.74959,0.1,0.8165343]",
8310,"[3.836792,0.1,0.8115565]",
8311,"[3.86251,0.1,0.8060944]",
8312,"[3.937624,0.4422947,1.030888]",
8313,"[3.948447,0.4457485,1.032813]",
8314,"[3.962662,0.4507013,1.034325]",
8315,"[3.970454,0.4524832,1.037428]",
8316,"[3.975861,0.4540922,1.038673]",
8317,"[3.985831,0.4537351,1.049071]",
8318,"[3.990912,0.452095,1.057924]",
8319,"[4.006672,0.5514361,1.150161]",
8320,"[4.011404,0.5514361,1.15849]",
8321,"[4.015821,0.5514361,1.155404]",
8322,"[4.016375,0.5514361,1.149762]",
8323,"[4.01151,0.4570566,1.065514]",
8324,"[4.007284,0.4579882,1.058002]",
8325,"[4.003824,0.4579882,1.052682]",
8326,"[3.970337,0.4564894,1.027551]",
8327,"[3.950996,0.4524937,1.018808]",
8328,"[3.928206,0.4479872,1.008013]",
8329,"[3.880798,0.2033512,0.7791703]",
8330,"[3.873911,0.2122147,0.7791703]",
8331,"[3.874664,0.2167752,0.7791703]",
8332,"[3.875139,0.2188559,0.7791703]",
8333,"[3.879652,0.2219319,0.7791703]",
8334,"[3.882008,0.2216602,0.7791703]",
8335,"[3.885428,0.2207215,0.7791703]",
8336,"[3.886259,0.2197212,0.7791703]",
8337,"[3.930257,0.4454051,1.016267]",
8338,"[3.931038,0.4438722,1.02075]",
8339,"[3.926253,0.4430524,1.018174]",
8340,"[3.876606,0.2147544,0.7791703]",
8341,"[3.869188,0.2271454,0.7791703]",
8342,"[3.816622,0.1028542,0.6112085]",
8343,"[3.807556,0.1392661,0.6293328]",
8344,"[3.781122,0.1539834,0.6224504]",
8345,"[3.76392,0.1539834,0.614904]",
8346,"[3.715785,0.1539835,0.6053364]",
8347,"[3.677185,0.1539835,0.6149255]",
8348,"[3.666127,0.2110487,0.6988753]",
8349,"[3.435863,0.1,0.7211265]",
8350,"[3.394411,0.1,0.7615399]",
8351,"[3.161423,0.1833775,1.175569]",
8352,"[3.344315,0.4669739,1.526664]",
8353,"[3.344133,0.477958,1.559521]",
8354,"[3.343856,0.4911713,1.594318]",
8355,"[3.343987,0.496346,1.627417]",
8356,"[3.344144,0.4957435,1.637615]",
8357,"[3.344228,0.4959968,1.645525]",
8358,"[3.344717,0.4843231,1.634753]",
8359,"[3.344887,0.4795561,1.627939]",
8360,"[3.345066,0.4723907,1.611397]",
8361,"[3.345111,0.4696531,1.603159]",
8362,"[3.345109,0.4662675,1.588352]",
8363,"[3.345105,0.4646083,1.580807]",
8364,"[3.345135,0.4615212,1.569835]",
8365,"[3.345186,0.4583729,1.560313]",
8366,"[3.345261,0.4556302,1.554572]",
8367,"[3.344763,0.4526193,1.500933]",
8368,"[3.344176,0.455124,1.463949]",
8369,"[3.343916,0.455508,1.444442]",
8370,"[3.343858,0.4556819,1.440476]",
8371,"[3.343726,0.4572756,1.436586]",
8372,"[3.343571,0.4591166,1.431995]",
8373,"[3.343533,0.4597359,1.431541]",
8374,"[3.343437,0.4618783,1.43301]",
8375,"[3.343282,0.4649698,1.433795]",
8376,"[3.343182,0.468403,1.440556]",
8377,"[3.343195,0.4685806,1.442426]",
8378,"[3.34327,0.4682916,1.447213]",
8379,"[3.343313,0.4677545,1.44842]",
8380,"[3.343349,0.4672319,1.449134]",
8381,"[3.343413,0.4663605,1.450553]",
8382,"[3.343438,0.4660641,1.451259]",
8383,"[3.343366,0.4667673,1.448449]",
8384,"[3.343103,0.4705172,1.443319]",
8385,"[3.342441,0.4799,1.430067]",
8386,"[3.342165,0.4839545,1.425208]",
8387,"[3.341628,0.4916921,1.41497]",
8388,"[3.029163,0.3013775,1.25958]",
8389,"[3.033282,0.3061043,1.256964]",
8390,"[3.425075,0.5474982,1.44495]",
8391,"[3.587526,0.6458231,1.523956]",
8392,"[3.774842,0.7588756,1.61568]",
8393,"[3.770149,0.7552188,1.612208]",
8394,"[3.768683,0.7527336,1.609236]",
8395,"[3.768419,0.7520581,1.608219]",
8396,"[3.768601,0.751553,1.607229]",
8397,"[3.768874,0.7513601,1.605221]",
8398,"[3.76928,0.7513083,1.603825]",
8399,"[3.769659,0.7512013,1.601964]",
8400,"[3.770339,0.751349,1.600676]",
8401,"[3.772284,0.7524131,1.599129]",
8402,"[3.773018,0.7527137,1.598033]",
8403,"[3.774113,0.752894,1.595886]",
8404,"[3.774382,0.7526822,1.594589]",
8405,"[3.77395,0.7515634,1.593078]",
8406,"[3.771887,0.7486415,1.589273]",
8407,"[3.770902,0.7470818,1.587756]",
8408,"[3.769261,0.7445992,1.587251]",
8409,"[3.768426,0.743516,1.587629]",
8410,"[3.766992,0.7418498,1.587729]",
8411,"[3.765808,0.7408578,1.587392]",
8412,"[3.764835,0.7399225,1.58714]",
8413,"[3.757347,0.7347425,1.585246]",
8414,"[3.747992,0.7283753,1.582054]",
8415,"[3.733619,0.7184822,1.578364]",
8416,"[3.72203,0.7061532,1.608121]",
8417,"[3.706145,0.693303,1.632452]",
8418,"[3.69825,0.687443,1.639951]",
8419,"[3.6837,0.6771135,1.64649]",
8420,"[3.678115,0.6733139,1.648048]",
8421,"[3.672254,0.6693852,1.649132]",
8422,"[3.661495,0.6632696,1.650118]",
8423,"[3.6554,0.6596678,1.649975]",
8424,"[3.646691,0.6538947,1.647296]",
8425,"[3.645104,0.6527756,1.646081]",
8426,"[3.647257,0.6537516,1.642299]",
8427,"[3.348547,0.463212,1.586898]",
8428,"[3.349486,0.4619915,1.58301]",
8429,"[3.349729,0.4530149,1.558421]",
8430,"[3.350414,0.4382382,1.481976]",
8431,"[3.350683,0.4332823,1.454283]",
8432,"[3.350717,0.4322913,1.447127]",
8433,"[3.350413,0.4350539,1.43592]",
8434,"[3.350206,0.4373243,1.432279]",
8435,"[3.349847,0.4414078,1.427366]",
8436,"[3.349686,0.4432463,1.425356]",
8437,"[3.349542,0.4448995,1.423632]",
8438,"[3.349383,0.4466953,1.421306]",
8439,"[3.349325,0.4473501,1.420488]",
8440,"[3.349254,0.448097,1.418977]",
8441,"[3.349236,0.4482559,1.418235]",
8442,"[3.349106,0.4497558,1.416742]",
8443,"[3.349061,0.4503454,1.416902]",
8444,"[3.348967,0.4515578,1.417174]",
8445,"[3.348944,0.4518814,1.417467]",
8446,"[3.348917,0.4522477,1.417749]",
8447,"[3.348866,0.4529284,1.418133]",
8448,"[3.34884,0.453272,1.418258]",
8449,"[3.348781,0.4540377,1.418452]",
8450,"[3.348738,0.4546068,1.418679]",
8451,"[3.348692,0.4551964,1.418758]",
8452,"[3.348721,0.4546868,1.417347]",
8453,"[3.348735,0.454431,1.416565]",
8454,"[3.348807,0.453352,1.414741]",
8455,"[3.348836,0.4528944,1.413798]",
8456,"[3.007383,0.2350441,1.273414]",
8457,"[3.008025,0.2351122,1.273007]",
8458,"[3.009146,0.2351817,1.272294]",
8459,"[3.009605,0.2352016,1.272003]",
8460,"[3.009595,0.2352213,1.272009]",
8461,"[3.009697,0.2353898,1.271945]",
8462,"[3.00982,0.2354633,1.271866]",
8463,"[3.010835,0.2362088,1.271222]",
8464,"[3.011678,0.2368015,1.270687]",
8465,"[3.01362,0.2377561,1.269453]",
8466,"[3.014814,0.2381428,1.268694]",
8467,"[3.015915,0.2383848,1.267995]",
8468,"[3.01834,0.2385892,1.266454]",
8469,"[3.019468,0.2385826,1.265738]",
8470,"[3.020353,0.2383364,1.263801]",
8471,"[3.148765,0.319883,1.315854]",
8472,"[3.138638,0.3155164,1.309573]",
8473,"[3.139878,0.31721,1.309327]",
8474,"[3.139513,0.3188831,1.30803]",
8475,"[3.139282,0.3193686,1.307879]",
8476,"[3.139096,0.3198519,1.307757]",
8477,"[3.139076,0.3198698,1.307718]",
8478,"[3.139045,0.3198862,1.307701]",
8479,"[3.138972,0.3199061,1.307721]",
8480,"[3.138923,0.3199614,1.307724]",
8481,"[3.138797,0.3200879,1.307756]",
8482,"[3.138707,0.3201733,1.307814]",
8483,"[3.138626,0.320222,1.307899]",
8484,"[3.138491,0.3201686,1.308122]",
8485,"[3.138764,0.319193,1.308503]",
8486,"[3.13932,0.3174936,1.309202]",
8487,"[3.139716,0.3166752,1.309544]",
8488,"[3.15291,0.3235537,1.315592]",
8489,"[3.169904,0.3336802,1.323097]",
8490,"[3.173624,0.3290816,1.328605]",
8491,"[3.175811,0.325509,1.332231]",
8492,"[3.178051,0.3229888,1.336243]",
8493,"[3.182846,0.3219456,1.341872]",
8494,"[3.185556,0.3227676,1.34403]",
8495,"[3.163764,0.3065545,1.336697]",
8496,"[3.16772,0.3081867,1.338704]",
8497,"[3.177398,0.312673,1.343203]",
8498,"[3.181915,0.3144693,1.344975]",
8499,"[3.188107,0.3170625,1.347305]",
8500,"[3.200176,0.3227718,1.35176]",
8501,"[3.20645,0.3257898,1.353942]",
8502,"[3.220416,0.3314312,1.357214]",
8503,"[3.228779,0.3339354,1.357732]",
8504,"[3.246138,0.3380607,1.35778]",
8505,"[3.255569,0.3398436,1.356727]",
8506,"[3.276258,0.3441368,1.354542]",
8507,"[3.286978,0.3449807,1.352632]",
8508,"[3.296997,0.3457872,1.350994]",
8509,"[3.317832,0.3453233,1.345423]",
8510,"[3.327504,0.3419657,1.345717]",
8511,"[3.342547,0.3403252,1.347512]",
8512,"[3.352881,0.3344263,1.348588]",
8513,"[3.368906,0.3323624,1.352886]",
8514,"[3.37485,0.3325125,1.354843]",
8515,"[3.382018,0.335018,1.357592]",
8516,"[3.399597,0.3450639,1.36608]",
8517,"[3.409042,0.3500809,1.371089]",
8518,"[3.419396,0.354573,1.379797]",
8519,"[3.421052,0.3546369,1.383348]",
8520,"[3.427052,0.3489599,1.391575]",
8521,"[3.430259,0.3457065,1.395356]",
8522,"[3.433873,0.3410851,1.403837]",
8523,"[3.435098,0.3402384,1.407183]",
8524,"[3.437362,0.340795,1.40856]",
8525,"[3.44018,0.3415874,1.411637]",
8526,"[3.440947,0.3418755,1.413666]",
8527,"[3.442688,0.341935,1.41643]",
8528,"[3.442686,0.3420778,1.418122]",
8529,"[3.445772,0.3425384,1.418491]",
8530,"[3.446652,0.3433351,1.418638]",
8531,"[3.447388,0.3440515,1.418944]",
8532,"[3.44754,0.3447624,1.420908]",
8533,"[3.447546,0.3448321,1.421963]",
8534,"[3.44875,0.3455687,1.422365]",
8535,"[3.449373,0.3458701,1.422679]",
8536,"[3.449829,0.3466812,1.424319]",
8537,"[3.45008,0.347208,1.425119]",
8538,"[3.450498,0.3478306,1.426081]",
8539,"[3.452363,0.3499446,1.427742]",
8540,"[3.453212,0.3510469,1.428891]",
8541,"[3.454264,0.3526431,1.431072]",
8542,"[3.45447,0.3531737,1.432325]",
8543,"[3.45462,0.3546612,1.434715]",
8544,"[3.454606,0.3558377,1.435865]",
8545,"[3.454683,0.3588859,1.438127]",
8546,"[3.454403,0.3604243,1.439186]",
8547,"[3.454311,0.3618199,1.440007]",
8548,"[3.475009,0.3841152,1.453281]",
8549,"[3.429158,0.3410633,1.427801]",
8550,"[3.429639,0.3423553,1.428216]",
8551,"[3.430099,0.3433474,1.428042]",
8552,"[3.501796,0.4112235,1.467422]",
8553,"[3.501225,0.4112112,1.465932]",
8554,"[3.501015,0.4111831,1.4649]",
8555,"[3.500506,0.4110873,1.462826]",
8556,"[3.500449,0.4112661,1.461951]",
8557,"[3.500254,0.411477,1.460956]",
8558,"[3.500151,0.4115448,1.460664]",
8559,"[3.499974,0.412052,1.459841]",
8560,"[3.499961,0.4121906,1.459548]",
8561,"[3.499917,0.4123896,1.459356]",
8562,"[3.499591,0.4125141,1.459799]",
8563,"[3.499282,0.412724,1.46042]",
8564,"[3.498137,0.4137694,1.462736]",
8565,"[3.496882,0.4147828,1.465334]",
8566,"[3.49129,0.4219411,1.473118]",
8567,"[3.413133,0.3629826,1.443316]",
8568,"[3.381263,0.3653189,1.47028]",
8569,"[3.04365,0.1,1.344418]",
8570,"[3.026748,0.1,1.367853]",
8571,"[3.388174,0.4340235,1.680076]",
8572,"[3.382006,0.4701361,1.811885]",
8573,"[3.396403,0.4885496,1.840528]",
8574,"[3.341354,0.4553591,1.873641]",
8575,"[3.352031,0.4665097,1.899944]",
8576,"[3.357392,0.4713506,1.908624]",
8577,"[3.358468,0.4677036,1.91101]",
8578,"[3.360827,0.4678449,1.913828]",
8579,"[3.368881,0.4694664,1.91366]",
8580,"[3.370953,0.4664357,1.916786]",
8581,"[3.368251,0.4632002,1.919994]",
8582,"[3.361559,0.4569274,1.926236]",
8583,"[3.36629,0.460445,1.931334]",
8584,"[3.36989,0.4644683,1.93497]",
8585,"[3.398104,0.4849988,1.927203]",
8586,"[3.399987,0.4865371,1.926162]",
8587,"[3.361014,0.4590739,1.93119]",
8588,"[3.370697,0.4658127,1.928466]",
8589,"[3.355032,0.454601,1.929767]",
8590,"[3.36809,0.463989,1.927528]",
8591,"[3.37265,0.4688534,1.92337]",
8592,"[3.365847,0.4653103,1.923352]",
8593,"[3.373803,0.4740148,1.922681]",
8594,"[3.373818,0.4760156,1.923908]",
8595,"[3.37306,0.4778674,1.926166]",
8596,"[2.816211,0.1,2.113104]",
8597,"[3.236011,0.3780642,2.276866]",
8598,"[3.258616,0.3919675,2.296509]",
8599,"[3.28065,0.3941463,2.349429]",
8600,"[3.145196,0.2768432,2.509985]",
8601,"[3.016103,0.1685059,2.640552]",
8602,"[3.04045,0.18262,2.630986]",
8603,"[3.098386,0.2215138,2.608223]",
8604,"[3.106199,0.2273901,2.605153]",
8605,"[3.113946,0.2352811,2.603947]",
8606,"[3.113994,0.2476853,2.60407]",
8607,"[3.116208,0.2563329,2.609704]",
8608,"[3.118677,0.264652,2.615988]",
8609,"[3.127109,0.2802547,2.637448]",
8610,"[3.153799,0.337098,2.705379]",
8611,"[3.163958,0.3624119,2.731236]",
8612,"[3.154859,0.3840614,2.79037]",
8613,"[3.302694,0.5234376,2.63796]",
8614,"[3.302732,0.5549173,2.642178]",
8615,"[3.302779,0.5730118,2.647462]",
8616,"[3.302815,0.5999371,2.65139]",
8617,"[3.278982,0.6002312,2.68285]",
8618,"[3.254187,0.6002312,2.717239]",
8619,"[3.098669,0.5806857,2.816931]",
8620,"[3.056508,0.5806857,2.851576]",
8621,"[2.827036,0.6002312,2.996494]",
8622,"[2.712774,0.6002312,3.056933]",
8623,"[2.05,0.3575085,3.618784]",
8624,"[2.05,0.3653181,3.602707]",
8625,"[2.05,0.3760991,3.595764]",
8626,"[2.05,0.3947258,3.60316]",
8627,"[2.05,0.3915141,3.614888]",
8628,"[2.05,0.3961142,3.691701]",
8629,"[2.05,0.397756,3.690288]",
8630,"[2.05,0.4043808,3.715872]",
8631,"[2.05,0.4078849,3.762001]",
8632,"[2.075712,0.4248332,3.927851]",
8633,"[2.13859,0.4561696,3.996076]",
8634,"[2.625592,0.6694412,4.310188]",
8635,"[3.002513,0.7816799,4.66525]",
8636,"[3.119061,0.8179293,4.718433]",
8637,"[3.797524,1.133078,3.708487]",
8638,"[3.873646,1.136366,3.770393]",
8639,"[4.036165,1.1359,3.902563]",
8640,"[4.1057,1.13759,3.957683]",
8641,"[4.166271,1.134488,3.923491]",
8642,"[4.243266,1.1116,3.920734]",
8643,"[4.272483,1.098421,3.919691]",
8644,"[4.257921,1.084912,3.920225]",
8645,"[4.266926,1.08013,3.919904]",
8646,"[4.315655,1.063827,3.91816]",
8647,"[4.723001,1.018908,4.478674]",
8648,"[4.847188,1.033,4.478675]",
8649,"[4.903701,1.055961,4.478676]",
8650,"[4.948243,1.068238,4.478676]",
8651,"[4.86445,1.23728,3.933585]",
8652,"[4.864023,1.240677,3.930735]",
8653,"[4.87044,1.245928,3.929573]",
8654,"[4.851887,1.255287,3.938338]",
8655,"[4.811552,1.270313,3.951]",
8656,"[4.797192,1.275254,3.953101]",
8657,"[4.790812,1.277695,3.957473]",
8658,"[4.773274,1.284815,3.958515]",
8659,"[4.767492,1.287692,3.958681]",
8660,"[4.755941,1.293318,3.960856]",
8661,"[4.75087,1.29615,3.962205]",
8662,"[4.746585,1.297978,3.982146]",
8663,"[4.744987,1.300303,3.982151]",
8664,"[4.739746,1.309788,3.982171]",
8665,"[4.739824,1.315838,3.982183]",
8666,"[4.732644,1.326363,3.982205]",
8667,"[4.718101,1.354337,3.982264]",
8668,"[4.702527,1.370756,3.982298]",
8669,"[4.689929,1.388581,3.982336]",
8670,"[4.687317,1.394264,3.982347]",
8671,"[4.684974,1.40051,3.982361]",
8672,"[4.670254,1.404877,3.98237]",
8673,"[4.661155,1.407494,3.982375]",
8674,"[4.644916,1.404616,3.982369]",
8675,"[4.64046,1.404408,3.982369]",
8676,"[4.622254,1.403173,3.982366]",
8677,"[4.616404,1.401902,3.982364]",
8678,"[4.607821,1.397522,3.982354]",
8679,"[4.603981,1.393973,3.982347]",
8680,"[4.601039,1.390216,3.982339]",
8681,"[4.592662,1.51148,2.944588]",
8682,"[4.592045,1.509436,2.953951]",
8683,"[4.59121,1.506621,2.972298]",
8684,"[4.590867,1.505643,2.980992]",
8685,"[4.593187,1.504633,2.999055]",
8686,"[4.595867,1.504973,3.008051]",
8687,"[4.59967,1.503081,3.053177]",
8688,"[4.599681,1.494625,3.147633]",
8689,"[4.578252,1.405622,3.982371]",
8690,"[4.668504,1.523889,3.982619]",
8691,"[4.695107,1.555686,3.982686]",
8692,"[4.718223,1.583123,3.982743]",
8693,"[4.725554,1.590943,3.982759]",
8694,"[4.737683,1.60571,3.98279]",
8695,"[4.741374,1.610507,3.9828]",
8696,"[4.745216,1.616033,3.982812]",
8697,"[4.749949,1.62683,3.982835]",
8698,"[4.752494,1.633077,3.982848]",
8699,"[4.756122,1.646804,3.982877]",
8700,"[4.755773,1.647841,3.982879]",
8701,"[4.755154,1.651351,3.982886]",
8702,"[4.753448,1.654412,3.982893]",
8703,"[4.749641,1.666954,3.982919]",
8704,"[4.748229,1.670728,3.982927]",
8705,"[4.747673,1.671566,3.982928]",
8706,"[4.746551,1.674489,3.982934]",
8707,"[4.745942,1.673003,3.982931]",
8708,"[4.743594,1.659468,3.982903]",
8709,"[4.742113,1.650396,3.982884]",
8710,"[4.740071,1.637359,3.982857]",
8711,"[4.739172,1.630095,3.982841]",
8712,"[4.738415,1.62274,3.982826]",
8713,"[4.733107,1.583841,3.982745]",
8714,"[4.73065,1.562831,3.982701]",
8715,"[4.727019,1.534508,3.982641]",
8716,"[4.725178,1.52304,3.982617]",
8717,"[4.713088,1.493252,3.982555]",
8718,"[4.700934,1.477524,3.982522]",
8719,"[4.663326,1.502465,3.589302]",
8720,"[4.655241,1.491809,3.60387]",
8721,"[4.650541,1.484282,3.618746]",
8722,"[4.645057,1.474545,3.644524]",
8723,"[4.643506,1.471345,3.656223]",
8724,"[4.642218,1.467664,3.679277]",
8725,"[4.641643,1.466274,3.689795]",
8726,"[4.641228,1.469021,3.708107]",
8727,"[4.640791,1.471445,3.716494]",
8728,"[4.640381,1.473939,3.724626]",
8729,"[4.638949,1.480258,3.74037]",
8730,"[4.63816,1.483715,3.747944]",
8731,"[4.634554,1.487561,3.763161]",
8732,"[4.632821,1.488476,3.770102]",
8733,"[4.630127,1.48889,3.784821]",
8734,"[4.62921,1.488372,3.79218]",
8735,"[4.628903,1.486677,3.80706]",
8736,"[4.630177,1.486995,3.81422]",
